"cell_barcode","round3_source_object","round3_res1.2_cluster","round4_action","round4_destination","orig.ident","dataset","sample_id","Type","T_stage","N_stage","M_stage"
"CNP0000460_AGTGGGAGTGCAGTAG-1_1_1_1_1_1_1_1_1","/home/data/t070721/codex_workspace/Bladder Metabolism/subtype/round3/02_reclustering/Fibroblast/Fibroblast_round3_reclustered_preannotation.qs2","11","MOVE_FIBRO_TO_MURAL","Mural","CNP0000460_P01N","CNP0000460",NA,"Normal","Normal","Normal","Normal"
"CNP0000460_CAGCGACAGCGGCTTC-1_1_1_1_1_1_1_1_1","/home/data/t070721/codex_workspace/Bladder Metabolism/subtype/round3/02_reclustering/Fibroblast/Fibroblast_round3_reclustered_preannotation.qs2","11","MOVE_FIBRO_TO_MURAL","Mural","CNP0000460_P01N","CNP0000460",NA,"Normal","Normal","Normal","Normal"
"CNP0000460_GGGCATCAGCTACCTA-1_1_1_1_1_1_1_1_1","/home/data/t070721/codex_workspace/Bladder Metabolism/subtype/round3/02_reclustering/Fibroblast/Fibroblast_round3_reclustered_preannotation.qs2","11","MOVE_FIBRO_TO_MURAL","Mural","CNP0000460_P01N","CNP0000460",NA,"Normal","Normal","Normal","Normal"
"CNP0000460_GTCACAAAGTGATCGG-1_1_1_1_1_1_1_1_1","/home/data/t070721/codex_workspace/Bladder Metabolism/subtype/round3/02_reclustering/Fibroblast/Fibroblast_round3_reclustered_preannotation.qs2","11","MOVE_FIBRO_TO_MURAL","Mural","CNP0000460_P01N","CNP0000460",NA,"Normal","Normal","Normal","Normal"
"CNP0000460_GTTTCTATCCTACAGA-1_1_1_1_1_1_1_1_1","/home/data/t070721/codex_workspace/Bladder Metabolism/subtype/round3/02_reclustering/Fibroblast/Fibroblast_round3_reclustered_preannotation.qs2","11","MOVE_FIBRO_TO_MURAL","Mural","CNP0000460_P01N","CNP0000460",NA,"Normal","Normal","Normal","Normal"
"CNP0000460_TGGTTCCAGGCTACGA-1_1_1_1_1_1_1_1_1","/home/data/t070721/codex_workspace/Bladder Metabolism/subtype/round3/02_reclustering/Fibroblast/Fibroblast_round3_reclustered_preannotation.qs2","11","MOVE_FIBRO_TO_MURAL","Mural","CNP0000460_P01N","CNP0000460",NA,"Normal","Normal","Normal","Normal"
"CNP0000460_AGTCTTTCACCCAGTG-1_1_1_1_1_1_1_1","/home/data/t070721/codex_workspace/Bladder Metabolism/subtype/round3/02_reclustering/Fibroblast/Fibroblast_round3_reclustered_preannotation.qs2","11","MOVE_FIBRO_TO_MURAL","Mural","CNP0000460_P03N","CNP0000460",NA,"Normal","Normal","Normal","Normal"
"CNP0000460_CTCGAAAAGTTAGCGG-1_1_1_1_1_1_1_1","/home/data/t070721/codex_workspace/Bladder Metabolism/subtype/round3/02_reclustering/Fibroblast/Fibroblast_round3_reclustered_preannotation.qs2","11","MOVE_FIBRO_TO_MURAL","Mural","CNP0000460_P03N","CNP0000460",NA,"Normal","Normal","Normal","Normal"
"CNP0000460_CGATCGGAGGTGACCA-1_1_1_1_1_1","/home/data/t070721/codex_workspace/Bladder Metabolism/subtype/round3/02_reclustering/Fibroblast/Fibroblast_round3_reclustered_preannotation.qs2","11","MOVE_FIBRO_TO_MURAL","Mural","CNP0000460_P07N","CNP0000460",NA,"Normal","Normal","Normal","Normal"
"CNP0000460_ATTGGTGTCCGCATAA-1_2_1_1_1","/home/data/t070721/codex_workspace/Bladder Metabolism/subtype/round3/02_reclustering/Fibroblast/Fibroblast_round3_reclustered_preannotation.qs2","11","MOVE_FIBRO_TO_MURAL","Mural","CNP0000460_P02T","CNP0000460",NA,"MIBC","T2","N0","M0"
"CNP0000460_CAGCAGCAGTCAAGGC-1_2_1_1_1","/home/data/t070721/codex_workspace/Bladder Metabolism/subtype/round3/02_reclustering/Fibroblast/Fibroblast_round3_reclustered_preannotation.qs2","11","MOVE_FIBRO_TO_MURAL","Mural","CNP0000460_P02T","CNP0000460",NA,"MIBC","T2","N0","M0"
"CNP0000460_CTCACACTCAGCTGGC-1_2_1_1_1","/home/data/t070721/codex_workspace/Bladder Metabolism/subtype/round3/02_reclustering/Fibroblast/Fibroblast_round3_reclustered_preannotation.qs2","11","MOVE_FIBRO_TO_MURAL","Mural","CNP0000460_P02T","CNP0000460",NA,"MIBC","T2","N0","M0"
"CNP0000460_TACTCGCAGATCGATA-1_2_1_1_1","/home/data/t070721/codex_workspace/Bladder Metabolism/subtype/round3/02_reclustering/Fibroblast/Fibroblast_round3_reclustered_preannotation.qs2","11","MOVE_FIBRO_TO_MURAL","Mural","CNP0000460_P02T","CNP0000460",NA,"MIBC","T2","N0","M0"
"CNP0000460_TCACGAACAATCGGTT-1_2_1_1_1","/home/data/t070721/codex_workspace/Bladder Metabolism/subtype/round3/02_reclustering/Fibroblast/Fibroblast_round3_reclustered_preannotation.qs2","11","MOVE_FIBRO_TO_MURAL","Mural","CNP0000460_P02T","CNP0000460",NA,"MIBC","T2","N0","M0"
"CNP0000460_TGAGCCGGTGATGATA-1_2_1_1_1","/home/data/t070721/codex_workspace/Bladder Metabolism/subtype/round3/02_reclustering/Fibroblast/Fibroblast_round3_reclustered_preannotation.qs2","11","MOVE_FIBRO_TO_MURAL","Mural","CNP0000460_P02T","CNP0000460",NA,"MIBC","T2","N0","M0"
"CNP0000460_TGTTCCGCAGTCCTTC-1_2_1_1_1","/home/data/t070721/codex_workspace/Bladder Metabolism/subtype/round3/02_reclustering/Fibroblast/Fibroblast_round3_reclustered_preannotation.qs2","11","MOVE_FIBRO_TO_MURAL","Mural","CNP0000460_P02T","CNP0000460",NA,"MIBC","T2","N0","M0"
"CNP0000460_TTGTAGGAGACTTTCG-1_2_1_1_1","/home/data/t070721/codex_workspace/Bladder Metabolism/subtype/round3/02_reclustering/Fibroblast/Fibroblast_round3_reclustered_preannotation.qs2","11","MOVE_FIBRO_TO_MURAL","Mural","CNP0000460_P02T","CNP0000460",NA,"MIBC","T2","N0","M0"
"CNP0000460_AACGTTGGTGAGGGTT-1_2_1_1","/home/data/t070721/codex_workspace/Bladder Metabolism/subtype/round3/02_reclustering/Fibroblast/Fibroblast_round3_reclustered_preannotation.qs2","11","MOVE_FIBRO_TO_MURAL","Mural","CNP0000460_P04T","CNP0000460",NA,"MIBC","T3","N3","M0"
"CNP0000460_ATTTCTGTCCCAAGAT-1_2_1_1","/home/data/t070721/codex_workspace/Bladder Metabolism/subtype/round3/02_reclustering/Fibroblast/Fibroblast_round3_reclustered_preannotation.qs2","11","MOVE_FIBRO_TO_MURAL","Mural","CNP0000460_P04T","CNP0000460",NA,"MIBC","T3","N3","M0"
"CNP0000460_GGGAGATTCCGCTGTT-1_2_1_1","/home/data/t070721/codex_workspace/Bladder Metabolism/subtype/round3/02_reclustering/Fibroblast/Fibroblast_round3_reclustered_preannotation.qs2","11","MOVE_FIBRO_TO_MURAL","Mural","CNP0000460_P04T","CNP0000460",NA,"MIBC","T3","N3","M0"
"CNP0000460_GTTTCTAGTCTTTCAT-1_2_1_1","/home/data/t070721/codex_workspace/Bladder Metabolism/subtype/round3/02_reclustering/Fibroblast/Fibroblast_round3_reclustered_preannotation.qs2","11","MOVE_FIBRO_TO_MURAL","Mural","CNP0000460_P04T","CNP0000460",NA,"MIBC","T3","N3","M0"
"CNP0000460_AGTCTTTTCGGATGGA-1_1_1","/home/data/t070721/codex_workspace/Bladder Metabolism/subtype/round3/02_reclustering/Fibroblast/Fibroblast_round3_reclustered_preannotation.qs2","11","MOVE_FIBRO_TO_MURAL","Mural","CNP0000460_P05T","CNP0000460",NA,"MIBC","T2","N0","M0"
"CNP0000460_CAAGATCGTTACGGAG-1_1_1","/home/data/t070721/codex_workspace/Bladder Metabolism/subtype/round3/02_reclustering/Fibroblast/Fibroblast_round3_reclustered_preannotation.qs2","11","MOVE_FIBRO_TO_MURAL","Mural","CNP0000460_P05T","CNP0000460",NA,"MIBC","T2","N0","M0"
"CNP0000460_CAAGGCCAGTGACATA-1_1_1","/home/data/t070721/codex_workspace/Bladder Metabolism/subtype/round3/02_reclustering/Fibroblast/Fibroblast_round3_reclustered_preannotation.qs2","11","MOVE_FIBRO_TO_MURAL","Mural","CNP0000460_P05T","CNP0000460",NA,"MIBC","T2","N0","M0"
"CNP0000460_CAGCCGACACAAGTAA-1_1_1","/home/data/t070721/codex_workspace/Bladder Metabolism/subtype/round3/02_reclustering/Fibroblast/Fibroblast_round3_reclustered_preannotation.qs2","11","MOVE_FIBRO_TO_MURAL","Mural","CNP0000460_P05T","CNP0000460",NA,"MIBC","T2","N0","M0"
"CNP0000460_CCATTCGAGATCACGG-1_1_1","/home/data/t070721/codex_workspace/Bladder Metabolism/subtype/round3/02_reclustering/Fibroblast/Fibroblast_round3_reclustered_preannotation.qs2","11","MOVE_FIBRO_TO_MURAL","Mural","CNP0000460_P05T","CNP0000460",NA,"MIBC","T2","N0","M0"
"CNP0000460_CCGTTCACAGTGAGTG-1_1_1","/home/data/t070721/codex_workspace/Bladder Metabolism/subtype/round3/02_reclustering/Fibroblast/Fibroblast_round3_reclustered_preannotation.qs2","11","MOVE_FIBRO_TO_MURAL","Mural","CNP0000460_P05T","CNP0000460",NA,"MIBC","T2","N0","M0"
"CNP0000460_CCTTTCTAGAGTAAGG-1_1_1","/home/data/t070721/codex_workspace/Bladder Metabolism/subtype/round3/02_reclustering/Fibroblast/Fibroblast_round3_reclustered_preannotation.qs2","11","MOVE_FIBRO_TO_MURAL","Mural","CNP0000460_P05T","CNP0000460",NA,"MIBC","T2","N0","M0"
"CNP0000460_CTGCGGATCTTCAACT-1_1_1","/home/data/t070721/codex_workspace/Bladder Metabolism/subtype/round3/02_reclustering/Fibroblast/Fibroblast_round3_reclustered_preannotation.qs2","11","MOVE_FIBRO_TO_MURAL","Mural","CNP0000460_P05T","CNP0000460",NA,"MIBC","T2","N0","M0"
"CNP0000460_GACTAACAGCTGCCCA-1_1_1","/home/data/t070721/codex_workspace/Bladder Metabolism/subtype/round3/02_reclustering/Fibroblast/Fibroblast_round3_reclustered_preannotation.qs2","11","MOVE_FIBRO_TO_MURAL","Mural","CNP0000460_P05T","CNP0000460",NA,"MIBC","T2","N0","M0"
"CNP0000460_GTCTTCGGTTTGTGTG-1_1_1","/home/data/t070721/codex_workspace/Bladder Metabolism/subtype/round3/02_reclustering/Fibroblast/Fibroblast_round3_reclustered_preannotation.qs2","11","MOVE_FIBRO_TO_MURAL","Mural","CNP0000460_P05T","CNP0000460",NA,"MIBC","T2","N0","M0"
"CNP0000460_GTTCTCGCAGTACACT-1_1_1","/home/data/t070721/codex_workspace/Bladder Metabolism/subtype/round3/02_reclustering/Fibroblast/Fibroblast_round3_reclustered_preannotation.qs2","11","MOVE_FIBRO_TO_MURAL","Mural","CNP0000460_P05T","CNP0000460",NA,"MIBC","T2","N0","M0"
"CNP0000460_TTGCGTCGTAGCGTCC-1_1_1","/home/data/t070721/codex_workspace/Bladder Metabolism/subtype/round3/02_reclustering/Fibroblast/Fibroblast_round3_reclustered_preannotation.qs2","11","MOVE_FIBRO_TO_MURAL","Mural","CNP0000460_P05T","CNP0000460",NA,"MIBC","T2","N0","M0"
"CNP0000460_TTGGAACTCGCATGGC-1_1_1","/home/data/t070721/codex_workspace/Bladder Metabolism/subtype/round3/02_reclustering/Fibroblast/Fibroblast_round3_reclustered_preannotation.qs2","11","MOVE_FIBRO_TO_MURAL","Mural","CNP0000460_P05T","CNP0000460",NA,"MIBC","T2","N0","M0"
"CNP0000460_ACACCCTGTCTCATCC-1_2_1","/home/data/t070721/codex_workspace/Bladder Metabolism/subtype/round3/02_reclustering/Fibroblast/Fibroblast_round3_reclustered_preannotation.qs2","11","MOVE_FIBRO_TO_MURAL","Mural","CNP0000460_P06T","CNP0000460",NA,"NMIBC","T1","N0","M0"
"CNP0000460_CAGTCCTAGACGCTTT-1_2_1","/home/data/t070721/codex_workspace/Bladder Metabolism/subtype/round3/02_reclustering/Fibroblast/Fibroblast_round3_reclustered_preannotation.qs2","11","MOVE_FIBRO_TO_MURAL","Mural","CNP0000460_P06T","CNP0000460",NA,"NMIBC","T1","N0","M0"
"CNP0000460_CGGACGTAGGTAGCTG-1_2_1","/home/data/t070721/codex_workspace/Bladder Metabolism/subtype/round3/02_reclustering/Fibroblast/Fibroblast_round3_reclustered_preannotation.qs2","11","MOVE_FIBRO_TO_MURAL","Mural","CNP0000460_P06T","CNP0000460",NA,"NMIBC","T1","N0","M0"
"CNP0000460_GCAGCCACAGATAATG-1_2_1","/home/data/t070721/codex_workspace/Bladder Metabolism/subtype/round3/02_reclustering/Fibroblast/Fibroblast_round3_reclustered_preannotation.qs2","11","MOVE_FIBRO_TO_MURAL","Mural","CNP0000460_P06T","CNP0000460",NA,"NMIBC","T1","N0","M0"
"CNP0000460_GTTCGGGGTACTTAGC-1_2_1","/home/data/t070721/codex_workspace/Bladder Metabolism/subtype/round3/02_reclustering/Fibroblast/Fibroblast_round3_reclustered_preannotation.qs2","11","MOVE_FIBRO_TO_MURAL","Mural","CNP0000460_P06T","CNP0000460",NA,"NMIBC","T1","N0","M0"
"CNP0000460_TGTTCCGAGCAGCCTC-1_2_1","/home/data/t070721/codex_workspace/Bladder Metabolism/subtype/round3/02_reclustering/Fibroblast/Fibroblast_round3_reclustered_preannotation.qs2","11","MOVE_FIBRO_TO_MURAL","Mural","CNP0000460_P06T","CNP0000460",NA,"NMIBC","T1","N0","M0"
"CNP0000460_TTCCCAGAGCAGATCG-1_2_1","/home/data/t070721/codex_workspace/Bladder Metabolism/subtype/round3/02_reclustering/Fibroblast/Fibroblast_round3_reclustered_preannotation.qs2","11","MOVE_FIBRO_TO_MURAL","Mural","CNP0000460_P06T","CNP0000460",NA,"NMIBC","T1","N0","M0"
"CNP0000460_AACTTTCCACCTCGGA-1_1","/home/data/t070721/codex_workspace/Bladder Metabolism/subtype/round3/02_reclustering/Fibroblast/Fibroblast_round3_reclustered_preannotation.qs2","11","MOVE_FIBRO_TO_MURAL","Mural","CNP0000460_P07T","CNP0000460",NA,"NMIBC","T1","N0","M0"
"CNP0000460_ACCCACTTCGTCCAGG-1_1","/home/data/t070721/codex_workspace/Bladder Metabolism/subtype/round3/02_reclustering/Fibroblast/Fibroblast_round3_reclustered_preannotation.qs2","11","MOVE_FIBRO_TO_MURAL","Mural","CNP0000460_P07T","CNP0000460",NA,"NMIBC","T1","N0","M0"
"CNP0000460_ACGGGTCGTACGCTGC-1_1","/home/data/t070721/codex_workspace/Bladder Metabolism/subtype/round3/02_reclustering/Fibroblast/Fibroblast_round3_reclustered_preannotation.qs2","11","MOVE_FIBRO_TO_MURAL","Mural","CNP0000460_P07T","CNP0000460",NA,"NMIBC","T1","N0","M0"
"CNP0000460_AGCGTATTCCCTCTTT-1_1","/home/data/t070721/codex_workspace/Bladder Metabolism/subtype/round3/02_reclustering/Fibroblast/Fibroblast_round3_reclustered_preannotation.qs2","11","MOVE_FIBRO_TO_MURAL","Mural","CNP0000460_P07T","CNP0000460",NA,"NMIBC","T1","N0","M0"
"CNP0000460_AGCTTGATCTGCAGTA-1_1","/home/data/t070721/codex_workspace/Bladder Metabolism/subtype/round3/02_reclustering/Fibroblast/Fibroblast_round3_reclustered_preannotation.qs2","11","MOVE_FIBRO_TO_MURAL","Mural","CNP0000460_P07T","CNP0000460",NA,"NMIBC","T1","N0","M0"
"CNP0000460_ATTACTCTCGCAAACT-1_1","/home/data/t070721/codex_workspace/Bladder Metabolism/subtype/round3/02_reclustering/Fibroblast/Fibroblast_round3_reclustered_preannotation.qs2","11","MOVE_FIBRO_TO_MURAL","Mural","CNP0000460_P07T","CNP0000460",NA,"NMIBC","T1","N0","M0"
"CNP0000460_CTCGAGGAGACCGGAT-1_1","/home/data/t070721/codex_workspace/Bladder Metabolism/subtype/round3/02_reclustering/Fibroblast/Fibroblast_round3_reclustered_preannotation.qs2","11","MOVE_FIBRO_TO_MURAL","Mural","CNP0000460_P07T","CNP0000460",NA,"NMIBC","T1","N0","M0"
"CNP0000460_CTGCGGATCCCTAACC-1_1","/home/data/t070721/codex_workspace/Bladder Metabolism/subtype/round3/02_reclustering/Fibroblast/Fibroblast_round3_reclustered_preannotation.qs2","11","MOVE_FIBRO_TO_MURAL","Mural","CNP0000460_P07T","CNP0000460",NA,"NMIBC","T1","N0","M0"
"CNP0000460_GCAATCATCCAAACTG-1_1","/home/data/t070721/codex_workspace/Bladder Metabolism/subtype/round3/02_reclustering/Fibroblast/Fibroblast_round3_reclustered_preannotation.qs2","11","MOVE_FIBRO_TO_MURAL","Mural","CNP0000460_P07T","CNP0000460",NA,"NMIBC","T1","N0","M0"
"CNP0000460_GCTCCTAAGATCGGGT-1_1","/home/data/t070721/codex_workspace/Bladder Metabolism/subtype/round3/02_reclustering/Fibroblast/Fibroblast_round3_reclustered_preannotation.qs2","11","MOVE_FIBRO_TO_MURAL","Mural","CNP0000460_P07T","CNP0000460",NA,"NMIBC","T1","N0","M0"
"CNP0000460_GCTTCCACATCACGAT-1_1","/home/data/t070721/codex_workspace/Bladder Metabolism/subtype/round3/02_reclustering/Fibroblast/Fibroblast_round3_reclustered_preannotation.qs2","11","MOVE_FIBRO_TO_MURAL","Mural","CNP0000460_P07T","CNP0000460",NA,"NMIBC","T1","N0","M0"
"GSE326225_AGGTCCGGTTCCGTCT-1_1_1_1","/home/data/t070721/codex_workspace/Bladder Metabolism/subtype/round3/02_reclustering/Fibroblast/Fibroblast_round3_reclustered_preannotation.qs2","11","MOVE_FIBRO_TO_MURAL","Mural","GSE326225_BC1","GSE326225",NA,"MIBC",NA,NA,NA
"GSE326225_ATGGGAGGTTAGGGTG-1_1_1_1","/home/data/t070721/codex_workspace/Bladder Metabolism/subtype/round3/02_reclustering/Fibroblast/Fibroblast_round3_reclustered_preannotation.qs2","11","MOVE_FIBRO_TO_MURAL","Mural","GSE326225_BC1","GSE326225",NA,"MIBC",NA,NA,NA
"GSE326225_CACAGGCCAAGCCGTC-1_1_1_1","/home/data/t070721/codex_workspace/Bladder Metabolism/subtype/round3/02_reclustering/Fibroblast/Fibroblast_round3_reclustered_preannotation.qs2","11","MOVE_FIBRO_TO_MURAL","Mural","GSE326225_BC1","GSE326225",NA,"MIBC",NA,NA,NA
"GSE326225_CCGTACTTCAGTCCCT-1_1_1_1","/home/data/t070721/codex_workspace/Bladder Metabolism/subtype/round3/02_reclustering/Fibroblast/Fibroblast_round3_reclustered_preannotation.qs2","11","MOVE_FIBRO_TO_MURAL","Mural","GSE326225_BC1","GSE326225",NA,"MIBC",NA,NA,NA
"GSE326225_GAACATCGTCTCCATC-1_1_1_1","/home/data/t070721/codex_workspace/Bladder Metabolism/subtype/round3/02_reclustering/Fibroblast/Fibroblast_round3_reclustered_preannotation.qs2","11","MOVE_FIBRO_TO_MURAL","Mural","GSE326225_BC1","GSE326225",NA,"MIBC",NA,NA,NA
"GSE326225_GCCAAATGTACAGTGG-1_1_1_1","/home/data/t070721/codex_workspace/Bladder Metabolism/subtype/round3/02_reclustering/Fibroblast/Fibroblast_round3_reclustered_preannotation.qs2","11","MOVE_FIBRO_TO_MURAL","Mural","GSE326225_BC1","GSE326225",NA,"MIBC",NA,NA,NA
"GSE326225_GGAAAGCTCCTTGGTC-1_1_1_1","/home/data/t070721/codex_workspace/Bladder Metabolism/subtype/round3/02_reclustering/Fibroblast/Fibroblast_round3_reclustered_preannotation.qs2","11","MOVE_FIBRO_TO_MURAL","Mural","GSE326225_BC1","GSE326225",NA,"MIBC",NA,NA,NA
"GSE326225_GTGCGGTCAAGACGTG-1_1_1_1","/home/data/t070721/codex_workspace/Bladder Metabolism/subtype/round3/02_reclustering/Fibroblast/Fibroblast_round3_reclustered_preannotation.qs2","11","MOVE_FIBRO_TO_MURAL","Mural","GSE326225_BC1","GSE326225",NA,"MIBC",NA,NA,NA
"GSE326225_TGCTGCTGTTCGCGAC-1_1_1_1","/home/data/t070721/codex_workspace/Bladder Metabolism/subtype/round3/02_reclustering/Fibroblast/Fibroblast_round3_reclustered_preannotation.qs2","11","MOVE_FIBRO_TO_MURAL","Mural","GSE326225_BC1","GSE326225",NA,"MIBC",NA,NA,NA
"GSE326225_TGTGGTAGTCACAAGG-1_1_1_1","/home/data/t070721/codex_workspace/Bladder Metabolism/subtype/round3/02_reclustering/Fibroblast/Fibroblast_round3_reclustered_preannotation.qs2","11","MOVE_FIBRO_TO_MURAL","Mural","GSE326225_BC1","GSE326225",NA,"MIBC",NA,NA,NA
"GSE326225_TTAGGACCAAATACAG-1_1_1_1","/home/data/t070721/codex_workspace/Bladder Metabolism/subtype/round3/02_reclustering/Fibroblast/Fibroblast_round3_reclustered_preannotation.qs2","11","MOVE_FIBRO_TO_MURAL","Mural","GSE326225_BC1","GSE326225",NA,"MIBC",NA,NA,NA
"GSE326225_CCTCTGATCGTGACAT-1_2_1_1","/home/data/t070721/codex_workspace/Bladder Metabolism/subtype/round3/02_reclustering/Fibroblast/Fibroblast_round3_reclustered_preannotation.qs2","11","MOVE_FIBRO_TO_MURAL","Mural","GSE326225_BC2","GSE326225",NA,"MIBC",NA,NA,NA
"GSE326225_GCTGCTTTCTGAGGGA-1_2_1_1","/home/data/t070721/codex_workspace/Bladder Metabolism/subtype/round3/02_reclustering/Fibroblast/Fibroblast_round3_reclustered_preannotation.qs2","11","MOVE_FIBRO_TO_MURAL","Mural","GSE326225_BC2","GSE326225",NA,"MIBC",NA,NA,NA
"GSE326225_GGTATTGCAGACAAAT-1_2_1_1","/home/data/t070721/codex_workspace/Bladder Metabolism/subtype/round3/02_reclustering/Fibroblast/Fibroblast_round3_reclustered_preannotation.qs2","11","MOVE_FIBRO_TO_MURAL","Mural","GSE326225_BC2","GSE326225",NA,"MIBC",NA,NA,NA
"GSE326225_AAACGGGAGTGTGAAT-1_1_1","/home/data/t070721/codex_workspace/Bladder Metabolism/subtype/round3/02_reclustering/Fibroblast/Fibroblast_round3_reclustered_preannotation.qs2","11","MOVE_FIBRO_TO_MURAL","Mural","GSE326225_BC3","GSE326225",NA,"MIBC",NA,NA,NA
"GSE326225_ACACCAATCTCGAGTA-1_1_1","/home/data/t070721/codex_workspace/Bladder Metabolism/subtype/round3/02_reclustering/Fibroblast/Fibroblast_round3_reclustered_preannotation.qs2","11","MOVE_FIBRO_TO_MURAL","Mural","GSE326225_BC3","GSE326225",NA,"MIBC",NA,NA,NA
"GSE326225_AGAGTGGAGTCCATAC-1_1_1","/home/data/t070721/codex_workspace/Bladder Metabolism/subtype/round3/02_reclustering/Fibroblast/Fibroblast_round3_reclustered_preannotation.qs2","11","MOVE_FIBRO_TO_MURAL","Mural","GSE326225_BC3","GSE326225",NA,"MIBC",NA,NA,NA
"GSE326225_AGCGGTCTCATGCAAC-1_1_1","/home/data/t070721/codex_workspace/Bladder Metabolism/subtype/round3/02_reclustering/Fibroblast/Fibroblast_round3_reclustered_preannotation.qs2","11","MOVE_FIBRO_TO_MURAL","Mural","GSE326225_BC3","GSE326225",NA,"MIBC",NA,NA,NA
"GSE326225_CAACCAATCCTTTCTC-1_1_1","/home/data/t070721/codex_workspace/Bladder Metabolism/subtype/round3/02_reclustering/Fibroblast/Fibroblast_round3_reclustered_preannotation.qs2","11","MOVE_FIBRO_TO_MURAL","Mural","GSE326225_BC3","GSE326225",NA,"MIBC",NA,NA,NA
"GSE326225_CATCAGATCTGTCTCG-1_1_1","/home/data/t070721/codex_workspace/Bladder Metabolism/subtype/round3/02_reclustering/Fibroblast/Fibroblast_round3_reclustered_preannotation.qs2","11","MOVE_FIBRO_TO_MURAL","Mural","GSE326225_BC3","GSE326225",NA,"MIBC",NA,NA,NA
"GSE326225_CATCCACCATTTCAGG-1_1_1","/home/data/t070721/codex_workspace/Bladder Metabolism/subtype/round3/02_reclustering/Fibroblast/Fibroblast_round3_reclustered_preannotation.qs2","11","MOVE_FIBRO_TO_MURAL","Mural","GSE326225_BC3","GSE326225",NA,"MIBC",NA,NA,NA
"GSE326225_CATCGGGAGGGATGGG-1_1_1","/home/data/t070721/codex_workspace/Bladder Metabolism/subtype/round3/02_reclustering/Fibroblast/Fibroblast_round3_reclustered_preannotation.qs2","11","MOVE_FIBRO_TO_MURAL","Mural","GSE326225_BC3","GSE326225",NA,"MIBC",NA,NA,NA
"GSE326225_CCATGTCTCATTCACT-1_1_1","/home/data/t070721/codex_workspace/Bladder Metabolism/subtype/round3/02_reclustering/Fibroblast/Fibroblast_round3_reclustered_preannotation.qs2","11","MOVE_FIBRO_TO_MURAL","Mural","GSE326225_BC3","GSE326225",NA,"MIBC",NA,NA,NA
"GSE326225_CTACATTAGGTGTGGT-1_1_1","/home/data/t070721/codex_workspace/Bladder Metabolism/subtype/round3/02_reclustering/Fibroblast/Fibroblast_round3_reclustered_preannotation.qs2","11","MOVE_FIBRO_TO_MURAL","Mural","GSE326225_BC3","GSE326225",NA,"MIBC",NA,NA,NA
"GSE326225_CTTAGGACACTTACGA-1_1_1","/home/data/t070721/codex_workspace/Bladder Metabolism/subtype/round3/02_reclustering/Fibroblast/Fibroblast_round3_reclustered_preannotation.qs2","11","MOVE_FIBRO_TO_MURAL","Mural","GSE326225_BC3","GSE326225",NA,"MIBC",NA,NA,NA
"GSE326225_GAAGCAGTCATCTGCC-1_1_1","/home/data/t070721/codex_workspace/Bladder Metabolism/subtype/round3/02_reclustering/Fibroblast/Fibroblast_round3_reclustered_preannotation.qs2","11","MOVE_FIBRO_TO_MURAL","Mural","GSE326225_BC3","GSE326225",NA,"MIBC",NA,NA,NA
"GSE326225_GACTGCGAGGTGCTTT-1_1_1","/home/data/t070721/codex_workspace/Bladder Metabolism/subtype/round3/02_reclustering/Fibroblast/Fibroblast_round3_reclustered_preannotation.qs2","11","MOVE_FIBRO_TO_MURAL","Mural","GSE326225_BC3","GSE326225",NA,"MIBC",NA,NA,NA
"GSE326225_GATCAGTTCTGTGCAA-1_1_1","/home/data/t070721/codex_workspace/Bladder Metabolism/subtype/round3/02_reclustering/Fibroblast/Fibroblast_round3_reclustered_preannotation.qs2","11","MOVE_FIBRO_TO_MURAL","Mural","GSE326225_BC3","GSE326225",NA,"MIBC",NA,NA,NA
"GSE326225_TACTTGTCATGTAGTC-1_1_1","/home/data/t070721/codex_workspace/Bladder Metabolism/subtype/round3/02_reclustering/Fibroblast/Fibroblast_round3_reclustered_preannotation.qs2","11","MOVE_FIBRO_TO_MURAL","Mural","GSE326225_BC3","GSE326225",NA,"MIBC",NA,NA,NA
"GSE326225_TATTACCAGTGACATA-1_1_1","/home/data/t070721/codex_workspace/Bladder Metabolism/subtype/round3/02_reclustering/Fibroblast/Fibroblast_round3_reclustered_preannotation.qs2","11","MOVE_FIBRO_TO_MURAL","Mural","GSE326225_BC3","GSE326225",NA,"MIBC",NA,NA,NA
"GSE326225_TCAACGAAGTTAAGTG-1_1_1","/home/data/t070721/codex_workspace/Bladder Metabolism/subtype/round3/02_reclustering/Fibroblast/Fibroblast_round3_reclustered_preannotation.qs2","11","MOVE_FIBRO_TO_MURAL","Mural","GSE326225_BC3","GSE326225",NA,"MIBC",NA,NA,NA
"GSE326225_TCAGGTAAGAAACGCC-1_1_1","/home/data/t070721/codex_workspace/Bladder Metabolism/subtype/round3/02_reclustering/Fibroblast/Fibroblast_round3_reclustered_preannotation.qs2","11","MOVE_FIBRO_TO_MURAL","Mural","GSE326225_BC3","GSE326225",NA,"MIBC",NA,NA,NA
"GSE326225_TGGCGCAAGGCAGGTT-1_1_1","/home/data/t070721/codex_workspace/Bladder Metabolism/subtype/round3/02_reclustering/Fibroblast/Fibroblast_round3_reclustered_preannotation.qs2","11","MOVE_FIBRO_TO_MURAL","Mural","GSE326225_BC3","GSE326225",NA,"MIBC",NA,NA,NA
"GSE326225_TTGAACGTCAAGGCTT-1_1_1","/home/data/t070721/codex_workspace/Bladder Metabolism/subtype/round3/02_reclustering/Fibroblast/Fibroblast_round3_reclustered_preannotation.qs2","11","MOVE_FIBRO_TO_MURAL","Mural","GSE326225_BC3","GSE326225",NA,"MIBC",NA,NA,NA
"GSE326225_CAACTAGCAGCTGCAC-1_2_1","/home/data/t070721/codex_workspace/Bladder Metabolism/subtype/round3/02_reclustering/Fibroblast/Fibroblast_round3_reclustered_preannotation.qs2","11","MOVE_FIBRO_TO_MURAL","Mural","GSE326225_BC4","GSE326225",NA,"MIBC",NA,NA,NA
"GSE326225_TCGCGTTGTCTAGGTT-1_1","/home/data/t070721/codex_workspace/Bladder Metabolism/subtype/round3/02_reclustering/Fibroblast/Fibroblast_round3_reclustered_preannotation.qs2","11","MOVE_FIBRO_TO_MURAL","Mural","GSE326225_BC5","GSE326225",NA,"MIBC",NA,NA,NA
"GSE326225_CAGAGAGCACCATGTA-1_1","/home/data/t070721/codex_workspace/Bladder Metabolism/subtype/round3/02_reclustering/Fibroblast/Fibroblast_round3_reclustered_preannotation.qs2","11","MOVE_FIBRO_TO_MURAL","Mural","GSE326225_BC6","GSE326225",NA,"MIBC",NA,NA,NA
"GSE326225_GGTGAAGGTGTGTGCC-1_1","/home/data/t070721/codex_workspace/Bladder Metabolism/subtype/round3/02_reclustering/Fibroblast/Fibroblast_round3_reclustered_preannotation.qs2","11","MOVE_FIBRO_TO_MURAL","Mural","GSE326225_BC6","GSE326225",NA,"MIBC",NA,NA,NA
"GSE326225_GTGCATAGTAGTACCT-1_1","/home/data/t070721/codex_workspace/Bladder Metabolism/subtype/round3/02_reclustering/Fibroblast/Fibroblast_round3_reclustered_preannotation.qs2","11","MOVE_FIBRO_TO_MURAL","Mural","GSE326225_BC6","GSE326225",NA,"MIBC",NA,NA,NA
"GSE326225_TGCCAAAAGCAACGGT-1_1","/home/data/t070721/codex_workspace/Bladder Metabolism/subtype/round3/02_reclustering/Fibroblast/Fibroblast_round3_reclustered_preannotation.qs2","11","MOVE_FIBRO_TO_MURAL","Mural","GSE326225_BC6","GSE326225",NA,"MIBC",NA,NA,NA
"GSE326225_AAAGCAAAGACTACAA-1_2","/home/data/t070721/codex_workspace/Bladder Metabolism/subtype/round3/02_reclustering/Fibroblast/Fibroblast_round3_reclustered_preannotation.qs2","11","MOVE_FIBRO_TO_MURAL","Mural","GSE326225_BC7","GSE326225",NA,"MIBC",NA,NA,NA
"GSE326225_AAAGTAGGTAAACGCG-1_2","/home/data/t070721/codex_workspace/Bladder Metabolism/subtype/round3/02_reclustering/Fibroblast/Fibroblast_round3_reclustered_preannotation.qs2","11","MOVE_FIBRO_TO_MURAL","Mural","GSE326225_BC7","GSE326225",NA,"MIBC",NA,NA,NA
"GSE326225_AAATGCCTCCTGTAGA-1_2","/home/data/t070721/codex_workspace/Bladder Metabolism/subtype/round3/02_reclustering/Fibroblast/Fibroblast_round3_reclustered_preannotation.qs2","11","MOVE_FIBRO_TO_MURAL","Mural","GSE326225_BC7","GSE326225",NA,"MIBC",NA,NA,NA
"GSE326225_AACACGTAGAGTCGGT-1_2","/home/data/t070721/codex_workspace/Bladder Metabolism/subtype/round3/02_reclustering/Fibroblast/Fibroblast_round3_reclustered_preannotation.qs2","11","MOVE_FIBRO_TO_MURAL","Mural","GSE326225_BC7","GSE326225",NA,"MIBC",NA,NA,NA
"GSE326225_ACAGCCGCATTGCGGC-1_2","/home/data/t070721/codex_workspace/Bladder Metabolism/subtype/round3/02_reclustering/Fibroblast/Fibroblast_round3_reclustered_preannotation.qs2","11","MOVE_FIBRO_TO_MURAL","Mural","GSE326225_BC7","GSE326225",NA,"MIBC",NA,NA,NA
"GSE326225_ACATGGTCATGGATGG-1_2","/home/data/t070721/codex_workspace/Bladder Metabolism/subtype/round3/02_reclustering/Fibroblast/Fibroblast_round3_reclustered_preannotation.qs2","11","MOVE_FIBRO_TO_MURAL","Mural","GSE326225_BC7","GSE326225",NA,"MIBC",NA,NA,NA
"GSE326225_ACGAGGACATCACCCT-1_2","/home/data/t070721/codex_workspace/Bladder Metabolism/subtype/round3/02_reclustering/Fibroblast/Fibroblast_round3_reclustered_preannotation.qs2","11","MOVE_FIBRO_TO_MURAL","Mural","GSE326225_BC7","GSE326225",NA,"MIBC",NA,NA,NA
"GSE326225_ACGGCCACATTTGCTT-1_2","/home/data/t070721/codex_workspace/Bladder Metabolism/subtype/round3/02_reclustering/Fibroblast/Fibroblast_round3_reclustered_preannotation.qs2","11","MOVE_FIBRO_TO_MURAL","Mural","GSE326225_BC7","GSE326225",NA,"MIBC",NA,NA,NA
"GSE326225_ACGTCAATCCACTCCA-1_2","/home/data/t070721/codex_workspace/Bladder Metabolism/subtype/round3/02_reclustering/Fibroblast/Fibroblast_round3_reclustered_preannotation.qs2","11","MOVE_FIBRO_TO_MURAL","Mural","GSE326225_BC7","GSE326225",NA,"MIBC",NA,NA,NA
"GSE326225_AGCAGCCGTCAGTGGA-1_2","/home/data/t070721/codex_workspace/Bladder Metabolism/subtype/round3/02_reclustering/Fibroblast/Fibroblast_round3_reclustered_preannotation.qs2","11","MOVE_FIBRO_TO_MURAL","Mural","GSE326225_BC7","GSE326225",NA,"MIBC",NA,NA,NA
"GSE326225_AGCGTCGGTCGAGTTT-1_2","/home/data/t070721/codex_workspace/Bladder Metabolism/subtype/round3/02_reclustering/Fibroblast/Fibroblast_round3_reclustered_preannotation.qs2","11","MOVE_FIBRO_TO_MURAL","Mural","GSE326225_BC7","GSE326225",NA,"MIBC",NA,NA,NA
"GSE326225_ATGTGTGTCGTCCGTT-1_2","/home/data/t070721/codex_workspace/Bladder Metabolism/subtype/round3/02_reclustering/Fibroblast/Fibroblast_round3_reclustered_preannotation.qs2","11","MOVE_FIBRO_TO_MURAL","Mural","GSE326225_BC7","GSE326225",NA,"MIBC",NA,NA,NA
"GSE326225_CACACCTCACGTAAGG-1_2","/home/data/t070721/codex_workspace/Bladder Metabolism/subtype/round3/02_reclustering/Fibroblast/Fibroblast_round3_reclustered_preannotation.qs2","11","MOVE_FIBRO_TO_MURAL","Mural","GSE326225_BC7","GSE326225",NA,"MIBC",NA,NA,NA
"GSE326225_CACACCTTCGACGGAA-1_2","/home/data/t070721/codex_workspace/Bladder Metabolism/subtype/round3/02_reclustering/Fibroblast/Fibroblast_round3_reclustered_preannotation.qs2","11","MOVE_FIBRO_TO_MURAL","Mural","GSE326225_BC7","GSE326225",NA,"MIBC",NA,NA,NA
"GSE326225_CAGCATAGTCTCTCTG-1_2","/home/data/t070721/codex_workspace/Bladder Metabolism/subtype/round3/02_reclustering/Fibroblast/Fibroblast_round3_reclustered_preannotation.qs2","11","MOVE_FIBRO_TO_MURAL","Mural","GSE326225_BC7","GSE326225",NA,"MIBC",NA,NA,NA
"GSE326225_CAGTCCTGTGCTGTAT-1_2","/home/data/t070721/codex_workspace/Bladder Metabolism/subtype/round3/02_reclustering/Fibroblast/Fibroblast_round3_reclustered_preannotation.qs2","11","MOVE_FIBRO_TO_MURAL","Mural","GSE326225_BC7","GSE326225",NA,"MIBC",NA,NA,NA
"GSE326225_CATGCCTCATACCATG-1_2","/home/data/t070721/codex_workspace/Bladder Metabolism/subtype/round3/02_reclustering/Fibroblast/Fibroblast_round3_reclustered_preannotation.qs2","11","MOVE_FIBRO_TO_MURAL","Mural","GSE326225_BC7","GSE326225",NA,"MIBC",NA,NA,NA
"GSE326225_CATTATCTCAACACTG-1_2","/home/data/t070721/codex_workspace/Bladder Metabolism/subtype/round3/02_reclustering/Fibroblast/Fibroblast_round3_reclustered_preannotation.qs2","11","MOVE_FIBRO_TO_MURAL","Mural","GSE326225_BC7","GSE326225",NA,"MIBC",NA,NA,NA
"GSE326225_CCAATCCGTCGAGTTT-1_2","/home/data/t070721/codex_workspace/Bladder Metabolism/subtype/round3/02_reclustering/Fibroblast/Fibroblast_round3_reclustered_preannotation.qs2","11","MOVE_FIBRO_TO_MURAL","Mural","GSE326225_BC7","GSE326225",NA,"MIBC",NA,NA,NA
"GSE326225_CGATCGGAGACTAGGC-1_2","/home/data/t070721/codex_workspace/Bladder Metabolism/subtype/round3/02_reclustering/Fibroblast/Fibroblast_round3_reclustered_preannotation.qs2","11","MOVE_FIBRO_TO_MURAL","Mural","GSE326225_BC7","GSE326225",NA,"MIBC",NA,NA,NA
"GSE326225_CGGAGTCCATAGTAAG-1_2","/home/data/t070721/codex_workspace/Bladder Metabolism/subtype/round3/02_reclustering/Fibroblast/Fibroblast_round3_reclustered_preannotation.qs2","11","MOVE_FIBRO_TO_MURAL","Mural","GSE326225_BC7","GSE326225",NA,"MIBC",NA,NA,NA
"GSE326225_CGTGTCTAGGCACATG-1_2","/home/data/t070721/codex_workspace/Bladder Metabolism/subtype/round3/02_reclustering/Fibroblast/Fibroblast_round3_reclustered_preannotation.qs2","11","MOVE_FIBRO_TO_MURAL","Mural","GSE326225_BC7","GSE326225",NA,"MIBC",NA,NA,NA
"GSE326225_CTAGAGTTCACGAAGG-1_2","/home/data/t070721/codex_workspace/Bladder Metabolism/subtype/round3/02_reclustering/Fibroblast/Fibroblast_round3_reclustered_preannotation.qs2","11","MOVE_FIBRO_TO_MURAL","Mural","GSE326225_BC7","GSE326225",NA,"MIBC",NA,NA,NA
"GSE326225_CTAGCCTGTAGCGATG-1_2","/home/data/t070721/codex_workspace/Bladder Metabolism/subtype/round3/02_reclustering/Fibroblast/Fibroblast_round3_reclustered_preannotation.qs2","11","MOVE_FIBRO_TO_MURAL","Mural","GSE326225_BC7","GSE326225",NA,"MIBC",NA,NA,NA
"GSE326225_GACGGCTAGGTCGGAT-1_2","/home/data/t070721/codex_workspace/Bladder Metabolism/subtype/round3/02_reclustering/Fibroblast/Fibroblast_round3_reclustered_preannotation.qs2","11","MOVE_FIBRO_TO_MURAL","Mural","GSE326225_BC7","GSE326225",NA,"MIBC",NA,NA,NA
"GSE326225_GCATGATTCCTCGCAT-1_2","/home/data/t070721/codex_workspace/Bladder Metabolism/subtype/round3/02_reclustering/Fibroblast/Fibroblast_round3_reclustered_preannotation.qs2","11","MOVE_FIBRO_TO_MURAL","Mural","GSE326225_BC7","GSE326225",NA,"MIBC",NA,NA,NA
"GSE326225_GCGCAGTCAAACCCAT-1_2","/home/data/t070721/codex_workspace/Bladder Metabolism/subtype/round3/02_reclustering/Fibroblast/Fibroblast_round3_reclustered_preannotation.qs2","11","MOVE_FIBRO_TO_MURAL","Mural","GSE326225_BC7","GSE326225",NA,"MIBC",NA,NA,NA
"GSE326225_GCTCCTATCCTTTCGG-1_2","/home/data/t070721/codex_workspace/Bladder Metabolism/subtype/round3/02_reclustering/Fibroblast/Fibroblast_round3_reclustered_preannotation.qs2","11","MOVE_FIBRO_TO_MURAL","Mural","GSE326225_BC7","GSE326225",NA,"MIBC",NA,NA,NA
"GSE326225_GCTTCCAAGCTCCTCT-1_2","/home/data/t070721/codex_workspace/Bladder Metabolism/subtype/round3/02_reclustering/Fibroblast/Fibroblast_round3_reclustered_preannotation.qs2","11","MOVE_FIBRO_TO_MURAL","Mural","GSE326225_BC7","GSE326225",NA,"MIBC",NA,NA,NA
"GSE326225_GGCCGATCACACTGCG-1_2","/home/data/t070721/codex_workspace/Bladder Metabolism/subtype/round3/02_reclustering/Fibroblast/Fibroblast_round3_reclustered_preannotation.qs2","11","MOVE_FIBRO_TO_MURAL","Mural","GSE326225_BC7","GSE326225",NA,"MIBC",NA,NA,NA
"GSE326225_GTAACGTTCTCATTCA-1_2","/home/data/t070721/codex_workspace/Bladder Metabolism/subtype/round3/02_reclustering/Fibroblast/Fibroblast_round3_reclustered_preannotation.qs2","11","MOVE_FIBRO_TO_MURAL","Mural","GSE326225_BC7","GSE326225",NA,"MIBC",NA,NA,NA
"GSE326225_GTCAAGTCATTGGCGC-1_2","/home/data/t070721/codex_workspace/Bladder Metabolism/subtype/round3/02_reclustering/Fibroblast/Fibroblast_round3_reclustered_preannotation.qs2","11","MOVE_FIBRO_TO_MURAL","Mural","GSE326225_BC7","GSE326225",NA,"MIBC",NA,NA,NA
"GSE326225_GTCTCGTAGGATGCGT-1_2","/home/data/t070721/codex_workspace/Bladder Metabolism/subtype/round3/02_reclustering/Fibroblast/Fibroblast_round3_reclustered_preannotation.qs2","11","MOVE_FIBRO_TO_MURAL","Mural","GSE326225_BC7","GSE326225",NA,"MIBC",NA,NA,NA
"GSE326225_GTGAAGGAGTAGATGT-1_2","/home/data/t070721/codex_workspace/Bladder Metabolism/subtype/round3/02_reclustering/Fibroblast/Fibroblast_round3_reclustered_preannotation.qs2","11","MOVE_FIBRO_TO_MURAL","Mural","GSE326225_BC7","GSE326225",NA,"MIBC",NA,NA,NA
"GSE326225_GTGTTAGGTCTCCCTA-1_2","/home/data/t070721/codex_workspace/Bladder Metabolism/subtype/round3/02_reclustering/Fibroblast/Fibroblast_round3_reclustered_preannotation.qs2","11","MOVE_FIBRO_TO_MURAL","Mural","GSE326225_BC7","GSE326225",NA,"MIBC",NA,NA,NA
"GSE326225_GTTCGGGAGAGGTAGA-1_2","/home/data/t070721/codex_workspace/Bladder Metabolism/subtype/round3/02_reclustering/Fibroblast/Fibroblast_round3_reclustered_preannotation.qs2","11","MOVE_FIBRO_TO_MURAL","Mural","GSE326225_BC7","GSE326225",NA,"MIBC",NA,NA,NA
"GSE326225_TACTTGTCATCGACGC-1_2","/home/data/t070721/codex_workspace/Bladder Metabolism/subtype/round3/02_reclustering/Fibroblast/Fibroblast_round3_reclustered_preannotation.qs2","11","MOVE_FIBRO_TO_MURAL","Mural","GSE326225_BC7","GSE326225",NA,"MIBC",NA,NA,NA
"GSE326225_TAGGCATTCGGCGCAT-1_2","/home/data/t070721/codex_workspace/Bladder Metabolism/subtype/round3/02_reclustering/Fibroblast/Fibroblast_round3_reclustered_preannotation.qs2","11","MOVE_FIBRO_TO_MURAL","Mural","GSE326225_BC7","GSE326225",NA,"MIBC",NA,NA,NA
"GSE326225_TCCCGATTCAGTGTTG-1_2","/home/data/t070721/codex_workspace/Bladder Metabolism/subtype/round3/02_reclustering/Fibroblast/Fibroblast_round3_reclustered_preannotation.qs2","11","MOVE_FIBRO_TO_MURAL","Mural","GSE326225_BC7","GSE326225",NA,"MIBC",NA,NA,NA
"GSE326225_TCTGAGACAGGCGATA-1_2","/home/data/t070721/codex_workspace/Bladder Metabolism/subtype/round3/02_reclustering/Fibroblast/Fibroblast_round3_reclustered_preannotation.qs2","11","MOVE_FIBRO_TO_MURAL","Mural","GSE326225_BC7","GSE326225",NA,"MIBC",NA,NA,NA
"GSE326225_TGATTTCGTCCGTTAA-1_2","/home/data/t070721/codex_workspace/Bladder Metabolism/subtype/round3/02_reclustering/Fibroblast/Fibroblast_round3_reclustered_preannotation.qs2","11","MOVE_FIBRO_TO_MURAL","Mural","GSE326225_BC7","GSE326225",NA,"MIBC",NA,NA,NA
"GSE326225_TGGACGCGTCTCTTTA-1_2","/home/data/t070721/codex_workspace/Bladder Metabolism/subtype/round3/02_reclustering/Fibroblast/Fibroblast_round3_reclustered_preannotation.qs2","11","MOVE_FIBRO_TO_MURAL","Mural","GSE326225_BC7","GSE326225",NA,"MIBC",NA,NA,NA
"GSE326225_TGGTTAGGTTATCCGA-1_2","/home/data/t070721/codex_workspace/Bladder Metabolism/subtype/round3/02_reclustering/Fibroblast/Fibroblast_round3_reclustered_preannotation.qs2","11","MOVE_FIBRO_TO_MURAL","Mural","GSE326225_BC7","GSE326225",NA,"MIBC",NA,NA,NA
"GSE326225_TTCCCAGAGCCTTGAT-1_2","/home/data/t070721/codex_workspace/Bladder Metabolism/subtype/round3/02_reclustering/Fibroblast/Fibroblast_round3_reclustered_preannotation.qs2","11","MOVE_FIBRO_TO_MURAL","Mural","GSE326225_BC7","GSE326225",NA,"MIBC",NA,NA,NA
"GSE326225_TTCGGTCCACAAGCCC-1_2","/home/data/t070721/codex_workspace/Bladder Metabolism/subtype/round3/02_reclustering/Fibroblast/Fibroblast_round3_reclustered_preannotation.qs2","11","MOVE_FIBRO_TO_MURAL","Mural","GSE326225_BC7","GSE326225",NA,"MIBC",NA,NA,NA
"GSE326225_TTCTCAATCCTTAATC-1_2","/home/data/t070721/codex_workspace/Bladder Metabolism/subtype/round3/02_reclustering/Fibroblast/Fibroblast_round3_reclustered_preannotation.qs2","11","MOVE_FIBRO_TO_MURAL","Mural","GSE326225_BC7","GSE326225",NA,"MIBC",NA,NA,NA
"GSE326225_TTTATGCTCCGTCAAA-1_2","/home/data/t070721/codex_workspace/Bladder Metabolism/subtype/round3/02_reclustering/Fibroblast/Fibroblast_round3_reclustered_preannotation.qs2","11","MOVE_FIBRO_TO_MURAL","Mural","GSE326225_BC7","GSE326225",NA,"MIBC",NA,NA,NA
"HRA003620_CCGGTAGTCGAATGCT-1_2_1_1_1_1_1_1","/home/data/t070721/codex_workspace/Bladder Metabolism/subtype/round3/02_reclustering/Fibroblast/Fibroblast_round3_reclustered_preannotation.qs2","11","MOVE_FIBRO_TO_MURAL","Mural","HRA003620_BC-04","HRA003620",NA,"MIBC","T4","N0","M0"
"HRA003620_GAATCGTGTACTGACT-1_2_1_1_1_1_1_1","/home/data/t070721/codex_workspace/Bladder Metabolism/subtype/round3/02_reclustering/Fibroblast/Fibroblast_round3_reclustered_preannotation.qs2","11","MOVE_FIBRO_TO_MURAL","Mural","HRA003620_BC-04","HRA003620",NA,"MIBC","T4","N0","M0"
"HRA003620_GCACATAGTGATTGGG-1_1_1_1_1","/home/data/t070721/codex_workspace/Bladder Metabolism/subtype/round3/02_reclustering/Fibroblast/Fibroblast_round3_reclustered_preannotation.qs2","11","MOVE_FIBRO_TO_MURAL","Mural","HRA003620_BC-30","HRA003620",NA,"MIBC","T3","N0","M0"
"InhouseData_T4091568_AAGACTCAGTCGGCCT-1","/home/data/t070721/codex_workspace/Bladder Metabolism/subtype/round3/02_reclustering/Fibroblast/Fibroblast_round3_reclustered_preannotation.qs2","11","MOVE_FIBRO_TO_MURAL","Mural","T4091568","InhouseData",NA,"MIBC","T4",NA,NA
"InhouseData_T4091568_AATCACGAGGTGATAT-1","/home/data/t070721/codex_workspace/Bladder Metabolism/subtype/round3/02_reclustering/Fibroblast/Fibroblast_round3_reclustered_preannotation.qs2","11","MOVE_FIBRO_TO_MURAL","Mural","T4091568","InhouseData",NA,"MIBC","T4",NA,NA
"InhouseData_T4091568_ACAGCCGGTCGCTTAA-1","/home/data/t070721/codex_workspace/Bladder Metabolism/subtype/round3/02_reclustering/Fibroblast/Fibroblast_round3_reclustered_preannotation.qs2","11","MOVE_FIBRO_TO_MURAL","Mural","T4091568","InhouseData",NA,"MIBC","T4",NA,NA
"InhouseData_T4091568_ACCATTTGTTAGGAGC-1","/home/data/t070721/codex_workspace/Bladder Metabolism/subtype/round3/02_reclustering/Fibroblast/Fibroblast_round3_reclustered_preannotation.qs2","11","MOVE_FIBRO_TO_MURAL","Mural","T4091568","InhouseData",NA,"MIBC","T4",NA,NA
"InhouseData_T4091568_ACCTGAATCCTTCAGC-1","/home/data/t070721/codex_workspace/Bladder Metabolism/subtype/round3/02_reclustering/Fibroblast/Fibroblast_round3_reclustered_preannotation.qs2","11","MOVE_FIBRO_TO_MURAL","Mural","T4091568","InhouseData",NA,"MIBC","T4",NA,NA
"InhouseData_T4091568_ACGGGTCGTGCATTAC-1","/home/data/t070721/codex_workspace/Bladder Metabolism/subtype/round3/02_reclustering/Fibroblast/Fibroblast_round3_reclustered_preannotation.qs2","11","MOVE_FIBRO_TO_MURAL","Mural","T4091568","InhouseData",NA,"MIBC","T4",NA,NA
"InhouseData_T4091568_ACGTAACGTCTCTCAC-1","/home/data/t070721/codex_workspace/Bladder Metabolism/subtype/round3/02_reclustering/Fibroblast/Fibroblast_round3_reclustered_preannotation.qs2","11","MOVE_FIBRO_TO_MURAL","Mural","T4091568","InhouseData",NA,"MIBC","T4",NA,NA
"InhouseData_T4091568_ACGTTCCCAGACCATT-1","/home/data/t070721/codex_workspace/Bladder Metabolism/subtype/round3/02_reclustering/Fibroblast/Fibroblast_round3_reclustered_preannotation.qs2","11","MOVE_FIBRO_TO_MURAL","Mural","T4091568","InhouseData",NA,"MIBC","T4",NA,NA
"InhouseData_T4091568_ACTTATCCAGCAGTGA-1","/home/data/t070721/codex_workspace/Bladder Metabolism/subtype/round3/02_reclustering/Fibroblast/Fibroblast_round3_reclustered_preannotation.qs2","11","MOVE_FIBRO_TO_MURAL","Mural","T4091568","InhouseData",NA,"MIBC","T4",NA,NA
"InhouseData_T4091568_AGAAGTAGTCGTATGT-1","/home/data/t070721/codex_workspace/Bladder Metabolism/subtype/round3/02_reclustering/Fibroblast/Fibroblast_round3_reclustered_preannotation.qs2","11","MOVE_FIBRO_TO_MURAL","Mural","T4091568","InhouseData",NA,"MIBC","T4",NA,NA
"InhouseData_T4091568_AGACCCGAGCTGCCTG-1","/home/data/t070721/codex_workspace/Bladder Metabolism/subtype/round3/02_reclustering/Fibroblast/Fibroblast_round3_reclustered_preannotation.qs2","11","MOVE_FIBRO_TO_MURAL","Mural","T4091568","InhouseData",NA,"MIBC","T4",NA,NA
"InhouseData_T4091568_AGTAGCTTCCTACGGG-1","/home/data/t070721/codex_workspace/Bladder Metabolism/subtype/round3/02_reclustering/Fibroblast/Fibroblast_round3_reclustered_preannotation.qs2","11","MOVE_FIBRO_TO_MURAL","Mural","T4091568","InhouseData",NA,"MIBC","T4",NA,NA
"InhouseData_T4091568_ATTCCTAAGCCGGAAT-1","/home/data/t070721/codex_workspace/Bladder Metabolism/subtype/round3/02_reclustering/Fibroblast/Fibroblast_round3_reclustered_preannotation.qs2","11","MOVE_FIBRO_TO_MURAL","Mural","T4091568","InhouseData",NA,"MIBC","T4",NA,NA
"InhouseData_T4091568_ATTCTTGGTTTAGACC-1","/home/data/t070721/codex_workspace/Bladder Metabolism/subtype/round3/02_reclustering/Fibroblast/Fibroblast_round3_reclustered_preannotation.qs2","11","MOVE_FIBRO_TO_MURAL","Mural","T4091568","InhouseData",NA,"MIBC","T4",NA,NA
"InhouseData_T4091568_CAACCAAGTCACCGCA-1","/home/data/t070721/codex_workspace/Bladder Metabolism/subtype/round3/02_reclustering/Fibroblast/Fibroblast_round3_reclustered_preannotation.qs2","11","MOVE_FIBRO_TO_MURAL","Mural","T4091568","InhouseData",NA,"MIBC","T4",NA,NA
"InhouseData_T4091568_CAAGGGACAGTGGCTC-1","/home/data/t070721/codex_workspace/Bladder Metabolism/subtype/round3/02_reclustering/Fibroblast/Fibroblast_round3_reclustered_preannotation.qs2","11","MOVE_FIBRO_TO_MURAL","Mural","T4091568","InhouseData",NA,"MIBC","T4",NA,NA
"InhouseData_T4091568_CACAACACAGCTCATA-1","/home/data/t070721/codex_workspace/Bladder Metabolism/subtype/round3/02_reclustering/Fibroblast/Fibroblast_round3_reclustered_preannotation.qs2","11","MOVE_FIBRO_TO_MURAL","Mural","T4091568","InhouseData",NA,"MIBC","T4",NA,NA
"InhouseData_T4091568_CACAACACATAGGTTC-1","/home/data/t070721/codex_workspace/Bladder Metabolism/subtype/round3/02_reclustering/Fibroblast/Fibroblast_round3_reclustered_preannotation.qs2","11","MOVE_FIBRO_TO_MURAL","Mural","T4091568","InhouseData",NA,"MIBC","T4",NA,NA
"InhouseData_T4091568_CACAACAGTCCGATCG-1","/home/data/t070721/codex_workspace/Bladder Metabolism/subtype/round3/02_reclustering/Fibroblast/Fibroblast_round3_reclustered_preannotation.qs2","11","MOVE_FIBRO_TO_MURAL","Mural","T4091568","InhouseData",NA,"MIBC","T4",NA,NA
"InhouseData_T4091568_CACCAAAAGCCTATTG-1","/home/data/t070721/codex_workspace/Bladder Metabolism/subtype/round3/02_reclustering/Fibroblast/Fibroblast_round3_reclustered_preannotation.qs2","11","MOVE_FIBRO_TO_MURAL","Mural","T4091568","InhouseData",NA,"MIBC","T4",NA,NA
"InhouseData_T4091568_CACTGAAGTACGCGTC-1","/home/data/t070721/codex_workspace/Bladder Metabolism/subtype/round3/02_reclustering/Fibroblast/Fibroblast_round3_reclustered_preannotation.qs2","11","MOVE_FIBRO_TO_MURAL","Mural","T4091568","InhouseData",NA,"MIBC","T4",NA,NA
"InhouseData_T4091568_CACTGAATCGGTTAGT-1","/home/data/t070721/codex_workspace/Bladder Metabolism/subtype/round3/02_reclustering/Fibroblast/Fibroblast_round3_reclustered_preannotation.qs2","11","MOVE_FIBRO_TO_MURAL","Mural","T4091568","InhouseData",NA,"MIBC","T4",NA,NA
"InhouseData_T4091568_CACTGGGCAGTAGGAC-1","/home/data/t070721/codex_workspace/Bladder Metabolism/subtype/round3/02_reclustering/Fibroblast/Fibroblast_round3_reclustered_preannotation.qs2","11","MOVE_FIBRO_TO_MURAL","Mural","T4091568","InhouseData",NA,"MIBC","T4",NA,NA
"InhouseData_T4091568_CACTTCGTCCATCACC-1","/home/data/t070721/codex_workspace/Bladder Metabolism/subtype/round3/02_reclustering/Fibroblast/Fibroblast_round3_reclustered_preannotation.qs2","11","MOVE_FIBRO_TO_MURAL","Mural","T4091568","InhouseData",NA,"MIBC","T4",NA,NA
"InhouseData_T4091568_CAGTTCCAGTAAACGT-1","/home/data/t070721/codex_workspace/Bladder Metabolism/subtype/round3/02_reclustering/Fibroblast/Fibroblast_round3_reclustered_preannotation.qs2","11","MOVE_FIBRO_TO_MURAL","Mural","T4091568","InhouseData",NA,"MIBC","T4",NA,NA
"InhouseData_T4091568_CATCCGTAGTGCACCC-1","/home/data/t070721/codex_workspace/Bladder Metabolism/subtype/round3/02_reclustering/Fibroblast/Fibroblast_round3_reclustered_preannotation.qs2","11","MOVE_FIBRO_TO_MURAL","Mural","T4091568","InhouseData",NA,"MIBC","T4",NA,NA
"InhouseData_T4091568_CATGAGTGTTGCACGC-1","/home/data/t070721/codex_workspace/Bladder Metabolism/subtype/round3/02_reclustering/Fibroblast/Fibroblast_round3_reclustered_preannotation.qs2","11","MOVE_FIBRO_TO_MURAL","Mural","T4091568","InhouseData",NA,"MIBC","T4",NA,NA
"InhouseData_T4091568_CCACACTAGCTTAGTC-1","/home/data/t070721/codex_workspace/Bladder Metabolism/subtype/round3/02_reclustering/Fibroblast/Fibroblast_round3_reclustered_preannotation.qs2","11","MOVE_FIBRO_TO_MURAL","Mural","T4091568","InhouseData",NA,"MIBC","T4",NA,NA
"InhouseData_T4091568_CCCTAACCAGCTGCCA-1","/home/data/t070721/codex_workspace/Bladder Metabolism/subtype/round3/02_reclustering/Fibroblast/Fibroblast_round3_reclustered_preannotation.qs2","11","MOVE_FIBRO_TO_MURAL","Mural","T4091568","InhouseData",NA,"MIBC","T4",NA,NA
"InhouseData_T4091568_CCGGGTAGTAACCCGC-1","/home/data/t070721/codex_workspace/Bladder Metabolism/subtype/round3/02_reclustering/Fibroblast/Fibroblast_round3_reclustered_preannotation.qs2","11","MOVE_FIBRO_TO_MURAL","Mural","T4091568","InhouseData",NA,"MIBC","T4",NA,NA
"InhouseData_T4091568_CCGGTGATCAGATGCT-1","/home/data/t070721/codex_workspace/Bladder Metabolism/subtype/round3/02_reclustering/Fibroblast/Fibroblast_round3_reclustered_preannotation.qs2","11","MOVE_FIBRO_TO_MURAL","Mural","T4091568","InhouseData",NA,"MIBC","T4",NA,NA
"InhouseData_T4091568_CCGTGAGGTTCGAACT-1","/home/data/t070721/codex_workspace/Bladder Metabolism/subtype/round3/02_reclustering/Fibroblast/Fibroblast_round3_reclustered_preannotation.qs2","11","MOVE_FIBRO_TO_MURAL","Mural","T4091568","InhouseData",NA,"MIBC","T4",NA,NA
"InhouseData_T4091568_CGATCGGAGTCCCAGC-1","/home/data/t070721/codex_workspace/Bladder Metabolism/subtype/round3/02_reclustering/Fibroblast/Fibroblast_round3_reclustered_preannotation.qs2","11","MOVE_FIBRO_TO_MURAL","Mural","T4091568","InhouseData",NA,"MIBC","T4",NA,NA
"InhouseData_T4091568_CGTAAGTGTGTGTTTG-1","/home/data/t070721/codex_workspace/Bladder Metabolism/subtype/round3/02_reclustering/Fibroblast/Fibroblast_round3_reclustered_preannotation.qs2","11","MOVE_FIBRO_TO_MURAL","Mural","T4091568","InhouseData",NA,"MIBC","T4",NA,NA
"InhouseData_T4091568_CTACATTAGGAGCAAA-1","/home/data/t070721/codex_workspace/Bladder Metabolism/subtype/round3/02_reclustering/Fibroblast/Fibroblast_round3_reclustered_preannotation.qs2","11","MOVE_FIBRO_TO_MURAL","Mural","T4091568","InhouseData",NA,"MIBC","T4",NA,NA
"InhouseData_T4091568_CTATAGGAGAATCCCT-1","/home/data/t070721/codex_workspace/Bladder Metabolism/subtype/round3/02_reclustering/Fibroblast/Fibroblast_round3_reclustered_preannotation.qs2","11","MOVE_FIBRO_TO_MURAL","Mural","T4091568","InhouseData",NA,"MIBC","T4",NA,NA
"InhouseData_T4091568_CTGCTCAGTGGCGCTT-1","/home/data/t070721/codex_workspace/Bladder Metabolism/subtype/round3/02_reclustering/Fibroblast/Fibroblast_round3_reclustered_preannotation.qs2","11","MOVE_FIBRO_TO_MURAL","Mural","T4091568","InhouseData",NA,"MIBC","T4",NA,NA
"InhouseData_T4091568_GAAACCTCATGCGGTC-1","/home/data/t070721/codex_workspace/Bladder Metabolism/subtype/round3/02_reclustering/Fibroblast/Fibroblast_round3_reclustered_preannotation.qs2","11","MOVE_FIBRO_TO_MURAL","Mural","T4091568","InhouseData",NA,"MIBC","T4",NA,NA
"InhouseData_T4091568_GAAGGGTCACGCCAGT-1","/home/data/t070721/codex_workspace/Bladder Metabolism/subtype/round3/02_reclustering/Fibroblast/Fibroblast_round3_reclustered_preannotation.qs2","11","MOVE_FIBRO_TO_MURAL","Mural","T4091568","InhouseData",NA,"MIBC","T4",NA,NA
"InhouseData_T4091568_GAATAGAAGATCGACG-1","/home/data/t070721/codex_workspace/Bladder Metabolism/subtype/round3/02_reclustering/Fibroblast/Fibroblast_round3_reclustered_preannotation.qs2","11","MOVE_FIBRO_TO_MURAL","Mural","T4091568","InhouseData",NA,"MIBC","T4",NA,NA
"InhouseData_T4091568_GCCCGAAAGGATTCAA-1","/home/data/t070721/codex_workspace/Bladder Metabolism/subtype/round3/02_reclustering/Fibroblast/Fibroblast_round3_reclustered_preannotation.qs2","11","MOVE_FIBRO_TO_MURAL","Mural","T4091568","InhouseData",NA,"MIBC","T4",NA,NA
"InhouseData_T4091568_GGGCGTTCAAGCAATA-1","/home/data/t070721/codex_workspace/Bladder Metabolism/subtype/round3/02_reclustering/Fibroblast/Fibroblast_round3_reclustered_preannotation.qs2","11","MOVE_FIBRO_TO_MURAL","Mural","T4091568","InhouseData",NA,"MIBC","T4",NA,NA
"InhouseData_T4091568_GTAGGTTTCTTCCAGC-1","/home/data/t070721/codex_workspace/Bladder Metabolism/subtype/round3/02_reclustering/Fibroblast/Fibroblast_round3_reclustered_preannotation.qs2","11","MOVE_FIBRO_TO_MURAL","Mural","T4091568","InhouseData",NA,"MIBC","T4",NA,NA
"InhouseData_T4091568_GTATTTCCATTGTAGC-1","/home/data/t070721/codex_workspace/Bladder Metabolism/subtype/round3/02_reclustering/Fibroblast/Fibroblast_round3_reclustered_preannotation.qs2","11","MOVE_FIBRO_TO_MURAL","Mural","T4091568","InhouseData",NA,"MIBC","T4",NA,NA
"InhouseData_T4091568_GTCCCATGTCAACACT-1","/home/data/t070721/codex_workspace/Bladder Metabolism/subtype/round3/02_reclustering/Fibroblast/Fibroblast_round3_reclustered_preannotation.qs2","11","MOVE_FIBRO_TO_MURAL","Mural","T4091568","InhouseData",NA,"MIBC","T4",NA,NA
"InhouseData_T4091568_GTGGAAGAGTCGCCCA-1","/home/data/t070721/codex_workspace/Bladder Metabolism/subtype/round3/02_reclustering/Fibroblast/Fibroblast_round3_reclustered_preannotation.qs2","11","MOVE_FIBRO_TO_MURAL","Mural","T4091568","InhouseData",NA,"MIBC","T4",NA,NA
"InhouseData_T4091568_GTGTAACTCTATCACT-1","/home/data/t070721/codex_workspace/Bladder Metabolism/subtype/round3/02_reclustering/Fibroblast/Fibroblast_round3_reclustered_preannotation.qs2","11","MOVE_FIBRO_TO_MURAL","Mural","T4091568","InhouseData",NA,"MIBC","T4",NA,NA
"InhouseData_T4091568_GTTACCCAGTCCTACA-1","/home/data/t070721/codex_workspace/Bladder Metabolism/subtype/round3/02_reclustering/Fibroblast/Fibroblast_round3_reclustered_preannotation.qs2","11","MOVE_FIBRO_TO_MURAL","Mural","T4091568","InhouseData",NA,"MIBC","T4",NA,NA
"InhouseData_T4091568_TAATTCCCATCATCTT-1","/home/data/t070721/codex_workspace/Bladder Metabolism/subtype/round3/02_reclustering/Fibroblast/Fibroblast_round3_reclustered_preannotation.qs2","11","MOVE_FIBRO_TO_MURAL","Mural","T4091568","InhouseData",NA,"MIBC","T4",NA,NA
"InhouseData_T4091568_TACGTCCCATTCACCC-1","/home/data/t070721/codex_workspace/Bladder Metabolism/subtype/round3/02_reclustering/Fibroblast/Fibroblast_round3_reclustered_preannotation.qs2","11","MOVE_FIBRO_TO_MURAL","Mural","T4091568","InhouseData",NA,"MIBC","T4",NA,NA
"InhouseData_T4091568_TAGAGTCAGTCCCTAA-1","/home/data/t070721/codex_workspace/Bladder Metabolism/subtype/round3/02_reclustering/Fibroblast/Fibroblast_round3_reclustered_preannotation.qs2","11","MOVE_FIBRO_TO_MURAL","Mural","T4091568","InhouseData",NA,"MIBC","T4",NA,NA
"InhouseData_T4091568_TAGCACAAGGTCATAA-1","/home/data/t070721/codex_workspace/Bladder Metabolism/subtype/round3/02_reclustering/Fibroblast/Fibroblast_round3_reclustered_preannotation.qs2","11","MOVE_FIBRO_TO_MURAL","Mural","T4091568","InhouseData",NA,"MIBC","T4",NA,NA
"InhouseData_T4091568_TCAGTCCAGTCGAATA-1","/home/data/t070721/codex_workspace/Bladder Metabolism/subtype/round3/02_reclustering/Fibroblast/Fibroblast_round3_reclustered_preannotation.qs2","11","MOVE_FIBRO_TO_MURAL","Mural","T4091568","InhouseData",NA,"MIBC","T4",NA,NA
"InhouseData_T4091568_TCATATCGTATGACAA-1","/home/data/t070721/codex_workspace/Bladder Metabolism/subtype/round3/02_reclustering/Fibroblast/Fibroblast_round3_reclustered_preannotation.qs2","11","MOVE_FIBRO_TO_MURAL","Mural","T4091568","InhouseData",NA,"MIBC","T4",NA,NA
"InhouseData_T4091568_TCCCATGCACCAAAGG-1","/home/data/t070721/codex_workspace/Bladder Metabolism/subtype/round3/02_reclustering/Fibroblast/Fibroblast_round3_reclustered_preannotation.qs2","11","MOVE_FIBRO_TO_MURAL","Mural","T4091568","InhouseData",NA,"MIBC","T4",NA,NA
"InhouseData_T4091568_TCGCACTTCGGCGATC-1","/home/data/t070721/codex_workspace/Bladder Metabolism/subtype/round3/02_reclustering/Fibroblast/Fibroblast_round3_reclustered_preannotation.qs2","11","MOVE_FIBRO_TO_MURAL","Mural","T4091568","InhouseData",NA,"MIBC","T4",NA,NA
"InhouseData_T4091568_TCGGATATCAGCTAGT-1","/home/data/t070721/codex_workspace/Bladder Metabolism/subtype/round3/02_reclustering/Fibroblast/Fibroblast_round3_reclustered_preannotation.qs2","11","MOVE_FIBRO_TO_MURAL","Mural","T4091568","InhouseData",NA,"MIBC","T4",NA,NA
"InhouseData_T4091568_TGCTTCGGTAAGGCTG-1","/home/data/t070721/codex_workspace/Bladder Metabolism/subtype/round3/02_reclustering/Fibroblast/Fibroblast_round3_reclustered_preannotation.qs2","11","MOVE_FIBRO_TO_MURAL","Mural","T4091568","InhouseData",NA,"MIBC","T4",NA,NA
"InhouseData_T4091568_TGGAGAGCAAGTCCCG-1","/home/data/t070721/codex_workspace/Bladder Metabolism/subtype/round3/02_reclustering/Fibroblast/Fibroblast_round3_reclustered_preannotation.qs2","11","MOVE_FIBRO_TO_MURAL","Mural","T4091568","InhouseData",NA,"MIBC","T4",NA,NA
"InhouseData_T4091568_TGGGAGACAGCGACAA-1","/home/data/t070721/codex_workspace/Bladder Metabolism/subtype/round3/02_reclustering/Fibroblast/Fibroblast_round3_reclustered_preannotation.qs2","11","MOVE_FIBRO_TO_MURAL","Mural","T4091568","InhouseData",NA,"MIBC","T4",NA,NA
"InhouseData_T4091568_TGGGCGTAGGCAGCTA-1","/home/data/t070721/codex_workspace/Bladder Metabolism/subtype/round3/02_reclustering/Fibroblast/Fibroblast_round3_reclustered_preannotation.qs2","11","MOVE_FIBRO_TO_MURAL","Mural","T4091568","InhouseData",NA,"MIBC","T4",NA,NA
"InhouseData_T4091568_TGTAAGCAGGTCTTTG-1","/home/data/t070721/codex_workspace/Bladder Metabolism/subtype/round3/02_reclustering/Fibroblast/Fibroblast_round3_reclustered_preannotation.qs2","11","MOVE_FIBRO_TO_MURAL","Mural","T4091568","InhouseData",NA,"MIBC","T4",NA,NA
"InhouseData_T4091568_TGTAGACTCATTGCGA-1","/home/data/t070721/codex_workspace/Bladder Metabolism/subtype/round3/02_reclustering/Fibroblast/Fibroblast_round3_reclustered_preannotation.qs2","11","MOVE_FIBRO_TO_MURAL","Mural","T4091568","InhouseData",NA,"MIBC","T4",NA,NA
"InhouseData_T4091568_TGTCCCACAGACTCTA-1","/home/data/t070721/codex_workspace/Bladder Metabolism/subtype/round3/02_reclustering/Fibroblast/Fibroblast_round3_reclustered_preannotation.qs2","11","MOVE_FIBRO_TO_MURAL","Mural","T4091568","InhouseData",NA,"MIBC","T4",NA,NA
"InhouseData_T4091568_TTCACGCGTGGCACTC-1","/home/data/t070721/codex_workspace/Bladder Metabolism/subtype/round3/02_reclustering/Fibroblast/Fibroblast_round3_reclustered_preannotation.qs2","11","MOVE_FIBRO_TO_MURAL","Mural","T4091568","InhouseData",NA,"MIBC","T4",NA,NA
"InhouseData_T4091568_TTTACTGTCGCTGCGA-1","/home/data/t070721/codex_workspace/Bladder Metabolism/subtype/round3/02_reclustering/Fibroblast/Fibroblast_round3_reclustered_preannotation.qs2","11","MOVE_FIBRO_TO_MURAL","Mural","T4091568","InhouseData",NA,"MIBC","T4",NA,NA
"InhouseData_T4091568_TTTCATGTCTTGCAAG-1","/home/data/t070721/codex_workspace/Bladder Metabolism/subtype/round3/02_reclustering/Fibroblast/Fibroblast_round3_reclustered_preannotation.qs2","11","MOVE_FIBRO_TO_MURAL","Mural","T4091568","InhouseData",NA,"MIBC","T4",NA,NA
"InhouseData_T4091568_TTTGGTTGTGTCATGT-1","/home/data/t070721/codex_workspace/Bladder Metabolism/subtype/round3/02_reclustering/Fibroblast/Fibroblast_round3_reclustered_preannotation.qs2","11","MOVE_FIBRO_TO_MURAL","Mural","T4091568","InhouseData",NA,"MIBC","T4",NA,NA
"InhouseData_T4295396_AAACCCACATGTGGTT-1","/home/data/t070721/codex_workspace/Bladder Metabolism/subtype/round3/02_reclustering/Fibroblast/Fibroblast_round3_reclustered_preannotation.qs2","11","MOVE_FIBRO_TO_MURAL","Mural","T4295396","InhouseData",NA,"MIBC","T2",NA,NA
"InhouseData_T4295396_AACAGGGCACACTTAG-1","/home/data/t070721/codex_workspace/Bladder Metabolism/subtype/round3/02_reclustering/Fibroblast/Fibroblast_round3_reclustered_preannotation.qs2","11","MOVE_FIBRO_TO_MURAL","Mural","T4295396","InhouseData",NA,"MIBC","T2",NA,NA
"InhouseData_T4295396_CATCAAGAGGAAAGAC-1","/home/data/t070721/codex_workspace/Bladder Metabolism/subtype/round3/02_reclustering/Fibroblast/Fibroblast_round3_reclustered_preannotation.qs2","11","MOVE_FIBRO_TO_MURAL","Mural","T4295396","InhouseData",NA,"MIBC","T2",NA,NA
"InhouseData_T4295396_CCTAACCGTCTTGTCC-1","/home/data/t070721/codex_workspace/Bladder Metabolism/subtype/round3/02_reclustering/Fibroblast/Fibroblast_round3_reclustered_preannotation.qs2","11","MOVE_FIBRO_TO_MURAL","Mural","T4295396","InhouseData",NA,"MIBC","T2",NA,NA
"InhouseData_T4295396_TGTGTGAAGGTCTGGA-1","/home/data/t070721/codex_workspace/Bladder Metabolism/subtype/round3/02_reclustering/Fibroblast/Fibroblast_round3_reclustered_preannotation.qs2","11","MOVE_FIBRO_TO_MURAL","Mural","T4295396","InhouseData",NA,"MIBC","T2",NA,NA
"InhouseData_T4295396_TTACCATGTAGGATAT-1","/home/data/t070721/codex_workspace/Bladder Metabolism/subtype/round3/02_reclustering/Fibroblast/Fibroblast_round3_reclustered_preannotation.qs2","11","MOVE_FIBRO_TO_MURAL","Mural","T4295396","InhouseData",NA,"MIBC","T2",NA,NA
"InhouseData_T4398343_AAACGAAGTACTGCCG-1","/home/data/t070721/codex_workspace/Bladder Metabolism/subtype/round3/02_reclustering/Fibroblast/Fibroblast_round3_reclustered_preannotation.qs2","11","MOVE_FIBRO_TO_MURAL","Mural","T4398343","InhouseData",NA,"MIBC","T2",NA,NA
"InhouseData_T4398343_AAGCCATTCGGCATTA-1","/home/data/t070721/codex_workspace/Bladder Metabolism/subtype/round3/02_reclustering/Fibroblast/Fibroblast_round3_reclustered_preannotation.qs2","11","MOVE_FIBRO_TO_MURAL","Mural","T4398343","InhouseData",NA,"MIBC","T2",NA,NA
"InhouseData_T4398343_AATGAAGAGCGAGAAA-1","/home/data/t070721/codex_workspace/Bladder Metabolism/subtype/round3/02_reclustering/Fibroblast/Fibroblast_round3_reclustered_preannotation.qs2","11","MOVE_FIBRO_TO_MURAL","Mural","T4398343","InhouseData",NA,"MIBC","T2",NA,NA
"InhouseData_T4398343_ACCTGTCGTTCAAAGA-1","/home/data/t070721/codex_workspace/Bladder Metabolism/subtype/round3/02_reclustering/Fibroblast/Fibroblast_round3_reclustered_preannotation.qs2","11","MOVE_FIBRO_TO_MURAL","Mural","T4398343","InhouseData",NA,"MIBC","T2",NA,NA
"InhouseData_T4398343_ACGGTTAGTTCTCTCG-1","/home/data/t070721/codex_workspace/Bladder Metabolism/subtype/round3/02_reclustering/Fibroblast/Fibroblast_round3_reclustered_preannotation.qs2","11","MOVE_FIBRO_TO_MURAL","Mural","T4398343","InhouseData",NA,"MIBC","T2",NA,NA
"InhouseData_T4398343_ACTTTGTCACGACAGA-1","/home/data/t070721/codex_workspace/Bladder Metabolism/subtype/round3/02_reclustering/Fibroblast/Fibroblast_round3_reclustered_preannotation.qs2","11","MOVE_FIBRO_TO_MURAL","Mural","T4398343","InhouseData",NA,"MIBC","T2",NA,NA
"InhouseData_T4398343_AGAAATGAGGTCGTAG-1","/home/data/t070721/codex_workspace/Bladder Metabolism/subtype/round3/02_reclustering/Fibroblast/Fibroblast_round3_reclustered_preannotation.qs2","11","MOVE_FIBRO_TO_MURAL","Mural","T4398343","InhouseData",NA,"MIBC","T2",NA,NA
"InhouseData_T4398343_AGATCGTGTATCAAGA-1","/home/data/t070721/codex_workspace/Bladder Metabolism/subtype/round3/02_reclustering/Fibroblast/Fibroblast_round3_reclustered_preannotation.qs2","11","MOVE_FIBRO_TO_MURAL","Mural","T4398343","InhouseData",NA,"MIBC","T2",NA,NA
"InhouseData_T4398343_AGCCAGCAGGCAATGC-1","/home/data/t070721/codex_workspace/Bladder Metabolism/subtype/round3/02_reclustering/Fibroblast/Fibroblast_round3_reclustered_preannotation.qs2","11","MOVE_FIBRO_TO_MURAL","Mural","T4398343","InhouseData",NA,"MIBC","T2",NA,NA
"InhouseData_T4398343_AGGGTGAGTCCAGCAC-1","/home/data/t070721/codex_workspace/Bladder Metabolism/subtype/round3/02_reclustering/Fibroblast/Fibroblast_round3_reclustered_preannotation.qs2","11","MOVE_FIBRO_TO_MURAL","Mural","T4398343","InhouseData",NA,"MIBC","T2",NA,NA
"InhouseData_T4398343_AGTAGCTTCCGCCTAT-1","/home/data/t070721/codex_workspace/Bladder Metabolism/subtype/round3/02_reclustering/Fibroblast/Fibroblast_round3_reclustered_preannotation.qs2","11","MOVE_FIBRO_TO_MURAL","Mural","T4398343","InhouseData",NA,"MIBC","T2",NA,NA
"InhouseData_T4398343_ATAGAGAAGAATCGTA-1","/home/data/t070721/codex_workspace/Bladder Metabolism/subtype/round3/02_reclustering/Fibroblast/Fibroblast_round3_reclustered_preannotation.qs2","11","MOVE_FIBRO_TO_MURAL","Mural","T4398343","InhouseData",NA,"MIBC","T2",NA,NA
"InhouseData_T4398343_ATTCCCGGTACAACGG-1","/home/data/t070721/codex_workspace/Bladder Metabolism/subtype/round3/02_reclustering/Fibroblast/Fibroblast_round3_reclustered_preannotation.qs2","11","MOVE_FIBRO_TO_MURAL","Mural","T4398343","InhouseData",NA,"MIBC","T2",NA,NA
"InhouseData_T4398343_CAACGATCATGAGATA-1","/home/data/t070721/codex_workspace/Bladder Metabolism/subtype/round3/02_reclustering/Fibroblast/Fibroblast_round3_reclustered_preannotation.qs2","11","MOVE_FIBRO_TO_MURAL","Mural","T4398343","InhouseData",NA,"MIBC","T2",NA,NA
"InhouseData_T4398343_CACTTCGAGGCGTTAG-1","/home/data/t070721/codex_workspace/Bladder Metabolism/subtype/round3/02_reclustering/Fibroblast/Fibroblast_round3_reclustered_preannotation.qs2","11","MOVE_FIBRO_TO_MURAL","Mural","T4398343","InhouseData",NA,"MIBC","T2",NA,NA
"InhouseData_T4398343_CATGCCTAGTAGAGTT-1","/home/data/t070721/codex_workspace/Bladder Metabolism/subtype/round3/02_reclustering/Fibroblast/Fibroblast_round3_reclustered_preannotation.qs2","11","MOVE_FIBRO_TO_MURAL","Mural","T4398343","InhouseData",NA,"MIBC","T2",NA,NA
"InhouseData_T4398343_CCAATTTGTGATGTAA-1","/home/data/t070721/codex_workspace/Bladder Metabolism/subtype/round3/02_reclustering/Fibroblast/Fibroblast_round3_reclustered_preannotation.qs2","11","MOVE_FIBRO_TO_MURAL","Mural","T4398343","InhouseData",NA,"MIBC","T2",NA,NA
"InhouseData_T4398343_CCCTCAAAGAGTTCGG-1","/home/data/t070721/codex_workspace/Bladder Metabolism/subtype/round3/02_reclustering/Fibroblast/Fibroblast_round3_reclustered_preannotation.qs2","11","MOVE_FIBRO_TO_MURAL","Mural","T4398343","InhouseData",NA,"MIBC","T2",NA,NA
"InhouseData_T4398343_CGATCGGTCTCATTGT-1","/home/data/t070721/codex_workspace/Bladder Metabolism/subtype/round3/02_reclustering/Fibroblast/Fibroblast_round3_reclustered_preannotation.qs2","11","MOVE_FIBRO_TO_MURAL","Mural","T4398343","InhouseData",NA,"MIBC","T2",NA,NA
"InhouseData_T4398343_CGGGCATGTAACCCTA-1","/home/data/t070721/codex_workspace/Bladder Metabolism/subtype/round3/02_reclustering/Fibroblast/Fibroblast_round3_reclustered_preannotation.qs2","11","MOVE_FIBRO_TO_MURAL","Mural","T4398343","InhouseData",NA,"MIBC","T2",NA,NA
"InhouseData_T4398343_CGTGCTTAGTGCCGAA-1","/home/data/t070721/codex_workspace/Bladder Metabolism/subtype/round3/02_reclustering/Fibroblast/Fibroblast_round3_reclustered_preannotation.qs2","11","MOVE_FIBRO_TO_MURAL","Mural","T4398343","InhouseData",NA,"MIBC","T2",NA,NA
"InhouseData_T4398343_CGTTCTGTCTGGCCGA-1","/home/data/t070721/codex_workspace/Bladder Metabolism/subtype/round3/02_reclustering/Fibroblast/Fibroblast_round3_reclustered_preannotation.qs2","11","MOVE_FIBRO_TO_MURAL","Mural","T4398343","InhouseData",NA,"MIBC","T2",NA,NA
"InhouseData_T4398343_CTAACTTGTGTCTAAC-1","/home/data/t070721/codex_workspace/Bladder Metabolism/subtype/round3/02_reclustering/Fibroblast/Fibroblast_round3_reclustered_preannotation.qs2","11","MOVE_FIBRO_TO_MURAL","Mural","T4398343","InhouseData",NA,"MIBC","T2",NA,NA
"InhouseData_T4398343_CTACAGAGTTTGCAGT-1","/home/data/t070721/codex_workspace/Bladder Metabolism/subtype/round3/02_reclustering/Fibroblast/Fibroblast_round3_reclustered_preannotation.qs2","11","MOVE_FIBRO_TO_MURAL","Mural","T4398343","InhouseData",NA,"MIBC","T2",NA,NA
"InhouseData_T4398343_CTATAGGTCTACTCAT-1","/home/data/t070721/codex_workspace/Bladder Metabolism/subtype/round3/02_reclustering/Fibroblast/Fibroblast_round3_reclustered_preannotation.qs2","11","MOVE_FIBRO_TO_MURAL","Mural","T4398343","InhouseData",NA,"MIBC","T2",NA,NA
"InhouseData_T4398343_CTCCATGAGTCATGGG-1","/home/data/t070721/codex_workspace/Bladder Metabolism/subtype/round3/02_reclustering/Fibroblast/Fibroblast_round3_reclustered_preannotation.qs2","11","MOVE_FIBRO_TO_MURAL","Mural","T4398343","InhouseData",NA,"MIBC","T2",NA,NA
"InhouseData_T4398343_GAGGCCTTCCAGCACG-1","/home/data/t070721/codex_workspace/Bladder Metabolism/subtype/round3/02_reclustering/Fibroblast/Fibroblast_round3_reclustered_preannotation.qs2","11","MOVE_FIBRO_TO_MURAL","Mural","T4398343","InhouseData",NA,"MIBC","T2",NA,NA
"InhouseData_T4398343_GATAGCTGTAGTCACT-1","/home/data/t070721/codex_workspace/Bladder Metabolism/subtype/round3/02_reclustering/Fibroblast/Fibroblast_round3_reclustered_preannotation.qs2","11","MOVE_FIBRO_TO_MURAL","Mural","T4398343","InhouseData",NA,"MIBC","T2",NA,NA
"InhouseData_T4398343_GCACGGTAGAGCAACC-1","/home/data/t070721/codex_workspace/Bladder Metabolism/subtype/round3/02_reclustering/Fibroblast/Fibroblast_round3_reclustered_preannotation.qs2","11","MOVE_FIBRO_TO_MURAL","Mural","T4398343","InhouseData",NA,"MIBC","T2",NA,NA
"InhouseData_T4398343_GCATTAGCACGTAACT-1","/home/data/t070721/codex_workspace/Bladder Metabolism/subtype/round3/02_reclustering/Fibroblast/Fibroblast_round3_reclustered_preannotation.qs2","11","MOVE_FIBRO_TO_MURAL","Mural","T4398343","InhouseData",NA,"MIBC","T2",NA,NA
"InhouseData_T4398343_GGTCTGGTCGTGGGAA-1","/home/data/t070721/codex_workspace/Bladder Metabolism/subtype/round3/02_reclustering/Fibroblast/Fibroblast_round3_reclustered_preannotation.qs2","11","MOVE_FIBRO_TO_MURAL","Mural","T4398343","InhouseData",NA,"MIBC","T2",NA,NA
"InhouseData_T4398343_GGTGAAGGTTCTGACA-1","/home/data/t070721/codex_workspace/Bladder Metabolism/subtype/round3/02_reclustering/Fibroblast/Fibroblast_round3_reclustered_preannotation.qs2","11","MOVE_FIBRO_TO_MURAL","Mural","T4398343","InhouseData",NA,"MIBC","T2",NA,NA
"InhouseData_T4398343_GTCACGGAGAGGACTC-1","/home/data/t070721/codex_workspace/Bladder Metabolism/subtype/round3/02_reclustering/Fibroblast/Fibroblast_round3_reclustered_preannotation.qs2","11","MOVE_FIBRO_TO_MURAL","Mural","T4398343","InhouseData",NA,"MIBC","T2",NA,NA
"InhouseData_T4398343_GTGGGAAAGAGCATTA-1","/home/data/t070721/codex_workspace/Bladder Metabolism/subtype/round3/02_reclustering/Fibroblast/Fibroblast_round3_reclustered_preannotation.qs2","11","MOVE_FIBRO_TO_MURAL","Mural","T4398343","InhouseData",NA,"MIBC","T2",NA,NA
"InhouseData_T4398343_GTTCTATAGAGAGCAA-1","/home/data/t070721/codex_workspace/Bladder Metabolism/subtype/round3/02_reclustering/Fibroblast/Fibroblast_round3_reclustered_preannotation.qs2","11","MOVE_FIBRO_TO_MURAL","Mural","T4398343","InhouseData",NA,"MIBC","T2",NA,NA
"InhouseData_T4398343_TAATCTCGTTCGATTG-1","/home/data/t070721/codex_workspace/Bladder Metabolism/subtype/round3/02_reclustering/Fibroblast/Fibroblast_round3_reclustered_preannotation.qs2","11","MOVE_FIBRO_TO_MURAL","Mural","T4398343","InhouseData",NA,"MIBC","T2",NA,NA
"InhouseData_T4398343_TACCTCGGTAATGTGA-1","/home/data/t070721/codex_workspace/Bladder Metabolism/subtype/round3/02_reclustering/Fibroblast/Fibroblast_round3_reclustered_preannotation.qs2","11","MOVE_FIBRO_TO_MURAL","Mural","T4398343","InhouseData",NA,"MIBC","T2",NA,NA
"InhouseData_T4398343_TACTTCATCAAAGACA-1","/home/data/t070721/codex_workspace/Bladder Metabolism/subtype/round3/02_reclustering/Fibroblast/Fibroblast_round3_reclustered_preannotation.qs2","11","MOVE_FIBRO_TO_MURAL","Mural","T4398343","InhouseData",NA,"MIBC","T2",NA,NA
"InhouseData_T4398343_TCGCAGGGTGGCTACC-1","/home/data/t070721/codex_workspace/Bladder Metabolism/subtype/round3/02_reclustering/Fibroblast/Fibroblast_round3_reclustered_preannotation.qs2","11","MOVE_FIBRO_TO_MURAL","Mural","T4398343","InhouseData",NA,"MIBC","T2",NA,NA
"InhouseData_T4398343_TCGGGCATCCTACTGC-1","/home/data/t070721/codex_workspace/Bladder Metabolism/subtype/round3/02_reclustering/Fibroblast/Fibroblast_round3_reclustered_preannotation.qs2","11","MOVE_FIBRO_TO_MURAL","Mural","T4398343","InhouseData",NA,"MIBC","T2",NA,NA
"InhouseData_T4398343_TGAGCATCATAGGTAA-1","/home/data/t070721/codex_workspace/Bladder Metabolism/subtype/round3/02_reclustering/Fibroblast/Fibroblast_round3_reclustered_preannotation.qs2","11","MOVE_FIBRO_TO_MURAL","Mural","T4398343","InhouseData",NA,"MIBC","T2",NA,NA
"InhouseData_T4398343_TGGGAAGAGATTGCGG-1","/home/data/t070721/codex_workspace/Bladder Metabolism/subtype/round3/02_reclustering/Fibroblast/Fibroblast_round3_reclustered_preannotation.qs2","11","MOVE_FIBRO_TO_MURAL","Mural","T4398343","InhouseData",NA,"MIBC","T2",NA,NA
"InhouseData_T4398343_TGTAAGCTCTCCGATC-1","/home/data/t070721/codex_workspace/Bladder Metabolism/subtype/round3/02_reclustering/Fibroblast/Fibroblast_round3_reclustered_preannotation.qs2","11","MOVE_FIBRO_TO_MURAL","Mural","T4398343","InhouseData",NA,"MIBC","T2",NA,NA
"InhouseData_T4398343_TTCCTTCAGTTGGAAT-1","/home/data/t070721/codex_workspace/Bladder Metabolism/subtype/round3/02_reclustering/Fibroblast/Fibroblast_round3_reclustered_preannotation.qs2","11","MOVE_FIBRO_TO_MURAL","Mural","T4398343","InhouseData",NA,"MIBC","T2",NA,NA
"InhouseData_T4398343_TTTCACAGTGGCTGAA-1","/home/data/t070721/codex_workspace/Bladder Metabolism/subtype/round3/02_reclustering/Fibroblast/Fibroblast_round3_reclustered_preannotation.qs2","11","MOVE_FIBRO_TO_MURAL","Mural","T4398343","InhouseData",NA,"MIBC","T2",NA,NA
"InhouseData_T4450398_AGGAAATGTGATTCAC-1","/home/data/t070721/codex_workspace/Bladder Metabolism/subtype/round3/02_reclustering/Fibroblast/Fibroblast_round3_reclustered_preannotation.qs2","11","MOVE_FIBRO_TO_MURAL","Mural","T4450398","InhouseData",NA,"MIBC","T2",NA,NA
"InhouseData_T4450398_GGGTTATCAGTTGTCA-1","/home/data/t070721/codex_workspace/Bladder Metabolism/subtype/round3/02_reclustering/Fibroblast/Fibroblast_round3_reclustered_preannotation.qs2","11","MOVE_FIBRO_TO_MURAL","Mural","T4450398","InhouseData",NA,"MIBC","T2",NA,NA
"InhouseData_T4450398_TCCTAATTCAACTTTC-1","/home/data/t070721/codex_workspace/Bladder Metabolism/subtype/round3/02_reclustering/Fibroblast/Fibroblast_round3_reclustered_preannotation.qs2","11","MOVE_FIBRO_TO_MURAL","Mural","T4450398","InhouseData",NA,"MIBC","T2",NA,NA
"InhouseData_T4450398_TGCTCGTAGGTGCATG-1","/home/data/t070721/codex_workspace/Bladder Metabolism/subtype/round3/02_reclustering/Fibroblast/Fibroblast_round3_reclustered_preannotation.qs2","11","MOVE_FIBRO_TO_MURAL","Mural","T4450398","InhouseData",NA,"MIBC","T2",NA,NA
"InhouseData_T4463209a_ATACTTCTCATCACTT-1","/home/data/t070721/codex_workspace/Bladder Metabolism/subtype/round3/02_reclustering/Fibroblast/Fibroblast_round3_reclustered_preannotation.qs2","11","MOVE_FIBRO_TO_MURAL","Mural","T4463209a","InhouseData",NA,"MIBC","T2",NA,NA
"InhouseData_T4463209a_GCAACATAGTACCCTA-1","/home/data/t070721/codex_workspace/Bladder Metabolism/subtype/round3/02_reclustering/Fibroblast/Fibroblast_round3_reclustered_preannotation.qs2","11","MOVE_FIBRO_TO_MURAL","Mural","T4463209a","InhouseData",NA,"MIBC","T2",NA,NA
"InhouseData_T4463209b_AACAGGGAGGGTACGT-1","/home/data/t070721/codex_workspace/Bladder Metabolism/subtype/round3/02_reclustering/Fibroblast/Fibroblast_round3_reclustered_preannotation.qs2","11","MOVE_FIBRO_TO_MURAL","Mural","T4463209b","InhouseData",NA,"MIBC","T2",NA,NA
"InhouseData_T4463209b_ACTATGGGTATTCCTT-1","/home/data/t070721/codex_workspace/Bladder Metabolism/subtype/round3/02_reclustering/Fibroblast/Fibroblast_round3_reclustered_preannotation.qs2","11","MOVE_FIBRO_TO_MURAL","Mural","T4463209b","InhouseData",NA,"MIBC","T2",NA,NA
"InhouseData_T4466585_ACGGTTACAAACCACT-1","/home/data/t070721/codex_workspace/Bladder Metabolism/subtype/round3/02_reclustering/Fibroblast/Fibroblast_round3_reclustered_preannotation.qs2","11","MOVE_FIBRO_TO_MURAL","Mural","T4466585","InhouseData",NA,"MIBC","T2",NA,NA
"InhouseData_T4466585_AGCGTCGTCAAGAGTA-1","/home/data/t070721/codex_workspace/Bladder Metabolism/subtype/round3/02_reclustering/Fibroblast/Fibroblast_round3_reclustered_preannotation.qs2","11","MOVE_FIBRO_TO_MURAL","Mural","T4466585","InhouseData",NA,"MIBC","T2",NA,NA
"InhouseData_T4466585_ATCATTCGTCAGGCAA-1","/home/data/t070721/codex_workspace/Bladder Metabolism/subtype/round3/02_reclustering/Fibroblast/Fibroblast_round3_reclustered_preannotation.qs2","11","MOVE_FIBRO_TO_MURAL","Mural","T4466585","InhouseData",NA,"MIBC","T2",NA,NA
"InhouseData_T4466585_CGCATAATCGACATTG-1","/home/data/t070721/codex_workspace/Bladder Metabolism/subtype/round3/02_reclustering/Fibroblast/Fibroblast_round3_reclustered_preannotation.qs2","11","MOVE_FIBRO_TO_MURAL","Mural","T4466585","InhouseData",NA,"MIBC","T2",NA,NA
"InhouseData_T4466585_CTCAACCCACTATCGA-1","/home/data/t070721/codex_workspace/Bladder Metabolism/subtype/round3/02_reclustering/Fibroblast/Fibroblast_round3_reclustered_preannotation.qs2","11","MOVE_FIBRO_TO_MURAL","Mural","T4466585","InhouseData",NA,"MIBC","T2",NA,NA
"InhouseData_T4466585_GCACGTGTCCGATTAG-1","/home/data/t070721/codex_workspace/Bladder Metabolism/subtype/round3/02_reclustering/Fibroblast/Fibroblast_round3_reclustered_preannotation.qs2","11","MOVE_FIBRO_TO_MURAL","Mural","T4466585","InhouseData",NA,"MIBC","T2",NA,NA
"InhouseData_T4466585_TGATGCACAAGATTGA-1","/home/data/t070721/codex_workspace/Bladder Metabolism/subtype/round3/02_reclustering/Fibroblast/Fibroblast_round3_reclustered_preannotation.qs2","11","MOVE_FIBRO_TO_MURAL","Mural","T4466585","InhouseData",NA,"MIBC","T2",NA,NA
"InhouseData_T4466585_TTGCCTGCATCCGTTC-1","/home/data/t070721/codex_workspace/Bladder Metabolism/subtype/round3/02_reclustering/Fibroblast/Fibroblast_round3_reclustered_preannotation.qs2","11","MOVE_FIBRO_TO_MURAL","Mural","T4466585","InhouseData",NA,"MIBC","T2",NA,NA
"InhouseData_T4469479_AACGAAAAGACCATGG-1","/home/data/t070721/codex_workspace/Bladder Metabolism/subtype/round3/02_reclustering/Fibroblast/Fibroblast_round3_reclustered_preannotation.qs2","11","MOVE_FIBRO_TO_MURAL","Mural","T4469479","InhouseData",NA,"MIBC","T4",NA,NA
"InhouseData_T4469479_AGGTCATAGAGGGCGA-1","/home/data/t070721/codex_workspace/Bladder Metabolism/subtype/round3/02_reclustering/Fibroblast/Fibroblast_round3_reclustered_preannotation.qs2","11","MOVE_FIBRO_TO_MURAL","Mural","T4469479","InhouseData",NA,"MIBC","T4",NA,NA
"InhouseData_T4469479_ATTCCTATCGGTTGTA-1","/home/data/t070721/codex_workspace/Bladder Metabolism/subtype/round3/02_reclustering/Fibroblast/Fibroblast_round3_reclustered_preannotation.qs2","11","MOVE_FIBRO_TO_MURAL","Mural","T4469479","InhouseData",NA,"MIBC","T4",NA,NA
"InhouseData_T4469479_CTAGACACAGCATTGT-1","/home/data/t070721/codex_workspace/Bladder Metabolism/subtype/round3/02_reclustering/Fibroblast/Fibroblast_round3_reclustered_preannotation.qs2","11","MOVE_FIBRO_TO_MURAL","Mural","T4469479","InhouseData",NA,"MIBC","T4",NA,NA
"InhouseData_T4469479_TCGGGTGCACGGTGCT-1","/home/data/t070721/codex_workspace/Bladder Metabolism/subtype/round3/02_reclustering/Fibroblast/Fibroblast_round3_reclustered_preannotation.qs2","11","MOVE_FIBRO_TO_MURAL","Mural","T4469479","InhouseData",NA,"MIBC","T4",NA,NA
"InhouseData_T4471438_AAGTCGTGTCGGTACC-1","/home/data/t070721/codex_workspace/Bladder Metabolism/subtype/round3/02_reclustering/Fibroblast/Fibroblast_round3_reclustered_preannotation.qs2","11","MOVE_FIBRO_TO_MURAL","Mural","T4471438","InhouseData",NA,"MIBC","T4",NA,NA
"InhouseData_T4471438_AGAACAATCGCCAATA-1","/home/data/t070721/codex_workspace/Bladder Metabolism/subtype/round3/02_reclustering/Fibroblast/Fibroblast_round3_reclustered_preannotation.qs2","11","MOVE_FIBRO_TO_MURAL","Mural","T4471438","InhouseData",NA,"MIBC","T4",NA,NA
"InhouseData_T4471438_AGAACCTAGGGCCTCT-1","/home/data/t070721/codex_workspace/Bladder Metabolism/subtype/round3/02_reclustering/Fibroblast/Fibroblast_round3_reclustered_preannotation.qs2","11","MOVE_FIBRO_TO_MURAL","Mural","T4471438","InhouseData",NA,"MIBC","T4",NA,NA
"InhouseData_T4471438_AGCTTCCAGAATCGCG-1","/home/data/t070721/codex_workspace/Bladder Metabolism/subtype/round3/02_reclustering/Fibroblast/Fibroblast_round3_reclustered_preannotation.qs2","11","MOVE_FIBRO_TO_MURAL","Mural","T4471438","InhouseData",NA,"MIBC","T4",NA,NA
"InhouseData_T4471438_CATGGTACAGCTTTGA-1","/home/data/t070721/codex_workspace/Bladder Metabolism/subtype/round3/02_reclustering/Fibroblast/Fibroblast_round3_reclustered_preannotation.qs2","11","MOVE_FIBRO_TO_MURAL","Mural","T4471438","InhouseData",NA,"MIBC","T4",NA,NA
"InhouseData_T4471438_CGCCAGAGTATGGTTC-1","/home/data/t070721/codex_workspace/Bladder Metabolism/subtype/round3/02_reclustering/Fibroblast/Fibroblast_round3_reclustered_preannotation.qs2","11","MOVE_FIBRO_TO_MURAL","Mural","T4471438","InhouseData",NA,"MIBC","T4",NA,NA
"InhouseData_T4471438_CTATAGGTCTGCCTGT-1","/home/data/t070721/codex_workspace/Bladder Metabolism/subtype/round3/02_reclustering/Fibroblast/Fibroblast_round3_reclustered_preannotation.qs2","11","MOVE_FIBRO_TO_MURAL","Mural","T4471438","InhouseData",NA,"MIBC","T4",NA,NA
"InhouseData_T4471438_CTTCAATCAGCGTTGC-1","/home/data/t070721/codex_workspace/Bladder Metabolism/subtype/round3/02_reclustering/Fibroblast/Fibroblast_round3_reclustered_preannotation.qs2","11","MOVE_FIBRO_TO_MURAL","Mural","T4471438","InhouseData",NA,"MIBC","T4",NA,NA
"InhouseData_T4471438_GACTGATCAGGTGGAT-1","/home/data/t070721/codex_workspace/Bladder Metabolism/subtype/round3/02_reclustering/Fibroblast/Fibroblast_round3_reclustered_preannotation.qs2","11","MOVE_FIBRO_TO_MURAL","Mural","T4471438","InhouseData",NA,"MIBC","T4",NA,NA
"InhouseData_T4471438_GCAGGCTGTTCCACGG-1","/home/data/t070721/codex_workspace/Bladder Metabolism/subtype/round3/02_reclustering/Fibroblast/Fibroblast_round3_reclustered_preannotation.qs2","11","MOVE_FIBRO_TO_MURAL","Mural","T4471438","InhouseData",NA,"MIBC","T4",NA,NA
"InhouseData_T4471438_GTCAAACAGCATCAAA-1","/home/data/t070721/codex_workspace/Bladder Metabolism/subtype/round3/02_reclustering/Fibroblast/Fibroblast_round3_reclustered_preannotation.qs2","11","MOVE_FIBRO_TO_MURAL","Mural","T4471438","InhouseData",NA,"MIBC","T4",NA,NA
"InhouseData_T4471438_TACCGGGAGGTAAAGG-1","/home/data/t070721/codex_workspace/Bladder Metabolism/subtype/round3/02_reclustering/Fibroblast/Fibroblast_round3_reclustered_preannotation.qs2","11","MOVE_FIBRO_TO_MURAL","Mural","T4471438","InhouseData",NA,"MIBC","T4",NA,NA
"InhouseData_T4471438_TATTTCGTCGCCACTT-1","/home/data/t070721/codex_workspace/Bladder Metabolism/subtype/round3/02_reclustering/Fibroblast/Fibroblast_round3_reclustered_preannotation.qs2","11","MOVE_FIBRO_TO_MURAL","Mural","T4471438","InhouseData",NA,"MIBC","T4",NA,NA
"InhouseData_T4471438_TCACGGGGTCTTGGTA-1","/home/data/t070721/codex_workspace/Bladder Metabolism/subtype/round3/02_reclustering/Fibroblast/Fibroblast_round3_reclustered_preannotation.qs2","11","MOVE_FIBRO_TO_MURAL","Mural","T4471438","InhouseData",NA,"MIBC","T4",NA,NA
"InhouseData_T4471438_TCGGGTGTCATGTCAG-1","/home/data/t070721/codex_workspace/Bladder Metabolism/subtype/round3/02_reclustering/Fibroblast/Fibroblast_round3_reclustered_preannotation.qs2","11","MOVE_FIBRO_TO_MURAL","Mural","T4471438","InhouseData",NA,"MIBC","T4",NA,NA
"InhouseData_T4471438_TTCCAATGTCCAAGAG-1","/home/data/t070721/codex_workspace/Bladder Metabolism/subtype/round3/02_reclustering/Fibroblast/Fibroblast_round3_reclustered_preannotation.qs2","11","MOVE_FIBRO_TO_MURAL","Mural","T4471438","InhouseData",NA,"MIBC","T4",NA,NA
"InhouseData_T8009218_AACGTCAGTTATGACC-1","/home/data/t070721/codex_workspace/Bladder Metabolism/subtype/round3/02_reclustering/Fibroblast/Fibroblast_round3_reclustered_preannotation.qs2","11","MOVE_FIBRO_TO_MURAL","Mural","T8009218","InhouseData",NA,"MIBC","T3",NA,NA
"InhouseData_T8009218_ACATTTCGTCTGATCA-1","/home/data/t070721/codex_workspace/Bladder Metabolism/subtype/round3/02_reclustering/Fibroblast/Fibroblast_round3_reclustered_preannotation.qs2","11","MOVE_FIBRO_TO_MURAL","Mural","T8009218","InhouseData",NA,"MIBC","T3",NA,NA
"InhouseData_T8009218_AGAGCAGCAGACAAGC-1","/home/data/t070721/codex_workspace/Bladder Metabolism/subtype/round3/02_reclustering/Fibroblast/Fibroblast_round3_reclustered_preannotation.qs2","11","MOVE_FIBRO_TO_MURAL","Mural","T8009218","InhouseData",NA,"MIBC","T3",NA,NA
"InhouseData_T8009218_AGATGAAGTCCGATCG-1","/home/data/t070721/codex_workspace/Bladder Metabolism/subtype/round3/02_reclustering/Fibroblast/Fibroblast_round3_reclustered_preannotation.qs2","11","MOVE_FIBRO_TO_MURAL","Mural","T8009218","InhouseData",NA,"MIBC","T3",NA,NA
"InhouseData_T8009218_AGGTTACAGATCCCGC-1","/home/data/t070721/codex_workspace/Bladder Metabolism/subtype/round3/02_reclustering/Fibroblast/Fibroblast_round3_reclustered_preannotation.qs2","11","MOVE_FIBRO_TO_MURAL","Mural","T8009218","InhouseData",NA,"MIBC","T3",NA,NA
"InhouseData_T8009218_AGTCACAGTCCGGACT-1","/home/data/t070721/codex_workspace/Bladder Metabolism/subtype/round3/02_reclustering/Fibroblast/Fibroblast_round3_reclustered_preannotation.qs2","11","MOVE_FIBRO_TO_MURAL","Mural","T8009218","InhouseData",NA,"MIBC","T3",NA,NA
"InhouseData_T8009218_ATCACGAAGATCCCAT-1","/home/data/t070721/codex_workspace/Bladder Metabolism/subtype/round3/02_reclustering/Fibroblast/Fibroblast_round3_reclustered_preannotation.qs2","11","MOVE_FIBRO_TO_MURAL","Mural","T8009218","InhouseData",NA,"MIBC","T3",NA,NA
"InhouseData_T8009218_ATGGAGGCAACGTATC-1","/home/data/t070721/codex_workspace/Bladder Metabolism/subtype/round3/02_reclustering/Fibroblast/Fibroblast_round3_reclustered_preannotation.qs2","11","MOVE_FIBRO_TO_MURAL","Mural","T8009218","InhouseData",NA,"MIBC","T3",NA,NA
"InhouseData_T8009218_CAACAGTAGTCGCCCA-1","/home/data/t070721/codex_workspace/Bladder Metabolism/subtype/round3/02_reclustering/Fibroblast/Fibroblast_round3_reclustered_preannotation.qs2","11","MOVE_FIBRO_TO_MURAL","Mural","T8009218","InhouseData",NA,"MIBC","T3",NA,NA
"InhouseData_T8009218_CCGATGGGTGGGTTGA-1","/home/data/t070721/codex_workspace/Bladder Metabolism/subtype/round3/02_reclustering/Fibroblast/Fibroblast_round3_reclustered_preannotation.qs2","11","MOVE_FIBRO_TO_MURAL","Mural","T8009218","InhouseData",NA,"MIBC","T3",NA,NA
"InhouseData_T8009218_CCTAACCGTAACACCT-1","/home/data/t070721/codex_workspace/Bladder Metabolism/subtype/round3/02_reclustering/Fibroblast/Fibroblast_round3_reclustered_preannotation.qs2","11","MOVE_FIBRO_TO_MURAL","Mural","T8009218","InhouseData",NA,"MIBC","T3",NA,NA
"InhouseData_T8009218_CCTCAGTTCTTGTTAC-1","/home/data/t070721/codex_workspace/Bladder Metabolism/subtype/round3/02_reclustering/Fibroblast/Fibroblast_round3_reclustered_preannotation.qs2","11","MOVE_FIBRO_TO_MURAL","Mural","T8009218","InhouseData",NA,"MIBC","T3",NA,NA
"InhouseData_T8009218_CGAGTGCTCGAAGGAC-1","/home/data/t070721/codex_workspace/Bladder Metabolism/subtype/round3/02_reclustering/Fibroblast/Fibroblast_round3_reclustered_preannotation.qs2","11","MOVE_FIBRO_TO_MURAL","Mural","T8009218","InhouseData",NA,"MIBC","T3",NA,NA
"InhouseData_T8009218_CTCAGAAAGCTTAGTC-1","/home/data/t070721/codex_workspace/Bladder Metabolism/subtype/round3/02_reclustering/Fibroblast/Fibroblast_round3_reclustered_preannotation.qs2","11","MOVE_FIBRO_TO_MURAL","Mural","T8009218","InhouseData",NA,"MIBC","T3",NA,NA
"InhouseData_T8009218_CTGGTCTTCCTAGCCT-1","/home/data/t070721/codex_workspace/Bladder Metabolism/subtype/round3/02_reclustering/Fibroblast/Fibroblast_round3_reclustered_preannotation.qs2","11","MOVE_FIBRO_TO_MURAL","Mural","T8009218","InhouseData",NA,"MIBC","T3",NA,NA
"InhouseData_T8009218_GACCCAGCAAACTCTG-1","/home/data/t070721/codex_workspace/Bladder Metabolism/subtype/round3/02_reclustering/Fibroblast/Fibroblast_round3_reclustered_preannotation.qs2","11","MOVE_FIBRO_TO_MURAL","Mural","T8009218","InhouseData",NA,"MIBC","T3",NA,NA
"InhouseData_T8009218_GATGACTAGCGACCCT-1","/home/data/t070721/codex_workspace/Bladder Metabolism/subtype/round3/02_reclustering/Fibroblast/Fibroblast_round3_reclustered_preannotation.qs2","11","MOVE_FIBRO_TO_MURAL","Mural","T8009218","InhouseData",NA,"MIBC","T3",NA,NA
"InhouseData_T8009218_GATTGGTAGCCACTCG-1","/home/data/t070721/codex_workspace/Bladder Metabolism/subtype/round3/02_reclustering/Fibroblast/Fibroblast_round3_reclustered_preannotation.qs2","11","MOVE_FIBRO_TO_MURAL","Mural","T8009218","InhouseData",NA,"MIBC","T3",NA,NA
"InhouseData_T8009218_GCACGTGTCTCGTGAA-1","/home/data/t070721/codex_workspace/Bladder Metabolism/subtype/round3/02_reclustering/Fibroblast/Fibroblast_round3_reclustered_preannotation.qs2","11","MOVE_FIBRO_TO_MURAL","Mural","T8009218","InhouseData",NA,"MIBC","T3",NA,NA
"InhouseData_T8009218_GCCAGCACAGGGTTGA-1","/home/data/t070721/codex_workspace/Bladder Metabolism/subtype/round3/02_reclustering/Fibroblast/Fibroblast_round3_reclustered_preannotation.qs2","11","MOVE_FIBRO_TO_MURAL","Mural","T8009218","InhouseData",NA,"MIBC","T3",NA,NA
"InhouseData_T8009218_GCCATTCCAAATGGAT-1","/home/data/t070721/codex_workspace/Bladder Metabolism/subtype/round3/02_reclustering/Fibroblast/Fibroblast_round3_reclustered_preannotation.qs2","11","MOVE_FIBRO_TO_MURAL","Mural","T8009218","InhouseData",NA,"MIBC","T3",NA,NA
"InhouseData_T8009218_GCTTGGGAGGTCATAA-1","/home/data/t070721/codex_workspace/Bladder Metabolism/subtype/round3/02_reclustering/Fibroblast/Fibroblast_round3_reclustered_preannotation.qs2","11","MOVE_FIBRO_TO_MURAL","Mural","T8009218","InhouseData",NA,"MIBC","T3",NA,NA
"InhouseData_T8009218_GGGTCTGCACCTGCTT-1","/home/data/t070721/codex_workspace/Bladder Metabolism/subtype/round3/02_reclustering/Fibroblast/Fibroblast_round3_reclustered_preannotation.qs2","11","MOVE_FIBRO_TO_MURAL","Mural","T8009218","InhouseData",NA,"MIBC","T3",NA,NA
"InhouseData_T8009218_GGGTTATGTGCTCCGA-1","/home/data/t070721/codex_workspace/Bladder Metabolism/subtype/round3/02_reclustering/Fibroblast/Fibroblast_round3_reclustered_preannotation.qs2","11","MOVE_FIBRO_TO_MURAL","Mural","T8009218","InhouseData",NA,"MIBC","T3",NA,NA
"InhouseData_T8009218_GTAGATCGTCATCTAG-1","/home/data/t070721/codex_workspace/Bladder Metabolism/subtype/round3/02_reclustering/Fibroblast/Fibroblast_round3_reclustered_preannotation.qs2","11","MOVE_FIBRO_TO_MURAL","Mural","T8009218","InhouseData",NA,"MIBC","T3",NA,NA
"InhouseData_T8009218_GTGTAACAGTTGCATC-1","/home/data/t070721/codex_workspace/Bladder Metabolism/subtype/round3/02_reclustering/Fibroblast/Fibroblast_round3_reclustered_preannotation.qs2","11","MOVE_FIBRO_TO_MURAL","Mural","T8009218","InhouseData",NA,"MIBC","T3",NA,NA
"InhouseData_T8009218_GTGTGATGTCGCGGTT-1","/home/data/t070721/codex_workspace/Bladder Metabolism/subtype/round3/02_reclustering/Fibroblast/Fibroblast_round3_reclustered_preannotation.qs2","11","MOVE_FIBRO_TO_MURAL","Mural","T8009218","InhouseData",NA,"MIBC","T3",NA,NA
"InhouseData_T8009218_GTTAGTGTCTGCCCTA-1","/home/data/t070721/codex_workspace/Bladder Metabolism/subtype/round3/02_reclustering/Fibroblast/Fibroblast_round3_reclustered_preannotation.qs2","11","MOVE_FIBRO_TO_MURAL","Mural","T8009218","InhouseData",NA,"MIBC","T3",NA,NA
"InhouseData_T8009218_TACGGGCGTGACATCT-1","/home/data/t070721/codex_workspace/Bladder Metabolism/subtype/round3/02_reclustering/Fibroblast/Fibroblast_round3_reclustered_preannotation.qs2","11","MOVE_FIBRO_TO_MURAL","Mural","T8009218","InhouseData",NA,"MIBC","T3",NA,NA
"InhouseData_T8009218_TATTCCAGTCAGGTGA-1","/home/data/t070721/codex_workspace/Bladder Metabolism/subtype/round3/02_reclustering/Fibroblast/Fibroblast_round3_reclustered_preannotation.qs2","11","MOVE_FIBRO_TO_MURAL","Mural","T8009218","InhouseData",NA,"MIBC","T3",NA,NA
"InhouseData_T8009218_TCCATGCTCAGTCATG-1","/home/data/t070721/codex_workspace/Bladder Metabolism/subtype/round3/02_reclustering/Fibroblast/Fibroblast_round3_reclustered_preannotation.qs2","11","MOVE_FIBRO_TO_MURAL","Mural","T8009218","InhouseData",NA,"MIBC","T3",NA,NA
"InhouseData_T8009218_TCGCACTCACGCTGCA-1","/home/data/t070721/codex_workspace/Bladder Metabolism/subtype/round3/02_reclustering/Fibroblast/Fibroblast_round3_reclustered_preannotation.qs2","11","MOVE_FIBRO_TO_MURAL","Mural","T8009218","InhouseData",NA,"MIBC","T3",NA,NA
"InhouseData_T8009218_TCTCCGAGTGGAACCA-1","/home/data/t070721/codex_workspace/Bladder Metabolism/subtype/round3/02_reclustering/Fibroblast/Fibroblast_round3_reclustered_preannotation.qs2","11","MOVE_FIBRO_TO_MURAL","Mural","T8009218","InhouseData",NA,"MIBC","T3",NA,NA
"InhouseData_T8009218_TGAGGAGGTGAGGAAA-1","/home/data/t070721/codex_workspace/Bladder Metabolism/subtype/round3/02_reclustering/Fibroblast/Fibroblast_round3_reclustered_preannotation.qs2","11","MOVE_FIBRO_TO_MURAL","Mural","T8009218","InhouseData",NA,"MIBC","T3",NA,NA
"InhouseData_T4465935_AATCGTGCAATGGCCC-1","/home/data/t070721/codex_workspace/Bladder Metabolism/subtype/round3/02_reclustering/Fibroblast/Fibroblast_round3_reclustered_preannotation.qs2","11","MOVE_FIBRO_TO_MURAL","Mural","T4465935","InhouseData",NA,"MIBC","T2",NA,NA
"InhouseData_T4465935_CGATCGGCACCTGCTT-1","/home/data/t070721/codex_workspace/Bladder Metabolism/subtype/round3/02_reclustering/Fibroblast/Fibroblast_round3_reclustered_preannotation.qs2","11","MOVE_FIBRO_TO_MURAL","Mural","T4465935","InhouseData",NA,"MIBC","T2",NA,NA
"InhouseData_T4465935_GGTAACTGTTCTTGTT-1","/home/data/t070721/codex_workspace/Bladder Metabolism/subtype/round3/02_reclustering/Fibroblast/Fibroblast_round3_reclustered_preannotation.qs2","11","MOVE_FIBRO_TO_MURAL","Mural","T4465935","InhouseData",NA,"MIBC","T2",NA,NA
"InhouseData_T4465219_ACAGCCGAGAACCCGA-1","/home/data/t070721/codex_workspace/Bladder Metabolism/subtype/round3/02_reclustering/Fibroblast/Fibroblast_round3_reclustered_preannotation.qs2","11","MOVE_FIBRO_TO_MURAL","Mural","T4465219","InhouseData",NA,"MIBC","T2",NA,NA
"InhouseData_T4465219_ACATTTCGTATTGCCA-1","/home/data/t070721/codex_workspace/Bladder Metabolism/subtype/round3/02_reclustering/Fibroblast/Fibroblast_round3_reclustered_preannotation.qs2","11","MOVE_FIBRO_TO_MURAL","Mural","T4465219","InhouseData",NA,"MIBC","T2",NA,NA
"InhouseData_T4465219_AGATGAAGTATCACGT-1","/home/data/t070721/codex_workspace/Bladder Metabolism/subtype/round3/02_reclustering/Fibroblast/Fibroblast_round3_reclustered_preannotation.qs2","11","MOVE_FIBRO_TO_MURAL","Mural","T4465219","InhouseData",NA,"MIBC","T2",NA,NA
"InhouseData_T4465219_AGTAGCTTCCCTGTTG-1","/home/data/t070721/codex_workspace/Bladder Metabolism/subtype/round3/02_reclustering/Fibroblast/Fibroblast_round3_reclustered_preannotation.qs2","11","MOVE_FIBRO_TO_MURAL","Mural","T4465219","InhouseData",NA,"MIBC","T2",NA,NA
"InhouseData_T4465219_CACATGAAGGATACCG-1","/home/data/t070721/codex_workspace/Bladder Metabolism/subtype/round3/02_reclustering/Fibroblast/Fibroblast_round3_reclustered_preannotation.qs2","11","MOVE_FIBRO_TO_MURAL","Mural","T4465219","InhouseData",NA,"MIBC","T2",NA,NA
"InhouseData_T4465219_CAGCCAGGTAGGCTCC-1","/home/data/t070721/codex_workspace/Bladder Metabolism/subtype/round3/02_reclustering/Fibroblast/Fibroblast_round3_reclustered_preannotation.qs2","11","MOVE_FIBRO_TO_MURAL","Mural","T4465219","InhouseData",NA,"MIBC","T2",NA,NA
"InhouseData_T4465219_CCGGGTATCGTTCATT-1","/home/data/t070721/codex_workspace/Bladder Metabolism/subtype/round3/02_reclustering/Fibroblast/Fibroblast_round3_reclustered_preannotation.qs2","11","MOVE_FIBRO_TO_MURAL","Mural","T4465219","InhouseData",NA,"MIBC","T2",NA,NA
"InhouseData_T4465219_CGAAGTTGTTATGTCG-1","/home/data/t070721/codex_workspace/Bladder Metabolism/subtype/round3/02_reclustering/Fibroblast/Fibroblast_round3_reclustered_preannotation.qs2","11","MOVE_FIBRO_TO_MURAL","Mural","T4465219","InhouseData",NA,"MIBC","T2",NA,NA
"InhouseData_T4465219_CTAGACACATTGACCA-1","/home/data/t070721/codex_workspace/Bladder Metabolism/subtype/round3/02_reclustering/Fibroblast/Fibroblast_round3_reclustered_preannotation.qs2","11","MOVE_FIBRO_TO_MURAL","Mural","T4465219","InhouseData",NA,"MIBC","T2",NA,NA
"InhouseData_T4465219_CTCATCGGTTATCCAG-1","/home/data/t070721/codex_workspace/Bladder Metabolism/subtype/round3/02_reclustering/Fibroblast/Fibroblast_round3_reclustered_preannotation.qs2","11","MOVE_FIBRO_TO_MURAL","Mural","T4465219","InhouseData",NA,"MIBC","T2",NA,NA
"InhouseData_T4465219_GGAAGTGCACGCTTAA-1","/home/data/t070721/codex_workspace/Bladder Metabolism/subtype/round3/02_reclustering/Fibroblast/Fibroblast_round3_reclustered_preannotation.qs2","11","MOVE_FIBRO_TO_MURAL","Mural","T4465219","InhouseData",NA,"MIBC","T2",NA,NA
"InhouseData_T4465219_TAGGGTTGTGGGTCAA-1","/home/data/t070721/codex_workspace/Bladder Metabolism/subtype/round3/02_reclustering/Fibroblast/Fibroblast_round3_reclustered_preannotation.qs2","11","MOVE_FIBRO_TO_MURAL","Mural","T4465219","InhouseData",NA,"MIBC","T2",NA,NA
"InhouseData_T4465219_TATTTCGTCTTCGGAA-1","/home/data/t070721/codex_workspace/Bladder Metabolism/subtype/round3/02_reclustering/Fibroblast/Fibroblast_round3_reclustered_preannotation.qs2","11","MOVE_FIBRO_TO_MURAL","Mural","T4465219","InhouseData",NA,"MIBC","T2",NA,NA
"InhouseData_T4465219_TCGACGGAGCAACAAT-1","/home/data/t070721/codex_workspace/Bladder Metabolism/subtype/round3/02_reclustering/Fibroblast/Fibroblast_round3_reclustered_preannotation.qs2","11","MOVE_FIBRO_TO_MURAL","Mural","T4465219","InhouseData",NA,"MIBC","T2",NA,NA
"PRJNA662018_PRJNA662018_P1N1_AACACGTAGTCGATAA-1","/home/data/t070721/codex_workspace/Bladder Metabolism/subtype/round3/02_reclustering/Fibroblast/Fibroblast_round3_reclustered_preannotation.qs2","11","MOVE_FIBRO_TO_MURAL","Mural","PRJNA662018_PRJNA662018_P1N1","PRJNA662018","PRJNA662018_PRJNA662018_P1N1","Normal","Normal","Normal","Normal"
"PRJNA662018_PRJNA662018_P1N1_CTAGTGAAGAATCTCC-1","/home/data/t070721/codex_workspace/Bladder Metabolism/subtype/round3/02_reclustering/Fibroblast/Fibroblast_round3_reclustered_preannotation.qs2","11","MOVE_FIBRO_TO_MURAL","Mural","PRJNA662018_PRJNA662018_P1N1","PRJNA662018","PRJNA662018_PRJNA662018_P1N1","Normal","Normal","Normal","Normal"
"PRJNA662018_PRJNA662018_P1N1_GACTGCGTCGTTTAGG-1","/home/data/t070721/codex_workspace/Bladder Metabolism/subtype/round3/02_reclustering/Fibroblast/Fibroblast_round3_reclustered_preannotation.qs2","11","MOVE_FIBRO_TO_MURAL","Mural","PRJNA662018_PRJNA662018_P1N1","PRJNA662018","PRJNA662018_PRJNA662018_P1N1","Normal","Normal","Normal","Normal"
"PRJNA662018_PRJNA662018_P1T1_ACCAGTAAGCACCGTC-1","/home/data/t070721/codex_workspace/Bladder Metabolism/subtype/round3/02_reclustering/Fibroblast/Fibroblast_round3_reclustered_preannotation.qs2","11","MOVE_FIBRO_TO_MURAL","Mural","PRJNA662018_PRJNA662018_P1T1","PRJNA662018","PRJNA662018_PRJNA662018_P1T1","NMIBC",NA,NA,NA
"PRJNA662018_PRJNA662018_P1T1_ACGCCAGAGTTGTCGT-1","/home/data/t070721/codex_workspace/Bladder Metabolism/subtype/round3/02_reclustering/Fibroblast/Fibroblast_round3_reclustered_preannotation.qs2","11","MOVE_FIBRO_TO_MURAL","Mural","PRJNA662018_PRJNA662018_P1T1","PRJNA662018","PRJNA662018_PRJNA662018_P1T1","NMIBC",NA,NA,NA
"PRJNA662018_PRJNA662018_P1T1_ACGCCGACAAGAAAGG-1","/home/data/t070721/codex_workspace/Bladder Metabolism/subtype/round3/02_reclustering/Fibroblast/Fibroblast_round3_reclustered_preannotation.qs2","11","MOVE_FIBRO_TO_MURAL","Mural","PRJNA662018_PRJNA662018_P1T1","PRJNA662018","PRJNA662018_PRJNA662018_P1T1","NMIBC",NA,NA,NA
"PRJNA662018_PRJNA662018_P1T1_ACGGGCTCAAGCCCAC-1","/home/data/t070721/codex_workspace/Bladder Metabolism/subtype/round3/02_reclustering/Fibroblast/Fibroblast_round3_reclustered_preannotation.qs2","11","MOVE_FIBRO_TO_MURAL","Mural","PRJNA662018_PRJNA662018_P1T1","PRJNA662018","PRJNA662018_PRJNA662018_P1T1","NMIBC",NA,NA,NA
"PRJNA662018_PRJNA662018_P1T1_ACGGGTCAGAGACTTA-1","/home/data/t070721/codex_workspace/Bladder Metabolism/subtype/round3/02_reclustering/Fibroblast/Fibroblast_round3_reclustered_preannotation.qs2","11","MOVE_FIBRO_TO_MURAL","Mural","PRJNA662018_PRJNA662018_P1T1","PRJNA662018","PRJNA662018_PRJNA662018_P1T1","NMIBC",NA,NA,NA
"PRJNA662018_PRJNA662018_P1T1_AGCATACCACAGATTC-1","/home/data/t070721/codex_workspace/Bladder Metabolism/subtype/round3/02_reclustering/Fibroblast/Fibroblast_round3_reclustered_preannotation.qs2","11","MOVE_FIBRO_TO_MURAL","Mural","PRJNA662018_PRJNA662018_P1T1","PRJNA662018","PRJNA662018_PRJNA662018_P1T1","NMIBC",NA,NA,NA
"PRJNA662018_PRJNA662018_P1T1_AGCTCCTAGCCGATTT-1","/home/data/t070721/codex_workspace/Bladder Metabolism/subtype/round3/02_reclustering/Fibroblast/Fibroblast_round3_reclustered_preannotation.qs2","11","MOVE_FIBRO_TO_MURAL","Mural","PRJNA662018_PRJNA662018_P1T1","PRJNA662018","PRJNA662018_PRJNA662018_P1T1","NMIBC",NA,NA,NA
"PRJNA662018_PRJNA662018_P1T1_AGCTCTCTCTACGAGT-1","/home/data/t070721/codex_workspace/Bladder Metabolism/subtype/round3/02_reclustering/Fibroblast/Fibroblast_round3_reclustered_preannotation.qs2","11","MOVE_FIBRO_TO_MURAL","Mural","PRJNA662018_PRJNA662018_P1T1","PRJNA662018","PRJNA662018_PRJNA662018_P1T1","NMIBC",NA,NA,NA
"PRJNA662018_PRJNA662018_P1T1_ATCATCTAGAAACGAG-1","/home/data/t070721/codex_workspace/Bladder Metabolism/subtype/round3/02_reclustering/Fibroblast/Fibroblast_round3_reclustered_preannotation.qs2","11","MOVE_FIBRO_TO_MURAL","Mural","PRJNA662018_PRJNA662018_P1T1","PRJNA662018","PRJNA662018_PRJNA662018_P1T1","NMIBC",NA,NA,NA
"PRJNA662018_PRJNA662018_P1T1_ATCGAGTCAAGGACTG-1","/home/data/t070721/codex_workspace/Bladder Metabolism/subtype/round3/02_reclustering/Fibroblast/Fibroblast_round3_reclustered_preannotation.qs2","11","MOVE_FIBRO_TO_MURAL","Mural","PRJNA662018_PRJNA662018_P1T1","PRJNA662018","PRJNA662018_PRJNA662018_P1T1","NMIBC",NA,NA,NA
"PRJNA662018_PRJNA662018_P1T1_ATTGGTGGTCGCGGTT-1","/home/data/t070721/codex_workspace/Bladder Metabolism/subtype/round3/02_reclustering/Fibroblast/Fibroblast_round3_reclustered_preannotation.qs2","11","MOVE_FIBRO_TO_MURAL","Mural","PRJNA662018_PRJNA662018_P1T1","PRJNA662018","PRJNA662018_PRJNA662018_P1T1","NMIBC",NA,NA,NA
"PRJNA662018_PRJNA662018_P1T1_CAAGGCCGTAATAGCA-1","/home/data/t070721/codex_workspace/Bladder Metabolism/subtype/round3/02_reclustering/Fibroblast/Fibroblast_round3_reclustered_preannotation.qs2","11","MOVE_FIBRO_TO_MURAL","Mural","PRJNA662018_PRJNA662018_P1T1","PRJNA662018","PRJNA662018_PRJNA662018_P1T1","NMIBC",NA,NA,NA
"PRJNA662018_PRJNA662018_P1T1_CACCACTCAGCGTAAG-1","/home/data/t070721/codex_workspace/Bladder Metabolism/subtype/round3/02_reclustering/Fibroblast/Fibroblast_round3_reclustered_preannotation.qs2","11","MOVE_FIBRO_TO_MURAL","Mural","PRJNA662018_PRJNA662018_P1T1","PRJNA662018","PRJNA662018_PRJNA662018_P1T1","NMIBC",NA,NA,NA
"PRJNA662018_PRJNA662018_P1T1_CAGCTGGCAATGCCAT-1","/home/data/t070721/codex_workspace/Bladder Metabolism/subtype/round3/02_reclustering/Fibroblast/Fibroblast_round3_reclustered_preannotation.qs2","11","MOVE_FIBRO_TO_MURAL","Mural","PRJNA662018_PRJNA662018_P1T1","PRJNA662018","PRJNA662018_PRJNA662018_P1T1","NMIBC",NA,NA,NA
"PRJNA662018_PRJNA662018_P1T1_CCACTACGTCTGATTG-1","/home/data/t070721/codex_workspace/Bladder Metabolism/subtype/round3/02_reclustering/Fibroblast/Fibroblast_round3_reclustered_preannotation.qs2","11","MOVE_FIBRO_TO_MURAL","Mural","PRJNA662018_PRJNA662018_P1T1","PRJNA662018","PRJNA662018_PRJNA662018_P1T1","NMIBC",NA,NA,NA
"PRJNA662018_PRJNA662018_P1T1_CGTTAGAAGAGATGAG-1","/home/data/t070721/codex_workspace/Bladder Metabolism/subtype/round3/02_reclustering/Fibroblast/Fibroblast_round3_reclustered_preannotation.qs2","11","MOVE_FIBRO_TO_MURAL","Mural","PRJNA662018_PRJNA662018_P1T1","PRJNA662018","PRJNA662018_PRJNA662018_P1T1","NMIBC",NA,NA,NA
"PRJNA662018_PRJNA662018_P1T1_CTACACCTCTCCAACC-1","/home/data/t070721/codex_workspace/Bladder Metabolism/subtype/round3/02_reclustering/Fibroblast/Fibroblast_round3_reclustered_preannotation.qs2","11","MOVE_FIBRO_TO_MURAL","Mural","PRJNA662018_PRJNA662018_P1T1","PRJNA662018","PRJNA662018_PRJNA662018_P1T1","NMIBC",NA,NA,NA
"PRJNA662018_PRJNA662018_P1T1_CTCACACCAAAGGAAG-1","/home/data/t070721/codex_workspace/Bladder Metabolism/subtype/round3/02_reclustering/Fibroblast/Fibroblast_round3_reclustered_preannotation.qs2","11","MOVE_FIBRO_TO_MURAL","Mural","PRJNA662018_PRJNA662018_P1T1","PRJNA662018","PRJNA662018_PRJNA662018_P1T1","NMIBC",NA,NA,NA
"PRJNA662018_PRJNA662018_P1T1_CTCGAAAGTTTAAGCC-1","/home/data/t070721/codex_workspace/Bladder Metabolism/subtype/round3/02_reclustering/Fibroblast/Fibroblast_round3_reclustered_preannotation.qs2","11","MOVE_FIBRO_TO_MURAL","Mural","PRJNA662018_PRJNA662018_P1T1","PRJNA662018","PRJNA662018_PRJNA662018_P1T1","NMIBC",NA,NA,NA
"PRJNA662018_PRJNA662018_P1T1_CTCGAGGGTGGGTCAA-1","/home/data/t070721/codex_workspace/Bladder Metabolism/subtype/round3/02_reclustering/Fibroblast/Fibroblast_round3_reclustered_preannotation.qs2","11","MOVE_FIBRO_TO_MURAL","Mural","PRJNA662018_PRJNA662018_P1T1","PRJNA662018","PRJNA662018_PRJNA662018_P1T1","NMIBC",NA,NA,NA
"PRJNA662018_PRJNA662018_P1T1_CTGCGGACACCTCGGA-1","/home/data/t070721/codex_workspace/Bladder Metabolism/subtype/round3/02_reclustering/Fibroblast/Fibroblast_round3_reclustered_preannotation.qs2","11","MOVE_FIBRO_TO_MURAL","Mural","PRJNA662018_PRJNA662018_P1T1","PRJNA662018","PRJNA662018_PRJNA662018_P1T1","NMIBC",NA,NA,NA
"PRJNA662018_PRJNA662018_P1T1_CTGCTGTGTGCGCTTG-1","/home/data/t070721/codex_workspace/Bladder Metabolism/subtype/round3/02_reclustering/Fibroblast/Fibroblast_round3_reclustered_preannotation.qs2","11","MOVE_FIBRO_TO_MURAL","Mural","PRJNA662018_PRJNA662018_P1T1","PRJNA662018","PRJNA662018_PRJNA662018_P1T1","NMIBC",NA,NA,NA
"PRJNA662018_PRJNA662018_P1T1_CTTACCGCAGGGTATG-1","/home/data/t070721/codex_workspace/Bladder Metabolism/subtype/round3/02_reclustering/Fibroblast/Fibroblast_round3_reclustered_preannotation.qs2","11","MOVE_FIBRO_TO_MURAL","Mural","PRJNA662018_PRJNA662018_P1T1","PRJNA662018","PRJNA662018_PRJNA662018_P1T1","NMIBC",NA,NA,NA
"PRJNA662018_PRJNA662018_P1T1_GAAACTCGTGGACGAT-1","/home/data/t070721/codex_workspace/Bladder Metabolism/subtype/round3/02_reclustering/Fibroblast/Fibroblast_round3_reclustered_preannotation.qs2","11","MOVE_FIBRO_TO_MURAL","Mural","PRJNA662018_PRJNA662018_P1T1","PRJNA662018","PRJNA662018_PRJNA662018_P1T1","NMIBC",NA,NA,NA
"PRJNA662018_PRJNA662018_P1T1_GAACATCGTCATCCCT-1","/home/data/t070721/codex_workspace/Bladder Metabolism/subtype/round3/02_reclustering/Fibroblast/Fibroblast_round3_reclustered_preannotation.qs2","11","MOVE_FIBRO_TO_MURAL","Mural","PRJNA662018_PRJNA662018_P1T1","PRJNA662018","PRJNA662018_PRJNA662018_P1T1","NMIBC",NA,NA,NA
"PRJNA662018_PRJNA662018_P1T1_GACTACACAGGTCTCG-1","/home/data/t070721/codex_workspace/Bladder Metabolism/subtype/round3/02_reclustering/Fibroblast/Fibroblast_round3_reclustered_preannotation.qs2","11","MOVE_FIBRO_TO_MURAL","Mural","PRJNA662018_PRJNA662018_P1T1","PRJNA662018","PRJNA662018_PRJNA662018_P1T1","NMIBC",NA,NA,NA
"PRJNA662018_PRJNA662018_P1T1_GAGGTGATCACCGGGT-1","/home/data/t070721/codex_workspace/Bladder Metabolism/subtype/round3/02_reclustering/Fibroblast/Fibroblast_round3_reclustered_preannotation.qs2","11","MOVE_FIBRO_TO_MURAL","Mural","PRJNA662018_PRJNA662018_P1T1","PRJNA662018","PRJNA662018_PRJNA662018_P1T1","NMIBC",NA,NA,NA
"PRJNA662018_PRJNA662018_P1T1_GAGTCCGAGTGCGATG-1","/home/data/t070721/codex_workspace/Bladder Metabolism/subtype/round3/02_reclustering/Fibroblast/Fibroblast_round3_reclustered_preannotation.qs2","11","MOVE_FIBRO_TO_MURAL","Mural","PRJNA662018_PRJNA662018_P1T1","PRJNA662018","PRJNA662018_PRJNA662018_P1T1","NMIBC",NA,NA,NA
"PRJNA662018_PRJNA662018_P1T1_GATCGATGTAAATGTG-1","/home/data/t070721/codex_workspace/Bladder Metabolism/subtype/round3/02_reclustering/Fibroblast/Fibroblast_round3_reclustered_preannotation.qs2","11","MOVE_FIBRO_TO_MURAL","Mural","PRJNA662018_PRJNA662018_P1T1","PRJNA662018","PRJNA662018_PRJNA662018_P1T1","NMIBC",NA,NA,NA
"PRJNA662018_PRJNA662018_P1T1_GATCGTAGTCACAAGG-1","/home/data/t070721/codex_workspace/Bladder Metabolism/subtype/round3/02_reclustering/Fibroblast/Fibroblast_round3_reclustered_preannotation.qs2","11","MOVE_FIBRO_TO_MURAL","Mural","PRJNA662018_PRJNA662018_P1T1","PRJNA662018","PRJNA662018_PRJNA662018_P1T1","NMIBC",NA,NA,NA
"PRJNA662018_PRJNA662018_P1T1_GATGCTAAGCATGGCA-1","/home/data/t070721/codex_workspace/Bladder Metabolism/subtype/round3/02_reclustering/Fibroblast/Fibroblast_round3_reclustered_preannotation.qs2","11","MOVE_FIBRO_TO_MURAL","Mural","PRJNA662018_PRJNA662018_P1T1","PRJNA662018","PRJNA662018_PRJNA662018_P1T1","NMIBC",NA,NA,NA
"PRJNA662018_PRJNA662018_P1T1_GCCAAATTCGATAGAA-1","/home/data/t070721/codex_workspace/Bladder Metabolism/subtype/round3/02_reclustering/Fibroblast/Fibroblast_round3_reclustered_preannotation.qs2","11","MOVE_FIBRO_TO_MURAL","Mural","PRJNA662018_PRJNA662018_P1T1","PRJNA662018","PRJNA662018_PRJNA662018_P1T1","NMIBC",NA,NA,NA
"PRJNA662018_PRJNA662018_P1T1_GCTGCAGTCAAGCCTA-1","/home/data/t070721/codex_workspace/Bladder Metabolism/subtype/round3/02_reclustering/Fibroblast/Fibroblast_round3_reclustered_preannotation.qs2","11","MOVE_FIBRO_TO_MURAL","Mural","PRJNA662018_PRJNA662018_P1T1","PRJNA662018","PRJNA662018_PRJNA662018_P1T1","NMIBC",NA,NA,NA
"PRJNA662018_PRJNA662018_P1T1_GGAATAAGTATTACCG-1","/home/data/t070721/codex_workspace/Bladder Metabolism/subtype/round3/02_reclustering/Fibroblast/Fibroblast_round3_reclustered_preannotation.qs2","11","MOVE_FIBRO_TO_MURAL","Mural","PRJNA662018_PRJNA662018_P1T1","PRJNA662018","PRJNA662018_PRJNA662018_P1T1","NMIBC",NA,NA,NA
"PRJNA662018_PRJNA662018_P1T1_GGACGTCGTCCGTTAA-1","/home/data/t070721/codex_workspace/Bladder Metabolism/subtype/round3/02_reclustering/Fibroblast/Fibroblast_round3_reclustered_preannotation.qs2","11","MOVE_FIBRO_TO_MURAL","Mural","PRJNA662018_PRJNA662018_P1T1","PRJNA662018","PRJNA662018_PRJNA662018_P1T1","NMIBC",NA,NA,NA
"PRJNA662018_PRJNA662018_P1T1_GGAGCAAAGCTAGTTC-1","/home/data/t070721/codex_workspace/Bladder Metabolism/subtype/round3/02_reclustering/Fibroblast/Fibroblast_round3_reclustered_preannotation.qs2","11","MOVE_FIBRO_TO_MURAL","Mural","PRJNA662018_PRJNA662018_P1T1","PRJNA662018","PRJNA662018_PRJNA662018_P1T1","NMIBC",NA,NA,NA
"PRJNA662018_PRJNA662018_P1T1_GGCGTGTAGCAGGTCA-1","/home/data/t070721/codex_workspace/Bladder Metabolism/subtype/round3/02_reclustering/Fibroblast/Fibroblast_round3_reclustered_preannotation.qs2","11","MOVE_FIBRO_TO_MURAL","Mural","PRJNA662018_PRJNA662018_P1T1","PRJNA662018","PRJNA662018_PRJNA662018_P1T1","NMIBC",NA,NA,NA
"PRJNA662018_PRJNA662018_P1T1_GGCGTGTGTAGCGCAA-1","/home/data/t070721/codex_workspace/Bladder Metabolism/subtype/round3/02_reclustering/Fibroblast/Fibroblast_round3_reclustered_preannotation.qs2","11","MOVE_FIBRO_TO_MURAL","Mural","PRJNA662018_PRJNA662018_P1T1","PRJNA662018","PRJNA662018_PRJNA662018_P1T1","NMIBC",NA,NA,NA
"PRJNA662018_PRJNA662018_P1T1_GTGCGGTAGATAGCAT-1","/home/data/t070721/codex_workspace/Bladder Metabolism/subtype/round3/02_reclustering/Fibroblast/Fibroblast_round3_reclustered_preannotation.qs2","11","MOVE_FIBRO_TO_MURAL","Mural","PRJNA662018_PRJNA662018_P1T1","PRJNA662018","PRJNA662018_PRJNA662018_P1T1","NMIBC",NA,NA,NA
"PRJNA662018_PRJNA662018_P1T1_GTTCTCGGTACAAGTA-1","/home/data/t070721/codex_workspace/Bladder Metabolism/subtype/round3/02_reclustering/Fibroblast/Fibroblast_round3_reclustered_preannotation.qs2","11","MOVE_FIBRO_TO_MURAL","Mural","PRJNA662018_PRJNA662018_P1T1","PRJNA662018","PRJNA662018_PRJNA662018_P1T1","NMIBC",NA,NA,NA
"PRJNA662018_PRJNA662018_P1T1_TACTCGCGTATGAATG-1","/home/data/t070721/codex_workspace/Bladder Metabolism/subtype/round3/02_reclustering/Fibroblast/Fibroblast_round3_reclustered_preannotation.qs2","11","MOVE_FIBRO_TO_MURAL","Mural","PRJNA662018_PRJNA662018_P1T1","PRJNA662018","PRJNA662018_PRJNA662018_P1T1","NMIBC",NA,NA,NA
"PRJNA662018_PRJNA662018_P1T1_TAGTTGGAGGCTCAGA-1","/home/data/t070721/codex_workspace/Bladder Metabolism/subtype/round3/02_reclustering/Fibroblast/Fibroblast_round3_reclustered_preannotation.qs2","11","MOVE_FIBRO_TO_MURAL","Mural","PRJNA662018_PRJNA662018_P1T1","PRJNA662018","PRJNA662018_PRJNA662018_P1T1","NMIBC",NA,NA,NA
"PRJNA662018_PRJNA662018_P1T1_TCAACGACAGTAACGG-1","/home/data/t070721/codex_workspace/Bladder Metabolism/subtype/round3/02_reclustering/Fibroblast/Fibroblast_round3_reclustered_preannotation.qs2","11","MOVE_FIBRO_TO_MURAL","Mural","PRJNA662018_PRJNA662018_P1T1","PRJNA662018","PRJNA662018_PRJNA662018_P1T1","NMIBC",NA,NA,NA
"PRJNA662018_PRJNA662018_P1T1_TCGGGACCAGGGATTG-1","/home/data/t070721/codex_workspace/Bladder Metabolism/subtype/round3/02_reclustering/Fibroblast/Fibroblast_round3_reclustered_preannotation.qs2","11","MOVE_FIBRO_TO_MURAL","Mural","PRJNA662018_PRJNA662018_P1T1","PRJNA662018","PRJNA662018_PRJNA662018_P1T1","NMIBC",NA,NA,NA
"PRJNA662018_PRJNA662018_P1T1_TGAAAGAGTCTCATCC-1","/home/data/t070721/codex_workspace/Bladder Metabolism/subtype/round3/02_reclustering/Fibroblast/Fibroblast_round3_reclustered_preannotation.qs2","11","MOVE_FIBRO_TO_MURAL","Mural","PRJNA662018_PRJNA662018_P1T1","PRJNA662018","PRJNA662018_PRJNA662018_P1T1","NMIBC",NA,NA,NA
"PRJNA662018_PRJNA662018_P1T1_TGGCTGGAGCCTATGT-1","/home/data/t070721/codex_workspace/Bladder Metabolism/subtype/round3/02_reclustering/Fibroblast/Fibroblast_round3_reclustered_preannotation.qs2","11","MOVE_FIBRO_TO_MURAL","Mural","PRJNA662018_PRJNA662018_P1T1","PRJNA662018","PRJNA662018_PRJNA662018_P1T1","NMIBC",NA,NA,NA
"PRJNA662018_PRJNA662018_P1T1_TTGCGTCGTTGAGTTC-1","/home/data/t070721/codex_workspace/Bladder Metabolism/subtype/round3/02_reclustering/Fibroblast/Fibroblast_round3_reclustered_preannotation.qs2","11","MOVE_FIBRO_TO_MURAL","Mural","PRJNA662018_PRJNA662018_P1T1","PRJNA662018","PRJNA662018_PRJNA662018_P1T1","NMIBC",NA,NA,NA
"PRJNA662018_PRJNA662018_P1T1_TTGTAGGGTTATTCTC-1","/home/data/t070721/codex_workspace/Bladder Metabolism/subtype/round3/02_reclustering/Fibroblast/Fibroblast_round3_reclustered_preannotation.qs2","11","MOVE_FIBRO_TO_MURAL","Mural","PRJNA662018_PRJNA662018_P1T1","PRJNA662018","PRJNA662018_PRJNA662018_P1T1","NMIBC",NA,NA,NA
"PRJNA662018_PRJNA662018_P2T2_AAGACCTCACAGCCCA-1","/home/data/t070721/codex_workspace/Bladder Metabolism/subtype/round3/02_reclustering/Fibroblast/Fibroblast_round3_reclustered_preannotation.qs2","11","MOVE_FIBRO_TO_MURAL","Mural","PRJNA662018_PRJNA662018_P2T2","PRJNA662018","PRJNA662018_PRJNA662018_P2T2","NMIBC",NA,NA,NA
"PRJNA662018_PRJNA662018_P2T2_AAGACCTTCTTGTTTG-1","/home/data/t070721/codex_workspace/Bladder Metabolism/subtype/round3/02_reclustering/Fibroblast/Fibroblast_round3_reclustered_preannotation.qs2","11","MOVE_FIBRO_TO_MURAL","Mural","PRJNA662018_PRJNA662018_P2T2","PRJNA662018","PRJNA662018_PRJNA662018_P2T2","NMIBC",NA,NA,NA
"PRJNA662018_PRJNA662018_P2T2_ACGGAGACACATGGGA-1","/home/data/t070721/codex_workspace/Bladder Metabolism/subtype/round3/02_reclustering/Fibroblast/Fibroblast_round3_reclustered_preannotation.qs2","11","MOVE_FIBRO_TO_MURAL","Mural","PRJNA662018_PRJNA662018_P2T2","PRJNA662018","PRJNA662018_PRJNA662018_P2T2","NMIBC",NA,NA,NA
"PRJNA662018_PRJNA662018_P2T2_ACGGGCTAGTCTCGGC-1","/home/data/t070721/codex_workspace/Bladder Metabolism/subtype/round3/02_reclustering/Fibroblast/Fibroblast_round3_reclustered_preannotation.qs2","11","MOVE_FIBRO_TO_MURAL","Mural","PRJNA662018_PRJNA662018_P2T2","PRJNA662018","PRJNA662018_PRJNA662018_P2T2","NMIBC",NA,NA,NA
"PRJNA662018_PRJNA662018_P2T2_ACTGCTCTCCACTGGG-1","/home/data/t070721/codex_workspace/Bladder Metabolism/subtype/round3/02_reclustering/Fibroblast/Fibroblast_round3_reclustered_preannotation.qs2","11","MOVE_FIBRO_TO_MURAL","Mural","PRJNA662018_PRJNA662018_P2T2","PRJNA662018","PRJNA662018_PRJNA662018_P2T2","NMIBC",NA,NA,NA
"PRJNA662018_PRJNA662018_P2T2_ACTTACTTCATCATTC-1","/home/data/t070721/codex_workspace/Bladder Metabolism/subtype/round3/02_reclustering/Fibroblast/Fibroblast_round3_reclustered_preannotation.qs2","11","MOVE_FIBRO_TO_MURAL","Mural","PRJNA662018_PRJNA662018_P2T2","PRJNA662018","PRJNA662018_PRJNA662018_P2T2","NMIBC",NA,NA,NA
"PRJNA662018_PRJNA662018_P2T2_ACTTTCAAGCCACTAT-1","/home/data/t070721/codex_workspace/Bladder Metabolism/subtype/round3/02_reclustering/Fibroblast/Fibroblast_round3_reclustered_preannotation.qs2","11","MOVE_FIBRO_TO_MURAL","Mural","PRJNA662018_PRJNA662018_P2T2","PRJNA662018","PRJNA662018_PRJNA662018_P2T2","NMIBC",NA,NA,NA
"PRJNA662018_PRJNA662018_P2T2_AGCGGTCGTCAAAGAT-1","/home/data/t070721/codex_workspace/Bladder Metabolism/subtype/round3/02_reclustering/Fibroblast/Fibroblast_round3_reclustered_preannotation.qs2","11","MOVE_FIBRO_TO_MURAL","Mural","PRJNA662018_PRJNA662018_P2T2","PRJNA662018","PRJNA662018_PRJNA662018_P2T2","NMIBC",NA,NA,NA
"PRJNA662018_PRJNA662018_P2T2_AGGGAGTCAGTGAGTG-1","/home/data/t070721/codex_workspace/Bladder Metabolism/subtype/round3/02_reclustering/Fibroblast/Fibroblast_round3_reclustered_preannotation.qs2","11","MOVE_FIBRO_TO_MURAL","Mural","PRJNA662018_PRJNA662018_P2T2","PRJNA662018","PRJNA662018_PRJNA662018_P2T2","NMIBC",NA,NA,NA
"PRJNA662018_PRJNA662018_P2T2_CAGAATCGTTCAACCA-1","/home/data/t070721/codex_workspace/Bladder Metabolism/subtype/round3/02_reclustering/Fibroblast/Fibroblast_round3_reclustered_preannotation.qs2","11","MOVE_FIBRO_TO_MURAL","Mural","PRJNA662018_PRJNA662018_P2T2","PRJNA662018","PRJNA662018_PRJNA662018_P2T2","NMIBC",NA,NA,NA
"PRJNA662018_PRJNA662018_P2T2_CATCAAGGTCTCTTTA-1","/home/data/t070721/codex_workspace/Bladder Metabolism/subtype/round3/02_reclustering/Fibroblast/Fibroblast_round3_reclustered_preannotation.qs2","11","MOVE_FIBRO_TO_MURAL","Mural","PRJNA662018_PRJNA662018_P2T2","PRJNA662018","PRJNA662018_PRJNA662018_P2T2","NMIBC",NA,NA,NA
"PRJNA662018_PRJNA662018_P2T2_CCAGCGAAGAGAGCTC-1","/home/data/t070721/codex_workspace/Bladder Metabolism/subtype/round3/02_reclustering/Fibroblast/Fibroblast_round3_reclustered_preannotation.qs2","11","MOVE_FIBRO_TO_MURAL","Mural","PRJNA662018_PRJNA662018_P2T2","PRJNA662018","PRJNA662018_PRJNA662018_P2T2","NMIBC",NA,NA,NA
"PRJNA662018_PRJNA662018_P2T2_CCATGTCTCAGTCAGT-1","/home/data/t070721/codex_workspace/Bladder Metabolism/subtype/round3/02_reclustering/Fibroblast/Fibroblast_round3_reclustered_preannotation.qs2","11","MOVE_FIBRO_TO_MURAL","Mural","PRJNA662018_PRJNA662018_P2T2","PRJNA662018","PRJNA662018_PRJNA662018_P2T2","NMIBC",NA,NA,NA
"PRJNA662018_PRJNA662018_P2T2_CCTACCACAAGCTGTT-1","/home/data/t070721/codex_workspace/Bladder Metabolism/subtype/round3/02_reclustering/Fibroblast/Fibroblast_round3_reclustered_preannotation.qs2","11","MOVE_FIBRO_TO_MURAL","Mural","PRJNA662018_PRJNA662018_P2T2","PRJNA662018","PRJNA662018_PRJNA662018_P2T2","NMIBC",NA,NA,NA
"PRJNA662018_PRJNA662018_P2T2_CCTTTCTTCGACAGCC-1","/home/data/t070721/codex_workspace/Bladder Metabolism/subtype/round3/02_reclustering/Fibroblast/Fibroblast_round3_reclustered_preannotation.qs2","11","MOVE_FIBRO_TO_MURAL","Mural","PRJNA662018_PRJNA662018_P2T2","PRJNA662018","PRJNA662018_PRJNA662018_P2T2","NMIBC",NA,NA,NA
"PRJNA662018_PRJNA662018_P2T2_CGAATGTAGAGCTGCA-1","/home/data/t070721/codex_workspace/Bladder Metabolism/subtype/round3/02_reclustering/Fibroblast/Fibroblast_round3_reclustered_preannotation.qs2","11","MOVE_FIBRO_TO_MURAL","Mural","PRJNA662018_PRJNA662018_P2T2","PRJNA662018","PRJNA662018_PRJNA662018_P2T2","NMIBC",NA,NA,NA
"PRJNA662018_PRJNA662018_P2T2_CGGCTAGTCAGAGACG-1","/home/data/t070721/codex_workspace/Bladder Metabolism/subtype/round3/02_reclustering/Fibroblast/Fibroblast_round3_reclustered_preannotation.qs2","11","MOVE_FIBRO_TO_MURAL","Mural","PRJNA662018_PRJNA662018_P2T2","PRJNA662018","PRJNA662018_PRJNA662018_P2T2","NMIBC",NA,NA,NA
"PRJNA662018_PRJNA662018_P2T2_CGTCACTCAGGTGGAT-1","/home/data/t070721/codex_workspace/Bladder Metabolism/subtype/round3/02_reclustering/Fibroblast/Fibroblast_round3_reclustered_preannotation.qs2","11","MOVE_FIBRO_TO_MURAL","Mural","PRJNA662018_PRJNA662018_P2T2","PRJNA662018","PRJNA662018_PRJNA662018_P2T2","NMIBC",NA,NA,NA
"PRJNA662018_PRJNA662018_P2T2_CGTTCTGCATGGTCAT-1","/home/data/t070721/codex_workspace/Bladder Metabolism/subtype/round3/02_reclustering/Fibroblast/Fibroblast_round3_reclustered_preannotation.qs2","11","MOVE_FIBRO_TO_MURAL","Mural","PRJNA662018_PRJNA662018_P2T2","PRJNA662018","PRJNA662018_PRJNA662018_P2T2","NMIBC",NA,NA,NA
"PRJNA662018_PRJNA662018_P2T2_CTACACCAGCTGAACG-1","/home/data/t070721/codex_workspace/Bladder Metabolism/subtype/round3/02_reclustering/Fibroblast/Fibroblast_round3_reclustered_preannotation.qs2","11","MOVE_FIBRO_TO_MURAL","Mural","PRJNA662018_PRJNA662018_P2T2","PRJNA662018","PRJNA662018_PRJNA662018_P2T2","NMIBC",NA,NA,NA
"PRJNA662018_PRJNA662018_P2T2_CTAGCCTCATGGGACA-1","/home/data/t070721/codex_workspace/Bladder Metabolism/subtype/round3/02_reclustering/Fibroblast/Fibroblast_round3_reclustered_preannotation.qs2","11","MOVE_FIBRO_TO_MURAL","Mural","PRJNA662018_PRJNA662018_P2T2","PRJNA662018","PRJNA662018_PRJNA662018_P2T2","NMIBC",NA,NA,NA
"PRJNA662018_PRJNA662018_P2T2_CTCCTAGTCTGTCAAG-1","/home/data/t070721/codex_workspace/Bladder Metabolism/subtype/round3/02_reclustering/Fibroblast/Fibroblast_round3_reclustered_preannotation.qs2","11","MOVE_FIBRO_TO_MURAL","Mural","PRJNA662018_PRJNA662018_P2T2","PRJNA662018","PRJNA662018_PRJNA662018_P2T2","NMIBC",NA,NA,NA
"PRJNA662018_PRJNA662018_P2T2_CTCTACGGTATCAGTC-1","/home/data/t070721/codex_workspace/Bladder Metabolism/subtype/round3/02_reclustering/Fibroblast/Fibroblast_round3_reclustered_preannotation.qs2","11","MOVE_FIBRO_TO_MURAL","Mural","PRJNA662018_PRJNA662018_P2T2","PRJNA662018","PRJNA662018_PRJNA662018_P2T2","NMIBC",NA,NA,NA
"PRJNA662018_PRJNA662018_P2T2_CTGCGGACAGGGCATA-1","/home/data/t070721/codex_workspace/Bladder Metabolism/subtype/round3/02_reclustering/Fibroblast/Fibroblast_round3_reclustered_preannotation.qs2","11","MOVE_FIBRO_TO_MURAL","Mural","PRJNA662018_PRJNA662018_P2T2","PRJNA662018","PRJNA662018_PRJNA662018_P2T2","NMIBC",NA,NA,NA
"PRJNA662018_PRJNA662018_P2T2_CTGTTTACATCACAAC-1","/home/data/t070721/codex_workspace/Bladder Metabolism/subtype/round3/02_reclustering/Fibroblast/Fibroblast_round3_reclustered_preannotation.qs2","11","MOVE_FIBRO_TO_MURAL","Mural","PRJNA662018_PRJNA662018_P2T2","PRJNA662018","PRJNA662018_PRJNA662018_P2T2","NMIBC",NA,NA,NA
"PRJNA662018_PRJNA662018_P2T2_GACTACAAGGTGTTAA-1","/home/data/t070721/codex_workspace/Bladder Metabolism/subtype/round3/02_reclustering/Fibroblast/Fibroblast_round3_reclustered_preannotation.qs2","11","MOVE_FIBRO_TO_MURAL","Mural","PRJNA662018_PRJNA662018_P2T2","PRJNA662018","PRJNA662018_PRJNA662018_P2T2","NMIBC",NA,NA,NA
"PRJNA662018_PRJNA662018_P2T2_GCGCGATAGCAGACTG-1","/home/data/t070721/codex_workspace/Bladder Metabolism/subtype/round3/02_reclustering/Fibroblast/Fibroblast_round3_reclustered_preannotation.qs2","11","MOVE_FIBRO_TO_MURAL","Mural","PRJNA662018_PRJNA662018_P2T2","PRJNA662018","PRJNA662018_PRJNA662018_P2T2","NMIBC",NA,NA,NA
"PRJNA662018_PRJNA662018_P2T2_GCGCGATAGTTGCAGG-1","/home/data/t070721/codex_workspace/Bladder Metabolism/subtype/round3/02_reclustering/Fibroblast/Fibroblast_round3_reclustered_preannotation.qs2","11","MOVE_FIBRO_TO_MURAL","Mural","PRJNA662018_PRJNA662018_P2T2","PRJNA662018","PRJNA662018_PRJNA662018_P2T2","NMIBC",NA,NA,NA
"PRJNA662018_PRJNA662018_P2T2_GGAATAAAGTCCCACG-1","/home/data/t070721/codex_workspace/Bladder Metabolism/subtype/round3/02_reclustering/Fibroblast/Fibroblast_round3_reclustered_preannotation.qs2","11","MOVE_FIBRO_TO_MURAL","Mural","PRJNA662018_PRJNA662018_P2T2","PRJNA662018","PRJNA662018_PRJNA662018_P2T2","NMIBC",NA,NA,NA
"PRJNA662018_PRJNA662018_P2T2_GTCTCGTGTCGAGTTT-1","/home/data/t070721/codex_workspace/Bladder Metabolism/subtype/round3/02_reclustering/Fibroblast/Fibroblast_round3_reclustered_preannotation.qs2","11","MOVE_FIBRO_TO_MURAL","Mural","PRJNA662018_PRJNA662018_P2T2","PRJNA662018","PRJNA662018_PRJNA662018_P2T2","NMIBC",NA,NA,NA
"PRJNA662018_PRJNA662018_P2T2_GTTCTCGGTCGCATCG-1","/home/data/t070721/codex_workspace/Bladder Metabolism/subtype/round3/02_reclustering/Fibroblast/Fibroblast_round3_reclustered_preannotation.qs2","11","MOVE_FIBRO_TO_MURAL","Mural","PRJNA662018_PRJNA662018_P2T2","PRJNA662018","PRJNA662018_PRJNA662018_P2T2","NMIBC",NA,NA,NA
"PRJNA662018_PRJNA662018_P2T2_GTTTCTAAGGGCTTCC-1","/home/data/t070721/codex_workspace/Bladder Metabolism/subtype/round3/02_reclustering/Fibroblast/Fibroblast_round3_reclustered_preannotation.qs2","11","MOVE_FIBRO_TO_MURAL","Mural","PRJNA662018_PRJNA662018_P2T2","PRJNA662018","PRJNA662018_PRJNA662018_P2T2","NMIBC",NA,NA,NA
"PRJNA662018_PRJNA662018_P2T2_TAAGCGTTCTCCAACC-1","/home/data/t070721/codex_workspace/Bladder Metabolism/subtype/round3/02_reclustering/Fibroblast/Fibroblast_round3_reclustered_preannotation.qs2","11","MOVE_FIBRO_TO_MURAL","Mural","PRJNA662018_PRJNA662018_P2T2","PRJNA662018","PRJNA662018_PRJNA662018_P2T2","NMIBC",NA,NA,NA
"PRJNA662018_PRJNA662018_P2T2_TACACGACAAAGGTGC-1","/home/data/t070721/codex_workspace/Bladder Metabolism/subtype/round3/02_reclustering/Fibroblast/Fibroblast_round3_reclustered_preannotation.qs2","11","MOVE_FIBRO_TO_MURAL","Mural","PRJNA662018_PRJNA662018_P2T2","PRJNA662018","PRJNA662018_PRJNA662018_P2T2","NMIBC",NA,NA,NA
"PRJNA662018_PRJNA662018_P2T2_TCAACGAGTCTTCAAG-1","/home/data/t070721/codex_workspace/Bladder Metabolism/subtype/round3/02_reclustering/Fibroblast/Fibroblast_round3_reclustered_preannotation.qs2","11","MOVE_FIBRO_TO_MURAL","Mural","PRJNA662018_PRJNA662018_P2T2","PRJNA662018","PRJNA662018_PRJNA662018_P2T2","NMIBC",NA,NA,NA
"PRJNA662018_PRJNA662018_P2T2_TCGGTAAAGCCACCTG-1","/home/data/t070721/codex_workspace/Bladder Metabolism/subtype/round3/02_reclustering/Fibroblast/Fibroblast_round3_reclustered_preannotation.qs2","11","MOVE_FIBRO_TO_MURAL","Mural","PRJNA662018_PRJNA662018_P2T2","PRJNA662018","PRJNA662018_PRJNA662018_P2T2","NMIBC",NA,NA,NA
"PRJNA662018_PRJNA662018_P2T2_TCTTTCCAGTGGAGAA-1","/home/data/t070721/codex_workspace/Bladder Metabolism/subtype/round3/02_reclustering/Fibroblast/Fibroblast_round3_reclustered_preannotation.qs2","11","MOVE_FIBRO_TO_MURAL","Mural","PRJNA662018_PRJNA662018_P2T2","PRJNA662018","PRJNA662018_PRJNA662018_P2T2","NMIBC",NA,NA,NA
"PRJNA662018_PRJNA662018_P2T2_TGCTACCCACGAAATA-1","/home/data/t070721/codex_workspace/Bladder Metabolism/subtype/round3/02_reclustering/Fibroblast/Fibroblast_round3_reclustered_preannotation.qs2","11","MOVE_FIBRO_TO_MURAL","Mural","PRJNA662018_PRJNA662018_P2T2","PRJNA662018","PRJNA662018_PRJNA662018_P2T2","NMIBC",NA,NA,NA
"PRJNA662018_PRJNA662018_P2T2_TGCTGCTTCCTAGGGC-1","/home/data/t070721/codex_workspace/Bladder Metabolism/subtype/round3/02_reclustering/Fibroblast/Fibroblast_round3_reclustered_preannotation.qs2","11","MOVE_FIBRO_TO_MURAL","Mural","PRJNA662018_PRJNA662018_P2T2","PRJNA662018","PRJNA662018_PRJNA662018_P2T2","NMIBC",NA,NA,NA
"PRJNA662018_PRJNA662018_P2T2_TTCTCCTAGCATGGCA-1","/home/data/t070721/codex_workspace/Bladder Metabolism/subtype/round3/02_reclustering/Fibroblast/Fibroblast_round3_reclustered_preannotation.qs2","11","MOVE_FIBRO_TO_MURAL","Mural","PRJNA662018_PRJNA662018_P2T2","PRJNA662018","PRJNA662018_PRJNA662018_P2T2","NMIBC",NA,NA,NA
"PRJNA662018_PRJNA662018_P2T2_TTGTAGGAGTCGTTTG-1","/home/data/t070721/codex_workspace/Bladder Metabolism/subtype/round3/02_reclustering/Fibroblast/Fibroblast_round3_reclustered_preannotation.qs2","11","MOVE_FIBRO_TO_MURAL","Mural","PRJNA662018_PRJNA662018_P2T2","PRJNA662018","PRJNA662018_PRJNA662018_P2T2","NMIBC",NA,NA,NA
"PRJNA662018_PRJNA662018_P2T2_TTTGGTTGTGTATGGG-1","/home/data/t070721/codex_workspace/Bladder Metabolism/subtype/round3/02_reclustering/Fibroblast/Fibroblast_round3_reclustered_preannotation.qs2","11","MOVE_FIBRO_TO_MURAL","Mural","PRJNA662018_PRJNA662018_P2T2","PRJNA662018","PRJNA662018_PRJNA662018_P2T2","NMIBC",NA,NA,NA
"PRJNA662018_PRJNA662018_P2T2_TTTGTCATCAGCGATT-1","/home/data/t070721/codex_workspace/Bladder Metabolism/subtype/round3/02_reclustering/Fibroblast/Fibroblast_round3_reclustered_preannotation.qs2","11","MOVE_FIBRO_TO_MURAL","Mural","PRJNA662018_PRJNA662018_P2T2","PRJNA662018","PRJNA662018_PRJNA662018_P2T2","NMIBC",NA,NA,NA
"PRJNA662018_PRJNA662018_P3N3_AAGGCAGGTTGAGTTC-1","/home/data/t070721/codex_workspace/Bladder Metabolism/subtype/round3/02_reclustering/Fibroblast/Fibroblast_round3_reclustered_preannotation.qs2","11","MOVE_FIBRO_TO_MURAL","Mural","PRJNA662018_PRJNA662018_P3N3","PRJNA662018","PRJNA662018_PRJNA662018_P3N3","Normal","Normal","Normal","Normal"
"PRJNA662018_PRJNA662018_P3N3_ACACTGACACTGTTAG-1","/home/data/t070721/codex_workspace/Bladder Metabolism/subtype/round3/02_reclustering/Fibroblast/Fibroblast_round3_reclustered_preannotation.qs2","11","MOVE_FIBRO_TO_MURAL","Mural","PRJNA662018_PRJNA662018_P3N3","PRJNA662018","PRJNA662018_PRJNA662018_P3N3","Normal","Normal","Normal","Normal"
"PRJNA662018_PRJNA662018_P3N3_ACACTGAGTCTGGAGA-1","/home/data/t070721/codex_workspace/Bladder Metabolism/subtype/round3/02_reclustering/Fibroblast/Fibroblast_round3_reclustered_preannotation.qs2","11","MOVE_FIBRO_TO_MURAL","Mural","PRJNA662018_PRJNA662018_P3N3","PRJNA662018","PRJNA662018_PRJNA662018_P3N3","Normal","Normal","Normal","Normal"
"PRJNA662018_PRJNA662018_P3N3_ACAGCTAGTGCAGTAG-1","/home/data/t070721/codex_workspace/Bladder Metabolism/subtype/round3/02_reclustering/Fibroblast/Fibroblast_round3_reclustered_preannotation.qs2","11","MOVE_FIBRO_TO_MURAL","Mural","PRJNA662018_PRJNA662018_P3N3","PRJNA662018","PRJNA662018_PRJNA662018_P3N3","Normal","Normal","Normal","Normal"
"PRJNA662018_PRJNA662018_P3N3_ACGATACGTAGCAAAT-1","/home/data/t070721/codex_workspace/Bladder Metabolism/subtype/round3/02_reclustering/Fibroblast/Fibroblast_round3_reclustered_preannotation.qs2","11","MOVE_FIBRO_TO_MURAL","Mural","PRJNA662018_PRJNA662018_P3N3","PRJNA662018","PRJNA662018_PRJNA662018_P3N3","Normal","Normal","Normal","Normal"
"PRJNA662018_PRJNA662018_P3N3_ACGCAGCCAGCTTCGG-1","/home/data/t070721/codex_workspace/Bladder Metabolism/subtype/round3/02_reclustering/Fibroblast/Fibroblast_round3_reclustered_preannotation.qs2","11","MOVE_FIBRO_TO_MURAL","Mural","PRJNA662018_PRJNA662018_P3N3","PRJNA662018","PRJNA662018_PRJNA662018_P3N3","Normal","Normal","Normal","Normal"
"PRJNA662018_PRJNA662018_P3N3_AGCCTAATCCTTGACC-1","/home/data/t070721/codex_workspace/Bladder Metabolism/subtype/round3/02_reclustering/Fibroblast/Fibroblast_round3_reclustered_preannotation.qs2","11","MOVE_FIBRO_TO_MURAL","Mural","PRJNA662018_PRJNA662018_P3N3","PRJNA662018","PRJNA662018_PRJNA662018_P3N3","Normal","Normal","Normal","Normal"
"PRJNA662018_PRJNA662018_P3N3_AGGCCGTCAGTAGAGC-1","/home/data/t070721/codex_workspace/Bladder Metabolism/subtype/round3/02_reclustering/Fibroblast/Fibroblast_round3_reclustered_preannotation.qs2","11","MOVE_FIBRO_TO_MURAL","Mural","PRJNA662018_PRJNA662018_P3N3","PRJNA662018","PRJNA662018_PRJNA662018_P3N3","Normal","Normal","Normal","Normal"
"PRJNA662018_PRJNA662018_P3N3_AGGGATGAGCTGTCTA-1","/home/data/t070721/codex_workspace/Bladder Metabolism/subtype/round3/02_reclustering/Fibroblast/Fibroblast_round3_reclustered_preannotation.qs2","11","MOVE_FIBRO_TO_MURAL","Mural","PRJNA662018_PRJNA662018_P3N3","PRJNA662018","PRJNA662018_PRJNA662018_P3N3","Normal","Normal","Normal","Normal"
"PRJNA662018_PRJNA662018_P3N3_AGGTCATCACGGTAAG-1","/home/data/t070721/codex_workspace/Bladder Metabolism/subtype/round3/02_reclustering/Fibroblast/Fibroblast_round3_reclustered_preannotation.qs2","11","MOVE_FIBRO_TO_MURAL","Mural","PRJNA662018_PRJNA662018_P3N3","PRJNA662018","PRJNA662018_PRJNA662018_P3N3","Normal","Normal","Normal","Normal"
"PRJNA662018_PRJNA662018_P3N3_AGTGAGGTCACCTTAT-1","/home/data/t070721/codex_workspace/Bladder Metabolism/subtype/round3/02_reclustering/Fibroblast/Fibroblast_round3_reclustered_preannotation.qs2","11","MOVE_FIBRO_TO_MURAL","Mural","PRJNA662018_PRJNA662018_P3N3","PRJNA662018","PRJNA662018_PRJNA662018_P3N3","Normal","Normal","Normal","Normal"
"PRJNA662018_PRJNA662018_P3N3_ATAACGCCAATAACGA-1","/home/data/t070721/codex_workspace/Bladder Metabolism/subtype/round3/02_reclustering/Fibroblast/Fibroblast_round3_reclustered_preannotation.qs2","11","MOVE_FIBRO_TO_MURAL","Mural","PRJNA662018_PRJNA662018_P3N3","PRJNA662018","PRJNA662018_PRJNA662018_P3N3","Normal","Normal","Normal","Normal"
"PRJNA662018_PRJNA662018_P3N3_ATCATCTAGATCCGAG-1","/home/data/t070721/codex_workspace/Bladder Metabolism/subtype/round3/02_reclustering/Fibroblast/Fibroblast_round3_reclustered_preannotation.qs2","11","MOVE_FIBRO_TO_MURAL","Mural","PRJNA662018_PRJNA662018_P3N3","PRJNA662018","PRJNA662018_PRJNA662018_P3N3","Normal","Normal","Normal","Normal"
"PRJNA662018_PRJNA662018_P3N3_ATCTACTAGGGTATCG-1","/home/data/t070721/codex_workspace/Bladder Metabolism/subtype/round3/02_reclustering/Fibroblast/Fibroblast_round3_reclustered_preannotation.qs2","11","MOVE_FIBRO_TO_MURAL","Mural","PRJNA662018_PRJNA662018_P3N3","PRJNA662018","PRJNA662018_PRJNA662018_P3N3","Normal","Normal","Normal","Normal"
"PRJNA662018_PRJNA662018_P3N3_ATGCGATTCCAACCAA-1","/home/data/t070721/codex_workspace/Bladder Metabolism/subtype/round3/02_reclustering/Fibroblast/Fibroblast_round3_reclustered_preannotation.qs2","11","MOVE_FIBRO_TO_MURAL","Mural","PRJNA662018_PRJNA662018_P3N3","PRJNA662018","PRJNA662018_PRJNA662018_P3N3","Normal","Normal","Normal","Normal"
"PRJNA662018_PRJNA662018_P3N3_ATGGGAGCAGAGCCAA-1","/home/data/t070721/codex_workspace/Bladder Metabolism/subtype/round3/02_reclustering/Fibroblast/Fibroblast_round3_reclustered_preannotation.qs2","11","MOVE_FIBRO_TO_MURAL","Mural","PRJNA662018_PRJNA662018_P3N3","PRJNA662018","PRJNA662018_PRJNA662018_P3N3","Normal","Normal","Normal","Normal"
"PRJNA662018_PRJNA662018_P3N3_ATTACTCCAGATGAGC-1","/home/data/t070721/codex_workspace/Bladder Metabolism/subtype/round3/02_reclustering/Fibroblast/Fibroblast_round3_reclustered_preannotation.qs2","11","MOVE_FIBRO_TO_MURAL","Mural","PRJNA662018_PRJNA662018_P3N3","PRJNA662018","PRJNA662018_PRJNA662018_P3N3","Normal","Normal","Normal","Normal"
"PRJNA662018_PRJNA662018_P3N3_CAAGTTGCACCAACCG-1","/home/data/t070721/codex_workspace/Bladder Metabolism/subtype/round3/02_reclustering/Fibroblast/Fibroblast_round3_reclustered_preannotation.qs2","11","MOVE_FIBRO_TO_MURAL","Mural","PRJNA662018_PRJNA662018_P3N3","PRJNA662018","PRJNA662018_PRJNA662018_P3N3","Normal","Normal","Normal","Normal"
"PRJNA662018_PRJNA662018_P3N3_CACCAGGAGCAGATCG-1","/home/data/t070721/codex_workspace/Bladder Metabolism/subtype/round3/02_reclustering/Fibroblast/Fibroblast_round3_reclustered_preannotation.qs2","11","MOVE_FIBRO_TO_MURAL","Mural","PRJNA662018_PRJNA662018_P3N3","PRJNA662018","PRJNA662018_PRJNA662018_P3N3","Normal","Normal","Normal","Normal"
"PRJNA662018_PRJNA662018_P3N3_CACTCCATCCTATGTT-1","/home/data/t070721/codex_workspace/Bladder Metabolism/subtype/round3/02_reclustering/Fibroblast/Fibroblast_round3_reclustered_preannotation.qs2","11","MOVE_FIBRO_TO_MURAL","Mural","PRJNA662018_PRJNA662018_P3N3","PRJNA662018","PRJNA662018_PRJNA662018_P3N3","Normal","Normal","Normal","Normal"
"PRJNA662018_PRJNA662018_P3N3_CAGCCGACATGCAACT-1","/home/data/t070721/codex_workspace/Bladder Metabolism/subtype/round3/02_reclustering/Fibroblast/Fibroblast_round3_reclustered_preannotation.qs2","11","MOVE_FIBRO_TO_MURAL","Mural","PRJNA662018_PRJNA662018_P3N3","PRJNA662018","PRJNA662018_PRJNA662018_P3N3","Normal","Normal","Normal","Normal"
"PRJNA662018_PRJNA662018_P3N3_CAGCGACAGGCGATAC-1","/home/data/t070721/codex_workspace/Bladder Metabolism/subtype/round3/02_reclustering/Fibroblast/Fibroblast_round3_reclustered_preannotation.qs2","11","MOVE_FIBRO_TO_MURAL","Mural","PRJNA662018_PRJNA662018_P3N3","PRJNA662018","PRJNA662018_PRJNA662018_P3N3","Normal","Normal","Normal","Normal"
"PRJNA662018_PRJNA662018_P3N3_CAGCGACCACCGCTAG-1","/home/data/t070721/codex_workspace/Bladder Metabolism/subtype/round3/02_reclustering/Fibroblast/Fibroblast_round3_reclustered_preannotation.qs2","11","MOVE_FIBRO_TO_MURAL","Mural","PRJNA662018_PRJNA662018_P3N3","PRJNA662018","PRJNA662018_PRJNA662018_P3N3","Normal","Normal","Normal","Normal"
"PRJNA662018_PRJNA662018_P3N3_CAGCTGGCACGACGAA-1","/home/data/t070721/codex_workspace/Bladder Metabolism/subtype/round3/02_reclustering/Fibroblast/Fibroblast_round3_reclustered_preannotation.qs2","11","MOVE_FIBRO_TO_MURAL","Mural","PRJNA662018_PRJNA662018_P3N3","PRJNA662018","PRJNA662018_PRJNA662018_P3N3","Normal","Normal","Normal","Normal"
"PRJNA662018_PRJNA662018_P3N3_CATCGGGGTTATTCTC-1","/home/data/t070721/codex_workspace/Bladder Metabolism/subtype/round3/02_reclustering/Fibroblast/Fibroblast_round3_reclustered_preannotation.qs2","11","MOVE_FIBRO_TO_MURAL","Mural","PRJNA662018_PRJNA662018_P3N3","PRJNA662018","PRJNA662018_PRJNA662018_P3N3","Normal","Normal","Normal","Normal"
"PRJNA662018_PRJNA662018_P3N3_CATGACAGTTCGTGAT-1","/home/data/t070721/codex_workspace/Bladder Metabolism/subtype/round3/02_reclustering/Fibroblast/Fibroblast_round3_reclustered_preannotation.qs2","11","MOVE_FIBRO_TO_MURAL","Mural","PRJNA662018_PRJNA662018_P3N3","PRJNA662018","PRJNA662018_PRJNA662018_P3N3","Normal","Normal","Normal","Normal"
"PRJNA662018_PRJNA662018_P3N3_CATGACATCCCACTTG-1","/home/data/t070721/codex_workspace/Bladder Metabolism/subtype/round3/02_reclustering/Fibroblast/Fibroblast_round3_reclustered_preannotation.qs2","11","MOVE_FIBRO_TO_MURAL","Mural","PRJNA662018_PRJNA662018_P3N3","PRJNA662018","PRJNA662018_PRJNA662018_P3N3","Normal","Normal","Normal","Normal"
"PRJNA662018_PRJNA662018_P3N3_CCACCTACATTCTTAC-1","/home/data/t070721/codex_workspace/Bladder Metabolism/subtype/round3/02_reclustering/Fibroblast/Fibroblast_round3_reclustered_preannotation.qs2","11","MOVE_FIBRO_TO_MURAL","Mural","PRJNA662018_PRJNA662018_P3N3","PRJNA662018","PRJNA662018_PRJNA662018_P3N3","Normal","Normal","Normal","Normal"
"PRJNA662018_PRJNA662018_P3N3_CCACGGACAGGAATGC-1","/home/data/t070721/codex_workspace/Bladder Metabolism/subtype/round3/02_reclustering/Fibroblast/Fibroblast_round3_reclustered_preannotation.qs2","11","MOVE_FIBRO_TO_MURAL","Mural","PRJNA662018_PRJNA662018_P3N3","PRJNA662018","PRJNA662018_PRJNA662018_P3N3","Normal","Normal","Normal","Normal"
"PRJNA662018_PRJNA662018_P3N3_CCCATACCAAGTTAAG-1","/home/data/t070721/codex_workspace/Bladder Metabolism/subtype/round3/02_reclustering/Fibroblast/Fibroblast_round3_reclustered_preannotation.qs2","11","MOVE_FIBRO_TO_MURAL","Mural","PRJNA662018_PRJNA662018_P3N3","PRJNA662018","PRJNA662018_PRJNA662018_P3N3","Normal","Normal","Normal","Normal"
"PRJNA662018_PRJNA662018_P3N3_CCGGGATAGGACCACA-1","/home/data/t070721/codex_workspace/Bladder Metabolism/subtype/round3/02_reclustering/Fibroblast/Fibroblast_round3_reclustered_preannotation.qs2","11","MOVE_FIBRO_TO_MURAL","Mural","PRJNA662018_PRJNA662018_P3N3","PRJNA662018","PRJNA662018_PRJNA662018_P3N3","Normal","Normal","Normal","Normal"
"PRJNA662018_PRJNA662018_P3N3_CCGGTAGCATTCCTCG-1","/home/data/t070721/codex_workspace/Bladder Metabolism/subtype/round3/02_reclustering/Fibroblast/Fibroblast_round3_reclustered_preannotation.qs2","11","MOVE_FIBRO_TO_MURAL","Mural","PRJNA662018_PRJNA662018_P3N3","PRJNA662018","PRJNA662018_PRJNA662018_P3N3","Normal","Normal","Normal","Normal"
"PRJNA662018_PRJNA662018_P3N3_CCGGTAGTCTTGCAAG-1","/home/data/t070721/codex_workspace/Bladder Metabolism/subtype/round3/02_reclustering/Fibroblast/Fibroblast_round3_reclustered_preannotation.qs2","11","MOVE_FIBRO_TO_MURAL","Mural","PRJNA662018_PRJNA662018_P3N3","PRJNA662018","PRJNA662018_PRJNA662018_P3N3","Normal","Normal","Normal","Normal"
"PRJNA662018_PRJNA662018_P3N3_CCGTACTCACACATGT-1","/home/data/t070721/codex_workspace/Bladder Metabolism/subtype/round3/02_reclustering/Fibroblast/Fibroblast_round3_reclustered_preannotation.qs2","11","MOVE_FIBRO_TO_MURAL","Mural","PRJNA662018_PRJNA662018_P3N3","PRJNA662018","PRJNA662018_PRJNA662018_P3N3","Normal","Normal","Normal","Normal"
"PRJNA662018_PRJNA662018_P3N3_CCTACACTCGTCCGTT-1","/home/data/t070721/codex_workspace/Bladder Metabolism/subtype/round3/02_reclustering/Fibroblast/Fibroblast_round3_reclustered_preannotation.qs2","11","MOVE_FIBRO_TO_MURAL","Mural","PRJNA662018_PRJNA662018_P3N3","PRJNA662018","PRJNA662018_PRJNA662018_P3N3","Normal","Normal","Normal","Normal"
"PRJNA662018_PRJNA662018_P3N3_CCTTCCCAGCACCGTC-1","/home/data/t070721/codex_workspace/Bladder Metabolism/subtype/round3/02_reclustering/Fibroblast/Fibroblast_round3_reclustered_preannotation.qs2","11","MOVE_FIBRO_TO_MURAL","Mural","PRJNA662018_PRJNA662018_P3N3","PRJNA662018","PRJNA662018_PRJNA662018_P3N3","Normal","Normal","Normal","Normal"
"PRJNA662018_PRJNA662018_P3N3_CGACCTTCACACCGAC-1","/home/data/t070721/codex_workspace/Bladder Metabolism/subtype/round3/02_reclustering/Fibroblast/Fibroblast_round3_reclustered_preannotation.qs2","11","MOVE_FIBRO_TO_MURAL","Mural","PRJNA662018_PRJNA662018_P3N3","PRJNA662018","PRJNA662018_PRJNA662018_P3N3","Normal","Normal","Normal","Normal"
"PRJNA662018_PRJNA662018_P3N3_CGACTTCAGGGATACC-1","/home/data/t070721/codex_workspace/Bladder Metabolism/subtype/round3/02_reclustering/Fibroblast/Fibroblast_round3_reclustered_preannotation.qs2","11","MOVE_FIBRO_TO_MURAL","Mural","PRJNA662018_PRJNA662018_P3N3","PRJNA662018","PRJNA662018_PRJNA662018_P3N3","Normal","Normal","Normal","Normal"
"PRJNA662018_PRJNA662018_P3N3_CGAGAAGGTAGGGTAC-1","/home/data/t070721/codex_workspace/Bladder Metabolism/subtype/round3/02_reclustering/Fibroblast/Fibroblast_round3_reclustered_preannotation.qs2","11","MOVE_FIBRO_TO_MURAL","Mural","PRJNA662018_PRJNA662018_P3N3","PRJNA662018","PRJNA662018_PRJNA662018_P3N3","Normal","Normal","Normal","Normal"
"PRJNA662018_PRJNA662018_P3N3_CGAGCACAGCTACCTA-1","/home/data/t070721/codex_workspace/Bladder Metabolism/subtype/round3/02_reclustering/Fibroblast/Fibroblast_round3_reclustered_preannotation.qs2","11","MOVE_FIBRO_TO_MURAL","Mural","PRJNA662018_PRJNA662018_P3N3","PRJNA662018","PRJNA662018_PRJNA662018_P3N3","Normal","Normal","Normal","Normal"
"PRJNA662018_PRJNA662018_P3N3_CGAGCCATCCACGACG-1","/home/data/t070721/codex_workspace/Bladder Metabolism/subtype/round3/02_reclustering/Fibroblast/Fibroblast_round3_reclustered_preannotation.qs2","11","MOVE_FIBRO_TO_MURAL","Mural","PRJNA662018_PRJNA662018_P3N3","PRJNA662018","PRJNA662018_PRJNA662018_P3N3","Normal","Normal","Normal","Normal"
"PRJNA662018_PRJNA662018_P3N3_CGCGTTTCACCAGCAC-1","/home/data/t070721/codex_workspace/Bladder Metabolism/subtype/round3/02_reclustering/Fibroblast/Fibroblast_round3_reclustered_preannotation.qs2","11","MOVE_FIBRO_TO_MURAL","Mural","PRJNA662018_PRJNA662018_P3N3","PRJNA662018","PRJNA662018_PRJNA662018_P3N3","Normal","Normal","Normal","Normal"
"PRJNA662018_PRJNA662018_P3N3_CGGTTAACAACCGCCA-1","/home/data/t070721/codex_workspace/Bladder Metabolism/subtype/round3/02_reclustering/Fibroblast/Fibroblast_round3_reclustered_preannotation.qs2","11","MOVE_FIBRO_TO_MURAL","Mural","PRJNA662018_PRJNA662018_P3N3","PRJNA662018","PRJNA662018_PRJNA662018_P3N3","Normal","Normal","Normal","Normal"
"PRJNA662018_PRJNA662018_P3N3_CGTAGGCTCCTGCAGG-1","/home/data/t070721/codex_workspace/Bladder Metabolism/subtype/round3/02_reclustering/Fibroblast/Fibroblast_round3_reclustered_preannotation.qs2","11","MOVE_FIBRO_TO_MURAL","Mural","PRJNA662018_PRJNA662018_P3N3","PRJNA662018","PRJNA662018_PRJNA662018_P3N3","Normal","Normal","Normal","Normal"
"PRJNA662018_PRJNA662018_P3N3_CGTCACTGTTGACGTT-1","/home/data/t070721/codex_workspace/Bladder Metabolism/subtype/round3/02_reclustering/Fibroblast/Fibroblast_round3_reclustered_preannotation.qs2","11","MOVE_FIBRO_TO_MURAL","Mural","PRJNA662018_PRJNA662018_P3N3","PRJNA662018","PRJNA662018_PRJNA662018_P3N3","Normal","Normal","Normal","Normal"
"PRJNA662018_PRJNA662018_P3N3_CGTCAGGCACTGTTAG-1","/home/data/t070721/codex_workspace/Bladder Metabolism/subtype/round3/02_reclustering/Fibroblast/Fibroblast_round3_reclustered_preannotation.qs2","11","MOVE_FIBRO_TO_MURAL","Mural","PRJNA662018_PRJNA662018_P3N3","PRJNA662018","PRJNA662018_PRJNA662018_P3N3","Normal","Normal","Normal","Normal"
"PRJNA662018_PRJNA662018_P3N3_CGTCCATAGTTACGGG-1","/home/data/t070721/codex_workspace/Bladder Metabolism/subtype/round3/02_reclustering/Fibroblast/Fibroblast_round3_reclustered_preannotation.qs2","11","MOVE_FIBRO_TO_MURAL","Mural","PRJNA662018_PRJNA662018_P3N3","PRJNA662018","PRJNA662018_PRJNA662018_P3N3","Normal","Normal","Normal","Normal"
"PRJNA662018_PRJNA662018_P3N3_CGTGTAAGTTAAGACA-1","/home/data/t070721/codex_workspace/Bladder Metabolism/subtype/round3/02_reclustering/Fibroblast/Fibroblast_round3_reclustered_preannotation.qs2","11","MOVE_FIBRO_TO_MURAL","Mural","PRJNA662018_PRJNA662018_P3N3","PRJNA662018","PRJNA662018_PRJNA662018_P3N3","Normal","Normal","Normal","Normal"
"PRJNA662018_PRJNA662018_P3N3_CTACGTCGTAGCGATG-1","/home/data/t070721/codex_workspace/Bladder Metabolism/subtype/round3/02_reclustering/Fibroblast/Fibroblast_round3_reclustered_preannotation.qs2","11","MOVE_FIBRO_TO_MURAL","Mural","PRJNA662018_PRJNA662018_P3N3","PRJNA662018","PRJNA662018_PRJNA662018_P3N3","Normal","Normal","Normal","Normal"
"PRJNA662018_PRJNA662018_P3N3_CTAGTGACATGACATC-1","/home/data/t070721/codex_workspace/Bladder Metabolism/subtype/round3/02_reclustering/Fibroblast/Fibroblast_round3_reclustered_preannotation.qs2","11","MOVE_FIBRO_TO_MURAL","Mural","PRJNA662018_PRJNA662018_P3N3","PRJNA662018","PRJNA662018_PRJNA662018_P3N3","Normal","Normal","Normal","Normal"
"PRJNA662018_PRJNA662018_P3N3_CTCACACCAGGTCGTC-1","/home/data/t070721/codex_workspace/Bladder Metabolism/subtype/round3/02_reclustering/Fibroblast/Fibroblast_round3_reclustered_preannotation.qs2","11","MOVE_FIBRO_TO_MURAL","Mural","PRJNA662018_PRJNA662018_P3N3","PRJNA662018","PRJNA662018_PRJNA662018_P3N3","Normal","Normal","Normal","Normal"
"PRJNA662018_PRJNA662018_P3N3_CTGAAACCACTGTCGG-1","/home/data/t070721/codex_workspace/Bladder Metabolism/subtype/round3/02_reclustering/Fibroblast/Fibroblast_round3_reclustered_preannotation.qs2","11","MOVE_FIBRO_TO_MURAL","Mural","PRJNA662018_PRJNA662018_P3N3","PRJNA662018","PRJNA662018_PRJNA662018_P3N3","Normal","Normal","Normal","Normal"
"PRJNA662018_PRJNA662018_P3N3_CTGATAGGTAGCACGA-1","/home/data/t070721/codex_workspace/Bladder Metabolism/subtype/round3/02_reclustering/Fibroblast/Fibroblast_round3_reclustered_preannotation.qs2","11","MOVE_FIBRO_TO_MURAL","Mural","PRJNA662018_PRJNA662018_P3N3","PRJNA662018","PRJNA662018_PRJNA662018_P3N3","Normal","Normal","Normal","Normal"
"PRJNA662018_PRJNA662018_P3N3_CTGATCCGTCGCGAAA-1","/home/data/t070721/codex_workspace/Bladder Metabolism/subtype/round3/02_reclustering/Fibroblast/Fibroblast_round3_reclustered_preannotation.qs2","11","MOVE_FIBRO_TO_MURAL","Mural","PRJNA662018_PRJNA662018_P3N3","PRJNA662018","PRJNA662018_PRJNA662018_P3N3","Normal","Normal","Normal","Normal"
"PRJNA662018_PRJNA662018_P3N3_CTGCGGAAGTCGAGTG-1","/home/data/t070721/codex_workspace/Bladder Metabolism/subtype/round3/02_reclustering/Fibroblast/Fibroblast_round3_reclustered_preannotation.qs2","11","MOVE_FIBRO_TO_MURAL","Mural","PRJNA662018_PRJNA662018_P3N3","PRJNA662018","PRJNA662018_PRJNA662018_P3N3","Normal","Normal","Normal","Normal"
"PRJNA662018_PRJNA662018_P3N3_CTGTGCTCAATGGACG-1","/home/data/t070721/codex_workspace/Bladder Metabolism/subtype/round3/02_reclustering/Fibroblast/Fibroblast_round3_reclustered_preannotation.qs2","11","MOVE_FIBRO_TO_MURAL","Mural","PRJNA662018_PRJNA662018_P3N3","PRJNA662018","PRJNA662018_PRJNA662018_P3N3","Normal","Normal","Normal","Normal"
"PRJNA662018_PRJNA662018_P3N3_CTGTGCTCATCTATGG-1","/home/data/t070721/codex_workspace/Bladder Metabolism/subtype/round3/02_reclustering/Fibroblast/Fibroblast_round3_reclustered_preannotation.qs2","11","MOVE_FIBRO_TO_MURAL","Mural","PRJNA662018_PRJNA662018_P3N3","PRJNA662018","PRJNA662018_PRJNA662018_P3N3","Normal","Normal","Normal","Normal"
"PRJNA662018_PRJNA662018_P3N3_GAAATGAGTCTAAACC-1","/home/data/t070721/codex_workspace/Bladder Metabolism/subtype/round3/02_reclustering/Fibroblast/Fibroblast_round3_reclustered_preannotation.qs2","11","MOVE_FIBRO_TO_MURAL","Mural","PRJNA662018_PRJNA662018_P3N3","PRJNA662018","PRJNA662018_PRJNA662018_P3N3","Normal","Normal","Normal","Normal"
"PRJNA662018_PRJNA662018_P3N3_GAACGGAAGTAGGCCA-1","/home/data/t070721/codex_workspace/Bladder Metabolism/subtype/round3/02_reclustering/Fibroblast/Fibroblast_round3_reclustered_preannotation.qs2","11","MOVE_FIBRO_TO_MURAL","Mural","PRJNA662018_PRJNA662018_P3N3","PRJNA662018","PRJNA662018_PRJNA662018_P3N3","Normal","Normal","Normal","Normal"
"PRJNA662018_PRJNA662018_P3N3_GAAGCAGTCCACTGGG-1","/home/data/t070721/codex_workspace/Bladder Metabolism/subtype/round3/02_reclustering/Fibroblast/Fibroblast_round3_reclustered_preannotation.qs2","11","MOVE_FIBRO_TO_MURAL","Mural","PRJNA662018_PRJNA662018_P3N3","PRJNA662018","PRJNA662018_PRJNA662018_P3N3","Normal","Normal","Normal","Normal"
"PRJNA662018_PRJNA662018_P3N3_GACACGCGTAGCCTAT-1","/home/data/t070721/codex_workspace/Bladder Metabolism/subtype/round3/02_reclustering/Fibroblast/Fibroblast_round3_reclustered_preannotation.qs2","11","MOVE_FIBRO_TO_MURAL","Mural","PRJNA662018_PRJNA662018_P3N3","PRJNA662018","PRJNA662018_PRJNA662018_P3N3","Normal","Normal","Normal","Normal"
"PRJNA662018_PRJNA662018_P3N3_GACGGCTAGGGATCTG-1","/home/data/t070721/codex_workspace/Bladder Metabolism/subtype/round3/02_reclustering/Fibroblast/Fibroblast_round3_reclustered_preannotation.qs2","11","MOVE_FIBRO_TO_MURAL","Mural","PRJNA662018_PRJNA662018_P3N3","PRJNA662018","PRJNA662018_PRJNA662018_P3N3","Normal","Normal","Normal","Normal"
"PRJNA662018_PRJNA662018_P3N3_GACGTGCGTCTGATTG-1","/home/data/t070721/codex_workspace/Bladder Metabolism/subtype/round3/02_reclustering/Fibroblast/Fibroblast_round3_reclustered_preannotation.qs2","11","MOVE_FIBRO_TO_MURAL","Mural","PRJNA662018_PRJNA662018_P3N3","PRJNA662018","PRJNA662018_PRJNA662018_P3N3","Normal","Normal","Normal","Normal"
"PRJNA662018_PRJNA662018_P3N3_GAGGTGATCATAAAGG-1","/home/data/t070721/codex_workspace/Bladder Metabolism/subtype/round3/02_reclustering/Fibroblast/Fibroblast_round3_reclustered_preannotation.qs2","11","MOVE_FIBRO_TO_MURAL","Mural","PRJNA662018_PRJNA662018_P3N3","PRJNA662018","PRJNA662018_PRJNA662018_P3N3","Normal","Normal","Normal","Normal"
"PRJNA662018_PRJNA662018_P3N3_GATCGCGAGTACGCCC-1","/home/data/t070721/codex_workspace/Bladder Metabolism/subtype/round3/02_reclustering/Fibroblast/Fibroblast_round3_reclustered_preannotation.qs2","11","MOVE_FIBRO_TO_MURAL","Mural","PRJNA662018_PRJNA662018_P3N3","PRJNA662018","PRJNA662018_PRJNA662018_P3N3","Normal","Normal","Normal","Normal"
"PRJNA662018_PRJNA662018_P3N3_GCAGCCAAGAAACGAG-1","/home/data/t070721/codex_workspace/Bladder Metabolism/subtype/round3/02_reclustering/Fibroblast/Fibroblast_round3_reclustered_preannotation.qs2","11","MOVE_FIBRO_TO_MURAL","Mural","PRJNA662018_PRJNA662018_P3N3","PRJNA662018","PRJNA662018_PRJNA662018_P3N3","Normal","Normal","Normal","Normal"
"PRJNA662018_PRJNA662018_P3N3_GCATACAGTGGGTATG-1","/home/data/t070721/codex_workspace/Bladder Metabolism/subtype/round3/02_reclustering/Fibroblast/Fibroblast_round3_reclustered_preannotation.qs2","11","MOVE_FIBRO_TO_MURAL","Mural","PRJNA662018_PRJNA662018_P3N3","PRJNA662018","PRJNA662018_PRJNA662018_P3N3","Normal","Normal","Normal","Normal"
"PRJNA662018_PRJNA662018_P3N3_GCATGCGCAGACGCAA-1","/home/data/t070721/codex_workspace/Bladder Metabolism/subtype/round3/02_reclustering/Fibroblast/Fibroblast_round3_reclustered_preannotation.qs2","11","MOVE_FIBRO_TO_MURAL","Mural","PRJNA662018_PRJNA662018_P3N3","PRJNA662018","PRJNA662018_PRJNA662018_P3N3","Normal","Normal","Normal","Normal"
"PRJNA662018_PRJNA662018_P3N3_GCATGTATCAACTCTT-1","/home/data/t070721/codex_workspace/Bladder Metabolism/subtype/round3/02_reclustering/Fibroblast/Fibroblast_round3_reclustered_preannotation.qs2","11","MOVE_FIBRO_TO_MURAL","Mural","PRJNA662018_PRJNA662018_P3N3","PRJNA662018","PRJNA662018_PRJNA662018_P3N3","Normal","Normal","Normal","Normal"
"PRJNA662018_PRJNA662018_P3N3_GCGCCAAGTATCGCAT-1","/home/data/t070721/codex_workspace/Bladder Metabolism/subtype/round3/02_reclustering/Fibroblast/Fibroblast_round3_reclustered_preannotation.qs2","11","MOVE_FIBRO_TO_MURAL","Mural","PRJNA662018_PRJNA662018_P3N3","PRJNA662018","PRJNA662018_PRJNA662018_P3N3","Normal","Normal","Normal","Normal"
"PRJNA662018_PRJNA662018_P3N3_GCTGCAGGTCCGACGT-1","/home/data/t070721/codex_workspace/Bladder Metabolism/subtype/round3/02_reclustering/Fibroblast/Fibroblast_round3_reclustered_preannotation.qs2","11","MOVE_FIBRO_TO_MURAL","Mural","PRJNA662018_PRJNA662018_P3N3","PRJNA662018","PRJNA662018_PRJNA662018_P3N3","Normal","Normal","Normal","Normal"
"PRJNA662018_PRJNA662018_P3N3_GGGATGAGTATGAATG-1","/home/data/t070721/codex_workspace/Bladder Metabolism/subtype/round3/02_reclustering/Fibroblast/Fibroblast_round3_reclustered_preannotation.qs2","11","MOVE_FIBRO_TO_MURAL","Mural","PRJNA662018_PRJNA662018_P3N3","PRJNA662018","PRJNA662018_PRJNA662018_P3N3","Normal","Normal","Normal","Normal"
"PRJNA662018_PRJNA662018_P3N3_GGGTTGCCATGAAGTA-1","/home/data/t070721/codex_workspace/Bladder Metabolism/subtype/round3/02_reclustering/Fibroblast/Fibroblast_round3_reclustered_preannotation.qs2","11","MOVE_FIBRO_TO_MURAL","Mural","PRJNA662018_PRJNA662018_P3N3","PRJNA662018","PRJNA662018_PRJNA662018_P3N3","Normal","Normal","Normal","Normal"
"PRJNA662018_PRJNA662018_P3N3_GGTGCGTGTCTAACGT-1","/home/data/t070721/codex_workspace/Bladder Metabolism/subtype/round3/02_reclustering/Fibroblast/Fibroblast_round3_reclustered_preannotation.qs2","11","MOVE_FIBRO_TO_MURAL","Mural","PRJNA662018_PRJNA662018_P3N3","PRJNA662018","PRJNA662018_PRJNA662018_P3N3","Normal","Normal","Normal","Normal"
"PRJNA662018_PRJNA662018_P3N3_GTATTCTTCATCACCC-1","/home/data/t070721/codex_workspace/Bladder Metabolism/subtype/round3/02_reclustering/Fibroblast/Fibroblast_round3_reclustered_preannotation.qs2","11","MOVE_FIBRO_TO_MURAL","Mural","PRJNA662018_PRJNA662018_P3N3","PRJNA662018","PRJNA662018_PRJNA662018_P3N3","Normal","Normal","Normal","Normal"
"PRJNA662018_PRJNA662018_P3N3_GTCTTCGCAGGGAGAG-1","/home/data/t070721/codex_workspace/Bladder Metabolism/subtype/round3/02_reclustering/Fibroblast/Fibroblast_round3_reclustered_preannotation.qs2","11","MOVE_FIBRO_TO_MURAL","Mural","PRJNA662018_PRJNA662018_P3N3","PRJNA662018","PRJNA662018_PRJNA662018_P3N3","Normal","Normal","Normal","Normal"
"PRJNA662018_PRJNA662018_P3N3_GTGCAGCCATGGATGG-1","/home/data/t070721/codex_workspace/Bladder Metabolism/subtype/round3/02_reclustering/Fibroblast/Fibroblast_round3_reclustered_preannotation.qs2","11","MOVE_FIBRO_TO_MURAL","Mural","PRJNA662018_PRJNA662018_P3N3","PRJNA662018","PRJNA662018_PRJNA662018_P3N3","Normal","Normal","Normal","Normal"
"PRJNA662018_PRJNA662018_P3N3_GTGCATATCTGGGCCA-1","/home/data/t070721/codex_workspace/Bladder Metabolism/subtype/round3/02_reclustering/Fibroblast/Fibroblast_round3_reclustered_preannotation.qs2","11","MOVE_FIBRO_TO_MURAL","Mural","PRJNA662018_PRJNA662018_P3N3","PRJNA662018","PRJNA662018_PRJNA662018_P3N3","Normal","Normal","Normal","Normal"
"PRJNA662018_PRJNA662018_P3N3_GTGTGCGAGAATTCCC-1","/home/data/t070721/codex_workspace/Bladder Metabolism/subtype/round3/02_reclustering/Fibroblast/Fibroblast_round3_reclustered_preannotation.qs2","11","MOVE_FIBRO_TO_MURAL","Mural","PRJNA662018_PRJNA662018_P3N3","PRJNA662018","PRJNA662018_PRJNA662018_P3N3","Normal","Normal","Normal","Normal"
"PRJNA662018_PRJNA662018_P3N3_GTGTGCGTCATCGCTC-1","/home/data/t070721/codex_workspace/Bladder Metabolism/subtype/round3/02_reclustering/Fibroblast/Fibroblast_round3_reclustered_preannotation.qs2","11","MOVE_FIBRO_TO_MURAL","Mural","PRJNA662018_PRJNA662018_P3N3","PRJNA662018","PRJNA662018_PRJNA662018_P3N3","Normal","Normal","Normal","Normal"
"PRJNA662018_PRJNA662018_P3N3_GTGTTAGGTGCGGTAA-1","/home/data/t070721/codex_workspace/Bladder Metabolism/subtype/round3/02_reclustering/Fibroblast/Fibroblast_round3_reclustered_preannotation.qs2","11","MOVE_FIBRO_TO_MURAL","Mural","PRJNA662018_PRJNA662018_P3N3","PRJNA662018","PRJNA662018_PRJNA662018_P3N3","Normal","Normal","Normal","Normal"
"PRJNA662018_PRJNA662018_P3N3_GTTAAGCCAAAGGAAG-1","/home/data/t070721/codex_workspace/Bladder Metabolism/subtype/round3/02_reclustering/Fibroblast/Fibroblast_round3_reclustered_preannotation.qs2","11","MOVE_FIBRO_TO_MURAL","Mural","PRJNA662018_PRJNA662018_P3N3","PRJNA662018","PRJNA662018_PRJNA662018_P3N3","Normal","Normal","Normal","Normal"
"PRJNA662018_PRJNA662018_P3N3_TAAACCGAGCTAAACA-1","/home/data/t070721/codex_workspace/Bladder Metabolism/subtype/round3/02_reclustering/Fibroblast/Fibroblast_round3_reclustered_preannotation.qs2","11","MOVE_FIBRO_TO_MURAL","Mural","PRJNA662018_PRJNA662018_P3N3","PRJNA662018","PRJNA662018_PRJNA662018_P3N3","Normal","Normal","Normal","Normal"
"PRJNA662018_PRJNA662018_P3N3_TACGGGCAGGCAATTA-1","/home/data/t070721/codex_workspace/Bladder Metabolism/subtype/round3/02_reclustering/Fibroblast/Fibroblast_round3_reclustered_preannotation.qs2","11","MOVE_FIBRO_TO_MURAL","Mural","PRJNA662018_PRJNA662018_P3N3","PRJNA662018","PRJNA662018_PRJNA662018_P3N3","Normal","Normal","Normal","Normal"
"PRJNA662018_PRJNA662018_P3N3_TAGACCATCTCAAGTG-1","/home/data/t070721/codex_workspace/Bladder Metabolism/subtype/round3/02_reclustering/Fibroblast/Fibroblast_round3_reclustered_preannotation.qs2","11","MOVE_FIBRO_TO_MURAL","Mural","PRJNA662018_PRJNA662018_P3N3","PRJNA662018","PRJNA662018_PRJNA662018_P3N3","Normal","Normal","Normal","Normal"
"PRJNA662018_PRJNA662018_P3N3_TAGAGCTAGCGCCTCA-1","/home/data/t070721/codex_workspace/Bladder Metabolism/subtype/round3/02_reclustering/Fibroblast/Fibroblast_round3_reclustered_preannotation.qs2","11","MOVE_FIBRO_TO_MURAL","Mural","PRJNA662018_PRJNA662018_P3N3","PRJNA662018","PRJNA662018_PRJNA662018_P3N3","Normal","Normal","Normal","Normal"
"PRJNA662018_PRJNA662018_P3N3_TATCTCAAGGGTCGAT-1","/home/data/t070721/codex_workspace/Bladder Metabolism/subtype/round3/02_reclustering/Fibroblast/Fibroblast_round3_reclustered_preannotation.qs2","11","MOVE_FIBRO_TO_MURAL","Mural","PRJNA662018_PRJNA662018_P3N3","PRJNA662018","PRJNA662018_PRJNA662018_P3N3","Normal","Normal","Normal","Normal"
"PRJNA662018_PRJNA662018_P3N3_TCAACGATCTGTTGAG-1","/home/data/t070721/codex_workspace/Bladder Metabolism/subtype/round3/02_reclustering/Fibroblast/Fibroblast_round3_reclustered_preannotation.qs2","11","MOVE_FIBRO_TO_MURAL","Mural","PRJNA662018_PRJNA662018_P3N3","PRJNA662018","PRJNA662018_PRJNA662018_P3N3","Normal","Normal","Normal","Normal"
"PRJNA662018_PRJNA662018_P3N3_TCAGATGAGAGCAATT-1","/home/data/t070721/codex_workspace/Bladder Metabolism/subtype/round3/02_reclustering/Fibroblast/Fibroblast_round3_reclustered_preannotation.qs2","11","MOVE_FIBRO_TO_MURAL","Mural","PRJNA662018_PRJNA662018_P3N3","PRJNA662018","PRJNA662018_PRJNA662018_P3N3","Normal","Normal","Normal","Normal"
"PRJNA662018_PRJNA662018_P3N3_TCCCGATGTTTCGCTC-1","/home/data/t070721/codex_workspace/Bladder Metabolism/subtype/round3/02_reclustering/Fibroblast/Fibroblast_round3_reclustered_preannotation.qs2","11","MOVE_FIBRO_TO_MURAL","Mural","PRJNA662018_PRJNA662018_P3N3","PRJNA662018","PRJNA662018_PRJNA662018_P3N3","Normal","Normal","Normal","Normal"
"PRJNA662018_PRJNA662018_P3N3_TCGAGGCCAAGAAGAG-1","/home/data/t070721/codex_workspace/Bladder Metabolism/subtype/round3/02_reclustering/Fibroblast/Fibroblast_round3_reclustered_preannotation.qs2","11","MOVE_FIBRO_TO_MURAL","Mural","PRJNA662018_PRJNA662018_P3N3","PRJNA662018","PRJNA662018_PRJNA662018_P3N3","Normal","Normal","Normal","Normal"
"PRJNA662018_PRJNA662018_P3N3_TCGCGAGAGCTTTGGT-1","/home/data/t070721/codex_workspace/Bladder Metabolism/subtype/round3/02_reclustering/Fibroblast/Fibroblast_round3_reclustered_preannotation.qs2","11","MOVE_FIBRO_TO_MURAL","Mural","PRJNA662018_PRJNA662018_P3N3","PRJNA662018","PRJNA662018_PRJNA662018_P3N3","Normal","Normal","Normal","Normal"
"PRJNA662018_PRJNA662018_P3N3_TCGGTAAAGCACGCCT-1","/home/data/t070721/codex_workspace/Bladder Metabolism/subtype/round3/02_reclustering/Fibroblast/Fibroblast_round3_reclustered_preannotation.qs2","11","MOVE_FIBRO_TO_MURAL","Mural","PRJNA662018_PRJNA662018_P3N3","PRJNA662018","PRJNA662018_PRJNA662018_P3N3","Normal","Normal","Normal","Normal"
"PRJNA662018_PRJNA662018_P3N3_TCGTACCGTTTGACAC-1","/home/data/t070721/codex_workspace/Bladder Metabolism/subtype/round3/02_reclustering/Fibroblast/Fibroblast_round3_reclustered_preannotation.qs2","11","MOVE_FIBRO_TO_MURAL","Mural","PRJNA662018_PRJNA662018_P3N3","PRJNA662018","PRJNA662018_PRJNA662018_P3N3","Normal","Normal","Normal","Normal"
"PRJNA662018_PRJNA662018_P3N3_TCTATTGAGAGCTGCA-1","/home/data/t070721/codex_workspace/Bladder Metabolism/subtype/round3/02_reclustering/Fibroblast/Fibroblast_round3_reclustered_preannotation.qs2","11","MOVE_FIBRO_TO_MURAL","Mural","PRJNA662018_PRJNA662018_P3N3","PRJNA662018","PRJNA662018_PRJNA662018_P3N3","Normal","Normal","Normal","Normal"
"PRJNA662018_PRJNA662018_P3N3_TCTCTAATCTCTGAGA-1","/home/data/t070721/codex_workspace/Bladder Metabolism/subtype/round3/02_reclustering/Fibroblast/Fibroblast_round3_reclustered_preannotation.qs2","11","MOVE_FIBRO_TO_MURAL","Mural","PRJNA662018_PRJNA662018_P3N3","PRJNA662018","PRJNA662018_PRJNA662018_P3N3","Normal","Normal","Normal","Normal"
"PRJNA662018_PRJNA662018_P3N3_TCTGGAATCGCCAGCA-1","/home/data/t070721/codex_workspace/Bladder Metabolism/subtype/round3/02_reclustering/Fibroblast/Fibroblast_round3_reclustered_preannotation.qs2","11","MOVE_FIBRO_TO_MURAL","Mural","PRJNA662018_PRJNA662018_P3N3","PRJNA662018","PRJNA662018_PRJNA662018_P3N3","Normal","Normal","Normal","Normal"
"PRJNA662018_PRJNA662018_P3N3_TCTTTCCGTCAGGACA-1","/home/data/t070721/codex_workspace/Bladder Metabolism/subtype/round3/02_reclustering/Fibroblast/Fibroblast_round3_reclustered_preannotation.qs2","11","MOVE_FIBRO_TO_MURAL","Mural","PRJNA662018_PRJNA662018_P3N3","PRJNA662018","PRJNA662018_PRJNA662018_P3N3","Normal","Normal","Normal","Normal"
"PRJNA662018_PRJNA662018_P3N3_TGAGCATTCTATCGCC-1","/home/data/t070721/codex_workspace/Bladder Metabolism/subtype/round3/02_reclustering/Fibroblast/Fibroblast_round3_reclustered_preannotation.qs2","11","MOVE_FIBRO_TO_MURAL","Mural","PRJNA662018_PRJNA662018_P3N3","PRJNA662018","PRJNA662018_PRJNA662018_P3N3","Normal","Normal","Normal","Normal"
"PRJNA662018_PRJNA662018_P3N3_TGCGGGTCACGGATAG-1","/home/data/t070721/codex_workspace/Bladder Metabolism/subtype/round3/02_reclustering/Fibroblast/Fibroblast_round3_reclustered_preannotation.qs2","11","MOVE_FIBRO_TO_MURAL","Mural","PRJNA662018_PRJNA662018_P3N3","PRJNA662018","PRJNA662018_PRJNA662018_P3N3","Normal","Normal","Normal","Normal"
"PRJNA662018_PRJNA662018_P3N3_TGGCCAGGTTCCGGCA-1","/home/data/t070721/codex_workspace/Bladder Metabolism/subtype/round3/02_reclustering/Fibroblast/Fibroblast_round3_reclustered_preannotation.qs2","11","MOVE_FIBRO_TO_MURAL","Mural","PRJNA662018_PRJNA662018_P3N3","PRJNA662018","PRJNA662018_PRJNA662018_P3N3","Normal","Normal","Normal","Normal"
"PRJNA662018_PRJNA662018_P3N3_TGGCTGGCACAGCGTC-1","/home/data/t070721/codex_workspace/Bladder Metabolism/subtype/round3/02_reclustering/Fibroblast/Fibroblast_round3_reclustered_preannotation.qs2","11","MOVE_FIBRO_TO_MURAL","Mural","PRJNA662018_PRJNA662018_P3N3","PRJNA662018","PRJNA662018_PRJNA662018_P3N3","Normal","Normal","Normal","Normal"
"PRJNA662018_PRJNA662018_P3N3_TGGCTGGTCCGATATG-1","/home/data/t070721/codex_workspace/Bladder Metabolism/subtype/round3/02_reclustering/Fibroblast/Fibroblast_round3_reclustered_preannotation.qs2","11","MOVE_FIBRO_TO_MURAL","Mural","PRJNA662018_PRJNA662018_P3N3","PRJNA662018","PRJNA662018_PRJNA662018_P3N3","Normal","Normal","Normal","Normal"
"PRJNA662018_PRJNA662018_P3N3_TGGGCGTCACCGTTGG-1","/home/data/t070721/codex_workspace/Bladder Metabolism/subtype/round3/02_reclustering/Fibroblast/Fibroblast_round3_reclustered_preannotation.qs2","11","MOVE_FIBRO_TO_MURAL","Mural","PRJNA662018_PRJNA662018_P3N3","PRJNA662018","PRJNA662018_PRJNA662018_P3N3","Normal","Normal","Normal","Normal"
"PRJNA662018_PRJNA662018_P3N3_TGGGCGTCATGCGCAC-1","/home/data/t070721/codex_workspace/Bladder Metabolism/subtype/round3/02_reclustering/Fibroblast/Fibroblast_round3_reclustered_preannotation.qs2","11","MOVE_FIBRO_TO_MURAL","Mural","PRJNA662018_PRJNA662018_P3N3","PRJNA662018","PRJNA662018_PRJNA662018_P3N3","Normal","Normal","Normal","Normal"
"PRJNA662018_PRJNA662018_P3N3_TGTATTCGTCATCGGC-1","/home/data/t070721/codex_workspace/Bladder Metabolism/subtype/round3/02_reclustering/Fibroblast/Fibroblast_round3_reclustered_preannotation.qs2","11","MOVE_FIBRO_TO_MURAL","Mural","PRJNA662018_PRJNA662018_P3N3","PRJNA662018","PRJNA662018_PRJNA662018_P3N3","Normal","Normal","Normal","Normal"
"PRJNA662018_PRJNA662018_P3N3_TTAACTCAGGACATTA-1","/home/data/t070721/codex_workspace/Bladder Metabolism/subtype/round3/02_reclustering/Fibroblast/Fibroblast_round3_reclustered_preannotation.qs2","11","MOVE_FIBRO_TO_MURAL","Mural","PRJNA662018_PRJNA662018_P3N3","PRJNA662018","PRJNA662018_PRJNA662018_P3N3","Normal","Normal","Normal","Normal"
"PRJNA662018_PRJNA662018_P3N3_TTAACTCCAACTTGAC-1","/home/data/t070721/codex_workspace/Bladder Metabolism/subtype/round3/02_reclustering/Fibroblast/Fibroblast_round3_reclustered_preannotation.qs2","11","MOVE_FIBRO_TO_MURAL","Mural","PRJNA662018_PRJNA662018_P3N3","PRJNA662018","PRJNA662018_PRJNA662018_P3N3","Normal","Normal","Normal","Normal"
"PRJNA662018_PRJNA662018_P3N3_TTAGGACGTCAAAGCG-1","/home/data/t070721/codex_workspace/Bladder Metabolism/subtype/round3/02_reclustering/Fibroblast/Fibroblast_round3_reclustered_preannotation.qs2","11","MOVE_FIBRO_TO_MURAL","Mural","PRJNA662018_PRJNA662018_P3N3","PRJNA662018","PRJNA662018_PRJNA662018_P3N3","Normal","Normal","Normal","Normal"
"PRJNA662018_PRJNA662018_P3N3_TTAGGACTCAGAGGTG-1","/home/data/t070721/codex_workspace/Bladder Metabolism/subtype/round3/02_reclustering/Fibroblast/Fibroblast_round3_reclustered_preannotation.qs2","11","MOVE_FIBRO_TO_MURAL","Mural","PRJNA662018_PRJNA662018_P3N3","PRJNA662018","PRJNA662018_PRJNA662018_P3N3","Normal","Normal","Normal","Normal"
"PRJNA662018_PRJNA662018_P3N3_TTAGGCAGTAGGCTGA-1","/home/data/t070721/codex_workspace/Bladder Metabolism/subtype/round3/02_reclustering/Fibroblast/Fibroblast_round3_reclustered_preannotation.qs2","11","MOVE_FIBRO_TO_MURAL","Mural","PRJNA662018_PRJNA662018_P3N3","PRJNA662018","PRJNA662018_PRJNA662018_P3N3","Normal","Normal","Normal","Normal"
"PRJNA662018_PRJNA662018_P3N3_TTAGGCATCCTTGACC-1","/home/data/t070721/codex_workspace/Bladder Metabolism/subtype/round3/02_reclustering/Fibroblast/Fibroblast_round3_reclustered_preannotation.qs2","11","MOVE_FIBRO_TO_MURAL","Mural","PRJNA662018_PRJNA662018_P3N3","PRJNA662018","PRJNA662018_PRJNA662018_P3N3","Normal","Normal","Normal","Normal"
"PRJNA662018_PRJNA662018_P3N3_TTCTCCTAGAGGGCTT-1","/home/data/t070721/codex_workspace/Bladder Metabolism/subtype/round3/02_reclustering/Fibroblast/Fibroblast_round3_reclustered_preannotation.qs2","11","MOVE_FIBRO_TO_MURAL","Mural","PRJNA662018_PRJNA662018_P3N3","PRJNA662018","PRJNA662018_PRJNA662018_P3N3","Normal","Normal","Normal","Normal"
"PRJNA662018_PRJNA662018_P3N3_TTCTTAGGTTGATTCG-1","/home/data/t070721/codex_workspace/Bladder Metabolism/subtype/round3/02_reclustering/Fibroblast/Fibroblast_round3_reclustered_preannotation.qs2","11","MOVE_FIBRO_TO_MURAL","Mural","PRJNA662018_PRJNA662018_P3N3","PRJNA662018","PRJNA662018_PRJNA662018_P3N3","Normal","Normal","Normal","Normal"
"PRJNA662018_PRJNA662018_P3N3_TTGCGTCTCCTTTACA-1","/home/data/t070721/codex_workspace/Bladder Metabolism/subtype/round3/02_reclustering/Fibroblast/Fibroblast_round3_reclustered_preannotation.qs2","11","MOVE_FIBRO_TO_MURAL","Mural","PRJNA662018_PRJNA662018_P3N3","PRJNA662018","PRJNA662018_PRJNA662018_P3N3","Normal","Normal","Normal","Normal"
"PRJNA662018_PRJNA662018_P3N3_TTTACTGTCGGAGGTA-1","/home/data/t070721/codex_workspace/Bladder Metabolism/subtype/round3/02_reclustering/Fibroblast/Fibroblast_round3_reclustered_preannotation.qs2","11","MOVE_FIBRO_TO_MURAL","Mural","PRJNA662018_PRJNA662018_P3N3","PRJNA662018","PRJNA662018_PRJNA662018_P3N3","Normal","Normal","Normal","Normal"
"PRJNA662018_PRJNA662018_P3N3_TTTCCTCCAATAGAGT-1","/home/data/t070721/codex_workspace/Bladder Metabolism/subtype/round3/02_reclustering/Fibroblast/Fibroblast_round3_reclustered_preannotation.qs2","11","MOVE_FIBRO_TO_MURAL","Mural","PRJNA662018_PRJNA662018_P3N3","PRJNA662018","PRJNA662018_PRJNA662018_P3N3","Normal","Normal","Normal","Normal"
"PRJNA662018_PRJNA662018_P3N3_TTTCCTCCATGACGGA-1","/home/data/t070721/codex_workspace/Bladder Metabolism/subtype/round3/02_reclustering/Fibroblast/Fibroblast_round3_reclustered_preannotation.qs2","11","MOVE_FIBRO_TO_MURAL","Mural","PRJNA662018_PRJNA662018_P3N3","PRJNA662018","PRJNA662018_PRJNA662018_P3N3","Normal","Normal","Normal","Normal"
"PRJNA662018_PRJNA662018_P3N3_TTTGCGCAGTATCGAA-1","/home/data/t070721/codex_workspace/Bladder Metabolism/subtype/round3/02_reclustering/Fibroblast/Fibroblast_round3_reclustered_preannotation.qs2","11","MOVE_FIBRO_TO_MURAL","Mural","PRJNA662018_PRJNA662018_P3N3","PRJNA662018","PRJNA662018_PRJNA662018_P3N3","Normal","Normal","Normal","Normal"
"PRJNA662018_PRJNA662018_P3N3_TTTGCGCCATGTAGTC-1","/home/data/t070721/codex_workspace/Bladder Metabolism/subtype/round3/02_reclustering/Fibroblast/Fibroblast_round3_reclustered_preannotation.qs2","11","MOVE_FIBRO_TO_MURAL","Mural","PRJNA662018_PRJNA662018_P3N3","PRJNA662018","PRJNA662018_PRJNA662018_P3N3","Normal","Normal","Normal","Normal"
"PRJNA662018_PRJNA662018_P3N3_TTTGCGCTCGCAAGCC-1","/home/data/t070721/codex_workspace/Bladder Metabolism/subtype/round3/02_reclustering/Fibroblast/Fibroblast_round3_reclustered_preannotation.qs2","11","MOVE_FIBRO_TO_MURAL","Mural","PRJNA662018_PRJNA662018_P3N3","PRJNA662018","PRJNA662018_PRJNA662018_P3N3","Normal","Normal","Normal","Normal"
"PRJNA662018_PRJNA662018_P3T3_ACCCACTAGGGTATCG-1","/home/data/t070721/codex_workspace/Bladder Metabolism/subtype/round3/02_reclustering/Fibroblast/Fibroblast_round3_reclustered_preannotation.qs2","11","MOVE_FIBRO_TO_MURAL","Mural","PRJNA662018_PRJNA662018_P3T3","PRJNA662018","PRJNA662018_PRJNA662018_P3T3","NMIBC",NA,NA,NA
"PRJNA662018_PRJNA662018_P3T3_CGACTTCAGACTCGGA-1","/home/data/t070721/codex_workspace/Bladder Metabolism/subtype/round3/02_reclustering/Fibroblast/Fibroblast_round3_reclustered_preannotation.qs2","11","MOVE_FIBRO_TO_MURAL","Mural","PRJNA662018_PRJNA662018_P3T3","PRJNA662018","PRJNA662018_PRJNA662018_P3T3","NMIBC",NA,NA,NA
"PRJNA662018_PRJNA662018_P3T3_CGAGCACCAAACAACA-1","/home/data/t070721/codex_workspace/Bladder Metabolism/subtype/round3/02_reclustering/Fibroblast/Fibroblast_round3_reclustered_preannotation.qs2","11","MOVE_FIBRO_TO_MURAL","Mural","PRJNA662018_PRJNA662018_P3T3","PRJNA662018","PRJNA662018_PRJNA662018_P3T3","NMIBC",NA,NA,NA
"PRJNA662018_PRJNA662018_P3T3_CGGCTAGTCAAACGGG-1","/home/data/t070721/codex_workspace/Bladder Metabolism/subtype/round3/02_reclustering/Fibroblast/Fibroblast_round3_reclustered_preannotation.qs2","11","MOVE_FIBRO_TO_MURAL","Mural","PRJNA662018_PRJNA662018_P3T3","PRJNA662018","PRJNA662018_PRJNA662018_P3T3","NMIBC",NA,NA,NA
"PRJNA662018_PRJNA662018_P3T3_CGTAGGCCATAGTAAG-1","/home/data/t070721/codex_workspace/Bladder Metabolism/subtype/round3/02_reclustering/Fibroblast/Fibroblast_round3_reclustered_preannotation.qs2","11","MOVE_FIBRO_TO_MURAL","Mural","PRJNA662018_PRJNA662018_P3T3","PRJNA662018","PRJNA662018_PRJNA662018_P3T3","NMIBC",NA,NA,NA
"PRJNA662018_PRJNA662018_P3T3_CGTCCATTCTTAGCCC-1","/home/data/t070721/codex_workspace/Bladder Metabolism/subtype/round3/02_reclustering/Fibroblast/Fibroblast_round3_reclustered_preannotation.qs2","11","MOVE_FIBRO_TO_MURAL","Mural","PRJNA662018_PRJNA662018_P3T3","PRJNA662018","PRJNA662018_PRJNA662018_P3T3","NMIBC",NA,NA,NA
"PRJNA662018_PRJNA662018_P3T3_CTAGTGAGTCTAGTCA-1","/home/data/t070721/codex_workspace/Bladder Metabolism/subtype/round3/02_reclustering/Fibroblast/Fibroblast_round3_reclustered_preannotation.qs2","11","MOVE_FIBRO_TO_MURAL","Mural","PRJNA662018_PRJNA662018_P3T3","PRJNA662018","PRJNA662018_PRJNA662018_P3T3","NMIBC",NA,NA,NA
"PRJNA662018_PRJNA662018_P3T3_CTCATTATCTCTTGAT-1","/home/data/t070721/codex_workspace/Bladder Metabolism/subtype/round3/02_reclustering/Fibroblast/Fibroblast_round3_reclustered_preannotation.qs2","11","MOVE_FIBRO_TO_MURAL","Mural","PRJNA662018_PRJNA662018_P3T3","PRJNA662018","PRJNA662018_PRJNA662018_P3T3","NMIBC",NA,NA,NA
"PRJNA662018_PRJNA662018_P3T3_CTGTGCTTCCACTCCA-1","/home/data/t070721/codex_workspace/Bladder Metabolism/subtype/round3/02_reclustering/Fibroblast/Fibroblast_round3_reclustered_preannotation.qs2","11","MOVE_FIBRO_TO_MURAL","Mural","PRJNA662018_PRJNA662018_P3T3","PRJNA662018","PRJNA662018_PRJNA662018_P3T3","NMIBC",NA,NA,NA
"PRJNA662018_PRJNA662018_P3T3_GAACCTACAAGTACCT-1","/home/data/t070721/codex_workspace/Bladder Metabolism/subtype/round3/02_reclustering/Fibroblast/Fibroblast_round3_reclustered_preannotation.qs2","11","MOVE_FIBRO_TO_MURAL","Mural","PRJNA662018_PRJNA662018_P3T3","PRJNA662018","PRJNA662018_PRJNA662018_P3T3","NMIBC",NA,NA,NA
"PRJNA662018_PRJNA662018_P3T3_GAGTCCGGTTCAGTAC-1","/home/data/t070721/codex_workspace/Bladder Metabolism/subtype/round3/02_reclustering/Fibroblast/Fibroblast_round3_reclustered_preannotation.qs2","11","MOVE_FIBRO_TO_MURAL","Mural","PRJNA662018_PRJNA662018_P3T3","PRJNA662018","PRJNA662018_PRJNA662018_P3T3","NMIBC",NA,NA,NA
"PRJNA662018_PRJNA662018_P3T3_GATGCTACAGCCTGTG-1","/home/data/t070721/codex_workspace/Bladder Metabolism/subtype/round3/02_reclustering/Fibroblast/Fibroblast_round3_reclustered_preannotation.qs2","11","MOVE_FIBRO_TO_MURAL","Mural","PRJNA662018_PRJNA662018_P3T3","PRJNA662018","PRJNA662018_PRJNA662018_P3T3","NMIBC",NA,NA,NA
"PRJNA662018_PRJNA662018_P3T3_GCGCAGTGTACCAGTT-1","/home/data/t070721/codex_workspace/Bladder Metabolism/subtype/round3/02_reclustering/Fibroblast/Fibroblast_round3_reclustered_preannotation.qs2","11","MOVE_FIBRO_TO_MURAL","Mural","PRJNA662018_PRJNA662018_P3T3","PRJNA662018","PRJNA662018_PRJNA662018_P3T3","NMIBC",NA,NA,NA
"PRJNA662018_PRJNA662018_P3T3_GCGCAGTGTCAAAGAT-1","/home/data/t070721/codex_workspace/Bladder Metabolism/subtype/round3/02_reclustering/Fibroblast/Fibroblast_round3_reclustered_preannotation.qs2","11","MOVE_FIBRO_TO_MURAL","Mural","PRJNA662018_PRJNA662018_P3T3","PRJNA662018","PRJNA662018_PRJNA662018_P3T3","NMIBC",NA,NA,NA
"PRJNA662018_PRJNA662018_P3T3_GCGCGATGTAAATGTG-1","/home/data/t070721/codex_workspace/Bladder Metabolism/subtype/round3/02_reclustering/Fibroblast/Fibroblast_round3_reclustered_preannotation.qs2","11","MOVE_FIBRO_TO_MURAL","Mural","PRJNA662018_PRJNA662018_P3T3","PRJNA662018","PRJNA662018_PRJNA662018_P3T3","NMIBC",NA,NA,NA
"PRJNA662018_PRJNA662018_P3T3_TGAGCCGCAGGGTTAG-1","/home/data/t070721/codex_workspace/Bladder Metabolism/subtype/round3/02_reclustering/Fibroblast/Fibroblast_round3_reclustered_preannotation.qs2","11","MOVE_FIBRO_TO_MURAL","Mural","PRJNA662018_PRJNA662018_P3T3","PRJNA662018","PRJNA662018_PRJNA662018_P3T3","NMIBC",NA,NA,NA
"PRJNA662018_PRJNA662018_P3T3_TGCGGGTTCCCTGACT-1","/home/data/t070721/codex_workspace/Bladder Metabolism/subtype/round3/02_reclustering/Fibroblast/Fibroblast_round3_reclustered_preannotation.qs2","11","MOVE_FIBRO_TO_MURAL","Mural","PRJNA662018_PRJNA662018_P3T3","PRJNA662018","PRJNA662018_PRJNA662018_P3T3","NMIBC",NA,NA,NA
"PRJNA662018_PRJNA662018_P3T3_TTGCCGTTCACTATTC-1","/home/data/t070721/codex_workspace/Bladder Metabolism/subtype/round3/02_reclustering/Fibroblast/Fibroblast_round3_reclustered_preannotation.qs2","11","MOVE_FIBRO_TO_MURAL","Mural","PRJNA662018_PRJNA662018_P3T3","PRJNA662018","PRJNA662018_PRJNA662018_P3T3","NMIBC",NA,NA,NA
"PRJNA662018_PRJNA662018_P3T3_TTGGCAATCGCAGGCT-1","/home/data/t070721/codex_workspace/Bladder Metabolism/subtype/round3/02_reclustering/Fibroblast/Fibroblast_round3_reclustered_preannotation.qs2","11","MOVE_FIBRO_TO_MURAL","Mural","PRJNA662018_PRJNA662018_P3T3","PRJNA662018","PRJNA662018_PRJNA662018_P3T3","NMIBC",NA,NA,NA
"PRJNA662018_PRJNA662018_P4T4_ATCATGGCAGACGTAG-1","/home/data/t070721/codex_workspace/Bladder Metabolism/subtype/round3/02_reclustering/Fibroblast/Fibroblast_round3_reclustered_preannotation.qs2","11","MOVE_FIBRO_TO_MURAL","Mural","PRJNA662018_PRJNA662018_P4T4","PRJNA662018","PRJNA662018_PRJNA662018_P4T4","NMIBC",NA,NA,NA
"PRJNA662018_PRJNA662018_P4T4_CAACCTCCATTACCTT-1","/home/data/t070721/codex_workspace/Bladder Metabolism/subtype/round3/02_reclustering/Fibroblast/Fibroblast_round3_reclustered_preannotation.qs2","11","MOVE_FIBRO_TO_MURAL","Mural","PRJNA662018_PRJNA662018_P4T4","PRJNA662018","PRJNA662018_PRJNA662018_P4T4","NMIBC",NA,NA,NA
"PRJNA662018_PRJNA662018_P4T4_CACAGTAAGATGTGGC-1","/home/data/t070721/codex_workspace/Bladder Metabolism/subtype/round3/02_reclustering/Fibroblast/Fibroblast_round3_reclustered_preannotation.qs2","11","MOVE_FIBRO_TO_MURAL","Mural","PRJNA662018_PRJNA662018_P4T4","PRJNA662018","PRJNA662018_PRJNA662018_P4T4","NMIBC",NA,NA,NA
"PRJNA662018_PRJNA662018_P4T4_CGTCAGGAGCAACGGT-1","/home/data/t070721/codex_workspace/Bladder Metabolism/subtype/round3/02_reclustering/Fibroblast/Fibroblast_round3_reclustered_preannotation.qs2","11","MOVE_FIBRO_TO_MURAL","Mural","PRJNA662018_PRJNA662018_P4T4","PRJNA662018","PRJNA662018_PRJNA662018_P4T4","NMIBC",NA,NA,NA
"PRJNA662018_PRJNA662018_P4T4_CTCTACGGTTAAAGAC-1","/home/data/t070721/codex_workspace/Bladder Metabolism/subtype/round3/02_reclustering/Fibroblast/Fibroblast_round3_reclustered_preannotation.qs2","11","MOVE_FIBRO_TO_MURAL","Mural","PRJNA662018_PRJNA662018_P4T4","PRJNA662018","PRJNA662018_PRJNA662018_P4T4","NMIBC",NA,NA,NA
"PRJNA662018_PRJNA662018_P4T4_GCTCTGTGTGAGGCTA-1","/home/data/t070721/codex_workspace/Bladder Metabolism/subtype/round3/02_reclustering/Fibroblast/Fibroblast_round3_reclustered_preannotation.qs2","11","MOVE_FIBRO_TO_MURAL","Mural","PRJNA662018_PRJNA662018_P4T4","PRJNA662018","PRJNA662018_PRJNA662018_P4T4","NMIBC",NA,NA,NA
"PRJNA662018_PRJNA662018_P4T4_GTCCTCAAGTACGACG-1","/home/data/t070721/codex_workspace/Bladder Metabolism/subtype/round3/02_reclustering/Fibroblast/Fibroblast_round3_reclustered_preannotation.qs2","11","MOVE_FIBRO_TO_MURAL","Mural","PRJNA662018_PRJNA662018_P4T4","PRJNA662018","PRJNA662018_PRJNA662018_P4T4","NMIBC",NA,NA,NA
"PRJNA662018_PRJNA662018_P4T4_TAAGAGAGTCGCGAAA-1","/home/data/t070721/codex_workspace/Bladder Metabolism/subtype/round3/02_reclustering/Fibroblast/Fibroblast_round3_reclustered_preannotation.qs2","11","MOVE_FIBRO_TO_MURAL","Mural","PRJNA662018_PRJNA662018_P4T4","PRJNA662018","PRJNA662018_PRJNA662018_P4T4","NMIBC",NA,NA,NA
"PRJNA662018_PRJNA662018_P4T4_TAGACCAAGGGTCTCC-1","/home/data/t070721/codex_workspace/Bladder Metabolism/subtype/round3/02_reclustering/Fibroblast/Fibroblast_round3_reclustered_preannotation.qs2","11","MOVE_FIBRO_TO_MURAL","Mural","PRJNA662018_PRJNA662018_P4T4","PRJNA662018","PRJNA662018_PRJNA662018_P4T4","NMIBC",NA,NA,NA
"PRJNA662018_PRJNA662018_P4T4_TCATTTGAGATATACG-1","/home/data/t070721/codex_workspace/Bladder Metabolism/subtype/round3/02_reclustering/Fibroblast/Fibroblast_round3_reclustered_preannotation.qs2","11","MOVE_FIBRO_TO_MURAL","Mural","PRJNA662018_PRJNA662018_P4T4","PRJNA662018","PRJNA662018_PRJNA662018_P4T4","NMIBC",NA,NA,NA
"PRJNA662018_PRJNA662018_P4T4_TCGTACCGTCTCCCTA-1","/home/data/t070721/codex_workspace/Bladder Metabolism/subtype/round3/02_reclustering/Fibroblast/Fibroblast_round3_reclustered_preannotation.qs2","11","MOVE_FIBRO_TO_MURAL","Mural","PRJNA662018_PRJNA662018_P4T4","PRJNA662018","PRJNA662018_PRJNA662018_P4T4","NMIBC",NA,NA,NA
"PRJNA662018_PRJNA662018_P4T4_TCTTTCCTCCTCATTA-1","/home/data/t070721/codex_workspace/Bladder Metabolism/subtype/round3/02_reclustering/Fibroblast/Fibroblast_round3_reclustered_preannotation.qs2","11","MOVE_FIBRO_TO_MURAL","Mural","PRJNA662018_PRJNA662018_P4T4","PRJNA662018","PRJNA662018_PRJNA662018_P4T4","NMIBC",NA,NA,NA
"PRJNA662018_PRJNA662018_P4T4_TGCCCTATCCTTGACC-1","/home/data/t070721/codex_workspace/Bladder Metabolism/subtype/round3/02_reclustering/Fibroblast/Fibroblast_round3_reclustered_preannotation.qs2","11","MOVE_FIBRO_TO_MURAL","Mural","PRJNA662018_PRJNA662018_P4T4","PRJNA662018","PRJNA662018_PRJNA662018_P4T4","NMIBC",NA,NA,NA
"PRJNA662018_PRJNA662018_P4T4_TGTCCCATCCCAAGTA-1","/home/data/t070721/codex_workspace/Bladder Metabolism/subtype/round3/02_reclustering/Fibroblast/Fibroblast_round3_reclustered_preannotation.qs2","11","MOVE_FIBRO_TO_MURAL","Mural","PRJNA662018_PRJNA662018_P4T4","PRJNA662018","PRJNA662018_PRJNA662018_P4T4","NMIBC",NA,NA,NA
"PRJNA662018_PRJNA662018_P4T4_TTCGAAGAGATAGGAG-1","/home/data/t070721/codex_workspace/Bladder Metabolism/subtype/round3/02_reclustering/Fibroblast/Fibroblast_round3_reclustered_preannotation.qs2","11","MOVE_FIBRO_TO_MURAL","Mural","PRJNA662018_PRJNA662018_P4T4","PRJNA662018","PRJNA662018_PRJNA662018_P4T4","NMIBC",NA,NA,NA
"PRJNA662018_PRJNA662018_P4T4_TTCGAAGAGTGCTGCC-1","/home/data/t070721/codex_workspace/Bladder Metabolism/subtype/round3/02_reclustering/Fibroblast/Fibroblast_round3_reclustered_preannotation.qs2","11","MOVE_FIBRO_TO_MURAL","Mural","PRJNA662018_PRJNA662018_P4T4","PRJNA662018","PRJNA662018_PRJNA662018_P4T4","NMIBC",NA,NA,NA
"PRJNA662018_PRJNA662018_P5T5_AAAGATGCAGCTGCAC-1","/home/data/t070721/codex_workspace/Bladder Metabolism/subtype/round3/02_reclustering/Fibroblast/Fibroblast_round3_reclustered_preannotation.qs2","11","MOVE_FIBRO_TO_MURAL","Mural","PRJNA662018_PRJNA662018_P5T5","PRJNA662018","PRJNA662018_PRJNA662018_P5T5","MIBC",NA,NA,NA
"PRJNA662018_PRJNA662018_P5T5_ACGCCGACAATGGACG-1","/home/data/t070721/codex_workspace/Bladder Metabolism/subtype/round3/02_reclustering/Fibroblast/Fibroblast_round3_reclustered_preannotation.qs2","11","MOVE_FIBRO_TO_MURAL","Mural","PRJNA662018_PRJNA662018_P5T5","PRJNA662018","PRJNA662018_PRJNA662018_P5T5","MIBC",NA,NA,NA
"PRJNA662018_PRJNA662018_P5T5_AGAATAGAGCGCCTCA-1","/home/data/t070721/codex_workspace/Bladder Metabolism/subtype/round3/02_reclustering/Fibroblast/Fibroblast_round3_reclustered_preannotation.qs2","11","MOVE_FIBRO_TO_MURAL","Mural","PRJNA662018_PRJNA662018_P5T5","PRJNA662018","PRJNA662018_PRJNA662018_P5T5","MIBC",NA,NA,NA
"PRJNA662018_PRJNA662018_P5T5_AGCTCTCCACGAAGCA-1","/home/data/t070721/codex_workspace/Bladder Metabolism/subtype/round3/02_reclustering/Fibroblast/Fibroblast_round3_reclustered_preannotation.qs2","11","MOVE_FIBRO_TO_MURAL","Mural","PRJNA662018_PRJNA662018_P5T5","PRJNA662018","PRJNA662018_PRJNA662018_P5T5","MIBC",NA,NA,NA
"PRJNA662018_PRJNA662018_P5T5_AGTAGTCTCCCTAATT-1","/home/data/t070721/codex_workspace/Bladder Metabolism/subtype/round3/02_reclustering/Fibroblast/Fibroblast_round3_reclustered_preannotation.qs2","11","MOVE_FIBRO_TO_MURAL","Mural","PRJNA662018_PRJNA662018_P5T5","PRJNA662018","PRJNA662018_PRJNA662018_P5T5","MIBC",NA,NA,NA
"PRJNA662018_PRJNA662018_P5T5_ATTTCTGAGCGCTTAT-1","/home/data/t070721/codex_workspace/Bladder Metabolism/subtype/round3/02_reclustering/Fibroblast/Fibroblast_round3_reclustered_preannotation.qs2","11","MOVE_FIBRO_TO_MURAL","Mural","PRJNA662018_PRJNA662018_P5T5","PRJNA662018","PRJNA662018_PRJNA662018_P5T5","MIBC",NA,NA,NA
"PRJNA662018_PRJNA662018_P5T5_CATCAAGTCAGGCGAA-1","/home/data/t070721/codex_workspace/Bladder Metabolism/subtype/round3/02_reclustering/Fibroblast/Fibroblast_round3_reclustered_preannotation.qs2","11","MOVE_FIBRO_TO_MURAL","Mural","PRJNA662018_PRJNA662018_P5T5","PRJNA662018","PRJNA662018_PRJNA662018_P5T5","MIBC",NA,NA,NA
"PRJNA662018_PRJNA662018_P5T5_CGAACATTCCTTTCTC-1","/home/data/t070721/codex_workspace/Bladder Metabolism/subtype/round3/02_reclustering/Fibroblast/Fibroblast_round3_reclustered_preannotation.qs2","11","MOVE_FIBRO_TO_MURAL","Mural","PRJNA662018_PRJNA662018_P5T5","PRJNA662018","PRJNA662018_PRJNA662018_P5T5","MIBC",NA,NA,NA
"PRJNA662018_PRJNA662018_P5T5_CGACTTCGTGAAGGCT-1","/home/data/t070721/codex_workspace/Bladder Metabolism/subtype/round3/02_reclustering/Fibroblast/Fibroblast_round3_reclustered_preannotation.qs2","11","MOVE_FIBRO_TO_MURAL","Mural","PRJNA662018_PRJNA662018_P5T5","PRJNA662018","PRJNA662018_PRJNA662018_P5T5","MIBC",NA,NA,NA
"PRJNA662018_PRJNA662018_P5T5_CGCGTTTCAAGGACTG-1","/home/data/t070721/codex_workspace/Bladder Metabolism/subtype/round3/02_reclustering/Fibroblast/Fibroblast_round3_reclustered_preannotation.qs2","11","MOVE_FIBRO_TO_MURAL","Mural","PRJNA662018_PRJNA662018_P5T5","PRJNA662018","PRJNA662018_PRJNA662018_P5T5","MIBC",NA,NA,NA
"PRJNA662018_PRJNA662018_P5T5_CTACCCATCGCAAGCC-1","/home/data/t070721/codex_workspace/Bladder Metabolism/subtype/round3/02_reclustering/Fibroblast/Fibroblast_round3_reclustered_preannotation.qs2","11","MOVE_FIBRO_TO_MURAL","Mural","PRJNA662018_PRJNA662018_P5T5","PRJNA662018","PRJNA662018_PRJNA662018_P5T5","MIBC",NA,NA,NA
"PRJNA662018_PRJNA662018_P5T5_GATCGCGCATGATCCA-1","/home/data/t070721/codex_workspace/Bladder Metabolism/subtype/round3/02_reclustering/Fibroblast/Fibroblast_round3_reclustered_preannotation.qs2","11","MOVE_FIBRO_TO_MURAL","Mural","PRJNA662018_PRJNA662018_P5T5","PRJNA662018","PRJNA662018_PRJNA662018_P5T5","MIBC",NA,NA,NA
"PRJNA662018_PRJNA662018_P5T5_GCTGGGTAGCCACGCT-1","/home/data/t070721/codex_workspace/Bladder Metabolism/subtype/round3/02_reclustering/Fibroblast/Fibroblast_round3_reclustered_preannotation.qs2","11","MOVE_FIBRO_TO_MURAL","Mural","PRJNA662018_PRJNA662018_P5T5","PRJNA662018","PRJNA662018_PRJNA662018_P5T5","MIBC",NA,NA,NA
"PRJNA662018_PRJNA662018_P5T5_GGCTCGAAGTGAATTG-1","/home/data/t070721/codex_workspace/Bladder Metabolism/subtype/round3/02_reclustering/Fibroblast/Fibroblast_round3_reclustered_preannotation.qs2","11","MOVE_FIBRO_TO_MURAL","Mural","PRJNA662018_PRJNA662018_P5T5","PRJNA662018","PRJNA662018_PRJNA662018_P5T5","MIBC",NA,NA,NA
"PRJNA662018_PRJNA662018_P5T5_GGGCATCCATGTAGTC-1","/home/data/t070721/codex_workspace/Bladder Metabolism/subtype/round3/02_reclustering/Fibroblast/Fibroblast_round3_reclustered_preannotation.qs2","11","MOVE_FIBRO_TO_MURAL","Mural","PRJNA662018_PRJNA662018_P5T5","PRJNA662018","PRJNA662018_PRJNA662018_P5T5","MIBC",NA,NA,NA
"PRJNA662018_PRJNA662018_P5T5_GTACTCCGTTTAAGCC-1","/home/data/t070721/codex_workspace/Bladder Metabolism/subtype/round3/02_reclustering/Fibroblast/Fibroblast_round3_reclustered_preannotation.qs2","11","MOVE_FIBRO_TO_MURAL","Mural","PRJNA662018_PRJNA662018_P5T5","PRJNA662018","PRJNA662018_PRJNA662018_P5T5","MIBC",NA,NA,NA
"PRJNA662018_PRJNA662018_P5T5_GTCACGGTCGGTCCGA-1","/home/data/t070721/codex_workspace/Bladder Metabolism/subtype/round3/02_reclustering/Fibroblast/Fibroblast_round3_reclustered_preannotation.qs2","11","MOVE_FIBRO_TO_MURAL","Mural","PRJNA662018_PRJNA662018_P5T5","PRJNA662018","PRJNA662018_PRJNA662018_P5T5","MIBC",NA,NA,NA
"PRJNA662018_PRJNA662018_P5T5_TACACGATCCCTTGTG-1","/home/data/t070721/codex_workspace/Bladder Metabolism/subtype/round3/02_reclustering/Fibroblast/Fibroblast_round3_reclustered_preannotation.qs2","11","MOVE_FIBRO_TO_MURAL","Mural","PRJNA662018_PRJNA662018_P5T5","PRJNA662018","PRJNA662018_PRJNA662018_P5T5","MIBC",NA,NA,NA
"PRJNA662018_PRJNA662018_P5T5_TACGGTACATGTCGAT-1","/home/data/t070721/codex_workspace/Bladder Metabolism/subtype/round3/02_reclustering/Fibroblast/Fibroblast_round3_reclustered_preannotation.qs2","11","MOVE_FIBRO_TO_MURAL","Mural","PRJNA662018_PRJNA662018_P5T5","PRJNA662018","PRJNA662018_PRJNA662018_P5T5","MIBC",NA,NA,NA
"PRJNA662018_PRJNA662018_P5T5_TAGACCACATGGTCTA-1","/home/data/t070721/codex_workspace/Bladder Metabolism/subtype/round3/02_reclustering/Fibroblast/Fibroblast_round3_reclustered_preannotation.qs2","11","MOVE_FIBRO_TO_MURAL","Mural","PRJNA662018_PRJNA662018_P5T5","PRJNA662018","PRJNA662018_PRJNA662018_P5T5","MIBC",NA,NA,NA
"PRJNA662018_PRJNA662018_P5T5_TGACGGCGTTAAAGTG-1","/home/data/t070721/codex_workspace/Bladder Metabolism/subtype/round3/02_reclustering/Fibroblast/Fibroblast_round3_reclustered_preannotation.qs2","11","MOVE_FIBRO_TO_MURAL","Mural","PRJNA662018_PRJNA662018_P5T5","PRJNA662018","PRJNA662018_PRJNA662018_P5T5","MIBC",NA,NA,NA
"PRJNA662018_PRJNA662018_P5T5_TGGCCAGAGGCTCAGA-1","/home/data/t070721/codex_workspace/Bladder Metabolism/subtype/round3/02_reclustering/Fibroblast/Fibroblast_round3_reclustered_preannotation.qs2","11","MOVE_FIBRO_TO_MURAL","Mural","PRJNA662018_PRJNA662018_P5T5","PRJNA662018","PRJNA662018_PRJNA662018_P5T5","MIBC",NA,NA,NA
"PRJNA662018_PRJNA662018_P5T5_TGGCGCAGTCCGCTGA-1","/home/data/t070721/codex_workspace/Bladder Metabolism/subtype/round3/02_reclustering/Fibroblast/Fibroblast_round3_reclustered_preannotation.qs2","11","MOVE_FIBRO_TO_MURAL","Mural","PRJNA662018_PRJNA662018_P5T5","PRJNA662018","PRJNA662018_PRJNA662018_P5T5","MIBC",NA,NA,NA
"PRJNA662018_PRJNA662018_P6N2_AAGGTTCAGGCCCTTG-1","/home/data/t070721/codex_workspace/Bladder Metabolism/subtype/round3/02_reclustering/Fibroblast/Fibroblast_round3_reclustered_preannotation.qs2","11","MOVE_FIBRO_TO_MURAL","Mural","PRJNA662018_PRJNA662018_P6N2","PRJNA662018","PRJNA662018_PRJNA662018_P6N2","Normal","Normal","Normal","Normal"
"PRJNA662018_PRJNA662018_P6N2_AGCATACAGCACAGGT-1","/home/data/t070721/codex_workspace/Bladder Metabolism/subtype/round3/02_reclustering/Fibroblast/Fibroblast_round3_reclustered_preannotation.qs2","11","MOVE_FIBRO_TO_MURAL","Mural","PRJNA662018_PRJNA662018_P6N2","PRJNA662018","PRJNA662018_PRJNA662018_P6N2","Normal","Normal","Normal","Normal"
"PRJNA662018_PRJNA662018_P6N2_ATTCTACAGTAGCCGA-1","/home/data/t070721/codex_workspace/Bladder Metabolism/subtype/round3/02_reclustering/Fibroblast/Fibroblast_round3_reclustered_preannotation.qs2","11","MOVE_FIBRO_TO_MURAL","Mural","PRJNA662018_PRJNA662018_P6N2","PRJNA662018","PRJNA662018_PRJNA662018_P6N2","Normal","Normal","Normal","Normal"
"PRJNA662018_PRJNA662018_P6N2_CCAATCCTCGCACTCT-1","/home/data/t070721/codex_workspace/Bladder Metabolism/subtype/round3/02_reclustering/Fibroblast/Fibroblast_round3_reclustered_preannotation.qs2","11","MOVE_FIBRO_TO_MURAL","Mural","PRJNA662018_PRJNA662018_P6N2","PRJNA662018","PRJNA662018_PRJNA662018_P6N2","Normal","Normal","Normal","Normal"
"PRJNA662018_PRJNA662018_P6N2_CCGGGATCAAGCGTAG-1","/home/data/t070721/codex_workspace/Bladder Metabolism/subtype/round3/02_reclustering/Fibroblast/Fibroblast_round3_reclustered_preannotation.qs2","11","MOVE_FIBRO_TO_MURAL","Mural","PRJNA662018_PRJNA662018_P6N2","PRJNA662018","PRJNA662018_PRJNA662018_P6N2","Normal","Normal","Normal","Normal"
"PRJNA662018_PRJNA662018_P6N2_CGACCTTCATAGTAAG-1","/home/data/t070721/codex_workspace/Bladder Metabolism/subtype/round3/02_reclustering/Fibroblast/Fibroblast_round3_reclustered_preannotation.qs2","11","MOVE_FIBRO_TO_MURAL","Mural","PRJNA662018_PRJNA662018_P6N2","PRJNA662018","PRJNA662018_PRJNA662018_P6N2","Normal","Normal","Normal","Normal"
"PRJNA662018_PRJNA662018_P6N2_CGATGGCAGCTGTTCA-1","/home/data/t070721/codex_workspace/Bladder Metabolism/subtype/round3/02_reclustering/Fibroblast/Fibroblast_round3_reclustered_preannotation.qs2","11","MOVE_FIBRO_TO_MURAL","Mural","PRJNA662018_PRJNA662018_P6N2","PRJNA662018","PRJNA662018_PRJNA662018_P6N2","Normal","Normal","Normal","Normal"
"PRJNA662018_PRJNA662018_P6N2_CTACCCACACCAGGCT-1","/home/data/t070721/codex_workspace/Bladder Metabolism/subtype/round3/02_reclustering/Fibroblast/Fibroblast_round3_reclustered_preannotation.qs2","11","MOVE_FIBRO_TO_MURAL","Mural","PRJNA662018_PRJNA662018_P6N2","PRJNA662018","PRJNA662018_PRJNA662018_P6N2","Normal","Normal","Normal","Normal"
"PRJNA662018_PRJNA662018_P6N2_CTCAGAAGTGAACCTT-1","/home/data/t070721/codex_workspace/Bladder Metabolism/subtype/round3/02_reclustering/Fibroblast/Fibroblast_round3_reclustered_preannotation.qs2","11","MOVE_FIBRO_TO_MURAL","Mural","PRJNA662018_PRJNA662018_P6N2","PRJNA662018","PRJNA662018_PRJNA662018_P6N2","Normal","Normal","Normal","Normal"
"PRJNA662018_PRJNA662018_P6N2_CTCGTCATCTACCTGC-1","/home/data/t070721/codex_workspace/Bladder Metabolism/subtype/round3/02_reclustering/Fibroblast/Fibroblast_round3_reclustered_preannotation.qs2","11","MOVE_FIBRO_TO_MURAL","Mural","PRJNA662018_PRJNA662018_P6N2","PRJNA662018","PRJNA662018_PRJNA662018_P6N2","Normal","Normal","Normal","Normal"
"PRJNA662018_PRJNA662018_P6N2_GAAACTCAGCCACCTG-1","/home/data/t070721/codex_workspace/Bladder Metabolism/subtype/round3/02_reclustering/Fibroblast/Fibroblast_round3_reclustered_preannotation.qs2","11","MOVE_FIBRO_TO_MURAL","Mural","PRJNA662018_PRJNA662018_P6N2","PRJNA662018","PRJNA662018_PRJNA662018_P6N2","Normal","Normal","Normal","Normal"
"PRJNA662018_PRJNA662018_P6N2_GCGACCAGTCGAACAG-1","/home/data/t070721/codex_workspace/Bladder Metabolism/subtype/round3/02_reclustering/Fibroblast/Fibroblast_round3_reclustered_preannotation.qs2","11","MOVE_FIBRO_TO_MURAL","Mural","PRJNA662018_PRJNA662018_P6N2","PRJNA662018","PRJNA662018_PRJNA662018_P6N2","Normal","Normal","Normal","Normal"
"PRJNA662018_PRJNA662018_P6N2_GCTTCCAAGCCACGCT-1","/home/data/t070721/codex_workspace/Bladder Metabolism/subtype/round3/02_reclustering/Fibroblast/Fibroblast_round3_reclustered_preannotation.qs2","11","MOVE_FIBRO_TO_MURAL","Mural","PRJNA662018_PRJNA662018_P6N2","PRJNA662018","PRJNA662018_PRJNA662018_P6N2","Normal","Normal","Normal","Normal"
"PRJNA662018_PRJNA662018_P6N2_GGCCGATCAGCTGTGC-1","/home/data/t070721/codex_workspace/Bladder Metabolism/subtype/round3/02_reclustering/Fibroblast/Fibroblast_round3_reclustered_preannotation.qs2","11","MOVE_FIBRO_TO_MURAL","Mural","PRJNA662018_PRJNA662018_P6N2","PRJNA662018","PRJNA662018_PRJNA662018_P6N2","Normal","Normal","Normal","Normal"
"PRJNA662018_PRJNA662018_P6N2_GGTATTGAGCACAGGT-1","/home/data/t070721/codex_workspace/Bladder Metabolism/subtype/round3/02_reclustering/Fibroblast/Fibroblast_round3_reclustered_preannotation.qs2","11","MOVE_FIBRO_TO_MURAL","Mural","PRJNA662018_PRJNA662018_P6N2","PRJNA662018","PRJNA662018_PRJNA662018_P6N2","Normal","Normal","Normal","Normal"
"PRJNA662018_PRJNA662018_P6N2_TAAGTGCGTGATAAAC-1","/home/data/t070721/codex_workspace/Bladder Metabolism/subtype/round3/02_reclustering/Fibroblast/Fibroblast_round3_reclustered_preannotation.qs2","11","MOVE_FIBRO_TO_MURAL","Mural","PRJNA662018_PRJNA662018_P6N2","PRJNA662018","PRJNA662018_PRJNA662018_P6N2","Normal","Normal","Normal","Normal"
"PRJNA662018_PRJNA662018_P6N2_TAGTGGTGTGACTCAT-1","/home/data/t070721/codex_workspace/Bladder Metabolism/subtype/round3/02_reclustering/Fibroblast/Fibroblast_round3_reclustered_preannotation.qs2","11","MOVE_FIBRO_TO_MURAL","Mural","PRJNA662018_PRJNA662018_P6N2","PRJNA662018","PRJNA662018_PRJNA662018_P6N2","Normal","Normal","Normal","Normal"
"PRJNA662018_PRJNA662018_P6N2_TCCACACCATGTCGAT-1","/home/data/t070721/codex_workspace/Bladder Metabolism/subtype/round3/02_reclustering/Fibroblast/Fibroblast_round3_reclustered_preannotation.qs2","11","MOVE_FIBRO_TO_MURAL","Mural","PRJNA662018_PRJNA662018_P6N2","PRJNA662018","PRJNA662018_PRJNA662018_P6N2","Normal","Normal","Normal","Normal"
"PRJNA662018_PRJNA662018_P6N2_TCGGTAATCATCGATG-1","/home/data/t070721/codex_workspace/Bladder Metabolism/subtype/round3/02_reclustering/Fibroblast/Fibroblast_round3_reclustered_preannotation.qs2","11","MOVE_FIBRO_TO_MURAL","Mural","PRJNA662018_PRJNA662018_P6N2","PRJNA662018","PRJNA662018_PRJNA662018_P6N2","Normal","Normal","Normal","Normal"
"PRJNA662018_PRJNA662018_P6N2_TGAGCATAGCGTCAAG-1","/home/data/t070721/codex_workspace/Bladder Metabolism/subtype/round3/02_reclustering/Fibroblast/Fibroblast_round3_reclustered_preannotation.qs2","11","MOVE_FIBRO_TO_MURAL","Mural","PRJNA662018_PRJNA662018_P6N2","PRJNA662018","PRJNA662018_PRJNA662018_P6N2","Normal","Normal","Normal","Normal"
"PRJNA662018_PRJNA662018_P6N2_TGTGGTATCAGAAATG-1","/home/data/t070721/codex_workspace/Bladder Metabolism/subtype/round3/02_reclustering/Fibroblast/Fibroblast_round3_reclustered_preannotation.qs2","11","MOVE_FIBRO_TO_MURAL","Mural","PRJNA662018_PRJNA662018_P6N2","PRJNA662018","PRJNA662018_PRJNA662018_P6N2","Normal","Normal","Normal","Normal"
"PRJNA662018_PRJNA662018_P6N2_TTCGAAGAGTCGAGTG-1","/home/data/t070721/codex_workspace/Bladder Metabolism/subtype/round3/02_reclustering/Fibroblast/Fibroblast_round3_reclustered_preannotation.qs2","11","MOVE_FIBRO_TO_MURAL","Mural","PRJNA662018_PRJNA662018_P6N2","PRJNA662018","PRJNA662018_PRJNA662018_P6N2","Normal","Normal","Normal","Normal"
"PRJNA662018_PRJNA662018_P6N2_TTCTCAACAGCGAACA-1","/home/data/t070721/codex_workspace/Bladder Metabolism/subtype/round3/02_reclustering/Fibroblast/Fibroblast_round3_reclustered_preannotation.qs2","11","MOVE_FIBRO_TO_MURAL","Mural","PRJNA662018_PRJNA662018_P6N2","PRJNA662018","PRJNA662018_PRJNA662018_P6N2","Normal","Normal","Normal","Normal"
"PRJNA662018_PRJNA662018_P6T6_ACGCAGCGTCCTGCTT-1","/home/data/t070721/codex_workspace/Bladder Metabolism/subtype/round3/02_reclustering/Fibroblast/Fibroblast_round3_reclustered_preannotation.qs2","11","MOVE_FIBRO_TO_MURAL","Mural","PRJNA662018_PRJNA662018_P6T6","PRJNA662018","PRJNA662018_PRJNA662018_P6T6","MIBC",NA,NA,NA
"PRJNA662018_PRJNA662018_P6T6_ACGGGCTGTCGATTGT-1","/home/data/t070721/codex_workspace/Bladder Metabolism/subtype/round3/02_reclustering/Fibroblast/Fibroblast_round3_reclustered_preannotation.qs2","11","MOVE_FIBRO_TO_MURAL","Mural","PRJNA662018_PRJNA662018_P6T6","PRJNA662018","PRJNA662018_PRJNA662018_P6T6","MIBC",NA,NA,NA
"PRJNA662018_PRJNA662018_P6T6_CATCGAAGTCACCCAG-1","/home/data/t070721/codex_workspace/Bladder Metabolism/subtype/round3/02_reclustering/Fibroblast/Fibroblast_round3_reclustered_preannotation.qs2","11","MOVE_FIBRO_TO_MURAL","Mural","PRJNA662018_PRJNA662018_P6T6","PRJNA662018","PRJNA662018_PRJNA662018_P6T6","MIBC",NA,NA,NA
"PRJNA662018_PRJNA662018_P6T6_CATCGGGCATCTGGTA-1","/home/data/t070721/codex_workspace/Bladder Metabolism/subtype/round3/02_reclustering/Fibroblast/Fibroblast_round3_reclustered_preannotation.qs2","11","MOVE_FIBRO_TO_MURAL","Mural","PRJNA662018_PRJNA662018_P6T6","PRJNA662018","PRJNA662018_PRJNA662018_P6T6","MIBC",NA,NA,NA
"PRJNA662018_PRJNA662018_P6T6_CTCATTACAAACTGCT-1","/home/data/t070721/codex_workspace/Bladder Metabolism/subtype/round3/02_reclustering/Fibroblast/Fibroblast_round3_reclustered_preannotation.qs2","11","MOVE_FIBRO_TO_MURAL","Mural","PRJNA662018_PRJNA662018_P6T6","PRJNA662018","PRJNA662018_PRJNA662018_P6T6","MIBC",NA,NA,NA
"PRJNA662018_PRJNA662018_P6T6_CTGGTCTCACGTTGGC-1","/home/data/t070721/codex_workspace/Bladder Metabolism/subtype/round3/02_reclustering/Fibroblast/Fibroblast_round3_reclustered_preannotation.qs2","11","MOVE_FIBRO_TO_MURAL","Mural","PRJNA662018_PRJNA662018_P6T6","PRJNA662018","PRJNA662018_PRJNA662018_P6T6","MIBC",NA,NA,NA
"PRJNA662018_PRJNA662018_P6T6_GACGTTACATTGCGGC-1","/home/data/t070721/codex_workspace/Bladder Metabolism/subtype/round3/02_reclustering/Fibroblast/Fibroblast_round3_reclustered_preannotation.qs2","11","MOVE_FIBRO_TO_MURAL","Mural","PRJNA662018_PRJNA662018_P6T6","PRJNA662018","PRJNA662018_PRJNA662018_P6T6","MIBC",NA,NA,NA
"PRJNA662018_PRJNA662018_P6T6_GATCGATGTAGGACAC-1","/home/data/t070721/codex_workspace/Bladder Metabolism/subtype/round3/02_reclustering/Fibroblast/Fibroblast_round3_reclustered_preannotation.qs2","11","MOVE_FIBRO_TO_MURAL","Mural","PRJNA662018_PRJNA662018_P6T6","PRJNA662018","PRJNA662018_PRJNA662018_P6T6","MIBC",NA,NA,NA
"PRJNA662018_PRJNA662018_P6T6_GTCCTCAAGTTAGCGG-1","/home/data/t070721/codex_workspace/Bladder Metabolism/subtype/round3/02_reclustering/Fibroblast/Fibroblast_round3_reclustered_preannotation.qs2","11","MOVE_FIBRO_TO_MURAL","Mural","PRJNA662018_PRJNA662018_P6T6","PRJNA662018","PRJNA662018_PRJNA662018_P6T6","MIBC",NA,NA,NA
"PRJNA662018_PRJNA662018_P6T6_TATGCCCCAGACAAGC-1","/home/data/t070721/codex_workspace/Bladder Metabolism/subtype/round3/02_reclustering/Fibroblast/Fibroblast_round3_reclustered_preannotation.qs2","11","MOVE_FIBRO_TO_MURAL","Mural","PRJNA662018_PRJNA662018_P6T6","PRJNA662018","PRJNA662018_PRJNA662018_P6T6","MIBC",NA,NA,NA
"PRJNA662018_PRJNA662018_P6T6_TCTTCGGGTTACGCGC-1","/home/data/t070721/codex_workspace/Bladder Metabolism/subtype/round3/02_reclustering/Fibroblast/Fibroblast_round3_reclustered_preannotation.qs2","11","MOVE_FIBRO_TO_MURAL","Mural","PRJNA662018_PRJNA662018_P6T6","PRJNA662018","PRJNA662018_PRJNA662018_P6T6","MIBC",NA,NA,NA
"PRJNA662018_PRJNA662018_P6T6_TCTTCGGTCAGGTTCA-1","/home/data/t070721/codex_workspace/Bladder Metabolism/subtype/round3/02_reclustering/Fibroblast/Fibroblast_round3_reclustered_preannotation.qs2","11","MOVE_FIBRO_TO_MURAL","Mural","PRJNA662018_PRJNA662018_P6T6","PRJNA662018","PRJNA662018_PRJNA662018_P6T6","MIBC",NA,NA,NA
"PRJNA662018_PRJNA662018_P6T6_TGACGGCTCCCAACGG-1","/home/data/t070721/codex_workspace/Bladder Metabolism/subtype/round3/02_reclustering/Fibroblast/Fibroblast_round3_reclustered_preannotation.qs2","11","MOVE_FIBRO_TO_MURAL","Mural","PRJNA662018_PRJNA662018_P6T6","PRJNA662018","PRJNA662018_PRJNA662018_P6T6","MIBC",NA,NA,NA
"PRJNA662018_PRJNA662018_P6T6_TGCGTGGCAGGGTACA-1","/home/data/t070721/codex_workspace/Bladder Metabolism/subtype/round3/02_reclustering/Fibroblast/Fibroblast_round3_reclustered_preannotation.qs2","11","MOVE_FIBRO_TO_MURAL","Mural","PRJNA662018_PRJNA662018_P6T6","PRJNA662018","PRJNA662018_PRJNA662018_P6T6","MIBC",NA,NA,NA
"PRJNA662018_PRJNA662018_P6T6_TGTCCCAAGCCTTGAT-1","/home/data/t070721/codex_workspace/Bladder Metabolism/subtype/round3/02_reclustering/Fibroblast/Fibroblast_round3_reclustered_preannotation.qs2","11","MOVE_FIBRO_TO_MURAL","Mural","PRJNA662018_PRJNA662018_P6T6","PRJNA662018","PRJNA662018_PRJNA662018_P6T6","MIBC",NA,NA,NA
"PRJNA662018_PRJNA662018_P7T7_AACTCAGAGGGTCTCC-1","/home/data/t070721/codex_workspace/Bladder Metabolism/subtype/round3/02_reclustering/Fibroblast/Fibroblast_round3_reclustered_preannotation.qs2","11","MOVE_FIBRO_TO_MURAL","Mural","PRJNA662018_PRJNA662018_P7T7","PRJNA662018","PRJNA662018_PRJNA662018_P7T7","MIBC",NA,NA,NA
"PRJNA662018_PRJNA662018_P7T7_AAGCCGCTCAAACGGG-1","/home/data/t070721/codex_workspace/Bladder Metabolism/subtype/round3/02_reclustering/Fibroblast/Fibroblast_round3_reclustered_preannotation.qs2","11","MOVE_FIBRO_TO_MURAL","Mural","PRJNA662018_PRJNA662018_P7T7","PRJNA662018","PRJNA662018_PRJNA662018_P7T7","MIBC",NA,NA,NA
"PRJNA662018_PRJNA662018_P7T7_AATCGGTAGAGGTTAT-1","/home/data/t070721/codex_workspace/Bladder Metabolism/subtype/round3/02_reclustering/Fibroblast/Fibroblast_round3_reclustered_preannotation.qs2","11","MOVE_FIBRO_TO_MURAL","Mural","PRJNA662018_PRJNA662018_P7T7","PRJNA662018","PRJNA662018_PRJNA662018_P7T7","MIBC",NA,NA,NA
"PRJNA662018_PRJNA662018_P7T7_AATCGGTTCATCTGTT-1","/home/data/t070721/codex_workspace/Bladder Metabolism/subtype/round3/02_reclustering/Fibroblast/Fibroblast_round3_reclustered_preannotation.qs2","11","MOVE_FIBRO_TO_MURAL","Mural","PRJNA662018_PRJNA662018_P7T7","PRJNA662018","PRJNA662018_PRJNA662018_P7T7","MIBC",NA,NA,NA
"PRJNA662018_PRJNA662018_P7T7_AGACGTTCAATGGATA-1","/home/data/t070721/codex_workspace/Bladder Metabolism/subtype/round3/02_reclustering/Fibroblast/Fibroblast_round3_reclustered_preannotation.qs2","11","MOVE_FIBRO_TO_MURAL","Mural","PRJNA662018_PRJNA662018_P7T7","PRJNA662018","PRJNA662018_PRJNA662018_P7T7","MIBC",NA,NA,NA
"PRJNA662018_PRJNA662018_P7T7_ATAGACCAGGCATTGG-1","/home/data/t070721/codex_workspace/Bladder Metabolism/subtype/round3/02_reclustering/Fibroblast/Fibroblast_round3_reclustered_preannotation.qs2","11","MOVE_FIBRO_TO_MURAL","Mural","PRJNA662018_PRJNA662018_P7T7","PRJNA662018","PRJNA662018_PRJNA662018_P7T7","MIBC",NA,NA,NA
"PRJNA662018_PRJNA662018_P7T7_ATTACTCAGGCTAGCA-1","/home/data/t070721/codex_workspace/Bladder Metabolism/subtype/round3/02_reclustering/Fibroblast/Fibroblast_round3_reclustered_preannotation.qs2","11","MOVE_FIBRO_TO_MURAL","Mural","PRJNA662018_PRJNA662018_P7T7","PRJNA662018","PRJNA662018_PRJNA662018_P7T7","MIBC",NA,NA,NA
"PRJNA662018_PRJNA662018_P7T7_CAGCATATCTGTACGA-1","/home/data/t070721/codex_workspace/Bladder Metabolism/subtype/round3/02_reclustering/Fibroblast/Fibroblast_round3_reclustered_preannotation.qs2","11","MOVE_FIBRO_TO_MURAL","Mural","PRJNA662018_PRJNA662018_P7T7","PRJNA662018","PRJNA662018_PRJNA662018_P7T7","MIBC",NA,NA,NA
"PRJNA662018_PRJNA662018_P7T7_CATGGCGTCGGGAGTA-1","/home/data/t070721/codex_workspace/Bladder Metabolism/subtype/round3/02_reclustering/Fibroblast/Fibroblast_round3_reclustered_preannotation.qs2","11","MOVE_FIBRO_TO_MURAL","Mural","PRJNA662018_PRJNA662018_P7T7","PRJNA662018","PRJNA662018_PRJNA662018_P7T7","MIBC",NA,NA,NA
"PRJNA662018_PRJNA662018_P7T7_CGGAGCTAGGTGACCA-1","/home/data/t070721/codex_workspace/Bladder Metabolism/subtype/round3/02_reclustering/Fibroblast/Fibroblast_round3_reclustered_preannotation.qs2","11","MOVE_FIBRO_TO_MURAL","Mural","PRJNA662018_PRJNA662018_P7T7","PRJNA662018","PRJNA662018_PRJNA662018_P7T7","MIBC",NA,NA,NA
"PRJNA662018_PRJNA662018_P7T7_GGGATGAGTGAGTGAC-1","/home/data/t070721/codex_workspace/Bladder Metabolism/subtype/round3/02_reclustering/Fibroblast/Fibroblast_round3_reclustered_preannotation.qs2","11","MOVE_FIBRO_TO_MURAL","Mural","PRJNA662018_PRJNA662018_P7T7","PRJNA662018","PRJNA662018_PRJNA662018_P7T7","MIBC",NA,NA,NA
"PRJNA662018_PRJNA662018_P7T7_TCAACGAGTCAGTGGA-1","/home/data/t070721/codex_workspace/Bladder Metabolism/subtype/round3/02_reclustering/Fibroblast/Fibroblast_round3_reclustered_preannotation.qs2","11","MOVE_FIBRO_TO_MURAL","Mural","PRJNA662018_PRJNA662018_P7T7","PRJNA662018","PRJNA662018_PRJNA662018_P7T7","MIBC",NA,NA,NA
"PRJNA662018_PRJNA662018_P8T8_AAGGCAGGTCGGATCC-1","/home/data/t070721/codex_workspace/Bladder Metabolism/subtype/round3/02_reclustering/Fibroblast/Fibroblast_round3_reclustered_preannotation.qs2","11","MOVE_FIBRO_TO_MURAL","Mural","PRJNA662018_PRJNA662018_P8T8","PRJNA662018","PRJNA662018_PRJNA662018_P8T8","MIBC",NA,NA,NA
"PRJNA662018_PRJNA662018_P8T8_ACACCCTGTAGCTGCC-1","/home/data/t070721/codex_workspace/Bladder Metabolism/subtype/round3/02_reclustering/Fibroblast/Fibroblast_round3_reclustered_preannotation.qs2","11","MOVE_FIBRO_TO_MURAL","Mural","PRJNA662018_PRJNA662018_P8T8","PRJNA662018","PRJNA662018_PRJNA662018_P8T8","MIBC",NA,NA,NA
"PRJNA662018_PRJNA662018_P8T8_AGATTGCCAGTAACGG-1","/home/data/t070721/codex_workspace/Bladder Metabolism/subtype/round3/02_reclustering/Fibroblast/Fibroblast_round3_reclustered_preannotation.qs2","11","MOVE_FIBRO_TO_MURAL","Mural","PRJNA662018_PRJNA662018_P8T8","PRJNA662018","PRJNA662018_PRJNA662018_P8T8","MIBC",NA,NA,NA
"PRJNA662018_PRJNA662018_P8T8_ATAACGCGTGCCTGCA-1","/home/data/t070721/codex_workspace/Bladder Metabolism/subtype/round3/02_reclustering/Fibroblast/Fibroblast_round3_reclustered_preannotation.qs2","11","MOVE_FIBRO_TO_MURAL","Mural","PRJNA662018_PRJNA662018_P8T8","PRJNA662018","PRJNA662018_PRJNA662018_P8T8","MIBC",NA,NA,NA
"PRJNA662018_PRJNA662018_P8T8_ATCATGGTCGGATGGA-1","/home/data/t070721/codex_workspace/Bladder Metabolism/subtype/round3/02_reclustering/Fibroblast/Fibroblast_round3_reclustered_preannotation.qs2","11","MOVE_FIBRO_TO_MURAL","Mural","PRJNA662018_PRJNA662018_P8T8","PRJNA662018","PRJNA662018_PRJNA662018_P8T8","MIBC",NA,NA,NA
"PRJNA662018_PRJNA662018_P8T8_CAAGGCCAGTAGATGT-1","/home/data/t070721/codex_workspace/Bladder Metabolism/subtype/round3/02_reclustering/Fibroblast/Fibroblast_round3_reclustered_preannotation.qs2","11","MOVE_FIBRO_TO_MURAL","Mural","PRJNA662018_PRJNA662018_P8T8","PRJNA662018","PRJNA662018_PRJNA662018_P8T8","MIBC",NA,NA,NA
"PRJNA662018_PRJNA662018_P8T8_CACACCTAGAGTGAGA-1","/home/data/t070721/codex_workspace/Bladder Metabolism/subtype/round3/02_reclustering/Fibroblast/Fibroblast_round3_reclustered_preannotation.qs2","11","MOVE_FIBRO_TO_MURAL","Mural","PRJNA662018_PRJNA662018_P8T8","PRJNA662018","PRJNA662018_PRJNA662018_P8T8","MIBC",NA,NA,NA
"PRJNA662018_PRJNA662018_P8T8_CACCAGGAGTCATCCA-1","/home/data/t070721/codex_workspace/Bladder Metabolism/subtype/round3/02_reclustering/Fibroblast/Fibroblast_round3_reclustered_preannotation.qs2","11","MOVE_FIBRO_TO_MURAL","Mural","PRJNA662018_PRJNA662018_P8T8","PRJNA662018","PRJNA662018_PRJNA662018_P8T8","MIBC",NA,NA,NA
"PRJNA662018_PRJNA662018_P8T8_CAGCTAAGTAATAGCA-1","/home/data/t070721/codex_workspace/Bladder Metabolism/subtype/round3/02_reclustering/Fibroblast/Fibroblast_round3_reclustered_preannotation.qs2","11","MOVE_FIBRO_TO_MURAL","Mural","PRJNA662018_PRJNA662018_P8T8","PRJNA662018","PRJNA662018_PRJNA662018_P8T8","MIBC",NA,NA,NA
"PRJNA662018_PRJNA662018_P8T8_CAGTCCTAGCGTGAAC-1","/home/data/t070721/codex_workspace/Bladder Metabolism/subtype/round3/02_reclustering/Fibroblast/Fibroblast_round3_reclustered_preannotation.qs2","11","MOVE_FIBRO_TO_MURAL","Mural","PRJNA662018_PRJNA662018_P8T8","PRJNA662018","PRJNA662018_PRJNA662018_P8T8","MIBC",NA,NA,NA
"PRJNA662018_PRJNA662018_P8T8_CCGTGGAGTGAAAGAG-1","/home/data/t070721/codex_workspace/Bladder Metabolism/subtype/round3/02_reclustering/Fibroblast/Fibroblast_round3_reclustered_preannotation.qs2","11","MOVE_FIBRO_TO_MURAL","Mural","PRJNA662018_PRJNA662018_P8T8","PRJNA662018","PRJNA662018_PRJNA662018_P8T8","MIBC",NA,NA,NA
"PRJNA662018_PRJNA662018_P8T8_CCGTGGATCTCTTGAT-1","/home/data/t070721/codex_workspace/Bladder Metabolism/subtype/round3/02_reclustering/Fibroblast/Fibroblast_round3_reclustered_preannotation.qs2","11","MOVE_FIBRO_TO_MURAL","Mural","PRJNA662018_PRJNA662018_P8T8","PRJNA662018","PRJNA662018_PRJNA662018_P8T8","MIBC",NA,NA,NA
"PRJNA662018_PRJNA662018_P8T8_CCTATTAAGGTGCACA-1","/home/data/t070721/codex_workspace/Bladder Metabolism/subtype/round3/02_reclustering/Fibroblast/Fibroblast_round3_reclustered_preannotation.qs2","11","MOVE_FIBRO_TO_MURAL","Mural","PRJNA662018_PRJNA662018_P8T8","PRJNA662018","PRJNA662018_PRJNA662018_P8T8","MIBC",NA,NA,NA
"PRJNA662018_PRJNA662018_P8T8_CCTCAGTGTAGAGTGC-1","/home/data/t070721/codex_workspace/Bladder Metabolism/subtype/round3/02_reclustering/Fibroblast/Fibroblast_round3_reclustered_preannotation.qs2","11","MOVE_FIBRO_TO_MURAL","Mural","PRJNA662018_PRJNA662018_P8T8","PRJNA662018","PRJNA662018_PRJNA662018_P8T8","MIBC",NA,NA,NA
"PRJNA662018_PRJNA662018_P8T8_CGGACGTTCAGCTCTC-1","/home/data/t070721/codex_workspace/Bladder Metabolism/subtype/round3/02_reclustering/Fibroblast/Fibroblast_round3_reclustered_preannotation.qs2","11","MOVE_FIBRO_TO_MURAL","Mural","PRJNA662018_PRJNA662018_P8T8","PRJNA662018","PRJNA662018_PRJNA662018_P8T8","MIBC",NA,NA,NA
"PRJNA662018_PRJNA662018_P8T8_CGTGTAAAGTTGCAGG-1","/home/data/t070721/codex_workspace/Bladder Metabolism/subtype/round3/02_reclustering/Fibroblast/Fibroblast_round3_reclustered_preannotation.qs2","11","MOVE_FIBRO_TO_MURAL","Mural","PRJNA662018_PRJNA662018_P8T8","PRJNA662018","PRJNA662018_PRJNA662018_P8T8","MIBC",NA,NA,NA
"PRJNA662018_PRJNA662018_P8T8_CTACGTCTCCTAAGTG-1","/home/data/t070721/codex_workspace/Bladder Metabolism/subtype/round3/02_reclustering/Fibroblast/Fibroblast_round3_reclustered_preannotation.qs2","11","MOVE_FIBRO_TO_MURAL","Mural","PRJNA662018_PRJNA662018_P8T8","PRJNA662018","PRJNA662018_PRJNA662018_P8T8","MIBC",NA,NA,NA
"PRJNA662018_PRJNA662018_P8T8_CTCGGGAAGTACGACG-1","/home/data/t070721/codex_workspace/Bladder Metabolism/subtype/round3/02_reclustering/Fibroblast/Fibroblast_round3_reclustered_preannotation.qs2","11","MOVE_FIBRO_TO_MURAL","Mural","PRJNA662018_PRJNA662018_P8T8","PRJNA662018","PRJNA662018_PRJNA662018_P8T8","MIBC",NA,NA,NA
"PRJNA662018_PRJNA662018_P8T8_CTTTGCGAGAGGTTGC-1","/home/data/t070721/codex_workspace/Bladder Metabolism/subtype/round3/02_reclustering/Fibroblast/Fibroblast_round3_reclustered_preannotation.qs2","11","MOVE_FIBRO_TO_MURAL","Mural","PRJNA662018_PRJNA662018_P8T8","PRJNA662018","PRJNA662018_PRJNA662018_P8T8","MIBC",NA,NA,NA
"PRJNA662018_PRJNA662018_P8T8_GGACAGACAAGGTTTC-1","/home/data/t070721/codex_workspace/Bladder Metabolism/subtype/round3/02_reclustering/Fibroblast/Fibroblast_round3_reclustered_preannotation.qs2","11","MOVE_FIBRO_TO_MURAL","Mural","PRJNA662018_PRJNA662018_P8T8","PRJNA662018","PRJNA662018_PRJNA662018_P8T8","MIBC",NA,NA,NA
"PRJNA662018_PRJNA662018_P8T8_GGGAGATGTAGCTCCG-1","/home/data/t070721/codex_workspace/Bladder Metabolism/subtype/round3/02_reclustering/Fibroblast/Fibroblast_round3_reclustered_preannotation.qs2","11","MOVE_FIBRO_TO_MURAL","Mural","PRJNA662018_PRJNA662018_P8T8","PRJNA662018","PRJNA662018_PRJNA662018_P8T8","MIBC",NA,NA,NA
"PRJNA662018_PRJNA662018_P8T8_GTCACGGAGGAACTGC-1","/home/data/t070721/codex_workspace/Bladder Metabolism/subtype/round3/02_reclustering/Fibroblast/Fibroblast_round3_reclustered_preannotation.qs2","11","MOVE_FIBRO_TO_MURAL","Mural","PRJNA662018_PRJNA662018_P8T8","PRJNA662018","PRJNA662018_PRJNA662018_P8T8","MIBC",NA,NA,NA
"PRJNA662018_PRJNA662018_P8T8_TAGACCATCGCAGGCT-1","/home/data/t070721/codex_workspace/Bladder Metabolism/subtype/round3/02_reclustering/Fibroblast/Fibroblast_round3_reclustered_preannotation.qs2","11","MOVE_FIBRO_TO_MURAL","Mural","PRJNA662018_PRJNA662018_P8T8","PRJNA662018","PRJNA662018_PRJNA662018_P8T8","MIBC",NA,NA,NA
"PRJNA662018_PRJNA662018_P8T8_TCAATCTGTTCCCGAG-1","/home/data/t070721/codex_workspace/Bladder Metabolism/subtype/round3/02_reclustering/Fibroblast/Fibroblast_round3_reclustered_preannotation.qs2","11","MOVE_FIBRO_TO_MURAL","Mural","PRJNA662018_PRJNA662018_P8T8","PRJNA662018","PRJNA662018_PRJNA662018_P8T8","MIBC",NA,NA,NA
"PRJNA662018_PRJNA662018_P8T8_TCAGGATAGCACCGCT-1","/home/data/t070721/codex_workspace/Bladder Metabolism/subtype/round3/02_reclustering/Fibroblast/Fibroblast_round3_reclustered_preannotation.qs2","11","MOVE_FIBRO_TO_MURAL","Mural","PRJNA662018_PRJNA662018_P8T8","PRJNA662018","PRJNA662018_PRJNA662018_P8T8","MIBC",NA,NA,NA
"PRJNA662018_PRJNA662018_P8T8_TCGCGTTCACAACGTT-1","/home/data/t070721/codex_workspace/Bladder Metabolism/subtype/round3/02_reclustering/Fibroblast/Fibroblast_round3_reclustered_preannotation.qs2","11","MOVE_FIBRO_TO_MURAL","Mural","PRJNA662018_PRJNA662018_P8T8","PRJNA662018","PRJNA662018_PRJNA662018_P8T8","MIBC",NA,NA,NA
"PRJNA662018_PRJNA662018_P8T8_TCGCGTTTCTGCTGTC-1","/home/data/t070721/codex_workspace/Bladder Metabolism/subtype/round3/02_reclustering/Fibroblast/Fibroblast_round3_reclustered_preannotation.qs2","11","MOVE_FIBRO_TO_MURAL","Mural","PRJNA662018_PRJNA662018_P8T8","PRJNA662018","PRJNA662018_PRJNA662018_P8T8","MIBC",NA,NA,NA
"PRJNA662018_PRJNA662018_P8T8_TCTGGAATCCCTTGTG-1","/home/data/t070721/codex_workspace/Bladder Metabolism/subtype/round3/02_reclustering/Fibroblast/Fibroblast_round3_reclustered_preannotation.qs2","11","MOVE_FIBRO_TO_MURAL","Mural","PRJNA662018_PRJNA662018_P8T8","PRJNA662018","PRJNA662018_PRJNA662018_P8T8","MIBC",NA,NA,NA
"CNP0000460_GTCTCGTAGGGATACC-1_1_1_1_1_1_1_1","/home/data/t070721/codex_workspace/Bladder Metabolism/subtype/round3/02_reclustering/Fibroblast/Fibroblast_round3_reclustered_preannotation.qs2","19","MOVE_FIBRO_TO_MURAL","Mural","CNP0000460_P03N","CNP0000460",NA,"Normal","Normal","Normal","Normal"
"CNP0000460_TCGCGAGAGCGATGAC-1_1_1_1_1_1_1","/home/data/t070721/codex_workspace/Bladder Metabolism/subtype/round3/02_reclustering/Fibroblast/Fibroblast_round3_reclustered_preannotation.qs2","19","MOVE_FIBRO_TO_MURAL","Mural","CNP0000460_P05N","CNP0000460",NA,"Normal","Normal","Normal","Normal"
"CNP0000460_TCGCGAGAGAGACTTA-1_1_1_1_1","/home/data/t070721/codex_workspace/Bladder Metabolism/subtype/round3/02_reclustering/Fibroblast/Fibroblast_round3_reclustered_preannotation.qs2","19","MOVE_FIBRO_TO_MURAL","Mural","CNP0000460_P01T","CNP0000460",NA,"MIBC","T2","N0","M0"
"CNP0000460_AGGTCATTCTGGTGTA-1_2_1_1_1","/home/data/t070721/codex_workspace/Bladder Metabolism/subtype/round3/02_reclustering/Fibroblast/Fibroblast_round3_reclustered_preannotation.qs2","19","MOVE_FIBRO_TO_MURAL","Mural","CNP0000460_P02T","CNP0000460",NA,"MIBC","T2","N0","M0"
"CNP0000460_GTACGTACACACATGT-1_2_1_1_1","/home/data/t070721/codex_workspace/Bladder Metabolism/subtype/round3/02_reclustering/Fibroblast/Fibroblast_round3_reclustered_preannotation.qs2","19","MOVE_FIBRO_TO_MURAL","Mural","CNP0000460_P02T","CNP0000460",NA,"MIBC","T2","N0","M0"
"CNP0000460_TACGGGCTCAGGTTCA-1_2_1_1","/home/data/t070721/codex_workspace/Bladder Metabolism/subtype/round3/02_reclustering/Fibroblast/Fibroblast_round3_reclustered_preannotation.qs2","19","MOVE_FIBRO_TO_MURAL","Mural","CNP0000460_P04T","CNP0000460",NA,"MIBC","T3","N3","M0"
"CNP0000460_CGAGCACTCGGTCCGA-1_1_1","/home/data/t070721/codex_workspace/Bladder Metabolism/subtype/round3/02_reclustering/Fibroblast/Fibroblast_round3_reclustered_preannotation.qs2","19","MOVE_FIBRO_TO_MURAL","Mural","CNP0000460_P05T","CNP0000460",NA,"MIBC","T2","N0","M0"
"CNP0000460_GCCAAATGTTATCCGA-1_1_1","/home/data/t070721/codex_workspace/Bladder Metabolism/subtype/round3/02_reclustering/Fibroblast/Fibroblast_round3_reclustered_preannotation.qs2","19","MOVE_FIBRO_TO_MURAL","Mural","CNP0000460_P05T","CNP0000460",NA,"MIBC","T2","N0","M0"
"CNP0000460_GCGCAGTTCGAATGGG-1_1_1","/home/data/t070721/codex_workspace/Bladder Metabolism/subtype/round3/02_reclustering/Fibroblast/Fibroblast_round3_reclustered_preannotation.qs2","19","MOVE_FIBRO_TO_MURAL","Mural","CNP0000460_P05T","CNP0000460",NA,"MIBC","T2","N0","M0"
"CNP0000460_GGACGTCCACCCAGTG-1_1_1","/home/data/t070721/codex_workspace/Bladder Metabolism/subtype/round3/02_reclustering/Fibroblast/Fibroblast_round3_reclustered_preannotation.qs2","19","MOVE_FIBRO_TO_MURAL","Mural","CNP0000460_P05T","CNP0000460",NA,"MIBC","T2","N0","M0"
"CNP0000460_GTTACAGGTCTTGATG-1_1_1","/home/data/t070721/codex_workspace/Bladder Metabolism/subtype/round3/02_reclustering/Fibroblast/Fibroblast_round3_reclustered_preannotation.qs2","19","MOVE_FIBRO_TO_MURAL","Mural","CNP0000460_P05T","CNP0000460",NA,"MIBC","T2","N0","M0"
"CNP0000460_ACGGGCTAGAAAGTGG-1_2_1","/home/data/t070721/codex_workspace/Bladder Metabolism/subtype/round3/02_reclustering/Fibroblast/Fibroblast_round3_reclustered_preannotation.qs2","19","MOVE_FIBRO_TO_MURAL","Mural","CNP0000460_P06T","CNP0000460",NA,"NMIBC","T1","N0","M0"
"CNP0000460_GTTTCTACATGGAATA-1_2_1","/home/data/t070721/codex_workspace/Bladder Metabolism/subtype/round3/02_reclustering/Fibroblast/Fibroblast_round3_reclustered_preannotation.qs2","19","MOVE_FIBRO_TO_MURAL","Mural","CNP0000460_P06T","CNP0000460",NA,"NMIBC","T1","N0","M0"
"CNP0000460_AAGGCAGGTTACCAGT-1_1","/home/data/t070721/codex_workspace/Bladder Metabolism/subtype/round3/02_reclustering/Fibroblast/Fibroblast_round3_reclustered_preannotation.qs2","19","MOVE_FIBRO_TO_MURAL","Mural","CNP0000460_P07T","CNP0000460",NA,"NMIBC","T1","N0","M0"
"CNP0000460_ACATACGAGCACACAG-1_1","/home/data/t070721/codex_workspace/Bladder Metabolism/subtype/round3/02_reclustering/Fibroblast/Fibroblast_round3_reclustered_preannotation.qs2","19","MOVE_FIBRO_TO_MURAL","Mural","CNP0000460_P07T","CNP0000460",NA,"NMIBC","T1","N0","M0"
"CNP0000460_ACCTTTAGTAGGGACT-1_1","/home/data/t070721/codex_workspace/Bladder Metabolism/subtype/round3/02_reclustering/Fibroblast/Fibroblast_round3_reclustered_preannotation.qs2","19","MOVE_FIBRO_TO_MURAL","Mural","CNP0000460_P07T","CNP0000460",NA,"NMIBC","T1","N0","M0"
"CNP0000460_CTAGTGATCAGAAATG-1_1","/home/data/t070721/codex_workspace/Bladder Metabolism/subtype/round3/02_reclustering/Fibroblast/Fibroblast_round3_reclustered_preannotation.qs2","19","MOVE_FIBRO_TO_MURAL","Mural","CNP0000460_P07T","CNP0000460",NA,"NMIBC","T1","N0","M0"
"CNP0000460_CTGAAGTTCTCCTATA-1_1","/home/data/t070721/codex_workspace/Bladder Metabolism/subtype/round3/02_reclustering/Fibroblast/Fibroblast_round3_reclustered_preannotation.qs2","19","MOVE_FIBRO_TO_MURAL","Mural","CNP0000460_P07T","CNP0000460",NA,"NMIBC","T1","N0","M0"
"CNP0000460_GACTAACCATACGCTA-1_1","/home/data/t070721/codex_workspace/Bladder Metabolism/subtype/round3/02_reclustering/Fibroblast/Fibroblast_round3_reclustered_preannotation.qs2","19","MOVE_FIBRO_TO_MURAL","Mural","CNP0000460_P07T","CNP0000460",NA,"NMIBC","T1","N0","M0"
"CNP0000460_GCATACACACGACTCG-1_1","/home/data/t070721/codex_workspace/Bladder Metabolism/subtype/round3/02_reclustering/Fibroblast/Fibroblast_round3_reclustered_preannotation.qs2","19","MOVE_FIBRO_TO_MURAL","Mural","CNP0000460_P07T","CNP0000460",NA,"NMIBC","T1","N0","M0"
"CNP0000460_TGAGCCGGTTCCACAA-1_1","/home/data/t070721/codex_workspace/Bladder Metabolism/subtype/round3/02_reclustering/Fibroblast/Fibroblast_round3_reclustered_preannotation.qs2","19","MOVE_FIBRO_TO_MURAL","Mural","CNP0000460_P07T","CNP0000460",NA,"NMIBC","T1","N0","M0"
"CNP0000460_TTGGCAACAATGTTGC-1_1","/home/data/t070721/codex_workspace/Bladder Metabolism/subtype/round3/02_reclustering/Fibroblast/Fibroblast_round3_reclustered_preannotation.qs2","19","MOVE_FIBRO_TO_MURAL","Mural","CNP0000460_P07T","CNP0000460",NA,"NMIBC","T1","N0","M0"
"GSE326225_ACACCCTCACGCTTTC-1_1_1_1","/home/data/t070721/codex_workspace/Bladder Metabolism/subtype/round3/02_reclustering/Fibroblast/Fibroblast_round3_reclustered_preannotation.qs2","19","MOVE_FIBRO_TO_MURAL","Mural","GSE326225_BC1","GSE326225",NA,"MIBC",NA,NA,NA
"GSE326225_ATCGAGTGTGCCTGTG-1_1_1_1","/home/data/t070721/codex_workspace/Bladder Metabolism/subtype/round3/02_reclustering/Fibroblast/Fibroblast_round3_reclustered_preannotation.qs2","19","MOVE_FIBRO_TO_MURAL","Mural","GSE326225_BC1","GSE326225",NA,"MIBC",NA,NA,NA
"GSE326225_CGTGTCTTCAGGTAAA-1_1_1_1","/home/data/t070721/codex_workspace/Bladder Metabolism/subtype/round3/02_reclustering/Fibroblast/Fibroblast_round3_reclustered_preannotation.qs2","19","MOVE_FIBRO_TO_MURAL","Mural","GSE326225_BC1","GSE326225",NA,"MIBC",NA,NA,NA
"GSE326225_CTACACCGTCCGTCAG-1_1_1_1","/home/data/t070721/codex_workspace/Bladder Metabolism/subtype/round3/02_reclustering/Fibroblast/Fibroblast_round3_reclustered_preannotation.qs2","19","MOVE_FIBRO_TO_MURAL","Mural","GSE326225_BC1","GSE326225",NA,"MIBC",NA,NA,NA
"GSE326225_TAAGTGCTCCTTTCTC-1_1_1_1","/home/data/t070721/codex_workspace/Bladder Metabolism/subtype/round3/02_reclustering/Fibroblast/Fibroblast_round3_reclustered_preannotation.qs2","19","MOVE_FIBRO_TO_MURAL","Mural","GSE326225_BC1","GSE326225",NA,"MIBC",NA,NA,NA
"GSE326225_CTCGGAGCACGGTAAG-1_2_1_1","/home/data/t070721/codex_workspace/Bladder Metabolism/subtype/round3/02_reclustering/Fibroblast/Fibroblast_round3_reclustered_preannotation.qs2","19","MOVE_FIBRO_TO_MURAL","Mural","GSE326225_BC2","GSE326225",NA,"MIBC",NA,NA,NA
"GSE326225_AACTTTCAGCGATATA-1_1_1","/home/data/t070721/codex_workspace/Bladder Metabolism/subtype/round3/02_reclustering/Fibroblast/Fibroblast_round3_reclustered_preannotation.qs2","19","MOVE_FIBRO_TO_MURAL","Mural","GSE326225_BC3","GSE326225",NA,"MIBC",NA,NA,NA
"GSE326225_CTGTTTAGTATGAAAC-1_1_1","/home/data/t070721/codex_workspace/Bladder Metabolism/subtype/round3/02_reclustering/Fibroblast/Fibroblast_round3_reclustered_preannotation.qs2","19","MOVE_FIBRO_TO_MURAL","Mural","GSE326225_BC3","GSE326225",NA,"MIBC",NA,NA,NA
"GSE326225_GTCCTCAGTGTGTGCC-1_1_1","/home/data/t070721/codex_workspace/Bladder Metabolism/subtype/round3/02_reclustering/Fibroblast/Fibroblast_round3_reclustered_preannotation.qs2","19","MOVE_FIBRO_TO_MURAL","Mural","GSE326225_BC3","GSE326225",NA,"MIBC",NA,NA,NA
"GSE326225_AGCAGCCGTTTAGCTG-1_1","/home/data/t070721/codex_workspace/Bladder Metabolism/subtype/round3/02_reclustering/Fibroblast/Fibroblast_round3_reclustered_preannotation.qs2","19","MOVE_FIBRO_TO_MURAL","Mural","GSE326225_BC5","GSE326225",NA,"MIBC",NA,NA,NA
"GSE326225_TTAGGACTCGTAGGTT-1_1","/home/data/t070721/codex_workspace/Bladder Metabolism/subtype/round3/02_reclustering/Fibroblast/Fibroblast_round3_reclustered_preannotation.qs2","19","MOVE_FIBRO_TO_MURAL","Mural","GSE326225_BC6","GSE326225",NA,"MIBC",NA,NA,NA
"GSE326225_ACGCAGCTCACAACGT-1_2","/home/data/t070721/codex_workspace/Bladder Metabolism/subtype/round3/02_reclustering/Fibroblast/Fibroblast_round3_reclustered_preannotation.qs2","19","MOVE_FIBRO_TO_MURAL","Mural","GSE326225_BC7","GSE326225",NA,"MIBC",NA,NA,NA
"GSE326225_AGCTCCTGTCTAAAGA-1_2","/home/data/t070721/codex_workspace/Bladder Metabolism/subtype/round3/02_reclustering/Fibroblast/Fibroblast_round3_reclustered_preannotation.qs2","19","MOVE_FIBRO_TO_MURAL","Mural","GSE326225_BC7","GSE326225",NA,"MIBC",NA,NA,NA
"GSE326225_AGGTCCGTCGCAAGCC-1_2","/home/data/t070721/codex_workspace/Bladder Metabolism/subtype/round3/02_reclustering/Fibroblast/Fibroblast_round3_reclustered_preannotation.qs2","19","MOVE_FIBRO_TO_MURAL","Mural","GSE326225_BC7","GSE326225",NA,"MIBC",NA,NA,NA
"GSE326225_CTCAGAAAGATAGGAG-1_2","/home/data/t070721/codex_workspace/Bladder Metabolism/subtype/round3/02_reclustering/Fibroblast/Fibroblast_round3_reclustered_preannotation.qs2","19","MOVE_FIBRO_TO_MURAL","Mural","GSE326225_BC7","GSE326225",NA,"MIBC",NA,NA,NA
"HRA003620_TGTCCTGAGGATTTGA-1_2_1_1_1_1_1","/home/data/t070721/codex_workspace/Bladder Metabolism/subtype/round3/02_reclustering/Fibroblast/Fibroblast_round3_reclustered_preannotation.qs2","19","MOVE_FIBRO_TO_MURAL","Mural","HRA003620_BC-11","HRA003620",NA,"NMIBC","Ta","N0","M0"
"InhouseData_T4380845_TCGCACTTCATTGTTC-1","/home/data/t070721/codex_workspace/Bladder Metabolism/subtype/round3/02_reclustering/Fibroblast/Fibroblast_round3_reclustered_preannotation.qs2","19","MOVE_FIBRO_TO_MURAL","Mural","T4380845","InhouseData",NA,"MIBC","T2",NA,NA
"InhouseData_T4091568_GGAATCTAGCGAACTG-1","/home/data/t070721/codex_workspace/Bladder Metabolism/subtype/round3/02_reclustering/Fibroblast/Fibroblast_round3_reclustered_preannotation.qs2","19","MOVE_FIBRO_TO_MURAL","Mural","T4091568","InhouseData",NA,"MIBC","T4",NA,NA
"InhouseData_T4091568_TGCGGCAAGACCTCAT-1","/home/data/t070721/codex_workspace/Bladder Metabolism/subtype/round3/02_reclustering/Fibroblast/Fibroblast_round3_reclustered_preannotation.qs2","19","MOVE_FIBRO_TO_MURAL","Mural","T4091568","InhouseData",NA,"MIBC","T4",NA,NA
"InhouseData_T4398343_TGAGGGAAGGACAACC-1","/home/data/t070721/codex_workspace/Bladder Metabolism/subtype/round3/02_reclustering/Fibroblast/Fibroblast_round3_reclustered_preannotation.qs2","19","MOVE_FIBRO_TO_MURAL","Mural","T4398343","InhouseData",NA,"MIBC","T2",NA,NA
"InhouseData_T4398343_TTCACGCAGATTAGTG-1","/home/data/t070721/codex_workspace/Bladder Metabolism/subtype/round3/02_reclustering/Fibroblast/Fibroblast_round3_reclustered_preannotation.qs2","19","MOVE_FIBRO_TO_MURAL","Mural","T4398343","InhouseData",NA,"MIBC","T2",NA,NA
"InhouseData_T4463209a_CCCTTAGGTCAACGCC-1","/home/data/t070721/codex_workspace/Bladder Metabolism/subtype/round3/02_reclustering/Fibroblast/Fibroblast_round3_reclustered_preannotation.qs2","19","MOVE_FIBRO_TO_MURAL","Mural","T4463209a","InhouseData",NA,"MIBC","T2",NA,NA
"InhouseData_T4463209a_CGGAATTTCGTCTACC-1","/home/data/t070721/codex_workspace/Bladder Metabolism/subtype/round3/02_reclustering/Fibroblast/Fibroblast_round3_reclustered_preannotation.qs2","19","MOVE_FIBRO_TO_MURAL","Mural","T4463209a","InhouseData",NA,"MIBC","T2",NA,NA
"InhouseData_T4463209a_GTTAGACCACTAGAGG-1","/home/data/t070721/codex_workspace/Bladder Metabolism/subtype/round3/02_reclustering/Fibroblast/Fibroblast_round3_reclustered_preannotation.qs2","19","MOVE_FIBRO_TO_MURAL","Mural","T4463209a","InhouseData",NA,"MIBC","T2",NA,NA
"InhouseData_T4463209a_TAGAGTCCAAGTGCTT-1","/home/data/t070721/codex_workspace/Bladder Metabolism/subtype/round3/02_reclustering/Fibroblast/Fibroblast_round3_reclustered_preannotation.qs2","19","MOVE_FIBRO_TO_MURAL","Mural","T4463209a","InhouseData",NA,"MIBC","T2",NA,NA
"InhouseData_T4463209a_TGTTCCGCAAATGCTC-1","/home/data/t070721/codex_workspace/Bladder Metabolism/subtype/round3/02_reclustering/Fibroblast/Fibroblast_round3_reclustered_preannotation.qs2","19","MOVE_FIBRO_TO_MURAL","Mural","T4463209a","InhouseData",NA,"MIBC","T2",NA,NA
"InhouseData_T4463209a_TTCCTAAGTGTCCATA-1","/home/data/t070721/codex_workspace/Bladder Metabolism/subtype/round3/02_reclustering/Fibroblast/Fibroblast_round3_reclustered_preannotation.qs2","19","MOVE_FIBRO_TO_MURAL","Mural","T4463209a","InhouseData",NA,"MIBC","T2",NA,NA
"InhouseData_T4463209a_TTCTAACTCCTGGGAC-1","/home/data/t070721/codex_workspace/Bladder Metabolism/subtype/round3/02_reclustering/Fibroblast/Fibroblast_round3_reclustered_preannotation.qs2","19","MOVE_FIBRO_TO_MURAL","Mural","T4463209a","InhouseData",NA,"MIBC","T2",NA,NA
"InhouseData_T4463209b_CTACGGGGTCGTGATT-1","/home/data/t070721/codex_workspace/Bladder Metabolism/subtype/round3/02_reclustering/Fibroblast/Fibroblast_round3_reclustered_preannotation.qs2","19","MOVE_FIBRO_TO_MURAL","Mural","T4463209b","InhouseData",NA,"MIBC","T2",NA,NA
"InhouseData_T4463209b_GATAGCTAGTCGAAGC-1","/home/data/t070721/codex_workspace/Bladder Metabolism/subtype/round3/02_reclustering/Fibroblast/Fibroblast_round3_reclustered_preannotation.qs2","19","MOVE_FIBRO_TO_MURAL","Mural","T4463209b","InhouseData",NA,"MIBC","T2",NA,NA
"InhouseData_T4463209b_TTACGCCCAAGCGCAA-1","/home/data/t070721/codex_workspace/Bladder Metabolism/subtype/round3/02_reclustering/Fibroblast/Fibroblast_round3_reclustered_preannotation.qs2","19","MOVE_FIBRO_TO_MURAL","Mural","T4463209b","InhouseData",NA,"MIBC","T2",NA,NA
"InhouseData_T4466585_ATGGATCGTCACTCTC-1","/home/data/t070721/codex_workspace/Bladder Metabolism/subtype/round3/02_reclustering/Fibroblast/Fibroblast_round3_reclustered_preannotation.qs2","19","MOVE_FIBRO_TO_MURAL","Mural","T4466585","InhouseData",NA,"MIBC","T2",NA,NA
"InhouseData_T4466585_CGAAGTTCACAAGGTG-1","/home/data/t070721/codex_workspace/Bladder Metabolism/subtype/round3/02_reclustering/Fibroblast/Fibroblast_round3_reclustered_preannotation.qs2","19","MOVE_FIBRO_TO_MURAL","Mural","T4466585","InhouseData",NA,"MIBC","T2",NA,NA
"InhouseData_T4469479_GAGACTTAGGTAAGTT-1","/home/data/t070721/codex_workspace/Bladder Metabolism/subtype/round3/02_reclustering/Fibroblast/Fibroblast_round3_reclustered_preannotation.qs2","19","MOVE_FIBRO_TO_MURAL","Mural","T4469479","InhouseData",NA,"MIBC","T4",NA,NA
"InhouseData_T4469479_GCTGCAGTCTATTGTC-1","/home/data/t070721/codex_workspace/Bladder Metabolism/subtype/round3/02_reclustering/Fibroblast/Fibroblast_round3_reclustered_preannotation.qs2","19","MOVE_FIBRO_TO_MURAL","Mural","T4469479","InhouseData",NA,"MIBC","T4",NA,NA
"InhouseData_T4469479_GTCTGTCGTCAGGTAG-1","/home/data/t070721/codex_workspace/Bladder Metabolism/subtype/round3/02_reclustering/Fibroblast/Fibroblast_round3_reclustered_preannotation.qs2","19","MOVE_FIBRO_TO_MURAL","Mural","T4469479","InhouseData",NA,"MIBC","T4",NA,NA
"InhouseData_T4469479_GTTAGTGCAATCAGCT-1","/home/data/t070721/codex_workspace/Bladder Metabolism/subtype/round3/02_reclustering/Fibroblast/Fibroblast_round3_reclustered_preannotation.qs2","19","MOVE_FIBRO_TO_MURAL","Mural","T4469479","InhouseData",NA,"MIBC","T4",NA,NA
"InhouseData_T4471438_CGGAATTCAGGCATGA-1","/home/data/t070721/codex_workspace/Bladder Metabolism/subtype/round3/02_reclustering/Fibroblast/Fibroblast_round3_reclustered_preannotation.qs2","19","MOVE_FIBRO_TO_MURAL","Mural","T4471438","InhouseData",NA,"MIBC","T4",NA,NA
"InhouseData_T4471438_GATAGAAGTGGGAGAG-1","/home/data/t070721/codex_workspace/Bladder Metabolism/subtype/round3/02_reclustering/Fibroblast/Fibroblast_round3_reclustered_preannotation.qs2","19","MOVE_FIBRO_TO_MURAL","Mural","T4471438","InhouseData",NA,"MIBC","T4",NA,NA
"InhouseData_T4471438_GGTCACGAGAGTCGAC-1","/home/data/t070721/codex_workspace/Bladder Metabolism/subtype/round3/02_reclustering/Fibroblast/Fibroblast_round3_reclustered_preannotation.qs2","19","MOVE_FIBRO_TO_MURAL","Mural","T4471438","InhouseData",NA,"MIBC","T4",NA,NA
"InhouseData_T4471438_TCACTATCACATACGT-1","/home/data/t070721/codex_workspace/Bladder Metabolism/subtype/round3/02_reclustering/Fibroblast/Fibroblast_round3_reclustered_preannotation.qs2","19","MOVE_FIBRO_TO_MURAL","Mural","T4471438","InhouseData",NA,"MIBC","T4",NA,NA
"InhouseData_T4471438_TCATTTGTCTGCTAGA-1","/home/data/t070721/codex_workspace/Bladder Metabolism/subtype/round3/02_reclustering/Fibroblast/Fibroblast_round3_reclustered_preannotation.qs2","19","MOVE_FIBRO_TO_MURAL","Mural","T4471438","InhouseData",NA,"MIBC","T4",NA,NA
"InhouseData_T4471438_TTCTAGTTCAATCTTC-1","/home/data/t070721/codex_workspace/Bladder Metabolism/subtype/round3/02_reclustering/Fibroblast/Fibroblast_round3_reclustered_preannotation.qs2","19","MOVE_FIBRO_TO_MURAL","Mural","T4471438","InhouseData",NA,"MIBC","T4",NA,NA
"InhouseData_T8009218_ACTACGACACGCGGTT-1","/home/data/t070721/codex_workspace/Bladder Metabolism/subtype/round3/02_reclustering/Fibroblast/Fibroblast_round3_reclustered_preannotation.qs2","19","MOVE_FIBRO_TO_MURAL","Mural","T8009218","InhouseData",NA,"MIBC","T3",NA,NA
"InhouseData_T8009218_GTAGGAGAGCAACAGC-1","/home/data/t070721/codex_workspace/Bladder Metabolism/subtype/round3/02_reclustering/Fibroblast/Fibroblast_round3_reclustered_preannotation.qs2","19","MOVE_FIBRO_TO_MURAL","Mural","T8009218","InhouseData",NA,"MIBC","T3",NA,NA
"InhouseData_T4465935_GTGAGTTGTCCGTACG-1","/home/data/t070721/codex_workspace/Bladder Metabolism/subtype/round3/02_reclustering/Fibroblast/Fibroblast_round3_reclustered_preannotation.qs2","19","MOVE_FIBRO_TO_MURAL","Mural","T4465935","InhouseData",NA,"MIBC","T2",NA,NA
"InhouseData_T4465935_TCAGTTTTCTGGAAGG-1","/home/data/t070721/codex_workspace/Bladder Metabolism/subtype/round3/02_reclustering/Fibroblast/Fibroblast_round3_reclustered_preannotation.qs2","19","MOVE_FIBRO_TO_MURAL","Mural","T4465935","InhouseData",NA,"MIBC","T2",NA,NA
"InhouseData_T4465935_TTTCCTCTCCGATCTC-1","/home/data/t070721/codex_workspace/Bladder Metabolism/subtype/round3/02_reclustering/Fibroblast/Fibroblast_round3_reclustered_preannotation.qs2","19","MOVE_FIBRO_TO_MURAL","Mural","T4465935","InhouseData",NA,"MIBC","T2",NA,NA
"InhouseData_T4465219_ATGCGATCATATGCGT-1","/home/data/t070721/codex_workspace/Bladder Metabolism/subtype/round3/02_reclustering/Fibroblast/Fibroblast_round3_reclustered_preannotation.qs2","19","MOVE_FIBRO_TO_MURAL","Mural","T4465219","InhouseData",NA,"MIBC","T2",NA,NA
"InhouseData_T4465219_CAGCAGCGTCCTCCAT-1","/home/data/t070721/codex_workspace/Bladder Metabolism/subtype/round3/02_reclustering/Fibroblast/Fibroblast_round3_reclustered_preannotation.qs2","19","MOVE_FIBRO_TO_MURAL","Mural","T4465219","InhouseData",NA,"MIBC","T2",NA,NA
"InhouseData_T4465219_GCACATACAACATCGT-1","/home/data/t070721/codex_workspace/Bladder Metabolism/subtype/round3/02_reclustering/Fibroblast/Fibroblast_round3_reclustered_preannotation.qs2","19","MOVE_FIBRO_TO_MURAL","Mural","T4465219","InhouseData",NA,"MIBC","T2",NA,NA
"InhouseData_T4465219_TAACTTCCACAAGTTC-1","/home/data/t070721/codex_workspace/Bladder Metabolism/subtype/round3/02_reclustering/Fibroblast/Fibroblast_round3_reclustered_preannotation.qs2","19","MOVE_FIBRO_TO_MURAL","Mural","T4465219","InhouseData",NA,"MIBC","T2",NA,NA
"InhouseData_T4465219_TCGGGACGTCATGACT-1","/home/data/t070721/codex_workspace/Bladder Metabolism/subtype/round3/02_reclustering/Fibroblast/Fibroblast_round3_reclustered_preannotation.qs2","19","MOVE_FIBRO_TO_MURAL","Mural","T4465219","InhouseData",NA,"MIBC","T2",NA,NA
"InhouseData_T4465219_TGGAACTGTAAGTCAA-1","/home/data/t070721/codex_workspace/Bladder Metabolism/subtype/round3/02_reclustering/Fibroblast/Fibroblast_round3_reclustered_preannotation.qs2","19","MOVE_FIBRO_TO_MURAL","Mural","T4465219","InhouseData",NA,"MIBC","T2",NA,NA
"PRJNA662018_PRJNA662018_P1N1_AAACCTGTCTTGAGGT-1","/home/data/t070721/codex_workspace/Bladder Metabolism/subtype/round3/02_reclustering/Fibroblast/Fibroblast_round3_reclustered_preannotation.qs2","19","MOVE_FIBRO_TO_MURAL","Mural","PRJNA662018_PRJNA662018_P1N1","PRJNA662018","PRJNA662018_PRJNA662018_P1N1","Normal","Normal","Normal","Normal"
"PRJNA662018_PRJNA662018_P1N1_AAACGGGCAATCACAC-1","/home/data/t070721/codex_workspace/Bladder Metabolism/subtype/round3/02_reclustering/Fibroblast/Fibroblast_round3_reclustered_preannotation.qs2","19","MOVE_FIBRO_TO_MURAL","Mural","PRJNA662018_PRJNA662018_P1N1","PRJNA662018","PRJNA662018_PRJNA662018_P1N1","Normal","Normal","Normal","Normal"
"PRJNA662018_PRJNA662018_P1N1_AAAGTAGTCTGCGGCA-1","/home/data/t070721/codex_workspace/Bladder Metabolism/subtype/round3/02_reclustering/Fibroblast/Fibroblast_round3_reclustered_preannotation.qs2","19","MOVE_FIBRO_TO_MURAL","Mural","PRJNA662018_PRJNA662018_P1N1","PRJNA662018","PRJNA662018_PRJNA662018_P1N1","Normal","Normal","Normal","Normal"
"PRJNA662018_PRJNA662018_P1N1_AACCGCGCACCTATCC-1","/home/data/t070721/codex_workspace/Bladder Metabolism/subtype/round3/02_reclustering/Fibroblast/Fibroblast_round3_reclustered_preannotation.qs2","19","MOVE_FIBRO_TO_MURAL","Mural","PRJNA662018_PRJNA662018_P1N1","PRJNA662018","PRJNA662018_PRJNA662018_P1N1","Normal","Normal","Normal","Normal"
"PRJNA662018_PRJNA662018_P1N1_AACTCCCAGCGATATA-1","/home/data/t070721/codex_workspace/Bladder Metabolism/subtype/round3/02_reclustering/Fibroblast/Fibroblast_round3_reclustered_preannotation.qs2","19","MOVE_FIBRO_TO_MURAL","Mural","PRJNA662018_PRJNA662018_P1N1","PRJNA662018","PRJNA662018_PRJNA662018_P1N1","Normal","Normal","Normal","Normal"
"PRJNA662018_PRJNA662018_P1N1_AAGACCTAGGCTAGAC-1","/home/data/t070721/codex_workspace/Bladder Metabolism/subtype/round3/02_reclustering/Fibroblast/Fibroblast_round3_reclustered_preannotation.qs2","19","MOVE_FIBRO_TO_MURAL","Mural","PRJNA662018_PRJNA662018_P1N1","PRJNA662018","PRJNA662018_PRJNA662018_P1N1","Normal","Normal","Normal","Normal"
"PRJNA662018_PRJNA662018_P1N1_AAGGAGCGTCGAATCT-1","/home/data/t070721/codex_workspace/Bladder Metabolism/subtype/round3/02_reclustering/Fibroblast/Fibroblast_round3_reclustered_preannotation.qs2","19","MOVE_FIBRO_TO_MURAL","Mural","PRJNA662018_PRJNA662018_P1N1","PRJNA662018","PRJNA662018_PRJNA662018_P1N1","Normal","Normal","Normal","Normal"
"PRJNA662018_PRJNA662018_P1N1_ACGGGTCTCCGAACGC-1","/home/data/t070721/codex_workspace/Bladder Metabolism/subtype/round3/02_reclustering/Fibroblast/Fibroblast_round3_reclustered_preannotation.qs2","19","MOVE_FIBRO_TO_MURAL","Mural","PRJNA662018_PRJNA662018_P1N1","PRJNA662018","PRJNA662018_PRJNA662018_P1N1","Normal","Normal","Normal","Normal"
"PRJNA662018_PRJNA662018_P1N1_AGAATAGGTCGTGGCT-1","/home/data/t070721/codex_workspace/Bladder Metabolism/subtype/round3/02_reclustering/Fibroblast/Fibroblast_round3_reclustered_preannotation.qs2","19","MOVE_FIBRO_TO_MURAL","Mural","PRJNA662018_PRJNA662018_P1N1","PRJNA662018","PRJNA662018_PRJNA662018_P1N1","Normal","Normal","Normal","Normal"
"PRJNA662018_PRJNA662018_P1N1_AGCTTGACACCAGTTA-1","/home/data/t070721/codex_workspace/Bladder Metabolism/subtype/round3/02_reclustering/Fibroblast/Fibroblast_round3_reclustered_preannotation.qs2","19","MOVE_FIBRO_TO_MURAL","Mural","PRJNA662018_PRJNA662018_P1N1","PRJNA662018","PRJNA662018_PRJNA662018_P1N1","Normal","Normal","Normal","Normal"
"PRJNA662018_PRJNA662018_P1N1_ATCATCTTCAGCACAT-1","/home/data/t070721/codex_workspace/Bladder Metabolism/subtype/round3/02_reclustering/Fibroblast/Fibroblast_round3_reclustered_preannotation.qs2","19","MOVE_FIBRO_TO_MURAL","Mural","PRJNA662018_PRJNA662018_P1N1","PRJNA662018","PRJNA662018_PRJNA662018_P1N1","Normal","Normal","Normal","Normal"
"PRJNA662018_PRJNA662018_P1N1_ATCTACTCAGCTATTG-1","/home/data/t070721/codex_workspace/Bladder Metabolism/subtype/round3/02_reclustering/Fibroblast/Fibroblast_round3_reclustered_preannotation.qs2","19","MOVE_FIBRO_TO_MURAL","Mural","PRJNA662018_PRJNA662018_P1N1","PRJNA662018","PRJNA662018_PRJNA662018_P1N1","Normal","Normal","Normal","Normal"
"PRJNA662018_PRJNA662018_P1N1_CACACCTAGTGGAGTC-1","/home/data/t070721/codex_workspace/Bladder Metabolism/subtype/round3/02_reclustering/Fibroblast/Fibroblast_round3_reclustered_preannotation.qs2","19","MOVE_FIBRO_TO_MURAL","Mural","PRJNA662018_PRJNA662018_P1N1","PRJNA662018","PRJNA662018_PRJNA662018_P1N1","Normal","Normal","Normal","Normal"
"PRJNA662018_PRJNA662018_P1N1_CAGTCCTAGCCCAATT-1","/home/data/t070721/codex_workspace/Bladder Metabolism/subtype/round3/02_reclustering/Fibroblast/Fibroblast_round3_reclustered_preannotation.qs2","19","MOVE_FIBRO_TO_MURAL","Mural","PRJNA662018_PRJNA662018_P1N1","PRJNA662018","PRJNA662018_PRJNA662018_P1N1","Normal","Normal","Normal","Normal"
"PRJNA662018_PRJNA662018_P1N1_CCCATACCAGGACGTA-1","/home/data/t070721/codex_workspace/Bladder Metabolism/subtype/round3/02_reclustering/Fibroblast/Fibroblast_round3_reclustered_preannotation.qs2","19","MOVE_FIBRO_TO_MURAL","Mural","PRJNA662018_PRJNA662018_P1N1","PRJNA662018","PRJNA662018_PRJNA662018_P1N1","Normal","Normal","Normal","Normal"
"PRJNA662018_PRJNA662018_P1N1_CGGACACCAGCTGTGC-1","/home/data/t070721/codex_workspace/Bladder Metabolism/subtype/round3/02_reclustering/Fibroblast/Fibroblast_round3_reclustered_preannotation.qs2","19","MOVE_FIBRO_TO_MURAL","Mural","PRJNA662018_PRJNA662018_P1N1","PRJNA662018","PRJNA662018_PRJNA662018_P1N1","Normal","Normal","Normal","Normal"
"PRJNA662018_PRJNA662018_P1N1_CTCGTACGTAGCGATG-1","/home/data/t070721/codex_workspace/Bladder Metabolism/subtype/round3/02_reclustering/Fibroblast/Fibroblast_round3_reclustered_preannotation.qs2","19","MOVE_FIBRO_TO_MURAL","Mural","PRJNA662018_PRJNA662018_P1N1","PRJNA662018","PRJNA662018_PRJNA662018_P1N1","Normal","Normal","Normal","Normal"
"PRJNA662018_PRJNA662018_P1N1_GCATGATAGCGGCTTC-1","/home/data/t070721/codex_workspace/Bladder Metabolism/subtype/round3/02_reclustering/Fibroblast/Fibroblast_round3_reclustered_preannotation.qs2","19","MOVE_FIBRO_TO_MURAL","Mural","PRJNA662018_PRJNA662018_P1N1","PRJNA662018","PRJNA662018_PRJNA662018_P1N1","Normal","Normal","Normal","Normal"
"PRJNA662018_PRJNA662018_P1N1_GCGAGAAGTGAGTGAC-1","/home/data/t070721/codex_workspace/Bladder Metabolism/subtype/round3/02_reclustering/Fibroblast/Fibroblast_round3_reclustered_preannotation.qs2","19","MOVE_FIBRO_TO_MURAL","Mural","PRJNA662018_PRJNA662018_P1N1","PRJNA662018","PRJNA662018_PRJNA662018_P1N1","Normal","Normal","Normal","Normal"
"PRJNA662018_PRJNA662018_P1N1_GCGGGTTGTTGCGTTA-1","/home/data/t070721/codex_workspace/Bladder Metabolism/subtype/round3/02_reclustering/Fibroblast/Fibroblast_round3_reclustered_preannotation.qs2","19","MOVE_FIBRO_TO_MURAL","Mural","PRJNA662018_PRJNA662018_P1N1","PRJNA662018","PRJNA662018_PRJNA662018_P1N1","Normal","Normal","Normal","Normal"
"PRJNA662018_PRJNA662018_P1N1_GGACAAGAGGAGTTGC-1","/home/data/t070721/codex_workspace/Bladder Metabolism/subtype/round3/02_reclustering/Fibroblast/Fibroblast_round3_reclustered_preannotation.qs2","19","MOVE_FIBRO_TO_MURAL","Mural","PRJNA662018_PRJNA662018_P1N1","PRJNA662018","PRJNA662018_PRJNA662018_P1N1","Normal","Normal","Normal","Normal"
"PRJNA662018_PRJNA662018_P1N1_GTAGGCCCATCCCATC-1","/home/data/t070721/codex_workspace/Bladder Metabolism/subtype/round3/02_reclustering/Fibroblast/Fibroblast_round3_reclustered_preannotation.qs2","19","MOVE_FIBRO_TO_MURAL","Mural","PRJNA662018_PRJNA662018_P1N1","PRJNA662018","PRJNA662018_PRJNA662018_P1N1","Normal","Normal","Normal","Normal"
"PRJNA662018_PRJNA662018_P1N1_GTGCATAGTTGTCTTT-1","/home/data/t070721/codex_workspace/Bladder Metabolism/subtype/round3/02_reclustering/Fibroblast/Fibroblast_round3_reclustered_preannotation.qs2","19","MOVE_FIBRO_TO_MURAL","Mural","PRJNA662018_PRJNA662018_P1N1","PRJNA662018","PRJNA662018_PRJNA662018_P1N1","Normal","Normal","Normal","Normal"
"PRJNA662018_PRJNA662018_P1N1_GTGTGCGAGATTACCC-1","/home/data/t070721/codex_workspace/Bladder Metabolism/subtype/round3/02_reclustering/Fibroblast/Fibroblast_round3_reclustered_preannotation.qs2","19","MOVE_FIBRO_TO_MURAL","Mural","PRJNA662018_PRJNA662018_P1N1","PRJNA662018","PRJNA662018_PRJNA662018_P1N1","Normal","Normal","Normal","Normal"
"PRJNA662018_PRJNA662018_P1N1_GTTTCTACACATCCGG-1","/home/data/t070721/codex_workspace/Bladder Metabolism/subtype/round3/02_reclustering/Fibroblast/Fibroblast_round3_reclustered_preannotation.qs2","19","MOVE_FIBRO_TO_MURAL","Mural","PRJNA662018_PRJNA662018_P1N1","PRJNA662018","PRJNA662018_PRJNA662018_P1N1","Normal","Normal","Normal","Normal"
"PRJNA662018_PRJNA662018_P1N1_TGCCCTAAGATGCCTT-1","/home/data/t070721/codex_workspace/Bladder Metabolism/subtype/round3/02_reclustering/Fibroblast/Fibroblast_round3_reclustered_preannotation.qs2","19","MOVE_FIBRO_TO_MURAL","Mural","PRJNA662018_PRJNA662018_P1N1","PRJNA662018","PRJNA662018_PRJNA662018_P1N1","Normal","Normal","Normal","Normal"
"PRJNA662018_PRJNA662018_P1T1_AACTCTTTCGCGCCAA-1","/home/data/t070721/codex_workspace/Bladder Metabolism/subtype/round3/02_reclustering/Fibroblast/Fibroblast_round3_reclustered_preannotation.qs2","19","MOVE_FIBRO_TO_MURAL","Mural","PRJNA662018_PRJNA662018_P1T1","PRJNA662018","PRJNA662018_PRJNA662018_P1T1","NMIBC",NA,NA,NA
"PRJNA662018_PRJNA662018_P1T1_ACCAGTATCACAGGCC-1","/home/data/t070721/codex_workspace/Bladder Metabolism/subtype/round3/02_reclustering/Fibroblast/Fibroblast_round3_reclustered_preannotation.qs2","19","MOVE_FIBRO_TO_MURAL","Mural","PRJNA662018_PRJNA662018_P1T1","PRJNA662018","PRJNA662018_PRJNA662018_P1T1","NMIBC",NA,NA,NA
"PRJNA662018_PRJNA662018_P1T1_CGCGTTTGTTACGGAG-1","/home/data/t070721/codex_workspace/Bladder Metabolism/subtype/round3/02_reclustering/Fibroblast/Fibroblast_round3_reclustered_preannotation.qs2","19","MOVE_FIBRO_TO_MURAL","Mural","PRJNA662018_PRJNA662018_P1T1","PRJNA662018","PRJNA662018_PRJNA662018_P1T1","NMIBC",NA,NA,NA
"PRJNA662018_PRJNA662018_P1T1_CGGACGTTCAAACAAG-1","/home/data/t070721/codex_workspace/Bladder Metabolism/subtype/round3/02_reclustering/Fibroblast/Fibroblast_round3_reclustered_preannotation.qs2","19","MOVE_FIBRO_TO_MURAL","Mural","PRJNA662018_PRJNA662018_P1T1","PRJNA662018","PRJNA662018_PRJNA662018_P1T1","NMIBC",NA,NA,NA
"PRJNA662018_PRJNA662018_P1T1_GATCAGTTCCAGGGCT-1","/home/data/t070721/codex_workspace/Bladder Metabolism/subtype/round3/02_reclustering/Fibroblast/Fibroblast_round3_reclustered_preannotation.qs2","19","MOVE_FIBRO_TO_MURAL","Mural","PRJNA662018_PRJNA662018_P1T1","PRJNA662018","PRJNA662018_PRJNA662018_P1T1","NMIBC",NA,NA,NA
"PRJNA662018_PRJNA662018_P1T1_GCATACAAGGTAGCTG-1","/home/data/t070721/codex_workspace/Bladder Metabolism/subtype/round3/02_reclustering/Fibroblast/Fibroblast_round3_reclustered_preannotation.qs2","19","MOVE_FIBRO_TO_MURAL","Mural","PRJNA662018_PRJNA662018_P1T1","PRJNA662018","PRJNA662018_PRJNA662018_P1T1","NMIBC",NA,NA,NA
"PRJNA662018_PRJNA662018_P1T1_GGAATAATCGTAGATC-1","/home/data/t070721/codex_workspace/Bladder Metabolism/subtype/round3/02_reclustering/Fibroblast/Fibroblast_round3_reclustered_preannotation.qs2","19","MOVE_FIBRO_TO_MURAL","Mural","PRJNA662018_PRJNA662018_P1T1","PRJNA662018","PRJNA662018_PRJNA662018_P1T1","NMIBC",NA,NA,NA
"PRJNA662018_PRJNA662018_P1T1_TAAGCGTAGACTGGGT-1","/home/data/t070721/codex_workspace/Bladder Metabolism/subtype/round3/02_reclustering/Fibroblast/Fibroblast_round3_reclustered_preannotation.qs2","19","MOVE_FIBRO_TO_MURAL","Mural","PRJNA662018_PRJNA662018_P1T1","PRJNA662018","PRJNA662018_PRJNA662018_P1T1","NMIBC",NA,NA,NA
"PRJNA662018_PRJNA662018_P1T1_TCGGTAACAATGCCAT-1","/home/data/t070721/codex_workspace/Bladder Metabolism/subtype/round3/02_reclustering/Fibroblast/Fibroblast_round3_reclustered_preannotation.qs2","19","MOVE_FIBRO_TO_MURAL","Mural","PRJNA662018_PRJNA662018_P1T1","PRJNA662018","PRJNA662018_PRJNA662018_P1T1","NMIBC",NA,NA,NA
"PRJNA662018_PRJNA662018_P1T1_TTTGGTTTCGCGTTTC-1","/home/data/t070721/codex_workspace/Bladder Metabolism/subtype/round3/02_reclustering/Fibroblast/Fibroblast_round3_reclustered_preannotation.qs2","19","MOVE_FIBRO_TO_MURAL","Mural","PRJNA662018_PRJNA662018_P1T1","PRJNA662018","PRJNA662018_PRJNA662018_P1T1","NMIBC",NA,NA,NA
"PRJNA662018_PRJNA662018_P2T2_AAAGCAAGTTTGTTTC-1","/home/data/t070721/codex_workspace/Bladder Metabolism/subtype/round3/02_reclustering/Fibroblast/Fibroblast_round3_reclustered_preannotation.qs2","19","MOVE_FIBRO_TO_MURAL","Mural","PRJNA662018_PRJNA662018_P2T2","PRJNA662018","PRJNA662018_PRJNA662018_P2T2","NMIBC",NA,NA,NA
"PRJNA662018_PRJNA662018_P2T2_AGTCTTTGTAAATACG-1","/home/data/t070721/codex_workspace/Bladder Metabolism/subtype/round3/02_reclustering/Fibroblast/Fibroblast_round3_reclustered_preannotation.qs2","19","MOVE_FIBRO_TO_MURAL","Mural","PRJNA662018_PRJNA662018_P2T2","PRJNA662018","PRJNA662018_PRJNA662018_P2T2","NMIBC",NA,NA,NA
"PRJNA662018_PRJNA662018_P2T2_CACAGTATCTAACTGG-1","/home/data/t070721/codex_workspace/Bladder Metabolism/subtype/round3/02_reclustering/Fibroblast/Fibroblast_round3_reclustered_preannotation.qs2","19","MOVE_FIBRO_TO_MURAL","Mural","PRJNA662018_PRJNA662018_P2T2","PRJNA662018","PRJNA662018_PRJNA662018_P2T2","NMIBC",NA,NA,NA
"PRJNA662018_PRJNA662018_P2T2_CCTTTCTGTTCGCTAA-1","/home/data/t070721/codex_workspace/Bladder Metabolism/subtype/round3/02_reclustering/Fibroblast/Fibroblast_round3_reclustered_preannotation.qs2","19","MOVE_FIBRO_TO_MURAL","Mural","PRJNA662018_PRJNA662018_P2T2","PRJNA662018","PRJNA662018_PRJNA662018_P2T2","NMIBC",NA,NA,NA
"PRJNA662018_PRJNA662018_P2T2_CGGCTAGTCACTCTTA-1","/home/data/t070721/codex_workspace/Bladder Metabolism/subtype/round3/02_reclustering/Fibroblast/Fibroblast_round3_reclustered_preannotation.qs2","19","MOVE_FIBRO_TO_MURAL","Mural","PRJNA662018_PRJNA662018_P2T2","PRJNA662018","PRJNA662018_PRJNA662018_P2T2","NMIBC",NA,NA,NA
"PRJNA662018_PRJNA662018_P2T2_GACGGCTGTGGTGTAG-1","/home/data/t070721/codex_workspace/Bladder Metabolism/subtype/round3/02_reclustering/Fibroblast/Fibroblast_round3_reclustered_preannotation.qs2","19","MOVE_FIBRO_TO_MURAL","Mural","PRJNA662018_PRJNA662018_P2T2","PRJNA662018","PRJNA662018_PRJNA662018_P2T2","NMIBC",NA,NA,NA
"PRJNA662018_PRJNA662018_P2T2_GATCGATCAGTAACGG-1","/home/data/t070721/codex_workspace/Bladder Metabolism/subtype/round3/02_reclustering/Fibroblast/Fibroblast_round3_reclustered_preannotation.qs2","19","MOVE_FIBRO_TO_MURAL","Mural","PRJNA662018_PRJNA662018_P2T2","PRJNA662018","PRJNA662018_PRJNA662018_P2T2","NMIBC",NA,NA,NA
"PRJNA662018_PRJNA662018_P2T2_GCATGCGTCTGCTTGC-1","/home/data/t070721/codex_workspace/Bladder Metabolism/subtype/round3/02_reclustering/Fibroblast/Fibroblast_round3_reclustered_preannotation.qs2","19","MOVE_FIBRO_TO_MURAL","Mural","PRJNA662018_PRJNA662018_P2T2","PRJNA662018","PRJNA662018_PRJNA662018_P2T2","NMIBC",NA,NA,NA
"PRJNA662018_PRJNA662018_P2T2_GCGGGTTGTTGCGTTA-1","/home/data/t070721/codex_workspace/Bladder Metabolism/subtype/round3/02_reclustering/Fibroblast/Fibroblast_round3_reclustered_preannotation.qs2","19","MOVE_FIBRO_TO_MURAL","Mural","PRJNA662018_PRJNA662018_P2T2","PRJNA662018","PRJNA662018_PRJNA662018_P2T2","NMIBC",NA,NA,NA
"PRJNA662018_PRJNA662018_P2T2_GTAGGCCCATCCCATC-1","/home/data/t070721/codex_workspace/Bladder Metabolism/subtype/round3/02_reclustering/Fibroblast/Fibroblast_round3_reclustered_preannotation.qs2","19","MOVE_FIBRO_TO_MURAL","Mural","PRJNA662018_PRJNA662018_P2T2","PRJNA662018","PRJNA662018_PRJNA662018_P2T2","NMIBC",NA,NA,NA
"PRJNA662018_PRJNA662018_P2T2_GTTTCTACACATCCGG-1","/home/data/t070721/codex_workspace/Bladder Metabolism/subtype/round3/02_reclustering/Fibroblast/Fibroblast_round3_reclustered_preannotation.qs2","19","MOVE_FIBRO_TO_MURAL","Mural","PRJNA662018_PRJNA662018_P2T2","PRJNA662018","PRJNA662018_PRJNA662018_P2T2","NMIBC",NA,NA,NA
"PRJNA662018_PRJNA662018_P3N3_ATGCGATTCCAGTATG-1","/home/data/t070721/codex_workspace/Bladder Metabolism/subtype/round3/02_reclustering/Fibroblast/Fibroblast_round3_reclustered_preannotation.qs2","19","MOVE_FIBRO_TO_MURAL","Mural","PRJNA662018_PRJNA662018_P3N3","PRJNA662018","PRJNA662018_PRJNA662018_P3N3","Normal","Normal","Normal","Normal"
"PRJNA662018_PRJNA662018_P3N3_CAGCTAAAGTGGAGAA-1","/home/data/t070721/codex_workspace/Bladder Metabolism/subtype/round3/02_reclustering/Fibroblast/Fibroblast_round3_reclustered_preannotation.qs2","19","MOVE_FIBRO_TO_MURAL","Mural","PRJNA662018_PRJNA662018_P3N3","PRJNA662018","PRJNA662018_PRJNA662018_P3N3","Normal","Normal","Normal","Normal"
"PRJNA662018_PRJNA662018_P3N3_GTTCTCGAGCTAACTC-1","/home/data/t070721/codex_workspace/Bladder Metabolism/subtype/round3/02_reclustering/Fibroblast/Fibroblast_round3_reclustered_preannotation.qs2","19","MOVE_FIBRO_TO_MURAL","Mural","PRJNA662018_PRJNA662018_P3N3","PRJNA662018","PRJNA662018_PRJNA662018_P3N3","Normal","Normal","Normal","Normal"
"PRJNA662018_PRJNA662018_P3N3_TCTGGAACAATGCCAT-1","/home/data/t070721/codex_workspace/Bladder Metabolism/subtype/round3/02_reclustering/Fibroblast/Fibroblast_round3_reclustered_preannotation.qs2","19","MOVE_FIBRO_TO_MURAL","Mural","PRJNA662018_PRJNA662018_P3N3","PRJNA662018","PRJNA662018_PRJNA662018_P3N3","Normal","Normal","Normal","Normal"
"PRJNA662018_PRJNA662018_P3N3_TGACTAGCACAACTGT-1","/home/data/t070721/codex_workspace/Bladder Metabolism/subtype/round3/02_reclustering/Fibroblast/Fibroblast_round3_reclustered_preannotation.qs2","19","MOVE_FIBRO_TO_MURAL","Mural","PRJNA662018_PRJNA662018_P3N3","PRJNA662018","PRJNA662018_PRJNA662018_P3N3","Normal","Normal","Normal","Normal"
"PRJNA662018_PRJNA662018_P3N3_TGAGAGGAGGTTACCT-1","/home/data/t070721/codex_workspace/Bladder Metabolism/subtype/round3/02_reclustering/Fibroblast/Fibroblast_round3_reclustered_preannotation.qs2","19","MOVE_FIBRO_TO_MURAL","Mural","PRJNA662018_PRJNA662018_P3N3","PRJNA662018","PRJNA662018_PRJNA662018_P3N3","Normal","Normal","Normal","Normal"
"PRJNA662018_PRJNA662018_P3N3_TGTGGTAAGCAATATG-1","/home/data/t070721/codex_workspace/Bladder Metabolism/subtype/round3/02_reclustering/Fibroblast/Fibroblast_round3_reclustered_preannotation.qs2","19","MOVE_FIBRO_TO_MURAL","Mural","PRJNA662018_PRJNA662018_P3N3","PRJNA662018","PRJNA662018_PRJNA662018_P3N3","Normal","Normal","Normal","Normal"
"PRJNA662018_PRJNA662018_P3N3_TTATGCTTCGACAGCC-1","/home/data/t070721/codex_workspace/Bladder Metabolism/subtype/round3/02_reclustering/Fibroblast/Fibroblast_round3_reclustered_preannotation.qs2","19","MOVE_FIBRO_TO_MURAL","Mural","PRJNA662018_PRJNA662018_P3N3","PRJNA662018","PRJNA662018_PRJNA662018_P3N3","Normal","Normal","Normal","Normal"
"PRJNA662018_PRJNA662018_P3N3_TTGGCAATCGTAGGAG-1","/home/data/t070721/codex_workspace/Bladder Metabolism/subtype/round3/02_reclustering/Fibroblast/Fibroblast_round3_reclustered_preannotation.qs2","19","MOVE_FIBRO_TO_MURAL","Mural","PRJNA662018_PRJNA662018_P3N3","PRJNA662018","PRJNA662018_PRJNA662018_P3N3","Normal","Normal","Normal","Normal"
"PRJNA662018_PRJNA662018_P3T3_AAACCTGTCTTGAGGT-1","/home/data/t070721/codex_workspace/Bladder Metabolism/subtype/round3/02_reclustering/Fibroblast/Fibroblast_round3_reclustered_preannotation.qs2","19","MOVE_FIBRO_TO_MURAL","Mural","PRJNA662018_PRJNA662018_P3T3","PRJNA662018","PRJNA662018_PRJNA662018_P3T3","NMIBC",NA,NA,NA
"PRJNA662018_PRJNA662018_P3T3_AAACGGGCAATCACAC-1","/home/data/t070721/codex_workspace/Bladder Metabolism/subtype/round3/02_reclustering/Fibroblast/Fibroblast_round3_reclustered_preannotation.qs2","19","MOVE_FIBRO_TO_MURAL","Mural","PRJNA662018_PRJNA662018_P3T3","PRJNA662018","PRJNA662018_PRJNA662018_P3T3","NMIBC",NA,NA,NA
"PRJNA662018_PRJNA662018_P3T3_AAAGTAGTCTGCGGCA-1","/home/data/t070721/codex_workspace/Bladder Metabolism/subtype/round3/02_reclustering/Fibroblast/Fibroblast_round3_reclustered_preannotation.qs2","19","MOVE_FIBRO_TO_MURAL","Mural","PRJNA662018_PRJNA662018_P3T3","PRJNA662018","PRJNA662018_PRJNA662018_P3T3","NMIBC",NA,NA,NA
"PRJNA662018_PRJNA662018_P3T3_AACGTTGAGCGTCAAG-1","/home/data/t070721/codex_workspace/Bladder Metabolism/subtype/round3/02_reclustering/Fibroblast/Fibroblast_round3_reclustered_preannotation.qs2","19","MOVE_FIBRO_TO_MURAL","Mural","PRJNA662018_PRJNA662018_P3T3","PRJNA662018","PRJNA662018_PRJNA662018_P3T3","NMIBC",NA,NA,NA
"PRJNA662018_PRJNA662018_P3T3_AACTCCCAGCGATATA-1","/home/data/t070721/codex_workspace/Bladder Metabolism/subtype/round3/02_reclustering/Fibroblast/Fibroblast_round3_reclustered_preannotation.qs2","19","MOVE_FIBRO_TO_MURAL","Mural","PRJNA662018_PRJNA662018_P3T3","PRJNA662018","PRJNA662018_PRJNA662018_P3T3","NMIBC",NA,NA,NA
"PRJNA662018_PRJNA662018_P3T3_AGATTGCAGCCACTAT-1","/home/data/t070721/codex_workspace/Bladder Metabolism/subtype/round3/02_reclustering/Fibroblast/Fibroblast_round3_reclustered_preannotation.qs2","19","MOVE_FIBRO_TO_MURAL","Mural","PRJNA662018_PRJNA662018_P3T3","PRJNA662018","PRJNA662018_PRJNA662018_P3T3","NMIBC",NA,NA,NA
"PRJNA662018_PRJNA662018_P3T3_ATCTACTCAGCTATTG-1","/home/data/t070721/codex_workspace/Bladder Metabolism/subtype/round3/02_reclustering/Fibroblast/Fibroblast_round3_reclustered_preannotation.qs2","19","MOVE_FIBRO_TO_MURAL","Mural","PRJNA662018_PRJNA662018_P3T3","PRJNA662018","PRJNA662018_PRJNA662018_P3T3","NMIBC",NA,NA,NA
"PRJNA662018_PRJNA662018_P3T3_CACCAGGTCTGACCTC-1","/home/data/t070721/codex_workspace/Bladder Metabolism/subtype/round3/02_reclustering/Fibroblast/Fibroblast_round3_reclustered_preannotation.qs2","19","MOVE_FIBRO_TO_MURAL","Mural","PRJNA662018_PRJNA662018_P3T3","PRJNA662018","PRJNA662018_PRJNA662018_P3T3","NMIBC",NA,NA,NA
"PRJNA662018_PRJNA662018_P3T3_CGTTGGGAGCCACGTC-1","/home/data/t070721/codex_workspace/Bladder Metabolism/subtype/round3/02_reclustering/Fibroblast/Fibroblast_round3_reclustered_preannotation.qs2","19","MOVE_FIBRO_TO_MURAL","Mural","PRJNA662018_PRJNA662018_P3T3","PRJNA662018","PRJNA662018_PRJNA662018_P3T3","NMIBC",NA,NA,NA
"PRJNA662018_PRJNA662018_P3T3_CTCGTACGTAGCGATG-1","/home/data/t070721/codex_workspace/Bladder Metabolism/subtype/round3/02_reclustering/Fibroblast/Fibroblast_round3_reclustered_preannotation.qs2","19","MOVE_FIBRO_TO_MURAL","Mural","PRJNA662018_PRJNA662018_P3T3","PRJNA662018","PRJNA662018_PRJNA662018_P3T3","NMIBC",NA,NA,NA
"PRJNA662018_PRJNA662018_P3T3_GAAATGAAGTGGTAGC-1","/home/data/t070721/codex_workspace/Bladder Metabolism/subtype/round3/02_reclustering/Fibroblast/Fibroblast_round3_reclustered_preannotation.qs2","19","MOVE_FIBRO_TO_MURAL","Mural","PRJNA662018_PRJNA662018_P3T3","PRJNA662018","PRJNA662018_PRJNA662018_P3T3","NMIBC",NA,NA,NA
"PRJNA662018_PRJNA662018_P3T3_GCGACCATCCTAAGTG-1","/home/data/t070721/codex_workspace/Bladder Metabolism/subtype/round3/02_reclustering/Fibroblast/Fibroblast_round3_reclustered_preannotation.qs2","19","MOVE_FIBRO_TO_MURAL","Mural","PRJNA662018_PRJNA662018_P3T3","PRJNA662018","PRJNA662018_PRJNA662018_P3T3","NMIBC",NA,NA,NA
"PRJNA662018_PRJNA662018_P3T3_GGATTACGTGATGATA-1","/home/data/t070721/codex_workspace/Bladder Metabolism/subtype/round3/02_reclustering/Fibroblast/Fibroblast_round3_reclustered_preannotation.qs2","19","MOVE_FIBRO_TO_MURAL","Mural","PRJNA662018_PRJNA662018_P3T3","PRJNA662018","PRJNA662018_PRJNA662018_P3T3","NMIBC",NA,NA,NA
"PRJNA662018_PRJNA662018_P3T3_GTCATTTAGCAATATG-1","/home/data/t070721/codex_workspace/Bladder Metabolism/subtype/round3/02_reclustering/Fibroblast/Fibroblast_round3_reclustered_preannotation.qs2","19","MOVE_FIBRO_TO_MURAL","Mural","PRJNA662018_PRJNA662018_P3T3","PRJNA662018","PRJNA662018_PRJNA662018_P3T3","NMIBC",NA,NA,NA
"PRJNA662018_PRJNA662018_P3T3_GTGTGCGAGATTACCC-1","/home/data/t070721/codex_workspace/Bladder Metabolism/subtype/round3/02_reclustering/Fibroblast/Fibroblast_round3_reclustered_preannotation.qs2","19","MOVE_FIBRO_TO_MURAL","Mural","PRJNA662018_PRJNA662018_P3T3","PRJNA662018","PRJNA662018_PRJNA662018_P3T3","NMIBC",NA,NA,NA
"PRJNA662018_PRJNA662018_P3T3_TACCTATCACGGCCAT-1","/home/data/t070721/codex_workspace/Bladder Metabolism/subtype/round3/02_reclustering/Fibroblast/Fibroblast_round3_reclustered_preannotation.qs2","19","MOVE_FIBRO_TO_MURAL","Mural","PRJNA662018_PRJNA662018_P3T3","PRJNA662018","PRJNA662018_PRJNA662018_P3T3","NMIBC",NA,NA,NA
"PRJNA662018_PRJNA662018_P3T3_TATTACCTCTAGCACA-1","/home/data/t070721/codex_workspace/Bladder Metabolism/subtype/round3/02_reclustering/Fibroblast/Fibroblast_round3_reclustered_preannotation.qs2","19","MOVE_FIBRO_TO_MURAL","Mural","PRJNA662018_PRJNA662018_P3T3","PRJNA662018","PRJNA662018_PRJNA662018_P3T3","NMIBC",NA,NA,NA
"PRJNA662018_PRJNA662018_P3T3_TCAGATGAGTGAATTG-1","/home/data/t070721/codex_workspace/Bladder Metabolism/subtype/round3/02_reclustering/Fibroblast/Fibroblast_round3_reclustered_preannotation.qs2","19","MOVE_FIBRO_TO_MURAL","Mural","PRJNA662018_PRJNA662018_P3T3","PRJNA662018","PRJNA662018_PRJNA662018_P3T3","NMIBC",NA,NA,NA
"PRJNA662018_PRJNA662018_P3T3_TCAGCTCAGCAATATG-1","/home/data/t070721/codex_workspace/Bladder Metabolism/subtype/round3/02_reclustering/Fibroblast/Fibroblast_round3_reclustered_preannotation.qs2","19","MOVE_FIBRO_TO_MURAL","Mural","PRJNA662018_PRJNA662018_P3T3","PRJNA662018","PRJNA662018_PRJNA662018_P3T3","NMIBC",NA,NA,NA
"PRJNA662018_PRJNA662018_P4T4_ACCAGTAGTTAGGGTG-1","/home/data/t070721/codex_workspace/Bladder Metabolism/subtype/round3/02_reclustering/Fibroblast/Fibroblast_round3_reclustered_preannotation.qs2","19","MOVE_FIBRO_TO_MURAL","Mural","PRJNA662018_PRJNA662018_P4T4","PRJNA662018","PRJNA662018_PRJNA662018_P4T4","NMIBC",NA,NA,NA
"PRJNA662018_PRJNA662018_P4T4_ACGGGTCAGCGTCTAT-1","/home/data/t070721/codex_workspace/Bladder Metabolism/subtype/round3/02_reclustering/Fibroblast/Fibroblast_round3_reclustered_preannotation.qs2","19","MOVE_FIBRO_TO_MURAL","Mural","PRJNA662018_PRJNA662018_P4T4","PRJNA662018","PRJNA662018_PRJNA662018_P4T4","NMIBC",NA,NA,NA
"PRJNA662018_PRJNA662018_P4T4_ACTGAACCACTGAAGG-1","/home/data/t070721/codex_workspace/Bladder Metabolism/subtype/round3/02_reclustering/Fibroblast/Fibroblast_round3_reclustered_preannotation.qs2","19","MOVE_FIBRO_TO_MURAL","Mural","PRJNA662018_PRJNA662018_P4T4","PRJNA662018","PRJNA662018_PRJNA662018_P4T4","NMIBC",NA,NA,NA
"PRJNA662018_PRJNA662018_P4T4_CAAGAAACAATAGCAA-1","/home/data/t070721/codex_workspace/Bladder Metabolism/subtype/round3/02_reclustering/Fibroblast/Fibroblast_round3_reclustered_preannotation.qs2","19","MOVE_FIBRO_TO_MURAL","Mural","PRJNA662018_PRJNA662018_P4T4","PRJNA662018","PRJNA662018_PRJNA662018_P4T4","NMIBC",NA,NA,NA
"PRJNA662018_PRJNA662018_P4T4_CAGCTAATCTTAGAGC-1","/home/data/t070721/codex_workspace/Bladder Metabolism/subtype/round3/02_reclustering/Fibroblast/Fibroblast_round3_reclustered_preannotation.qs2","19","MOVE_FIBRO_TO_MURAL","Mural","PRJNA662018_PRJNA662018_P4T4","PRJNA662018","PRJNA662018_PRJNA662018_P4T4","NMIBC",NA,NA,NA
"PRJNA662018_PRJNA662018_P4T4_CCACTACGTCATATCG-1","/home/data/t070721/codex_workspace/Bladder Metabolism/subtype/round3/02_reclustering/Fibroblast/Fibroblast_round3_reclustered_preannotation.qs2","19","MOVE_FIBRO_TO_MURAL","Mural","PRJNA662018_PRJNA662018_P4T4","PRJNA662018","PRJNA662018_PRJNA662018_P4T4","NMIBC",NA,NA,NA
"PRJNA662018_PRJNA662018_P4T4_CCGGTAGTCATACGGT-1","/home/data/t070721/codex_workspace/Bladder Metabolism/subtype/round3/02_reclustering/Fibroblast/Fibroblast_round3_reclustered_preannotation.qs2","19","MOVE_FIBRO_TO_MURAL","Mural","PRJNA662018_PRJNA662018_P4T4","PRJNA662018","PRJNA662018_PRJNA662018_P4T4","NMIBC",NA,NA,NA
"PRJNA662018_PRJNA662018_P4T4_CTCCTAGGTGTAAGTA-1","/home/data/t070721/codex_workspace/Bladder Metabolism/subtype/round3/02_reclustering/Fibroblast/Fibroblast_round3_reclustered_preannotation.qs2","19","MOVE_FIBRO_TO_MURAL","Mural","PRJNA662018_PRJNA662018_P4T4","PRJNA662018","PRJNA662018_PRJNA662018_P4T4","NMIBC",NA,NA,NA
"PRJNA662018_PRJNA662018_P4T4_GAAACTCCAATGAAAC-1","/home/data/t070721/codex_workspace/Bladder Metabolism/subtype/round3/02_reclustering/Fibroblast/Fibroblast_round3_reclustered_preannotation.qs2","19","MOVE_FIBRO_TO_MURAL","Mural","PRJNA662018_PRJNA662018_P4T4","PRJNA662018","PRJNA662018_PRJNA662018_P4T4","NMIBC",NA,NA,NA
"PRJNA662018_PRJNA662018_P4T4_GATGCTATCGCCCTTA-1","/home/data/t070721/codex_workspace/Bladder Metabolism/subtype/round3/02_reclustering/Fibroblast/Fibroblast_round3_reclustered_preannotation.qs2","19","MOVE_FIBRO_TO_MURAL","Mural","PRJNA662018_PRJNA662018_P4T4","PRJNA662018","PRJNA662018_PRJNA662018_P4T4","NMIBC",NA,NA,NA
"PRJNA662018_PRJNA662018_P4T4_GGCGTGTCAGACAAGC-1","/home/data/t070721/codex_workspace/Bladder Metabolism/subtype/round3/02_reclustering/Fibroblast/Fibroblast_round3_reclustered_preannotation.qs2","19","MOVE_FIBRO_TO_MURAL","Mural","PRJNA662018_PRJNA662018_P4T4","PRJNA662018","PRJNA662018_PRJNA662018_P4T4","NMIBC",NA,NA,NA
"PRJNA662018_PRJNA662018_P4T4_GTCTCGTGTGTGGTTT-1","/home/data/t070721/codex_workspace/Bladder Metabolism/subtype/round3/02_reclustering/Fibroblast/Fibroblast_round3_reclustered_preannotation.qs2","19","MOVE_FIBRO_TO_MURAL","Mural","PRJNA662018_PRJNA662018_P4T4","PRJNA662018","PRJNA662018_PRJNA662018_P4T4","NMIBC",NA,NA,NA
"PRJNA662018_PRJNA662018_P4T4_GTCTTCGTCTTGTATC-1","/home/data/t070721/codex_workspace/Bladder Metabolism/subtype/round3/02_reclustering/Fibroblast/Fibroblast_round3_reclustered_preannotation.qs2","19","MOVE_FIBRO_TO_MURAL","Mural","PRJNA662018_PRJNA662018_P4T4","PRJNA662018","PRJNA662018_PRJNA662018_P4T4","NMIBC",NA,NA,NA
"PRJNA662018_PRJNA662018_P4T4_GTGCATACATGGGACA-1","/home/data/t070721/codex_workspace/Bladder Metabolism/subtype/round3/02_reclustering/Fibroblast/Fibroblast_round3_reclustered_preannotation.qs2","19","MOVE_FIBRO_TO_MURAL","Mural","PRJNA662018_PRJNA662018_P4T4","PRJNA662018","PRJNA662018_PRJNA662018_P4T4","NMIBC",NA,NA,NA
"PRJNA662018_PRJNA662018_P4T4_GTGTGCGTCGCACTCT-1","/home/data/t070721/codex_workspace/Bladder Metabolism/subtype/round3/02_reclustering/Fibroblast/Fibroblast_round3_reclustered_preannotation.qs2","19","MOVE_FIBRO_TO_MURAL","Mural","PRJNA662018_PRJNA662018_P4T4","PRJNA662018","PRJNA662018_PRJNA662018_P4T4","NMIBC",NA,NA,NA
"PRJNA662018_PRJNA662018_P4T4_TACTCGCCATTAACCG-1","/home/data/t070721/codex_workspace/Bladder Metabolism/subtype/round3/02_reclustering/Fibroblast/Fibroblast_round3_reclustered_preannotation.qs2","19","MOVE_FIBRO_TO_MURAL","Mural","PRJNA662018_PRJNA662018_P4T4","PRJNA662018","PRJNA662018_PRJNA662018_P4T4","NMIBC",NA,NA,NA
"PRJNA662018_PRJNA662018_P5T5_AAACGGGTCTCGCTTG-1","/home/data/t070721/codex_workspace/Bladder Metabolism/subtype/round3/02_reclustering/Fibroblast/Fibroblast_round3_reclustered_preannotation.qs2","19","MOVE_FIBRO_TO_MURAL","Mural","PRJNA662018_PRJNA662018_P5T5","PRJNA662018","PRJNA662018_PRJNA662018_P5T5","MIBC",NA,NA,NA
"PRJNA662018_PRJNA662018_P5T5_AAGGTTCGTTCCAACA-1","/home/data/t070721/codex_workspace/Bladder Metabolism/subtype/round3/02_reclustering/Fibroblast/Fibroblast_round3_reclustered_preannotation.qs2","19","MOVE_FIBRO_TO_MURAL","Mural","PRJNA662018_PRJNA662018_P5T5","PRJNA662018","PRJNA662018_PRJNA662018_P5T5","MIBC",NA,NA,NA
"PRJNA662018_PRJNA662018_P5T5_CAACCAAAGGGAAACA-1","/home/data/t070721/codex_workspace/Bladder Metabolism/subtype/round3/02_reclustering/Fibroblast/Fibroblast_round3_reclustered_preannotation.qs2","19","MOVE_FIBRO_TO_MURAL","Mural","PRJNA662018_PRJNA662018_P5T5","PRJNA662018","PRJNA662018_PRJNA662018_P5T5","MIBC",NA,NA,NA
"PRJNA662018_PRJNA662018_P5T5_CAGCATAGTAGGAGTC-1","/home/data/t070721/codex_workspace/Bladder Metabolism/subtype/round3/02_reclustering/Fibroblast/Fibroblast_round3_reclustered_preannotation.qs2","19","MOVE_FIBRO_TO_MURAL","Mural","PRJNA662018_PRJNA662018_P5T5","PRJNA662018","PRJNA662018_PRJNA662018_P5T5","MIBC",NA,NA,NA
"PRJNA662018_PRJNA662018_P5T5_CGACCTTAGGATGCGT-1","/home/data/t070721/codex_workspace/Bladder Metabolism/subtype/round3/02_reclustering/Fibroblast/Fibroblast_round3_reclustered_preannotation.qs2","19","MOVE_FIBRO_TO_MURAL","Mural","PRJNA662018_PRJNA662018_P5T5","PRJNA662018","PRJNA662018_PRJNA662018_P5T5","MIBC",NA,NA,NA
"PRJNA662018_PRJNA662018_P5T5_CTGATCCTCGCGGATC-1","/home/data/t070721/codex_workspace/Bladder Metabolism/subtype/round3/02_reclustering/Fibroblast/Fibroblast_round3_reclustered_preannotation.qs2","19","MOVE_FIBRO_TO_MURAL","Mural","PRJNA662018_PRJNA662018_P5T5","PRJNA662018","PRJNA662018_PRJNA662018_P5T5","MIBC",NA,NA,NA
"PRJNA662018_PRJNA662018_P5T5_GATGAGGTCGGGAGTA-1","/home/data/t070721/codex_workspace/Bladder Metabolism/subtype/round3/02_reclustering/Fibroblast/Fibroblast_round3_reclustered_preannotation.qs2","19","MOVE_FIBRO_TO_MURAL","Mural","PRJNA662018_PRJNA662018_P5T5","PRJNA662018","PRJNA662018_PRJNA662018_P5T5","MIBC",NA,NA,NA
"PRJNA662018_PRJNA662018_P5T5_GTTAAGCTCTCGGACG-1","/home/data/t070721/codex_workspace/Bladder Metabolism/subtype/round3/02_reclustering/Fibroblast/Fibroblast_round3_reclustered_preannotation.qs2","19","MOVE_FIBRO_TO_MURAL","Mural","PRJNA662018_PRJNA662018_P5T5","PRJNA662018","PRJNA662018_PRJNA662018_P5T5","MIBC",NA,NA,NA
"PRJNA662018_PRJNA662018_P5T5_TACGGTAAGCTTATCG-1","/home/data/t070721/codex_workspace/Bladder Metabolism/subtype/round3/02_reclustering/Fibroblast/Fibroblast_round3_reclustered_preannotation.qs2","19","MOVE_FIBRO_TO_MURAL","Mural","PRJNA662018_PRJNA662018_P5T5","PRJNA662018","PRJNA662018_PRJNA662018_P5T5","MIBC",NA,NA,NA
"PRJNA662018_PRJNA662018_P5T5_TCCACACAGTATGACA-1","/home/data/t070721/codex_workspace/Bladder Metabolism/subtype/round3/02_reclustering/Fibroblast/Fibroblast_round3_reclustered_preannotation.qs2","19","MOVE_FIBRO_TO_MURAL","Mural","PRJNA662018_PRJNA662018_P5T5","PRJNA662018","PRJNA662018_PRJNA662018_P5T5","MIBC",NA,NA,NA
"PRJNA662018_PRJNA662018_P5T5_TGGCCAGCAATGTAAG-1","/home/data/t070721/codex_workspace/Bladder Metabolism/subtype/round3/02_reclustering/Fibroblast/Fibroblast_round3_reclustered_preannotation.qs2","19","MOVE_FIBRO_TO_MURAL","Mural","PRJNA662018_PRJNA662018_P5T5","PRJNA662018","PRJNA662018_PRJNA662018_P5T5","MIBC",NA,NA,NA
"PRJNA662018_PRJNA662018_P6N2_AAACCTGTCTTGAGGT-1","/home/data/t070721/codex_workspace/Bladder Metabolism/subtype/round3/02_reclustering/Fibroblast/Fibroblast_round3_reclustered_preannotation.qs2","19","MOVE_FIBRO_TO_MURAL","Mural","PRJNA662018_PRJNA662018_P6N2","PRJNA662018","PRJNA662018_PRJNA662018_P6N2","Normal","Normal","Normal","Normal"
"PRJNA662018_PRJNA662018_P6N2_AAACGGGCAATCACAC-1","/home/data/t070721/codex_workspace/Bladder Metabolism/subtype/round3/02_reclustering/Fibroblast/Fibroblast_round3_reclustered_preannotation.qs2","19","MOVE_FIBRO_TO_MURAL","Mural","PRJNA662018_PRJNA662018_P6N2","PRJNA662018","PRJNA662018_PRJNA662018_P6N2","Normal","Normal","Normal","Normal"
"PRJNA662018_PRJNA662018_P6N2_ACGGGTCTCCGAACGC-1","/home/data/t070721/codex_workspace/Bladder Metabolism/subtype/round3/02_reclustering/Fibroblast/Fibroblast_round3_reclustered_preannotation.qs2","19","MOVE_FIBRO_TO_MURAL","Mural","PRJNA662018_PRJNA662018_P6N2","PRJNA662018","PRJNA662018_PRJNA662018_P6N2","Normal","Normal","Normal","Normal"
"PRJNA662018_PRJNA662018_P6N2_ATCATCTTCAGCACAT-1","/home/data/t070721/codex_workspace/Bladder Metabolism/subtype/round3/02_reclustering/Fibroblast/Fibroblast_round3_reclustered_preannotation.qs2","19","MOVE_FIBRO_TO_MURAL","Mural","PRJNA662018_PRJNA662018_P6N2","PRJNA662018","PRJNA662018_PRJNA662018_P6N2","Normal","Normal","Normal","Normal"
"PRJNA662018_PRJNA662018_P6N2_ATCTACTCAGCTATTG-1","/home/data/t070721/codex_workspace/Bladder Metabolism/subtype/round3/02_reclustering/Fibroblast/Fibroblast_round3_reclustered_preannotation.qs2","19","MOVE_FIBRO_TO_MURAL","Mural","PRJNA662018_PRJNA662018_P6N2","PRJNA662018","PRJNA662018_PRJNA662018_P6N2","Normal","Normal","Normal","Normal"
"PRJNA662018_PRJNA662018_P6N2_CACACCTAGTGGAGTC-1","/home/data/t070721/codex_workspace/Bladder Metabolism/subtype/round3/02_reclustering/Fibroblast/Fibroblast_round3_reclustered_preannotation.qs2","19","MOVE_FIBRO_TO_MURAL","Mural","PRJNA662018_PRJNA662018_P6N2","PRJNA662018","PRJNA662018_PRJNA662018_P6N2","Normal","Normal","Normal","Normal"
"PRJNA662018_PRJNA662018_P6N2_CCAATCCTCAAAGTAG-1","/home/data/t070721/codex_workspace/Bladder Metabolism/subtype/round3/02_reclustering/Fibroblast/Fibroblast_round3_reclustered_preannotation.qs2","19","MOVE_FIBRO_TO_MURAL","Mural","PRJNA662018_PRJNA662018_P6N2","PRJNA662018","PRJNA662018_PRJNA662018_P6N2","Normal","Normal","Normal","Normal"
"PRJNA662018_PRJNA662018_P6N2_CGAGCACTCAGAGCTT-1","/home/data/t070721/codex_workspace/Bladder Metabolism/subtype/round3/02_reclustering/Fibroblast/Fibroblast_round3_reclustered_preannotation.qs2","19","MOVE_FIBRO_TO_MURAL","Mural","PRJNA662018_PRJNA662018_P6N2","PRJNA662018","PRJNA662018_PRJNA662018_P6N2","Normal","Normal","Normal","Normal"
"PRJNA662018_PRJNA662018_P6N2_CTCGTACGTAGCGATG-1","/home/data/t070721/codex_workspace/Bladder Metabolism/subtype/round3/02_reclustering/Fibroblast/Fibroblast_round3_reclustered_preannotation.qs2","19","MOVE_FIBRO_TO_MURAL","Mural","PRJNA662018_PRJNA662018_P6N2","PRJNA662018","PRJNA662018_PRJNA662018_P6N2","Normal","Normal","Normal","Normal"
"PRJNA662018_PRJNA662018_P6N2_GAACATCTCAGTACGT-1","/home/data/t070721/codex_workspace/Bladder Metabolism/subtype/round3/02_reclustering/Fibroblast/Fibroblast_round3_reclustered_preannotation.qs2","19","MOVE_FIBRO_TO_MURAL","Mural","PRJNA662018_PRJNA662018_P6N2","PRJNA662018","PRJNA662018_PRJNA662018_P6N2","Normal","Normal","Normal","Normal"
"PRJNA662018_PRJNA662018_P6N2_GCGGGTTGTTGCGTTA-1","/home/data/t070721/codex_workspace/Bladder Metabolism/subtype/round3/02_reclustering/Fibroblast/Fibroblast_round3_reclustered_preannotation.qs2","19","MOVE_FIBRO_TO_MURAL","Mural","PRJNA662018_PRJNA662018_P6N2","PRJNA662018","PRJNA662018_PRJNA662018_P6N2","Normal","Normal","Normal","Normal"
"PRJNA662018_PRJNA662018_P6N2_GTCGGGTGTGTTGGGA-1","/home/data/t070721/codex_workspace/Bladder Metabolism/subtype/round3/02_reclustering/Fibroblast/Fibroblast_round3_reclustered_preannotation.qs2","19","MOVE_FIBRO_TO_MURAL","Mural","PRJNA662018_PRJNA662018_P6N2","PRJNA662018","PRJNA662018_PRJNA662018_P6N2","Normal","Normal","Normal","Normal"
"PRJNA662018_PRJNA662018_P6N2_GTTTCTACACATCCGG-1","/home/data/t070721/codex_workspace/Bladder Metabolism/subtype/round3/02_reclustering/Fibroblast/Fibroblast_round3_reclustered_preannotation.qs2","19","MOVE_FIBRO_TO_MURAL","Mural","PRJNA662018_PRJNA662018_P6N2","PRJNA662018","PRJNA662018_PRJNA662018_P6N2","Normal","Normal","Normal","Normal"
"PRJNA662018_PRJNA662018_P6N2_TACCTATCACGGCCAT-1","/home/data/t070721/codex_workspace/Bladder Metabolism/subtype/round3/02_reclustering/Fibroblast/Fibroblast_round3_reclustered_preannotation.qs2","19","MOVE_FIBRO_TO_MURAL","Mural","PRJNA662018_PRJNA662018_P6N2","PRJNA662018","PRJNA662018_PRJNA662018_P6N2","Normal","Normal","Normal","Normal"
"PRJNA662018_PRJNA662018_P6N2_TCAGCAATCTTGTACT-1","/home/data/t070721/codex_workspace/Bladder Metabolism/subtype/round3/02_reclustering/Fibroblast/Fibroblast_round3_reclustered_preannotation.qs2","19","MOVE_FIBRO_TO_MURAL","Mural","PRJNA662018_PRJNA662018_P6N2","PRJNA662018","PRJNA662018_PRJNA662018_P6N2","Normal","Normal","Normal","Normal"
"PRJNA662018_PRJNA662018_P7T7_AAGGCAGCAACACCCG-1","/home/data/t070721/codex_workspace/Bladder Metabolism/subtype/round3/02_reclustering/Fibroblast/Fibroblast_round3_reclustered_preannotation.qs2","19","MOVE_FIBRO_TO_MURAL","Mural","PRJNA662018_PRJNA662018_P7T7","PRJNA662018","PRJNA662018_PRJNA662018_P7T7","MIBC",NA,NA,NA
"PRJNA662018_PRJNA662018_P7T7_ATGTGTGAGTAGCGGT-1","/home/data/t070721/codex_workspace/Bladder Metabolism/subtype/round3/02_reclustering/Fibroblast/Fibroblast_round3_reclustered_preannotation.qs2","19","MOVE_FIBRO_TO_MURAL","Mural","PRJNA662018_PRJNA662018_P7T7","PRJNA662018","PRJNA662018_PRJNA662018_P7T7","MIBC",NA,NA,NA
"PRJNA662018_PRJNA662018_P7T7_CACATTTTCAGCAACT-1","/home/data/t070721/codex_workspace/Bladder Metabolism/subtype/round3/02_reclustering/Fibroblast/Fibroblast_round3_reclustered_preannotation.qs2","19","MOVE_FIBRO_TO_MURAL","Mural","PRJNA662018_PRJNA662018_P7T7","PRJNA662018","PRJNA662018_PRJNA662018_P7T7","MIBC",NA,NA,NA
"PRJNA662018_PRJNA662018_P7T7_CGACTTCAGCATCATC-1","/home/data/t070721/codex_workspace/Bladder Metabolism/subtype/round3/02_reclustering/Fibroblast/Fibroblast_round3_reclustered_preannotation.qs2","19","MOVE_FIBRO_TO_MURAL","Mural","PRJNA662018_PRJNA662018_P7T7","PRJNA662018","PRJNA662018_PRJNA662018_P7T7","MIBC",NA,NA,NA
"PRJNA662018_PRJNA662018_P7T7_GAGTCCGAGAAGGGTA-1","/home/data/t070721/codex_workspace/Bladder Metabolism/subtype/round3/02_reclustering/Fibroblast/Fibroblast_round3_reclustered_preannotation.qs2","19","MOVE_FIBRO_TO_MURAL","Mural","PRJNA662018_PRJNA662018_P7T7","PRJNA662018","PRJNA662018_PRJNA662018_P7T7","MIBC",NA,NA,NA
"PRJNA662018_PRJNA662018_P7T7_TAGGCATGTCGCATCG-1","/home/data/t070721/codex_workspace/Bladder Metabolism/subtype/round3/02_reclustering/Fibroblast/Fibroblast_round3_reclustered_preannotation.qs2","19","MOVE_FIBRO_TO_MURAL","Mural","PRJNA662018_PRJNA662018_P7T7","PRJNA662018","PRJNA662018_PRJNA662018_P7T7","MIBC",NA,NA,NA
"PRJNA662018_PRJNA662018_P7T7_TCGGTAAGTCAAGCGA-1","/home/data/t070721/codex_workspace/Bladder Metabolism/subtype/round3/02_reclustering/Fibroblast/Fibroblast_round3_reclustered_preannotation.qs2","19","MOVE_FIBRO_TO_MURAL","Mural","PRJNA662018_PRJNA662018_P7T7","PRJNA662018","PRJNA662018_PRJNA662018_P7T7","MIBC",NA,NA,NA
"PRJNA662018_PRJNA662018_P7T7_TCTTCGGAGGACAGCT-1","/home/data/t070721/codex_workspace/Bladder Metabolism/subtype/round3/02_reclustering/Fibroblast/Fibroblast_round3_reclustered_preannotation.qs2","19","MOVE_FIBRO_TO_MURAL","Mural","PRJNA662018_PRJNA662018_P7T7","PRJNA662018","PRJNA662018_PRJNA662018_P7T7","MIBC",NA,NA,NA
"PRJNA662018_PRJNA662018_P8T8_CCTTCGACATAAAGGT-1","/home/data/t070721/codex_workspace/Bladder Metabolism/subtype/round3/02_reclustering/Fibroblast/Fibroblast_round3_reclustered_preannotation.qs2","19","MOVE_FIBRO_TO_MURAL","Mural","PRJNA662018_PRJNA662018_P8T8","PRJNA662018","PRJNA662018_PRJNA662018_P8T8","MIBC",NA,NA,NA
"PRJNA662018_PRJNA662018_P8T8_CGATCGGGTGCATCTA-1","/home/data/t070721/codex_workspace/Bladder Metabolism/subtype/round3/02_reclustering/Fibroblast/Fibroblast_round3_reclustered_preannotation.qs2","19","MOVE_FIBRO_TO_MURAL","Mural","PRJNA662018_PRJNA662018_P8T8","PRJNA662018","PRJNA662018_PRJNA662018_P8T8","MIBC",NA,NA,NA
"PRJNA662018_PRJNA662018_P8T8_TCTTCGGGTGGTCTCG-1","/home/data/t070721/codex_workspace/Bladder Metabolism/subtype/round3/02_reclustering/Fibroblast/Fibroblast_round3_reclustered_preannotation.qs2","19","MOVE_FIBRO_TO_MURAL","Mural","PRJNA662018_PRJNA662018_P8T8","PRJNA662018","PRJNA662018_PRJNA662018_P8T8","MIBC",NA,NA,NA
