"cluster","group","n_cells","resolution","role","field","within_cluster_fraction"
"0","CNP0000460",60,0.2,"dataset","dataset",0.0104766893661603
"1","CNP0000460",229,0.2,"dataset","dataset",0.0637350403562483
"2","CNP0000460",236,0.2,"dataset","dataset",0.098456403838131
"3","CNP0000460",0,0.2,"dataset","dataset",0
"4","CNP0000460",57,0.2,"dataset","dataset",0.0454183266932271
"5","CNP0000460",41,0.2,"dataset","dataset",0.046119235095613
"6","CNP0000460",137,0.2,"dataset","dataset",0.23951048951049
"7","CNP0000460",43,0.2,"dataset","dataset",0.0951327433628319
"8","CNP0000460",6,0.2,"dataset","dataset",0.0220588235294118
"9","CNP0000460",9,0.2,"dataset","dataset",0.0409090909090909
"0","GSE326225",30,0.2,"dataset","dataset",0.00523834468308015
"1","GSE326225",98,0.2,"dataset","dataset",0.027275257445032
"2","GSE326225",129,0.2,"dataset","dataset",0.0538172715894869
"3","GSE326225",19,0.2,"dataset","dataset",0.0114320096269555
"4","GSE326225",49,0.2,"dataset","dataset",0.0390438247011952
"5","GSE326225",23,0.2,"dataset","dataset",0.0258717660292463
"6","GSE326225",10,0.2,"dataset","dataset",0.0174825174825175
"7","GSE326225",0,0.2,"dataset","dataset",0
"8","GSE326225",17,0.2,"dataset","dataset",0.0625
"9","GSE326225",10,0.2,"dataset","dataset",0.0454545454545455
"0","HRA003620",421,0.2,"dataset","dataset",0.0735114370525581
"1","HRA003620",17,0.2,"dataset","dataset",0.00473142220985249
"2","HRA003620",48,0.2,"dataset","dataset",0.0200250312891114
"3","HRA003620",0,0.2,"dataset","dataset",0
"4","HRA003620",109,0.2,"dataset","dataset",0.0868525896414343
"5","HRA003620",58,0.2,"dataset","dataset",0.0652418447694038
"6","HRA003620",29,0.2,"dataset","dataset",0.0506993006993007
"7","HRA003620",106,0.2,"dataset","dataset",0.234513274336283
"8","HRA003620",28,0.2,"dataset","dataset",0.102941176470588
"9","HRA003620",3,0.2,"dataset","dataset",0.0136363636363636
"0","InhouseData",2,0.2,"dataset","dataset",0.00034922297887201
"1","InhouseData",61,0.2,"dataset","dataset",0.0169774561647648
"2","InhouseData",92,0.2,"dataset","dataset",0.0383813099707968
"3","InhouseData",1643,0.2,"dataset","dataset",0.988567990373045
"4","InhouseData",46,0.2,"dataset","dataset",0.0366533864541833
"5","InhouseData",118,0.2,"dataset","dataset",0.132733408323959
"6","InhouseData",93,0.2,"dataset","dataset",0.162587412587413
"7","InhouseData",110,0.2,"dataset","dataset",0.243362831858407
"8","InhouseData",53,0.2,"dataset","dataset",0.194852941176471
"9","InhouseData",14,0.2,"dataset","dataset",0.0636363636363636
"0","PRJNA662018",5214,0.2,"dataset","dataset",0.91042430591933
"1","PRJNA662018",3188,0.2,"dataset","dataset",0.887280823824102
"2","PRJNA662018",1892,0.2,"dataset","dataset",0.789319983312474
"3","PRJNA662018",0,0.2,"dataset","dataset",0
"4","PRJNA662018",994,0.2,"dataset","dataset",0.79203187250996
"5","PRJNA662018",649,0.2,"dataset","dataset",0.730033745781777
"6","PRJNA662018",303,0.2,"dataset","dataset",0.52972027972028
"7","PRJNA662018",193,0.2,"dataset","dataset",0.426991150442478
"8","PRJNA662018",168,0.2,"dataset","dataset",0.617647058823529
"9","PRJNA662018",184,0.2,"dataset","dataset",0.836363636363636
"0","CNP0000460_P01N",13,0.2,"specimen_orig_ident","orig.ident",0.00226994936266806
"1","CNP0000460_P01N",4,0.2,"specimen_orig_ident","orig.ident",0.00111327581408294
"2","CNP0000460_P01N",17,0.2,"specimen_orig_ident","orig.ident",0.00709219858156028
"3","CNP0000460_P01N",0,0.2,"specimen_orig_ident","orig.ident",0
"4","CNP0000460_P01N",7,0.2,"specimen_orig_ident","orig.ident",0.00557768924302789
"5","CNP0000460_P01N",3,0.2,"specimen_orig_ident","orig.ident",0.00337457817772778
"6","CNP0000460_P01N",13,0.2,"specimen_orig_ident","orig.ident",0.0227272727272727
"7","CNP0000460_P01N",4,0.2,"specimen_orig_ident","orig.ident",0.00884955752212389
"8","CNP0000460_P01N",0,0.2,"specimen_orig_ident","orig.ident",0
"9","CNP0000460_P01N",0,0.2,"specimen_orig_ident","orig.ident",0
"0","CNP0000460_P01T",2,0.2,"specimen_orig_ident","orig.ident",0.00034922297887201
"1","CNP0000460_P01T",26,0.2,"specimen_orig_ident","orig.ident",0.0072362927915391
"2","CNP0000460_P01T",14,0.2,"specimen_orig_ident","orig.ident",0.00584063412599082
"3","CNP0000460_P01T",0,0.2,"specimen_orig_ident","orig.ident",0
"4","CNP0000460_P01T",4,0.2,"specimen_orig_ident","orig.ident",0.00318725099601594
"5","CNP0000460_P01T",1,0.2,"specimen_orig_ident","orig.ident",0.00112485939257593
"6","CNP0000460_P01T",5,0.2,"specimen_orig_ident","orig.ident",0.00874125874125874
"7","CNP0000460_P01T",0,0.2,"specimen_orig_ident","orig.ident",0
"8","CNP0000460_P01T",1,0.2,"specimen_orig_ident","orig.ident",0.00367647058823529
"9","CNP0000460_P01T",0,0.2,"specimen_orig_ident","orig.ident",0
"0","CNP0000460_P02N",0,0.2,"specimen_orig_ident","orig.ident",0
"1","CNP0000460_P02N",0,0.2,"specimen_orig_ident","orig.ident",0
"2","CNP0000460_P02N",2,0.2,"specimen_orig_ident","orig.ident",0.000834376303712975
"3","CNP0000460_P02N",0,0.2,"specimen_orig_ident","orig.ident",0
"4","CNP0000460_P02N",0,0.2,"specimen_orig_ident","orig.ident",0
"5","CNP0000460_P02N",1,0.2,"specimen_orig_ident","orig.ident",0.00112485939257593
"6","CNP0000460_P02N",0,0.2,"specimen_orig_ident","orig.ident",0
"7","CNP0000460_P02N",0,0.2,"specimen_orig_ident","orig.ident",0
"8","CNP0000460_P02N",0,0.2,"specimen_orig_ident","orig.ident",0
"9","CNP0000460_P02N",0,0.2,"specimen_orig_ident","orig.ident",0
"0","CNP0000460_P02T",0,0.2,"specimen_orig_ident","orig.ident",0
"1","CNP0000460_P02T",5,0.2,"specimen_orig_ident","orig.ident",0.00139159476760367
"2","CNP0000460_P02T",7,0.2,"specimen_orig_ident","orig.ident",0.00292031706299541
"3","CNP0000460_P02T",0,0.2,"specimen_orig_ident","orig.ident",0
"4","CNP0000460_P02T",3,0.2,"specimen_orig_ident","orig.ident",0.00239043824701195
"5","CNP0000460_P02T",2,0.2,"specimen_orig_ident","orig.ident",0.00224971878515186
"6","CNP0000460_P02T",4,0.2,"specimen_orig_ident","orig.ident",0.00699300699300699
"7","CNP0000460_P02T",0,0.2,"specimen_orig_ident","orig.ident",0
"8","CNP0000460_P02T",0,0.2,"specimen_orig_ident","orig.ident",0
"9","CNP0000460_P02T",0,0.2,"specimen_orig_ident","orig.ident",0
"0","CNP0000460_P03N",3,0.2,"specimen_orig_ident","orig.ident",0.000523834468308015
"1","CNP0000460_P03N",0,0.2,"specimen_orig_ident","orig.ident",0
"2","CNP0000460_P03N",1,0.2,"specimen_orig_ident","orig.ident",0.000417188151856487
"3","CNP0000460_P03N",0,0.2,"specimen_orig_ident","orig.ident",0
"4","CNP0000460_P03N",1,0.2,"specimen_orig_ident","orig.ident",0.000796812749003984
"5","CNP0000460_P03N",0,0.2,"specimen_orig_ident","orig.ident",0
"6","CNP0000460_P03N",2,0.2,"specimen_orig_ident","orig.ident",0.0034965034965035
"7","CNP0000460_P03N",11,0.2,"specimen_orig_ident","orig.ident",0.0243362831858407
"8","CNP0000460_P03N",0,0.2,"specimen_orig_ident","orig.ident",0
"9","CNP0000460_P03N",0,0.2,"specimen_orig_ident","orig.ident",0
"0","CNP0000460_P03T",1,0.2,"specimen_orig_ident","orig.ident",0.000174611489436005
"1","CNP0000460_P03T",1,0.2,"specimen_orig_ident","orig.ident",0.000278318953520735
"2","CNP0000460_P03T",1,0.2,"specimen_orig_ident","orig.ident",0.000417188151856487
"3","CNP0000460_P03T",0,0.2,"specimen_orig_ident","orig.ident",0
"4","CNP0000460_P03T",1,0.2,"specimen_orig_ident","orig.ident",0.000796812749003984
"5","CNP0000460_P03T",0,0.2,"specimen_orig_ident","orig.ident",0
"6","CNP0000460_P03T",2,0.2,"specimen_orig_ident","orig.ident",0.0034965034965035
"7","CNP0000460_P03T",10,0.2,"specimen_orig_ident","orig.ident",0.0221238938053097
"8","CNP0000460_P03T",0,0.2,"specimen_orig_ident","orig.ident",0
"9","CNP0000460_P03T",0,0.2,"specimen_orig_ident","orig.ident",0
"0","CNP0000460_P04T",3,0.2,"specimen_orig_ident","orig.ident",0.000523834468308015
"1","CNP0000460_P04T",31,0.2,"specimen_orig_ident","orig.ident",0.00862788755914278
"2","CNP0000460_P04T",12,0.2,"specimen_orig_ident","orig.ident",0.00500625782227785
"3","CNP0000460_P04T",0,0.2,"specimen_orig_ident","orig.ident",0
"4","CNP0000460_P04T",7,0.2,"specimen_orig_ident","orig.ident",0.00557768924302789
"5","CNP0000460_P04T",3,0.2,"specimen_orig_ident","orig.ident",0.00337457817772778
"6","CNP0000460_P04T",37,0.2,"specimen_orig_ident","orig.ident",0.0646853146853147
"7","CNP0000460_P04T",0,0.2,"specimen_orig_ident","orig.ident",0
"8","CNP0000460_P04T",1,0.2,"specimen_orig_ident","orig.ident",0.00367647058823529
"9","CNP0000460_P04T",1,0.2,"specimen_orig_ident","orig.ident",0.00454545454545455
"0","CNP0000460_P05N",2,0.2,"specimen_orig_ident","orig.ident",0.00034922297887201
"1","CNP0000460_P05N",0,0.2,"specimen_orig_ident","orig.ident",0
"2","CNP0000460_P05N",0,0.2,"specimen_orig_ident","orig.ident",0
"3","CNP0000460_P05N",0,0.2,"specimen_orig_ident","orig.ident",0
"4","CNP0000460_P05N",0,0.2,"specimen_orig_ident","orig.ident",0
"5","CNP0000460_P05N",0,0.2,"specimen_orig_ident","orig.ident",0
"6","CNP0000460_P05N",0,0.2,"specimen_orig_ident","orig.ident",0
"7","CNP0000460_P05N",1,0.2,"specimen_orig_ident","orig.ident",0.00221238938053097
"8","CNP0000460_P05N",0,0.2,"specimen_orig_ident","orig.ident",0
"9","CNP0000460_P05N",0,0.2,"specimen_orig_ident","orig.ident",0
"0","CNP0000460_P05T",2,0.2,"specimen_orig_ident","orig.ident",0.00034922297887201
"1","CNP0000460_P05T",58,0.2,"specimen_orig_ident","orig.ident",0.0161424993042026
"2","CNP0000460_P05T",35,0.2,"specimen_orig_ident","orig.ident",0.0146015853149771
"3","CNP0000460_P05T",0,0.2,"specimen_orig_ident","orig.ident",0
"4","CNP0000460_P05T",8,0.2,"specimen_orig_ident","orig.ident",0.00637450199203187
"5","CNP0000460_P05T",2,0.2,"specimen_orig_ident","orig.ident",0.00224971878515186
"6","CNP0000460_P05T",23,0.2,"specimen_orig_ident","orig.ident",0.0402097902097902
"7","CNP0000460_P05T",0,0.2,"specimen_orig_ident","orig.ident",0
"8","CNP0000460_P05T",1,0.2,"specimen_orig_ident","orig.ident",0.00367647058823529
"9","CNP0000460_P05T",0,0.2,"specimen_orig_ident","orig.ident",0
"0","CNP0000460_P06T",10,0.2,"specimen_orig_ident","orig.ident",0.00174611489436005
"1","CNP0000460_P06T",41,0.2,"specimen_orig_ident","orig.ident",0.0114110770943501
"2","CNP0000460_P06T",38,0.2,"specimen_orig_ident","orig.ident",0.0158531497705465
"3","CNP0000460_P06T",0,0.2,"specimen_orig_ident","orig.ident",0
"4","CNP0000460_P06T",13,0.2,"specimen_orig_ident","orig.ident",0.0103585657370518
"5","CNP0000460_P06T",22,0.2,"specimen_orig_ident","orig.ident",0.0247469066366704
"6","CNP0000460_P06T",25,0.2,"specimen_orig_ident","orig.ident",0.0437062937062937
"7","CNP0000460_P06T",0,0.2,"specimen_orig_ident","orig.ident",0
"8","CNP0000460_P06T",1,0.2,"specimen_orig_ident","orig.ident",0.00367647058823529
"9","CNP0000460_P06T",2,0.2,"specimen_orig_ident","orig.ident",0.00909090909090909
"0","CNP0000460_P07N",2,0.2,"specimen_orig_ident","orig.ident",0.00034922297887201
"1","CNP0000460_P07N",0,0.2,"specimen_orig_ident","orig.ident",0
"2","CNP0000460_P07N",2,0.2,"specimen_orig_ident","orig.ident",0.000834376303712975
"3","CNP0000460_P07N",0,0.2,"specimen_orig_ident","orig.ident",0
"4","CNP0000460_P07N",0,0.2,"specimen_orig_ident","orig.ident",0
"5","CNP0000460_P07N",0,0.2,"specimen_orig_ident","orig.ident",0
"6","CNP0000460_P07N",1,0.2,"specimen_orig_ident","orig.ident",0.00174825174825175
"7","CNP0000460_P07N",17,0.2,"specimen_orig_ident","orig.ident",0.0376106194690266
"8","CNP0000460_P07N",1,0.2,"specimen_orig_ident","orig.ident",0.00367647058823529
"9","CNP0000460_P07N",0,0.2,"specimen_orig_ident","orig.ident",0
"0","CNP0000460_P07T",22,0.2,"specimen_orig_ident","orig.ident",0.00384145276759211
"1","CNP0000460_P07T",63,0.2,"specimen_orig_ident","orig.ident",0.0175340940718063
"2","CNP0000460_P07T",107,0.2,"specimen_orig_ident","orig.ident",0.0446391322486441
"3","CNP0000460_P07T",0,0.2,"specimen_orig_ident","orig.ident",0
"4","CNP0000460_P07T",13,0.2,"specimen_orig_ident","orig.ident",0.0103585657370518
"5","CNP0000460_P07T",7,0.2,"specimen_orig_ident","orig.ident",0.0078740157480315
"6","CNP0000460_P07T",25,0.2,"specimen_orig_ident","orig.ident",0.0437062937062937
"7","CNP0000460_P07T",0,0.2,"specimen_orig_ident","orig.ident",0
"8","CNP0000460_P07T",1,0.2,"specimen_orig_ident","orig.ident",0.00367647058823529
"9","CNP0000460_P07T",6,0.2,"specimen_orig_ident","orig.ident",0.0272727272727273
"0","GSE326225_BC1",0,0.2,"specimen_orig_ident","orig.ident",0
"1","GSE326225_BC1",1,0.2,"specimen_orig_ident","orig.ident",0.000278318953520735
"2","GSE326225_BC1",7,0.2,"specimen_orig_ident","orig.ident",0.00292031706299541
"3","GSE326225_BC1",0,0.2,"specimen_orig_ident","orig.ident",0
"4","GSE326225_BC1",0,0.2,"specimen_orig_ident","orig.ident",0
"5","GSE326225_BC1",6,0.2,"specimen_orig_ident","orig.ident",0.00674915635545557
"6","GSE326225_BC1",4,0.2,"specimen_orig_ident","orig.ident",0.00699300699300699
"7","GSE326225_BC1",0,0.2,"specimen_orig_ident","orig.ident",0
"8","GSE326225_BC1",14,0.2,"specimen_orig_ident","orig.ident",0.0514705882352941
"9","GSE326225_BC1",1,0.2,"specimen_orig_ident","orig.ident",0.00454545454545455
"0","GSE326225_BC2",0,0.2,"specimen_orig_ident","orig.ident",0
"1","GSE326225_BC2",4,0.2,"specimen_orig_ident","orig.ident",0.00111327581408294
"2","GSE326225_BC2",4,0.2,"specimen_orig_ident","orig.ident",0.00166875260742595
"3","GSE326225_BC2",0,0.2,"specimen_orig_ident","orig.ident",0
"4","GSE326225_BC2",0,0.2,"specimen_orig_ident","orig.ident",0
"5","GSE326225_BC2",0,0.2,"specimen_orig_ident","orig.ident",0
"6","GSE326225_BC2",3,0.2,"specimen_orig_ident","orig.ident",0.00524475524475524
"7","GSE326225_BC2",0,0.2,"specimen_orig_ident","orig.ident",0
"8","GSE326225_BC2",0,0.2,"specimen_orig_ident","orig.ident",0
"9","GSE326225_BC2",0,0.2,"specimen_orig_ident","orig.ident",0
"0","GSE326225_BC3",0,0.2,"specimen_orig_ident","orig.ident",0
"1","GSE326225_BC3",7,0.2,"specimen_orig_ident","orig.ident",0.00194823267464514
"2","GSE326225_BC3",4,0.2,"specimen_orig_ident","orig.ident",0.00166875260742595
"3","GSE326225_BC3",0,0.2,"specimen_orig_ident","orig.ident",0
"4","GSE326225_BC3",1,0.2,"specimen_orig_ident","orig.ident",0.000796812749003984
"5","GSE326225_BC3",0,0.2,"specimen_orig_ident","orig.ident",0
"6","GSE326225_BC3",1,0.2,"specimen_orig_ident","orig.ident",0.00174825174825175
"7","GSE326225_BC3",0,0.2,"specimen_orig_ident","orig.ident",0
"8","GSE326225_BC3",1,0.2,"specimen_orig_ident","orig.ident",0.00367647058823529
"9","GSE326225_BC3",3,0.2,"specimen_orig_ident","orig.ident",0.0136363636363636
"0","GSE326225_BC4",0,0.2,"specimen_orig_ident","orig.ident",0
"1","GSE326225_BC4",2,0.2,"specimen_orig_ident","orig.ident",0.00055663790704147
"2","GSE326225_BC4",1,0.2,"specimen_orig_ident","orig.ident",0.000417188151856487
"3","GSE326225_BC4",0,0.2,"specimen_orig_ident","orig.ident",0
"4","GSE326225_BC4",0,0.2,"specimen_orig_ident","orig.ident",0
"5","GSE326225_BC4",4,0.2,"specimen_orig_ident","orig.ident",0.00449943757030371
"6","GSE326225_BC4",0,0.2,"specimen_orig_ident","orig.ident",0
"7","GSE326225_BC4",0,0.2,"specimen_orig_ident","orig.ident",0
"8","GSE326225_BC4",0,0.2,"specimen_orig_ident","orig.ident",0
"9","GSE326225_BC4",3,0.2,"specimen_orig_ident","orig.ident",0.0136363636363636
"0","GSE326225_BC5",0,0.2,"specimen_orig_ident","orig.ident",0
"1","GSE326225_BC5",0,0.2,"specimen_orig_ident","orig.ident",0
"2","GSE326225_BC5",0,0.2,"specimen_orig_ident","orig.ident",0
"3","GSE326225_BC5",0,0.2,"specimen_orig_ident","orig.ident",0
"4","GSE326225_BC5",0,0.2,"specimen_orig_ident","orig.ident",0
"5","GSE326225_BC5",0,0.2,"specimen_orig_ident","orig.ident",0
"6","GSE326225_BC5",0,0.2,"specimen_orig_ident","orig.ident",0
"7","GSE326225_BC5",0,0.2,"specimen_orig_ident","orig.ident",0
"8","GSE326225_BC5",1,0.2,"specimen_orig_ident","orig.ident",0.00367647058823529
"9","GSE326225_BC5",0,0.2,"specimen_orig_ident","orig.ident",0
"0","GSE326225_BC6",3,0.2,"specimen_orig_ident","orig.ident",0.000523834468308015
"1","GSE326225_BC6",45,0.2,"specimen_orig_ident","orig.ident",0.0125243529084331
"2","GSE326225_BC6",47,0.2,"specimen_orig_ident","orig.ident",0.0196078431372549
"3","GSE326225_BC6",11,0.2,"specimen_orig_ident","orig.ident",0.00661853188929001
"4","GSE326225_BC6",23,0.2,"specimen_orig_ident","orig.ident",0.0183266932270916
"5","GSE326225_BC6",8,0.2,"specimen_orig_ident","orig.ident",0.00899887514060742
"6","GSE326225_BC6",2,0.2,"specimen_orig_ident","orig.ident",0.0034965034965035
"7","GSE326225_BC6",0,0.2,"specimen_orig_ident","orig.ident",0
"8","GSE326225_BC6",1,0.2,"specimen_orig_ident","orig.ident",0.00367647058823529
"9","GSE326225_BC6",3,0.2,"specimen_orig_ident","orig.ident",0.0136363636363636
"0","GSE326225_BC7",27,0.2,"specimen_orig_ident","orig.ident",0.00471451021477213
"1","GSE326225_BC7",37,0.2,"specimen_orig_ident","orig.ident",0.0102978012802672
"2","GSE326225_BC7",64,0.2,"specimen_orig_ident","orig.ident",0.0267000417188152
"3","GSE326225_BC7",8,0.2,"specimen_orig_ident","orig.ident",0.00481347773766546
"4","GSE326225_BC7",25,0.2,"specimen_orig_ident","orig.ident",0.0199203187250996
"5","GSE326225_BC7",5,0.2,"specimen_orig_ident","orig.ident",0.00562429696287964
"6","GSE326225_BC7",0,0.2,"specimen_orig_ident","orig.ident",0
"7","GSE326225_BC7",0,0.2,"specimen_orig_ident","orig.ident",0
"8","GSE326225_BC7",0,0.2,"specimen_orig_ident","orig.ident",0
"9","GSE326225_BC7",0,0.2,"specimen_orig_ident","orig.ident",0
"0","GSE326225_BC8",0,0.2,"specimen_orig_ident","orig.ident",0
"1","GSE326225_BC8",2,0.2,"specimen_orig_ident","orig.ident",0.00055663790704147
"2","GSE326225_BC8",2,0.2,"specimen_orig_ident","orig.ident",0.000834376303712975
"3","GSE326225_BC8",0,0.2,"specimen_orig_ident","orig.ident",0
"4","GSE326225_BC8",0,0.2,"specimen_orig_ident","orig.ident",0
"5","GSE326225_BC8",0,0.2,"specimen_orig_ident","orig.ident",0
"6","GSE326225_BC8",0,0.2,"specimen_orig_ident","orig.ident",0
"7","GSE326225_BC8",0,0.2,"specimen_orig_ident","orig.ident",0
"8","GSE326225_BC8",0,0.2,"specimen_orig_ident","orig.ident",0
"9","GSE326225_BC8",0,0.2,"specimen_orig_ident","orig.ident",0
"0","HRA003620_BC-01",0,0.2,"specimen_orig_ident","orig.ident",0
"1","HRA003620_BC-01",0,0.2,"specimen_orig_ident","orig.ident",0
"2","HRA003620_BC-01",0,0.2,"specimen_orig_ident","orig.ident",0
"3","HRA003620_BC-01",0,0.2,"specimen_orig_ident","orig.ident",0
"4","HRA003620_BC-01",0,0.2,"specimen_orig_ident","orig.ident",0
"5","HRA003620_BC-01",0,0.2,"specimen_orig_ident","orig.ident",0
"6","HRA003620_BC-01",0,0.2,"specimen_orig_ident","orig.ident",0
"7","HRA003620_BC-01",5,0.2,"specimen_orig_ident","orig.ident",0.0110619469026549
"8","HRA003620_BC-01",0,0.2,"specimen_orig_ident","orig.ident",0
"9","HRA003620_BC-01",0,0.2,"specimen_orig_ident","orig.ident",0
"0","HRA003620_BC-04",16,0.2,"specimen_orig_ident","orig.ident",0.00279378383097608
"1","HRA003620_BC-04",5,0.2,"specimen_orig_ident","orig.ident",0.00139159476760367
"2","HRA003620_BC-04",1,0.2,"specimen_orig_ident","orig.ident",0.000417188151856487
"3","HRA003620_BC-04",0,0.2,"specimen_orig_ident","orig.ident",0
"4","HRA003620_BC-04",9,0.2,"specimen_orig_ident","orig.ident",0.00717131474103586
"5","HRA003620_BC-04",0,0.2,"specimen_orig_ident","orig.ident",0
"6","HRA003620_BC-04",1,0.2,"specimen_orig_ident","orig.ident",0.00174825174825175
"7","HRA003620_BC-04",3,0.2,"specimen_orig_ident","orig.ident",0.00663716814159292
"8","HRA003620_BC-04",0,0.2,"specimen_orig_ident","orig.ident",0
"9","HRA003620_BC-04",1,0.2,"specimen_orig_ident","orig.ident",0.00454545454545455
"0","HRA003620_BC-05",1,0.2,"specimen_orig_ident","orig.ident",0.000174611489436005
"1","HRA003620_BC-05",0,0.2,"specimen_orig_ident","orig.ident",0
"2","HRA003620_BC-05",1,0.2,"specimen_orig_ident","orig.ident",0.000417188151856487
"3","HRA003620_BC-05",0,0.2,"specimen_orig_ident","orig.ident",0
"4","HRA003620_BC-05",0,0.2,"specimen_orig_ident","orig.ident",0
"5","HRA003620_BC-05",1,0.2,"specimen_orig_ident","orig.ident",0.00112485939257593
"6","HRA003620_BC-05",0,0.2,"specimen_orig_ident","orig.ident",0
"7","HRA003620_BC-05",0,0.2,"specimen_orig_ident","orig.ident",0
"8","HRA003620_BC-05",0,0.2,"specimen_orig_ident","orig.ident",0
"9","HRA003620_BC-05",0,0.2,"specimen_orig_ident","orig.ident",0
"0","HRA003620_BC-11",2,0.2,"specimen_orig_ident","orig.ident",0.00034922297887201
"1","HRA003620_BC-11",2,0.2,"specimen_orig_ident","orig.ident",0.00055663790704147
"2","HRA003620_BC-11",0,0.2,"specimen_orig_ident","orig.ident",0
"3","HRA003620_BC-11",0,0.2,"specimen_orig_ident","orig.ident",0
"4","HRA003620_BC-11",0,0.2,"specimen_orig_ident","orig.ident",0
"5","HRA003620_BC-11",0,0.2,"specimen_orig_ident","orig.ident",0
"6","HRA003620_BC-11",0,0.2,"specimen_orig_ident","orig.ident",0
"7","HRA003620_BC-11",0,0.2,"specimen_orig_ident","orig.ident",0
"8","HRA003620_BC-11",0,0.2,"specimen_orig_ident","orig.ident",0
"9","HRA003620_BC-11",0,0.2,"specimen_orig_ident","orig.ident",0
"0","HRA003620_BC-24",3,0.2,"specimen_orig_ident","orig.ident",0.000523834468308015
"1","HRA003620_BC-24",1,0.2,"specimen_orig_ident","orig.ident",0.000278318953520735
"2","HRA003620_BC-24",1,0.2,"specimen_orig_ident","orig.ident",0.000417188151856487
"3","HRA003620_BC-24",0,0.2,"specimen_orig_ident","orig.ident",0
"4","HRA003620_BC-24",2,0.2,"specimen_orig_ident","orig.ident",0.00159362549800797
"5","HRA003620_BC-24",1,0.2,"specimen_orig_ident","orig.ident",0.00112485939257593
"6","HRA003620_BC-24",2,0.2,"specimen_orig_ident","orig.ident",0.0034965034965035
"7","HRA003620_BC-24",5,0.2,"specimen_orig_ident","orig.ident",0.0110619469026549
"8","HRA003620_BC-24",0,0.2,"specimen_orig_ident","orig.ident",0
"9","HRA003620_BC-24",0,0.2,"specimen_orig_ident","orig.ident",0
"0","HRA003620_BC-27",15,0.2,"specimen_orig_ident","orig.ident",0.00261917234154007
"1","HRA003620_BC-27",3,0.2,"specimen_orig_ident","orig.ident",0.000834956860562204
"2","HRA003620_BC-27",3,0.2,"specimen_orig_ident","orig.ident",0.00125156445556946
"3","HRA003620_BC-27",0,0.2,"specimen_orig_ident","orig.ident",0
"4","HRA003620_BC-27",5,0.2,"specimen_orig_ident","orig.ident",0.00398406374501992
"5","HRA003620_BC-27",7,0.2,"specimen_orig_ident","orig.ident",0.0078740157480315
"6","HRA003620_BC-27",3,0.2,"specimen_orig_ident","orig.ident",0.00524475524475524
"7","HRA003620_BC-27",8,0.2,"specimen_orig_ident","orig.ident",0.0176991150442478
"8","HRA003620_BC-27",0,0.2,"specimen_orig_ident","orig.ident",0
"9","HRA003620_BC-27",0,0.2,"specimen_orig_ident","orig.ident",0
"0","HRA003620_BC-30",2,0.2,"specimen_orig_ident","orig.ident",0.00034922297887201
"1","HRA003620_BC-30",1,0.2,"specimen_orig_ident","orig.ident",0.000278318953520735
"2","HRA003620_BC-30",1,0.2,"specimen_orig_ident","orig.ident",0.000417188151856487
"3","HRA003620_BC-30",0,0.2,"specimen_orig_ident","orig.ident",0
"4","HRA003620_BC-30",2,0.2,"specimen_orig_ident","orig.ident",0.00159362549800797
"5","HRA003620_BC-30",0,0.2,"specimen_orig_ident","orig.ident",0
"6","HRA003620_BC-30",0,0.2,"specimen_orig_ident","orig.ident",0
"7","HRA003620_BC-30",0,0.2,"specimen_orig_ident","orig.ident",0
"8","HRA003620_BC-30",0,0.2,"specimen_orig_ident","orig.ident",0
"9","HRA003620_BC-30",0,0.2,"specimen_orig_ident","orig.ident",0
"0","HRA003620_NC-04",39,0.2,"specimen_orig_ident","orig.ident",0.00680984808800419
"1","HRA003620_NC-04",0,0.2,"specimen_orig_ident","orig.ident",0
"2","HRA003620_NC-04",2,0.2,"specimen_orig_ident","orig.ident",0.000834376303712975
"3","HRA003620_NC-04",0,0.2,"specimen_orig_ident","orig.ident",0
"4","HRA003620_NC-04",10,0.2,"specimen_orig_ident","orig.ident",0.00796812749003984
"5","HRA003620_NC-04",0,0.2,"specimen_orig_ident","orig.ident",0
"6","HRA003620_NC-04",1,0.2,"specimen_orig_ident","orig.ident",0.00174825174825175
"7","HRA003620_NC-04",34,0.2,"specimen_orig_ident","orig.ident",0.0752212389380531
"8","HRA003620_NC-04",2,0.2,"specimen_orig_ident","orig.ident",0.00735294117647059
"9","HRA003620_NC-04",0,0.2,"specimen_orig_ident","orig.ident",0
"0","HRA003620_NC-05",68,0.2,"specimen_orig_ident","orig.ident",0.0118735812816483
"1","HRA003620_NC-05",1,0.2,"specimen_orig_ident","orig.ident",0.000278318953520735
"2","HRA003620_NC-05",6,0.2,"specimen_orig_ident","orig.ident",0.00250312891113892
"3","HRA003620_NC-05",0,0.2,"specimen_orig_ident","orig.ident",0
"4","HRA003620_NC-05",4,0.2,"specimen_orig_ident","orig.ident",0.00318725099601594
"5","HRA003620_NC-05",7,0.2,"specimen_orig_ident","orig.ident",0.0078740157480315
"6","HRA003620_NC-05",0,0.2,"specimen_orig_ident","orig.ident",0
"7","HRA003620_NC-05",12,0.2,"specimen_orig_ident","orig.ident",0.0265486725663717
"8","HRA003620_NC-05",14,0.2,"specimen_orig_ident","orig.ident",0.0514705882352941
"9","HRA003620_NC-05",1,0.2,"specimen_orig_ident","orig.ident",0.00454545454545455
"0","HRA003620_NC-11",25,0.2,"specimen_orig_ident","orig.ident",0.00436528723590012
"1","HRA003620_NC-11",0,0.2,"specimen_orig_ident","orig.ident",0
"2","HRA003620_NC-11",0,0.2,"specimen_orig_ident","orig.ident",0
"3","HRA003620_NC-11",0,0.2,"specimen_orig_ident","orig.ident",0
"4","HRA003620_NC-11",8,0.2,"specimen_orig_ident","orig.ident",0.00637450199203187
"5","HRA003620_NC-11",5,0.2,"specimen_orig_ident","orig.ident",0.00562429696287964
"6","HRA003620_NC-11",0,0.2,"specimen_orig_ident","orig.ident",0
"7","HRA003620_NC-11",10,0.2,"specimen_orig_ident","orig.ident",0.0221238938053097
"8","HRA003620_NC-11",1,0.2,"specimen_orig_ident","orig.ident",0.00367647058823529
"9","HRA003620_NC-11",0,0.2,"specimen_orig_ident","orig.ident",0
"0","HRA003620_NC-24",36,0.2,"specimen_orig_ident","orig.ident",0.00628601361969618
"1","HRA003620_NC-24",0,0.2,"specimen_orig_ident","orig.ident",0
"2","HRA003620_NC-24",6,0.2,"specimen_orig_ident","orig.ident",0.00250312891113892
"3","HRA003620_NC-24",0,0.2,"specimen_orig_ident","orig.ident",0
"4","HRA003620_NC-24",13,0.2,"specimen_orig_ident","orig.ident",0.0103585657370518
"5","HRA003620_NC-24",3,0.2,"specimen_orig_ident","orig.ident",0.00337457817772778
"6","HRA003620_NC-24",6,0.2,"specimen_orig_ident","orig.ident",0.0104895104895105
"7","HRA003620_NC-24",10,0.2,"specimen_orig_ident","orig.ident",0.0221238938053097
"8","HRA003620_NC-24",0,0.2,"specimen_orig_ident","orig.ident",0
"9","HRA003620_NC-24",0,0.2,"specimen_orig_ident","orig.ident",0
"0","HRA003620_NC-27",37,0.2,"specimen_orig_ident","orig.ident",0.00646062510913218
"1","HRA003620_NC-27",2,0.2,"specimen_orig_ident","orig.ident",0.00055663790704147
"2","HRA003620_NC-27",6,0.2,"specimen_orig_ident","orig.ident",0.00250312891113892
"3","HRA003620_NC-27",0,0.2,"specimen_orig_ident","orig.ident",0
"4","HRA003620_NC-27",15,0.2,"specimen_orig_ident","orig.ident",0.0119521912350598
"5","HRA003620_NC-27",4,0.2,"specimen_orig_ident","orig.ident",0.00449943757030371
"6","HRA003620_NC-27",16,0.2,"specimen_orig_ident","orig.ident",0.027972027972028
"7","HRA003620_NC-27",5,0.2,"specimen_orig_ident","orig.ident",0.0110619469026549
"8","HRA003620_NC-27",0,0.2,"specimen_orig_ident","orig.ident",0
"9","HRA003620_NC-27",0,0.2,"specimen_orig_ident","orig.ident",0
"0","HRA003620_NC-30",177,0.2,"specimen_orig_ident","orig.ident",0.0309062336301729
"1","HRA003620_NC-30",2,0.2,"specimen_orig_ident","orig.ident",0.00055663790704147
"2","HRA003620_NC-30",21,0.2,"specimen_orig_ident","orig.ident",0.00876095118898623
"3","HRA003620_NC-30",0,0.2,"specimen_orig_ident","orig.ident",0
"4","HRA003620_NC-30",41,0.2,"specimen_orig_ident","orig.ident",0.0326693227091633
"5","HRA003620_NC-30",30,0.2,"specimen_orig_ident","orig.ident",0.0337457817772778
"6","HRA003620_NC-30",0,0.2,"specimen_orig_ident","orig.ident",0
"7","HRA003620_NC-30",14,0.2,"specimen_orig_ident","orig.ident",0.0309734513274336
"8","HRA003620_NC-30",11,0.2,"specimen_orig_ident","orig.ident",0.0404411764705882
"9","HRA003620_NC-30",1,0.2,"specimen_orig_ident","orig.ident",0.00454545454545455
"0","PRJNA662018_PRJNA662018_P1N1",1785,0.2,"specimen_orig_ident","orig.ident",0.311681508643269
"1","PRJNA662018_PRJNA662018_P1N1",439,0.2,"specimen_orig_ident","orig.ident",0.122182020595603
"2","PRJNA662018_PRJNA662018_P1N1",101,0.2,"specimen_orig_ident","orig.ident",0.0421360033375052
"3","PRJNA662018_PRJNA662018_P1N1",0,0.2,"specimen_orig_ident","orig.ident",0
"4","PRJNA662018_PRJNA662018_P1N1",249,0.2,"specimen_orig_ident","orig.ident",0.198406374501992
"5","PRJNA662018_PRJNA662018_P1N1",86,0.2,"specimen_orig_ident","orig.ident",0.0967379077615298
"6","PRJNA662018_PRJNA662018_P1N1",34,0.2,"specimen_orig_ident","orig.ident",0.0594405594405594
"7","PRJNA662018_PRJNA662018_P1N1",27,0.2,"specimen_orig_ident","orig.ident",0.0597345132743363
"8","PRJNA662018_PRJNA662018_P1N1",43,0.2,"specimen_orig_ident","orig.ident",0.158088235294118
"9","PRJNA662018_PRJNA662018_P1N1",19,0.2,"specimen_orig_ident","orig.ident",0.0863636363636364
"0","PRJNA662018_PRJNA662018_P1T1",362,0.2,"specimen_orig_ident","orig.ident",0.0632093591758338
"1","PRJNA662018_PRJNA662018_P1T1",331,0.2,"specimen_orig_ident","orig.ident",0.0921235736153632
"2","PRJNA662018_PRJNA662018_P1T1",122,0.2,"specimen_orig_ident","orig.ident",0.0508969545264914
"3","PRJNA662018_PRJNA662018_P1T1",0,0.2,"specimen_orig_ident","orig.ident",0
"4","PRJNA662018_PRJNA662018_P1T1",112,0.2,"specimen_orig_ident","orig.ident",0.0892430278884462
"5","PRJNA662018_PRJNA662018_P1T1",67,0.2,"specimen_orig_ident","orig.ident",0.0753655793025872
"6","PRJNA662018_PRJNA662018_P1T1",31,0.2,"specimen_orig_ident","orig.ident",0.0541958041958042
"7","PRJNA662018_PRJNA662018_P1T1",4,0.2,"specimen_orig_ident","orig.ident",0.00884955752212389
"8","PRJNA662018_PRJNA662018_P1T1",32,0.2,"specimen_orig_ident","orig.ident",0.117647058823529
"9","PRJNA662018_PRJNA662018_P1T1",30,0.2,"specimen_orig_ident","orig.ident",0.136363636363636
"0","PRJNA662018_PRJNA662018_P2T2",1058,0.2,"specimen_orig_ident","orig.ident",0.184738955823293
"1","PRJNA662018_PRJNA662018_P2T2",835,0.2,"specimen_orig_ident","orig.ident",0.232396326189814
"2","PRJNA662018_PRJNA662018_P2T2",388,0.2,"specimen_orig_ident","orig.ident",0.161869002920317
"3","PRJNA662018_PRJNA662018_P2T2",0,0.2,"specimen_orig_ident","orig.ident",0
"4","PRJNA662018_PRJNA662018_P2T2",144,0.2,"specimen_orig_ident","orig.ident",0.114741035856574
"5","PRJNA662018_PRJNA662018_P2T2",199,0.2,"specimen_orig_ident","orig.ident",0.22384701912261
"6","PRJNA662018_PRJNA662018_P2T2",73,0.2,"specimen_orig_ident","orig.ident",0.127622377622378
"7","PRJNA662018_PRJNA662018_P2T2",132,0.2,"specimen_orig_ident","orig.ident",0.292035398230089
"8","PRJNA662018_PRJNA662018_P2T2",43,0.2,"specimen_orig_ident","orig.ident",0.158088235294118
"9","PRJNA662018_PRJNA662018_P2T2",76,0.2,"specimen_orig_ident","orig.ident",0.345454545454545
"0","PRJNA662018_PRJNA662018_P3N3",617,0.2,"specimen_orig_ident","orig.ident",0.107735288982015
"1","PRJNA662018_PRJNA662018_P3N3",199,0.2,"specimen_orig_ident","orig.ident",0.0553854717506262
"2","PRJNA662018_PRJNA662018_P3N3",275,0.2,"specimen_orig_ident","orig.ident",0.114726741760534
"3","PRJNA662018_PRJNA662018_P3N3",0,0.2,"specimen_orig_ident","orig.ident",0
"4","PRJNA662018_PRJNA662018_P3N3",166,0.2,"specimen_orig_ident","orig.ident",0.132270916334661
"5","PRJNA662018_PRJNA662018_P3N3",45,0.2,"specimen_orig_ident","orig.ident",0.0506186726659168
"6","PRJNA662018_PRJNA662018_P3N3",16,0.2,"specimen_orig_ident","orig.ident",0.027972027972028
"7","PRJNA662018_PRJNA662018_P3N3",5,0.2,"specimen_orig_ident","orig.ident",0.0110619469026549
"8","PRJNA662018_PRJNA662018_P3N3",6,0.2,"specimen_orig_ident","orig.ident",0.0220588235294118
"9","PRJNA662018_PRJNA662018_P3N3",1,0.2,"specimen_orig_ident","orig.ident",0.00454545454545455
"0","PRJNA662018_PRJNA662018_P3T3",531,0.2,"specimen_orig_ident","orig.ident",0.0927187008905186
"1","PRJNA662018_PRJNA662018_P3T3",332,0.2,"specimen_orig_ident","orig.ident",0.0924018925688839
"2","PRJNA662018_PRJNA662018_P3T3",257,0.2,"specimen_orig_ident","orig.ident",0.107217355027117
"3","PRJNA662018_PRJNA662018_P3T3",0,0.2,"specimen_orig_ident","orig.ident",0
"4","PRJNA662018_PRJNA662018_P3T3",82,0.2,"specimen_orig_ident","orig.ident",0.0653386454183267
"5","PRJNA662018_PRJNA662018_P3T3",48,0.2,"specimen_orig_ident","orig.ident",0.0539932508436445
"6","PRJNA662018_PRJNA662018_P3T3",16,0.2,"specimen_orig_ident","orig.ident",0.027972027972028
"7","PRJNA662018_PRJNA662018_P3T3",7,0.2,"specimen_orig_ident","orig.ident",0.0154867256637168
"8","PRJNA662018_PRJNA662018_P3T3",7,0.2,"specimen_orig_ident","orig.ident",0.0257352941176471
"9","PRJNA662018_PRJNA662018_P3T3",6,0.2,"specimen_orig_ident","orig.ident",0.0272727272727273
"0","PRJNA662018_PRJNA662018_P4T4",5,0.2,"specimen_orig_ident","orig.ident",0.000873057447180024
"1","PRJNA662018_PRJNA662018_P4T4",533,0.2,"specimen_orig_ident","orig.ident",0.148344002226552
"2","PRJNA662018_PRJNA662018_P4T4",345,0.2,"specimen_orig_ident","orig.ident",0.143929912390488
"3","PRJNA662018_PRJNA662018_P4T4",0,0.2,"specimen_orig_ident","orig.ident",0
"4","PRJNA662018_PRJNA662018_P4T4",83,0.2,"specimen_orig_ident","orig.ident",0.0661354581673307
"5","PRJNA662018_PRJNA662018_P4T4",157,0.2,"specimen_orig_ident","orig.ident",0.176602924634421
"6","PRJNA662018_PRJNA662018_P4T4",13,0.2,"specimen_orig_ident","orig.ident",0.0227272727272727
"7","PRJNA662018_PRJNA662018_P4T4",0,0.2,"specimen_orig_ident","orig.ident",0
"8","PRJNA662018_PRJNA662018_P4T4",14,0.2,"specimen_orig_ident","orig.ident",0.0514705882352941
"9","PRJNA662018_PRJNA662018_P4T4",37,0.2,"specimen_orig_ident","orig.ident",0.168181818181818
"0","PRJNA662018_PRJNA662018_P5T5",12,0.2,"specimen_orig_ident","orig.ident",0.00209533787323206
"1","PRJNA662018_PRJNA662018_P5T5",145,0.2,"specimen_orig_ident","orig.ident",0.0403562482605065
"2","PRJNA662018_PRJNA662018_P5T5",116,0.2,"specimen_orig_ident","orig.ident",0.0483938256153525
"3","PRJNA662018_PRJNA662018_P5T5",0,0.2,"specimen_orig_ident","orig.ident",0
"4","PRJNA662018_PRJNA662018_P5T5",27,0.2,"specimen_orig_ident","orig.ident",0.0215139442231076
"5","PRJNA662018_PRJNA662018_P5T5",2,0.2,"specimen_orig_ident","orig.ident",0.00224971878515186
"6","PRJNA662018_PRJNA662018_P5T5",20,0.2,"specimen_orig_ident","orig.ident",0.034965034965035
"7","PRJNA662018_PRJNA662018_P5T5",0,0.2,"specimen_orig_ident","orig.ident",0
"8","PRJNA662018_PRJNA662018_P5T5",0,0.2,"specimen_orig_ident","orig.ident",0
"9","PRJNA662018_PRJNA662018_P5T5",5,0.2,"specimen_orig_ident","orig.ident",0.0227272727272727
"0","PRJNA662018_PRJNA662018_P6N2",783,0.2,"specimen_orig_ident","orig.ident",0.136720796228392
"1","PRJNA662018_PRJNA662018_P6N2",200,0.2,"specimen_orig_ident","orig.ident",0.055663790704147
"2","PRJNA662018_PRJNA662018_P6N2",158,0.2,"specimen_orig_ident","orig.ident",0.065915727993325
"3","PRJNA662018_PRJNA662018_P6N2",0,0.2,"specimen_orig_ident","orig.ident",0
"4","PRJNA662018_PRJNA662018_P6N2",102,0.2,"specimen_orig_ident","orig.ident",0.0812749003984064
"5","PRJNA662018_PRJNA662018_P6N2",36,0.2,"specimen_orig_ident","orig.ident",0.0404949381327334
"6","PRJNA662018_PRJNA662018_P6N2",11,0.2,"specimen_orig_ident","orig.ident",0.0192307692307692
"7","PRJNA662018_PRJNA662018_P6N2",13,0.2,"specimen_orig_ident","orig.ident",0.0287610619469027
"8","PRJNA662018_PRJNA662018_P6N2",17,0.2,"specimen_orig_ident","orig.ident",0.0625
"9","PRJNA662018_PRJNA662018_P6N2",5,0.2,"specimen_orig_ident","orig.ident",0.0227272727272727
"0","PRJNA662018_PRJNA662018_P6T6",44,0.2,"specimen_orig_ident","orig.ident",0.00768290553518421
"1","PRJNA662018_PRJNA662018_P6T6",67,0.2,"specimen_orig_ident","orig.ident",0.0186473698858892
"2","PRJNA662018_PRJNA662018_P6T6",66,0.2,"specimen_orig_ident","orig.ident",0.0275344180225282
"3","PRJNA662018_PRJNA662018_P6T6",0,0.2,"specimen_orig_ident","orig.ident",0
"4","PRJNA662018_PRJNA662018_P6T6",12,0.2,"specimen_orig_ident","orig.ident",0.00956175298804781
"5","PRJNA662018_PRJNA662018_P6T6",1,0.2,"specimen_orig_ident","orig.ident",0.00112485939257593
"6","PRJNA662018_PRJNA662018_P6T6",53,0.2,"specimen_orig_ident","orig.ident",0.0926573426573427
"7","PRJNA662018_PRJNA662018_P6T6",0,0.2,"specimen_orig_ident","orig.ident",0
"8","PRJNA662018_PRJNA662018_P6T6",2,0.2,"specimen_orig_ident","orig.ident",0.00735294117647059
"9","PRJNA662018_PRJNA662018_P6T6",0,0.2,"specimen_orig_ident","orig.ident",0
"0","PRJNA662018_PRJNA662018_P7T7",5,0.2,"specimen_orig_ident","orig.ident",0.000873057447180024
"1","PRJNA662018_PRJNA662018_P7T7",88,0.2,"specimen_orig_ident","orig.ident",0.0244920679098247
"2","PRJNA662018_PRJNA662018_P7T7",51,0.2,"specimen_orig_ident","orig.ident",0.0212765957446809
"3","PRJNA662018_PRJNA662018_P7T7",0,0.2,"specimen_orig_ident","orig.ident",0
"4","PRJNA662018_PRJNA662018_P7T7",11,0.2,"specimen_orig_ident","orig.ident",0.00876494023904383
"5","PRJNA662018_PRJNA662018_P7T7",7,0.2,"specimen_orig_ident","orig.ident",0.0078740157480315
"6","PRJNA662018_PRJNA662018_P7T7",22,0.2,"specimen_orig_ident","orig.ident",0.0384615384615385
"7","PRJNA662018_PRJNA662018_P7T7",0,0.2,"specimen_orig_ident","orig.ident",0
"8","PRJNA662018_PRJNA662018_P7T7",2,0.2,"specimen_orig_ident","orig.ident",0.00735294117647059
"9","PRJNA662018_PRJNA662018_P7T7",4,0.2,"specimen_orig_ident","orig.ident",0.0181818181818182
"0","PRJNA662018_PRJNA662018_P8T8",12,0.2,"specimen_orig_ident","orig.ident",0.00209533787323206
"1","PRJNA662018_PRJNA662018_P8T8",19,0.2,"specimen_orig_ident","orig.ident",0.00528806011689396
"2","PRJNA662018_PRJNA662018_P8T8",13,0.2,"specimen_orig_ident","orig.ident",0.00542344597413433
"3","PRJNA662018_PRJNA662018_P8T8",0,0.2,"specimen_orig_ident","orig.ident",0
"4","PRJNA662018_PRJNA662018_P8T8",6,0.2,"specimen_orig_ident","orig.ident",0.0047808764940239
"5","PRJNA662018_PRJNA662018_P8T8",1,0.2,"specimen_orig_ident","orig.ident",0.00112485939257593
"6","PRJNA662018_PRJNA662018_P8T8",14,0.2,"specimen_orig_ident","orig.ident",0.0244755244755245
"7","PRJNA662018_PRJNA662018_P8T8",5,0.2,"specimen_orig_ident","orig.ident",0.0110619469026549
"8","PRJNA662018_PRJNA662018_P8T8",2,0.2,"specimen_orig_ident","orig.ident",0.00735294117647059
"9","PRJNA662018_PRJNA662018_P8T8",1,0.2,"specimen_orig_ident","orig.ident",0.00454545454545455
"0","T4091568",1,0.2,"specimen_orig_ident","orig.ident",0.000174611489436005
"1","T4091568",1,0.2,"specimen_orig_ident","orig.ident",0.000278318953520735
"2","T4091568",4,0.2,"specimen_orig_ident","orig.ident",0.00166875260742595
"3","T4091568",101,0.2,"specimen_orig_ident","orig.ident",0.0607701564380265
"4","T4091568",6,0.2,"specimen_orig_ident","orig.ident",0.0047808764940239
"5","T4091568",4,0.2,"specimen_orig_ident","orig.ident",0.00449943757030371
"6","T4091568",3,0.2,"specimen_orig_ident","orig.ident",0.00524475524475524
"7","T4091568",21,0.2,"specimen_orig_ident","orig.ident",0.0464601769911504
"8","T4091568",7,0.2,"specimen_orig_ident","orig.ident",0.0257352941176471
"9","T4091568",0,0.2,"specimen_orig_ident","orig.ident",0
"0","T4295396",0,0.2,"specimen_orig_ident","orig.ident",0
"1","T4295396",0,0.2,"specimen_orig_ident","orig.ident",0
"2","T4295396",0,0.2,"specimen_orig_ident","orig.ident",0
"3","T4295396",22,0.2,"specimen_orig_ident","orig.ident",0.01323706377858
"4","T4295396",0,0.2,"specimen_orig_ident","orig.ident",0
"5","T4295396",1,0.2,"specimen_orig_ident","orig.ident",0.00112485939257593
"6","T4295396",0,0.2,"specimen_orig_ident","orig.ident",0
"7","T4295396",0,0.2,"specimen_orig_ident","orig.ident",0
"8","T4295396",0,0.2,"specimen_orig_ident","orig.ident",0
"9","T4295396",0,0.2,"specimen_orig_ident","orig.ident",0
"0","T4380845",0,0.2,"specimen_orig_ident","orig.ident",0
"1","T4380845",1,0.2,"specimen_orig_ident","orig.ident",0.000278318953520735
"2","T4380845",1,0.2,"specimen_orig_ident","orig.ident",0.000417188151856487
"3","T4380845",56,0.2,"specimen_orig_ident","orig.ident",0.0336943441636582
"4","T4380845",1,0.2,"specimen_orig_ident","orig.ident",0.000796812749003984
"5","T4380845",2,0.2,"specimen_orig_ident","orig.ident",0.00224971878515186
"6","T4380845",0,0.2,"specimen_orig_ident","orig.ident",0
"7","T4380845",0,0.2,"specimen_orig_ident","orig.ident",0
"8","T4380845",3,0.2,"specimen_orig_ident","orig.ident",0.0110294117647059
"9","T4380845",0,0.2,"specimen_orig_ident","orig.ident",0
"0","T4398343",0,0.2,"specimen_orig_ident","orig.ident",0
"1","T4398343",5,0.2,"specimen_orig_ident","orig.ident",0.00139159476760367
"2","T4398343",6,0.2,"specimen_orig_ident","orig.ident",0.00250312891113892
"3","T4398343",83,0.2,"specimen_orig_ident","orig.ident",0.0499398315282792
"4","T4398343",2,0.2,"specimen_orig_ident","orig.ident",0.00159362549800797
"5","T4398343",9,0.2,"specimen_orig_ident","orig.ident",0.0101237345331834
"6","T4398343",0,0.2,"specimen_orig_ident","orig.ident",0
"7","T4398343",0,0.2,"specimen_orig_ident","orig.ident",0
"8","T4398343",1,0.2,"specimen_orig_ident","orig.ident",0.00367647058823529
"9","T4398343",0,0.2,"specimen_orig_ident","orig.ident",0
"0","T4450398",0,0.2,"specimen_orig_ident","orig.ident",0
"1","T4450398",0,0.2,"specimen_orig_ident","orig.ident",0
"2","T4450398",0,0.2,"specimen_orig_ident","orig.ident",0
"3","T4450398",24,0.2,"specimen_orig_ident","orig.ident",0.0144404332129964
"4","T4450398",0,0.2,"specimen_orig_ident","orig.ident",0
"5","T4450398",6,0.2,"specimen_orig_ident","orig.ident",0.00674915635545557
"6","T4450398",0,0.2,"specimen_orig_ident","orig.ident",0
"7","T4450398",0,0.2,"specimen_orig_ident","orig.ident",0
"8","T4450398",0,0.2,"specimen_orig_ident","orig.ident",0
"9","T4450398",0,0.2,"specimen_orig_ident","orig.ident",0
"0","T4463209a",0,0.2,"specimen_orig_ident","orig.ident",0
"1","T4463209a",3,0.2,"specimen_orig_ident","orig.ident",0.000834956860562204
"2","T4463209a",6,0.2,"specimen_orig_ident","orig.ident",0.00250312891113892
"3","T4463209a",86,0.2,"specimen_orig_ident","orig.ident",0.0517448856799037
"4","T4463209a",2,0.2,"specimen_orig_ident","orig.ident",0.00159362549800797
"5","T4463209a",6,0.2,"specimen_orig_ident","orig.ident",0.00674915635545557
"6","T4463209a",2,0.2,"specimen_orig_ident","orig.ident",0.0034965034965035
"7","T4463209a",2,0.2,"specimen_orig_ident","orig.ident",0.00442477876106195
"8","T4463209a",1,0.2,"specimen_orig_ident","orig.ident",0.00367647058823529
"9","T4463209a",1,0.2,"specimen_orig_ident","orig.ident",0.00454545454545455
"0","T4463209b",0,0.2,"specimen_orig_ident","orig.ident",0
"1","T4463209b",0,0.2,"specimen_orig_ident","orig.ident",0
"2","T4463209b",1,0.2,"specimen_orig_ident","orig.ident",0.000417188151856487
"3","T4463209b",42,0.2,"specimen_orig_ident","orig.ident",0.0252707581227437
"4","T4463209b",4,0.2,"specimen_orig_ident","orig.ident",0.00318725099601594
"5","T4463209b",5,0.2,"specimen_orig_ident","orig.ident",0.00562429696287964
"6","T4463209b",1,0.2,"specimen_orig_ident","orig.ident",0.00174825174825175
"7","T4463209b",25,0.2,"specimen_orig_ident","orig.ident",0.0553097345132743
"8","T4463209b",1,0.2,"specimen_orig_ident","orig.ident",0.00367647058823529
"9","T4463209b",1,0.2,"specimen_orig_ident","orig.ident",0.00454545454545455
"0","T4465219",0,0.2,"specimen_orig_ident","orig.ident",0
"1","T4465219",6,0.2,"specimen_orig_ident","orig.ident",0.00166991372112441
"2","T4465219",7,0.2,"specimen_orig_ident","orig.ident",0.00292031706299541
"3","T4465219",81,0.2,"specimen_orig_ident","orig.ident",0.0487364620938628
"4","T4465219",1,0.2,"specimen_orig_ident","orig.ident",0.000796812749003984
"5","T4465219",7,0.2,"specimen_orig_ident","orig.ident",0.0078740157480315
"6","T4465219",73,0.2,"specimen_orig_ident","orig.ident",0.127622377622378
"7","T4465219",0,0.2,"specimen_orig_ident","orig.ident",0
"8","T4465219",7,0.2,"specimen_orig_ident","orig.ident",0.0257352941176471
"9","T4465219",1,0.2,"specimen_orig_ident","orig.ident",0.00454545454545455
"0","T4465935",0,0.2,"specimen_orig_ident","orig.ident",0
"1","T4465935",0,0.2,"specimen_orig_ident","orig.ident",0
"2","T4465935",0,0.2,"specimen_orig_ident","orig.ident",0
"3","T4465935",10,0.2,"specimen_orig_ident","orig.ident",0.00601684717208183
"4","T4465935",0,0.2,"specimen_orig_ident","orig.ident",0
"5","T4465935",0,0.2,"specimen_orig_ident","orig.ident",0
"6","T4465935",1,0.2,"specimen_orig_ident","orig.ident",0.00174825174825175
"7","T4465935",2,0.2,"specimen_orig_ident","orig.ident",0.00442477876106195
"8","T4465935",0,0.2,"specimen_orig_ident","orig.ident",0
"9","T4465935",0,0.2,"specimen_orig_ident","orig.ident",0
"0","T4466585",0,0.2,"specimen_orig_ident","orig.ident",0
"1","T4466585",0,0.2,"specimen_orig_ident","orig.ident",0
"2","T4466585",0,0.2,"specimen_orig_ident","orig.ident",0
"3","T4466585",14,0.2,"specimen_orig_ident","orig.ident",0.00842358604091456
"4","T4466585",2,0.2,"specimen_orig_ident","orig.ident",0.00159362549800797
"5","T4466585",1,0.2,"specimen_orig_ident","orig.ident",0.00112485939257593
"6","T4466585",0,0.2,"specimen_orig_ident","orig.ident",0
"7","T4466585",14,0.2,"specimen_orig_ident","orig.ident",0.0309734513274336
"8","T4466585",2,0.2,"specimen_orig_ident","orig.ident",0.00735294117647059
"9","T4466585",1,0.2,"specimen_orig_ident","orig.ident",0.00454545454545455
"0","T4469479",0,0.2,"specimen_orig_ident","orig.ident",0
"1","T4469479",3,0.2,"specimen_orig_ident","orig.ident",0.000834956860562204
"2","T4469479",7,0.2,"specimen_orig_ident","orig.ident",0.00292031706299541
"3","T4469479",131,0.2,"specimen_orig_ident","orig.ident",0.078820697954272
"4","T4469479",4,0.2,"specimen_orig_ident","orig.ident",0.00318725099601594
"5","T4469479",10,0.2,"specimen_orig_ident","orig.ident",0.0112485939257593
"6","T4469479",3,0.2,"specimen_orig_ident","orig.ident",0.00524475524475524
"7","T4469479",2,0.2,"specimen_orig_ident","orig.ident",0.00442477876106195
"8","T4469479",8,0.2,"specimen_orig_ident","orig.ident",0.0294117647058824
"9","T4469479",0,0.2,"specimen_orig_ident","orig.ident",0
"0","T4471438",1,0.2,"specimen_orig_ident","orig.ident",0.000174611489436005
"1","T4471438",41,0.2,"specimen_orig_ident","orig.ident",0.0114110770943501
"2","T4471438",59,0.2,"specimen_orig_ident","orig.ident",0.0246141009595327
"3","T4471438",951,0.2,"specimen_orig_ident","orig.ident",0.572202166064982
"4","T4471438",19,0.2,"specimen_orig_ident","orig.ident",0.0151394422310757
"5","T4471438",62,0.2,"specimen_orig_ident","orig.ident",0.0697412823397075
"6","T4471438",7,0.2,"specimen_orig_ident","orig.ident",0.0122377622377622
"7","T4471438",24,0.2,"specimen_orig_ident","orig.ident",0.0530973451327434
"8","T4471438",14,0.2,"specimen_orig_ident","orig.ident",0.0514705882352941
"9","T4471438",10,0.2,"specimen_orig_ident","orig.ident",0.0454545454545455
"0","T8009218",0,0.2,"specimen_orig_ident","orig.ident",0
"1","T8009218",1,0.2,"specimen_orig_ident","orig.ident",0.000278318953520735
"2","T8009218",1,0.2,"specimen_orig_ident","orig.ident",0.000417188151856487
"3","T8009218",42,0.2,"specimen_orig_ident","orig.ident",0.0252707581227437
"4","T8009218",5,0.2,"specimen_orig_ident","orig.ident",0.00398406374501992
"5","T8009218",5,0.2,"specimen_orig_ident","orig.ident",0.00562429696287964
"6","T8009218",3,0.2,"specimen_orig_ident","orig.ident",0.00524475524475524
"7","T8009218",20,0.2,"specimen_orig_ident","orig.ident",0.0442477876106195
"8","T8009218",9,0.2,"specimen_orig_ident","orig.ident",0.0330882352941176
"9","T8009218",0,0.2,"specimen_orig_ident","orig.ident",0
"0","PRJNA662018_PRJNA662018_P1N1",1785,0.2,"specimen_sample_id","sample_id",0.311681508643269
"1","PRJNA662018_PRJNA662018_P1N1",439,0.2,"specimen_sample_id","sample_id",0.122182020595603
"2","PRJNA662018_PRJNA662018_P1N1",101,0.2,"specimen_sample_id","sample_id",0.0421360033375052
"3","PRJNA662018_PRJNA662018_P1N1",0,0.2,"specimen_sample_id","sample_id",0
"4","PRJNA662018_PRJNA662018_P1N1",249,0.2,"specimen_sample_id","sample_id",0.198406374501992
"5","PRJNA662018_PRJNA662018_P1N1",86,0.2,"specimen_sample_id","sample_id",0.0967379077615298
"6","PRJNA662018_PRJNA662018_P1N1",34,0.2,"specimen_sample_id","sample_id",0.0594405594405594
"7","PRJNA662018_PRJNA662018_P1N1",27,0.2,"specimen_sample_id","sample_id",0.0597345132743363
"8","PRJNA662018_PRJNA662018_P1N1",43,0.2,"specimen_sample_id","sample_id",0.158088235294118
"9","PRJNA662018_PRJNA662018_P1N1",19,0.2,"specimen_sample_id","sample_id",0.0863636363636364
"0","PRJNA662018_PRJNA662018_P1T1",362,0.2,"specimen_sample_id","sample_id",0.0632093591758338
"1","PRJNA662018_PRJNA662018_P1T1",331,0.2,"specimen_sample_id","sample_id",0.0921235736153632
"2","PRJNA662018_PRJNA662018_P1T1",122,0.2,"specimen_sample_id","sample_id",0.0508969545264914
"3","PRJNA662018_PRJNA662018_P1T1",0,0.2,"specimen_sample_id","sample_id",0
"4","PRJNA662018_PRJNA662018_P1T1",112,0.2,"specimen_sample_id","sample_id",0.0892430278884462
"5","PRJNA662018_PRJNA662018_P1T1",67,0.2,"specimen_sample_id","sample_id",0.0753655793025872
"6","PRJNA662018_PRJNA662018_P1T1",31,0.2,"specimen_sample_id","sample_id",0.0541958041958042
"7","PRJNA662018_PRJNA662018_P1T1",4,0.2,"specimen_sample_id","sample_id",0.00884955752212389
"8","PRJNA662018_PRJNA662018_P1T1",32,0.2,"specimen_sample_id","sample_id",0.117647058823529
"9","PRJNA662018_PRJNA662018_P1T1",30,0.2,"specimen_sample_id","sample_id",0.136363636363636
"0","PRJNA662018_PRJNA662018_P2T2",1058,0.2,"specimen_sample_id","sample_id",0.184738955823293
"1","PRJNA662018_PRJNA662018_P2T2",835,0.2,"specimen_sample_id","sample_id",0.232396326189814
"2","PRJNA662018_PRJNA662018_P2T2",388,0.2,"specimen_sample_id","sample_id",0.161869002920317
"3","PRJNA662018_PRJNA662018_P2T2",0,0.2,"specimen_sample_id","sample_id",0
"4","PRJNA662018_PRJNA662018_P2T2",144,0.2,"specimen_sample_id","sample_id",0.114741035856574
"5","PRJNA662018_PRJNA662018_P2T2",199,0.2,"specimen_sample_id","sample_id",0.22384701912261
"6","PRJNA662018_PRJNA662018_P2T2",73,0.2,"specimen_sample_id","sample_id",0.127622377622378
"7","PRJNA662018_PRJNA662018_P2T2",132,0.2,"specimen_sample_id","sample_id",0.292035398230089
"8","PRJNA662018_PRJNA662018_P2T2",43,0.2,"specimen_sample_id","sample_id",0.158088235294118
"9","PRJNA662018_PRJNA662018_P2T2",76,0.2,"specimen_sample_id","sample_id",0.345454545454545
"0","PRJNA662018_PRJNA662018_P3N3",617,0.2,"specimen_sample_id","sample_id",0.107735288982015
"1","PRJNA662018_PRJNA662018_P3N3",199,0.2,"specimen_sample_id","sample_id",0.0553854717506262
"2","PRJNA662018_PRJNA662018_P3N3",275,0.2,"specimen_sample_id","sample_id",0.114726741760534
"3","PRJNA662018_PRJNA662018_P3N3",0,0.2,"specimen_sample_id","sample_id",0
"4","PRJNA662018_PRJNA662018_P3N3",166,0.2,"specimen_sample_id","sample_id",0.132270916334661
"5","PRJNA662018_PRJNA662018_P3N3",45,0.2,"specimen_sample_id","sample_id",0.0506186726659168
"6","PRJNA662018_PRJNA662018_P3N3",16,0.2,"specimen_sample_id","sample_id",0.027972027972028
"7","PRJNA662018_PRJNA662018_P3N3",5,0.2,"specimen_sample_id","sample_id",0.0110619469026549
"8","PRJNA662018_PRJNA662018_P3N3",6,0.2,"specimen_sample_id","sample_id",0.0220588235294118
"9","PRJNA662018_PRJNA662018_P3N3",1,0.2,"specimen_sample_id","sample_id",0.00454545454545455
"0","PRJNA662018_PRJNA662018_P3T3",531,0.2,"specimen_sample_id","sample_id",0.0927187008905186
"1","PRJNA662018_PRJNA662018_P3T3",332,0.2,"specimen_sample_id","sample_id",0.0924018925688839
"2","PRJNA662018_PRJNA662018_P3T3",257,0.2,"specimen_sample_id","sample_id",0.107217355027117
"3","PRJNA662018_PRJNA662018_P3T3",0,0.2,"specimen_sample_id","sample_id",0
"4","PRJNA662018_PRJNA662018_P3T3",82,0.2,"specimen_sample_id","sample_id",0.0653386454183267
"5","PRJNA662018_PRJNA662018_P3T3",48,0.2,"specimen_sample_id","sample_id",0.0539932508436445
"6","PRJNA662018_PRJNA662018_P3T3",16,0.2,"specimen_sample_id","sample_id",0.027972027972028
"7","PRJNA662018_PRJNA662018_P3T3",7,0.2,"specimen_sample_id","sample_id",0.0154867256637168
"8","PRJNA662018_PRJNA662018_P3T3",7,0.2,"specimen_sample_id","sample_id",0.0257352941176471
"9","PRJNA662018_PRJNA662018_P3T3",6,0.2,"specimen_sample_id","sample_id",0.0272727272727273
"0","PRJNA662018_PRJNA662018_P4T4",5,0.2,"specimen_sample_id","sample_id",0.000873057447180024
"1","PRJNA662018_PRJNA662018_P4T4",533,0.2,"specimen_sample_id","sample_id",0.148344002226552
"2","PRJNA662018_PRJNA662018_P4T4",345,0.2,"specimen_sample_id","sample_id",0.143929912390488
"3","PRJNA662018_PRJNA662018_P4T4",0,0.2,"specimen_sample_id","sample_id",0
"4","PRJNA662018_PRJNA662018_P4T4",83,0.2,"specimen_sample_id","sample_id",0.0661354581673307
"5","PRJNA662018_PRJNA662018_P4T4",157,0.2,"specimen_sample_id","sample_id",0.176602924634421
"6","PRJNA662018_PRJNA662018_P4T4",13,0.2,"specimen_sample_id","sample_id",0.0227272727272727
"7","PRJNA662018_PRJNA662018_P4T4",0,0.2,"specimen_sample_id","sample_id",0
"8","PRJNA662018_PRJNA662018_P4T4",14,0.2,"specimen_sample_id","sample_id",0.0514705882352941
"9","PRJNA662018_PRJNA662018_P4T4",37,0.2,"specimen_sample_id","sample_id",0.168181818181818
"0","PRJNA662018_PRJNA662018_P5T5",12,0.2,"specimen_sample_id","sample_id",0.00209533787323206
"1","PRJNA662018_PRJNA662018_P5T5",145,0.2,"specimen_sample_id","sample_id",0.0403562482605065
"2","PRJNA662018_PRJNA662018_P5T5",116,0.2,"specimen_sample_id","sample_id",0.0483938256153525
"3","PRJNA662018_PRJNA662018_P5T5",0,0.2,"specimen_sample_id","sample_id",0
"4","PRJNA662018_PRJNA662018_P5T5",27,0.2,"specimen_sample_id","sample_id",0.0215139442231076
"5","PRJNA662018_PRJNA662018_P5T5",2,0.2,"specimen_sample_id","sample_id",0.00224971878515186
"6","PRJNA662018_PRJNA662018_P5T5",20,0.2,"specimen_sample_id","sample_id",0.034965034965035
"7","PRJNA662018_PRJNA662018_P5T5",0,0.2,"specimen_sample_id","sample_id",0
"8","PRJNA662018_PRJNA662018_P5T5",0,0.2,"specimen_sample_id","sample_id",0
"9","PRJNA662018_PRJNA662018_P5T5",5,0.2,"specimen_sample_id","sample_id",0.0227272727272727
"0","PRJNA662018_PRJNA662018_P6N2",783,0.2,"specimen_sample_id","sample_id",0.136720796228392
"1","PRJNA662018_PRJNA662018_P6N2",200,0.2,"specimen_sample_id","sample_id",0.055663790704147
"2","PRJNA662018_PRJNA662018_P6N2",158,0.2,"specimen_sample_id","sample_id",0.065915727993325
"3","PRJNA662018_PRJNA662018_P6N2",0,0.2,"specimen_sample_id","sample_id",0
"4","PRJNA662018_PRJNA662018_P6N2",102,0.2,"specimen_sample_id","sample_id",0.0812749003984064
"5","PRJNA662018_PRJNA662018_P6N2",36,0.2,"specimen_sample_id","sample_id",0.0404949381327334
"6","PRJNA662018_PRJNA662018_P6N2",11,0.2,"specimen_sample_id","sample_id",0.0192307692307692
"7","PRJNA662018_PRJNA662018_P6N2",13,0.2,"specimen_sample_id","sample_id",0.0287610619469027
"8","PRJNA662018_PRJNA662018_P6N2",17,0.2,"specimen_sample_id","sample_id",0.0625
"9","PRJNA662018_PRJNA662018_P6N2",5,0.2,"specimen_sample_id","sample_id",0.0227272727272727
"0","PRJNA662018_PRJNA662018_P6T6",44,0.2,"specimen_sample_id","sample_id",0.00768290553518421
"1","PRJNA662018_PRJNA662018_P6T6",67,0.2,"specimen_sample_id","sample_id",0.0186473698858892
"2","PRJNA662018_PRJNA662018_P6T6",66,0.2,"specimen_sample_id","sample_id",0.0275344180225282
"3","PRJNA662018_PRJNA662018_P6T6",0,0.2,"specimen_sample_id","sample_id",0
"4","PRJNA662018_PRJNA662018_P6T6",12,0.2,"specimen_sample_id","sample_id",0.00956175298804781
"5","PRJNA662018_PRJNA662018_P6T6",1,0.2,"specimen_sample_id","sample_id",0.00112485939257593
"6","PRJNA662018_PRJNA662018_P6T6",53,0.2,"specimen_sample_id","sample_id",0.0926573426573427
"7","PRJNA662018_PRJNA662018_P6T6",0,0.2,"specimen_sample_id","sample_id",0
"8","PRJNA662018_PRJNA662018_P6T6",2,0.2,"specimen_sample_id","sample_id",0.00735294117647059
"9","PRJNA662018_PRJNA662018_P6T6",0,0.2,"specimen_sample_id","sample_id",0
"0","PRJNA662018_PRJNA662018_P7T7",5,0.2,"specimen_sample_id","sample_id",0.000873057447180024
"1","PRJNA662018_PRJNA662018_P7T7",88,0.2,"specimen_sample_id","sample_id",0.0244920679098247
"2","PRJNA662018_PRJNA662018_P7T7",51,0.2,"specimen_sample_id","sample_id",0.0212765957446809
"3","PRJNA662018_PRJNA662018_P7T7",0,0.2,"specimen_sample_id","sample_id",0
"4","PRJNA662018_PRJNA662018_P7T7",11,0.2,"specimen_sample_id","sample_id",0.00876494023904383
"5","PRJNA662018_PRJNA662018_P7T7",7,0.2,"specimen_sample_id","sample_id",0.0078740157480315
"6","PRJNA662018_PRJNA662018_P7T7",22,0.2,"specimen_sample_id","sample_id",0.0384615384615385
"7","PRJNA662018_PRJNA662018_P7T7",0,0.2,"specimen_sample_id","sample_id",0
"8","PRJNA662018_PRJNA662018_P7T7",2,0.2,"specimen_sample_id","sample_id",0.00735294117647059
"9","PRJNA662018_PRJNA662018_P7T7",4,0.2,"specimen_sample_id","sample_id",0.0181818181818182
"0","PRJNA662018_PRJNA662018_P8T8",12,0.2,"specimen_sample_id","sample_id",0.00209533787323206
"1","PRJNA662018_PRJNA662018_P8T8",19,0.2,"specimen_sample_id","sample_id",0.00528806011689396
"2","PRJNA662018_PRJNA662018_P8T8",13,0.2,"specimen_sample_id","sample_id",0.00542344597413433
"3","PRJNA662018_PRJNA662018_P8T8",0,0.2,"specimen_sample_id","sample_id",0
"4","PRJNA662018_PRJNA662018_P8T8",6,0.2,"specimen_sample_id","sample_id",0.0047808764940239
"5","PRJNA662018_PRJNA662018_P8T8",1,0.2,"specimen_sample_id","sample_id",0.00112485939257593
"6","PRJNA662018_PRJNA662018_P8T8",14,0.2,"specimen_sample_id","sample_id",0.0244755244755245
"7","PRJNA662018_PRJNA662018_P8T8",5,0.2,"specimen_sample_id","sample_id",0.0110619469026549
"8","PRJNA662018_PRJNA662018_P8T8",2,0.2,"specimen_sample_id","sample_id",0.00735294117647059
"9","PRJNA662018_PRJNA662018_P8T8",1,0.2,"specimen_sample_id","sample_id",0.00454545454545455
"0",NA,513,0.2,"specimen_sample_id","sample_id",0.0895756940806705
"1",NA,405,0.2,"specimen_sample_id","sample_id",0.112719176175898
"2",NA,505,0.2,"specimen_sample_id","sample_id",0.210680016687526
"3",NA,1662,0.2,"specimen_sample_id","sample_id",1
"4",NA,261,0.2,"specimen_sample_id","sample_id",0.20796812749004
"5",NA,240,0.2,"specimen_sample_id","sample_id",0.269966254218223
"6",NA,269,0.2,"specimen_sample_id","sample_id",0.47027972027972
"7",NA,259,0.2,"specimen_sample_id","sample_id",0.573008849557522
"8",NA,104,0.2,"specimen_sample_id","sample_id",0.382352941176471
"9",NA,36,0.2,"specimen_sample_id","sample_id",0.163636363636364
"0","Normal",3587,0.2,"stage_T","T_stage",0.62633141260695
"1","Normal",847,0.2,"stage_T","T_stage",0.235736153632062
"2","Normal",597,0.2,"stage_T","T_stage",0.249061326658323
"3","Normal",0,0.2,"stage_T","T_stage",0
"4","Normal",616,0.2,"stage_T","T_stage",0.490836653386454
"5","Normal",220,0.2,"stage_T","T_stage",0.247469066366704
"6","Normal",100,0.2,"stage_T","T_stage",0.174825174825175
"7","Normal",163,0.2,"stage_T","T_stage",0.360619469026549
"8","Normal",95,0.2,"stage_T","T_stage",0.349264705882353
"9","Normal",27,0.2,"stage_T","T_stage",0.122727272727273
"0","T1",51,0.2,"stage_T","T_stage",0.00890518596123625
"1","T1",109,0.2,"stage_T","T_stage",0.0303367659337601
"2","T1",150,0.2,"stage_T","T_stage",0.0625782227784731
"3","T1",0,0.2,"stage_T","T_stage",0
"4","T1",34,0.2,"stage_T","T_stage",0.0270916334661355
"5","T1",37,0.2,"stage_T","T_stage",0.0416197975253093
"6","T1",57,0.2,"stage_T","T_stage",0.0996503496503496
"7","T1",23,0.2,"stage_T","T_stage",0.0508849557522124
"8","T1",2,0.2,"stage_T","T_stage",0.00735294117647059
"9","T1",8,0.2,"stage_T","T_stage",0.0363636363636364
"0","T2",4,0.2,"stage_T","T_stage",0.00069844595774402
"1","T2",104,0.2,"stage_T","T_stage",0.0289451711661564
"2","T2",77,0.2,"stage_T","T_stage",0.0321234876929495
"3","T2",418,0.2,"stage_T","T_stage",0.25150421179302
"4","T2",27,0.2,"stage_T","T_stage",0.0215139442231076
"5","T2",42,0.2,"stage_T","T_stage",0.047244094488189
"6","T2",109,0.2,"stage_T","T_stage",0.190559440559441
"7","T2",43,0.2,"stage_T","T_stage",0.0951327433628319
"8","T2",17,0.2,"stage_T","T_stage",0.0625
"9","T2",4,0.2,"stage_T","T_stage",0.0181818181818182
"0","T3",5,0.2,"stage_T","T_stage",0.000873057447180024
"1","T3",33,0.2,"stage_T","T_stage",0.00918452546618425
"2","T3",14,0.2,"stage_T","T_stage",0.00584063412599082
"3","T3",42,0.2,"stage_T","T_stage",0.0252707581227437
"4","T3",14,0.2,"stage_T","T_stage",0.0111553784860558
"5","T3",8,0.2,"stage_T","T_stage",0.00899887514060742
"6","T3",40,0.2,"stage_T","T_stage",0.0699300699300699
"7","T3",25,0.2,"stage_T","T_stage",0.0553097345132743
"8","T3",10,0.2,"stage_T","T_stage",0.0367647058823529
"9","T3",1,0.2,"stage_T","T_stage",0.00454545454545455
"0","T4",19,0.2,"stage_T","T_stage",0.00331761829928409
"1","T4",50,0.2,"stage_T","T_stage",0.0139159476760367
"2","T4",72,0.2,"stage_T","T_stage",0.0300375469336671
"3","T4",1183,0.2,"stage_T","T_stage",0.71179302045728
"4","T4",38,0.2,"stage_T","T_stage",0.0302788844621514
"5","T4",77,0.2,"stage_T","T_stage",0.0866141732283465
"6","T4",14,0.2,"stage_T","T_stage",0.0244755244755245
"7","T4",50,0.2,"stage_T","T_stage",0.110619469026549
"8","T4",29,0.2,"stage_T","T_stage",0.106617647058824
"9","T4",11,0.2,"stage_T","T_stage",0.05
"0","Ta",2,0.2,"stage_T","T_stage",0.00034922297887201
"1","Ta",2,0.2,"stage_T","T_stage",0.00055663790704147
"2","Ta",0,0.2,"stage_T","T_stage",0
"3","Ta",0,0.2,"stage_T","T_stage",0
"4","Ta",0,0.2,"stage_T","T_stage",0
"5","Ta",0,0.2,"stage_T","T_stage",0
"6","Ta",0,0.2,"stage_T","T_stage",0
"7","Ta",0,0.2,"stage_T","T_stage",0
"8","Ta",0,0.2,"stage_T","T_stage",0
"9","Ta",0,0.2,"stage_T","T_stage",0
"0",NA,2059,0.2,"stage_T","T_stage",0.359525056748734
"1",NA,2448,0.2,"stage_T","T_stage",0.681324798218759
"2",NA,1487,0.2,"stage_T","T_stage",0.620358781810597
"3",NA,19,0.2,"stage_T","T_stage",0.0114320096269555
"4",NA,526,0.2,"stage_T","T_stage",0.419123505976096
"5",NA,505,0.2,"stage_T","T_stage",0.568053993250844
"6",NA,252,0.2,"stage_T","T_stage",0.440559440559441
"7",NA,148,0.2,"stage_T","T_stage",0.327433628318584
"8",NA,119,0.2,"stage_T","T_stage",0.4375
"9",NA,169,0.2,"stage_T","T_stage",0.768181818181818
"0","N0",75,0.2,"stage_N","N_stage",0.0130958617077004
"1","N0",206,0.2,"stage_N","N_stage",0.0573337044252714
"2","N0",208,0.2,"stage_N","N_stage",0.0867751355861494
"3","N0",0,0.2,"stage_N","N_stage",0
"4","N0",60,0.2,"stage_N","N_stage",0.047808764940239
"5","N0",42,0.2,"stage_N","N_stage",0.047244094488189
"6","N0",90,0.2,"stage_N","N_stage",0.157342657342657
"7","N0",31,0.2,"stage_N","N_stage",0.0685840707964602
"8","N0",4,0.2,"stage_N","N_stage",0.0147058823529412
"9","N0",9,0.2,"stage_N","N_stage",0.0409090909090909
"0","N2",1,0.2,"stage_N","N_stage",0.000174611489436005
"1","N2",0,0.2,"stage_N","N_stage",0
"2","N2",1,0.2,"stage_N","N_stage",0.000417188151856487
"3","N2",0,0.2,"stage_N","N_stage",0
"4","N2",0,0.2,"stage_N","N_stage",0
"5","N2",1,0.2,"stage_N","N_stage",0.00112485939257593
"6","N2",0,0.2,"stage_N","N_stage",0
"7","N2",0,0.2,"stage_N","N_stage",0
"8","N2",0,0.2,"stage_N","N_stage",0
"9","N2",0,0.2,"stage_N","N_stage",0
"0","N3",3,0.2,"stage_N","N_stage",0.000523834468308015
"1","N3",31,0.2,"stage_N","N_stage",0.00862788755914278
"2","N3",12,0.2,"stage_N","N_stage",0.00500625782227785
"3","N3",0,0.2,"stage_N","N_stage",0
"4","N3",7,0.2,"stage_N","N_stage",0.00557768924302789
"5","N3",3,0.2,"stage_N","N_stage",0.00337457817772778
"6","N3",37,0.2,"stage_N","N_stage",0.0646853146853147
"7","N3",0,0.2,"stage_N","N_stage",0
"8","N3",1,0.2,"stage_N","N_stage",0.00367647058823529
"9","N3",1,0.2,"stage_N","N_stage",0.00454545454545455
"0","Normal",3587,0.2,"stage_N","N_stage",0.62633141260695
"1","Normal",847,0.2,"stage_N","N_stage",0.235736153632062
"2","Normal",597,0.2,"stage_N","N_stage",0.249061326658323
"3","Normal",0,0.2,"stage_N","N_stage",0
"4","Normal",616,0.2,"stage_N","N_stage",0.490836653386454
"5","Normal",220,0.2,"stage_N","N_stage",0.247469066366704
"6","Normal",100,0.2,"stage_N","N_stage",0.174825174825175
"7","Normal",163,0.2,"stage_N","N_stage",0.360619469026549
"8","Normal",95,0.2,"stage_N","N_stage",0.349264705882353
"9","Normal",27,0.2,"stage_N","N_stage",0.122727272727273
"0",NA,2061,0.2,"stage_N","N_stage",0.359874279727606
"1",NA,2509,0.2,"stage_N","N_stage",0.698302254383524
"2",NA,1579,0.2,"stage_N","N_stage",0.658740091781393
"3",NA,1662,0.2,"stage_N","N_stage",1
"4",NA,572,0.2,"stage_N","N_stage",0.455776892430279
"5",NA,623,0.2,"stage_N","N_stage",0.700787401574803
"6",NA,345,0.2,"stage_N","N_stage",0.603146853146853
"7",NA,258,0.2,"stage_N","N_stage",0.570796460176991
"8",NA,172,0.2,"stage_N","N_stage",0.632352941176471
"9",NA,183,0.2,"stage_N","N_stage",0.831818181818182
"0","M0",78,0.2,"stage_M","M_stage",0.0136196961760084
"1","M0",237,0.2,"stage_M","M_stage",0.0659615919844141
"2","M0",220,0.2,"stage_M","M_stage",0.0917813934084272
"3","M0",0,0.2,"stage_M","M_stage",0
"4","M0",67,0.2,"stage_M","M_stage",0.0533864541832669
"5","M0",45,0.2,"stage_M","M_stage",0.0506186726659168
"6","M0",127,0.2,"stage_M","M_stage",0.222027972027972
"7","M0",31,0.2,"stage_M","M_stage",0.0685840707964602
"8","M0",5,0.2,"stage_M","M_stage",0.0183823529411765
"9","M0",10,0.2,"stage_M","M_stage",0.0454545454545455
"0","Normal",3587,0.2,"stage_M","M_stage",0.62633141260695
"1","Normal",847,0.2,"stage_M","M_stage",0.235736153632062
"2","Normal",597,0.2,"stage_M","M_stage",0.249061326658323
"3","Normal",0,0.2,"stage_M","M_stage",0
"4","Normal",616,0.2,"stage_M","M_stage",0.490836653386454
"5","Normal",220,0.2,"stage_M","M_stage",0.247469066366704
"6","Normal",100,0.2,"stage_M","M_stage",0.174825174825175
"7","Normal",163,0.2,"stage_M","M_stage",0.360619469026549
"8","Normal",95,0.2,"stage_M","M_stage",0.349264705882353
"9","Normal",27,0.2,"stage_M","M_stage",0.122727272727273
"0",NA,2062,0.2,"stage_M","M_stage",0.360048891217042
"1",NA,2509,0.2,"stage_M","M_stage",0.698302254383524
"2",NA,1580,0.2,"stage_M","M_stage",0.65915727993325
"3",NA,1662,0.2,"stage_M","M_stage",1
"4",NA,572,0.2,"stage_M","M_stage",0.455776892430279
"5",NA,624,0.2,"stage_M","M_stage",0.701912260967379
"6",NA,345,0.2,"stage_M","M_stage",0.603146853146853
"7",NA,258,0.2,"stage_M","M_stage",0.570796460176991
"8",NA,172,0.2,"stage_M","M_stage",0.632352941176471
"9",NA,183,0.2,"stage_M","M_stage",0.831818181818182
"0","MIBC",131,0.2,"clinical_type","Type",0.0228741051161166
"1","MIBC",604,0.2,"clinical_type","Type",0.168104647926524
"2","MIBC",538,0.2,"clinical_type","Type",0.22444722569879
"3","MIBC",1662,0.2,"clinical_type","Type",1
"4","MIBC",184,0.2,"clinical_type","Type",0.146613545816733
"5","MIBC",161,0.2,"clinical_type","Type",0.181102362204724
"6","MIBC",282,0.2,"clinical_type","Type",0.493006993006993
"7","MIBC",123,0.2,"clinical_type","Type",0.27212389380531
"8","MIBC",79,0.2,"clinical_type","Type",0.290441176470588
"9","MIBC",36,0.2,"clinical_type","Type",0.163636363636364
"0","NMIBC",2009,0.2,"clinical_type","Type",0.350794482276934
"1","NMIBC",2142,0.2,"clinical_type","Type",0.596159198441414
"2","NMIBC",1262,0.2,"clinical_type","Type",0.526491447642887
"3","NMIBC",0,0.2,"clinical_type","Type",0
"4","NMIBC",455,0.2,"clinical_type","Type",0.362549800796813
"5","NMIBC",508,0.2,"clinical_type","Type",0.571428571428571
"6","NMIBC",190,0.2,"clinical_type","Type",0.332167832167832
"7","NMIBC",166,0.2,"clinical_type","Type",0.367256637168142
"8","NMIBC",98,0.2,"clinical_type","Type",0.360294117647059
"9","NMIBC",157,0.2,"clinical_type","Type",0.713636363636364
"0","Normal",3587,0.2,"clinical_type","Type",0.62633141260695
"1","Normal",847,0.2,"clinical_type","Type",0.235736153632062
"2","Normal",597,0.2,"clinical_type","Type",0.249061326658323
"3","Normal",0,0.2,"clinical_type","Type",0
"4","Normal",616,0.2,"clinical_type","Type",0.490836653386454
"5","Normal",220,0.2,"clinical_type","Type",0.247469066366704
"6","Normal",100,0.2,"clinical_type","Type",0.174825174825175
"7","Normal",163,0.2,"clinical_type","Type",0.360619469026549
"8","Normal",95,0.2,"clinical_type","Type",0.349264705882353
"9","Normal",27,0.2,"clinical_type","Type",0.122727272727273
"0","CNP0000460",40,0.4,"dataset","dataset",0.00754716981132075
"1","CNP0000460",193,0.4,"dataset","dataset",0.0904404873477038
"2","CNP0000460",0,0.4,"dataset","dataset",0
"3","CNP0000460",34,0.4,"dataset","dataset",0.0213433772755807
"4","CNP0000460",172,0.4,"dataset","dataset",0.116294793779581
"5","CNP0000460",57,0.4,"dataset","dataset",0.0454908220271349
"6","CNP0000460",71,0.4,"dataset","dataset",0.064721969006381
"7","CNP0000460",41,0.4,"dataset","dataset",0.0460674157303371
"8","CNP0000460",137,0.4,"dataset","dataset",0.23951048951049
"9","CNP0000460",43,0.4,"dataset","dataset",0.0951327433628319
"10","CNP0000460",6,0.4,"dataset","dataset",0.0214285714285714
"11","CNP0000460",9,0.4,"dataset","dataset",0.0409090909090909
"12","CNP0000460",15,0.4,"dataset","dataset",0.142857142857143
"0","GSE326225",19,0.4,"dataset","dataset",0.00358490566037736
"1","GSE326225",83,0.4,"dataset","dataset",0.0388940955951265
"2","GSE326225",19,0.4,"dataset","dataset",0.0114182692307692
"3","GSE326225",14,0.4,"dataset","dataset",0.00878844946641557
"4","GSE326225",80,0.4,"dataset","dataset",0.0540906017579446
"5","GSE326225",49,0.4,"dataset","dataset",0.0391061452513966
"6","GSE326225",52,0.4,"dataset","dataset",0.0474020054694622
"7","GSE326225",23,0.4,"dataset","dataset",0.0258426966292135
"8","GSE326225",10,0.4,"dataset","dataset",0.0174825174825175
"9","GSE326225",0,0.4,"dataset","dataset",0
"10","GSE326225",17,0.4,"dataset","dataset",0.0607142857142857
"11","GSE326225",10,0.4,"dataset","dataset",0.0454545454545455
"12","GSE326225",9,0.4,"dataset","dataset",0.0857142857142857
"0","HRA003620",402,0.4,"dataset","dataset",0.0758490566037736
"1","HRA003620",11,0.4,"dataset","dataset",0.00515463917525773
"2","HRA003620",0,0.4,"dataset","dataset",0
"3","HRA003620",9,0.4,"dataset","dataset",0.00564971751412429
"4","HRA003620",6,0.4,"dataset","dataset",0.00405679513184584
"5","HRA003620",109,0.4,"dataset","dataset",0.0869912210694334
"6","HRA003620",57,0.4,"dataset","dataset",0.0519598906107566
"7","HRA003620",58,0.4,"dataset","dataset",0.0651685393258427
"8","HRA003620",29,0.4,"dataset","dataset",0.0506993006993007
"9","HRA003620",106,0.4,"dataset","dataset",0.234513274336283
"10","HRA003620",28,0.4,"dataset","dataset",0.1
"11","HRA003620",3,0.4,"dataset","dataset",0.0136363636363636
"12","HRA003620",1,0.4,"dataset","dataset",0.00952380952380952
"0","InhouseData",0,0.4,"dataset","dataset",0
"1","InhouseData",61,0.4,"dataset","dataset",0.0285848172446111
"2","InhouseData",1645,0.4,"dataset","dataset",0.988581730769231
"3","InhouseData",1,0.4,"dataset","dataset",0.000627746390458255
"4","InhouseData",67,0.4,"dataset","dataset",0.0453008789722786
"5","InhouseData",44,0.4,"dataset","dataset",0.0351157222665603
"6","InhouseData",15,0.4,"dataset","dataset",0.0136736554238833
"7","InhouseData",118,0.4,"dataset","dataset",0.132584269662921
"8","InhouseData",93,0.4,"dataset","dataset",0.162587412587413
"9","InhouseData",110,0.4,"dataset","dataset",0.243362831858407
"10","InhouseData",53,0.4,"dataset","dataset",0.189285714285714
"11","InhouseData",14,0.4,"dataset","dataset",0.0636363636363636
"12","InhouseData",11,0.4,"dataset","dataset",0.104761904761905
"0","PRJNA662018",4839,0.4,"dataset","dataset",0.913018867924528
"1","PRJNA662018",1786,0.4,"dataset","dataset",0.836925960637301
"2","PRJNA662018",0,0.4,"dataset","dataset",0
"3","PRJNA662018",1535,0.4,"dataset","dataset",0.963590709353421
"4","PRJNA662018",1154,0.4,"dataset","dataset",0.78025693035835
"5","PRJNA662018",994,0.4,"dataset","dataset",0.793296089385475
"6","PRJNA662018",902,0.4,"dataset","dataset",0.822242479489517
"7","PRJNA662018",650,0.4,"dataset","dataset",0.730337078651685
"8","PRJNA662018",303,0.4,"dataset","dataset",0.52972027972028
"9","PRJNA662018",193,0.4,"dataset","dataset",0.426991150442478
"10","PRJNA662018",176,0.4,"dataset","dataset",0.628571428571429
"11","PRJNA662018",184,0.4,"dataset","dataset",0.836363636363636
"12","PRJNA662018",69,0.4,"dataset","dataset",0.657142857142857
"0","CNP0000460_P01N",12,0.4,"specimen_orig_ident","orig.ident",0.00226415094339623
"1","CNP0000460_P01N",0,0.4,"specimen_orig_ident","orig.ident",0
"2","CNP0000460_P01N",0,0.4,"specimen_orig_ident","orig.ident",0
"3","CNP0000460_P01N",4,0.4,"specimen_orig_ident","orig.ident",0.00251098556183302
"4","CNP0000460_P01N",9,0.4,"specimen_orig_ident","orig.ident",0.00608519269776876
"5","CNP0000460_P01N",7,0.4,"specimen_orig_ident","orig.ident",0.00558659217877095
"6","CNP0000460_P01N",8,0.4,"specimen_orig_ident","orig.ident",0.0072926162260711
"7","CNP0000460_P01N",3,0.4,"specimen_orig_ident","orig.ident",0.00337078651685393
"8","CNP0000460_P01N",13,0.4,"specimen_orig_ident","orig.ident",0.0227272727272727
"9","CNP0000460_P01N",4,0.4,"specimen_orig_ident","orig.ident",0.00884955752212389
"10","CNP0000460_P01N",0,0.4,"specimen_orig_ident","orig.ident",0
"11","CNP0000460_P01N",0,0.4,"specimen_orig_ident","orig.ident",0
"12","CNP0000460_P01N",1,0.4,"specimen_orig_ident","orig.ident",0.00952380952380952
"0","CNP0000460_P01T",2,0.4,"specimen_orig_ident","orig.ident",0.000377358490566038
"1","CNP0000460_P01T",25,0.4,"specimen_orig_ident","orig.ident",0.0117150890346767
"2","CNP0000460_P01T",0,0.4,"specimen_orig_ident","orig.ident",0
"3","CNP0000460_P01T",0,0.4,"specimen_orig_ident","orig.ident",0
"4","CNP0000460_P01T",12,0.4,"specimen_orig_ident","orig.ident",0.00811359026369168
"5","CNP0000460_P01T",4,0.4,"specimen_orig_ident","orig.ident",0.00319233838786911
"6","CNP0000460_P01T",1,0.4,"specimen_orig_ident","orig.ident",0.000911577028258888
"7","CNP0000460_P01T",1,0.4,"specimen_orig_ident","orig.ident",0.00112359550561798
"8","CNP0000460_P01T",5,0.4,"specimen_orig_ident","orig.ident",0.00874125874125874
"9","CNP0000460_P01T",0,0.4,"specimen_orig_ident","orig.ident",0
"10","CNP0000460_P01T",1,0.4,"specimen_orig_ident","orig.ident",0.00357142857142857
"11","CNP0000460_P01T",0,0.4,"specimen_orig_ident","orig.ident",0
"12","CNP0000460_P01T",2,0.4,"specimen_orig_ident","orig.ident",0.019047619047619
"0","CNP0000460_P02N",0,0.4,"specimen_orig_ident","orig.ident",0
"1","CNP0000460_P02N",0,0.4,"specimen_orig_ident","orig.ident",0
"2","CNP0000460_P02N",0,0.4,"specimen_orig_ident","orig.ident",0
"3","CNP0000460_P02N",0,0.4,"specimen_orig_ident","orig.ident",0
"4","CNP0000460_P02N",1,0.4,"specimen_orig_ident","orig.ident",0.000676132521974307
"5","CNP0000460_P02N",0,0.4,"specimen_orig_ident","orig.ident",0
"6","CNP0000460_P02N",1,0.4,"specimen_orig_ident","orig.ident",0.000911577028258888
"7","CNP0000460_P02N",1,0.4,"specimen_orig_ident","orig.ident",0.00112359550561798
"8","CNP0000460_P02N",0,0.4,"specimen_orig_ident","orig.ident",0
"9","CNP0000460_P02N",0,0.4,"specimen_orig_ident","orig.ident",0
"10","CNP0000460_P02N",0,0.4,"specimen_orig_ident","orig.ident",0
"11","CNP0000460_P02N",0,0.4,"specimen_orig_ident","orig.ident",0
"12","CNP0000460_P02N",0,0.4,"specimen_orig_ident","orig.ident",0
"0","CNP0000460_P02T",0,0.4,"specimen_orig_ident","orig.ident",0
"1","CNP0000460_P02T",5,0.4,"specimen_orig_ident","orig.ident",0.00234301780693533
"2","CNP0000460_P02T",0,0.4,"specimen_orig_ident","orig.ident",0
"3","CNP0000460_P02T",0,0.4,"specimen_orig_ident","orig.ident",0
"4","CNP0000460_P02T",5,0.4,"specimen_orig_ident","orig.ident",0.00338066260987153
"5","CNP0000460_P02T",3,0.4,"specimen_orig_ident","orig.ident",0.00239425379090184
"6","CNP0000460_P02T",2,0.4,"specimen_orig_ident","orig.ident",0.00182315405651778
"7","CNP0000460_P02T",2,0.4,"specimen_orig_ident","orig.ident",0.00224719101123596
"8","CNP0000460_P02T",4,0.4,"specimen_orig_ident","orig.ident",0.00699300699300699
"9","CNP0000460_P02T",0,0.4,"specimen_orig_ident","orig.ident",0
"10","CNP0000460_P02T",0,0.4,"specimen_orig_ident","orig.ident",0
"11","CNP0000460_P02T",0,0.4,"specimen_orig_ident","orig.ident",0
"12","CNP0000460_P02T",0,0.4,"specimen_orig_ident","orig.ident",0
"0","CNP0000460_P03N",2,0.4,"specimen_orig_ident","orig.ident",0.000377358490566038
"1","CNP0000460_P03N",0,0.4,"specimen_orig_ident","orig.ident",0
"2","CNP0000460_P03N",0,0.4,"specimen_orig_ident","orig.ident",0
"3","CNP0000460_P03N",0,0.4,"specimen_orig_ident","orig.ident",0
"4","CNP0000460_P03N",1,0.4,"specimen_orig_ident","orig.ident",0.000676132521974307
"5","CNP0000460_P03N",1,0.4,"specimen_orig_ident","orig.ident",0.000798084596967279
"6","CNP0000460_P03N",1,0.4,"specimen_orig_ident","orig.ident",0.000911577028258888
"7","CNP0000460_P03N",0,0.4,"specimen_orig_ident","orig.ident",0
"8","CNP0000460_P03N",2,0.4,"specimen_orig_ident","orig.ident",0.0034965034965035
"9","CNP0000460_P03N",11,0.4,"specimen_orig_ident","orig.ident",0.0243362831858407
"10","CNP0000460_P03N",0,0.4,"specimen_orig_ident","orig.ident",0
"11","CNP0000460_P03N",0,0.4,"specimen_orig_ident","orig.ident",0
"12","CNP0000460_P03N",0,0.4,"specimen_orig_ident","orig.ident",0
"0","CNP0000460_P03T",1,0.4,"specimen_orig_ident","orig.ident",0.000188679245283019
"1","CNP0000460_P03T",0,0.4,"specimen_orig_ident","orig.ident",0
"2","CNP0000460_P03T",0,0.4,"specimen_orig_ident","orig.ident",0
"3","CNP0000460_P03T",1,0.4,"specimen_orig_ident","orig.ident",0.000627746390458255
"4","CNP0000460_P03T",0,0.4,"specimen_orig_ident","orig.ident",0
"5","CNP0000460_P03T",1,0.4,"specimen_orig_ident","orig.ident",0.000798084596967279
"6","CNP0000460_P03T",1,0.4,"specimen_orig_ident","orig.ident",0.000911577028258888
"7","CNP0000460_P03T",0,0.4,"specimen_orig_ident","orig.ident",0
"8","CNP0000460_P03T",2,0.4,"specimen_orig_ident","orig.ident",0.0034965034965035
"9","CNP0000460_P03T",10,0.4,"specimen_orig_ident","orig.ident",0.0221238938053097
"10","CNP0000460_P03T",0,0.4,"specimen_orig_ident","orig.ident",0
"11","CNP0000460_P03T",0,0.4,"specimen_orig_ident","orig.ident",0
"12","CNP0000460_P03T",0,0.4,"specimen_orig_ident","orig.ident",0
"0","CNP0000460_P04T",2,0.4,"specimen_orig_ident","orig.ident",0.000377358490566038
"1","CNP0000460_P04T",31,0.4,"specimen_orig_ident","orig.ident",0.0145267104029991
"2","CNP0000460_P04T",0,0.4,"specimen_orig_ident","orig.ident",0
"3","CNP0000460_P04T",0,0.4,"specimen_orig_ident","orig.ident",0
"4","CNP0000460_P04T",10,0.4,"specimen_orig_ident","orig.ident",0.00676132521974307
"5","CNP0000460_P04T",7,0.4,"specimen_orig_ident","orig.ident",0.00558659217877095
"6","CNP0000460_P04T",2,0.4,"specimen_orig_ident","orig.ident",0.00182315405651778
"7","CNP0000460_P04T",3,0.4,"specimen_orig_ident","orig.ident",0.00337078651685393
"8","CNP0000460_P04T",37,0.4,"specimen_orig_ident","orig.ident",0.0646853146853147
"9","CNP0000460_P04T",0,0.4,"specimen_orig_ident","orig.ident",0
"10","CNP0000460_P04T",1,0.4,"specimen_orig_ident","orig.ident",0.00357142857142857
"11","CNP0000460_P04T",1,0.4,"specimen_orig_ident","orig.ident",0.00454545454545455
"12","CNP0000460_P04T",1,0.4,"specimen_orig_ident","orig.ident",0.00952380952380952
"0","CNP0000460_P05N",2,0.4,"specimen_orig_ident","orig.ident",0.000377358490566038
"1","CNP0000460_P05N",0,0.4,"specimen_orig_ident","orig.ident",0
"2","CNP0000460_P05N",0,0.4,"specimen_orig_ident","orig.ident",0
"3","CNP0000460_P05N",0,0.4,"specimen_orig_ident","orig.ident",0
"4","CNP0000460_P05N",0,0.4,"specimen_orig_ident","orig.ident",0
"5","CNP0000460_P05N",0,0.4,"specimen_orig_ident","orig.ident",0
"6","CNP0000460_P05N",0,0.4,"specimen_orig_ident","orig.ident",0
"7","CNP0000460_P05N",0,0.4,"specimen_orig_ident","orig.ident",0
"8","CNP0000460_P05N",0,0.4,"specimen_orig_ident","orig.ident",0
"9","CNP0000460_P05N",1,0.4,"specimen_orig_ident","orig.ident",0.00221238938053097
"10","CNP0000460_P05N",0,0.4,"specimen_orig_ident","orig.ident",0
"11","CNP0000460_P05N",0,0.4,"specimen_orig_ident","orig.ident",0
"12","CNP0000460_P05N",0,0.4,"specimen_orig_ident","orig.ident",0
"0","CNP0000460_P05T",1,0.4,"specimen_orig_ident","orig.ident",0.000188679245283019
"1","CNP0000460_P05T",51,0.4,"specimen_orig_ident","orig.ident",0.0238987816307404
"2","CNP0000460_P05T",0,0.4,"specimen_orig_ident","orig.ident",0
"3","CNP0000460_P05T",7,0.4,"specimen_orig_ident","orig.ident",0.00439422473320778
"4","CNP0000460_P05T",31,0.4,"specimen_orig_ident","orig.ident",0.0209601081812035
"5","CNP0000460_P05T",8,0.4,"specimen_orig_ident","orig.ident",0.00638467677573823
"6","CNP0000460_P05T",3,0.4,"specimen_orig_ident","orig.ident",0.00273473108477666
"7","CNP0000460_P05T",2,0.4,"specimen_orig_ident","orig.ident",0.00224719101123596
"8","CNP0000460_P05T",23,0.4,"specimen_orig_ident","orig.ident",0.0402097902097902
"9","CNP0000460_P05T",0,0.4,"specimen_orig_ident","orig.ident",0
"10","CNP0000460_P05T",1,0.4,"specimen_orig_ident","orig.ident",0.00357142857142857
"11","CNP0000460_P05T",0,0.4,"specimen_orig_ident","orig.ident",0
"12","CNP0000460_P05T",2,0.4,"specimen_orig_ident","orig.ident",0.019047619047619
"0","CNP0000460_P06T",6,0.4,"specimen_orig_ident","orig.ident",0.00113207547169811
"1","CNP0000460_P06T",35,0.4,"specimen_orig_ident","orig.ident",0.0164011246485473
"2","CNP0000460_P06T",0,0.4,"specimen_orig_ident","orig.ident",0
"3","CNP0000460_P06T",6,0.4,"specimen_orig_ident","orig.ident",0.00376647834274953
"4","CNP0000460_P06T",31,0.4,"specimen_orig_ident","orig.ident",0.0209601081812035
"5","CNP0000460_P06T",13,0.4,"specimen_orig_ident","orig.ident",0.0103750997605746
"6","CNP0000460_P06T",9,0.4,"specimen_orig_ident","orig.ident",0.00820419325432999
"7","CNP0000460_P06T",22,0.4,"specimen_orig_ident","orig.ident",0.0247191011235955
"8","CNP0000460_P06T",25,0.4,"specimen_orig_ident","orig.ident",0.0437062937062937
"9","CNP0000460_P06T",0,0.4,"specimen_orig_ident","orig.ident",0
"10","CNP0000460_P06T",1,0.4,"specimen_orig_ident","orig.ident",0.00357142857142857
"11","CNP0000460_P06T",2,0.4,"specimen_orig_ident","orig.ident",0.00909090909090909
"12","CNP0000460_P06T",2,0.4,"specimen_orig_ident","orig.ident",0.019047619047619
"0","CNP0000460_P07N",2,0.4,"specimen_orig_ident","orig.ident",0.000377358490566038
"1","CNP0000460_P07N",0,0.4,"specimen_orig_ident","orig.ident",0
"2","CNP0000460_P07N",0,0.4,"specimen_orig_ident","orig.ident",0
"3","CNP0000460_P07N",0,0.4,"specimen_orig_ident","orig.ident",0
"4","CNP0000460_P07N",1,0.4,"specimen_orig_ident","orig.ident",0.000676132521974307
"5","CNP0000460_P07N",0,0.4,"specimen_orig_ident","orig.ident",0
"6","CNP0000460_P07N",0,0.4,"specimen_orig_ident","orig.ident",0
"7","CNP0000460_P07N",0,0.4,"specimen_orig_ident","orig.ident",0
"8","CNP0000460_P07N",1,0.4,"specimen_orig_ident","orig.ident",0.00174825174825175
"9","CNP0000460_P07N",17,0.4,"specimen_orig_ident","orig.ident",0.0376106194690266
"10","CNP0000460_P07N",1,0.4,"specimen_orig_ident","orig.ident",0.00357142857142857
"11","CNP0000460_P07N",0,0.4,"specimen_orig_ident","orig.ident",0
"12","CNP0000460_P07N",1,0.4,"specimen_orig_ident","orig.ident",0.00952380952380952
"0","CNP0000460_P07T",10,0.4,"specimen_orig_ident","orig.ident",0.00188679245283019
"1","CNP0000460_P07T",46,0.4,"specimen_orig_ident","orig.ident",0.0215557638238051
"2","CNP0000460_P07T",0,0.4,"specimen_orig_ident","orig.ident",0
"3","CNP0000460_P07T",16,0.4,"specimen_orig_ident","orig.ident",0.0100439422473321
"4","CNP0000460_P07T",71,0.4,"specimen_orig_ident","orig.ident",0.0480054090601758
"5","CNP0000460_P07T",13,0.4,"specimen_orig_ident","orig.ident",0.0103750997605746
"6","CNP0000460_P07T",43,0.4,"specimen_orig_ident","orig.ident",0.0391978122151322
"7","CNP0000460_P07T",7,0.4,"specimen_orig_ident","orig.ident",0.00786516853932584
"8","CNP0000460_P07T",25,0.4,"specimen_orig_ident","orig.ident",0.0437062937062937
"9","CNP0000460_P07T",0,0.4,"specimen_orig_ident","orig.ident",0
"10","CNP0000460_P07T",1,0.4,"specimen_orig_ident","orig.ident",0.00357142857142857
"11","CNP0000460_P07T",6,0.4,"specimen_orig_ident","orig.ident",0.0272727272727273
"12","CNP0000460_P07T",6,0.4,"specimen_orig_ident","orig.ident",0.0571428571428571
"0","GSE326225_BC1",0,0.4,"specimen_orig_ident","orig.ident",0
"1","GSE326225_BC1",1,0.4,"specimen_orig_ident","orig.ident",0.000468603561387067
"2","GSE326225_BC1",0,0.4,"specimen_orig_ident","orig.ident",0
"3","GSE326225_BC1",0,0.4,"specimen_orig_ident","orig.ident",0
"4","GSE326225_BC1",5,0.4,"specimen_orig_ident","orig.ident",0.00338066260987153
"5","GSE326225_BC1",0,0.4,"specimen_orig_ident","orig.ident",0
"6","GSE326225_BC1",1,0.4,"specimen_orig_ident","orig.ident",0.000911577028258888
"7","GSE326225_BC1",6,0.4,"specimen_orig_ident","orig.ident",0.00674157303370787
"8","GSE326225_BC1",4,0.4,"specimen_orig_ident","orig.ident",0.00699300699300699
"9","GSE326225_BC1",0,0.4,"specimen_orig_ident","orig.ident",0
"10","GSE326225_BC1",14,0.4,"specimen_orig_ident","orig.ident",0.05
"11","GSE326225_BC1",1,0.4,"specimen_orig_ident","orig.ident",0.00454545454545455
"12","GSE326225_BC1",1,0.4,"specimen_orig_ident","orig.ident",0.00952380952380952
"0","GSE326225_BC2",0,0.4,"specimen_orig_ident","orig.ident",0
"1","GSE326225_BC2",4,0.4,"specimen_orig_ident","orig.ident",0.00187441424554827
"2","GSE326225_BC2",0,0.4,"specimen_orig_ident","orig.ident",0
"3","GSE326225_BC2",0,0.4,"specimen_orig_ident","orig.ident",0
"4","GSE326225_BC2",4,0.4,"specimen_orig_ident","orig.ident",0.00270453008789723
"5","GSE326225_BC2",0,0.4,"specimen_orig_ident","orig.ident",0
"6","GSE326225_BC2",0,0.4,"specimen_orig_ident","orig.ident",0
"7","GSE326225_BC2",0,0.4,"specimen_orig_ident","orig.ident",0
"8","GSE326225_BC2",3,0.4,"specimen_orig_ident","orig.ident",0.00524475524475524
"9","GSE326225_BC2",0,0.4,"specimen_orig_ident","orig.ident",0
"10","GSE326225_BC2",0,0.4,"specimen_orig_ident","orig.ident",0
"11","GSE326225_BC2",0,0.4,"specimen_orig_ident","orig.ident",0
"12","GSE326225_BC2",0,0.4,"specimen_orig_ident","orig.ident",0
"0","GSE326225_BC3",0,0.4,"specimen_orig_ident","orig.ident",0
"1","GSE326225_BC3",7,0.4,"specimen_orig_ident","orig.ident",0.00328022492970947
"2","GSE326225_BC3",0,0.4,"specimen_orig_ident","orig.ident",0
"3","GSE326225_BC3",0,0.4,"specimen_orig_ident","orig.ident",0
"4","GSE326225_BC3",3,0.4,"specimen_orig_ident","orig.ident",0.00202839756592292
"5","GSE326225_BC3",1,0.4,"specimen_orig_ident","orig.ident",0.000798084596967279
"6","GSE326225_BC3",1,0.4,"specimen_orig_ident","orig.ident",0.000911577028258888
"7","GSE326225_BC3",0,0.4,"specimen_orig_ident","orig.ident",0
"8","GSE326225_BC3",1,0.4,"specimen_orig_ident","orig.ident",0.00174825174825175
"9","GSE326225_BC3",0,0.4,"specimen_orig_ident","orig.ident",0
"10","GSE326225_BC3",1,0.4,"specimen_orig_ident","orig.ident",0.00357142857142857
"11","GSE326225_BC3",3,0.4,"specimen_orig_ident","orig.ident",0.0136363636363636
"12","GSE326225_BC3",0,0.4,"specimen_orig_ident","orig.ident",0
"0","GSE326225_BC4",0,0.4,"specimen_orig_ident","orig.ident",0
"1","GSE326225_BC4",2,0.4,"specimen_orig_ident","orig.ident",0.000937207122774133
"2","GSE326225_BC4",0,0.4,"specimen_orig_ident","orig.ident",0
"3","GSE326225_BC4",0,0.4,"specimen_orig_ident","orig.ident",0
"4","GSE326225_BC4",1,0.4,"specimen_orig_ident","orig.ident",0.000676132521974307
"5","GSE326225_BC4",0,0.4,"specimen_orig_ident","orig.ident",0
"6","GSE326225_BC4",0,0.4,"specimen_orig_ident","orig.ident",0
"7","GSE326225_BC4",4,0.4,"specimen_orig_ident","orig.ident",0.00449438202247191
"8","GSE326225_BC4",0,0.4,"specimen_orig_ident","orig.ident",0
"9","GSE326225_BC4",0,0.4,"specimen_orig_ident","orig.ident",0
"10","GSE326225_BC4",0,0.4,"specimen_orig_ident","orig.ident",0
"11","GSE326225_BC4",3,0.4,"specimen_orig_ident","orig.ident",0.0136363636363636
"12","GSE326225_BC4",0,0.4,"specimen_orig_ident","orig.ident",0
"0","GSE326225_BC5",0,0.4,"specimen_orig_ident","orig.ident",0
"1","GSE326225_BC5",0,0.4,"specimen_orig_ident","orig.ident",0
"2","GSE326225_BC5",0,0.4,"specimen_orig_ident","orig.ident",0
"3","GSE326225_BC5",0,0.4,"specimen_orig_ident","orig.ident",0
"4","GSE326225_BC5",0,0.4,"specimen_orig_ident","orig.ident",0
"5","GSE326225_BC5",0,0.4,"specimen_orig_ident","orig.ident",0
"6","GSE326225_BC5",0,0.4,"specimen_orig_ident","orig.ident",0
"7","GSE326225_BC5",0,0.4,"specimen_orig_ident","orig.ident",0
"8","GSE326225_BC5",0,0.4,"specimen_orig_ident","orig.ident",0
"9","GSE326225_BC5",0,0.4,"specimen_orig_ident","orig.ident",0
"10","GSE326225_BC5",1,0.4,"specimen_orig_ident","orig.ident",0.00357142857142857
"11","GSE326225_BC5",0,0.4,"specimen_orig_ident","orig.ident",0
"12","GSE326225_BC5",0,0.4,"specimen_orig_ident","orig.ident",0
"0","GSE326225_BC6",1,0.4,"specimen_orig_ident","orig.ident",0.000188679245283019
"1","GSE326225_BC6",37,0.4,"specimen_orig_ident","orig.ident",0.0173383317713215
"2","GSE326225_BC6",11,0.4,"specimen_orig_ident","orig.ident",0.00661057692307692
"3","GSE326225_BC6",7,0.4,"specimen_orig_ident","orig.ident",0.00439422473320778
"4","GSE326225_BC6",30,0.4,"specimen_orig_ident","orig.ident",0.0202839756592292
"5","GSE326225_BC6",23,0.4,"specimen_orig_ident","orig.ident",0.0183559457302474
"6","GSE326225_BC6",13,0.4,"specimen_orig_ident","orig.ident",0.0118505013673655
"7","GSE326225_BC6",8,0.4,"specimen_orig_ident","orig.ident",0.00898876404494382
"8","GSE326225_BC6",2,0.4,"specimen_orig_ident","orig.ident",0.0034965034965035
"9","GSE326225_BC6",0,0.4,"specimen_orig_ident","orig.ident",0
"10","GSE326225_BC6",1,0.4,"specimen_orig_ident","orig.ident",0.00357142857142857
"11","GSE326225_BC6",3,0.4,"specimen_orig_ident","orig.ident",0.0136363636363636
"12","GSE326225_BC6",7,0.4,"specimen_orig_ident","orig.ident",0.0666666666666667
"0","GSE326225_BC7",18,0.4,"specimen_orig_ident","orig.ident",0.00339622641509434
"1","GSE326225_BC7",30,0.4,"specimen_orig_ident","orig.ident",0.014058106841612
"2","GSE326225_BC7",8,0.4,"specimen_orig_ident","orig.ident",0.00480769230769231
"3","GSE326225_BC7",7,0.4,"specimen_orig_ident","orig.ident",0.00439422473320778
"4","GSE326225_BC7",35,0.4,"specimen_orig_ident","orig.ident",0.0236646382691007
"5","GSE326225_BC7",25,0.4,"specimen_orig_ident","orig.ident",0.019952114924182
"6","GSE326225_BC7",37,0.4,"specimen_orig_ident","orig.ident",0.0337283500455789
"7","GSE326225_BC7",5,0.4,"specimen_orig_ident","orig.ident",0.00561797752808989
"8","GSE326225_BC7",0,0.4,"specimen_orig_ident","orig.ident",0
"9","GSE326225_BC7",0,0.4,"specimen_orig_ident","orig.ident",0
"10","GSE326225_BC7",0,0.4,"specimen_orig_ident","orig.ident",0
"11","GSE326225_BC7",0,0.4,"specimen_orig_ident","orig.ident",0
"12","GSE326225_BC7",1,0.4,"specimen_orig_ident","orig.ident",0.00952380952380952
"0","GSE326225_BC8",0,0.4,"specimen_orig_ident","orig.ident",0
"1","GSE326225_BC8",2,0.4,"specimen_orig_ident","orig.ident",0.000937207122774133
"2","GSE326225_BC8",0,0.4,"specimen_orig_ident","orig.ident",0
"3","GSE326225_BC8",0,0.4,"specimen_orig_ident","orig.ident",0
"4","GSE326225_BC8",2,0.4,"specimen_orig_ident","orig.ident",0.00135226504394861
"5","GSE326225_BC8",0,0.4,"specimen_orig_ident","orig.ident",0
"6","GSE326225_BC8",0,0.4,"specimen_orig_ident","orig.ident",0
"7","GSE326225_BC8",0,0.4,"specimen_orig_ident","orig.ident",0
"8","GSE326225_BC8",0,0.4,"specimen_orig_ident","orig.ident",0
"9","GSE326225_BC8",0,0.4,"specimen_orig_ident","orig.ident",0
"10","GSE326225_BC8",0,0.4,"specimen_orig_ident","orig.ident",0
"11","GSE326225_BC8",0,0.4,"specimen_orig_ident","orig.ident",0
"12","GSE326225_BC8",0,0.4,"specimen_orig_ident","orig.ident",0
"0","HRA003620_BC-01",0,0.4,"specimen_orig_ident","orig.ident",0
"1","HRA003620_BC-01",0,0.4,"specimen_orig_ident","orig.ident",0
"2","HRA003620_BC-01",0,0.4,"specimen_orig_ident","orig.ident",0
"3","HRA003620_BC-01",0,0.4,"specimen_orig_ident","orig.ident",0
"4","HRA003620_BC-01",0,0.4,"specimen_orig_ident","orig.ident",0
"5","HRA003620_BC-01",0,0.4,"specimen_orig_ident","orig.ident",0
"6","HRA003620_BC-01",0,0.4,"specimen_orig_ident","orig.ident",0
"7","HRA003620_BC-01",0,0.4,"specimen_orig_ident","orig.ident",0
"8","HRA003620_BC-01",0,0.4,"specimen_orig_ident","orig.ident",0
"9","HRA003620_BC-01",5,0.4,"specimen_orig_ident","orig.ident",0.0110619469026549
"10","HRA003620_BC-01",0,0.4,"specimen_orig_ident","orig.ident",0
"11","HRA003620_BC-01",0,0.4,"specimen_orig_ident","orig.ident",0
"12","HRA003620_BC-01",0,0.4,"specimen_orig_ident","orig.ident",0
"0","HRA003620_BC-04",14,0.4,"specimen_orig_ident","orig.ident",0.00264150943396226
"1","HRA003620_BC-04",5,0.4,"specimen_orig_ident","orig.ident",0.00234301780693533
"2","HRA003620_BC-04",0,0.4,"specimen_orig_ident","orig.ident",0
"3","HRA003620_BC-04",0,0.4,"specimen_orig_ident","orig.ident",0
"4","HRA003620_BC-04",1,0.4,"specimen_orig_ident","orig.ident",0.000676132521974307
"5","HRA003620_BC-04",9,0.4,"specimen_orig_ident","orig.ident",0.00718276137270551
"6","HRA003620_BC-04",2,0.4,"specimen_orig_ident","orig.ident",0.00182315405651778
"7","HRA003620_BC-04",0,0.4,"specimen_orig_ident","orig.ident",0
"8","HRA003620_BC-04",1,0.4,"specimen_orig_ident","orig.ident",0.00174825174825175
"9","HRA003620_BC-04",3,0.4,"specimen_orig_ident","orig.ident",0.00663716814159292
"10","HRA003620_BC-04",0,0.4,"specimen_orig_ident","orig.ident",0
"11","HRA003620_BC-04",1,0.4,"specimen_orig_ident","orig.ident",0.00454545454545455
"12","HRA003620_BC-04",0,0.4,"specimen_orig_ident","orig.ident",0
"0","HRA003620_BC-05",1,0.4,"specimen_orig_ident","orig.ident",0.000188679245283019
"1","HRA003620_BC-05",0,0.4,"specimen_orig_ident","orig.ident",0
"2","HRA003620_BC-05",0,0.4,"specimen_orig_ident","orig.ident",0
"3","HRA003620_BC-05",0,0.4,"specimen_orig_ident","orig.ident",0
"4","HRA003620_BC-05",0,0.4,"specimen_orig_ident","orig.ident",0
"5","HRA003620_BC-05",0,0.4,"specimen_orig_ident","orig.ident",0
"6","HRA003620_BC-05",1,0.4,"specimen_orig_ident","orig.ident",0.000911577028258888
"7","HRA003620_BC-05",1,0.4,"specimen_orig_ident","orig.ident",0.00112359550561798
"8","HRA003620_BC-05",0,0.4,"specimen_orig_ident","orig.ident",0
"9","HRA003620_BC-05",0,0.4,"specimen_orig_ident","orig.ident",0
"10","HRA003620_BC-05",0,0.4,"specimen_orig_ident","orig.ident",0
"11","HRA003620_BC-05",0,0.4,"specimen_orig_ident","orig.ident",0
"12","HRA003620_BC-05",0,0.4,"specimen_orig_ident","orig.ident",0
"0","HRA003620_BC-11",2,0.4,"specimen_orig_ident","orig.ident",0.000377358490566038
"1","HRA003620_BC-11",2,0.4,"specimen_orig_ident","orig.ident",0.000937207122774133
"2","HRA003620_BC-11",0,0.4,"specimen_orig_ident","orig.ident",0
"3","HRA003620_BC-11",0,0.4,"specimen_orig_ident","orig.ident",0
"4","HRA003620_BC-11",0,0.4,"specimen_orig_ident","orig.ident",0
"5","HRA003620_BC-11",0,0.4,"specimen_orig_ident","orig.ident",0
"6","HRA003620_BC-11",0,0.4,"specimen_orig_ident","orig.ident",0
"7","HRA003620_BC-11",0,0.4,"specimen_orig_ident","orig.ident",0
"8","HRA003620_BC-11",0,0.4,"specimen_orig_ident","orig.ident",0
"9","HRA003620_BC-11",0,0.4,"specimen_orig_ident","orig.ident",0
"10","HRA003620_BC-11",0,0.4,"specimen_orig_ident","orig.ident",0
"11","HRA003620_BC-11",0,0.4,"specimen_orig_ident","orig.ident",0
"12","HRA003620_BC-11",0,0.4,"specimen_orig_ident","orig.ident",0
"0","HRA003620_BC-24",3,0.4,"specimen_orig_ident","orig.ident",0.000566037735849057
"1","HRA003620_BC-24",0,0.4,"specimen_orig_ident","orig.ident",0
"2","HRA003620_BC-24",0,0.4,"specimen_orig_ident","orig.ident",0
"3","HRA003620_BC-24",1,0.4,"specimen_orig_ident","orig.ident",0.000627746390458255
"4","HRA003620_BC-24",0,0.4,"specimen_orig_ident","orig.ident",0
"5","HRA003620_BC-24",2,0.4,"specimen_orig_ident","orig.ident",0.00159616919393456
"6","HRA003620_BC-24",1,0.4,"specimen_orig_ident","orig.ident",0.000911577028258888
"7","HRA003620_BC-24",1,0.4,"specimen_orig_ident","orig.ident",0.00112359550561798
"8","HRA003620_BC-24",2,0.4,"specimen_orig_ident","orig.ident",0.0034965034965035
"9","HRA003620_BC-24",5,0.4,"specimen_orig_ident","orig.ident",0.0110619469026549
"10","HRA003620_BC-24",0,0.4,"specimen_orig_ident","orig.ident",0
"11","HRA003620_BC-24",0,0.4,"specimen_orig_ident","orig.ident",0
"12","HRA003620_BC-24",0,0.4,"specimen_orig_ident","orig.ident",0
"0","HRA003620_BC-27",15,0.4,"specimen_orig_ident","orig.ident",0.00283018867924528
"1","HRA003620_BC-27",3,0.4,"specimen_orig_ident","orig.ident",0.0014058106841612
"2","HRA003620_BC-27",0,0.4,"specimen_orig_ident","orig.ident",0
"3","HRA003620_BC-27",0,0.4,"specimen_orig_ident","orig.ident",0
"4","HRA003620_BC-27",1,0.4,"specimen_orig_ident","orig.ident",0.000676132521974307
"5","HRA003620_BC-27",5,0.4,"specimen_orig_ident","orig.ident",0.00399042298483639
"6","HRA003620_BC-27",2,0.4,"specimen_orig_ident","orig.ident",0.00182315405651778
"7","HRA003620_BC-27",7,0.4,"specimen_orig_ident","orig.ident",0.00786516853932584
"8","HRA003620_BC-27",3,0.4,"specimen_orig_ident","orig.ident",0.00524475524475524
"9","HRA003620_BC-27",8,0.4,"specimen_orig_ident","orig.ident",0.0176991150442478
"10","HRA003620_BC-27",0,0.4,"specimen_orig_ident","orig.ident",0
"11","HRA003620_BC-27",0,0.4,"specimen_orig_ident","orig.ident",0
"12","HRA003620_BC-27",0,0.4,"specimen_orig_ident","orig.ident",0
"0","HRA003620_BC-30",2,0.4,"specimen_orig_ident","orig.ident",0.000377358490566038
"1","HRA003620_BC-30",1,0.4,"specimen_orig_ident","orig.ident",0.000468603561387067
"2","HRA003620_BC-30",0,0.4,"specimen_orig_ident","orig.ident",0
"3","HRA003620_BC-30",0,0.4,"specimen_orig_ident","orig.ident",0
"4","HRA003620_BC-30",0,0.4,"specimen_orig_ident","orig.ident",0
"5","HRA003620_BC-30",2,0.4,"specimen_orig_ident","orig.ident",0.00159616919393456
"6","HRA003620_BC-30",1,0.4,"specimen_orig_ident","orig.ident",0.000911577028258888
"7","HRA003620_BC-30",0,0.4,"specimen_orig_ident","orig.ident",0
"8","HRA003620_BC-30",0,0.4,"specimen_orig_ident","orig.ident",0
"9","HRA003620_BC-30",0,0.4,"specimen_orig_ident","orig.ident",0
"10","HRA003620_BC-30",0,0.4,"specimen_orig_ident","orig.ident",0
"11","HRA003620_BC-30",0,0.4,"specimen_orig_ident","orig.ident",0
"12","HRA003620_BC-30",0,0.4,"specimen_orig_ident","orig.ident",0
"0","HRA003620_NC-04",38,0.4,"specimen_orig_ident","orig.ident",0.00716981132075472
"1","HRA003620_NC-04",0,0.4,"specimen_orig_ident","orig.ident",0
"2","HRA003620_NC-04",0,0.4,"specimen_orig_ident","orig.ident",0
"3","HRA003620_NC-04",0,0.4,"specimen_orig_ident","orig.ident",0
"4","HRA003620_NC-04",0,0.4,"specimen_orig_ident","orig.ident",0
"5","HRA003620_NC-04",10,0.4,"specimen_orig_ident","orig.ident",0.00798084596967279
"6","HRA003620_NC-04",3,0.4,"specimen_orig_ident","orig.ident",0.00273473108477666
"7","HRA003620_NC-04",0,0.4,"specimen_orig_ident","orig.ident",0
"8","HRA003620_NC-04",1,0.4,"specimen_orig_ident","orig.ident",0.00174825174825175
"9","HRA003620_NC-04",34,0.4,"specimen_orig_ident","orig.ident",0.0752212389380531
"10","HRA003620_NC-04",2,0.4,"specimen_orig_ident","orig.ident",0.00714285714285714
"11","HRA003620_NC-04",0,0.4,"specimen_orig_ident","orig.ident",0
"12","HRA003620_NC-04",0,0.4,"specimen_orig_ident","orig.ident",0
"0","HRA003620_NC-05",65,0.4,"specimen_orig_ident","orig.ident",0.0122641509433962
"1","HRA003620_NC-05",0,0.4,"specimen_orig_ident","orig.ident",0
"2","HRA003620_NC-05",0,0.4,"specimen_orig_ident","orig.ident",0
"3","HRA003620_NC-05",3,0.4,"specimen_orig_ident","orig.ident",0.00188323917137476
"4","HRA003620_NC-05",2,0.4,"specimen_orig_ident","orig.ident",0.00135226504394861
"5","HRA003620_NC-05",4,0.4,"specimen_orig_ident","orig.ident",0.00319233838786911
"6","HRA003620_NC-05",4,0.4,"specimen_orig_ident","orig.ident",0.00364630811303555
"7","HRA003620_NC-05",7,0.4,"specimen_orig_ident","orig.ident",0.00786516853932584
"8","HRA003620_NC-05",0,0.4,"specimen_orig_ident","orig.ident",0
"9","HRA003620_NC-05",12,0.4,"specimen_orig_ident","orig.ident",0.0265486725663717
"10","HRA003620_NC-05",14,0.4,"specimen_orig_ident","orig.ident",0.05
"11","HRA003620_NC-05",1,0.4,"specimen_orig_ident","orig.ident",0.00454545454545455
"12","HRA003620_NC-05",1,0.4,"specimen_orig_ident","orig.ident",0.00952380952380952
"0","HRA003620_NC-11",24,0.4,"specimen_orig_ident","orig.ident",0.00452830188679245
"1","HRA003620_NC-11",0,0.4,"specimen_orig_ident","orig.ident",0
"2","HRA003620_NC-11",0,0.4,"specimen_orig_ident","orig.ident",0
"3","HRA003620_NC-11",0,0.4,"specimen_orig_ident","orig.ident",0
"4","HRA003620_NC-11",0,0.4,"specimen_orig_ident","orig.ident",0
"5","HRA003620_NC-11",8,0.4,"specimen_orig_ident","orig.ident",0.00638467677573823
"6","HRA003620_NC-11",1,0.4,"specimen_orig_ident","orig.ident",0.000911577028258888
"7","HRA003620_NC-11",5,0.4,"specimen_orig_ident","orig.ident",0.00561797752808989
"8","HRA003620_NC-11",0,0.4,"specimen_orig_ident","orig.ident",0
"9","HRA003620_NC-11",10,0.4,"specimen_orig_ident","orig.ident",0.0221238938053097
"10","HRA003620_NC-11",1,0.4,"specimen_orig_ident","orig.ident",0.00357142857142857
"11","HRA003620_NC-11",0,0.4,"specimen_orig_ident","orig.ident",0
"12","HRA003620_NC-11",0,0.4,"specimen_orig_ident","orig.ident",0
"0","HRA003620_NC-24",34,0.4,"specimen_orig_ident","orig.ident",0.00641509433962264
"1","HRA003620_NC-24",0,0.4,"specimen_orig_ident","orig.ident",0
"2","HRA003620_NC-24",0,0.4,"specimen_orig_ident","orig.ident",0
"3","HRA003620_NC-24",0,0.4,"specimen_orig_ident","orig.ident",0
"4","HRA003620_NC-24",1,0.4,"specimen_orig_ident","orig.ident",0.000676132521974307
"5","HRA003620_NC-24",13,0.4,"specimen_orig_ident","orig.ident",0.0103750997605746
"6","HRA003620_NC-24",7,0.4,"specimen_orig_ident","orig.ident",0.00638103919781222
"7","HRA003620_NC-24",3,0.4,"specimen_orig_ident","orig.ident",0.00337078651685393
"8","HRA003620_NC-24",6,0.4,"specimen_orig_ident","orig.ident",0.0104895104895105
"9","HRA003620_NC-24",10,0.4,"specimen_orig_ident","orig.ident",0.0221238938053097
"10","HRA003620_NC-24",0,0.4,"specimen_orig_ident","orig.ident",0
"11","HRA003620_NC-24",0,0.4,"specimen_orig_ident","orig.ident",0
"12","HRA003620_NC-24",0,0.4,"specimen_orig_ident","orig.ident",0
"0","HRA003620_NC-27",36,0.4,"specimen_orig_ident","orig.ident",0.00679245283018868
"1","HRA003620_NC-27",0,0.4,"specimen_orig_ident","orig.ident",0
"2","HRA003620_NC-27",0,0.4,"specimen_orig_ident","orig.ident",0
"3","HRA003620_NC-27",2,0.4,"specimen_orig_ident","orig.ident",0.00125549278091651
"4","HRA003620_NC-27",1,0.4,"specimen_orig_ident","orig.ident",0.000676132521974307
"5","HRA003620_NC-27",15,0.4,"specimen_orig_ident","orig.ident",0.0119712689545092
"6","HRA003620_NC-27",6,0.4,"specimen_orig_ident","orig.ident",0.00546946216955333
"7","HRA003620_NC-27",4,0.4,"specimen_orig_ident","orig.ident",0.00449438202247191
"8","HRA003620_NC-27",16,0.4,"specimen_orig_ident","orig.ident",0.027972027972028
"9","HRA003620_NC-27",5,0.4,"specimen_orig_ident","orig.ident",0.0110619469026549
"10","HRA003620_NC-27",0,0.4,"specimen_orig_ident","orig.ident",0
"11","HRA003620_NC-27",0,0.4,"specimen_orig_ident","orig.ident",0
"12","HRA003620_NC-27",0,0.4,"specimen_orig_ident","orig.ident",0
"0","HRA003620_NC-30",168,0.4,"specimen_orig_ident","orig.ident",0.0316981132075472
"1","HRA003620_NC-30",0,0.4,"specimen_orig_ident","orig.ident",0
"2","HRA003620_NC-30",0,0.4,"specimen_orig_ident","orig.ident",0
"3","HRA003620_NC-30",3,0.4,"specimen_orig_ident","orig.ident",0.00188323917137476
"4","HRA003620_NC-30",0,0.4,"specimen_orig_ident","orig.ident",0
"5","HRA003620_NC-30",41,0.4,"specimen_orig_ident","orig.ident",0.0327214684756584
"6","HRA003620_NC-30",29,0.4,"specimen_orig_ident","orig.ident",0.0264357338195077
"7","HRA003620_NC-30",30,0.4,"specimen_orig_ident","orig.ident",0.0337078651685393
"8","HRA003620_NC-30",0,0.4,"specimen_orig_ident","orig.ident",0
"9","HRA003620_NC-30",14,0.4,"specimen_orig_ident","orig.ident",0.0309734513274336
"10","HRA003620_NC-30",11,0.4,"specimen_orig_ident","orig.ident",0.0392857142857143
"11","HRA003620_NC-30",1,0.4,"specimen_orig_ident","orig.ident",0.00454545454545455
"12","HRA003620_NC-30",0,0.4,"specimen_orig_ident","orig.ident",0
"0","PRJNA662018_PRJNA662018_P1N1",1708,0.4,"specimen_orig_ident","orig.ident",0.322264150943396
"1","PRJNA662018_PRJNA662018_P1N1",126,0.4,"specimen_orig_ident","orig.ident",0.0590440487347704
"2","PRJNA662018_PRJNA662018_P1N1",0,0.4,"specimen_orig_ident","orig.ident",0
"3","PRJNA662018_PRJNA662018_P1N1",362,0.4,"specimen_orig_ident","orig.ident",0.227244193345888
"4","PRJNA662018_PRJNA662018_P1N1",49,0.4,"specimen_orig_ident","orig.ident",0.033130493576741
"5","PRJNA662018_PRJNA662018_P1N1",250,0.4,"specimen_orig_ident","orig.ident",0.19952114924182
"6","PRJNA662018_PRJNA662018_P1N1",72,0.4,"specimen_orig_ident","orig.ident",0.0656335460346399
"7","PRJNA662018_PRJNA662018_P1N1",86,0.4,"specimen_orig_ident","orig.ident",0.0966292134831461
"8","PRJNA662018_PRJNA662018_P1N1",34,0.4,"specimen_orig_ident","orig.ident",0.0594405594405594
"9","PRJNA662018_PRJNA662018_P1N1",27,0.4,"specimen_orig_ident","orig.ident",0.0597345132743363
"10","PRJNA662018_PRJNA662018_P1N1",47,0.4,"specimen_orig_ident","orig.ident",0.167857142857143
"11","PRJNA662018_PRJNA662018_P1N1",19,0.4,"specimen_orig_ident","orig.ident",0.0863636363636364
"12","PRJNA662018_PRJNA662018_P1N1",3,0.4,"specimen_orig_ident","orig.ident",0.0285714285714286
"0","PRJNA662018_PRJNA662018_P1T1",335,0.4,"specimen_orig_ident","orig.ident",0.0632075471698113
"1","PRJNA662018_PRJNA662018_P1T1",230,0.4,"specimen_orig_ident","orig.ident",0.107778819119025
"2","PRJNA662018_PRJNA662018_P1T1",0,0.4,"specimen_orig_ident","orig.ident",0
"3","PRJNA662018_PRJNA662018_P1T1",109,0.4,"specimen_orig_ident","orig.ident",0.0684243565599498
"4","PRJNA662018_PRJNA662018_P1T1",70,0.4,"specimen_orig_ident","orig.ident",0.0473292765382015
"5","PRJNA662018_PRJNA662018_P1T1",113,0.4,"specimen_orig_ident","orig.ident",0.0901835594573025
"6","PRJNA662018_PRJNA662018_P1T1",67,0.4,"specimen_orig_ident","orig.ident",0.0610756608933455
"7","PRJNA662018_PRJNA662018_P1T1",67,0.4,"specimen_orig_ident","orig.ident",0.0752808988764045
"8","PRJNA662018_PRJNA662018_P1T1",31,0.4,"specimen_orig_ident","orig.ident",0.0541958041958042
"9","PRJNA662018_PRJNA662018_P1T1",4,0.4,"specimen_orig_ident","orig.ident",0.00884955752212389
"10","PRJNA662018_PRJNA662018_P1T1",32,0.4,"specimen_orig_ident","orig.ident",0.114285714285714
"11","PRJNA662018_PRJNA662018_P1T1",30,0.4,"specimen_orig_ident","orig.ident",0.136363636363636
"12","PRJNA662018_PRJNA662018_P1T1",3,0.4,"specimen_orig_ident","orig.ident",0.0285714285714286
"0","PRJNA662018_PRJNA662018_P2T2",973,0.4,"specimen_orig_ident","orig.ident",0.183584905660377
"1","PRJNA662018_PRJNA662018_P2T2",508,0.4,"specimen_orig_ident","orig.ident",0.23805060918463
"2","PRJNA662018_PRJNA662018_P2T2",0,0.4,"specimen_orig_ident","orig.ident",0
"3","PRJNA662018_PRJNA662018_P2T2",338,0.4,"specimen_orig_ident","orig.ident",0.21217827997489
"4","PRJNA662018_PRJNA662018_P2T2",221,0.4,"specimen_orig_ident","orig.ident",0.149425287356322
"5","PRJNA662018_PRJNA662018_P2T2",144,0.4,"specimen_orig_ident","orig.ident",0.114924181963288
"6","PRJNA662018_PRJNA662018_P2T2",212,0.4,"specimen_orig_ident","orig.ident",0.193254329990884
"7","PRJNA662018_PRJNA662018_P2T2",199,0.4,"specimen_orig_ident","orig.ident",0.223595505617978
"8","PRJNA662018_PRJNA662018_P2T2",73,0.4,"specimen_orig_ident","orig.ident",0.127622377622378
"9","PRJNA662018_PRJNA662018_P2T2",132,0.4,"specimen_orig_ident","orig.ident",0.292035398230089
"10","PRJNA662018_PRJNA662018_P2T2",47,0.4,"specimen_orig_ident","orig.ident",0.167857142857143
"11","PRJNA662018_PRJNA662018_P2T2",76,0.4,"specimen_orig_ident","orig.ident",0.345454545454545
"12","PRJNA662018_PRJNA662018_P2T2",25,0.4,"specimen_orig_ident","orig.ident",0.238095238095238
"0","PRJNA662018_PRJNA662018_P3N3",582,0.4,"specimen_orig_ident","orig.ident",0.109811320754717
"1","PRJNA662018_PRJNA662018_P3N3",7,0.4,"specimen_orig_ident","orig.ident",0.00328022492970947
"2","PRJNA662018_PRJNA662018_P3N3",0,0.4,"specimen_orig_ident","orig.ident",0
"3","PRJNA662018_PRJNA662018_P3N3",204,0.4,"specimen_orig_ident","orig.ident",0.128060263653484
"4","PRJNA662018_PRJNA662018_P3N3",144,0.4,"specimen_orig_ident","orig.ident",0.0973630831643002
"5","PRJNA662018_PRJNA662018_P3N3",166,0.4,"specimen_orig_ident","orig.ident",0.132482043096568
"6","PRJNA662018_PRJNA662018_P3N3",153,0.4,"specimen_orig_ident","orig.ident",0.13947128532361
"7","PRJNA662018_PRJNA662018_P3N3",46,0.4,"specimen_orig_ident","orig.ident",0.051685393258427
"8","PRJNA662018_PRJNA662018_P3N3",16,0.4,"specimen_orig_ident","orig.ident",0.027972027972028
"9","PRJNA662018_PRJNA662018_P3N3",5,0.4,"specimen_orig_ident","orig.ident",0.0110619469026549
"10","PRJNA662018_PRJNA662018_P3N3",6,0.4,"specimen_orig_ident","orig.ident",0.0214285714285714
"11","PRJNA662018_PRJNA662018_P3N3",1,0.4,"specimen_orig_ident","orig.ident",0.00454545454545455
"12","PRJNA662018_PRJNA662018_P3N3",0,0.4,"specimen_orig_ident","orig.ident",0
"0","PRJNA662018_PRJNA662018_P3T3",455,0.4,"specimen_orig_ident","orig.ident",0.0858490566037736
"1","PRJNA662018_PRJNA662018_P3T3",138,0.4,"specimen_orig_ident","orig.ident",0.0646672914714152
"2","PRJNA662018_PRJNA662018_P3T3",0,0.4,"specimen_orig_ident","orig.ident",0
"3","PRJNA662018_PRJNA662018_P3T3",217,0.4,"specimen_orig_ident","orig.ident",0.136220966729441
"4","PRJNA662018_PRJNA662018_P3T3",142,0.4,"specimen_orig_ident","orig.ident",0.0960108181203516
"5","PRJNA662018_PRJNA662018_P3T3",82,0.4,"specimen_orig_ident","orig.ident",0.0654429369513168
"6","PRJNA662018_PRJNA662018_P3T3",161,0.4,"specimen_orig_ident","orig.ident",0.146763901549681
"7","PRJNA662018_PRJNA662018_P3T3",48,0.4,"specimen_orig_ident","orig.ident",0.0539325842696629
"8","PRJNA662018_PRJNA662018_P3T3",16,0.4,"specimen_orig_ident","orig.ident",0.027972027972028
"9","PRJNA662018_PRJNA662018_P3T3",7,0.4,"specimen_orig_ident","orig.ident",0.0154867256637168
"10","PRJNA662018_PRJNA662018_P3T3",7,0.4,"specimen_orig_ident","orig.ident",0.025
"11","PRJNA662018_PRJNA662018_P3T3",6,0.4,"specimen_orig_ident","orig.ident",0.0272727272727273
"12","PRJNA662018_PRJNA662018_P3T3",7,0.4,"specimen_orig_ident","orig.ident",0.0666666666666667
"0","PRJNA662018_PRJNA662018_P4T4",2,0.4,"specimen_orig_ident","orig.ident",0.000377358490566038
"1","PRJNA662018_PRJNA662018_P4T4",487,0.4,"specimen_orig_ident","orig.ident",0.228209934395501
"2","PRJNA662018_PRJNA662018_P4T4",0,0.4,"specimen_orig_ident","orig.ident",0
"3","PRJNA662018_PRJNA662018_P4T4",38,0.4,"specimen_orig_ident","orig.ident",0.0238543628374137
"4","PRJNA662018_PRJNA662018_P4T4",287,0.4,"specimen_orig_ident","orig.ident",0.194050033806626
"5","PRJNA662018_PRJNA662018_P4T4",83,0.4,"specimen_orig_ident","orig.ident",0.0662410215482841
"6","PRJNA662018_PRJNA662018_P4T4",52,0.4,"specimen_orig_ident","orig.ident",0.0474020054694622
"7","PRJNA662018_PRJNA662018_P4T4",157,0.4,"specimen_orig_ident","orig.ident",0.176404494382022
"8","PRJNA662018_PRJNA662018_P4T4",13,0.4,"specimen_orig_ident","orig.ident",0.0227272727272727
"9","PRJNA662018_PRJNA662018_P4T4",0,0.4,"specimen_orig_ident","orig.ident",0
"10","PRJNA662018_PRJNA662018_P4T4",14,0.4,"specimen_orig_ident","orig.ident",0.05
"11","PRJNA662018_PRJNA662018_P4T4",37,0.4,"specimen_orig_ident","orig.ident",0.168181818181818
"12","PRJNA662018_PRJNA662018_P4T4",17,0.4,"specimen_orig_ident","orig.ident",0.161904761904762
"0","PRJNA662018_PRJNA662018_P5T5",5,0.4,"specimen_orig_ident","orig.ident",0.000943396226415094
"1","PRJNA662018_PRJNA662018_P5T5",129,0.4,"specimen_orig_ident","orig.ident",0.0604498594189316
"2","PRJNA662018_PRJNA662018_P5T5",0,0.4,"specimen_orig_ident","orig.ident",0
"3","PRJNA662018_PRJNA662018_P5T5",15,0.4,"specimen_orig_ident","orig.ident",0.00941619585687382
"4","PRJNA662018_PRJNA662018_P5T5",79,0.4,"specimen_orig_ident","orig.ident",0.0534144692359702
"5","PRJNA662018_PRJNA662018_P5T5",26,0.4,"specimen_orig_ident","orig.ident",0.0207501995211492
"6","PRJNA662018_PRJNA662018_P5T5",43,0.4,"specimen_orig_ident","orig.ident",0.0391978122151322
"7","PRJNA662018_PRJNA662018_P5T5",2,0.4,"specimen_orig_ident","orig.ident",0.00224719101123596
"8","PRJNA662018_PRJNA662018_P5T5",20,0.4,"specimen_orig_ident","orig.ident",0.034965034965035
"9","PRJNA662018_PRJNA662018_P5T5",0,0.4,"specimen_orig_ident","orig.ident",0
"10","PRJNA662018_PRJNA662018_P5T5",0,0.4,"specimen_orig_ident","orig.ident",0
"11","PRJNA662018_PRJNA662018_P5T5",5,0.4,"specimen_orig_ident","orig.ident",0.0227272727272727
"12","PRJNA662018_PRJNA662018_P5T5",3,0.4,"specimen_orig_ident","orig.ident",0.0285714285714286
"0","PRJNA662018_PRJNA662018_P6N2",730,0.4,"specimen_orig_ident","orig.ident",0.137735849056604
"1","PRJNA662018_PRJNA662018_P6N2",34,0.4,"specimen_orig_ident","orig.ident",0.0159325210871603
"2","PRJNA662018_PRJNA662018_P6N2",0,0.4,"specimen_orig_ident","orig.ident",0
"3","PRJNA662018_PRJNA662018_P6N2",202,0.4,"specimen_orig_ident","orig.ident",0.126804770872567
"4","PRJNA662018_PRJNA662018_P6N2",73,0.4,"specimen_orig_ident","orig.ident",0.0493576741041244
"5","PRJNA662018_PRJNA662018_P6N2",102,0.4,"specimen_orig_ident","orig.ident",0.0814046288906624
"6","PRJNA662018_PRJNA662018_P6N2",97,0.4,"specimen_orig_ident","orig.ident",0.0884229717411121
"7","PRJNA662018_PRJNA662018_P6N2",36,0.4,"specimen_orig_ident","orig.ident",0.0404494382022472
"8","PRJNA662018_PRJNA662018_P6N2",11,0.4,"specimen_orig_ident","orig.ident",0.0192307692307692
"9","PRJNA662018_PRJNA662018_P6N2",13,0.4,"specimen_orig_ident","orig.ident",0.0287610619469027
"10","PRJNA662018_PRJNA662018_P6N2",17,0.4,"specimen_orig_ident","orig.ident",0.0607142857142857
"11","PRJNA662018_PRJNA662018_P6N2",5,0.4,"specimen_orig_ident","orig.ident",0.0227272727272727
"12","PRJNA662018_PRJNA662018_P6N2",5,0.4,"specimen_orig_ident","orig.ident",0.0476190476190476
"0","PRJNA662018_PRJNA662018_P6T6",40,0.4,"specimen_orig_ident","orig.ident",0.00754716981132075
"1","PRJNA662018_PRJNA662018_P6T6",34,0.4,"specimen_orig_ident","orig.ident",0.0159325210871603
"2","PRJNA662018_PRJNA662018_P6T6",0,0.4,"specimen_orig_ident","orig.ident",0
"3","PRJNA662018_PRJNA662018_P6T6",35,0.4,"specimen_orig_ident","orig.ident",0.0219711236660389
"4","PRJNA662018_PRJNA662018_P6T6",44,0.4,"specimen_orig_ident","orig.ident",0.0297498309668695
"5","PRJNA662018_PRJNA662018_P6T6",12,0.4,"specimen_orig_ident","orig.ident",0.00957701516360734
"6","PRJNA662018_PRJNA662018_P6T6",24,0.4,"specimen_orig_ident","orig.ident",0.0218778486782133
"7","PRJNA662018_PRJNA662018_P6T6",1,0.4,"specimen_orig_ident","orig.ident",0.00112359550561798
"8","PRJNA662018_PRJNA662018_P6T6",53,0.4,"specimen_orig_ident","orig.ident",0.0926573426573427
"9","PRJNA662018_PRJNA662018_P6T6",0,0.4,"specimen_orig_ident","orig.ident",0
"10","PRJNA662018_PRJNA662018_P6T6",2,0.4,"specimen_orig_ident","orig.ident",0.00714285714285714
"11","PRJNA662018_PRJNA662018_P6T6",0,0.4,"specimen_orig_ident","orig.ident",0
"12","PRJNA662018_PRJNA662018_P6T6",0,0.4,"specimen_orig_ident","orig.ident",0
"0","PRJNA662018_PRJNA662018_P7T7",0,0.4,"specimen_orig_ident","orig.ident",0
"1","PRJNA662018_PRJNA662018_P7T7",77,0.4,"specimen_orig_ident","orig.ident",0.0360824742268041
"2","PRJNA662018_PRJNA662018_P7T7",0,0.4,"specimen_orig_ident","orig.ident",0
"3","PRJNA662018_PRJNA662018_P7T7",12,0.4,"specimen_orig_ident","orig.ident",0.00753295668549906
"4","PRJNA662018_PRJNA662018_P7T7",38,0.4,"specimen_orig_ident","orig.ident",0.0256930358350237
"5","PRJNA662018_PRJNA662018_P7T7",10,0.4,"specimen_orig_ident","orig.ident",0.00798084596967279
"6","PRJNA662018_PRJNA662018_P7T7",12,0.4,"specimen_orig_ident","orig.ident",0.0109389243391067
"7","PRJNA662018_PRJNA662018_P7T7",7,0.4,"specimen_orig_ident","orig.ident",0.00786516853932584
"8","PRJNA662018_PRJNA662018_P7T7",22,0.4,"specimen_orig_ident","orig.ident",0.0384615384615385
"9","PRJNA662018_PRJNA662018_P7T7",0,0.4,"specimen_orig_ident","orig.ident",0
"10","PRJNA662018_PRJNA662018_P7T7",2,0.4,"specimen_orig_ident","orig.ident",0.00714285714285714
"11","PRJNA662018_PRJNA662018_P7T7",4,0.4,"specimen_orig_ident","orig.ident",0.0181818181818182
"12","PRJNA662018_PRJNA662018_P7T7",6,0.4,"specimen_orig_ident","orig.ident",0.0571428571428571
"0","PRJNA662018_PRJNA662018_P8T8",9,0.4,"specimen_orig_ident","orig.ident",0.00169811320754717
"1","PRJNA662018_PRJNA662018_P8T8",16,0.4,"specimen_orig_ident","orig.ident",0.00749765698219306
"2","PRJNA662018_PRJNA662018_P8T8",0,0.4,"specimen_orig_ident","orig.ident",0
"3","PRJNA662018_PRJNA662018_P8T8",3,0.4,"specimen_orig_ident","orig.ident",0.00188323917137476
"4","PRJNA662018_PRJNA662018_P8T8",7,0.4,"specimen_orig_ident","orig.ident",0.00473292765382015
"5","PRJNA662018_PRJNA662018_P8T8",6,0.4,"specimen_orig_ident","orig.ident",0.00478850758180367
"6","PRJNA662018_PRJNA662018_P8T8",9,0.4,"specimen_orig_ident","orig.ident",0.00820419325432999
"7","PRJNA662018_PRJNA662018_P8T8",1,0.4,"specimen_orig_ident","orig.ident",0.00112359550561798
"8","PRJNA662018_PRJNA662018_P8T8",14,0.4,"specimen_orig_ident","orig.ident",0.0244755244755245
"9","PRJNA662018_PRJNA662018_P8T8",5,0.4,"specimen_orig_ident","orig.ident",0.0110619469026549
"10","PRJNA662018_PRJNA662018_P8T8",2,0.4,"specimen_orig_ident","orig.ident",0.00714285714285714
"11","PRJNA662018_PRJNA662018_P8T8",1,0.4,"specimen_orig_ident","orig.ident",0.00454545454545455
"12","PRJNA662018_PRJNA662018_P8T8",0,0.4,"specimen_orig_ident","orig.ident",0
"0","T4091568",0,0.4,"specimen_orig_ident","orig.ident",0
"1","T4091568",1,0.4,"specimen_orig_ident","orig.ident",0.000468603561387067
"2","T4091568",101,0.4,"specimen_orig_ident","orig.ident",0.0606971153846154
"3","T4091568",0,0.4,"specimen_orig_ident","orig.ident",0
"4","T4091568",1,0.4,"specimen_orig_ident","orig.ident",0.000676132521974307
"5","T4091568",6,0.4,"specimen_orig_ident","orig.ident",0.00478850758180367
"6","T4091568",3,0.4,"specimen_orig_ident","orig.ident",0.00273473108477666
"7","T4091568",4,0.4,"specimen_orig_ident","orig.ident",0.00449438202247191
"8","T4091568",3,0.4,"specimen_orig_ident","orig.ident",0.00524475524475524
"9","T4091568",21,0.4,"specimen_orig_ident","orig.ident",0.0464601769911504
"10","T4091568",7,0.4,"specimen_orig_ident","orig.ident",0.025
"11","T4091568",0,0.4,"specimen_orig_ident","orig.ident",0
"12","T4091568",1,0.4,"specimen_orig_ident","orig.ident",0.00952380952380952
"0","T4295396",0,0.4,"specimen_orig_ident","orig.ident",0
"1","T4295396",0,0.4,"specimen_orig_ident","orig.ident",0
"2","T4295396",22,0.4,"specimen_orig_ident","orig.ident",0.0132211538461538
"3","T4295396",0,0.4,"specimen_orig_ident","orig.ident",0
"4","T4295396",0,0.4,"specimen_orig_ident","orig.ident",0
"5","T4295396",0,0.4,"specimen_orig_ident","orig.ident",0
"6","T4295396",0,0.4,"specimen_orig_ident","orig.ident",0
"7","T4295396",1,0.4,"specimen_orig_ident","orig.ident",0.00112359550561798
"8","T4295396",0,0.4,"specimen_orig_ident","orig.ident",0
"9","T4295396",0,0.4,"specimen_orig_ident","orig.ident",0
"10","T4295396",0,0.4,"specimen_orig_ident","orig.ident",0
"11","T4295396",0,0.4,"specimen_orig_ident","orig.ident",0
"12","T4295396",0,0.4,"specimen_orig_ident","orig.ident",0
"0","T4380845",0,0.4,"specimen_orig_ident","orig.ident",0
"1","T4380845",1,0.4,"specimen_orig_ident","orig.ident",0.000468603561387067
"2","T4380845",56,0.4,"specimen_orig_ident","orig.ident",0.0336538461538462
"3","T4380845",0,0.4,"specimen_orig_ident","orig.ident",0
"4","T4380845",1,0.4,"specimen_orig_ident","orig.ident",0.000676132521974307
"5","T4380845",1,0.4,"specimen_orig_ident","orig.ident",0.000798084596967279
"6","T4380845",0,0.4,"specimen_orig_ident","orig.ident",0
"7","T4380845",2,0.4,"specimen_orig_ident","orig.ident",0.00224719101123596
"8","T4380845",0,0.4,"specimen_orig_ident","orig.ident",0
"9","T4380845",0,0.4,"specimen_orig_ident","orig.ident",0
"10","T4380845",3,0.4,"specimen_orig_ident","orig.ident",0.0107142857142857
"11","T4380845",0,0.4,"specimen_orig_ident","orig.ident",0
"12","T4380845",0,0.4,"specimen_orig_ident","orig.ident",0
"0","T4398343",0,0.4,"specimen_orig_ident","orig.ident",0
"1","T4398343",5,0.4,"specimen_orig_ident","orig.ident",0.00234301780693533
"2","T4398343",83,0.4,"specimen_orig_ident","orig.ident",0.0498798076923077
"3","T4398343",0,0.4,"specimen_orig_ident","orig.ident",0
"4","T4398343",4,0.4,"specimen_orig_ident","orig.ident",0.00270453008789723
"5","T4398343",2,0.4,"specimen_orig_ident","orig.ident",0.00159616919393456
"6","T4398343",1,0.4,"specimen_orig_ident","orig.ident",0.000911577028258888
"7","T4398343",9,0.4,"specimen_orig_ident","orig.ident",0.0101123595505618
"8","T4398343",0,0.4,"specimen_orig_ident","orig.ident",0
"9","T4398343",0,0.4,"specimen_orig_ident","orig.ident",0
"10","T4398343",1,0.4,"specimen_orig_ident","orig.ident",0.00357142857142857
"11","T4398343",0,0.4,"specimen_orig_ident","orig.ident",0
"12","T4398343",1,0.4,"specimen_orig_ident","orig.ident",0.00952380952380952
"0","T4450398",0,0.4,"specimen_orig_ident","orig.ident",0
"1","T4450398",0,0.4,"specimen_orig_ident","orig.ident",0
"2","T4450398",24,0.4,"specimen_orig_ident","orig.ident",0.0144230769230769
"3","T4450398",0,0.4,"specimen_orig_ident","orig.ident",0
"4","T4450398",0,0.4,"specimen_orig_ident","orig.ident",0
"5","T4450398",0,0.4,"specimen_orig_ident","orig.ident",0
"6","T4450398",0,0.4,"specimen_orig_ident","orig.ident",0
"7","T4450398",6,0.4,"specimen_orig_ident","orig.ident",0.00674157303370787
"8","T4450398",0,0.4,"specimen_orig_ident","orig.ident",0
"9","T4450398",0,0.4,"specimen_orig_ident","orig.ident",0
"10","T4450398",0,0.4,"specimen_orig_ident","orig.ident",0
"11","T4450398",0,0.4,"specimen_orig_ident","orig.ident",0
"12","T4450398",0,0.4,"specimen_orig_ident","orig.ident",0
"0","T4463209a",0,0.4,"specimen_orig_ident","orig.ident",0
"1","T4463209a",3,0.4,"specimen_orig_ident","orig.ident",0.0014058106841612
"2","T4463209a",86,0.4,"specimen_orig_ident","orig.ident",0.0516826923076923
"3","T4463209a",0,0.4,"specimen_orig_ident","orig.ident",0
"4","T4463209a",6,0.4,"specimen_orig_ident","orig.ident",0.00405679513184584
"5","T4463209a",2,0.4,"specimen_orig_ident","orig.ident",0.00159616919393456
"6","T4463209a",0,0.4,"specimen_orig_ident","orig.ident",0
"7","T4463209a",6,0.4,"specimen_orig_ident","orig.ident",0.00674157303370787
"8","T4463209a",2,0.4,"specimen_orig_ident","orig.ident",0.0034965034965035
"9","T4463209a",2,0.4,"specimen_orig_ident","orig.ident",0.00442477876106195
"10","T4463209a",1,0.4,"specimen_orig_ident","orig.ident",0.00357142857142857
"11","T4463209a",1,0.4,"specimen_orig_ident","orig.ident",0.00454545454545455
"12","T4463209a",0,0.4,"specimen_orig_ident","orig.ident",0
"0","T4463209b",0,0.4,"specimen_orig_ident","orig.ident",0
"1","T4463209b",0,0.4,"specimen_orig_ident","orig.ident",0
"2","T4463209b",42,0.4,"specimen_orig_ident","orig.ident",0.0252403846153846
"3","T4463209b",0,0.4,"specimen_orig_ident","orig.ident",0
"4","T4463209b",1,0.4,"specimen_orig_ident","orig.ident",0.000676132521974307
"5","T4463209b",4,0.4,"specimen_orig_ident","orig.ident",0.00319233838786911
"6","T4463209b",0,0.4,"specimen_orig_ident","orig.ident",0
"7","T4463209b",5,0.4,"specimen_orig_ident","orig.ident",0.00561797752808989
"8","T4463209b",1,0.4,"specimen_orig_ident","orig.ident",0.00174825174825175
"9","T4463209b",25,0.4,"specimen_orig_ident","orig.ident",0.0553097345132743
"10","T4463209b",1,0.4,"specimen_orig_ident","orig.ident",0.00357142857142857
"11","T4463209b",1,0.4,"specimen_orig_ident","orig.ident",0.00454545454545455
"12","T4463209b",0,0.4,"specimen_orig_ident","orig.ident",0
"0","T4465219",0,0.4,"specimen_orig_ident","orig.ident",0
"1","T4465219",6,0.4,"specimen_orig_ident","orig.ident",0.0028116213683224
"2","T4465219",81,0.4,"specimen_orig_ident","orig.ident",0.0486778846153846
"3","T4465219",0,0.4,"specimen_orig_ident","orig.ident",0
"4","T4465219",4,0.4,"specimen_orig_ident","orig.ident",0.00270453008789723
"5","T4465219",1,0.4,"specimen_orig_ident","orig.ident",0.000798084596967279
"6","T4465219",3,0.4,"specimen_orig_ident","orig.ident",0.00273473108477666
"7","T4465219",7,0.4,"specimen_orig_ident","orig.ident",0.00786516853932584
"8","T4465219",73,0.4,"specimen_orig_ident","orig.ident",0.127622377622378
"9","T4465219",0,0.4,"specimen_orig_ident","orig.ident",0
"10","T4465219",7,0.4,"specimen_orig_ident","orig.ident",0.025
"11","T4465219",1,0.4,"specimen_orig_ident","orig.ident",0.00454545454545455
"12","T4465219",0,0.4,"specimen_orig_ident","orig.ident",0
"0","T4465935",0,0.4,"specimen_orig_ident","orig.ident",0
"1","T4465935",0,0.4,"specimen_orig_ident","orig.ident",0
"2","T4465935",10,0.4,"specimen_orig_ident","orig.ident",0.00600961538461538
"3","T4465935",0,0.4,"specimen_orig_ident","orig.ident",0
"4","T4465935",0,0.4,"specimen_orig_ident","orig.ident",0
"5","T4465935",0,0.4,"specimen_orig_ident","orig.ident",0
"6","T4465935",0,0.4,"specimen_orig_ident","orig.ident",0
"7","T4465935",0,0.4,"specimen_orig_ident","orig.ident",0
"8","T4465935",1,0.4,"specimen_orig_ident","orig.ident",0.00174825174825175
"9","T4465935",2,0.4,"specimen_orig_ident","orig.ident",0.00442477876106195
"10","T4465935",0,0.4,"specimen_orig_ident","orig.ident",0
"11","T4465935",0,0.4,"specimen_orig_ident","orig.ident",0
"12","T4465935",0,0.4,"specimen_orig_ident","orig.ident",0
"0","T4466585",0,0.4,"specimen_orig_ident","orig.ident",0
"1","T4466585",0,0.4,"specimen_orig_ident","orig.ident",0
"2","T4466585",14,0.4,"specimen_orig_ident","orig.ident",0.00841346153846154
"3","T4466585",0,0.4,"specimen_orig_ident","orig.ident",0
"4","T4466585",0,0.4,"specimen_orig_ident","orig.ident",0
"5","T4466585",2,0.4,"specimen_orig_ident","orig.ident",0.00159616919393456
"6","T4466585",0,0.4,"specimen_orig_ident","orig.ident",0
"7","T4466585",1,0.4,"specimen_orig_ident","orig.ident",0.00112359550561798
"8","T4466585",0,0.4,"specimen_orig_ident","orig.ident",0
"9","T4466585",14,0.4,"specimen_orig_ident","orig.ident",0.0309734513274336
"10","T4466585",2,0.4,"specimen_orig_ident","orig.ident",0.00714285714285714
"11","T4466585",1,0.4,"specimen_orig_ident","orig.ident",0.00454545454545455
"12","T4466585",0,0.4,"specimen_orig_ident","orig.ident",0
"0","T4469479",0,0.4,"specimen_orig_ident","orig.ident",0
"1","T4469479",3,0.4,"specimen_orig_ident","orig.ident",0.0014058106841612
"2","T4469479",131,0.4,"specimen_orig_ident","orig.ident",0.0787259615384615
"3","T4469479",0,0.4,"specimen_orig_ident","orig.ident",0
"4","T4469479",5,0.4,"specimen_orig_ident","orig.ident",0.00338066260987153
"5","T4469479",4,0.4,"specimen_orig_ident","orig.ident",0.00319233838786911
"6","T4469479",2,0.4,"specimen_orig_ident","orig.ident",0.00182315405651778
"7","T4469479",10,0.4,"specimen_orig_ident","orig.ident",0.0112359550561798
"8","T4469479",3,0.4,"specimen_orig_ident","orig.ident",0.00524475524475524
"9","T4469479",2,0.4,"specimen_orig_ident","orig.ident",0.00442477876106195
"10","T4469479",8,0.4,"specimen_orig_ident","orig.ident",0.0285714285714286
"11","T4469479",0,0.4,"specimen_orig_ident","orig.ident",0
"12","T4469479",0,0.4,"specimen_orig_ident","orig.ident",0
"0","T4471438",0,0.4,"specimen_orig_ident","orig.ident",0
"1","T4471438",41,0.4,"specimen_orig_ident","orig.ident",0.0192127460168697
"2","T4471438",953,0.4,"specimen_orig_ident","orig.ident",0.572716346153846
"3","T4471438",1,0.4,"specimen_orig_ident","orig.ident",0.000627746390458255
"4","T4471438",44,0.4,"specimen_orig_ident","orig.ident",0.0297498309668695
"5","T4471438",17,0.4,"specimen_orig_ident","orig.ident",0.0135674381484437
"6","T4471438",6,0.4,"specimen_orig_ident","orig.ident",0.00546946216955333
"7","T4471438",62,0.4,"specimen_orig_ident","orig.ident",0.0696629213483146
"8","T4471438",7,0.4,"specimen_orig_ident","orig.ident",0.0122377622377622
"9","T4471438",24,0.4,"specimen_orig_ident","orig.ident",0.0530973451327434
"10","T4471438",14,0.4,"specimen_orig_ident","orig.ident",0.05
"11","T4471438",10,0.4,"specimen_orig_ident","orig.ident",0.0454545454545455
"12","T4471438",9,0.4,"specimen_orig_ident","orig.ident",0.0857142857142857
"0","T8009218",0,0.4,"specimen_orig_ident","orig.ident",0
"1","T8009218",1,0.4,"specimen_orig_ident","orig.ident",0.000468603561387067
"2","T8009218",42,0.4,"specimen_orig_ident","orig.ident",0.0252403846153846
"3","T8009218",0,0.4,"specimen_orig_ident","orig.ident",0
"4","T8009218",1,0.4,"specimen_orig_ident","orig.ident",0.000676132521974307
"5","T8009218",5,0.4,"specimen_orig_ident","orig.ident",0.00399042298483639
"6","T8009218",0,0.4,"specimen_orig_ident","orig.ident",0
"7","T8009218",5,0.4,"specimen_orig_ident","orig.ident",0.00561797752808989
"8","T8009218",3,0.4,"specimen_orig_ident","orig.ident",0.00524475524475524
"9","T8009218",20,0.4,"specimen_orig_ident","orig.ident",0.0442477876106195
"10","T8009218",9,0.4,"specimen_orig_ident","orig.ident",0.0321428571428571
"11","T8009218",0,0.4,"specimen_orig_ident","orig.ident",0
"12","T8009218",0,0.4,"specimen_orig_ident","orig.ident",0
"0","PRJNA662018_PRJNA662018_P1N1",1708,0.4,"specimen_sample_id","sample_id",0.322264150943396
"1","PRJNA662018_PRJNA662018_P1N1",126,0.4,"specimen_sample_id","sample_id",0.0590440487347704
"2","PRJNA662018_PRJNA662018_P1N1",0,0.4,"specimen_sample_id","sample_id",0
"3","PRJNA662018_PRJNA662018_P1N1",362,0.4,"specimen_sample_id","sample_id",0.227244193345888
"4","PRJNA662018_PRJNA662018_P1N1",49,0.4,"specimen_sample_id","sample_id",0.033130493576741
"5","PRJNA662018_PRJNA662018_P1N1",250,0.4,"specimen_sample_id","sample_id",0.19952114924182
"6","PRJNA662018_PRJNA662018_P1N1",72,0.4,"specimen_sample_id","sample_id",0.0656335460346399
"7","PRJNA662018_PRJNA662018_P1N1",86,0.4,"specimen_sample_id","sample_id",0.0966292134831461
"8","PRJNA662018_PRJNA662018_P1N1",34,0.4,"specimen_sample_id","sample_id",0.0594405594405594
"9","PRJNA662018_PRJNA662018_P1N1",27,0.4,"specimen_sample_id","sample_id",0.0597345132743363
"10","PRJNA662018_PRJNA662018_P1N1",47,0.4,"specimen_sample_id","sample_id",0.167857142857143
"11","PRJNA662018_PRJNA662018_P1N1",19,0.4,"specimen_sample_id","sample_id",0.0863636363636364
"12","PRJNA662018_PRJNA662018_P1N1",3,0.4,"specimen_sample_id","sample_id",0.0285714285714286
"0","PRJNA662018_PRJNA662018_P1T1",335,0.4,"specimen_sample_id","sample_id",0.0632075471698113
"1","PRJNA662018_PRJNA662018_P1T1",230,0.4,"specimen_sample_id","sample_id",0.107778819119025
"2","PRJNA662018_PRJNA662018_P1T1",0,0.4,"specimen_sample_id","sample_id",0
"3","PRJNA662018_PRJNA662018_P1T1",109,0.4,"specimen_sample_id","sample_id",0.0684243565599498
"4","PRJNA662018_PRJNA662018_P1T1",70,0.4,"specimen_sample_id","sample_id",0.0473292765382015
"5","PRJNA662018_PRJNA662018_P1T1",113,0.4,"specimen_sample_id","sample_id",0.0901835594573025
"6","PRJNA662018_PRJNA662018_P1T1",67,0.4,"specimen_sample_id","sample_id",0.0610756608933455
"7","PRJNA662018_PRJNA662018_P1T1",67,0.4,"specimen_sample_id","sample_id",0.0752808988764045
"8","PRJNA662018_PRJNA662018_P1T1",31,0.4,"specimen_sample_id","sample_id",0.0541958041958042
"9","PRJNA662018_PRJNA662018_P1T1",4,0.4,"specimen_sample_id","sample_id",0.00884955752212389
"10","PRJNA662018_PRJNA662018_P1T1",32,0.4,"specimen_sample_id","sample_id",0.114285714285714
"11","PRJNA662018_PRJNA662018_P1T1",30,0.4,"specimen_sample_id","sample_id",0.136363636363636
"12","PRJNA662018_PRJNA662018_P1T1",3,0.4,"specimen_sample_id","sample_id",0.0285714285714286
"0","PRJNA662018_PRJNA662018_P2T2",973,0.4,"specimen_sample_id","sample_id",0.183584905660377
"1","PRJNA662018_PRJNA662018_P2T2",508,0.4,"specimen_sample_id","sample_id",0.23805060918463
"2","PRJNA662018_PRJNA662018_P2T2",0,0.4,"specimen_sample_id","sample_id",0
"3","PRJNA662018_PRJNA662018_P2T2",338,0.4,"specimen_sample_id","sample_id",0.21217827997489
"4","PRJNA662018_PRJNA662018_P2T2",221,0.4,"specimen_sample_id","sample_id",0.149425287356322
"5","PRJNA662018_PRJNA662018_P2T2",144,0.4,"specimen_sample_id","sample_id",0.114924181963288
"6","PRJNA662018_PRJNA662018_P2T2",212,0.4,"specimen_sample_id","sample_id",0.193254329990884
"7","PRJNA662018_PRJNA662018_P2T2",199,0.4,"specimen_sample_id","sample_id",0.223595505617978
"8","PRJNA662018_PRJNA662018_P2T2",73,0.4,"specimen_sample_id","sample_id",0.127622377622378
"9","PRJNA662018_PRJNA662018_P2T2",132,0.4,"specimen_sample_id","sample_id",0.292035398230089
"10","PRJNA662018_PRJNA662018_P2T2",47,0.4,"specimen_sample_id","sample_id",0.167857142857143
"11","PRJNA662018_PRJNA662018_P2T2",76,0.4,"specimen_sample_id","sample_id",0.345454545454545
"12","PRJNA662018_PRJNA662018_P2T2",25,0.4,"specimen_sample_id","sample_id",0.238095238095238
"0","PRJNA662018_PRJNA662018_P3N3",582,0.4,"specimen_sample_id","sample_id",0.109811320754717
"1","PRJNA662018_PRJNA662018_P3N3",7,0.4,"specimen_sample_id","sample_id",0.00328022492970947
"2","PRJNA662018_PRJNA662018_P3N3",0,0.4,"specimen_sample_id","sample_id",0
"3","PRJNA662018_PRJNA662018_P3N3",204,0.4,"specimen_sample_id","sample_id",0.128060263653484
"4","PRJNA662018_PRJNA662018_P3N3",144,0.4,"specimen_sample_id","sample_id",0.0973630831643002
"5","PRJNA662018_PRJNA662018_P3N3",166,0.4,"specimen_sample_id","sample_id",0.132482043096568
"6","PRJNA662018_PRJNA662018_P3N3",153,0.4,"specimen_sample_id","sample_id",0.13947128532361
"7","PRJNA662018_PRJNA662018_P3N3",46,0.4,"specimen_sample_id","sample_id",0.051685393258427
"8","PRJNA662018_PRJNA662018_P3N3",16,0.4,"specimen_sample_id","sample_id",0.027972027972028
"9","PRJNA662018_PRJNA662018_P3N3",5,0.4,"specimen_sample_id","sample_id",0.0110619469026549
"10","PRJNA662018_PRJNA662018_P3N3",6,0.4,"specimen_sample_id","sample_id",0.0214285714285714
"11","PRJNA662018_PRJNA662018_P3N3",1,0.4,"specimen_sample_id","sample_id",0.00454545454545455
"12","PRJNA662018_PRJNA662018_P3N3",0,0.4,"specimen_sample_id","sample_id",0
"0","PRJNA662018_PRJNA662018_P3T3",455,0.4,"specimen_sample_id","sample_id",0.0858490566037736
"1","PRJNA662018_PRJNA662018_P3T3",138,0.4,"specimen_sample_id","sample_id",0.0646672914714152
"2","PRJNA662018_PRJNA662018_P3T3",0,0.4,"specimen_sample_id","sample_id",0
"3","PRJNA662018_PRJNA662018_P3T3",217,0.4,"specimen_sample_id","sample_id",0.136220966729441
"4","PRJNA662018_PRJNA662018_P3T3",142,0.4,"specimen_sample_id","sample_id",0.0960108181203516
"5","PRJNA662018_PRJNA662018_P3T3",82,0.4,"specimen_sample_id","sample_id",0.0654429369513168
"6","PRJNA662018_PRJNA662018_P3T3",161,0.4,"specimen_sample_id","sample_id",0.146763901549681
"7","PRJNA662018_PRJNA662018_P3T3",48,0.4,"specimen_sample_id","sample_id",0.0539325842696629
"8","PRJNA662018_PRJNA662018_P3T3",16,0.4,"specimen_sample_id","sample_id",0.027972027972028
"9","PRJNA662018_PRJNA662018_P3T3",7,0.4,"specimen_sample_id","sample_id",0.0154867256637168
"10","PRJNA662018_PRJNA662018_P3T3",7,0.4,"specimen_sample_id","sample_id",0.025
"11","PRJNA662018_PRJNA662018_P3T3",6,0.4,"specimen_sample_id","sample_id",0.0272727272727273
"12","PRJNA662018_PRJNA662018_P3T3",7,0.4,"specimen_sample_id","sample_id",0.0666666666666667
"0","PRJNA662018_PRJNA662018_P4T4",2,0.4,"specimen_sample_id","sample_id",0.000377358490566038
"1","PRJNA662018_PRJNA662018_P4T4",487,0.4,"specimen_sample_id","sample_id",0.228209934395501
"2","PRJNA662018_PRJNA662018_P4T4",0,0.4,"specimen_sample_id","sample_id",0
"3","PRJNA662018_PRJNA662018_P4T4",38,0.4,"specimen_sample_id","sample_id",0.0238543628374137
"4","PRJNA662018_PRJNA662018_P4T4",287,0.4,"specimen_sample_id","sample_id",0.194050033806626
"5","PRJNA662018_PRJNA662018_P4T4",83,0.4,"specimen_sample_id","sample_id",0.0662410215482841
"6","PRJNA662018_PRJNA662018_P4T4",52,0.4,"specimen_sample_id","sample_id",0.0474020054694622
"7","PRJNA662018_PRJNA662018_P4T4",157,0.4,"specimen_sample_id","sample_id",0.176404494382022
"8","PRJNA662018_PRJNA662018_P4T4",13,0.4,"specimen_sample_id","sample_id",0.0227272727272727
"9","PRJNA662018_PRJNA662018_P4T4",0,0.4,"specimen_sample_id","sample_id",0
"10","PRJNA662018_PRJNA662018_P4T4",14,0.4,"specimen_sample_id","sample_id",0.05
"11","PRJNA662018_PRJNA662018_P4T4",37,0.4,"specimen_sample_id","sample_id",0.168181818181818
"12","PRJNA662018_PRJNA662018_P4T4",17,0.4,"specimen_sample_id","sample_id",0.161904761904762
"0","PRJNA662018_PRJNA662018_P5T5",5,0.4,"specimen_sample_id","sample_id",0.000943396226415094
"1","PRJNA662018_PRJNA662018_P5T5",129,0.4,"specimen_sample_id","sample_id",0.0604498594189316
"2","PRJNA662018_PRJNA662018_P5T5",0,0.4,"specimen_sample_id","sample_id",0
"3","PRJNA662018_PRJNA662018_P5T5",15,0.4,"specimen_sample_id","sample_id",0.00941619585687382
"4","PRJNA662018_PRJNA662018_P5T5",79,0.4,"specimen_sample_id","sample_id",0.0534144692359702
"5","PRJNA662018_PRJNA662018_P5T5",26,0.4,"specimen_sample_id","sample_id",0.0207501995211492
"6","PRJNA662018_PRJNA662018_P5T5",43,0.4,"specimen_sample_id","sample_id",0.0391978122151322
"7","PRJNA662018_PRJNA662018_P5T5",2,0.4,"specimen_sample_id","sample_id",0.00224719101123596
"8","PRJNA662018_PRJNA662018_P5T5",20,0.4,"specimen_sample_id","sample_id",0.034965034965035
"9","PRJNA662018_PRJNA662018_P5T5",0,0.4,"specimen_sample_id","sample_id",0
"10","PRJNA662018_PRJNA662018_P5T5",0,0.4,"specimen_sample_id","sample_id",0
"11","PRJNA662018_PRJNA662018_P5T5",5,0.4,"specimen_sample_id","sample_id",0.0227272727272727
"12","PRJNA662018_PRJNA662018_P5T5",3,0.4,"specimen_sample_id","sample_id",0.0285714285714286
"0","PRJNA662018_PRJNA662018_P6N2",730,0.4,"specimen_sample_id","sample_id",0.137735849056604
"1","PRJNA662018_PRJNA662018_P6N2",34,0.4,"specimen_sample_id","sample_id",0.0159325210871603
"2","PRJNA662018_PRJNA662018_P6N2",0,0.4,"specimen_sample_id","sample_id",0
"3","PRJNA662018_PRJNA662018_P6N2",202,0.4,"specimen_sample_id","sample_id",0.126804770872567
"4","PRJNA662018_PRJNA662018_P6N2",73,0.4,"specimen_sample_id","sample_id",0.0493576741041244
"5","PRJNA662018_PRJNA662018_P6N2",102,0.4,"specimen_sample_id","sample_id",0.0814046288906624
"6","PRJNA662018_PRJNA662018_P6N2",97,0.4,"specimen_sample_id","sample_id",0.0884229717411121
"7","PRJNA662018_PRJNA662018_P6N2",36,0.4,"specimen_sample_id","sample_id",0.0404494382022472
"8","PRJNA662018_PRJNA662018_P6N2",11,0.4,"specimen_sample_id","sample_id",0.0192307692307692
"9","PRJNA662018_PRJNA662018_P6N2",13,0.4,"specimen_sample_id","sample_id",0.0287610619469027
"10","PRJNA662018_PRJNA662018_P6N2",17,0.4,"specimen_sample_id","sample_id",0.0607142857142857
"11","PRJNA662018_PRJNA662018_P6N2",5,0.4,"specimen_sample_id","sample_id",0.0227272727272727
"12","PRJNA662018_PRJNA662018_P6N2",5,0.4,"specimen_sample_id","sample_id",0.0476190476190476
"0","PRJNA662018_PRJNA662018_P6T6",40,0.4,"specimen_sample_id","sample_id",0.00754716981132075
"1","PRJNA662018_PRJNA662018_P6T6",34,0.4,"specimen_sample_id","sample_id",0.0159325210871603
"2","PRJNA662018_PRJNA662018_P6T6",0,0.4,"specimen_sample_id","sample_id",0
"3","PRJNA662018_PRJNA662018_P6T6",35,0.4,"specimen_sample_id","sample_id",0.0219711236660389
"4","PRJNA662018_PRJNA662018_P6T6",44,0.4,"specimen_sample_id","sample_id",0.0297498309668695
"5","PRJNA662018_PRJNA662018_P6T6",12,0.4,"specimen_sample_id","sample_id",0.00957701516360734
"6","PRJNA662018_PRJNA662018_P6T6",24,0.4,"specimen_sample_id","sample_id",0.0218778486782133
"7","PRJNA662018_PRJNA662018_P6T6",1,0.4,"specimen_sample_id","sample_id",0.00112359550561798
"8","PRJNA662018_PRJNA662018_P6T6",53,0.4,"specimen_sample_id","sample_id",0.0926573426573427
"9","PRJNA662018_PRJNA662018_P6T6",0,0.4,"specimen_sample_id","sample_id",0
"10","PRJNA662018_PRJNA662018_P6T6",2,0.4,"specimen_sample_id","sample_id",0.00714285714285714
"11","PRJNA662018_PRJNA662018_P6T6",0,0.4,"specimen_sample_id","sample_id",0
"12","PRJNA662018_PRJNA662018_P6T6",0,0.4,"specimen_sample_id","sample_id",0
"0","PRJNA662018_PRJNA662018_P7T7",0,0.4,"specimen_sample_id","sample_id",0
"1","PRJNA662018_PRJNA662018_P7T7",77,0.4,"specimen_sample_id","sample_id",0.0360824742268041
"2","PRJNA662018_PRJNA662018_P7T7",0,0.4,"specimen_sample_id","sample_id",0
"3","PRJNA662018_PRJNA662018_P7T7",12,0.4,"specimen_sample_id","sample_id",0.00753295668549906
"4","PRJNA662018_PRJNA662018_P7T7",38,0.4,"specimen_sample_id","sample_id",0.0256930358350237
"5","PRJNA662018_PRJNA662018_P7T7",10,0.4,"specimen_sample_id","sample_id",0.00798084596967279
"6","PRJNA662018_PRJNA662018_P7T7",12,0.4,"specimen_sample_id","sample_id",0.0109389243391067
"7","PRJNA662018_PRJNA662018_P7T7",7,0.4,"specimen_sample_id","sample_id",0.00786516853932584
"8","PRJNA662018_PRJNA662018_P7T7",22,0.4,"specimen_sample_id","sample_id",0.0384615384615385
"9","PRJNA662018_PRJNA662018_P7T7",0,0.4,"specimen_sample_id","sample_id",0
"10","PRJNA662018_PRJNA662018_P7T7",2,0.4,"specimen_sample_id","sample_id",0.00714285714285714
"11","PRJNA662018_PRJNA662018_P7T7",4,0.4,"specimen_sample_id","sample_id",0.0181818181818182
"12","PRJNA662018_PRJNA662018_P7T7",6,0.4,"specimen_sample_id","sample_id",0.0571428571428571
"0","PRJNA662018_PRJNA662018_P8T8",9,0.4,"specimen_sample_id","sample_id",0.00169811320754717
"1","PRJNA662018_PRJNA662018_P8T8",16,0.4,"specimen_sample_id","sample_id",0.00749765698219306
"2","PRJNA662018_PRJNA662018_P8T8",0,0.4,"specimen_sample_id","sample_id",0
"3","PRJNA662018_PRJNA662018_P8T8",3,0.4,"specimen_sample_id","sample_id",0.00188323917137476
"4","PRJNA662018_PRJNA662018_P8T8",7,0.4,"specimen_sample_id","sample_id",0.00473292765382015
"5","PRJNA662018_PRJNA662018_P8T8",6,0.4,"specimen_sample_id","sample_id",0.00478850758180367
"6","PRJNA662018_PRJNA662018_P8T8",9,0.4,"specimen_sample_id","sample_id",0.00820419325432999
"7","PRJNA662018_PRJNA662018_P8T8",1,0.4,"specimen_sample_id","sample_id",0.00112359550561798
"8","PRJNA662018_PRJNA662018_P8T8",14,0.4,"specimen_sample_id","sample_id",0.0244755244755245
"9","PRJNA662018_PRJNA662018_P8T8",5,0.4,"specimen_sample_id","sample_id",0.0110619469026549
"10","PRJNA662018_PRJNA662018_P8T8",2,0.4,"specimen_sample_id","sample_id",0.00714285714285714
"11","PRJNA662018_PRJNA662018_P8T8",1,0.4,"specimen_sample_id","sample_id",0.00454545454545455
"12","PRJNA662018_PRJNA662018_P8T8",0,0.4,"specimen_sample_id","sample_id",0
"0",NA,461,0.4,"specimen_sample_id","sample_id",0.0869811320754717
"1",NA,348,0.4,"specimen_sample_id","sample_id",0.163074039362699
"2",NA,1664,0.4,"specimen_sample_id","sample_id",1
"3",NA,58,0.4,"specimen_sample_id","sample_id",0.0364092906465788
"4",NA,325,0.4,"specimen_sample_id","sample_id",0.21974306964165
"5",NA,259,0.4,"specimen_sample_id","sample_id",0.206703910614525
"6",NA,195,0.4,"specimen_sample_id","sample_id",0.177757520510483
"7",NA,240,0.4,"specimen_sample_id","sample_id",0.269662921348315
"8",NA,269,0.4,"specimen_sample_id","sample_id",0.47027972027972
"9",NA,259,0.4,"specimen_sample_id","sample_id",0.573008849557522
"10",NA,104,0.4,"specimen_sample_id","sample_id",0.371428571428571
"11",NA,36,0.4,"specimen_sample_id","sample_id",0.163636363636364
"12",NA,36,0.4,"specimen_sample_id","sample_id",0.342857142857143
"0","Normal",3403,0.4,"stage_T","T_stage",0.642075471698113
"1","Normal",167,0.4,"stage_T","T_stage",0.0782567947516401
"2","Normal",0,0.4,"stage_T","T_stage",0
"3","Normal",780,0.4,"stage_T","T_stage",0.489642184557439
"4","Normal",282,0.4,"stage_T","T_stage",0.190669371196755
"5","Normal",617,0.4,"stage_T","T_stage",0.492418196328811
"6","Normal",382,0.4,"stage_T","T_stage",0.348222424794895
"7","Normal",221,0.4,"stage_T","T_stage",0.248314606741573
"8","Normal",100,0.4,"stage_T","T_stage",0.174825174825175
"9","Normal",163,0.4,"stage_T","T_stage",0.360619469026549
"10","Normal",99,0.4,"stage_T","T_stage",0.353571428571429
"11","Normal",27,0.4,"stage_T","T_stage",0.122727272727273
"12","Normal",11,0.4,"stage_T","T_stage",0.104761904761905
"0","T1",35,0.4,"stage_T","T_stage",0.00660377358490566
"1","T1",84,0.4,"stage_T","T_stage",0.0393626991565136
"2","T1",0,0.4,"stage_T","T_stage",0
"3","T1",24,0.4,"stage_T","T_stage",0.0150659133709981
"4","T1",103,0.4,"stage_T","T_stage",0.0696416497633536
"5","T1",34,0.4,"stage_T","T_stage",0.0271348762968875
"6","T1",56,0.4,"stage_T","T_stage",0.0510483135824977
"7","T1",37,0.4,"stage_T","T_stage",0.0415730337078652
"8","T1",57,0.4,"stage_T","T_stage",0.0996503496503496
"9","T1",23,0.4,"stage_T","T_stage",0.0508849557522124
"10","T1",2,0.4,"stage_T","T_stage",0.00714285714285714
"11","T1",8,0.4,"stage_T","T_stage",0.0363636363636364
"12","T1",8,0.4,"stage_T","T_stage",0.0761904761904762
"0","T2",3,0.4,"stage_T","T_stage",0.000566037735849057
"1","T2",96,0.4,"stage_T","T_stage",0.0449859418931584
"2","T2",418,0.4,"stage_T","T_stage",0.251201923076923
"3","T2",7,0.4,"stage_T","T_stage",0.00439422473320778
"4","T2",64,0.4,"stage_T","T_stage",0.0432724814063556
"5","T2",27,0.4,"stage_T","T_stage",0.0215482841181165
"6","T2",10,0.4,"stage_T","T_stage",0.00911577028258888
"7","T2",42,0.4,"stage_T","T_stage",0.0471910112359551
"8","T2",109,0.4,"stage_T","T_stage",0.190559440559441
"9","T2",43,0.4,"stage_T","T_stage",0.0951327433628319
"10","T2",17,0.4,"stage_T","T_stage",0.0607142857142857
"11","T2",4,0.4,"stage_T","T_stage",0.0181818181818182
"12","T2",5,0.4,"stage_T","T_stage",0.0476190476190476
"0","T3",4,0.4,"stage_T","T_stage",0.000754716981132075
"1","T3",33,0.4,"stage_T","T_stage",0.0154639175257732
"2","T3",42,0.4,"stage_T","T_stage",0.0252403846153846
"3","T3",0,0.4,"stage_T","T_stage",0
"4","T3",11,0.4,"stage_T","T_stage",0.00743745774171738
"5","T3",14,0.4,"stage_T","T_stage",0.0111731843575419
"6","T3",3,0.4,"stage_T","T_stage",0.00273473108477666
"7","T3",8,0.4,"stage_T","T_stage",0.00898876404494382
"8","T3",40,0.4,"stage_T","T_stage",0.0699300699300699
"9","T3",25,0.4,"stage_T","T_stage",0.0553097345132743
"10","T3",10,0.4,"stage_T","T_stage",0.0357142857142857
"11","T3",1,0.4,"stage_T","T_stage",0.00454545454545455
"12","T3",1,0.4,"stage_T","T_stage",0.00952380952380952
"0","T4",15,0.4,"stage_T","T_stage",0.00283018867924528
"1","T4",50,0.4,"stage_T","T_stage",0.0234301780693533
"2","T4",1185,0.4,"stage_T","T_stage",0.712139423076923
"3","T4",1,0.4,"stage_T","T_stage",0.000627746390458255
"4","T4",51,0.4,"stage_T","T_stage",0.0344827586206897
"5","T4",36,0.4,"stage_T","T_stage",0.028731045490822
"6","T4",14,0.4,"stage_T","T_stage",0.0127620783956244
"7","T4",77,0.4,"stage_T","T_stage",0.0865168539325843
"8","T4",14,0.4,"stage_T","T_stage",0.0244755244755245
"9","T4",50,0.4,"stage_T","T_stage",0.110619469026549
"10","T4",29,0.4,"stage_T","T_stage",0.103571428571429
"11","T4",11,0.4,"stage_T","T_stage",0.05
"12","T4",10,0.4,"stage_T","T_stage",0.0952380952380952
"0","Ta",2,0.4,"stage_T","T_stage",0.000377358490566038
"1","Ta",2,0.4,"stage_T","T_stage",0.000937207122774133
"2","Ta",0,0.4,"stage_T","T_stage",0
"3","Ta",0,0.4,"stage_T","T_stage",0
"4","Ta",0,0.4,"stage_T","T_stage",0
"5","Ta",0,0.4,"stage_T","T_stage",0
"6","Ta",0,0.4,"stage_T","T_stage",0
"7","Ta",0,0.4,"stage_T","T_stage",0
"8","Ta",0,0.4,"stage_T","T_stage",0
"9","Ta",0,0.4,"stage_T","T_stage",0
"10","Ta",0,0.4,"stage_T","T_stage",0
"11","Ta",0,0.4,"stage_T","T_stage",0
"12","Ta",0,0.4,"stage_T","T_stage",0
"0",NA,1838,0.4,"stage_T","T_stage",0.346792452830189
"1",NA,1702,0.4,"stage_T","T_stage",0.797563261480787
"2",NA,19,0.4,"stage_T","T_stage",0.0114182692307692
"3",NA,781,0.4,"stage_T","T_stage",0.490269930947897
"4",NA,968,0.4,"stage_T","T_stage",0.654496281271129
"5",NA,525,0.4,"stage_T","T_stage",0.418994413407821
"6",NA,632,0.4,"stage_T","T_stage",0.576116681859617
"7",NA,505,0.4,"stage_T","T_stage",0.567415730337079
"8",NA,252,0.4,"stage_T","T_stage",0.440559440559441
"9",NA,148,0.4,"stage_T","T_stage",0.327433628318584
"10",NA,123,0.4,"stage_T","T_stage",0.439285714285714
"11",NA,169,0.4,"stage_T","T_stage",0.768181818181818
"12",NA,70,0.4,"stage_T","T_stage",0.666666666666667
"0","N0",56,0.4,"stage_N","N_stage",0.0105660377358491
"1","N0",173,0.4,"stage_N","N_stage",0.0810684161199625
"2","N0",0,0.4,"stage_N","N_stage",0
"3","N0",31,0.4,"stage_N","N_stage",0.0194601381042059
"4","N0",152,0.4,"stage_N","N_stage",0.102772143340095
"5","N0",60,0.4,"stage_N","N_stage",0.0478850758180367
"6","N0",65,0.4,"stage_N","N_stage",0.0592525068368277
"7","N0",42,0.4,"stage_N","N_stage",0.0471910112359551
"8","N0",90,0.4,"stage_N","N_stage",0.157342657342657
"9","N0",31,0.4,"stage_N","N_stage",0.0685840707964602
"10","N0",4,0.4,"stage_N","N_stage",0.0142857142857143
"11","N0",9,0.4,"stage_N","N_stage",0.0409090909090909
"12","N0",12,0.4,"stage_N","N_stage",0.114285714285714
"0","N2",1,0.4,"stage_N","N_stage",0.000188679245283019
"1","N2",0,0.4,"stage_N","N_stage",0
"2","N2",0,0.4,"stage_N","N_stage",0
"3","N2",0,0.4,"stage_N","N_stage",0
"4","N2",0,0.4,"stage_N","N_stage",0
"5","N2",0,0.4,"stage_N","N_stage",0
"6","N2",1,0.4,"stage_N","N_stage",0.000911577028258888
"7","N2",1,0.4,"stage_N","N_stage",0.00112359550561798
"8","N2",0,0.4,"stage_N","N_stage",0
"9","N2",0,0.4,"stage_N","N_stage",0
"10","N2",0,0.4,"stage_N","N_stage",0
"11","N2",0,0.4,"stage_N","N_stage",0
"12","N2",0,0.4,"stage_N","N_stage",0
"0","N3",2,0.4,"stage_N","N_stage",0.000377358490566038
"1","N3",31,0.4,"stage_N","N_stage",0.0145267104029991
"2","N3",0,0.4,"stage_N","N_stage",0
"3","N3",0,0.4,"stage_N","N_stage",0
"4","N3",10,0.4,"stage_N","N_stage",0.00676132521974307
"5","N3",7,0.4,"stage_N","N_stage",0.00558659217877095
"6","N3",2,0.4,"stage_N","N_stage",0.00182315405651778
"7","N3",3,0.4,"stage_N","N_stage",0.00337078651685393
"8","N3",37,0.4,"stage_N","N_stage",0.0646853146853147
"9","N3",0,0.4,"stage_N","N_stage",0
"10","N3",1,0.4,"stage_N","N_stage",0.00357142857142857
"11","N3",1,0.4,"stage_N","N_stage",0.00454545454545455
"12","N3",1,0.4,"stage_N","N_stage",0.00952380952380952
"0","Normal",3403,0.4,"stage_N","N_stage",0.642075471698113
"1","Normal",167,0.4,"stage_N","N_stage",0.0782567947516401
"2","Normal",0,0.4,"stage_N","N_stage",0
"3","Normal",780,0.4,"stage_N","N_stage",0.489642184557439
"4","Normal",282,0.4,"stage_N","N_stage",0.190669371196755
"5","Normal",617,0.4,"stage_N","N_stage",0.492418196328811
"6","Normal",382,0.4,"stage_N","N_stage",0.348222424794895
"7","Normal",221,0.4,"stage_N","N_stage",0.248314606741573
"8","Normal",100,0.4,"stage_N","N_stage",0.174825174825175
"9","Normal",163,0.4,"stage_N","N_stage",0.360619469026549
"10","Normal",99,0.4,"stage_N","N_stage",0.353571428571429
"11","Normal",27,0.4,"stage_N","N_stage",0.122727272727273
"12","Normal",11,0.4,"stage_N","N_stage",0.104761904761905
"0",NA,1838,0.4,"stage_N","N_stage",0.346792452830189
"1",NA,1763,0.4,"stage_N","N_stage",0.826148078725398
"2",NA,1664,0.4,"stage_N","N_stage",1
"3",NA,782,0.4,"stage_N","N_stage",0.490897677338355
"4",NA,1035,0.4,"stage_N","N_stage",0.699797160243408
"5",NA,569,0.4,"stage_N","N_stage",0.454110135674381
"6",NA,647,0.4,"stage_N","N_stage",0.5897903372835
"7",NA,623,0.4,"stage_N","N_stage",0.7
"8",NA,345,0.4,"stage_N","N_stage",0.603146853146853
"9",NA,258,0.4,"stage_N","N_stage",0.570796460176991
"10",NA,176,0.4,"stage_N","N_stage",0.628571428571429
"11",NA,183,0.4,"stage_N","N_stage",0.831818181818182
"12",NA,81,0.4,"stage_N","N_stage",0.771428571428571
"0","M0",58,0.4,"stage_M","M_stage",0.0109433962264151
"1","M0",204,0.4,"stage_M","M_stage",0.0955951265229616
"2","M0",0,0.4,"stage_M","M_stage",0
"3","M0",31,0.4,"stage_M","M_stage",0.0194601381042059
"4","M0",162,0.4,"stage_M","M_stage",0.109533468559838
"5","M0",67,0.4,"stage_M","M_stage",0.0534716679968077
"6","M0",67,0.4,"stage_M","M_stage",0.0610756608933455
"7","M0",45,0.4,"stage_M","M_stage",0.050561797752809
"8","M0",127,0.4,"stage_M","M_stage",0.222027972027972
"9","M0",31,0.4,"stage_M","M_stage",0.0685840707964602
"10","M0",5,0.4,"stage_M","M_stage",0.0178571428571429
"11","M0",10,0.4,"stage_M","M_stage",0.0454545454545455
"12","M0",13,0.4,"stage_M","M_stage",0.123809523809524
"0","Normal",3403,0.4,"stage_M","M_stage",0.642075471698113
"1","Normal",167,0.4,"stage_M","M_stage",0.0782567947516401
"2","Normal",0,0.4,"stage_M","M_stage",0
"3","Normal",780,0.4,"stage_M","M_stage",0.489642184557439
"4","Normal",282,0.4,"stage_M","M_stage",0.190669371196755
"5","Normal",617,0.4,"stage_M","M_stage",0.492418196328811
"6","Normal",382,0.4,"stage_M","M_stage",0.348222424794895
"7","Normal",221,0.4,"stage_M","M_stage",0.248314606741573
"8","Normal",100,0.4,"stage_M","M_stage",0.174825174825175
"9","Normal",163,0.4,"stage_M","M_stage",0.360619469026549
"10","Normal",99,0.4,"stage_M","M_stage",0.353571428571429
"11","Normal",27,0.4,"stage_M","M_stage",0.122727272727273
"12","Normal",11,0.4,"stage_M","M_stage",0.104761904761905
"0",NA,1839,0.4,"stage_M","M_stage",0.346981132075472
"1",NA,1763,0.4,"stage_M","M_stage",0.826148078725398
"2",NA,1664,0.4,"stage_M","M_stage",1
"3",NA,782,0.4,"stage_M","M_stage",0.490897677338355
"4",NA,1035,0.4,"stage_M","M_stage",0.699797160243408
"5",NA,569,0.4,"stage_M","M_stage",0.454110135674381
"6",NA,648,0.4,"stage_M","M_stage",0.590701914311759
"7",NA,624,0.4,"stage_M","M_stage",0.701123595505618
"8",NA,345,0.4,"stage_M","M_stage",0.603146853146853
"9",NA,258,0.4,"stage_M","M_stage",0.570796460176991
"10",NA,176,0.4,"stage_M","M_stage",0.628571428571429
"11",NA,183,0.4,"stage_M","M_stage",0.831818181818182
"12",NA,81,0.4,"stage_M","M_stage",0.771428571428571
"0","MIBC",95,0.4,"clinical_type","Type",0.0179245283018868
"1","MIBC",518,0.4,"clinical_type","Type",0.2427366447985
"2","MIBC",1664,0.4,"clinical_type","Type",1
"3","MIBC",87,0.4,"clinical_type","Type",0.0546139359698682
"4","MIBC",374,0.4,"clinical_type","Type",0.252873563218391
"5","MIBC",180,0.4,"clinical_type","Type",0.14365522745411
"6","MIBC",167,0.4,"clinical_type","Type",0.152233363719234
"7","MIBC",161,0.4,"clinical_type","Type",0.180898876404494
"8","MIBC",282,0.4,"clinical_type","Type",0.493006993006993
"9","MIBC",123,0.4,"clinical_type","Type",0.27212389380531
"10","MIBC",79,0.4,"clinical_type","Type",0.282142857142857
"11","MIBC",36,0.4,"clinical_type","Type",0.163636363636364
"12","MIBC",34,0.4,"clinical_type","Type",0.323809523809524
"0","NMIBC",1802,0.4,"clinical_type","Type",0.34
"1","NMIBC",1449,0.4,"clinical_type","Type",0.679006560449859
"2","NMIBC",0,0.4,"clinical_type","Type",0
"3","NMIBC",726,0.4,"clinical_type","Type",0.455743879472693
"4","NMIBC",823,0.4,"clinical_type","Type",0.556457065584855
"5","NMIBC",456,0.4,"clinical_type","Type",0.363926576217079
"6","NMIBC",548,0.4,"clinical_type","Type",0.499544211485871
"7","NMIBC",508,0.4,"clinical_type","Type",0.570786516853933
"8","NMIBC",190,0.4,"clinical_type","Type",0.332167832167832
"9","NMIBC",166,0.4,"clinical_type","Type",0.367256637168142
"10","NMIBC",102,0.4,"clinical_type","Type",0.364285714285714
"11","NMIBC",157,0.4,"clinical_type","Type",0.713636363636364
"12","NMIBC",60,0.4,"clinical_type","Type",0.571428571428571
"0","Normal",3403,0.4,"clinical_type","Type",0.642075471698113
"1","Normal",167,0.4,"clinical_type","Type",0.0782567947516401
"2","Normal",0,0.4,"clinical_type","Type",0
"3","Normal",780,0.4,"clinical_type","Type",0.489642184557439
"4","Normal",282,0.4,"clinical_type","Type",0.190669371196755
"5","Normal",617,0.4,"clinical_type","Type",0.492418196328811
"6","Normal",382,0.4,"clinical_type","Type",0.348222424794895
"7","Normal",221,0.4,"clinical_type","Type",0.248314606741573
"8","Normal",100,0.4,"clinical_type","Type",0.174825174825175
"9","Normal",163,0.4,"clinical_type","Type",0.360619469026549
"10","Normal",99,0.4,"clinical_type","Type",0.353571428571429
"11","Normal",27,0.4,"clinical_type","Type",0.122727272727273
"12","Normal",11,0.4,"clinical_type","Type",0.104761904761905
"0","CNP0000460",46,0.6,"dataset","dataset",0.0119698152485038
"1","CNP0000460",182,0.6,"dataset","dataset",0.087710843373494
"2","CNP0000460",15,0.6,"dataset","dataset",0.00801282051282051
"3","CNP0000460",172,0.6,"dataset","dataset",0.114285714285714
"4","CNP0000460",0,0.6,"dataset","dataset",0
"5","CNP0000460",23,0.6,"dataset","dataset",0.0189612530915087
"6","CNP0000460",44,0.6,"dataset","dataset",0.0403669724770642
"7","CNP0000460",41,0.6,"dataset","dataset",0.0460674157303371
"8","CNP0000460",55,0.6,"dataset","dataset",0.0641025641025641
"9","CNP0000460",137,0.6,"dataset","dataset",0.23951048951049
"10","CNP0000460",43,0.6,"dataset","dataset",0.0951327433628319
"11","CNP0000460",0,0.6,"dataset","dataset",0
"12","CNP0000460",6,0.6,"dataset","dataset",0.021505376344086
"13","CNP0000460",9,0.6,"dataset","dataset",0.0401785714285714
"14","CNP0000460",13,0.6,"dataset","dataset",0.0833333333333333
"15","CNP0000460",12,0.6,"dataset","dataset",0.0888888888888889
"16","CNP0000460",5,0.6,"dataset","dataset",0.0471698113207547
"17","CNP0000460",15,0.6,"dataset","dataset",0.142857142857143
"0","GSE326225",29,0.6,"dataset","dataset",0.00754618787405673
"1","GSE326225",82,0.6,"dataset","dataset",0.0395180722891566
"2","GSE326225",1,0.6,"dataset","dataset",0.000534188034188034
"3","GSE326225",81,0.6,"dataset","dataset",0.0538205980066445
"4","GSE326225",10,0.6,"dataset","dataset",0.00812347684809098
"5","GSE326225",10,0.6,"dataset","dataset",0.00824402308326463
"6","GSE326225",42,0.6,"dataset","dataset",0.0385321100917431
"7","GSE326225",23,0.6,"dataset","dataset",0.0258426966292135
"8","GSE326225",42,0.6,"dataset","dataset",0.048951048951049
"9","GSE326225",10,0.6,"dataset","dataset",0.0174825174825175
"10","GSE326225",0,0.6,"dataset","dataset",0
"11","GSE326225",9,0.6,"dataset","dataset",0.0207852193995381
"12","GSE326225",17,0.6,"dataset","dataset",0.0609318996415771
"13","GSE326225",10,0.6,"dataset","dataset",0.0446428571428571
"14","GSE326225",7,0.6,"dataset","dataset",0.0448717948717949
"15","GSE326225",3,0.6,"dataset","dataset",0.0222222222222222
"16","GSE326225",0,0.6,"dataset","dataset",0
"17","GSE326225",9,0.6,"dataset","dataset",0.0857142857142857
"0","HRA003620",366,0.6,"dataset","dataset",0.0952380952380952
"1","HRA003620",11,0.6,"dataset","dataset",0.00530120481927711
"2","HRA003620",54,0.6,"dataset","dataset",0.0288461538461538
"3","HRA003620",6,0.6,"dataset","dataset",0.00398671096345515
"4","HRA003620",0,0.6,"dataset","dataset",0
"5","HRA003620",3,0.6,"dataset","dataset",0.00247320692497939
"6","HRA003620",99,0.6,"dataset","dataset",0.0908256880733945
"7","HRA003620",58,0.6,"dataset","dataset",0.0651685393258427
"8","HRA003620",41,0.6,"dataset","dataset",0.0477855477855478
"9","HRA003620",29,0.6,"dataset","dataset",0.0506993006993007
"10","HRA003620",106,0.6,"dataset","dataset",0.234513274336283
"11","HRA003620",0,0.6,"dataset","dataset",0
"12","HRA003620",28,0.6,"dataset","dataset",0.100358422939068
"13","HRA003620",3,0.6,"dataset","dataset",0.0133928571428571
"14","HRA003620",10,0.6,"dataset","dataset",0.0641025641025641
"15","HRA003620",0,0.6,"dataset","dataset",0
"16","HRA003620",4,0.6,"dataset","dataset",0.0377358490566038
"17","HRA003620",1,0.6,"dataset","dataset",0.00952380952380952
"0","InhouseData",2,0.6,"dataset","dataset",0.000520426749934947
"1","InhouseData",53,0.6,"dataset","dataset",0.0255421686746988
"2","InhouseData",0,0.6,"dataset","dataset",0
"3","InhouseData",67,0.6,"dataset","dataset",0.0445182724252492
"4","InhouseData",1221,0.6,"dataset","dataset",0.991876523151909
"5","InhouseData",1,0.6,"dataset","dataset",0.000824402308326463
"6","InhouseData",36,0.6,"dataset","dataset",0.0330275229357798
"7","InhouseData",118,0.6,"dataset","dataset",0.132584269662921
"8","InhouseData",13,0.6,"dataset","dataset",0.0151515151515152
"9","InhouseData",93,0.6,"dataset","dataset",0.162587412587413
"10","InhouseData",110,0.6,"dataset","dataset",0.243362831858407
"11","InhouseData",424,0.6,"dataset","dataset",0.979214780600462
"12","InhouseData",53,0.6,"dataset","dataset",0.189964157706093
"13","InhouseData",14,0.6,"dataset","dataset",0.0625
"14","InhouseData",8,0.6,"dataset","dataset",0.0512820512820513
"15","InhouseData",7,0.6,"dataset","dataset",0.0518518518518519
"16","InhouseData",0,0.6,"dataset","dataset",0
"17","InhouseData",12,0.6,"dataset","dataset",0.114285714285714
"0","PRJNA662018",3400,0.6,"dataset","dataset",0.884725474889409
"1","PRJNA662018",1747,0.6,"dataset","dataset",0.841927710843373
"2","PRJNA662018",1802,0.6,"dataset","dataset",0.962606837606838
"3","PRJNA662018",1179,0.6,"dataset","dataset",0.783388704318937
"4","PRJNA662018",0,0.6,"dataset","dataset",0
"5","PRJNA662018",1176,0.6,"dataset","dataset",0.969497114591921
"6","PRJNA662018",869,0.6,"dataset","dataset",0.797247706422018
"7","PRJNA662018",650,0.6,"dataset","dataset",0.730337078651685
"8","PRJNA662018",707,0.6,"dataset","dataset",0.824009324009324
"9","PRJNA662018",303,0.6,"dataset","dataset",0.52972027972028
"10","PRJNA662018",193,0.6,"dataset","dataset",0.426991150442478
"11","PRJNA662018",0,0.6,"dataset","dataset",0
"12","PRJNA662018",175,0.6,"dataset","dataset",0.627240143369176
"13","PRJNA662018",188,0.6,"dataset","dataset",0.839285714285714
"14","PRJNA662018",118,0.6,"dataset","dataset",0.756410256410256
"15","PRJNA662018",113,0.6,"dataset","dataset",0.837037037037037
"16","PRJNA662018",97,0.6,"dataset","dataset",0.915094339622642
"17","PRJNA662018",68,0.6,"dataset","dataset",0.647619047619048
"0","CNP0000460_P01N",12,0.6,"specimen_orig_ident","orig.ident",0.00312256049960968
"1","CNP0000460_P01N",0,0.6,"specimen_orig_ident","orig.ident",0
"2","CNP0000460_P01N",1,0.6,"specimen_orig_ident","orig.ident",0.000534188034188034
"3","CNP0000460_P01N",9,0.6,"specimen_orig_ident","orig.ident",0.00598006644518272
"4","CNP0000460_P01N",0,0.6,"specimen_orig_ident","orig.ident",0
"5","CNP0000460_P01N",3,0.6,"specimen_orig_ident","orig.ident",0.00247320692497939
"6","CNP0000460_P01N",6,0.6,"specimen_orig_ident","orig.ident",0.0055045871559633
"7","CNP0000460_P01N",3,0.6,"specimen_orig_ident","orig.ident",0.00337078651685393
"8","CNP0000460_P01N",7,0.6,"specimen_orig_ident","orig.ident",0.00815850815850816
"9","CNP0000460_P01N",13,0.6,"specimen_orig_ident","orig.ident",0.0227272727272727
"10","CNP0000460_P01N",4,0.6,"specimen_orig_ident","orig.ident",0.00884955752212389
"11","CNP0000460_P01N",0,0.6,"specimen_orig_ident","orig.ident",0
"12","CNP0000460_P01N",0,0.6,"specimen_orig_ident","orig.ident",0
"13","CNP0000460_P01N",0,0.6,"specimen_orig_ident","orig.ident",0
"14","CNP0000460_P01N",1,0.6,"specimen_orig_ident","orig.ident",0.00641025641025641
"15","CNP0000460_P01N",0,0.6,"specimen_orig_ident","orig.ident",0
"16","CNP0000460_P01N",1,0.6,"specimen_orig_ident","orig.ident",0.00943396226415094
"17","CNP0000460_P01N",1,0.6,"specimen_orig_ident","orig.ident",0.00952380952380952
"0","CNP0000460_P01T",0,0.6,"specimen_orig_ident","orig.ident",0
"1","CNP0000460_P01T",22,0.6,"specimen_orig_ident","orig.ident",0.0106024096385542
"2","CNP0000460_P01T",2,0.6,"specimen_orig_ident","orig.ident",0.00106837606837607
"3","CNP0000460_P01T",12,0.6,"specimen_orig_ident","orig.ident",0.0079734219269103
"4","CNP0000460_P01T",0,0.6,"specimen_orig_ident","orig.ident",0
"5","CNP0000460_P01T",0,0.6,"specimen_orig_ident","orig.ident",0
"6","CNP0000460_P01T",3,0.6,"specimen_orig_ident","orig.ident",0.00275229357798165
"7","CNP0000460_P01T",1,0.6,"specimen_orig_ident","orig.ident",0.00112359550561798
"8","CNP0000460_P01T",1,0.6,"specimen_orig_ident","orig.ident",0.00116550116550117
"9","CNP0000460_P01T",5,0.6,"specimen_orig_ident","orig.ident",0.00874125874125874
"10","CNP0000460_P01T",0,0.6,"specimen_orig_ident","orig.ident",0
"11","CNP0000460_P01T",0,0.6,"specimen_orig_ident","orig.ident",0
"12","CNP0000460_P01T",1,0.6,"specimen_orig_ident","orig.ident",0.003584229390681
"13","CNP0000460_P01T",0,0.6,"specimen_orig_ident","orig.ident",0
"14","CNP0000460_P01T",1,0.6,"specimen_orig_ident","orig.ident",0.00641025641025641
"15","CNP0000460_P01T",3,0.6,"specimen_orig_ident","orig.ident",0.0222222222222222
"16","CNP0000460_P01T",0,0.6,"specimen_orig_ident","orig.ident",0
"17","CNP0000460_P01T",2,0.6,"specimen_orig_ident","orig.ident",0.019047619047619
"0","CNP0000460_P02N",0,0.6,"specimen_orig_ident","orig.ident",0
"1","CNP0000460_P02N",0,0.6,"specimen_orig_ident","orig.ident",0
"2","CNP0000460_P02N",0,0.6,"specimen_orig_ident","orig.ident",0
"3","CNP0000460_P02N",1,0.6,"specimen_orig_ident","orig.ident",0.000664451827242525
"4","CNP0000460_P02N",0,0.6,"specimen_orig_ident","orig.ident",0
"5","CNP0000460_P02N",0,0.6,"specimen_orig_ident","orig.ident",0
"6","CNP0000460_P02N",0,0.6,"specimen_orig_ident","orig.ident",0
"7","CNP0000460_P02N",1,0.6,"specimen_orig_ident","orig.ident",0.00112359550561798
"8","CNP0000460_P02N",1,0.6,"specimen_orig_ident","orig.ident",0.00116550116550117
"9","CNP0000460_P02N",0,0.6,"specimen_orig_ident","orig.ident",0
"10","CNP0000460_P02N",0,0.6,"specimen_orig_ident","orig.ident",0
"11","CNP0000460_P02N",0,0.6,"specimen_orig_ident","orig.ident",0
"12","CNP0000460_P02N",0,0.6,"specimen_orig_ident","orig.ident",0
"13","CNP0000460_P02N",0,0.6,"specimen_orig_ident","orig.ident",0
"14","CNP0000460_P02N",0,0.6,"specimen_orig_ident","orig.ident",0
"15","CNP0000460_P02N",0,0.6,"specimen_orig_ident","orig.ident",0
"16","CNP0000460_P02N",0,0.6,"specimen_orig_ident","orig.ident",0
"17","CNP0000460_P02N",0,0.6,"specimen_orig_ident","orig.ident",0
"0","CNP0000460_P02T",0,0.6,"specimen_orig_ident","orig.ident",0
"1","CNP0000460_P02T",5,0.6,"specimen_orig_ident","orig.ident",0.00240963855421687
"2","CNP0000460_P02T",0,0.6,"specimen_orig_ident","orig.ident",0
"3","CNP0000460_P02T",5,0.6,"specimen_orig_ident","orig.ident",0.00332225913621262
"4","CNP0000460_P02T",0,0.6,"specimen_orig_ident","orig.ident",0
"5","CNP0000460_P02T",0,0.6,"specimen_orig_ident","orig.ident",0
"6","CNP0000460_P02T",2,0.6,"specimen_orig_ident","orig.ident",0.0018348623853211
"7","CNP0000460_P02T",2,0.6,"specimen_orig_ident","orig.ident",0.00224719101123596
"8","CNP0000460_P02T",2,0.6,"specimen_orig_ident","orig.ident",0.00233100233100233
"9","CNP0000460_P02T",4,0.6,"specimen_orig_ident","orig.ident",0.00699300699300699
"10","CNP0000460_P02T",0,0.6,"specimen_orig_ident","orig.ident",0
"11","CNP0000460_P02T",0,0.6,"specimen_orig_ident","orig.ident",0
"12","CNP0000460_P02T",0,0.6,"specimen_orig_ident","orig.ident",0
"13","CNP0000460_P02T",0,0.6,"specimen_orig_ident","orig.ident",0
"14","CNP0000460_P02T",1,0.6,"specimen_orig_ident","orig.ident",0.00641025641025641
"15","CNP0000460_P02T",0,0.6,"specimen_orig_ident","orig.ident",0
"16","CNP0000460_P02T",0,0.6,"specimen_orig_ident","orig.ident",0
"17","CNP0000460_P02T",0,0.6,"specimen_orig_ident","orig.ident",0
"0","CNP0000460_P03N",2,0.6,"specimen_orig_ident","orig.ident",0.000520426749934947
"1","CNP0000460_P03N",0,0.6,"specimen_orig_ident","orig.ident",0
"2","CNP0000460_P03N",0,0.6,"specimen_orig_ident","orig.ident",0
"3","CNP0000460_P03N",1,0.6,"specimen_orig_ident","orig.ident",0.000664451827242525
"4","CNP0000460_P03N",0,0.6,"specimen_orig_ident","orig.ident",0
"5","CNP0000460_P03N",0,0.6,"specimen_orig_ident","orig.ident",0
"6","CNP0000460_P03N",0,0.6,"specimen_orig_ident","orig.ident",0
"7","CNP0000460_P03N",0,0.6,"specimen_orig_ident","orig.ident",0
"8","CNP0000460_P03N",1,0.6,"specimen_orig_ident","orig.ident",0.00116550116550117
"9","CNP0000460_P03N",2,0.6,"specimen_orig_ident","orig.ident",0.0034965034965035
"10","CNP0000460_P03N",11,0.6,"specimen_orig_ident","orig.ident",0.0243362831858407
"11","CNP0000460_P03N",0,0.6,"specimen_orig_ident","orig.ident",0
"12","CNP0000460_P03N",0,0.6,"specimen_orig_ident","orig.ident",0
"13","CNP0000460_P03N",0,0.6,"specimen_orig_ident","orig.ident",0
"14","CNP0000460_P03N",1,0.6,"specimen_orig_ident","orig.ident",0.00641025641025641
"15","CNP0000460_P03N",0,0.6,"specimen_orig_ident","orig.ident",0
"16","CNP0000460_P03N",0,0.6,"specimen_orig_ident","orig.ident",0
"17","CNP0000460_P03N",0,0.6,"specimen_orig_ident","orig.ident",0
"0","CNP0000460_P03T",1,0.6,"specimen_orig_ident","orig.ident",0.000260213374967473
"1","CNP0000460_P03T",0,0.6,"specimen_orig_ident","orig.ident",0
"2","CNP0000460_P03T",0,0.6,"specimen_orig_ident","orig.ident",0
"3","CNP0000460_P03T",0,0.6,"specimen_orig_ident","orig.ident",0
"4","CNP0000460_P03T",0,0.6,"specimen_orig_ident","orig.ident",0
"5","CNP0000460_P03T",0,0.6,"specimen_orig_ident","orig.ident",0
"6","CNP0000460_P03T",1,0.6,"specimen_orig_ident","orig.ident",0.000917431192660551
"7","CNP0000460_P03T",0,0.6,"specimen_orig_ident","orig.ident",0
"8","CNP0000460_P03T",1,0.6,"specimen_orig_ident","orig.ident",0.00116550116550117
"9","CNP0000460_P03T",2,0.6,"specimen_orig_ident","orig.ident",0.0034965034965035
"10","CNP0000460_P03T",10,0.6,"specimen_orig_ident","orig.ident",0.0221238938053097
"11","CNP0000460_P03T",0,0.6,"specimen_orig_ident","orig.ident",0
"12","CNP0000460_P03T",0,0.6,"specimen_orig_ident","orig.ident",0
"13","CNP0000460_P03T",0,0.6,"specimen_orig_ident","orig.ident",0
"14","CNP0000460_P03T",0,0.6,"specimen_orig_ident","orig.ident",0
"15","CNP0000460_P03T",0,0.6,"specimen_orig_ident","orig.ident",0
"16","CNP0000460_P03T",1,0.6,"specimen_orig_ident","orig.ident",0.00943396226415094
"17","CNP0000460_P03T",0,0.6,"specimen_orig_ident","orig.ident",0
"0","CNP0000460_P04T",2,0.6,"specimen_orig_ident","orig.ident",0.000520426749934947
"1","CNP0000460_P04T",28,0.6,"specimen_orig_ident","orig.ident",0.0134939759036145
"2","CNP0000460_P04T",1,0.6,"specimen_orig_ident","orig.ident",0.000534188034188034
"3","CNP0000460_P04T",10,0.6,"specimen_orig_ident","orig.ident",0.00664451827242525
"4","CNP0000460_P04T",0,0.6,"specimen_orig_ident","orig.ident",0
"5","CNP0000460_P04T",0,0.6,"specimen_orig_ident","orig.ident",0
"6","CNP0000460_P04T",6,0.6,"specimen_orig_ident","orig.ident",0.0055045871559633
"7","CNP0000460_P04T",3,0.6,"specimen_orig_ident","orig.ident",0.00337078651685393
"8","CNP0000460_P04T",1,0.6,"specimen_orig_ident","orig.ident",0.00116550116550117
"9","CNP0000460_P04T",37,0.6,"specimen_orig_ident","orig.ident",0.0646853146853147
"10","CNP0000460_P04T",0,0.6,"specimen_orig_ident","orig.ident",0
"11","CNP0000460_P04T",0,0.6,"specimen_orig_ident","orig.ident",0
"12","CNP0000460_P04T",1,0.6,"specimen_orig_ident","orig.ident",0.003584229390681
"13","CNP0000460_P04T",1,0.6,"specimen_orig_ident","orig.ident",0.00446428571428571
"14","CNP0000460_P04T",1,0.6,"specimen_orig_ident","orig.ident",0.00641025641025641
"15","CNP0000460_P04T",3,0.6,"specimen_orig_ident","orig.ident",0.0222222222222222
"16","CNP0000460_P04T",0,0.6,"specimen_orig_ident","orig.ident",0
"17","CNP0000460_P04T",1,0.6,"specimen_orig_ident","orig.ident",0.00952380952380952
"0","CNP0000460_P05N",2,0.6,"specimen_orig_ident","orig.ident",0.000520426749934947
"1","CNP0000460_P05N",0,0.6,"specimen_orig_ident","orig.ident",0
"2","CNP0000460_P05N",0,0.6,"specimen_orig_ident","orig.ident",0
"3","CNP0000460_P05N",0,0.6,"specimen_orig_ident","orig.ident",0
"4","CNP0000460_P05N",0,0.6,"specimen_orig_ident","orig.ident",0
"5","CNP0000460_P05N",0,0.6,"specimen_orig_ident","orig.ident",0
"6","CNP0000460_P05N",0,0.6,"specimen_orig_ident","orig.ident",0
"7","CNP0000460_P05N",0,0.6,"specimen_orig_ident","orig.ident",0
"8","CNP0000460_P05N",0,0.6,"specimen_orig_ident","orig.ident",0
"9","CNP0000460_P05N",0,0.6,"specimen_orig_ident","orig.ident",0
"10","CNP0000460_P05N",1,0.6,"specimen_orig_ident","orig.ident",0.00221238938053097
"11","CNP0000460_P05N",0,0.6,"specimen_orig_ident","orig.ident",0
"12","CNP0000460_P05N",0,0.6,"specimen_orig_ident","orig.ident",0
"13","CNP0000460_P05N",0,0.6,"specimen_orig_ident","orig.ident",0
"14","CNP0000460_P05N",0,0.6,"specimen_orig_ident","orig.ident",0
"15","CNP0000460_P05N",0,0.6,"specimen_orig_ident","orig.ident",0
"16","CNP0000460_P05N",0,0.6,"specimen_orig_ident","orig.ident",0
"17","CNP0000460_P05N",0,0.6,"specimen_orig_ident","orig.ident",0
"0","CNP0000460_P05T",2,0.6,"specimen_orig_ident","orig.ident",0.000520426749934947
"1","CNP0000460_P05T",51,0.6,"specimen_orig_ident","orig.ident",0.024578313253012
"2","CNP0000460_P05T",1,0.6,"specimen_orig_ident","orig.ident",0.000534188034188034
"3","CNP0000460_P05T",31,0.6,"specimen_orig_ident","orig.ident",0.0205980066445183
"4","CNP0000460_P05T",0,0.6,"specimen_orig_ident","orig.ident",0
"5","CNP0000460_P05T",4,0.6,"specimen_orig_ident","orig.ident",0.00329760923330585
"6","CNP0000460_P05T",6,0.6,"specimen_orig_ident","orig.ident",0.0055045871559633
"7","CNP0000460_P05T",2,0.6,"specimen_orig_ident","orig.ident",0.00224719101123596
"8","CNP0000460_P05T",2,0.6,"specimen_orig_ident","orig.ident",0.00233100233100233
"9","CNP0000460_P05T",23,0.6,"specimen_orig_ident","orig.ident",0.0402097902097902
"10","CNP0000460_P05T",0,0.6,"specimen_orig_ident","orig.ident",0
"11","CNP0000460_P05T",0,0.6,"specimen_orig_ident","orig.ident",0
"12","CNP0000460_P05T",1,0.6,"specimen_orig_ident","orig.ident",0.003584229390681
"13","CNP0000460_P05T",0,0.6,"specimen_orig_ident","orig.ident",0
"14","CNP0000460_P05T",2,0.6,"specimen_orig_ident","orig.ident",0.0128205128205128
"15","CNP0000460_P05T",1,0.6,"specimen_orig_ident","orig.ident",0.00740740740740741
"16","CNP0000460_P05T",1,0.6,"specimen_orig_ident","orig.ident",0.00943396226415094
"17","CNP0000460_P05T",2,0.6,"specimen_orig_ident","orig.ident",0.019047619047619
"0","CNP0000460_P06T",9,0.6,"specimen_orig_ident","orig.ident",0.00234192037470726
"1","CNP0000460_P06T",33,0.6,"specimen_orig_ident","orig.ident",0.0159036144578313
"2","CNP0000460_P06T",2,0.6,"specimen_orig_ident","orig.ident",0.00106837606837607
"3","CNP0000460_P06T",31,0.6,"specimen_orig_ident","orig.ident",0.0205980066445183
"4","CNP0000460_P06T",0,0.6,"specimen_orig_ident","orig.ident",0
"5","CNP0000460_P06T",5,0.6,"specimen_orig_ident","orig.ident",0.00412201154163232
"6","CNP0000460_P06T",11,0.6,"specimen_orig_ident","orig.ident",0.0100917431192661
"7","CNP0000460_P06T",22,0.6,"specimen_orig_ident","orig.ident",0.0247191011235955
"8","CNP0000460_P06T",5,0.6,"specimen_orig_ident","orig.ident",0.00582750582750583
"9","CNP0000460_P06T",25,0.6,"specimen_orig_ident","orig.ident",0.0437062937062937
"10","CNP0000460_P06T",0,0.6,"specimen_orig_ident","orig.ident",0
"11","CNP0000460_P06T",0,0.6,"specimen_orig_ident","orig.ident",0
"12","CNP0000460_P06T",1,0.6,"specimen_orig_ident","orig.ident",0.003584229390681
"13","CNP0000460_P06T",2,0.6,"specimen_orig_ident","orig.ident",0.00892857142857143
"14","CNP0000460_P06T",2,0.6,"specimen_orig_ident","orig.ident",0.0128205128205128
"15","CNP0000460_P06T",2,0.6,"specimen_orig_ident","orig.ident",0.0148148148148148
"16","CNP0000460_P06T",0,0.6,"specimen_orig_ident","orig.ident",0
"17","CNP0000460_P06T",2,0.6,"specimen_orig_ident","orig.ident",0.019047619047619
"0","CNP0000460_P07N",2,0.6,"specimen_orig_ident","orig.ident",0.000520426749934947
"1","CNP0000460_P07N",0,0.6,"specimen_orig_ident","orig.ident",0
"2","CNP0000460_P07N",0,0.6,"specimen_orig_ident","orig.ident",0
"3","CNP0000460_P07N",1,0.6,"specimen_orig_ident","orig.ident",0.000664451827242525
"4","CNP0000460_P07N",0,0.6,"specimen_orig_ident","orig.ident",0
"5","CNP0000460_P07N",0,0.6,"specimen_orig_ident","orig.ident",0
"6","CNP0000460_P07N",0,0.6,"specimen_orig_ident","orig.ident",0
"7","CNP0000460_P07N",0,0.6,"specimen_orig_ident","orig.ident",0
"8","CNP0000460_P07N",0,0.6,"specimen_orig_ident","orig.ident",0
"9","CNP0000460_P07N",1,0.6,"specimen_orig_ident","orig.ident",0.00174825174825175
"10","CNP0000460_P07N",17,0.6,"specimen_orig_ident","orig.ident",0.0376106194690266
"11","CNP0000460_P07N",0,0.6,"specimen_orig_ident","orig.ident",0
"12","CNP0000460_P07N",1,0.6,"specimen_orig_ident","orig.ident",0.003584229390681
"13","CNP0000460_P07N",0,0.6,"specimen_orig_ident","orig.ident",0
"14","CNP0000460_P07N",0,0.6,"specimen_orig_ident","orig.ident",0
"15","CNP0000460_P07N",0,0.6,"specimen_orig_ident","orig.ident",0
"16","CNP0000460_P07N",0,0.6,"specimen_orig_ident","orig.ident",0
"17","CNP0000460_P07N",1,0.6,"specimen_orig_ident","orig.ident",0.00952380952380952
"0","CNP0000460_P07T",14,0.6,"specimen_orig_ident","orig.ident",0.00364298724954463
"1","CNP0000460_P07T",43,0.6,"specimen_orig_ident","orig.ident",0.0207228915662651
"2","CNP0000460_P07T",8,0.6,"specimen_orig_ident","orig.ident",0.00427350427350427
"3","CNP0000460_P07T",71,0.6,"specimen_orig_ident","orig.ident",0.0471760797342193
"4","CNP0000460_P07T",0,0.6,"specimen_orig_ident","orig.ident",0
"5","CNP0000460_P07T",11,0.6,"specimen_orig_ident","orig.ident",0.0090684253915911
"6","CNP0000460_P07T",9,0.6,"specimen_orig_ident","orig.ident",0.00825688073394495
"7","CNP0000460_P07T",7,0.6,"specimen_orig_ident","orig.ident",0.00786516853932584
"8","CNP0000460_P07T",34,0.6,"specimen_orig_ident","orig.ident",0.0396270396270396
"9","CNP0000460_P07T",25,0.6,"specimen_orig_ident","orig.ident",0.0437062937062937
"10","CNP0000460_P07T",0,0.6,"specimen_orig_ident","orig.ident",0
"11","CNP0000460_P07T",0,0.6,"specimen_orig_ident","orig.ident",0
"12","CNP0000460_P07T",1,0.6,"specimen_orig_ident","orig.ident",0.003584229390681
"13","CNP0000460_P07T",6,0.6,"specimen_orig_ident","orig.ident",0.0267857142857143
"14","CNP0000460_P07T",4,0.6,"specimen_orig_ident","orig.ident",0.0256410256410256
"15","CNP0000460_P07T",3,0.6,"specimen_orig_ident","orig.ident",0.0222222222222222
"16","CNP0000460_P07T",2,0.6,"specimen_orig_ident","orig.ident",0.0188679245283019
"17","CNP0000460_P07T",6,0.6,"specimen_orig_ident","orig.ident",0.0571428571428571
"0","GSE326225_BC1",0,0.6,"specimen_orig_ident","orig.ident",0
"1","GSE326225_BC1",1,0.6,"specimen_orig_ident","orig.ident",0.000481927710843373
"2","GSE326225_BC1",0,0.6,"specimen_orig_ident","orig.ident",0
"3","GSE326225_BC1",5,0.6,"specimen_orig_ident","orig.ident",0.00332225913621262
"4","GSE326225_BC1",0,0.6,"specimen_orig_ident","orig.ident",0
"5","GSE326225_BC1",0,0.6,"specimen_orig_ident","orig.ident",0
"6","GSE326225_BC1",0,0.6,"specimen_orig_ident","orig.ident",0
"7","GSE326225_BC1",6,0.6,"specimen_orig_ident","orig.ident",0.00674157303370787
"8","GSE326225_BC1",1,0.6,"specimen_orig_ident","orig.ident",0.00116550116550117
"9","GSE326225_BC1",4,0.6,"specimen_orig_ident","orig.ident",0.00699300699300699
"10","GSE326225_BC1",0,0.6,"specimen_orig_ident","orig.ident",0
"11","GSE326225_BC1",0,0.6,"specimen_orig_ident","orig.ident",0
"12","GSE326225_BC1",14,0.6,"specimen_orig_ident","orig.ident",0.0501792114695341
"13","GSE326225_BC1",1,0.6,"specimen_orig_ident","orig.ident",0.00446428571428571
"14","GSE326225_BC1",0,0.6,"specimen_orig_ident","orig.ident",0
"15","GSE326225_BC1",0,0.6,"specimen_orig_ident","orig.ident",0
"16","GSE326225_BC1",0,0.6,"specimen_orig_ident","orig.ident",0
"17","GSE326225_BC1",1,0.6,"specimen_orig_ident","orig.ident",0.00952380952380952
"0","GSE326225_BC2",0,0.6,"specimen_orig_ident","orig.ident",0
"1","GSE326225_BC2",4,0.6,"specimen_orig_ident","orig.ident",0.00192771084337349
"2","GSE326225_BC2",0,0.6,"specimen_orig_ident","orig.ident",0
"3","GSE326225_BC2",4,0.6,"specimen_orig_ident","orig.ident",0.0026578073089701
"4","GSE326225_BC2",0,0.6,"specimen_orig_ident","orig.ident",0
"5","GSE326225_BC2",0,0.6,"specimen_orig_ident","orig.ident",0
"6","GSE326225_BC2",0,0.6,"specimen_orig_ident","orig.ident",0
"7","GSE326225_BC2",0,0.6,"specimen_orig_ident","orig.ident",0
"8","GSE326225_BC2",0,0.6,"specimen_orig_ident","orig.ident",0
"9","GSE326225_BC2",3,0.6,"specimen_orig_ident","orig.ident",0.00524475524475524
"10","GSE326225_BC2",0,0.6,"specimen_orig_ident","orig.ident",0
"11","GSE326225_BC2",0,0.6,"specimen_orig_ident","orig.ident",0
"12","GSE326225_BC2",0,0.6,"specimen_orig_ident","orig.ident",0
"13","GSE326225_BC2",0,0.6,"specimen_orig_ident","orig.ident",0
"14","GSE326225_BC2",0,0.6,"specimen_orig_ident","orig.ident",0
"15","GSE326225_BC2",0,0.6,"specimen_orig_ident","orig.ident",0
"16","GSE326225_BC2",0,0.6,"specimen_orig_ident","orig.ident",0
"17","GSE326225_BC2",0,0.6,"specimen_orig_ident","orig.ident",0
"0","GSE326225_BC3",0,0.6,"specimen_orig_ident","orig.ident",0
"1","GSE326225_BC3",7,0.6,"specimen_orig_ident","orig.ident",0.00337349397590361
"2","GSE326225_BC3",0,0.6,"specimen_orig_ident","orig.ident",0
"3","GSE326225_BC3",3,0.6,"specimen_orig_ident","orig.ident",0.00199335548172757
"4","GSE326225_BC3",0,0.6,"specimen_orig_ident","orig.ident",0
"5","GSE326225_BC3",0,0.6,"specimen_orig_ident","orig.ident",0
"6","GSE326225_BC3",1,0.6,"specimen_orig_ident","orig.ident",0.000917431192660551
"7","GSE326225_BC3",0,0.6,"specimen_orig_ident","orig.ident",0
"8","GSE326225_BC3",1,0.6,"specimen_orig_ident","orig.ident",0.00116550116550117
"9","GSE326225_BC3",1,0.6,"specimen_orig_ident","orig.ident",0.00174825174825175
"10","GSE326225_BC3",0,0.6,"specimen_orig_ident","orig.ident",0
"11","GSE326225_BC3",0,0.6,"specimen_orig_ident","orig.ident",0
"12","GSE326225_BC3",1,0.6,"specimen_orig_ident","orig.ident",0.003584229390681
"13","GSE326225_BC3",3,0.6,"specimen_orig_ident","orig.ident",0.0133928571428571
"14","GSE326225_BC3",0,0.6,"specimen_orig_ident","orig.ident",0
"15","GSE326225_BC3",0,0.6,"specimen_orig_ident","orig.ident",0
"16","GSE326225_BC3",0,0.6,"specimen_orig_ident","orig.ident",0
"17","GSE326225_BC3",0,0.6,"specimen_orig_ident","orig.ident",0
"0","GSE326225_BC4",0,0.6,"specimen_orig_ident","orig.ident",0
"1","GSE326225_BC4",1,0.6,"specimen_orig_ident","orig.ident",0.000481927710843373
"2","GSE326225_BC4",0,0.6,"specimen_orig_ident","orig.ident",0
"3","GSE326225_BC4",1,0.6,"specimen_orig_ident","orig.ident",0.000664451827242525
"4","GSE326225_BC4",0,0.6,"specimen_orig_ident","orig.ident",0
"5","GSE326225_BC4",0,0.6,"specimen_orig_ident","orig.ident",0
"6","GSE326225_BC4",0,0.6,"specimen_orig_ident","orig.ident",0
"7","GSE326225_BC4",4,0.6,"specimen_orig_ident","orig.ident",0.00449438202247191
"8","GSE326225_BC4",0,0.6,"specimen_orig_ident","orig.ident",0
"9","GSE326225_BC4",0,0.6,"specimen_orig_ident","orig.ident",0
"10","GSE326225_BC4",0,0.6,"specimen_orig_ident","orig.ident",0
"11","GSE326225_BC4",0,0.6,"specimen_orig_ident","orig.ident",0
"12","GSE326225_BC4",0,0.6,"specimen_orig_ident","orig.ident",0
"13","GSE326225_BC4",3,0.6,"specimen_orig_ident","orig.ident",0.0133928571428571
"14","GSE326225_BC4",0,0.6,"specimen_orig_ident","orig.ident",0
"15","GSE326225_BC4",1,0.6,"specimen_orig_ident","orig.ident",0.00740740740740741
"16","GSE326225_BC4",0,0.6,"specimen_orig_ident","orig.ident",0
"17","GSE326225_BC4",0,0.6,"specimen_orig_ident","orig.ident",0
"0","GSE326225_BC5",0,0.6,"specimen_orig_ident","orig.ident",0
"1","GSE326225_BC5",0,0.6,"specimen_orig_ident","orig.ident",0
"2","GSE326225_BC5",0,0.6,"specimen_orig_ident","orig.ident",0
"3","GSE326225_BC5",0,0.6,"specimen_orig_ident","orig.ident",0
"4","GSE326225_BC5",0,0.6,"specimen_orig_ident","orig.ident",0
"5","GSE326225_BC5",0,0.6,"specimen_orig_ident","orig.ident",0
"6","GSE326225_BC5",0,0.6,"specimen_orig_ident","orig.ident",0
"7","GSE326225_BC5",0,0.6,"specimen_orig_ident","orig.ident",0
"8","GSE326225_BC5",0,0.6,"specimen_orig_ident","orig.ident",0
"9","GSE326225_BC5",0,0.6,"specimen_orig_ident","orig.ident",0
"10","GSE326225_BC5",0,0.6,"specimen_orig_ident","orig.ident",0
"11","GSE326225_BC5",0,0.6,"specimen_orig_ident","orig.ident",0
"12","GSE326225_BC5",1,0.6,"specimen_orig_ident","orig.ident",0.003584229390681
"13","GSE326225_BC5",0,0.6,"specimen_orig_ident","orig.ident",0
"14","GSE326225_BC5",0,0.6,"specimen_orig_ident","orig.ident",0
"15","GSE326225_BC5",0,0.6,"specimen_orig_ident","orig.ident",0
"16","GSE326225_BC5",0,0.6,"specimen_orig_ident","orig.ident",0
"17","GSE326225_BC5",0,0.6,"specimen_orig_ident","orig.ident",0
"0","GSE326225_BC6",2,0.6,"specimen_orig_ident","orig.ident",0.000520426749934947
"1","GSE326225_BC6",37,0.6,"specimen_orig_ident","orig.ident",0.0178313253012048
"2","GSE326225_BC6",1,0.6,"specimen_orig_ident","orig.ident",0.000534188034188034
"3","GSE326225_BC6",30,0.6,"specimen_orig_ident","orig.ident",0.0199335548172757
"4","GSE326225_BC6",7,0.6,"specimen_orig_ident","orig.ident",0.00568643379366369
"5","GSE326225_BC6",4,0.6,"specimen_orig_ident","orig.ident",0.00329760923330585
"6","GSE326225_BC6",22,0.6,"specimen_orig_ident","orig.ident",0.0201834862385321
"7","GSE326225_BC6",8,0.6,"specimen_orig_ident","orig.ident",0.00898876404494382
"8","GSE326225_BC6",12,0.6,"specimen_orig_ident","orig.ident",0.013986013986014
"9","GSE326225_BC6",2,0.6,"specimen_orig_ident","orig.ident",0.0034965034965035
"10","GSE326225_BC6",0,0.6,"specimen_orig_ident","orig.ident",0
"11","GSE326225_BC6",4,0.6,"specimen_orig_ident","orig.ident",0.0092378752886836
"12","GSE326225_BC6",1,0.6,"specimen_orig_ident","orig.ident",0.003584229390681
"13","GSE326225_BC6",3,0.6,"specimen_orig_ident","orig.ident",0.0133928571428571
"14","GSE326225_BC6",1,0.6,"specimen_orig_ident","orig.ident",0.00641025641025641
"15","GSE326225_BC6",2,0.6,"specimen_orig_ident","orig.ident",0.0148148148148148
"16","GSE326225_BC6",0,0.6,"specimen_orig_ident","orig.ident",0
"17","GSE326225_BC6",7,0.6,"specimen_orig_ident","orig.ident",0.0666666666666667
"0","GSE326225_BC7",27,0.6,"specimen_orig_ident","orig.ident",0.00702576112412178
"1","GSE326225_BC7",30,0.6,"specimen_orig_ident","orig.ident",0.0144578313253012
"2","GSE326225_BC7",0,0.6,"specimen_orig_ident","orig.ident",0
"3","GSE326225_BC7",36,0.6,"specimen_orig_ident","orig.ident",0.0239202657807309
"4","GSE326225_BC7",3,0.6,"specimen_orig_ident","orig.ident",0.00243704305442729
"5","GSE326225_BC7",6,0.6,"specimen_orig_ident","orig.ident",0.00494641384995878
"6","GSE326225_BC7",19,0.6,"specimen_orig_ident","orig.ident",0.0174311926605505
"7","GSE326225_BC7",5,0.6,"specimen_orig_ident","orig.ident",0.00561797752808989
"8","GSE326225_BC7",28,0.6,"specimen_orig_ident","orig.ident",0.0326340326340326
"9","GSE326225_BC7",0,0.6,"specimen_orig_ident","orig.ident",0
"10","GSE326225_BC7",0,0.6,"specimen_orig_ident","orig.ident",0
"11","GSE326225_BC7",5,0.6,"specimen_orig_ident","orig.ident",0.0115473441108545
"12","GSE326225_BC7",0,0.6,"specimen_orig_ident","orig.ident",0
"13","GSE326225_BC7",0,0.6,"specimen_orig_ident","orig.ident",0
"14","GSE326225_BC7",6,0.6,"specimen_orig_ident","orig.ident",0.0384615384615385
"15","GSE326225_BC7",0,0.6,"specimen_orig_ident","orig.ident",0
"16","GSE326225_BC7",0,0.6,"specimen_orig_ident","orig.ident",0
"17","GSE326225_BC7",1,0.6,"specimen_orig_ident","orig.ident",0.00952380952380952
"0","GSE326225_BC8",0,0.6,"specimen_orig_ident","orig.ident",0
"1","GSE326225_BC8",2,0.6,"specimen_orig_ident","orig.ident",0.000963855421686747
"2","GSE326225_BC8",0,0.6,"specimen_orig_ident","orig.ident",0
"3","GSE326225_BC8",2,0.6,"specimen_orig_ident","orig.ident",0.00132890365448505
"4","GSE326225_BC8",0,0.6,"specimen_orig_ident","orig.ident",0
"5","GSE326225_BC8",0,0.6,"specimen_orig_ident","orig.ident",0
"6","GSE326225_BC8",0,0.6,"specimen_orig_ident","orig.ident",0
"7","GSE326225_BC8",0,0.6,"specimen_orig_ident","orig.ident",0
"8","GSE326225_BC8",0,0.6,"specimen_orig_ident","orig.ident",0
"9","GSE326225_BC8",0,0.6,"specimen_orig_ident","orig.ident",0
"10","GSE326225_BC8",0,0.6,"specimen_orig_ident","orig.ident",0
"11","GSE326225_BC8",0,0.6,"specimen_orig_ident","orig.ident",0
"12","GSE326225_BC8",0,0.6,"specimen_orig_ident","orig.ident",0
"13","GSE326225_BC8",0,0.6,"specimen_orig_ident","orig.ident",0
"14","GSE326225_BC8",0,0.6,"specimen_orig_ident","orig.ident",0
"15","GSE326225_BC8",0,0.6,"specimen_orig_ident","orig.ident",0
"16","GSE326225_BC8",0,0.6,"specimen_orig_ident","orig.ident",0
"17","GSE326225_BC8",0,0.6,"specimen_orig_ident","orig.ident",0
"0","HRA003620_BC-01",0,0.6,"specimen_orig_ident","orig.ident",0
"1","HRA003620_BC-01",0,0.6,"specimen_orig_ident","orig.ident",0
"2","HRA003620_BC-01",0,0.6,"specimen_orig_ident","orig.ident",0
"3","HRA003620_BC-01",0,0.6,"specimen_orig_ident","orig.ident",0
"4","HRA003620_BC-01",0,0.6,"specimen_orig_ident","orig.ident",0
"5","HRA003620_BC-01",0,0.6,"specimen_orig_ident","orig.ident",0
"6","HRA003620_BC-01",0,0.6,"specimen_orig_ident","orig.ident",0
"7","HRA003620_BC-01",0,0.6,"specimen_orig_ident","orig.ident",0
"8","HRA003620_BC-01",0,0.6,"specimen_orig_ident","orig.ident",0
"9","HRA003620_BC-01",0,0.6,"specimen_orig_ident","orig.ident",0
"10","HRA003620_BC-01",5,0.6,"specimen_orig_ident","orig.ident",0.0110619469026549
"11","HRA003620_BC-01",0,0.6,"specimen_orig_ident","orig.ident",0
"12","HRA003620_BC-01",0,0.6,"specimen_orig_ident","orig.ident",0
"13","HRA003620_BC-01",0,0.6,"specimen_orig_ident","orig.ident",0
"14","HRA003620_BC-01",0,0.6,"specimen_orig_ident","orig.ident",0
"15","HRA003620_BC-01",0,0.6,"specimen_orig_ident","orig.ident",0
"16","HRA003620_BC-01",0,0.6,"specimen_orig_ident","orig.ident",0
"17","HRA003620_BC-01",0,0.6,"specimen_orig_ident","orig.ident",0
"0","HRA003620_BC-04",13,0.6,"specimen_orig_ident","orig.ident",0.00338277387457715
"1","HRA003620_BC-04",5,0.6,"specimen_orig_ident","orig.ident",0.00240963855421687
"2","HRA003620_BC-04",3,0.6,"specimen_orig_ident","orig.ident",0.0016025641025641
"3","HRA003620_BC-04",1,0.6,"specimen_orig_ident","orig.ident",0.000664451827242525
"4","HRA003620_BC-04",0,0.6,"specimen_orig_ident","orig.ident",0
"5","HRA003620_BC-04",0,0.6,"specimen_orig_ident","orig.ident",0
"6","HRA003620_BC-04",9,0.6,"specimen_orig_ident","orig.ident",0.00825688073394495
"7","HRA003620_BC-04",0,0.6,"specimen_orig_ident","orig.ident",0
"8","HRA003620_BC-04",0,0.6,"specimen_orig_ident","orig.ident",0
"9","HRA003620_BC-04",1,0.6,"specimen_orig_ident","orig.ident",0.00174825174825175
"10","HRA003620_BC-04",3,0.6,"specimen_orig_ident","orig.ident",0.00663716814159292
"11","HRA003620_BC-04",0,0.6,"specimen_orig_ident","orig.ident",0
"12","HRA003620_BC-04",0,0.6,"specimen_orig_ident","orig.ident",0
"13","HRA003620_BC-04",1,0.6,"specimen_orig_ident","orig.ident",0.00446428571428571
"14","HRA003620_BC-04",0,0.6,"specimen_orig_ident","orig.ident",0
"15","HRA003620_BC-04",0,0.6,"specimen_orig_ident","orig.ident",0
"16","HRA003620_BC-04",0,0.6,"specimen_orig_ident","orig.ident",0
"17","HRA003620_BC-04",0,0.6,"specimen_orig_ident","orig.ident",0
"0","HRA003620_BC-05",1,0.6,"specimen_orig_ident","orig.ident",0.000260213374967473
"1","HRA003620_BC-05",0,0.6,"specimen_orig_ident","orig.ident",0
"2","HRA003620_BC-05",0,0.6,"specimen_orig_ident","orig.ident",0
"3","HRA003620_BC-05",0,0.6,"specimen_orig_ident","orig.ident",0
"4","HRA003620_BC-05",0,0.6,"specimen_orig_ident","orig.ident",0
"5","HRA003620_BC-05",0,0.6,"specimen_orig_ident","orig.ident",0
"6","HRA003620_BC-05",0,0.6,"specimen_orig_ident","orig.ident",0
"7","HRA003620_BC-05",1,0.6,"specimen_orig_ident","orig.ident",0.00112359550561798
"8","HRA003620_BC-05",1,0.6,"specimen_orig_ident","orig.ident",0.00116550116550117
"9","HRA003620_BC-05",0,0.6,"specimen_orig_ident","orig.ident",0
"10","HRA003620_BC-05",0,0.6,"specimen_orig_ident","orig.ident",0
"11","HRA003620_BC-05",0,0.6,"specimen_orig_ident","orig.ident",0
"12","HRA003620_BC-05",0,0.6,"specimen_orig_ident","orig.ident",0
"13","HRA003620_BC-05",0,0.6,"specimen_orig_ident","orig.ident",0
"14","HRA003620_BC-05",0,0.6,"specimen_orig_ident","orig.ident",0
"15","HRA003620_BC-05",0,0.6,"specimen_orig_ident","orig.ident",0
"16","HRA003620_BC-05",0,0.6,"specimen_orig_ident","orig.ident",0
"17","HRA003620_BC-05",0,0.6,"specimen_orig_ident","orig.ident",0
"0","HRA003620_BC-11",2,0.6,"specimen_orig_ident","orig.ident",0.000520426749934947
"1","HRA003620_BC-11",2,0.6,"specimen_orig_ident","orig.ident",0.000963855421686747
"2","HRA003620_BC-11",0,0.6,"specimen_orig_ident","orig.ident",0
"3","HRA003620_BC-11",0,0.6,"specimen_orig_ident","orig.ident",0
"4","HRA003620_BC-11",0,0.6,"specimen_orig_ident","orig.ident",0
"5","HRA003620_BC-11",0,0.6,"specimen_orig_ident","orig.ident",0
"6","HRA003620_BC-11",0,0.6,"specimen_orig_ident","orig.ident",0
"7","HRA003620_BC-11",0,0.6,"specimen_orig_ident","orig.ident",0
"8","HRA003620_BC-11",0,0.6,"specimen_orig_ident","orig.ident",0
"9","HRA003620_BC-11",0,0.6,"specimen_orig_ident","orig.ident",0
"10","HRA003620_BC-11",0,0.6,"specimen_orig_ident","orig.ident",0
"11","HRA003620_BC-11",0,0.6,"specimen_orig_ident","orig.ident",0
"12","HRA003620_BC-11",0,0.6,"specimen_orig_ident","orig.ident",0
"13","HRA003620_BC-11",0,0.6,"specimen_orig_ident","orig.ident",0
"14","HRA003620_BC-11",0,0.6,"specimen_orig_ident","orig.ident",0
"15","HRA003620_BC-11",0,0.6,"specimen_orig_ident","orig.ident",0
"16","HRA003620_BC-11",0,0.6,"specimen_orig_ident","orig.ident",0
"17","HRA003620_BC-11",0,0.6,"specimen_orig_ident","orig.ident",0
"0","HRA003620_BC-24",3,0.6,"specimen_orig_ident","orig.ident",0.00078064012490242
"1","HRA003620_BC-24",0,0.6,"specimen_orig_ident","orig.ident",0
"2","HRA003620_BC-24",0,0.6,"specimen_orig_ident","orig.ident",0
"3","HRA003620_BC-24",0,0.6,"specimen_orig_ident","orig.ident",0
"4","HRA003620_BC-24",0,0.6,"specimen_orig_ident","orig.ident",0
"5","HRA003620_BC-24",0,0.6,"specimen_orig_ident","orig.ident",0
"6","HRA003620_BC-24",2,0.6,"specimen_orig_ident","orig.ident",0.0018348623853211
"7","HRA003620_BC-24",1,0.6,"specimen_orig_ident","orig.ident",0.00112359550561798
"8","HRA003620_BC-24",1,0.6,"specimen_orig_ident","orig.ident",0.00116550116550117
"9","HRA003620_BC-24",2,0.6,"specimen_orig_ident","orig.ident",0.0034965034965035
"10","HRA003620_BC-24",5,0.6,"specimen_orig_ident","orig.ident",0.0110619469026549
"11","HRA003620_BC-24",0,0.6,"specimen_orig_ident","orig.ident",0
"12","HRA003620_BC-24",0,0.6,"specimen_orig_ident","orig.ident",0
"13","HRA003620_BC-24",0,0.6,"specimen_orig_ident","orig.ident",0
"14","HRA003620_BC-24",0,0.6,"specimen_orig_ident","orig.ident",0
"15","HRA003620_BC-24",0,0.6,"specimen_orig_ident","orig.ident",0
"16","HRA003620_BC-24",1,0.6,"specimen_orig_ident","orig.ident",0.00943396226415094
"17","HRA003620_BC-24",0,0.6,"specimen_orig_ident","orig.ident",0
"0","HRA003620_BC-27",15,0.6,"specimen_orig_ident","orig.ident",0.0039032006245121
"1","HRA003620_BC-27",3,0.6,"specimen_orig_ident","orig.ident",0.00144578313253012
"2","HRA003620_BC-27",0,0.6,"specimen_orig_ident","orig.ident",0
"3","HRA003620_BC-27",1,0.6,"specimen_orig_ident","orig.ident",0.000664451827242525
"4","HRA003620_BC-27",0,0.6,"specimen_orig_ident","orig.ident",0
"5","HRA003620_BC-27",0,0.6,"specimen_orig_ident","orig.ident",0
"6","HRA003620_BC-27",5,0.6,"specimen_orig_ident","orig.ident",0.00458715596330275
"7","HRA003620_BC-27",7,0.6,"specimen_orig_ident","orig.ident",0.00786516853932584
"8","HRA003620_BC-27",2,0.6,"specimen_orig_ident","orig.ident",0.00233100233100233
"9","HRA003620_BC-27",3,0.6,"specimen_orig_ident","orig.ident",0.00524475524475524
"10","HRA003620_BC-27",8,0.6,"specimen_orig_ident","orig.ident",0.0176991150442478
"11","HRA003620_BC-27",0,0.6,"specimen_orig_ident","orig.ident",0
"12","HRA003620_BC-27",0,0.6,"specimen_orig_ident","orig.ident",0
"13","HRA003620_BC-27",0,0.6,"specimen_orig_ident","orig.ident",0
"14","HRA003620_BC-27",0,0.6,"specimen_orig_ident","orig.ident",0
"15","HRA003620_BC-27",0,0.6,"specimen_orig_ident","orig.ident",0
"16","HRA003620_BC-27",0,0.6,"specimen_orig_ident","orig.ident",0
"17","HRA003620_BC-27",0,0.6,"specimen_orig_ident","orig.ident",0
"0","HRA003620_BC-30",2,0.6,"specimen_orig_ident","orig.ident",0.000520426749934947
"1","HRA003620_BC-30",1,0.6,"specimen_orig_ident","orig.ident",0.000481927710843373
"2","HRA003620_BC-30",0,0.6,"specimen_orig_ident","orig.ident",0
"3","HRA003620_BC-30",0,0.6,"specimen_orig_ident","orig.ident",0
"4","HRA003620_BC-30",0,0.6,"specimen_orig_ident","orig.ident",0
"5","HRA003620_BC-30",0,0.6,"specimen_orig_ident","orig.ident",0
"6","HRA003620_BC-30",2,0.6,"specimen_orig_ident","orig.ident",0.0018348623853211
"7","HRA003620_BC-30",0,0.6,"specimen_orig_ident","orig.ident",0
"8","HRA003620_BC-30",1,0.6,"specimen_orig_ident","orig.ident",0.00116550116550117
"9","HRA003620_BC-30",0,0.6,"specimen_orig_ident","orig.ident",0
"10","HRA003620_BC-30",0,0.6,"specimen_orig_ident","orig.ident",0
"11","HRA003620_BC-30",0,0.6,"specimen_orig_ident","orig.ident",0
"12","HRA003620_BC-30",0,0.6,"specimen_orig_ident","orig.ident",0
"13","HRA003620_BC-30",0,0.6,"specimen_orig_ident","orig.ident",0
"14","HRA003620_BC-30",0,0.6,"specimen_orig_ident","orig.ident",0
"15","HRA003620_BC-30",0,0.6,"specimen_orig_ident","orig.ident",0
"16","HRA003620_BC-30",0,0.6,"specimen_orig_ident","orig.ident",0
"17","HRA003620_BC-30",0,0.6,"specimen_orig_ident","orig.ident",0
"0","HRA003620_NC-04",37,0.6,"specimen_orig_ident","orig.ident",0.00962789487379651
"1","HRA003620_NC-04",0,0.6,"specimen_orig_ident","orig.ident",0
"2","HRA003620_NC-04",2,0.6,"specimen_orig_ident","orig.ident",0.00106837606837607
"3","HRA003620_NC-04",0,0.6,"specimen_orig_ident","orig.ident",0
"4","HRA003620_NC-04",0,0.6,"specimen_orig_ident","orig.ident",0
"5","HRA003620_NC-04",0,0.6,"specimen_orig_ident","orig.ident",0
"6","HRA003620_NC-04",10,0.6,"specimen_orig_ident","orig.ident",0.00917431192660551
"7","HRA003620_NC-04",0,0.6,"specimen_orig_ident","orig.ident",0
"8","HRA003620_NC-04",2,0.6,"specimen_orig_ident","orig.ident",0.00233100233100233
"9","HRA003620_NC-04",1,0.6,"specimen_orig_ident","orig.ident",0.00174825174825175
"10","HRA003620_NC-04",34,0.6,"specimen_orig_ident","orig.ident",0.0752212389380531
"11","HRA003620_NC-04",0,0.6,"specimen_orig_ident","orig.ident",0
"12","HRA003620_NC-04",2,0.6,"specimen_orig_ident","orig.ident",0.00716845878136201
"13","HRA003620_NC-04",0,0.6,"specimen_orig_ident","orig.ident",0
"14","HRA003620_NC-04",0,0.6,"specimen_orig_ident","orig.ident",0
"15","HRA003620_NC-04",0,0.6,"specimen_orig_ident","orig.ident",0
"16","HRA003620_NC-04",0,0.6,"specimen_orig_ident","orig.ident",0
"17","HRA003620_NC-04",0,0.6,"specimen_orig_ident","orig.ident",0
"0","HRA003620_NC-05",55,0.6,"specimen_orig_ident","orig.ident",0.014311735623211
"1","HRA003620_NC-05",0,0.6,"specimen_orig_ident","orig.ident",0
"2","HRA003620_NC-05",13,0.6,"specimen_orig_ident","orig.ident",0.00694444444444444
"3","HRA003620_NC-05",2,0.6,"specimen_orig_ident","orig.ident",0.00132890365448505
"4","HRA003620_NC-05",0,0.6,"specimen_orig_ident","orig.ident",0
"5","HRA003620_NC-05",0,0.6,"specimen_orig_ident","orig.ident",0
"6","HRA003620_NC-05",4,0.6,"specimen_orig_ident","orig.ident",0.0036697247706422
"7","HRA003620_NC-05",7,0.6,"specimen_orig_ident","orig.ident",0.00786516853932584
"8","HRA003620_NC-05",3,0.6,"specimen_orig_ident","orig.ident",0.0034965034965035
"9","HRA003620_NC-05",0,0.6,"specimen_orig_ident","orig.ident",0
"10","HRA003620_NC-05",12,0.6,"specimen_orig_ident","orig.ident",0.0265486725663717
"11","HRA003620_NC-05",0,0.6,"specimen_orig_ident","orig.ident",0
"12","HRA003620_NC-05",14,0.6,"specimen_orig_ident","orig.ident",0.0501792114695341
"13","HRA003620_NC-05",1,0.6,"specimen_orig_ident","orig.ident",0.00446428571428571
"14","HRA003620_NC-05",0,0.6,"specimen_orig_ident","orig.ident",0
"15","HRA003620_NC-05",0,0.6,"specimen_orig_ident","orig.ident",0
"16","HRA003620_NC-05",1,0.6,"specimen_orig_ident","orig.ident",0.00943396226415094
"17","HRA003620_NC-05",1,0.6,"specimen_orig_ident","orig.ident",0.00952380952380952
"0","HRA003620_NC-11",21,0.6,"specimen_orig_ident","orig.ident",0.00546448087431694
"1","HRA003620_NC-11",0,0.6,"specimen_orig_ident","orig.ident",0
"2","HRA003620_NC-11",4,0.6,"specimen_orig_ident","orig.ident",0.00213675213675214
"3","HRA003620_NC-11",0,0.6,"specimen_orig_ident","orig.ident",0
"4","HRA003620_NC-11",0,0.6,"specimen_orig_ident","orig.ident",0
"5","HRA003620_NC-11",0,0.6,"specimen_orig_ident","orig.ident",0
"6","HRA003620_NC-11",7,0.6,"specimen_orig_ident","orig.ident",0.00642201834862385
"7","HRA003620_NC-11",5,0.6,"specimen_orig_ident","orig.ident",0.00561797752808989
"8","HRA003620_NC-11",0,0.6,"specimen_orig_ident","orig.ident",0
"9","HRA003620_NC-11",0,0.6,"specimen_orig_ident","orig.ident",0
"10","HRA003620_NC-11",10,0.6,"specimen_orig_ident","orig.ident",0.0221238938053097
"11","HRA003620_NC-11",0,0.6,"specimen_orig_ident","orig.ident",0
"12","HRA003620_NC-11",1,0.6,"specimen_orig_ident","orig.ident",0.003584229390681
"13","HRA003620_NC-11",0,0.6,"specimen_orig_ident","orig.ident",0
"14","HRA003620_NC-11",1,0.6,"specimen_orig_ident","orig.ident",0.00641025641025641
"15","HRA003620_NC-11",0,0.6,"specimen_orig_ident","orig.ident",0
"16","HRA003620_NC-11",0,0.6,"specimen_orig_ident","orig.ident",0
"17","HRA003620_NC-11",0,0.6,"specimen_orig_ident","orig.ident",0
"0","HRA003620_NC-24",35,0.6,"specimen_orig_ident","orig.ident",0.00910746812386157
"1","HRA003620_NC-24",0,0.6,"specimen_orig_ident","orig.ident",0
"2","HRA003620_NC-24",1,0.6,"specimen_orig_ident","orig.ident",0.000534188034188034
"3","HRA003620_NC-24",1,0.6,"specimen_orig_ident","orig.ident",0.000664451827242525
"4","HRA003620_NC-24",0,0.6,"specimen_orig_ident","orig.ident",0
"5","HRA003620_NC-24",0,0.6,"specimen_orig_ident","orig.ident",0
"6","HRA003620_NC-24",12,0.6,"specimen_orig_ident","orig.ident",0.0110091743119266
"7","HRA003620_NC-24",3,0.6,"specimen_orig_ident","orig.ident",0.00337078651685393
"8","HRA003620_NC-24",5,0.6,"specimen_orig_ident","orig.ident",0.00582750582750583
"9","HRA003620_NC-24",6,0.6,"specimen_orig_ident","orig.ident",0.0104895104895105
"10","HRA003620_NC-24",10,0.6,"specimen_orig_ident","orig.ident",0.0221238938053097
"11","HRA003620_NC-24",0,0.6,"specimen_orig_ident","orig.ident",0
"12","HRA003620_NC-24",0,0.6,"specimen_orig_ident","orig.ident",0
"13","HRA003620_NC-24",0,0.6,"specimen_orig_ident","orig.ident",0
"14","HRA003620_NC-24",1,0.6,"specimen_orig_ident","orig.ident",0.00641025641025641
"15","HRA003620_NC-24",0,0.6,"specimen_orig_ident","orig.ident",0
"16","HRA003620_NC-24",0,0.6,"specimen_orig_ident","orig.ident",0
"17","HRA003620_NC-24",0,0.6,"specimen_orig_ident","orig.ident",0
"0","HRA003620_NC-27",31,0.6,"specimen_orig_ident","orig.ident",0.00806661462399167
"1","HRA003620_NC-27",0,0.6,"specimen_orig_ident","orig.ident",0
"2","HRA003620_NC-27",6,0.6,"specimen_orig_ident","orig.ident",0.00320512820512821
"3","HRA003620_NC-27",1,0.6,"specimen_orig_ident","orig.ident",0.000664451827242525
"4","HRA003620_NC-27",0,0.6,"specimen_orig_ident","orig.ident",0
"5","HRA003620_NC-27",1,0.6,"specimen_orig_ident","orig.ident",0.000824402308326463
"6","HRA003620_NC-27",13,0.6,"specimen_orig_ident","orig.ident",0.0119266055045872
"7","HRA003620_NC-27",4,0.6,"specimen_orig_ident","orig.ident",0.00449438202247191
"8","HRA003620_NC-27",5,0.6,"specimen_orig_ident","orig.ident",0.00582750582750583
"9","HRA003620_NC-27",16,0.6,"specimen_orig_ident","orig.ident",0.027972027972028
"10","HRA003620_NC-27",5,0.6,"specimen_orig_ident","orig.ident",0.0110619469026549
"11","HRA003620_NC-27",0,0.6,"specimen_orig_ident","orig.ident",0
"12","HRA003620_NC-27",0,0.6,"specimen_orig_ident","orig.ident",0
"13","HRA003620_NC-27",0,0.6,"specimen_orig_ident","orig.ident",0
"14","HRA003620_NC-27",2,0.6,"specimen_orig_ident","orig.ident",0.0128205128205128
"15","HRA003620_NC-27",0,0.6,"specimen_orig_ident","orig.ident",0
"16","HRA003620_NC-27",1,0.6,"specimen_orig_ident","orig.ident",0.00943396226415094
"17","HRA003620_NC-27",0,0.6,"specimen_orig_ident","orig.ident",0
"0","HRA003620_NC-30",151,0.6,"specimen_orig_ident","orig.ident",0.0392922196200885
"1","HRA003620_NC-30",0,0.6,"specimen_orig_ident","orig.ident",0
"2","HRA003620_NC-30",25,0.6,"specimen_orig_ident","orig.ident",0.0133547008547009
"3","HRA003620_NC-30",0,0.6,"specimen_orig_ident","orig.ident",0
"4","HRA003620_NC-30",0,0.6,"specimen_orig_ident","orig.ident",0
"5","HRA003620_NC-30",2,0.6,"specimen_orig_ident","orig.ident",0.00164880461665293
"6","HRA003620_NC-30",35,0.6,"specimen_orig_ident","orig.ident",0.0321100917431193
"7","HRA003620_NC-30",30,0.6,"specimen_orig_ident","orig.ident",0.0337078651685393
"8","HRA003620_NC-30",21,0.6,"specimen_orig_ident","orig.ident",0.0244755244755245
"9","HRA003620_NC-30",0,0.6,"specimen_orig_ident","orig.ident",0
"10","HRA003620_NC-30",14,0.6,"specimen_orig_ident","orig.ident",0.0309734513274336
"11","HRA003620_NC-30",0,0.6,"specimen_orig_ident","orig.ident",0
"12","HRA003620_NC-30",11,0.6,"specimen_orig_ident","orig.ident",0.039426523297491
"13","HRA003620_NC-30",1,0.6,"specimen_orig_ident","orig.ident",0.00446428571428571
"14","HRA003620_NC-30",6,0.6,"specimen_orig_ident","orig.ident",0.0384615384615385
"15","HRA003620_NC-30",0,0.6,"specimen_orig_ident","orig.ident",0
"16","HRA003620_NC-30",1,0.6,"specimen_orig_ident","orig.ident",0.00943396226415094
"17","HRA003620_NC-30",0,0.6,"specimen_orig_ident","orig.ident",0
"0","PRJNA662018_PRJNA662018_P1N1",1091,0.6,"specimen_orig_ident","orig.ident",0.283892792089513
"1","PRJNA662018_PRJNA662018_P1N1",130,0.6,"specimen_orig_ident","orig.ident",0.0626506024096386
"2","PRJNA662018_PRJNA662018_P1N1",680,0.6,"specimen_orig_ident","orig.ident",0.363247863247863
"3","PRJNA662018_PRJNA662018_P1N1",52,0.6,"specimen_orig_ident","orig.ident",0.0345514950166113
"4","PRJNA662018_PRJNA662018_P1N1",0,0.6,"specimen_orig_ident","orig.ident",0
"5","PRJNA662018_PRJNA662018_P1N1",306,0.6,"specimen_orig_ident","orig.ident",0.252267106347898
"6","PRJNA662018_PRJNA662018_P1N1",230,0.6,"specimen_orig_ident","orig.ident",0.211009174311927
"7","PRJNA662018_PRJNA662018_P1N1",86,0.6,"specimen_orig_ident","orig.ident",0.0966292134831461
"8","PRJNA662018_PRJNA662018_P1N1",54,0.6,"specimen_orig_ident","orig.ident",0.0629370629370629
"9","PRJNA662018_PRJNA662018_P1N1",34,0.6,"specimen_orig_ident","orig.ident",0.0594405594405594
"10","PRJNA662018_PRJNA662018_P1N1",27,0.6,"specimen_orig_ident","orig.ident",0.0597345132743363
"11","PRJNA662018_PRJNA662018_P1N1",0,0.6,"specimen_orig_ident","orig.ident",0
"12","PRJNA662018_PRJNA662018_P1N1",46,0.6,"specimen_orig_ident","orig.ident",0.164874551971326
"13","PRJNA662018_PRJNA662018_P1N1",19,0.6,"specimen_orig_ident","orig.ident",0.0848214285714286
"14","PRJNA662018_PRJNA662018_P1N1",17,0.6,"specimen_orig_ident","orig.ident",0.108974358974359
"15","PRJNA662018_PRJNA662018_P1N1",4,0.6,"specimen_orig_ident","orig.ident",0.0296296296296296
"16","PRJNA662018_PRJNA662018_P1N1",4,0.6,"specimen_orig_ident","orig.ident",0.0377358490566038
"17","PRJNA662018_PRJNA662018_P1N1",3,0.6,"specimen_orig_ident","orig.ident",0.0285714285714286
"0","PRJNA662018_PRJNA662018_P1T1",266,0.6,"specimen_orig_ident","orig.ident",0.0692167577413479
"1","PRJNA662018_PRJNA662018_P1T1",228,0.6,"specimen_orig_ident","orig.ident",0.109879518072289
"2","PRJNA662018_PRJNA662018_P1T1",92,0.6,"specimen_orig_ident","orig.ident",0.0491452991452991
"3","PRJNA662018_PRJNA662018_P1T1",70,0.6,"specimen_orig_ident","orig.ident",0.0465116279069767
"4","PRJNA662018_PRJNA662018_P1T1",0,0.6,"specimen_orig_ident","orig.ident",0
"5","PRJNA662018_PRJNA662018_P1T1",87,0.6,"specimen_orig_ident","orig.ident",0.0717230008244023
"6","PRJNA662018_PRJNA662018_P1T1",97,0.6,"specimen_orig_ident","orig.ident",0.0889908256880734
"7","PRJNA662018_PRJNA662018_P1T1",67,0.6,"specimen_orig_ident","orig.ident",0.0752808988764045
"8","PRJNA662018_PRJNA662018_P1T1",53,0.6,"specimen_orig_ident","orig.ident",0.0617715617715618
"9","PRJNA662018_PRJNA662018_P1T1",31,0.6,"specimen_orig_ident","orig.ident",0.0541958041958042
"10","PRJNA662018_PRJNA662018_P1T1",4,0.6,"specimen_orig_ident","orig.ident",0.00884955752212389
"11","PRJNA662018_PRJNA662018_P1T1",0,0.6,"specimen_orig_ident","orig.ident",0
"12","PRJNA662018_PRJNA662018_P1T1",32,0.6,"specimen_orig_ident","orig.ident",0.114695340501792
"13","PRJNA662018_PRJNA662018_P1T1",30,0.6,"specimen_orig_ident","orig.ident",0.133928571428571
"14","PRJNA662018_PRJNA662018_P1T1",16,0.6,"specimen_orig_ident","orig.ident",0.102564102564103
"15","PRJNA662018_PRJNA662018_P1T1",9,0.6,"specimen_orig_ident","orig.ident",0.0666666666666667
"16","PRJNA662018_PRJNA662018_P1T1",6,0.6,"specimen_orig_ident","orig.ident",0.0566037735849057
"17","PRJNA662018_PRJNA662018_P1T1",3,0.6,"specimen_orig_ident","orig.ident",0.0285714285714286
"0","PRJNA662018_PRJNA662018_P2T2",592,0.6,"specimen_orig_ident","orig.ident",0.154046317980744
"1","PRJNA662018_PRJNA662018_P2T2",522,0.6,"specimen_orig_ident","orig.ident",0.251566265060241
"2","PRJNA662018_PRJNA662018_P2T2",518,0.6,"specimen_orig_ident","orig.ident",0.276709401709402
"3","PRJNA662018_PRJNA662018_P2T2",230,0.6,"specimen_orig_ident","orig.ident",0.152823920265781
"4","PRJNA662018_PRJNA662018_P2T2",0,0.6,"specimen_orig_ident","orig.ident",0
"5","PRJNA662018_PRJNA662018_P2T2",199,0.6,"specimen_orig_ident","orig.ident",0.164056059356966
"6","PRJNA662018_PRJNA662018_P2T2",124,0.6,"specimen_orig_ident","orig.ident",0.113761467889908
"7","PRJNA662018_PRJNA662018_P2T2",199,0.6,"specimen_orig_ident","orig.ident",0.223595505617978
"8","PRJNA662018_PRJNA662018_P2T2",155,0.6,"specimen_orig_ident","orig.ident",0.180652680652681
"9","PRJNA662018_PRJNA662018_P2T2",73,0.6,"specimen_orig_ident","orig.ident",0.127622377622378
"10","PRJNA662018_PRJNA662018_P2T2",132,0.6,"specimen_orig_ident","orig.ident",0.292035398230089
"11","PRJNA662018_PRJNA662018_P2T2",0,0.6,"specimen_orig_ident","orig.ident",0
"12","PRJNA662018_PRJNA662018_P2T2",47,0.6,"specimen_orig_ident","orig.ident",0.168458781362007
"13","PRJNA662018_PRJNA662018_P2T2",76,0.6,"specimen_orig_ident","orig.ident",0.339285714285714
"14","PRJNA662018_PRJNA662018_P2T2",19,0.6,"specimen_orig_ident","orig.ident",0.121794871794872
"15","PRJNA662018_PRJNA662018_P2T2",22,0.6,"specimen_orig_ident","orig.ident",0.162962962962963
"16","PRJNA662018_PRJNA662018_P2T2",16,0.6,"specimen_orig_ident","orig.ident",0.150943396226415
"17","PRJNA662018_PRJNA662018_P2T2",24,0.6,"specimen_orig_ident","orig.ident",0.228571428571429
"0","PRJNA662018_PRJNA662018_P3N3",516,0.6,"specimen_orig_ident","orig.ident",0.134270101483216
"1","PRJNA662018_PRJNA662018_P3N3",8,0.6,"specimen_orig_ident","orig.ident",0.00385542168674699
"2","PRJNA662018_PRJNA662018_P3N3",88,0.6,"specimen_orig_ident","orig.ident",0.047008547008547
"3","PRJNA662018_PRJNA662018_P3N3",147,0.6,"specimen_orig_ident","orig.ident",0.0976744186046512
"4","PRJNA662018_PRJNA662018_P3N3",0,0.6,"specimen_orig_ident","orig.ident",0
"5","PRJNA662018_PRJNA662018_P3N3",178,0.6,"specimen_orig_ident","orig.ident",0.14674361088211
"6","PRJNA662018_PRJNA662018_P3N3",151,0.6,"specimen_orig_ident","orig.ident",0.138532110091743
"7","PRJNA662018_PRJNA662018_P3N3",46,0.6,"specimen_orig_ident","orig.ident",0.051685393258427
"8","PRJNA662018_PRJNA662018_P3N3",131,0.6,"specimen_orig_ident","orig.ident",0.152680652680653
"9","PRJNA662018_PRJNA662018_P3N3",16,0.6,"specimen_orig_ident","orig.ident",0.027972027972028
"10","PRJNA662018_PRJNA662018_P3N3",5,0.6,"specimen_orig_ident","orig.ident",0.0110619469026549
"11","PRJNA662018_PRJNA662018_P3N3",0,0.6,"specimen_orig_ident","orig.ident",0
"12","PRJNA662018_PRJNA662018_P3N3",6,0.6,"specimen_orig_ident","orig.ident",0.021505376344086
"13","PRJNA662018_PRJNA662018_P3N3",1,0.6,"specimen_orig_ident","orig.ident",0.00446428571428571
"14","PRJNA662018_PRJNA662018_P3N3",14,0.6,"specimen_orig_ident","orig.ident",0.0897435897435897
"15","PRJNA662018_PRJNA662018_P3N3",0,0.6,"specimen_orig_ident","orig.ident",0
"16","PRJNA662018_PRJNA662018_P3N3",23,0.6,"specimen_orig_ident","orig.ident",0.216981132075472
"17","PRJNA662018_PRJNA662018_P3N3",0,0.6,"specimen_orig_ident","orig.ident",0
"0","PRJNA662018_PRJNA662018_P3T3",375,0.6,"specimen_orig_ident","orig.ident",0.0975800156128025
"1","PRJNA662018_PRJNA662018_P3T3",146,0.6,"specimen_orig_ident","orig.ident",0.0703614457831325
"2","PRJNA662018_PRJNA662018_P3T3",150,0.6,"specimen_orig_ident","orig.ident",0.0801282051282051
"3","PRJNA662018_PRJNA662018_P3T3",148,0.6,"specimen_orig_ident","orig.ident",0.0983388704318937
"4","PRJNA662018_PRJNA662018_P3T3",0,0.6,"specimen_orig_ident","orig.ident",0
"5","PRJNA662018_PRJNA662018_P3T3",144,0.6,"specimen_orig_ident","orig.ident",0.118713932399011
"6","PRJNA662018_PRJNA662018_P3T3",64,0.6,"specimen_orig_ident","orig.ident",0.0587155963302752
"7","PRJNA662018_PRJNA662018_P3T3",48,0.6,"specimen_orig_ident","orig.ident",0.0539325842696629
"8","PRJNA662018_PRJNA662018_P3T3",110,0.6,"specimen_orig_ident","orig.ident",0.128205128205128
"9","PRJNA662018_PRJNA662018_P3T3",16,0.6,"specimen_orig_ident","orig.ident",0.027972027972028
"10","PRJNA662018_PRJNA662018_P3T3",7,0.6,"specimen_orig_ident","orig.ident",0.0154867256637168
"11","PRJNA662018_PRJNA662018_P3T3",0,0.6,"specimen_orig_ident","orig.ident",0
"12","PRJNA662018_PRJNA662018_P3T3",7,0.6,"specimen_orig_ident","orig.ident",0.025089605734767
"13","PRJNA662018_PRJNA662018_P3T3",6,0.6,"specimen_orig_ident","orig.ident",0.0267857142857143
"14","PRJNA662018_PRJNA662018_P3T3",18,0.6,"specimen_orig_ident","orig.ident",0.115384615384615
"15","PRJNA662018_PRJNA662018_P3T3",7,0.6,"specimen_orig_ident","orig.ident",0.0518518518518519
"16","PRJNA662018_PRJNA662018_P3T3",33,0.6,"specimen_orig_ident","orig.ident",0.311320754716981
"17","PRJNA662018_PRJNA662018_P3T3",7,0.6,"specimen_orig_ident","orig.ident",0.0666666666666667
"0","PRJNA662018_PRJNA662018_P4T4",3,0.6,"specimen_orig_ident","orig.ident",0.00078064012490242
"1","PRJNA662018_PRJNA662018_P4T4",447,0.6,"specimen_orig_ident","orig.ident",0.215421686746988
"2","PRJNA662018_PRJNA662018_P4T4",4,0.6,"specimen_orig_ident","orig.ident",0.00213675213675214
"3","PRJNA662018_PRJNA662018_P4T4",287,0.6,"specimen_orig_ident","orig.ident",0.190697674418605
"4","PRJNA662018_PRJNA662018_P4T4",0,0.6,"specimen_orig_ident","orig.ident",0
"5","PRJNA662018_PRJNA662018_P4T4",29,0.6,"specimen_orig_ident","orig.ident",0.0239076669414674
"6","PRJNA662018_PRJNA662018_P4T4",70,0.6,"specimen_orig_ident","orig.ident",0.0642201834862385
"7","PRJNA662018_PRJNA662018_P4T4",157,0.6,"specimen_orig_ident","orig.ident",0.176404494382022
"8","PRJNA662018_PRJNA662018_P4T4",49,0.6,"specimen_orig_ident","orig.ident",0.0571095571095571
"9","PRJNA662018_PRJNA662018_P4T4",13,0.6,"specimen_orig_ident","orig.ident",0.0227272727272727
"10","PRJNA662018_PRJNA662018_P4T4",0,0.6,"specimen_orig_ident","orig.ident",0
"11","PRJNA662018_PRJNA662018_P4T4",0,0.6,"specimen_orig_ident","orig.ident",0
"12","PRJNA662018_PRJNA662018_P4T4",14,0.6,"specimen_orig_ident","orig.ident",0.0501792114695341
"13","PRJNA662018_PRJNA662018_P4T4",40,0.6,"specimen_orig_ident","orig.ident",0.178571428571429
"14","PRJNA662018_PRJNA662018_P4T4",13,0.6,"specimen_orig_ident","orig.ident",0.0833333333333333
"15","PRJNA662018_PRJNA662018_P4T4",44,0.6,"specimen_orig_ident","orig.ident",0.325925925925926
"16","PRJNA662018_PRJNA662018_P4T4",0,0.6,"specimen_orig_ident","orig.ident",0
"17","PRJNA662018_PRJNA662018_P4T4",17,0.6,"specimen_orig_ident","orig.ident",0.161904761904762
"0","PRJNA662018_PRJNA662018_P5T5",9,0.6,"specimen_orig_ident","orig.ident",0.00234192037470726
"1","PRJNA662018_PRJNA662018_P5T5",120,0.6,"specimen_orig_ident","orig.ident",0.0578313253012048
"2","PRJNA662018_PRJNA662018_P5T5",1,0.6,"specimen_orig_ident","orig.ident",0.000534188034188034
"3","PRJNA662018_PRJNA662018_P5T5",79,0.6,"specimen_orig_ident","orig.ident",0.0524916943521595
"4","PRJNA662018_PRJNA662018_P5T5",0,0.6,"specimen_orig_ident","orig.ident",0
"5","PRJNA662018_PRJNA662018_P5T5",15,0.6,"specimen_orig_ident","orig.ident",0.0123660346248969
"6","PRJNA662018_PRJNA662018_P5T5",21,0.6,"specimen_orig_ident","orig.ident",0.0192660550458716
"7","PRJNA662018_PRJNA662018_P5T5",2,0.6,"specimen_orig_ident","orig.ident",0.00224719101123596
"8","PRJNA662018_PRJNA662018_P5T5",38,0.6,"specimen_orig_ident","orig.ident",0.0442890442890443
"9","PRJNA662018_PRJNA662018_P5T5",20,0.6,"specimen_orig_ident","orig.ident",0.034965034965035
"10","PRJNA662018_PRJNA662018_P5T5",0,0.6,"specimen_orig_ident","orig.ident",0
"11","PRJNA662018_PRJNA662018_P5T5",0,0.6,"specimen_orig_ident","orig.ident",0
"12","PRJNA662018_PRJNA662018_P5T5",0,0.6,"specimen_orig_ident","orig.ident",0
"13","PRJNA662018_PRJNA662018_P5T5",5,0.6,"specimen_orig_ident","orig.ident",0.0223214285714286
"14","PRJNA662018_PRJNA662018_P5T5",5,0.6,"specimen_orig_ident","orig.ident",0.032051282051282
"15","PRJNA662018_PRJNA662018_P5T5",9,0.6,"specimen_orig_ident","orig.ident",0.0666666666666667
"16","PRJNA662018_PRJNA662018_P5T5",0,0.6,"specimen_orig_ident","orig.ident",0
"17","PRJNA662018_PRJNA662018_P5T5",3,0.6,"specimen_orig_ident","orig.ident",0.0285714285714286
"0","PRJNA662018_PRJNA662018_P6N2",494,0.6,"specimen_orig_ident","orig.ident",0.128545407233932
"1","PRJNA662018_PRJNA662018_P6N2",34,0.6,"specimen_orig_ident","orig.ident",0.0163855421686747
"2","PRJNA662018_PRJNA662018_P6N2",263,0.6,"specimen_orig_ident","orig.ident",0.140491452991453
"3","PRJNA662018_PRJNA662018_P6N2",75,0.6,"specimen_orig_ident","orig.ident",0.0498338870431894
"4","PRJNA662018_PRJNA662018_P6N2",0,0.6,"specimen_orig_ident","orig.ident",0
"5","PRJNA662018_PRJNA662018_P6N2",177,0.6,"specimen_orig_ident","orig.ident",0.145919208573784
"6","PRJNA662018_PRJNA662018_P6N2",85,0.6,"specimen_orig_ident","orig.ident",0.0779816513761468
"7","PRJNA662018_PRJNA662018_P6N2",36,0.6,"specimen_orig_ident","orig.ident",0.0404494382022472
"8","PRJNA662018_PRJNA662018_P6N2",81,0.6,"specimen_orig_ident","orig.ident",0.0944055944055944
"9","PRJNA662018_PRJNA662018_P6N2",11,0.6,"specimen_orig_ident","orig.ident",0.0192307692307692
"10","PRJNA662018_PRJNA662018_P6N2",13,0.6,"specimen_orig_ident","orig.ident",0.0287610619469027
"11","PRJNA662018_PRJNA662018_P6N2",0,0.6,"specimen_orig_ident","orig.ident",0
"12","PRJNA662018_PRJNA662018_P6N2",17,0.6,"specimen_orig_ident","orig.ident",0.0609318996415771
"13","PRJNA662018_PRJNA662018_P6N2",5,0.6,"specimen_orig_ident","orig.ident",0.0223214285714286
"14","PRJNA662018_PRJNA662018_P6N2",14,0.6,"specimen_orig_ident","orig.ident",0.0897435897435897
"15","PRJNA662018_PRJNA662018_P6N2",4,0.6,"specimen_orig_ident","orig.ident",0.0296296296296296
"16","PRJNA662018_PRJNA662018_P6N2",11,0.6,"specimen_orig_ident","orig.ident",0.10377358490566
"17","PRJNA662018_PRJNA662018_P6N2",5,0.6,"specimen_orig_ident","orig.ident",0.0476190476190476
"0","PRJNA662018_PRJNA662018_P6T6",38,0.6,"specimen_orig_ident","orig.ident",0.00988810824876399
"1","PRJNA662018_PRJNA662018_P6T6",32,0.6,"specimen_orig_ident","orig.ident",0.015421686746988
"2","PRJNA662018_PRJNA662018_P6T6",3,0.6,"specimen_orig_ident","orig.ident",0.0016025641025641
"3","PRJNA662018_PRJNA662018_P6T6",44,0.6,"specimen_orig_ident","orig.ident",0.0292358803986711
"4","PRJNA662018_PRJNA662018_P6T6",0,0.6,"specimen_orig_ident","orig.ident",0
"5","PRJNA662018_PRJNA662018_P6T6",31,0.6,"specimen_orig_ident","orig.ident",0.0255564715581204
"6","PRJNA662018_PRJNA662018_P6T6",11,0.6,"specimen_orig_ident","orig.ident",0.0100917431192661
"7","PRJNA662018_PRJNA662018_P6T6",1,0.6,"specimen_orig_ident","orig.ident",0.00112359550561798
"8","PRJNA662018_PRJNA662018_P6T6",23,0.6,"specimen_orig_ident","orig.ident",0.0268065268065268
"9","PRJNA662018_PRJNA662018_P6T6",53,0.6,"specimen_orig_ident","orig.ident",0.0926573426573427
"10","PRJNA662018_PRJNA662018_P6T6",0,0.6,"specimen_orig_ident","orig.ident",0
"11","PRJNA662018_PRJNA662018_P6T6",0,0.6,"specimen_orig_ident","orig.ident",0
"12","PRJNA662018_PRJNA662018_P6T6",2,0.6,"specimen_orig_ident","orig.ident",0.00716845878136201
"13","PRJNA662018_PRJNA662018_P6T6",0,0.6,"specimen_orig_ident","orig.ident",0
"14","PRJNA662018_PRJNA662018_P6T6",1,0.6,"specimen_orig_ident","orig.ident",0.00641025641025641
"15","PRJNA662018_PRJNA662018_P6T6",2,0.6,"specimen_orig_ident","orig.ident",0.0148148148148148
"16","PRJNA662018_PRJNA662018_P6T6",4,0.6,"specimen_orig_ident","orig.ident",0.0377358490566038
"17","PRJNA662018_PRJNA662018_P6T6",0,0.6,"specimen_orig_ident","orig.ident",0
"0","PRJNA662018_PRJNA662018_P7T7",5,0.6,"specimen_orig_ident","orig.ident",0.00130106687483737
"1","PRJNA662018_PRJNA662018_P7T7",67,0.6,"specimen_orig_ident","orig.ident",0.032289156626506
"2","PRJNA662018_PRJNA662018_P7T7",2,0.6,"specimen_orig_ident","orig.ident",0.00106837606837607
"3","PRJNA662018_PRJNA662018_P7T7",40,0.6,"specimen_orig_ident","orig.ident",0.026578073089701
"4","PRJNA662018_PRJNA662018_P7T7",0,0.6,"specimen_orig_ident","orig.ident",0
"5","PRJNA662018_PRJNA662018_P7T7",7,0.6,"specimen_orig_ident","orig.ident",0.00577081615828524
"6","PRJNA662018_PRJNA662018_P7T7",10,0.6,"specimen_orig_ident","orig.ident",0.00917431192660551
"7","PRJNA662018_PRJNA662018_P7T7",7,0.6,"specimen_orig_ident","orig.ident",0.00786516853932584
"8","PRJNA662018_PRJNA662018_P7T7",7,0.6,"specimen_orig_ident","orig.ident",0.00815850815850816
"9","PRJNA662018_PRJNA662018_P7T7",22,0.6,"specimen_orig_ident","orig.ident",0.0384615384615385
"10","PRJNA662018_PRJNA662018_P7T7",0,0.6,"specimen_orig_ident","orig.ident",0
"11","PRJNA662018_PRJNA662018_P7T7",0,0.6,"specimen_orig_ident","orig.ident",0
"12","PRJNA662018_PRJNA662018_P7T7",2,0.6,"specimen_orig_ident","orig.ident",0.00716845878136201
"13","PRJNA662018_PRJNA662018_P7T7",5,0.6,"specimen_orig_ident","orig.ident",0.0223214285714286
"14","PRJNA662018_PRJNA662018_P7T7",1,0.6,"specimen_orig_ident","orig.ident",0.00641025641025641
"15","PRJNA662018_PRJNA662018_P7T7",9,0.6,"specimen_orig_ident","orig.ident",0.0666666666666667
"16","PRJNA662018_PRJNA662018_P7T7",0,0.6,"specimen_orig_ident","orig.ident",0
"17","PRJNA662018_PRJNA662018_P7T7",6,0.6,"specimen_orig_ident","orig.ident",0.0571428571428571
"0","PRJNA662018_PRJNA662018_P8T8",11,0.6,"specimen_orig_ident","orig.ident",0.00286234712464221
"1","PRJNA662018_PRJNA662018_P8T8",13,0.6,"specimen_orig_ident","orig.ident",0.00626506024096386
"2","PRJNA662018_PRJNA662018_P8T8",1,0.6,"specimen_orig_ident","orig.ident",0.000534188034188034
"3","PRJNA662018_PRJNA662018_P8T8",7,0.6,"specimen_orig_ident","orig.ident",0.00465116279069767
"4","PRJNA662018_PRJNA662018_P8T8",0,0.6,"specimen_orig_ident","orig.ident",0
"5","PRJNA662018_PRJNA662018_P8T8",3,0.6,"specimen_orig_ident","orig.ident",0.00247320692497939
"6","PRJNA662018_PRJNA662018_P8T8",6,0.6,"specimen_orig_ident","orig.ident",0.0055045871559633
"7","PRJNA662018_PRJNA662018_P8T8",1,0.6,"specimen_orig_ident","orig.ident",0.00112359550561798
"8","PRJNA662018_PRJNA662018_P8T8",6,0.6,"specimen_orig_ident","orig.ident",0.00699300699300699
"9","PRJNA662018_PRJNA662018_P8T8",14,0.6,"specimen_orig_ident","orig.ident",0.0244755244755245
"10","PRJNA662018_PRJNA662018_P8T8",5,0.6,"specimen_orig_ident","orig.ident",0.0110619469026549
"11","PRJNA662018_PRJNA662018_P8T8",0,0.6,"specimen_orig_ident","orig.ident",0
"12","PRJNA662018_PRJNA662018_P8T8",2,0.6,"specimen_orig_ident","orig.ident",0.00716845878136201
"13","PRJNA662018_PRJNA662018_P8T8",1,0.6,"specimen_orig_ident","orig.ident",0.00446428571428571
"14","PRJNA662018_PRJNA662018_P8T8",0,0.6,"specimen_orig_ident","orig.ident",0
"15","PRJNA662018_PRJNA662018_P8T8",3,0.6,"specimen_orig_ident","orig.ident",0.0222222222222222
"16","PRJNA662018_PRJNA662018_P8T8",0,0.6,"specimen_orig_ident","orig.ident",0
"17","PRJNA662018_PRJNA662018_P8T8",0,0.6,"specimen_orig_ident","orig.ident",0
"0","T4091568",1,0.6,"specimen_orig_ident","orig.ident",0.000260213374967473
"1","T4091568",1,0.6,"specimen_orig_ident","orig.ident",0.000481927710843373
"2","T4091568",0,0.6,"specimen_orig_ident","orig.ident",0
"3","T4091568",1,0.6,"specimen_orig_ident","orig.ident",0.000664451827242525
"4","T4091568",63,0.6,"specimen_orig_ident","orig.ident",0.0511779041429732
"5","T4091568",0,0.6,"specimen_orig_ident","orig.ident",0
"6","T4091568",4,0.6,"specimen_orig_ident","orig.ident",0.0036697247706422
"7","T4091568",4,0.6,"specimen_orig_ident","orig.ident",0.00449438202247191
"8","T4091568",2,0.6,"specimen_orig_ident","orig.ident",0.00233100233100233
"9","T4091568",3,0.6,"specimen_orig_ident","orig.ident",0.00524475524475524
"10","T4091568",21,0.6,"specimen_orig_ident","orig.ident",0.0464601769911504
"11","T4091568",38,0.6,"specimen_orig_ident","orig.ident",0.0877598152424942
"12","T4091568",7,0.6,"specimen_orig_ident","orig.ident",0.025089605734767
"13","T4091568",0,0.6,"specimen_orig_ident","orig.ident",0
"14","T4091568",2,0.6,"specimen_orig_ident","orig.ident",0.0128205128205128
"15","T4091568",0,0.6,"specimen_orig_ident","orig.ident",0
"16","T4091568",0,0.6,"specimen_orig_ident","orig.ident",0
"17","T4091568",1,0.6,"specimen_orig_ident","orig.ident",0.00952380952380952
"0","T4295396",0,0.6,"specimen_orig_ident","orig.ident",0
"1","T4295396",0,0.6,"specimen_orig_ident","orig.ident",0
"2","T4295396",0,0.6,"specimen_orig_ident","orig.ident",0
"3","T4295396",0,0.6,"specimen_orig_ident","orig.ident",0
"4","T4295396",10,0.6,"specimen_orig_ident","orig.ident",0.00812347684809098
"5","T4295396",0,0.6,"specimen_orig_ident","orig.ident",0
"6","T4295396",0,0.6,"specimen_orig_ident","orig.ident",0
"7","T4295396",1,0.6,"specimen_orig_ident","orig.ident",0.00112359550561798
"8","T4295396",0,0.6,"specimen_orig_ident","orig.ident",0
"9","T4295396",0,0.6,"specimen_orig_ident","orig.ident",0
"10","T4295396",0,0.6,"specimen_orig_ident","orig.ident",0
"11","T4295396",12,0.6,"specimen_orig_ident","orig.ident",0.0277136258660508
"12","T4295396",0,0.6,"specimen_orig_ident","orig.ident",0
"13","T4295396",0,0.6,"specimen_orig_ident","orig.ident",0
"14","T4295396",0,0.6,"specimen_orig_ident","orig.ident",0
"15","T4295396",0,0.6,"specimen_orig_ident","orig.ident",0
"16","T4295396",0,0.6,"specimen_orig_ident","orig.ident",0
"17","T4295396",0,0.6,"specimen_orig_ident","orig.ident",0
"0","T4380845",0,0.6,"specimen_orig_ident","orig.ident",0
"1","T4380845",1,0.6,"specimen_orig_ident","orig.ident",0.000481927710843373
"2","T4380845",0,0.6,"specimen_orig_ident","orig.ident",0
"3","T4380845",1,0.6,"specimen_orig_ident","orig.ident",0.000664451827242525
"4","T4380845",34,0.6,"specimen_orig_ident","orig.ident",0.0276198212835093
"5","T4380845",0,0.6,"specimen_orig_ident","orig.ident",0
"6","T4380845",1,0.6,"specimen_orig_ident","orig.ident",0.000917431192660551
"7","T4380845",2,0.6,"specimen_orig_ident","orig.ident",0.00224719101123596
"8","T4380845",0,0.6,"specimen_orig_ident","orig.ident",0
"9","T4380845",0,0.6,"specimen_orig_ident","orig.ident",0
"10","T4380845",0,0.6,"specimen_orig_ident","orig.ident",0
"11","T4380845",22,0.6,"specimen_orig_ident","orig.ident",0.0508083140877598
"12","T4380845",3,0.6,"specimen_orig_ident","orig.ident",0.010752688172043
"13","T4380845",0,0.6,"specimen_orig_ident","orig.ident",0
"14","T4380845",0,0.6,"specimen_orig_ident","orig.ident",0
"15","T4380845",0,0.6,"specimen_orig_ident","orig.ident",0
"16","T4380845",0,0.6,"specimen_orig_ident","orig.ident",0
"17","T4380845",0,0.6,"specimen_orig_ident","orig.ident",0
"0","T4398343",0,0.6,"specimen_orig_ident","orig.ident",0
"1","T4398343",5,0.6,"specimen_orig_ident","orig.ident",0.00240963855421687
"2","T4398343",0,0.6,"specimen_orig_ident","orig.ident",0
"3","T4398343",4,0.6,"specimen_orig_ident","orig.ident",0.0026578073089701
"4","T4398343",57,0.6,"specimen_orig_ident","orig.ident",0.0463038180341186
"5","T4398343",0,0.6,"specimen_orig_ident","orig.ident",0
"6","T4398343",2,0.6,"specimen_orig_ident","orig.ident",0.0018348623853211
"7","T4398343",9,0.6,"specimen_orig_ident","orig.ident",0.0101123595505618
"8","T4398343",1,0.6,"specimen_orig_ident","orig.ident",0.00116550116550117
"9","T4398343",0,0.6,"specimen_orig_ident","orig.ident",0
"10","T4398343",0,0.6,"specimen_orig_ident","orig.ident",0
"11","T4398343",26,0.6,"specimen_orig_ident","orig.ident",0.0600461893764434
"12","T4398343",1,0.6,"specimen_orig_ident","orig.ident",0.003584229390681
"13","T4398343",0,0.6,"specimen_orig_ident","orig.ident",0
"14","T4398343",0,0.6,"specimen_orig_ident","orig.ident",0
"15","T4398343",0,0.6,"specimen_orig_ident","orig.ident",0
"16","T4398343",0,0.6,"specimen_orig_ident","orig.ident",0
"17","T4398343",1,0.6,"specimen_orig_ident","orig.ident",0.00952380952380952
"0","T4450398",0,0.6,"specimen_orig_ident","orig.ident",0
"1","T4450398",0,0.6,"specimen_orig_ident","orig.ident",0
"2","T4450398",0,0.6,"specimen_orig_ident","orig.ident",0
"3","T4450398",0,0.6,"specimen_orig_ident","orig.ident",0
"4","T4450398",18,0.6,"specimen_orig_ident","orig.ident",0.0146222583265638
"5","T4450398",0,0.6,"specimen_orig_ident","orig.ident",0
"6","T4450398",0,0.6,"specimen_orig_ident","orig.ident",0
"7","T4450398",6,0.6,"specimen_orig_ident","orig.ident",0.00674157303370787
"8","T4450398",0,0.6,"specimen_orig_ident","orig.ident",0
"9","T4450398",0,0.6,"specimen_orig_ident","orig.ident",0
"10","T4450398",0,0.6,"specimen_orig_ident","orig.ident",0
"11","T4450398",6,0.6,"specimen_orig_ident","orig.ident",0.0138568129330254
"12","T4450398",0,0.6,"specimen_orig_ident","orig.ident",0
"13","T4450398",0,0.6,"specimen_orig_ident","orig.ident",0
"14","T4450398",0,0.6,"specimen_orig_ident","orig.ident",0
"15","T4450398",0,0.6,"specimen_orig_ident","orig.ident",0
"16","T4450398",0,0.6,"specimen_orig_ident","orig.ident",0
"17","T4450398",0,0.6,"specimen_orig_ident","orig.ident",0
"0","T4463209a",0,0.6,"specimen_orig_ident","orig.ident",0
"1","T4463209a",2,0.6,"specimen_orig_ident","orig.ident",0.000963855421686747
"2","T4463209a",0,0.6,"specimen_orig_ident","orig.ident",0
"3","T4463209a",6,0.6,"specimen_orig_ident","orig.ident",0.00398671096345515
"4","T4463209a",67,0.6,"specimen_orig_ident","orig.ident",0.0544272948822096
"5","T4463209a",0,0.6,"specimen_orig_ident","orig.ident",0
"6","T4463209a",2,0.6,"specimen_orig_ident","orig.ident",0.0018348623853211
"7","T4463209a",6,0.6,"specimen_orig_ident","orig.ident",0.00674157303370787
"8","T4463209a",0,0.6,"specimen_orig_ident","orig.ident",0
"9","T4463209a",2,0.6,"specimen_orig_ident","orig.ident",0.0034965034965035
"10","T4463209a",2,0.6,"specimen_orig_ident","orig.ident",0.00442477876106195
"11","T4463209a",19,0.6,"specimen_orig_ident","orig.ident",0.0438799076212471
"12","T4463209a",1,0.6,"specimen_orig_ident","orig.ident",0.003584229390681
"13","T4463209a",1,0.6,"specimen_orig_ident","orig.ident",0.00446428571428571
"14","T4463209a",0,0.6,"specimen_orig_ident","orig.ident",0
"15","T4463209a",1,0.6,"specimen_orig_ident","orig.ident",0.00740740740740741
"16","T4463209a",0,0.6,"specimen_orig_ident","orig.ident",0
"17","T4463209a",0,0.6,"specimen_orig_ident","orig.ident",0
"0","T4463209b",0,0.6,"specimen_orig_ident","orig.ident",0
"1","T4463209b",0,0.6,"specimen_orig_ident","orig.ident",0
"2","T4463209b",0,0.6,"specimen_orig_ident","orig.ident",0
"3","T4463209b",1,0.6,"specimen_orig_ident","orig.ident",0.000664451827242525
"4","T4463209b",24,0.6,"specimen_orig_ident","orig.ident",0.0194963444354184
"5","T4463209b",0,0.6,"specimen_orig_ident","orig.ident",0
"6","T4463209b",4,0.6,"specimen_orig_ident","orig.ident",0.0036697247706422
"7","T4463209b",5,0.6,"specimen_orig_ident","orig.ident",0.00561797752808989
"8","T4463209b",0,0.6,"specimen_orig_ident","orig.ident",0
"9","T4463209b",1,0.6,"specimen_orig_ident","orig.ident",0.00174825174825175
"10","T4463209b",25,0.6,"specimen_orig_ident","orig.ident",0.0553097345132743
"11","T4463209b",18,0.6,"specimen_orig_ident","orig.ident",0.0415704387990762
"12","T4463209b",1,0.6,"specimen_orig_ident","orig.ident",0.003584229390681
"13","T4463209b",1,0.6,"specimen_orig_ident","orig.ident",0.00446428571428571
"14","T4463209b",0,0.6,"specimen_orig_ident","orig.ident",0
"15","T4463209b",0,0.6,"specimen_orig_ident","orig.ident",0
"16","T4463209b",0,0.6,"specimen_orig_ident","orig.ident",0
"17","T4463209b",0,0.6,"specimen_orig_ident","orig.ident",0
"0","T4465219",0,0.6,"specimen_orig_ident","orig.ident",0
"1","T4465219",5,0.6,"specimen_orig_ident","orig.ident",0.00240963855421687
"2","T4465219",0,0.6,"specimen_orig_ident","orig.ident",0
"3","T4465219",4,0.6,"specimen_orig_ident","orig.ident",0.0026578073089701
"4","T4465219",64,0.6,"specimen_orig_ident","orig.ident",0.0519902518277823
"5","T4465219",0,0.6,"specimen_orig_ident","orig.ident",0
"6","T4465219",1,0.6,"specimen_orig_ident","orig.ident",0.000917431192660551
"7","T4465219",7,0.6,"specimen_orig_ident","orig.ident",0.00786516853932584
"8","T4465219",3,0.6,"specimen_orig_ident","orig.ident",0.0034965034965035
"9","T4465219",73,0.6,"specimen_orig_ident","orig.ident",0.127622377622378
"10","T4465219",0,0.6,"specimen_orig_ident","orig.ident",0
"11","T4465219",17,0.6,"specimen_orig_ident","orig.ident",0.0392609699769053
"12","T4465219",7,0.6,"specimen_orig_ident","orig.ident",0.025089605734767
"13","T4465219",1,0.6,"specimen_orig_ident","orig.ident",0.00446428571428571
"14","T4465219",0,0.6,"specimen_orig_ident","orig.ident",0
"15","T4465219",1,0.6,"specimen_orig_ident","orig.ident",0.00740740740740741
"16","T4465219",0,0.6,"specimen_orig_ident","orig.ident",0
"17","T4465219",0,0.6,"specimen_orig_ident","orig.ident",0
"0","T4465935",0,0.6,"specimen_orig_ident","orig.ident",0
"1","T4465935",0,0.6,"specimen_orig_ident","orig.ident",0
"2","T4465935",0,0.6,"specimen_orig_ident","orig.ident",0
"3","T4465935",0,0.6,"specimen_orig_ident","orig.ident",0
"4","T4465935",6,0.6,"specimen_orig_ident","orig.ident",0.00487408610885459
"5","T4465935",0,0.6,"specimen_orig_ident","orig.ident",0
"6","T4465935",0,0.6,"specimen_orig_ident","orig.ident",0
"7","T4465935",0,0.6,"specimen_orig_ident","orig.ident",0
"8","T4465935",0,0.6,"specimen_orig_ident","orig.ident",0
"9","T4465935",1,0.6,"specimen_orig_ident","orig.ident",0.00174825174825175
"10","T4465935",2,0.6,"specimen_orig_ident","orig.ident",0.00442477876106195
"11","T4465935",4,0.6,"specimen_orig_ident","orig.ident",0.0092378752886836
"12","T4465935",0,0.6,"specimen_orig_ident","orig.ident",0
"13","T4465935",0,0.6,"specimen_orig_ident","orig.ident",0
"14","T4465935",0,0.6,"specimen_orig_ident","orig.ident",0
"15","T4465935",0,0.6,"specimen_orig_ident","orig.ident",0
"16","T4465935",0,0.6,"specimen_orig_ident","orig.ident",0
"17","T4465935",0,0.6,"specimen_orig_ident","orig.ident",0
"0","T4466585",0,0.6,"specimen_orig_ident","orig.ident",0
"1","T4466585",0,0.6,"specimen_orig_ident","orig.ident",0
"2","T4466585",0,0.6,"specimen_orig_ident","orig.ident",0
"3","T4466585",0,0.6,"specimen_orig_ident","orig.ident",0
"4","T4466585",10,0.6,"specimen_orig_ident","orig.ident",0.00812347684809098
"5","T4466585",0,0.6,"specimen_orig_ident","orig.ident",0
"6","T4466585",2,0.6,"specimen_orig_ident","orig.ident",0.0018348623853211
"7","T4466585",1,0.6,"specimen_orig_ident","orig.ident",0.00112359550561798
"8","T4466585",0,0.6,"specimen_orig_ident","orig.ident",0
"9","T4466585",0,0.6,"specimen_orig_ident","orig.ident",0
"10","T4466585",14,0.6,"specimen_orig_ident","orig.ident",0.0309734513274336
"11","T4466585",4,0.6,"specimen_orig_ident","orig.ident",0.0092378752886836
"12","T4466585",2,0.6,"specimen_orig_ident","orig.ident",0.00716845878136201
"13","T4466585",1,0.6,"specimen_orig_ident","orig.ident",0.00446428571428571
"14","T4466585",0,0.6,"specimen_orig_ident","orig.ident",0
"15","T4466585",0,0.6,"specimen_orig_ident","orig.ident",0
"16","T4466585",0,0.6,"specimen_orig_ident","orig.ident",0
"17","T4466585",0,0.6,"specimen_orig_ident","orig.ident",0
"0","T4469479",0,0.6,"specimen_orig_ident","orig.ident",0
"1","T4469479",2,0.6,"specimen_orig_ident","orig.ident",0.000963855421686747
"2","T4469479",0,0.6,"specimen_orig_ident","orig.ident",0
"3","T4469479",5,0.6,"specimen_orig_ident","orig.ident",0.00332225913621262
"4","T4469479",93,0.6,"specimen_orig_ident","orig.ident",0.0755483346872461
"5","T4469479",0,0.6,"specimen_orig_ident","orig.ident",0
"6","T4469479",3,0.6,"specimen_orig_ident","orig.ident",0.00275229357798165
"7","T4469479",10,0.6,"specimen_orig_ident","orig.ident",0.0112359550561798
"8","T4469479",2,0.6,"specimen_orig_ident","orig.ident",0.00233100233100233
"9","T4469479",3,0.6,"specimen_orig_ident","orig.ident",0.00524475524475524
"10","T4469479",2,0.6,"specimen_orig_ident","orig.ident",0.00442477876106195
"11","T4469479",38,0.6,"specimen_orig_ident","orig.ident",0.0877598152424942
"12","T4469479",8,0.6,"specimen_orig_ident","orig.ident",0.028673835125448
"13","T4469479",0,0.6,"specimen_orig_ident","orig.ident",0
"14","T4469479",1,0.6,"specimen_orig_ident","orig.ident",0.00641025641025641
"15","T4469479",1,0.6,"specimen_orig_ident","orig.ident",0.00740740740740741
"16","T4469479",0,0.6,"specimen_orig_ident","orig.ident",0
"17","T4469479",0,0.6,"specimen_orig_ident","orig.ident",0
"0","T4471438",1,0.6,"specimen_orig_ident","orig.ident",0.000260213374967473
"1","T4471438",36,0.6,"specimen_orig_ident","orig.ident",0.0173493975903614
"2","T4471438",0,0.6,"specimen_orig_ident","orig.ident",0
"3","T4471438",44,0.6,"specimen_orig_ident","orig.ident",0.0292358803986711
"4","T4471438",747,0.6,"specimen_orig_ident","orig.ident",0.606823720552396
"5","T4471438",1,0.6,"specimen_orig_ident","orig.ident",0.000824402308326463
"6","T4471438",13,0.6,"specimen_orig_ident","orig.ident",0.0119266055045872
"7","T4471438",62,0.6,"specimen_orig_ident","orig.ident",0.0696629213483146
"8","T4471438",5,0.6,"specimen_orig_ident","orig.ident",0.00582750582750583
"9","T4471438",7,0.6,"specimen_orig_ident","orig.ident",0.0122377622377622
"10","T4471438",24,0.6,"specimen_orig_ident","orig.ident",0.0530973451327434
"11","T4471438",206,0.6,"specimen_orig_ident","orig.ident",0.475750577367206
"12","T4471438",14,0.6,"specimen_orig_ident","orig.ident",0.0501792114695341
"13","T4471438",10,0.6,"specimen_orig_ident","orig.ident",0.0446428571428571
"14","T4471438",4,0.6,"specimen_orig_ident","orig.ident",0.0256410256410256
"15","T4471438",4,0.6,"specimen_orig_ident","orig.ident",0.0296296296296296
"16","T4471438",0,0.6,"specimen_orig_ident","orig.ident",0
"17","T4471438",10,0.6,"specimen_orig_ident","orig.ident",0.0952380952380952
"0","T8009218",0,0.6,"specimen_orig_ident","orig.ident",0
"1","T8009218",1,0.6,"specimen_orig_ident","orig.ident",0.000481927710843373
"2","T8009218",0,0.6,"specimen_orig_ident","orig.ident",0
"3","T8009218",1,0.6,"specimen_orig_ident","orig.ident",0.000664451827242525
"4","T8009218",28,0.6,"specimen_orig_ident","orig.ident",0.0227457351746548
"5","T8009218",0,0.6,"specimen_orig_ident","orig.ident",0
"6","T8009218",4,0.6,"specimen_orig_ident","orig.ident",0.0036697247706422
"7","T8009218",5,0.6,"specimen_orig_ident","orig.ident",0.00561797752808989
"8","T8009218",0,0.6,"specimen_orig_ident","orig.ident",0
"9","T8009218",3,0.6,"specimen_orig_ident","orig.ident",0.00524475524475524
"10","T8009218",20,0.6,"specimen_orig_ident","orig.ident",0.0442477876106195
"11","T8009218",14,0.6,"specimen_orig_ident","orig.ident",0.0323325635103926
"12","T8009218",9,0.6,"specimen_orig_ident","orig.ident",0.032258064516129
"13","T8009218",0,0.6,"specimen_orig_ident","orig.ident",0
"14","T8009218",1,0.6,"specimen_orig_ident","orig.ident",0.00641025641025641
"15","T8009218",0,0.6,"specimen_orig_ident","orig.ident",0
"16","T8009218",0,0.6,"specimen_orig_ident","orig.ident",0
"17","T8009218",0,0.6,"specimen_orig_ident","orig.ident",0
"0","PRJNA662018_PRJNA662018_P1N1",1091,0.6,"specimen_sample_id","sample_id",0.283892792089513
"1","PRJNA662018_PRJNA662018_P1N1",130,0.6,"specimen_sample_id","sample_id",0.0626506024096386
"2","PRJNA662018_PRJNA662018_P1N1",680,0.6,"specimen_sample_id","sample_id",0.363247863247863
"3","PRJNA662018_PRJNA662018_P1N1",52,0.6,"specimen_sample_id","sample_id",0.0345514950166113
"4","PRJNA662018_PRJNA662018_P1N1",0,0.6,"specimen_sample_id","sample_id",0
"5","PRJNA662018_PRJNA662018_P1N1",306,0.6,"specimen_sample_id","sample_id",0.252267106347898
"6","PRJNA662018_PRJNA662018_P1N1",230,0.6,"specimen_sample_id","sample_id",0.211009174311927
"7","PRJNA662018_PRJNA662018_P1N1",86,0.6,"specimen_sample_id","sample_id",0.0966292134831461
"8","PRJNA662018_PRJNA662018_P1N1",54,0.6,"specimen_sample_id","sample_id",0.0629370629370629
"9","PRJNA662018_PRJNA662018_P1N1",34,0.6,"specimen_sample_id","sample_id",0.0594405594405594
"10","PRJNA662018_PRJNA662018_P1N1",27,0.6,"specimen_sample_id","sample_id",0.0597345132743363
"11","PRJNA662018_PRJNA662018_P1N1",0,0.6,"specimen_sample_id","sample_id",0
"12","PRJNA662018_PRJNA662018_P1N1",46,0.6,"specimen_sample_id","sample_id",0.164874551971326
"13","PRJNA662018_PRJNA662018_P1N1",19,0.6,"specimen_sample_id","sample_id",0.0848214285714286
"14","PRJNA662018_PRJNA662018_P1N1",17,0.6,"specimen_sample_id","sample_id",0.108974358974359
"15","PRJNA662018_PRJNA662018_P1N1",4,0.6,"specimen_sample_id","sample_id",0.0296296296296296
"16","PRJNA662018_PRJNA662018_P1N1",4,0.6,"specimen_sample_id","sample_id",0.0377358490566038
"17","PRJNA662018_PRJNA662018_P1N1",3,0.6,"specimen_sample_id","sample_id",0.0285714285714286
"0","PRJNA662018_PRJNA662018_P1T1",266,0.6,"specimen_sample_id","sample_id",0.0692167577413479
"1","PRJNA662018_PRJNA662018_P1T1",228,0.6,"specimen_sample_id","sample_id",0.109879518072289
"2","PRJNA662018_PRJNA662018_P1T1",92,0.6,"specimen_sample_id","sample_id",0.0491452991452991
"3","PRJNA662018_PRJNA662018_P1T1",70,0.6,"specimen_sample_id","sample_id",0.0465116279069767
"4","PRJNA662018_PRJNA662018_P1T1",0,0.6,"specimen_sample_id","sample_id",0
"5","PRJNA662018_PRJNA662018_P1T1",87,0.6,"specimen_sample_id","sample_id",0.0717230008244023
"6","PRJNA662018_PRJNA662018_P1T1",97,0.6,"specimen_sample_id","sample_id",0.0889908256880734
"7","PRJNA662018_PRJNA662018_P1T1",67,0.6,"specimen_sample_id","sample_id",0.0752808988764045
"8","PRJNA662018_PRJNA662018_P1T1",53,0.6,"specimen_sample_id","sample_id",0.0617715617715618
"9","PRJNA662018_PRJNA662018_P1T1",31,0.6,"specimen_sample_id","sample_id",0.0541958041958042
"10","PRJNA662018_PRJNA662018_P1T1",4,0.6,"specimen_sample_id","sample_id",0.00884955752212389
"11","PRJNA662018_PRJNA662018_P1T1",0,0.6,"specimen_sample_id","sample_id",0
"12","PRJNA662018_PRJNA662018_P1T1",32,0.6,"specimen_sample_id","sample_id",0.114695340501792
"13","PRJNA662018_PRJNA662018_P1T1",30,0.6,"specimen_sample_id","sample_id",0.133928571428571
"14","PRJNA662018_PRJNA662018_P1T1",16,0.6,"specimen_sample_id","sample_id",0.102564102564103
"15","PRJNA662018_PRJNA662018_P1T1",9,0.6,"specimen_sample_id","sample_id",0.0666666666666667
"16","PRJNA662018_PRJNA662018_P1T1",6,0.6,"specimen_sample_id","sample_id",0.0566037735849057
"17","PRJNA662018_PRJNA662018_P1T1",3,0.6,"specimen_sample_id","sample_id",0.0285714285714286
"0","PRJNA662018_PRJNA662018_P2T2",592,0.6,"specimen_sample_id","sample_id",0.154046317980744
"1","PRJNA662018_PRJNA662018_P2T2",522,0.6,"specimen_sample_id","sample_id",0.251566265060241
"2","PRJNA662018_PRJNA662018_P2T2",518,0.6,"specimen_sample_id","sample_id",0.276709401709402
"3","PRJNA662018_PRJNA662018_P2T2",230,0.6,"specimen_sample_id","sample_id",0.152823920265781
"4","PRJNA662018_PRJNA662018_P2T2",0,0.6,"specimen_sample_id","sample_id",0
"5","PRJNA662018_PRJNA662018_P2T2",199,0.6,"specimen_sample_id","sample_id",0.164056059356966
"6","PRJNA662018_PRJNA662018_P2T2",124,0.6,"specimen_sample_id","sample_id",0.113761467889908
"7","PRJNA662018_PRJNA662018_P2T2",199,0.6,"specimen_sample_id","sample_id",0.223595505617978
"8","PRJNA662018_PRJNA662018_P2T2",155,0.6,"specimen_sample_id","sample_id",0.180652680652681
"9","PRJNA662018_PRJNA662018_P2T2",73,0.6,"specimen_sample_id","sample_id",0.127622377622378
"10","PRJNA662018_PRJNA662018_P2T2",132,0.6,"specimen_sample_id","sample_id",0.292035398230089
"11","PRJNA662018_PRJNA662018_P2T2",0,0.6,"specimen_sample_id","sample_id",0
"12","PRJNA662018_PRJNA662018_P2T2",47,0.6,"specimen_sample_id","sample_id",0.168458781362007
"13","PRJNA662018_PRJNA662018_P2T2",76,0.6,"specimen_sample_id","sample_id",0.339285714285714
"14","PRJNA662018_PRJNA662018_P2T2",19,0.6,"specimen_sample_id","sample_id",0.121794871794872
"15","PRJNA662018_PRJNA662018_P2T2",22,0.6,"specimen_sample_id","sample_id",0.162962962962963
"16","PRJNA662018_PRJNA662018_P2T2",16,0.6,"specimen_sample_id","sample_id",0.150943396226415
"17","PRJNA662018_PRJNA662018_P2T2",24,0.6,"specimen_sample_id","sample_id",0.228571428571429
"0","PRJNA662018_PRJNA662018_P3N3",516,0.6,"specimen_sample_id","sample_id",0.134270101483216
"1","PRJNA662018_PRJNA662018_P3N3",8,0.6,"specimen_sample_id","sample_id",0.00385542168674699
"2","PRJNA662018_PRJNA662018_P3N3",88,0.6,"specimen_sample_id","sample_id",0.047008547008547
"3","PRJNA662018_PRJNA662018_P3N3",147,0.6,"specimen_sample_id","sample_id",0.0976744186046512
"4","PRJNA662018_PRJNA662018_P3N3",0,0.6,"specimen_sample_id","sample_id",0
"5","PRJNA662018_PRJNA662018_P3N3",178,0.6,"specimen_sample_id","sample_id",0.14674361088211
"6","PRJNA662018_PRJNA662018_P3N3",151,0.6,"specimen_sample_id","sample_id",0.138532110091743
"7","PRJNA662018_PRJNA662018_P3N3",46,0.6,"specimen_sample_id","sample_id",0.051685393258427
"8","PRJNA662018_PRJNA662018_P3N3",131,0.6,"specimen_sample_id","sample_id",0.152680652680653
"9","PRJNA662018_PRJNA662018_P3N3",16,0.6,"specimen_sample_id","sample_id",0.027972027972028
"10","PRJNA662018_PRJNA662018_P3N3",5,0.6,"specimen_sample_id","sample_id",0.0110619469026549
"11","PRJNA662018_PRJNA662018_P3N3",0,0.6,"specimen_sample_id","sample_id",0
"12","PRJNA662018_PRJNA662018_P3N3",6,0.6,"specimen_sample_id","sample_id",0.021505376344086
"13","PRJNA662018_PRJNA662018_P3N3",1,0.6,"specimen_sample_id","sample_id",0.00446428571428571
"14","PRJNA662018_PRJNA662018_P3N3",14,0.6,"specimen_sample_id","sample_id",0.0897435897435897
"15","PRJNA662018_PRJNA662018_P3N3",0,0.6,"specimen_sample_id","sample_id",0
"16","PRJNA662018_PRJNA662018_P3N3",23,0.6,"specimen_sample_id","sample_id",0.216981132075472
"17","PRJNA662018_PRJNA662018_P3N3",0,0.6,"specimen_sample_id","sample_id",0
"0","PRJNA662018_PRJNA662018_P3T3",375,0.6,"specimen_sample_id","sample_id",0.0975800156128025
"1","PRJNA662018_PRJNA662018_P3T3",146,0.6,"specimen_sample_id","sample_id",0.0703614457831325
"2","PRJNA662018_PRJNA662018_P3T3",150,0.6,"specimen_sample_id","sample_id",0.0801282051282051
"3","PRJNA662018_PRJNA662018_P3T3",148,0.6,"specimen_sample_id","sample_id",0.0983388704318937
"4","PRJNA662018_PRJNA662018_P3T3",0,0.6,"specimen_sample_id","sample_id",0
"5","PRJNA662018_PRJNA662018_P3T3",144,0.6,"specimen_sample_id","sample_id",0.118713932399011
"6","PRJNA662018_PRJNA662018_P3T3",64,0.6,"specimen_sample_id","sample_id",0.0587155963302752
"7","PRJNA662018_PRJNA662018_P3T3",48,0.6,"specimen_sample_id","sample_id",0.0539325842696629
"8","PRJNA662018_PRJNA662018_P3T3",110,0.6,"specimen_sample_id","sample_id",0.128205128205128
"9","PRJNA662018_PRJNA662018_P3T3",16,0.6,"specimen_sample_id","sample_id",0.027972027972028
"10","PRJNA662018_PRJNA662018_P3T3",7,0.6,"specimen_sample_id","sample_id",0.0154867256637168
"11","PRJNA662018_PRJNA662018_P3T3",0,0.6,"specimen_sample_id","sample_id",0
"12","PRJNA662018_PRJNA662018_P3T3",7,0.6,"specimen_sample_id","sample_id",0.025089605734767
"13","PRJNA662018_PRJNA662018_P3T3",6,0.6,"specimen_sample_id","sample_id",0.0267857142857143
"14","PRJNA662018_PRJNA662018_P3T3",18,0.6,"specimen_sample_id","sample_id",0.115384615384615
"15","PRJNA662018_PRJNA662018_P3T3",7,0.6,"specimen_sample_id","sample_id",0.0518518518518519
"16","PRJNA662018_PRJNA662018_P3T3",33,0.6,"specimen_sample_id","sample_id",0.311320754716981
"17","PRJNA662018_PRJNA662018_P3T3",7,0.6,"specimen_sample_id","sample_id",0.0666666666666667
"0","PRJNA662018_PRJNA662018_P4T4",3,0.6,"specimen_sample_id","sample_id",0.00078064012490242
"1","PRJNA662018_PRJNA662018_P4T4",447,0.6,"specimen_sample_id","sample_id",0.215421686746988
"2","PRJNA662018_PRJNA662018_P4T4",4,0.6,"specimen_sample_id","sample_id",0.00213675213675214
"3","PRJNA662018_PRJNA662018_P4T4",287,0.6,"specimen_sample_id","sample_id",0.190697674418605
"4","PRJNA662018_PRJNA662018_P4T4",0,0.6,"specimen_sample_id","sample_id",0
"5","PRJNA662018_PRJNA662018_P4T4",29,0.6,"specimen_sample_id","sample_id",0.0239076669414674
"6","PRJNA662018_PRJNA662018_P4T4",70,0.6,"specimen_sample_id","sample_id",0.0642201834862385
"7","PRJNA662018_PRJNA662018_P4T4",157,0.6,"specimen_sample_id","sample_id",0.176404494382022
"8","PRJNA662018_PRJNA662018_P4T4",49,0.6,"specimen_sample_id","sample_id",0.0571095571095571
"9","PRJNA662018_PRJNA662018_P4T4",13,0.6,"specimen_sample_id","sample_id",0.0227272727272727
"10","PRJNA662018_PRJNA662018_P4T4",0,0.6,"specimen_sample_id","sample_id",0
"11","PRJNA662018_PRJNA662018_P4T4",0,0.6,"specimen_sample_id","sample_id",0
"12","PRJNA662018_PRJNA662018_P4T4",14,0.6,"specimen_sample_id","sample_id",0.0501792114695341
"13","PRJNA662018_PRJNA662018_P4T4",40,0.6,"specimen_sample_id","sample_id",0.178571428571429
"14","PRJNA662018_PRJNA662018_P4T4",13,0.6,"specimen_sample_id","sample_id",0.0833333333333333
"15","PRJNA662018_PRJNA662018_P4T4",44,0.6,"specimen_sample_id","sample_id",0.325925925925926
"16","PRJNA662018_PRJNA662018_P4T4",0,0.6,"specimen_sample_id","sample_id",0
"17","PRJNA662018_PRJNA662018_P4T4",17,0.6,"specimen_sample_id","sample_id",0.161904761904762
"0","PRJNA662018_PRJNA662018_P5T5",9,0.6,"specimen_sample_id","sample_id",0.00234192037470726
"1","PRJNA662018_PRJNA662018_P5T5",120,0.6,"specimen_sample_id","sample_id",0.0578313253012048
"2","PRJNA662018_PRJNA662018_P5T5",1,0.6,"specimen_sample_id","sample_id",0.000534188034188034
"3","PRJNA662018_PRJNA662018_P5T5",79,0.6,"specimen_sample_id","sample_id",0.0524916943521595
"4","PRJNA662018_PRJNA662018_P5T5",0,0.6,"specimen_sample_id","sample_id",0
"5","PRJNA662018_PRJNA662018_P5T5",15,0.6,"specimen_sample_id","sample_id",0.0123660346248969
"6","PRJNA662018_PRJNA662018_P5T5",21,0.6,"specimen_sample_id","sample_id",0.0192660550458716
"7","PRJNA662018_PRJNA662018_P5T5",2,0.6,"specimen_sample_id","sample_id",0.00224719101123596
"8","PRJNA662018_PRJNA662018_P5T5",38,0.6,"specimen_sample_id","sample_id",0.0442890442890443
"9","PRJNA662018_PRJNA662018_P5T5",20,0.6,"specimen_sample_id","sample_id",0.034965034965035
"10","PRJNA662018_PRJNA662018_P5T5",0,0.6,"specimen_sample_id","sample_id",0
"11","PRJNA662018_PRJNA662018_P5T5",0,0.6,"specimen_sample_id","sample_id",0
"12","PRJNA662018_PRJNA662018_P5T5",0,0.6,"specimen_sample_id","sample_id",0
"13","PRJNA662018_PRJNA662018_P5T5",5,0.6,"specimen_sample_id","sample_id",0.0223214285714286
"14","PRJNA662018_PRJNA662018_P5T5",5,0.6,"specimen_sample_id","sample_id",0.032051282051282
"15","PRJNA662018_PRJNA662018_P5T5",9,0.6,"specimen_sample_id","sample_id",0.0666666666666667
"16","PRJNA662018_PRJNA662018_P5T5",0,0.6,"specimen_sample_id","sample_id",0
"17","PRJNA662018_PRJNA662018_P5T5",3,0.6,"specimen_sample_id","sample_id",0.0285714285714286
"0","PRJNA662018_PRJNA662018_P6N2",494,0.6,"specimen_sample_id","sample_id",0.128545407233932
"1","PRJNA662018_PRJNA662018_P6N2",34,0.6,"specimen_sample_id","sample_id",0.0163855421686747
"2","PRJNA662018_PRJNA662018_P6N2",263,0.6,"specimen_sample_id","sample_id",0.140491452991453
"3","PRJNA662018_PRJNA662018_P6N2",75,0.6,"specimen_sample_id","sample_id",0.0498338870431894
"4","PRJNA662018_PRJNA662018_P6N2",0,0.6,"specimen_sample_id","sample_id",0
"5","PRJNA662018_PRJNA662018_P6N2",177,0.6,"specimen_sample_id","sample_id",0.145919208573784
"6","PRJNA662018_PRJNA662018_P6N2",85,0.6,"specimen_sample_id","sample_id",0.0779816513761468
"7","PRJNA662018_PRJNA662018_P6N2",36,0.6,"specimen_sample_id","sample_id",0.0404494382022472
"8","PRJNA662018_PRJNA662018_P6N2",81,0.6,"specimen_sample_id","sample_id",0.0944055944055944
"9","PRJNA662018_PRJNA662018_P6N2",11,0.6,"specimen_sample_id","sample_id",0.0192307692307692
"10","PRJNA662018_PRJNA662018_P6N2",13,0.6,"specimen_sample_id","sample_id",0.0287610619469027
"11","PRJNA662018_PRJNA662018_P6N2",0,0.6,"specimen_sample_id","sample_id",0
"12","PRJNA662018_PRJNA662018_P6N2",17,0.6,"specimen_sample_id","sample_id",0.0609318996415771
"13","PRJNA662018_PRJNA662018_P6N2",5,0.6,"specimen_sample_id","sample_id",0.0223214285714286
"14","PRJNA662018_PRJNA662018_P6N2",14,0.6,"specimen_sample_id","sample_id",0.0897435897435897
"15","PRJNA662018_PRJNA662018_P6N2",4,0.6,"specimen_sample_id","sample_id",0.0296296296296296
"16","PRJNA662018_PRJNA662018_P6N2",11,0.6,"specimen_sample_id","sample_id",0.10377358490566
"17","PRJNA662018_PRJNA662018_P6N2",5,0.6,"specimen_sample_id","sample_id",0.0476190476190476
"0","PRJNA662018_PRJNA662018_P6T6",38,0.6,"specimen_sample_id","sample_id",0.00988810824876399
"1","PRJNA662018_PRJNA662018_P6T6",32,0.6,"specimen_sample_id","sample_id",0.015421686746988
"2","PRJNA662018_PRJNA662018_P6T6",3,0.6,"specimen_sample_id","sample_id",0.0016025641025641
"3","PRJNA662018_PRJNA662018_P6T6",44,0.6,"specimen_sample_id","sample_id",0.0292358803986711
"4","PRJNA662018_PRJNA662018_P6T6",0,0.6,"specimen_sample_id","sample_id",0
"5","PRJNA662018_PRJNA662018_P6T6",31,0.6,"specimen_sample_id","sample_id",0.0255564715581204
"6","PRJNA662018_PRJNA662018_P6T6",11,0.6,"specimen_sample_id","sample_id",0.0100917431192661
"7","PRJNA662018_PRJNA662018_P6T6",1,0.6,"specimen_sample_id","sample_id",0.00112359550561798
"8","PRJNA662018_PRJNA662018_P6T6",23,0.6,"specimen_sample_id","sample_id",0.0268065268065268
"9","PRJNA662018_PRJNA662018_P6T6",53,0.6,"specimen_sample_id","sample_id",0.0926573426573427
"10","PRJNA662018_PRJNA662018_P6T6",0,0.6,"specimen_sample_id","sample_id",0
"11","PRJNA662018_PRJNA662018_P6T6",0,0.6,"specimen_sample_id","sample_id",0
"12","PRJNA662018_PRJNA662018_P6T6",2,0.6,"specimen_sample_id","sample_id",0.00716845878136201
"13","PRJNA662018_PRJNA662018_P6T6",0,0.6,"specimen_sample_id","sample_id",0
"14","PRJNA662018_PRJNA662018_P6T6",1,0.6,"specimen_sample_id","sample_id",0.00641025641025641
"15","PRJNA662018_PRJNA662018_P6T6",2,0.6,"specimen_sample_id","sample_id",0.0148148148148148
"16","PRJNA662018_PRJNA662018_P6T6",4,0.6,"specimen_sample_id","sample_id",0.0377358490566038
"17","PRJNA662018_PRJNA662018_P6T6",0,0.6,"specimen_sample_id","sample_id",0
"0","PRJNA662018_PRJNA662018_P7T7",5,0.6,"specimen_sample_id","sample_id",0.00130106687483737
"1","PRJNA662018_PRJNA662018_P7T7",67,0.6,"specimen_sample_id","sample_id",0.032289156626506
"2","PRJNA662018_PRJNA662018_P7T7",2,0.6,"specimen_sample_id","sample_id",0.00106837606837607
"3","PRJNA662018_PRJNA662018_P7T7",40,0.6,"specimen_sample_id","sample_id",0.026578073089701
"4","PRJNA662018_PRJNA662018_P7T7",0,0.6,"specimen_sample_id","sample_id",0
"5","PRJNA662018_PRJNA662018_P7T7",7,0.6,"specimen_sample_id","sample_id",0.00577081615828524
"6","PRJNA662018_PRJNA662018_P7T7",10,0.6,"specimen_sample_id","sample_id",0.00917431192660551
"7","PRJNA662018_PRJNA662018_P7T7",7,0.6,"specimen_sample_id","sample_id",0.00786516853932584
"8","PRJNA662018_PRJNA662018_P7T7",7,0.6,"specimen_sample_id","sample_id",0.00815850815850816
"9","PRJNA662018_PRJNA662018_P7T7",22,0.6,"specimen_sample_id","sample_id",0.0384615384615385
"10","PRJNA662018_PRJNA662018_P7T7",0,0.6,"specimen_sample_id","sample_id",0
"11","PRJNA662018_PRJNA662018_P7T7",0,0.6,"specimen_sample_id","sample_id",0
"12","PRJNA662018_PRJNA662018_P7T7",2,0.6,"specimen_sample_id","sample_id",0.00716845878136201
"13","PRJNA662018_PRJNA662018_P7T7",5,0.6,"specimen_sample_id","sample_id",0.0223214285714286
"14","PRJNA662018_PRJNA662018_P7T7",1,0.6,"specimen_sample_id","sample_id",0.00641025641025641
"15","PRJNA662018_PRJNA662018_P7T7",9,0.6,"specimen_sample_id","sample_id",0.0666666666666667
"16","PRJNA662018_PRJNA662018_P7T7",0,0.6,"specimen_sample_id","sample_id",0
"17","PRJNA662018_PRJNA662018_P7T7",6,0.6,"specimen_sample_id","sample_id",0.0571428571428571
"0","PRJNA662018_PRJNA662018_P8T8",11,0.6,"specimen_sample_id","sample_id",0.00286234712464221
"1","PRJNA662018_PRJNA662018_P8T8",13,0.6,"specimen_sample_id","sample_id",0.00626506024096386
"2","PRJNA662018_PRJNA662018_P8T8",1,0.6,"specimen_sample_id","sample_id",0.000534188034188034
"3","PRJNA662018_PRJNA662018_P8T8",7,0.6,"specimen_sample_id","sample_id",0.00465116279069767
"4","PRJNA662018_PRJNA662018_P8T8",0,0.6,"specimen_sample_id","sample_id",0
"5","PRJNA662018_PRJNA662018_P8T8",3,0.6,"specimen_sample_id","sample_id",0.00247320692497939
"6","PRJNA662018_PRJNA662018_P8T8",6,0.6,"specimen_sample_id","sample_id",0.0055045871559633
"7","PRJNA662018_PRJNA662018_P8T8",1,0.6,"specimen_sample_id","sample_id",0.00112359550561798
"8","PRJNA662018_PRJNA662018_P8T8",6,0.6,"specimen_sample_id","sample_id",0.00699300699300699
"9","PRJNA662018_PRJNA662018_P8T8",14,0.6,"specimen_sample_id","sample_id",0.0244755244755245
"10","PRJNA662018_PRJNA662018_P8T8",5,0.6,"specimen_sample_id","sample_id",0.0110619469026549
"11","PRJNA662018_PRJNA662018_P8T8",0,0.6,"specimen_sample_id","sample_id",0
"12","PRJNA662018_PRJNA662018_P8T8",2,0.6,"specimen_sample_id","sample_id",0.00716845878136201
"13","PRJNA662018_PRJNA662018_P8T8",1,0.6,"specimen_sample_id","sample_id",0.00446428571428571
"14","PRJNA662018_PRJNA662018_P8T8",0,0.6,"specimen_sample_id","sample_id",0
"15","PRJNA662018_PRJNA662018_P8T8",3,0.6,"specimen_sample_id","sample_id",0.0222222222222222
"16","PRJNA662018_PRJNA662018_P8T8",0,0.6,"specimen_sample_id","sample_id",0
"17","PRJNA662018_PRJNA662018_P8T8",0,0.6,"specimen_sample_id","sample_id",0
"0",NA,443,0.6,"specimen_sample_id","sample_id",0.115274525110591
"1",NA,328,0.6,"specimen_sample_id","sample_id",0.158072289156626
"2",NA,70,0.6,"specimen_sample_id","sample_id",0.0373931623931624
"3",NA,326,0.6,"specimen_sample_id","sample_id",0.216611295681063
"4",NA,1231,0.6,"specimen_sample_id","sample_id",1
"5",NA,37,0.6,"specimen_sample_id","sample_id",0.0305028854080791
"6",NA,221,0.6,"specimen_sample_id","sample_id",0.202752293577982
"7",NA,240,0.6,"specimen_sample_id","sample_id",0.269662921348315
"8",NA,151,0.6,"specimen_sample_id","sample_id",0.175990675990676
"9",NA,269,0.6,"specimen_sample_id","sample_id",0.47027972027972
"10",NA,259,0.6,"specimen_sample_id","sample_id",0.573008849557522
"11",NA,433,0.6,"specimen_sample_id","sample_id",1
"12",NA,104,0.6,"specimen_sample_id","sample_id",0.372759856630824
"13",NA,36,0.6,"specimen_sample_id","sample_id",0.160714285714286
"14",NA,38,0.6,"specimen_sample_id","sample_id",0.243589743589744
"15",NA,22,0.6,"specimen_sample_id","sample_id",0.162962962962963
"16",NA,9,0.6,"specimen_sample_id","sample_id",0.0849056603773585
"17",NA,37,0.6,"specimen_sample_id","sample_id",0.352380952380952
"0","Normal",2449,0.6,"stage_T","T_stage",0.637262555295342
"1","Normal",172,0.6,"stage_T","T_stage",0.0828915662650602
"2","Normal",1083,0.6,"stage_T","T_stage",0.578525641025641
"3","Normal",290,0.6,"stage_T","T_stage",0.192691029900332
"4","Normal",0,0.6,"stage_T","T_stage",0
"5","Normal",667,0.6,"stage_T","T_stage",0.549876339653751
"6","Normal",553,0.6,"stage_T","T_stage",0.507339449541284
"7","Normal",221,0.6,"stage_T","T_stage",0.248314606741573
"8","Normal",311,0.6,"stage_T","T_stage",0.362470862470862
"9","Normal",100,0.6,"stage_T","T_stage",0.174825174825175
"10","Normal",163,0.6,"stage_T","T_stage",0.360619469026549
"11","Normal",0,0.6,"stage_T","T_stage",0
"12","Normal",98,0.6,"stage_T","T_stage",0.351254480286738
"13","Normal",27,0.6,"stage_T","T_stage",0.120535714285714
"14","Normal",57,0.6,"stage_T","T_stage",0.365384615384615
"15","Normal",8,0.6,"stage_T","T_stage",0.0592592592592593
"16","Normal",42,0.6,"stage_T","T_stage",0.39622641509434
"17","Normal",11,0.6,"stage_T","T_stage",0.104761904761905
"0","T1",42,0.6,"stage_T","T_stage",0.0109289617486339
"1","T1",79,0.6,"stage_T","T_stage",0.0380722891566265
"2","T1",10,0.6,"stage_T","T_stage",0.00534188034188034
"3","T1",103,0.6,"stage_T","T_stage",0.0684385382059801
"4","T1",0,0.6,"stage_T","T_stage",0
"5","T1",16,0.6,"stage_T","T_stage",0.0131904369332234
"6","T1",28,0.6,"stage_T","T_stage",0.0256880733944954
"7","T1",37,0.6,"stage_T","T_stage",0.0415730337078652
"8","T1",43,0.6,"stage_T","T_stage",0.0501165501165501
"9","T1",57,0.6,"stage_T","T_stage",0.0996503496503496
"10","T1",23,0.6,"stage_T","T_stage",0.0508849557522124
"11","T1",0,0.6,"stage_T","T_stage",0
"12","T1",2,0.6,"stage_T","T_stage",0.00716845878136201
"13","T1",8,0.6,"stage_T","T_stage",0.0357142857142857
"14","T1",6,0.6,"stage_T","T_stage",0.0384615384615385
"15","T1",5,0.6,"stage_T","T_stage",0.037037037037037
"16","T1",4,0.6,"stage_T","T_stage",0.0377358490566038
"17","T1",8,0.6,"stage_T","T_stage",0.0761904761904762
"0","T2",2,0.6,"stage_T","T_stage",0.000520426749934947
"1","T2",91,0.6,"stage_T","T_stage",0.043855421686747
"2","T2",3,0.6,"stage_T","T_stage",0.0016025641025641
"3","T2",64,0.6,"stage_T","T_stage",0.0425249169435216
"4","T2",290,0.6,"stage_T","T_stage",0.235580828594638
"5","T2",4,0.6,"stage_T","T_stage",0.00329760923330585
"6","T2",23,0.6,"stage_T","T_stage",0.0211009174311927
"7","T2",42,0.6,"stage_T","T_stage",0.0471910112359551
"8","T2",9,0.6,"stage_T","T_stage",0.0104895104895105
"9","T2",109,0.6,"stage_T","T_stage",0.190559440559441
"10","T2",43,0.6,"stage_T","T_stage",0.0951327433628319
"11","T2",128,0.6,"stage_T","T_stage",0.295612009237875
"12","T2",17,0.6,"stage_T","T_stage",0.0609318996415771
"13","T2",4,0.6,"stage_T","T_stage",0.0178571428571429
"14","T2",4,0.6,"stage_T","T_stage",0.0256410256410256
"15","T2",6,0.6,"stage_T","T_stage",0.0444444444444444
"16","T2",1,0.6,"stage_T","T_stage",0.00943396226415094
"17","T2",5,0.6,"stage_T","T_stage",0.0476190476190476
"0","T3",4,0.6,"stage_T","T_stage",0.00104085349986989
"1","T3",30,0.6,"stage_T","T_stage",0.0144578313253012
"2","T3",1,0.6,"stage_T","T_stage",0.000534188034188034
"3","T3",11,0.6,"stage_T","T_stage",0.00730897009966777
"4","T3",28,0.6,"stage_T","T_stage",0.0227457351746548
"5","T3",0,0.6,"stage_T","T_stage",0
"6","T3",12,0.6,"stage_T","T_stage",0.0110091743119266
"7","T3",8,0.6,"stage_T","T_stage",0.00898876404494382
"8","T3",2,0.6,"stage_T","T_stage",0.00233100233100233
"9","T3",40,0.6,"stage_T","T_stage",0.0699300699300699
"10","T3",25,0.6,"stage_T","T_stage",0.0553097345132743
"11","T3",14,0.6,"stage_T","T_stage",0.0323325635103926
"12","T3",10,0.6,"stage_T","T_stage",0.03584229390681
"13","T3",1,0.6,"stage_T","T_stage",0.00446428571428571
"14","T3",2,0.6,"stage_T","T_stage",0.0128205128205128
"15","T3",3,0.6,"stage_T","T_stage",0.0222222222222222
"16","T3",0,0.6,"stage_T","T_stage",0
"17","T3",1,0.6,"stage_T","T_stage",0.00952380952380952
"0","T4",16,0.6,"stage_T","T_stage",0.00416341399947957
"1","T4",44,0.6,"stage_T","T_stage",0.0212048192771084
"2","T4",3,0.6,"stage_T","T_stage",0.0016025641025641
"3","T4",51,0.6,"stage_T","T_stage",0.0338870431893688
"4","T4",903,0.6,"stage_T","T_stage",0.733549959382616
"5","T4",1,0.6,"stage_T","T_stage",0.000824402308326463
"6","T4",29,0.6,"stage_T","T_stage",0.026605504587156
"7","T4",77,0.6,"stage_T","T_stage",0.0865168539325843
"8","T4",10,0.6,"stage_T","T_stage",0.0116550116550117
"9","T4",14,0.6,"stage_T","T_stage",0.0244755244755245
"10","T4",50,0.6,"stage_T","T_stage",0.110619469026549
"11","T4",282,0.6,"stage_T","T_stage",0.651270207852194
"12","T4",29,0.6,"stage_T","T_stage",0.103942652329749
"13","T4",11,0.6,"stage_T","T_stage",0.0491071428571429
"14","T4",7,0.6,"stage_T","T_stage",0.0448717948717949
"15","T4",5,0.6,"stage_T","T_stage",0.037037037037037
"16","T4",0,0.6,"stage_T","T_stage",0
"17","T4",11,0.6,"stage_T","T_stage",0.104761904761905
"0","Ta",2,0.6,"stage_T","T_stage",0.000520426749934947
"1","Ta",2,0.6,"stage_T","T_stage",0.000963855421686747
"2","Ta",0,0.6,"stage_T","T_stage",0
"3","Ta",0,0.6,"stage_T","T_stage",0
"4","Ta",0,0.6,"stage_T","T_stage",0
"5","Ta",0,0.6,"stage_T","T_stage",0
"6","Ta",0,0.6,"stage_T","T_stage",0
"7","Ta",0,0.6,"stage_T","T_stage",0
"8","Ta",0,0.6,"stage_T","T_stage",0
"9","Ta",0,0.6,"stage_T","T_stage",0
"10","Ta",0,0.6,"stage_T","T_stage",0
"11","Ta",0,0.6,"stage_T","T_stage",0
"12","Ta",0,0.6,"stage_T","T_stage",0
"13","Ta",0,0.6,"stage_T","T_stage",0
"14","Ta",0,0.6,"stage_T","T_stage",0
"15","Ta",0,0.6,"stage_T","T_stage",0
"16","Ta",0,0.6,"stage_T","T_stage",0
"17","Ta",0,0.6,"stage_T","T_stage",0
"0",NA,1328,0.6,"stage_T","T_stage",0.345563361956805
"1",NA,1657,0.6,"stage_T","T_stage",0.79855421686747
"2",NA,772,0.6,"stage_T","T_stage",0.412393162393162
"3",NA,986,0.6,"stage_T","T_stage",0.65514950166113
"4",NA,10,0.6,"stage_T","T_stage",0.00812347684809098
"5",NA,525,0.6,"stage_T","T_stage",0.432811211871393
"6",NA,445,0.6,"stage_T","T_stage",0.408256880733945
"7",NA,505,0.6,"stage_T","T_stage",0.567415730337079
"8",NA,483,0.6,"stage_T","T_stage",0.562937062937063
"9",NA,252,0.6,"stage_T","T_stage",0.440559440559441
"10",NA,148,0.6,"stage_T","T_stage",0.327433628318584
"11",NA,9,0.6,"stage_T","T_stage",0.0207852193995381
"12",NA,123,0.6,"stage_T","T_stage",0.440860215053763
"13",NA,173,0.6,"stage_T","T_stage",0.772321428571429
"14",NA,80,0.6,"stage_T","T_stage",0.512820512820513
"15",NA,108,0.6,"stage_T","T_stage",0.8
"16",NA,59,0.6,"stage_T","T_stage",0.556603773584906
"17",NA,69,0.6,"stage_T","T_stage",0.657142857142857
"0","N0",61,0.6,"stage_N","N_stage",0.0158730158730159
"1","N0",165,0.6,"stage_N","N_stage",0.0795180722891566
"2","N0",16,0.6,"stage_N","N_stage",0.00854700854700855
"3","N0",152,0.6,"stage_N","N_stage",0.100996677740864
"4","N0",0,0.6,"stage_N","N_stage",0
"5","N0",20,0.6,"stage_N","N_stage",0.0164880461665293
"6","N0",50,0.6,"stage_N","N_stage",0.0458715596330275
"7","N0",42,0.6,"stage_N","N_stage",0.0471910112359551
"8","N0",49,0.6,"stage_N","N_stage",0.0571095571095571
"9","N0",90,0.6,"stage_N","N_stage",0.157342657342657
"10","N0",31,0.6,"stage_N","N_stage",0.0685840707964602
"11","N0",0,0.6,"stage_N","N_stage",0
"12","N0",4,0.6,"stage_N","N_stage",0.014336917562724
"13","N0",9,0.6,"stage_N","N_stage",0.0401785714285714
"14","N0",10,0.6,"stage_N","N_stage",0.0641025641025641
"15","N0",9,0.6,"stage_N","N_stage",0.0666666666666667
"16","N0",5,0.6,"stage_N","N_stage",0.0471698113207547
"17","N0",12,0.6,"stage_N","N_stage",0.114285714285714
"0","N2",1,0.6,"stage_N","N_stage",0.000260213374967473
"1","N2",0,0.6,"stage_N","N_stage",0
"2","N2",0,0.6,"stage_N","N_stage",0
"3","N2",0,0.6,"stage_N","N_stage",0
"4","N2",0,0.6,"stage_N","N_stage",0
"5","N2",0,0.6,"stage_N","N_stage",0
"6","N2",0,0.6,"stage_N","N_stage",0
"7","N2",1,0.6,"stage_N","N_stage",0.00112359550561798
"8","N2",1,0.6,"stage_N","N_stage",0.00116550116550117
"9","N2",0,0.6,"stage_N","N_stage",0
"10","N2",0,0.6,"stage_N","N_stage",0
"11","N2",0,0.6,"stage_N","N_stage",0
"12","N2",0,0.6,"stage_N","N_stage",0
"13","N2",0,0.6,"stage_N","N_stage",0
"14","N2",0,0.6,"stage_N","N_stage",0
"15","N2",0,0.6,"stage_N","N_stage",0
"16","N2",0,0.6,"stage_N","N_stage",0
"17","N2",0,0.6,"stage_N","N_stage",0
"0","N3",2,0.6,"stage_N","N_stage",0.000520426749934947
"1","N3",28,0.6,"stage_N","N_stage",0.0134939759036145
"2","N3",1,0.6,"stage_N","N_stage",0.000534188034188034
"3","N3",10,0.6,"stage_N","N_stage",0.00664451827242525
"4","N3",0,0.6,"stage_N","N_stage",0
"5","N3",0,0.6,"stage_N","N_stage",0
"6","N3",6,0.6,"stage_N","N_stage",0.0055045871559633
"7","N3",3,0.6,"stage_N","N_stage",0.00337078651685393
"8","N3",1,0.6,"stage_N","N_stage",0.00116550116550117
"9","N3",37,0.6,"stage_N","N_stage",0.0646853146853147
"10","N3",0,0.6,"stage_N","N_stage",0
"11","N3",0,0.6,"stage_N","N_stage",0
"12","N3",1,0.6,"stage_N","N_stage",0.003584229390681
"13","N3",1,0.6,"stage_N","N_stage",0.00446428571428571
"14","N3",1,0.6,"stage_N","N_stage",0.00641025641025641
"15","N3",3,0.6,"stage_N","N_stage",0.0222222222222222
"16","N3",0,0.6,"stage_N","N_stage",0
"17","N3",1,0.6,"stage_N","N_stage",0.00952380952380952
"0","Normal",2449,0.6,"stage_N","N_stage",0.637262555295342
"1","Normal",172,0.6,"stage_N","N_stage",0.0828915662650602
"2","Normal",1083,0.6,"stage_N","N_stage",0.578525641025641
"3","Normal",290,0.6,"stage_N","N_stage",0.192691029900332
"4","Normal",0,0.6,"stage_N","N_stage",0
"5","Normal",667,0.6,"stage_N","N_stage",0.549876339653751
"6","Normal",553,0.6,"stage_N","N_stage",0.507339449541284
"7","Normal",221,0.6,"stage_N","N_stage",0.248314606741573
"8","Normal",311,0.6,"stage_N","N_stage",0.362470862470862
"9","Normal",100,0.6,"stage_N","N_stage",0.174825174825175
"10","Normal",163,0.6,"stage_N","N_stage",0.360619469026549
"11","Normal",0,0.6,"stage_N","N_stage",0
"12","Normal",98,0.6,"stage_N","N_stage",0.351254480286738
"13","Normal",27,0.6,"stage_N","N_stage",0.120535714285714
"14","Normal",57,0.6,"stage_N","N_stage",0.365384615384615
"15","Normal",8,0.6,"stage_N","N_stage",0.0592592592592593
"16","Normal",42,0.6,"stage_N","N_stage",0.39622641509434
"17","Normal",11,0.6,"stage_N","N_stage",0.104761904761905
"0",NA,1330,0.6,"stage_N","N_stage",0.34608378870674
"1",NA,1710,0.6,"stage_N","N_stage",0.824096385542169
"2",NA,772,0.6,"stage_N","N_stage",0.412393162393162
"3",NA,1053,0.6,"stage_N","N_stage",0.699667774086379
"4",NA,1231,0.6,"stage_N","N_stage",1
"5",NA,526,0.6,"stage_N","N_stage",0.43363561417972
"6",NA,481,0.6,"stage_N","N_stage",0.441284403669725
"7",NA,623,0.6,"stage_N","N_stage",0.7
"8",NA,496,0.6,"stage_N","N_stage",0.578088578088578
"9",NA,345,0.6,"stage_N","N_stage",0.603146853146853
"10",NA,258,0.6,"stage_N","N_stage",0.570796460176991
"11",NA,433,0.6,"stage_N","N_stage",1
"12",NA,176,0.6,"stage_N","N_stage",0.630824372759857
"13",NA,187,0.6,"stage_N","N_stage",0.834821428571429
"14",NA,88,0.6,"stage_N","N_stage",0.564102564102564
"15",NA,115,0.6,"stage_N","N_stage",0.851851851851852
"16",NA,59,0.6,"stage_N","N_stage",0.556603773584906
"17",NA,81,0.6,"stage_N","N_stage",0.771428571428571
"0","M0",63,0.6,"stage_M","M_stage",0.0163934426229508
"1","M0",193,0.6,"stage_M","M_stage",0.0930120481927711
"2","M0",17,0.6,"stage_M","M_stage",0.00908119658119658
"3","M0",162,0.6,"stage_M","M_stage",0.107641196013289
"4","M0",0,0.6,"stage_M","M_stage",0
"5","M0",20,0.6,"stage_M","M_stage",0.0164880461665293
"6","M0",56,0.6,"stage_M","M_stage",0.0513761467889908
"7","M0",45,0.6,"stage_M","M_stage",0.050561797752809
"8","M0",50,0.6,"stage_M","M_stage",0.0582750582750583
"9","M0",127,0.6,"stage_M","M_stage",0.222027972027972
"10","M0",31,0.6,"stage_M","M_stage",0.0685840707964602
"11","M0",0,0.6,"stage_M","M_stage",0
"12","M0",5,0.6,"stage_M","M_stage",0.017921146953405
"13","M0",10,0.6,"stage_M","M_stage",0.0446428571428571
"14","M0",11,0.6,"stage_M","M_stage",0.0705128205128205
"15","M0",12,0.6,"stage_M","M_stage",0.0888888888888889
"16","M0",5,0.6,"stage_M","M_stage",0.0471698113207547
"17","M0",13,0.6,"stage_M","M_stage",0.123809523809524
"0","Normal",2449,0.6,"stage_M","M_stage",0.637262555295342
"1","Normal",172,0.6,"stage_M","M_stage",0.0828915662650602
"2","Normal",1083,0.6,"stage_M","M_stage",0.578525641025641
"3","Normal",290,0.6,"stage_M","M_stage",0.192691029900332
"4","Normal",0,0.6,"stage_M","M_stage",0
"5","Normal",667,0.6,"stage_M","M_stage",0.549876339653751
"6","Normal",553,0.6,"stage_M","M_stage",0.507339449541284
"7","Normal",221,0.6,"stage_M","M_stage",0.248314606741573
"8","Normal",311,0.6,"stage_M","M_stage",0.362470862470862
"9","Normal",100,0.6,"stage_M","M_stage",0.174825174825175
"10","Normal",163,0.6,"stage_M","M_stage",0.360619469026549
"11","Normal",0,0.6,"stage_M","M_stage",0
"12","Normal",98,0.6,"stage_M","M_stage",0.351254480286738
"13","Normal",27,0.6,"stage_M","M_stage",0.120535714285714
"14","Normal",57,0.6,"stage_M","M_stage",0.365384615384615
"15","Normal",8,0.6,"stage_M","M_stage",0.0592592592592593
"16","Normal",42,0.6,"stage_M","M_stage",0.39622641509434
"17","Normal",11,0.6,"stage_M","M_stage",0.104761904761905
"0",NA,1331,0.6,"stage_M","M_stage",0.346344002081707
"1",NA,1710,0.6,"stage_M","M_stage",0.824096385542169
"2",NA,772,0.6,"stage_M","M_stage",0.412393162393162
"3",NA,1053,0.6,"stage_M","M_stage",0.699667774086379
"4",NA,1231,0.6,"stage_M","M_stage",1
"5",NA,526,0.6,"stage_M","M_stage",0.43363561417972
"6",NA,481,0.6,"stage_M","M_stage",0.441284403669725
"7",NA,624,0.6,"stage_M","M_stage",0.701123595505618
"8",NA,497,0.6,"stage_M","M_stage",0.579254079254079
"9",NA,345,0.6,"stage_M","M_stage",0.603146853146853
"10",NA,258,0.6,"stage_M","M_stage",0.570796460176991
"11",NA,433,0.6,"stage_M","M_stage",1
"12",NA,176,0.6,"stage_M","M_stage",0.630824372759857
"13",NA,187,0.6,"stage_M","M_stage",0.834821428571429
"14",NA,88,0.6,"stage_M","M_stage",0.564102564102564
"15",NA,115,0.6,"stage_M","M_stage",0.851851851851852
"16",NA,59,0.6,"stage_M","M_stage",0.556603773584906
"17",NA,81,0.6,"stage_M","M_stage",0.771428571428571
"0","MIBC",114,0.6,"clinical_type","Type",0.029664324746292
"1","MIBC",479,0.6,"clinical_type","Type",0.230843373493976
"2","MIBC",15,0.6,"clinical_type","Type",0.00801282051282051
"3","MIBC",377,0.6,"clinical_type","Type",0.250498338870432
"4","MIBC",1231,0.6,"clinical_type","Type",1
"5","MIBC",71,0.6,"clinical_type","Type",0.0585325638911789
"6","MIBC",154,0.6,"clinical_type","Type",0.141284403669725
"7","MIBC",161,0.6,"clinical_type","Type",0.180898876404494
"8","MIBC",137,0.6,"clinical_type","Type",0.15967365967366
"9","MIBC",282,0.6,"clinical_type","Type",0.493006993006993
"10","MIBC",123,0.6,"clinical_type","Type",0.27212389380531
"11","MIBC",433,0.6,"clinical_type","Type",1
"12","MIBC",79,0.6,"clinical_type","Type",0.283154121863799
"13","MIBC",37,0.6,"clinical_type","Type",0.165178571428571
"14","MIBC",27,0.6,"clinical_type","Type",0.173076923076923
"15","MIBC",40,0.6,"clinical_type","Type",0.296296296296296
"16","MIBC",5,0.6,"clinical_type","Type",0.0471698113207547
"17","MIBC",35,0.6,"clinical_type","Type",0.333333333333333
"0","NMIBC",1280,0.6,"clinical_type","Type",0.333073119958366
"1","NMIBC",1424,0.6,"clinical_type","Type",0.686265060240964
"2","NMIBC",774,0.6,"clinical_type","Type",0.413461538461538
"3","NMIBC",838,0.6,"clinical_type","Type",0.556810631229236
"4","NMIBC",0,0.6,"clinical_type","Type",0
"5","NMIBC",475,0.6,"clinical_type","Type",0.39159109645507
"6","NMIBC",383,0.6,"clinical_type","Type",0.351376146788991
"7","NMIBC",508,0.6,"clinical_type","Type",0.570786516853933
"8","NMIBC",410,0.6,"clinical_type","Type",0.477855477855478
"9","NMIBC",190,0.6,"clinical_type","Type",0.332167832167832
"10","NMIBC",166,0.6,"clinical_type","Type",0.367256637168142
"11","NMIBC",0,0.6,"clinical_type","Type",0
"12","NMIBC",102,0.6,"clinical_type","Type",0.365591397849462
"13","NMIBC",160,0.6,"clinical_type","Type",0.714285714285714
"14","NMIBC",72,0.6,"clinical_type","Type",0.461538461538462
"15","NMIBC",87,0.6,"clinical_type","Type",0.644444444444444
"16","NMIBC",59,0.6,"clinical_type","Type",0.556603773584906
"17","NMIBC",59,0.6,"clinical_type","Type",0.561904761904762
"0","Normal",2449,0.6,"clinical_type","Type",0.637262555295342
"1","Normal",172,0.6,"clinical_type","Type",0.0828915662650602
"2","Normal",1083,0.6,"clinical_type","Type",0.578525641025641
"3","Normal",290,0.6,"clinical_type","Type",0.192691029900332
"4","Normal",0,0.6,"clinical_type","Type",0
"5","Normal",667,0.6,"clinical_type","Type",0.549876339653751
"6","Normal",553,0.6,"clinical_type","Type",0.507339449541284
"7","Normal",221,0.6,"clinical_type","Type",0.248314606741573
"8","Normal",311,0.6,"clinical_type","Type",0.362470862470862
"9","Normal",100,0.6,"clinical_type","Type",0.174825174825175
"10","Normal",163,0.6,"clinical_type","Type",0.360619469026549
"11","Normal",0,0.6,"clinical_type","Type",0
"12","Normal",98,0.6,"clinical_type","Type",0.351254480286738
"13","Normal",27,0.6,"clinical_type","Type",0.120535714285714
"14","Normal",57,0.6,"clinical_type","Type",0.365384615384615
"15","Normal",8,0.6,"clinical_type","Type",0.0592592592592593
"16","Normal",42,0.6,"clinical_type","Type",0.39622641509434
"17","Normal",11,0.6,"clinical_type","Type",0.104761904761905
"0","CNP0000460",13,0.8,"dataset","dataset",0.00698174006444683
"1","CNP0000460",8,0.8,"dataset","dataset",0.00435729847494553
"2","CNP0000460",106,0.8,"dataset","dataset",0.0686973428386261
"3","CNP0000460",17,0.8,"dataset","dataset",0.0114170584284755
"4","CNP0000460",169,0.8,"dataset","dataset",0.117361111111111
"5","CNP0000460",0,0.8,"dataset","dataset",0
"6","CNP0000460",73,0.8,"dataset","dataset",0.061864406779661
"7","CNP0000460",18,0.8,"dataset","dataset",0.0156657963446475
"8","CNP0000460",44,0.8,"dataset","dataset",0.0403669724770642
"9","CNP0000460",41,0.8,"dataset","dataset",0.0460674157303371
"10","CNP0000460",89,0.8,"dataset","dataset",0.105200945626478
"11","CNP0000460",137,0.8,"dataset","dataset",0.23951048951049
"12","CNP0000460",43,0.8,"dataset","dataset",0.0951327433628319
"13","CNP0000460",0,0.8,"dataset","dataset",0
"14","CNP0000460",6,0.8,"dataset","dataset",0.0213523131672598
"15","CNP0000460",9,0.8,"dataset","dataset",0.0398230088495575
"16","CNP0000460",13,0.8,"dataset","dataset",0.0828025477707006
"17","CNP0000460",12,0.8,"dataset","dataset",0.0851063829787234
"18","CNP0000460",5,0.8,"dataset","dataset",0.045045045045045
"19","CNP0000460",15,0.8,"dataset","dataset",0.137614678899083
"0","GSE326225",1,0.8,"dataset","dataset",0.000537056928034372
"1","GSE326225",7,0.8,"dataset","dataset",0.00381263616557734
"2","GSE326225",54,0.8,"dataset","dataset",0.0349967595593001
"3","GSE326225",7,0.8,"dataset","dataset",0.00470114170584285
"4","GSE326225",77,0.8,"dataset","dataset",0.0534722222222222
"5","GSE326225",10,0.8,"dataset","dataset",0.00812347684809098
"6","GSE326225",57,0.8,"dataset","dataset",0.0483050847457627
"7","GSE326225",8,0.8,"dataset","dataset",0.00696257615317668
"8","GSE326225",42,0.8,"dataset","dataset",0.0385321100917431
"9","GSE326225",23,0.8,"dataset","dataset",0.0258426966292135
"10","GSE326225",34,0.8,"dataset","dataset",0.0401891252955083
"11","GSE326225",10,0.8,"dataset","dataset",0.0174825174825175
"12","GSE326225",0,0.8,"dataset","dataset",0
"13","GSE326225",9,0.8,"dataset","dataset",0.0207373271889401
"14","GSE326225",17,0.8,"dataset","dataset",0.0604982206405694
"15","GSE326225",10,0.8,"dataset","dataset",0.0442477876106195
"16","GSE326225",7,0.8,"dataset","dataset",0.0445859872611465
"17","GSE326225",3,0.8,"dataset","dataset",0.0212765957446809
"18","GSE326225",0,0.8,"dataset","dataset",0
"19","GSE326225",9,0.8,"dataset","dataset",0.0825688073394495
"0","HRA003620",61,0.8,"dataset","dataset",0.0327604726100967
"1","HRA003620",163,0.8,"dataset","dataset",0.0887799564270152
"2","HRA003620",3,0.8,"dataset","dataset",0.00194426441996111
"3","HRA003620",171,0.8,"dataset","dataset",0.114842175957018
"4","HRA003620",6,0.8,"dataset","dataset",0.00416666666666667
"5","HRA003620",0,0.8,"dataset","dataset",0
"6","HRA003620",63,0.8,"dataset","dataset",0.0533898305084746
"7","HRA003620",6,0.8,"dataset","dataset",0.00522193211488251
"8","HRA003620",99,0.8,"dataset","dataset",0.0908256880733945
"9","HRA003620",58,0.8,"dataset","dataset",0.0651685393258427
"10","HRA003620",8,0.8,"dataset","dataset",0.00945626477541371
"11","HRA003620",29,0.8,"dataset","dataset",0.0506993006993007
"12","HRA003620",106,0.8,"dataset","dataset",0.234513274336283
"13","HRA003620",0,0.8,"dataset","dataset",0
"14","HRA003620",28,0.8,"dataset","dataset",0.099644128113879
"15","HRA003620",3,0.8,"dataset","dataset",0.0132743362831858
"16","HRA003620",10,0.8,"dataset","dataset",0.0636942675159236
"17","HRA003620",0,0.8,"dataset","dataset",0
"18","HRA003620",4,0.8,"dataset","dataset",0.036036036036036
"19","HRA003620",1,0.8,"dataset","dataset",0.00917431192660551
"0","InhouseData",0,0.8,"dataset","dataset",0
"1","InhouseData",0,0.8,"dataset","dataset",0
"2","InhouseData",9,0.8,"dataset","dataset",0.00583279325988334
"3","InhouseData",0,0.8,"dataset","dataset",0
"4","InhouseData",67,0.8,"dataset","dataset",0.0465277777777778
"5","InhouseData",1221,0.8,"dataset","dataset",0.991876523151909
"6","InhouseData",15,0.8,"dataset","dataset",0.0127118644067797
"7","InhouseData",1,0.8,"dataset","dataset",0.000870322019147084
"8","InhouseData",36,0.8,"dataset","dataset",0.0330275229357798
"9","InhouseData",118,0.8,"dataset","dataset",0.132584269662921
"10","InhouseData",41,0.8,"dataset","dataset",0.0484633569739953
"11","InhouseData",93,0.8,"dataset","dataset",0.162587412587413
"12","InhouseData",110,0.8,"dataset","dataset",0.243362831858407
"13","InhouseData",425,0.8,"dataset","dataset",0.97926267281106
"14","InhouseData",53,0.8,"dataset","dataset",0.188612099644128
"15","InhouseData",14,0.8,"dataset","dataset",0.0619469026548673
"16","InhouseData",8,0.8,"dataset","dataset",0.0509554140127389
"17","InhouseData",8,0.8,"dataset","dataset",0.0567375886524823
"18","InhouseData",0,0.8,"dataset","dataset",0
"19","InhouseData",13,0.8,"dataset","dataset",0.119266055045872
"0","PRJNA662018",1787,0.8,"dataset","dataset",0.959720730397422
"1","PRJNA662018",1658,0.8,"dataset","dataset",0.903050108932462
"2","PRJNA662018",1371,0.8,"dataset","dataset",0.888528839922229
"3","PRJNA662018",1294,0.8,"dataset","dataset",0.869039623908664
"4","PRJNA662018",1121,0.8,"dataset","dataset",0.778472222222222
"5","PRJNA662018",0,0.8,"dataset","dataset",0
"6","PRJNA662018",972,0.8,"dataset","dataset",0.823728813559322
"7","PRJNA662018",1116,0.8,"dataset","dataset",0.971279373368146
"8","PRJNA662018",869,0.8,"dataset","dataset",0.797247706422018
"9","PRJNA662018",650,0.8,"dataset","dataset",0.730337078651685
"10","PRJNA662018",674,0.8,"dataset","dataset",0.796690307328605
"11","PRJNA662018",303,0.8,"dataset","dataset",0.52972027972028
"12","PRJNA662018",193,0.8,"dataset","dataset",0.426991150442478
"13","PRJNA662018",0,0.8,"dataset","dataset",0
"14","PRJNA662018",177,0.8,"dataset","dataset",0.629893238434164
"15","PRJNA662018",190,0.8,"dataset","dataset",0.84070796460177
"16","PRJNA662018",119,0.8,"dataset","dataset",0.75796178343949
"17","PRJNA662018",118,0.8,"dataset","dataset",0.836879432624113
"18","PRJNA662018",102,0.8,"dataset","dataset",0.918918918918919
"19","PRJNA662018",71,0.8,"dataset","dataset",0.651376146788991
"0","CNP0000460_P01N",2,0.8,"specimen_orig_ident","orig.ident",0.00107411385606874
"1","CNP0000460_P01N",4,0.8,"specimen_orig_ident","orig.ident",0.00217864923747277
"2","CNP0000460_P01N",1,0.8,"specimen_orig_ident","orig.ident",0.000648088139987038
"3","CNP0000460_P01N",6,0.8,"specimen_orig_ident","orig.ident",0.00402955003357958
"4","CNP0000460_P01N",9,0.8,"specimen_orig_ident","orig.ident",0.00625
"5","CNP0000460_P01N",0,0.8,"specimen_orig_ident","orig.ident",0
"6","CNP0000460_P01N",8,0.8,"specimen_orig_ident","orig.ident",0.00677966101694915
"7","CNP0000460_P01N",2,0.8,"specimen_orig_ident","orig.ident",0.00174064403829417
"8","CNP0000460_P01N",6,0.8,"specimen_orig_ident","orig.ident",0.0055045871559633
"9","CNP0000460_P01N",3,0.8,"specimen_orig_ident","orig.ident",0.00337078651685393
"10","CNP0000460_P01N",0,0.8,"specimen_orig_ident","orig.ident",0
"11","CNP0000460_P01N",13,0.8,"specimen_orig_ident","orig.ident",0.0227272727272727
"12","CNP0000460_P01N",4,0.8,"specimen_orig_ident","orig.ident",0.00884955752212389
"13","CNP0000460_P01N",0,0.8,"specimen_orig_ident","orig.ident",0
"14","CNP0000460_P01N",0,0.8,"specimen_orig_ident","orig.ident",0
"15","CNP0000460_P01N",0,0.8,"specimen_orig_ident","orig.ident",0
"16","CNP0000460_P01N",1,0.8,"specimen_orig_ident","orig.ident",0.00636942675159236
"17","CNP0000460_P01N",0,0.8,"specimen_orig_ident","orig.ident",0
"18","CNP0000460_P01N",1,0.8,"specimen_orig_ident","orig.ident",0.00900900900900901
"19","CNP0000460_P01N",1,0.8,"specimen_orig_ident","orig.ident",0.00917431192660551
"0","CNP0000460_P01T",2,0.8,"specimen_orig_ident","orig.ident",0.00107411385606874
"1","CNP0000460_P01T",0,0.8,"specimen_orig_ident","orig.ident",0
"2","CNP0000460_P01T",14,0.8,"specimen_orig_ident","orig.ident",0.00907323395981854
"3","CNP0000460_P01T",0,0.8,"specimen_orig_ident","orig.ident",0
"4","CNP0000460_P01T",11,0.8,"specimen_orig_ident","orig.ident",0.00763888888888889
"5","CNP0000460_P01T",0,0.8,"specimen_orig_ident","orig.ident",0
"6","CNP0000460_P01T",1,0.8,"specimen_orig_ident","orig.ident",0.000847457627118644
"7","CNP0000460_P01T",0,0.8,"specimen_orig_ident","orig.ident",0
"8","CNP0000460_P01T",3,0.8,"specimen_orig_ident","orig.ident",0.00275229357798165
"9","CNP0000460_P01T",1,0.8,"specimen_orig_ident","orig.ident",0.00112359550561798
"10","CNP0000460_P01T",9,0.8,"specimen_orig_ident","orig.ident",0.0106382978723404
"11","CNP0000460_P01T",5,0.8,"specimen_orig_ident","orig.ident",0.00874125874125874
"12","CNP0000460_P01T",0,0.8,"specimen_orig_ident","orig.ident",0
"13","CNP0000460_P01T",0,0.8,"specimen_orig_ident","orig.ident",0
"14","CNP0000460_P01T",1,0.8,"specimen_orig_ident","orig.ident",0.00355871886120996
"15","CNP0000460_P01T",0,0.8,"specimen_orig_ident","orig.ident",0
"16","CNP0000460_P01T",1,0.8,"specimen_orig_ident","orig.ident",0.00636942675159236
"17","CNP0000460_P01T",3,0.8,"specimen_orig_ident","orig.ident",0.0212765957446809
"18","CNP0000460_P01T",0,0.8,"specimen_orig_ident","orig.ident",0
"19","CNP0000460_P01T",2,0.8,"specimen_orig_ident","orig.ident",0.018348623853211
"0","CNP0000460_P02N",0,0.8,"specimen_orig_ident","orig.ident",0
"1","CNP0000460_P02N",0,0.8,"specimen_orig_ident","orig.ident",0
"2","CNP0000460_P02N",0,0.8,"specimen_orig_ident","orig.ident",0
"3","CNP0000460_P02N",0,0.8,"specimen_orig_ident","orig.ident",0
"4","CNP0000460_P02N",1,0.8,"specimen_orig_ident","orig.ident",0.000694444444444444
"5","CNP0000460_P02N",0,0.8,"specimen_orig_ident","orig.ident",0
"6","CNP0000460_P02N",1,0.8,"specimen_orig_ident","orig.ident",0.000847457627118644
"7","CNP0000460_P02N",0,0.8,"specimen_orig_ident","orig.ident",0
"8","CNP0000460_P02N",0,0.8,"specimen_orig_ident","orig.ident",0
"9","CNP0000460_P02N",1,0.8,"specimen_orig_ident","orig.ident",0.00112359550561798
"10","CNP0000460_P02N",0,0.8,"specimen_orig_ident","orig.ident",0
"11","CNP0000460_P02N",0,0.8,"specimen_orig_ident","orig.ident",0
"12","CNP0000460_P02N",0,0.8,"specimen_orig_ident","orig.ident",0
"13","CNP0000460_P02N",0,0.8,"specimen_orig_ident","orig.ident",0
"14","CNP0000460_P02N",0,0.8,"specimen_orig_ident","orig.ident",0
"15","CNP0000460_P02N",0,0.8,"specimen_orig_ident","orig.ident",0
"16","CNP0000460_P02N",0,0.8,"specimen_orig_ident","orig.ident",0
"17","CNP0000460_P02N",0,0.8,"specimen_orig_ident","orig.ident",0
"18","CNP0000460_P02N",0,0.8,"specimen_orig_ident","orig.ident",0
"19","CNP0000460_P02N",0,0.8,"specimen_orig_ident","orig.ident",0
"0","CNP0000460_P02T",0,0.8,"specimen_orig_ident","orig.ident",0
"1","CNP0000460_P02T",0,0.8,"specimen_orig_ident","orig.ident",0
"2","CNP0000460_P02T",1,0.8,"specimen_orig_ident","orig.ident",0.000648088139987038
"3","CNP0000460_P02T",0,0.8,"specimen_orig_ident","orig.ident",0
"4","CNP0000460_P02T",5,0.8,"specimen_orig_ident","orig.ident",0.00347222222222222
"5","CNP0000460_P02T",0,0.8,"specimen_orig_ident","orig.ident",0
"6","CNP0000460_P02T",2,0.8,"specimen_orig_ident","orig.ident",0.00169491525423729
"7","CNP0000460_P02T",0,0.8,"specimen_orig_ident","orig.ident",0
"8","CNP0000460_P02T",2,0.8,"specimen_orig_ident","orig.ident",0.0018348623853211
"9","CNP0000460_P02T",2,0.8,"specimen_orig_ident","orig.ident",0.00224719101123596
"10","CNP0000460_P02T",4,0.8,"specimen_orig_ident","orig.ident",0.00472813238770686
"11","CNP0000460_P02T",4,0.8,"specimen_orig_ident","orig.ident",0.00699300699300699
"12","CNP0000460_P02T",0,0.8,"specimen_orig_ident","orig.ident",0
"13","CNP0000460_P02T",0,0.8,"specimen_orig_ident","orig.ident",0
"14","CNP0000460_P02T",0,0.8,"specimen_orig_ident","orig.ident",0
"15","CNP0000460_P02T",0,0.8,"specimen_orig_ident","orig.ident",0
"16","CNP0000460_P02T",1,0.8,"specimen_orig_ident","orig.ident",0.00636942675159236
"17","CNP0000460_P02T",0,0.8,"specimen_orig_ident","orig.ident",0
"18","CNP0000460_P02T",0,0.8,"specimen_orig_ident","orig.ident",0
"19","CNP0000460_P02T",0,0.8,"specimen_orig_ident","orig.ident",0
"0","CNP0000460_P03N",0,0.8,"specimen_orig_ident","orig.ident",0
"1","CNP0000460_P03N",0,0.8,"specimen_orig_ident","orig.ident",0
"2","CNP0000460_P03N",0,0.8,"specimen_orig_ident","orig.ident",0
"3","CNP0000460_P03N",2,0.8,"specimen_orig_ident","orig.ident",0.00134318334452653
"4","CNP0000460_P03N",1,0.8,"specimen_orig_ident","orig.ident",0.000694444444444444
"5","CNP0000460_P03N",0,0.8,"specimen_orig_ident","orig.ident",0
"6","CNP0000460_P03N",1,0.8,"specimen_orig_ident","orig.ident",0.000847457627118644
"7","CNP0000460_P03N",0,0.8,"specimen_orig_ident","orig.ident",0
"8","CNP0000460_P03N",0,0.8,"specimen_orig_ident","orig.ident",0
"9","CNP0000460_P03N",0,0.8,"specimen_orig_ident","orig.ident",0
"10","CNP0000460_P03N",0,0.8,"specimen_orig_ident","orig.ident",0
"11","CNP0000460_P03N",2,0.8,"specimen_orig_ident","orig.ident",0.0034965034965035
"12","CNP0000460_P03N",11,0.8,"specimen_orig_ident","orig.ident",0.0243362831858407
"13","CNP0000460_P03N",0,0.8,"specimen_orig_ident","orig.ident",0
"14","CNP0000460_P03N",0,0.8,"specimen_orig_ident","orig.ident",0
"15","CNP0000460_P03N",0,0.8,"specimen_orig_ident","orig.ident",0
"16","CNP0000460_P03N",1,0.8,"specimen_orig_ident","orig.ident",0.00636942675159236
"17","CNP0000460_P03N",0,0.8,"specimen_orig_ident","orig.ident",0
"18","CNP0000460_P03N",0,0.8,"specimen_orig_ident","orig.ident",0
"19","CNP0000460_P03N",0,0.8,"specimen_orig_ident","orig.ident",0
"0","CNP0000460_P03T",0,0.8,"specimen_orig_ident","orig.ident",0
"1","CNP0000460_P03T",0,0.8,"specimen_orig_ident","orig.ident",0
"2","CNP0000460_P03T",0,0.8,"specimen_orig_ident","orig.ident",0
"3","CNP0000460_P03T",1,0.8,"specimen_orig_ident","orig.ident",0.000671591672263264
"4","CNP0000460_P03T",0,0.8,"specimen_orig_ident","orig.ident",0
"5","CNP0000460_P03T",0,0.8,"specimen_orig_ident","orig.ident",0
"6","CNP0000460_P03T",1,0.8,"specimen_orig_ident","orig.ident",0.000847457627118644
"7","CNP0000460_P03T",0,0.8,"specimen_orig_ident","orig.ident",0
"8","CNP0000460_P03T",1,0.8,"specimen_orig_ident","orig.ident",0.000917431192660551
"9","CNP0000460_P03T",0,0.8,"specimen_orig_ident","orig.ident",0
"10","CNP0000460_P03T",0,0.8,"specimen_orig_ident","orig.ident",0
"11","CNP0000460_P03T",2,0.8,"specimen_orig_ident","orig.ident",0.0034965034965035
"12","CNP0000460_P03T",10,0.8,"specimen_orig_ident","orig.ident",0.0221238938053097
"13","CNP0000460_P03T",0,0.8,"specimen_orig_ident","orig.ident",0
"14","CNP0000460_P03T",0,0.8,"specimen_orig_ident","orig.ident",0
"15","CNP0000460_P03T",0,0.8,"specimen_orig_ident","orig.ident",0
"16","CNP0000460_P03T",0,0.8,"specimen_orig_ident","orig.ident",0
"17","CNP0000460_P03T",0,0.8,"specimen_orig_ident","orig.ident",0
"18","CNP0000460_P03T",1,0.8,"specimen_orig_ident","orig.ident",0.00900900900900901
"19","CNP0000460_P03T",0,0.8,"specimen_orig_ident","orig.ident",0
"0","CNP0000460_P04T",1,0.8,"specimen_orig_ident","orig.ident",0.000537056928034372
"1","CNP0000460_P04T",0,0.8,"specimen_orig_ident","orig.ident",0
"2","CNP0000460_P04T",11,0.8,"specimen_orig_ident","orig.ident",0.00712896953985742
"3","CNP0000460_P04T",0,0.8,"specimen_orig_ident","orig.ident",0
"4","CNP0000460_P04T",10,0.8,"specimen_orig_ident","orig.ident",0.00694444444444444
"5","CNP0000460_P04T",0,0.8,"specimen_orig_ident","orig.ident",0
"6","CNP0000460_P04T",3,0.8,"specimen_orig_ident","orig.ident",0.00254237288135593
"7","CNP0000460_P04T",0,0.8,"specimen_orig_ident","orig.ident",0
"8","CNP0000460_P04T",6,0.8,"specimen_orig_ident","orig.ident",0.0055045871559633
"9","CNP0000460_P04T",3,0.8,"specimen_orig_ident","orig.ident",0.00337078651685393
"10","CNP0000460_P04T",17,0.8,"specimen_orig_ident","orig.ident",0.0200945626477541
"11","CNP0000460_P04T",37,0.8,"specimen_orig_ident","orig.ident",0.0646853146853147
"12","CNP0000460_P04T",0,0.8,"specimen_orig_ident","orig.ident",0
"13","CNP0000460_P04T",0,0.8,"specimen_orig_ident","orig.ident",0
"14","CNP0000460_P04T",1,0.8,"specimen_orig_ident","orig.ident",0.00355871886120996
"15","CNP0000460_P04T",1,0.8,"specimen_orig_ident","orig.ident",0.00442477876106195
"16","CNP0000460_P04T",1,0.8,"specimen_orig_ident","orig.ident",0.00636942675159236
"17","CNP0000460_P04T",3,0.8,"specimen_orig_ident","orig.ident",0.0212765957446809
"18","CNP0000460_P04T",0,0.8,"specimen_orig_ident","orig.ident",0
"19","CNP0000460_P04T",1,0.8,"specimen_orig_ident","orig.ident",0.00917431192660551
"0","CNP0000460_P05N",0,0.8,"specimen_orig_ident","orig.ident",0
"1","CNP0000460_P05N",1,0.8,"specimen_orig_ident","orig.ident",0.000544662309368192
"2","CNP0000460_P05N",0,0.8,"specimen_orig_ident","orig.ident",0
"3","CNP0000460_P05N",1,0.8,"specimen_orig_ident","orig.ident",0.000671591672263264
"4","CNP0000460_P05N",0,0.8,"specimen_orig_ident","orig.ident",0
"5","CNP0000460_P05N",0,0.8,"specimen_orig_ident","orig.ident",0
"6","CNP0000460_P05N",0,0.8,"specimen_orig_ident","orig.ident",0
"7","CNP0000460_P05N",0,0.8,"specimen_orig_ident","orig.ident",0
"8","CNP0000460_P05N",0,0.8,"specimen_orig_ident","orig.ident",0
"9","CNP0000460_P05N",0,0.8,"specimen_orig_ident","orig.ident",0
"10","CNP0000460_P05N",0,0.8,"specimen_orig_ident","orig.ident",0
"11","CNP0000460_P05N",0,0.8,"specimen_orig_ident","orig.ident",0
"12","CNP0000460_P05N",1,0.8,"specimen_orig_ident","orig.ident",0.00221238938053097
"13","CNP0000460_P05N",0,0.8,"specimen_orig_ident","orig.ident",0
"14","CNP0000460_P05N",0,0.8,"specimen_orig_ident","orig.ident",0
"15","CNP0000460_P05N",0,0.8,"specimen_orig_ident","orig.ident",0
"16","CNP0000460_P05N",0,0.8,"specimen_orig_ident","orig.ident",0
"17","CNP0000460_P05N",0,0.8,"specimen_orig_ident","orig.ident",0
"18","CNP0000460_P05N",0,0.8,"specimen_orig_ident","orig.ident",0
"19","CNP0000460_P05N",0,0.8,"specimen_orig_ident","orig.ident",0
"0","CNP0000460_P05T",0,0.8,"specimen_orig_ident","orig.ident",0
"1","CNP0000460_P05T",0,0.8,"specimen_orig_ident","orig.ident",0
"2","CNP0000460_P05T",27,0.8,"specimen_orig_ident","orig.ident",0.01749837977965
"3","CNP0000460_P05T",1,0.8,"specimen_orig_ident","orig.ident",0.000671591672263264
"4","CNP0000460_P05T",31,0.8,"specimen_orig_ident","orig.ident",0.0215277777777778
"5","CNP0000460_P05T",0,0.8,"specimen_orig_ident","orig.ident",0
"6","CNP0000460_P05T",3,0.8,"specimen_orig_ident","orig.ident",0.00254237288135593
"7","CNP0000460_P05T",4,0.8,"specimen_orig_ident","orig.ident",0.00348128807658834
"8","CNP0000460_P05T",6,0.8,"specimen_orig_ident","orig.ident",0.0055045871559633
"9","CNP0000460_P05T",2,0.8,"specimen_orig_ident","orig.ident",0.00224719101123596
"10","CNP0000460_P05T",25,0.8,"specimen_orig_ident","orig.ident",0.0295508274231678
"11","CNP0000460_P05T",23,0.8,"specimen_orig_ident","orig.ident",0.0402097902097902
"12","CNP0000460_P05T",0,0.8,"specimen_orig_ident","orig.ident",0
"13","CNP0000460_P05T",0,0.8,"specimen_orig_ident","orig.ident",0
"14","CNP0000460_P05T",1,0.8,"specimen_orig_ident","orig.ident",0.00355871886120996
"15","CNP0000460_P05T",0,0.8,"specimen_orig_ident","orig.ident",0
"16","CNP0000460_P05T",2,0.8,"specimen_orig_ident","orig.ident",0.0127388535031847
"17","CNP0000460_P05T",1,0.8,"specimen_orig_ident","orig.ident",0.00709219858156028
"18","CNP0000460_P05T",1,0.8,"specimen_orig_ident","orig.ident",0.00900900900900901
"19","CNP0000460_P05T",2,0.8,"specimen_orig_ident","orig.ident",0.018348623853211
"0","CNP0000460_P06T",1,0.8,"specimen_orig_ident","orig.ident",0.000537056928034372
"1","CNP0000460_P06T",1,0.8,"specimen_orig_ident","orig.ident",0.000544662309368192
"2","CNP0000460_P06T",22,0.8,"specimen_orig_ident","orig.ident",0.0142579390797148
"3","CNP0000460_P06T",3,0.8,"specimen_orig_ident","orig.ident",0.00201477501678979
"4","CNP0000460_P06T",31,0.8,"specimen_orig_ident","orig.ident",0.0215277777777778
"5","CNP0000460_P06T",0,0.8,"specimen_orig_ident","orig.ident",0
"6","CNP0000460_P06T",10,0.8,"specimen_orig_ident","orig.ident",0.00847457627118644
"7","CNP0000460_P06T",2,0.8,"specimen_orig_ident","orig.ident",0.00174064403829417
"8","CNP0000460_P06T",11,0.8,"specimen_orig_ident","orig.ident",0.0100917431192661
"9","CNP0000460_P06T",22,0.8,"specimen_orig_ident","orig.ident",0.0247191011235955
"10","CNP0000460_P06T",15,0.8,"specimen_orig_ident","orig.ident",0.0177304964539007
"11","CNP0000460_P06T",25,0.8,"specimen_orig_ident","orig.ident",0.0437062937062937
"12","CNP0000460_P06T",0,0.8,"specimen_orig_ident","orig.ident",0
"13","CNP0000460_P06T",0,0.8,"specimen_orig_ident","orig.ident",0
"14","CNP0000460_P06T",1,0.8,"specimen_orig_ident","orig.ident",0.00355871886120996
"15","CNP0000460_P06T",2,0.8,"specimen_orig_ident","orig.ident",0.00884955752212389
"16","CNP0000460_P06T",2,0.8,"specimen_orig_ident","orig.ident",0.0127388535031847
"17","CNP0000460_P06T",2,0.8,"specimen_orig_ident","orig.ident",0.0141843971631206
"18","CNP0000460_P06T",0,0.8,"specimen_orig_ident","orig.ident",0
"19","CNP0000460_P06T",2,0.8,"specimen_orig_ident","orig.ident",0.018348623853211
"0","CNP0000460_P07N",0,0.8,"specimen_orig_ident","orig.ident",0
"1","CNP0000460_P07N",2,0.8,"specimen_orig_ident","orig.ident",0.00108932461873638
"2","CNP0000460_P07N",0,0.8,"specimen_orig_ident","orig.ident",0
"3","CNP0000460_P07N",0,0.8,"specimen_orig_ident","orig.ident",0
"4","CNP0000460_P07N",1,0.8,"specimen_orig_ident","orig.ident",0.000694444444444444
"5","CNP0000460_P07N",0,0.8,"specimen_orig_ident","orig.ident",0
"6","CNP0000460_P07N",0,0.8,"specimen_orig_ident","orig.ident",0
"7","CNP0000460_P07N",0,0.8,"specimen_orig_ident","orig.ident",0
"8","CNP0000460_P07N",0,0.8,"specimen_orig_ident","orig.ident",0
"9","CNP0000460_P07N",0,0.8,"specimen_orig_ident","orig.ident",0
"10","CNP0000460_P07N",0,0.8,"specimen_orig_ident","orig.ident",0
"11","CNP0000460_P07N",1,0.8,"specimen_orig_ident","orig.ident",0.00174825174825175
"12","CNP0000460_P07N",17,0.8,"specimen_orig_ident","orig.ident",0.0376106194690266
"13","CNP0000460_P07N",0,0.8,"specimen_orig_ident","orig.ident",0
"14","CNP0000460_P07N",1,0.8,"specimen_orig_ident","orig.ident",0.00355871886120996
"15","CNP0000460_P07N",0,0.8,"specimen_orig_ident","orig.ident",0
"16","CNP0000460_P07N",0,0.8,"specimen_orig_ident","orig.ident",0
"17","CNP0000460_P07N",0,0.8,"specimen_orig_ident","orig.ident",0
"18","CNP0000460_P07N",0,0.8,"specimen_orig_ident","orig.ident",0
"19","CNP0000460_P07N",1,0.8,"specimen_orig_ident","orig.ident",0.00917431192660551
"0","CNP0000460_P07T",7,0.8,"specimen_orig_ident","orig.ident",0.0037593984962406
"1","CNP0000460_P07T",0,0.8,"specimen_orig_ident","orig.ident",0
"2","CNP0000460_P07T",30,0.8,"specimen_orig_ident","orig.ident",0.0194426441996111
"3","CNP0000460_P07T",3,0.8,"specimen_orig_ident","orig.ident",0.00201477501678979
"4","CNP0000460_P07T",69,0.8,"specimen_orig_ident","orig.ident",0.0479166666666667
"5","CNP0000460_P07T",0,0.8,"specimen_orig_ident","orig.ident",0
"6","CNP0000460_P07T",43,0.8,"specimen_orig_ident","orig.ident",0.0364406779661017
"7","CNP0000460_P07T",10,0.8,"specimen_orig_ident","orig.ident",0.00870322019147084
"8","CNP0000460_P07T",9,0.8,"specimen_orig_ident","orig.ident",0.00825688073394495
"9","CNP0000460_P07T",7,0.8,"specimen_orig_ident","orig.ident",0.00786516853932584
"10","CNP0000460_P07T",19,0.8,"specimen_orig_ident","orig.ident",0.0224586288416076
"11","CNP0000460_P07T",25,0.8,"specimen_orig_ident","orig.ident",0.0437062937062937
"12","CNP0000460_P07T",0,0.8,"specimen_orig_ident","orig.ident",0
"13","CNP0000460_P07T",0,0.8,"specimen_orig_ident","orig.ident",0
"14","CNP0000460_P07T",1,0.8,"specimen_orig_ident","orig.ident",0.00355871886120996
"15","CNP0000460_P07T",6,0.8,"specimen_orig_ident","orig.ident",0.0265486725663717
"16","CNP0000460_P07T",4,0.8,"specimen_orig_ident","orig.ident",0.0254777070063694
"17","CNP0000460_P07T",3,0.8,"specimen_orig_ident","orig.ident",0.0212765957446809
"18","CNP0000460_P07T",2,0.8,"specimen_orig_ident","orig.ident",0.018018018018018
"19","CNP0000460_P07T",6,0.8,"specimen_orig_ident","orig.ident",0.055045871559633
"0","GSE326225_BC1",0,0.8,"specimen_orig_ident","orig.ident",0
"1","GSE326225_BC1",0,0.8,"specimen_orig_ident","orig.ident",0
"2","GSE326225_BC1",1,0.8,"specimen_orig_ident","orig.ident",0.000648088139987038
"3","GSE326225_BC1",0,0.8,"specimen_orig_ident","orig.ident",0
"4","GSE326225_BC1",5,0.8,"specimen_orig_ident","orig.ident",0.00347222222222222
"5","GSE326225_BC1",0,0.8,"specimen_orig_ident","orig.ident",0
"6","GSE326225_BC1",1,0.8,"specimen_orig_ident","orig.ident",0.000847457627118644
"7","GSE326225_BC1",0,0.8,"specimen_orig_ident","orig.ident",0
"8","GSE326225_BC1",0,0.8,"specimen_orig_ident","orig.ident",0
"9","GSE326225_BC1",6,0.8,"specimen_orig_ident","orig.ident",0.00674157303370787
"10","GSE326225_BC1",0,0.8,"specimen_orig_ident","orig.ident",0
"11","GSE326225_BC1",4,0.8,"specimen_orig_ident","orig.ident",0.00699300699300699
"12","GSE326225_BC1",0,0.8,"specimen_orig_ident","orig.ident",0
"13","GSE326225_BC1",0,0.8,"specimen_orig_ident","orig.ident",0
"14","GSE326225_BC1",14,0.8,"specimen_orig_ident","orig.ident",0.0498220640569395
"15","GSE326225_BC1",1,0.8,"specimen_orig_ident","orig.ident",0.00442477876106195
"16","GSE326225_BC1",0,0.8,"specimen_orig_ident","orig.ident",0
"17","GSE326225_BC1",0,0.8,"specimen_orig_ident","orig.ident",0
"18","GSE326225_BC1",0,0.8,"specimen_orig_ident","orig.ident",0
"19","GSE326225_BC1",1,0.8,"specimen_orig_ident","orig.ident",0.00917431192660551
"0","GSE326225_BC2",0,0.8,"specimen_orig_ident","orig.ident",0
"1","GSE326225_BC2",0,0.8,"specimen_orig_ident","orig.ident",0
"2","GSE326225_BC2",1,0.8,"specimen_orig_ident","orig.ident",0.000648088139987038
"3","GSE326225_BC2",0,0.8,"specimen_orig_ident","orig.ident",0
"4","GSE326225_BC2",4,0.8,"specimen_orig_ident","orig.ident",0.00277777777777778
"5","GSE326225_BC2",0,0.8,"specimen_orig_ident","orig.ident",0
"6","GSE326225_BC2",0,0.8,"specimen_orig_ident","orig.ident",0
"7","GSE326225_BC2",0,0.8,"specimen_orig_ident","orig.ident",0
"8","GSE326225_BC2",0,0.8,"specimen_orig_ident","orig.ident",0
"9","GSE326225_BC2",0,0.8,"specimen_orig_ident","orig.ident",0
"10","GSE326225_BC2",3,0.8,"specimen_orig_ident","orig.ident",0.00354609929078014
"11","GSE326225_BC2",3,0.8,"specimen_orig_ident","orig.ident",0.00524475524475524
"12","GSE326225_BC2",0,0.8,"specimen_orig_ident","orig.ident",0
"13","GSE326225_BC2",0,0.8,"specimen_orig_ident","orig.ident",0
"14","GSE326225_BC2",0,0.8,"specimen_orig_ident","orig.ident",0
"15","GSE326225_BC2",0,0.8,"specimen_orig_ident","orig.ident",0
"16","GSE326225_BC2",0,0.8,"specimen_orig_ident","orig.ident",0
"17","GSE326225_BC2",0,0.8,"specimen_orig_ident","orig.ident",0
"18","GSE326225_BC2",0,0.8,"specimen_orig_ident","orig.ident",0
"19","GSE326225_BC2",0,0.8,"specimen_orig_ident","orig.ident",0
"0","GSE326225_BC3",0,0.8,"specimen_orig_ident","orig.ident",0
"1","GSE326225_BC3",0,0.8,"specimen_orig_ident","orig.ident",0
"2","GSE326225_BC3",3,0.8,"specimen_orig_ident","orig.ident",0.00194426441996111
"3","GSE326225_BC3",0,0.8,"specimen_orig_ident","orig.ident",0
"4","GSE326225_BC3",3,0.8,"specimen_orig_ident","orig.ident",0.00208333333333333
"5","GSE326225_BC3",0,0.8,"specimen_orig_ident","orig.ident",0
"6","GSE326225_BC3",1,0.8,"specimen_orig_ident","orig.ident",0.000847457627118644
"7","GSE326225_BC3",0,0.8,"specimen_orig_ident","orig.ident",0
"8","GSE326225_BC3",1,0.8,"specimen_orig_ident","orig.ident",0.000917431192660551
"9","GSE326225_BC3",0,0.8,"specimen_orig_ident","orig.ident",0
"10","GSE326225_BC3",4,0.8,"specimen_orig_ident","orig.ident",0.00472813238770686
"11","GSE326225_BC3",1,0.8,"specimen_orig_ident","orig.ident",0.00174825174825175
"12","GSE326225_BC3",0,0.8,"specimen_orig_ident","orig.ident",0
"13","GSE326225_BC3",0,0.8,"specimen_orig_ident","orig.ident",0
"14","GSE326225_BC3",1,0.8,"specimen_orig_ident","orig.ident",0.00355871886120996
"15","GSE326225_BC3",3,0.8,"specimen_orig_ident","orig.ident",0.0132743362831858
"16","GSE326225_BC3",0,0.8,"specimen_orig_ident","orig.ident",0
"17","GSE326225_BC3",0,0.8,"specimen_orig_ident","orig.ident",0
"18","GSE326225_BC3",0,0.8,"specimen_orig_ident","orig.ident",0
"19","GSE326225_BC3",0,0.8,"specimen_orig_ident","orig.ident",0
"0","GSE326225_BC4",0,0.8,"specimen_orig_ident","orig.ident",0
"1","GSE326225_BC4",0,0.8,"specimen_orig_ident","orig.ident",0
"2","GSE326225_BC4",1,0.8,"specimen_orig_ident","orig.ident",0.000648088139987038
"3","GSE326225_BC4",0,0.8,"specimen_orig_ident","orig.ident",0
"4","GSE326225_BC4",1,0.8,"specimen_orig_ident","orig.ident",0.000694444444444444
"5","GSE326225_BC4",0,0.8,"specimen_orig_ident","orig.ident",0
"6","GSE326225_BC4",0,0.8,"specimen_orig_ident","orig.ident",0
"7","GSE326225_BC4",0,0.8,"specimen_orig_ident","orig.ident",0
"8","GSE326225_BC4",0,0.8,"specimen_orig_ident","orig.ident",0
"9","GSE326225_BC4",4,0.8,"specimen_orig_ident","orig.ident",0.00449438202247191
"10","GSE326225_BC4",0,0.8,"specimen_orig_ident","orig.ident",0
"11","GSE326225_BC4",0,0.8,"specimen_orig_ident","orig.ident",0
"12","GSE326225_BC4",0,0.8,"specimen_orig_ident","orig.ident",0
"13","GSE326225_BC4",0,0.8,"specimen_orig_ident","orig.ident",0
"14","GSE326225_BC4",0,0.8,"specimen_orig_ident","orig.ident",0
"15","GSE326225_BC4",3,0.8,"specimen_orig_ident","orig.ident",0.0132743362831858
"16","GSE326225_BC4",0,0.8,"specimen_orig_ident","orig.ident",0
"17","GSE326225_BC4",1,0.8,"specimen_orig_ident","orig.ident",0.00709219858156028
"18","GSE326225_BC4",0,0.8,"specimen_orig_ident","orig.ident",0
"19","GSE326225_BC4",0,0.8,"specimen_orig_ident","orig.ident",0
"0","GSE326225_BC5",0,0.8,"specimen_orig_ident","orig.ident",0
"1","GSE326225_BC5",0,0.8,"specimen_orig_ident","orig.ident",0
"2","GSE326225_BC5",0,0.8,"specimen_orig_ident","orig.ident",0
"3","GSE326225_BC5",0,0.8,"specimen_orig_ident","orig.ident",0
"4","GSE326225_BC5",0,0.8,"specimen_orig_ident","orig.ident",0
"5","GSE326225_BC5",0,0.8,"specimen_orig_ident","orig.ident",0
"6","GSE326225_BC5",0,0.8,"specimen_orig_ident","orig.ident",0
"7","GSE326225_BC5",0,0.8,"specimen_orig_ident","orig.ident",0
"8","GSE326225_BC5",0,0.8,"specimen_orig_ident","orig.ident",0
"9","GSE326225_BC5",0,0.8,"specimen_orig_ident","orig.ident",0
"10","GSE326225_BC5",0,0.8,"specimen_orig_ident","orig.ident",0
"11","GSE326225_BC5",0,0.8,"specimen_orig_ident","orig.ident",0
"12","GSE326225_BC5",0,0.8,"specimen_orig_ident","orig.ident",0
"13","GSE326225_BC5",0,0.8,"specimen_orig_ident","orig.ident",0
"14","GSE326225_BC5",1,0.8,"specimen_orig_ident","orig.ident",0.00355871886120996
"15","GSE326225_BC5",0,0.8,"specimen_orig_ident","orig.ident",0
"16","GSE326225_BC5",0,0.8,"specimen_orig_ident","orig.ident",0
"17","GSE326225_BC5",0,0.8,"specimen_orig_ident","orig.ident",0
"18","GSE326225_BC5",0,0.8,"specimen_orig_ident","orig.ident",0
"19","GSE326225_BC5",0,0.8,"specimen_orig_ident","orig.ident",0
"0","GSE326225_BC6",0,0.8,"specimen_orig_ident","orig.ident",0
"1","GSE326225_BC6",0,0.8,"specimen_orig_ident","orig.ident",0
"2","GSE326225_BC6",25,0.8,"specimen_orig_ident","orig.ident",0.016202203499676
"3","GSE326225_BC6",0,0.8,"specimen_orig_ident","orig.ident",0
"4","GSE326225_BC6",27,0.8,"specimen_orig_ident","orig.ident",0.01875
"5","GSE326225_BC6",7,0.8,"specimen_orig_ident","orig.ident",0.00568643379366369
"6","GSE326225_BC6",15,0.8,"specimen_orig_ident","orig.ident",0.0127118644067797
"7","GSE326225_BC6",3,0.8,"specimen_orig_ident","orig.ident",0.00261096605744125
"8","GSE326225_BC6",22,0.8,"specimen_orig_ident","orig.ident",0.0201834862385321
"9","GSE326225_BC6",8,0.8,"specimen_orig_ident","orig.ident",0.00898876404494382
"10","GSE326225_BC6",16,0.8,"specimen_orig_ident","orig.ident",0.0189125295508274
"11","GSE326225_BC6",2,0.8,"specimen_orig_ident","orig.ident",0.0034965034965035
"12","GSE326225_BC6",0,0.8,"specimen_orig_ident","orig.ident",0
"13","GSE326225_BC6",4,0.8,"specimen_orig_ident","orig.ident",0.00921658986175115
"14","GSE326225_BC6",1,0.8,"specimen_orig_ident","orig.ident",0.00355871886120996
"15","GSE326225_BC6",3,0.8,"specimen_orig_ident","orig.ident",0.0132743362831858
"16","GSE326225_BC6",1,0.8,"specimen_orig_ident","orig.ident",0.00636942675159236
"17","GSE326225_BC6",2,0.8,"specimen_orig_ident","orig.ident",0.0141843971631206
"18","GSE326225_BC6",0,0.8,"specimen_orig_ident","orig.ident",0
"19","GSE326225_BC6",7,0.8,"specimen_orig_ident","orig.ident",0.0642201834862385
"0","GSE326225_BC7",1,0.8,"specimen_orig_ident","orig.ident",0.000537056928034372
"1","GSE326225_BC7",7,0.8,"specimen_orig_ident","orig.ident",0.00381263616557734
"2","GSE326225_BC7",22,0.8,"specimen_orig_ident","orig.ident",0.0142579390797148
"3","GSE326225_BC7",7,0.8,"specimen_orig_ident","orig.ident",0.00470114170584285
"4","GSE326225_BC7",35,0.8,"specimen_orig_ident","orig.ident",0.0243055555555556
"5","GSE326225_BC7",3,0.8,"specimen_orig_ident","orig.ident",0.00243704305442729
"6","GSE326225_BC7",40,0.8,"specimen_orig_ident","orig.ident",0.0338983050847458
"7","GSE326225_BC7",5,0.8,"specimen_orig_ident","orig.ident",0.00435161009573542
"8","GSE326225_BC7",19,0.8,"specimen_orig_ident","orig.ident",0.0174311926605505
"9","GSE326225_BC7",5,0.8,"specimen_orig_ident","orig.ident",0.00561797752808989
"10","GSE326225_BC7",10,0.8,"specimen_orig_ident","orig.ident",0.0118203309692671
"11","GSE326225_BC7",0,0.8,"specimen_orig_ident","orig.ident",0
"12","GSE326225_BC7",0,0.8,"specimen_orig_ident","orig.ident",0
"13","GSE326225_BC7",5,0.8,"specimen_orig_ident","orig.ident",0.0115207373271889
"14","GSE326225_BC7",0,0.8,"specimen_orig_ident","orig.ident",0
"15","GSE326225_BC7",0,0.8,"specimen_orig_ident","orig.ident",0
"16","GSE326225_BC7",6,0.8,"specimen_orig_ident","orig.ident",0.0382165605095541
"17","GSE326225_BC7",0,0.8,"specimen_orig_ident","orig.ident",0
"18","GSE326225_BC7",0,0.8,"specimen_orig_ident","orig.ident",0
"19","GSE326225_BC7",1,0.8,"specimen_orig_ident","orig.ident",0.00917431192660551
"0","GSE326225_BC8",0,0.8,"specimen_orig_ident","orig.ident",0
"1","GSE326225_BC8",0,0.8,"specimen_orig_ident","orig.ident",0
"2","GSE326225_BC8",1,0.8,"specimen_orig_ident","orig.ident",0.000648088139987038
"3","GSE326225_BC8",0,0.8,"specimen_orig_ident","orig.ident",0
"4","GSE326225_BC8",2,0.8,"specimen_orig_ident","orig.ident",0.00138888888888889
"5","GSE326225_BC8",0,0.8,"specimen_orig_ident","orig.ident",0
"6","GSE326225_BC8",0,0.8,"specimen_orig_ident","orig.ident",0
"7","GSE326225_BC8",0,0.8,"specimen_orig_ident","orig.ident",0
"8","GSE326225_BC8",0,0.8,"specimen_orig_ident","orig.ident",0
"9","GSE326225_BC8",0,0.8,"specimen_orig_ident","orig.ident",0
"10","GSE326225_BC8",1,0.8,"specimen_orig_ident","orig.ident",0.00118203309692671
"11","GSE326225_BC8",0,0.8,"specimen_orig_ident","orig.ident",0
"12","GSE326225_BC8",0,0.8,"specimen_orig_ident","orig.ident",0
"13","GSE326225_BC8",0,0.8,"specimen_orig_ident","orig.ident",0
"14","GSE326225_BC8",0,0.8,"specimen_orig_ident","orig.ident",0
"15","GSE326225_BC8",0,0.8,"specimen_orig_ident","orig.ident",0
"16","GSE326225_BC8",0,0.8,"specimen_orig_ident","orig.ident",0
"17","GSE326225_BC8",0,0.8,"specimen_orig_ident","orig.ident",0
"18","GSE326225_BC8",0,0.8,"specimen_orig_ident","orig.ident",0
"19","GSE326225_BC8",0,0.8,"specimen_orig_ident","orig.ident",0
"0","HRA003620_BC-01",0,0.8,"specimen_orig_ident","orig.ident",0
"1","HRA003620_BC-01",0,0.8,"specimen_orig_ident","orig.ident",0
"2","HRA003620_BC-01",0,0.8,"specimen_orig_ident","orig.ident",0
"3","HRA003620_BC-01",0,0.8,"specimen_orig_ident","orig.ident",0
"4","HRA003620_BC-01",0,0.8,"specimen_orig_ident","orig.ident",0
"5","HRA003620_BC-01",0,0.8,"specimen_orig_ident","orig.ident",0
"6","HRA003620_BC-01",0,0.8,"specimen_orig_ident","orig.ident",0
"7","HRA003620_BC-01",0,0.8,"specimen_orig_ident","orig.ident",0
"8","HRA003620_BC-01",0,0.8,"specimen_orig_ident","orig.ident",0
"9","HRA003620_BC-01",0,0.8,"specimen_orig_ident","orig.ident",0
"10","HRA003620_BC-01",0,0.8,"specimen_orig_ident","orig.ident",0
"11","HRA003620_BC-01",0,0.8,"specimen_orig_ident","orig.ident",0
"12","HRA003620_BC-01",5,0.8,"specimen_orig_ident","orig.ident",0.0110619469026549
"13","HRA003620_BC-01",0,0.8,"specimen_orig_ident","orig.ident",0
"14","HRA003620_BC-01",0,0.8,"specimen_orig_ident","orig.ident",0
"15","HRA003620_BC-01",0,0.8,"specimen_orig_ident","orig.ident",0
"16","HRA003620_BC-01",0,0.8,"specimen_orig_ident","orig.ident",0
"17","HRA003620_BC-01",0,0.8,"specimen_orig_ident","orig.ident",0
"18","HRA003620_BC-01",0,0.8,"specimen_orig_ident","orig.ident",0
"19","HRA003620_BC-01",0,0.8,"specimen_orig_ident","orig.ident",0
"0","HRA003620_BC-04",3,0.8,"specimen_orig_ident","orig.ident",0.00161117078410311
"1","HRA003620_BC-04",5,0.8,"specimen_orig_ident","orig.ident",0.00272331154684096
"2","HRA003620_BC-04",2,0.8,"specimen_orig_ident","orig.ident",0.00129617627997408
"3","HRA003620_BC-04",5,0.8,"specimen_orig_ident","orig.ident",0.00335795836131632
"4","HRA003620_BC-04",1,0.8,"specimen_orig_ident","orig.ident",0.000694444444444444
"5","HRA003620_BC-04",0,0.8,"specimen_orig_ident","orig.ident",0
"6","HRA003620_BC-04",3,0.8,"specimen_orig_ident","orig.ident",0.00254237288135593
"7","HRA003620_BC-04",0,0.8,"specimen_orig_ident","orig.ident",0
"8","HRA003620_BC-04",9,0.8,"specimen_orig_ident","orig.ident",0.00825688073394495
"9","HRA003620_BC-04",0,0.8,"specimen_orig_ident","orig.ident",0
"10","HRA003620_BC-04",3,0.8,"specimen_orig_ident","orig.ident",0.00354609929078014
"11","HRA003620_BC-04",1,0.8,"specimen_orig_ident","orig.ident",0.00174825174825175
"12","HRA003620_BC-04",3,0.8,"specimen_orig_ident","orig.ident",0.00663716814159292
"13","HRA003620_BC-04",0,0.8,"specimen_orig_ident","orig.ident",0
"14","HRA003620_BC-04",0,0.8,"specimen_orig_ident","orig.ident",0
"15","HRA003620_BC-04",1,0.8,"specimen_orig_ident","orig.ident",0.00442477876106195
"16","HRA003620_BC-04",0,0.8,"specimen_orig_ident","orig.ident",0
"17","HRA003620_BC-04",0,0.8,"specimen_orig_ident","orig.ident",0
"18","HRA003620_BC-04",0,0.8,"specimen_orig_ident","orig.ident",0
"19","HRA003620_BC-04",0,0.8,"specimen_orig_ident","orig.ident",0
"0","HRA003620_BC-05",0,0.8,"specimen_orig_ident","orig.ident",0
"1","HRA003620_BC-05",0,0.8,"specimen_orig_ident","orig.ident",0
"2","HRA003620_BC-05",0,0.8,"specimen_orig_ident","orig.ident",0
"3","HRA003620_BC-05",1,0.8,"specimen_orig_ident","orig.ident",0.000671591672263264
"4","HRA003620_BC-05",0,0.8,"specimen_orig_ident","orig.ident",0
"5","HRA003620_BC-05",0,0.8,"specimen_orig_ident","orig.ident",0
"6","HRA003620_BC-05",1,0.8,"specimen_orig_ident","orig.ident",0.000847457627118644
"7","HRA003620_BC-05",0,0.8,"specimen_orig_ident","orig.ident",0
"8","HRA003620_BC-05",0,0.8,"specimen_orig_ident","orig.ident",0
"9","HRA003620_BC-05",1,0.8,"specimen_orig_ident","orig.ident",0.00112359550561798
"10","HRA003620_BC-05",0,0.8,"specimen_orig_ident","orig.ident",0
"11","HRA003620_BC-05",0,0.8,"specimen_orig_ident","orig.ident",0
"12","HRA003620_BC-05",0,0.8,"specimen_orig_ident","orig.ident",0
"13","HRA003620_BC-05",0,0.8,"specimen_orig_ident","orig.ident",0
"14","HRA003620_BC-05",0,0.8,"specimen_orig_ident","orig.ident",0
"15","HRA003620_BC-05",0,0.8,"specimen_orig_ident","orig.ident",0
"16","HRA003620_BC-05",0,0.8,"specimen_orig_ident","orig.ident",0
"17","HRA003620_BC-05",0,0.8,"specimen_orig_ident","orig.ident",0
"18","HRA003620_BC-05",0,0.8,"specimen_orig_ident","orig.ident",0
"19","HRA003620_BC-05",0,0.8,"specimen_orig_ident","orig.ident",0
"0","HRA003620_BC-11",0,0.8,"specimen_orig_ident","orig.ident",0
"1","HRA003620_BC-11",0,0.8,"specimen_orig_ident","orig.ident",0
"2","HRA003620_BC-11",1,0.8,"specimen_orig_ident","orig.ident",0.000648088139987038
"3","HRA003620_BC-11",2,0.8,"specimen_orig_ident","orig.ident",0.00134318334452653
"4","HRA003620_BC-11",0,0.8,"specimen_orig_ident","orig.ident",0
"5","HRA003620_BC-11",0,0.8,"specimen_orig_ident","orig.ident",0
"6","HRA003620_BC-11",0,0.8,"specimen_orig_ident","orig.ident",0
"7","HRA003620_BC-11",0,0.8,"specimen_orig_ident","orig.ident",0
"8","HRA003620_BC-11",0,0.8,"specimen_orig_ident","orig.ident",0
"9","HRA003620_BC-11",0,0.8,"specimen_orig_ident","orig.ident",0
"10","HRA003620_BC-11",1,0.8,"specimen_orig_ident","orig.ident",0.00118203309692671
"11","HRA003620_BC-11",0,0.8,"specimen_orig_ident","orig.ident",0
"12","HRA003620_BC-11",0,0.8,"specimen_orig_ident","orig.ident",0
"13","HRA003620_BC-11",0,0.8,"specimen_orig_ident","orig.ident",0
"14","HRA003620_BC-11",0,0.8,"specimen_orig_ident","orig.ident",0
"15","HRA003620_BC-11",0,0.8,"specimen_orig_ident","orig.ident",0
"16","HRA003620_BC-11",0,0.8,"specimen_orig_ident","orig.ident",0
"17","HRA003620_BC-11",0,0.8,"specimen_orig_ident","orig.ident",0
"18","HRA003620_BC-11",0,0.8,"specimen_orig_ident","orig.ident",0
"19","HRA003620_BC-11",0,0.8,"specimen_orig_ident","orig.ident",0
"0","HRA003620_BC-24",0,0.8,"specimen_orig_ident","orig.ident",0
"1","HRA003620_BC-24",0,0.8,"specimen_orig_ident","orig.ident",0
"2","HRA003620_BC-24",0,0.8,"specimen_orig_ident","orig.ident",0
"3","HRA003620_BC-24",2,0.8,"specimen_orig_ident","orig.ident",0.00134318334452653
"4","HRA003620_BC-24",0,0.8,"specimen_orig_ident","orig.ident",0
"5","HRA003620_BC-24",0,0.8,"specimen_orig_ident","orig.ident",0
"6","HRA003620_BC-24",2,0.8,"specimen_orig_ident","orig.ident",0.00169491525423729
"7","HRA003620_BC-24",0,0.8,"specimen_orig_ident","orig.ident",0
"8","HRA003620_BC-24",2,0.8,"specimen_orig_ident","orig.ident",0.0018348623853211
"9","HRA003620_BC-24",1,0.8,"specimen_orig_ident","orig.ident",0.00112359550561798
"10","HRA003620_BC-24",0,0.8,"specimen_orig_ident","orig.ident",0
"11","HRA003620_BC-24",2,0.8,"specimen_orig_ident","orig.ident",0.0034965034965035
"12","HRA003620_BC-24",5,0.8,"specimen_orig_ident","orig.ident",0.0110619469026549
"13","HRA003620_BC-24",0,0.8,"specimen_orig_ident","orig.ident",0
"14","HRA003620_BC-24",0,0.8,"specimen_orig_ident","orig.ident",0
"15","HRA003620_BC-24",0,0.8,"specimen_orig_ident","orig.ident",0
"16","HRA003620_BC-24",0,0.8,"specimen_orig_ident","orig.ident",0
"17","HRA003620_BC-24",0,0.8,"specimen_orig_ident","orig.ident",0
"18","HRA003620_BC-24",1,0.8,"specimen_orig_ident","orig.ident",0.00900900900900901
"19","HRA003620_BC-24",0,0.8,"specimen_orig_ident","orig.ident",0
"0","HRA003620_BC-27",0,0.8,"specimen_orig_ident","orig.ident",0
"1","HRA003620_BC-27",6,0.8,"specimen_orig_ident","orig.ident",0.00326797385620915
"2","HRA003620_BC-27",0,0.8,"specimen_orig_ident","orig.ident",0
"3","HRA003620_BC-27",8,0.8,"specimen_orig_ident","orig.ident",0.00537273337810611
"4","HRA003620_BC-27",1,0.8,"specimen_orig_ident","orig.ident",0.000694444444444444
"5","HRA003620_BC-27",0,0.8,"specimen_orig_ident","orig.ident",0
"6","HRA003620_BC-27",3,0.8,"specimen_orig_ident","orig.ident",0.00254237288135593
"7","HRA003620_BC-27",0,0.8,"specimen_orig_ident","orig.ident",0
"8","HRA003620_BC-27",5,0.8,"specimen_orig_ident","orig.ident",0.00458715596330275
"9","HRA003620_BC-27",7,0.8,"specimen_orig_ident","orig.ident",0.00786516853932584
"10","HRA003620_BC-27",3,0.8,"specimen_orig_ident","orig.ident",0.00354609929078014
"11","HRA003620_BC-27",3,0.8,"specimen_orig_ident","orig.ident",0.00524475524475524
"12","HRA003620_BC-27",8,0.8,"specimen_orig_ident","orig.ident",0.0176991150442478
"13","HRA003620_BC-27",0,0.8,"specimen_orig_ident","orig.ident",0
"14","HRA003620_BC-27",0,0.8,"specimen_orig_ident","orig.ident",0
"15","HRA003620_BC-27",0,0.8,"specimen_orig_ident","orig.ident",0
"16","HRA003620_BC-27",0,0.8,"specimen_orig_ident","orig.ident",0
"17","HRA003620_BC-27",0,0.8,"specimen_orig_ident","orig.ident",0
"18","HRA003620_BC-27",0,0.8,"specimen_orig_ident","orig.ident",0
"19","HRA003620_BC-27",0,0.8,"specimen_orig_ident","orig.ident",0
"0","HRA003620_BC-30",0,0.8,"specimen_orig_ident","orig.ident",0
"1","HRA003620_BC-30",0,0.8,"specimen_orig_ident","orig.ident",0
"2","HRA003620_BC-30",0,0.8,"specimen_orig_ident","orig.ident",0
"3","HRA003620_BC-30",2,0.8,"specimen_orig_ident","orig.ident",0.00134318334452653
"4","HRA003620_BC-30",0,0.8,"specimen_orig_ident","orig.ident",0
"5","HRA003620_BC-30",0,0.8,"specimen_orig_ident","orig.ident",0
"6","HRA003620_BC-30",1,0.8,"specimen_orig_ident","orig.ident",0.000847457627118644
"7","HRA003620_BC-30",0,0.8,"specimen_orig_ident","orig.ident",0
"8","HRA003620_BC-30",2,0.8,"specimen_orig_ident","orig.ident",0.0018348623853211
"9","HRA003620_BC-30",0,0.8,"specimen_orig_ident","orig.ident",0
"10","HRA003620_BC-30",1,0.8,"specimen_orig_ident","orig.ident",0.00118203309692671
"11","HRA003620_BC-30",0,0.8,"specimen_orig_ident","orig.ident",0
"12","HRA003620_BC-30",0,0.8,"specimen_orig_ident","orig.ident",0
"13","HRA003620_BC-30",0,0.8,"specimen_orig_ident","orig.ident",0
"14","HRA003620_BC-30",0,0.8,"specimen_orig_ident","orig.ident",0
"15","HRA003620_BC-30",0,0.8,"specimen_orig_ident","orig.ident",0
"16","HRA003620_BC-30",0,0.8,"specimen_orig_ident","orig.ident",0
"17","HRA003620_BC-30",0,0.8,"specimen_orig_ident","orig.ident",0
"18","HRA003620_BC-30",0,0.8,"specimen_orig_ident","orig.ident",0
"19","HRA003620_BC-30",0,0.8,"specimen_orig_ident","orig.ident",0
"0","HRA003620_NC-04",3,0.8,"specimen_orig_ident","orig.ident",0.00161117078410311
"1","HRA003620_NC-04",22,0.8,"specimen_orig_ident","orig.ident",0.0119825708061002
"2","HRA003620_NC-04",0,0.8,"specimen_orig_ident","orig.ident",0
"3","HRA003620_NC-04",13,0.8,"specimen_orig_ident","orig.ident",0.00873069173942243
"4","HRA003620_NC-04",0,0.8,"specimen_orig_ident","orig.ident",0
"5","HRA003620_NC-04",0,0.8,"specimen_orig_ident","orig.ident",0
"6","HRA003620_NC-04",3,0.8,"specimen_orig_ident","orig.ident",0.00254237288135593
"7","HRA003620_NC-04",0,0.8,"specimen_orig_ident","orig.ident",0
"8","HRA003620_NC-04",10,0.8,"specimen_orig_ident","orig.ident",0.00917431192660551
"9","HRA003620_NC-04",0,0.8,"specimen_orig_ident","orig.ident",0
"10","HRA003620_NC-04",0,0.8,"specimen_orig_ident","orig.ident",0
"11","HRA003620_NC-04",1,0.8,"specimen_orig_ident","orig.ident",0.00174825174825175
"12","HRA003620_NC-04",34,0.8,"specimen_orig_ident","orig.ident",0.0752212389380531
"13","HRA003620_NC-04",0,0.8,"specimen_orig_ident","orig.ident",0
"14","HRA003620_NC-04",2,0.8,"specimen_orig_ident","orig.ident",0.00711743772241993
"15","HRA003620_NC-04",0,0.8,"specimen_orig_ident","orig.ident",0
"16","HRA003620_NC-04",0,0.8,"specimen_orig_ident","orig.ident",0
"17","HRA003620_NC-04",0,0.8,"specimen_orig_ident","orig.ident",0
"18","HRA003620_NC-04",0,0.8,"specimen_orig_ident","orig.ident",0
"19","HRA003620_NC-04",0,0.8,"specimen_orig_ident","orig.ident",0
"0","HRA003620_NC-05",14,0.8,"specimen_orig_ident","orig.ident",0.0075187969924812
"1","HRA003620_NC-05",29,0.8,"specimen_orig_ident","orig.ident",0.0157952069716776
"2","HRA003620_NC-05",0,0.8,"specimen_orig_ident","orig.ident",0
"3","HRA003620_NC-05",22,0.8,"specimen_orig_ident","orig.ident",0.0147750167897918
"4","HRA003620_NC-05",2,0.8,"specimen_orig_ident","orig.ident",0.00138888888888889
"5","HRA003620_NC-05",0,0.8,"specimen_orig_ident","orig.ident",0
"6","HRA003620_NC-05",4,0.8,"specimen_orig_ident","orig.ident",0.00338983050847458
"7","HRA003620_NC-05",2,0.8,"specimen_orig_ident","orig.ident",0.00174064403829417
"8","HRA003620_NC-05",4,0.8,"specimen_orig_ident","orig.ident",0.0036697247706422
"9","HRA003620_NC-05",7,0.8,"specimen_orig_ident","orig.ident",0.00786516853932584
"10","HRA003620_NC-05",0,0.8,"specimen_orig_ident","orig.ident",0
"11","HRA003620_NC-05",0,0.8,"specimen_orig_ident","orig.ident",0
"12","HRA003620_NC-05",12,0.8,"specimen_orig_ident","orig.ident",0.0265486725663717
"13","HRA003620_NC-05",0,0.8,"specimen_orig_ident","orig.ident",0
"14","HRA003620_NC-05",14,0.8,"specimen_orig_ident","orig.ident",0.0498220640569395
"15","HRA003620_NC-05",1,0.8,"specimen_orig_ident","orig.ident",0.00442477876106195
"16","HRA003620_NC-05",0,0.8,"specimen_orig_ident","orig.ident",0
"17","HRA003620_NC-05",0,0.8,"specimen_orig_ident","orig.ident",0
"18","HRA003620_NC-05",1,0.8,"specimen_orig_ident","orig.ident",0.00900900900900901
"19","HRA003620_NC-05",1,0.8,"specimen_orig_ident","orig.ident",0.00917431192660551
"0","HRA003620_NC-11",6,0.8,"specimen_orig_ident","orig.ident",0.00322234156820623
"1","HRA003620_NC-11",8,0.8,"specimen_orig_ident","orig.ident",0.00435729847494553
"2","HRA003620_NC-11",0,0.8,"specimen_orig_ident","orig.ident",0
"3","HRA003620_NC-11",10,0.8,"specimen_orig_ident","orig.ident",0.00671591672263264
"4","HRA003620_NC-11",0,0.8,"specimen_orig_ident","orig.ident",0
"5","HRA003620_NC-11",0,0.8,"specimen_orig_ident","orig.ident",0
"6","HRA003620_NC-11",1,0.8,"specimen_orig_ident","orig.ident",0.000847457627118644
"7","HRA003620_NC-11",0,0.8,"specimen_orig_ident","orig.ident",0
"8","HRA003620_NC-11",7,0.8,"specimen_orig_ident","orig.ident",0.00642201834862385
"9","HRA003620_NC-11",5,0.8,"specimen_orig_ident","orig.ident",0.00561797752808989
"10","HRA003620_NC-11",0,0.8,"specimen_orig_ident","orig.ident",0
"11","HRA003620_NC-11",0,0.8,"specimen_orig_ident","orig.ident",0
"12","HRA003620_NC-11",10,0.8,"specimen_orig_ident","orig.ident",0.0221238938053097
"13","HRA003620_NC-11",0,0.8,"specimen_orig_ident","orig.ident",0
"14","HRA003620_NC-11",1,0.8,"specimen_orig_ident","orig.ident",0.00355871886120996
"15","HRA003620_NC-11",0,0.8,"specimen_orig_ident","orig.ident",0
"16","HRA003620_NC-11",1,0.8,"specimen_orig_ident","orig.ident",0.00636942675159236
"17","HRA003620_NC-11",0,0.8,"specimen_orig_ident","orig.ident",0
"18","HRA003620_NC-11",0,0.8,"specimen_orig_ident","orig.ident",0
"19","HRA003620_NC-11",0,0.8,"specimen_orig_ident","orig.ident",0
"0","HRA003620_NC-24",2,0.8,"specimen_orig_ident","orig.ident",0.00107411385606874
"1","HRA003620_NC-24",16,0.8,"specimen_orig_ident","orig.ident",0.00871459694989107
"2","HRA003620_NC-24",0,0.8,"specimen_orig_ident","orig.ident",0
"3","HRA003620_NC-24",16,0.8,"specimen_orig_ident","orig.ident",0.0107454667562122
"4","HRA003620_NC-24",1,0.8,"specimen_orig_ident","orig.ident",0.000694444444444444
"5","HRA003620_NC-24",0,0.8,"specimen_orig_ident","orig.ident",0
"6","HRA003620_NC-24",7,0.8,"specimen_orig_ident","orig.ident",0.00593220338983051
"7","HRA003620_NC-24",0,0.8,"specimen_orig_ident","orig.ident",0
"8","HRA003620_NC-24",12,0.8,"specimen_orig_ident","orig.ident",0.0110091743119266
"9","HRA003620_NC-24",3,0.8,"specimen_orig_ident","orig.ident",0.00337078651685393
"10","HRA003620_NC-24",0,0.8,"specimen_orig_ident","orig.ident",0
"11","HRA003620_NC-24",6,0.8,"specimen_orig_ident","orig.ident",0.0104895104895105
"12","HRA003620_NC-24",10,0.8,"specimen_orig_ident","orig.ident",0.0221238938053097
"13","HRA003620_NC-24",0,0.8,"specimen_orig_ident","orig.ident",0
"14","HRA003620_NC-24",0,0.8,"specimen_orig_ident","orig.ident",0
"15","HRA003620_NC-24",0,0.8,"specimen_orig_ident","orig.ident",0
"16","HRA003620_NC-24",1,0.8,"specimen_orig_ident","orig.ident",0.00636942675159236
"17","HRA003620_NC-24",0,0.8,"specimen_orig_ident","orig.ident",0
"18","HRA003620_NC-24",0,0.8,"specimen_orig_ident","orig.ident",0
"19","HRA003620_NC-24",0,0.8,"specimen_orig_ident","orig.ident",0
"0","HRA003620_NC-27",6,0.8,"specimen_orig_ident","orig.ident",0.00322234156820623
"1","HRA003620_NC-27",18,0.8,"specimen_orig_ident","orig.ident",0.00980392156862745
"2","HRA003620_NC-27",0,0.8,"specimen_orig_ident","orig.ident",0
"3","HRA003620_NC-27",12,0.8,"specimen_orig_ident","orig.ident",0.00805910006715917
"4","HRA003620_NC-27",1,0.8,"specimen_orig_ident","orig.ident",0.000694444444444444
"5","HRA003620_NC-27",0,0.8,"specimen_orig_ident","orig.ident",0
"6","HRA003620_NC-27",6,0.8,"specimen_orig_ident","orig.ident",0.00508474576271186
"7","HRA003620_NC-27",1,0.8,"specimen_orig_ident","orig.ident",0.000870322019147084
"8","HRA003620_NC-27",13,0.8,"specimen_orig_ident","orig.ident",0.0119266055045872
"9","HRA003620_NC-27",4,0.8,"specimen_orig_ident","orig.ident",0.00449438202247191
"10","HRA003620_NC-27",0,0.8,"specimen_orig_ident","orig.ident",0
"11","HRA003620_NC-27",16,0.8,"specimen_orig_ident","orig.ident",0.027972027972028
"12","HRA003620_NC-27",5,0.8,"specimen_orig_ident","orig.ident",0.0110619469026549
"13","HRA003620_NC-27",0,0.8,"specimen_orig_ident","orig.ident",0
"14","HRA003620_NC-27",0,0.8,"specimen_orig_ident","orig.ident",0
"15","HRA003620_NC-27",0,0.8,"specimen_orig_ident","orig.ident",0
"16","HRA003620_NC-27",2,0.8,"specimen_orig_ident","orig.ident",0.0127388535031847
"17","HRA003620_NC-27",0,0.8,"specimen_orig_ident","orig.ident",0
"18","HRA003620_NC-27",1,0.8,"specimen_orig_ident","orig.ident",0.00900900900900901
"19","HRA003620_NC-27",0,0.8,"specimen_orig_ident","orig.ident",0
"0","HRA003620_NC-30",27,0.8,"specimen_orig_ident","orig.ident",0.014500537056928
"1","HRA003620_NC-30",59,0.8,"specimen_orig_ident","orig.ident",0.0321350762527233
"2","HRA003620_NC-30",0,0.8,"specimen_orig_ident","orig.ident",0
"3","HRA003620_NC-30",78,0.8,"specimen_orig_ident","orig.ident",0.0523841504365346
"4","HRA003620_NC-30",0,0.8,"specimen_orig_ident","orig.ident",0
"5","HRA003620_NC-30",0,0.8,"specimen_orig_ident","orig.ident",0
"6","HRA003620_NC-30",32,0.8,"specimen_orig_ident","orig.ident",0.0271186440677966
"7","HRA003620_NC-30",3,0.8,"specimen_orig_ident","orig.ident",0.00261096605744125
"8","HRA003620_NC-30",35,0.8,"specimen_orig_ident","orig.ident",0.0321100917431193
"9","HRA003620_NC-30",30,0.8,"specimen_orig_ident","orig.ident",0.0337078651685393
"10","HRA003620_NC-30",0,0.8,"specimen_orig_ident","orig.ident",0
"11","HRA003620_NC-30",0,0.8,"specimen_orig_ident","orig.ident",0
"12","HRA003620_NC-30",14,0.8,"specimen_orig_ident","orig.ident",0.0309734513274336
"13","HRA003620_NC-30",0,0.8,"specimen_orig_ident","orig.ident",0
"14","HRA003620_NC-30",11,0.8,"specimen_orig_ident","orig.ident",0.0391459074733096
"15","HRA003620_NC-30",1,0.8,"specimen_orig_ident","orig.ident",0.00442477876106195
"16","HRA003620_NC-30",6,0.8,"specimen_orig_ident","orig.ident",0.0382165605095541
"17","HRA003620_NC-30",0,0.8,"specimen_orig_ident","orig.ident",0
"18","HRA003620_NC-30",1,0.8,"specimen_orig_ident","orig.ident",0.00900900900900901
"19","HRA003620_NC-30",0,0.8,"specimen_orig_ident","orig.ident",0
"0","PRJNA662018_PRJNA662018_P1N1",665,0.8,"specimen_orig_ident","orig.ident",0.357142857142857
"1","PRJNA662018_PRJNA662018_P1N1",671,0.8,"specimen_orig_ident","orig.ident",0.365468409586057
"2","PRJNA662018_PRJNA662018_P1N1",168,0.8,"specimen_orig_ident","orig.ident",0.108878807517822
"3","PRJNA662018_PRJNA662018_P1N1",347,0.8,"specimen_orig_ident","orig.ident",0.233042310275353
"4","PRJNA662018_PRJNA662018_P1N1",47,0.8,"specimen_orig_ident","orig.ident",0.0326388888888889
"5","PRJNA662018_PRJNA662018_P1N1",0,0.8,"specimen_orig_ident","orig.ident",0
"6","PRJNA662018_PRJNA662018_P1N1",86,0.8,"specimen_orig_ident","orig.ident",0.0728813559322034
"7","PRJNA662018_PRJNA662018_P1N1",296,0.8,"specimen_orig_ident","orig.ident",0.257615317667537
"8","PRJNA662018_PRJNA662018_P1N1",229,0.8,"specimen_orig_ident","orig.ident",0.210091743119266
"9","PRJNA662018_PRJNA662018_P1N1",86,0.8,"specimen_orig_ident","orig.ident",0.0966292134831461
"10","PRJNA662018_PRJNA662018_P1N1",29,0.8,"specimen_orig_ident","orig.ident",0.0342789598108747
"11","PRJNA662018_PRJNA662018_P1N1",34,0.8,"specimen_orig_ident","orig.ident",0.0594405594405594
"12","PRJNA662018_PRJNA662018_P1N1",27,0.8,"specimen_orig_ident","orig.ident",0.0597345132743363
"13","PRJNA662018_PRJNA662018_P1N1",0,0.8,"specimen_orig_ident","orig.ident",0
"14","PRJNA662018_PRJNA662018_P1N1",47,0.8,"specimen_orig_ident","orig.ident",0.167259786476868
"15","PRJNA662018_PRJNA662018_P1N1",19,0.8,"specimen_orig_ident","orig.ident",0.084070796460177
"16","PRJNA662018_PRJNA662018_P1N1",17,0.8,"specimen_orig_ident","orig.ident",0.10828025477707
"17","PRJNA662018_PRJNA662018_P1N1",4,0.8,"specimen_orig_ident","orig.ident",0.0283687943262411
"18","PRJNA662018_PRJNA662018_P1N1",7,0.8,"specimen_orig_ident","orig.ident",0.0630630630630631
"19","PRJNA662018_PRJNA662018_P1N1",4,0.8,"specimen_orig_ident","orig.ident",0.036697247706422
"0","PRJNA662018_PRJNA662018_P1T1",94,0.8,"specimen_orig_ident","orig.ident",0.0504833512352309
"1","PRJNA662018_PRJNA662018_P1T1",148,0.8,"specimen_orig_ident","orig.ident",0.0806100217864924
"2","PRJNA662018_PRJNA662018_P1T1",165,0.8,"specimen_orig_ident","orig.ident",0.106934543097861
"3","PRJNA662018_PRJNA662018_P1T1",80,0.8,"specimen_orig_ident","orig.ident",0.0537273337810611
"4","PRJNA662018_PRJNA662018_P1T1",65,0.8,"specimen_orig_ident","orig.ident",0.0451388888888889
"5","PRJNA662018_PRJNA662018_P1T1",0,0.8,"specimen_orig_ident","orig.ident",0
"6","PRJNA662018_PRJNA662018_P1T1",76,0.8,"specimen_orig_ident","orig.ident",0.0644067796610169
"7","PRJNA662018_PRJNA662018_P1T1",78,0.8,"specimen_orig_ident","orig.ident",0.0678851174934726
"8","PRJNA662018_PRJNA662018_P1T1",98,0.8,"specimen_orig_ident","orig.ident",0.0899082568807339
"9","PRJNA662018_PRJNA662018_P1T1",67,0.8,"specimen_orig_ident","orig.ident",0.0752808988764045
"10","PRJNA662018_PRJNA662018_P1T1",88,0.8,"specimen_orig_ident","orig.ident",0.104018912529551
"11","PRJNA662018_PRJNA662018_P1T1",31,0.8,"specimen_orig_ident","orig.ident",0.0541958041958042
"12","PRJNA662018_PRJNA662018_P1T1",4,0.8,"specimen_orig_ident","orig.ident",0.00884955752212389
"13","PRJNA662018_PRJNA662018_P1T1",0,0.8,"specimen_orig_ident","orig.ident",0
"14","PRJNA662018_PRJNA662018_P1T1",32,0.8,"specimen_orig_ident","orig.ident",0.113879003558719
"15","PRJNA662018_PRJNA662018_P1T1",31,0.8,"specimen_orig_ident","orig.ident",0.13716814159292
"16","PRJNA662018_PRJNA662018_P1T1",16,0.8,"specimen_orig_ident","orig.ident",0.101910828025478
"17","PRJNA662018_PRJNA662018_P1T1",9,0.8,"specimen_orig_ident","orig.ident",0.0638297872340425
"18","PRJNA662018_PRJNA662018_P1T1",6,0.8,"specimen_orig_ident","orig.ident",0.0540540540540541
"19","PRJNA662018_PRJNA662018_P1T1",3,0.8,"specimen_orig_ident","orig.ident",0.0275229357798165
"0","PRJNA662018_PRJNA662018_P2T2",478,0.8,"specimen_orig_ident","orig.ident",0.25671321160043
"1","PRJNA662018_PRJNA662018_P2T2",130,0.8,"specimen_orig_ident","orig.ident",0.0708061002178649
"2","PRJNA662018_PRJNA662018_P2T2",478,0.8,"specimen_orig_ident","orig.ident",0.309786130913804
"3","PRJNA662018_PRJNA662018_P2T2",345,0.8,"specimen_orig_ident","orig.ident",0.231699126930826
"4","PRJNA662018_PRJNA662018_P2T2",208,0.8,"specimen_orig_ident","orig.ident",0.144444444444444
"5","PRJNA662018_PRJNA662018_P2T2",0,0.8,"specimen_orig_ident","orig.ident",0
"6","PRJNA662018_PRJNA662018_P2T2",226,0.8,"specimen_orig_ident","orig.ident",0.191525423728814
"7","PRJNA662018_PRJNA662018_P2T2",192,0.8,"specimen_orig_ident","orig.ident",0.16710182767624
"8","PRJNA662018_PRJNA662018_P2T2",124,0.8,"specimen_orig_ident","orig.ident",0.113761467889908
"9","PRJNA662018_PRJNA662018_P2T2",199,0.8,"specimen_orig_ident","orig.ident",0.223595505617978
"10","PRJNA662018_PRJNA662018_P2T2",152,0.8,"specimen_orig_ident","orig.ident",0.179669030732861
"11","PRJNA662018_PRJNA662018_P2T2",73,0.8,"specimen_orig_ident","orig.ident",0.127622377622378
"12","PRJNA662018_PRJNA662018_P2T2",132,0.8,"specimen_orig_ident","orig.ident",0.292035398230089
"13","PRJNA662018_PRJNA662018_P2T2",0,0.8,"specimen_orig_ident","orig.ident",0
"14","PRJNA662018_PRJNA662018_P2T2",47,0.8,"specimen_orig_ident","orig.ident",0.167259786476868
"15","PRJNA662018_PRJNA662018_P2T2",77,0.8,"specimen_orig_ident","orig.ident",0.34070796460177
"16","PRJNA662018_PRJNA662018_P2T2",19,0.8,"specimen_orig_ident","orig.ident",0.121019108280255
"17","PRJNA662018_PRJNA662018_P2T2",26,0.8,"specimen_orig_ident","orig.ident",0.184397163120567
"18","PRJNA662018_PRJNA662018_P2T2",16,0.8,"specimen_orig_ident","orig.ident",0.144144144144144
"19","PRJNA662018_PRJNA662018_P2T2",26,0.8,"specimen_orig_ident","orig.ident",0.238532110091743
"0","PRJNA662018_PRJNA662018_P3N3",119,0.8,"specimen_orig_ident","orig.ident",0.0639097744360902
"1","PRJNA662018_PRJNA662018_P3N3",320,0.8,"specimen_orig_ident","orig.ident",0.174291938997821
"2","PRJNA662018_PRJNA662018_P3N3",21,0.8,"specimen_orig_ident","orig.ident",0.0136098509397278
"3","PRJNA662018_PRJNA662018_P3N3",133,0.8,"specimen_orig_ident","orig.ident",0.0893216924110141
"4","PRJNA662018_PRJNA662018_P3N3",144,0.8,"specimen_orig_ident","orig.ident",0.1
"5","PRJNA662018_PRJNA662018_P3N3",0,0.8,"specimen_orig_ident","orig.ident",0
"6","PRJNA662018_PRJNA662018_P3N3",160,0.8,"specimen_orig_ident","orig.ident",0.135593220338983
"7","PRJNA662018_PRJNA662018_P3N3",169,0.8,"specimen_orig_ident","orig.ident",0.147084421235857
"8","PRJNA662018_PRJNA662018_P3N3",150,0.8,"specimen_orig_ident","orig.ident",0.137614678899083
"9","PRJNA662018_PRJNA662018_P3N3",46,0.8,"specimen_orig_ident","orig.ident",0.051685393258427
"10","PRJNA662018_PRJNA662018_P3N3",2,0.8,"specimen_orig_ident","orig.ident",0.00236406619385343
"11","PRJNA662018_PRJNA662018_P3N3",16,0.8,"specimen_orig_ident","orig.ident",0.027972027972028
"12","PRJNA662018_PRJNA662018_P3N3",5,0.8,"specimen_orig_ident","orig.ident",0.0110619469026549
"13","PRJNA662018_PRJNA662018_P3N3",0,0.8,"specimen_orig_ident","orig.ident",0
"14","PRJNA662018_PRJNA662018_P3N3",6,0.8,"specimen_orig_ident","orig.ident",0.0213523131672598
"15","PRJNA662018_PRJNA662018_P3N3",1,0.8,"specimen_orig_ident","orig.ident",0.00442477876106195
"16","PRJNA662018_PRJNA662018_P3N3",15,0.8,"specimen_orig_ident","orig.ident",0.0955414012738854
"17","PRJNA662018_PRJNA662018_P3N3",0,0.8,"specimen_orig_ident","orig.ident",0
"18","PRJNA662018_PRJNA662018_P3N3",23,0.8,"specimen_orig_ident","orig.ident",0.207207207207207
"19","PRJNA662018_PRJNA662018_P3N3",0,0.8,"specimen_orig_ident","orig.ident",0
"0","PRJNA662018_PRJNA662018_P3T3",149,0.8,"specimen_orig_ident","orig.ident",0.0800214822771214
"1","PRJNA662018_PRJNA662018_P3T3",111,0.8,"specimen_orig_ident","orig.ident",0.0604575163398693
"2","PRJNA662018_PRJNA662018_P3T3",142,0.8,"specimen_orig_ident","orig.ident",0.0920285158781594
"3","PRJNA662018_PRJNA662018_P3T3",177,0.8,"specimen_orig_ident","orig.ident",0.118871725990598
"4","PRJNA662018_PRJNA662018_P3T3",140,0.8,"specimen_orig_ident","orig.ident",0.0972222222222222
"5","PRJNA662018_PRJNA662018_P3T3",0,0.8,"specimen_orig_ident","orig.ident",0
"6","PRJNA662018_PRJNA662018_P3T3",176,0.8,"specimen_orig_ident","orig.ident",0.149152542372881
"7","PRJNA662018_PRJNA662018_P3T3",132,0.8,"specimen_orig_ident","orig.ident",0.114882506527415
"8","PRJNA662018_PRJNA662018_P3T3",64,0.8,"specimen_orig_ident","orig.ident",0.0587155963302752
"9","PRJNA662018_PRJNA662018_P3T3",48,0.8,"specimen_orig_ident","orig.ident",0.0539325842696629
"10","PRJNA662018_PRJNA662018_P3T3",43,0.8,"specimen_orig_ident","orig.ident",0.0508274231678487
"11","PRJNA662018_PRJNA662018_P3T3",16,0.8,"specimen_orig_ident","orig.ident",0.027972027972028
"12","PRJNA662018_PRJNA662018_P3T3",7,0.8,"specimen_orig_ident","orig.ident",0.0154867256637168
"13","PRJNA662018_PRJNA662018_P3T3",0,0.8,"specimen_orig_ident","orig.ident",0
"14","PRJNA662018_PRJNA662018_P3T3",8,0.8,"specimen_orig_ident","orig.ident",0.0284697508896797
"15","PRJNA662018_PRJNA662018_P3T3",6,0.8,"specimen_orig_ident","orig.ident",0.0265486725663717
"16","PRJNA662018_PRJNA662018_P3T3",18,0.8,"specimen_orig_ident","orig.ident",0.114649681528662
"17","PRJNA662018_PRJNA662018_P3T3",7,0.8,"specimen_orig_ident","orig.ident",0.049645390070922
"18","PRJNA662018_PRJNA662018_P3T3",35,0.8,"specimen_orig_ident","orig.ident",0.315315315315315
"19","PRJNA662018_PRJNA662018_P3T3",7,0.8,"specimen_orig_ident","orig.ident",0.0642201834862385
"0","PRJNA662018_PRJNA662018_P4T4",2,0.8,"specimen_orig_ident","orig.ident",0.00107411385606874
"1","PRJNA662018_PRJNA662018_P4T4",0,0.8,"specimen_orig_ident","orig.ident",0
"2","PRJNA662018_PRJNA662018_P4T4",232,0.8,"specimen_orig_ident","orig.ident",0.150356448476993
"3","PRJNA662018_PRJNA662018_P4T4",0,0.8,"specimen_orig_ident","orig.ident",0
"4","PRJNA662018_PRJNA662018_P4T4",278,0.8,"specimen_orig_ident","orig.ident",0.193055555555556
"5","PRJNA662018_PRJNA662018_P4T4",0,0.8,"specimen_orig_ident","orig.ident",0
"6","PRJNA662018_PRJNA662018_P4T4",54,0.8,"specimen_orig_ident","orig.ident",0.0457627118644068
"7","PRJNA662018_PRJNA662018_P4T4",23,0.8,"specimen_orig_ident","orig.ident",0.0200174064403829
"8","PRJNA662018_PRJNA662018_P4T4",71,0.8,"specimen_orig_ident","orig.ident",0.0651376146788991
"9","PRJNA662018_PRJNA662018_P4T4",157,0.8,"specimen_orig_ident","orig.ident",0.176404494382022
"10","PRJNA662018_PRJNA662018_P4T4",229,0.8,"specimen_orig_ident","orig.ident",0.270685579196217
"11","PRJNA662018_PRJNA662018_P4T4",13,0.8,"specimen_orig_ident","orig.ident",0.0227272727272727
"12","PRJNA662018_PRJNA662018_P4T4",0,0.8,"specimen_orig_ident","orig.ident",0
"13","PRJNA662018_PRJNA662018_P4T4",0,0.8,"specimen_orig_ident","orig.ident",0
"14","PRJNA662018_PRJNA662018_P4T4",14,0.8,"specimen_orig_ident","orig.ident",0.0498220640569395
"15","PRJNA662018_PRJNA662018_P4T4",40,0.8,"specimen_orig_ident","orig.ident",0.176991150442478
"16","PRJNA662018_PRJNA662018_P4T4",13,0.8,"specimen_orig_ident","orig.ident",0.0828025477707006
"17","PRJNA662018_PRJNA662018_P4T4",44,0.8,"specimen_orig_ident","orig.ident",0.312056737588652
"18","PRJNA662018_PRJNA662018_P4T4",0,0.8,"specimen_orig_ident","orig.ident",0
"19","PRJNA662018_PRJNA662018_P4T4",17,0.8,"specimen_orig_ident","orig.ident",0.155963302752294
"0","PRJNA662018_PRJNA662018_P5T5",2,0.8,"specimen_orig_ident","orig.ident",0.00107411385606874
"1","PRJNA662018_PRJNA662018_P5T5",1,0.8,"specimen_orig_ident","orig.ident",0.000544662309368192
"2","PRJNA662018_PRJNA662018_P5T5",56,0.8,"specimen_orig_ident","orig.ident",0.0362929358392741
"3","PRJNA662018_PRJNA662018_P5T5",2,0.8,"specimen_orig_ident","orig.ident",0.00134318334452653
"4","PRJNA662018_PRJNA662018_P5T5",78,0.8,"specimen_orig_ident","orig.ident",0.0541666666666667
"5","PRJNA662018_PRJNA662018_P5T5",0,0.8,"specimen_orig_ident","orig.ident",0
"6","PRJNA662018_PRJNA662018_P5T5",43,0.8,"specimen_orig_ident","orig.ident",0.0364406779661017
"7","PRJNA662018_PRJNA662018_P5T5",12,0.8,"specimen_orig_ident","orig.ident",0.010443864229765
"8","PRJNA662018_PRJNA662018_P5T5",21,0.8,"specimen_orig_ident","orig.ident",0.0192660550458716
"9","PRJNA662018_PRJNA662018_P5T5",2,0.8,"specimen_orig_ident","orig.ident",0.00224719101123596
"10","PRJNA662018_PRJNA662018_P5T5",67,0.8,"specimen_orig_ident","orig.ident",0.0791962174940898
"11","PRJNA662018_PRJNA662018_P5T5",20,0.8,"specimen_orig_ident","orig.ident",0.034965034965035
"12","PRJNA662018_PRJNA662018_P5T5",0,0.8,"specimen_orig_ident","orig.ident",0
"13","PRJNA662018_PRJNA662018_P5T5",0,0.8,"specimen_orig_ident","orig.ident",0
"14","PRJNA662018_PRJNA662018_P5T5",0,0.8,"specimen_orig_ident","orig.ident",0
"15","PRJNA662018_PRJNA662018_P5T5",5,0.8,"specimen_orig_ident","orig.ident",0.0221238938053097
"16","PRJNA662018_PRJNA662018_P5T5",5,0.8,"specimen_orig_ident","orig.ident",0.0318471337579618
"17","PRJNA662018_PRJNA662018_P5T5",10,0.8,"specimen_orig_ident","orig.ident",0.0709219858156028
"18","PRJNA662018_PRJNA662018_P5T5",0,0.8,"specimen_orig_ident","orig.ident",0
"19","PRJNA662018_PRJNA662018_P5T5",3,0.8,"specimen_orig_ident","orig.ident",0.0275229357798165
"0","PRJNA662018_PRJNA662018_P6N2",272,0.8,"specimen_orig_ident","orig.ident",0.146079484425349
"1","PRJNA662018_PRJNA662018_P6N2",247,0.8,"specimen_orig_ident","orig.ident",0.134531590413943
"2","PRJNA662018_PRJNA662018_P6N2",45,0.8,"specimen_orig_ident","orig.ident",0.0291639662994167
"3","PRJNA662018_PRJNA662018_P6N2",200,0.8,"specimen_orig_ident","orig.ident",0.134318334452653
"4","PRJNA662018_PRJNA662018_P6N2",73,0.8,"specimen_orig_ident","orig.ident",0.0506944444444444
"5","PRJNA662018_PRJNA662018_P6N2",0,0.8,"specimen_orig_ident","orig.ident",0
"6","PRJNA662018_PRJNA662018_P6N2",104,0.8,"specimen_orig_ident","orig.ident",0.088135593220339
"7","PRJNA662018_PRJNA662018_P6N2",176,0.8,"specimen_orig_ident","orig.ident",0.153176675369887
"8","PRJNA662018_PRJNA662018_P6N2",85,0.8,"specimen_orig_ident","orig.ident",0.0779816513761468
"9","PRJNA662018_PRJNA662018_P6N2",36,0.8,"specimen_orig_ident","orig.ident",0.0404494382022472
"10","PRJNA662018_PRJNA662018_P6N2",7,0.8,"specimen_orig_ident","orig.ident",0.008274231678487
"11","PRJNA662018_PRJNA662018_P6N2",11,0.8,"specimen_orig_ident","orig.ident",0.0192307692307692
"12","PRJNA662018_PRJNA662018_P6N2",13,0.8,"specimen_orig_ident","orig.ident",0.0287610619469027
"13","PRJNA662018_PRJNA662018_P6N2",0,0.8,"specimen_orig_ident","orig.ident",0
"14","PRJNA662018_PRJNA662018_P6N2",17,0.8,"specimen_orig_ident","orig.ident",0.0604982206405694
"15","PRJNA662018_PRJNA662018_P6N2",5,0.8,"specimen_orig_ident","orig.ident",0.0221238938053097
"16","PRJNA662018_PRJNA662018_P6N2",14,0.8,"specimen_orig_ident","orig.ident",0.089171974522293
"17","PRJNA662018_PRJNA662018_P6N2",4,0.8,"specimen_orig_ident","orig.ident",0.0283687943262411
"18","PRJNA662018_PRJNA662018_P6N2",11,0.8,"specimen_orig_ident","orig.ident",0.0990990990990991
"19","PRJNA662018_PRJNA662018_P6N2",5,0.8,"specimen_orig_ident","orig.ident",0.0458715596330275
"0","PRJNA662018_PRJNA662018_P6T6",5,0.8,"specimen_orig_ident","orig.ident",0.00268528464017186
"1","PRJNA662018_PRJNA662018_P6T6",26,0.8,"specimen_orig_ident","orig.ident",0.014161220043573
"2","PRJNA662018_PRJNA662018_P6T6",17,0.8,"specimen_orig_ident","orig.ident",0.0110174983797796
"3","PRJNA662018_PRJNA662018_P6T6",6,0.8,"specimen_orig_ident","orig.ident",0.00402955003357958
"4","PRJNA662018_PRJNA662018_P6T6",44,0.8,"specimen_orig_ident","orig.ident",0.0305555555555556
"5","PRJNA662018_PRJNA662018_P6T6",0,0.8,"specimen_orig_ident","orig.ident",0
"6","PRJNA662018_PRJNA662018_P6T6",26,0.8,"specimen_orig_ident","orig.ident",0.0220338983050847
"7","PRJNA662018_PRJNA662018_P6T6",30,0.8,"specimen_orig_ident","orig.ident",0.0261096605744125
"8","PRJNA662018_PRJNA662018_P6T6",11,0.8,"specimen_orig_ident","orig.ident",0.0100917431192661
"9","PRJNA662018_PRJNA662018_P6T6",1,0.8,"specimen_orig_ident","orig.ident",0.00112359550561798
"10","PRJNA662018_PRJNA662018_P6T6",17,0.8,"specimen_orig_ident","orig.ident",0.0200945626477541
"11","PRJNA662018_PRJNA662018_P6T6",53,0.8,"specimen_orig_ident","orig.ident",0.0926573426573427
"12","PRJNA662018_PRJNA662018_P6T6",0,0.8,"specimen_orig_ident","orig.ident",0
"13","PRJNA662018_PRJNA662018_P6T6",0,0.8,"specimen_orig_ident","orig.ident",0
"14","PRJNA662018_PRJNA662018_P6T6",2,0.8,"specimen_orig_ident","orig.ident",0.00711743772241993
"15","PRJNA662018_PRJNA662018_P6T6",0,0.8,"specimen_orig_ident","orig.ident",0
"16","PRJNA662018_PRJNA662018_P6T6",1,0.8,"specimen_orig_ident","orig.ident",0.00636942675159236
"17","PRJNA662018_PRJNA662018_P6T6",2,0.8,"specimen_orig_ident","orig.ident",0.0141843971631206
"18","PRJNA662018_PRJNA662018_P6T6",4,0.8,"specimen_orig_ident","orig.ident",0.036036036036036
"19","PRJNA662018_PRJNA662018_P6T6",0,0.8,"specimen_orig_ident","orig.ident",0
"0","PRJNA662018_PRJNA662018_P7T7",0,0.8,"specimen_orig_ident","orig.ident",0
"1","PRJNA662018_PRJNA662018_P7T7",0,0.8,"specimen_orig_ident","orig.ident",0
"2","PRJNA662018_PRJNA662018_P7T7",44,0.8,"specimen_orig_ident","orig.ident",0.0285158781594297
"3","PRJNA662018_PRJNA662018_P7T7",0,0.8,"specimen_orig_ident","orig.ident",0
"4","PRJNA662018_PRJNA662018_P7T7",37,0.8,"specimen_orig_ident","orig.ident",0.0256944444444444
"5","PRJNA662018_PRJNA662018_P7T7",0,0.8,"specimen_orig_ident","orig.ident",0
"6","PRJNA662018_PRJNA662018_P7T7",12,0.8,"specimen_orig_ident","orig.ident",0.0101694915254237
"7","PRJNA662018_PRJNA662018_P7T7",5,0.8,"specimen_orig_ident","orig.ident",0.00435161009573542
"8","PRJNA662018_PRJNA662018_P7T7",10,0.8,"specimen_orig_ident","orig.ident",0.00917431192660551
"9","PRJNA662018_PRJNA662018_P7T7",7,0.8,"specimen_orig_ident","orig.ident",0.00786516853932584
"10","PRJNA662018_PRJNA662018_P7T7",30,0.8,"specimen_orig_ident","orig.ident",0.0354609929078014
"11","PRJNA662018_PRJNA662018_P7T7",22,0.8,"specimen_orig_ident","orig.ident",0.0384615384615385
"12","PRJNA662018_PRJNA662018_P7T7",0,0.8,"specimen_orig_ident","orig.ident",0
"13","PRJNA662018_PRJNA662018_P7T7",0,0.8,"specimen_orig_ident","orig.ident",0
"14","PRJNA662018_PRJNA662018_P7T7",2,0.8,"specimen_orig_ident","orig.ident",0.00711743772241993
"15","PRJNA662018_PRJNA662018_P7T7",5,0.8,"specimen_orig_ident","orig.ident",0.0221238938053097
"16","PRJNA662018_PRJNA662018_P7T7",1,0.8,"specimen_orig_ident","orig.ident",0.00636942675159236
"17","PRJNA662018_PRJNA662018_P7T7",9,0.8,"specimen_orig_ident","orig.ident",0.0638297872340425
"18","PRJNA662018_PRJNA662018_P7T7",0,0.8,"specimen_orig_ident","orig.ident",0
"19","PRJNA662018_PRJNA662018_P7T7",6,0.8,"specimen_orig_ident","orig.ident",0.055045871559633
"0","PRJNA662018_PRJNA662018_P8T8",1,0.8,"specimen_orig_ident","orig.ident",0.000537056928034372
"1","PRJNA662018_PRJNA662018_P8T8",4,0.8,"specimen_orig_ident","orig.ident",0.00217864923747277
"2","PRJNA662018_PRJNA662018_P8T8",3,0.8,"specimen_orig_ident","orig.ident",0.00194426441996111
"3","PRJNA662018_PRJNA662018_P8T8",4,0.8,"specimen_orig_ident","orig.ident",0.00268636668905306
"4","PRJNA662018_PRJNA662018_P8T8",7,0.8,"specimen_orig_ident","orig.ident",0.00486111111111111
"5","PRJNA662018_PRJNA662018_P8T8",0,0.8,"specimen_orig_ident","orig.ident",0
"6","PRJNA662018_PRJNA662018_P8T8",9,0.8,"specimen_orig_ident","orig.ident",0.0076271186440678
"7","PRJNA662018_PRJNA662018_P8T8",3,0.8,"specimen_orig_ident","orig.ident",0.00261096605744125
"8","PRJNA662018_PRJNA662018_P8T8",6,0.8,"specimen_orig_ident","orig.ident",0.0055045871559633
"9","PRJNA662018_PRJNA662018_P8T8",1,0.8,"specimen_orig_ident","orig.ident",0.00112359550561798
"10","PRJNA662018_PRJNA662018_P8T8",10,0.8,"specimen_orig_ident","orig.ident",0.0118203309692671
"11","PRJNA662018_PRJNA662018_P8T8",14,0.8,"specimen_orig_ident","orig.ident",0.0244755244755245
"12","PRJNA662018_PRJNA662018_P8T8",5,0.8,"specimen_orig_ident","orig.ident",0.0110619469026549
"13","PRJNA662018_PRJNA662018_P8T8",0,0.8,"specimen_orig_ident","orig.ident",0
"14","PRJNA662018_PRJNA662018_P8T8",2,0.8,"specimen_orig_ident","orig.ident",0.00711743772241993
"15","PRJNA662018_PRJNA662018_P8T8",1,0.8,"specimen_orig_ident","orig.ident",0.00442477876106195
"16","PRJNA662018_PRJNA662018_P8T8",0,0.8,"specimen_orig_ident","orig.ident",0
"17","PRJNA662018_PRJNA662018_P8T8",3,0.8,"specimen_orig_ident","orig.ident",0.0212765957446809
"18","PRJNA662018_PRJNA662018_P8T8",0,0.8,"specimen_orig_ident","orig.ident",0
"19","PRJNA662018_PRJNA662018_P8T8",0,0.8,"specimen_orig_ident","orig.ident",0
"0","T4091568",0,0.8,"specimen_orig_ident","orig.ident",0
"1","T4091568",0,0.8,"specimen_orig_ident","orig.ident",0
"2","T4091568",0,0.8,"specimen_orig_ident","orig.ident",0
"3","T4091568",0,0.8,"specimen_orig_ident","orig.ident",0
"4","T4091568",1,0.8,"specimen_orig_ident","orig.ident",0.000694444444444444
"5","T4091568",63,0.8,"specimen_orig_ident","orig.ident",0.0511779041429732
"6","T4091568",3,0.8,"specimen_orig_ident","orig.ident",0.00254237288135593
"7","T4091568",0,0.8,"specimen_orig_ident","orig.ident",0
"8","T4091568",4,0.8,"specimen_orig_ident","orig.ident",0.0036697247706422
"9","T4091568",4,0.8,"specimen_orig_ident","orig.ident",0.00449438202247191
"10","T4091568",1,0.8,"specimen_orig_ident","orig.ident",0.00118203309692671
"11","T4091568",3,0.8,"specimen_orig_ident","orig.ident",0.00524475524475524
"12","T4091568",21,0.8,"specimen_orig_ident","orig.ident",0.0464601769911504
"13","T4091568",38,0.8,"specimen_orig_ident","orig.ident",0.0875576036866359
"14","T4091568",7,0.8,"specimen_orig_ident","orig.ident",0.0249110320284698
"15","T4091568",0,0.8,"specimen_orig_ident","orig.ident",0
"16","T4091568",2,0.8,"specimen_orig_ident","orig.ident",0.0127388535031847
"17","T4091568",0,0.8,"specimen_orig_ident","orig.ident",0
"18","T4091568",0,0.8,"specimen_orig_ident","orig.ident",0
"19","T4091568",1,0.8,"specimen_orig_ident","orig.ident",0.00917431192660551
"0","T4295396",0,0.8,"specimen_orig_ident","orig.ident",0
"1","T4295396",0,0.8,"specimen_orig_ident","orig.ident",0
"2","T4295396",0,0.8,"specimen_orig_ident","orig.ident",0
"3","T4295396",0,0.8,"specimen_orig_ident","orig.ident",0
"4","T4295396",0,0.8,"specimen_orig_ident","orig.ident",0
"5","T4295396",10,0.8,"specimen_orig_ident","orig.ident",0.00812347684809098
"6","T4295396",0,0.8,"specimen_orig_ident","orig.ident",0
"7","T4295396",0,0.8,"specimen_orig_ident","orig.ident",0
"8","T4295396",0,0.8,"specimen_orig_ident","orig.ident",0
"9","T4295396",1,0.8,"specimen_orig_ident","orig.ident",0.00112359550561798
"10","T4295396",0,0.8,"specimen_orig_ident","orig.ident",0
"11","T4295396",0,0.8,"specimen_orig_ident","orig.ident",0
"12","T4295396",0,0.8,"specimen_orig_ident","orig.ident",0
"13","T4295396",12,0.8,"specimen_orig_ident","orig.ident",0.0276497695852535
"14","T4295396",0,0.8,"specimen_orig_ident","orig.ident",0
"15","T4295396",0,0.8,"specimen_orig_ident","orig.ident",0
"16","T4295396",0,0.8,"specimen_orig_ident","orig.ident",0
"17","T4295396",0,0.8,"specimen_orig_ident","orig.ident",0
"18","T4295396",0,0.8,"specimen_orig_ident","orig.ident",0
"19","T4295396",0,0.8,"specimen_orig_ident","orig.ident",0
"0","T4380845",0,0.8,"specimen_orig_ident","orig.ident",0
"1","T4380845",0,0.8,"specimen_orig_ident","orig.ident",0
"2","T4380845",0,0.8,"specimen_orig_ident","orig.ident",0
"3","T4380845",0,0.8,"specimen_orig_ident","orig.ident",0
"4","T4380845",1,0.8,"specimen_orig_ident","orig.ident",0.000694444444444444
"5","T4380845",34,0.8,"specimen_orig_ident","orig.ident",0.0276198212835093
"6","T4380845",0,0.8,"specimen_orig_ident","orig.ident",0
"7","T4380845",0,0.8,"specimen_orig_ident","orig.ident",0
"8","T4380845",1,0.8,"specimen_orig_ident","orig.ident",0.000917431192660551
"9","T4380845",2,0.8,"specimen_orig_ident","orig.ident",0.00224719101123596
"10","T4380845",1,0.8,"specimen_orig_ident","orig.ident",0.00118203309692671
"11","T4380845",0,0.8,"specimen_orig_ident","orig.ident",0
"12","T4380845",0,0.8,"specimen_orig_ident","orig.ident",0
"13","T4380845",22,0.8,"specimen_orig_ident","orig.ident",0.0506912442396313
"14","T4380845",3,0.8,"specimen_orig_ident","orig.ident",0.0106761565836299
"15","T4380845",0,0.8,"specimen_orig_ident","orig.ident",0
"16","T4380845",0,0.8,"specimen_orig_ident","orig.ident",0
"17","T4380845",0,0.8,"specimen_orig_ident","orig.ident",0
"18","T4380845",0,0.8,"specimen_orig_ident","orig.ident",0
"19","T4380845",0,0.8,"specimen_orig_ident","orig.ident",0
"0","T4398343",0,0.8,"specimen_orig_ident","orig.ident",0
"1","T4398343",0,0.8,"specimen_orig_ident","orig.ident",0
"2","T4398343",3,0.8,"specimen_orig_ident","orig.ident",0.00194426441996111
"3","T4398343",0,0.8,"specimen_orig_ident","orig.ident",0
"4","T4398343",4,0.8,"specimen_orig_ident","orig.ident",0.00277777777777778
"5","T4398343",57,0.8,"specimen_orig_ident","orig.ident",0.0463038180341186
"6","T4398343",1,0.8,"specimen_orig_ident","orig.ident",0.000847457627118644
"7","T4398343",0,0.8,"specimen_orig_ident","orig.ident",0
"8","T4398343",2,0.8,"specimen_orig_ident","orig.ident",0.0018348623853211
"9","T4398343",9,0.8,"specimen_orig_ident","orig.ident",0.0101123595505618
"10","T4398343",2,0.8,"specimen_orig_ident","orig.ident",0.00236406619385343
"11","T4398343",0,0.8,"specimen_orig_ident","orig.ident",0
"12","T4398343",0,0.8,"specimen_orig_ident","orig.ident",0
"13","T4398343",26,0.8,"specimen_orig_ident","orig.ident",0.0599078341013825
"14","T4398343",1,0.8,"specimen_orig_ident","orig.ident",0.00355871886120996
"15","T4398343",0,0.8,"specimen_orig_ident","orig.ident",0
"16","T4398343",0,0.8,"specimen_orig_ident","orig.ident",0
"17","T4398343",0,0.8,"specimen_orig_ident","orig.ident",0
"18","T4398343",0,0.8,"specimen_orig_ident","orig.ident",0
"19","T4398343",1,0.8,"specimen_orig_ident","orig.ident",0.00917431192660551
"0","T4450398",0,0.8,"specimen_orig_ident","orig.ident",0
"1","T4450398",0,0.8,"specimen_orig_ident","orig.ident",0
"2","T4450398",0,0.8,"specimen_orig_ident","orig.ident",0
"3","T4450398",0,0.8,"specimen_orig_ident","orig.ident",0
"4","T4450398",0,0.8,"specimen_orig_ident","orig.ident",0
"5","T4450398",18,0.8,"specimen_orig_ident","orig.ident",0.0146222583265638
"6","T4450398",0,0.8,"specimen_orig_ident","orig.ident",0
"7","T4450398",0,0.8,"specimen_orig_ident","orig.ident",0
"8","T4450398",0,0.8,"specimen_orig_ident","orig.ident",0
"9","T4450398",6,0.8,"specimen_orig_ident","orig.ident",0.00674157303370787
"10","T4450398",0,0.8,"specimen_orig_ident","orig.ident",0
"11","T4450398",0,0.8,"specimen_orig_ident","orig.ident",0
"12","T4450398",0,0.8,"specimen_orig_ident","orig.ident",0
"13","T4450398",6,0.8,"specimen_orig_ident","orig.ident",0.0138248847926267
"14","T4450398",0,0.8,"specimen_orig_ident","orig.ident",0
"15","T4450398",0,0.8,"specimen_orig_ident","orig.ident",0
"16","T4450398",0,0.8,"specimen_orig_ident","orig.ident",0
"17","T4450398",0,0.8,"specimen_orig_ident","orig.ident",0
"18","T4450398",0,0.8,"specimen_orig_ident","orig.ident",0
"19","T4450398",0,0.8,"specimen_orig_ident","orig.ident",0
"0","T4463209a",0,0.8,"specimen_orig_ident","orig.ident",0
"1","T4463209a",0,0.8,"specimen_orig_ident","orig.ident",0
"2","T4463209a",0,0.8,"specimen_orig_ident","orig.ident",0
"3","T4463209a",0,0.8,"specimen_orig_ident","orig.ident",0
"4","T4463209a",6,0.8,"specimen_orig_ident","orig.ident",0.00416666666666667
"5","T4463209a",67,0.8,"specimen_orig_ident","orig.ident",0.0544272948822096
"6","T4463209a",0,0.8,"specimen_orig_ident","orig.ident",0
"7","T4463209a",0,0.8,"specimen_orig_ident","orig.ident",0
"8","T4463209a",2,0.8,"specimen_orig_ident","orig.ident",0.0018348623853211
"9","T4463209a",6,0.8,"specimen_orig_ident","orig.ident",0.00674157303370787
"10","T4463209a",2,0.8,"specimen_orig_ident","orig.ident",0.00236406619385343
"11","T4463209a",2,0.8,"specimen_orig_ident","orig.ident",0.0034965034965035
"12","T4463209a",2,0.8,"specimen_orig_ident","orig.ident",0.00442477876106195
"13","T4463209a",19,0.8,"specimen_orig_ident","orig.ident",0.043778801843318
"14","T4463209a",1,0.8,"specimen_orig_ident","orig.ident",0.00355871886120996
"15","T4463209a",1,0.8,"specimen_orig_ident","orig.ident",0.00442477876106195
"16","T4463209a",0,0.8,"specimen_orig_ident","orig.ident",0
"17","T4463209a",1,0.8,"specimen_orig_ident","orig.ident",0.00709219858156028
"18","T4463209a",0,0.8,"specimen_orig_ident","orig.ident",0
"19","T4463209a",0,0.8,"specimen_orig_ident","orig.ident",0
"0","T4463209b",0,0.8,"specimen_orig_ident","orig.ident",0
"1","T4463209b",0,0.8,"specimen_orig_ident","orig.ident",0
"2","T4463209b",0,0.8,"specimen_orig_ident","orig.ident",0
"3","T4463209b",0,0.8,"specimen_orig_ident","orig.ident",0
"4","T4463209b",1,0.8,"specimen_orig_ident","orig.ident",0.000694444444444444
"5","T4463209b",24,0.8,"specimen_orig_ident","orig.ident",0.0194963444354184
"6","T4463209b",0,0.8,"specimen_orig_ident","orig.ident",0
"7","T4463209b",0,0.8,"specimen_orig_ident","orig.ident",0
"8","T4463209b",4,0.8,"specimen_orig_ident","orig.ident",0.0036697247706422
"9","T4463209b",5,0.8,"specimen_orig_ident","orig.ident",0.00561797752808989
"10","T4463209b",0,0.8,"specimen_orig_ident","orig.ident",0
"11","T4463209b",1,0.8,"specimen_orig_ident","orig.ident",0.00174825174825175
"12","T4463209b",25,0.8,"specimen_orig_ident","orig.ident",0.0553097345132743
"13","T4463209b",18,0.8,"specimen_orig_ident","orig.ident",0.0414746543778802
"14","T4463209b",1,0.8,"specimen_orig_ident","orig.ident",0.00355871886120996
"15","T4463209b",1,0.8,"specimen_orig_ident","orig.ident",0.00442477876106195
"16","T4463209b",0,0.8,"specimen_orig_ident","orig.ident",0
"17","T4463209b",0,0.8,"specimen_orig_ident","orig.ident",0
"18","T4463209b",0,0.8,"specimen_orig_ident","orig.ident",0
"19","T4463209b",0,0.8,"specimen_orig_ident","orig.ident",0
"0","T4465219",0,0.8,"specimen_orig_ident","orig.ident",0
"1","T4465219",0,0.8,"specimen_orig_ident","orig.ident",0
"2","T4465219",0,0.8,"specimen_orig_ident","orig.ident",0
"3","T4465219",0,0.8,"specimen_orig_ident","orig.ident",0
"4","T4465219",4,0.8,"specimen_orig_ident","orig.ident",0.00277777777777778
"5","T4465219",64,0.8,"specimen_orig_ident","orig.ident",0.0519902518277823
"6","T4465219",3,0.8,"specimen_orig_ident","orig.ident",0.00254237288135593
"7","T4465219",0,0.8,"specimen_orig_ident","orig.ident",0
"8","T4465219",1,0.8,"specimen_orig_ident","orig.ident",0.000917431192660551
"9","T4465219",7,0.8,"specimen_orig_ident","orig.ident",0.00786516853932584
"10","T4465219",5,0.8,"specimen_orig_ident","orig.ident",0.00591016548463357
"11","T4465219",73,0.8,"specimen_orig_ident","orig.ident",0.127622377622378
"12","T4465219",0,0.8,"specimen_orig_ident","orig.ident",0
"13","T4465219",17,0.8,"specimen_orig_ident","orig.ident",0.0391705069124424
"14","T4465219",7,0.8,"specimen_orig_ident","orig.ident",0.0249110320284698
"15","T4465219",1,0.8,"specimen_orig_ident","orig.ident",0.00442477876106195
"16","T4465219",0,0.8,"specimen_orig_ident","orig.ident",0
"17","T4465219",1,0.8,"specimen_orig_ident","orig.ident",0.00709219858156028
"18","T4465219",0,0.8,"specimen_orig_ident","orig.ident",0
"19","T4465219",0,0.8,"specimen_orig_ident","orig.ident",0
"0","T4465935",0,0.8,"specimen_orig_ident","orig.ident",0
"1","T4465935",0,0.8,"specimen_orig_ident","orig.ident",0
"2","T4465935",0,0.8,"specimen_orig_ident","orig.ident",0
"3","T4465935",0,0.8,"specimen_orig_ident","orig.ident",0
"4","T4465935",0,0.8,"specimen_orig_ident","orig.ident",0
"5","T4465935",6,0.8,"specimen_orig_ident","orig.ident",0.00487408610885459
"6","T4465935",0,0.8,"specimen_orig_ident","orig.ident",0
"7","T4465935",0,0.8,"specimen_orig_ident","orig.ident",0
"8","T4465935",0,0.8,"specimen_orig_ident","orig.ident",0
"9","T4465935",0,0.8,"specimen_orig_ident","orig.ident",0
"10","T4465935",0,0.8,"specimen_orig_ident","orig.ident",0
"11","T4465935",1,0.8,"specimen_orig_ident","orig.ident",0.00174825174825175
"12","T4465935",2,0.8,"specimen_orig_ident","orig.ident",0.00442477876106195
"13","T4465935",4,0.8,"specimen_orig_ident","orig.ident",0.00921658986175115
"14","T4465935",0,0.8,"specimen_orig_ident","orig.ident",0
"15","T4465935",0,0.8,"specimen_orig_ident","orig.ident",0
"16","T4465935",0,0.8,"specimen_orig_ident","orig.ident",0
"17","T4465935",0,0.8,"specimen_orig_ident","orig.ident",0
"18","T4465935",0,0.8,"specimen_orig_ident","orig.ident",0
"19","T4465935",0,0.8,"specimen_orig_ident","orig.ident",0
"0","T4466585",0,0.8,"specimen_orig_ident","orig.ident",0
"1","T4466585",0,0.8,"specimen_orig_ident","orig.ident",0
"2","T4466585",0,0.8,"specimen_orig_ident","orig.ident",0
"3","T4466585",0,0.8,"specimen_orig_ident","orig.ident",0
"4","T4466585",0,0.8,"specimen_orig_ident","orig.ident",0
"5","T4466585",10,0.8,"specimen_orig_ident","orig.ident",0.00812347684809098
"6","T4466585",0,0.8,"specimen_orig_ident","orig.ident",0
"7","T4466585",0,0.8,"specimen_orig_ident","orig.ident",0
"8","T4466585",2,0.8,"specimen_orig_ident","orig.ident",0.0018348623853211
"9","T4466585",1,0.8,"specimen_orig_ident","orig.ident",0.00112359550561798
"10","T4466585",0,0.8,"specimen_orig_ident","orig.ident",0
"11","T4466585",0,0.8,"specimen_orig_ident","orig.ident",0
"12","T4466585",14,0.8,"specimen_orig_ident","orig.ident",0.0309734513274336
"13","T4466585",4,0.8,"specimen_orig_ident","orig.ident",0.00921658986175115
"14","T4466585",2,0.8,"specimen_orig_ident","orig.ident",0.00711743772241993
"15","T4466585",1,0.8,"specimen_orig_ident","orig.ident",0.00442477876106195
"16","T4466585",0,0.8,"specimen_orig_ident","orig.ident",0
"17","T4466585",0,0.8,"specimen_orig_ident","orig.ident",0
"18","T4466585",0,0.8,"specimen_orig_ident","orig.ident",0
"19","T4466585",0,0.8,"specimen_orig_ident","orig.ident",0
"0","T4469479",0,0.8,"specimen_orig_ident","orig.ident",0
"1","T4469479",0,0.8,"specimen_orig_ident","orig.ident",0
"2","T4469479",0,0.8,"specimen_orig_ident","orig.ident",0
"3","T4469479",0,0.8,"specimen_orig_ident","orig.ident",0
"4","T4469479",5,0.8,"specimen_orig_ident","orig.ident",0.00347222222222222
"5","T4469479",93,0.8,"specimen_orig_ident","orig.ident",0.0755483346872461
"6","T4469479",2,0.8,"specimen_orig_ident","orig.ident",0.00169491525423729
"7","T4469479",0,0.8,"specimen_orig_ident","orig.ident",0
"8","T4469479",3,0.8,"specimen_orig_ident","orig.ident",0.00275229357798165
"9","T4469479",10,0.8,"specimen_orig_ident","orig.ident",0.0112359550561798
"10","T4469479",2,0.8,"specimen_orig_ident","orig.ident",0.00236406619385343
"11","T4469479",3,0.8,"specimen_orig_ident","orig.ident",0.00524475524475524
"12","T4469479",2,0.8,"specimen_orig_ident","orig.ident",0.00442477876106195
"13","T4469479",38,0.8,"specimen_orig_ident","orig.ident",0.0875576036866359
"14","T4469479",8,0.8,"specimen_orig_ident","orig.ident",0.0284697508896797
"15","T4469479",0,0.8,"specimen_orig_ident","orig.ident",0
"16","T4469479",1,0.8,"specimen_orig_ident","orig.ident",0.00636942675159236
"17","T4469479",1,0.8,"specimen_orig_ident","orig.ident",0.00709219858156028
"18","T4469479",0,0.8,"specimen_orig_ident","orig.ident",0
"19","T4469479",0,0.8,"specimen_orig_ident","orig.ident",0
"0","T4471438",0,0.8,"specimen_orig_ident","orig.ident",0
"1","T4471438",0,0.8,"specimen_orig_ident","orig.ident",0
"2","T4471438",6,0.8,"specimen_orig_ident","orig.ident",0.00388852883992223
"3","T4471438",0,0.8,"specimen_orig_ident","orig.ident",0
"4","T4471438",44,0.8,"specimen_orig_ident","orig.ident",0.0305555555555556
"5","T4471438",747,0.8,"specimen_orig_ident","orig.ident",0.606823720552396
"6","T4471438",6,0.8,"specimen_orig_ident","orig.ident",0.00508474576271186
"7","T4471438",1,0.8,"specimen_orig_ident","orig.ident",0.000870322019147084
"8","T4471438",13,0.8,"specimen_orig_ident","orig.ident",0.0119266055045872
"9","T4471438",62,0.8,"specimen_orig_ident","orig.ident",0.0696629213483146
"10","T4471438",27,0.8,"specimen_orig_ident","orig.ident",0.0319148936170213
"11","T4471438",7,0.8,"specimen_orig_ident","orig.ident",0.0122377622377622
"12","T4471438",24,0.8,"specimen_orig_ident","orig.ident",0.0530973451327434
"13","T4471438",207,0.8,"specimen_orig_ident","orig.ident",0.476958525345622
"14","T4471438",14,0.8,"specimen_orig_ident","orig.ident",0.0498220640569395
"15","T4471438",10,0.8,"specimen_orig_ident","orig.ident",0.0442477876106195
"16","T4471438",4,0.8,"specimen_orig_ident","orig.ident",0.0254777070063694
"17","T4471438",5,0.8,"specimen_orig_ident","orig.ident",0.0354609929078014
"18","T4471438",0,0.8,"specimen_orig_ident","orig.ident",0
"19","T4471438",11,0.8,"specimen_orig_ident","orig.ident",0.100917431192661
"0","T8009218",0,0.8,"specimen_orig_ident","orig.ident",0
"1","T8009218",0,0.8,"specimen_orig_ident","orig.ident",0
"2","T8009218",0,0.8,"specimen_orig_ident","orig.ident",0
"3","T8009218",0,0.8,"specimen_orig_ident","orig.ident",0
"4","T8009218",1,0.8,"specimen_orig_ident","orig.ident",0.000694444444444444
"5","T8009218",28,0.8,"specimen_orig_ident","orig.ident",0.0227457351746548
"6","T8009218",0,0.8,"specimen_orig_ident","orig.ident",0
"7","T8009218",0,0.8,"specimen_orig_ident","orig.ident",0
"8","T8009218",4,0.8,"specimen_orig_ident","orig.ident",0.0036697247706422
"9","T8009218",5,0.8,"specimen_orig_ident","orig.ident",0.00561797752808989
"10","T8009218",1,0.8,"specimen_orig_ident","orig.ident",0.00118203309692671
"11","T8009218",3,0.8,"specimen_orig_ident","orig.ident",0.00524475524475524
"12","T8009218",20,0.8,"specimen_orig_ident","orig.ident",0.0442477876106195
"13","T8009218",14,0.8,"specimen_orig_ident","orig.ident",0.032258064516129
"14","T8009218",9,0.8,"specimen_orig_ident","orig.ident",0.0320284697508897
"15","T8009218",0,0.8,"specimen_orig_ident","orig.ident",0
"16","T8009218",1,0.8,"specimen_orig_ident","orig.ident",0.00636942675159236
"17","T8009218",0,0.8,"specimen_orig_ident","orig.ident",0
"18","T8009218",0,0.8,"specimen_orig_ident","orig.ident",0
"19","T8009218",0,0.8,"specimen_orig_ident","orig.ident",0
"0","PRJNA662018_PRJNA662018_P1N1",665,0.8,"specimen_sample_id","sample_id",0.357142857142857
"1","PRJNA662018_PRJNA662018_P1N1",671,0.8,"specimen_sample_id","sample_id",0.365468409586057
"2","PRJNA662018_PRJNA662018_P1N1",168,0.8,"specimen_sample_id","sample_id",0.108878807517822
"3","PRJNA662018_PRJNA662018_P1N1",347,0.8,"specimen_sample_id","sample_id",0.233042310275353
"4","PRJNA662018_PRJNA662018_P1N1",47,0.8,"specimen_sample_id","sample_id",0.0326388888888889
"5","PRJNA662018_PRJNA662018_P1N1",0,0.8,"specimen_sample_id","sample_id",0
"6","PRJNA662018_PRJNA662018_P1N1",86,0.8,"specimen_sample_id","sample_id",0.0728813559322034
"7","PRJNA662018_PRJNA662018_P1N1",296,0.8,"specimen_sample_id","sample_id",0.257615317667537
"8","PRJNA662018_PRJNA662018_P1N1",229,0.8,"specimen_sample_id","sample_id",0.210091743119266
"9","PRJNA662018_PRJNA662018_P1N1",86,0.8,"specimen_sample_id","sample_id",0.0966292134831461
"10","PRJNA662018_PRJNA662018_P1N1",29,0.8,"specimen_sample_id","sample_id",0.0342789598108747
"11","PRJNA662018_PRJNA662018_P1N1",34,0.8,"specimen_sample_id","sample_id",0.0594405594405594
"12","PRJNA662018_PRJNA662018_P1N1",27,0.8,"specimen_sample_id","sample_id",0.0597345132743363
"13","PRJNA662018_PRJNA662018_P1N1",0,0.8,"specimen_sample_id","sample_id",0
"14","PRJNA662018_PRJNA662018_P1N1",47,0.8,"specimen_sample_id","sample_id",0.167259786476868
"15","PRJNA662018_PRJNA662018_P1N1",19,0.8,"specimen_sample_id","sample_id",0.084070796460177
"16","PRJNA662018_PRJNA662018_P1N1",17,0.8,"specimen_sample_id","sample_id",0.10828025477707
"17","PRJNA662018_PRJNA662018_P1N1",4,0.8,"specimen_sample_id","sample_id",0.0283687943262411
"18","PRJNA662018_PRJNA662018_P1N1",7,0.8,"specimen_sample_id","sample_id",0.0630630630630631
"19","PRJNA662018_PRJNA662018_P1N1",4,0.8,"specimen_sample_id","sample_id",0.036697247706422
"0","PRJNA662018_PRJNA662018_P1T1",94,0.8,"specimen_sample_id","sample_id",0.0504833512352309
"1","PRJNA662018_PRJNA662018_P1T1",148,0.8,"specimen_sample_id","sample_id",0.0806100217864924
"2","PRJNA662018_PRJNA662018_P1T1",165,0.8,"specimen_sample_id","sample_id",0.106934543097861
"3","PRJNA662018_PRJNA662018_P1T1",80,0.8,"specimen_sample_id","sample_id",0.0537273337810611
"4","PRJNA662018_PRJNA662018_P1T1",65,0.8,"specimen_sample_id","sample_id",0.0451388888888889
"5","PRJNA662018_PRJNA662018_P1T1",0,0.8,"specimen_sample_id","sample_id",0
"6","PRJNA662018_PRJNA662018_P1T1",76,0.8,"specimen_sample_id","sample_id",0.0644067796610169
"7","PRJNA662018_PRJNA662018_P1T1",78,0.8,"specimen_sample_id","sample_id",0.0678851174934726
"8","PRJNA662018_PRJNA662018_P1T1",98,0.8,"specimen_sample_id","sample_id",0.0899082568807339
"9","PRJNA662018_PRJNA662018_P1T1",67,0.8,"specimen_sample_id","sample_id",0.0752808988764045
"10","PRJNA662018_PRJNA662018_P1T1",88,0.8,"specimen_sample_id","sample_id",0.104018912529551
"11","PRJNA662018_PRJNA662018_P1T1",31,0.8,"specimen_sample_id","sample_id",0.0541958041958042
"12","PRJNA662018_PRJNA662018_P1T1",4,0.8,"specimen_sample_id","sample_id",0.00884955752212389
"13","PRJNA662018_PRJNA662018_P1T1",0,0.8,"specimen_sample_id","sample_id",0
"14","PRJNA662018_PRJNA662018_P1T1",32,0.8,"specimen_sample_id","sample_id",0.113879003558719
"15","PRJNA662018_PRJNA662018_P1T1",31,0.8,"specimen_sample_id","sample_id",0.13716814159292
"16","PRJNA662018_PRJNA662018_P1T1",16,0.8,"specimen_sample_id","sample_id",0.101910828025478
"17","PRJNA662018_PRJNA662018_P1T1",9,0.8,"specimen_sample_id","sample_id",0.0638297872340425
"18","PRJNA662018_PRJNA662018_P1T1",6,0.8,"specimen_sample_id","sample_id",0.0540540540540541
"19","PRJNA662018_PRJNA662018_P1T1",3,0.8,"specimen_sample_id","sample_id",0.0275229357798165
"0","PRJNA662018_PRJNA662018_P2T2",478,0.8,"specimen_sample_id","sample_id",0.25671321160043
"1","PRJNA662018_PRJNA662018_P2T2",130,0.8,"specimen_sample_id","sample_id",0.0708061002178649
"2","PRJNA662018_PRJNA662018_P2T2",478,0.8,"specimen_sample_id","sample_id",0.309786130913804
"3","PRJNA662018_PRJNA662018_P2T2",345,0.8,"specimen_sample_id","sample_id",0.231699126930826
"4","PRJNA662018_PRJNA662018_P2T2",208,0.8,"specimen_sample_id","sample_id",0.144444444444444
"5","PRJNA662018_PRJNA662018_P2T2",0,0.8,"specimen_sample_id","sample_id",0
"6","PRJNA662018_PRJNA662018_P2T2",226,0.8,"specimen_sample_id","sample_id",0.191525423728814
"7","PRJNA662018_PRJNA662018_P2T2",192,0.8,"specimen_sample_id","sample_id",0.16710182767624
"8","PRJNA662018_PRJNA662018_P2T2",124,0.8,"specimen_sample_id","sample_id",0.113761467889908
"9","PRJNA662018_PRJNA662018_P2T2",199,0.8,"specimen_sample_id","sample_id",0.223595505617978
"10","PRJNA662018_PRJNA662018_P2T2",152,0.8,"specimen_sample_id","sample_id",0.179669030732861
"11","PRJNA662018_PRJNA662018_P2T2",73,0.8,"specimen_sample_id","sample_id",0.127622377622378
"12","PRJNA662018_PRJNA662018_P2T2",132,0.8,"specimen_sample_id","sample_id",0.292035398230089
"13","PRJNA662018_PRJNA662018_P2T2",0,0.8,"specimen_sample_id","sample_id",0
"14","PRJNA662018_PRJNA662018_P2T2",47,0.8,"specimen_sample_id","sample_id",0.167259786476868
"15","PRJNA662018_PRJNA662018_P2T2",77,0.8,"specimen_sample_id","sample_id",0.34070796460177
"16","PRJNA662018_PRJNA662018_P2T2",19,0.8,"specimen_sample_id","sample_id",0.121019108280255
"17","PRJNA662018_PRJNA662018_P2T2",26,0.8,"specimen_sample_id","sample_id",0.184397163120567
"18","PRJNA662018_PRJNA662018_P2T2",16,0.8,"specimen_sample_id","sample_id",0.144144144144144
"19","PRJNA662018_PRJNA662018_P2T2",26,0.8,"specimen_sample_id","sample_id",0.238532110091743
"0","PRJNA662018_PRJNA662018_P3N3",119,0.8,"specimen_sample_id","sample_id",0.0639097744360902
"1","PRJNA662018_PRJNA662018_P3N3",320,0.8,"specimen_sample_id","sample_id",0.174291938997821
"2","PRJNA662018_PRJNA662018_P3N3",21,0.8,"specimen_sample_id","sample_id",0.0136098509397278
"3","PRJNA662018_PRJNA662018_P3N3",133,0.8,"specimen_sample_id","sample_id",0.0893216924110141
"4","PRJNA662018_PRJNA662018_P3N3",144,0.8,"specimen_sample_id","sample_id",0.1
"5","PRJNA662018_PRJNA662018_P3N3",0,0.8,"specimen_sample_id","sample_id",0
"6","PRJNA662018_PRJNA662018_P3N3",160,0.8,"specimen_sample_id","sample_id",0.135593220338983
"7","PRJNA662018_PRJNA662018_P3N3",169,0.8,"specimen_sample_id","sample_id",0.147084421235857
"8","PRJNA662018_PRJNA662018_P3N3",150,0.8,"specimen_sample_id","sample_id",0.137614678899083
"9","PRJNA662018_PRJNA662018_P3N3",46,0.8,"specimen_sample_id","sample_id",0.051685393258427
"10","PRJNA662018_PRJNA662018_P3N3",2,0.8,"specimen_sample_id","sample_id",0.00236406619385343
"11","PRJNA662018_PRJNA662018_P3N3",16,0.8,"specimen_sample_id","sample_id",0.027972027972028
"12","PRJNA662018_PRJNA662018_P3N3",5,0.8,"specimen_sample_id","sample_id",0.0110619469026549
"13","PRJNA662018_PRJNA662018_P3N3",0,0.8,"specimen_sample_id","sample_id",0
"14","PRJNA662018_PRJNA662018_P3N3",6,0.8,"specimen_sample_id","sample_id",0.0213523131672598
"15","PRJNA662018_PRJNA662018_P3N3",1,0.8,"specimen_sample_id","sample_id",0.00442477876106195
"16","PRJNA662018_PRJNA662018_P3N3",15,0.8,"specimen_sample_id","sample_id",0.0955414012738854
"17","PRJNA662018_PRJNA662018_P3N3",0,0.8,"specimen_sample_id","sample_id",0
"18","PRJNA662018_PRJNA662018_P3N3",23,0.8,"specimen_sample_id","sample_id",0.207207207207207
"19","PRJNA662018_PRJNA662018_P3N3",0,0.8,"specimen_sample_id","sample_id",0
"0","PRJNA662018_PRJNA662018_P3T3",149,0.8,"specimen_sample_id","sample_id",0.0800214822771214
"1","PRJNA662018_PRJNA662018_P3T3",111,0.8,"specimen_sample_id","sample_id",0.0604575163398693
"2","PRJNA662018_PRJNA662018_P3T3",142,0.8,"specimen_sample_id","sample_id",0.0920285158781594
"3","PRJNA662018_PRJNA662018_P3T3",177,0.8,"specimen_sample_id","sample_id",0.118871725990598
"4","PRJNA662018_PRJNA662018_P3T3",140,0.8,"specimen_sample_id","sample_id",0.0972222222222222
"5","PRJNA662018_PRJNA662018_P3T3",0,0.8,"specimen_sample_id","sample_id",0
"6","PRJNA662018_PRJNA662018_P3T3",176,0.8,"specimen_sample_id","sample_id",0.149152542372881
"7","PRJNA662018_PRJNA662018_P3T3",132,0.8,"specimen_sample_id","sample_id",0.114882506527415
"8","PRJNA662018_PRJNA662018_P3T3",64,0.8,"specimen_sample_id","sample_id",0.0587155963302752
"9","PRJNA662018_PRJNA662018_P3T3",48,0.8,"specimen_sample_id","sample_id",0.0539325842696629
"10","PRJNA662018_PRJNA662018_P3T3",43,0.8,"specimen_sample_id","sample_id",0.0508274231678487
"11","PRJNA662018_PRJNA662018_P3T3",16,0.8,"specimen_sample_id","sample_id",0.027972027972028
"12","PRJNA662018_PRJNA662018_P3T3",7,0.8,"specimen_sample_id","sample_id",0.0154867256637168
"13","PRJNA662018_PRJNA662018_P3T3",0,0.8,"specimen_sample_id","sample_id",0
"14","PRJNA662018_PRJNA662018_P3T3",8,0.8,"specimen_sample_id","sample_id",0.0284697508896797
"15","PRJNA662018_PRJNA662018_P3T3",6,0.8,"specimen_sample_id","sample_id",0.0265486725663717
"16","PRJNA662018_PRJNA662018_P3T3",18,0.8,"specimen_sample_id","sample_id",0.114649681528662
"17","PRJNA662018_PRJNA662018_P3T3",7,0.8,"specimen_sample_id","sample_id",0.049645390070922
"18","PRJNA662018_PRJNA662018_P3T3",35,0.8,"specimen_sample_id","sample_id",0.315315315315315
"19","PRJNA662018_PRJNA662018_P3T3",7,0.8,"specimen_sample_id","sample_id",0.0642201834862385
"0","PRJNA662018_PRJNA662018_P4T4",2,0.8,"specimen_sample_id","sample_id",0.00107411385606874
"1","PRJNA662018_PRJNA662018_P4T4",0,0.8,"specimen_sample_id","sample_id",0
"2","PRJNA662018_PRJNA662018_P4T4",232,0.8,"specimen_sample_id","sample_id",0.150356448476993
"3","PRJNA662018_PRJNA662018_P4T4",0,0.8,"specimen_sample_id","sample_id",0
"4","PRJNA662018_PRJNA662018_P4T4",278,0.8,"specimen_sample_id","sample_id",0.193055555555556
"5","PRJNA662018_PRJNA662018_P4T4",0,0.8,"specimen_sample_id","sample_id",0
"6","PRJNA662018_PRJNA662018_P4T4",54,0.8,"specimen_sample_id","sample_id",0.0457627118644068
"7","PRJNA662018_PRJNA662018_P4T4",23,0.8,"specimen_sample_id","sample_id",0.0200174064403829
"8","PRJNA662018_PRJNA662018_P4T4",71,0.8,"specimen_sample_id","sample_id",0.0651376146788991
"9","PRJNA662018_PRJNA662018_P4T4",157,0.8,"specimen_sample_id","sample_id",0.176404494382022
"10","PRJNA662018_PRJNA662018_P4T4",229,0.8,"specimen_sample_id","sample_id",0.270685579196217
"11","PRJNA662018_PRJNA662018_P4T4",13,0.8,"specimen_sample_id","sample_id",0.0227272727272727
"12","PRJNA662018_PRJNA662018_P4T4",0,0.8,"specimen_sample_id","sample_id",0
"13","PRJNA662018_PRJNA662018_P4T4",0,0.8,"specimen_sample_id","sample_id",0
"14","PRJNA662018_PRJNA662018_P4T4",14,0.8,"specimen_sample_id","sample_id",0.0498220640569395
"15","PRJNA662018_PRJNA662018_P4T4",40,0.8,"specimen_sample_id","sample_id",0.176991150442478
"16","PRJNA662018_PRJNA662018_P4T4",13,0.8,"specimen_sample_id","sample_id",0.0828025477707006
"17","PRJNA662018_PRJNA662018_P4T4",44,0.8,"specimen_sample_id","sample_id",0.312056737588652
"18","PRJNA662018_PRJNA662018_P4T4",0,0.8,"specimen_sample_id","sample_id",0
"19","PRJNA662018_PRJNA662018_P4T4",17,0.8,"specimen_sample_id","sample_id",0.155963302752294
"0","PRJNA662018_PRJNA662018_P5T5",2,0.8,"specimen_sample_id","sample_id",0.00107411385606874
"1","PRJNA662018_PRJNA662018_P5T5",1,0.8,"specimen_sample_id","sample_id",0.000544662309368192
"2","PRJNA662018_PRJNA662018_P5T5",56,0.8,"specimen_sample_id","sample_id",0.0362929358392741
"3","PRJNA662018_PRJNA662018_P5T5",2,0.8,"specimen_sample_id","sample_id",0.00134318334452653
"4","PRJNA662018_PRJNA662018_P5T5",78,0.8,"specimen_sample_id","sample_id",0.0541666666666667
"5","PRJNA662018_PRJNA662018_P5T5",0,0.8,"specimen_sample_id","sample_id",0
"6","PRJNA662018_PRJNA662018_P5T5",43,0.8,"specimen_sample_id","sample_id",0.0364406779661017
"7","PRJNA662018_PRJNA662018_P5T5",12,0.8,"specimen_sample_id","sample_id",0.010443864229765
"8","PRJNA662018_PRJNA662018_P5T5",21,0.8,"specimen_sample_id","sample_id",0.0192660550458716
"9","PRJNA662018_PRJNA662018_P5T5",2,0.8,"specimen_sample_id","sample_id",0.00224719101123596
"10","PRJNA662018_PRJNA662018_P5T5",67,0.8,"specimen_sample_id","sample_id",0.0791962174940898
"11","PRJNA662018_PRJNA662018_P5T5",20,0.8,"specimen_sample_id","sample_id",0.034965034965035
"12","PRJNA662018_PRJNA662018_P5T5",0,0.8,"specimen_sample_id","sample_id",0
"13","PRJNA662018_PRJNA662018_P5T5",0,0.8,"specimen_sample_id","sample_id",0
"14","PRJNA662018_PRJNA662018_P5T5",0,0.8,"specimen_sample_id","sample_id",0
"15","PRJNA662018_PRJNA662018_P5T5",5,0.8,"specimen_sample_id","sample_id",0.0221238938053097
"16","PRJNA662018_PRJNA662018_P5T5",5,0.8,"specimen_sample_id","sample_id",0.0318471337579618
"17","PRJNA662018_PRJNA662018_P5T5",10,0.8,"specimen_sample_id","sample_id",0.0709219858156028
"18","PRJNA662018_PRJNA662018_P5T5",0,0.8,"specimen_sample_id","sample_id",0
"19","PRJNA662018_PRJNA662018_P5T5",3,0.8,"specimen_sample_id","sample_id",0.0275229357798165
"0","PRJNA662018_PRJNA662018_P6N2",272,0.8,"specimen_sample_id","sample_id",0.146079484425349
"1","PRJNA662018_PRJNA662018_P6N2",247,0.8,"specimen_sample_id","sample_id",0.134531590413943
"2","PRJNA662018_PRJNA662018_P6N2",45,0.8,"specimen_sample_id","sample_id",0.0291639662994167
"3","PRJNA662018_PRJNA662018_P6N2",200,0.8,"specimen_sample_id","sample_id",0.134318334452653
"4","PRJNA662018_PRJNA662018_P6N2",73,0.8,"specimen_sample_id","sample_id",0.0506944444444444
"5","PRJNA662018_PRJNA662018_P6N2",0,0.8,"specimen_sample_id","sample_id",0
"6","PRJNA662018_PRJNA662018_P6N2",104,0.8,"specimen_sample_id","sample_id",0.088135593220339
"7","PRJNA662018_PRJNA662018_P6N2",176,0.8,"specimen_sample_id","sample_id",0.153176675369887
"8","PRJNA662018_PRJNA662018_P6N2",85,0.8,"specimen_sample_id","sample_id",0.0779816513761468
"9","PRJNA662018_PRJNA662018_P6N2",36,0.8,"specimen_sample_id","sample_id",0.0404494382022472
"10","PRJNA662018_PRJNA662018_P6N2",7,0.8,"specimen_sample_id","sample_id",0.008274231678487
"11","PRJNA662018_PRJNA662018_P6N2",11,0.8,"specimen_sample_id","sample_id",0.0192307692307692
"12","PRJNA662018_PRJNA662018_P6N2",13,0.8,"specimen_sample_id","sample_id",0.0287610619469027
"13","PRJNA662018_PRJNA662018_P6N2",0,0.8,"specimen_sample_id","sample_id",0
"14","PRJNA662018_PRJNA662018_P6N2",17,0.8,"specimen_sample_id","sample_id",0.0604982206405694
"15","PRJNA662018_PRJNA662018_P6N2",5,0.8,"specimen_sample_id","sample_id",0.0221238938053097
"16","PRJNA662018_PRJNA662018_P6N2",14,0.8,"specimen_sample_id","sample_id",0.089171974522293
"17","PRJNA662018_PRJNA662018_P6N2",4,0.8,"specimen_sample_id","sample_id",0.0283687943262411
"18","PRJNA662018_PRJNA662018_P6N2",11,0.8,"specimen_sample_id","sample_id",0.0990990990990991
"19","PRJNA662018_PRJNA662018_P6N2",5,0.8,"specimen_sample_id","sample_id",0.0458715596330275
"0","PRJNA662018_PRJNA662018_P6T6",5,0.8,"specimen_sample_id","sample_id",0.00268528464017186
"1","PRJNA662018_PRJNA662018_P6T6",26,0.8,"specimen_sample_id","sample_id",0.014161220043573
"2","PRJNA662018_PRJNA662018_P6T6",17,0.8,"specimen_sample_id","sample_id",0.0110174983797796
"3","PRJNA662018_PRJNA662018_P6T6",6,0.8,"specimen_sample_id","sample_id",0.00402955003357958
"4","PRJNA662018_PRJNA662018_P6T6",44,0.8,"specimen_sample_id","sample_id",0.0305555555555556
"5","PRJNA662018_PRJNA662018_P6T6",0,0.8,"specimen_sample_id","sample_id",0
"6","PRJNA662018_PRJNA662018_P6T6",26,0.8,"specimen_sample_id","sample_id",0.0220338983050847
"7","PRJNA662018_PRJNA662018_P6T6",30,0.8,"specimen_sample_id","sample_id",0.0261096605744125
"8","PRJNA662018_PRJNA662018_P6T6",11,0.8,"specimen_sample_id","sample_id",0.0100917431192661
"9","PRJNA662018_PRJNA662018_P6T6",1,0.8,"specimen_sample_id","sample_id",0.00112359550561798
"10","PRJNA662018_PRJNA662018_P6T6",17,0.8,"specimen_sample_id","sample_id",0.0200945626477541
"11","PRJNA662018_PRJNA662018_P6T6",53,0.8,"specimen_sample_id","sample_id",0.0926573426573427
"12","PRJNA662018_PRJNA662018_P6T6",0,0.8,"specimen_sample_id","sample_id",0
"13","PRJNA662018_PRJNA662018_P6T6",0,0.8,"specimen_sample_id","sample_id",0
"14","PRJNA662018_PRJNA662018_P6T6",2,0.8,"specimen_sample_id","sample_id",0.00711743772241993
"15","PRJNA662018_PRJNA662018_P6T6",0,0.8,"specimen_sample_id","sample_id",0
"16","PRJNA662018_PRJNA662018_P6T6",1,0.8,"specimen_sample_id","sample_id",0.00636942675159236
"17","PRJNA662018_PRJNA662018_P6T6",2,0.8,"specimen_sample_id","sample_id",0.0141843971631206
"18","PRJNA662018_PRJNA662018_P6T6",4,0.8,"specimen_sample_id","sample_id",0.036036036036036
"19","PRJNA662018_PRJNA662018_P6T6",0,0.8,"specimen_sample_id","sample_id",0
"0","PRJNA662018_PRJNA662018_P7T7",0,0.8,"specimen_sample_id","sample_id",0
"1","PRJNA662018_PRJNA662018_P7T7",0,0.8,"specimen_sample_id","sample_id",0
"2","PRJNA662018_PRJNA662018_P7T7",44,0.8,"specimen_sample_id","sample_id",0.0285158781594297
"3","PRJNA662018_PRJNA662018_P7T7",0,0.8,"specimen_sample_id","sample_id",0
"4","PRJNA662018_PRJNA662018_P7T7",37,0.8,"specimen_sample_id","sample_id",0.0256944444444444
"5","PRJNA662018_PRJNA662018_P7T7",0,0.8,"specimen_sample_id","sample_id",0
"6","PRJNA662018_PRJNA662018_P7T7",12,0.8,"specimen_sample_id","sample_id",0.0101694915254237
"7","PRJNA662018_PRJNA662018_P7T7",5,0.8,"specimen_sample_id","sample_id",0.00435161009573542
"8","PRJNA662018_PRJNA662018_P7T7",10,0.8,"specimen_sample_id","sample_id",0.00917431192660551
"9","PRJNA662018_PRJNA662018_P7T7",7,0.8,"specimen_sample_id","sample_id",0.00786516853932584
"10","PRJNA662018_PRJNA662018_P7T7",30,0.8,"specimen_sample_id","sample_id",0.0354609929078014
"11","PRJNA662018_PRJNA662018_P7T7",22,0.8,"specimen_sample_id","sample_id",0.0384615384615385
"12","PRJNA662018_PRJNA662018_P7T7",0,0.8,"specimen_sample_id","sample_id",0
"13","PRJNA662018_PRJNA662018_P7T7",0,0.8,"specimen_sample_id","sample_id",0
"14","PRJNA662018_PRJNA662018_P7T7",2,0.8,"specimen_sample_id","sample_id",0.00711743772241993
"15","PRJNA662018_PRJNA662018_P7T7",5,0.8,"specimen_sample_id","sample_id",0.0221238938053097
"16","PRJNA662018_PRJNA662018_P7T7",1,0.8,"specimen_sample_id","sample_id",0.00636942675159236
"17","PRJNA662018_PRJNA662018_P7T7",9,0.8,"specimen_sample_id","sample_id",0.0638297872340425
"18","PRJNA662018_PRJNA662018_P7T7",0,0.8,"specimen_sample_id","sample_id",0
"19","PRJNA662018_PRJNA662018_P7T7",6,0.8,"specimen_sample_id","sample_id",0.055045871559633
"0","PRJNA662018_PRJNA662018_P8T8",1,0.8,"specimen_sample_id","sample_id",0.000537056928034372
"1","PRJNA662018_PRJNA662018_P8T8",4,0.8,"specimen_sample_id","sample_id",0.00217864923747277
"2","PRJNA662018_PRJNA662018_P8T8",3,0.8,"specimen_sample_id","sample_id",0.00194426441996111
"3","PRJNA662018_PRJNA662018_P8T8",4,0.8,"specimen_sample_id","sample_id",0.00268636668905306
"4","PRJNA662018_PRJNA662018_P8T8",7,0.8,"specimen_sample_id","sample_id",0.00486111111111111
"5","PRJNA662018_PRJNA662018_P8T8",0,0.8,"specimen_sample_id","sample_id",0
"6","PRJNA662018_PRJNA662018_P8T8",9,0.8,"specimen_sample_id","sample_id",0.0076271186440678
"7","PRJNA662018_PRJNA662018_P8T8",3,0.8,"specimen_sample_id","sample_id",0.00261096605744125
"8","PRJNA662018_PRJNA662018_P8T8",6,0.8,"specimen_sample_id","sample_id",0.0055045871559633
"9","PRJNA662018_PRJNA662018_P8T8",1,0.8,"specimen_sample_id","sample_id",0.00112359550561798
"10","PRJNA662018_PRJNA662018_P8T8",10,0.8,"specimen_sample_id","sample_id",0.0118203309692671
"11","PRJNA662018_PRJNA662018_P8T8",14,0.8,"specimen_sample_id","sample_id",0.0244755244755245
"12","PRJNA662018_PRJNA662018_P8T8",5,0.8,"specimen_sample_id","sample_id",0.0110619469026549
"13","PRJNA662018_PRJNA662018_P8T8",0,0.8,"specimen_sample_id","sample_id",0
"14","PRJNA662018_PRJNA662018_P8T8",2,0.8,"specimen_sample_id","sample_id",0.00711743772241993
"15","PRJNA662018_PRJNA662018_P8T8",1,0.8,"specimen_sample_id","sample_id",0.00442477876106195
"16","PRJNA662018_PRJNA662018_P8T8",0,0.8,"specimen_sample_id","sample_id",0
"17","PRJNA662018_PRJNA662018_P8T8",3,0.8,"specimen_sample_id","sample_id",0.0212765957446809
"18","PRJNA662018_PRJNA662018_P8T8",0,0.8,"specimen_sample_id","sample_id",0
"19","PRJNA662018_PRJNA662018_P8T8",0,0.8,"specimen_sample_id","sample_id",0
"0",NA,75,0.8,"specimen_sample_id","sample_id",0.0402792696025779
"1",NA,178,0.8,"specimen_sample_id","sample_id",0.0969498910675381
"2",NA,172,0.8,"specimen_sample_id","sample_id",0.111471160077771
"3",NA,195,0.8,"specimen_sample_id","sample_id",0.130960376091336
"4",NA,319,0.8,"specimen_sample_id","sample_id",0.221527777777778
"5",NA,1231,0.8,"specimen_sample_id","sample_id",1
"6",NA,208,0.8,"specimen_sample_id","sample_id",0.176271186440678
"7",NA,33,0.8,"specimen_sample_id","sample_id",0.0287206266318538
"8",NA,221,0.8,"specimen_sample_id","sample_id",0.202752293577982
"9",NA,240,0.8,"specimen_sample_id","sample_id",0.269662921348315
"10",NA,172,0.8,"specimen_sample_id","sample_id",0.203309692671395
"11",NA,269,0.8,"specimen_sample_id","sample_id",0.47027972027972
"12",NA,259,0.8,"specimen_sample_id","sample_id",0.573008849557522
"13",NA,434,0.8,"specimen_sample_id","sample_id",1
"14",NA,104,0.8,"specimen_sample_id","sample_id",0.370106761565836
"15",NA,36,0.8,"specimen_sample_id","sample_id",0.15929203539823
"16",NA,38,0.8,"specimen_sample_id","sample_id",0.24203821656051
"17",NA,23,0.8,"specimen_sample_id","sample_id",0.163120567375887
"18",NA,9,0.8,"specimen_sample_id","sample_id",0.0810810810810811
"19",NA,38,0.8,"specimen_sample_id","sample_id",0.348623853211009
"0","Normal",1116,0.8,"stage_T","T_stage",0.599355531686359
"1","Normal",1397,0.8,"stage_T","T_stage",0.760893246187364
"2","Normal",235,0.8,"stage_T","T_stage",0.152300712896954
"3","Normal",840,0.8,"stage_T","T_stage",0.564137004701142
"4","Normal",280,0.8,"stage_T","T_stage",0.194444444444444
"5","Normal",0,0.8,"stage_T","T_stage",0
"6","Normal",413,0.8,"stage_T","T_stage",0.35
"7","Normal",649,0.8,"stage_T","T_stage",0.564838990426458
"8","Normal",551,0.8,"stage_T","T_stage",0.505504587155963
"9","Normal",221,0.8,"stage_T","T_stage",0.248314606741573
"10","Normal",38,0.8,"stage_T","T_stage",0.0449172576832151
"11","Normal",100,0.8,"stage_T","T_stage",0.174825174825175
"12","Normal",163,0.8,"stage_T","T_stage",0.360619469026549
"13","Normal",0,0.8,"stage_T","T_stage",0
"14","Normal",99,0.8,"stage_T","T_stage",0.352313167259786
"15","Normal",27,0.8,"stage_T","T_stage",0.119469026548673
"16","Normal",58,0.8,"stage_T","T_stage",0.369426751592357
"17","Normal",8,0.8,"stage_T","T_stage",0.0567375886524823
"18","Normal",45,0.8,"stage_T","T_stage",0.405405405405405
"19","Normal",12,0.8,"stage_T","T_stage",0.110091743119266
"0","T1",8,0.8,"stage_T","T_stage",0.00429645542427497
"1","T1",7,0.8,"stage_T","T_stage",0.00381263616557734
"2","T1",52,0.8,"stage_T","T_stage",0.033700583279326
"3","T1",17,0.8,"stage_T","T_stage",0.0114170584284755
"4","T1",101,0.8,"stage_T","T_stage",0.0701388888888889
"5","T1",0,0.8,"stage_T","T_stage",0
"6","T1",59,0.8,"stage_T","T_stage",0.05
"7","T1",12,0.8,"stage_T","T_stage",0.010443864229765
"8","T1",28,0.8,"stage_T","T_stage",0.0256880733944954
"9","T1",37,0.8,"stage_T","T_stage",0.0415730337078652
"10","T1",37,0.8,"stage_T","T_stage",0.0437352245862884
"11","T1",57,0.8,"stage_T","T_stage",0.0996503496503496
"12","T1",23,0.8,"stage_T","T_stage",0.0508849557522124
"13","T1",0,0.8,"stage_T","T_stage",0
"14","T1",2,0.8,"stage_T","T_stage",0.00711743772241993
"15","T1",8,0.8,"stage_T","T_stage",0.0353982300884956
"16","T1",6,0.8,"stage_T","T_stage",0.0382165605095541
"17","T1",5,0.8,"stage_T","T_stage",0.0354609929078014
"18","T1",4,0.8,"stage_T","T_stage",0.036036036036036
"19","T1",8,0.8,"stage_T","T_stage",0.073394495412844
"0","T2",2,0.8,"stage_T","T_stage",0.00107411385606874
"1","T2",0,0.8,"stage_T","T_stage",0
"2","T2",45,0.8,"stage_T","T_stage",0.0291639662994167
"3","T2",1,0.8,"stage_T","T_stage",0.000671591672263264
"4","T2",63,0.8,"stage_T","T_stage",0.04375
"5","T2",290,0.8,"stage_T","T_stage",0.235580828594638
"6","T2",10,0.8,"stage_T","T_stage",0.00847457627118644
"7","T2",4,0.8,"stage_T","T_stage",0.00348128807658834
"8","T2",23,0.8,"stage_T","T_stage",0.0211009174311927
"9","T2",42,0.8,"stage_T","T_stage",0.0471910112359551
"10","T2",48,0.8,"stage_T","T_stage",0.0567375886524823
"11","T2",109,0.8,"stage_T","T_stage",0.190559440559441
"12","T2",43,0.8,"stage_T","T_stage",0.0951327433628319
"13","T2",128,0.8,"stage_T","T_stage",0.294930875576037
"14","T2",17,0.8,"stage_T","T_stage",0.0604982206405694
"15","T2",4,0.8,"stage_T","T_stage",0.0176991150442478
"16","T2",4,0.8,"stage_T","T_stage",0.0254777070063694
"17","T2",6,0.8,"stage_T","T_stage",0.0425531914893617
"18","T2",1,0.8,"stage_T","T_stage",0.00900900900900901
"19","T2",5,0.8,"stage_T","T_stage",0.0458715596330275
"0","T3",1,0.8,"stage_T","T_stage",0.000537056928034372
"1","T3",0,0.8,"stage_T","T_stage",0
"2","T3",11,0.8,"stage_T","T_stage",0.00712896953985742
"3","T3",2,0.8,"stage_T","T_stage",0.00134318334452653
"4","T3",11,0.8,"stage_T","T_stage",0.00763888888888889
"5","T3",28,0.8,"stage_T","T_stage",0.0227457351746548
"6","T3",4,0.8,"stage_T","T_stage",0.00338983050847458
"7","T3",0,0.8,"stage_T","T_stage",0
"8","T3",12,0.8,"stage_T","T_stage",0.0110091743119266
"9","T3",8,0.8,"stage_T","T_stage",0.00898876404494382
"10","T3",19,0.8,"stage_T","T_stage",0.0224586288416076
"11","T3",40,0.8,"stage_T","T_stage",0.0699300699300699
"12","T3",25,0.8,"stage_T","T_stage",0.0553097345132743
"13","T3",14,0.8,"stage_T","T_stage",0.032258064516129
"14","T3",10,0.8,"stage_T","T_stage",0.0355871886120996
"15","T3",1,0.8,"stage_T","T_stage",0.00442477876106195
"16","T3",2,0.8,"stage_T","T_stage",0.0127388535031847
"17","T3",3,0.8,"stage_T","T_stage",0.0212765957446809
"18","T3",0,0.8,"stage_T","T_stage",0
"19","T3",1,0.8,"stage_T","T_stage",0.00917431192660551
"0","T4",3,0.8,"stage_T","T_stage",0.00161117078410311
"1","T4",5,0.8,"stage_T","T_stage",0.00272331154684096
"2","T4",8,0.8,"stage_T","T_stage",0.00518470511989631
"3","T4",6,0.8,"stage_T","T_stage",0.00402955003357958
"4","T4",51,0.8,"stage_T","T_stage",0.0354166666666667
"5","T4",903,0.8,"stage_T","T_stage",0.733549959382616
"6","T4",15,0.8,"stage_T","T_stage",0.0127118644067797
"7","T4",1,0.8,"stage_T","T_stage",0.000870322019147084
"8","T4",29,0.8,"stage_T","T_stage",0.026605504587156
"9","T4",77,0.8,"stage_T","T_stage",0.0865168539325843
"10","T4",33,0.8,"stage_T","T_stage",0.0390070921985816
"11","T4",14,0.8,"stage_T","T_stage",0.0244755244755245
"12","T4",50,0.8,"stage_T","T_stage",0.110619469026549
"13","T4",283,0.8,"stage_T","T_stage",0.652073732718894
"14","T4",29,0.8,"stage_T","T_stage",0.103202846975089
"15","T4",11,0.8,"stage_T","T_stage",0.0486725663716814
"16","T4",7,0.8,"stage_T","T_stage",0.0445859872611465
"17","T4",6,0.8,"stage_T","T_stage",0.0425531914893617
"18","T4",0,0.8,"stage_T","T_stage",0
"19","T4",12,0.8,"stage_T","T_stage",0.110091743119266
"0","Ta",0,0.8,"stage_T","T_stage",0
"1","Ta",0,0.8,"stage_T","T_stage",0
"2","Ta",1,0.8,"stage_T","T_stage",0.000648088139987038
"3","Ta",2,0.8,"stage_T","T_stage",0.00134318334452653
"4","Ta",0,0.8,"stage_T","T_stage",0
"5","Ta",0,0.8,"stage_T","T_stage",0
"6","Ta",0,0.8,"stage_T","T_stage",0
"7","Ta",0,0.8,"stage_T","T_stage",0
"8","Ta",0,0.8,"stage_T","T_stage",0
"9","Ta",0,0.8,"stage_T","T_stage",0
"10","Ta",1,0.8,"stage_T","T_stage",0.00118203309692671
"11","Ta",0,0.8,"stage_T","T_stage",0
"12","Ta",0,0.8,"stage_T","T_stage",0
"13","Ta",0,0.8,"stage_T","T_stage",0
"14","Ta",0,0.8,"stage_T","T_stage",0
"15","Ta",0,0.8,"stage_T","T_stage",0
"16","Ta",0,0.8,"stage_T","T_stage",0
"17","Ta",0,0.8,"stage_T","T_stage",0
"18","Ta",0,0.8,"stage_T","T_stage",0
"19","Ta",0,0.8,"stage_T","T_stage",0
"0",NA,732,0.8,"stage_T","T_stage",0.39312567132116
"1",NA,427,0.8,"stage_T","T_stage",0.232570806100218
"2",NA,1191,0.8,"stage_T","T_stage",0.771872974724563
"3",NA,621,0.8,"stage_T","T_stage",0.417058428475487
"4",NA,934,0.8,"stage_T","T_stage",0.648611111111111
"5",NA,10,0.8,"stage_T","T_stage",0.00812347684809098
"6",NA,679,0.8,"stage_T","T_stage",0.575423728813559
"7",NA,483,0.8,"stage_T","T_stage",0.420365535248042
"8",NA,447,0.8,"stage_T","T_stage",0.410091743119266
"9",NA,505,0.8,"stage_T","T_stage",0.567415730337079
"10",NA,670,0.8,"stage_T","T_stage",0.791962174940898
"11",NA,252,0.8,"stage_T","T_stage",0.440559440559441
"12",NA,148,0.8,"stage_T","T_stage",0.327433628318584
"13",NA,9,0.8,"stage_T","T_stage",0.0207373271889401
"14",NA,124,0.8,"stage_T","T_stage",0.441281138790036
"15",NA,175,0.8,"stage_T","T_stage",0.774336283185841
"16",NA,80,0.8,"stage_T","T_stage",0.509554140127389
"17",NA,113,0.8,"stage_T","T_stage",0.801418439716312
"18",NA,61,0.8,"stage_T","T_stage",0.54954954954955
"19",NA,71,0.8,"stage_T","T_stage",0.651376146788991
"0","N0",13,0.8,"stage_N","N_stage",0.00698174006444683
"1","N0",12,0.8,"stage_N","N_stage",0.0065359477124183
"2","N0",97,0.8,"stage_N","N_stage",0.0628645495787427
"3","N0",27,0.8,"stage_N","N_stage",0.0181329751511081
"4","N0",149,0.8,"stage_N","N_stage",0.103472222222222
"5","N0",0,0.8,"stage_N","N_stage",0
"6","N0",69,0.8,"stage_N","N_stage",0.0584745762711864
"7","N0",16,0.8,"stage_N","N_stage",0.0139251523063534
"8","N0",50,0.8,"stage_N","N_stage",0.0458715596330275
"9","N0",42,0.8,"stage_N","N_stage",0.0471910112359551
"10","N0",80,0.8,"stage_N","N_stage",0.0945626477541371
"11","N0",90,0.8,"stage_N","N_stage",0.157342657342657
"12","N0",31,0.8,"stage_N","N_stage",0.0685840707964602
"13","N0",0,0.8,"stage_N","N_stage",0
"14","N0",4,0.8,"stage_N","N_stage",0.0142348754448399
"15","N0",9,0.8,"stage_N","N_stage",0.0398230088495575
"16","N0",10,0.8,"stage_N","N_stage",0.0636942675159236
"17","N0",9,0.8,"stage_N","N_stage",0.0638297872340425
"18","N0",5,0.8,"stage_N","N_stage",0.045045045045045
"19","N0",12,0.8,"stage_N","N_stage",0.110091743119266
"0","N2",0,0.8,"stage_N","N_stage",0
"1","N2",0,0.8,"stage_N","N_stage",0
"2","N2",0,0.8,"stage_N","N_stage",0
"3","N2",1,0.8,"stage_N","N_stage",0.000671591672263264
"4","N2",0,0.8,"stage_N","N_stage",0
"5","N2",0,0.8,"stage_N","N_stage",0
"6","N2",1,0.8,"stage_N","N_stage",0.000847457627118644
"7","N2",0,0.8,"stage_N","N_stage",0
"8","N2",0,0.8,"stage_N","N_stage",0
"9","N2",1,0.8,"stage_N","N_stage",0.00112359550561798
"10","N2",0,0.8,"stage_N","N_stage",0
"11","N2",0,0.8,"stage_N","N_stage",0
"12","N2",0,0.8,"stage_N","N_stage",0
"13","N2",0,0.8,"stage_N","N_stage",0
"14","N2",0,0.8,"stage_N","N_stage",0
"15","N2",0,0.8,"stage_N","N_stage",0
"16","N2",0,0.8,"stage_N","N_stage",0
"17","N2",0,0.8,"stage_N","N_stage",0
"18","N2",0,0.8,"stage_N","N_stage",0
"19","N2",0,0.8,"stage_N","N_stage",0
"0","N3",1,0.8,"stage_N","N_stage",0.000537056928034372
"1","N3",0,0.8,"stage_N","N_stage",0
"2","N3",11,0.8,"stage_N","N_stage",0.00712896953985742
"3","N3",0,0.8,"stage_N","N_stage",0
"4","N3",10,0.8,"stage_N","N_stage",0.00694444444444444
"5","N3",0,0.8,"stage_N","N_stage",0
"6","N3",3,0.8,"stage_N","N_stage",0.00254237288135593
"7","N3",0,0.8,"stage_N","N_stage",0
"8","N3",6,0.8,"stage_N","N_stage",0.0055045871559633
"9","N3",3,0.8,"stage_N","N_stage",0.00337078651685393
"10","N3",17,0.8,"stage_N","N_stage",0.0200945626477541
"11","N3",37,0.8,"stage_N","N_stage",0.0646853146853147
"12","N3",0,0.8,"stage_N","N_stage",0
"13","N3",0,0.8,"stage_N","N_stage",0
"14","N3",1,0.8,"stage_N","N_stage",0.00355871886120996
"15","N3",1,0.8,"stage_N","N_stage",0.00442477876106195
"16","N3",1,0.8,"stage_N","N_stage",0.00636942675159236
"17","N3",3,0.8,"stage_N","N_stage",0.0212765957446809
"18","N3",0,0.8,"stage_N","N_stage",0
"19","N3",1,0.8,"stage_N","N_stage",0.00917431192660551
"0","Normal",1116,0.8,"stage_N","N_stage",0.599355531686359
"1","Normal",1397,0.8,"stage_N","N_stage",0.760893246187364
"2","Normal",235,0.8,"stage_N","N_stage",0.152300712896954
"3","Normal",840,0.8,"stage_N","N_stage",0.564137004701142
"4","Normal",280,0.8,"stage_N","N_stage",0.194444444444444
"5","Normal",0,0.8,"stage_N","N_stage",0
"6","Normal",413,0.8,"stage_N","N_stage",0.35
"7","Normal",649,0.8,"stage_N","N_stage",0.564838990426458
"8","Normal",551,0.8,"stage_N","N_stage",0.505504587155963
"9","Normal",221,0.8,"stage_N","N_stage",0.248314606741573
"10","Normal",38,0.8,"stage_N","N_stage",0.0449172576832151
"11","Normal",100,0.8,"stage_N","N_stage",0.174825174825175
"12","Normal",163,0.8,"stage_N","N_stage",0.360619469026549
"13","Normal",0,0.8,"stage_N","N_stage",0
"14","Normal",99,0.8,"stage_N","N_stage",0.352313167259786
"15","Normal",27,0.8,"stage_N","N_stage",0.119469026548673
"16","Normal",58,0.8,"stage_N","N_stage",0.369426751592357
"17","Normal",8,0.8,"stage_N","N_stage",0.0567375886524823
"18","Normal",45,0.8,"stage_N","N_stage",0.405405405405405
"19","Normal",12,0.8,"stage_N","N_stage",0.110091743119266
"0",NA,732,0.8,"stage_N","N_stage",0.39312567132116
"1",NA,427,0.8,"stage_N","N_stage",0.232570806100218
"2",NA,1200,0.8,"stage_N","N_stage",0.777705767984446
"3",NA,621,0.8,"stage_N","N_stage",0.417058428475487
"4",NA,1001,0.8,"stage_N","N_stage",0.695138888888889
"5",NA,1231,0.8,"stage_N","N_stage",1
"6",NA,694,0.8,"stage_N","N_stage",0.588135593220339
"7",NA,484,0.8,"stage_N","N_stage",0.421235857267189
"8",NA,483,0.8,"stage_N","N_stage",0.443119266055046
"9",NA,623,0.8,"stage_N","N_stage",0.7
"10",NA,711,0.8,"stage_N","N_stage",0.840425531914894
"11",NA,345,0.8,"stage_N","N_stage",0.603146853146853
"12",NA,258,0.8,"stage_N","N_stage",0.570796460176991
"13",NA,434,0.8,"stage_N","N_stage",1
"14",NA,177,0.8,"stage_N","N_stage",0.629893238434164
"15",NA,189,0.8,"stage_N","N_stage",0.836283185840708
"16",NA,88,0.8,"stage_N","N_stage",0.560509554140127
"17",NA,121,0.8,"stage_N","N_stage",0.858156028368794
"18",NA,61,0.8,"stage_N","N_stage",0.54954954954955
"19",NA,84,0.8,"stage_N","N_stage",0.770642201834862
"0","M0",14,0.8,"stage_M","M_stage",0.0075187969924812
"1","M0",12,0.8,"stage_M","M_stage",0.0065359477124183
"2","M0",108,0.8,"stage_M","M_stage",0.0699935191186001
"3","M0",27,0.8,"stage_M","M_stage",0.0181329751511081
"4","M0",159,0.8,"stage_M","M_stage",0.110416666666667
"5","M0",0,0.8,"stage_M","M_stage",0
"6","M0",72,0.8,"stage_M","M_stage",0.0610169491525424
"7","M0",16,0.8,"stage_M","M_stage",0.0139251523063534
"8","M0",56,0.8,"stage_M","M_stage",0.0513761467889908
"9","M0",45,0.8,"stage_M","M_stage",0.050561797752809
"10","M0",97,0.8,"stage_M","M_stage",0.114657210401891
"11","M0",127,0.8,"stage_M","M_stage",0.222027972027972
"12","M0",31,0.8,"stage_M","M_stage",0.0685840707964602
"13","M0",0,0.8,"stage_M","M_stage",0
"14","M0",5,0.8,"stage_M","M_stage",0.0177935943060498
"15","M0",10,0.8,"stage_M","M_stage",0.0442477876106195
"16","M0",11,0.8,"stage_M","M_stage",0.0700636942675159
"17","M0",12,0.8,"stage_M","M_stage",0.0851063829787234
"18","M0",5,0.8,"stage_M","M_stage",0.045045045045045
"19","M0",13,0.8,"stage_M","M_stage",0.119266055045872
"0","Normal",1116,0.8,"stage_M","M_stage",0.599355531686359
"1","Normal",1397,0.8,"stage_M","M_stage",0.760893246187364
"2","Normal",235,0.8,"stage_M","M_stage",0.152300712896954
"3","Normal",840,0.8,"stage_M","M_stage",0.564137004701142
"4","Normal",280,0.8,"stage_M","M_stage",0.194444444444444
"5","Normal",0,0.8,"stage_M","M_stage",0
"6","Normal",413,0.8,"stage_M","M_stage",0.35
"7","Normal",649,0.8,"stage_M","M_stage",0.564838990426458
"8","Normal",551,0.8,"stage_M","M_stage",0.505504587155963
"9","Normal",221,0.8,"stage_M","M_stage",0.248314606741573
"10","Normal",38,0.8,"stage_M","M_stage",0.0449172576832151
"11","Normal",100,0.8,"stage_M","M_stage",0.174825174825175
"12","Normal",163,0.8,"stage_M","M_stage",0.360619469026549
"13","Normal",0,0.8,"stage_M","M_stage",0
"14","Normal",99,0.8,"stage_M","M_stage",0.352313167259786
"15","Normal",27,0.8,"stage_M","M_stage",0.119469026548673
"16","Normal",58,0.8,"stage_M","M_stage",0.369426751592357
"17","Normal",8,0.8,"stage_M","M_stage",0.0567375886524823
"18","Normal",45,0.8,"stage_M","M_stage",0.405405405405405
"19","Normal",12,0.8,"stage_M","M_stage",0.110091743119266
"0",NA,732,0.8,"stage_M","M_stage",0.39312567132116
"1",NA,427,0.8,"stage_M","M_stage",0.232570806100218
"2",NA,1200,0.8,"stage_M","M_stage",0.777705767984446
"3",NA,622,0.8,"stage_M","M_stage",0.41773002014775
"4",NA,1001,0.8,"stage_M","M_stage",0.695138888888889
"5",NA,1231,0.8,"stage_M","M_stage",1
"6",NA,695,0.8,"stage_M","M_stage",0.588983050847458
"7",NA,484,0.8,"stage_M","M_stage",0.421235857267189
"8",NA,483,0.8,"stage_M","M_stage",0.443119266055046
"9",NA,624,0.8,"stage_M","M_stage",0.701123595505618
"10",NA,711,0.8,"stage_M","M_stage",0.840425531914894
"11",NA,345,0.8,"stage_M","M_stage",0.603146853146853
"12",NA,258,0.8,"stage_M","M_stage",0.570796460176991
"13",NA,434,0.8,"stage_M","M_stage",1
"14",NA,177,0.8,"stage_M","M_stage",0.629893238434164
"15",NA,189,0.8,"stage_M","M_stage",0.836283185840708
"16",NA,88,0.8,"stage_M","M_stage",0.560509554140127
"17",NA,121,0.8,"stage_M","M_stage",0.858156028368794
"18",NA,61,0.8,"stage_M","M_stage",0.54954954954955
"19",NA,84,0.8,"stage_M","M_stage",0.770642201834862
"0","MIBC",15,0.8,"clinical_type","Type",0.00805585392051558
"1","MIBC",43,0.8,"clinical_type","Type",0.0234204793028322
"2","MIBC",238,0.8,"clinical_type","Type",0.154244977316915
"3","MIBC",28,0.8,"clinical_type","Type",0.0188045668233714
"4","MIBC",368,0.8,"clinical_type","Type",0.255555555555556
"5","MIBC",1231,0.8,"clinical_type","Type",1
"6","MIBC",176,0.8,"clinical_type","Type",0.149152542372881
"7","MIBC",63,0.8,"clinical_type","Type",0.0548302872062663
"8","MIBC",154,0.8,"clinical_type","Type",0.141284403669725
"9","MIBC",161,0.8,"clinical_type","Type",0.180898876404494
"10","MIBC",258,0.8,"clinical_type","Type",0.304964539007092
"11","MIBC",282,0.8,"clinical_type","Type",0.493006993006993
"12","MIBC",123,0.8,"clinical_type","Type",0.27212389380531
"13","MIBC",434,0.8,"clinical_type","Type",1
"14","MIBC",79,0.8,"clinical_type","Type",0.281138790035587
"15","MIBC",37,0.8,"clinical_type","Type",0.163716814159292
"16","MIBC",27,0.8,"clinical_type","Type",0.171974522292994
"17","MIBC",42,0.8,"clinical_type","Type",0.297872340425532
"18","MIBC",5,0.8,"clinical_type","Type",0.045045045045045
"19","MIBC",36,0.8,"clinical_type","Type",0.330275229357798
"0","NMIBC",731,0.8,"clinical_type","Type",0.392588614393126
"1","NMIBC",396,0.8,"clinical_type","Type",0.215686274509804
"2","NMIBC",1070,0.8,"clinical_type","Type",0.693454309786131
"3","NMIBC",621,0.8,"clinical_type","Type",0.417058428475487
"4","NMIBC",792,0.8,"clinical_type","Type",0.55
"5","NMIBC",0,0.8,"clinical_type","Type",0
"6","NMIBC",591,0.8,"clinical_type","Type",0.500847457627119
"7","NMIBC",437,0.8,"clinical_type","Type",0.380330722367276
"8","NMIBC",385,0.8,"clinical_type","Type",0.353211009174312
"9","NMIBC",508,0.8,"clinical_type","Type",0.570786516853933
"10","NMIBC",550,0.8,"clinical_type","Type",0.650118203309693
"11","NMIBC",190,0.8,"clinical_type","Type",0.332167832167832
"12","NMIBC",166,0.8,"clinical_type","Type",0.367256637168142
"13","NMIBC",0,0.8,"clinical_type","Type",0
"14","NMIBC",103,0.8,"clinical_type","Type",0.366548042704626
"15","NMIBC",162,0.8,"clinical_type","Type",0.716814159292035
"16","NMIBC",72,0.8,"clinical_type","Type",0.45859872611465
"17","NMIBC",91,0.8,"clinical_type","Type",0.645390070921986
"18","NMIBC",61,0.8,"clinical_type","Type",0.54954954954955
"19","NMIBC",61,0.8,"clinical_type","Type",0.559633027522936
"0","Normal",1116,0.8,"clinical_type","Type",0.599355531686359
"1","Normal",1397,0.8,"clinical_type","Type",0.760893246187364
"2","Normal",235,0.8,"clinical_type","Type",0.152300712896954
"3","Normal",840,0.8,"clinical_type","Type",0.564137004701142
"4","Normal",280,0.8,"clinical_type","Type",0.194444444444444
"5","Normal",0,0.8,"clinical_type","Type",0
"6","Normal",413,0.8,"clinical_type","Type",0.35
"7","Normal",649,0.8,"clinical_type","Type",0.564838990426458
"8","Normal",551,0.8,"clinical_type","Type",0.505504587155963
"9","Normal",221,0.8,"clinical_type","Type",0.248314606741573
"10","Normal",38,0.8,"clinical_type","Type",0.0449172576832151
"11","Normal",100,0.8,"clinical_type","Type",0.174825174825175
"12","Normal",163,0.8,"clinical_type","Type",0.360619469026549
"13","Normal",0,0.8,"clinical_type","Type",0
"14","Normal",99,0.8,"clinical_type","Type",0.352313167259786
"15","Normal",27,0.8,"clinical_type","Type",0.119469026548673
"16","Normal",58,0.8,"clinical_type","Type",0.369426751592357
"17","Normal",8,0.8,"clinical_type","Type",0.0567375886524823
"18","Normal",45,0.8,"clinical_type","Type",0.405405405405405
"19","Normal",12,0.8,"clinical_type","Type",0.110091743119266
