"cell_barcode","round3_source_object","round3_res1.2_cluster","round4_action","round4_destination","orig.ident","dataset","sample_id","Type","T_stage","N_stage","M_stage"
"CNP0000460_CACTCCAGTCTGGTCG-1_1_1_1_1","/home/data/t070721/codex_workspace/Bladder Metabolism/subtype/round3/02_reclustering/Mural/Mural_round3_reclustered_preannotation.qs2","4","MOVE_MURAL_TO_FIBRO","Fibroblast","CNP0000460_P01T","CNP0000460",NA,"MIBC","T2","N0","M0"
"CNP0000460_CTAACTTCATGGTTGT-1_1_1_1_1","/home/data/t070721/codex_workspace/Bladder Metabolism/subtype/round3/02_reclustering/Mural/Mural_round3_reclustered_preannotation.qs2","4","MOVE_MURAL_TO_FIBRO","Fibroblast","CNP0000460_P01T","CNP0000460",NA,"MIBC","T2","N0","M0"
"CNP0000460_CTAGTGAAGGAGTCTG-1_1_1_1_1","/home/data/t070721/codex_workspace/Bladder Metabolism/subtype/round3/02_reclustering/Mural/Mural_round3_reclustered_preannotation.qs2","4","MOVE_MURAL_TO_FIBRO","Fibroblast","CNP0000460_P01T","CNP0000460",NA,"MIBC","T2","N0","M0"
"CNP0000460_GACAGAGAGATCCCAT-1_1_1_1_1","/home/data/t070721/codex_workspace/Bladder Metabolism/subtype/round3/02_reclustering/Mural/Mural_round3_reclustered_preannotation.qs2","4","MOVE_MURAL_TO_FIBRO","Fibroblast","CNP0000460_P01T","CNP0000460",NA,"MIBC","T2","N0","M0"
"CNP0000460_CCCTCCTCAGAGCCAA-1_2_1_1_1","/home/data/t070721/codex_workspace/Bladder Metabolism/subtype/round3/02_reclustering/Mural/Mural_round3_reclustered_preannotation.qs2","4","MOVE_MURAL_TO_FIBRO","Fibroblast","CNP0000460_P02T","CNP0000460",NA,"MIBC","T2","N0","M0"
"CNP0000460_GACGTTAAGACAGAGA-1_2_1_1_1","/home/data/t070721/codex_workspace/Bladder Metabolism/subtype/round3/02_reclustering/Mural/Mural_round3_reclustered_preannotation.qs2","4","MOVE_MURAL_TO_FIBRO","Fibroblast","CNP0000460_P02T","CNP0000460",NA,"MIBC","T2","N0","M0"
"CNP0000460_GTGCATAGTGAAATCA-1_2_1_1_1","/home/data/t070721/codex_workspace/Bladder Metabolism/subtype/round3/02_reclustering/Mural/Mural_round3_reclustered_preannotation.qs2","4","MOVE_MURAL_TO_FIBRO","Fibroblast","CNP0000460_P02T","CNP0000460",NA,"MIBC","T2","N0","M0"
"CNP0000460_AAGGAGCCATAGACTC-1_2_1_1","/home/data/t070721/codex_workspace/Bladder Metabolism/subtype/round3/02_reclustering/Mural/Mural_round3_reclustered_preannotation.qs2","4","MOVE_MURAL_TO_FIBRO","Fibroblast","CNP0000460_P04T","CNP0000460",NA,"MIBC","T3","N3","M0"
"CNP0000460_GCATACAAGCGTTTAC-1_2_1_1","/home/data/t070721/codex_workspace/Bladder Metabolism/subtype/round3/02_reclustering/Mural/Mural_round3_reclustered_preannotation.qs2","4","MOVE_MURAL_TO_FIBRO","Fibroblast","CNP0000460_P04T","CNP0000460",NA,"MIBC","T3","N3","M0"
"CNP0000460_GTGGGTCGTAAACCTC-1_2_1_1","/home/data/t070721/codex_workspace/Bladder Metabolism/subtype/round3/02_reclustering/Mural/Mural_round3_reclustered_preannotation.qs2","4","MOVE_MURAL_TO_FIBRO","Fibroblast","CNP0000460_P04T","CNP0000460",NA,"MIBC","T3","N3","M0"
"CNP0000460_ACGGGCTAGCGACGTA-1_1_1","/home/data/t070721/codex_workspace/Bladder Metabolism/subtype/round3/02_reclustering/Mural/Mural_round3_reclustered_preannotation.qs2","4","MOVE_MURAL_TO_FIBRO","Fibroblast","CNP0000460_P05T","CNP0000460",NA,"MIBC","T2","N0","M0"
"CNP0000460_ACTTTCACACACCGCA-1_1_1","/home/data/t070721/codex_workspace/Bladder Metabolism/subtype/round3/02_reclustering/Mural/Mural_round3_reclustered_preannotation.qs2","4","MOVE_MURAL_TO_FIBRO","Fibroblast","CNP0000460_P05T","CNP0000460",NA,"MIBC","T2","N0","M0"
"CNP0000460_AGCTCCTGTTTGTTTC-1_1_1","/home/data/t070721/codex_workspace/Bladder Metabolism/subtype/round3/02_reclustering/Mural/Mural_round3_reclustered_preannotation.qs2","4","MOVE_MURAL_TO_FIBRO","Fibroblast","CNP0000460_P05T","CNP0000460",NA,"MIBC","T2","N0","M0"
"CNP0000460_ATGCGATAGCAGGCTA-1_1_1","/home/data/t070721/codex_workspace/Bladder Metabolism/subtype/round3/02_reclustering/Mural/Mural_round3_reclustered_preannotation.qs2","4","MOVE_MURAL_TO_FIBRO","Fibroblast","CNP0000460_P05T","CNP0000460",NA,"MIBC","T2","N0","M0"
"CNP0000460_CAGCGACGTCGAGATG-1_1_1","/home/data/t070721/codex_workspace/Bladder Metabolism/subtype/round3/02_reclustering/Mural/Mural_round3_reclustered_preannotation.qs2","4","MOVE_MURAL_TO_FIBRO","Fibroblast","CNP0000460_P05T","CNP0000460",NA,"MIBC","T2","N0","M0"
"CNP0000460_CATCGAACATTTGCTT-1_1_1","/home/data/t070721/codex_workspace/Bladder Metabolism/subtype/round3/02_reclustering/Mural/Mural_round3_reclustered_preannotation.qs2","4","MOVE_MURAL_TO_FIBRO","Fibroblast","CNP0000460_P05T","CNP0000460",NA,"MIBC","T2","N0","M0"
"CNP0000460_CCACCTAAGGCTAGAC-1_1_1","/home/data/t070721/codex_workspace/Bladder Metabolism/subtype/round3/02_reclustering/Mural/Mural_round3_reclustered_preannotation.qs2","4","MOVE_MURAL_TO_FIBRO","Fibroblast","CNP0000460_P05T","CNP0000460",NA,"MIBC","T2","N0","M0"
"CNP0000460_CCTAGCTCATTGGTAC-1_1_1","/home/data/t070721/codex_workspace/Bladder Metabolism/subtype/round3/02_reclustering/Mural/Mural_round3_reclustered_preannotation.qs2","4","MOVE_MURAL_TO_FIBRO","Fibroblast","CNP0000460_P05T","CNP0000460",NA,"MIBC","T2","N0","M0"
"CNP0000460_GAAACTCGTCCTCCAT-1_1_1","/home/data/t070721/codex_workspace/Bladder Metabolism/subtype/round3/02_reclustering/Mural/Mural_round3_reclustered_preannotation.qs2","4","MOVE_MURAL_TO_FIBRO","Fibroblast","CNP0000460_P05T","CNP0000460",NA,"MIBC","T2","N0","M0"
"CNP0000460_GTGAAGGTCAGGCCCA-1_1_1","/home/data/t070721/codex_workspace/Bladder Metabolism/subtype/round3/02_reclustering/Mural/Mural_round3_reclustered_preannotation.qs2","4","MOVE_MURAL_TO_FIBRO","Fibroblast","CNP0000460_P05T","CNP0000460",NA,"MIBC","T2","N0","M0"
"CNP0000460_TCTATTGAGTTAAGTG-1_1_1","/home/data/t070721/codex_workspace/Bladder Metabolism/subtype/round3/02_reclustering/Mural/Mural_round3_reclustered_preannotation.qs2","4","MOVE_MURAL_TO_FIBRO","Fibroblast","CNP0000460_P05T","CNP0000460",NA,"MIBC","T2","N0","M0"
"CNP0000460_TCTCTAAGTAGGAGTC-1_1_1","/home/data/t070721/codex_workspace/Bladder Metabolism/subtype/round3/02_reclustering/Mural/Mural_round3_reclustered_preannotation.qs2","4","MOVE_MURAL_TO_FIBRO","Fibroblast","CNP0000460_P05T","CNP0000460",NA,"MIBC","T2","N0","M0"
"CNP0000460_TGGTTCCAGATGTGGC-1_1_1","/home/data/t070721/codex_workspace/Bladder Metabolism/subtype/round3/02_reclustering/Mural/Mural_round3_reclustered_preannotation.qs2","4","MOVE_MURAL_TO_FIBRO","Fibroblast","CNP0000460_P05T","CNP0000460",NA,"MIBC","T2","N0","M0"
"CNP0000460_ATGCGATCAGGTCTCG-1_2_1","/home/data/t070721/codex_workspace/Bladder Metabolism/subtype/round3/02_reclustering/Mural/Mural_round3_reclustered_preannotation.qs2","4","MOVE_MURAL_TO_FIBRO","Fibroblast","CNP0000460_P06T","CNP0000460",NA,"NMIBC","T1","N0","M0"
"CNP0000460_CGTTGGGCATATACGC-1_2_1","/home/data/t070721/codex_workspace/Bladder Metabolism/subtype/round3/02_reclustering/Mural/Mural_round3_reclustered_preannotation.qs2","4","MOVE_MURAL_TO_FIBRO","Fibroblast","CNP0000460_P06T","CNP0000460",NA,"NMIBC","T1","N0","M0"
"CNP0000460_CTCACACAGGTGACCA-1_2_1","/home/data/t070721/codex_workspace/Bladder Metabolism/subtype/round3/02_reclustering/Mural/Mural_round3_reclustered_preannotation.qs2","4","MOVE_MURAL_TO_FIBRO","Fibroblast","CNP0000460_P06T","CNP0000460",NA,"NMIBC","T1","N0","M0"
"CNP0000460_GGATTACAGGCATGGT-1_2_1","/home/data/t070721/codex_workspace/Bladder Metabolism/subtype/round3/02_reclustering/Mural/Mural_round3_reclustered_preannotation.qs2","4","MOVE_MURAL_TO_FIBRO","Fibroblast","CNP0000460_P06T","CNP0000460",NA,"NMIBC","T1","N0","M0"
"CNP0000460_TCGTAGACACGGATAG-1_2_1","/home/data/t070721/codex_workspace/Bladder Metabolism/subtype/round3/02_reclustering/Mural/Mural_round3_reclustered_preannotation.qs2","4","MOVE_MURAL_TO_FIBRO","Fibroblast","CNP0000460_P06T","CNP0000460",NA,"NMIBC","T1","N0","M0"
"CNP0000460_TTCGAAGCACAAGCCC-1_2_1","/home/data/t070721/codex_workspace/Bladder Metabolism/subtype/round3/02_reclustering/Mural/Mural_round3_reclustered_preannotation.qs2","4","MOVE_MURAL_TO_FIBRO","Fibroblast","CNP0000460_P06T","CNP0000460",NA,"NMIBC","T1","N0","M0"
"CNP0000460_AAGGTTCTCCGTAGTA-1_1","/home/data/t070721/codex_workspace/Bladder Metabolism/subtype/round3/02_reclustering/Mural/Mural_round3_reclustered_preannotation.qs2","4","MOVE_MURAL_TO_FIBRO","Fibroblast","CNP0000460_P07T","CNP0000460",NA,"NMIBC","T1","N0","M0"
"CNP0000460_AGCATACGTTACGGAG-1_1","/home/data/t070721/codex_workspace/Bladder Metabolism/subtype/round3/02_reclustering/Mural/Mural_round3_reclustered_preannotation.qs2","4","MOVE_MURAL_TO_FIBRO","Fibroblast","CNP0000460_P07T","CNP0000460",NA,"NMIBC","T1","N0","M0"
"CNP0000460_AGTAGTCTCAGTTTGG-1_1","/home/data/t070721/codex_workspace/Bladder Metabolism/subtype/round3/02_reclustering/Mural/Mural_round3_reclustered_preannotation.qs2","4","MOVE_MURAL_TO_FIBRO","Fibroblast","CNP0000460_P07T","CNP0000460",NA,"NMIBC","T1","N0","M0"
"CNP0000460_ATGCGATGTGTTGGGA-1_1","/home/data/t070721/codex_workspace/Bladder Metabolism/subtype/round3/02_reclustering/Mural/Mural_round3_reclustered_preannotation.qs2","4","MOVE_MURAL_TO_FIBRO","Fibroblast","CNP0000460_P07T","CNP0000460",NA,"NMIBC","T1","N0","M0"
"CNP0000460_CACACTCGTCAGAGGT-1_1","/home/data/t070721/codex_workspace/Bladder Metabolism/subtype/round3/02_reclustering/Mural/Mural_round3_reclustered_preannotation.qs2","4","MOVE_MURAL_TO_FIBRO","Fibroblast","CNP0000460_P07T","CNP0000460",NA,"NMIBC","T1","N0","M0"
"CNP0000460_CACCACTAGTGTTTGC-1_1","/home/data/t070721/codex_workspace/Bladder Metabolism/subtype/round3/02_reclustering/Mural/Mural_round3_reclustered_preannotation.qs2","4","MOVE_MURAL_TO_FIBRO","Fibroblast","CNP0000460_P07T","CNP0000460",NA,"NMIBC","T1","N0","M0"
"CNP0000460_CGAGAAGAGACGCACA-1_1","/home/data/t070721/codex_workspace/Bladder Metabolism/subtype/round3/02_reclustering/Mural/Mural_round3_reclustered_preannotation.qs2","4","MOVE_MURAL_TO_FIBRO","Fibroblast","CNP0000460_P07T","CNP0000460",NA,"NMIBC","T1","N0","M0"
"CNP0000460_CGGCTAGAGAACTGTA-1_1","/home/data/t070721/codex_workspace/Bladder Metabolism/subtype/round3/02_reclustering/Mural/Mural_round3_reclustered_preannotation.qs2","4","MOVE_MURAL_TO_FIBRO","Fibroblast","CNP0000460_P07T","CNP0000460",NA,"NMIBC","T1","N0","M0"
"CNP0000460_CGTCACTTCTCTGTCG-1_1","/home/data/t070721/codex_workspace/Bladder Metabolism/subtype/round3/02_reclustering/Mural/Mural_round3_reclustered_preannotation.qs2","4","MOVE_MURAL_TO_FIBRO","Fibroblast","CNP0000460_P07T","CNP0000460",NA,"NMIBC","T1","N0","M0"
"CNP0000460_GATCTAGGTGGCCCTA-1_1","/home/data/t070721/codex_workspace/Bladder Metabolism/subtype/round3/02_reclustering/Mural/Mural_round3_reclustered_preannotation.qs2","4","MOVE_MURAL_TO_FIBRO","Fibroblast","CNP0000460_P07T","CNP0000460",NA,"NMIBC","T1","N0","M0"
"CNP0000460_GCGCCAACATGGTAGG-1_1","/home/data/t070721/codex_workspace/Bladder Metabolism/subtype/round3/02_reclustering/Mural/Mural_round3_reclustered_preannotation.qs2","4","MOVE_MURAL_TO_FIBRO","Fibroblast","CNP0000460_P07T","CNP0000460",NA,"NMIBC","T1","N0","M0"
"CNP0000460_GGAATAAGTAAGAGGA-1_1","/home/data/t070721/codex_workspace/Bladder Metabolism/subtype/round3/02_reclustering/Mural/Mural_round3_reclustered_preannotation.qs2","4","MOVE_MURAL_TO_FIBRO","Fibroblast","CNP0000460_P07T","CNP0000460",NA,"NMIBC","T1","N0","M0"
"CNP0000460_GGTGCGTAGATGTAAC-1_1","/home/data/t070721/codex_workspace/Bladder Metabolism/subtype/round3/02_reclustering/Mural/Mural_round3_reclustered_preannotation.qs2","4","MOVE_MURAL_TO_FIBRO","Fibroblast","CNP0000460_P07T","CNP0000460",NA,"NMIBC","T1","N0","M0"
"CNP0000460_TGAAAGATCGGATGTT-1_1","/home/data/t070721/codex_workspace/Bladder Metabolism/subtype/round3/02_reclustering/Mural/Mural_round3_reclustered_preannotation.qs2","4","MOVE_MURAL_TO_FIBRO","Fibroblast","CNP0000460_P07T","CNP0000460",NA,"NMIBC","T1","N0","M0"
"CNP0000460_TGTATTCAGTGCAAGC-1_1","/home/data/t070721/codex_workspace/Bladder Metabolism/subtype/round3/02_reclustering/Mural/Mural_round3_reclustered_preannotation.qs2","4","MOVE_MURAL_TO_FIBRO","Fibroblast","CNP0000460_P07T","CNP0000460",NA,"NMIBC","T1","N0","M0"
"CNP0000460_TGTGGTAAGCCAGAAC-1_1","/home/data/t070721/codex_workspace/Bladder Metabolism/subtype/round3/02_reclustering/Mural/Mural_round3_reclustered_preannotation.qs2","4","MOVE_MURAL_TO_FIBRO","Fibroblast","CNP0000460_P07T","CNP0000460",NA,"NMIBC","T1","N0","M0"
"CNP0000460_TGTGTTTGTATGGTTC-1_1","/home/data/t070721/codex_workspace/Bladder Metabolism/subtype/round3/02_reclustering/Mural/Mural_round3_reclustered_preannotation.qs2","4","MOVE_MURAL_TO_FIBRO","Fibroblast","CNP0000460_P07T","CNP0000460",NA,"NMIBC","T1","N0","M0"
"CNP0000460_TTCGGTCTCCTGTACC-1_1","/home/data/t070721/codex_workspace/Bladder Metabolism/subtype/round3/02_reclustering/Mural/Mural_round3_reclustered_preannotation.qs2","4","MOVE_MURAL_TO_FIBRO","Fibroblast","CNP0000460_P07T","CNP0000460",NA,"NMIBC","T1","N0","M0"
"CNP0000460_TTCTACAAGGCCATAG-1_1","/home/data/t070721/codex_workspace/Bladder Metabolism/subtype/round3/02_reclustering/Mural/Mural_round3_reclustered_preannotation.qs2","4","MOVE_MURAL_TO_FIBRO","Fibroblast","CNP0000460_P07T","CNP0000460",NA,"NMIBC","T1","N0","M0"
"GSE326225_AATCGGTAGACAGACC-1_1_1_1","/home/data/t070721/codex_workspace/Bladder Metabolism/subtype/round3/02_reclustering/Mural/Mural_round3_reclustered_preannotation.qs2","4","MOVE_MURAL_TO_FIBRO","Fibroblast","GSE326225_BC1","GSE326225",NA,"MIBC",NA,NA,NA
"GSE326225_ACACCGGGTGTCCTCT-1_1_1_1","/home/data/t070721/codex_workspace/Bladder Metabolism/subtype/round3/02_reclustering/Mural/Mural_round3_reclustered_preannotation.qs2","4","MOVE_MURAL_TO_FIBRO","Fibroblast","GSE326225_BC1","GSE326225",NA,"MIBC",NA,NA,NA
"GSE326225_ACCAGTATCTTAGCCC-1_1_1_1","/home/data/t070721/codex_workspace/Bladder Metabolism/subtype/round3/02_reclustering/Mural/Mural_round3_reclustered_preannotation.qs2","4","MOVE_MURAL_TO_FIBRO","Fibroblast","GSE326225_BC1","GSE326225",NA,"MIBC",NA,NA,NA
"GSE326225_ACGCAGCAGCAGACTG-1_1_1_1","/home/data/t070721/codex_workspace/Bladder Metabolism/subtype/round3/02_reclustering/Mural/Mural_round3_reclustered_preannotation.qs2","4","MOVE_MURAL_TO_FIBRO","Fibroblast","GSE326225_BC1","GSE326225",NA,"MIBC",NA,NA,NA
"GSE326225_ACTGCTCCAGTTCATG-1_1_1_1","/home/data/t070721/codex_workspace/Bladder Metabolism/subtype/round3/02_reclustering/Mural/Mural_round3_reclustered_preannotation.qs2","4","MOVE_MURAL_TO_FIBRO","Fibroblast","GSE326225_BC1","GSE326225",NA,"MIBC",NA,NA,NA
"GSE326225_AGAGTGGTCCCTTGTG-1_1_1_1","/home/data/t070721/codex_workspace/Bladder Metabolism/subtype/round3/02_reclustering/Mural/Mural_round3_reclustered_preannotation.qs2","4","MOVE_MURAL_TO_FIBRO","Fibroblast","GSE326225_BC1","GSE326225",NA,"MIBC",NA,NA,NA
"GSE326225_AGATCTGGTCCCGACA-1_1_1_1","/home/data/t070721/codex_workspace/Bladder Metabolism/subtype/round3/02_reclustering/Mural/Mural_round3_reclustered_preannotation.qs2","4","MOVE_MURAL_TO_FIBRO","Fibroblast","GSE326225_BC1","GSE326225",NA,"MIBC",NA,NA,NA
"GSE326225_CAGCAGCTCTTGTCAT-1_1_1_1","/home/data/t070721/codex_workspace/Bladder Metabolism/subtype/round3/02_reclustering/Mural/Mural_round3_reclustered_preannotation.qs2","4","MOVE_MURAL_TO_FIBRO","Fibroblast","GSE326225_BC1","GSE326225",NA,"MIBC",NA,NA,NA
"GSE326225_CGGAGTCAGATGTCGG-1_1_1_1","/home/data/t070721/codex_workspace/Bladder Metabolism/subtype/round3/02_reclustering/Mural/Mural_round3_reclustered_preannotation.qs2","4","MOVE_MURAL_TO_FIBRO","Fibroblast","GSE326225_BC1","GSE326225",NA,"MIBC",NA,NA,NA
"GSE326225_CTCCTAGGTCGCATAT-1_1_1_1","/home/data/t070721/codex_workspace/Bladder Metabolism/subtype/round3/02_reclustering/Mural/Mural_round3_reclustered_preannotation.qs2","4","MOVE_MURAL_TO_FIBRO","Fibroblast","GSE326225_BC1","GSE326225",NA,"MIBC",NA,NA,NA
"GSE326225_GCATGTATCTGCTTGC-1_1_1_1","/home/data/t070721/codex_workspace/Bladder Metabolism/subtype/round3/02_reclustering/Mural/Mural_round3_reclustered_preannotation.qs2","4","MOVE_MURAL_TO_FIBRO","Fibroblast","GSE326225_BC1","GSE326225",NA,"MIBC",NA,NA,NA
"GSE326225_GGACATTGTCTGCGGT-1_1_1_1","/home/data/t070721/codex_workspace/Bladder Metabolism/subtype/round3/02_reclustering/Mural/Mural_round3_reclustered_preannotation.qs2","4","MOVE_MURAL_TO_FIBRO","Fibroblast","GSE326225_BC1","GSE326225",NA,"MIBC",NA,NA,NA
"GSE326225_TAAACCGTCTGCGTAA-1_1_1_1","/home/data/t070721/codex_workspace/Bladder Metabolism/subtype/round3/02_reclustering/Mural/Mural_round3_reclustered_preannotation.qs2","4","MOVE_MURAL_TO_FIBRO","Fibroblast","GSE326225_BC1","GSE326225",NA,"MIBC",NA,NA,NA
"GSE326225_TAAGTGCCATGGTCTA-1_1_1_1","/home/data/t070721/codex_workspace/Bladder Metabolism/subtype/round3/02_reclustering/Mural/Mural_round3_reclustered_preannotation.qs2","4","MOVE_MURAL_TO_FIBRO","Fibroblast","GSE326225_BC1","GSE326225",NA,"MIBC",NA,NA,NA
"GSE326225_TGAGCATAGTGTCTCA-1_1_1_1","/home/data/t070721/codex_workspace/Bladder Metabolism/subtype/round3/02_reclustering/Mural/Mural_round3_reclustered_preannotation.qs2","4","MOVE_MURAL_TO_FIBRO","Fibroblast","GSE326225_BC1","GSE326225",NA,"MIBC",NA,NA,NA
"GSE326225_TGCGTGGAGAGTACCG-1_1_1_1","/home/data/t070721/codex_workspace/Bladder Metabolism/subtype/round3/02_reclustering/Mural/Mural_round3_reclustered_preannotation.qs2","4","MOVE_MURAL_TO_FIBRO","Fibroblast","GSE326225_BC1","GSE326225",NA,"MIBC",NA,NA,NA
"GSE326225_TGGTTCCAGATGGCGT-1_1_1_1","/home/data/t070721/codex_workspace/Bladder Metabolism/subtype/round3/02_reclustering/Mural/Mural_round3_reclustered_preannotation.qs2","4","MOVE_MURAL_TO_FIBRO","Fibroblast","GSE326225_BC1","GSE326225",NA,"MIBC",NA,NA,NA
"GSE326225_TTGCGTCAGTACGACG-1_1_1_1","/home/data/t070721/codex_workspace/Bladder Metabolism/subtype/round3/02_reclustering/Mural/Mural_round3_reclustered_preannotation.qs2","4","MOVE_MURAL_TO_FIBRO","Fibroblast","GSE326225_BC1","GSE326225",NA,"MIBC",NA,NA,NA
"GSE326225_TTTGTCAGTACATGTC-1_1_1_1","/home/data/t070721/codex_workspace/Bladder Metabolism/subtype/round3/02_reclustering/Mural/Mural_round3_reclustered_preannotation.qs2","4","MOVE_MURAL_TO_FIBRO","Fibroblast","GSE326225_BC1","GSE326225",NA,"MIBC",NA,NA,NA
"GSE326225_GTCGTAAGTAAGGATT-1_2_1_1","/home/data/t070721/codex_workspace/Bladder Metabolism/subtype/round3/02_reclustering/Mural/Mural_round3_reclustered_preannotation.qs2","4","MOVE_MURAL_TO_FIBRO","Fibroblast","GSE326225_BC2","GSE326225",NA,"MIBC",NA,NA,NA
"GSE326225_TGGGAAGGTCGACTGC-1_2_1_1","/home/data/t070721/codex_workspace/Bladder Metabolism/subtype/round3/02_reclustering/Mural/Mural_round3_reclustered_preannotation.qs2","4","MOVE_MURAL_TO_FIBRO","Fibroblast","GSE326225_BC2","GSE326225",NA,"MIBC",NA,NA,NA
"GSE326225_ATCATCTGTGCAGACA-1_1_1","/home/data/t070721/codex_workspace/Bladder Metabolism/subtype/round3/02_reclustering/Mural/Mural_round3_reclustered_preannotation.qs2","4","MOVE_MURAL_TO_FIBRO","Fibroblast","GSE326225_BC3","GSE326225",NA,"MIBC",NA,NA,NA
"GSE326225_CACACTCTCACATACG-1_1_1","/home/data/t070721/codex_workspace/Bladder Metabolism/subtype/round3/02_reclustering/Mural/Mural_round3_reclustered_preannotation.qs2","4","MOVE_MURAL_TO_FIBRO","Fibroblast","GSE326225_BC3","GSE326225",NA,"MIBC",NA,NA,NA
"GSE326225_CATATTCTCATGCTCC-1_1_1","/home/data/t070721/codex_workspace/Bladder Metabolism/subtype/round3/02_reclustering/Mural/Mural_round3_reclustered_preannotation.qs2","4","MOVE_MURAL_TO_FIBRO","Fibroblast","GSE326225_BC3","GSE326225",NA,"MIBC",NA,NA,NA
"GSE326225_CCTAGCTCACTCTGTC-1_1_1","/home/data/t070721/codex_workspace/Bladder Metabolism/subtype/round3/02_reclustering/Mural/Mural_round3_reclustered_preannotation.qs2","4","MOVE_MURAL_TO_FIBRO","Fibroblast","GSE326225_BC3","GSE326225",NA,"MIBC",NA,NA,NA
"GSE326225_CCTATTACAGGCAGTA-1_1_1","/home/data/t070721/codex_workspace/Bladder Metabolism/subtype/round3/02_reclustering/Mural/Mural_round3_reclustered_preannotation.qs2","4","MOVE_MURAL_TO_FIBRO","Fibroblast","GSE326225_BC3","GSE326225",NA,"MIBC",NA,NA,NA
"GSE326225_CGATGTACACAGACAG-1_1_1","/home/data/t070721/codex_workspace/Bladder Metabolism/subtype/round3/02_reclustering/Mural/Mural_round3_reclustered_preannotation.qs2","4","MOVE_MURAL_TO_FIBRO","Fibroblast","GSE326225_BC3","GSE326225",NA,"MIBC",NA,NA,NA
"GSE326225_CTCAGAAAGTTCGCAT-1_1_1","/home/data/t070721/codex_workspace/Bladder Metabolism/subtype/round3/02_reclustering/Mural/Mural_round3_reclustered_preannotation.qs2","4","MOVE_MURAL_TO_FIBRO","Fibroblast","GSE326225_BC3","GSE326225",NA,"MIBC",NA,NA,NA
"GSE326225_GCGCAACAGGGTTTCT-1_1_1","/home/data/t070721/codex_workspace/Bladder Metabolism/subtype/round3/02_reclustering/Mural/Mural_round3_reclustered_preannotation.qs2","4","MOVE_MURAL_TO_FIBRO","Fibroblast","GSE326225_BC3","GSE326225",NA,"MIBC",NA,NA,NA
"GSE326225_TGTCCCAAGCGTAATA-1_1_1","/home/data/t070721/codex_workspace/Bladder Metabolism/subtype/round3/02_reclustering/Mural/Mural_round3_reclustered_preannotation.qs2","4","MOVE_MURAL_TO_FIBRO","Fibroblast","GSE326225_BC3","GSE326225",NA,"MIBC",NA,NA,NA
"GSE326225_ACGATGTCAAGTTCTG-1_2_1","/home/data/t070721/codex_workspace/Bladder Metabolism/subtype/round3/02_reclustering/Mural/Mural_round3_reclustered_preannotation.qs2","4","MOVE_MURAL_TO_FIBRO","Fibroblast","GSE326225_BC4","GSE326225",NA,"MIBC",NA,NA,NA
"GSE326225_AGTAGTCAGGGATACC-1_2_1","/home/data/t070721/codex_workspace/Bladder Metabolism/subtype/round3/02_reclustering/Mural/Mural_round3_reclustered_preannotation.qs2","4","MOVE_MURAL_TO_FIBRO","Fibroblast","GSE326225_BC4","GSE326225",NA,"MIBC",NA,NA,NA
"GSE326225_AAGGTTCAGCTTATCG-1_1","/home/data/t070721/codex_workspace/Bladder Metabolism/subtype/round3/02_reclustering/Mural/Mural_round3_reclustered_preannotation.qs2","4","MOVE_MURAL_TO_FIBRO","Fibroblast","GSE326225_BC5","GSE326225",NA,"MIBC",NA,NA,NA
"GSE326225_TGCCCTATCATAGCAC-1_1","/home/data/t070721/codex_workspace/Bladder Metabolism/subtype/round3/02_reclustering/Mural/Mural_round3_reclustered_preannotation.qs2","4","MOVE_MURAL_TO_FIBRO","Fibroblast","GSE326225_BC5","GSE326225",NA,"MIBC",NA,NA,NA
"GSE326225_TTGAACGAGCTACCGC-1_1","/home/data/t070721/codex_workspace/Bladder Metabolism/subtype/round3/02_reclustering/Mural/Mural_round3_reclustered_preannotation.qs2","4","MOVE_MURAL_TO_FIBRO","Fibroblast","GSE326225_BC5","GSE326225",NA,"MIBC",NA,NA,NA
"GSE326225_CTGATCCGTCAAAGAT-1_1","/home/data/t070721/codex_workspace/Bladder Metabolism/subtype/round3/02_reclustering/Mural/Mural_round3_reclustered_preannotation.qs2","4","MOVE_MURAL_TO_FIBRO","Fibroblast","GSE326225_BC6","GSE326225",NA,"MIBC",NA,NA,NA
"GSE326225_AAGACCTTCCCAGGTG-1_2","/home/data/t070721/codex_workspace/Bladder Metabolism/subtype/round3/02_reclustering/Mural/Mural_round3_reclustered_preannotation.qs2","4","MOVE_MURAL_TO_FIBRO","Fibroblast","GSE326225_BC7","GSE326225",NA,"MIBC",NA,NA,NA
"GSE326225_TACGGATCAAGCTGAG-1_2","/home/data/t070721/codex_workspace/Bladder Metabolism/subtype/round3/02_reclustering/Mural/Mural_round3_reclustered_preannotation.qs2","4","MOVE_MURAL_TO_FIBRO","Fibroblast","GSE326225_BC7","GSE326225",NA,"MIBC",NA,NA,NA
"GSE326225_TGGGAAGCATAGACTC-1_2","/home/data/t070721/codex_workspace/Bladder Metabolism/subtype/round3/02_reclustering/Mural/Mural_round3_reclustered_preannotation.qs2","4","MOVE_MURAL_TO_FIBRO","Fibroblast","GSE326225_BC7","GSE326225",NA,"MIBC",NA,NA,NA
"HRA003620_TCTTGCGAGTGTACAA-1_2_1_1_1_1_1_1","/home/data/t070721/codex_workspace/Bladder Metabolism/subtype/round3/02_reclustering/Mural/Mural_round3_reclustered_preannotation.qs2","4","MOVE_MURAL_TO_FIBRO","Fibroblast","HRA003620_BC-04","HRA003620",NA,"MIBC","T4","N0","M0"
"InhouseData_T4398343_AGTCACAAGGATCACG-1","/home/data/t070721/codex_workspace/Bladder Metabolism/subtype/round3/02_reclustering/Mural/Mural_round3_reclustered_preannotation.qs2","4","MOVE_MURAL_TO_FIBRO","Fibroblast","T4398343","InhouseData",NA,"MIBC","T2",NA,NA
"InhouseData_T4398343_TAGATCGTCTGGCCTT-1","/home/data/t070721/codex_workspace/Bladder Metabolism/subtype/round3/02_reclustering/Mural/Mural_round3_reclustered_preannotation.qs2","4","MOVE_MURAL_TO_FIBRO","Fibroblast","T4398343","InhouseData",NA,"MIBC","T2",NA,NA
"InhouseData_T4469479_ACATCCCAGCGAGTCA-1","/home/data/t070721/codex_workspace/Bladder Metabolism/subtype/round3/02_reclustering/Mural/Mural_round3_reclustered_preannotation.qs2","4","MOVE_MURAL_TO_FIBRO","Fibroblast","T4469479","InhouseData",NA,"MIBC","T4",NA,NA
"InhouseData_T4471438_ACAAGCTTCAGCAATC-1","/home/data/t070721/codex_workspace/Bladder Metabolism/subtype/round3/02_reclustering/Mural/Mural_round3_reclustered_preannotation.qs2","4","MOVE_MURAL_TO_FIBRO","Fibroblast","T4471438","InhouseData",NA,"MIBC","T4",NA,NA
"InhouseData_T4471438_GGGCTCAGTGACCTGC-1","/home/data/t070721/codex_workspace/Bladder Metabolism/subtype/round3/02_reclustering/Mural/Mural_round3_reclustered_preannotation.qs2","4","MOVE_MURAL_TO_FIBRO","Fibroblast","T4471438","InhouseData",NA,"MIBC","T4",NA,NA
"InhouseData_T4471438_GTCTCACAGCCGATAG-1","/home/data/t070721/codex_workspace/Bladder Metabolism/subtype/round3/02_reclustering/Mural/Mural_round3_reclustered_preannotation.qs2","4","MOVE_MURAL_TO_FIBRO","Fibroblast","T4471438","InhouseData",NA,"MIBC","T4",NA,NA
"InhouseData_T4471438_GTTACAGGTACTAGCT-1","/home/data/t070721/codex_workspace/Bladder Metabolism/subtype/round3/02_reclustering/Mural/Mural_round3_reclustered_preannotation.qs2","4","MOVE_MURAL_TO_FIBRO","Fibroblast","T4471438","InhouseData",NA,"MIBC","T4",NA,NA
"InhouseData_T4471438_TATGTTCTCCCGAATA-1","/home/data/t070721/codex_workspace/Bladder Metabolism/subtype/round3/02_reclustering/Mural/Mural_round3_reclustered_preannotation.qs2","4","MOVE_MURAL_TO_FIBRO","Fibroblast","T4471438","InhouseData",NA,"MIBC","T4",NA,NA
"InhouseData_T4471438_TGCGGGTTCACGATAC-1","/home/data/t070721/codex_workspace/Bladder Metabolism/subtype/round3/02_reclustering/Mural/Mural_round3_reclustered_preannotation.qs2","4","MOVE_MURAL_TO_FIBRO","Fibroblast","T4471438","InhouseData",NA,"MIBC","T4",NA,NA
"InhouseData_T8009218_GACCGTGGTATGGTTC-1","/home/data/t070721/codex_workspace/Bladder Metabolism/subtype/round3/02_reclustering/Mural/Mural_round3_reclustered_preannotation.qs2","4","MOVE_MURAL_TO_FIBRO","Fibroblast","T8009218","InhouseData",NA,"MIBC","T3",NA,NA
"InhouseData_T4465935_ACATTTCGTTATAGCC-1","/home/data/t070721/codex_workspace/Bladder Metabolism/subtype/round3/02_reclustering/Mural/Mural_round3_reclustered_preannotation.qs2","4","MOVE_MURAL_TO_FIBRO","Fibroblast","T4465935","InhouseData",NA,"MIBC","T2",NA,NA
"InhouseData_T4465935_ACTGTCCAGTGGAAAG-1","/home/data/t070721/codex_workspace/Bladder Metabolism/subtype/round3/02_reclustering/Mural/Mural_round3_reclustered_preannotation.qs2","4","MOVE_MURAL_TO_FIBRO","Fibroblast","T4465935","InhouseData",NA,"MIBC","T2",NA,NA
"InhouseData_T4465219_AGAACCTCAGCTGAAG-1","/home/data/t070721/codex_workspace/Bladder Metabolism/subtype/round3/02_reclustering/Mural/Mural_round3_reclustered_preannotation.qs2","4","MOVE_MURAL_TO_FIBRO","Fibroblast","T4465219","InhouseData",NA,"MIBC","T2",NA,NA
"PRJNA662018_PRJNA662018_P1N1_AGTGTCATCACGACTA-1","/home/data/t070721/codex_workspace/Bladder Metabolism/subtype/round3/02_reclustering/Mural/Mural_round3_reclustered_preannotation.qs2","4","MOVE_MURAL_TO_FIBRO","Fibroblast","PRJNA662018_PRJNA662018_P1N1","PRJNA662018","PRJNA662018_PRJNA662018_P1N1","Normal","Normal","Normal","Normal"
"PRJNA662018_PRJNA662018_P1T1_ACGGGCTCAATGGACG-1","/home/data/t070721/codex_workspace/Bladder Metabolism/subtype/round3/02_reclustering/Mural/Mural_round3_reclustered_preannotation.qs2","4","MOVE_MURAL_TO_FIBRO","Fibroblast","PRJNA662018_PRJNA662018_P1T1","PRJNA662018","PRJNA662018_PRJNA662018_P1T1","NMIBC",NA,NA,NA
"PRJNA662018_PRJNA662018_P1T1_AGATTGCAGCTATGCT-1","/home/data/t070721/codex_workspace/Bladder Metabolism/subtype/round3/02_reclustering/Mural/Mural_round3_reclustered_preannotation.qs2","4","MOVE_MURAL_TO_FIBRO","Fibroblast","PRJNA662018_PRJNA662018_P1T1","PRJNA662018","PRJNA662018_PRJNA662018_P1T1","NMIBC",NA,NA,NA
"PRJNA662018_PRJNA662018_P1T1_AGCTCTCCACGTTGGC-1","/home/data/t070721/codex_workspace/Bladder Metabolism/subtype/round3/02_reclustering/Mural/Mural_round3_reclustered_preannotation.qs2","4","MOVE_MURAL_TO_FIBRO","Fibroblast","PRJNA662018_PRJNA662018_P1T1","PRJNA662018","PRJNA662018_PRJNA662018_P1T1","NMIBC",NA,NA,NA
"PRJNA662018_PRJNA662018_P1T1_ATAAGAGCAAGCTGGA-1","/home/data/t070721/codex_workspace/Bladder Metabolism/subtype/round3/02_reclustering/Mural/Mural_round3_reclustered_preannotation.qs2","4","MOVE_MURAL_TO_FIBRO","Fibroblast","PRJNA662018_PRJNA662018_P1T1","PRJNA662018","PRJNA662018_PRJNA662018_P1T1","NMIBC",NA,NA,NA
"PRJNA662018_PRJNA662018_P1T1_ATCCACCGTCCGCTGA-1","/home/data/t070721/codex_workspace/Bladder Metabolism/subtype/round3/02_reclustering/Mural/Mural_round3_reclustered_preannotation.qs2","4","MOVE_MURAL_TO_FIBRO","Fibroblast","PRJNA662018_PRJNA662018_P1T1","PRJNA662018","PRJNA662018_PRJNA662018_P1T1","NMIBC",NA,NA,NA
"PRJNA662018_PRJNA662018_P1T1_CTAATGGCACGGCCAT-1","/home/data/t070721/codex_workspace/Bladder Metabolism/subtype/round3/02_reclustering/Mural/Mural_round3_reclustered_preannotation.qs2","4","MOVE_MURAL_TO_FIBRO","Fibroblast","PRJNA662018_PRJNA662018_P1T1","PRJNA662018","PRJNA662018_PRJNA662018_P1T1","NMIBC",NA,NA,NA
"PRJNA662018_PRJNA662018_P1T1_CTCGGGAGTGAGCGAT-1","/home/data/t070721/codex_workspace/Bladder Metabolism/subtype/round3/02_reclustering/Mural/Mural_round3_reclustered_preannotation.qs2","4","MOVE_MURAL_TO_FIBRO","Fibroblast","PRJNA662018_PRJNA662018_P1T1","PRJNA662018","PRJNA662018_PRJNA662018_P1T1","NMIBC",NA,NA,NA
"PRJNA662018_PRJNA662018_P1T1_CTGTGCTCAGAGTGTG-1","/home/data/t070721/codex_workspace/Bladder Metabolism/subtype/round3/02_reclustering/Mural/Mural_round3_reclustered_preannotation.qs2","4","MOVE_MURAL_TO_FIBRO","Fibroblast","PRJNA662018_PRJNA662018_P1T1","PRJNA662018","PRJNA662018_PRJNA662018_P1T1","NMIBC",NA,NA,NA
"PRJNA662018_PRJNA662018_P1T1_GAAATGATCTTGAGGT-1","/home/data/t070721/codex_workspace/Bladder Metabolism/subtype/round3/02_reclustering/Mural/Mural_round3_reclustered_preannotation.qs2","4","MOVE_MURAL_TO_FIBRO","Fibroblast","PRJNA662018_PRJNA662018_P1T1","PRJNA662018","PRJNA662018_PRJNA662018_P1T1","NMIBC",NA,NA,NA
"PRJNA662018_PRJNA662018_P1T1_GACGTTAGTGGGTCAA-1","/home/data/t070721/codex_workspace/Bladder Metabolism/subtype/round3/02_reclustering/Mural/Mural_round3_reclustered_preannotation.qs2","4","MOVE_MURAL_TO_FIBRO","Fibroblast","PRJNA662018_PRJNA662018_P1T1","PRJNA662018","PRJNA662018_PRJNA662018_P1T1","NMIBC",NA,NA,NA
"PRJNA662018_PRJNA662018_P1T1_GATGAGGGTGCGATAG-1","/home/data/t070721/codex_workspace/Bladder Metabolism/subtype/round3/02_reclustering/Mural/Mural_round3_reclustered_preannotation.qs2","4","MOVE_MURAL_TO_FIBRO","Fibroblast","PRJNA662018_PRJNA662018_P1T1","PRJNA662018","PRJNA662018_PRJNA662018_P1T1","NMIBC",NA,NA,NA
"PRJNA662018_PRJNA662018_P1T1_GCACTCTAGCGTGAGT-1","/home/data/t070721/codex_workspace/Bladder Metabolism/subtype/round3/02_reclustering/Mural/Mural_round3_reclustered_preannotation.qs2","4","MOVE_MURAL_TO_FIBRO","Fibroblast","PRJNA662018_PRJNA662018_P1T1","PRJNA662018","PRJNA662018_PRJNA662018_P1T1","NMIBC",NA,NA,NA
"PRJNA662018_PRJNA662018_P1T1_GGATGTTCACGTCAGC-1","/home/data/t070721/codex_workspace/Bladder Metabolism/subtype/round3/02_reclustering/Mural/Mural_round3_reclustered_preannotation.qs2","4","MOVE_MURAL_TO_FIBRO","Fibroblast","PRJNA662018_PRJNA662018_P1T1","PRJNA662018","PRJNA662018_PRJNA662018_P1T1","NMIBC",NA,NA,NA
"PRJNA662018_PRJNA662018_P1T1_GGCTCGAAGTGGGATC-1","/home/data/t070721/codex_workspace/Bladder Metabolism/subtype/round3/02_reclustering/Mural/Mural_round3_reclustered_preannotation.qs2","4","MOVE_MURAL_TO_FIBRO","Fibroblast","PRJNA662018_PRJNA662018_P1T1","PRJNA662018","PRJNA662018_PRJNA662018_P1T1","NMIBC",NA,NA,NA
"PRJNA662018_PRJNA662018_P1T1_GGTGCGTTCGACAGCC-1","/home/data/t070721/codex_workspace/Bladder Metabolism/subtype/round3/02_reclustering/Mural/Mural_round3_reclustered_preannotation.qs2","4","MOVE_MURAL_TO_FIBRO","Fibroblast","PRJNA662018_PRJNA662018_P1T1","PRJNA662018","PRJNA662018_PRJNA662018_P1T1","NMIBC",NA,NA,NA
"PRJNA662018_PRJNA662018_P1T1_GTCTCGTGTCCGAGTC-1","/home/data/t070721/codex_workspace/Bladder Metabolism/subtype/round3/02_reclustering/Mural/Mural_round3_reclustered_preannotation.qs2","4","MOVE_MURAL_TO_FIBRO","Fibroblast","PRJNA662018_PRJNA662018_P1T1","PRJNA662018","PRJNA662018_PRJNA662018_P1T1","NMIBC",NA,NA,NA
"PRJNA662018_PRJNA662018_P1T1_TAAGTGCGTTACCGAT-1","/home/data/t070721/codex_workspace/Bladder Metabolism/subtype/round3/02_reclustering/Mural/Mural_round3_reclustered_preannotation.qs2","4","MOVE_MURAL_TO_FIBRO","Fibroblast","PRJNA662018_PRJNA662018_P1T1","PRJNA662018","PRJNA662018_PRJNA662018_P1T1","NMIBC",NA,NA,NA
"PRJNA662018_PRJNA662018_P1T1_TACCTTACAGGAATCG-1","/home/data/t070721/codex_workspace/Bladder Metabolism/subtype/round3/02_reclustering/Mural/Mural_round3_reclustered_preannotation.qs2","4","MOVE_MURAL_TO_FIBRO","Fibroblast","PRJNA662018_PRJNA662018_P1T1","PRJNA662018","PRJNA662018_PRJNA662018_P1T1","NMIBC",NA,NA,NA
"PRJNA662018_PRJNA662018_P1T1_TCAGATGTCATGGTCA-1","/home/data/t070721/codex_workspace/Bladder Metabolism/subtype/round3/02_reclustering/Mural/Mural_round3_reclustered_preannotation.qs2","4","MOVE_MURAL_TO_FIBRO","Fibroblast","PRJNA662018_PRJNA662018_P1T1","PRJNA662018","PRJNA662018_PRJNA662018_P1T1","NMIBC",NA,NA,NA
"PRJNA662018_PRJNA662018_P1T1_TCAGCAATCGTCGTTC-1","/home/data/t070721/codex_workspace/Bladder Metabolism/subtype/round3/02_reclustering/Mural/Mural_round3_reclustered_preannotation.qs2","4","MOVE_MURAL_TO_FIBRO","Fibroblast","PRJNA662018_PRJNA662018_P1T1","PRJNA662018","PRJNA662018_PRJNA662018_P1T1","NMIBC",NA,NA,NA
"PRJNA662018_PRJNA662018_P1T1_TCGGGACCATCACAAC-1","/home/data/t070721/codex_workspace/Bladder Metabolism/subtype/round3/02_reclustering/Mural/Mural_round3_reclustered_preannotation.qs2","4","MOVE_MURAL_TO_FIBRO","Fibroblast","PRJNA662018_PRJNA662018_P1T1","PRJNA662018","PRJNA662018_PRJNA662018_P1T1","NMIBC",NA,NA,NA
"PRJNA662018_PRJNA662018_P1T1_TCGGTAAAGGCCCTCA-1","/home/data/t070721/codex_workspace/Bladder Metabolism/subtype/round3/02_reclustering/Mural/Mural_round3_reclustered_preannotation.qs2","4","MOVE_MURAL_TO_FIBRO","Fibroblast","PRJNA662018_PRJNA662018_P1T1","PRJNA662018","PRJNA662018_PRJNA662018_P1T1","NMIBC",NA,NA,NA
"PRJNA662018_PRJNA662018_P1T1_TCTTTCCGTTGGGACA-1","/home/data/t070721/codex_workspace/Bladder Metabolism/subtype/round3/02_reclustering/Mural/Mural_round3_reclustered_preannotation.qs2","4","MOVE_MURAL_TO_FIBRO","Fibroblast","PRJNA662018_PRJNA662018_P1T1","PRJNA662018","PRJNA662018_PRJNA662018_P1T1","NMIBC",NA,NA,NA
"PRJNA662018_PRJNA662018_P1T1_TGACTAGCACAACTGT-1","/home/data/t070721/codex_workspace/Bladder Metabolism/subtype/round3/02_reclustering/Mural/Mural_round3_reclustered_preannotation.qs2","4","MOVE_MURAL_TO_FIBRO","Fibroblast","PRJNA662018_PRJNA662018_P1T1","PRJNA662018","PRJNA662018_PRJNA662018_P1T1","NMIBC",NA,NA,NA
"PRJNA662018_PRJNA662018_P1T1_TTGACTTAGTACGATA-1","/home/data/t070721/codex_workspace/Bladder Metabolism/subtype/round3/02_reclustering/Mural/Mural_round3_reclustered_preannotation.qs2","4","MOVE_MURAL_TO_FIBRO","Fibroblast","PRJNA662018_PRJNA662018_P1T1","PRJNA662018","PRJNA662018_PRJNA662018_P1T1","NMIBC",NA,NA,NA
"PRJNA662018_PRJNA662018_P1T1_TTGCCGTTCACGGTTA-1","/home/data/t070721/codex_workspace/Bladder Metabolism/subtype/round3/02_reclustering/Mural/Mural_round3_reclustered_preannotation.qs2","4","MOVE_MURAL_TO_FIBRO","Fibroblast","PRJNA662018_PRJNA662018_P1T1","PRJNA662018","PRJNA662018_PRJNA662018_P1T1","NMIBC",NA,NA,NA
"PRJNA662018_PRJNA662018_P1T1_TTTCCTCTCGGCGCAT-1","/home/data/t070721/codex_workspace/Bladder Metabolism/subtype/round3/02_reclustering/Mural/Mural_round3_reclustered_preannotation.qs2","4","MOVE_MURAL_TO_FIBRO","Fibroblast","PRJNA662018_PRJNA662018_P1T1","PRJNA662018","PRJNA662018_PRJNA662018_P1T1","NMIBC",NA,NA,NA
"PRJNA662018_PRJNA662018_P2T2_AAAGTAGTCTGCGGCA-1","/home/data/t070721/codex_workspace/Bladder Metabolism/subtype/round3/02_reclustering/Mural/Mural_round3_reclustered_preannotation.qs2","4","MOVE_MURAL_TO_FIBRO","Fibroblast","PRJNA662018_PRJNA662018_P2T2","PRJNA662018","PRJNA662018_PRJNA662018_P2T2","NMIBC",NA,NA,NA
"PRJNA662018_PRJNA662018_P2T2_AACTTTCGTAGTAGTA-1","/home/data/t070721/codex_workspace/Bladder Metabolism/subtype/round3/02_reclustering/Mural/Mural_round3_reclustered_preannotation.qs2","4","MOVE_MURAL_TO_FIBRO","Fibroblast","PRJNA662018_PRJNA662018_P2T2","PRJNA662018","PRJNA662018_PRJNA662018_P2T2","NMIBC",NA,NA,NA
"PRJNA662018_PRJNA662018_P2T2_AGAATAGAGGGATCTG-1","/home/data/t070721/codex_workspace/Bladder Metabolism/subtype/round3/02_reclustering/Mural/Mural_round3_reclustered_preannotation.qs2","4","MOVE_MURAL_TO_FIBRO","Fibroblast","PRJNA662018_PRJNA662018_P2T2","PRJNA662018","PRJNA662018_PRJNA662018_P2T2","NMIBC",NA,NA,NA
"PRJNA662018_PRJNA662018_P2T2_AGCATACGTGCACCAC-1","/home/data/t070721/codex_workspace/Bladder Metabolism/subtype/round3/02_reclustering/Mural/Mural_round3_reclustered_preannotation.qs2","4","MOVE_MURAL_TO_FIBRO","Fibroblast","PRJNA662018_PRJNA662018_P2T2","PRJNA662018","PRJNA662018_PRJNA662018_P2T2","NMIBC",NA,NA,NA
"PRJNA662018_PRJNA662018_P2T2_AGTGTCACATTGCGGC-1","/home/data/t070721/codex_workspace/Bladder Metabolism/subtype/round3/02_reclustering/Mural/Mural_round3_reclustered_preannotation.qs2","4","MOVE_MURAL_TO_FIBRO","Fibroblast","PRJNA662018_PRJNA662018_P2T2","PRJNA662018","PRJNA662018_PRJNA662018_P2T2","NMIBC",NA,NA,NA
"PRJNA662018_PRJNA662018_P2T2_ATCCGAAAGGCTATCT-1","/home/data/t070721/codex_workspace/Bladder Metabolism/subtype/round3/02_reclustering/Mural/Mural_round3_reclustered_preannotation.qs2","4","MOVE_MURAL_TO_FIBRO","Fibroblast","PRJNA662018_PRJNA662018_P2T2","PRJNA662018","PRJNA662018_PRJNA662018_P2T2","NMIBC",NA,NA,NA
"PRJNA662018_PRJNA662018_P2T2_ATCTACTCAGCTATTG-1","/home/data/t070721/codex_workspace/Bladder Metabolism/subtype/round3/02_reclustering/Mural/Mural_round3_reclustered_preannotation.qs2","4","MOVE_MURAL_TO_FIBRO","Fibroblast","PRJNA662018_PRJNA662018_P2T2","PRJNA662018","PRJNA662018_PRJNA662018_P2T2","NMIBC",NA,NA,NA
"PRJNA662018_PRJNA662018_P2T2_ATCTGCCGTCGAGATG-1","/home/data/t070721/codex_workspace/Bladder Metabolism/subtype/round3/02_reclustering/Mural/Mural_round3_reclustered_preannotation.qs2","4","MOVE_MURAL_TO_FIBRO","Fibroblast","PRJNA662018_PRJNA662018_P2T2","PRJNA662018","PRJNA662018_PRJNA662018_P2T2","NMIBC",NA,NA,NA
"PRJNA662018_PRJNA662018_P2T2_ATGGGAGAGAAACCGC-1","/home/data/t070721/codex_workspace/Bladder Metabolism/subtype/round3/02_reclustering/Mural/Mural_round3_reclustered_preannotation.qs2","4","MOVE_MURAL_TO_FIBRO","Fibroblast","PRJNA662018_PRJNA662018_P2T2","PRJNA662018","PRJNA662018_PRJNA662018_P2T2","NMIBC",NA,NA,NA
"PRJNA662018_PRJNA662018_P2T2_CAACCAACATTACGAC-1","/home/data/t070721/codex_workspace/Bladder Metabolism/subtype/round3/02_reclustering/Mural/Mural_round3_reclustered_preannotation.qs2","4","MOVE_MURAL_TO_FIBRO","Fibroblast","PRJNA662018_PRJNA662018_P2T2","PRJNA662018","PRJNA662018_PRJNA662018_P2T2","NMIBC",NA,NA,NA
"PRJNA662018_PRJNA662018_P2T2_CACACCTAGTGGAGTC-1","/home/data/t070721/codex_workspace/Bladder Metabolism/subtype/round3/02_reclustering/Mural/Mural_round3_reclustered_preannotation.qs2","4","MOVE_MURAL_TO_FIBRO","Fibroblast","PRJNA662018_PRJNA662018_P2T2","PRJNA662018","PRJNA662018_PRJNA662018_P2T2","NMIBC",NA,NA,NA
"PRJNA662018_PRJNA662018_P2T2_CAGGTGCTCATTTGGG-1","/home/data/t070721/codex_workspace/Bladder Metabolism/subtype/round3/02_reclustering/Mural/Mural_round3_reclustered_preannotation.qs2","4","MOVE_MURAL_TO_FIBRO","Fibroblast","PRJNA662018_PRJNA662018_P2T2","PRJNA662018","PRJNA662018_PRJNA662018_P2T2","NMIBC",NA,NA,NA
"PRJNA662018_PRJNA662018_P2T2_CATCGGGAGTATGACA-1","/home/data/t070721/codex_workspace/Bladder Metabolism/subtype/round3/02_reclustering/Mural/Mural_round3_reclustered_preannotation.qs2","4","MOVE_MURAL_TO_FIBRO","Fibroblast","PRJNA662018_PRJNA662018_P2T2","PRJNA662018","PRJNA662018_PRJNA662018_P2T2","NMIBC",NA,NA,NA
"PRJNA662018_PRJNA662018_P2T2_CATCGGGGTCTAACGT-1","/home/data/t070721/codex_workspace/Bladder Metabolism/subtype/round3/02_reclustering/Mural/Mural_round3_reclustered_preannotation.qs2","4","MOVE_MURAL_TO_FIBRO","Fibroblast","PRJNA662018_PRJNA662018_P2T2","PRJNA662018","PRJNA662018_PRJNA662018_P2T2","NMIBC",NA,NA,NA
"PRJNA662018_PRJNA662018_P2T2_CCGTACTTCGGATGGA-1","/home/data/t070721/codex_workspace/Bladder Metabolism/subtype/round3/02_reclustering/Mural/Mural_round3_reclustered_preannotation.qs2","4","MOVE_MURAL_TO_FIBRO","Fibroblast","PRJNA662018_PRJNA662018_P2T2","PRJNA662018","PRJNA662018_PRJNA662018_P2T2","NMIBC",NA,NA,NA
"PRJNA662018_PRJNA662018_P2T2_CCTTCGAGTCGCGGTT-1","/home/data/t070721/codex_workspace/Bladder Metabolism/subtype/round3/02_reclustering/Mural/Mural_round3_reclustered_preannotation.qs2","4","MOVE_MURAL_TO_FIBRO","Fibroblast","PRJNA662018_PRJNA662018_P2T2","PRJNA662018","PRJNA662018_PRJNA662018_P2T2","NMIBC",NA,NA,NA
"PRJNA662018_PRJNA662018_P2T2_CGAGAAGCAGCAGTTT-1","/home/data/t070721/codex_workspace/Bladder Metabolism/subtype/round3/02_reclustering/Mural/Mural_round3_reclustered_preannotation.qs2","4","MOVE_MURAL_TO_FIBRO","Fibroblast","PRJNA662018_PRJNA662018_P2T2","PRJNA662018","PRJNA662018_PRJNA662018_P2T2","NMIBC",NA,NA,NA
"PRJNA662018_PRJNA662018_P2T2_CGAGCACCATCTCCCA-1","/home/data/t070721/codex_workspace/Bladder Metabolism/subtype/round3/02_reclustering/Mural/Mural_round3_reclustered_preannotation.qs2","4","MOVE_MURAL_TO_FIBRO","Fibroblast","PRJNA662018_PRJNA662018_P2T2","PRJNA662018","PRJNA662018_PRJNA662018_P2T2","NMIBC",NA,NA,NA
"PRJNA662018_PRJNA662018_P2T2_CGGGTCAGTGACGCCT-1","/home/data/t070721/codex_workspace/Bladder Metabolism/subtype/round3/02_reclustering/Mural/Mural_round3_reclustered_preannotation.qs2","4","MOVE_MURAL_TO_FIBRO","Fibroblast","PRJNA662018_PRJNA662018_P2T2","PRJNA662018","PRJNA662018_PRJNA662018_P2T2","NMIBC",NA,NA,NA
"PRJNA662018_PRJNA662018_P2T2_CGGTTAAAGGGTCTCC-1","/home/data/t070721/codex_workspace/Bladder Metabolism/subtype/round3/02_reclustering/Mural/Mural_round3_reclustered_preannotation.qs2","4","MOVE_MURAL_TO_FIBRO","Fibroblast","PRJNA662018_PRJNA662018_P2T2","PRJNA662018","PRJNA662018_PRJNA662018_P2T2","NMIBC",NA,NA,NA
"PRJNA662018_PRJNA662018_P2T2_CGTAGGCGTGAGGGAG-1","/home/data/t070721/codex_workspace/Bladder Metabolism/subtype/round3/02_reclustering/Mural/Mural_round3_reclustered_preannotation.qs2","4","MOVE_MURAL_TO_FIBRO","Fibroblast","PRJNA662018_PRJNA662018_P2T2","PRJNA662018","PRJNA662018_PRJNA662018_P2T2","NMIBC",NA,NA,NA
"PRJNA662018_PRJNA662018_P2T2_CTACACCAGGGTATCG-1","/home/data/t070721/codex_workspace/Bladder Metabolism/subtype/round3/02_reclustering/Mural/Mural_round3_reclustered_preannotation.qs2","4","MOVE_MURAL_TO_FIBRO","Fibroblast","PRJNA662018_PRJNA662018_P2T2","PRJNA662018","PRJNA662018_PRJNA662018_P2T2","NMIBC",NA,NA,NA
"PRJNA662018_PRJNA662018_P2T2_CTACATTGTTTGGGCC-1","/home/data/t070721/codex_workspace/Bladder Metabolism/subtype/round3/02_reclustering/Mural/Mural_round3_reclustered_preannotation.qs2","4","MOVE_MURAL_TO_FIBRO","Fibroblast","PRJNA662018_PRJNA662018_P2T2","PRJNA662018","PRJNA662018_PRJNA662018_P2T2","NMIBC",NA,NA,NA
"PRJNA662018_PRJNA662018_P2T2_CTTAGGACAAAGGAAG-1","/home/data/t070721/codex_workspace/Bladder Metabolism/subtype/round3/02_reclustering/Mural/Mural_round3_reclustered_preannotation.qs2","4","MOVE_MURAL_TO_FIBRO","Fibroblast","PRJNA662018_PRJNA662018_P2T2","PRJNA662018","PRJNA662018_PRJNA662018_P2T2","NMIBC",NA,NA,NA
"PRJNA662018_PRJNA662018_P2T2_CTTCTCTTCACTCCTG-1","/home/data/t070721/codex_workspace/Bladder Metabolism/subtype/round3/02_reclustering/Mural/Mural_round3_reclustered_preannotation.qs2","4","MOVE_MURAL_TO_FIBRO","Fibroblast","PRJNA662018_PRJNA662018_P2T2","PRJNA662018","PRJNA662018_PRJNA662018_P2T2","NMIBC",NA,NA,NA
"PRJNA662018_PRJNA662018_P2T2_GCACTCTAGACTGGGT-1","/home/data/t070721/codex_workspace/Bladder Metabolism/subtype/round3/02_reclustering/Mural/Mural_round3_reclustered_preannotation.qs2","4","MOVE_MURAL_TO_FIBRO","Fibroblast","PRJNA662018_PRJNA662018_P2T2","PRJNA662018","PRJNA662018_PRJNA662018_P2T2","NMIBC",NA,NA,NA
"PRJNA662018_PRJNA662018_P2T2_GGCGACTGTACCCAAT-1","/home/data/t070721/codex_workspace/Bladder Metabolism/subtype/round3/02_reclustering/Mural/Mural_round3_reclustered_preannotation.qs2","4","MOVE_MURAL_TO_FIBRO","Fibroblast","PRJNA662018_PRJNA662018_P2T2","PRJNA662018","PRJNA662018_PRJNA662018_P2T2","NMIBC",NA,NA,NA
"PRJNA662018_PRJNA662018_P2T2_GGGTTGCTCGTTTGCC-1","/home/data/t070721/codex_workspace/Bladder Metabolism/subtype/round3/02_reclustering/Mural/Mural_round3_reclustered_preannotation.qs2","4","MOVE_MURAL_TO_FIBRO","Fibroblast","PRJNA662018_PRJNA662018_P2T2","PRJNA662018","PRJNA662018_PRJNA662018_P2T2","NMIBC",NA,NA,NA
"PRJNA662018_PRJNA662018_P2T2_GGTGTTATCTGCCAGG-1","/home/data/t070721/codex_workspace/Bladder Metabolism/subtype/round3/02_reclustering/Mural/Mural_round3_reclustered_preannotation.qs2","4","MOVE_MURAL_TO_FIBRO","Fibroblast","PRJNA662018_PRJNA662018_P2T2","PRJNA662018","PRJNA662018_PRJNA662018_P2T2","NMIBC",NA,NA,NA
"PRJNA662018_PRJNA662018_P2T2_GTTCGGGTCCCTAATT-1","/home/data/t070721/codex_workspace/Bladder Metabolism/subtype/round3/02_reclustering/Mural/Mural_round3_reclustered_preannotation.qs2","4","MOVE_MURAL_TO_FIBRO","Fibroblast","PRJNA662018_PRJNA662018_P2T2","PRJNA662018","PRJNA662018_PRJNA662018_P2T2","NMIBC",NA,NA,NA
"PRJNA662018_PRJNA662018_P2T2_TCCCGATGTGTAATGA-1","/home/data/t070721/codex_workspace/Bladder Metabolism/subtype/round3/02_reclustering/Mural/Mural_round3_reclustered_preannotation.qs2","4","MOVE_MURAL_TO_FIBRO","Fibroblast","PRJNA662018_PRJNA662018_P2T2","PRJNA662018","PRJNA662018_PRJNA662018_P2T2","NMIBC",NA,NA,NA
"PRJNA662018_PRJNA662018_P2T2_TCGGGACTCAGTGCAT-1","/home/data/t070721/codex_workspace/Bladder Metabolism/subtype/round3/02_reclustering/Mural/Mural_round3_reclustered_preannotation.qs2","4","MOVE_MURAL_TO_FIBRO","Fibroblast","PRJNA662018_PRJNA662018_P2T2","PRJNA662018","PRJNA662018_PRJNA662018_P2T2","NMIBC",NA,NA,NA
"PRJNA662018_PRJNA662018_P2T2_TCTTCGGTCTGGTATG-1","/home/data/t070721/codex_workspace/Bladder Metabolism/subtype/round3/02_reclustering/Mural/Mural_round3_reclustered_preannotation.qs2","4","MOVE_MURAL_TO_FIBRO","Fibroblast","PRJNA662018_PRJNA662018_P2T2","PRJNA662018","PRJNA662018_PRJNA662018_P2T2","NMIBC",NA,NA,NA
"PRJNA662018_PRJNA662018_P2T2_TGCGTGGCATCTACGA-1","/home/data/t070721/codex_workspace/Bladder Metabolism/subtype/round3/02_reclustering/Mural/Mural_round3_reclustered_preannotation.qs2","4","MOVE_MURAL_TO_FIBRO","Fibroblast","PRJNA662018_PRJNA662018_P2T2","PRJNA662018","PRJNA662018_PRJNA662018_P2T2","NMIBC",NA,NA,NA
"PRJNA662018_PRJNA662018_P2T2_TGGGCGTAGAAACGAG-1","/home/data/t070721/codex_workspace/Bladder Metabolism/subtype/round3/02_reclustering/Mural/Mural_round3_reclustered_preannotation.qs2","4","MOVE_MURAL_TO_FIBRO","Fibroblast","PRJNA662018_PRJNA662018_P2T2","PRJNA662018","PRJNA662018_PRJNA662018_P2T2","NMIBC",NA,NA,NA
"PRJNA662018_PRJNA662018_P2T2_TTCGGTCGTGAGGCTA-1","/home/data/t070721/codex_workspace/Bladder Metabolism/subtype/round3/02_reclustering/Mural/Mural_round3_reclustered_preannotation.qs2","4","MOVE_MURAL_TO_FIBRO","Fibroblast","PRJNA662018_PRJNA662018_P2T2","PRJNA662018","PRJNA662018_PRJNA662018_P2T2","NMIBC",NA,NA,NA
"PRJNA662018_PRJNA662018_P3T3_AAACGGGCATAGGATA-1","/home/data/t070721/codex_workspace/Bladder Metabolism/subtype/round3/02_reclustering/Mural/Mural_round3_reclustered_preannotation.qs2","4","MOVE_MURAL_TO_FIBRO","Fibroblast","PRJNA662018_PRJNA662018_P3T3","PRJNA662018","PRJNA662018_PRJNA662018_P3T3","NMIBC",NA,NA,NA
"PRJNA662018_PRJNA662018_P3T3_AACCGCGTCATGCTCC-1","/home/data/t070721/codex_workspace/Bladder Metabolism/subtype/round3/02_reclustering/Mural/Mural_round3_reclustered_preannotation.qs2","4","MOVE_MURAL_TO_FIBRO","Fibroblast","PRJNA662018_PRJNA662018_P3T3","PRJNA662018","PRJNA662018_PRJNA662018_P3T3","NMIBC",NA,NA,NA
"PRJNA662018_PRJNA662018_P3T3_ACGGGTCAGAACAATC-1","/home/data/t070721/codex_workspace/Bladder Metabolism/subtype/round3/02_reclustering/Mural/Mural_round3_reclustered_preannotation.qs2","4","MOVE_MURAL_TO_FIBRO","Fibroblast","PRJNA662018_PRJNA662018_P3T3","PRJNA662018","PRJNA662018_PRJNA662018_P3T3","NMIBC",NA,NA,NA
"PRJNA662018_PRJNA662018_P3T3_ACGTCAATCAGATAAG-1","/home/data/t070721/codex_workspace/Bladder Metabolism/subtype/round3/02_reclustering/Mural/Mural_round3_reclustered_preannotation.qs2","4","MOVE_MURAL_TO_FIBRO","Fibroblast","PRJNA662018_PRJNA662018_P3T3","PRJNA662018","PRJNA662018_PRJNA662018_P3T3","NMIBC",NA,NA,NA
"PRJNA662018_PRJNA662018_P3T3_AGCGGTCGTTCCGGCA-1","/home/data/t070721/codex_workspace/Bladder Metabolism/subtype/round3/02_reclustering/Mural/Mural_round3_reclustered_preannotation.qs2","4","MOVE_MURAL_TO_FIBRO","Fibroblast","PRJNA662018_PRJNA662018_P3T3","PRJNA662018","PRJNA662018_PRJNA662018_P3T3","NMIBC",NA,NA,NA
"PRJNA662018_PRJNA662018_P3T3_AGCGTCGAGCTAGTGG-1","/home/data/t070721/codex_workspace/Bladder Metabolism/subtype/round3/02_reclustering/Mural/Mural_round3_reclustered_preannotation.qs2","4","MOVE_MURAL_TO_FIBRO","Fibroblast","PRJNA662018_PRJNA662018_P3T3","PRJNA662018","PRJNA662018_PRJNA662018_P3T3","NMIBC",NA,NA,NA
"PRJNA662018_PRJNA662018_P3T3_AGGCCACTCCGTCATC-1","/home/data/t070721/codex_workspace/Bladder Metabolism/subtype/round3/02_reclustering/Mural/Mural_round3_reclustered_preannotation.qs2","4","MOVE_MURAL_TO_FIBRO","Fibroblast","PRJNA662018_PRJNA662018_P3T3","PRJNA662018","PRJNA662018_PRJNA662018_P3T3","NMIBC",NA,NA,NA
"PRJNA662018_PRJNA662018_P3T3_AGGGAGTTCAACGGGA-1","/home/data/t070721/codex_workspace/Bladder Metabolism/subtype/round3/02_reclustering/Mural/Mural_round3_reclustered_preannotation.qs2","4","MOVE_MURAL_TO_FIBRO","Fibroblast","PRJNA662018_PRJNA662018_P3T3","PRJNA662018","PRJNA662018_PRJNA662018_P3T3","NMIBC",NA,NA,NA
"PRJNA662018_PRJNA662018_P3T3_ATGGGAGCAGCATGAG-1","/home/data/t070721/codex_workspace/Bladder Metabolism/subtype/round3/02_reclustering/Mural/Mural_round3_reclustered_preannotation.qs2","4","MOVE_MURAL_TO_FIBRO","Fibroblast","PRJNA662018_PRJNA662018_P3T3","PRJNA662018","PRJNA662018_PRJNA662018_P3T3","NMIBC",NA,NA,NA
"PRJNA662018_PRJNA662018_P3T3_CAACTAGGTCAAAGAT-1","/home/data/t070721/codex_workspace/Bladder Metabolism/subtype/round3/02_reclustering/Mural/Mural_round3_reclustered_preannotation.qs2","4","MOVE_MURAL_TO_FIBRO","Fibroblast","PRJNA662018_PRJNA662018_P3T3","PRJNA662018","PRJNA662018_PRJNA662018_P3T3","NMIBC",NA,NA,NA
"PRJNA662018_PRJNA662018_P3T3_CACCTTGAGCTAAGAT-1","/home/data/t070721/codex_workspace/Bladder Metabolism/subtype/round3/02_reclustering/Mural/Mural_round3_reclustered_preannotation.qs2","4","MOVE_MURAL_TO_FIBRO","Fibroblast","PRJNA662018_PRJNA662018_P3T3","PRJNA662018","PRJNA662018_PRJNA662018_P3T3","NMIBC",NA,NA,NA
"PRJNA662018_PRJNA662018_P3T3_CATCAAGAGCAGGTCA-1","/home/data/t070721/codex_workspace/Bladder Metabolism/subtype/round3/02_reclustering/Mural/Mural_round3_reclustered_preannotation.qs2","4","MOVE_MURAL_TO_FIBRO","Fibroblast","PRJNA662018_PRJNA662018_P3T3","PRJNA662018","PRJNA662018_PRJNA662018_P3T3","NMIBC",NA,NA,NA
"PRJNA662018_PRJNA662018_P3T3_CATGGCGGTCGCATCG-1","/home/data/t070721/codex_workspace/Bladder Metabolism/subtype/round3/02_reclustering/Mural/Mural_round3_reclustered_preannotation.qs2","4","MOVE_MURAL_TO_FIBRO","Fibroblast","PRJNA662018_PRJNA662018_P3T3","PRJNA662018","PRJNA662018_PRJNA662018_P3T3","NMIBC",NA,NA,NA
"PRJNA662018_PRJNA662018_P3T3_CCGTTCAGTCGTGGCT-1","/home/data/t070721/codex_workspace/Bladder Metabolism/subtype/round3/02_reclustering/Mural/Mural_round3_reclustered_preannotation.qs2","4","MOVE_MURAL_TO_FIBRO","Fibroblast","PRJNA662018_PRJNA662018_P3T3","PRJNA662018","PRJNA662018_PRJNA662018_P3T3","NMIBC",NA,NA,NA
"PRJNA662018_PRJNA662018_P3T3_CGTGAGCAGACCCACC-1","/home/data/t070721/codex_workspace/Bladder Metabolism/subtype/round3/02_reclustering/Mural/Mural_round3_reclustered_preannotation.qs2","4","MOVE_MURAL_TO_FIBRO","Fibroblast","PRJNA662018_PRJNA662018_P3T3","PRJNA662018","PRJNA662018_PRJNA662018_P3T3","NMIBC",NA,NA,NA
"PRJNA662018_PRJNA662018_P3T3_CTGATAGCAGACGTAG-1","/home/data/t070721/codex_workspace/Bladder Metabolism/subtype/round3/02_reclustering/Mural/Mural_round3_reclustered_preannotation.qs2","4","MOVE_MURAL_TO_FIBRO","Fibroblast","PRJNA662018_PRJNA662018_P3T3","PRJNA662018","PRJNA662018_PRJNA662018_P3T3","NMIBC",NA,NA,NA
"PRJNA662018_PRJNA662018_P3T3_GAGTCCGCACTTAACG-1","/home/data/t070721/codex_workspace/Bladder Metabolism/subtype/round3/02_reclustering/Mural/Mural_round3_reclustered_preannotation.qs2","4","MOVE_MURAL_TO_FIBRO","Fibroblast","PRJNA662018_PRJNA662018_P3T3","PRJNA662018","PRJNA662018_PRJNA662018_P3T3","NMIBC",NA,NA,NA
"PRJNA662018_PRJNA662018_P3T3_GATCTAGTCGGAAACG-1","/home/data/t070721/codex_workspace/Bladder Metabolism/subtype/round3/02_reclustering/Mural/Mural_round3_reclustered_preannotation.qs2","4","MOVE_MURAL_TO_FIBRO","Fibroblast","PRJNA662018_PRJNA662018_P3T3","PRJNA662018","PRJNA662018_PRJNA662018_P3T3","NMIBC",NA,NA,NA
"PRJNA662018_PRJNA662018_P3T3_GCATACACAGGGTATG-1","/home/data/t070721/codex_workspace/Bladder Metabolism/subtype/round3/02_reclustering/Mural/Mural_round3_reclustered_preannotation.qs2","4","MOVE_MURAL_TO_FIBRO","Fibroblast","PRJNA662018_PRJNA662018_P3T3","PRJNA662018","PRJNA662018_PRJNA662018_P3T3","NMIBC",NA,NA,NA
"PRJNA662018_PRJNA662018_P3T3_GCGCGATTCACCACCT-1","/home/data/t070721/codex_workspace/Bladder Metabolism/subtype/round3/02_reclustering/Mural/Mural_round3_reclustered_preannotation.qs2","4","MOVE_MURAL_TO_FIBRO","Fibroblast","PRJNA662018_PRJNA662018_P3T3","PRJNA662018","PRJNA662018_PRJNA662018_P3T3","NMIBC",NA,NA,NA
"PRJNA662018_PRJNA662018_P3T3_GGCCGATCATACTCTT-1","/home/data/t070721/codex_workspace/Bladder Metabolism/subtype/round3/02_reclustering/Mural/Mural_round3_reclustered_preannotation.qs2","4","MOVE_MURAL_TO_FIBRO","Fibroblast","PRJNA662018_PRJNA662018_P3T3","PRJNA662018","PRJNA662018_PRJNA662018_P3T3","NMIBC",NA,NA,NA
"PRJNA662018_PRJNA662018_P3T3_GGCTGGTGTCAGAGGT-1","/home/data/t070721/codex_workspace/Bladder Metabolism/subtype/round3/02_reclustering/Mural/Mural_round3_reclustered_preannotation.qs2","4","MOVE_MURAL_TO_FIBRO","Fibroblast","PRJNA662018_PRJNA662018_P3T3","PRJNA662018","PRJNA662018_PRJNA662018_P3T3","NMIBC",NA,NA,NA
"PRJNA662018_PRJNA662018_P3T3_GGGCACTAGGAGCGTT-1","/home/data/t070721/codex_workspace/Bladder Metabolism/subtype/round3/02_reclustering/Mural/Mural_round3_reclustered_preannotation.qs2","4","MOVE_MURAL_TO_FIBRO","Fibroblast","PRJNA662018_PRJNA662018_P3T3","PRJNA662018","PRJNA662018_PRJNA662018_P3T3","NMIBC",NA,NA,NA
"PRJNA662018_PRJNA662018_P3T3_GTCAAGTCAGTAAGCG-1","/home/data/t070721/codex_workspace/Bladder Metabolism/subtype/round3/02_reclustering/Mural/Mural_round3_reclustered_preannotation.qs2","4","MOVE_MURAL_TO_FIBRO","Fibroblast","PRJNA662018_PRJNA662018_P3T3","PRJNA662018","PRJNA662018_PRJNA662018_P3T3","NMIBC",NA,NA,NA
"PRJNA662018_PRJNA662018_P3T3_GTGTTAGCACCTATCC-1","/home/data/t070721/codex_workspace/Bladder Metabolism/subtype/round3/02_reclustering/Mural/Mural_round3_reclustered_preannotation.qs2","4","MOVE_MURAL_TO_FIBRO","Fibroblast","PRJNA662018_PRJNA662018_P3T3","PRJNA662018","PRJNA662018_PRJNA662018_P3T3","NMIBC",NA,NA,NA
"PRJNA662018_PRJNA662018_P3T3_TCTATTGTCCTGCAGG-1","/home/data/t070721/codex_workspace/Bladder Metabolism/subtype/round3/02_reclustering/Mural/Mural_round3_reclustered_preannotation.qs2","4","MOVE_MURAL_TO_FIBRO","Fibroblast","PRJNA662018_PRJNA662018_P3T3","PRJNA662018","PRJNA662018_PRJNA662018_P3T3","NMIBC",NA,NA,NA
"PRJNA662018_PRJNA662018_P3T3_TGGCTGGAGTGGTAAT-1","/home/data/t070721/codex_workspace/Bladder Metabolism/subtype/round3/02_reclustering/Mural/Mural_round3_reclustered_preannotation.qs2","4","MOVE_MURAL_TO_FIBRO","Fibroblast","PRJNA662018_PRJNA662018_P3T3","PRJNA662018","PRJNA662018_PRJNA662018_P3T3","NMIBC",NA,NA,NA
"PRJNA662018_PRJNA662018_P3T3_TGGTTAGCATGATCCA-1","/home/data/t070721/codex_workspace/Bladder Metabolism/subtype/round3/02_reclustering/Mural/Mural_round3_reclustered_preannotation.qs2","4","MOVE_MURAL_TO_FIBRO","Fibroblast","PRJNA662018_PRJNA662018_P3T3","PRJNA662018","PRJNA662018_PRJNA662018_P3T3","NMIBC",NA,NA,NA
"PRJNA662018_PRJNA662018_P3T3_TTCTCCTTCTGCAAGT-1","/home/data/t070721/codex_workspace/Bladder Metabolism/subtype/round3/02_reclustering/Mural/Mural_round3_reclustered_preannotation.qs2","4","MOVE_MURAL_TO_FIBRO","Fibroblast","PRJNA662018_PRJNA662018_P3T3","PRJNA662018","PRJNA662018_PRJNA662018_P3T3","NMIBC",NA,NA,NA
"PRJNA662018_PRJNA662018_P4T4_AAAGATGCAGCCACCA-1","/home/data/t070721/codex_workspace/Bladder Metabolism/subtype/round3/02_reclustering/Mural/Mural_round3_reclustered_preannotation.qs2","4","MOVE_MURAL_TO_FIBRO","Fibroblast","PRJNA662018_PRJNA662018_P4T4","PRJNA662018","PRJNA662018_PRJNA662018_P4T4","NMIBC",NA,NA,NA
"PRJNA662018_PRJNA662018_P4T4_AAATGCCCACAACGCC-1","/home/data/t070721/codex_workspace/Bladder Metabolism/subtype/round3/02_reclustering/Mural/Mural_round3_reclustered_preannotation.qs2","4","MOVE_MURAL_TO_FIBRO","Fibroblast","PRJNA662018_PRJNA662018_P4T4","PRJNA662018","PRJNA662018_PRJNA662018_P4T4","NMIBC",NA,NA,NA
"PRJNA662018_PRJNA662018_P4T4_AACGTTGCACTGAAGG-1","/home/data/t070721/codex_workspace/Bladder Metabolism/subtype/round3/02_reclustering/Mural/Mural_round3_reclustered_preannotation.qs2","4","MOVE_MURAL_TO_FIBRO","Fibroblast","PRJNA662018_PRJNA662018_P4T4","PRJNA662018","PRJNA662018_PRJNA662018_P4T4","NMIBC",NA,NA,NA
"PRJNA662018_PRJNA662018_P4T4_AACTCCCCACGACGAA-1","/home/data/t070721/codex_workspace/Bladder Metabolism/subtype/round3/02_reclustering/Mural/Mural_round3_reclustered_preannotation.qs2","4","MOVE_MURAL_TO_FIBRO","Fibroblast","PRJNA662018_PRJNA662018_P4T4","PRJNA662018","PRJNA662018_PRJNA662018_P4T4","NMIBC",NA,NA,NA
"PRJNA662018_PRJNA662018_P4T4_AACTCCCCAGGCTGAA-1","/home/data/t070721/codex_workspace/Bladder Metabolism/subtype/round3/02_reclustering/Mural/Mural_round3_reclustered_preannotation.qs2","4","MOVE_MURAL_TO_FIBRO","Fibroblast","PRJNA662018_PRJNA662018_P4T4","PRJNA662018","PRJNA662018_PRJNA662018_P4T4","NMIBC",NA,NA,NA
"PRJNA662018_PRJNA662018_P4T4_AACTCTTTCAGAAATG-1","/home/data/t070721/codex_workspace/Bladder Metabolism/subtype/round3/02_reclustering/Mural/Mural_round3_reclustered_preannotation.qs2","4","MOVE_MURAL_TO_FIBRO","Fibroblast","PRJNA662018_PRJNA662018_P4T4","PRJNA662018","PRJNA662018_PRJNA662018_P4T4","NMIBC",NA,NA,NA
"PRJNA662018_PRJNA662018_P4T4_AAGCCGCTCAGGTTCA-1","/home/data/t070721/codex_workspace/Bladder Metabolism/subtype/round3/02_reclustering/Mural/Mural_round3_reclustered_preannotation.qs2","4","MOVE_MURAL_TO_FIBRO","Fibroblast","PRJNA662018_PRJNA662018_P4T4","PRJNA662018","PRJNA662018_PRJNA662018_P4T4","NMIBC",NA,NA,NA
"PRJNA662018_PRJNA662018_P4T4_ACACCAACACGAGAGT-1","/home/data/t070721/codex_workspace/Bladder Metabolism/subtype/round3/02_reclustering/Mural/Mural_round3_reclustered_preannotation.qs2","4","MOVE_MURAL_TO_FIBRO","Fibroblast","PRJNA662018_PRJNA662018_P4T4","PRJNA662018","PRJNA662018_PRJNA662018_P4T4","NMIBC",NA,NA,NA
"PRJNA662018_PRJNA662018_P4T4_ACACCGGTCCAGGGCT-1","/home/data/t070721/codex_workspace/Bladder Metabolism/subtype/round3/02_reclustering/Mural/Mural_round3_reclustered_preannotation.qs2","4","MOVE_MURAL_TO_FIBRO","Fibroblast","PRJNA662018_PRJNA662018_P4T4","PRJNA662018","PRJNA662018_PRJNA662018_P4T4","NMIBC",NA,NA,NA
"PRJNA662018_PRJNA662018_P4T4_ACACTGACACAAGTAA-1","/home/data/t070721/codex_workspace/Bladder Metabolism/subtype/round3/02_reclustering/Mural/Mural_round3_reclustered_preannotation.qs2","4","MOVE_MURAL_TO_FIBRO","Fibroblast","PRJNA662018_PRJNA662018_P4T4","PRJNA662018","PRJNA662018_PRJNA662018_P4T4","NMIBC",NA,NA,NA
"PRJNA662018_PRJNA662018_P4T4_ACCCACTTCAAAGTAG-1","/home/data/t070721/codex_workspace/Bladder Metabolism/subtype/round3/02_reclustering/Mural/Mural_round3_reclustered_preannotation.qs2","4","MOVE_MURAL_TO_FIBRO","Fibroblast","PRJNA662018_PRJNA662018_P4T4","PRJNA662018","PRJNA662018_PRJNA662018_P4T4","NMIBC",NA,NA,NA
"PRJNA662018_PRJNA662018_P4T4_ACCTTTAAGTCTCGGC-1","/home/data/t070721/codex_workspace/Bladder Metabolism/subtype/round3/02_reclustering/Mural/Mural_round3_reclustered_preannotation.qs2","4","MOVE_MURAL_TO_FIBRO","Fibroblast","PRJNA662018_PRJNA662018_P4T4","PRJNA662018","PRJNA662018_PRJNA662018_P4T4","NMIBC",NA,NA,NA
"PRJNA662018_PRJNA662018_P4T4_ACGAGCCCACATCCGG-1","/home/data/t070721/codex_workspace/Bladder Metabolism/subtype/round3/02_reclustering/Mural/Mural_round3_reclustered_preannotation.qs2","4","MOVE_MURAL_TO_FIBRO","Fibroblast","PRJNA662018_PRJNA662018_P4T4","PRJNA662018","PRJNA662018_PRJNA662018_P4T4","NMIBC",NA,NA,NA
"PRJNA662018_PRJNA662018_P4T4_ACGAGCCTCAGGTAAA-1","/home/data/t070721/codex_workspace/Bladder Metabolism/subtype/round3/02_reclustering/Mural/Mural_round3_reclustered_preannotation.qs2","4","MOVE_MURAL_TO_FIBRO","Fibroblast","PRJNA662018_PRJNA662018_P4T4","PRJNA662018","PRJNA662018_PRJNA662018_P4T4","NMIBC",NA,NA,NA
"PRJNA662018_PRJNA662018_P4T4_ACGATACCAAACTGTC-1","/home/data/t070721/codex_workspace/Bladder Metabolism/subtype/round3/02_reclustering/Mural/Mural_round3_reclustered_preannotation.qs2","4","MOVE_MURAL_TO_FIBRO","Fibroblast","PRJNA662018_PRJNA662018_P4T4","PRJNA662018","PRJNA662018_PRJNA662018_P4T4","NMIBC",NA,NA,NA
"PRJNA662018_PRJNA662018_P4T4_ACGCAGCCATCTGGTA-1","/home/data/t070721/codex_workspace/Bladder Metabolism/subtype/round3/02_reclustering/Mural/Mural_round3_reclustered_preannotation.qs2","4","MOVE_MURAL_TO_FIBRO","Fibroblast","PRJNA662018_PRJNA662018_P4T4","PRJNA662018","PRJNA662018_PRJNA662018_P4T4","NMIBC",NA,NA,NA
"PRJNA662018_PRJNA662018_P4T4_ACGGCCAAGGGATGGG-1","/home/data/t070721/codex_workspace/Bladder Metabolism/subtype/round3/02_reclustering/Mural/Mural_round3_reclustered_preannotation.qs2","4","MOVE_MURAL_TO_FIBRO","Fibroblast","PRJNA662018_PRJNA662018_P4T4","PRJNA662018","PRJNA662018_PRJNA662018_P4T4","NMIBC",NA,NA,NA
"PRJNA662018_PRJNA662018_P4T4_ACGGCCAAGTCAATAG-1","/home/data/t070721/codex_workspace/Bladder Metabolism/subtype/round3/02_reclustering/Mural/Mural_round3_reclustered_preannotation.qs2","4","MOVE_MURAL_TO_FIBRO","Fibroblast","PRJNA662018_PRJNA662018_P4T4","PRJNA662018","PRJNA662018_PRJNA662018_P4T4","NMIBC",NA,NA,NA
"PRJNA662018_PRJNA662018_P4T4_ACGGGCTAGATCGATA-1","/home/data/t070721/codex_workspace/Bladder Metabolism/subtype/round3/02_reclustering/Mural/Mural_round3_reclustered_preannotation.qs2","4","MOVE_MURAL_TO_FIBRO","Fibroblast","PRJNA662018_PRJNA662018_P4T4","PRJNA662018","PRJNA662018_PRJNA662018_P4T4","NMIBC",NA,NA,NA
"PRJNA662018_PRJNA662018_P4T4_ACTATCTCACATCCAA-1","/home/data/t070721/codex_workspace/Bladder Metabolism/subtype/round3/02_reclustering/Mural/Mural_round3_reclustered_preannotation.qs2","4","MOVE_MURAL_TO_FIBRO","Fibroblast","PRJNA662018_PRJNA662018_P4T4","PRJNA662018","PRJNA662018_PRJNA662018_P4T4","NMIBC",NA,NA,NA
"PRJNA662018_PRJNA662018_P4T4_ACTGAGTAGATGCCAG-1","/home/data/t070721/codex_workspace/Bladder Metabolism/subtype/round3/02_reclustering/Mural/Mural_round3_reclustered_preannotation.qs2","4","MOVE_MURAL_TO_FIBRO","Fibroblast","PRJNA662018_PRJNA662018_P4T4","PRJNA662018","PRJNA662018_PRJNA662018_P4T4","NMIBC",NA,NA,NA
"PRJNA662018_PRJNA662018_P4T4_ACTGATGAGTCTTGCA-1","/home/data/t070721/codex_workspace/Bladder Metabolism/subtype/round3/02_reclustering/Mural/Mural_round3_reclustered_preannotation.qs2","4","MOVE_MURAL_TO_FIBRO","Fibroblast","PRJNA662018_PRJNA662018_P4T4","PRJNA662018","PRJNA662018_PRJNA662018_P4T4","NMIBC",NA,NA,NA
"PRJNA662018_PRJNA662018_P4T4_ACTGCTCCAAAGGCGT-1","/home/data/t070721/codex_workspace/Bladder Metabolism/subtype/round3/02_reclustering/Mural/Mural_round3_reclustered_preannotation.qs2","4","MOVE_MURAL_TO_FIBRO","Fibroblast","PRJNA662018_PRJNA662018_P4T4","PRJNA662018","PRJNA662018_PRJNA662018_P4T4","NMIBC",NA,NA,NA
"PRJNA662018_PRJNA662018_P4T4_AGAATAGCACTAAGTC-1","/home/data/t070721/codex_workspace/Bladder Metabolism/subtype/round3/02_reclustering/Mural/Mural_round3_reclustered_preannotation.qs2","4","MOVE_MURAL_TO_FIBRO","Fibroblast","PRJNA662018_PRJNA662018_P4T4","PRJNA662018","PRJNA662018_PRJNA662018_P4T4","NMIBC",NA,NA,NA
"PRJNA662018_PRJNA662018_P4T4_AGAGCGAGTTGAGTTC-1","/home/data/t070721/codex_workspace/Bladder Metabolism/subtype/round3/02_reclustering/Mural/Mural_round3_reclustered_preannotation.qs2","4","MOVE_MURAL_TO_FIBRO","Fibroblast","PRJNA662018_PRJNA662018_P4T4","PRJNA662018","PRJNA662018_PRJNA662018_P4T4","NMIBC",NA,NA,NA
"PRJNA662018_PRJNA662018_P4T4_AGAGCTTAGAGTACCG-1","/home/data/t070721/codex_workspace/Bladder Metabolism/subtype/round3/02_reclustering/Mural/Mural_round3_reclustered_preannotation.qs2","4","MOVE_MURAL_TO_FIBRO","Fibroblast","PRJNA662018_PRJNA662018_P4T4","PRJNA662018","PRJNA662018_PRJNA662018_P4T4","NMIBC",NA,NA,NA
"PRJNA662018_PRJNA662018_P4T4_AGATTGCTCCGTCATC-1","/home/data/t070721/codex_workspace/Bladder Metabolism/subtype/round3/02_reclustering/Mural/Mural_round3_reclustered_preannotation.qs2","4","MOVE_MURAL_TO_FIBRO","Fibroblast","PRJNA662018_PRJNA662018_P4T4","PRJNA662018","PRJNA662018_PRJNA662018_P4T4","NMIBC",NA,NA,NA
"PRJNA662018_PRJNA662018_P4T4_AGCAGCCCATTATCTC-1","/home/data/t070721/codex_workspace/Bladder Metabolism/subtype/round3/02_reclustering/Mural/Mural_round3_reclustered_preannotation.qs2","4","MOVE_MURAL_TO_FIBRO","Fibroblast","PRJNA662018_PRJNA662018_P4T4","PRJNA662018","PRJNA662018_PRJNA662018_P4T4","NMIBC",NA,NA,NA
"PRJNA662018_PRJNA662018_P4T4_AGCGGTCCAGACGCTC-1","/home/data/t070721/codex_workspace/Bladder Metabolism/subtype/round3/02_reclustering/Mural/Mural_round3_reclustered_preannotation.qs2","4","MOVE_MURAL_TO_FIBRO","Fibroblast","PRJNA662018_PRJNA662018_P4T4","PRJNA662018","PRJNA662018_PRJNA662018_P4T4","NMIBC",NA,NA,NA
"PRJNA662018_PRJNA662018_P4T4_AGCTCTCCATAGAAAC-1","/home/data/t070721/codex_workspace/Bladder Metabolism/subtype/round3/02_reclustering/Mural/Mural_round3_reclustered_preannotation.qs2","4","MOVE_MURAL_TO_FIBRO","Fibroblast","PRJNA662018_PRJNA662018_P4T4","PRJNA662018","PRJNA662018_PRJNA662018_P4T4","NMIBC",NA,NA,NA
"PRJNA662018_PRJNA662018_P4T4_AGGTCCGCATACTCTT-1","/home/data/t070721/codex_workspace/Bladder Metabolism/subtype/round3/02_reclustering/Mural/Mural_round3_reclustered_preannotation.qs2","4","MOVE_MURAL_TO_FIBRO","Fibroblast","PRJNA662018_PRJNA662018_P4T4","PRJNA662018","PRJNA662018_PRJNA662018_P4T4","NMIBC",NA,NA,NA
"PRJNA662018_PRJNA662018_P4T4_AGTCTTTAGAATAGGG-1","/home/data/t070721/codex_workspace/Bladder Metabolism/subtype/round3/02_reclustering/Mural/Mural_round3_reclustered_preannotation.qs2","4","MOVE_MURAL_TO_FIBRO","Fibroblast","PRJNA662018_PRJNA662018_P4T4","PRJNA662018","PRJNA662018_PRJNA662018_P4T4","NMIBC",NA,NA,NA
"PRJNA662018_PRJNA662018_P4T4_ATAAGAGCAGATCTGT-1","/home/data/t070721/codex_workspace/Bladder Metabolism/subtype/round3/02_reclustering/Mural/Mural_round3_reclustered_preannotation.qs2","4","MOVE_MURAL_TO_FIBRO","Fibroblast","PRJNA662018_PRJNA662018_P4T4","PRJNA662018","PRJNA662018_PRJNA662018_P4T4","NMIBC",NA,NA,NA
"PRJNA662018_PRJNA662018_P4T4_ATCGAGTCAGGATTGG-1","/home/data/t070721/codex_workspace/Bladder Metabolism/subtype/round3/02_reclustering/Mural/Mural_round3_reclustered_preannotation.qs2","4","MOVE_MURAL_TO_FIBRO","Fibroblast","PRJNA662018_PRJNA662018_P4T4","PRJNA662018","PRJNA662018_PRJNA662018_P4T4","NMIBC",NA,NA,NA
"PRJNA662018_PRJNA662018_P4T4_ATCGAGTGTTGATTGC-1","/home/data/t070721/codex_workspace/Bladder Metabolism/subtype/round3/02_reclustering/Mural/Mural_round3_reclustered_preannotation.qs2","4","MOVE_MURAL_TO_FIBRO","Fibroblast","PRJNA662018_PRJNA662018_P4T4","PRJNA662018","PRJNA662018_PRJNA662018_P4T4","NMIBC",NA,NA,NA
"PRJNA662018_PRJNA662018_P4T4_ATCTGCCTCAACACAC-1","/home/data/t070721/codex_workspace/Bladder Metabolism/subtype/round3/02_reclustering/Mural/Mural_round3_reclustered_preannotation.qs2","4","MOVE_MURAL_TO_FIBRO","Fibroblast","PRJNA662018_PRJNA662018_P4T4","PRJNA662018","PRJNA662018_PRJNA662018_P4T4","NMIBC",NA,NA,NA
"PRJNA662018_PRJNA662018_P4T4_ATGAGGGTCGCCTGAG-1","/home/data/t070721/codex_workspace/Bladder Metabolism/subtype/round3/02_reclustering/Mural/Mural_round3_reclustered_preannotation.qs2","4","MOVE_MURAL_TO_FIBRO","Fibroblast","PRJNA662018_PRJNA662018_P4T4","PRJNA662018","PRJNA662018_PRJNA662018_P4T4","NMIBC",NA,NA,NA
"PRJNA662018_PRJNA662018_P4T4_CAACTAGAGACTAGAT-1","/home/data/t070721/codex_workspace/Bladder Metabolism/subtype/round3/02_reclustering/Mural/Mural_round3_reclustered_preannotation.qs2","4","MOVE_MURAL_TO_FIBRO","Fibroblast","PRJNA662018_PRJNA662018_P4T4","PRJNA662018","PRJNA662018_PRJNA662018_P4T4","NMIBC",NA,NA,NA
"PRJNA662018_PRJNA662018_P4T4_CACACAAAGTCTCGGC-1","/home/data/t070721/codex_workspace/Bladder Metabolism/subtype/round3/02_reclustering/Mural/Mural_round3_reclustered_preannotation.qs2","4","MOVE_MURAL_TO_FIBRO","Fibroblast","PRJNA662018_PRJNA662018_P4T4","PRJNA662018","PRJNA662018_PRJNA662018_P4T4","NMIBC",NA,NA,NA
"PRJNA662018_PRJNA662018_P4T4_CACATTTGTCTGCGGT-1","/home/data/t070721/codex_workspace/Bladder Metabolism/subtype/round3/02_reclustering/Mural/Mural_round3_reclustered_preannotation.qs2","4","MOVE_MURAL_TO_FIBRO","Fibroblast","PRJNA662018_PRJNA662018_P4T4","PRJNA662018","PRJNA662018_PRJNA662018_P4T4","NMIBC",NA,NA,NA
"PRJNA662018_PRJNA662018_P4T4_CACCACTTCAGCAACT-1","/home/data/t070721/codex_workspace/Bladder Metabolism/subtype/round3/02_reclustering/Mural/Mural_round3_reclustered_preannotation.qs2","4","MOVE_MURAL_TO_FIBRO","Fibroblast","PRJNA662018_PRJNA662018_P4T4","PRJNA662018","PRJNA662018_PRJNA662018_P4T4","NMIBC",NA,NA,NA
"PRJNA662018_PRJNA662018_P4T4_CACCACTTCGCATGAT-1","/home/data/t070721/codex_workspace/Bladder Metabolism/subtype/round3/02_reclustering/Mural/Mural_round3_reclustered_preannotation.qs2","4","MOVE_MURAL_TO_FIBRO","Fibroblast","PRJNA662018_PRJNA662018_P4T4","PRJNA662018","PRJNA662018_PRJNA662018_P4T4","NMIBC",NA,NA,NA
"PRJNA662018_PRJNA662018_P4T4_CAGAATCCAGGGTACA-1","/home/data/t070721/codex_workspace/Bladder Metabolism/subtype/round3/02_reclustering/Mural/Mural_round3_reclustered_preannotation.qs2","4","MOVE_MURAL_TO_FIBRO","Fibroblast","PRJNA662018_PRJNA662018_P4T4","PRJNA662018","PRJNA662018_PRJNA662018_P4T4","NMIBC",NA,NA,NA
"PRJNA662018_PRJNA662018_P4T4_CAGAGAGGTTGAGGTG-1","/home/data/t070721/codex_workspace/Bladder Metabolism/subtype/round3/02_reclustering/Mural/Mural_round3_reclustered_preannotation.qs2","4","MOVE_MURAL_TO_FIBRO","Fibroblast","PRJNA662018_PRJNA662018_P4T4","PRJNA662018","PRJNA662018_PRJNA662018_P4T4","NMIBC",NA,NA,NA
"PRJNA662018_PRJNA662018_P4T4_CAGCTAACATATGCTG-1","/home/data/t070721/codex_workspace/Bladder Metabolism/subtype/round3/02_reclustering/Mural/Mural_round3_reclustered_preannotation.qs2","4","MOVE_MURAL_TO_FIBRO","Fibroblast","PRJNA662018_PRJNA662018_P4T4","PRJNA662018","PRJNA662018_PRJNA662018_P4T4","NMIBC",NA,NA,NA
"PRJNA662018_PRJNA662018_P4T4_CAGCTAAGTTACGCGC-1","/home/data/t070721/codex_workspace/Bladder Metabolism/subtype/round3/02_reclustering/Mural/Mural_round3_reclustered_preannotation.qs2","4","MOVE_MURAL_TO_FIBRO","Fibroblast","PRJNA662018_PRJNA662018_P4T4","PRJNA662018","PRJNA662018_PRJNA662018_P4T4","NMIBC",NA,NA,NA
"PRJNA662018_PRJNA662018_P4T4_CAGGTGCCATATGCTG-1","/home/data/t070721/codex_workspace/Bladder Metabolism/subtype/round3/02_reclustering/Mural/Mural_round3_reclustered_preannotation.qs2","4","MOVE_MURAL_TO_FIBRO","Fibroblast","PRJNA662018_PRJNA662018_P4T4","PRJNA662018","PRJNA662018_PRJNA662018_P4T4","NMIBC",NA,NA,NA
"PRJNA662018_PRJNA662018_P4T4_CATATGGAGCTAACTC-1","/home/data/t070721/codex_workspace/Bladder Metabolism/subtype/round3/02_reclustering/Mural/Mural_round3_reclustered_preannotation.qs2","4","MOVE_MURAL_TO_FIBRO","Fibroblast","PRJNA662018_PRJNA662018_P4T4","PRJNA662018","PRJNA662018_PRJNA662018_P4T4","NMIBC",NA,NA,NA
"PRJNA662018_PRJNA662018_P4T4_CATATTCCACTCAGGC-1","/home/data/t070721/codex_workspace/Bladder Metabolism/subtype/round3/02_reclustering/Mural/Mural_round3_reclustered_preannotation.qs2","4","MOVE_MURAL_TO_FIBRO","Fibroblast","PRJNA662018_PRJNA662018_P4T4","PRJNA662018","PRJNA662018_PRJNA662018_P4T4","NMIBC",NA,NA,NA
"PRJNA662018_PRJNA662018_P4T4_CATCCACGTATTAGCC-1","/home/data/t070721/codex_workspace/Bladder Metabolism/subtype/round3/02_reclustering/Mural/Mural_round3_reclustered_preannotation.qs2","4","MOVE_MURAL_TO_FIBRO","Fibroblast","PRJNA662018_PRJNA662018_P4T4","PRJNA662018","PRJNA662018_PRJNA662018_P4T4","NMIBC",NA,NA,NA
"PRJNA662018_PRJNA662018_P4T4_CATCGAATCTGATTCT-1","/home/data/t070721/codex_workspace/Bladder Metabolism/subtype/round3/02_reclustering/Mural/Mural_round3_reclustered_preannotation.qs2","4","MOVE_MURAL_TO_FIBRO","Fibroblast","PRJNA662018_PRJNA662018_P4T4","PRJNA662018","PRJNA662018_PRJNA662018_P4T4","NMIBC",NA,NA,NA
"PRJNA662018_PRJNA662018_P4T4_CATCGGGAGGTGCAAC-1","/home/data/t070721/codex_workspace/Bladder Metabolism/subtype/round3/02_reclustering/Mural/Mural_round3_reclustered_preannotation.qs2","4","MOVE_MURAL_TO_FIBRO","Fibroblast","PRJNA662018_PRJNA662018_P4T4","PRJNA662018","PRJNA662018_PRJNA662018_P4T4","NMIBC",NA,NA,NA
"PRJNA662018_PRJNA662018_P4T4_CATCGGGGTTACCGAT-1","/home/data/t070721/codex_workspace/Bladder Metabolism/subtype/round3/02_reclustering/Mural/Mural_round3_reclustered_preannotation.qs2","4","MOVE_MURAL_TO_FIBRO","Fibroblast","PRJNA662018_PRJNA662018_P4T4","PRJNA662018","PRJNA662018_PRJNA662018_P4T4","NMIBC",NA,NA,NA
"PRJNA662018_PRJNA662018_P4T4_CCAATCCCATCGGGTC-1","/home/data/t070721/codex_workspace/Bladder Metabolism/subtype/round3/02_reclustering/Mural/Mural_round3_reclustered_preannotation.qs2","4","MOVE_MURAL_TO_FIBRO","Fibroblast","PRJNA662018_PRJNA662018_P4T4","PRJNA662018","PRJNA662018_PRJNA662018_P4T4","NMIBC",NA,NA,NA
"PRJNA662018_PRJNA662018_P4T4_CCAGCGACATATGAGA-1","/home/data/t070721/codex_workspace/Bladder Metabolism/subtype/round3/02_reclustering/Mural/Mural_round3_reclustered_preannotation.qs2","4","MOVE_MURAL_TO_FIBRO","Fibroblast","PRJNA662018_PRJNA662018_P4T4","PRJNA662018","PRJNA662018_PRJNA662018_P4T4","NMIBC",NA,NA,NA
"PRJNA662018_PRJNA662018_P4T4_CCATGTCGTAACGTTC-1","/home/data/t070721/codex_workspace/Bladder Metabolism/subtype/round3/02_reclustering/Mural/Mural_round3_reclustered_preannotation.qs2","4","MOVE_MURAL_TO_FIBRO","Fibroblast","PRJNA662018_PRJNA662018_P4T4","PRJNA662018","PRJNA662018_PRJNA662018_P4T4","NMIBC",NA,NA,NA
"PRJNA662018_PRJNA662018_P4T4_CCATTCGAGGAGTTGC-1","/home/data/t070721/codex_workspace/Bladder Metabolism/subtype/round3/02_reclustering/Mural/Mural_round3_reclustered_preannotation.qs2","4","MOVE_MURAL_TO_FIBRO","Fibroblast","PRJNA662018_PRJNA662018_P4T4","PRJNA662018","PRJNA662018_PRJNA662018_P4T4","NMIBC",NA,NA,NA
"PRJNA662018_PRJNA662018_P4T4_CCCAGTTTCGCAAACT-1","/home/data/t070721/codex_workspace/Bladder Metabolism/subtype/round3/02_reclustering/Mural/Mural_round3_reclustered_preannotation.qs2","4","MOVE_MURAL_TO_FIBRO","Fibroblast","PRJNA662018_PRJNA662018_P4T4","PRJNA662018","PRJNA662018_PRJNA662018_P4T4","NMIBC",NA,NA,NA
"PRJNA662018_PRJNA662018_P4T4_CCGGGATTCAATACCG-1","/home/data/t070721/codex_workspace/Bladder Metabolism/subtype/round3/02_reclustering/Mural/Mural_round3_reclustered_preannotation.qs2","4","MOVE_MURAL_TO_FIBRO","Fibroblast","PRJNA662018_PRJNA662018_P4T4","PRJNA662018","PRJNA662018_PRJNA662018_P4T4","NMIBC",NA,NA,NA
"PRJNA662018_PRJNA662018_P4T4_CCGGTAGGTATCTGCA-1","/home/data/t070721/codex_workspace/Bladder Metabolism/subtype/round3/02_reclustering/Mural/Mural_round3_reclustered_preannotation.qs2","4","MOVE_MURAL_TO_FIBRO","Fibroblast","PRJNA662018_PRJNA662018_P4T4","PRJNA662018","PRJNA662018_PRJNA662018_P4T4","NMIBC",NA,NA,NA
"PRJNA662018_PRJNA662018_P4T4_CCGTACTTCCTAAGTG-1","/home/data/t070721/codex_workspace/Bladder Metabolism/subtype/round3/02_reclustering/Mural/Mural_round3_reclustered_preannotation.qs2","4","MOVE_MURAL_TO_FIBRO","Fibroblast","PRJNA662018_PRJNA662018_P4T4","PRJNA662018","PRJNA662018_PRJNA662018_P4T4","NMIBC",NA,NA,NA
"PRJNA662018_PRJNA662018_P4T4_CCTAAAGCAAGGTTCT-1","/home/data/t070721/codex_workspace/Bladder Metabolism/subtype/round3/02_reclustering/Mural/Mural_round3_reclustered_preannotation.qs2","4","MOVE_MURAL_TO_FIBRO","Fibroblast","PRJNA662018_PRJNA662018_P4T4","PRJNA662018","PRJNA662018_PRJNA662018_P4T4","NMIBC",NA,NA,NA
"PRJNA662018_PRJNA662018_P4T4_CCTCAGTTCGACCAGC-1","/home/data/t070721/codex_workspace/Bladder Metabolism/subtype/round3/02_reclustering/Mural/Mural_round3_reclustered_preannotation.qs2","4","MOVE_MURAL_TO_FIBRO","Fibroblast","PRJNA662018_PRJNA662018_P4T4","PRJNA662018","PRJNA662018_PRJNA662018_P4T4","NMIBC",NA,NA,NA
"PRJNA662018_PRJNA662018_P4T4_CCTCTGAGTGACGCCT-1","/home/data/t070721/codex_workspace/Bladder Metabolism/subtype/round3/02_reclustering/Mural/Mural_round3_reclustered_preannotation.qs2","4","MOVE_MURAL_TO_FIBRO","Fibroblast","PRJNA662018_PRJNA662018_P4T4","PRJNA662018","PRJNA662018_PRJNA662018_P4T4","NMIBC",NA,NA,NA
"PRJNA662018_PRJNA662018_P4T4_CCTCTGATCGGAGGTA-1","/home/data/t070721/codex_workspace/Bladder Metabolism/subtype/round3/02_reclustering/Mural/Mural_round3_reclustered_preannotation.qs2","4","MOVE_MURAL_TO_FIBRO","Fibroblast","PRJNA662018_PRJNA662018_P4T4","PRJNA662018","PRJNA662018_PRJNA662018_P4T4","NMIBC",NA,NA,NA
"PRJNA662018_PRJNA662018_P4T4_CGAACATAGGGAACGG-1","/home/data/t070721/codex_workspace/Bladder Metabolism/subtype/round3/02_reclustering/Mural/Mural_round3_reclustered_preannotation.qs2","4","MOVE_MURAL_TO_FIBRO","Fibroblast","PRJNA662018_PRJNA662018_P4T4","PRJNA662018","PRJNA662018_PRJNA662018_P4T4","NMIBC",NA,NA,NA
"PRJNA662018_PRJNA662018_P4T4_CGAGCCATCTTTAGTC-1","/home/data/t070721/codex_workspace/Bladder Metabolism/subtype/round3/02_reclustering/Mural/Mural_round3_reclustered_preannotation.qs2","4","MOVE_MURAL_TO_FIBRO","Fibroblast","PRJNA662018_PRJNA662018_P4T4","PRJNA662018","PRJNA662018_PRJNA662018_P4T4","NMIBC",NA,NA,NA
"PRJNA662018_PRJNA662018_P4T4_CGGGTCATCAGATAAG-1","/home/data/t070721/codex_workspace/Bladder Metabolism/subtype/round3/02_reclustering/Mural/Mural_round3_reclustered_preannotation.qs2","4","MOVE_MURAL_TO_FIBRO","Fibroblast","PRJNA662018_PRJNA662018_P4T4","PRJNA662018","PRJNA662018_PRJNA662018_P4T4","NMIBC",NA,NA,NA
"PRJNA662018_PRJNA662018_P4T4_CGGTTAAAGCGATTCT-1","/home/data/t070721/codex_workspace/Bladder Metabolism/subtype/round3/02_reclustering/Mural/Mural_round3_reclustered_preannotation.qs2","4","MOVE_MURAL_TO_FIBRO","Fibroblast","PRJNA662018_PRJNA662018_P4T4","PRJNA662018","PRJNA662018_PRJNA662018_P4T4","NMIBC",NA,NA,NA
"PRJNA662018_PRJNA662018_P4T4_CGTAGGCAGCCAGAAC-1","/home/data/t070721/codex_workspace/Bladder Metabolism/subtype/round3/02_reclustering/Mural/Mural_round3_reclustered_preannotation.qs2","4","MOVE_MURAL_TO_FIBRO","Fibroblast","PRJNA662018_PRJNA662018_P4T4","PRJNA662018","PRJNA662018_PRJNA662018_P4T4","NMIBC",NA,NA,NA
"PRJNA662018_PRJNA662018_P4T4_CGTGTCTGTTACGACT-1","/home/data/t070721/codex_workspace/Bladder Metabolism/subtype/round3/02_reclustering/Mural/Mural_round3_reclustered_preannotation.qs2","4","MOVE_MURAL_TO_FIBRO","Fibroblast","PRJNA662018_PRJNA662018_P4T4","PRJNA662018","PRJNA662018_PRJNA662018_P4T4","NMIBC",NA,NA,NA
"PRJNA662018_PRJNA662018_P4T4_CGTGTCTTCGTCACGG-1","/home/data/t070721/codex_workspace/Bladder Metabolism/subtype/round3/02_reclustering/Mural/Mural_round3_reclustered_preannotation.qs2","4","MOVE_MURAL_TO_FIBRO","Fibroblast","PRJNA662018_PRJNA662018_P4T4","PRJNA662018","PRJNA662018_PRJNA662018_P4T4","NMIBC",NA,NA,NA
"PRJNA662018_PRJNA662018_P4T4_CTACACCGTTATCACG-1","/home/data/t070721/codex_workspace/Bladder Metabolism/subtype/round3/02_reclustering/Mural/Mural_round3_reclustered_preannotation.qs2","4","MOVE_MURAL_TO_FIBRO","Fibroblast","PRJNA662018_PRJNA662018_P4T4","PRJNA662018","PRJNA662018_PRJNA662018_P4T4","NMIBC",NA,NA,NA
"PRJNA662018_PRJNA662018_P4T4_CTACCCAAGTGTGAAT-1","/home/data/t070721/codex_workspace/Bladder Metabolism/subtype/round3/02_reclustering/Mural/Mural_round3_reclustered_preannotation.qs2","4","MOVE_MURAL_TO_FIBRO","Fibroblast","PRJNA662018_PRJNA662018_P4T4","PRJNA662018","PRJNA662018_PRJNA662018_P4T4","NMIBC",NA,NA,NA
"PRJNA662018_PRJNA662018_P4T4_CTCCTAGCAAACGCGA-1","/home/data/t070721/codex_workspace/Bladder Metabolism/subtype/round3/02_reclustering/Mural/Mural_round3_reclustered_preannotation.qs2","4","MOVE_MURAL_TO_FIBRO","Fibroblast","PRJNA662018_PRJNA662018_P4T4","PRJNA662018","PRJNA662018_PRJNA662018_P4T4","NMIBC",NA,NA,NA
"PRJNA662018_PRJNA662018_P4T4_CTCGGAGGTGTCCTCT-1","/home/data/t070721/codex_workspace/Bladder Metabolism/subtype/round3/02_reclustering/Mural/Mural_round3_reclustered_preannotation.qs2","4","MOVE_MURAL_TO_FIBRO","Fibroblast","PRJNA662018_PRJNA662018_P4T4","PRJNA662018","PRJNA662018_PRJNA662018_P4T4","NMIBC",NA,NA,NA
"PRJNA662018_PRJNA662018_P4T4_CTCGTACTCAGTGTTG-1","/home/data/t070721/codex_workspace/Bladder Metabolism/subtype/round3/02_reclustering/Mural/Mural_round3_reclustered_preannotation.qs2","4","MOVE_MURAL_TO_FIBRO","Fibroblast","PRJNA662018_PRJNA662018_P4T4","PRJNA662018","PRJNA662018_PRJNA662018_P4T4","NMIBC",NA,NA,NA
"PRJNA662018_PRJNA662018_P4T4_CTCTGGTCAGCCTTGG-1","/home/data/t070721/codex_workspace/Bladder Metabolism/subtype/round3/02_reclustering/Mural/Mural_round3_reclustered_preannotation.qs2","4","MOVE_MURAL_TO_FIBRO","Fibroblast","PRJNA662018_PRJNA662018_P4T4","PRJNA662018","PRJNA662018_PRJNA662018_P4T4","NMIBC",NA,NA,NA
"PRJNA662018_PRJNA662018_P4T4_CTGAAGTCATCACGAT-1","/home/data/t070721/codex_workspace/Bladder Metabolism/subtype/round3/02_reclustering/Mural/Mural_round3_reclustered_preannotation.qs2","4","MOVE_MURAL_TO_FIBRO","Fibroblast","PRJNA662018_PRJNA662018_P4T4","PRJNA662018","PRJNA662018_PRJNA662018_P4T4","NMIBC",NA,NA,NA
"PRJNA662018_PRJNA662018_P4T4_CTGAAGTGTGTAATGA-1","/home/data/t070721/codex_workspace/Bladder Metabolism/subtype/round3/02_reclustering/Mural/Mural_round3_reclustered_preannotation.qs2","4","MOVE_MURAL_TO_FIBRO","Fibroblast","PRJNA662018_PRJNA662018_P4T4","PRJNA662018","PRJNA662018_PRJNA662018_P4T4","NMIBC",NA,NA,NA
"PRJNA662018_PRJNA662018_P4T4_CTGAAGTGTTGTCTTT-1","/home/data/t070721/codex_workspace/Bladder Metabolism/subtype/round3/02_reclustering/Mural/Mural_round3_reclustered_preannotation.qs2","4","MOVE_MURAL_TO_FIBRO","Fibroblast","PRJNA662018_PRJNA662018_P4T4","PRJNA662018","PRJNA662018_PRJNA662018_P4T4","NMIBC",NA,NA,NA
"PRJNA662018_PRJNA662018_P4T4_CTGATCCTCATGTCTT-1","/home/data/t070721/codex_workspace/Bladder Metabolism/subtype/round3/02_reclustering/Mural/Mural_round3_reclustered_preannotation.qs2","4","MOVE_MURAL_TO_FIBRO","Fibroblast","PRJNA662018_PRJNA662018_P4T4","PRJNA662018","PRJNA662018_PRJNA662018_P4T4","NMIBC",NA,NA,NA
"PRJNA662018_PRJNA662018_P4T4_CTGCTGTCACCCAGTG-1","/home/data/t070721/codex_workspace/Bladder Metabolism/subtype/round3/02_reclustering/Mural/Mural_round3_reclustered_preannotation.qs2","4","MOVE_MURAL_TO_FIBRO","Fibroblast","PRJNA662018_PRJNA662018_P4T4","PRJNA662018","PRJNA662018_PRJNA662018_P4T4","NMIBC",NA,NA,NA
"PRJNA662018_PRJNA662018_P4T4_CTTACCGAGCCAGTTT-1","/home/data/t070721/codex_workspace/Bladder Metabolism/subtype/round3/02_reclustering/Mural/Mural_round3_reclustered_preannotation.qs2","4","MOVE_MURAL_TO_FIBRO","Fibroblast","PRJNA662018_PRJNA662018_P4T4","PRJNA662018","PRJNA662018_PRJNA662018_P4T4","NMIBC",NA,NA,NA
"PRJNA662018_PRJNA662018_P4T4_CTTCTCTAGCCACGCT-1","/home/data/t070721/codex_workspace/Bladder Metabolism/subtype/round3/02_reclustering/Mural/Mural_round3_reclustered_preannotation.qs2","4","MOVE_MURAL_TO_FIBRO","Fibroblast","PRJNA662018_PRJNA662018_P4T4","PRJNA662018","PRJNA662018_PRJNA662018_P4T4","NMIBC",NA,NA,NA
"PRJNA662018_PRJNA662018_P4T4_GAAACTCCACCAGTTA-1","/home/data/t070721/codex_workspace/Bladder Metabolism/subtype/round3/02_reclustering/Mural/Mural_round3_reclustered_preannotation.qs2","4","MOVE_MURAL_TO_FIBRO","Fibroblast","PRJNA662018_PRJNA662018_P4T4","PRJNA662018","PRJNA662018_PRJNA662018_P4T4","NMIBC",NA,NA,NA
"PRJNA662018_PRJNA662018_P4T4_GAACGGAAGAGGTTAT-1","/home/data/t070721/codex_workspace/Bladder Metabolism/subtype/round3/02_reclustering/Mural/Mural_round3_reclustered_preannotation.qs2","4","MOVE_MURAL_TO_FIBRO","Fibroblast","PRJNA662018_PRJNA662018_P4T4","PRJNA662018","PRJNA662018_PRJNA662018_P4T4","NMIBC",NA,NA,NA
"PRJNA662018_PRJNA662018_P4T4_GAAGCAGAGTGGACGT-1","/home/data/t070721/codex_workspace/Bladder Metabolism/subtype/round3/02_reclustering/Mural/Mural_round3_reclustered_preannotation.qs2","4","MOVE_MURAL_TO_FIBRO","Fibroblast","PRJNA662018_PRJNA662018_P4T4","PRJNA662018","PRJNA662018_PRJNA662018_P4T4","NMIBC",NA,NA,NA
"PRJNA662018_PRJNA662018_P4T4_GAATAAGAGAGTACAT-1","/home/data/t070721/codex_workspace/Bladder Metabolism/subtype/round3/02_reclustering/Mural/Mural_round3_reclustered_preannotation.qs2","4","MOVE_MURAL_TO_FIBRO","Fibroblast","PRJNA662018_PRJNA662018_P4T4","PRJNA662018","PRJNA662018_PRJNA662018_P4T4","NMIBC",NA,NA,NA
"PRJNA662018_PRJNA662018_P4T4_GACCAATTCTAACTGG-1","/home/data/t070721/codex_workspace/Bladder Metabolism/subtype/round3/02_reclustering/Mural/Mural_round3_reclustered_preannotation.qs2","4","MOVE_MURAL_TO_FIBRO","Fibroblast","PRJNA662018_PRJNA662018_P4T4","PRJNA662018","PRJNA662018_PRJNA662018_P4T4","NMIBC",NA,NA,NA
"PRJNA662018_PRJNA662018_P4T4_GACGCGTTCCAAATGC-1","/home/data/t070721/codex_workspace/Bladder Metabolism/subtype/round3/02_reclustering/Mural/Mural_round3_reclustered_preannotation.qs2","4","MOVE_MURAL_TO_FIBRO","Fibroblast","PRJNA662018_PRJNA662018_P4T4","PRJNA662018","PRJNA662018_PRJNA662018_P4T4","NMIBC",NA,NA,NA
"PRJNA662018_PRJNA662018_P4T4_GACTAACTCGTGGGAA-1","/home/data/t070721/codex_workspace/Bladder Metabolism/subtype/round3/02_reclustering/Mural/Mural_round3_reclustered_preannotation.qs2","4","MOVE_MURAL_TO_FIBRO","Fibroblast","PRJNA662018_PRJNA662018_P4T4","PRJNA662018","PRJNA662018_PRJNA662018_P4T4","NMIBC",NA,NA,NA
"PRJNA662018_PRJNA662018_P4T4_GAGGTGAAGTTGAGTA-1","/home/data/t070721/codex_workspace/Bladder Metabolism/subtype/round3/02_reclustering/Mural/Mural_round3_reclustered_preannotation.qs2","4","MOVE_MURAL_TO_FIBRO","Fibroblast","PRJNA662018_PRJNA662018_P4T4","PRJNA662018","PRJNA662018_PRJNA662018_P4T4","NMIBC",NA,NA,NA
"PRJNA662018_PRJNA662018_P4T4_GATCTAGAGCGGATCA-1","/home/data/t070721/codex_workspace/Bladder Metabolism/subtype/round3/02_reclustering/Mural/Mural_round3_reclustered_preannotation.qs2","4","MOVE_MURAL_TO_FIBRO","Fibroblast","PRJNA662018_PRJNA662018_P4T4","PRJNA662018","PRJNA662018_PRJNA662018_P4T4","NMIBC",NA,NA,NA
"PRJNA662018_PRJNA662018_P4T4_GATGAAACATACTACG-1","/home/data/t070721/codex_workspace/Bladder Metabolism/subtype/round3/02_reclustering/Mural/Mural_round3_reclustered_preannotation.qs2","4","MOVE_MURAL_TO_FIBRO","Fibroblast","PRJNA662018_PRJNA662018_P4T4","PRJNA662018","PRJNA662018_PRJNA662018_P4T4","NMIBC",NA,NA,NA
"PRJNA662018_PRJNA662018_P4T4_GCAATCAAGGATGCGT-1","/home/data/t070721/codex_workspace/Bladder Metabolism/subtype/round3/02_reclustering/Mural/Mural_round3_reclustered_preannotation.qs2","4","MOVE_MURAL_TO_FIBRO","Fibroblast","PRJNA662018_PRJNA662018_P4T4","PRJNA662018","PRJNA662018_PRJNA662018_P4T4","NMIBC",NA,NA,NA
"PRJNA662018_PRJNA662018_P4T4_GCACATAGTACAGTTC-1","/home/data/t070721/codex_workspace/Bladder Metabolism/subtype/round3/02_reclustering/Mural/Mural_round3_reclustered_preannotation.qs2","4","MOVE_MURAL_TO_FIBRO","Fibroblast","PRJNA662018_PRJNA662018_P4T4","PRJNA662018","PRJNA662018_PRJNA662018_P4T4","NMIBC",NA,NA,NA
"PRJNA662018_PRJNA662018_P4T4_GCACTCTTCTCGCATC-1","/home/data/t070721/codex_workspace/Bladder Metabolism/subtype/round3/02_reclustering/Mural/Mural_round3_reclustered_preannotation.qs2","4","MOVE_MURAL_TO_FIBRO","Fibroblast","PRJNA662018_PRJNA662018_P4T4","PRJNA662018","PRJNA662018_PRJNA662018_P4T4","NMIBC",NA,NA,NA
"PRJNA662018_PRJNA662018_P4T4_GCAGCCATCAGGTAAA-1","/home/data/t070721/codex_workspace/Bladder Metabolism/subtype/round3/02_reclustering/Mural/Mural_round3_reclustered_preannotation.qs2","4","MOVE_MURAL_TO_FIBRO","Fibroblast","PRJNA662018_PRJNA662018_P4T4","PRJNA662018","PRJNA662018_PRJNA662018_P4T4","NMIBC",NA,NA,NA
"PRJNA662018_PRJNA662018_P4T4_GCATACAGTAAACGCG-1","/home/data/t070721/codex_workspace/Bladder Metabolism/subtype/round3/02_reclustering/Mural/Mural_round3_reclustered_preannotation.qs2","4","MOVE_MURAL_TO_FIBRO","Fibroblast","PRJNA662018_PRJNA662018_P4T4","PRJNA662018","PRJNA662018_PRJNA662018_P4T4","NMIBC",NA,NA,NA
"PRJNA662018_PRJNA662018_P4T4_GCATGATCAGCTATTG-1","/home/data/t070721/codex_workspace/Bladder Metabolism/subtype/round3/02_reclustering/Mural/Mural_round3_reclustered_preannotation.qs2","4","MOVE_MURAL_TO_FIBRO","Fibroblast","PRJNA662018_PRJNA662018_P4T4","PRJNA662018","PRJNA662018_PRJNA662018_P4T4","NMIBC",NA,NA,NA
"PRJNA662018_PRJNA662018_P4T4_GCGCAACAGAAGGTGA-1","/home/data/t070721/codex_workspace/Bladder Metabolism/subtype/round3/02_reclustering/Mural/Mural_round3_reclustered_preannotation.qs2","4","MOVE_MURAL_TO_FIBRO","Fibroblast","PRJNA662018_PRJNA662018_P4T4","PRJNA662018","PRJNA662018_PRJNA662018_P4T4","NMIBC",NA,NA,NA
"PRJNA662018_PRJNA662018_P4T4_GCGCAACCAAGGTTTC-1","/home/data/t070721/codex_workspace/Bladder Metabolism/subtype/round3/02_reclustering/Mural/Mural_round3_reclustered_preannotation.qs2","4","MOVE_MURAL_TO_FIBRO","Fibroblast","PRJNA662018_PRJNA662018_P4T4","PRJNA662018","PRJNA662018_PRJNA662018_P4T4","NMIBC",NA,NA,NA
"PRJNA662018_PRJNA662018_P4T4_GCGCAACGTAACGACG-1","/home/data/t070721/codex_workspace/Bladder Metabolism/subtype/round3/02_reclustering/Mural/Mural_round3_reclustered_preannotation.qs2","4","MOVE_MURAL_TO_FIBRO","Fibroblast","PRJNA662018_PRJNA662018_P4T4","PRJNA662018","PRJNA662018_PRJNA662018_P4T4","NMIBC",NA,NA,NA
"PRJNA662018_PRJNA662018_P4T4_GCGCCAAAGAGGTAGA-1","/home/data/t070721/codex_workspace/Bladder Metabolism/subtype/round3/02_reclustering/Mural/Mural_round3_reclustered_preannotation.qs2","4","MOVE_MURAL_TO_FIBRO","Fibroblast","PRJNA662018_PRJNA662018_P4T4","PRJNA662018","PRJNA662018_PRJNA662018_P4T4","NMIBC",NA,NA,NA
"PRJNA662018_PRJNA662018_P4T4_GCGCGATAGATCTGCT-1","/home/data/t070721/codex_workspace/Bladder Metabolism/subtype/round3/02_reclustering/Mural/Mural_round3_reclustered_preannotation.qs2","4","MOVE_MURAL_TO_FIBRO","Fibroblast","PRJNA662018_PRJNA662018_P4T4","PRJNA662018","PRJNA662018_PRJNA662018_P4T4","NMIBC",NA,NA,NA
"PRJNA662018_PRJNA662018_P4T4_GCGCGATGTCCGAACC-1","/home/data/t070721/codex_workspace/Bladder Metabolism/subtype/round3/02_reclustering/Mural/Mural_round3_reclustered_preannotation.qs2","4","MOVE_MURAL_TO_FIBRO","Fibroblast","PRJNA662018_PRJNA662018_P4T4","PRJNA662018","PRJNA662018_PRJNA662018_P4T4","NMIBC",NA,NA,NA
"PRJNA662018_PRJNA662018_P4T4_GCGGGTTGTTTCGCTC-1","/home/data/t070721/codex_workspace/Bladder Metabolism/subtype/round3/02_reclustering/Mural/Mural_round3_reclustered_preannotation.qs2","4","MOVE_MURAL_TO_FIBRO","Fibroblast","PRJNA662018_PRJNA662018_P4T4","PRJNA662018","PRJNA662018_PRJNA662018_P4T4","NMIBC",NA,NA,NA
"PRJNA662018_PRJNA662018_P4T4_GGAACTTCACGGTAAG-1","/home/data/t070721/codex_workspace/Bladder Metabolism/subtype/round3/02_reclustering/Mural/Mural_round3_reclustered_preannotation.qs2","4","MOVE_MURAL_TO_FIBRO","Fibroblast","PRJNA662018_PRJNA662018_P4T4","PRJNA662018","PRJNA662018_PRJNA662018_P4T4","NMIBC",NA,NA,NA
"PRJNA662018_PRJNA662018_P4T4_GGACAAGTCAGTGCAT-1","/home/data/t070721/codex_workspace/Bladder Metabolism/subtype/round3/02_reclustering/Mural/Mural_round3_reclustered_preannotation.qs2","4","MOVE_MURAL_TO_FIBRO","Fibroblast","PRJNA662018_PRJNA662018_P4T4","PRJNA662018","PRJNA662018_PRJNA662018_P4T4","NMIBC",NA,NA,NA
"PRJNA662018_PRJNA662018_P4T4_GGACATTTCTGTGCAA-1","/home/data/t070721/codex_workspace/Bladder Metabolism/subtype/round3/02_reclustering/Mural/Mural_round3_reclustered_preannotation.qs2","4","MOVE_MURAL_TO_FIBRO","Fibroblast","PRJNA662018_PRJNA662018_P4T4","PRJNA662018","PRJNA662018_PRJNA662018_P4T4","NMIBC",NA,NA,NA
"PRJNA662018_PRJNA662018_P4T4_GGAGCAAAGTTAGGTA-1","/home/data/t070721/codex_workspace/Bladder Metabolism/subtype/round3/02_reclustering/Mural/Mural_round3_reclustered_preannotation.qs2","4","MOVE_MURAL_TO_FIBRO","Fibroblast","PRJNA662018_PRJNA662018_P4T4","PRJNA662018","PRJNA662018_PRJNA662018_P4T4","NMIBC",NA,NA,NA
"PRJNA662018_PRJNA662018_P4T4_GGGACCTGTAAGTGTA-1","/home/data/t070721/codex_workspace/Bladder Metabolism/subtype/round3/02_reclustering/Mural/Mural_round3_reclustered_preannotation.qs2","4","MOVE_MURAL_TO_FIBRO","Fibroblast","PRJNA662018_PRJNA662018_P4T4","PRJNA662018","PRJNA662018_PRJNA662018_P4T4","NMIBC",NA,NA,NA
"PRJNA662018_PRJNA662018_P4T4_GGGAGATAGCAGCGTA-1","/home/data/t070721/codex_workspace/Bladder Metabolism/subtype/round3/02_reclustering/Mural/Mural_round3_reclustered_preannotation.qs2","4","MOVE_MURAL_TO_FIBRO","Fibroblast","PRJNA662018_PRJNA662018_P4T4","PRJNA662018","PRJNA662018_PRJNA662018_P4T4","NMIBC",NA,NA,NA
"PRJNA662018_PRJNA662018_P4T4_GTAACGTGTAGCCTAT-1","/home/data/t070721/codex_workspace/Bladder Metabolism/subtype/round3/02_reclustering/Mural/Mural_round3_reclustered_preannotation.qs2","4","MOVE_MURAL_TO_FIBRO","Fibroblast","PRJNA662018_PRJNA662018_P4T4","PRJNA662018","PRJNA662018_PRJNA662018_P4T4","NMIBC",NA,NA,NA
"PRJNA662018_PRJNA662018_P4T4_GTAGTCATCTTGAGAC-1","/home/data/t070721/codex_workspace/Bladder Metabolism/subtype/round3/02_reclustering/Mural/Mural_round3_reclustered_preannotation.qs2","4","MOVE_MURAL_TO_FIBRO","Fibroblast","PRJNA662018_PRJNA662018_P4T4","PRJNA662018","PRJNA662018_PRJNA662018_P4T4","NMIBC",NA,NA,NA
"PRJNA662018_PRJNA662018_P4T4_GTATTCTAGGCCCGTT-1","/home/data/t070721/codex_workspace/Bladder Metabolism/subtype/round3/02_reclustering/Mural/Mural_round3_reclustered_preannotation.qs2","4","MOVE_MURAL_TO_FIBRO","Fibroblast","PRJNA662018_PRJNA662018_P4T4","PRJNA662018","PRJNA662018_PRJNA662018_P4T4","NMIBC",NA,NA,NA
"PRJNA662018_PRJNA662018_P4T4_GTGAAGGAGTGACATA-1","/home/data/t070721/codex_workspace/Bladder Metabolism/subtype/round3/02_reclustering/Mural/Mural_round3_reclustered_preannotation.qs2","4","MOVE_MURAL_TO_FIBRO","Fibroblast","PRJNA662018_PRJNA662018_P4T4","PRJNA662018","PRJNA662018_PRJNA662018_P4T4","NMIBC",NA,NA,NA
"PRJNA662018_PRJNA662018_P4T4_GTGCAGCGTTGGTAAA-1","/home/data/t070721/codex_workspace/Bladder Metabolism/subtype/round3/02_reclustering/Mural/Mural_round3_reclustered_preannotation.qs2","4","MOVE_MURAL_TO_FIBRO","Fibroblast","PRJNA662018_PRJNA662018_P4T4","PRJNA662018","PRJNA662018_PRJNA662018_P4T4","NMIBC",NA,NA,NA
"PRJNA662018_PRJNA662018_P4T4_GTTACAGGTCAGAGGT-1","/home/data/t070721/codex_workspace/Bladder Metabolism/subtype/round3/02_reclustering/Mural/Mural_round3_reclustered_preannotation.qs2","4","MOVE_MURAL_TO_FIBRO","Fibroblast","PRJNA662018_PRJNA662018_P4T4","PRJNA662018","PRJNA662018_PRJNA662018_P4T4","NMIBC",NA,NA,NA
"PRJNA662018_PRJNA662018_P4T4_TAAGCGTGTCATGCCG-1","/home/data/t070721/codex_workspace/Bladder Metabolism/subtype/round3/02_reclustering/Mural/Mural_round3_reclustered_preannotation.qs2","4","MOVE_MURAL_TO_FIBRO","Fibroblast","PRJNA662018_PRJNA662018_P4T4","PRJNA662018","PRJNA662018_PRJNA662018_P4T4","NMIBC",NA,NA,NA
"PRJNA662018_PRJNA662018_P4T4_TAAGCGTTCCTACAGA-1","/home/data/t070721/codex_workspace/Bladder Metabolism/subtype/round3/02_reclustering/Mural/Mural_round3_reclustered_preannotation.qs2","4","MOVE_MURAL_TO_FIBRO","Fibroblast","PRJNA662018_PRJNA662018_P4T4","PRJNA662018","PRJNA662018_PRJNA662018_P4T4","NMIBC",NA,NA,NA
"PRJNA662018_PRJNA662018_P4T4_TACACGAGTGTGTGCC-1","/home/data/t070721/codex_workspace/Bladder Metabolism/subtype/round3/02_reclustering/Mural/Mural_round3_reclustered_preannotation.qs2","4","MOVE_MURAL_TO_FIBRO","Fibroblast","PRJNA662018_PRJNA662018_P4T4","PRJNA662018","PRJNA662018_PRJNA662018_P4T4","NMIBC",NA,NA,NA
"PRJNA662018_PRJNA662018_P4T4_TACCTATAGTGAAGAG-1","/home/data/t070721/codex_workspace/Bladder Metabolism/subtype/round3/02_reclustering/Mural/Mural_round3_reclustered_preannotation.qs2","4","MOVE_MURAL_TO_FIBRO","Fibroblast","PRJNA662018_PRJNA662018_P4T4","PRJNA662018","PRJNA662018_PRJNA662018_P4T4","NMIBC",NA,NA,NA
"PRJNA662018_PRJNA662018_P4T4_TACGGTACATAACCTG-1","/home/data/t070721/codex_workspace/Bladder Metabolism/subtype/round3/02_reclustering/Mural/Mural_round3_reclustered_preannotation.qs2","4","MOVE_MURAL_TO_FIBRO","Fibroblast","PRJNA662018_PRJNA662018_P4T4","PRJNA662018","PRJNA662018_PRJNA662018_P4T4","NMIBC",NA,NA,NA
"PRJNA662018_PRJNA662018_P4T4_TACTCGCGTCCTCCAT-1","/home/data/t070721/codex_workspace/Bladder Metabolism/subtype/round3/02_reclustering/Mural/Mural_round3_reclustered_preannotation.qs2","4","MOVE_MURAL_TO_FIBRO","Fibroblast","PRJNA662018_PRJNA662018_P4T4","PRJNA662018","PRJNA662018_PRJNA662018_P4T4","NMIBC",NA,NA,NA
"PRJNA662018_PRJNA662018_P4T4_TACTTACAGTTACGGG-1","/home/data/t070721/codex_workspace/Bladder Metabolism/subtype/round3/02_reclustering/Mural/Mural_round3_reclustered_preannotation.qs2","4","MOVE_MURAL_TO_FIBRO","Fibroblast","PRJNA662018_PRJNA662018_P4T4","PRJNA662018","PRJNA662018_PRJNA662018_P4T4","NMIBC",NA,NA,NA
"PRJNA662018_PRJNA662018_P4T4_TAGTGGTCAGGTGCCT-1","/home/data/t070721/codex_workspace/Bladder Metabolism/subtype/round3/02_reclustering/Mural/Mural_round3_reclustered_preannotation.qs2","4","MOVE_MURAL_TO_FIBRO","Fibroblast","PRJNA662018_PRJNA662018_P4T4","PRJNA662018","PRJNA662018_PRJNA662018_P4T4","NMIBC",NA,NA,NA
"PRJNA662018_PRJNA662018_P4T4_TATCTCAAGCCTTGAT-1","/home/data/t070721/codex_workspace/Bladder Metabolism/subtype/round3/02_reclustering/Mural/Mural_round3_reclustered_preannotation.qs2","4","MOVE_MURAL_TO_FIBRO","Fibroblast","PRJNA662018_PRJNA662018_P4T4","PRJNA662018","PRJNA662018_PRJNA662018_P4T4","NMIBC",NA,NA,NA
"PRJNA662018_PRJNA662018_P4T4_TATCTCATCCGAACGC-1","/home/data/t070721/codex_workspace/Bladder Metabolism/subtype/round3/02_reclustering/Mural/Mural_round3_reclustered_preannotation.qs2","4","MOVE_MURAL_TO_FIBRO","Fibroblast","PRJNA662018_PRJNA662018_P4T4","PRJNA662018","PRJNA662018_PRJNA662018_P4T4","NMIBC",NA,NA,NA
"PRJNA662018_PRJNA662018_P4T4_TCACAAGCATGAGCGA-1","/home/data/t070721/codex_workspace/Bladder Metabolism/subtype/round3/02_reclustering/Mural/Mural_round3_reclustered_preannotation.qs2","4","MOVE_MURAL_TO_FIBRO","Fibroblast","PRJNA662018_PRJNA662018_P4T4","PRJNA662018","PRJNA662018_PRJNA662018_P4T4","NMIBC",NA,NA,NA
"PRJNA662018_PRJNA662018_P4T4_TCAGCAAAGCCAACAG-1","/home/data/t070721/codex_workspace/Bladder Metabolism/subtype/round3/02_reclustering/Mural/Mural_round3_reclustered_preannotation.qs2","4","MOVE_MURAL_TO_FIBRO","Fibroblast","PRJNA662018_PRJNA662018_P4T4","PRJNA662018","PRJNA662018_PRJNA662018_P4T4","NMIBC",NA,NA,NA
"PRJNA662018_PRJNA662018_P4T4_TCATTTGCATAAAGGT-1","/home/data/t070721/codex_workspace/Bladder Metabolism/subtype/round3/02_reclustering/Mural/Mural_round3_reclustered_preannotation.qs2","4","MOVE_MURAL_TO_FIBRO","Fibroblast","PRJNA662018_PRJNA662018_P4T4","PRJNA662018","PRJNA662018_PRJNA662018_P4T4","NMIBC",NA,NA,NA
"PRJNA662018_PRJNA662018_P4T4_TCGCGAGCACCACGTG-1","/home/data/t070721/codex_workspace/Bladder Metabolism/subtype/round3/02_reclustering/Mural/Mural_round3_reclustered_preannotation.qs2","4","MOVE_MURAL_TO_FIBRO","Fibroblast","PRJNA662018_PRJNA662018_P4T4","PRJNA662018","PRJNA662018_PRJNA662018_P4T4","NMIBC",NA,NA,NA
"PRJNA662018_PRJNA662018_P4T4_TCGCGTTTCTGCGTAA-1","/home/data/t070721/codex_workspace/Bladder Metabolism/subtype/round3/02_reclustering/Mural/Mural_round3_reclustered_preannotation.qs2","4","MOVE_MURAL_TO_FIBRO","Fibroblast","PRJNA662018_PRJNA662018_P4T4","PRJNA662018","PRJNA662018_PRJNA662018_P4T4","NMIBC",NA,NA,NA
"PRJNA662018_PRJNA662018_P4T4_TCGGTAAGTGTCAATC-1","/home/data/t070721/codex_workspace/Bladder Metabolism/subtype/round3/02_reclustering/Mural/Mural_round3_reclustered_preannotation.qs2","4","MOVE_MURAL_TO_FIBRO","Fibroblast","PRJNA662018_PRJNA662018_P4T4","PRJNA662018","PRJNA662018_PRJNA662018_P4T4","NMIBC",NA,NA,NA
"PRJNA662018_PRJNA662018_P4T4_TCGGTAATCAACGGGA-1","/home/data/t070721/codex_workspace/Bladder Metabolism/subtype/round3/02_reclustering/Mural/Mural_round3_reclustered_preannotation.qs2","4","MOVE_MURAL_TO_FIBRO","Fibroblast","PRJNA662018_PRJNA662018_P4T4","PRJNA662018","PRJNA662018_PRJNA662018_P4T4","NMIBC",NA,NA,NA
"PRJNA662018_PRJNA662018_P4T4_TCTATTGTCACGGTTA-1","/home/data/t070721/codex_workspace/Bladder Metabolism/subtype/round3/02_reclustering/Mural/Mural_round3_reclustered_preannotation.qs2","4","MOVE_MURAL_TO_FIBRO","Fibroblast","PRJNA662018_PRJNA662018_P4T4","PRJNA662018","PRJNA662018_PRJNA662018_P4T4","NMIBC",NA,NA,NA
"PRJNA662018_PRJNA662018_P4T4_TCTCATACACACATGT-1","/home/data/t070721/codex_workspace/Bladder Metabolism/subtype/round3/02_reclustering/Mural/Mural_round3_reclustered_preannotation.qs2","4","MOVE_MURAL_TO_FIBRO","Fibroblast","PRJNA662018_PRJNA662018_P4T4","PRJNA662018","PRJNA662018_PRJNA662018_P4T4","NMIBC",NA,NA,NA
"PRJNA662018_PRJNA662018_P4T4_TCTCTAAAGAGGGATA-1","/home/data/t070721/codex_workspace/Bladder Metabolism/subtype/round3/02_reclustering/Mural/Mural_round3_reclustered_preannotation.qs2","4","MOVE_MURAL_TO_FIBRO","Fibroblast","PRJNA662018_PRJNA662018_P4T4","PRJNA662018","PRJNA662018_PRJNA662018_P4T4","NMIBC",NA,NA,NA
"PRJNA662018_PRJNA662018_P4T4_TCTTCGGGTACGCACC-1","/home/data/t070721/codex_workspace/Bladder Metabolism/subtype/round3/02_reclustering/Mural/Mural_round3_reclustered_preannotation.qs2","4","MOVE_MURAL_TO_FIBRO","Fibroblast","PRJNA662018_PRJNA662018_P4T4","PRJNA662018","PRJNA662018_PRJNA662018_P4T4","NMIBC",NA,NA,NA
"PRJNA662018_PRJNA662018_P4T4_TGACAACTCGTACGGC-1","/home/data/t070721/codex_workspace/Bladder Metabolism/subtype/round3/02_reclustering/Mural/Mural_round3_reclustered_preannotation.qs2","4","MOVE_MURAL_TO_FIBRO","Fibroblast","PRJNA662018_PRJNA662018_P4T4","PRJNA662018","PRJNA662018_PRJNA662018_P4T4","NMIBC",NA,NA,NA
"PRJNA662018_PRJNA662018_P4T4_TGAGCCGGTTGGGACA-1","/home/data/t070721/codex_workspace/Bladder Metabolism/subtype/round3/02_reclustering/Mural/Mural_round3_reclustered_preannotation.qs2","4","MOVE_MURAL_TO_FIBRO","Fibroblast","PRJNA662018_PRJNA662018_P4T4","PRJNA662018","PRJNA662018_PRJNA662018_P4T4","NMIBC",NA,NA,NA
"PRJNA662018_PRJNA662018_P4T4_TGCGTGGAGCTAAACA-1","/home/data/t070721/codex_workspace/Bladder Metabolism/subtype/round3/02_reclustering/Mural/Mural_round3_reclustered_preannotation.qs2","4","MOVE_MURAL_TO_FIBRO","Fibroblast","PRJNA662018_PRJNA662018_P4T4","PRJNA662018","PRJNA662018_PRJNA662018_P4T4","NMIBC",NA,NA,NA
"PRJNA662018_PRJNA662018_P4T4_TGCTACCCATGGATGG-1","/home/data/t070721/codex_workspace/Bladder Metabolism/subtype/round3/02_reclustering/Mural/Mural_round3_reclustered_preannotation.qs2","4","MOVE_MURAL_TO_FIBRO","Fibroblast","PRJNA662018_PRJNA662018_P4T4","PRJNA662018","PRJNA662018_PRJNA662018_P4T4","NMIBC",NA,NA,NA
"PRJNA662018_PRJNA662018_P4T4_TGCTACCGTTAGATGA-1","/home/data/t070721/codex_workspace/Bladder Metabolism/subtype/round3/02_reclustering/Mural/Mural_round3_reclustered_preannotation.qs2","4","MOVE_MURAL_TO_FIBRO","Fibroblast","PRJNA662018_PRJNA662018_P4T4","PRJNA662018","PRJNA662018_PRJNA662018_P4T4","NMIBC",NA,NA,NA
"PRJNA662018_PRJNA662018_P4T4_TGCTGCTGTCCGAATT-1","/home/data/t070721/codex_workspace/Bladder Metabolism/subtype/round3/02_reclustering/Mural/Mural_round3_reclustered_preannotation.qs2","4","MOVE_MURAL_TO_FIBRO","Fibroblast","PRJNA662018_PRJNA662018_P4T4","PRJNA662018","PRJNA662018_PRJNA662018_P4T4","NMIBC",NA,NA,NA
"PRJNA662018_PRJNA662018_P4T4_TGGGCGTCACTGTCGG-1","/home/data/t070721/codex_workspace/Bladder Metabolism/subtype/round3/02_reclustering/Mural/Mural_round3_reclustered_preannotation.qs2","4","MOVE_MURAL_TO_FIBRO","Fibroblast","PRJNA662018_PRJNA662018_P4T4","PRJNA662018","PRJNA662018_PRJNA662018_P4T4","NMIBC",NA,NA,NA
"PRJNA662018_PRJNA662018_P4T4_TTCTACACAATAAGCA-1","/home/data/t070721/codex_workspace/Bladder Metabolism/subtype/round3/02_reclustering/Mural/Mural_round3_reclustered_preannotation.qs2","4","MOVE_MURAL_TO_FIBRO","Fibroblast","PRJNA662018_PRJNA662018_P4T4","PRJNA662018","PRJNA662018_PRJNA662018_P4T4","NMIBC",NA,NA,NA
"PRJNA662018_PRJNA662018_P4T4_TTGGCAAAGCCTATGT-1","/home/data/t070721/codex_workspace/Bladder Metabolism/subtype/round3/02_reclustering/Mural/Mural_round3_reclustered_preannotation.qs2","4","MOVE_MURAL_TO_FIBRO","Fibroblast","PRJNA662018_PRJNA662018_P4T4","PRJNA662018","PRJNA662018_PRJNA662018_P4T4","NMIBC",NA,NA,NA
"PRJNA662018_PRJNA662018_P4T4_TTTATGCCACCACCAG-1","/home/data/t070721/codex_workspace/Bladder Metabolism/subtype/round3/02_reclustering/Mural/Mural_round3_reclustered_preannotation.qs2","4","MOVE_MURAL_TO_FIBRO","Fibroblast","PRJNA662018_PRJNA662018_P4T4","PRJNA662018","PRJNA662018_PRJNA662018_P4T4","NMIBC",NA,NA,NA
"PRJNA662018_PRJNA662018_P4T4_TTTGTCACATTGAGCT-1","/home/data/t070721/codex_workspace/Bladder Metabolism/subtype/round3/02_reclustering/Mural/Mural_round3_reclustered_preannotation.qs2","4","MOVE_MURAL_TO_FIBRO","Fibroblast","PRJNA662018_PRJNA662018_P4T4","PRJNA662018","PRJNA662018_PRJNA662018_P4T4","NMIBC",NA,NA,NA
"PRJNA662018_PRJNA662018_P5T5_AAAGCAATCACCCGAG-1","/home/data/t070721/codex_workspace/Bladder Metabolism/subtype/round3/02_reclustering/Mural/Mural_round3_reclustered_preannotation.qs2","4","MOVE_MURAL_TO_FIBRO","Fibroblast","PRJNA662018_PRJNA662018_P5T5","PRJNA662018","PRJNA662018_PRJNA662018_P5T5","MIBC",NA,NA,NA
"PRJNA662018_PRJNA662018_P5T5_AACACGTAGGTGCAAC-1","/home/data/t070721/codex_workspace/Bladder Metabolism/subtype/round3/02_reclustering/Mural/Mural_round3_reclustered_preannotation.qs2","4","MOVE_MURAL_TO_FIBRO","Fibroblast","PRJNA662018_PRJNA662018_P5T5","PRJNA662018","PRJNA662018_PRJNA662018_P5T5","MIBC",NA,NA,NA
"PRJNA662018_PRJNA662018_P5T5_ACGATACTCAACACCA-1","/home/data/t070721/codex_workspace/Bladder Metabolism/subtype/round3/02_reclustering/Mural/Mural_round3_reclustered_preannotation.qs2","4","MOVE_MURAL_TO_FIBRO","Fibroblast","PRJNA662018_PRJNA662018_P5T5","PRJNA662018","PRJNA662018_PRJNA662018_P5T5","MIBC",NA,NA,NA
"PRJNA662018_PRJNA662018_P5T5_ACTGTCCGTGGGTCAA-1","/home/data/t070721/codex_workspace/Bladder Metabolism/subtype/round3/02_reclustering/Mural/Mural_round3_reclustered_preannotation.qs2","4","MOVE_MURAL_TO_FIBRO","Fibroblast","PRJNA662018_PRJNA662018_P5T5","PRJNA662018","PRJNA662018_PRJNA662018_P5T5","MIBC",NA,NA,NA
"PRJNA662018_PRJNA662018_P5T5_AGGGTGAGTGCTGTAT-1","/home/data/t070721/codex_workspace/Bladder Metabolism/subtype/round3/02_reclustering/Mural/Mural_round3_reclustered_preannotation.qs2","4","MOVE_MURAL_TO_FIBRO","Fibroblast","PRJNA662018_PRJNA662018_P5T5","PRJNA662018","PRJNA662018_PRJNA662018_P5T5","MIBC",NA,NA,NA
"PRJNA662018_PRJNA662018_P5T5_AGTTGGTAGAGACTTA-1","/home/data/t070721/codex_workspace/Bladder Metabolism/subtype/round3/02_reclustering/Mural/Mural_round3_reclustered_preannotation.qs2","4","MOVE_MURAL_TO_FIBRO","Fibroblast","PRJNA662018_PRJNA662018_P5T5","PRJNA662018","PRJNA662018_PRJNA662018_P5T5","MIBC",NA,NA,NA
"PRJNA662018_PRJNA662018_P5T5_ATGCGATAGGACGAAA-1","/home/data/t070721/codex_workspace/Bladder Metabolism/subtype/round3/02_reclustering/Mural/Mural_round3_reclustered_preannotation.qs2","4","MOVE_MURAL_TO_FIBRO","Fibroblast","PRJNA662018_PRJNA662018_P5T5","PRJNA662018","PRJNA662018_PRJNA662018_P5T5","MIBC",NA,NA,NA
"PRJNA662018_PRJNA662018_P5T5_CACAAACCAAGGACAC-1","/home/data/t070721/codex_workspace/Bladder Metabolism/subtype/round3/02_reclustering/Mural/Mural_round3_reclustered_preannotation.qs2","4","MOVE_MURAL_TO_FIBRO","Fibroblast","PRJNA662018_PRJNA662018_P5T5","PRJNA662018","PRJNA662018_PRJNA662018_P5T5","MIBC",NA,NA,NA
"PRJNA662018_PRJNA662018_P5T5_CCAATCCGTAATTGGA-1","/home/data/t070721/codex_workspace/Bladder Metabolism/subtype/round3/02_reclustering/Mural/Mural_round3_reclustered_preannotation.qs2","4","MOVE_MURAL_TO_FIBRO","Fibroblast","PRJNA662018_PRJNA662018_P5T5","PRJNA662018","PRJNA662018_PRJNA662018_P5T5","MIBC",NA,NA,NA
"PRJNA662018_PRJNA662018_P5T5_CCTCAGTCACGGCTAC-1","/home/data/t070721/codex_workspace/Bladder Metabolism/subtype/round3/02_reclustering/Mural/Mural_round3_reclustered_preannotation.qs2","4","MOVE_MURAL_TO_FIBRO","Fibroblast","PRJNA662018_PRJNA662018_P5T5","PRJNA662018","PRJNA662018_PRJNA662018_P5T5","MIBC",NA,NA,NA
"PRJNA662018_PRJNA662018_P5T5_CGATGTAGTGGTGTAG-1","/home/data/t070721/codex_workspace/Bladder Metabolism/subtype/round3/02_reclustering/Mural/Mural_round3_reclustered_preannotation.qs2","4","MOVE_MURAL_TO_FIBRO","Fibroblast","PRJNA662018_PRJNA662018_P5T5","PRJNA662018","PRJNA662018_PRJNA662018_P5T5","MIBC",NA,NA,NA
"PRJNA662018_PRJNA662018_P5T5_CGTCACTCACGCATCG-1","/home/data/t070721/codex_workspace/Bladder Metabolism/subtype/round3/02_reclustering/Mural/Mural_round3_reclustered_preannotation.qs2","4","MOVE_MURAL_TO_FIBRO","Fibroblast","PRJNA662018_PRJNA662018_P5T5","PRJNA662018","PRJNA662018_PRJNA662018_P5T5","MIBC",NA,NA,NA
"PRJNA662018_PRJNA662018_P5T5_CGTGTAAGTCTCTTAT-1","/home/data/t070721/codex_workspace/Bladder Metabolism/subtype/round3/02_reclustering/Mural/Mural_round3_reclustered_preannotation.qs2","4","MOVE_MURAL_TO_FIBRO","Fibroblast","PRJNA662018_PRJNA662018_P5T5","PRJNA662018","PRJNA662018_PRJNA662018_P5T5","MIBC",NA,NA,NA
"PRJNA662018_PRJNA662018_P5T5_CTACACCGTTTGGGCC-1","/home/data/t070721/codex_workspace/Bladder Metabolism/subtype/round3/02_reclustering/Mural/Mural_round3_reclustered_preannotation.qs2","4","MOVE_MURAL_TO_FIBRO","Fibroblast","PRJNA662018_PRJNA662018_P5T5","PRJNA662018","PRJNA662018_PRJNA662018_P5T5","MIBC",NA,NA,NA
"PRJNA662018_PRJNA662018_P5T5_CTCGAAACATTAGCCA-1","/home/data/t070721/codex_workspace/Bladder Metabolism/subtype/round3/02_reclustering/Mural/Mural_round3_reclustered_preannotation.qs2","4","MOVE_MURAL_TO_FIBRO","Fibroblast","PRJNA662018_PRJNA662018_P5T5","PRJNA662018","PRJNA662018_PRJNA662018_P5T5","MIBC",NA,NA,NA
"PRJNA662018_PRJNA662018_P5T5_GAATGAACATTCCTGC-1","/home/data/t070721/codex_workspace/Bladder Metabolism/subtype/round3/02_reclustering/Mural/Mural_round3_reclustered_preannotation.qs2","4","MOVE_MURAL_TO_FIBRO","Fibroblast","PRJNA662018_PRJNA662018_P5T5","PRJNA662018","PRJNA662018_PRJNA662018_P5T5","MIBC",NA,NA,NA
"PRJNA662018_PRJNA662018_P5T5_GACTGCGTCAGGCGAA-1","/home/data/t070721/codex_workspace/Bladder Metabolism/subtype/round3/02_reclustering/Mural/Mural_round3_reclustered_preannotation.qs2","4","MOVE_MURAL_TO_FIBRO","Fibroblast","PRJNA662018_PRJNA662018_P5T5","PRJNA662018","PRJNA662018_PRJNA662018_P5T5","MIBC",NA,NA,NA
"PRJNA662018_PRJNA662018_P5T5_GATCAGTCAAGGCTCC-1","/home/data/t070721/codex_workspace/Bladder Metabolism/subtype/round3/02_reclustering/Mural/Mural_round3_reclustered_preannotation.qs2","4","MOVE_MURAL_TO_FIBRO","Fibroblast","PRJNA662018_PRJNA662018_P5T5","PRJNA662018","PRJNA662018_PRJNA662018_P5T5","MIBC",NA,NA,NA
"PRJNA662018_PRJNA662018_P5T5_GCAGTTAGTACCATCA-1","/home/data/t070721/codex_workspace/Bladder Metabolism/subtype/round3/02_reclustering/Mural/Mural_round3_reclustered_preannotation.qs2","4","MOVE_MURAL_TO_FIBRO","Fibroblast","PRJNA662018_PRJNA662018_P5T5","PRJNA662018","PRJNA662018_PRJNA662018_P5T5","MIBC",NA,NA,NA
"PRJNA662018_PRJNA662018_P5T5_GCATGTAAGAAACCTA-1","/home/data/t070721/codex_workspace/Bladder Metabolism/subtype/round3/02_reclustering/Mural/Mural_round3_reclustered_preannotation.qs2","4","MOVE_MURAL_TO_FIBRO","Fibroblast","PRJNA662018_PRJNA662018_P5T5","PRJNA662018","PRJNA662018_PRJNA662018_P5T5","MIBC",NA,NA,NA
"PRJNA662018_PRJNA662018_P5T5_GCGCAACAGTGAAGAG-1","/home/data/t070721/codex_workspace/Bladder Metabolism/subtype/round3/02_reclustering/Mural/Mural_round3_reclustered_preannotation.qs2","4","MOVE_MURAL_TO_FIBRO","Fibroblast","PRJNA662018_PRJNA662018_P5T5","PRJNA662018","PRJNA662018_PRJNA662018_P5T5","MIBC",NA,NA,NA
"PRJNA662018_PRJNA662018_P5T5_GCTGGGTTCCGAGCCA-1","/home/data/t070721/codex_workspace/Bladder Metabolism/subtype/round3/02_reclustering/Mural/Mural_round3_reclustered_preannotation.qs2","4","MOVE_MURAL_TO_FIBRO","Fibroblast","PRJNA662018_PRJNA662018_P5T5","PRJNA662018","PRJNA662018_PRJNA662018_P5T5","MIBC",NA,NA,NA
"PRJNA662018_PRJNA662018_P5T5_GGACAGACAATGACCT-1","/home/data/t070721/codex_workspace/Bladder Metabolism/subtype/round3/02_reclustering/Mural/Mural_round3_reclustered_preannotation.qs2","4","MOVE_MURAL_TO_FIBRO","Fibroblast","PRJNA662018_PRJNA662018_P5T5","PRJNA662018","PRJNA662018_PRJNA662018_P5T5","MIBC",NA,NA,NA
"PRJNA662018_PRJNA662018_P5T5_GGGAGATCAATGGTCT-1","/home/data/t070721/codex_workspace/Bladder Metabolism/subtype/round3/02_reclustering/Mural/Mural_round3_reclustered_preannotation.qs2","4","MOVE_MURAL_TO_FIBRO","Fibroblast","PRJNA662018_PRJNA662018_P5T5","PRJNA662018","PRJNA662018_PRJNA662018_P5T5","MIBC",NA,NA,NA
"PRJNA662018_PRJNA662018_P5T5_GGTGAAGGTCTAGCCG-1","/home/data/t070721/codex_workspace/Bladder Metabolism/subtype/round3/02_reclustering/Mural/Mural_round3_reclustered_preannotation.qs2","4","MOVE_MURAL_TO_FIBRO","Fibroblast","PRJNA662018_PRJNA662018_P5T5","PRJNA662018","PRJNA662018_PRJNA662018_P5T5","MIBC",NA,NA,NA
"PRJNA662018_PRJNA662018_P5T5_TAAGAGATCTTCGGTC-1","/home/data/t070721/codex_workspace/Bladder Metabolism/subtype/round3/02_reclustering/Mural/Mural_round3_reclustered_preannotation.qs2","4","MOVE_MURAL_TO_FIBRO","Fibroblast","PRJNA662018_PRJNA662018_P5T5","PRJNA662018","PRJNA662018_PRJNA662018_P5T5","MIBC",NA,NA,NA
"PRJNA662018_PRJNA662018_P5T5_TAAGCGTCACAGCGTC-1","/home/data/t070721/codex_workspace/Bladder Metabolism/subtype/round3/02_reclustering/Mural/Mural_round3_reclustered_preannotation.qs2","4","MOVE_MURAL_TO_FIBRO","Fibroblast","PRJNA662018_PRJNA662018_P5T5","PRJNA662018","PRJNA662018_PRJNA662018_P5T5","MIBC",NA,NA,NA
"PRJNA662018_PRJNA662018_P5T5_TAAGCGTTCGGTCCGA-1","/home/data/t070721/codex_workspace/Bladder Metabolism/subtype/round3/02_reclustering/Mural/Mural_round3_reclustered_preannotation.qs2","4","MOVE_MURAL_TO_FIBRO","Fibroblast","PRJNA662018_PRJNA662018_P5T5","PRJNA662018","PRJNA662018_PRJNA662018_P5T5","MIBC",NA,NA,NA
"PRJNA662018_PRJNA662018_P5T5_TACGGATGTTCCATGA-1","/home/data/t070721/codex_workspace/Bladder Metabolism/subtype/round3/02_reclustering/Mural/Mural_round3_reclustered_preannotation.qs2","4","MOVE_MURAL_TO_FIBRO","Fibroblast","PRJNA662018_PRJNA662018_P5T5","PRJNA662018","PRJNA662018_PRJNA662018_P5T5","MIBC",NA,NA,NA
"PRJNA662018_PRJNA662018_P5T5_TACTTGTTCGCCCTTA-1","/home/data/t070721/codex_workspace/Bladder Metabolism/subtype/round3/02_reclustering/Mural/Mural_round3_reclustered_preannotation.qs2","4","MOVE_MURAL_TO_FIBRO","Fibroblast","PRJNA662018_PRJNA662018_P5T5","PRJNA662018","PRJNA662018_PRJNA662018_P5T5","MIBC",NA,NA,NA
"PRJNA662018_PRJNA662018_P5T5_TATGCCCTCACCCGAG-1","/home/data/t070721/codex_workspace/Bladder Metabolism/subtype/round3/02_reclustering/Mural/Mural_round3_reclustered_preannotation.qs2","4","MOVE_MURAL_TO_FIBRO","Fibroblast","PRJNA662018_PRJNA662018_P5T5","PRJNA662018","PRJNA662018_PRJNA662018_P5T5","MIBC",NA,NA,NA
"PRJNA662018_PRJNA662018_P5T5_TCAACGATCGCCCTTA-1","/home/data/t070721/codex_workspace/Bladder Metabolism/subtype/round3/02_reclustering/Mural/Mural_round3_reclustered_preannotation.qs2","4","MOVE_MURAL_TO_FIBRO","Fibroblast","PRJNA662018_PRJNA662018_P5T5","PRJNA662018","PRJNA662018_PRJNA662018_P5T5","MIBC",NA,NA,NA
"PRJNA662018_PRJNA662018_P5T5_TCAGGTAGTGACCAAG-1","/home/data/t070721/codex_workspace/Bladder Metabolism/subtype/round3/02_reclustering/Mural/Mural_round3_reclustered_preannotation.qs2","4","MOVE_MURAL_TO_FIBRO","Fibroblast","PRJNA662018_PRJNA662018_P5T5","PRJNA662018","PRJNA662018_PRJNA662018_P5T5","MIBC",NA,NA,NA
"PRJNA662018_PRJNA662018_P5T5_TGACAACAGCTCTCGG-1","/home/data/t070721/codex_workspace/Bladder Metabolism/subtype/round3/02_reclustering/Mural/Mural_round3_reclustered_preannotation.qs2","4","MOVE_MURAL_TO_FIBRO","Fibroblast","PRJNA662018_PRJNA662018_P5T5","PRJNA662018","PRJNA662018_PRJNA662018_P5T5","MIBC",NA,NA,NA
"PRJNA662018_PRJNA662018_P5T5_TGACGGCCAAGTTGTC-1","/home/data/t070721/codex_workspace/Bladder Metabolism/subtype/round3/02_reclustering/Mural/Mural_round3_reclustered_preannotation.qs2","4","MOVE_MURAL_TO_FIBRO","Fibroblast","PRJNA662018_PRJNA662018_P5T5","PRJNA662018","PRJNA662018_PRJNA662018_P5T5","MIBC",NA,NA,NA
"PRJNA662018_PRJNA662018_P5T5_TGCTGCTCAGATCTGT-1","/home/data/t070721/codex_workspace/Bladder Metabolism/subtype/round3/02_reclustering/Mural/Mural_round3_reclustered_preannotation.qs2","4","MOVE_MURAL_TO_FIBRO","Fibroblast","PRJNA662018_PRJNA662018_P5T5","PRJNA662018","PRJNA662018_PRJNA662018_P5T5","MIBC",NA,NA,NA
"PRJNA662018_PRJNA662018_P5T5_TTAGGCATCCATGAGT-1","/home/data/t070721/codex_workspace/Bladder Metabolism/subtype/round3/02_reclustering/Mural/Mural_round3_reclustered_preannotation.qs2","4","MOVE_MURAL_TO_FIBRO","Fibroblast","PRJNA662018_PRJNA662018_P5T5","PRJNA662018","PRJNA662018_PRJNA662018_P5T5","MIBC",NA,NA,NA
"PRJNA662018_PRJNA662018_P6N2_AACACGTTCGGCGGTT-1","/home/data/t070721/codex_workspace/Bladder Metabolism/subtype/round3/02_reclustering/Mural/Mural_round3_reclustered_preannotation.qs2","4","MOVE_MURAL_TO_FIBRO","Fibroblast","PRJNA662018_PRJNA662018_P6N2","PRJNA662018","PRJNA662018_PRJNA662018_P6N2","Normal","Normal","Normal","Normal"
"PRJNA662018_PRJNA662018_P6N2_AGCCTAATCATTGCCC-1","/home/data/t070721/codex_workspace/Bladder Metabolism/subtype/round3/02_reclustering/Mural/Mural_round3_reclustered_preannotation.qs2","4","MOVE_MURAL_TO_FIBRO","Fibroblast","PRJNA662018_PRJNA662018_P6N2","PRJNA662018","PRJNA662018_PRJNA662018_P6N2","Normal","Normal","Normal","Normal"
"PRJNA662018_PRJNA662018_P6N2_AGGGAGTAGAATTCCC-1","/home/data/t070721/codex_workspace/Bladder Metabolism/subtype/round3/02_reclustering/Mural/Mural_round3_reclustered_preannotation.qs2","4","MOVE_MURAL_TO_FIBRO","Fibroblast","PRJNA662018_PRJNA662018_P6N2","PRJNA662018","PRJNA662018_PRJNA662018_P6N2","Normal","Normal","Normal","Normal"
"PRJNA662018_PRJNA662018_P6N2_CATTCGCTCCAAACAC-1","/home/data/t070721/codex_workspace/Bladder Metabolism/subtype/round3/02_reclustering/Mural/Mural_round3_reclustered_preannotation.qs2","4","MOVE_MURAL_TO_FIBRO","Fibroblast","PRJNA662018_PRJNA662018_P6N2","PRJNA662018","PRJNA662018_PRJNA662018_P6N2","Normal","Normal","Normal","Normal"
"PRJNA662018_PRJNA662018_P6N2_CGGAGTCAGCTTTGGT-1","/home/data/t070721/codex_workspace/Bladder Metabolism/subtype/round3/02_reclustering/Mural/Mural_round3_reclustered_preannotation.qs2","4","MOVE_MURAL_TO_FIBRO","Fibroblast","PRJNA662018_PRJNA662018_P6N2","PRJNA662018","PRJNA662018_PRJNA662018_P6N2","Normal","Normal","Normal","Normal"
"PRJNA662018_PRJNA662018_P6N2_CTACGTCAGTACGTTC-1","/home/data/t070721/codex_workspace/Bladder Metabolism/subtype/round3/02_reclustering/Mural/Mural_round3_reclustered_preannotation.qs2","4","MOVE_MURAL_TO_FIBRO","Fibroblast","PRJNA662018_PRJNA662018_P6N2","PRJNA662018","PRJNA662018_PRJNA662018_P6N2","Normal","Normal","Normal","Normal"
"PRJNA662018_PRJNA662018_P6N2_GAATGAAAGATGTGTA-1","/home/data/t070721/codex_workspace/Bladder Metabolism/subtype/round3/02_reclustering/Mural/Mural_round3_reclustered_preannotation.qs2","4","MOVE_MURAL_TO_FIBRO","Fibroblast","PRJNA662018_PRJNA662018_P6N2","PRJNA662018","PRJNA662018_PRJNA662018_P6N2","Normal","Normal","Normal","Normal"
"PRJNA662018_PRJNA662018_P6N2_GAGCAGACAGCGTTCG-1","/home/data/t070721/codex_workspace/Bladder Metabolism/subtype/round3/02_reclustering/Mural/Mural_round3_reclustered_preannotation.qs2","4","MOVE_MURAL_TO_FIBRO","Fibroblast","PRJNA662018_PRJNA662018_P6N2","PRJNA662018","PRJNA662018_PRJNA662018_P6N2","Normal","Normal","Normal","Normal"
"PRJNA662018_PRJNA662018_P6N2_GGACAGAAGCGCTCCA-1","/home/data/t070721/codex_workspace/Bladder Metabolism/subtype/round3/02_reclustering/Mural/Mural_round3_reclustered_preannotation.qs2","4","MOVE_MURAL_TO_FIBRO","Fibroblast","PRJNA662018_PRJNA662018_P6N2","PRJNA662018","PRJNA662018_PRJNA662018_P6N2","Normal","Normal","Normal","Normal"
"PRJNA662018_PRJNA662018_P6N2_GGAGCAACATCACGTA-1","/home/data/t070721/codex_workspace/Bladder Metabolism/subtype/round3/02_reclustering/Mural/Mural_round3_reclustered_preannotation.qs2","4","MOVE_MURAL_TO_FIBRO","Fibroblast","PRJNA662018_PRJNA662018_P6N2","PRJNA662018","PRJNA662018_PRJNA662018_P6N2","Normal","Normal","Normal","Normal"
"PRJNA662018_PRJNA662018_P6N2_GTAGGCCGTGAGGCTA-1","/home/data/t070721/codex_workspace/Bladder Metabolism/subtype/round3/02_reclustering/Mural/Mural_round3_reclustered_preannotation.qs2","4","MOVE_MURAL_TO_FIBRO","Fibroblast","PRJNA662018_PRJNA662018_P6N2","PRJNA662018","PRJNA662018_PRJNA662018_P6N2","Normal","Normal","Normal","Normal"
"PRJNA662018_PRJNA662018_P6N2_GTCACAAAGACTACAA-1","/home/data/t070721/codex_workspace/Bladder Metabolism/subtype/round3/02_reclustering/Mural/Mural_round3_reclustered_preannotation.qs2","4","MOVE_MURAL_TO_FIBRO","Fibroblast","PRJNA662018_PRJNA662018_P6N2","PRJNA662018","PRJNA662018_PRJNA662018_P6N2","Normal","Normal","Normal","Normal"
"PRJNA662018_PRJNA662018_P6N2_GTCACAAAGCAGACTG-1","/home/data/t070721/codex_workspace/Bladder Metabolism/subtype/round3/02_reclustering/Mural/Mural_round3_reclustered_preannotation.qs2","4","MOVE_MURAL_TO_FIBRO","Fibroblast","PRJNA662018_PRJNA662018_P6N2","PRJNA662018","PRJNA662018_PRJNA662018_P6N2","Normal","Normal","Normal","Normal"
"PRJNA662018_PRJNA662018_P6N2_GTGTTAGAGTGCCAGA-1","/home/data/t070721/codex_workspace/Bladder Metabolism/subtype/round3/02_reclustering/Mural/Mural_round3_reclustered_preannotation.qs2","4","MOVE_MURAL_TO_FIBRO","Fibroblast","PRJNA662018_PRJNA662018_P6N2","PRJNA662018","PRJNA662018_PRJNA662018_P6N2","Normal","Normal","Normal","Normal"
"PRJNA662018_PRJNA662018_P6N2_GTGTTAGTCCAGAAGG-1","/home/data/t070721/codex_workspace/Bladder Metabolism/subtype/round3/02_reclustering/Mural/Mural_round3_reclustered_preannotation.qs2","4","MOVE_MURAL_TO_FIBRO","Fibroblast","PRJNA662018_PRJNA662018_P6N2","PRJNA662018","PRJNA662018_PRJNA662018_P6N2","Normal","Normal","Normal","Normal"
"PRJNA662018_PRJNA662018_P6N2_TACGGTAAGCGTTGCC-1","/home/data/t070721/codex_workspace/Bladder Metabolism/subtype/round3/02_reclustering/Mural/Mural_round3_reclustered_preannotation.qs2","4","MOVE_MURAL_TO_FIBRO","Fibroblast","PRJNA662018_PRJNA662018_P6N2","PRJNA662018","PRJNA662018_PRJNA662018_P6N2","Normal","Normal","Normal","Normal"
"PRJNA662018_PRJNA662018_P6N2_TGGGCGTTCTGACCTC-1","/home/data/t070721/codex_workspace/Bladder Metabolism/subtype/round3/02_reclustering/Mural/Mural_round3_reclustered_preannotation.qs2","4","MOVE_MURAL_TO_FIBRO","Fibroblast","PRJNA662018_PRJNA662018_P6N2","PRJNA662018","PRJNA662018_PRJNA662018_P6N2","Normal","Normal","Normal","Normal"
"PRJNA662018_PRJNA662018_P7T7_AAAGCAACAAATTGCC-1","/home/data/t070721/codex_workspace/Bladder Metabolism/subtype/round3/02_reclustering/Mural/Mural_round3_reclustered_preannotation.qs2","4","MOVE_MURAL_TO_FIBRO","Fibroblast","PRJNA662018_PRJNA662018_P7T7","PRJNA662018","PRJNA662018_PRJNA662018_P7T7","MIBC",NA,NA,NA
"PRJNA662018_PRJNA662018_P7T7_AACTCCCAGGGCTTGA-1","/home/data/t070721/codex_workspace/Bladder Metabolism/subtype/round3/02_reclustering/Mural/Mural_round3_reclustered_preannotation.qs2","4","MOVE_MURAL_TO_FIBRO","Fibroblast","PRJNA662018_PRJNA662018_P7T7","PRJNA662018","PRJNA662018_PRJNA662018_P7T7","MIBC",NA,NA,NA
"PRJNA662018_PRJNA662018_P7T7_AACTCCCCATGTTGAC-1","/home/data/t070721/codex_workspace/Bladder Metabolism/subtype/round3/02_reclustering/Mural/Mural_round3_reclustered_preannotation.qs2","4","MOVE_MURAL_TO_FIBRO","Fibroblast","PRJNA662018_PRJNA662018_P7T7","PRJNA662018","PRJNA662018_PRJNA662018_P7T7","MIBC",NA,NA,NA
"PRJNA662018_PRJNA662018_P7T7_ACGGGCTGTGTGGCTC-1","/home/data/t070721/codex_workspace/Bladder Metabolism/subtype/round3/02_reclustering/Mural/Mural_round3_reclustered_preannotation.qs2","4","MOVE_MURAL_TO_FIBRO","Fibroblast","PRJNA662018_PRJNA662018_P7T7","PRJNA662018","PRJNA662018_PRJNA662018_P7T7","MIBC",NA,NA,NA
"PRJNA662018_PRJNA662018_P7T7_AGCATACTCAACGCTA-1","/home/data/t070721/codex_workspace/Bladder Metabolism/subtype/round3/02_reclustering/Mural/Mural_round3_reclustered_preannotation.qs2","4","MOVE_MURAL_TO_FIBRO","Fibroblast","PRJNA662018_PRJNA662018_P7T7","PRJNA662018","PRJNA662018_PRJNA662018_P7T7","MIBC",NA,NA,NA
"PRJNA662018_PRJNA662018_P7T7_AGTGGGAGTGACGCCT-1","/home/data/t070721/codex_workspace/Bladder Metabolism/subtype/round3/02_reclustering/Mural/Mural_round3_reclustered_preannotation.qs2","4","MOVE_MURAL_TO_FIBRO","Fibroblast","PRJNA662018_PRJNA662018_P7T7","PRJNA662018","PRJNA662018_PRJNA662018_P7T7","MIBC",NA,NA,NA
"PRJNA662018_PRJNA662018_P7T7_ATGCGATCATCTGGTA-1","/home/data/t070721/codex_workspace/Bladder Metabolism/subtype/round3/02_reclustering/Mural/Mural_round3_reclustered_preannotation.qs2","4","MOVE_MURAL_TO_FIBRO","Fibroblast","PRJNA662018_PRJNA662018_P7T7","PRJNA662018","PRJNA662018_PRJNA662018_P7T7","MIBC",NA,NA,NA
"PRJNA662018_PRJNA662018_P7T7_ATTCTACGTAAATGAC-1","/home/data/t070721/codex_workspace/Bladder Metabolism/subtype/round3/02_reclustering/Mural/Mural_round3_reclustered_preannotation.qs2","4","MOVE_MURAL_TO_FIBRO","Fibroblast","PRJNA662018_PRJNA662018_P7T7","PRJNA662018","PRJNA662018_PRJNA662018_P7T7","MIBC",NA,NA,NA
"PRJNA662018_PRJNA662018_P7T7_ATTGGACAGAGCTATA-1","/home/data/t070721/codex_workspace/Bladder Metabolism/subtype/round3/02_reclustering/Mural/Mural_round3_reclustered_preannotation.qs2","4","MOVE_MURAL_TO_FIBRO","Fibroblast","PRJNA662018_PRJNA662018_P7T7","PRJNA662018","PRJNA662018_PRJNA662018_P7T7","MIBC",NA,NA,NA
"PRJNA662018_PRJNA662018_P7T7_CAGATCACAAGCGTAG-1","/home/data/t070721/codex_workspace/Bladder Metabolism/subtype/round3/02_reclustering/Mural/Mural_round3_reclustered_preannotation.qs2","4","MOVE_MURAL_TO_FIBRO","Fibroblast","PRJNA662018_PRJNA662018_P7T7","PRJNA662018","PRJNA662018_PRJNA662018_P7T7","MIBC",NA,NA,NA
"PRJNA662018_PRJNA662018_P7T7_CAGCAGCGTTGGTGGA-1","/home/data/t070721/codex_workspace/Bladder Metabolism/subtype/round3/02_reclustering/Mural/Mural_round3_reclustered_preannotation.qs2","4","MOVE_MURAL_TO_FIBRO","Fibroblast","PRJNA662018_PRJNA662018_P7T7","PRJNA662018","PRJNA662018_PRJNA662018_P7T7","MIBC",NA,NA,NA
"PRJNA662018_PRJNA662018_P7T7_CATCGGGTCGTCTGAA-1","/home/data/t070721/codex_workspace/Bladder Metabolism/subtype/round3/02_reclustering/Mural/Mural_round3_reclustered_preannotation.qs2","4","MOVE_MURAL_TO_FIBRO","Fibroblast","PRJNA662018_PRJNA662018_P7T7","PRJNA662018","PRJNA662018_PRJNA662018_P7T7","MIBC",NA,NA,NA
"PRJNA662018_PRJNA662018_P7T7_CCATGTCTCAACTCTT-1","/home/data/t070721/codex_workspace/Bladder Metabolism/subtype/round3/02_reclustering/Mural/Mural_round3_reclustered_preannotation.qs2","4","MOVE_MURAL_TO_FIBRO","Fibroblast","PRJNA662018_PRJNA662018_P7T7","PRJNA662018","PRJNA662018_PRJNA662018_P7T7","MIBC",NA,NA,NA
"PRJNA662018_PRJNA662018_P7T7_CCGTACTGTGTTTGGT-1","/home/data/t070721/codex_workspace/Bladder Metabolism/subtype/round3/02_reclustering/Mural/Mural_round3_reclustered_preannotation.qs2","4","MOVE_MURAL_TO_FIBRO","Fibroblast","PRJNA662018_PRJNA662018_P7T7","PRJNA662018","PRJNA662018_PRJNA662018_P7T7","MIBC",NA,NA,NA
"PRJNA662018_PRJNA662018_P7T7_CCTAGCTCAAGGCTCC-1","/home/data/t070721/codex_workspace/Bladder Metabolism/subtype/round3/02_reclustering/Mural/Mural_round3_reclustered_preannotation.qs2","4","MOVE_MURAL_TO_FIBRO","Fibroblast","PRJNA662018_PRJNA662018_P7T7","PRJNA662018","PRJNA662018_PRJNA662018_P7T7","MIBC",NA,NA,NA
"PRJNA662018_PRJNA662018_P7T7_CGACTTCTCGGGAGTA-1","/home/data/t070721/codex_workspace/Bladder Metabolism/subtype/round3/02_reclustering/Mural/Mural_round3_reclustered_preannotation.qs2","4","MOVE_MURAL_TO_FIBRO","Fibroblast","PRJNA662018_PRJNA662018_P7T7","PRJNA662018","PRJNA662018_PRJNA662018_P7T7","MIBC",NA,NA,NA
"PRJNA662018_PRJNA662018_P7T7_CGCTTCAGTCTCATCC-1","/home/data/t070721/codex_workspace/Bladder Metabolism/subtype/round3/02_reclustering/Mural/Mural_round3_reclustered_preannotation.qs2","4","MOVE_MURAL_TO_FIBRO","Fibroblast","PRJNA662018_PRJNA662018_P7T7","PRJNA662018","PRJNA662018_PRJNA662018_P7T7","MIBC",NA,NA,NA
"PRJNA662018_PRJNA662018_P7T7_CGGTTAATCTCTAAGG-1","/home/data/t070721/codex_workspace/Bladder Metabolism/subtype/round3/02_reclustering/Mural/Mural_round3_reclustered_preannotation.qs2","4","MOVE_MURAL_TO_FIBRO","Fibroblast","PRJNA662018_PRJNA662018_P7T7","PRJNA662018","PRJNA662018_PRJNA662018_P7T7","MIBC",NA,NA,NA
"PRJNA662018_PRJNA662018_P7T7_CTAGTGATCTATCCCG-1","/home/data/t070721/codex_workspace/Bladder Metabolism/subtype/round3/02_reclustering/Mural/Mural_round3_reclustered_preannotation.qs2","4","MOVE_MURAL_TO_FIBRO","Fibroblast","PRJNA662018_PRJNA662018_P7T7","PRJNA662018","PRJNA662018_PRJNA662018_P7T7","MIBC",NA,NA,NA
"PRJNA662018_PRJNA662018_P7T7_GAACCTATCCGCAGTG-1","/home/data/t070721/codex_workspace/Bladder Metabolism/subtype/round3/02_reclustering/Mural/Mural_round3_reclustered_preannotation.qs2","4","MOVE_MURAL_TO_FIBRO","Fibroblast","PRJNA662018_PRJNA662018_P7T7","PRJNA662018","PRJNA662018_PRJNA662018_P7T7","MIBC",NA,NA,NA
"PRJNA662018_PRJNA662018_P7T7_GAGCAGACACCGGAAA-1","/home/data/t070721/codex_workspace/Bladder Metabolism/subtype/round3/02_reclustering/Mural/Mural_round3_reclustered_preannotation.qs2","4","MOVE_MURAL_TO_FIBRO","Fibroblast","PRJNA662018_PRJNA662018_P7T7","PRJNA662018","PRJNA662018_PRJNA662018_P7T7","MIBC",NA,NA,NA
"PRJNA662018_PRJNA662018_P7T7_GATCGCGCAAACGTGG-1","/home/data/t070721/codex_workspace/Bladder Metabolism/subtype/round3/02_reclustering/Mural/Mural_round3_reclustered_preannotation.qs2","4","MOVE_MURAL_TO_FIBRO","Fibroblast","PRJNA662018_PRJNA662018_P7T7","PRJNA662018","PRJNA662018_PRJNA662018_P7T7","MIBC",NA,NA,NA
"PRJNA662018_PRJNA662018_P7T7_GCAATCAAGACTAGGC-1","/home/data/t070721/codex_workspace/Bladder Metabolism/subtype/round3/02_reclustering/Mural/Mural_round3_reclustered_preannotation.qs2","4","MOVE_MURAL_TO_FIBRO","Fibroblast","PRJNA662018_PRJNA662018_P7T7","PRJNA662018","PRJNA662018_PRJNA662018_P7T7","MIBC",NA,NA,NA
"PRJNA662018_PRJNA662018_P7T7_GCACATATCCCTTGCA-1","/home/data/t070721/codex_workspace/Bladder Metabolism/subtype/round3/02_reclustering/Mural/Mural_round3_reclustered_preannotation.qs2","4","MOVE_MURAL_TO_FIBRO","Fibroblast","PRJNA662018_PRJNA662018_P7T7","PRJNA662018","PRJNA662018_PRJNA662018_P7T7","MIBC",NA,NA,NA
"PRJNA662018_PRJNA662018_P7T7_GCATGTACATGCGCAC-1","/home/data/t070721/codex_workspace/Bladder Metabolism/subtype/round3/02_reclustering/Mural/Mural_round3_reclustered_preannotation.qs2","4","MOVE_MURAL_TO_FIBRO","Fibroblast","PRJNA662018_PRJNA662018_P7T7","PRJNA662018","PRJNA662018_PRJNA662018_P7T7","MIBC",NA,NA,NA
"PRJNA662018_PRJNA662018_P7T7_GCGAGAAGTCAAAGAT-1","/home/data/t070721/codex_workspace/Bladder Metabolism/subtype/round3/02_reclustering/Mural/Mural_round3_reclustered_preannotation.qs2","4","MOVE_MURAL_TO_FIBRO","Fibroblast","PRJNA662018_PRJNA662018_P7T7","PRJNA662018","PRJNA662018_PRJNA662018_P7T7","MIBC",NA,NA,NA
"PRJNA662018_PRJNA662018_P7T7_GGAACTTGTTGGGACA-1","/home/data/t070721/codex_workspace/Bladder Metabolism/subtype/round3/02_reclustering/Mural/Mural_round3_reclustered_preannotation.qs2","4","MOVE_MURAL_TO_FIBRO","Fibroblast","PRJNA662018_PRJNA662018_P7T7","PRJNA662018","PRJNA662018_PRJNA662018_P7T7","MIBC",NA,NA,NA
"PRJNA662018_PRJNA662018_P7T7_GGATTACAGTGTGGCA-1","/home/data/t070721/codex_workspace/Bladder Metabolism/subtype/round3/02_reclustering/Mural/Mural_round3_reclustered_preannotation.qs2","4","MOVE_MURAL_TO_FIBRO","Fibroblast","PRJNA662018_PRJNA662018_P7T7","PRJNA662018","PRJNA662018_PRJNA662018_P7T7","MIBC",NA,NA,NA
"PRJNA662018_PRJNA662018_P7T7_GTACGTAGTTCGCTAA-1","/home/data/t070721/codex_workspace/Bladder Metabolism/subtype/round3/02_reclustering/Mural/Mural_round3_reclustered_preannotation.qs2","4","MOVE_MURAL_TO_FIBRO","Fibroblast","PRJNA662018_PRJNA662018_P7T7","PRJNA662018","PRJNA662018_PRJNA662018_P7T7","MIBC",NA,NA,NA
"PRJNA662018_PRJNA662018_P7T7_GTCATTTGTATGGTTC-1","/home/data/t070721/codex_workspace/Bladder Metabolism/subtype/round3/02_reclustering/Mural/Mural_round3_reclustered_preannotation.qs2","4","MOVE_MURAL_TO_FIBRO","Fibroblast","PRJNA662018_PRJNA662018_P7T7","PRJNA662018","PRJNA662018_PRJNA662018_P7T7","MIBC",NA,NA,NA
"PRJNA662018_PRJNA662018_P7T7_GTTCGGGGTAGGGACT-1","/home/data/t070721/codex_workspace/Bladder Metabolism/subtype/round3/02_reclustering/Mural/Mural_round3_reclustered_preannotation.qs2","4","MOVE_MURAL_TO_FIBRO","Fibroblast","PRJNA662018_PRJNA662018_P7T7","PRJNA662018","PRJNA662018_PRJNA662018_P7T7","MIBC",NA,NA,NA
"PRJNA662018_PRJNA662018_P7T7_GTTTCTACACATCTTT-1","/home/data/t070721/codex_workspace/Bladder Metabolism/subtype/round3/02_reclustering/Mural/Mural_round3_reclustered_preannotation.qs2","4","MOVE_MURAL_TO_FIBRO","Fibroblast","PRJNA662018_PRJNA662018_P7T7","PRJNA662018","PRJNA662018_PRJNA662018_P7T7","MIBC",NA,NA,NA
"PRJNA662018_PRJNA662018_P7T7_GTTTCTATCGGGAGTA-1","/home/data/t070721/codex_workspace/Bladder Metabolism/subtype/round3/02_reclustering/Mural/Mural_round3_reclustered_preannotation.qs2","4","MOVE_MURAL_TO_FIBRO","Fibroblast","PRJNA662018_PRJNA662018_P7T7","PRJNA662018","PRJNA662018_PRJNA662018_P7T7","MIBC",NA,NA,NA
"PRJNA662018_PRJNA662018_P7T7_TCTTTCCTCATCGATG-1","/home/data/t070721/codex_workspace/Bladder Metabolism/subtype/round3/02_reclustering/Mural/Mural_round3_reclustered_preannotation.qs2","4","MOVE_MURAL_TO_FIBRO","Fibroblast","PRJNA662018_PRJNA662018_P7T7","PRJNA662018","PRJNA662018_PRJNA662018_P7T7","MIBC",NA,NA,NA
"PRJNA662018_PRJNA662018_P7T7_TGACTAGTCTTGCAAG-1","/home/data/t070721/codex_workspace/Bladder Metabolism/subtype/round3/02_reclustering/Mural/Mural_round3_reclustered_preannotation.qs2","4","MOVE_MURAL_TO_FIBRO","Fibroblast","PRJNA662018_PRJNA662018_P7T7","PRJNA662018","PRJNA662018_PRJNA662018_P7T7","MIBC",NA,NA,NA
"PRJNA662018_PRJNA662018_P7T7_TGAGAGGCAAACCCAT-1","/home/data/t070721/codex_workspace/Bladder Metabolism/subtype/round3/02_reclustering/Mural/Mural_round3_reclustered_preannotation.qs2","4","MOVE_MURAL_TO_FIBRO","Fibroblast","PRJNA662018_PRJNA662018_P7T7","PRJNA662018","PRJNA662018_PRJNA662018_P7T7","MIBC",NA,NA,NA
"PRJNA662018_PRJNA662018_P7T7_TGCCCTACATTGTGCA-1","/home/data/t070721/codex_workspace/Bladder Metabolism/subtype/round3/02_reclustering/Mural/Mural_round3_reclustered_preannotation.qs2","4","MOVE_MURAL_TO_FIBRO","Fibroblast","PRJNA662018_PRJNA662018_P7T7","PRJNA662018","PRJNA662018_PRJNA662018_P7T7","MIBC",NA,NA,NA
"PRJNA662018_PRJNA662018_P7T7_TGGTTCCTCGTAGATC-1","/home/data/t070721/codex_workspace/Bladder Metabolism/subtype/round3/02_reclustering/Mural/Mural_round3_reclustered_preannotation.qs2","4","MOVE_MURAL_TO_FIBRO","Fibroblast","PRJNA662018_PRJNA662018_P7T7","PRJNA662018","PRJNA662018_PRJNA662018_P7T7","MIBC",NA,NA,NA
"PRJNA662018_PRJNA662018_P7T7_TTTATGCGTTGATTCG-1","/home/data/t070721/codex_workspace/Bladder Metabolism/subtype/round3/02_reclustering/Mural/Mural_round3_reclustered_preannotation.qs2","4","MOVE_MURAL_TO_FIBRO","Fibroblast","PRJNA662018_PRJNA662018_P7T7","PRJNA662018","PRJNA662018_PRJNA662018_P7T7","MIBC",NA,NA,NA
"PRJNA662018_PRJNA662018_P8T8_ACAGCTAGTAGTACCT-1","/home/data/t070721/codex_workspace/Bladder Metabolism/subtype/round3/02_reclustering/Mural/Mural_round3_reclustered_preannotation.qs2","4","MOVE_MURAL_TO_FIBRO","Fibroblast","PRJNA662018_PRJNA662018_P8T8","PRJNA662018","PRJNA662018_PRJNA662018_P8T8","MIBC",NA,NA,NA
"PRJNA662018_PRJNA662018_P8T8_ATCATGGAGCACCGTC-1","/home/data/t070721/codex_workspace/Bladder Metabolism/subtype/round3/02_reclustering/Mural/Mural_round3_reclustered_preannotation.qs2","4","MOVE_MURAL_TO_FIBRO","Fibroblast","PRJNA662018_PRJNA662018_P8T8","PRJNA662018","PRJNA662018_PRJNA662018_P8T8","MIBC",NA,NA,NA
"PRJNA662018_PRJNA662018_P8T8_ATGCGATAGCAGGTCA-1","/home/data/t070721/codex_workspace/Bladder Metabolism/subtype/round3/02_reclustering/Mural/Mural_round3_reclustered_preannotation.qs2","4","MOVE_MURAL_TO_FIBRO","Fibroblast","PRJNA662018_PRJNA662018_P8T8","PRJNA662018","PRJNA662018_PRJNA662018_P8T8","MIBC",NA,NA,NA
"PRJNA662018_PRJNA662018_P8T8_CACTCCATCCTCCTAG-1","/home/data/t070721/codex_workspace/Bladder Metabolism/subtype/round3/02_reclustering/Mural/Mural_round3_reclustered_preannotation.qs2","4","MOVE_MURAL_TO_FIBRO","Fibroblast","PRJNA662018_PRJNA662018_P8T8","PRJNA662018","PRJNA662018_PRJNA662018_P8T8","MIBC",NA,NA,NA
"PRJNA662018_PRJNA662018_P8T8_CCGTGGACAGAGCCAA-1","/home/data/t070721/codex_workspace/Bladder Metabolism/subtype/round3/02_reclustering/Mural/Mural_round3_reclustered_preannotation.qs2","4","MOVE_MURAL_TO_FIBRO","Fibroblast","PRJNA662018_PRJNA662018_P8T8","PRJNA662018","PRJNA662018_PRJNA662018_P8T8","MIBC",NA,NA,NA
"PRJNA662018_PRJNA662018_P8T8_CGTCAGGCACGGACAA-1","/home/data/t070721/codex_workspace/Bladder Metabolism/subtype/round3/02_reclustering/Mural/Mural_round3_reclustered_preannotation.qs2","4","MOVE_MURAL_TO_FIBRO","Fibroblast","PRJNA662018_PRJNA662018_P8T8","PRJNA662018","PRJNA662018_PRJNA662018_P8T8","MIBC",NA,NA,NA
"PRJNA662018_PRJNA662018_P8T8_CGTGTAAGTTCTGGTA-1","/home/data/t070721/codex_workspace/Bladder Metabolism/subtype/round3/02_reclustering/Mural/Mural_round3_reclustered_preannotation.qs2","4","MOVE_MURAL_TO_FIBRO","Fibroblast","PRJNA662018_PRJNA662018_P8T8","PRJNA662018","PRJNA662018_PRJNA662018_P8T8","MIBC",NA,NA,NA
"PRJNA662018_PRJNA662018_P8T8_TACTTACGTGACCAAG-1","/home/data/t070721/codex_workspace/Bladder Metabolism/subtype/round3/02_reclustering/Mural/Mural_round3_reclustered_preannotation.qs2","4","MOVE_MURAL_TO_FIBRO","Fibroblast","PRJNA662018_PRJNA662018_P8T8","PRJNA662018","PRJNA662018_PRJNA662018_P8T8","MIBC",NA,NA,NA
"PRJNA662018_PRJNA662018_P8T8_TGACGGCGTGGTAACG-1","/home/data/t070721/codex_workspace/Bladder Metabolism/subtype/round3/02_reclustering/Mural/Mural_round3_reclustered_preannotation.qs2","4","MOVE_MURAL_TO_FIBRO","Fibroblast","PRJNA662018_PRJNA662018_P8T8","PRJNA662018","PRJNA662018_PRJNA662018_P8T8","MIBC",NA,NA,NA
"GSE326225_AGGTCCGTCCTATGTT-1_1_1_1","/home/data/t070721/codex_workspace/Bladder Metabolism/subtype/round3/02_reclustering/Mural/Mural_round3_reclustered_preannotation.qs2","15","MOVE_MURAL_TO_FIBRO","Fibroblast","GSE326225_BC1","GSE326225",NA,"MIBC",NA,NA,NA
"HRA003620_TCCGAAAGTGCAGATG-1_2_1","/home/data/t070721/codex_workspace/Bladder Metabolism/subtype/round3/02_reclustering/Mural/Mural_round3_reclustered_preannotation.qs2","15","MOVE_MURAL_TO_FIBRO","Fibroblast","HRA003620_NC-24","HRA003620",NA,"Normal","Normal","Normal","Normal"
"HRA003620_CTCCGATCAGTAGAAT-1_1","/home/data/t070721/codex_workspace/Bladder Metabolism/subtype/round3/02_reclustering/Mural/Mural_round3_reclustered_preannotation.qs2","15","MOVE_MURAL_TO_FIBRO","Fibroblast","HRA003620_NC-27","HRA003620",NA,"Normal","Normal","Normal","Normal"
"InhouseData_T4091568_CAGAGCCGTCGTACAT-1","/home/data/t070721/codex_workspace/Bladder Metabolism/subtype/round3/02_reclustering/Mural/Mural_round3_reclustered_preannotation.qs2","15","MOVE_MURAL_TO_FIBRO","Fibroblast","T4091568","InhouseData",NA,"MIBC","T4",NA,NA
"PRJNA662018_PRJNA662018_P2T2_ACACCGGCAGTCGATT-1","/home/data/t070721/codex_workspace/Bladder Metabolism/subtype/round3/02_reclustering/Mural/Mural_round3_reclustered_preannotation.qs2","15","MOVE_MURAL_TO_FIBRO","Fibroblast","PRJNA662018_PRJNA662018_P2T2","PRJNA662018","PRJNA662018_PRJNA662018_P2T2","NMIBC",NA,NA,NA
"PRJNA662018_PRJNA662018_P2T2_ACATGGTCACGGACAA-1","/home/data/t070721/codex_workspace/Bladder Metabolism/subtype/round3/02_reclustering/Mural/Mural_round3_reclustered_preannotation.qs2","15","MOVE_MURAL_TO_FIBRO","Fibroblast","PRJNA662018_PRJNA662018_P2T2","PRJNA662018","PRJNA662018_PRJNA662018_P2T2","NMIBC",NA,NA,NA
"PRJNA662018_PRJNA662018_P2T2_AGTCTTTCAGTTCCCT-1","/home/data/t070721/codex_workspace/Bladder Metabolism/subtype/round3/02_reclustering/Mural/Mural_round3_reclustered_preannotation.qs2","15","MOVE_MURAL_TO_FIBRO","Fibroblast","PRJNA662018_PRJNA662018_P2T2","PRJNA662018","PRJNA662018_PRJNA662018_P2T2","NMIBC",NA,NA,NA
"PRJNA662018_PRJNA662018_P2T2_CTGCCTAAGAGCAATT-1","/home/data/t070721/codex_workspace/Bladder Metabolism/subtype/round3/02_reclustering/Mural/Mural_round3_reclustered_preannotation.qs2","15","MOVE_MURAL_TO_FIBRO","Fibroblast","PRJNA662018_PRJNA662018_P2T2","PRJNA662018","PRJNA662018_PRJNA662018_P2T2","NMIBC",NA,NA,NA
"PRJNA662018_PRJNA662018_P2T2_GTGTGCGAGATTACCC-1","/home/data/t070721/codex_workspace/Bladder Metabolism/subtype/round3/02_reclustering/Mural/Mural_round3_reclustered_preannotation.qs2","15","MOVE_MURAL_TO_FIBRO","Fibroblast","PRJNA662018_PRJNA662018_P2T2","PRJNA662018","PRJNA662018_PRJNA662018_P2T2","NMIBC",NA,NA,NA
"PRJNA662018_PRJNA662018_P2T2_TAAGCGTAGTCTTGCA-1","/home/data/t070721/codex_workspace/Bladder Metabolism/subtype/round3/02_reclustering/Mural/Mural_round3_reclustered_preannotation.qs2","15","MOVE_MURAL_TO_FIBRO","Fibroblast","PRJNA662018_PRJNA662018_P2T2","PRJNA662018","PRJNA662018_PRJNA662018_P2T2","NMIBC",NA,NA,NA
"PRJNA662018_PRJNA662018_P3N3_CATTCGCCATGGGACA-1","/home/data/t070721/codex_workspace/Bladder Metabolism/subtype/round3/02_reclustering/Mural/Mural_round3_reclustered_preannotation.qs2","15","MOVE_MURAL_TO_FIBRO","Fibroblast","PRJNA662018_PRJNA662018_P3N3","PRJNA662018","PRJNA662018_PRJNA662018_P3N3","Normal","Normal","Normal","Normal"
"PRJNA662018_PRJNA662018_P3T3_ATTCTACCAGGTTTCA-1","/home/data/t070721/codex_workspace/Bladder Metabolism/subtype/round3/02_reclustering/Mural/Mural_round3_reclustered_preannotation.qs2","15","MOVE_MURAL_TO_FIBRO","Fibroblast","PRJNA662018_PRJNA662018_P3T3","PRJNA662018","PRJNA662018_PRJNA662018_P3T3","NMIBC",NA,NA,NA
"PRJNA662018_PRJNA662018_P3T3_CCTTTCTCAGATCTGT-1","/home/data/t070721/codex_workspace/Bladder Metabolism/subtype/round3/02_reclustering/Mural/Mural_round3_reclustered_preannotation.qs2","15","MOVE_MURAL_TO_FIBRO","Fibroblast","PRJNA662018_PRJNA662018_P3T3","PRJNA662018","PRJNA662018_PRJNA662018_P3T3","NMIBC",NA,NA,NA
"PRJNA662018_PRJNA662018_P3T3_CTAAGACTCATACGGT-1","/home/data/t070721/codex_workspace/Bladder Metabolism/subtype/round3/02_reclustering/Mural/Mural_round3_reclustered_preannotation.qs2","15","MOVE_MURAL_TO_FIBRO","Fibroblast","PRJNA662018_PRJNA662018_P3T3","PRJNA662018","PRJNA662018_PRJNA662018_P3T3","NMIBC",NA,NA,NA
"PRJNA662018_PRJNA662018_P3T3_TTAGGCAAGGGCACTA-1","/home/data/t070721/codex_workspace/Bladder Metabolism/subtype/round3/02_reclustering/Mural/Mural_round3_reclustered_preannotation.qs2","15","MOVE_MURAL_TO_FIBRO","Fibroblast","PRJNA662018_PRJNA662018_P3T3","PRJNA662018","PRJNA662018_PRJNA662018_P3T3","NMIBC",NA,NA,NA
"PRJNA662018_PRJNA662018_P4T4_ATCGAGTCACCAGATT-1","/home/data/t070721/codex_workspace/Bladder Metabolism/subtype/round3/02_reclustering/Mural/Mural_round3_reclustered_preannotation.qs2","15","MOVE_MURAL_TO_FIBRO","Fibroblast","PRJNA662018_PRJNA662018_P4T4","PRJNA662018","PRJNA662018_PRJNA662018_P4T4","NMIBC",NA,NA,NA
"PRJNA662018_PRJNA662018_P5T5_ACACTGATCGCTTAGA-1","/home/data/t070721/codex_workspace/Bladder Metabolism/subtype/round3/02_reclustering/Mural/Mural_round3_reclustered_preannotation.qs2","15","MOVE_MURAL_TO_FIBRO","Fibroblast","PRJNA662018_PRJNA662018_P5T5","PRJNA662018","PRJNA662018_PRJNA662018_P5T5","MIBC",NA,NA,NA
"PRJNA662018_PRJNA662018_P5T5_CATCAAGGTCTCTCGT-1","/home/data/t070721/codex_workspace/Bladder Metabolism/subtype/round3/02_reclustering/Mural/Mural_round3_reclustered_preannotation.qs2","15","MOVE_MURAL_TO_FIBRO","Fibroblast","PRJNA662018_PRJNA662018_P5T5","PRJNA662018","PRJNA662018_PRJNA662018_P5T5","MIBC",NA,NA,NA
"PRJNA662018_PRJNA662018_P6N2_AGTAGTCGTAAACACA-1","/home/data/t070721/codex_workspace/Bladder Metabolism/subtype/round3/02_reclustering/Mural/Mural_round3_reclustered_preannotation.qs2","15","MOVE_MURAL_TO_FIBRO","Fibroblast","PRJNA662018_PRJNA662018_P6N2","PRJNA662018","PRJNA662018_PRJNA662018_P6N2","Normal","Normal","Normal","Normal"
"PRJNA662018_PRJNA662018_P6N2_CTAACTTGTATAAACG-1","/home/data/t070721/codex_workspace/Bladder Metabolism/subtype/round3/02_reclustering/Mural/Mural_round3_reclustered_preannotation.qs2","15","MOVE_MURAL_TO_FIBRO","Fibroblast","PRJNA662018_PRJNA662018_P6N2","PRJNA662018","PRJNA662018_PRJNA662018_P6N2","Normal","Normal","Normal","Normal"
"PRJNA662018_PRJNA662018_P6N2_TACGGGCGTGACCAAG-1","/home/data/t070721/codex_workspace/Bladder Metabolism/subtype/round3/02_reclustering/Mural/Mural_round3_reclustered_preannotation.qs2","15","MOVE_MURAL_TO_FIBRO","Fibroblast","PRJNA662018_PRJNA662018_P6N2","PRJNA662018","PRJNA662018_PRJNA662018_P6N2","Normal","Normal","Normal","Normal"
"PRJNA662018_PRJNA662018_P7T7_AACCATGTCCGCAAGC-1","/home/data/t070721/codex_workspace/Bladder Metabolism/subtype/round3/02_reclustering/Mural/Mural_round3_reclustered_preannotation.qs2","15","MOVE_MURAL_TO_FIBRO","Fibroblast","PRJNA662018_PRJNA662018_P7T7","PRJNA662018","PRJNA662018_PRJNA662018_P7T7","MIBC",NA,NA,NA
"PRJNA662018_PRJNA662018_P7T7_TAAGAGACATTGGTAC-1","/home/data/t070721/codex_workspace/Bladder Metabolism/subtype/round3/02_reclustering/Mural/Mural_round3_reclustered_preannotation.qs2","15","MOVE_MURAL_TO_FIBRO","Fibroblast","PRJNA662018_PRJNA662018_P7T7","PRJNA662018","PRJNA662018_PRJNA662018_P7T7","MIBC",NA,NA,NA
