"cluster","group","n_cells","resolution","role","field","within_cluster_fraction"
"0","CNP0000460",9953,0.2,"dataset","dataset",0.241127019890011
"1","CNP0000460",1,0.2,"dataset","dataset",3.44459371017189e-05
"2","CNP0000460",2541,0.2,"dataset","dataset",0.154
"3","CNP0000460",1240,0.2,"dataset","dataset",0.111862877762742
"4","CNP0000460",2961,0.2,"dataset","dataset",0.288849868305531
"5","CNP0000460",0,0.2,"dataset","dataset",0
"6","CNP0000460",1489,0.2,"dataset","dataset",0.202971646673937
"0","GSE326225",1628,0.2,"dataset","dataset",0.0394408508370279
"1","GSE326225",5,0.2,"dataset","dataset",0.000172229685508594
"2","GSE326225",1598,0.2,"dataset","dataset",0.0968484848484849
"3","GSE326225",337,0.2,"dataset","dataset",0.0304014433919711
"4","GSE326225",507,0.2,"dataset","dataset",0.0494585894059116
"5","GSE326225",8,0.2,"dataset","dataset",0.000863371465573063
"6","GSE326225",164,0.2,"dataset","dataset",0.0223555070883315
"0","HRA003620",18635,0.2,"dataset","dataset",0.451462073309591
"1","HRA003620",9,0.2,"dataset","dataset",0.00031001343391547
"2","HRA003620",10399,0.2,"dataset","dataset",0.630242424242424
"3","HRA003620",3379,0.2,"dataset","dataset",0.304826341903473
"4","HRA003620",4111,0.2,"dataset","dataset",0.40103404545898
"5","HRA003620",3,0.2,"dataset","dataset",0.000323764299589899
"6","HRA003620",4094,0.2,"dataset","dataset",0.558069792802617
"0","InhouseData",677,0.2,"dataset","dataset",0.016401385759624
"1","InhouseData",29016,0.2,"dataset","dataset",0.999483310943474
"2","InhouseData",18,0.2,"dataset","dataset",0.00109090909090909
"3","InhouseData",4537,0.2,"dataset","dataset",0.409291835814163
"4","InhouseData",239,0.2,"dataset","dataset",0.0233147985562384
"5","InhouseData",9254,0.2,"dataset","dataset",0.99870494280164
"6","InhouseData",224,0.2,"dataset","dataset",0.0305343511450382
"0","PRJNA662018",10384,0.2,"dataset","dataset",0.251568670203745
"1","PRJNA662018",0,0.2,"dataset","dataset",0
"2","PRJNA662018",1944,0.2,"dataset","dataset",0.117818181818182
"3","PRJNA662018",1592,0.2,"dataset","dataset",0.14361750112765
"4","PRJNA662018",2433,0.2,"dataset","dataset",0.237342698273339
"5","PRJNA662018",1,0.2,"dataset","dataset",0.000107921433196633
"6","PRJNA662018",1365,0.2,"dataset","dataset",0.186068702290076
"0","CNP0000460_P01N",1262,0.2,"specimen_orig_ident","orig.ident",0.0305739273687526
"1","CNP0000460_P01N",0,0.2,"specimen_orig_ident","orig.ident",0
"2","CNP0000460_P01N",287,0.2,"specimen_orig_ident","orig.ident",0.0173939393939394
"3","CNP0000460_P01N",166,0.2,"specimen_orig_ident","orig.ident",0.0149751917004962
"4","CNP0000460_P01N",169,0.2,"specimen_orig_ident","orig.ident",0.0164861964686372
"5","CNP0000460_P01N",0,0.2,"specimen_orig_ident","orig.ident",0
"6","CNP0000460_P01N",96,0.2,"specimen_orig_ident","orig.ident",0.0130861504907306
"0","CNP0000460_P01T",164,0.2,"specimen_orig_ident","orig.ident",0.00397315696392664
"1","CNP0000460_P01T",0,0.2,"specimen_orig_ident","orig.ident",0
"2","CNP0000460_P01T",268,0.2,"specimen_orig_ident","orig.ident",0.0162424242424242
"3","CNP0000460_P01T",36,0.2,"specimen_orig_ident","orig.ident",0.00324763193504736
"4","CNP0000460_P01T",69,0.2,"specimen_orig_ident","orig.ident",0.00673105062920691
"5","CNP0000460_P01T",0,0.2,"specimen_orig_ident","orig.ident",0
"6","CNP0000460_P01T",22,0.2,"specimen_orig_ident","orig.ident",0.00299890948745911
"0","CNP0000460_P02N",1251,0.2,"specimen_orig_ident","orig.ident",0.0303074351333673
"1","CNP0000460_P02N",0,0.2,"specimen_orig_ident","orig.ident",0
"2","CNP0000460_P02N",45,0.2,"specimen_orig_ident","orig.ident",0.00272727272727273
"3","CNP0000460_P02N",35,0.2,"specimen_orig_ident","orig.ident",0.0031574199368516
"4","CNP0000460_P02N",270,0.2,"specimen_orig_ident","orig.ident",0.0263388937664618
"5","CNP0000460_P02N",0,0.2,"specimen_orig_ident","orig.ident",0
"6","CNP0000460_P02N",216,0.2,"specimen_orig_ident","orig.ident",0.0294438386041439
"0","CNP0000460_P02T",930,0.2,"specimen_orig_ident","orig.ident",0.0225307071734864
"1","CNP0000460_P02T",0,0.2,"specimen_orig_ident","orig.ident",0
"2","CNP0000460_P02T",87,0.2,"specimen_orig_ident","orig.ident",0.00527272727272727
"3","CNP0000460_P02T",64,0.2,"specimen_orig_ident","orig.ident",0.00577356788452864
"4","CNP0000460_P02T",497,0.2,"specimen_orig_ident","orig.ident",0.0484830748219686
"5","CNP0000460_P02T",0,0.2,"specimen_orig_ident","orig.ident",0
"6","CNP0000460_P02T",279,0.2,"specimen_orig_ident","orig.ident",0.0380316248636859
"0","CNP0000460_P03N",1200,0.2,"specimen_orig_ident","orig.ident",0.0290718802238535
"1","CNP0000460_P03N",0,0.2,"specimen_orig_ident","orig.ident",0
"2","CNP0000460_P03N",239,0.2,"specimen_orig_ident","orig.ident",0.0144848484848485
"3","CNP0000460_P03N",189,0.2,"specimen_orig_ident","orig.ident",0.0170500676589986
"4","CNP0000460_P03N",334,0.2,"specimen_orig_ident","orig.ident",0.0325821871036972
"5","CNP0000460_P03N",0,0.2,"specimen_orig_ident","orig.ident",0
"6","CNP0000460_P03N",164,0.2,"specimen_orig_ident","orig.ident",0.0223555070883315
"0","CNP0000460_P03T",1561,0.2,"specimen_orig_ident","orig.ident",0.0378176708578627
"1","CNP0000460_P03T",0,0.2,"specimen_orig_ident","orig.ident",0
"2","CNP0000460_P03T",141,0.2,"specimen_orig_ident","orig.ident",0.00854545454545455
"3","CNP0000460_P03T",171,0.2,"specimen_orig_ident","orig.ident",0.015426251691475
"4","CNP0000460_P03T",200,0.2,"specimen_orig_ident","orig.ident",0.0195102916788606
"5","CNP0000460_P03T",0,0.2,"specimen_orig_ident","orig.ident",0
"6","CNP0000460_P03T",114,0.2,"specimen_orig_ident","orig.ident",0.0155398037077426
"0","CNP0000460_P04T",1178,0.2,"specimen_orig_ident","orig.ident",0.0285388957530828
"1","CNP0000460_P04T",0,0.2,"specimen_orig_ident","orig.ident",0
"2","CNP0000460_P04T",542,0.2,"specimen_orig_ident","orig.ident",0.0328484848484848
"3","CNP0000460_P04T",144,0.2,"specimen_orig_ident","orig.ident",0.0129905277401894
"4","CNP0000460_P04T",341,0.2,"specimen_orig_ident","orig.ident",0.0332650473124573
"5","CNP0000460_P04T",0,0.2,"specimen_orig_ident","orig.ident",0
"6","CNP0000460_P04T",220,0.2,"specimen_orig_ident","orig.ident",0.0299890948745911
"0","CNP0000460_P05N",274,0.2,"specimen_orig_ident","orig.ident",0.00663807931777988
"1","CNP0000460_P05N",0,0.2,"specimen_orig_ident","orig.ident",0
"2","CNP0000460_P05N",33,0.2,"specimen_orig_ident","orig.ident",0.002
"3","CNP0000460_P05N",34,0.2,"specimen_orig_ident","orig.ident",0.00306720793865584
"4","CNP0000460_P05N",45,0.2,"specimen_orig_ident","orig.ident",0.00438981562774363
"5","CNP0000460_P05N",0,0.2,"specimen_orig_ident","orig.ident",0
"6","CNP0000460_P05N",25,0.2,"specimen_orig_ident","orig.ident",0.00340785169029444
"0","CNP0000460_P05T",359,0.2,"specimen_orig_ident","orig.ident",0.00869733750030283
"1","CNP0000460_P05T",0,0.2,"specimen_orig_ident","orig.ident",0
"2","CNP0000460_P05T",69,0.2,"specimen_orig_ident","orig.ident",0.00418181818181818
"3","CNP0000460_P05T",37,0.2,"specimen_orig_ident","orig.ident",0.00333784393324312
"4","CNP0000460_P05T",229,0.2,"specimen_orig_ident","orig.ident",0.0223392839722954
"5","CNP0000460_P05T",0,0.2,"specimen_orig_ident","orig.ident",0
"6","CNP0000460_P05T",45,0.2,"specimen_orig_ident","orig.ident",0.00613413304252999
"0","CNP0000460_P06T",804,0.2,"specimen_orig_ident","orig.ident",0.0194781597499818
"1","CNP0000460_P06T",1,0.2,"specimen_orig_ident","orig.ident",3.44459371017189e-05
"2","CNP0000460_P06T",734,0.2,"specimen_orig_ident","orig.ident",0.0444848484848485
"3","CNP0000460_P06T",146,0.2,"specimen_orig_ident","orig.ident",0.013170951736581
"4","CNP0000460_P06T",475,0.2,"specimen_orig_ident","orig.ident",0.0463369427372939
"5","CNP0000460_P06T",0,0.2,"specimen_orig_ident","orig.ident",0
"6","CNP0000460_P06T",221,0.2,"specimen_orig_ident","orig.ident",0.0301254089422028
"0","CNP0000460_P07N",723,0.2,"specimen_orig_ident","orig.ident",0.0175158078348717
"1","CNP0000460_P07N",0,0.2,"specimen_orig_ident","orig.ident",0
"2","CNP0000460_P07N",75,0.2,"specimen_orig_ident","orig.ident",0.00454545454545455
"3","CNP0000460_P07N",135,0.2,"specimen_orig_ident","orig.ident",0.0121786197564276
"4","CNP0000460_P07N",86,0.2,"specimen_orig_ident","orig.ident",0.00838942542191006
"5","CNP0000460_P07N",0,0.2,"specimen_orig_ident","orig.ident",0
"6","CNP0000460_P07N",54,0.2,"specimen_orig_ident","orig.ident",0.00736095965103599
"0","CNP0000460_P07T",247,0.2,"specimen_orig_ident","orig.ident",0.00598396201274317
"1","CNP0000460_P07T",0,0.2,"specimen_orig_ident","orig.ident",0
"2","CNP0000460_P07T",21,0.2,"specimen_orig_ident","orig.ident",0.00127272727272727
"3","CNP0000460_P07T",83,0.2,"specimen_orig_ident","orig.ident",0.00748759585024808
"4","CNP0000460_P07T",246,0.2,"specimen_orig_ident","orig.ident",0.0239976587649985
"5","CNP0000460_P07T",0,0.2,"specimen_orig_ident","orig.ident",0
"6","CNP0000460_P07T",33,0.2,"specimen_orig_ident","orig.ident",0.00449836423118866
"0","GSE326225_BC1",7,0.2,"specimen_orig_ident","orig.ident",0.000169585967972479
"1","GSE326225_BC1",0,0.2,"specimen_orig_ident","orig.ident",0
"2","GSE326225_BC1",9,0.2,"specimen_orig_ident","orig.ident",0.000545454545454545
"3","GSE326225_BC1",4,0.2,"specimen_orig_ident","orig.ident",0.00036084799278304
"4","GSE326225_BC1",4,0.2,"specimen_orig_ident","orig.ident",0.000390205833577212
"5","GSE326225_BC1",0,0.2,"specimen_orig_ident","orig.ident",0
"6","GSE326225_BC1",0,0.2,"specimen_orig_ident","orig.ident",0
"0","GSE326225_BC2",9,0.2,"specimen_orig_ident","orig.ident",0.000218039101678901
"1","GSE326225_BC2",0,0.2,"specimen_orig_ident","orig.ident",0
"2","GSE326225_BC2",9,0.2,"specimen_orig_ident","orig.ident",0.000545454545454545
"3","GSE326225_BC2",12,0.2,"specimen_orig_ident","orig.ident",0.00108254397834912
"4","GSE326225_BC2",2,0.2,"specimen_orig_ident","orig.ident",0.000195102916788606
"5","GSE326225_BC2",0,0.2,"specimen_orig_ident","orig.ident",0
"6","GSE326225_BC2",0,0.2,"specimen_orig_ident","orig.ident",0
"0","GSE326225_BC3",97,0.2,"specimen_orig_ident","orig.ident",0.00234997698476149
"1","GSE326225_BC3",5,0.2,"specimen_orig_ident","orig.ident",0.000172229685508594
"2","GSE326225_BC3",15,0.2,"specimen_orig_ident","orig.ident",0.000909090909090909
"3","GSE326225_BC3",12,0.2,"specimen_orig_ident","orig.ident",0.00108254397834912
"4","GSE326225_BC3",24,0.2,"specimen_orig_ident","orig.ident",0.00234123500146327
"5","GSE326225_BC3",1,0.2,"specimen_orig_ident","orig.ident",0.000107921433196633
"6","GSE326225_BC3",4,0.2,"specimen_orig_ident","orig.ident",0.00054525627044711
"0","GSE326225_BC4",774,0.2,"specimen_orig_ident","orig.ident",0.0187513627443855
"1","GSE326225_BC4",0,0.2,"specimen_orig_ident","orig.ident",0
"2","GSE326225_BC4",1384,0.2,"specimen_orig_ident","orig.ident",0.0838787878787879
"3","GSE326225_BC4",204,0.2,"specimen_orig_ident","orig.ident",0.018403247631935
"4","GSE326225_BC4",329,0.2,"specimen_orig_ident","orig.ident",0.0320944298117257
"5","GSE326225_BC4",2,0.2,"specimen_orig_ident","orig.ident",0.000215842866393266
"6","GSE326225_BC4",107,0.2,"specimen_orig_ident","orig.ident",0.0145856052344602
"0","GSE326225_BC5",2,0.2,"specimen_orig_ident","orig.ident",4.84531337064225e-05
"1","GSE326225_BC5",0,0.2,"specimen_orig_ident","orig.ident",0
"2","GSE326225_BC5",0,0.2,"specimen_orig_ident","orig.ident",0
"3","GSE326225_BC5",1,0.2,"specimen_orig_ident","orig.ident",9.021199819576e-05
"4","GSE326225_BC5",0,0.2,"specimen_orig_ident","orig.ident",0
"5","GSE326225_BC5",0,0.2,"specimen_orig_ident","orig.ident",0
"6","GSE326225_BC5",0,0.2,"specimen_orig_ident","orig.ident",0
"0","GSE326225_BC6",227,0.2,"specimen_orig_ident","orig.ident",0.00549943067567895
"1","GSE326225_BC6",0,0.2,"specimen_orig_ident","orig.ident",0
"2","GSE326225_BC6",96,0.2,"specimen_orig_ident","orig.ident",0.00581818181818182
"3","GSE326225_BC6",40,0.2,"specimen_orig_ident","orig.ident",0.0036084799278304
"4","GSE326225_BC6",106,0.2,"specimen_orig_ident","orig.ident",0.0103404545897961
"5","GSE326225_BC6",5,0.2,"specimen_orig_ident","orig.ident",0.000539607165983164
"6","GSE326225_BC6",38,0.2,"specimen_orig_ident","orig.ident",0.00517993456924755
"0","GSE326225_BC7",203,0.2,"specimen_orig_ident","orig.ident",0.00491799307120188
"1","GSE326225_BC7",0,0.2,"specimen_orig_ident","orig.ident",0
"2","GSE326225_BC7",36,0.2,"specimen_orig_ident","orig.ident",0.00218181818181818
"3","GSE326225_BC7",10,0.2,"specimen_orig_ident","orig.ident",0.0009021199819576
"4","GSE326225_BC7",5,0.2,"specimen_orig_ident","orig.ident",0.000487757291971515
"5","GSE326225_BC7",0,0.2,"specimen_orig_ident","orig.ident",0
"6","GSE326225_BC7",1,0.2,"specimen_orig_ident","orig.ident",0.000136314067611778
"0","GSE326225_BC8",309,0.2,"specimen_orig_ident","orig.ident",0.00748600915764227
"1","GSE326225_BC8",0,0.2,"specimen_orig_ident","orig.ident",0
"2","GSE326225_BC8",49,0.2,"specimen_orig_ident","orig.ident",0.00296969696969697
"3","GSE326225_BC8",54,0.2,"specimen_orig_ident","orig.ident",0.00487144790257104
"4","GSE326225_BC8",37,0.2,"specimen_orig_ident","orig.ident",0.00360940396058921
"5","GSE326225_BC8",0,0.2,"specimen_orig_ident","orig.ident",0
"6","GSE326225_BC8",14,0.2,"specimen_orig_ident","orig.ident",0.00190839694656489
"0","HRA003620_BC-01",2305,0.2,"specimen_orig_ident","orig.ident",0.0558422365966519
"1","HRA003620_BC-01",6,0.2,"specimen_orig_ident","orig.ident",0.000206675622610313
"2","HRA003620_BC-01",1625,0.2,"specimen_orig_ident","orig.ident",0.0984848484848485
"3","HRA003620_BC-01",317,0.2,"specimen_orig_ident","orig.ident",0.0285972034280559
"4","HRA003620_BC-01",992,0.2,"specimen_orig_ident","orig.ident",0.0967710467271486
"5","HRA003620_BC-01",2,0.2,"specimen_orig_ident","orig.ident",0.000215842866393266
"6","HRA003620_BC-01",524,0.2,"specimen_orig_ident","orig.ident",0.0714285714285714
"0","HRA003620_BC-04",63,0.2,"specimen_orig_ident","orig.ident",0.00152627371175231
"1","HRA003620_BC-04",0,0.2,"specimen_orig_ident","orig.ident",0
"2","HRA003620_BC-04",8,0.2,"specimen_orig_ident","orig.ident",0.000484848484848485
"3","HRA003620_BC-04",31,0.2,"specimen_orig_ident","orig.ident",0.00279657194406856
"4","HRA003620_BC-04",27,0.2,"specimen_orig_ident","orig.ident",0.00263388937664618
"5","HRA003620_BC-04",0,0.2,"specimen_orig_ident","orig.ident",0
"6","HRA003620_BC-04",17,0.2,"specimen_orig_ident","orig.ident",0.00231733914940022
"0","HRA003620_BC-05",860,0.2,"specimen_orig_ident","orig.ident",0.0208348474937617
"1","HRA003620_BC-05",0,0.2,"specimen_orig_ident","orig.ident",0
"2","HRA003620_BC-05",791,0.2,"specimen_orig_ident","orig.ident",0.0479393939393939
"3","HRA003620_BC-05",170,0.2,"specimen_orig_ident","orig.ident",0.0153360396932792
"4","HRA003620_BC-05",406,0.2,"specimen_orig_ident","orig.ident",0.039605892108087
"5","HRA003620_BC-05",1,0.2,"specimen_orig_ident","orig.ident",0.000107921433196633
"6","HRA003620_BC-05",174,0.2,"specimen_orig_ident","orig.ident",0.0237186477644493
"0","HRA003620_BC-11",1263,0.2,"specimen_orig_ident","orig.ident",0.0305981539356058
"1","HRA003620_BC-11",2,0.2,"specimen_orig_ident","orig.ident",6.88918742034377e-05
"2","HRA003620_BC-11",3419,0.2,"specimen_orig_ident","orig.ident",0.207212121212121
"3","HRA003620_BC-11",245,0.2,"specimen_orig_ident","orig.ident",0.0221019395579612
"4","HRA003620_BC-11",804,0.2,"specimen_orig_ident","orig.ident",0.0784313725490196
"5","HRA003620_BC-11",0,0.2,"specimen_orig_ident","orig.ident",0
"6","HRA003620_BC-11",623,0.2,"specimen_orig_ident","orig.ident",0.0849236641221374
"0","HRA003620_BC-24",1905,0.2,"specimen_orig_ident","orig.ident",0.0461516098553674
"1","HRA003620_BC-24",0,0.2,"specimen_orig_ident","orig.ident",0
"2","HRA003620_BC-24",1245,0.2,"specimen_orig_ident","orig.ident",0.0754545454545455
"3","HRA003620_BC-24",372,0.2,"specimen_orig_ident","orig.ident",0.0335588633288227
"4","HRA003620_BC-24",57,0.2,"specimen_orig_ident","orig.ident",0.00556043312847527
"5","HRA003620_BC-24",0,0.2,"specimen_orig_ident","orig.ident",0
"6","HRA003620_BC-24",230,0.2,"specimen_orig_ident","orig.ident",0.0313522355507088
"0","HRA003620_BC-27",1184,0.2,"specimen_orig_ident","orig.ident",0.0286842551542021
"1","HRA003620_BC-27",0,0.2,"specimen_orig_ident","orig.ident",0
"2","HRA003620_BC-27",478,0.2,"specimen_orig_ident","orig.ident",0.028969696969697
"3","HRA003620_BC-27",202,0.2,"specimen_orig_ident","orig.ident",0.0182228236355435
"4","HRA003620_BC-27",311,0.2,"specimen_orig_ident","orig.ident",0.0303385035606282
"5","HRA003620_BC-27",0,0.2,"specimen_orig_ident","orig.ident",0
"6","HRA003620_BC-27",370,0.2,"specimen_orig_ident","orig.ident",0.0504362050163577
"0","HRA003620_BC-30",2090,0.2,"specimen_orig_ident","orig.ident",0.0506335247232115
"1","HRA003620_BC-30",0,0.2,"specimen_orig_ident","orig.ident",0
"2","HRA003620_BC-30",1198,0.2,"specimen_orig_ident","orig.ident",0.0726060606060606
"3","HRA003620_BC-30",363,0.2,"specimen_orig_ident","orig.ident",0.0327469553450609
"4","HRA003620_BC-30",320,0.2,"specimen_orig_ident","orig.ident",0.031216466686177
"5","HRA003620_BC-30",0,0.2,"specimen_orig_ident","orig.ident",0
"6","HRA003620_BC-30",473,0.2,"specimen_orig_ident","orig.ident",0.0644765539803708
"0","HRA003620_NC-01",338,0.2,"specimen_orig_ident","orig.ident",0.0081885795963854
"1","HRA003620_NC-01",0,0.2,"specimen_orig_ident","orig.ident",0
"2","HRA003620_NC-01",82,0.2,"specimen_orig_ident","orig.ident",0.00496969696969697
"3","HRA003620_NC-01",128,0.2,"specimen_orig_ident","orig.ident",0.0115471357690573
"4","HRA003620_NC-01",64,0.2,"specimen_orig_ident","orig.ident",0.00624329333723539
"5","HRA003620_NC-01",0,0.2,"specimen_orig_ident","orig.ident",0
"6","HRA003620_NC-01",51,0.2,"specimen_orig_ident","orig.ident",0.00695201744820065
"0","HRA003620_NC-04",225,0.2,"specimen_orig_ident","orig.ident",0.00545097754197253
"1","HRA003620_NC-04",0,0.2,"specimen_orig_ident","orig.ident",0
"2","HRA003620_NC-04",9,0.2,"specimen_orig_ident","orig.ident",0.000545454545454545
"3","HRA003620_NC-04",64,0.2,"specimen_orig_ident","orig.ident",0.00577356788452864
"4","HRA003620_NC-04",14,0.2,"specimen_orig_ident","orig.ident",0.00136572041752024
"5","HRA003620_NC-04",0,0.2,"specimen_orig_ident","orig.ident",0
"6","HRA003620_NC-04",78,0.2,"specimen_orig_ident","orig.ident",0.0106324972737186
"0","HRA003620_NC-05",906,0.2,"specimen_orig_ident","orig.ident",0.0219492695690094
"1","HRA003620_NC-05",0,0.2,"specimen_orig_ident","orig.ident",0
"2","HRA003620_NC-05",453,0.2,"specimen_orig_ident","orig.ident",0.0274545454545455
"3","HRA003620_NC-05",177,0.2,"specimen_orig_ident","orig.ident",0.0159675236806495
"4","HRA003620_NC-05",418,0.2,"specimen_orig_ident","orig.ident",0.0407765096088187
"5","HRA003620_NC-05",0,0.2,"specimen_orig_ident","orig.ident",0
"6","HRA003620_NC-05",244,0.2,"specimen_orig_ident","orig.ident",0.0332606324972737
"0","HRA003620_NC-11",1145,0.2,"specimen_orig_ident","orig.ident",0.0277394190469269
"1","HRA003620_NC-11",1,0.2,"specimen_orig_ident","orig.ident",3.44459371017189e-05
"2","HRA003620_NC-11",628,0.2,"specimen_orig_ident","orig.ident",0.0380606060606061
"3","HRA003620_NC-11",646,0.2,"specimen_orig_ident","orig.ident",0.058276950834461
"4","HRA003620_NC-11",305,0.2,"specimen_orig_ident","orig.ident",0.0297531948102624
"5","HRA003620_NC-11",0,0.2,"specimen_orig_ident","orig.ident",0
"6","HRA003620_NC-11",905,0.2,"specimen_orig_ident","orig.ident",0.123364231188659
"0","HRA003620_NC-24",1244,0.2,"specimen_orig_ident","orig.ident",0.0301378491653948
"1","HRA003620_NC-24",0,0.2,"specimen_orig_ident","orig.ident",0
"2","HRA003620_NC-24",173,0.2,"specimen_orig_ident","orig.ident",0.0104848484848485
"3","HRA003620_NC-24",48,0.2,"specimen_orig_ident","orig.ident",0.00433017591339648
"4","HRA003620_NC-24",1,0.2,"specimen_orig_ident","orig.ident",9.7551458394303e-05
"5","HRA003620_NC-24",0,0.2,"specimen_orig_ident","orig.ident",0
"6","HRA003620_NC-24",28,0.2,"specimen_orig_ident","orig.ident",0.00381679389312977
"0","HRA003620_NC-27",2627,0.2,"specimen_orig_ident","orig.ident",0.0636431911233859
"1","HRA003620_NC-27",0,0.2,"specimen_orig_ident","orig.ident",0
"2","HRA003620_NC-27",202,0.2,"specimen_orig_ident","orig.ident",0.0122424242424242
"3","HRA003620_NC-27",246,0.2,"specimen_orig_ident","orig.ident",0.022192151556157
"4","HRA003620_NC-27",21,0.2,"specimen_orig_ident","orig.ident",0.00204858062628036
"5","HRA003620_NC-27",0,0.2,"specimen_orig_ident","orig.ident",0
"6","HRA003620_NC-27",41,0.2,"specimen_orig_ident","orig.ident",0.00558887677208288
"0","HRA003620_NC-30",2480,0.2,"specimen_orig_ident","orig.ident",0.0600818857959639
"1","HRA003620_NC-30",0,0.2,"specimen_orig_ident","orig.ident",0
"2","HRA003620_NC-30",88,0.2,"specimen_orig_ident","orig.ident",0.00533333333333333
"3","HRA003620_NC-30",370,0.2,"specimen_orig_ident","orig.ident",0.0333784393324312
"4","HRA003620_NC-30",371,0.2,"specimen_orig_ident","orig.ident",0.0361915910642864
"5","HRA003620_NC-30",0,0.2,"specimen_orig_ident","orig.ident",0
"6","HRA003620_NC-30",336,0.2,"specimen_orig_ident","orig.ident",0.0458015267175573
"0","PRJNA662018_PRJNA662018_P1N1",1004,0.2,"specimen_orig_ident","orig.ident",0.0243234731206241
"1","PRJNA662018_PRJNA662018_P1N1",0,0.2,"specimen_orig_ident","orig.ident",0
"2","PRJNA662018_PRJNA662018_P1N1",67,0.2,"specimen_orig_ident","orig.ident",0.00406060606060606
"3","PRJNA662018_PRJNA662018_P1N1",180,0.2,"specimen_orig_ident","orig.ident",0.0162381596752368
"4","PRJNA662018_PRJNA662018_P1N1",193,0.2,"specimen_orig_ident","orig.ident",0.0188274314701005
"5","PRJNA662018_PRJNA662018_P1N1",0,0.2,"specimen_orig_ident","orig.ident",0
"6","PRJNA662018_PRJNA662018_P1N1",140,0.2,"specimen_orig_ident","orig.ident",0.0190839694656489
"0","PRJNA662018_PRJNA662018_P1T1",1855,0.2,"specimen_orig_ident","orig.ident",0.0449402815127068
"1","PRJNA662018_PRJNA662018_P1T1",0,0.2,"specimen_orig_ident","orig.ident",0
"2","PRJNA662018_PRJNA662018_P1T1",239,0.2,"specimen_orig_ident","orig.ident",0.0144848484848485
"3","PRJNA662018_PRJNA662018_P1T1",338,0.2,"specimen_orig_ident","orig.ident",0.0304916553901669
"4","PRJNA662018_PRJNA662018_P1T1",234,0.2,"specimen_orig_ident","orig.ident",0.0228270412642669
"5","PRJNA662018_PRJNA662018_P1T1",0,0.2,"specimen_orig_ident","orig.ident",0
"6","PRJNA662018_PRJNA662018_P1T1",229,0.2,"specimen_orig_ident","orig.ident",0.0312159214830971
"0","PRJNA662018_PRJNA662018_P2T2",2061,0.2,"specimen_orig_ident","orig.ident",0.0499309542844684
"1","PRJNA662018_PRJNA662018_P2T2",0,0.2,"specimen_orig_ident","orig.ident",0
"2","PRJNA662018_PRJNA662018_P2T2",532,0.2,"specimen_orig_ident","orig.ident",0.0322424242424242
"3","PRJNA662018_PRJNA662018_P2T2",439,0.2,"specimen_orig_ident","orig.ident",0.0396030672079387
"4","PRJNA662018_PRJNA662018_P2T2",566,0.2,"specimen_orig_ident","orig.ident",0.0552141254511755
"5","PRJNA662018_PRJNA662018_P2T2",0,0.2,"specimen_orig_ident","orig.ident",0
"6","PRJNA662018_PRJNA662018_P2T2",294,0.2,"specimen_orig_ident","orig.ident",0.0400763358778626
"0","PRJNA662018_PRJNA662018_P3N3",1701,0.2,"specimen_orig_ident","orig.ident",0.0412093902173123
"1","PRJNA662018_PRJNA662018_P3N3",0,0.2,"specimen_orig_ident","orig.ident",0
"2","PRJNA662018_PRJNA662018_P3N3",69,0.2,"specimen_orig_ident","orig.ident",0.00418181818181818
"3","PRJNA662018_PRJNA662018_P3N3",102,0.2,"specimen_orig_ident","orig.ident",0.00920162381596752
"4","PRJNA662018_PRJNA662018_P3N3",92,0.2,"specimen_orig_ident","orig.ident",0.00897473417227588
"5","PRJNA662018_PRJNA662018_P3N3",0,0.2,"specimen_orig_ident","orig.ident",0
"6","PRJNA662018_PRJNA662018_P3N3",134,0.2,"specimen_orig_ident","orig.ident",0.0182660850599782
"0","PRJNA662018_PRJNA662018_P3T3",972,0.2,"specimen_orig_ident","orig.ident",0.0235482229813213
"1","PRJNA662018_PRJNA662018_P3T3",0,0.2,"specimen_orig_ident","orig.ident",0
"2","PRJNA662018_PRJNA662018_P3T3",126,0.2,"specimen_orig_ident","orig.ident",0.00763636363636364
"3","PRJNA662018_PRJNA662018_P3T3",134,0.2,"specimen_orig_ident","orig.ident",0.0120884077582318
"4","PRJNA662018_PRJNA662018_P3T3",397,0.2,"specimen_orig_ident","orig.ident",0.0387279289825383
"5","PRJNA662018_PRJNA662018_P3T3",1,0.2,"specimen_orig_ident","orig.ident",0.000107921433196633
"6","PRJNA662018_PRJNA662018_P3T3",198,0.2,"specimen_orig_ident","orig.ident",0.026990185387132
"0","PRJNA662018_PRJNA662018_P4T4",912,0.2,"specimen_orig_ident","orig.ident",0.0220946289701286
"1","PRJNA662018_PRJNA662018_P4T4",0,0.2,"specimen_orig_ident","orig.ident",0
"2","PRJNA662018_PRJNA662018_P4T4",810,0.2,"specimen_orig_ident","orig.ident",0.0490909090909091
"3","PRJNA662018_PRJNA662018_P4T4",256,0.2,"specimen_orig_ident","orig.ident",0.0230942715381146
"4","PRJNA662018_PRJNA662018_P4T4",370,0.2,"specimen_orig_ident","orig.ident",0.0360940396058921
"5","PRJNA662018_PRJNA662018_P4T4",0,0.2,"specimen_orig_ident","orig.ident",0
"6","PRJNA662018_PRJNA662018_P4T4",178,0.2,"specimen_orig_ident","orig.ident",0.0242639040348964
"0","PRJNA662018_PRJNA662018_P5T5",134,0.2,"specimen_orig_ident","orig.ident",0.00324635995833031
"1","PRJNA662018_PRJNA662018_P5T5",0,0.2,"specimen_orig_ident","orig.ident",0
"2","PRJNA662018_PRJNA662018_P5T5",10,0.2,"specimen_orig_ident","orig.ident",0.000606060606060606
"3","PRJNA662018_PRJNA662018_P5T5",4,0.2,"specimen_orig_ident","orig.ident",0.00036084799278304
"4","PRJNA662018_PRJNA662018_P5T5",2,0.2,"specimen_orig_ident","orig.ident",0.000195102916788606
"5","PRJNA662018_PRJNA662018_P5T5",0,0.2,"specimen_orig_ident","orig.ident",0
"6","PRJNA662018_PRJNA662018_P5T5",5,0.2,"specimen_orig_ident","orig.ident",0.000681570338058888
"0","PRJNA662018_PRJNA662018_P6N2",1018,0.2,"specimen_orig_ident","orig.ident",0.024662645056569
"1","PRJNA662018_PRJNA662018_P6N2",0,0.2,"specimen_orig_ident","orig.ident",0
"2","PRJNA662018_PRJNA662018_P6N2",36,0.2,"specimen_orig_ident","orig.ident",0.00218181818181818
"3","PRJNA662018_PRJNA662018_P6N2",94,0.2,"specimen_orig_ident","orig.ident",0.00847992783040144
"4","PRJNA662018_PRJNA662018_P6N2",318,0.2,"specimen_orig_ident","orig.ident",0.0310213637693884
"5","PRJNA662018_PRJNA662018_P6N2",0,0.2,"specimen_orig_ident","orig.ident",0
"6","PRJNA662018_PRJNA662018_P6N2",136,0.2,"specimen_orig_ident","orig.ident",0.0185387131952017
"0","PRJNA662018_PRJNA662018_P6T6",24,0.2,"specimen_orig_ident","orig.ident",0.00058143760447707
"1","PRJNA662018_PRJNA662018_P6T6",0,0.2,"specimen_orig_ident","orig.ident",0
"2","PRJNA662018_PRJNA662018_P6T6",0,0.2,"specimen_orig_ident","orig.ident",0
"3","PRJNA662018_PRJNA662018_P6T6",3,0.2,"specimen_orig_ident","orig.ident",0.00027063599458728
"4","PRJNA662018_PRJNA662018_P6T6",1,0.2,"specimen_orig_ident","orig.ident",9.7551458394303e-05
"5","PRJNA662018_PRJNA662018_P6T6",0,0.2,"specimen_orig_ident","orig.ident",0
"6","PRJNA662018_PRJNA662018_P6T6",1,0.2,"specimen_orig_ident","orig.ident",0.000136314067611778
"0","PRJNA662018_PRJNA662018_P7T7",699,0.2,"specimen_orig_ident","orig.ident",0.0169343702303947
"1","PRJNA662018_PRJNA662018_P7T7",0,0.2,"specimen_orig_ident","orig.ident",0
"2","PRJNA662018_PRJNA662018_P7T7",55,0.2,"specimen_orig_ident","orig.ident",0.00333333333333333
"3","PRJNA662018_PRJNA662018_P7T7",36,0.2,"specimen_orig_ident","orig.ident",0.00324763193504736
"4","PRJNA662018_PRJNA662018_P7T7",251,0.2,"specimen_orig_ident","orig.ident",0.0244854160569701
"5","PRJNA662018_PRJNA662018_P7T7",0,0.2,"specimen_orig_ident","orig.ident",0
"6","PRJNA662018_PRJNA662018_P7T7",48,0.2,"specimen_orig_ident","orig.ident",0.00654307524536532
"0","PRJNA662018_PRJNA662018_P8T8",4,0.2,"specimen_orig_ident","orig.ident",9.69062674128449e-05
"1","PRJNA662018_PRJNA662018_P8T8",0,0.2,"specimen_orig_ident","orig.ident",0
"2","PRJNA662018_PRJNA662018_P8T8",0,0.2,"specimen_orig_ident","orig.ident",0
"3","PRJNA662018_PRJNA662018_P8T8",6,0.2,"specimen_orig_ident","orig.ident",0.00054127198917456
"4","PRJNA662018_PRJNA662018_P8T8",9,0.2,"specimen_orig_ident","orig.ident",0.000877963125548727
"5","PRJNA662018_PRJNA662018_P8T8",0,0.2,"specimen_orig_ident","orig.ident",0
"6","PRJNA662018_PRJNA662018_P8T8",2,0.2,"specimen_orig_ident","orig.ident",0.000272628135223555
"0","T4091568",33,0.2,"specimen_orig_ident","orig.ident",0.000799476706155971
"1","T4091568",1862,0.2,"specimen_orig_ident","orig.ident",0.0641383348834005
"2","T4091568",0,0.2,"specimen_orig_ident","orig.ident",0
"3","T4091568",184,0.2,"specimen_orig_ident","orig.ident",0.0165990076680198
"4","T4091568",8,0.2,"specimen_orig_ident","orig.ident",0.000780411667154424
"5","T4091568",358,0.2,"specimen_orig_ident","orig.ident",0.0386358730843946
"6","T4091568",5,0.2,"specimen_orig_ident","orig.ident",0.000681570338058888
"0","T4295396",21,0.2,"specimen_orig_ident","orig.ident",0.000508757903917436
"1","T4295396",3283,0.2,"specimen_orig_ident","orig.ident",0.113086011504943
"2","T4295396",1,0.2,"specimen_orig_ident","orig.ident",6.06060606060606e-05
"3","T4295396",350,0.2,"specimen_orig_ident","orig.ident",0.031574199368516
"4","T4295396",7,0.2,"specimen_orig_ident","orig.ident",0.000682860208760121
"5","T4295396",785,0.2,"specimen_orig_ident","orig.ident",0.0847183250593568
"6","T4295396",53,0.2,"specimen_orig_ident","orig.ident",0.00722464558342421
"0","T4380845",11,0.2,"specimen_orig_ident","orig.ident",0.000266492235385324
"1","T4380845",1562,0.2,"specimen_orig_ident","orig.ident",0.0538045537528848
"2","T4380845",1,0.2,"specimen_orig_ident","orig.ident",6.06060606060606e-05
"3","T4380845",156,0.2,"specimen_orig_ident","orig.ident",0.0140730717185386
"4","T4380845",5,0.2,"specimen_orig_ident","orig.ident",0.000487757291971515
"5","T4380845",302,0.2,"specimen_orig_ident","orig.ident",0.0325922728253831
"6","T4380845",8,0.2,"specimen_orig_ident","orig.ident",0.00109051254089422
"0","T4398343",48,0.2,"specimen_orig_ident","orig.ident",0.00116287520895414
"1","T4398343",3011,0.2,"specimen_orig_ident","orig.ident",0.103716716613275
"2","T4398343",0,0.2,"specimen_orig_ident","orig.ident",0
"3","T4398343",682,0.2,"specimen_orig_ident","orig.ident",0.0615245827695083
"4","T4398343",22,0.2,"specimen_orig_ident","orig.ident",0.00214613208467467
"5","T4398343",1670,0.2,"specimen_orig_ident","orig.ident",0.180228793438377
"6","T4398343",43,0.2,"specimen_orig_ident","orig.ident",0.00586150490730643
"0","T4450398",120,0.2,"specimen_orig_ident","orig.ident",0.00290718802238535
"1","T4450398",4570,0.2,"specimen_orig_ident","orig.ident",0.157417932554855
"2","T4450398",0,0.2,"specimen_orig_ident","orig.ident",0
"3","T4450398",282,0.2,"specimen_orig_ident","orig.ident",0.0254397834912043
"4","T4450398",38,0.2,"specimen_orig_ident","orig.ident",0.00370695541898351
"5","T4450398",928,0.2,"specimen_orig_ident","orig.ident",0.100151090006475
"6","T4450398",33,0.2,"specimen_orig_ident","orig.ident",0.00449836423118866
"0","T4463209a",29,0.2,"specimen_orig_ident","orig.ident",0.000702570438743126
"1","T4463209a",2369,0.2,"specimen_orig_ident","orig.ident",0.081602424993972
"2","T4463209a",0,0.2,"specimen_orig_ident","orig.ident",0
"3","T4463209a",620,0.2,"specimen_orig_ident","orig.ident",0.0559314388813712
"4","T4463209a",35,0.2,"specimen_orig_ident","orig.ident",0.0034143010438006
"5","T4463209a",1559,0.2,"specimen_orig_ident","orig.ident",0.168249514353551
"6","T4463209a",35,0.2,"specimen_orig_ident","orig.ident",0.00477099236641221
"0","T4463209b",31,0.2,"specimen_orig_ident","orig.ident",0.000751023572449548
"1","T4463209b",1892,0.2,"specimen_orig_ident","orig.ident",0.0651717129964521
"2","T4463209b",0,0.2,"specimen_orig_ident","orig.ident",0
"3","T4463209b",392,0.2,"specimen_orig_ident","orig.ident",0.0353631032927379
"4","T4463209b",15,0.2,"specimen_orig_ident","orig.ident",0.00146327187591454
"5","T4463209b",480,0.2,"specimen_orig_ident","orig.ident",0.0518022879343838
"6","T4463209b",22,0.2,"specimen_orig_ident","orig.ident",0.00299890948745911
"0","T4465219",184,0.2,"specimen_orig_ident","orig.ident",0.00445768830099087
"1","T4465219",465,0.2,"specimen_orig_ident","orig.ident",0.0160173607522993
"2","T4465219",14,0.2,"specimen_orig_ident","orig.ident",0.000848484848484849
"3","T4465219",567,0.2,"specimen_orig_ident","orig.ident",0.0511502029769959
"4","T4465219",8,0.2,"specimen_orig_ident","orig.ident",0.000780411667154424
"5","T4465219",129,0.2,"specimen_orig_ident","orig.ident",0.0139218648823656
"6","T4465219",5,0.2,"specimen_orig_ident","orig.ident",0.000681570338058888
"0","T4465935",52,0.2,"specimen_orig_ident","orig.ident",0.00125978147636698
"1","T4465935",1647,0.2,"specimen_orig_ident","orig.ident",0.0567324584065309
"2","T4465935",1,0.2,"specimen_orig_ident","orig.ident",6.06060606060606e-05
"3","T4465935",193,0.2,"specimen_orig_ident","orig.ident",0.0174109156517817
"4","T4465935",28,0.2,"specimen_orig_ident","orig.ident",0.00273144083504048
"5","T4465935",810,0.2,"specimen_orig_ident","orig.ident",0.0874163608892726
"6","T4465935",3,0.2,"specimen_orig_ident","orig.ident",0.000408942202835333
"0","T4466585",17,0.2,"specimen_orig_ident","orig.ident",0.000411851636504591
"1","T4466585",859,0.2,"specimen_orig_ident","orig.ident",0.0295890599703765
"2","T4466585",0,0.2,"specimen_orig_ident","orig.ident",0
"3","T4466585",65,0.2,"specimen_orig_ident","orig.ident",0.0058637798827244
"4","T4466585",6,0.2,"specimen_orig_ident","orig.ident",0.000585308750365818
"5","T4466585",223,0.2,"specimen_orig_ident","orig.ident",0.0240664796028491
"6","T4466585",0,0.2,"specimen_orig_ident","orig.ident",0
"0","T4469479",48,0.2,"specimen_orig_ident","orig.ident",0.00116287520895414
"1","T4469479",1778,0.2,"specimen_orig_ident","orig.ident",0.0612448761668561
"2","T4469479",0,0.2,"specimen_orig_ident","orig.ident",0
"3","T4469479",197,0.2,"specimen_orig_ident","orig.ident",0.0177717636445647
"4","T4469479",26,0.2,"specimen_orig_ident","orig.ident",0.00253633791825188
"5","T4469479",679,0.2,"specimen_orig_ident","orig.ident",0.0732786531405137
"6","T4469479",5,0.2,"specimen_orig_ident","orig.ident",0.000681570338058888
"0","T4471438",67,0.2,"specimen_orig_ident","orig.ident",0.00162317997916515
"1","T4471438",4503,0.2,"specimen_orig_ident","orig.ident",0.15511005476904
"2","T4471438",0,0.2,"specimen_orig_ident","orig.ident",0
"3","T4471438",533,0.2,"specimen_orig_ident","orig.ident",0.0480829950383401
"4","T4471438",25,0.2,"specimen_orig_ident","orig.ident",0.00243878645985757
"5","T4471438",945,0.2,"specimen_orig_ident","orig.ident",0.101985754370818
"6","T4471438",2,0.2,"specimen_orig_ident","orig.ident",0.000272628135223555
"0","T8009218",16,0.2,"specimen_orig_ident","orig.ident",0.00038762506965138
"1","T8009218",1215,0.2,"specimen_orig_ident","orig.ident",0.0418518135785884
"2","T8009218",1,0.2,"specimen_orig_ident","orig.ident",6.06060606060606e-05
"3","T8009218",316,0.2,"specimen_orig_ident","orig.ident",0.0285069914298602
"4","T8009218",16,0.2,"specimen_orig_ident","orig.ident",0.00156082333430885
"5","T8009218",386,0.2,"specimen_orig_ident","orig.ident",0.0416576732139003
"6","T8009218",10,0.2,"specimen_orig_ident","orig.ident",0.00136314067611778
"0","PRJNA662018_PRJNA662018_P1N1",1004,0.2,"specimen_sample_id","sample_id",0.0243234731206241
"1","PRJNA662018_PRJNA662018_P1N1",0,0.2,"specimen_sample_id","sample_id",0
"2","PRJNA662018_PRJNA662018_P1N1",67,0.2,"specimen_sample_id","sample_id",0.00406060606060606
"3","PRJNA662018_PRJNA662018_P1N1",180,0.2,"specimen_sample_id","sample_id",0.0162381596752368
"4","PRJNA662018_PRJNA662018_P1N1",193,0.2,"specimen_sample_id","sample_id",0.0188274314701005
"5","PRJNA662018_PRJNA662018_P1N1",0,0.2,"specimen_sample_id","sample_id",0
"6","PRJNA662018_PRJNA662018_P1N1",140,0.2,"specimen_sample_id","sample_id",0.0190839694656489
"0","PRJNA662018_PRJNA662018_P1T1",1855,0.2,"specimen_sample_id","sample_id",0.0449402815127068
"1","PRJNA662018_PRJNA662018_P1T1",0,0.2,"specimen_sample_id","sample_id",0
"2","PRJNA662018_PRJNA662018_P1T1",239,0.2,"specimen_sample_id","sample_id",0.0144848484848485
"3","PRJNA662018_PRJNA662018_P1T1",338,0.2,"specimen_sample_id","sample_id",0.0304916553901669
"4","PRJNA662018_PRJNA662018_P1T1",234,0.2,"specimen_sample_id","sample_id",0.0228270412642669
"5","PRJNA662018_PRJNA662018_P1T1",0,0.2,"specimen_sample_id","sample_id",0
"6","PRJNA662018_PRJNA662018_P1T1",229,0.2,"specimen_sample_id","sample_id",0.0312159214830971
"0","PRJNA662018_PRJNA662018_P2T2",2061,0.2,"specimen_sample_id","sample_id",0.0499309542844684
"1","PRJNA662018_PRJNA662018_P2T2",0,0.2,"specimen_sample_id","sample_id",0
"2","PRJNA662018_PRJNA662018_P2T2",532,0.2,"specimen_sample_id","sample_id",0.0322424242424242
"3","PRJNA662018_PRJNA662018_P2T2",439,0.2,"specimen_sample_id","sample_id",0.0396030672079387
"4","PRJNA662018_PRJNA662018_P2T2",566,0.2,"specimen_sample_id","sample_id",0.0552141254511755
"5","PRJNA662018_PRJNA662018_P2T2",0,0.2,"specimen_sample_id","sample_id",0
"6","PRJNA662018_PRJNA662018_P2T2",294,0.2,"specimen_sample_id","sample_id",0.0400763358778626
"0","PRJNA662018_PRJNA662018_P3N3",1701,0.2,"specimen_sample_id","sample_id",0.0412093902173123
"1","PRJNA662018_PRJNA662018_P3N3",0,0.2,"specimen_sample_id","sample_id",0
"2","PRJNA662018_PRJNA662018_P3N3",69,0.2,"specimen_sample_id","sample_id",0.00418181818181818
"3","PRJNA662018_PRJNA662018_P3N3",102,0.2,"specimen_sample_id","sample_id",0.00920162381596752
"4","PRJNA662018_PRJNA662018_P3N3",92,0.2,"specimen_sample_id","sample_id",0.00897473417227588
"5","PRJNA662018_PRJNA662018_P3N3",0,0.2,"specimen_sample_id","sample_id",0
"6","PRJNA662018_PRJNA662018_P3N3",134,0.2,"specimen_sample_id","sample_id",0.0182660850599782
"0","PRJNA662018_PRJNA662018_P3T3",972,0.2,"specimen_sample_id","sample_id",0.0235482229813213
"1","PRJNA662018_PRJNA662018_P3T3",0,0.2,"specimen_sample_id","sample_id",0
"2","PRJNA662018_PRJNA662018_P3T3",126,0.2,"specimen_sample_id","sample_id",0.00763636363636364
"3","PRJNA662018_PRJNA662018_P3T3",134,0.2,"specimen_sample_id","sample_id",0.0120884077582318
"4","PRJNA662018_PRJNA662018_P3T3",397,0.2,"specimen_sample_id","sample_id",0.0387279289825383
"5","PRJNA662018_PRJNA662018_P3T3",1,0.2,"specimen_sample_id","sample_id",0.000107921433196633
"6","PRJNA662018_PRJNA662018_P3T3",198,0.2,"specimen_sample_id","sample_id",0.026990185387132
"0","PRJNA662018_PRJNA662018_P4T4",912,0.2,"specimen_sample_id","sample_id",0.0220946289701286
"1","PRJNA662018_PRJNA662018_P4T4",0,0.2,"specimen_sample_id","sample_id",0
"2","PRJNA662018_PRJNA662018_P4T4",810,0.2,"specimen_sample_id","sample_id",0.0490909090909091
"3","PRJNA662018_PRJNA662018_P4T4",256,0.2,"specimen_sample_id","sample_id",0.0230942715381146
"4","PRJNA662018_PRJNA662018_P4T4",370,0.2,"specimen_sample_id","sample_id",0.0360940396058921
"5","PRJNA662018_PRJNA662018_P4T4",0,0.2,"specimen_sample_id","sample_id",0
"6","PRJNA662018_PRJNA662018_P4T4",178,0.2,"specimen_sample_id","sample_id",0.0242639040348964
"0","PRJNA662018_PRJNA662018_P5T5",134,0.2,"specimen_sample_id","sample_id",0.00324635995833031
"1","PRJNA662018_PRJNA662018_P5T5",0,0.2,"specimen_sample_id","sample_id",0
"2","PRJNA662018_PRJNA662018_P5T5",10,0.2,"specimen_sample_id","sample_id",0.000606060606060606
"3","PRJNA662018_PRJNA662018_P5T5",4,0.2,"specimen_sample_id","sample_id",0.00036084799278304
"4","PRJNA662018_PRJNA662018_P5T5",2,0.2,"specimen_sample_id","sample_id",0.000195102916788606
"5","PRJNA662018_PRJNA662018_P5T5",0,0.2,"specimen_sample_id","sample_id",0
"6","PRJNA662018_PRJNA662018_P5T5",5,0.2,"specimen_sample_id","sample_id",0.000681570338058888
"0","PRJNA662018_PRJNA662018_P6N2",1018,0.2,"specimen_sample_id","sample_id",0.024662645056569
"1","PRJNA662018_PRJNA662018_P6N2",0,0.2,"specimen_sample_id","sample_id",0
"2","PRJNA662018_PRJNA662018_P6N2",36,0.2,"specimen_sample_id","sample_id",0.00218181818181818
"3","PRJNA662018_PRJNA662018_P6N2",94,0.2,"specimen_sample_id","sample_id",0.00847992783040144
"4","PRJNA662018_PRJNA662018_P6N2",318,0.2,"specimen_sample_id","sample_id",0.0310213637693884
"5","PRJNA662018_PRJNA662018_P6N2",0,0.2,"specimen_sample_id","sample_id",0
"6","PRJNA662018_PRJNA662018_P6N2",136,0.2,"specimen_sample_id","sample_id",0.0185387131952017
"0","PRJNA662018_PRJNA662018_P6T6",24,0.2,"specimen_sample_id","sample_id",0.00058143760447707
"1","PRJNA662018_PRJNA662018_P6T6",0,0.2,"specimen_sample_id","sample_id",0
"2","PRJNA662018_PRJNA662018_P6T6",0,0.2,"specimen_sample_id","sample_id",0
"3","PRJNA662018_PRJNA662018_P6T6",3,0.2,"specimen_sample_id","sample_id",0.00027063599458728
"4","PRJNA662018_PRJNA662018_P6T6",1,0.2,"specimen_sample_id","sample_id",9.7551458394303e-05
"5","PRJNA662018_PRJNA662018_P6T6",0,0.2,"specimen_sample_id","sample_id",0
"6","PRJNA662018_PRJNA662018_P6T6",1,0.2,"specimen_sample_id","sample_id",0.000136314067611778
"0","PRJNA662018_PRJNA662018_P7T7",699,0.2,"specimen_sample_id","sample_id",0.0169343702303947
"1","PRJNA662018_PRJNA662018_P7T7",0,0.2,"specimen_sample_id","sample_id",0
"2","PRJNA662018_PRJNA662018_P7T7",55,0.2,"specimen_sample_id","sample_id",0.00333333333333333
"3","PRJNA662018_PRJNA662018_P7T7",36,0.2,"specimen_sample_id","sample_id",0.00324763193504736
"4","PRJNA662018_PRJNA662018_P7T7",251,0.2,"specimen_sample_id","sample_id",0.0244854160569701
"5","PRJNA662018_PRJNA662018_P7T7",0,0.2,"specimen_sample_id","sample_id",0
"6","PRJNA662018_PRJNA662018_P7T7",48,0.2,"specimen_sample_id","sample_id",0.00654307524536532
"0","PRJNA662018_PRJNA662018_P8T8",4,0.2,"specimen_sample_id","sample_id",9.69062674128449e-05
"1","PRJNA662018_PRJNA662018_P8T8",0,0.2,"specimen_sample_id","sample_id",0
"2","PRJNA662018_PRJNA662018_P8T8",0,0.2,"specimen_sample_id","sample_id",0
"3","PRJNA662018_PRJNA662018_P8T8",6,0.2,"specimen_sample_id","sample_id",0.00054127198917456
"4","PRJNA662018_PRJNA662018_P8T8",9,0.2,"specimen_sample_id","sample_id",0.000877963125548727
"5","PRJNA662018_PRJNA662018_P8T8",0,0.2,"specimen_sample_id","sample_id",0
"6","PRJNA662018_PRJNA662018_P8T8",2,0.2,"specimen_sample_id","sample_id",0.000272628135223555
"0",NA,30893,0.2,"specimen_sample_id","sample_id",0.748431329796255
"1",NA,29031,0.2,"specimen_sample_id","sample_id",1
"2",NA,14556,0.2,"specimen_sample_id","sample_id",0.882181818181818
"3",NA,9493,0.2,"specimen_sample_id","sample_id",0.85638249887235
"4",NA,7818,0.2,"specimen_sample_id","sample_id",0.762657301726661
"5",NA,9265,0.2,"specimen_sample_id","sample_id",0.999892078566803
"6",NA,5971,0.2,"specimen_sample_id","sample_id",0.813931297709924
"0","Normal",17398,0.2,"stage_T","T_stage",0.421493810112169
"1","Normal",1,0.2,"stage_T","T_stage",3.44459371017189e-05
"2","Normal",2486,0.2,"stage_T","T_stage",0.150666666666667
"3","Normal",2614,0.2,"stage_T","T_stage",0.235814163283717
"4","Normal",2701,0.2,"stage_T","T_stage",0.263486489123012
"5","Normal",0,0.2,"stage_T","T_stage",0
"6","Normal",2648,0.2,"stage_T","T_stage",0.360959651035987
"0","T1",5701,0.2,"stage_T","T_stage",0.138115657630157
"1","T1",1,0.2,"stage_T","T_stage",3.44459371017189e-05
"2","T1",2619,0.2,"stage_T","T_stage",0.158727272727273
"3","T1",974,0.2,"stage_T","T_stage",0.0878664862426703
"4","T1",1289,0.2,"stage_T","T_stage",0.125743829870257
"5","T1",0,0.2,"stage_T","T_stage",0
"6","T1",968,0.2,"stage_T","T_stage",0.131952017448201
"0","T2",1966,0.2,"stage_T","T_stage",0.0476294304334133
"1","T2",19658,0.2,"stage_T","T_stage",0.677138231545589
"2","T2",441,0.2,"stage_T","T_stage",0.0267272727272727
"3","T2",3444,0.2,"stage_T","T_stage",0.310690121786198
"4","T2",959,0.2,"stage_T","T_stage",0.0935518486001366
"5","T2",6886,0.2,"stage_T","T_stage",0.743146988992014
"6","T2",548,0.2,"stage_T","T_stage",0.0747001090512541
"0","T3",5589,0.2,"stage_T","T_stage",0.135402282142598
"1","T3",1221,0.2,"stage_T","T_stage",0.0420584892011987
"2","T3",3366,0.2,"stage_T","T_stage",0.204
"3","T3",1140,0.2,"stage_T","T_stage",0.102841677943166
"4","T3",1669,0.2,"stage_T","T_stage",0.162813384060092
"5","T3",388,0.2,"stage_T","T_stage",0.0418735160802935
"6","T3",1227,0.2,"stage_T","T_stage",0.167257360959651
"0","T4",1071,0.2,"stage_T","T_stage",0.0259466530997892
"1","T4",8143,0.2,"stage_T","T_stage",0.280493265819297
"2","T4",799,0.2,"stage_T","T_stage",0.0484242424242424
"3","T4",1115,0.2,"stage_T","T_stage",0.100586377988272
"4","T4",492,0.2,"stage_T","T_stage",0.0479953175299971
"5","T4",1983,0.2,"stage_T","T_stage",0.214008202028923
"6","T4",203,0.2,"stage_T","T_stage",0.0276717557251908
"0","Ta",1263,0.2,"stage_T","T_stage",0.0305981539356058
"1","Ta",2,0.2,"stage_T","T_stage",6.88918742034377e-05
"2","Ta",3419,0.2,"stage_T","T_stage",0.207212121212121
"3","Ta",245,0.2,"stage_T","T_stage",0.0221019395579612
"4","Ta",804,0.2,"stage_T","T_stage",0.0784313725490196
"5","Ta",0,0.2,"stage_T","T_stage",0
"6","Ta",623,0.2,"stage_T","T_stage",0.0849236641221374
"0",NA,8289,0.2,"stage_T","T_stage",0.200814012646268
"1",NA,5,0.2,"stage_T","T_stage",0.000172229685508594
"2",NA,3370,0.2,"stage_T","T_stage",0.204242424242424
"3",NA,1553,0.2,"stage_T","T_stage",0.140099233198015
"4",NA,2337,0.2,"stage_T","T_stage",0.227977758267486
"5",NA,9,0.2,"stage_T","T_stage",0.000971292898769696
"6",NA,1119,0.2,"stage_T","T_stage",0.152535441657579
"0","N0",12875,0.2,"stage_N","N_stage",0.311917048235095
"1","N0",9,0.2,"stage_N","N_stage",0.00031001343391547
"2","N0",9293,0.2,"stage_N","N_stage",0.563212121212121
"3","N0",2067,0.2,"stage_N","N_stage",0.186468200270636
"4","N0",4227,0.2,"stage_N","N_stage",0.412350014632719
"5","N0",2,0.2,"stage_N","N_stage",0.000215842866393266
"6","N0",2951,0.2,"stage_N","N_stage",0.402262813522355
"0","N2",860,0.2,"stage_N","N_stage",0.0208348474937617
"1","N2",0,0.2,"stage_N","N_stage",0
"2","N2",791,0.2,"stage_N","N_stage",0.0479393939393939
"3","N2",170,0.2,"stage_N","N_stage",0.0153360396932792
"4","N2",406,0.2,"stage_N","N_stage",0.039605892108087
"5","N2",1,0.2,"stage_N","N_stage",0.000107921433196633
"6","N2",174,0.2,"stage_N","N_stage",0.0237186477644493
"0","N3",1178,0.2,"stage_N","N_stage",0.0285388957530828
"1","N3",0,0.2,"stage_N","N_stage",0
"2","N3",542,0.2,"stage_N","N_stage",0.0328484848484848
"3","N3",144,0.2,"stage_N","N_stage",0.0129905277401894
"4","N3",341,0.2,"stage_N","N_stage",0.0332650473124573
"5","N3",0,0.2,"stage_N","N_stage",0
"6","N3",220,0.2,"stage_N","N_stage",0.0299890948745911
"0","Normal",17398,0.2,"stage_N","N_stage",0.421493810112169
"1","Normal",1,0.2,"stage_N","N_stage",3.44459371017189e-05
"2","Normal",2486,0.2,"stage_N","N_stage",0.150666666666667
"3","Normal",2614,0.2,"stage_N","N_stage",0.235814163283717
"4","Normal",2701,0.2,"stage_N","N_stage",0.263486489123012
"5","Normal",0,0.2,"stage_N","N_stage",0
"6","Normal",2648,0.2,"stage_N","N_stage",0.360959651035987
"0",NA,8966,0.2,"stage_N","N_stage",0.217215398405892
"1",NA,29021,0.2,"stage_N","N_stage",0.999655540628983
"2",NA,3388,0.2,"stage_N","N_stage",0.205333333333333
"3",NA,6090,0.2,"stage_N","N_stage",0.549391069012179
"4",NA,2576,0.2,"stage_N","N_stage",0.251292556823725
"5",NA,9263,0.2,"stage_N","N_stage",0.99967623570041
"6",NA,1343,0.2,"stage_N","N_stage",0.183069792802617
"0","M0",14053,0.2,"stage_M","M_stage",0.340455943988177
"1","M0",9,0.2,"stage_M","M_stage",0.00031001343391547
"2","M0",9835,0.2,"stage_M","M_stage",0.596060606060606
"3","M0",2211,0.2,"stage_M","M_stage",0.199458728010825
"4","M0",4568,0.2,"stage_M","M_stage",0.445615061945176
"5","M0",2,0.2,"stage_M","M_stage",0.000215842866393266
"6","M0",3171,0.2,"stage_M","M_stage",0.432251908396947
"0","Normal",17398,0.2,"stage_M","M_stage",0.421493810112169
"1","Normal",1,0.2,"stage_M","M_stage",3.44459371017189e-05
"2","Normal",2486,0.2,"stage_M","M_stage",0.150666666666667
"3","Normal",2614,0.2,"stage_M","M_stage",0.235814163283717
"4","Normal",2701,0.2,"stage_M","M_stage",0.263486489123012
"5","Normal",0,0.2,"stage_M","M_stage",0
"6","Normal",2648,0.2,"stage_M","M_stage",0.360959651035987
"0",NA,9826,0.2,"stage_M","M_stage",0.238050245899654
"1",NA,29021,0.2,"stage_M","M_stage",0.999655540628983
"2",NA,4179,0.2,"stage_M","M_stage",0.253272727272727
"3",NA,6260,0.2,"stage_M","M_stage",0.564727108705458
"4",NA,2982,0.2,"stage_M","M_stage",0.290898448931812
"5",NA,9264,0.2,"stage_M","M_stage",0.999784157133607
"6",NA,1517,0.2,"stage_M","M_stage",0.206788440567067
"0","MIBC",11115,0.2,"clinical_type","Type",0.269278290573443
"1","MIBC",29027,0.2,"clinical_type","Type",0.999862216251593
"2","MIBC",6269,0.2,"clinical_type","Type",0.379939393939394
"3","MIBC",6085,0.2,"clinical_type","Type",0.5489400090212
"4","MIBC",3890,0.2,"clinical_type","Type",0.379475173153839
"5","MIBC",9265,0.2,"clinical_type","Type",0.999892078566803
"6","MIBC",2198,0.2,"clinical_type","Type",0.299618320610687
"0","NMIBC",12764,0.2,"clinical_type","Type",0.309227899314388
"1","NMIBC",3,0.2,"clinical_type","Type",0.000103337811305157
"2","NMIBC",7745,0.2,"clinical_type","Type",0.469393939393939
"3","NMIBC",2386,0.2,"clinical_type","Type",0.215245827695083
"4","NMIBC",3660,0.2,"clinical_type","Type",0.357038337723149
"5","NMIBC",1,0.2,"clinical_type","Type",0.000107921433196633
"6","NMIBC",2490,0.2,"clinical_type","Type",0.339422028353326
"0","Normal",17398,0.2,"clinical_type","Type",0.421493810112169
"1","Normal",1,0.2,"clinical_type","Type",3.44459371017189e-05
"2","Normal",2486,0.2,"clinical_type","Type",0.150666666666667
"3","Normal",2614,0.2,"clinical_type","Type",0.235814163283717
"4","Normal",2701,0.2,"clinical_type","Type",0.263486489123012
"5","Normal",0,0.2,"clinical_type","Type",0
"6","Normal",2648,0.2,"clinical_type","Type",0.360959651035987
"0","CNP0000460",5333,0.4,"dataset","dataset",0.224019154834916
"1","CNP0000460",0,0.4,"dataset","dataset",0
"2","CNP0000460",4617,0.4,"dataset","dataset",0.264432989690722
"3","CNP0000460",2554,0.4,"dataset","dataset",0.154703495063299
"4","CNP0000460",2,0.4,"dataset","dataset",0.000175546388133064
"5","CNP0000460",2954,0.4,"dataset","dataset",0.288928012519562
"6","CNP0000460",0,0.4,"dataset","dataset",0
"7","CNP0000460",1484,0.4,"dataset","dataset",0.202815361486948
"8","CNP0000460",637,0.4,"dataset","dataset",0.0985000773156023
"9","CNP0000460",604,0.4,"dataset","dataset",0.130735930735931
"0","GSE326225",1102,0.4,"dataset","dataset",0.0462908510459548
"1","GSE326225",2,0.4,"dataset","dataset",0.000113134970019233
"2","GSE326225",514,0.4,"dataset","dataset",0.029438717067583
"3","GSE326225",1608,0.4,"dataset","dataset",0.0974014174086862
"4","GSE326225",3,0.4,"dataset","dataset",0.000263319582199596
"5","GSE326225",507,0.4,"dataset","dataset",0.0495892018779343
"6","GSE326225",8,0.4,"dataset","dataset",0.000862812769628991
"7","GSE326225",166,0.4,"dataset","dataset",0.022686893535602
"8","GSE326225",203,0.4,"dataset","dataset",0.031390134529148
"9","GSE326225",134,0.4,"dataset","dataset",0.029004329004329
"0","HRA003620",11775,0.4,"dataset","dataset",0.494623204234227
"1","HRA003620",0,0.4,"dataset","dataset",0
"2","HRA003620",6870,0.4,"dataset","dataset",0.393470790378007
"3","HRA003620",10379,0.4,"dataset","dataset",0.628687382639772
"4","HRA003620",19,0.4,"dataset","dataset",0.00166769068726411
"5","HRA003620",4098,0.4,"dataset","dataset",0.400821596244131
"6","HRA003620",4,0.4,"dataset","dataset",0.000431406384814495
"7","HRA003620",4105,0.4,"dataset","dataset",0.561022276889436
"8","HRA003620",1908,0.4,"dataset","dataset",0.295036338333076
"9","HRA003620",1472,0.4,"dataset","dataset",0.318614718614719
"0","InhouseData",44,0.4,"dataset","dataset",0.00184827354448458
"1","InhouseData",17676,0.4,"dataset","dataset",0.999886865029981
"2","InhouseData",631,0.4,"dataset","dataset",0.0361397479954181
"3","InhouseData",18,0.4,"dataset","dataset",0.00109031437397783
"4","InhouseData",11367,0.4,"dataset","dataset",0.99771789695427
"5","InhouseData",238,0.4,"dataset","dataset",0.0232785602503912
"6","InhouseData",9259,0.4,"dataset","dataset",0.998597929249353
"7","InhouseData",196,0.4,"dataset","dataset",0.026786934536012
"8","InhouseData",2765,0.4,"dataset","dataset",0.427555280655636
"9","InhouseData",1771,0.4,"dataset","dataset",0.383333333333333
"0","PRJNA662018",5552,0.4,"dataset","dataset",0.233218516340418
"1","PRJNA662018",0,0.4,"dataset","dataset",0
"2","PRJNA662018",4828,0.4,"dataset","dataset",0.27651775486827
"3","PRJNA662018",1950,0.4,"dataset","dataset",0.118117390514265
"4","PRJNA662018",2,0.4,"dataset","dataset",0.000175546388133064
"5","PRJNA662018",2427,0.4,"dataset","dataset",0.237382629107981
"6","PRJNA662018",1,0.4,"dataset","dataset",0.000107851596203624
"7","PRJNA662018",1366,0.4,"dataset","dataset",0.186688533552002
"8","PRJNA662018",954,0.4,"dataset","dataset",0.147518169166538
"9","PRJNA662018",639,0.4,"dataset","dataset",0.138311688311688
"0","CNP0000460_P01N",776,0.4,"specimen_orig_ident","orig.ident",0.0325968243300008
"1","CNP0000460_P01N",0,0.4,"specimen_orig_ident","orig.ident",0
"2","CNP0000460_P01N",489,0.4,"specimen_orig_ident","orig.ident",0.0280068728522337
"3","CNP0000460_P01N",287,0.4,"specimen_orig_ident","orig.ident",0.0173844569628687
"4","CNP0000460_P01N",0,0.4,"specimen_orig_ident","orig.ident",0
"5","CNP0000460_P01N",169,0.4,"specimen_orig_ident","orig.ident",0.0165297339593114
"6","CNP0000460_P01N",0,0.4,"specimen_orig_ident","orig.ident",0
"7","CNP0000460_P01N",93,0.4,"specimen_orig_ident","orig.ident",0.012710127101271
"8","CNP0000460_P01N",47,0.4,"specimen_orig_ident","orig.ident",0.00726766661512293
"9","CNP0000460_P01N",119,0.4,"specimen_orig_ident","orig.ident",0.0257575757575758
"0","CNP0000460_P01T",102,0.4,"specimen_orig_ident","orig.ident",0.00428463412585063
"1","CNP0000460_P01T",0,0.4,"specimen_orig_ident","orig.ident",0
"2","CNP0000460_P01T",62,0.4,"specimen_orig_ident","orig.ident",0.00355097365406644
"3","CNP0000460_P01T",269,0.4,"specimen_orig_ident","orig.ident",0.0162941425888909
"4","CNP0000460_P01T",0,0.4,"specimen_orig_ident","orig.ident",0
"5","CNP0000460_P01T",68,0.4,"specimen_orig_ident","orig.ident",0.0066510172143975
"6","CNP0000460_P01T",0,0.4,"specimen_orig_ident","orig.ident",0
"7","CNP0000460_P01T",22,0.4,"specimen_orig_ident","orig.ident",0.003006696733634
"8","CNP0000460_P01T",27,0.4,"specimen_orig_ident","orig.ident",0.00417504252358126
"9","CNP0000460_P01T",9,0.4,"specimen_orig_ident","orig.ident",0.00194805194805195
"0","CNP0000460_P02N",499,0.4,"specimen_orig_ident","orig.ident",0.020961102243132
"1","CNP0000460_P02N",0,0.4,"specimen_orig_ident","orig.ident",0
"2","CNP0000460_P02N",752,0.4,"specimen_orig_ident","orig.ident",0.043069873997709
"3","CNP0000460_P02N",46,0.4,"specimen_orig_ident","orig.ident",0.00278635895572112
"4","CNP0000460_P02N",0,0.4,"specimen_orig_ident","orig.ident",0
"5","CNP0000460_P02N",270,0.4,"specimen_orig_ident","orig.ident",0.0264084507042254
"6","CNP0000460_P02N",0,0.4,"specimen_orig_ident","orig.ident",0
"7","CNP0000460_P02N",215,0.4,"specimen_orig_ident","orig.ident",0.029383627169605
"8","CNP0000460_P02N",20,0.4,"specimen_orig_ident","orig.ident",0.00309262409154167
"9","CNP0000460_P02N",15,0.4,"specimen_orig_ident","orig.ident",0.00324675324675325
"0","CNP0000460_P02T",305,0.4,"specimen_orig_ident","orig.ident",0.0128118961606318
"1","CNP0000460_P02T",0,0.4,"specimen_orig_ident","orig.ident",0
"2","CNP0000460_P02T",623,0.4,"specimen_orig_ident","orig.ident",0.0356815578465063
"3","CNP0000460_P02T",88,0.4,"specimen_orig_ident","orig.ident",0.00533042582833606
"4","CNP0000460_P02T",0,0.4,"specimen_orig_ident","orig.ident",0
"5","CNP0000460_P02T",496,0.4,"specimen_orig_ident","orig.ident",0.0485133020344288
"6","CNP0000460_P02T",0,0.4,"specimen_orig_ident","orig.ident",0
"7","CNP0000460_P02T",281,0.4,"specimen_orig_ident","orig.ident",0.038403717370507
"8","CNP0000460_P02T",31,0.4,"specimen_orig_ident","orig.ident",0.00479356734188959
"9","CNP0000460_P02T",33,0.4,"specimen_orig_ident","orig.ident",0.00714285714285714
"0","CNP0000460_P03N",721,0.4,"specimen_orig_ident","orig.ident",0.0302864823993951
"1","CNP0000460_P03N",0,0.4,"specimen_orig_ident","orig.ident",0
"2","CNP0000460_P03N",479,0.4,"specimen_orig_ident","orig.ident",0.0274341351660939
"3","CNP0000460_P03N",241,0.4,"specimen_orig_ident","orig.ident",0.0145980980071476
"4","CNP0000460_P03N",0,0.4,"specimen_orig_ident","orig.ident",0
"5","CNP0000460_P03N",333,0.4,"specimen_orig_ident","orig.ident",0.0325704225352113
"6","CNP0000460_P03N",0,0.4,"specimen_orig_ident","orig.ident",0
"7","CNP0000460_P03N",163,0.4,"specimen_orig_ident","orig.ident",0.022276889435561
"8","CNP0000460_P03N",120,0.4,"specimen_orig_ident","orig.ident",0.01855574454925
"9","CNP0000460_P03N",69,0.4,"specimen_orig_ident","orig.ident",0.0149350649350649
"0","CNP0000460_P03T",904,0.4,"specimen_orig_ident","orig.ident",0.0379736200957742
"1","CNP0000460_P03T",0,0.4,"specimen_orig_ident","orig.ident",0
"2","CNP0000460_P03T",657,0.4,"specimen_orig_ident","orig.ident",0.0376288659793814
"3","CNP0000460_P03T",142,0.4,"specimen_orig_ident","orig.ident",0.00860136895026955
"4","CNP0000460_P03T",0,0.4,"specimen_orig_ident","orig.ident",0
"5","CNP0000460_P03T",200,0.4,"specimen_orig_ident","orig.ident",0.0195618153364632
"6","CNP0000460_P03T",0,0.4,"specimen_orig_ident","orig.ident",0
"7","CNP0000460_P03T",113,0.4,"specimen_orig_ident","orig.ident",0.015443487768211
"8","CNP0000460_P03T",67,0.4,"specimen_orig_ident","orig.ident",0.0103602907066646
"9","CNP0000460_P03T",104,0.4,"specimen_orig_ident","orig.ident",0.0225108225108225
"0","CNP0000460_P04T",657,0.4,"specimen_orig_ident","orig.ident",0.0275980845165084
"1","CNP0000460_P04T",0,0.4,"specimen_orig_ident","orig.ident",0
"2","CNP0000460_P04T",517,0.4,"specimen_orig_ident","orig.ident",0.029610538373425
"3","CNP0000460_P04T",546,0.4,"specimen_orig_ident","orig.ident",0.0330728693439942
"4","CNP0000460_P04T",0,0.4,"specimen_orig_ident","orig.ident",0
"5","CNP0000460_P04T",340,0.4,"specimen_orig_ident","orig.ident",0.0332550860719875
"6","CNP0000460_P04T",0,0.4,"specimen_orig_ident","orig.ident",0
"7","CNP0000460_P04T",221,0.4,"specimen_orig_ident","orig.ident",0.030203635369687
"8","CNP0000460_P04T",78,0.4,"specimen_orig_ident","orig.ident",0.0120612339570125
"9","CNP0000460_P04T",66,0.4,"specimen_orig_ident","orig.ident",0.0142857142857143
"0","CNP0000460_P05N",139,0.4,"specimen_orig_ident","orig.ident",0.00583886415189448
"1","CNP0000460_P05N",0,0.4,"specimen_orig_ident","orig.ident",0
"2","CNP0000460_P05N",135,0.4,"specimen_orig_ident","orig.ident",0.0077319587628866
"3","CNP0000460_P05N",33,0.4,"specimen_orig_ident","orig.ident",0.00199890968562602
"4","CNP0000460_P05N",0,0.4,"specimen_orig_ident","orig.ident",0
"5","CNP0000460_P05N",45,0.4,"specimen_orig_ident","orig.ident",0.00440140845070423
"6","CNP0000460_P05N",0,0.4,"specimen_orig_ident","orig.ident",0
"7","CNP0000460_P05N",25,0.4,"specimen_orig_ident","orig.ident",0.003416700833675
"8","CNP0000460_P05N",7,0.4,"specimen_orig_ident","orig.ident",0.00108241843203959
"9","CNP0000460_P05N",27,0.4,"specimen_orig_ident","orig.ident",0.00584415584415584
"0","CNP0000460_P05T",204,0.4,"specimen_orig_ident","orig.ident",0.00856926825170125
"1","CNP0000460_P05T",0,0.4,"specimen_orig_ident","orig.ident",0
"2","CNP0000460_P05T",157,0.4,"specimen_orig_ident","orig.ident",0.00899198167239404
"3","CNP0000460_P05T",67,0.4,"specimen_orig_ident","orig.ident",0.00405839239202859
"4","CNP0000460_P05T",0,0.4,"specimen_orig_ident","orig.ident",0
"5","CNP0000460_P05T",228,0.4,"specimen_orig_ident","orig.ident",0.0223004694835681
"6","CNP0000460_P05T",0,0.4,"specimen_orig_ident","orig.ident",0
"7","CNP0000460_P05T",46,0.4,"specimen_orig_ident","orig.ident",0.00628672953396201
"8","CNP0000460_P05T",13,0.4,"specimen_orig_ident","orig.ident",0.00201020565950209
"9","CNP0000460_P05T",24,0.4,"specimen_orig_ident","orig.ident",0.00519480519480519
"0","CNP0000460_P06T",469,0.4,"specimen_orig_ident","orig.ident",0.0197009157355289
"1","CNP0000460_P06T",0,0.4,"specimen_orig_ident","orig.ident",0
"2","CNP0000460_P06T",331,0.4,"specimen_orig_ident","orig.ident",0.0189576174112257
"3","CNP0000460_P06T",739,0.4,"specimen_orig_ident","orig.ident",0.0447634623538676
"4","CNP0000460_P06T",2,0.4,"specimen_orig_ident","orig.ident",0.000175546388133064
"5","CNP0000460_P06T",475,0.4,"specimen_orig_ident","orig.ident",0.0464593114241002
"6","CNP0000460_P06T",0,0.4,"specimen_orig_ident","orig.ident",0
"7","CNP0000460_P06T",219,0.4,"specimen_orig_ident","orig.ident",0.029930299302993
"8","CNP0000460_P06T",120,0.4,"specimen_orig_ident","orig.ident",0.01855574454925
"9","CNP0000460_P06T",26,0.4,"specimen_orig_ident","orig.ident",0.00562770562770563
"0","CNP0000460_P07N",424,0.4,"specimen_orig_ident","orig.ident",0.0178106359741242
"1","CNP0000460_P07N",0,0.4,"specimen_orig_ident","orig.ident",0
"2","CNP0000460_P07N",298,0.4,"specimen_orig_ident","orig.ident",0.0170675830469645
"3","CNP0000460_P07N",76,0.4,"specimen_orig_ident","orig.ident",0.00460354957901751
"4","CNP0000460_P07N",0,0.4,"specimen_orig_ident","orig.ident",0
"5","CNP0000460_P07N",86,0.4,"specimen_orig_ident","orig.ident",0.00841158059467919
"6","CNP0000460_P07N",0,0.4,"specimen_orig_ident","orig.ident",0
"7","CNP0000460_P07N",53,0.4,"specimen_orig_ident","orig.ident",0.00724340576739101
"8","CNP0000460_P07N",55,0.4,"specimen_orig_ident","orig.ident",0.0085047162517396
"9","CNP0000460_P07N",81,0.4,"specimen_orig_ident","orig.ident",0.0175324675324675
"0","CNP0000460_P07T",133,0.4,"specimen_orig_ident","orig.ident",0.00558682685037386
"1","CNP0000460_P07T",0,0.4,"specimen_orig_ident","orig.ident",0
"2","CNP0000460_P07T",117,0.4,"specimen_orig_ident","orig.ident",0.00670103092783505
"3","CNP0000460_P07T",20,0.4,"specimen_orig_ident","orig.ident",0.00121146041553092
"4","CNP0000460_P07T",0,0.4,"specimen_orig_ident","orig.ident",0
"5","CNP0000460_P07T",244,0.4,"specimen_orig_ident","orig.ident",0.0238654147104851
"6","CNP0000460_P07T",0,0.4,"specimen_orig_ident","orig.ident",0
"7","CNP0000460_P07T",33,0.4,"specimen_orig_ident","orig.ident",0.004510045100451
"8","CNP0000460_P07T",52,0.4,"specimen_orig_ident","orig.ident",0.00804082263800835
"9","CNP0000460_P07T",31,0.4,"specimen_orig_ident","orig.ident",0.00670995670995671
"0","GSE326225_BC1",4,0.4,"specimen_orig_ident","orig.ident",0.000168024867680417
"1","GSE326225_BC1",0,0.4,"specimen_orig_ident","orig.ident",0
"2","GSE326225_BC1",3,0.4,"specimen_orig_ident","orig.ident",0.000171821305841924
"3","GSE326225_BC1",9,0.4,"specimen_orig_ident","orig.ident",0.000545157186988915
"4","GSE326225_BC1",0,0.4,"specimen_orig_ident","orig.ident",0
"5","GSE326225_BC1",4,0.4,"specimen_orig_ident","orig.ident",0.000391236306729264
"6","GSE326225_BC1",0,0.4,"specimen_orig_ident","orig.ident",0
"7","GSE326225_BC1",0,0.4,"specimen_orig_ident","orig.ident",0
"8","GSE326225_BC1",4,0.4,"specimen_orig_ident","orig.ident",0.000618524818308335
"9","GSE326225_BC1",0,0.4,"specimen_orig_ident","orig.ident",0
"0","GSE326225_BC2",6,0.4,"specimen_orig_ident","orig.ident",0.000252037301520625
"1","GSE326225_BC2",0,0.4,"specimen_orig_ident","orig.ident",0
"2","GSE326225_BC2",3,0.4,"specimen_orig_ident","orig.ident",0.000171821305841924
"3","GSE326225_BC2",9,0.4,"specimen_orig_ident","orig.ident",0.000545157186988915
"4","GSE326225_BC2",0,0.4,"specimen_orig_ident","orig.ident",0
"5","GSE326225_BC2",2,0.4,"specimen_orig_ident","orig.ident",0.000195618153364632
"6","GSE326225_BC2",0,0.4,"specimen_orig_ident","orig.ident",0
"7","GSE326225_BC2",0,0.4,"specimen_orig_ident","orig.ident",0
"8","GSE326225_BC2",11,0.4,"specimen_orig_ident","orig.ident",0.00170094325034792
"9","GSE326225_BC2",1,0.4,"specimen_orig_ident","orig.ident",0.000216450216450216
"0","GSE326225_BC3",43,0.4,"specimen_orig_ident","orig.ident",0.00180626732756448
"1","GSE326225_BC3",2,0.4,"specimen_orig_ident","orig.ident",0.000113134970019233
"2","GSE326225_BC3",54,0.4,"specimen_orig_ident","orig.ident",0.00309278350515464
"3","GSE326225_BC3",15,0.4,"specimen_orig_ident","orig.ident",0.000908595311648192
"4","GSE326225_BC3",3,0.4,"specimen_orig_ident","orig.ident",0.000263319582199596
"5","GSE326225_BC3",24,0.4,"specimen_orig_ident","orig.ident",0.00234741784037559
"6","GSE326225_BC3",1,0.4,"specimen_orig_ident","orig.ident",0.000107851596203624
"7","GSE326225_BC3",4,0.4,"specimen_orig_ident","orig.ident",0.000546672133388001
"8","GSE326225_BC3",7,0.4,"specimen_orig_ident","orig.ident",0.00108241843203959
"9","GSE326225_BC3",5,0.4,"specimen_orig_ident","orig.ident",0.00108225108225108
"0","GSE326225_BC4",643,0.4,"specimen_orig_ident","orig.ident",0.027009997479627
"1","GSE326225_BC4",0,0.4,"specimen_orig_ident","orig.ident",0
"2","GSE326225_BC4",121,0.4,"specimen_orig_ident","orig.ident",0.00693012600229095
"3","GSE326225_BC4",1392,0.4,"specimen_orig_ident","orig.ident",0.0843176449209522
"4","GSE326225_BC4",0,0.4,"specimen_orig_ident","orig.ident",0
"5","GSE326225_BC4",329,0.4,"specimen_orig_ident","orig.ident",0.032179186228482
"6","GSE326225_BC4",2,0.4,"specimen_orig_ident","orig.ident",0.000215703192407248
"7","GSE326225_BC4",109,0.4,"specimen_orig_ident","orig.ident",0.014896815634823
"8","GSE326225_BC4",151,0.4,"specimen_orig_ident","orig.ident",0.0233493118911396
"9","GSE326225_BC4",53,0.4,"specimen_orig_ident","orig.ident",0.0114718614718615
"0","GSE326225_BC5",1,0.4,"specimen_orig_ident","orig.ident",4.20062169201042e-05
"1","GSE326225_BC5",0,0.4,"specimen_orig_ident","orig.ident",0
"2","GSE326225_BC5",1,0.4,"specimen_orig_ident","orig.ident",5.72737686139748e-05
"3","GSE326225_BC5",0,0.4,"specimen_orig_ident","orig.ident",0
"4","GSE326225_BC5",0,0.4,"specimen_orig_ident","orig.ident",0
"5","GSE326225_BC5",0,0.4,"specimen_orig_ident","orig.ident",0
"6","GSE326225_BC5",0,0.4,"specimen_orig_ident","orig.ident",0
"7","GSE326225_BC5",0,0.4,"specimen_orig_ident","orig.ident",0
"8","GSE326225_BC5",1,0.4,"specimen_orig_ident","orig.ident",0.000154631204577084
"9","GSE326225_BC5",0,0.4,"specimen_orig_ident","orig.ident",0
"0","GSE326225_BC6",156,0.4,"specimen_orig_ident","orig.ident",0.00655296983953625
"1","GSE326225_BC6",0,0.4,"specimen_orig_ident","orig.ident",0
"2","GSE326225_BC6",72,0.4,"specimen_orig_ident","orig.ident",0.00412371134020619
"3","GSE326225_BC6",95,0.4,"specimen_orig_ident","orig.ident",0.00575443697377188
"4","GSE326225_BC6",0,0.4,"specimen_orig_ident","orig.ident",0
"5","GSE326225_BC6",106,0.4,"specimen_orig_ident","orig.ident",0.0103677621283255
"6","GSE326225_BC6",5,0.4,"specimen_orig_ident","orig.ident",0.000539257981018119
"7","GSE326225_BC6",38,0.4,"specimen_orig_ident","orig.ident",0.00519338526718601
"8","GSE326225_BC6",9,0.4,"specimen_orig_ident","orig.ident",0.00139168084119375
"9","GSE326225_BC6",31,0.4,"specimen_orig_ident","orig.ident",0.00670995670995671
"0","GSE326225_BC7",114,0.4,"specimen_orig_ident","orig.ident",0.00478870872889188
"1","GSE326225_BC7",0,0.4,"specimen_orig_ident","orig.ident",0
"2","GSE326225_BC7",88,0.4,"specimen_orig_ident","orig.ident",0.00504009163802978
"3","GSE326225_BC7",37,0.4,"specimen_orig_ident","orig.ident",0.00224120176873221
"4","GSE326225_BC7",0,0.4,"specimen_orig_ident","orig.ident",0
"5","GSE326225_BC7",5,0.4,"specimen_orig_ident","orig.ident",0.000489045383411581
"6","GSE326225_BC7",0,0.4,"specimen_orig_ident","orig.ident",0
"7","GSE326225_BC7",1,0.4,"specimen_orig_ident","orig.ident",0.000136668033347
"8","GSE326225_BC7",2,0.4,"specimen_orig_ident","orig.ident",0.000309262409154167
"9","GSE326225_BC7",8,0.4,"specimen_orig_ident","orig.ident",0.00173160173160173
"0","GSE326225_BC8",135,0.4,"specimen_orig_ident","orig.ident",0.00567083928421406
"1","GSE326225_BC8",0,0.4,"specimen_orig_ident","orig.ident",0
"2","GSE326225_BC8",172,0.4,"specimen_orig_ident","orig.ident",0.00985108820160367
"3","GSE326225_BC8",51,0.4,"specimen_orig_ident","orig.ident",0.00308922405960385
"4","GSE326225_BC8",0,0.4,"specimen_orig_ident","orig.ident",0
"5","GSE326225_BC8",37,0.4,"specimen_orig_ident","orig.ident",0.0036189358372457
"6","GSE326225_BC8",0,0.4,"specimen_orig_ident","orig.ident",0
"7","GSE326225_BC8",14,0.4,"specimen_orig_ident","orig.ident",0.001913352466858
"8","GSE326225_BC8",18,0.4,"specimen_orig_ident","orig.ident",0.00278336168238751
"9","GSE326225_BC8",36,0.4,"specimen_orig_ident","orig.ident",0.00779220779220779
"0","HRA003620_BC-01",1359,0.4,"specimen_orig_ident","orig.ident",0.0570864487944216
"1","HRA003620_BC-01",0,0.4,"specimen_orig_ident","orig.ident",0
"2","HRA003620_BC-01",938,0.4,"specimen_orig_ident","orig.ident",0.0537227949599084
"3","HRA003620_BC-01",1632,0.4,"specimen_orig_ident","orig.ident",0.0988551699073233
"4","HRA003620_BC-01",9,0.4,"specimen_orig_ident","orig.ident",0.000789958746598789
"5","HRA003620_BC-01",993,0.4,"specimen_orig_ident","orig.ident",0.0971244131455399
"6","HRA003620_BC-01",2,0.4,"specimen_orig_ident","orig.ident",0.000215703192407248
"7","HRA003620_BC-01",521,0.4,"specimen_orig_ident","orig.ident",0.0712040453737871
"8","HRA003620_BC-01",160,0.4,"specimen_orig_ident","orig.ident",0.0247409927323334
"9","HRA003620_BC-01",157,0.4,"specimen_orig_ident","orig.ident",0.033982683982684
"0","HRA003620_BC-04",42,0.4,"specimen_orig_ident","orig.ident",0.00176426111064438
"1","HRA003620_BC-04",0,0.4,"specimen_orig_ident","orig.ident",0
"2","HRA003620_BC-04",21,0.4,"specimen_orig_ident","orig.ident",0.00120274914089347
"3","HRA003620_BC-04",8,0.4,"specimen_orig_ident","orig.ident",0.000484584166212369
"4","HRA003620_BC-04",0,0.4,"specimen_orig_ident","orig.ident",0
"5","HRA003620_BC-04",27,0.4,"specimen_orig_ident","orig.ident",0.00264084507042254
"6","HRA003620_BC-04",0,0.4,"specimen_orig_ident","orig.ident",0
"7","HRA003620_BC-04",17,0.4,"specimen_orig_ident","orig.ident",0.002323356566899
"8","HRA003620_BC-04",19,0.4,"specimen_orig_ident","orig.ident",0.00293799288696459
"9","HRA003620_BC-04",12,0.4,"specimen_orig_ident","orig.ident",0.0025974025974026
"0","HRA003620_BC-05",590,0.4,"specimen_orig_ident","orig.ident",0.0247836679828615
"1","HRA003620_BC-05",0,0.4,"specimen_orig_ident","orig.ident",0
"2","HRA003620_BC-05",271,0.4,"specimen_orig_ident","orig.ident",0.0155211912943872
"3","HRA003620_BC-05",792,0.4,"specimen_orig_ident","orig.ident",0.0479738324550245
"4","HRA003620_BC-05",1,0.4,"specimen_orig_ident","orig.ident",8.77731940665321e-05
"5","HRA003620_BC-05",403,0.4,"specimen_orig_ident","orig.ident",0.0394170579029734
"6","HRA003620_BC-05",1,0.4,"specimen_orig_ident","orig.ident",0.000107851596203624
"7","HRA003620_BC-05",174,0.4,"specimen_orig_ident","orig.ident",0.023780237802378
"8","HRA003620_BC-05",59,0.4,"specimen_orig_ident","orig.ident",0.00912324107004794
"9","HRA003620_BC-05",111,0.4,"specimen_orig_ident","orig.ident",0.024025974025974
"0","HRA003620_BC-11",878,0.4,"specimen_orig_ident","orig.ident",0.0368814584558515
"1","HRA003620_BC-11",0,0.4,"specimen_orig_ident","orig.ident",0
"2","HRA003620_BC-11",381,0.4,"specimen_orig_ident","orig.ident",0.0218213058419244
"3","HRA003620_BC-11",3421,0.4,"specimen_orig_ident","orig.ident",0.207220304076564
"4","HRA003620_BC-11",4,0.4,"specimen_orig_ident","orig.ident",0.000351092776266128
"5","HRA003620_BC-11",802,0.4,"specimen_orig_ident","orig.ident",0.0784428794992175
"6","HRA003620_BC-11",0,0.4,"specimen_orig_ident","orig.ident",0
"7","HRA003620_BC-11",625,0.4,"specimen_orig_ident","orig.ident",0.0854175208418751
"8","HRA003620_BC-11",131,0.4,"specimen_orig_ident","orig.ident",0.020256687799598
"9","HRA003620_BC-11",114,0.4,"specimen_orig_ident","orig.ident",0.0246753246753247
"0","HRA003620_BC-24",1381,0.4,"specimen_orig_ident","orig.ident",0.0580105855666639
"1","HRA003620_BC-24",0,0.4,"specimen_orig_ident","orig.ident",0
"2","HRA003620_BC-24",542,0.4,"specimen_orig_ident","orig.ident",0.0310423825887743
"3","HRA003620_BC-24",1217,0.4,"specimen_orig_ident","orig.ident",0.0737173662850566
"4","HRA003620_BC-24",0,0.4,"specimen_orig_ident","orig.ident",0
"5","HRA003620_BC-24",57,0.4,"specimen_orig_ident","orig.ident",0.00557511737089202
"6","HRA003620_BC-24",0,0.4,"specimen_orig_ident","orig.ident",0
"7","HRA003620_BC-24",240,0.4,"specimen_orig_ident","orig.ident",0.03280032800328
"8","HRA003620_BC-24",306,0.4,"specimen_orig_ident","orig.ident",0.0473171486005876
"9","HRA003620_BC-24",66,0.4,"specimen_orig_ident","orig.ident",0.0142857142857143
"0","HRA003620_BC-27",781,0.4,"specimen_orig_ident","orig.ident",0.0328068554146014
"1","HRA003620_BC-27",0,0.4,"specimen_orig_ident","orig.ident",0
"2","HRA003620_BC-27",403,0.4,"specimen_orig_ident","orig.ident",0.0230813287514318
"3","HRA003620_BC-27",475,0.4,"specimen_orig_ident","orig.ident",0.0287721848688594
"4","HRA003620_BC-27",0,0.4,"specimen_orig_ident","orig.ident",0
"5","HRA003620_BC-27",310,0.4,"specimen_orig_ident","orig.ident",0.030320813771518
"6","HRA003620_BC-27",0,0.4,"specimen_orig_ident","orig.ident",0
"7","HRA003620_BC-27",374,0.4,"specimen_orig_ident","orig.ident",0.0511138444717781
"8","HRA003620_BC-27",52,0.4,"specimen_orig_ident","orig.ident",0.00804082263800835
"9","HRA003620_BC-27",150,0.4,"specimen_orig_ident","orig.ident",0.0324675324675325
"0","HRA003620_BC-30",1497,0.4,"specimen_orig_ident","orig.ident",0.0628833067293959
"1","HRA003620_BC-30",0,0.4,"specimen_orig_ident","orig.ident",0
"2","HRA003620_BC-30",584,0.4,"specimen_orig_ident","orig.ident",0.0334478808705613
"3","HRA003620_BC-30",1200,0.4,"specimen_orig_ident","orig.ident",0.0726876249318553
"4","HRA003620_BC-30",0,0.4,"specimen_orig_ident","orig.ident",0
"5","HRA003620_BC-30",318,0.4,"specimen_orig_ident","orig.ident",0.0311032863849765
"6","HRA003620_BC-30",0,0.4,"specimen_orig_ident","orig.ident",0
"7","HRA003620_BC-30",483,0.4,"specimen_orig_ident","orig.ident",0.0660106601066011
"8","HRA003620_BC-30",295,0.4,"specimen_orig_ident","orig.ident",0.0456162053502397
"9","HRA003620_BC-30",67,0.4,"specimen_orig_ident","orig.ident",0.0145021645021645
"0","HRA003620_NC-01",110,0.4,"specimen_orig_ident","orig.ident",0.00462068386121146
"1","HRA003620_NC-01",0,0.4,"specimen_orig_ident","orig.ident",0
"2","HRA003620_NC-01",229,0.4,"specimen_orig_ident","orig.ident",0.0131156930126002
"3","HRA003620_NC-01",81,0.4,"specimen_orig_ident","orig.ident",0.00490641468290024
"4","HRA003620_NC-01",0,0.4,"specimen_orig_ident","orig.ident",0
"5","HRA003620_NC-01",64,0.4,"specimen_orig_ident","orig.ident",0.00625978090766823
"6","HRA003620_NC-01",0,0.4,"specimen_orig_ident","orig.ident",0
"7","HRA003620_NC-01",51,0.4,"specimen_orig_ident","orig.ident",0.00697006970069701
"8","HRA003620_NC-01",35,0.4,"specimen_orig_ident","orig.ident",0.00541209216019793
"9","HRA003620_NC-01",93,0.4,"specimen_orig_ident","orig.ident",0.0201298701298701
"0","HRA003620_NC-04",114,0.4,"specimen_orig_ident","orig.ident",0.00478870872889188
"1","HRA003620_NC-04",0,0.4,"specimen_orig_ident","orig.ident",0
"2","HRA003620_NC-04",112,0.4,"specimen_orig_ident","orig.ident",0.00641466208476518
"3","HRA003620_NC-04",9,0.4,"specimen_orig_ident","orig.ident",0.000545157186988915
"4","HRA003620_NC-04",0,0.4,"specimen_orig_ident","orig.ident",0
"5","HRA003620_NC-04",14,0.4,"specimen_orig_ident","orig.ident",0.00136932707355243
"6","HRA003620_NC-04",0,0.4,"specimen_orig_ident","orig.ident",0
"7","HRA003620_NC-04",77,0.4,"specimen_orig_ident","orig.ident",0.010523438567719
"8","HRA003620_NC-04",28,0.4,"specimen_orig_ident","orig.ident",0.00432967372815834
"9","HRA003620_NC-04",36,0.4,"specimen_orig_ident","orig.ident",0.00779220779220779
"0","HRA003620_NC-05",666,0.4,"specimen_orig_ident","orig.ident",0.0279761404687894
"1","HRA003620_NC-05",0,0.4,"specimen_orig_ident","orig.ident",0
"2","HRA003620_NC-05",241,0.4,"specimen_orig_ident","orig.ident",0.0138029782359679
"3","HRA003620_NC-05",454,0.4,"specimen_orig_ident","orig.ident",0.0275001514325519
"4","HRA003620_NC-05",2,0.4,"specimen_orig_ident","orig.ident",0.000175546388133064
"5","HRA003620_NC-05",416,0.4,"specimen_orig_ident","orig.ident",0.0406885758998435
"6","HRA003620_NC-05",1,0.4,"specimen_orig_ident","orig.ident",0.000107851596203624
"7","HRA003620_NC-05",241,0.4,"specimen_orig_ident","orig.ident",0.032936996036627
"8","HRA003620_NC-05",69,0.4,"specimen_orig_ident","orig.ident",0.0106695531158188
"9","HRA003620_NC-05",108,0.4,"specimen_orig_ident","orig.ident",0.0233766233766234
"0","HRA003620_NC-11",780,0.4,"specimen_orig_ident","orig.ident",0.0327648491976813
"1","HRA003620_NC-11",0,0.4,"specimen_orig_ident","orig.ident",0
"2","HRA003620_NC-11",368,0.4,"specimen_orig_ident","orig.ident",0.0210767468499427
"3","HRA003620_NC-11",627,0.4,"specimen_orig_ident","orig.ident",0.0379792840268944
"4","HRA003620_NC-11",3,0.4,"specimen_orig_ident","orig.ident",0.000263319582199596
"5","HRA003620_NC-11",303,0.4,"specimen_orig_ident","orig.ident",0.0296361502347418
"6","HRA003620_NC-11",0,0.4,"specimen_orig_ident","orig.ident",0
"7","HRA003620_NC-11",903,0.4,"specimen_orig_ident","orig.ident",0.123411234112341
"8","HRA003620_NC-11",546,0.4,"specimen_orig_ident","orig.ident",0.0844286376990877
"9","HRA003620_NC-11",100,0.4,"specimen_orig_ident","orig.ident",0.0216450216450216
"0","HRA003620_NC-24",812,0.4,"specimen_orig_ident","orig.ident",0.0341090481391246
"1","HRA003620_NC-24",0,0.4,"specimen_orig_ident","orig.ident",0
"2","HRA003620_NC-24",433,0.4,"specimen_orig_ident","orig.ident",0.0247995418098511
"3","HRA003620_NC-24",170,0.4,"specimen_orig_ident","orig.ident",0.0102974135320128
"4","HRA003620_NC-24",0,0.4,"specimen_orig_ident","orig.ident",0
"5","HRA003620_NC-24",1,0.4,"specimen_orig_ident","orig.ident",9.78090766823161e-05
"6","HRA003620_NC-24",0,0.4,"specimen_orig_ident","orig.ident",0
"7","HRA003620_NC-24",30,0.4,"specimen_orig_ident","orig.ident",0.00410004100041
"8","HRA003620_NC-24",7,0.4,"specimen_orig_ident","orig.ident",0.00108241843203959
"9","HRA003620_NC-24",41,0.4,"specimen_orig_ident","orig.ident",0.00887445887445888
"0","HRA003620_NC-27",1814,0.4,"specimen_orig_ident","orig.ident",0.076199277493069
"1","HRA003620_NC-27",0,0.4,"specimen_orig_ident","orig.ident",0
"2","HRA003620_NC-27",809,0.4,"specimen_orig_ident","orig.ident",0.0463344788087056
"3","HRA003620_NC-27",206,0.4,"specimen_orig_ident","orig.ident",0.0124780422799685
"4","HRA003620_NC-27",0,0.4,"specimen_orig_ident","orig.ident",0
"5","HRA003620_NC-27",21,0.4,"specimen_orig_ident","orig.ident",0.00205399061032864
"6","HRA003620_NC-27",0,0.4,"specimen_orig_ident","orig.ident",0
"7","HRA003620_NC-27",41,0.4,"specimen_orig_ident","orig.ident",0.00560338936722701
"8","HRA003620_NC-27",26,0.4,"specimen_orig_ident","orig.ident",0.00402041131900418
"9","HRA003620_NC-27",220,0.4,"specimen_orig_ident","orig.ident",0.0476190476190476
"0","HRA003620_NC-30",951,0.4,"specimen_orig_ident","orig.ident",0.0399479122910191
"1","HRA003620_NC-30",0,0.4,"specimen_orig_ident","orig.ident",0
"2","HRA003620_NC-30",1538,0.4,"specimen_orig_ident","orig.ident",0.0880870561282932
"3","HRA003620_NC-30",87,0.4,"specimen_orig_ident","orig.ident",0.00526985280755951
"4","HRA003620_NC-30",0,0.4,"specimen_orig_ident","orig.ident",0
"5","HRA003620_NC-30",369,0.4,"specimen_orig_ident","orig.ident",0.0360915492957746
"6","HRA003620_NC-30",0,0.4,"specimen_orig_ident","orig.ident",0
"7","HRA003620_NC-30",328,0.4,"specimen_orig_ident","orig.ident",0.044827114937816
"8","HRA003620_NC-30",175,0.4,"specimen_orig_ident","orig.ident",0.0270604608009896
"9","HRA003620_NC-30",197,0.4,"specimen_orig_ident","orig.ident",0.0426406926406926
"0","PRJNA662018_PRJNA662018_P1N1",492,0.4,"specimen_orig_ident","orig.ident",0.0206670587246913
"1","PRJNA662018_PRJNA662018_P1N1",0,0.4,"specimen_orig_ident","orig.ident",0
"2","PRJNA662018_PRJNA662018_P1N1",518,0.4,"specimen_orig_ident","orig.ident",0.0296678121420389
"3","PRJNA662018_PRJNA662018_P1N1",64,0.4,"specimen_orig_ident","orig.ident",0.00387667332969895
"4","PRJNA662018_PRJNA662018_P1N1",0,0.4,"specimen_orig_ident","orig.ident",0
"5","PRJNA662018_PRJNA662018_P1N1",192,0.4,"specimen_orig_ident","orig.ident",0.0187793427230047
"6","PRJNA662018_PRJNA662018_P1N1",0,0.4,"specimen_orig_ident","orig.ident",0
"7","PRJNA662018_PRJNA662018_P1N1",137,0.4,"specimen_orig_ident","orig.ident",0.018723520568539
"8","PRJNA662018_PRJNA662018_P1N1",134,0.4,"specimen_orig_ident","orig.ident",0.0207205814133292
"9","PRJNA662018_PRJNA662018_P1N1",47,0.4,"specimen_orig_ident","orig.ident",0.0101731601731602
"0","PRJNA662018_PRJNA662018_P1T1",957,0.4,"specimen_orig_ident","orig.ident",0.0401999495925397
"1","PRJNA662018_PRJNA662018_P1T1",0,0.4,"specimen_orig_ident","orig.ident",0
"2","PRJNA662018_PRJNA662018_P1T1",902,0.4,"specimen_orig_ident","orig.ident",0.0516609392898053
"3","PRJNA662018_PRJNA662018_P1T1",241,0.4,"specimen_orig_ident","orig.ident",0.0145980980071476
"4","PRJNA662018_PRJNA662018_P1T1",0,0.4,"specimen_orig_ident","orig.ident",0
"5","PRJNA662018_PRJNA662018_P1T1",232,0.4,"specimen_orig_ident","orig.ident",0.0226917057902973
"6","PRJNA662018_PRJNA662018_P1T1",0,0.4,"specimen_orig_ident","orig.ident",0
"7","PRJNA662018_PRJNA662018_P1T1",225,0.4,"specimen_orig_ident","orig.ident",0.030750307503075
"8","PRJNA662018_PRJNA662018_P1T1",221,0.4,"specimen_orig_ident","orig.ident",0.0341734962115355
"9","PRJNA662018_PRJNA662018_P1T1",117,0.4,"specimen_orig_ident","orig.ident",0.0253246753246753
"0","PRJNA662018_PRJNA662018_P2T2",1219,0.4,"specimen_orig_ident","orig.ident",0.051205578425607
"1","PRJNA662018_PRJNA662018_P2T2",0,0.4,"specimen_orig_ident","orig.ident",0
"2","PRJNA662018_PRJNA662018_P2T2",837,0.4,"specimen_orig_ident","orig.ident",0.0479381443298969
"3","PRJNA662018_PRJNA662018_P2T2",532,0.4,"specimen_orig_ident","orig.ident",0.0322248470531225
"4","PRJNA662018_PRJNA662018_P2T2",2,0.4,"specimen_orig_ident","orig.ident",0.000175546388133064
"5","PRJNA662018_PRJNA662018_P2T2",565,0.4,"specimen_orig_ident","orig.ident",0.0552621283255086
"6","PRJNA662018_PRJNA662018_P2T2",0,0.4,"specimen_orig_ident","orig.ident",0
"7","PRJNA662018_PRJNA662018_P2T2",298,0.4,"specimen_orig_ident","orig.ident",0.040727073937406
"8","PRJNA662018_PRJNA662018_P2T2",302,0.4,"specimen_orig_ident","orig.ident",0.0466986237822793
"9","PRJNA662018_PRJNA662018_P2T2",137,0.4,"specimen_orig_ident","orig.ident",0.0296536796536797
"0","PRJNA662018_PRJNA662018_P3N3",907,0.4,"specimen_orig_ident","orig.ident",0.0380996387465345
"1","PRJNA662018_PRJNA662018_P3N3",0,0.4,"specimen_orig_ident","orig.ident",0
"2","PRJNA662018_PRJNA662018_P3N3",796,0.4,"specimen_orig_ident","orig.ident",0.0455899198167239
"3","PRJNA662018_PRJNA662018_P3N3",69,0.4,"specimen_orig_ident","orig.ident",0.00417953843358168
"4","PRJNA662018_PRJNA662018_P3N3",0,0.4,"specimen_orig_ident","orig.ident",0
"5","PRJNA662018_PRJNA662018_P3N3",91,0.4,"specimen_orig_ident","orig.ident",0.00890062597809077
"6","PRJNA662018_PRJNA662018_P3N3",0,0.4,"specimen_orig_ident","orig.ident",0
"7","PRJNA662018_PRJNA662018_P3N3",133,0.4,"specimen_orig_ident","orig.ident",0.018176848435151
"8","PRJNA662018_PRJNA662018_P3N3",37,0.4,"specimen_orig_ident","orig.ident",0.0057213545693521
"9","PRJNA662018_PRJNA662018_P3N3",65,0.4,"specimen_orig_ident","orig.ident",0.0140692640692641
"0","PRJNA662018_PRJNA662018_P3T3",587,0.4,"specimen_orig_ident","orig.ident",0.0246576493321012
"1","PRJNA662018_PRJNA662018_P3T3",0,0.4,"specimen_orig_ident","orig.ident",0
"2","PRJNA662018_PRJNA662018_P3T3",384,0.4,"specimen_orig_ident","orig.ident",0.0219931271477663
"3","PRJNA662018_PRJNA662018_P3T3",127,0.4,"specimen_orig_ident","orig.ident",0.00769277363862136
"4","PRJNA662018_PRJNA662018_P3T3",0,0.4,"specimen_orig_ident","orig.ident",0
"5","PRJNA662018_PRJNA662018_P3T3",398,0.4,"specimen_orig_ident","orig.ident",0.0389280125195618
"6","PRJNA662018_PRJNA662018_P3T3",1,0.4,"specimen_orig_ident","orig.ident",0.000107851596203624
"7","PRJNA662018_PRJNA662018_P3T3",197,0.4,"specimen_orig_ident","orig.ident",0.026923602569359
"8","PRJNA662018_PRJNA662018_P3T3",78,0.4,"specimen_orig_ident","orig.ident",0.0120612339570125
"9","PRJNA662018_PRJNA662018_P3T3",56,0.4,"specimen_orig_ident","orig.ident",0.0121212121212121
"0","PRJNA662018_PRJNA662018_P4T4",507,0.4,"specimen_orig_ident","orig.ident",0.0212971519784928
"1","PRJNA662018_PRJNA662018_P4T4",0,0.4,"specimen_orig_ident","orig.ident",0
"2","PRJNA662018_PRJNA662018_P4T4",395,0.4,"specimen_orig_ident","orig.ident",0.02262313860252
"3","PRJNA662018_PRJNA662018_P4T4",814,0.4,"specimen_orig_ident","orig.ident",0.0493064389121085
"4","PRJNA662018_PRJNA662018_P4T4",0,0.4,"specimen_orig_ident","orig.ident",0
"5","PRJNA662018_PRJNA662018_P4T4",370,0.4,"specimen_orig_ident","orig.ident",0.036189358372457
"6","PRJNA662018_PRJNA662018_P4T4",0,0.4,"specimen_orig_ident","orig.ident",0
"7","PRJNA662018_PRJNA662018_P4T4",184,0.4,"specimen_orig_ident","orig.ident",0.025146918135848
"8","PRJNA662018_PRJNA662018_P4T4",121,0.4,"specimen_orig_ident","orig.ident",0.0187103757538271
"9","PRJNA662018_PRJNA662018_P4T4",135,0.4,"specimen_orig_ident","orig.ident",0.0292207792207792
"0","PRJNA662018_PRJNA662018_P5T5",74,0.4,"specimen_orig_ident","orig.ident",0.00310846005208771
"1","PRJNA662018_PRJNA662018_P5T5",0,0.4,"specimen_orig_ident","orig.ident",0
"2","PRJNA662018_PRJNA662018_P5T5",59,0.4,"specimen_orig_ident","orig.ident",0.00337915234822451
"3","PRJNA662018_PRJNA662018_P5T5",11,0.4,"specimen_orig_ident","orig.ident",0.000666303228542007
"4","PRJNA662018_PRJNA662018_P5T5",0,0.4,"specimen_orig_ident","orig.ident",0
"5","PRJNA662018_PRJNA662018_P5T5",2,0.4,"specimen_orig_ident","orig.ident",0.000195618153364632
"6","PRJNA662018_PRJNA662018_P5T5",0,0.4,"specimen_orig_ident","orig.ident",0
"7","PRJNA662018_PRJNA662018_P5T5",5,0.4,"specimen_orig_ident","orig.ident",0.000683340166735001
"8","PRJNA662018_PRJNA662018_P5T5",3,0.4,"specimen_orig_ident","orig.ident",0.000463893613731251
"9","PRJNA662018_PRJNA662018_P5T5",1,0.4,"specimen_orig_ident","orig.ident",0.000216450216450216
"0","PRJNA662018_PRJNA662018_P6N2",483,0.4,"specimen_orig_ident","orig.ident",0.0202890027724103
"1","PRJNA662018_PRJNA662018_P6N2",0,0.4,"specimen_orig_ident","orig.ident",0
"2","PRJNA662018_PRJNA662018_P6N2",537,0.4,"specimen_orig_ident","orig.ident",0.0307560137457045
"3","PRJNA662018_PRJNA662018_P6N2",36,0.4,"specimen_orig_ident","orig.ident",0.00218062874795566
"4","PRJNA662018_PRJNA662018_P6N2",0,0.4,"specimen_orig_ident","orig.ident",0
"5","PRJNA662018_PRJNA662018_P6N2",316,0.4,"specimen_orig_ident","orig.ident",0.0309076682316119
"6","PRJNA662018_PRJNA662018_P6N2",0,0.4,"specimen_orig_ident","orig.ident",0
"7","PRJNA662018_PRJNA662018_P6N2",136,0.4,"specimen_orig_ident","orig.ident",0.018586852535192
"8","PRJNA662018_PRJNA662018_P6N2",43,0.4,"specimen_orig_ident","orig.ident",0.0066491417968146
"9","PRJNA662018_PRJNA662018_P6N2",51,0.4,"specimen_orig_ident","orig.ident",0.011038961038961
"0","PRJNA662018_PRJNA662018_P6T6",12,0.4,"specimen_orig_ident","orig.ident",0.00050407460304125
"1","PRJNA662018_PRJNA662018_P6T6",0,0.4,"specimen_orig_ident","orig.ident",0
"2","PRJNA662018_PRJNA662018_P6T6",12,0.4,"specimen_orig_ident","orig.ident",0.000687285223367698
"3","PRJNA662018_PRJNA662018_P6T6",0,0.4,"specimen_orig_ident","orig.ident",0
"4","PRJNA662018_PRJNA662018_P6T6",0,0.4,"specimen_orig_ident","orig.ident",0
"5","PRJNA662018_PRJNA662018_P6T6",1,0.4,"specimen_orig_ident","orig.ident",9.78090766823161e-05
"6","PRJNA662018_PRJNA662018_P6T6",0,0.4,"specimen_orig_ident","orig.ident",0
"7","PRJNA662018_PRJNA662018_P6T6",1,0.4,"specimen_orig_ident","orig.ident",0.000136668033347
"8","PRJNA662018_PRJNA662018_P6T6",0,0.4,"specimen_orig_ident","orig.ident",0
"9","PRJNA662018_PRJNA662018_P6T6",3,0.4,"specimen_orig_ident","orig.ident",0.000649350649350649
"0","PRJNA662018_PRJNA662018_P7T7",313,0.4,"specimen_orig_ident","orig.ident",0.0131479458959926
"1","PRJNA662018_PRJNA662018_P7T7",0,0.4,"specimen_orig_ident","orig.ident",0
"2","PRJNA662018_PRJNA662018_P7T7",385,0.4,"specimen_orig_ident","orig.ident",0.0220504009163803
"3","PRJNA662018_PRJNA662018_P7T7",56,0.4,"specimen_orig_ident","orig.ident",0.00339208916348658
"4","PRJNA662018_PRJNA662018_P7T7",0,0.4,"specimen_orig_ident","orig.ident",0
"5","PRJNA662018_PRJNA662018_P7T7",251,0.4,"specimen_orig_ident","orig.ident",0.0245500782472613
"6","PRJNA662018_PRJNA662018_P7T7",0,0.4,"specimen_orig_ident","orig.ident",0
"7","PRJNA662018_PRJNA662018_P7T7",48,0.4,"specimen_orig_ident","orig.ident",0.00656006560065601
"8","PRJNA662018_PRJNA662018_P7T7",9,0.4,"specimen_orig_ident","orig.ident",0.00139168084119375
"9","PRJNA662018_PRJNA662018_P7T7",27,0.4,"specimen_orig_ident","orig.ident",0.00584415584415584
"0","PRJNA662018_PRJNA662018_P8T8",1,0.4,"specimen_orig_ident","orig.ident",4.20062169201042e-05
"1","PRJNA662018_PRJNA662018_P8T8",0,0.4,"specimen_orig_ident","orig.ident",0
"2","PRJNA662018_PRJNA662018_P8T8",3,0.4,"specimen_orig_ident","orig.ident",0.000171821305841924
"3","PRJNA662018_PRJNA662018_P8T8",0,0.4,"specimen_orig_ident","orig.ident",0
"4","PRJNA662018_PRJNA662018_P8T8",0,0.4,"specimen_orig_ident","orig.ident",0
"5","PRJNA662018_PRJNA662018_P8T8",9,0.4,"specimen_orig_ident","orig.ident",0.000880281690140845
"6","PRJNA662018_PRJNA662018_P8T8",0,0.4,"specimen_orig_ident","orig.ident",0
"7","PRJNA662018_PRJNA662018_P8T8",2,0.4,"specimen_orig_ident","orig.ident",0.000273336066694
"8","PRJNA662018_PRJNA662018_P8T8",6,0.4,"specimen_orig_ident","orig.ident",0.000927787227462502
"9","PRJNA662018_PRJNA662018_P8T8",0,0.4,"specimen_orig_ident","orig.ident",0
"0","T4091568",1,0.4,"specimen_orig_ident","orig.ident",4.20062169201042e-05
"1","T4091568",1124,0.4,"specimen_orig_ident","orig.ident",0.0635818531508089
"2","T4091568",31,0.4,"specimen_orig_ident","orig.ident",0.00177548682703322
"3","T4091568",0,0.4,"specimen_orig_ident","orig.ident",0
"4","T4091568",738,0.4,"specimen_orig_ident","orig.ident",0.0647766172211007
"5","T4091568",8,0.4,"specimen_orig_ident","orig.ident",0.000782472613458529
"6","T4091568",359,0.4,"specimen_orig_ident","orig.ident",0.038718723037101
"7","T4091568",5,0.4,"specimen_orig_ident","orig.ident",0.000683340166735001
"8","T4091568",79,0.4,"specimen_orig_ident","orig.ident",0.0122158651615896
"9","T4091568",105,0.4,"specimen_orig_ident","orig.ident",0.0227272727272727
"0","T4295396",0,0.4,"specimen_orig_ident","orig.ident",0
"1","T4295396",1705,0.4,"specimen_orig_ident","orig.ident",0.0964475619413961
"2","T4295396",21,0.4,"specimen_orig_ident","orig.ident",0.00120274914089347
"3","T4295396",1,0.4,"specimen_orig_ident","orig.ident",6.05730207765461e-05
"4","T4295396",1585,0.4,"specimen_orig_ident","orig.ident",0.139120512595453
"5","T4295396",7,0.4,"specimen_orig_ident","orig.ident",0.000684663536776213
"6","T4295396",785,0.4,"specimen_orig_ident","orig.ident",0.0846635030198447
"7","T4295396",46,0.4,"specimen_orig_ident","orig.ident",0.00628672953396201
"8","T4295396",299,0.4,"specimen_orig_ident","orig.ident",0.046234730168548
"9","T4295396",51,0.4,"specimen_orig_ident","orig.ident",0.011038961038961
"0","T4380845",0,0.4,"specimen_orig_ident","orig.ident",0
"1","T4380845",1117,0.4,"specimen_orig_ident","orig.ident",0.0631858807557416
"2","T4380845",11,0.4,"specimen_orig_ident","orig.ident",0.000630011454753723
"3","T4380845",1,0.4,"specimen_orig_ident","orig.ident",6.05730207765461e-05
"4","T4380845",446,0.4,"specimen_orig_ident","orig.ident",0.0391468445536733
"5","T4380845",5,0.4,"specimen_orig_ident","orig.ident",0.000489045383411581
"6","T4380845",302,0.4,"specimen_orig_ident","orig.ident",0.0325711820534944
"7","T4380845",7,0.4,"specimen_orig_ident","orig.ident",0.000956676233429001
"8","T4380845",64,0.4,"specimen_orig_ident","orig.ident",0.00989639709293335
"9","T4380845",92,0.4,"specimen_orig_ident","orig.ident",0.0199134199134199
"0","T4398343",0,0.4,"specimen_orig_ident","orig.ident",0
"1","T4398343",1435,0.4,"specimen_orig_ident","orig.ident",0.0811743409887996
"2","T4398343",49,0.4,"specimen_orig_ident","orig.ident",0.00280641466208477
"3","T4398343",0,0.4,"specimen_orig_ident","orig.ident",0
"4","T4398343",1584,0.4,"specimen_orig_ident","orig.ident",0.139032739401387
"5","T4398343",22,0.4,"specimen_orig_ident","orig.ident",0.00215179968701095
"6","T4398343",1667,0.4,"specimen_orig_ident","orig.ident",0.179788610871441
"7","T4398343",38,0.4,"specimen_orig_ident","orig.ident",0.00519338526718601
"8","T4398343",499,0.4,"specimen_orig_ident","orig.ident",0.0771609710839647
"9","T4398343",182,0.4,"specimen_orig_ident","orig.ident",0.0393939393939394
"0","T4450398",0,0.4,"specimen_orig_ident","orig.ident",0
"1","T4450398",3041,0.4,"specimen_orig_ident","orig.ident",0.172021721914244
"2","T4450398",120,0.4,"specimen_orig_ident","orig.ident",0.00687285223367698
"3","T4450398",0,0.4,"specimen_orig_ident","orig.ident",0
"4","T4450398",1532,0.4,"specimen_orig_ident","orig.ident",0.134468533309927
"5","T4450398",38,0.4,"specimen_orig_ident","orig.ident",0.00371674491392801
"6","T4450398",927,0.4,"specimen_orig_ident","orig.ident",0.0999784296807593
"7","T4450398",31,0.4,"specimen_orig_ident","orig.ident",0.004236709033757
"8","T4450398",220,0.4,"specimen_orig_ident","orig.ident",0.0340188650069584
"9","T4450398",62,0.4,"specimen_orig_ident","orig.ident",0.0134199134199134
"0","T4463209a",1,0.4,"specimen_orig_ident","orig.ident",4.20062169201042e-05
"1","T4463209a",1583,0.4,"specimen_orig_ident","orig.ident",0.0895463287702229
"2","T4463209a",26,0.4,"specimen_orig_ident","orig.ident",0.00148911798396334
"3","T4463209a",0,0.4,"specimen_orig_ident","orig.ident",0
"4","T4463209a",790,0.4,"specimen_orig_ident","orig.ident",0.0693408233125603
"5","T4463209a",35,0.4,"specimen_orig_ident","orig.ident",0.00342331768388106
"6","T4463209a",1562,0.4,"specimen_orig_ident","orig.ident",0.16846419327006
"7","T4463209a",31,0.4,"specimen_orig_ident","orig.ident",0.004236709033757
"8","T4463209a",356,0.4,"specimen_orig_ident","orig.ident",0.0550487088294418
"9","T4463209a",263,0.4,"specimen_orig_ident","orig.ident",0.0569264069264069
"0","T4463209b",1,0.4,"specimen_orig_ident","orig.ident",4.20062169201042e-05
"1","T4463209b",1123,0.4,"specimen_orig_ident","orig.ident",0.0635252856657993
"2","T4463209b",29,0.4,"specimen_orig_ident","orig.ident",0.00166093928980527
"3","T4463209b",0,0.4,"specimen_orig_ident","orig.ident",0
"4","T4463209b",774,0.4,"specimen_orig_ident","orig.ident",0.0679364522074958
"5","T4463209b",15,0.4,"specimen_orig_ident","orig.ident",0.00146713615023474
"6","T4463209b",481,0.4,"specimen_orig_ident","orig.ident",0.0518766177739431
"7","T4463209b",17,0.4,"specimen_orig_ident","orig.ident",0.002323356566899
"8","T4463209b",242,0.4,"specimen_orig_ident","orig.ident",0.0374207515076542
"9","T4463209b",150,0.4,"specimen_orig_ident","orig.ident",0.0324675324675325
"0","T4465219",40,0.4,"specimen_orig_ident","orig.ident",0.00168024867680417
"1","T4465219",278,0.4,"specimen_orig_ident","orig.ident",0.0157257608326734
"2","T4465219",144,0.4,"specimen_orig_ident","orig.ident",0.00824742268041237
"3","T4465219",14,0.4,"specimen_orig_ident","orig.ident",0.000848022290871646
"4","T4465219",187,0.4,"specimen_orig_ident","orig.ident",0.0164135872904415
"5","T4465219",7,0.4,"specimen_orig_ident","orig.ident",0.000684663536776213
"6","T4465219",129,0.4,"specimen_orig_ident","orig.ident",0.0139128559102675
"7","T4465219",5,0.4,"specimen_orig_ident","orig.ident",0.000683340166735001
"8","T4465219",411,0.4,"specimen_orig_ident","orig.ident",0.0635534250811814
"9","T4465219",157,0.4,"specimen_orig_ident","orig.ident",0.033982683982684
"0","T4465935",0,0.4,"specimen_orig_ident","orig.ident",0
"1","T4465935",638,0.4,"specimen_orig_ident","orig.ident",0.0360900554361353
"2","T4465935",52,0.4,"specimen_orig_ident","orig.ident",0.00297823596792669
"3","T4465935",1,0.4,"specimen_orig_ident","orig.ident",6.05730207765461e-05
"4","T4465935",1008,0.4,"specimen_orig_ident","orig.ident",0.0884753796190643
"5","T4465935",28,0.4,"specimen_orig_ident","orig.ident",0.00273865414710485
"6","T4465935",811,0.4,"specimen_orig_ident","orig.ident",0.0874676445211389
"7","T4465935",3,0.4,"specimen_orig_ident","orig.ident",0.000410004100041
"8","T4465935",77,0.4,"specimen_orig_ident","orig.ident",0.0119066027524354
"9","T4465935",116,0.4,"specimen_orig_ident","orig.ident",0.0251082251082251
"0","T4466585",0,0.4,"specimen_orig_ident","orig.ident",0
"1","T4466585",370,0.4,"specimen_orig_ident","orig.ident",0.0209299694535581
"2","T4466585",17,0.4,"specimen_orig_ident","orig.ident",0.000973654066437572
"3","T4466585",0,0.4,"specimen_orig_ident","orig.ident",0
"4","T4466585",489,0.4,"specimen_orig_ident","orig.ident",0.0429210918985342
"5","T4466585",6,0.4,"specimen_orig_ident","orig.ident",0.000586854460093897
"6","T4466585",223,0.4,"specimen_orig_ident","orig.ident",0.0240509059534081
"7","T4466585",0,0.4,"specimen_orig_ident","orig.ident",0
"8","T4466585",32,0.4,"specimen_orig_ident","orig.ident",0.00494819854646668
"9","T4466585",33,0.4,"specimen_orig_ident","orig.ident",0.00714285714285714
"0","T4469479",0,0.4,"specimen_orig_ident","orig.ident",0
"1","T4469479",1121,0.4,"specimen_orig_ident","orig.ident",0.0634121506957801
"2","T4469479",49,0.4,"specimen_orig_ident","orig.ident",0.00280641466208477
"3","T4469479",0,0.4,"specimen_orig_ident","orig.ident",0
"4","T4469479",659,0.4,"specimen_orig_ident","orig.ident",0.0578425348898446
"5","T4469479",26,0.4,"specimen_orig_ident","orig.ident",0.00254303599374022
"6","T4469479",679,0.4,"specimen_orig_ident","orig.ident",0.0732312338222606
"7","T4469479",3,0.4,"specimen_orig_ident","orig.ident",0.000410004100041
"8","T4469479",115,0.4,"specimen_orig_ident","orig.ident",0.0177825885263646
"9","T4469479",81,0.4,"specimen_orig_ident","orig.ident",0.0175324675324675
"0","T4471438",0,0.4,"specimen_orig_ident","orig.ident",0
"1","T4471438",3404,0.4,"specimen_orig_ident","orig.ident",0.192555718972734
"2","T4471438",67,0.4,"specimen_orig_ident","orig.ident",0.00383734249713631
"3","T4471438",0,0.4,"specimen_orig_ident","orig.ident",0
"4","T4471438",1097,0.4,"specimen_orig_ident","orig.ident",0.0962871938909857
"5","T4471438",25,0.4,"specimen_orig_ident","orig.ident",0.0024452269170579
"6","T4471438",947,0.4,"specimen_orig_ident","orig.ident",0.102135461604832
"7","T4471438",1,0.4,"specimen_orig_ident","orig.ident",0.000136668033347
"8","T4471438",108,0.4,"specimen_orig_ident","orig.ident",0.016700170094325
"9","T4471438",426,0.4,"specimen_orig_ident","orig.ident",0.0922077922077922
"0","T8009218",1,0.4,"specimen_orig_ident","orig.ident",4.20062169201042e-05
"1","T8009218",737,0.4,"specimen_orig_ident","orig.ident",0.0416902364520873
"2","T8009218",15,0.4,"specimen_orig_ident","orig.ident",0.000859106529209622
"3","T8009218",1,0.4,"specimen_orig_ident","orig.ident",6.05730207765461e-05
"4","T8009218",478,0.4,"specimen_orig_ident","orig.ident",0.0419555867638023
"5","T8009218",16,0.4,"specimen_orig_ident","orig.ident",0.00156494522691706
"6","T8009218",387,0.4,"specimen_orig_ident","orig.ident",0.0417385677308024
"7","T8009218",9,0.4,"specimen_orig_ident","orig.ident",0.001230012300123
"8","T8009218",263,0.4,"specimen_orig_ident","orig.ident",0.040668006803773
"9","T8009218",53,0.4,"specimen_orig_ident","orig.ident",0.0114718614718615
"0","PRJNA662018_PRJNA662018_P1N1",492,0.4,"specimen_sample_id","sample_id",0.0206670587246913
"1","PRJNA662018_PRJNA662018_P1N1",0,0.4,"specimen_sample_id","sample_id",0
"2","PRJNA662018_PRJNA662018_P1N1",518,0.4,"specimen_sample_id","sample_id",0.0296678121420389
"3","PRJNA662018_PRJNA662018_P1N1",64,0.4,"specimen_sample_id","sample_id",0.00387667332969895
"4","PRJNA662018_PRJNA662018_P1N1",0,0.4,"specimen_sample_id","sample_id",0
"5","PRJNA662018_PRJNA662018_P1N1",192,0.4,"specimen_sample_id","sample_id",0.0187793427230047
"6","PRJNA662018_PRJNA662018_P1N1",0,0.4,"specimen_sample_id","sample_id",0
"7","PRJNA662018_PRJNA662018_P1N1",137,0.4,"specimen_sample_id","sample_id",0.018723520568539
"8","PRJNA662018_PRJNA662018_P1N1",134,0.4,"specimen_sample_id","sample_id",0.0207205814133292
"9","PRJNA662018_PRJNA662018_P1N1",47,0.4,"specimen_sample_id","sample_id",0.0101731601731602
"0","PRJNA662018_PRJNA662018_P1T1",957,0.4,"specimen_sample_id","sample_id",0.0401999495925397
"1","PRJNA662018_PRJNA662018_P1T1",0,0.4,"specimen_sample_id","sample_id",0
"2","PRJNA662018_PRJNA662018_P1T1",902,0.4,"specimen_sample_id","sample_id",0.0516609392898053
"3","PRJNA662018_PRJNA662018_P1T1",241,0.4,"specimen_sample_id","sample_id",0.0145980980071476
"4","PRJNA662018_PRJNA662018_P1T1",0,0.4,"specimen_sample_id","sample_id",0
"5","PRJNA662018_PRJNA662018_P1T1",232,0.4,"specimen_sample_id","sample_id",0.0226917057902973
"6","PRJNA662018_PRJNA662018_P1T1",0,0.4,"specimen_sample_id","sample_id",0
"7","PRJNA662018_PRJNA662018_P1T1",225,0.4,"specimen_sample_id","sample_id",0.030750307503075
"8","PRJNA662018_PRJNA662018_P1T1",221,0.4,"specimen_sample_id","sample_id",0.0341734962115355
"9","PRJNA662018_PRJNA662018_P1T1",117,0.4,"specimen_sample_id","sample_id",0.0253246753246753
"0","PRJNA662018_PRJNA662018_P2T2",1219,0.4,"specimen_sample_id","sample_id",0.051205578425607
"1","PRJNA662018_PRJNA662018_P2T2",0,0.4,"specimen_sample_id","sample_id",0
"2","PRJNA662018_PRJNA662018_P2T2",837,0.4,"specimen_sample_id","sample_id",0.0479381443298969
"3","PRJNA662018_PRJNA662018_P2T2",532,0.4,"specimen_sample_id","sample_id",0.0322248470531225
"4","PRJNA662018_PRJNA662018_P2T2",2,0.4,"specimen_sample_id","sample_id",0.000175546388133064
"5","PRJNA662018_PRJNA662018_P2T2",565,0.4,"specimen_sample_id","sample_id",0.0552621283255086
"6","PRJNA662018_PRJNA662018_P2T2",0,0.4,"specimen_sample_id","sample_id",0
"7","PRJNA662018_PRJNA662018_P2T2",298,0.4,"specimen_sample_id","sample_id",0.040727073937406
"8","PRJNA662018_PRJNA662018_P2T2",302,0.4,"specimen_sample_id","sample_id",0.0466986237822793
"9","PRJNA662018_PRJNA662018_P2T2",137,0.4,"specimen_sample_id","sample_id",0.0296536796536797
"0","PRJNA662018_PRJNA662018_P3N3",907,0.4,"specimen_sample_id","sample_id",0.0380996387465345
"1","PRJNA662018_PRJNA662018_P3N3",0,0.4,"specimen_sample_id","sample_id",0
"2","PRJNA662018_PRJNA662018_P3N3",796,0.4,"specimen_sample_id","sample_id",0.0455899198167239
"3","PRJNA662018_PRJNA662018_P3N3",69,0.4,"specimen_sample_id","sample_id",0.00417953843358168
"4","PRJNA662018_PRJNA662018_P3N3",0,0.4,"specimen_sample_id","sample_id",0
"5","PRJNA662018_PRJNA662018_P3N3",91,0.4,"specimen_sample_id","sample_id",0.00890062597809077
"6","PRJNA662018_PRJNA662018_P3N3",0,0.4,"specimen_sample_id","sample_id",0
"7","PRJNA662018_PRJNA662018_P3N3",133,0.4,"specimen_sample_id","sample_id",0.018176848435151
"8","PRJNA662018_PRJNA662018_P3N3",37,0.4,"specimen_sample_id","sample_id",0.0057213545693521
"9","PRJNA662018_PRJNA662018_P3N3",65,0.4,"specimen_sample_id","sample_id",0.0140692640692641
"0","PRJNA662018_PRJNA662018_P3T3",587,0.4,"specimen_sample_id","sample_id",0.0246576493321012
"1","PRJNA662018_PRJNA662018_P3T3",0,0.4,"specimen_sample_id","sample_id",0
"2","PRJNA662018_PRJNA662018_P3T3",384,0.4,"specimen_sample_id","sample_id",0.0219931271477663
"3","PRJNA662018_PRJNA662018_P3T3",127,0.4,"specimen_sample_id","sample_id",0.00769277363862136
"4","PRJNA662018_PRJNA662018_P3T3",0,0.4,"specimen_sample_id","sample_id",0
"5","PRJNA662018_PRJNA662018_P3T3",398,0.4,"specimen_sample_id","sample_id",0.0389280125195618
"6","PRJNA662018_PRJNA662018_P3T3",1,0.4,"specimen_sample_id","sample_id",0.000107851596203624
"7","PRJNA662018_PRJNA662018_P3T3",197,0.4,"specimen_sample_id","sample_id",0.026923602569359
"8","PRJNA662018_PRJNA662018_P3T3",78,0.4,"specimen_sample_id","sample_id",0.0120612339570125
"9","PRJNA662018_PRJNA662018_P3T3",56,0.4,"specimen_sample_id","sample_id",0.0121212121212121
"0","PRJNA662018_PRJNA662018_P4T4",507,0.4,"specimen_sample_id","sample_id",0.0212971519784928
"1","PRJNA662018_PRJNA662018_P4T4",0,0.4,"specimen_sample_id","sample_id",0
"2","PRJNA662018_PRJNA662018_P4T4",395,0.4,"specimen_sample_id","sample_id",0.02262313860252
"3","PRJNA662018_PRJNA662018_P4T4",814,0.4,"specimen_sample_id","sample_id",0.0493064389121085
"4","PRJNA662018_PRJNA662018_P4T4",0,0.4,"specimen_sample_id","sample_id",0
"5","PRJNA662018_PRJNA662018_P4T4",370,0.4,"specimen_sample_id","sample_id",0.036189358372457
"6","PRJNA662018_PRJNA662018_P4T4",0,0.4,"specimen_sample_id","sample_id",0
"7","PRJNA662018_PRJNA662018_P4T4",184,0.4,"specimen_sample_id","sample_id",0.025146918135848
"8","PRJNA662018_PRJNA662018_P4T4",121,0.4,"specimen_sample_id","sample_id",0.0187103757538271
"9","PRJNA662018_PRJNA662018_P4T4",135,0.4,"specimen_sample_id","sample_id",0.0292207792207792
"0","PRJNA662018_PRJNA662018_P5T5",74,0.4,"specimen_sample_id","sample_id",0.00310846005208771
"1","PRJNA662018_PRJNA662018_P5T5",0,0.4,"specimen_sample_id","sample_id",0
"2","PRJNA662018_PRJNA662018_P5T5",59,0.4,"specimen_sample_id","sample_id",0.00337915234822451
"3","PRJNA662018_PRJNA662018_P5T5",11,0.4,"specimen_sample_id","sample_id",0.000666303228542007
"4","PRJNA662018_PRJNA662018_P5T5",0,0.4,"specimen_sample_id","sample_id",0
"5","PRJNA662018_PRJNA662018_P5T5",2,0.4,"specimen_sample_id","sample_id",0.000195618153364632
"6","PRJNA662018_PRJNA662018_P5T5",0,0.4,"specimen_sample_id","sample_id",0
"7","PRJNA662018_PRJNA662018_P5T5",5,0.4,"specimen_sample_id","sample_id",0.000683340166735001
"8","PRJNA662018_PRJNA662018_P5T5",3,0.4,"specimen_sample_id","sample_id",0.000463893613731251
"9","PRJNA662018_PRJNA662018_P5T5",1,0.4,"specimen_sample_id","sample_id",0.000216450216450216
"0","PRJNA662018_PRJNA662018_P6N2",483,0.4,"specimen_sample_id","sample_id",0.0202890027724103
"1","PRJNA662018_PRJNA662018_P6N2",0,0.4,"specimen_sample_id","sample_id",0
"2","PRJNA662018_PRJNA662018_P6N2",537,0.4,"specimen_sample_id","sample_id",0.0307560137457045
"3","PRJNA662018_PRJNA662018_P6N2",36,0.4,"specimen_sample_id","sample_id",0.00218062874795566
"4","PRJNA662018_PRJNA662018_P6N2",0,0.4,"specimen_sample_id","sample_id",0
"5","PRJNA662018_PRJNA662018_P6N2",316,0.4,"specimen_sample_id","sample_id",0.0309076682316119
"6","PRJNA662018_PRJNA662018_P6N2",0,0.4,"specimen_sample_id","sample_id",0
"7","PRJNA662018_PRJNA662018_P6N2",136,0.4,"specimen_sample_id","sample_id",0.018586852535192
"8","PRJNA662018_PRJNA662018_P6N2",43,0.4,"specimen_sample_id","sample_id",0.0066491417968146
"9","PRJNA662018_PRJNA662018_P6N2",51,0.4,"specimen_sample_id","sample_id",0.011038961038961
"0","PRJNA662018_PRJNA662018_P6T6",12,0.4,"specimen_sample_id","sample_id",0.00050407460304125
"1","PRJNA662018_PRJNA662018_P6T6",0,0.4,"specimen_sample_id","sample_id",0
"2","PRJNA662018_PRJNA662018_P6T6",12,0.4,"specimen_sample_id","sample_id",0.000687285223367698
"3","PRJNA662018_PRJNA662018_P6T6",0,0.4,"specimen_sample_id","sample_id",0
"4","PRJNA662018_PRJNA662018_P6T6",0,0.4,"specimen_sample_id","sample_id",0
"5","PRJNA662018_PRJNA662018_P6T6",1,0.4,"specimen_sample_id","sample_id",9.78090766823161e-05
"6","PRJNA662018_PRJNA662018_P6T6",0,0.4,"specimen_sample_id","sample_id",0
"7","PRJNA662018_PRJNA662018_P6T6",1,0.4,"specimen_sample_id","sample_id",0.000136668033347
"8","PRJNA662018_PRJNA662018_P6T6",0,0.4,"specimen_sample_id","sample_id",0
"9","PRJNA662018_PRJNA662018_P6T6",3,0.4,"specimen_sample_id","sample_id",0.000649350649350649
"0","PRJNA662018_PRJNA662018_P7T7",313,0.4,"specimen_sample_id","sample_id",0.0131479458959926
"1","PRJNA662018_PRJNA662018_P7T7",0,0.4,"specimen_sample_id","sample_id",0
"2","PRJNA662018_PRJNA662018_P7T7",385,0.4,"specimen_sample_id","sample_id",0.0220504009163803
"3","PRJNA662018_PRJNA662018_P7T7",56,0.4,"specimen_sample_id","sample_id",0.00339208916348658
"4","PRJNA662018_PRJNA662018_P7T7",0,0.4,"specimen_sample_id","sample_id",0
"5","PRJNA662018_PRJNA662018_P7T7",251,0.4,"specimen_sample_id","sample_id",0.0245500782472613
"6","PRJNA662018_PRJNA662018_P7T7",0,0.4,"specimen_sample_id","sample_id",0
"7","PRJNA662018_PRJNA662018_P7T7",48,0.4,"specimen_sample_id","sample_id",0.00656006560065601
"8","PRJNA662018_PRJNA662018_P7T7",9,0.4,"specimen_sample_id","sample_id",0.00139168084119375
"9","PRJNA662018_PRJNA662018_P7T7",27,0.4,"specimen_sample_id","sample_id",0.00584415584415584
"0","PRJNA662018_PRJNA662018_P8T8",1,0.4,"specimen_sample_id","sample_id",4.20062169201042e-05
"1","PRJNA662018_PRJNA662018_P8T8",0,0.4,"specimen_sample_id","sample_id",0
"2","PRJNA662018_PRJNA662018_P8T8",3,0.4,"specimen_sample_id","sample_id",0.000171821305841924
"3","PRJNA662018_PRJNA662018_P8T8",0,0.4,"specimen_sample_id","sample_id",0
"4","PRJNA662018_PRJNA662018_P8T8",0,0.4,"specimen_sample_id","sample_id",0
"5","PRJNA662018_PRJNA662018_P8T8",9,0.4,"specimen_sample_id","sample_id",0.000880281690140845
"6","PRJNA662018_PRJNA662018_P8T8",0,0.4,"specimen_sample_id","sample_id",0
"7","PRJNA662018_PRJNA662018_P8T8",2,0.4,"specimen_sample_id","sample_id",0.000273336066694
"8","PRJNA662018_PRJNA662018_P8T8",6,0.4,"specimen_sample_id","sample_id",0.000927787227462502
"9","PRJNA662018_PRJNA662018_P8T8",0,0.4,"specimen_sample_id","sample_id",0
"0",NA,18254,0.4,"specimen_sample_id","sample_id",0.766781483659582
"1",NA,17678,0.4,"specimen_sample_id","sample_id",1
"2",NA,12632,0.4,"specimen_sample_id","sample_id",0.72348224513173
"3",NA,14559,0.4,"specimen_sample_id","sample_id",0.881882609485735
"4",NA,11391,0.4,"specimen_sample_id","sample_id",0.999824453611867
"5",NA,7797,0.4,"specimen_sample_id","sample_id",0.762617370892019
"6",NA,9271,0.4,"specimen_sample_id","sample_id",0.999892148403796
"7",NA,5951,0.4,"specimen_sample_id","sample_id",0.813311466447998
"8",NA,5513,0.4,"specimen_sample_id","sample_id",0.852481830833462
"9",NA,3981,0.4,"specimen_sample_id","sample_id",0.861688311688312
"0","Normal",9688,0.4,"stage_T","T_stage",0.406956229521969
"1","Normal",0,0.4,"stage_T","T_stage",0
"2","Normal",7734,0.4,"stage_T","T_stage",0.442955326460481
"3","Normal",2486,0.4,"stage_T","T_stage",0.150584529650494
"4","Normal",5,0.4,"stage_T","T_stage",0.00043886597033266
"5","Normal",2690,0.4,"stage_T","T_stage",0.26310641627543
"6","Normal",1,0.4,"stage_T","T_stage",0.000107851596203624
"7","Normal",2626,0.4,"stage_T","T_stage",0.358890255569222
"8","Normal",1349,0.4,"stage_T","T_stage",0.208597494974486
"9","Normal",1269,0.4,"stage_T","T_stage",0.274675324675325
"0","T1",3668,0.4,"stage_T","T_stage",0.154078803662942
"1","T1",0,0.4,"stage_T","T_stage",0
"2","T1",2050,0.4,"stage_T","T_stage",0.117411225658648
"3","T1",2593,0.4,"stage_T","T_stage",0.157065842873584
"4","T1",2,0.4,"stage_T","T_stage",0.000175546388133064
"5","T1",1286,0.4,"stage_T","T_stage",0.125782472613459
"6","T1",0,0.4,"stage_T","T_stage",0
"7","T1",979,0.4,"stage_T","T_stage",0.133798004646713
"8","T1",597,0.4,"stage_T","T_stage",0.0923148291325189
"9","T1",377,0.4,"stage_T","T_stage",0.0816017316017316
"0","T2",653,0.4,"stage_T","T_stage",0.027430059648828
"1","T2",11290,0.4,"stage_T","T_stage",0.63864690575857
"2","T2",1311,0.4,"stage_T","T_stage",0.075085910652921
"3","T2",441,0.4,"stage_T","T_stage",0.0267127021624568
"4","T2",8395,0.4,"stage_T","T_stage",0.736855964188537
"5","T2",955,0.4,"stage_T","T_stage",0.0934076682316119
"6","T2",6887,0.4,"stage_T","T_stage",0.742773943054357
"7","T2",527,0.4,"stage_T","T_stage",0.0720240535738691
"8","T2",2271,0.4,"stage_T","T_stage",0.351167465594557
"9","T2",1172,0.4,"stage_T","T_stage",0.253679653679654
"0","T3",3514,0.4,"stage_T","T_stage",0.147609846257246
"1","T3",737,0.4,"stage_T","T_stage",0.0416902364520873
"2","T3",2054,0.4,"stage_T","T_stage",0.117640320733104
"3","T3",3379,0.4,"stage_T","T_stage",0.204676237203949
"4","T3",487,0.4,"stage_T","T_stage",0.0427455455104011
"5","T3",1667,0.4,"stage_T","T_stage",0.163047730829421
"6","T3",389,0.4,"stage_T","T_stage",0.0419542709232097
"7","T3",1234,0.4,"stage_T","T_stage",0.168648353150198
"8","T3",796,0.4,"stage_T","T_stage",0.123086438843359
"9","T3",343,0.4,"stage_T","T_stage",0.0742424242424242
"0","T4",633,0.4,"stage_T","T_stage",0.0265899353104259
"1","T4",5649,0.4,"stage_T","T_stage",0.319549722819323
"2","T4",439,0.4,"stage_T","T_stage",0.0251431844215349
"3","T4",800,0.4,"stage_T","T_stage",0.0484584166212369
"4","T4",2495,0.4,"stage_T","T_stage",0.218994119195998
"5","T4",489,0.4,"stage_T","T_stage",0.0478286384976526
"6","T4",1986,0.4,"stage_T","T_stage",0.214193270060397
"7","T4",200,0.4,"stage_T","T_stage",0.0273336066694
"8","T4",380,0.4,"stage_T","T_stage",0.0587598577392918
"9","T4",735,0.4,"stage_T","T_stage",0.159090909090909
"0","Ta",878,0.4,"stage_T","T_stage",0.0368814584558515
"1","Ta",0,0.4,"stage_T","T_stage",0
"2","Ta",381,0.4,"stage_T","T_stage",0.0218213058419244
"3","Ta",3421,0.4,"stage_T","T_stage",0.207220304076564
"4","Ta",4,0.4,"stage_T","T_stage",0.000351092776266128
"5","Ta",802,0.4,"stage_T","T_stage",0.0784428794992175
"6","Ta",0,0.4,"stage_T","T_stage",0
"7","Ta",625,0.4,"stage_T","T_stage",0.0854175208418751
"8","Ta",131,0.4,"stage_T","T_stage",0.020256687799598
"9","Ta",114,0.4,"stage_T","T_stage",0.0246753246753247
"0",NA,4772,0.4,"stage_T","T_stage",0.200453667142737
"1",NA,2,0.4,"stage_T","T_stage",0.000113134970019233
"2",NA,3491,0.4,"stage_T","T_stage",0.199942726231386
"3",NA,3389,0.4,"stage_T","T_stage",0.205281967411715
"4",NA,5,0.4,"stage_T","T_stage",0.00043886597033266
"5",NA,2335,0.4,"stage_T","T_stage",0.228384194053208
"6",NA,9,0.4,"stage_T","T_stage",0.000970664365832614
"7",NA,1126,0.4,"stage_T","T_stage",0.153888205548722
"8",NA,943,0.4,"stage_T","T_stage",0.14581722591619
"9",NA,610,0.4,"stage_T","T_stage",0.132034632034632
"0","N0",8055,0.4,"stage_N","N_stage",0.338360077291439
"1","N0",0,0.4,"stage_N","N_stage",0
"2","N0",4816,0.4,"stage_N","N_stage",0.275830469644903
"3","N0",9278,0.4,"stage_N","N_stage",0.561996486764795
"4","N0",15,0.4,"stage_N","N_stage",0.00131659791099798
"5","N0",4218,0.4,"stage_N","N_stage",0.412558685446009
"6","N0",2,0.4,"stage_N","N_stage",0.000215703192407248
"7","N0",2974,0.4,"stage_N","N_stage",0.406450731173978
"8","N0",1273,0.4,"stage_N","N_stage",0.196845523426628
"9","N0",793,0.4,"stage_N","N_stage",0.171645021645022
"0","N2",590,0.4,"stage_N","N_stage",0.0247836679828615
"1","N2",0,0.4,"stage_N","N_stage",0
"2","N2",271,0.4,"stage_N","N_stage",0.0155211912943872
"3","N2",792,0.4,"stage_N","N_stage",0.0479738324550245
"4","N2",1,0.4,"stage_N","N_stage",8.77731940665321e-05
"5","N2",403,0.4,"stage_N","N_stage",0.0394170579029734
"6","N2",1,0.4,"stage_N","N_stage",0.000107851596203624
"7","N2",174,0.4,"stage_N","N_stage",0.023780237802378
"8","N2",59,0.4,"stage_N","N_stage",0.00912324107004794
"9","N2",111,0.4,"stage_N","N_stage",0.024025974025974
"0","N3",657,0.4,"stage_N","N_stage",0.0275980845165084
"1","N3",0,0.4,"stage_N","N_stage",0
"2","N3",517,0.4,"stage_N","N_stage",0.029610538373425
"3","N3",546,0.4,"stage_N","N_stage",0.0330728693439942
"4","N3",0,0.4,"stage_N","N_stage",0
"5","N3",340,0.4,"stage_N","N_stage",0.0332550860719875
"6","N3",0,0.4,"stage_N","N_stage",0
"7","N3",221,0.4,"stage_N","N_stage",0.030203635369687
"8","N3",78,0.4,"stage_N","N_stage",0.0120612339570125
"9","N3",66,0.4,"stage_N","N_stage",0.0142857142857143
"0","Normal",9688,0.4,"stage_N","N_stage",0.406956229521969
"1","Normal",0,0.4,"stage_N","N_stage",0
"2","Normal",7734,0.4,"stage_N","N_stage",0.442955326460481
"3","Normal",2486,0.4,"stage_N","N_stage",0.150584529650494
"4","Normal",5,0.4,"stage_N","N_stage",0.00043886597033266
"5","Normal",2690,0.4,"stage_N","N_stage",0.26310641627543
"6","Normal",1,0.4,"stage_N","N_stage",0.000107851596203624
"7","Normal",2626,0.4,"stage_N","N_stage",0.358890255569222
"8","Normal",1349,0.4,"stage_N","N_stage",0.208597494974486
"9","Normal",1269,0.4,"stage_N","N_stage",0.274675324675325
"0",NA,4816,0.4,"stage_N","N_stage",0.202301940687222
"1",NA,17678,0.4,"stage_N","N_stage",1
"2",NA,4122,0.4,"stage_N","N_stage",0.236082474226804
"3",NA,3407,0.4,"stage_N","N_stage",0.206372281785693
"4",NA,11372,0.4,"stage_N","N_stage",0.998156762924603
"5",NA,2573,0.4,"stage_N","N_stage",0.251662754303599
"6",NA,9268,0.4,"stage_N","N_stage",0.999568593615185
"7",NA,1322,0.4,"stage_N","N_stage",0.180675140084734
"8",NA,3708,0.4,"stage_N","N_stage",0.573372506571826
"9",NA,2381,0.4,"stage_N","N_stage",0.515367965367965
"0","M0",8712,0.4,"stage_M","M_stage",0.365958161807948
"1","M0",0,0.4,"stage_M","M_stage",0
"2","M0",5333,0.4,"stage_M","M_stage",0.305441008018328
"3","M0",9824,0.4,"stage_M","M_stage",0.595069356108789
"4","M0",15,0.4,"stage_M","M_stage",0.00131659791099798
"5","M0",4558,0.4,"stage_M","M_stage",0.445813771517997
"6","M0",2,0.4,"stage_M","M_stage",0.000215703192407248
"7","M0",3195,0.4,"stage_M","M_stage",0.436654366543665
"8","M0",1351,0.4,"stage_M","M_stage",0.20890675738364
"9","M0",859,0.4,"stage_M","M_stage",0.185930735930736
"0","Normal",9688,0.4,"stage_M","M_stage",0.406956229521969
"1","Normal",0,0.4,"stage_M","M_stage",0
"2","Normal",7734,0.4,"stage_M","M_stage",0.442955326460481
"3","Normal",2486,0.4,"stage_M","M_stage",0.150584529650494
"4","Normal",5,0.4,"stage_M","M_stage",0.00043886597033266
"5","Normal",2690,0.4,"stage_M","M_stage",0.26310641627543
"6","Normal",1,0.4,"stage_M","M_stage",0.000107851596203624
"7","Normal",2626,0.4,"stage_M","M_stage",0.358890255569222
"8","Normal",1349,0.4,"stage_M","M_stage",0.208597494974486
"9","Normal",1269,0.4,"stage_M","M_stage",0.274675324675325
"0",NA,5406,0.4,"stage_M","M_stage",0.227085608670083
"1",NA,17678,0.4,"stage_M","M_stage",1
"2",NA,4393,0.4,"stage_M","M_stage",0.251603665521191
"3",NA,4199,0.4,"stage_M","M_stage",0.254346114240717
"4",NA,11373,0.4,"stage_M","M_stage",0.998244536118669
"5",NA,2976,0.4,"stage_M","M_stage",0.291079812206573
"6",NA,9269,0.4,"stage_M","M_stage",0.999676445211389
"7",NA,1496,0.4,"stage_M","M_stage",0.204455377887112
"8",NA,3767,0.4,"stage_M","M_stage",0.582495747641874
"9",NA,2492,0.4,"stage_M","M_stage",0.539393939393939
"0","MIBC",6302,0.4,"clinical_type","Type",0.264723179030497
"1","MIBC",17678,0.4,"clinical_type","Type",1
"2","MIBC",4777,0.4,"clinical_type","Type",0.273596792668958
"3","MIBC",6295,0.4,"clinical_type","Type",0.381307165788358
"4","MIBC",11380,0.4,"clinical_type","Type",0.998858948477135
"5","MIBC",3881,0.4,"clinical_type","Type",0.379597026604069
"6","MIBC",9270,0.4,"clinical_type","Type",0.999784296807593
"7","MIBC",2183,0.4,"clinical_type","Type",0.298346316796501
"8","MIBC",3668,0.4,"clinical_type","Type",0.567187258388743
"9","MIBC",2415,0.4,"clinical_type","Type",0.522727272727273
"0","NMIBC",7816,0.4,"clinical_type","Type",0.328320591447534
"1","NMIBC",0,0.4,"clinical_type","Type",0
"2","NMIBC",4949,0.4,"clinical_type","Type",0.283447880870561
"3","NMIBC",7728,0.4,"clinical_type","Type",0.468108304561148
"4","NMIBC",8,0.4,"clinical_type","Type",0.000702185552532257
"5","NMIBC",3653,0.4,"clinical_type","Type",0.357296557120501
"6","NMIBC",1,0.4,"clinical_type","Type",0.000107851596203624
"7","NMIBC",2508,0.4,"clinical_type","Type",0.342763427634276
"8","NMIBC",1450,0.4,"clinical_type","Type",0.224215246636771
"9","NMIBC",936,0.4,"clinical_type","Type",0.202597402597403
"0","Normal",9688,0.4,"clinical_type","Type",0.406956229521969
"1","Normal",0,0.4,"clinical_type","Type",0
"2","Normal",7734,0.4,"clinical_type","Type",0.442955326460481
"3","Normal",2486,0.4,"clinical_type","Type",0.150584529650494
"4","Normal",5,0.4,"clinical_type","Type",0.00043886597033266
"5","Normal",2690,0.4,"clinical_type","Type",0.26310641627543
"6","Normal",1,0.4,"clinical_type","Type",0.000107851596203624
"7","Normal",2626,0.4,"clinical_type","Type",0.358890255569222
"8","Normal",1349,0.4,"clinical_type","Type",0.208597494974486
"9","Normal",1269,0.4,"clinical_type","Type",0.274675324675325
"0","CNP0000460",4411,0.6,"dataset","dataset",0.259135236752438
"1","CNP0000460",2408,0.6,"dataset","dataset",0.152627242187995
"2","CNP0000460",3978,0.6,"dataset","dataset",0.29995475795506
"3","CNP0000460",1706,0.6,"dataset","dataset",0.145650132331597
"4","CNP0000460",1,0.6,"dataset","dataset",8.75503414463316e-05
"5","CNP0000460",2964,0.6,"dataset","dataset",0.289227166276347
"6","CNP0000460",0,0.6,"dataset","dataset",0
"7","CNP0000460",0,0.6,"dataset","dataset",0
"8","CNP0000460",0,0.6,"dataset","dataset",0
"9","CNP0000460",1477,0.6,"dataset","dataset",0.201226158038147
"10","CNP0000460",637,0.6,"dataset","dataset",0.0985915492957746
"11","CNP0000460",603,0.6,"dataset","dataset",0.130293863439931
"0","GSE326225",1112,0.6,"dataset","dataset",0.0653272235929973
"1","GSE326225",1558,0.6,"dataset","dataset",0.0987513468973823
"2","GSE326225",499,0.6,"dataset","dataset",0.037626300708792
"3","GSE326225",57,0.6,"dataset","dataset",0.00486638777426791
"4","GSE326225",3,0.6,"dataset","dataset",0.000262651024338995
"5","GSE326225",506,0.6,"dataset","dataset",0.0493754879000781
"6","GSE326225",8,0.6,"dataset","dataset",0.000862068965517241
"7","GSE326225",0,0.6,"dataset","dataset",0
"8","GSE326225",2,0.6,"dataset","dataset",0.000232207128758853
"9","GSE326225",165,0.6,"dataset","dataset",0.0224795640326975
"10","GSE326225",203,0.6,"dataset","dataset",0.0314192849404117
"11","GSE326225",134,0.6,"dataset","dataset",0.0289541918755402
"0","HRA003620",7551,0.6,"dataset","dataset",0.443602396898132
"1","HRA003620",9988,0.6,"dataset","dataset",0.633073461367814
"2","HRA003620",4434,0.6,"dataset","dataset",0.334338712109787
"3","HRA003620",7053,0.6,"dataset","dataset",0.602151455647571
"4","HRA003620",10,0.6,"dataset","dataset",0.000875503414463316
"5","HRA003620",4105,0.6,"dataset","dataset",0.400565964090554
"6","HRA003620",3,0.6,"dataset","dataset",0.000323275862068966
"7","HRA003620",0,0.6,"dataset","dataset",0
"8","HRA003620",0,0.6,"dataset","dataset",0
"9","HRA003620",4106,0.6,"dataset","dataset",0.559400544959128
"10","HRA003620",1905,0.6,"dataset","dataset",0.294845999071351
"11","HRA003620",1475,0.6,"dataset","dataset",0.318712186689715
"0","InhouseData",49,0.6,"dataset","dataset",0.00287862765832452
"1","InhouseData",15,0.6,"dataset","dataset",0.000950751093363757
"2","InhouseData",631,0.6,"dataset","dataset",0.0475795505956869
"3","InhouseData",1,0.6,"dataset","dataset",8.53752241099633e-05
"4","InhouseData",11408,0.6,"dataset","dataset",0.998774295219751
"5","InhouseData",236,0.6,"dataset","dataset",0.0230288836846214
"6","InhouseData",9268,0.6,"dataset","dataset",0.998706896551724
"7","InhouseData",8980,0.6,"dataset","dataset",1
"8","InhouseData",8611,0.6,"dataset","dataset",0.999767792871241
"9","InhouseData",229,0.6,"dataset","dataset",0.0311989100817439
"10","InhouseData",2766,0.6,"dataset","dataset",0.428107104163442
"11","InhouseData",1771,0.6,"dataset","dataset",0.38267070008643
"0","PRJNA662018",3899,0.6,"dataset","dataset",0.229056515098108
"1","PRJNA662018",1808,0.6,"dataset","dataset",0.114597198453445
"2","PRJNA662018",3720,0.6,"dataset","dataset",0.280500678630674
"3","PRJNA662018",2896,0.6,"dataset","dataset",0.247246649022454
"4","PRJNA662018",0,0.6,"dataset","dataset",0
"5","PRJNA662018",2437,0.6,"dataset","dataset",0.2378024980484
"6","PRJNA662018",1,0.6,"dataset","dataset",0.000107758620689655
"7","PRJNA662018",0,0.6,"dataset","dataset",0
"8","PRJNA662018",0,0.6,"dataset","dataset",0
"9","PRJNA662018",1363,0.6,"dataset","dataset",0.185694822888283
"10","PRJNA662018",950,0.6,"dataset","dataset",0.14703606252902
"11","PRJNA662018",645,0.6,"dataset","dataset",0.139369057908384
"0","CNP0000460_P01N",684,0.6,"specimen_orig_ident","orig.ident",0.0401832922100811
"1","CNP0000460_P01N",259,0.6,"specimen_orig_ident","orig.ident",0.0164163022120809
"2","CNP0000460_P01N",399,0.6,"specimen_orig_ident","orig.ident",0.0300859598853868
"3","CNP0000460_P01N",208,0.6,"specimen_orig_ident","orig.ident",0.0177580466148724
"4","CNP0000460_P01N",0,0.6,"specimen_orig_ident","orig.ident",0
"5","CNP0000460_P01N",170,0.6,"specimen_orig_ident","orig.ident",0.0165886026541764
"6","CNP0000460_P01N",0,0.6,"specimen_orig_ident","orig.ident",0
"7","CNP0000460_P01N",0,0.6,"specimen_orig_ident","orig.ident",0
"8","CNP0000460_P01N",0,0.6,"specimen_orig_ident","orig.ident",0
"9","CNP0000460_P01N",94,0.6,"specimen_orig_ident","orig.ident",0.0128065395095368
"10","CNP0000460_P01N",47,0.6,"specimen_orig_ident","orig.ident",0.00727441572511995
"11","CNP0000460_P01N",119,0.6,"specimen_orig_ident","orig.ident",0.0257130509939499
"0","CNP0000460_P01T",93,0.6,"specimen_orig_ident","orig.ident",0.00546351780049348
"1","CNP0000460_P01T",263,0.6,"specimen_orig_ident","orig.ident",0.0166698358369779
"2","CNP0000460_P01T",53,0.6,"specimen_orig_ident","orig.ident",0.00399638063640477
"3","CNP0000460_P01T",24,0.6,"specimen_orig_ident","orig.ident",0.00204900537863912
"4","CNP0000460_P01T",0,0.6,"specimen_orig_ident","orig.ident",0
"5","CNP0000460_P01T",68,0.6,"specimen_orig_ident","orig.ident",0.00663544106167057
"6","CNP0000460_P01T",0,0.6,"specimen_orig_ident","orig.ident",0
"7","CNP0000460_P01T",0,0.6,"specimen_orig_ident","orig.ident",0
"8","CNP0000460_P01T",0,0.6,"specimen_orig_ident","orig.ident",0
"9","CNP0000460_P01T",22,0.6,"specimen_orig_ident","orig.ident",0.00299727520435967
"10","CNP0000460_P01T",27,0.6,"specimen_orig_ident","orig.ident",0.00417891967187742
"11","CNP0000460_P01T",9,0.6,"specimen_orig_ident","orig.ident",0.00194468452895419
"0","CNP0000460_P02N",412,0.6,"specimen_orig_ident","orig.ident",0.0242039713312184
"1","CNP0000460_P02N",41,0.6,"specimen_orig_ident","orig.ident",0.00259871965519427
"2","CNP0000460_P02N",628,0.6,"specimen_orig_ident","orig.ident",0.0473533403709848
"3","CNP0000460_P02N",215,0.6,"specimen_orig_ident","orig.ident",0.0183556731836421
"4","CNP0000460_P02N",0,0.6,"specimen_orig_ident","orig.ident",0
"5","CNP0000460_P02N",272,0.6,"specimen_orig_ident","orig.ident",0.0265417642466823
"6","CNP0000460_P02N",0,0.6,"specimen_orig_ident","orig.ident",0
"7","CNP0000460_P02N",0,0.6,"specimen_orig_ident","orig.ident",0
"8","CNP0000460_P02N",0,0.6,"specimen_orig_ident","orig.ident",0
"9","CNP0000460_P02N",214,0.6,"specimen_orig_ident","orig.ident",0.0291553133514986
"10","CNP0000460_P02N",20,0.6,"specimen_orig_ident","orig.ident",0.00309549605324253
"11","CNP0000460_P02N",15,0.6,"specimen_orig_ident","orig.ident",0.00324114088159032
"0","CNP0000460_P02T",292,0.6,"specimen_orig_ident","orig.ident",0.0171542709434849
"1","CNP0000460_P02T",80,0.6,"specimen_orig_ident","orig.ident",0.00507067249794004
"2","CNP0000460_P02T",594,0.6,"specimen_orig_ident","orig.ident",0.044789624491027
"3","CNP0000460_P02T",50,0.6,"specimen_orig_ident","orig.ident",0.00426876120549816
"4","CNP0000460_P02T",0,0.6,"specimen_orig_ident","orig.ident",0
"5","CNP0000460_P02T",498,0.6,"specimen_orig_ident","orig.ident",0.0485948477751756
"6","CNP0000460_P02T",0,0.6,"specimen_orig_ident","orig.ident",0
"7","CNP0000460_P02T",0,0.6,"specimen_orig_ident","orig.ident",0
"8","CNP0000460_P02T",0,0.6,"specimen_orig_ident","orig.ident",0
"9","CNP0000460_P02T",279,0.6,"specimen_orig_ident","orig.ident",0.0380108991825613
"10","CNP0000460_P02T",31,0.6,"specimen_orig_ident","orig.ident",0.00479801888252592
"11","CNP0000460_P02T",33,0.6,"specimen_orig_ident","orig.ident",0.0071305099394987
"0","CNP0000460_P03N",647,0.6,"specimen_orig_ident","orig.ident",0.0380096345905299
"1","CNP0000460_P03N",209,0.6,"specimen_orig_ident","orig.ident",0.0132471319008684
"2","CNP0000460_P03N",419,0.6,"specimen_orig_ident","orig.ident",0.0315940280500679
"3","CNP0000460_P03N",165,0.6,"specimen_orig_ident","orig.ident",0.0140869119781439
"4","CNP0000460_P03N",0,0.6,"specimen_orig_ident","orig.ident",0
"5","CNP0000460_P03N",333,0.6,"specimen_orig_ident","orig.ident",0.0324941451990632
"6","CNP0000460_P03N",0,0.6,"specimen_orig_ident","orig.ident",0
"7","CNP0000460_P03N",0,0.6,"specimen_orig_ident","orig.ident",0
"8","CNP0000460_P03N",0,0.6,"specimen_orig_ident","orig.ident",0
"9","CNP0000460_P03N",164,0.6,"specimen_orig_ident","orig.ident",0.0223433242506812
"10","CNP0000460_P03N",120,0.6,"specimen_orig_ident","orig.ident",0.0185729763194552
"11","CNP0000460_P03N",69,0.6,"specimen_orig_ident","orig.ident",0.0149092480553155
"0","CNP0000460_P03T",807,0.6,"specimen_orig_ident","orig.ident",0.0474092351075079
"1","CNP0000460_P03T",133,0.6,"specimen_orig_ident","orig.ident",0.00842999302782532
"2","CNP0000460_P03T",594,0.6,"specimen_orig_ident","orig.ident",0.044789624491027
"3","CNP0000460_P03T",169,0.6,"specimen_orig_ident","orig.ident",0.0144284128745838
"4","CNP0000460_P03T",0,0.6,"specimen_orig_ident","orig.ident",0
"5","CNP0000460_P03T",201,0.6,"specimen_orig_ident","orig.ident",0.0196135831381733
"6","CNP0000460_P03T",0,0.6,"specimen_orig_ident","orig.ident",0
"7","CNP0000460_P03T",0,0.6,"specimen_orig_ident","orig.ident",0
"8","CNP0000460_P03T",0,0.6,"specimen_orig_ident","orig.ident",0
"9","CNP0000460_P03T",112,0.6,"specimen_orig_ident","orig.ident",0.0152588555858311
"10","CNP0000460_P03T",67,0.6,"specimen_orig_ident","orig.ident",0.0103699117783625
"11","CNP0000460_P03T",104,0.6,"specimen_orig_ident","orig.ident",0.0224719101123595
"0","CNP0000460_P04T",370,0.6,"specimen_orig_ident","orig.ident",0.0217365761955117
"1","CNP0000460_P04T",532,0.6,"specimen_orig_ident","orig.ident",0.0337199721113013
"2","CNP0000460_P04T",375,0.6,"specimen_orig_ident","orig.ident",0.0282762780877696
"3","CNP0000460_P04T",442,0.6,"specimen_orig_ident","orig.ident",0.0377358490566038
"4","CNP0000460_P04T",0,0.6,"specimen_orig_ident","orig.ident",0
"5","CNP0000460_P04T",341,0.6,"specimen_orig_ident","orig.ident",0.0332747853239657
"6","CNP0000460_P04T",0,0.6,"specimen_orig_ident","orig.ident",0
"7","CNP0000460_P04T",0,0.6,"specimen_orig_ident","orig.ident",0
"8","CNP0000460_P04T",0,0.6,"specimen_orig_ident","orig.ident",0
"9","CNP0000460_P04T",221,0.6,"specimen_orig_ident","orig.ident",0.0301089918256131
"10","CNP0000460_P04T",78,0.6,"specimen_orig_ident","orig.ident",0.0120724346076459
"11","CNP0000460_P04T",66,0.6,"specimen_orig_ident","orig.ident",0.0142610198789974
"0","CNP0000460_P05N",98,0.6,"specimen_orig_ident","orig.ident",0.00575725531664904
"1","CNP0000460_P05N",33,0.6,"specimen_orig_ident","orig.ident",0.00209165240540027
"2","CNP0000460_P05N",106,0.6,"specimen_orig_ident","orig.ident",0.00799276127280953
"3","CNP0000460_P05N",70,0.6,"specimen_orig_ident","orig.ident",0.00597626568769743
"4","CNP0000460_P05N",0,0.6,"specimen_orig_ident","orig.ident",0
"5","CNP0000460_P05N",46,0.6,"specimen_orig_ident","orig.ident",0.00448868071818891
"6","CNP0000460_P05N",0,0.6,"specimen_orig_ident","orig.ident",0
"7","CNP0000460_P05N",0,0.6,"specimen_orig_ident","orig.ident",0
"8","CNP0000460_P05N",0,0.6,"specimen_orig_ident","orig.ident",0
"9","CNP0000460_P05N",24,0.6,"specimen_orig_ident","orig.ident",0.00326975476839237
"10","CNP0000460_P05N",7,0.6,"specimen_orig_ident","orig.ident",0.00108342361863489
"11","CNP0000460_P05N",27,0.6,"specimen_orig_ident","orig.ident",0.00583405358686258
"0","CNP0000460_P05T",150,0.6,"specimen_orig_ident","orig.ident",0.0088121254846669
"1","CNP0000460_P05T",66,0.6,"specimen_orig_ident","orig.ident",0.00418330481080053
"2","CNP0000460_P05T",139,0.6,"specimen_orig_ident","orig.ident",0.0104810737445333
"3","CNP0000460_P05T",74,0.6,"specimen_orig_ident","orig.ident",0.00631776658413728
"4","CNP0000460_P05T",0,0.6,"specimen_orig_ident","orig.ident",0
"5","CNP0000460_P05T",228,0.6,"specimen_orig_ident","orig.ident",0.022248243559719
"6","CNP0000460_P05T",0,0.6,"specimen_orig_ident","orig.ident",0
"7","CNP0000460_P05T",0,0.6,"specimen_orig_ident","orig.ident",0
"8","CNP0000460_P05T",0,0.6,"specimen_orig_ident","orig.ident",0
"9","CNP0000460_P05T",45,0.6,"specimen_orig_ident","orig.ident",0.0061307901907357
"10","CNP0000460_P05T",13,0.6,"specimen_orig_ident","orig.ident",0.00201207243460765
"11","CNP0000460_P05T",24,0.6,"specimen_orig_ident","orig.ident",0.00518582541054451
"0","CNP0000460_P06T",318,0.6,"specimen_orig_ident","orig.ident",0.0186817060274938
"1","CNP0000460_P06T",713,0.6,"specimen_orig_ident","orig.ident",0.0451923686378906
"2","CNP0000460_P06T",279,0.6,"specimen_orig_ident","orig.ident",0.0210375508973006
"3","CNP0000460_P06T",232,0.6,"specimen_orig_ident","orig.ident",0.0198070519935115
"4","CNP0000460_P06T",1,0.6,"specimen_orig_ident","orig.ident",8.75503414463316e-05
"5","CNP0000460_P06T",475,0.6,"specimen_orig_ident","orig.ident",0.0463505074160812
"6","CNP0000460_P06T",0,0.6,"specimen_orig_ident","orig.ident",0
"7","CNP0000460_P06T",0,0.6,"specimen_orig_ident","orig.ident",0
"8","CNP0000460_P06T",0,0.6,"specimen_orig_ident","orig.ident",0
"9","CNP0000460_P06T",217,0.6,"specimen_orig_ident","orig.ident",0.0295640326975477
"10","CNP0000460_P06T",120,0.6,"specimen_orig_ident","orig.ident",0.0185729763194552
"11","CNP0000460_P06T",26,0.6,"specimen_orig_ident","orig.ident",0.00561797752808989
"0","CNP0000460_P07N",413,0.6,"specimen_orig_ident","orig.ident",0.0242627188344495
"1","CNP0000460_P07N",62,0.6,"specimen_orig_ident","orig.ident",0.00392977118590353
"2","CNP0000460_P07N",277,0.6,"specimen_orig_ident","orig.ident",0.0208867440808325
"3","CNP0000460_P07N",47,0.6,"specimen_orig_ident","orig.ident",0.00401263553316827
"4","CNP0000460_P07N",0,0.6,"specimen_orig_ident","orig.ident",0
"5","CNP0000460_P07N",86,0.6,"specimen_orig_ident","orig.ident",0.00839188134270102
"6","CNP0000460_P07N",0,0.6,"specimen_orig_ident","orig.ident",0
"7","CNP0000460_P07N",0,0.6,"specimen_orig_ident","orig.ident",0
"8","CNP0000460_P07N",0,0.6,"specimen_orig_ident","orig.ident",0
"9","CNP0000460_P07N",53,0.6,"specimen_orig_ident","orig.ident",0.00722070844686648
"10","CNP0000460_P07N",55,0.6,"specimen_orig_ident","orig.ident",0.00851261414641696
"11","CNP0000460_P07N",80,0.6,"specimen_orig_ident","orig.ident",0.017286084701815
"0","CNP0000460_P07T",127,0.6,"specimen_orig_ident","orig.ident",0.00746093291035131
"1","CNP0000460_P07T",17,0.6,"specimen_orig_ident","orig.ident",0.00107751790581226
"2","CNP0000460_P07T",115,0.6,"specimen_orig_ident","orig.ident",0.008671391946916
"3","CNP0000460_P07T",10,0.6,"specimen_orig_ident","orig.ident",0.000853752241099633
"4","CNP0000460_P07T",0,0.6,"specimen_orig_ident","orig.ident",0
"5","CNP0000460_P07T",246,0.6,"specimen_orig_ident","orig.ident",0.0240046838407494
"6","CNP0000460_P07T",0,0.6,"specimen_orig_ident","orig.ident",0
"7","CNP0000460_P07T",0,0.6,"specimen_orig_ident","orig.ident",0
"8","CNP0000460_P07T",0,0.6,"specimen_orig_ident","orig.ident",0
"9","CNP0000460_P07T",32,0.6,"specimen_orig_ident","orig.ident",0.00435967302452316
"10","CNP0000460_P07T",52,0.6,"specimen_orig_ident","orig.ident",0.00804828973843058
"11","CNP0000460_P07T",31,0.6,"specimen_orig_ident","orig.ident",0.00669835782195333
"0","GSE326225_BC1",4,0.6,"specimen_orig_ident","orig.ident",0.000234990012924451
"1","GSE326225_BC1",9,0.6,"specimen_orig_ident","orig.ident",0.000570450656018254
"2","GSE326225_BC1",3,0.6,"specimen_orig_ident","orig.ident",0.000226210224702157
"3","GSE326225_BC1",0,0.6,"specimen_orig_ident","orig.ident",0
"4","GSE326225_BC1",0,0.6,"specimen_orig_ident","orig.ident",0
"5","GSE326225_BC1",4,0.6,"specimen_orig_ident","orig.ident",0.00039032006245121
"6","GSE326225_BC1",0,0.6,"specimen_orig_ident","orig.ident",0
"7","GSE326225_BC1",0,0.6,"specimen_orig_ident","orig.ident",0
"8","GSE326225_BC1",0,0.6,"specimen_orig_ident","orig.ident",0
"9","GSE326225_BC1",0,0.6,"specimen_orig_ident","orig.ident",0
"10","GSE326225_BC1",4,0.6,"specimen_orig_ident","orig.ident",0.000619099210648506
"11","GSE326225_BC1",0,0.6,"specimen_orig_ident","orig.ident",0
"0","GSE326225_BC2",6,0.6,"specimen_orig_ident","orig.ident",0.000352485019386676
"1","GSE326225_BC2",9,0.6,"specimen_orig_ident","orig.ident",0.000570450656018254
"2","GSE326225_BC2",3,0.6,"specimen_orig_ident","orig.ident",0.000226210224702157
"3","GSE326225_BC2",0,0.6,"specimen_orig_ident","orig.ident",0
"4","GSE326225_BC2",0,0.6,"specimen_orig_ident","orig.ident",0
"5","GSE326225_BC2",2,0.6,"specimen_orig_ident","orig.ident",0.000195160031225605
"6","GSE326225_BC2",0,0.6,"specimen_orig_ident","orig.ident",0
"7","GSE326225_BC2",0,0.6,"specimen_orig_ident","orig.ident",0
"8","GSE326225_BC2",0,0.6,"specimen_orig_ident","orig.ident",0
"9","GSE326225_BC2",0,0.6,"specimen_orig_ident","orig.ident",0
"10","GSE326225_BC2",11,0.6,"specimen_orig_ident","orig.ident",0.00170252282928339
"11","GSE326225_BC2",1,0.6,"specimen_orig_ident","orig.ident",0.000216076058772688
"0","GSE326225_BC3",42,0.6,"specimen_orig_ident","orig.ident",0.00246739513570673
"1","GSE326225_BC3",13,0.6,"specimen_orig_ident","orig.ident",0.000823984280915256
"2","GSE326225_BC3",48,0.6,"specimen_orig_ident","orig.ident",0.0036193635952345
"3","GSE326225_BC3",9,0.6,"specimen_orig_ident","orig.ident",0.00076837701698967
"4","GSE326225_BC3",3,0.6,"specimen_orig_ident","orig.ident",0.000262651024338995
"5","GSE326225_BC3",24,0.6,"specimen_orig_ident","orig.ident",0.00234192037470726
"6","GSE326225_BC3",1,0.6,"specimen_orig_ident","orig.ident",0.000107758620689655
"7","GSE326225_BC3",0,0.6,"specimen_orig_ident","orig.ident",0
"8","GSE326225_BC3",2,0.6,"specimen_orig_ident","orig.ident",0.000232207128758853
"9","GSE326225_BC3",4,0.6,"specimen_orig_ident","orig.ident",0.000544959128065395
"10","GSE326225_BC3",7,0.6,"specimen_orig_ident","orig.ident",0.00108342361863489
"11","GSE326225_BC3",5,0.6,"specimen_orig_ident","orig.ident",0.00108038029386344
"0","GSE326225_BC4",652,0.6,"specimen_orig_ident","orig.ident",0.0383033721066855
"1","GSE326225_BC4",1352,0.6,"specimen_orig_ident","orig.ident",0.0856943652151867
"2","GSE326225_BC4",121,0.6,"specimen_orig_ident","orig.ident",0.00912381239632031
"3","GSE326225_BC4",33,0.6,"specimen_orig_ident","orig.ident",0.00281738239562879
"4","GSE326225_BC4",0,0.6,"specimen_orig_ident","orig.ident",0
"5","GSE326225_BC4",328,0.6,"specimen_orig_ident","orig.ident",0.0320062451209992
"6","GSE326225_BC4",2,0.6,"specimen_orig_ident","orig.ident",0.00021551724137931
"7","GSE326225_BC4",0,0.6,"specimen_orig_ident","orig.ident",0
"8","GSE326225_BC4",0,0.6,"specimen_orig_ident","orig.ident",0
"9","GSE326225_BC4",108,0.6,"specimen_orig_ident","orig.ident",0.0147138964577657
"10","GSE326225_BC4",151,0.6,"specimen_orig_ident","orig.ident",0.0233709952019811
"11","GSE326225_BC4",53,0.6,"specimen_orig_ident","orig.ident",0.0114520311149525
"0","GSE326225_BC5",1,0.6,"specimen_orig_ident","orig.ident",5.87475032311127e-05
"1","GSE326225_BC5",0,0.6,"specimen_orig_ident","orig.ident",0
"2","GSE326225_BC5",1,0.6,"specimen_orig_ident","orig.ident",7.54034082340522e-05
"3","GSE326225_BC5",0,0.6,"specimen_orig_ident","orig.ident",0
"4","GSE326225_BC5",0,0.6,"specimen_orig_ident","orig.ident",0
"5","GSE326225_BC5",0,0.6,"specimen_orig_ident","orig.ident",0
"6","GSE326225_BC5",0,0.6,"specimen_orig_ident","orig.ident",0
"7","GSE326225_BC5",0,0.6,"specimen_orig_ident","orig.ident",0
"8","GSE326225_BC5",0,0.6,"specimen_orig_ident","orig.ident",0
"9","GSE326225_BC5",0,0.6,"specimen_orig_ident","orig.ident",0
"10","GSE326225_BC5",1,0.6,"specimen_orig_ident","orig.ident",0.000154774802662127
"11","GSE326225_BC5",0,0.6,"specimen_orig_ident","orig.ident",0
"0","GSE326225_BC6",153,0.6,"specimen_orig_ident","orig.ident",0.00898836799436024
"1","GSE326225_BC6",95,0.6,"specimen_orig_ident","orig.ident",0.0060214235913038
"2","GSE326225_BC6",72,0.6,"specimen_orig_ident","orig.ident",0.00542904539285176
"3","GSE326225_BC6",3,0.6,"specimen_orig_ident","orig.ident",0.00025612567232989
"4","GSE326225_BC6",0,0.6,"specimen_orig_ident","orig.ident",0
"5","GSE326225_BC6",106,0.6,"specimen_orig_ident","orig.ident",0.0103434816549571
"6","GSE326225_BC6",5,0.6,"specimen_orig_ident","orig.ident",0.000538793103448276
"7","GSE326225_BC6",0,0.6,"specimen_orig_ident","orig.ident",0
"8","GSE326225_BC6",0,0.6,"specimen_orig_ident","orig.ident",0
"9","GSE326225_BC6",38,0.6,"specimen_orig_ident","orig.ident",0.00517711171662125
"10","GSE326225_BC6",9,0.6,"specimen_orig_ident","orig.ident",0.00139297322395914
"11","GSE326225_BC6",31,0.6,"specimen_orig_ident","orig.ident",0.00669835782195333
"0","GSE326225_BC7",112,0.6,"specimen_orig_ident","orig.ident",0.00657972036188462
"1","GSE326225_BC7",35,0.6,"specimen_orig_ident","orig.ident",0.00221841921784877
"2","GSE326225_BC7",83,0.6,"specimen_orig_ident","orig.ident",0.00625848288342633
"3","GSE326225_BC7",9,0.6,"specimen_orig_ident","orig.ident",0.00076837701698967
"4","GSE326225_BC7",0,0.6,"specimen_orig_ident","orig.ident",0
"5","GSE326225_BC7",5,0.6,"specimen_orig_ident","orig.ident",0.000487900078064012
"6","GSE326225_BC7",0,0.6,"specimen_orig_ident","orig.ident",0
"7","GSE326225_BC7",0,0.6,"specimen_orig_ident","orig.ident",0
"8","GSE326225_BC7",0,0.6,"specimen_orig_ident","orig.ident",0
"9","GSE326225_BC7",1,0.6,"specimen_orig_ident","orig.ident",0.000136239782016349
"10","GSE326225_BC7",2,0.6,"specimen_orig_ident","orig.ident",0.000309549605324253
"11","GSE326225_BC7",8,0.6,"specimen_orig_ident","orig.ident",0.0017286084701815
"0","GSE326225_BC8",142,0.6,"specimen_orig_ident","orig.ident",0.008342145458818
"1","GSE326225_BC8",45,0.6,"specimen_orig_ident","orig.ident",0.00285225328009127
"2","GSE326225_BC8",168,0.6,"specimen_orig_ident","orig.ident",0.0126677725833208
"3","GSE326225_BC8",3,0.6,"specimen_orig_ident","orig.ident",0.00025612567232989
"4","GSE326225_BC8",0,0.6,"specimen_orig_ident","orig.ident",0
"5","GSE326225_BC8",37,0.6,"specimen_orig_ident","orig.ident",0.00361046057767369
"6","GSE326225_BC8",0,0.6,"specimen_orig_ident","orig.ident",0
"7","GSE326225_BC8",0,0.6,"specimen_orig_ident","orig.ident",0
"8","GSE326225_BC8",0,0.6,"specimen_orig_ident","orig.ident",0
"9","GSE326225_BC8",14,0.6,"specimen_orig_ident","orig.ident",0.00190735694822888
"10","GSE326225_BC8",18,0.6,"specimen_orig_ident","orig.ident",0.00278594644791828
"11","GSE326225_BC8",36,0.6,"specimen_orig_ident","orig.ident",0.00777873811581677
"0","HRA003620_BC-01",726,0.6,"specimen_orig_ident","orig.ident",0.0426506873457878
"1","HRA003620_BC-01",1584,0.6,"specimen_orig_ident","orig.ident",0.100399315459213
"2","HRA003620_BC-01",410,0.6,"specimen_orig_ident","orig.ident",0.0309153973759614
"3","HRA003620_BC-01",1201,0.6,"specimen_orig_ident","orig.ident",0.102535644156066
"4","HRA003620_BC-01",6,0.6,"specimen_orig_ident","orig.ident",0.00052530204867799
"5","HRA003620_BC-01",993,0.6,"specimen_orig_ident","orig.ident",0.0968969555035129
"6","HRA003620_BC-01",2,0.6,"specimen_orig_ident","orig.ident",0.00021551724137931
"7","HRA003620_BC-01",0,0.6,"specimen_orig_ident","orig.ident",0
"8","HRA003620_BC-01",0,0.6,"specimen_orig_ident","orig.ident",0
"9","HRA003620_BC-01",530,0.6,"specimen_orig_ident","orig.ident",0.0722070844686648
"10","HRA003620_BC-01",158,0.6,"specimen_orig_ident","orig.ident",0.024454418820616
"11","HRA003620_BC-01",161,0.6,"specimen_orig_ident","orig.ident",0.0347882454624028
"0","HRA003620_BC-04",25,0.6,"specimen_orig_ident","orig.ident",0.00146868758077782
"1","HRA003620_BC-04",8,0.6,"specimen_orig_ident","orig.ident",0.000507067249794004
"2","HRA003620_BC-04",13,0.6,"specimen_orig_ident","orig.ident",0.000980244307042678
"3","HRA003620_BC-04",25,0.6,"specimen_orig_ident","orig.ident",0.00213438060274908
"4","HRA003620_BC-04",0,0.6,"specimen_orig_ident","orig.ident",0
"5","HRA003620_BC-04",27,0.6,"specimen_orig_ident","orig.ident",0.00263466042154567
"6","HRA003620_BC-04",0,0.6,"specimen_orig_ident","orig.ident",0
"7","HRA003620_BC-04",0,0.6,"specimen_orig_ident","orig.ident",0
"8","HRA003620_BC-04",0,0.6,"specimen_orig_ident","orig.ident",0
"9","HRA003620_BC-04",17,0.6,"specimen_orig_ident","orig.ident",0.00231607629427793
"10","HRA003620_BC-04",19,0.6,"specimen_orig_ident","orig.ident",0.00294072125058041
"11","HRA003620_BC-04",12,0.6,"specimen_orig_ident","orig.ident",0.00259291270527226
"0","HRA003620_BC-05",383,0.6,"specimen_orig_ident","orig.ident",0.0225002937375162
"1","HRA003620_BC-05",759,0.6,"specimen_orig_ident","orig.ident",0.0481080053242061
"2","HRA003620_BC-05",159,0.6,"specimen_orig_ident","orig.ident",0.0119891419092143
"3","HRA003620_BC-05",348,0.6,"specimen_orig_ident","orig.ident",0.0297105779902672
"4","HRA003620_BC-05",0,0.6,"specimen_orig_ident","orig.ident",0
"5","HRA003620_BC-05",404,0.6,"specimen_orig_ident","orig.ident",0.0394223263075722
"6","HRA003620_BC-05",1,0.6,"specimen_orig_ident","orig.ident",0.000107758620689655
"7","HRA003620_BC-05",0,0.6,"specimen_orig_ident","orig.ident",0
"8","HRA003620_BC-05",0,0.6,"specimen_orig_ident","orig.ident",0
"9","HRA003620_BC-05",177,0.6,"specimen_orig_ident","orig.ident",0.0241144414168937
"10","HRA003620_BC-05",62,0.6,"specimen_orig_ident","orig.ident",0.00959603776505185
"11","HRA003620_BC-05",109,0.6,"specimen_orig_ident","orig.ident",0.023552290406223
"0","HRA003620_BC-11",511,0.6,"specimen_orig_ident","orig.ident",0.0300199741510986
"1","HRA003620_BC-11",3323,0.6,"specimen_orig_ident","orig.ident",0.210623058883184
"2","HRA003620_BC-11",215,0.6,"specimen_orig_ident","orig.ident",0.0162117327703212
"3","HRA003620_BC-11",634,0.6,"specimen_orig_ident","orig.ident",0.0541278920857167
"4","HRA003620_BC-11",2,0.6,"specimen_orig_ident","orig.ident",0.000175100682892663
"5","HRA003620_BC-11",802,0.6,"specimen_orig_ident","orig.ident",0.0782591725214676
"6","HRA003620_BC-11",0,0.6,"specimen_orig_ident","orig.ident",0
"7","HRA003620_BC-11",0,0.6,"specimen_orig_ident","orig.ident",0
"8","HRA003620_BC-11",0,0.6,"specimen_orig_ident","orig.ident",0
"9","HRA003620_BC-11",624,0.6,"specimen_orig_ident","orig.ident",0.0850136239782016
"10","HRA003620_BC-11",130,0.6,"specimen_orig_ident","orig.ident",0.0201207243460765
"11","HRA003620_BC-11",115,0.6,"specimen_orig_ident","orig.ident",0.0248487467588591
"0","HRA003620_BC-24",1044,0.6,"specimen_orig_ident","orig.ident",0.0613323933732816
"1","HRA003620_BC-24",1160,0.6,"specimen_orig_ident","orig.ident",0.0735247512201306
"2","HRA003620_BC-24",359,0.6,"specimen_orig_ident","orig.ident",0.0270698235560247
"3","HRA003620_BC-24",583,0.6,"specimen_orig_ident","orig.ident",0.0497737556561086
"4","HRA003620_BC-24",0,0.6,"specimen_orig_ident","orig.ident",0
"5","HRA003620_BC-24",56,0.6,"specimen_orig_ident","orig.ident",0.00546448087431694
"6","HRA003620_BC-24",0,0.6,"specimen_orig_ident","orig.ident",0
"7","HRA003620_BC-24",0,0.6,"specimen_orig_ident","orig.ident",0
"8","HRA003620_BC-24",0,0.6,"specimen_orig_ident","orig.ident",0
"9","HRA003620_BC-24",235,0.6,"specimen_orig_ident","orig.ident",0.032016348773842
"10","HRA003620_BC-24",306,0.6,"specimen_orig_ident","orig.ident",0.0473610896146107
"11","HRA003620_BC-24",66,0.6,"specimen_orig_ident","orig.ident",0.0142610198789974
"0","HRA003620_BC-27",554,0.6,"specimen_orig_ident","orig.ident",0.0325461167900364
"1","HRA003620_BC-27",452,0.6,"specimen_orig_ident","orig.ident",0.0286492996133612
"2","HRA003620_BC-27",282,0.6,"specimen_orig_ident","orig.ident",0.0212637611220027
"3","HRA003620_BC-27",369,0.6,"specimen_orig_ident","orig.ident",0.0315034576965765
"4","HRA003620_BC-27",0,0.6,"specimen_orig_ident","orig.ident",0
"5","HRA003620_BC-27",311,0.6,"specimen_orig_ident","orig.ident",0.0303473848555816
"6","HRA003620_BC-27",0,0.6,"specimen_orig_ident","orig.ident",0
"7","HRA003620_BC-27",0,0.6,"specimen_orig_ident","orig.ident",0
"8","HRA003620_BC-27",0,0.6,"specimen_orig_ident","orig.ident",0
"9","HRA003620_BC-27",375,0.6,"specimen_orig_ident","orig.ident",0.0510899182561308
"10","HRA003620_BC-27",52,0.6,"specimen_orig_ident","orig.ident",0.00804828973843058
"11","HRA003620_BC-27",150,0.6,"specimen_orig_ident","orig.ident",0.0324114088159032
"0","HRA003620_BC-30",1375,0.6,"specimen_orig_ident","orig.ident",0.0807778169427799
"1","HRA003620_BC-30",1163,0.6,"specimen_orig_ident","orig.ident",0.0737149014388033
"2","HRA003620_BC-30",466,0.6,"specimen_orig_ident","orig.ident",0.0351379882370683
"3","HRA003620_BC-30",291,0.6,"specimen_orig_ident","orig.ident",0.0248441902159993
"4","HRA003620_BC-30",0,0.6,"specimen_orig_ident","orig.ident",0
"5","HRA003620_BC-30",320,0.6,"specimen_orig_ident","orig.ident",0.0312256049960968
"6","HRA003620_BC-30",0,0.6,"specimen_orig_ident","orig.ident",0
"7","HRA003620_BC-30",0,0.6,"specimen_orig_ident","orig.ident",0
"8","HRA003620_BC-30",0,0.6,"specimen_orig_ident","orig.ident",0
"9","HRA003620_BC-30",467,0.6,"specimen_orig_ident","orig.ident",0.0636239782016349
"10","HRA003620_BC-30",295,0.6,"specimen_orig_ident","orig.ident",0.0456585667853273
"11","HRA003620_BC-30",67,0.6,"specimen_orig_ident","orig.ident",0.0144770959377701
"0","HRA003620_NC-01",73,0.6,"specimen_orig_ident","orig.ident",0.00428856773587123
"1","HRA003620_NC-01",78,0.6,"specimen_orig_ident","orig.ident",0.00494390568549154
"2","HRA003620_NC-01",191,0.6,"specimen_orig_ident","orig.ident",0.014402050972704
"3","HRA003620_NC-01",78,0.6,"specimen_orig_ident","orig.ident",0.00665926748057714
"4","HRA003620_NC-01",0,0.6,"specimen_orig_ident","orig.ident",0
"5","HRA003620_NC-01",64,0.6,"specimen_orig_ident","orig.ident",0.00624512099921936
"6","HRA003620_NC-01",0,0.6,"specimen_orig_ident","orig.ident",0
"7","HRA003620_NC-01",0,0.6,"specimen_orig_ident","orig.ident",0
"8","HRA003620_NC-01",0,0.6,"specimen_orig_ident","orig.ident",0
"9","HRA003620_NC-01",51,0.6,"specimen_orig_ident","orig.ident",0.00694822888283379
"10","HRA003620_NC-01",35,0.6,"specimen_orig_ident","orig.ident",0.00541711809317443
"11","HRA003620_NC-01",93,0.6,"specimen_orig_ident","orig.ident",0.02009507346586
"0","HRA003620_NC-04",59,0.6,"specimen_orig_ident","orig.ident",0.00346610269063565
"1","HRA003620_NC-04",9,0.6,"specimen_orig_ident","orig.ident",0.000570450656018254
"2","HRA003620_NC-04",80,0.6,"specimen_orig_ident","orig.ident",0.00603227265872417
"3","HRA003620_NC-04",85,0.6,"specimen_orig_ident","orig.ident",0.00725689404934688
"4","HRA003620_NC-04",0,0.6,"specimen_orig_ident","orig.ident",0
"5","HRA003620_NC-04",14,0.6,"specimen_orig_ident","orig.ident",0.00136612021857923
"6","HRA003620_NC-04",0,0.6,"specimen_orig_ident","orig.ident",0
"7","HRA003620_NC-04",0,0.6,"specimen_orig_ident","orig.ident",0
"8","HRA003620_NC-04",0,0.6,"specimen_orig_ident","orig.ident",0
"9","HRA003620_NC-04",78,0.6,"specimen_orig_ident","orig.ident",0.0106267029972752
"10","HRA003620_NC-04",28,0.6,"specimen_orig_ident","orig.ident",0.00433369447453954
"11","HRA003620_NC-04",37,0.6,"specimen_orig_ident","orig.ident",0.00799481417458946
"0","HRA003620_NC-05",423,0.6,"specimen_orig_ident","orig.ident",0.0248501938667607
"1","HRA003620_NC-05",444,0.6,"specimen_orig_ident","orig.ident",0.0281422323635672
"2","HRA003620_NC-05",179,0.6,"specimen_orig_ident","orig.ident",0.0134972100738953
"3","HRA003620_NC-05",311,0.6,"specimen_orig_ident","orig.ident",0.0265516946981986
"4","HRA003620_NC-05",1,0.6,"specimen_orig_ident","orig.ident",8.75503414463316e-05
"5","HRA003620_NC-05",417,0.6,"specimen_orig_ident","orig.ident",0.0406908665105386
"6","HRA003620_NC-05",0,0.6,"specimen_orig_ident","orig.ident",0
"7","HRA003620_NC-05",0,0.6,"specimen_orig_ident","orig.ident",0
"8","HRA003620_NC-05",0,0.6,"specimen_orig_ident","orig.ident",0
"9","HRA003620_NC-05",246,0.6,"specimen_orig_ident","orig.ident",0.0335149863760218
"10","HRA003620_NC-05",71,0.6,"specimen_orig_ident","orig.ident",0.010989010989011
"11","HRA003620_NC-05",106,0.6,"specimen_orig_ident","orig.ident",0.0229040622299049
"0","HRA003620_NC-11",399,0.6,"specimen_orig_ident","orig.ident",0.023440253789214
"1","HRA003620_NC-11",589,0.6,"specimen_orig_ident","orig.ident",0.0373328262660835
"2","HRA003620_NC-11",210,0.6,"specimen_orig_ident","orig.ident",0.015834715729151
"3","HRA003620_NC-11",580,0.6,"specimen_orig_ident","orig.ident",0.0495176299837787
"4","HRA003620_NC-11",1,0.6,"specimen_orig_ident","orig.ident",8.75503414463316e-05
"5","HRA003620_NC-11",304,0.6,"specimen_orig_ident","orig.ident",0.029664324746292
"6","HRA003620_NC-11",0,0.6,"specimen_orig_ident","orig.ident",0
"7","HRA003620_NC-11",0,0.6,"specimen_orig_ident","orig.ident",0
"8","HRA003620_NC-11",0,0.6,"specimen_orig_ident","orig.ident",0
"9","HRA003620_NC-11",905,0.6,"specimen_orig_ident","orig.ident",0.123297002724796
"10","HRA003620_NC-11",542,0.6,"specimen_orig_ident","orig.ident",0.0838879430428726
"11","HRA003620_NC-11",100,0.6,"specimen_orig_ident","orig.ident",0.0216076058772688
"0","HRA003620_NC-24",438,0.6,"specimen_orig_ident","orig.ident",0.0257314064152274
"1","HRA003620_NC-24",162,0.6,"specimen_orig_ident","orig.ident",0.0102681118083286
"2","HRA003620_NC-24",248,0.6,"specimen_orig_ident","orig.ident",0.0187000452420449
"3","HRA003620_NC-24",569,0.6,"specimen_orig_ident","orig.ident",0.0485785025185691
"4","HRA003620_NC-24",0,0.6,"specimen_orig_ident","orig.ident",0
"5","HRA003620_NC-24",1,0.6,"specimen_orig_ident","orig.ident",9.75800156128025e-05
"6","HRA003620_NC-24",0,0.6,"specimen_orig_ident","orig.ident",0
"7","HRA003620_NC-24",0,0.6,"specimen_orig_ident","orig.ident",0
"8","HRA003620_NC-24",0,0.6,"specimen_orig_ident","orig.ident",0
"9","HRA003620_NC-24",28,0.6,"specimen_orig_ident","orig.ident",0.00381471389645777
"10","HRA003620_NC-24",7,0.6,"specimen_orig_ident","orig.ident",0.00108342361863489
"11","HRA003620_NC-24",41,0.6,"specimen_orig_ident","orig.ident",0.00885911840968021
"0","HRA003620_NC-27",1003,0.6,"specimen_orig_ident","orig.ident",0.058923745740806
"1","HRA003620_NC-27",174,0.6,"specimen_orig_ident","orig.ident",0.0110287126830196
"2","HRA003620_NC-27",528,0.6,"specimen_orig_ident","orig.ident",0.0398129995475796
"3","HRA003620_NC-27",1124,0.6,"specimen_orig_ident","orig.ident",0.0959617518995987
"4","HRA003620_NC-27",0,0.6,"specimen_orig_ident","orig.ident",0
"5","HRA003620_NC-27",21,0.6,"specimen_orig_ident","orig.ident",0.00204918032786885
"6","HRA003620_NC-27",0,0.6,"specimen_orig_ident","orig.ident",0
"7","HRA003620_NC-27",0,0.6,"specimen_orig_ident","orig.ident",0
"8","HRA003620_NC-27",0,0.6,"specimen_orig_ident","orig.ident",0
"9","HRA003620_NC-27",41,0.6,"specimen_orig_ident","orig.ident",0.0055858310626703
"10","HRA003620_NC-27",26,0.6,"specimen_orig_ident","orig.ident",0.00402414486921529
"11","HRA003620_NC-27",220,0.6,"specimen_orig_ident","orig.ident",0.0475367329299914
"0","HRA003620_NC-30",538,0.6,"specimen_orig_ident","orig.ident",0.0316061567383386
"1","HRA003620_NC-30",83,0.6,"specimen_orig_ident","orig.ident",0.00526082271661279
"2","HRA003620_NC-30",1094,0.6,"specimen_orig_ident","orig.ident",0.0824913286080531
"3","HRA003620_NC-30",855,0.6,"specimen_orig_ident","orig.ident",0.0729958166140186
"4","HRA003620_NC-30",0,0.6,"specimen_orig_ident","orig.ident",0
"5","HRA003620_NC-30",371,0.6,"specimen_orig_ident","orig.ident",0.0362021857923497
"6","HRA003620_NC-30",0,0.6,"specimen_orig_ident","orig.ident",0
"7","HRA003620_NC-30",0,0.6,"specimen_orig_ident","orig.ident",0
"8","HRA003620_NC-30",0,0.6,"specimen_orig_ident","orig.ident",0
"9","HRA003620_NC-30",332,0.6,"specimen_orig_ident","orig.ident",0.0452316076294278
"10","HRA003620_NC-30",174,0.6,"specimen_orig_ident","orig.ident",0.02693081566321
"11","HRA003620_NC-30",198,0.6,"specimen_orig_ident","orig.ident",0.0427830596369922
"0","PRJNA662018_PRJNA662018_P1N1",337,0.6,"specimen_orig_ident","orig.ident",0.019797908588885
"1","PRJNA662018_PRJNA662018_P1N1",60,0.6,"specimen_orig_ident","orig.ident",0.00380300437345503
"2","PRJNA662018_PRJNA662018_P1N1",424,0.6,"specimen_orig_ident","orig.ident",0.0319710450912381
"3","PRJNA662018_PRJNA662018_P1N1",251,0.6,"specimen_orig_ident","orig.ident",0.0214291812516008
"4","PRJNA662018_PRJNA662018_P1N1",0,0.6,"specimen_orig_ident","orig.ident",0
"5","PRJNA662018_PRJNA662018_P1N1",193,0.6,"specimen_orig_ident","orig.ident",0.0188329430132709
"6","PRJNA662018_PRJNA662018_P1N1",0,0.6,"specimen_orig_ident","orig.ident",0
"7","PRJNA662018_PRJNA662018_P1N1",0,0.6,"specimen_orig_ident","orig.ident",0
"8","PRJNA662018_PRJNA662018_P1N1",0,0.6,"specimen_orig_ident","orig.ident",0
"9","PRJNA662018_PRJNA662018_P1N1",138,0.6,"specimen_orig_ident","orig.ident",0.0188010899182561
"10","PRJNA662018_PRJNA662018_P1N1",133,0.6,"specimen_orig_ident","orig.ident",0.0205850487540628
"11","PRJNA662018_PRJNA662018_P1N1",48,0.6,"specimen_orig_ident","orig.ident",0.010371650821089
"0","PRJNA662018_PRJNA662018_P1T1",567,0.6,"specimen_orig_ident","orig.ident",0.0333098343320409
"1","PRJNA662018_PRJNA662018_P1T1",225,0.6,"specimen_orig_ident","orig.ident",0.0142612664004564
"2","PRJNA662018_PRJNA662018_P1T1",619,0.6,"specimen_orig_ident","orig.ident",0.0466747096968783
"3","PRJNA662018_PRJNA662018_P1T1",683,0.6,"specimen_orig_ident","orig.ident",0.0583112780671049
"4","PRJNA662018_PRJNA662018_P1T1",0,0.6,"specimen_orig_ident","orig.ident",0
"5","PRJNA662018_PRJNA662018_P1T1",235,0.6,"specimen_orig_ident","orig.ident",0.0229313036690086
"6","PRJNA662018_PRJNA662018_P1T1",0,0.6,"specimen_orig_ident","orig.ident",0
"7","PRJNA662018_PRJNA662018_P1T1",0,0.6,"specimen_orig_ident","orig.ident",0
"8","PRJNA662018_PRJNA662018_P1T1",0,0.6,"specimen_orig_ident","orig.ident",0
"9","PRJNA662018_PRJNA662018_P1T1",228,0.6,"specimen_orig_ident","orig.ident",0.0310626702997275
"10","PRJNA662018_PRJNA662018_P1T1",221,0.6,"specimen_orig_ident","orig.ident",0.03420523138833
"11","PRJNA662018_PRJNA662018_P1T1",117,0.6,"specimen_orig_ident","orig.ident",0.0252808988764045
"0","PRJNA662018_PRJNA662018_P2T2",703,0.6,"specimen_orig_ident","orig.ident",0.0412994947714722
"1","PRJNA662018_PRJNA662018_P2T2",512,0.6,"specimen_orig_ident","orig.ident",0.0324523039868162
"2","PRJNA662018_PRJNA662018_P2T2",563,0.6,"specimen_orig_ident","orig.ident",0.0424521188357714
"3","PRJNA662018_PRJNA662018_P2T2",807,0.6,"specimen_orig_ident","orig.ident",0.0688978058567404
"4","PRJNA662018_PRJNA662018_P2T2",0,0.6,"specimen_orig_ident","orig.ident",0
"5","PRJNA662018_PRJNA662018_P2T2",567,0.6,"specimen_orig_ident","orig.ident",0.055327868852459
"6","PRJNA662018_PRJNA662018_P2T2",0,0.6,"specimen_orig_ident","orig.ident",0
"7","PRJNA662018_PRJNA662018_P2T2",0,0.6,"specimen_orig_ident","orig.ident",0
"8","PRJNA662018_PRJNA662018_P2T2",0,0.6,"specimen_orig_ident","orig.ident",0
"9","PRJNA662018_PRJNA662018_P2T2",299,0.6,"specimen_orig_ident","orig.ident",0.0407356948228883
"10","PRJNA662018_PRJNA662018_P2T2",301,0.6,"specimen_orig_ident","orig.ident",0.0465872156013001
"11","PRJNA662018_PRJNA662018_P2T2",140,0.6,"specimen_orig_ident","orig.ident",0.0302506482281763
"0","PRJNA662018_PRJNA662018_P3N3",648,0.6,"specimen_orig_ident","orig.ident",0.038068382093761
"1","PRJNA662018_PRJNA662018_P3N3",54,0.6,"specimen_orig_ident","orig.ident",0.00342270393610953
"2","PRJNA662018_PRJNA662018_P3N3",604,0.6,"specimen_orig_ident","orig.ident",0.0455436585733675
"3","PRJNA662018_PRJNA662018_P3N3",467,0.6,"specimen_orig_ident","orig.ident",0.0398702296593529
"4","PRJNA662018_PRJNA662018_P3N3",0,0.6,"specimen_orig_ident","orig.ident",0
"5","PRJNA662018_PRJNA662018_P3N3",93,0.6,"specimen_orig_ident","orig.ident",0.00907494145199063
"6","PRJNA662018_PRJNA662018_P3N3",0,0.6,"specimen_orig_ident","orig.ident",0
"7","PRJNA662018_PRJNA662018_P3N3",0,0.6,"specimen_orig_ident","orig.ident",0
"8","PRJNA662018_PRJNA662018_P3N3",0,0.6,"specimen_orig_ident","orig.ident",0
"9","PRJNA662018_PRJNA662018_P3N3",130,0.6,"specimen_orig_ident","orig.ident",0.0177111716621253
"10","PRJNA662018_PRJNA662018_P3N3",37,0.6,"specimen_orig_ident","orig.ident",0.00572666769849868
"11","PRJNA662018_PRJNA662018_P3N3",65,0.6,"specimen_orig_ident","orig.ident",0.0140449438202247
"0","PRJNA662018_PRJNA662018_P3T3",398,0.6,"specimen_orig_ident","orig.ident",0.0233815062859828
"1","PRJNA662018_PRJNA662018_P3T3",116,0.6,"specimen_orig_ident","orig.ident",0.00735247512201306
"2","PRJNA662018_PRJNA662018_P3T3",291,0.6,"specimen_orig_ident","orig.ident",0.0219423917961092
"3","PRJNA662018_PRJNA662018_P3T3",292,0.6,"specimen_orig_ident","orig.ident",0.0249295654401093
"4","PRJNA662018_PRJNA662018_P3T3",0,0.6,"specimen_orig_ident","orig.ident",0
"5","PRJNA662018_PRJNA662018_P3T3",398,0.6,"specimen_orig_ident","orig.ident",0.0388368462138954
"6","PRJNA662018_PRJNA662018_P3T3",1,0.6,"specimen_orig_ident","orig.ident",0.000107758620689655
"7","PRJNA662018_PRJNA662018_P3T3",0,0.6,"specimen_orig_ident","orig.ident",0
"8","PRJNA662018_PRJNA662018_P3T3",0,0.6,"specimen_orig_ident","orig.ident",0
"9","PRJNA662018_PRJNA662018_P3T3",198,0.6,"specimen_orig_ident","orig.ident",0.0269754768392371
"10","PRJNA662018_PRJNA662018_P3T3",77,0.6,"specimen_orig_ident","orig.ident",0.0119176598049837
"11","PRJNA662018_PRJNA662018_P3T3",57,0.6,"specimen_orig_ident","orig.ident",0.0123163353500432
"0","PRJNA662018_PRJNA662018_P4T4",562,0.6,"specimen_orig_ident","orig.ident",0.0330160968158853
"1","PRJNA662018_PRJNA662018_P4T4",752,0.6,"specimen_orig_ident","orig.ident",0.0476643214806364
"2","PRJNA662018_PRJNA662018_P4T4",394,0.6,"specimen_orig_ident","orig.ident",0.0297089428442166
"3","PRJNA662018_PRJNA662018_P4T4",15,0.6,"specimen_orig_ident","orig.ident",0.00128062836164945
"4","PRJNA662018_PRJNA662018_P4T4",0,0.6,"specimen_orig_ident","orig.ident",0
"5","PRJNA662018_PRJNA662018_P4T4",370,0.6,"specimen_orig_ident","orig.ident",0.0361046057767369
"6","PRJNA662018_PRJNA662018_P4T4",0,0.6,"specimen_orig_ident","orig.ident",0
"7","PRJNA662018_PRJNA662018_P4T4",0,0.6,"specimen_orig_ident","orig.ident",0
"8","PRJNA662018_PRJNA662018_P4T4",0,0.6,"specimen_orig_ident","orig.ident",0
"9","PRJNA662018_PRJNA662018_P4T4",177,0.6,"specimen_orig_ident","orig.ident",0.0241144414168937
"10","PRJNA662018_PRJNA662018_P4T4",121,0.6,"specimen_orig_ident","orig.ident",0.0187277511221173
"11","PRJNA662018_PRJNA662018_P4T4",135,0.6,"specimen_orig_ident","orig.ident",0.0291702679343129
"0","PRJNA662018_PRJNA662018_P5T5",70,0.6,"specimen_orig_ident","orig.ident",0.00411232522617789
"1","PRJNA662018_PRJNA662018_P5T5",9,0.6,"specimen_orig_ident","orig.ident",0.000570450656018254
"2","PRJNA662018_PRJNA662018_P5T5",57,0.6,"specimen_orig_ident","orig.ident",0.00429799426934097
"3","PRJNA662018_PRJNA662018_P5T5",8,0.6,"specimen_orig_ident","orig.ident",0.000683001792879706
"4","PRJNA662018_PRJNA662018_P5T5",0,0.6,"specimen_orig_ident","orig.ident",0
"5","PRJNA662018_PRJNA662018_P5T5",2,0.6,"specimen_orig_ident","orig.ident",0.000195160031225605
"6","PRJNA662018_PRJNA662018_P5T5",0,0.6,"specimen_orig_ident","orig.ident",0
"7","PRJNA662018_PRJNA662018_P5T5",0,0.6,"specimen_orig_ident","orig.ident",0
"8","PRJNA662018_PRJNA662018_P5T5",0,0.6,"specimen_orig_ident","orig.ident",0
"9","PRJNA662018_PRJNA662018_P5T5",5,0.6,"specimen_orig_ident","orig.ident",0.000681198910081744
"10","PRJNA662018_PRJNA662018_P5T5",3,0.6,"specimen_orig_ident","orig.ident",0.00046432440798638
"11","PRJNA662018_PRJNA662018_P5T5",1,0.6,"specimen_orig_ident","orig.ident",0.000216076058772688
"0","PRJNA662018_PRJNA662018_P6N2",389,0.6,"specimen_orig_ident","orig.ident",0.0228527787569028
"1","PRJNA662018_PRJNA662018_P6N2",28,0.6,"specimen_orig_ident","orig.ident",0.00177473537427901
"2","PRJNA662018_PRJNA662018_P6N2",451,0.6,"specimen_orig_ident","orig.ident",0.0340069371135575
"3","PRJNA662018_PRJNA662018_P6N2",185,0.6,"specimen_orig_ident","orig.ident",0.0157944164603432
"4","PRJNA662018_PRJNA662018_P6N2",0,0.6,"specimen_orig_ident","orig.ident",0
"5","PRJNA662018_PRJNA662018_P6N2",318,0.6,"specimen_orig_ident","orig.ident",0.0310304449648712
"6","PRJNA662018_PRJNA662018_P6N2",0,0.6,"specimen_orig_ident","orig.ident",0
"7","PRJNA662018_PRJNA662018_P6N2",0,0.6,"specimen_orig_ident","orig.ident",0
"8","PRJNA662018_PRJNA662018_P6N2",0,0.6,"specimen_orig_ident","orig.ident",0
"9","PRJNA662018_PRJNA662018_P6N2",137,0.6,"specimen_orig_ident","orig.ident",0.0186648501362398
"10","PRJNA662018_PRJNA662018_P6N2",42,0.6,"specimen_orig_ident","orig.ident",0.00650054171180932
"11","PRJNA662018_PRJNA662018_P6N2",52,0.6,"specimen_orig_ident","orig.ident",0.0112359550561798
"0","PRJNA662018_PRJNA662018_P6T6",10,0.6,"specimen_orig_ident","orig.ident",0.000587475032311127
"1","PRJNA662018_PRJNA662018_P6T6",0,0.6,"specimen_orig_ident","orig.ident",0
"2","PRJNA662018_PRJNA662018_P6T6",10,0.6,"specimen_orig_ident","orig.ident",0.000754034082340522
"3","PRJNA662018_PRJNA662018_P6T6",4,0.6,"specimen_orig_ident","orig.ident",0.000341500896439853
"4","PRJNA662018_PRJNA662018_P6T6",0,0.6,"specimen_orig_ident","orig.ident",0
"5","PRJNA662018_PRJNA662018_P6T6",1,0.6,"specimen_orig_ident","orig.ident",9.75800156128025e-05
"6","PRJNA662018_PRJNA662018_P6T6",0,0.6,"specimen_orig_ident","orig.ident",0
"7","PRJNA662018_PRJNA662018_P6T6",0,0.6,"specimen_orig_ident","orig.ident",0
"8","PRJNA662018_PRJNA662018_P6T6",0,0.6,"specimen_orig_ident","orig.ident",0
"9","PRJNA662018_PRJNA662018_P6T6",1,0.6,"specimen_orig_ident","orig.ident",0.000136239782016349
"10","PRJNA662018_PRJNA662018_P6T6",0,0.6,"specimen_orig_ident","orig.ident",0
"11","PRJNA662018_PRJNA662018_P6T6",3,0.6,"specimen_orig_ident","orig.ident",0.000648228176318064
"0","PRJNA662018_PRJNA662018_P7T7",214,0.6,"specimen_orig_ident","orig.ident",0.0125719656914581
"1","PRJNA662018_PRJNA662018_P7T7",52,0.6,"specimen_orig_ident","orig.ident",0.00329593712366103
"2","PRJNA662018_PRJNA662018_P7T7",305,0.6,"specimen_orig_ident","orig.ident",0.0229980395113859
"3","PRJNA662018_PRJNA662018_P7T7",183,0.6,"specimen_orig_ident","orig.ident",0.0156236660121233
"4","PRJNA662018_PRJNA662018_P7T7",0,0.6,"specimen_orig_ident","orig.ident",0
"5","PRJNA662018_PRJNA662018_P7T7",251,0.6,"specimen_orig_ident","orig.ident",0.0244925839188134
"6","PRJNA662018_PRJNA662018_P7T7",0,0.6,"specimen_orig_ident","orig.ident",0
"7","PRJNA662018_PRJNA662018_P7T7",0,0.6,"specimen_orig_ident","orig.ident",0
"8","PRJNA662018_PRJNA662018_P7T7",0,0.6,"specimen_orig_ident","orig.ident",0
"9","PRJNA662018_PRJNA662018_P7T7",48,0.6,"specimen_orig_ident","orig.ident",0.00653950953678474
"10","PRJNA662018_PRJNA662018_P7T7",9,0.6,"specimen_orig_ident","orig.ident",0.00139297322395914
"11","PRJNA662018_PRJNA662018_P7T7",27,0.6,"specimen_orig_ident","orig.ident",0.00583405358686258
"0","PRJNA662018_PRJNA662018_P8T8",1,0.6,"specimen_orig_ident","orig.ident",5.87475032311127e-05
"1","PRJNA662018_PRJNA662018_P8T8",0,0.6,"specimen_orig_ident","orig.ident",0
"2","PRJNA662018_PRJNA662018_P8T8",2,0.6,"specimen_orig_ident","orig.ident",0.000150806816468104
"3","PRJNA662018_PRJNA662018_P8T8",1,0.6,"specimen_orig_ident","orig.ident",8.53752241099633e-05
"4","PRJNA662018_PRJNA662018_P8T8",0,0.6,"specimen_orig_ident","orig.ident",0
"5","PRJNA662018_PRJNA662018_P8T8",9,0.6,"specimen_orig_ident","orig.ident",0.000878220140515222
"6","PRJNA662018_PRJNA662018_P8T8",0,0.6,"specimen_orig_ident","orig.ident",0
"7","PRJNA662018_PRJNA662018_P8T8",0,0.6,"specimen_orig_ident","orig.ident",0
"8","PRJNA662018_PRJNA662018_P8T8",0,0.6,"specimen_orig_ident","orig.ident",0
"9","PRJNA662018_PRJNA662018_P8T8",2,0.6,"specimen_orig_ident","orig.ident",0.000272479564032698
"10","PRJNA662018_PRJNA662018_P8T8",6,0.6,"specimen_orig_ident","orig.ident",0.00092864881597276
"11","PRJNA662018_PRJNA662018_P8T8",0,0.6,"specimen_orig_ident","orig.ident",0
"0","T4091568",1,0.6,"specimen_orig_ident","orig.ident",5.87475032311127e-05
"1","T4091568",0,0.6,"specimen_orig_ident","orig.ident",0
"2","T4091568",31,0.6,"specimen_orig_ident","orig.ident",0.00233750565525562
"3","T4091568",0,0.6,"specimen_orig_ident","orig.ident",0
"4","T4091568",745,0.6,"specimen_orig_ident","orig.ident",0.0652250043775171
"5","T4091568",8,0.6,"specimen_orig_ident","orig.ident",0.00078064012490242
"6","T4091568",360,0.6,"specimen_orig_ident","orig.ident",0.0387931034482759
"7","T4091568",415,0.6,"specimen_orig_ident","orig.ident",0.0462138084632517
"8","T4091568",701,0.6,"specimen_orig_ident","orig.ident",0.0813885986299779
"9","T4091568",5,0.6,"specimen_orig_ident","orig.ident",0.000681198910081744
"10","T4091568",79,0.6,"specimen_orig_ident","orig.ident",0.012227209410308
"11","T4091568",105,0.6,"specimen_orig_ident","orig.ident",0.0226879861711322
"0","T4295396",0,0.6,"specimen_orig_ident","orig.ident",0
"1","T4295396",1,0.6,"specimen_orig_ident","orig.ident",6.33834062242505e-05
"2","T4295396",21,0.6,"specimen_orig_ident","orig.ident",0.0015834715729151
"3","T4295396",0,0.6,"specimen_orig_ident","orig.ident",0
"4","T4295396",1588,0.6,"specimen_orig_ident","orig.ident",0.139029942216775
"5","T4295396",7,0.6,"specimen_orig_ident","orig.ident",0.000683060109289617
"6","T4295396",786,0.6,"specimen_orig_ident","orig.ident",0.084698275862069
"7","T4295396",992,0.6,"specimen_orig_ident","orig.ident",0.110467706013363
"8","T4295396",702,0.6,"specimen_orig_ident","orig.ident",0.0815047021943574
"9","T4295396",53,0.6,"specimen_orig_ident","orig.ident",0.00722070844686648
"10","T4295396",300,0.6,"specimen_orig_ident","orig.ident",0.046432440798638
"11","T4295396",50,0.6,"specimen_orig_ident","orig.ident",0.0108038029386344
"0","T4380845",0,0.6,"specimen_orig_ident","orig.ident",0
"1","T4380845",1,0.6,"specimen_orig_ident","orig.ident",6.33834062242505e-05
"2","T4380845",11,0.6,"specimen_orig_ident","orig.ident",0.000829437490574574
"3","T4380845",0,0.6,"specimen_orig_ident","orig.ident",0
"4","T4380845",454,0.6,"specimen_orig_ident","orig.ident",0.0397478550166346
"5","T4380845",5,0.6,"specimen_orig_ident","orig.ident",0.000487900078064012
"6","T4380845",302,0.6,"specimen_orig_ident","orig.ident",0.0325431034482759
"7","T4380845",549,0.6,"specimen_orig_ident","orig.ident",0.0611358574610245
"8","T4380845",558,0.6,"specimen_orig_ident","orig.ident",0.06478578892372
"9","T4380845",9,0.6,"specimen_orig_ident","orig.ident",0.00122615803814714
"10","T4380845",64,0.6,"specimen_orig_ident","orig.ident",0.0099055873703761
"11","T4380845",92,0.6,"specimen_orig_ident","orig.ident",0.0198789974070873
"0","T4398343",0,0.6,"specimen_orig_ident","orig.ident",0
"1","T4398343",0,0.6,"specimen_orig_ident","orig.ident",0
"2","T4398343",49,0.6,"specimen_orig_ident","orig.ident",0.00369476700346856
"3","T4398343",0,0.6,"specimen_orig_ident","orig.ident",0
"4","T4398343",1579,0.6,"specimen_orig_ident","orig.ident",0.138241989143758
"5","T4398343",21,0.6,"specimen_orig_ident","orig.ident",0.00204918032786885
"6","T4398343",1672,0.6,"specimen_orig_ident","orig.ident",0.180172413793103
"7","T4398343",739,0.6,"specimen_orig_ident","orig.ident",0.082293986636971
"8","T4398343",691,0.6,"specimen_orig_ident","orig.ident",0.0802275629861837
"9","T4398343",44,0.6,"specimen_orig_ident","orig.ident",0.00599455040871935
"10","T4398343",499,0.6,"specimen_orig_ident","orig.ident",0.0772326265284012
"11","T4398343",182,0.6,"specimen_orig_ident","orig.ident",0.0393258426966292
"0","T4450398",0,0.6,"specimen_orig_ident","orig.ident",0
"1","T4450398",0,0.6,"specimen_orig_ident","orig.ident",0
"2","T4450398",120,0.6,"specimen_orig_ident","orig.ident",0.00904840898808626
"3","T4450398",0,0.6,"specimen_orig_ident","orig.ident",0
"4","T4450398",1531,0.6,"specimen_orig_ident","orig.ident",0.134039572754334
"5","T4450398",38,0.6,"specimen_orig_ident","orig.ident",0.0037080405932865
"6","T4450398",926,0.6,"specimen_orig_ident","orig.ident",0.0997844827586207
"7","T4450398",1727,0.6,"specimen_orig_ident","orig.ident",0.192316258351893
"8","T4450398",1314,0.6,"specimen_orig_ident","orig.ident",0.152560083594566
"9","T4450398",33,0.6,"specimen_orig_ident","orig.ident",0.00449591280653951
"10","T4450398",218,0.6,"specimen_orig_ident","orig.ident",0.0337409069803436
"11","T4450398",64,0.6,"specimen_orig_ident","orig.ident",0.013828867761452
"0","T4463209a",1,0.6,"specimen_orig_ident","orig.ident",5.87475032311127e-05
"1","T4463209a",0,0.6,"specimen_orig_ident","orig.ident",0
"2","T4463209a",29,0.6,"specimen_orig_ident","orig.ident",0.00218669883878751
"3","T4463209a",0,0.6,"specimen_orig_ident","orig.ident",0
"4","T4463209a",789,0.6,"specimen_orig_ident","orig.ident",0.0690772194011557
"5","T4463209a",35,0.6,"specimen_orig_ident","orig.ident",0.00341530054644809
"6","T4463209a",1560,0.6,"specimen_orig_ident","orig.ident",0.168103448275862
"7","T4463209a",1158,0.6,"specimen_orig_ident","orig.ident",0.128953229398664
"8","T4463209a",416,0.6,"specimen_orig_ident","orig.ident",0.0482990827818414
"9","T4463209a",39,0.6,"specimen_orig_ident","orig.ident",0.0053133514986376
"10","T4463209a",356,0.6,"specimen_orig_ident","orig.ident",0.0550998297477171
"11","T4463209a",264,0.6,"specimen_orig_ident","orig.ident",0.0570440795159896
"0","T4463209b",1,0.6,"specimen_orig_ident","orig.ident",5.87475032311127e-05
"1","T4463209b",0,0.6,"specimen_orig_ident","orig.ident",0
"2","T4463209b",30,0.6,"specimen_orig_ident","orig.ident",0.00226210224702157
"3","T4463209b",0,0.6,"specimen_orig_ident","orig.ident",0
"4","T4463209b",777,0.6,"specimen_orig_ident","orig.ident",0.0680266153037997
"5","T4463209b",15,0.6,"specimen_orig_ident","orig.ident",0.00146370023419204
"6","T4463209b",482,0.6,"specimen_orig_ident","orig.ident",0.0519396551724138
"7","T4463209b",438,0.6,"specimen_orig_ident","orig.ident",0.0487750556792873
"8","T4463209b",675,0.6,"specimen_orig_ident","orig.ident",0.0783699059561129
"9","T4463209b",22,0.6,"specimen_orig_ident","orig.ident",0.00299727520435967
"10","T4463209b",241,0.6,"specimen_orig_ident","orig.ident",0.0373007274415725
"11","T4463209b",151,0.6,"specimen_orig_ident","orig.ident",0.0326274848746759
"0","T4465219",45,0.6,"specimen_orig_ident","orig.ident",0.00264363764540007
"1","T4465219",11,0.6,"specimen_orig_ident","orig.ident",0.000697217468466755
"2","T4465219",141,0.6,"specimen_orig_ident","orig.ident",0.0106318805610014
"3","T4465219",0,0.6,"specimen_orig_ident","orig.ident",0
"4","T4465219",187,0.6,"specimen_orig_ident","orig.ident",0.016371913850464
"5","T4465219",8,0.6,"specimen_orig_ident","orig.ident",0.00078064012490242
"6","T4465219",129,0.6,"specimen_orig_ident","orig.ident",0.0139008620689655
"7","T4465219",75,0.6,"specimen_orig_ident","orig.ident",0.00835189309576837
"8","T4465219",203,0.6,"specimen_orig_ident","orig.ident",0.0235690235690236
"9","T4465219",5,0.6,"specimen_orig_ident","orig.ident",0.000681198910081744
"10","T4465219",411,0.6,"specimen_orig_ident","orig.ident",0.063612443894134
"11","T4465219",157,0.6,"specimen_orig_ident","orig.ident",0.033923941227312
"0","T4465935",0,0.6,"specimen_orig_ident","orig.ident",0
"1","T4465935",1,0.6,"specimen_orig_ident","orig.ident",6.33834062242505e-05
"2","T4465935",52,0.6,"specimen_orig_ident","orig.ident",0.00392097722817071
"3","T4465935",0,0.6,"specimen_orig_ident","orig.ident",0
"4","T4465935",1007,0.6,"specimen_orig_ident","orig.ident",0.088163193836456
"5","T4465935",27,0.6,"specimen_orig_ident","orig.ident",0.00263466042154567
"6","T4465935",811,0.6,"specimen_orig_ident","orig.ident",0.0873922413793103
"7","T4465935",278,0.6,"specimen_orig_ident","orig.ident",0.0309576837416481
"8","T4465935",362,0.6,"specimen_orig_ident","orig.ident",0.0420294903053524
"9","T4465935",3,0.6,"specimen_orig_ident","orig.ident",0.000408719346049046
"10","T4465935",78,0.6,"specimen_orig_ident","orig.ident",0.0120724346076459
"11","T4465935",115,0.6,"specimen_orig_ident","orig.ident",0.0248487467588591
"0","T4466585",0,0.6,"specimen_orig_ident","orig.ident",0
"1","T4466585",0,0.6,"specimen_orig_ident","orig.ident",0
"2","T4466585",17,0.6,"specimen_orig_ident","orig.ident",0.00128185793997889
"3","T4466585",0,0.6,"specimen_orig_ident","orig.ident",0
"4","T4466585",492,0.6,"specimen_orig_ident","orig.ident",0.0430747679915952
"5","T4466585",6,0.6,"specimen_orig_ident","orig.ident",0.000585480093676815
"6","T4466585",223,0.6,"specimen_orig_ident","orig.ident",0.0240301724137931
"7","T4466585",126,0.6,"specimen_orig_ident","orig.ident",0.0140311804008909
"8","T4466585",241,0.6,"specimen_orig_ident","orig.ident",0.0279809590154418
"9","T4466585",0,0.6,"specimen_orig_ident","orig.ident",0
"10","T4466585",32,0.6,"specimen_orig_ident","orig.ident",0.00495279368518805
"11","T4466585",33,0.6,"specimen_orig_ident","orig.ident",0.0071305099394987
"0","T4469479",0,0.6,"specimen_orig_ident","orig.ident",0
"1","T4469479",0,0.6,"specimen_orig_ident","orig.ident",0
"2","T4469479",48,0.6,"specimen_orig_ident","orig.ident",0.0036193635952345
"3","T4469479",1,0.6,"specimen_orig_ident","orig.ident",8.53752241099633e-05
"4","T4469479",664,0.6,"specimen_orig_ident","orig.ident",0.0581334267203642
"5","T4469479",25,0.6,"specimen_orig_ident","orig.ident",0.00243950039032006
"6","T4469479",681,0.6,"specimen_orig_ident","orig.ident",0.0733836206896552
"7","T4469479",419,0.6,"specimen_orig_ident","orig.ident",0.0466592427616927
"8","T4469479",694,0.6,"specimen_orig_ident","orig.ident",0.080575873679322
"9","T4469479",5,0.6,"specimen_orig_ident","orig.ident",0.000681198910081744
"10","T4469479",115,0.6,"specimen_orig_ident","orig.ident",0.0177991023061446
"11","T4469479",81,0.6,"specimen_orig_ident","orig.ident",0.0175021607605877
"0","T4471438",0,0.6,"specimen_orig_ident","orig.ident",0
"1","T4471438",0,0.6,"specimen_orig_ident","orig.ident",0
"2","T4471438",67,0.6,"specimen_orig_ident","orig.ident",0.0050520283516815
"3","T4471438",0,0.6,"specimen_orig_ident","orig.ident",0
"4","T4471438",1115,0.6,"specimen_orig_ident","orig.ident",0.0976186307126598
"5","T4471438",25,0.6,"specimen_orig_ident","orig.ident",0.00243950039032006
"6","T4471438",950,0.6,"specimen_orig_ident","orig.ident",0.102370689655172
"7","T4471438",1644,0.6,"specimen_orig_ident","orig.ident",0.183073496659243
"8","T4471438",1738,0.6,"specimen_orig_ident","orig.ident",0.201787994891443
"9","T4471438",2,0.6,"specimen_orig_ident","orig.ident",0.000272479564032698
"10","T4471438",109,0.6,"specimen_orig_ident","orig.ident",0.0168704534901718
"11","T4471438",425,0.6,"specimen_orig_ident","orig.ident",0.0918323249783924
"0","T8009218",1,0.6,"specimen_orig_ident","orig.ident",5.87475032311127e-05
"1","T8009218",1,0.6,"specimen_orig_ident","orig.ident",6.33834062242505e-05
"2","T8009218",15,0.6,"specimen_orig_ident","orig.ident",0.00113105112351078
"3","T8009218",0,0.6,"specimen_orig_ident","orig.ident",0
"4","T8009218",480,0.6,"specimen_orig_ident","orig.ident",0.0420241638942392
"5","T8009218",16,0.6,"specimen_orig_ident","orig.ident",0.00156128024980484
"6","T8009218",386,0.6,"specimen_orig_ident","orig.ident",0.0415948275862069
"7","T8009218",420,0.6,"specimen_orig_ident","orig.ident",0.0467706013363029
"8","T8009218",316,0.6,"specimen_orig_ident","orig.ident",0.0366887263438988
"9","T8009218",9,0.6,"specimen_orig_ident","orig.ident",0.00122615803814714
"10","T8009218",264,0.6,"specimen_orig_ident","orig.ident",0.0408605479028014
"11","T8009218",52,0.6,"specimen_orig_ident","orig.ident",0.0112359550561798
"0","PRJNA662018_PRJNA662018_P1N1",337,0.6,"specimen_sample_id","sample_id",0.019797908588885
"1","PRJNA662018_PRJNA662018_P1N1",60,0.6,"specimen_sample_id","sample_id",0.00380300437345503
"2","PRJNA662018_PRJNA662018_P1N1",424,0.6,"specimen_sample_id","sample_id",0.0319710450912381
"3","PRJNA662018_PRJNA662018_P1N1",251,0.6,"specimen_sample_id","sample_id",0.0214291812516008
"4","PRJNA662018_PRJNA662018_P1N1",0,0.6,"specimen_sample_id","sample_id",0
"5","PRJNA662018_PRJNA662018_P1N1",193,0.6,"specimen_sample_id","sample_id",0.0188329430132709
"6","PRJNA662018_PRJNA662018_P1N1",0,0.6,"specimen_sample_id","sample_id",0
"7","PRJNA662018_PRJNA662018_P1N1",0,0.6,"specimen_sample_id","sample_id",0
"8","PRJNA662018_PRJNA662018_P1N1",0,0.6,"specimen_sample_id","sample_id",0
"9","PRJNA662018_PRJNA662018_P1N1",138,0.6,"specimen_sample_id","sample_id",0.0188010899182561
"10","PRJNA662018_PRJNA662018_P1N1",133,0.6,"specimen_sample_id","sample_id",0.0205850487540628
"11","PRJNA662018_PRJNA662018_P1N1",48,0.6,"specimen_sample_id","sample_id",0.010371650821089
"0","PRJNA662018_PRJNA662018_P1T1",567,0.6,"specimen_sample_id","sample_id",0.0333098343320409
"1","PRJNA662018_PRJNA662018_P1T1",225,0.6,"specimen_sample_id","sample_id",0.0142612664004564
"2","PRJNA662018_PRJNA662018_P1T1",619,0.6,"specimen_sample_id","sample_id",0.0466747096968783
"3","PRJNA662018_PRJNA662018_P1T1",683,0.6,"specimen_sample_id","sample_id",0.0583112780671049
"4","PRJNA662018_PRJNA662018_P1T1",0,0.6,"specimen_sample_id","sample_id",0
"5","PRJNA662018_PRJNA662018_P1T1",235,0.6,"specimen_sample_id","sample_id",0.0229313036690086
"6","PRJNA662018_PRJNA662018_P1T1",0,0.6,"specimen_sample_id","sample_id",0
"7","PRJNA662018_PRJNA662018_P1T1",0,0.6,"specimen_sample_id","sample_id",0
"8","PRJNA662018_PRJNA662018_P1T1",0,0.6,"specimen_sample_id","sample_id",0
"9","PRJNA662018_PRJNA662018_P1T1",228,0.6,"specimen_sample_id","sample_id",0.0310626702997275
"10","PRJNA662018_PRJNA662018_P1T1",221,0.6,"specimen_sample_id","sample_id",0.03420523138833
"11","PRJNA662018_PRJNA662018_P1T1",117,0.6,"specimen_sample_id","sample_id",0.0252808988764045
"0","PRJNA662018_PRJNA662018_P2T2",703,0.6,"specimen_sample_id","sample_id",0.0412994947714722
"1","PRJNA662018_PRJNA662018_P2T2",512,0.6,"specimen_sample_id","sample_id",0.0324523039868162
"2","PRJNA662018_PRJNA662018_P2T2",563,0.6,"specimen_sample_id","sample_id",0.0424521188357714
"3","PRJNA662018_PRJNA662018_P2T2",807,0.6,"specimen_sample_id","sample_id",0.0688978058567404
"4","PRJNA662018_PRJNA662018_P2T2",0,0.6,"specimen_sample_id","sample_id",0
"5","PRJNA662018_PRJNA662018_P2T2",567,0.6,"specimen_sample_id","sample_id",0.055327868852459
"6","PRJNA662018_PRJNA662018_P2T2",0,0.6,"specimen_sample_id","sample_id",0
"7","PRJNA662018_PRJNA662018_P2T2",0,0.6,"specimen_sample_id","sample_id",0
"8","PRJNA662018_PRJNA662018_P2T2",0,0.6,"specimen_sample_id","sample_id",0
"9","PRJNA662018_PRJNA662018_P2T2",299,0.6,"specimen_sample_id","sample_id",0.0407356948228883
"10","PRJNA662018_PRJNA662018_P2T2",301,0.6,"specimen_sample_id","sample_id",0.0465872156013001
"11","PRJNA662018_PRJNA662018_P2T2",140,0.6,"specimen_sample_id","sample_id",0.0302506482281763
"0","PRJNA662018_PRJNA662018_P3N3",648,0.6,"specimen_sample_id","sample_id",0.038068382093761
"1","PRJNA662018_PRJNA662018_P3N3",54,0.6,"specimen_sample_id","sample_id",0.00342270393610953
"2","PRJNA662018_PRJNA662018_P3N3",604,0.6,"specimen_sample_id","sample_id",0.0455436585733675
"3","PRJNA662018_PRJNA662018_P3N3",467,0.6,"specimen_sample_id","sample_id",0.0398702296593529
"4","PRJNA662018_PRJNA662018_P3N3",0,0.6,"specimen_sample_id","sample_id",0
"5","PRJNA662018_PRJNA662018_P3N3",93,0.6,"specimen_sample_id","sample_id",0.00907494145199063
"6","PRJNA662018_PRJNA662018_P3N3",0,0.6,"specimen_sample_id","sample_id",0
"7","PRJNA662018_PRJNA662018_P3N3",0,0.6,"specimen_sample_id","sample_id",0
"8","PRJNA662018_PRJNA662018_P3N3",0,0.6,"specimen_sample_id","sample_id",0
"9","PRJNA662018_PRJNA662018_P3N3",130,0.6,"specimen_sample_id","sample_id",0.0177111716621253
"10","PRJNA662018_PRJNA662018_P3N3",37,0.6,"specimen_sample_id","sample_id",0.00572666769849868
"11","PRJNA662018_PRJNA662018_P3N3",65,0.6,"specimen_sample_id","sample_id",0.0140449438202247
"0","PRJNA662018_PRJNA662018_P3T3",398,0.6,"specimen_sample_id","sample_id",0.0233815062859828
"1","PRJNA662018_PRJNA662018_P3T3",116,0.6,"specimen_sample_id","sample_id",0.00735247512201306
"2","PRJNA662018_PRJNA662018_P3T3",291,0.6,"specimen_sample_id","sample_id",0.0219423917961092
"3","PRJNA662018_PRJNA662018_P3T3",292,0.6,"specimen_sample_id","sample_id",0.0249295654401093
"4","PRJNA662018_PRJNA662018_P3T3",0,0.6,"specimen_sample_id","sample_id",0
"5","PRJNA662018_PRJNA662018_P3T3",398,0.6,"specimen_sample_id","sample_id",0.0388368462138954
"6","PRJNA662018_PRJNA662018_P3T3",1,0.6,"specimen_sample_id","sample_id",0.000107758620689655
"7","PRJNA662018_PRJNA662018_P3T3",0,0.6,"specimen_sample_id","sample_id",0
"8","PRJNA662018_PRJNA662018_P3T3",0,0.6,"specimen_sample_id","sample_id",0
"9","PRJNA662018_PRJNA662018_P3T3",198,0.6,"specimen_sample_id","sample_id",0.0269754768392371
"10","PRJNA662018_PRJNA662018_P3T3",77,0.6,"specimen_sample_id","sample_id",0.0119176598049837
"11","PRJNA662018_PRJNA662018_P3T3",57,0.6,"specimen_sample_id","sample_id",0.0123163353500432
"0","PRJNA662018_PRJNA662018_P4T4",562,0.6,"specimen_sample_id","sample_id",0.0330160968158853
"1","PRJNA662018_PRJNA662018_P4T4",752,0.6,"specimen_sample_id","sample_id",0.0476643214806364
"2","PRJNA662018_PRJNA662018_P4T4",394,0.6,"specimen_sample_id","sample_id",0.0297089428442166
"3","PRJNA662018_PRJNA662018_P4T4",15,0.6,"specimen_sample_id","sample_id",0.00128062836164945
"4","PRJNA662018_PRJNA662018_P4T4",0,0.6,"specimen_sample_id","sample_id",0
"5","PRJNA662018_PRJNA662018_P4T4",370,0.6,"specimen_sample_id","sample_id",0.0361046057767369
"6","PRJNA662018_PRJNA662018_P4T4",0,0.6,"specimen_sample_id","sample_id",0
"7","PRJNA662018_PRJNA662018_P4T4",0,0.6,"specimen_sample_id","sample_id",0
"8","PRJNA662018_PRJNA662018_P4T4",0,0.6,"specimen_sample_id","sample_id",0
"9","PRJNA662018_PRJNA662018_P4T4",177,0.6,"specimen_sample_id","sample_id",0.0241144414168937
"10","PRJNA662018_PRJNA662018_P4T4",121,0.6,"specimen_sample_id","sample_id",0.0187277511221173
"11","PRJNA662018_PRJNA662018_P4T4",135,0.6,"specimen_sample_id","sample_id",0.0291702679343129
"0","PRJNA662018_PRJNA662018_P5T5",70,0.6,"specimen_sample_id","sample_id",0.00411232522617789
"1","PRJNA662018_PRJNA662018_P5T5",9,0.6,"specimen_sample_id","sample_id",0.000570450656018254
"2","PRJNA662018_PRJNA662018_P5T5",57,0.6,"specimen_sample_id","sample_id",0.00429799426934097
"3","PRJNA662018_PRJNA662018_P5T5",8,0.6,"specimen_sample_id","sample_id",0.000683001792879706
"4","PRJNA662018_PRJNA662018_P5T5",0,0.6,"specimen_sample_id","sample_id",0
"5","PRJNA662018_PRJNA662018_P5T5",2,0.6,"specimen_sample_id","sample_id",0.000195160031225605
"6","PRJNA662018_PRJNA662018_P5T5",0,0.6,"specimen_sample_id","sample_id",0
"7","PRJNA662018_PRJNA662018_P5T5",0,0.6,"specimen_sample_id","sample_id",0
"8","PRJNA662018_PRJNA662018_P5T5",0,0.6,"specimen_sample_id","sample_id",0
"9","PRJNA662018_PRJNA662018_P5T5",5,0.6,"specimen_sample_id","sample_id",0.000681198910081744
"10","PRJNA662018_PRJNA662018_P5T5",3,0.6,"specimen_sample_id","sample_id",0.00046432440798638
"11","PRJNA662018_PRJNA662018_P5T5",1,0.6,"specimen_sample_id","sample_id",0.000216076058772688
"0","PRJNA662018_PRJNA662018_P6N2",389,0.6,"specimen_sample_id","sample_id",0.0228527787569028
"1","PRJNA662018_PRJNA662018_P6N2",28,0.6,"specimen_sample_id","sample_id",0.00177473537427901
"2","PRJNA662018_PRJNA662018_P6N2",451,0.6,"specimen_sample_id","sample_id",0.0340069371135575
"3","PRJNA662018_PRJNA662018_P6N2",185,0.6,"specimen_sample_id","sample_id",0.0157944164603432
"4","PRJNA662018_PRJNA662018_P6N2",0,0.6,"specimen_sample_id","sample_id",0
"5","PRJNA662018_PRJNA662018_P6N2",318,0.6,"specimen_sample_id","sample_id",0.0310304449648712
"6","PRJNA662018_PRJNA662018_P6N2",0,0.6,"specimen_sample_id","sample_id",0
"7","PRJNA662018_PRJNA662018_P6N2",0,0.6,"specimen_sample_id","sample_id",0
"8","PRJNA662018_PRJNA662018_P6N2",0,0.6,"specimen_sample_id","sample_id",0
"9","PRJNA662018_PRJNA662018_P6N2",137,0.6,"specimen_sample_id","sample_id",0.0186648501362398
"10","PRJNA662018_PRJNA662018_P6N2",42,0.6,"specimen_sample_id","sample_id",0.00650054171180932
"11","PRJNA662018_PRJNA662018_P6N2",52,0.6,"specimen_sample_id","sample_id",0.0112359550561798
"0","PRJNA662018_PRJNA662018_P6T6",10,0.6,"specimen_sample_id","sample_id",0.000587475032311127
"1","PRJNA662018_PRJNA662018_P6T6",0,0.6,"specimen_sample_id","sample_id",0
"2","PRJNA662018_PRJNA662018_P6T6",10,0.6,"specimen_sample_id","sample_id",0.000754034082340522
"3","PRJNA662018_PRJNA662018_P6T6",4,0.6,"specimen_sample_id","sample_id",0.000341500896439853
"4","PRJNA662018_PRJNA662018_P6T6",0,0.6,"specimen_sample_id","sample_id",0
"5","PRJNA662018_PRJNA662018_P6T6",1,0.6,"specimen_sample_id","sample_id",9.75800156128025e-05
"6","PRJNA662018_PRJNA662018_P6T6",0,0.6,"specimen_sample_id","sample_id",0
"7","PRJNA662018_PRJNA662018_P6T6",0,0.6,"specimen_sample_id","sample_id",0
"8","PRJNA662018_PRJNA662018_P6T6",0,0.6,"specimen_sample_id","sample_id",0
"9","PRJNA662018_PRJNA662018_P6T6",1,0.6,"specimen_sample_id","sample_id",0.000136239782016349
"10","PRJNA662018_PRJNA662018_P6T6",0,0.6,"specimen_sample_id","sample_id",0
"11","PRJNA662018_PRJNA662018_P6T6",3,0.6,"specimen_sample_id","sample_id",0.000648228176318064
"0","PRJNA662018_PRJNA662018_P7T7",214,0.6,"specimen_sample_id","sample_id",0.0125719656914581
"1","PRJNA662018_PRJNA662018_P7T7",52,0.6,"specimen_sample_id","sample_id",0.00329593712366103
"2","PRJNA662018_PRJNA662018_P7T7",305,0.6,"specimen_sample_id","sample_id",0.0229980395113859
"3","PRJNA662018_PRJNA662018_P7T7",183,0.6,"specimen_sample_id","sample_id",0.0156236660121233
"4","PRJNA662018_PRJNA662018_P7T7",0,0.6,"specimen_sample_id","sample_id",0
"5","PRJNA662018_PRJNA662018_P7T7",251,0.6,"specimen_sample_id","sample_id",0.0244925839188134
"6","PRJNA662018_PRJNA662018_P7T7",0,0.6,"specimen_sample_id","sample_id",0
"7","PRJNA662018_PRJNA662018_P7T7",0,0.6,"specimen_sample_id","sample_id",0
"8","PRJNA662018_PRJNA662018_P7T7",0,0.6,"specimen_sample_id","sample_id",0
"9","PRJNA662018_PRJNA662018_P7T7",48,0.6,"specimen_sample_id","sample_id",0.00653950953678474
"10","PRJNA662018_PRJNA662018_P7T7",9,0.6,"specimen_sample_id","sample_id",0.00139297322395914
"11","PRJNA662018_PRJNA662018_P7T7",27,0.6,"specimen_sample_id","sample_id",0.00583405358686258
"0","PRJNA662018_PRJNA662018_P8T8",1,0.6,"specimen_sample_id","sample_id",5.87475032311127e-05
"1","PRJNA662018_PRJNA662018_P8T8",0,0.6,"specimen_sample_id","sample_id",0
"2","PRJNA662018_PRJNA662018_P8T8",2,0.6,"specimen_sample_id","sample_id",0.000150806816468104
"3","PRJNA662018_PRJNA662018_P8T8",1,0.6,"specimen_sample_id","sample_id",8.53752241099633e-05
"4","PRJNA662018_PRJNA662018_P8T8",0,0.6,"specimen_sample_id","sample_id",0
"5","PRJNA662018_PRJNA662018_P8T8",9,0.6,"specimen_sample_id","sample_id",0.000878220140515222
"6","PRJNA662018_PRJNA662018_P8T8",0,0.6,"specimen_sample_id","sample_id",0
"7","PRJNA662018_PRJNA662018_P8T8",0,0.6,"specimen_sample_id","sample_id",0
"8","PRJNA662018_PRJNA662018_P8T8",0,0.6,"specimen_sample_id","sample_id",0
"9","PRJNA662018_PRJNA662018_P8T8",2,0.6,"specimen_sample_id","sample_id",0.000272479564032698
"10","PRJNA662018_PRJNA662018_P8T8",6,0.6,"specimen_sample_id","sample_id",0.00092864881597276
"11","PRJNA662018_PRJNA662018_P8T8",0,0.6,"specimen_sample_id","sample_id",0
"0",NA,13123,0.6,"specimen_sample_id","sample_id",0.770943484901892
"1",NA,13969,0.6,"specimen_sample_id","sample_id",0.885402801546555
"2",NA,9542,0.6,"specimen_sample_id","sample_id",0.719499321369326
"3",NA,8817,0.6,"specimen_sample_id","sample_id",0.752753350977546
"4",NA,11422,0.6,"specimen_sample_id","sample_id",1
"5",NA,7811,0.6,"specimen_sample_id","sample_id",0.7621975019516
"6",NA,9279,0.6,"specimen_sample_id","sample_id",0.99989224137931
"7",NA,8980,0.6,"specimen_sample_id","sample_id",1
"8",NA,8613,0.6,"specimen_sample_id","sample_id",1
"9",NA,5977,0.6,"specimen_sample_id","sample_id",0.814305177111717
"10",NA,5511,0.6,"specimen_sample_id","sample_id",0.85296393747098
"11",NA,3983,0.6,"specimen_sample_id","sample_id",0.860630942091616
"0","Normal",6561,0.6,"stage_T","T_stage",0.38544236869933
"1","Normal",2285,0.6,"stage_T","T_stage",0.144831083222412
"2","Normal",5838,0.6,"stage_T","T_stage",0.440205097270397
"3","Normal",5210,0.6,"stage_T","T_stage",0.444804917612909
"4","Normal",2,0.6,"stage_T","T_stage",0.000175100682892663
"5","Normal",2703,0.6,"stage_T","T_stage",0.263758782201405
"6","Normal",0,0.6,"stage_T","T_stage",0
"7","Normal",0,0.6,"stage_T","T_stage",0
"8","Normal",0,0.6,"stage_T","T_stage",0
"9","Normal",2635,0.6,"stage_T","T_stage",0.358991825613079
"10","Normal",1344,0.6,"stage_T","T_stage",0.208017334777898
"11","Normal",1270,0.6,"stage_T","T_stage",0.274416594641314
"0","T1",2850,0.6,"stage_T","T_stage",0.167430384208671
"1","T1",2475,0.6,"stage_T","T_stage",0.15687393040502
"2","T1",1629,0.6,"stage_T","T_stage",0.122832152013271
"3","T1",1363,0.6,"stage_T","T_stage",0.11636643046188
"4","T1",1,0.6,"stage_T","T_stage",8.75503414463316e-05
"5","T1",1289,0.6,"stage_T","T_stage",0.125780640124902
"6","T1",0,0.6,"stage_T","T_stage",0
"7","T1",0,0.6,"stage_T","T_stage",0
"8","T1",0,0.6,"stage_T","T_stage",0
"9","T1",971,0.6,"stage_T","T_stage",0.132288828337875
"10","T1",597,0.6,"stage_T","T_stage",0.0924005571892896
"11","T1",377,0.6,"stage_T","T_stage",0.0814606741573034
"0","T2",582,0.6,"stage_T","T_stage",0.0341910468805076
"1","T2",423,0.6,"stage_T","T_stage",0.026811180832858
"2","T2",1256,0.6,"stage_T","T_stage",0.0947066807419695
"3","T2",148,0.6,"stage_T","T_stage",0.0126355331682746
"4","T2",8404,0.6,"stage_T","T_stage",0.735773069514971
"5","T2",956,0.6,"stage_T","T_stage",0.0932864949258392
"6","T2",6891,0.6,"stage_T","T_stage",0.742564655172414
"7","T2",6082,0.6,"stage_T","T_stage",0.67728285077951
"8","T2",5162,0.6,"stage_T","T_stage",0.599326599326599
"9","T2",554,0.6,"stage_T","T_stage",0.0754768392370572
"10","T2",2270,0.6,"stage_T","T_stage",0.351338802043027
"11","T2",1174,0.6,"stage_T","T_stage",0.253673292999136
"0","T3",2472,0.6,"stage_T","T_stage",0.145223827987311
"1","T3",3280,0.6,"stage_T","T_stage",0.207897572415542
"2","T3",1266,0.6,"stage_T","T_stage",0.0954607148243101
"3","T3",1934,0.6,"stage_T","T_stage",0.165115683428669
"4","T3",486,0.6,"stage_T","T_stage",0.0425494659429172
"5","T3",1670,0.6,"stage_T","T_stage",0.16295862607338
"6","T3",388,0.6,"stage_T","T_stage",0.0418103448275862
"7","T3",420,0.6,"stage_T","T_stage",0.0467706013363029
"8","T3",316,0.6,"stage_T","T_stage",0.0366887263438988
"9","T3",1227,0.6,"stage_T","T_stage",0.16716621253406
"10","T3",795,0.6,"stage_T","T_stage",0.123045968116391
"11","T3",346,0.6,"stage_T","T_stage",0.07476231633535
"0","T4",409,0.6,"stage_T","T_stage",0.0240277288215251
"1","T4",767,0.6,"stage_T","T_stage",0.0486150725740001
"2","T4",318,0.6,"stage_T","T_stage",0.0239782838184286
"3","T4",374,0.6,"stage_T","T_stage",0.0319303338171263
"4","T4",2524,0.6,"stage_T","T_stage",0.220977061810541
"5","T4",489,0.6,"stage_T","T_stage",0.0477166276346604
"6","T4",1992,0.6,"stage_T","T_stage",0.214655172413793
"7","T4",2478,0.6,"stage_T","T_stage",0.275946547884187
"8","T4",3133,0.6,"stage_T","T_stage",0.363752467200743
"9","T4",206,0.6,"stage_T","T_stage",0.0280653950953678
"10","T4",384,0.6,"stage_T","T_stage",0.0594335242222566
"11","T4",732,0.6,"stage_T","T_stage",0.158167675021608
"0","Ta",511,0.6,"stage_T","T_stage",0.0300199741510986
"1","Ta",3323,0.6,"stage_T","T_stage",0.210623058883184
"2","Ta",215,0.6,"stage_T","T_stage",0.0162117327703212
"3","Ta",634,0.6,"stage_T","T_stage",0.0541278920857167
"4","Ta",2,0.6,"stage_T","T_stage",0.000175100682892663
"5","Ta",802,0.6,"stage_T","T_stage",0.0782591725214676
"6","Ta",0,0.6,"stage_T","T_stage",0
"7","Ta",0,0.6,"stage_T","T_stage",0
"8","Ta",0,0.6,"stage_T","T_stage",0
"9","Ta",624,0.6,"stage_T","T_stage",0.0850136239782016
"10","Ta",130,0.6,"stage_T","T_stage",0.0201207243460765
"11","Ta",115,0.6,"stage_T","T_stage",0.0248487467588591
"0",NA,3637,0.6,"stage_T","T_stage",0.213664669251557
"1",NA,3224,0.6,"stage_T","T_stage",0.204348101666984
"2",NA,2740,0.6,"stage_T","T_stage",0.206605338561303
"3",NA,2050,0.6,"stage_T","T_stage",0.175019209425425
"4",NA,3,0.6,"stage_T","T_stage",0.000262651024338995
"5",NA,2339,0.6,"stage_T","T_stage",0.228239656518345
"6",NA,9,0.6,"stage_T","T_stage",0.000969827586206897
"7",NA,0,0.6,"stage_T","T_stage",0
"8",NA,2,0.6,"stage_T","T_stage",0.000232207128758853
"9",NA,1123,0.6,"stage_T","T_stage",0.15299727520436
"10",NA,941,0.6,"stage_T","T_stage",0.145643089305061
"11",NA,614,0.6,"stage_T","T_stage",0.13267070008643
"0","N0",6022,0.6,"stage_N","N_stage",0.353777464457761
"1","N0",8962,0.6,"stage_N","N_stage",0.568042086581733
"2","N0",3519,0.6,"stage_N","N_stage",0.26534459357563
"3","N0",3662,0.6,"stage_N","N_stage",0.312644070690686
"4","N0",9,0.6,"stage_N","N_stage",0.000787953073016985
"5","N0",4225,0.6,"stage_N","N_stage",0.412275565964091
"6","N0",2,0.6,"stage_N","N_stage",0.00021551724137931
"7","N0",0,0.6,"stage_N","N_stage",0
"8","N0",0,0.6,"stage_N","N_stage",0
"9","N0",2955,0.6,"stage_N","N_stage",0.402588555858311
"10","N0",1270,0.6,"stage_N","N_stage",0.196563999380901
"11","N0",798,0.6,"stage_N","N_stage",0.172428694900605
"0","N2",383,0.6,"stage_N","N_stage",0.0225002937375162
"1","N2",759,0.6,"stage_N","N_stage",0.0481080053242061
"2","N2",159,0.6,"stage_N","N_stage",0.0119891419092143
"3","N2",348,0.6,"stage_N","N_stage",0.0297105779902672
"4","N2",0,0.6,"stage_N","N_stage",0
"5","N2",404,0.6,"stage_N","N_stage",0.0394223263075722
"6","N2",1,0.6,"stage_N","N_stage",0.000107758620689655
"7","N2",0,0.6,"stage_N","N_stage",0
"8","N2",0,0.6,"stage_N","N_stage",0
"9","N2",177,0.6,"stage_N","N_stage",0.0241144414168937
"10","N2",62,0.6,"stage_N","N_stage",0.00959603776505185
"11","N2",109,0.6,"stage_N","N_stage",0.023552290406223
"0","N3",370,0.6,"stage_N","N_stage",0.0217365761955117
"1","N3",532,0.6,"stage_N","N_stage",0.0337199721113013
"2","N3",375,0.6,"stage_N","N_stage",0.0282762780877696
"3","N3",442,0.6,"stage_N","N_stage",0.0377358490566038
"4","N3",0,0.6,"stage_N","N_stage",0
"5","N3",341,0.6,"stage_N","N_stage",0.0332747853239657
"6","N3",0,0.6,"stage_N","N_stage",0
"7","N3",0,0.6,"stage_N","N_stage",0
"8","N3",0,0.6,"stage_N","N_stage",0
"9","N3",221,0.6,"stage_N","N_stage",0.0301089918256131
"10","N3",78,0.6,"stage_N","N_stage",0.0120724346076459
"11","N3",66,0.6,"stage_N","N_stage",0.0142610198789974
"0","Normal",6561,0.6,"stage_N","N_stage",0.38544236869933
"1","Normal",2285,0.6,"stage_N","N_stage",0.144831083222412
"2","Normal",5838,0.6,"stage_N","N_stage",0.440205097270397
"3","Normal",5210,0.6,"stage_N","N_stage",0.444804917612909
"4","Normal",2,0.6,"stage_N","N_stage",0.000175100682892663
"5","Normal",2703,0.6,"stage_N","N_stage",0.263758782201405
"6","Normal",0,0.6,"stage_N","N_stage",0
"7","Normal",0,0.6,"stage_N","N_stage",0
"8","Normal",0,0.6,"stage_N","N_stage",0
"9","Normal",2635,0.6,"stage_N","N_stage",0.358991825613079
"10","Normal",1344,0.6,"stage_N","N_stage",0.208017334777898
"11","Normal",1270,0.6,"stage_N","N_stage",0.274416594641314
"0",NA,3686,0.6,"stage_N","N_stage",0.216543296909881
"1",NA,3239,0.6,"stage_N","N_stage",0.205298852760347
"2",NA,3371,0.6,"stage_N","N_stage",0.25418488915699
"3",NA,2051,0.6,"stage_N","N_stage",0.175104584649535
"4",NA,11411,0.6,"stage_N","N_stage",0.99903694624409
"5",NA,2575,0.6,"stage_N","N_stage",0.251268540202966
"6",NA,9277,0.6,"stage_N","N_stage",0.999676724137931
"7",NA,8980,0.6,"stage_N","N_stage",1
"8",NA,8613,0.6,"stage_N","N_stage",1
"9",NA,1352,0.6,"stage_N","N_stage",0.184196185286104
"10",NA,3707,0.6,"stage_N","N_stage",0.573750193468503
"11",NA,2385,0.6,"stage_N","N_stage",0.515341400172861
"0","M0",6392,0.6,"stage_M","M_stage",0.375514040653272
"1","M0",9494,0.6,"stage_M","M_stage",0.601762058693034
"2","M0",3894,0.6,"stage_M","M_stage",0.293620871663399
"3","M0",4104,0.6,"stage_M","M_stage",0.350379919747289
"4","M0",9,0.6,"stage_M","M_stage",0.000787953073016985
"5","M0",4566,0.6,"stage_M","M_stage",0.445550351288056
"6","M0",2,0.6,"stage_M","M_stage",0.00021551724137931
"7","M0",0,0.6,"stage_M","M_stage",0
"8","M0",0,0.6,"stage_M","M_stage",0
"9","M0",3176,0.6,"stage_M","M_stage",0.432697547683924
"10","M0",1348,0.6,"stage_M","M_stage",0.208636433988547
"11","M0",864,0.6,"stage_M","M_stage",0.186689714779602
"0","Normal",6561,0.6,"stage_M","M_stage",0.38544236869933
"1","Normal",2285,0.6,"stage_M","M_stage",0.144831083222412
"2","Normal",5838,0.6,"stage_M","M_stage",0.440205097270397
"3","Normal",5210,0.6,"stage_M","M_stage",0.444804917612909
"4","Normal",2,0.6,"stage_M","M_stage",0.000175100682892663
"5","Normal",2703,0.6,"stage_M","M_stage",0.263758782201405
"6","Normal",0,0.6,"stage_M","M_stage",0
"7","Normal",0,0.6,"stage_M","M_stage",0
"8","Normal",0,0.6,"stage_M","M_stage",0
"9","Normal",2635,0.6,"stage_M","M_stage",0.358991825613079
"10","Normal",1344,0.6,"stage_M","M_stage",0.208017334777898
"11","Normal",1270,0.6,"stage_M","M_stage",0.274416594641314
"0",NA,4069,0.6,"stage_M","M_stage",0.239043590647397
"1",NA,3998,0.6,"stage_M","M_stage",0.253406858084553
"2",NA,3530,0.6,"stage_M","M_stage",0.266174031066204
"3",NA,2399,0.6,"stage_M","M_stage",0.204815162639802
"4",NA,11411,0.6,"stage_M","M_stage",0.99903694624409
"5",NA,2979,0.6,"stage_M","M_stage",0.290690866510539
"6",NA,9278,0.6,"stage_M","M_stage",0.999784482758621
"7",NA,8980,0.6,"stage_M","M_stage",1
"8",NA,8613,0.6,"stage_M","M_stage",1
"9",NA,1529,0.6,"stage_M","M_stage",0.208310626702997
"10",NA,3769,0.6,"stage_M","M_stage",0.583346231233555
"11",NA,2494,0.6,"stage_M","M_stage",0.538893690579084
"0","MIBC",4870,0.6,"clinical_type","Type",0.286100340735519
"1","MIBC",6089,0.6,"clinical_type","Type",0.385941560499461
"2","MIBC",3713,0.6,"clinical_type","Type",0.279972854773036
"3","MIBC",2709,0.6,"clinical_type","Type",0.231281482113891
"4","MIBC",11417,0.6,"clinical_type","Type",0.999562248292768
"5","MIBC",3884,0.6,"clinical_type","Type",0.379000780640125
"6","MIBC",9279,0.6,"clinical_type","Type",0.99989224137931
"7","MIBC",8980,0.6,"clinical_type","Type",1
"8","MIBC",8613,0.6,"clinical_type","Type",1
"9","MIBC",2208,0.6,"clinical_type","Type",0.300817438692098
"10","MIBC",3670,0.6,"clinical_type","Type",0.568023525770005
"11","MIBC",2417,0.6,"clinical_type","Type",0.522255834053587
"0","NMIBC",5591,0.6,"clinical_type","Type",0.328457290565151
"1","NMIBC",7403,0.6,"clinical_type","Type",0.469227356278126
"2","NMIBC",3711,0.6,"clinical_type","Type",0.279822047956568
"3","NMIBC",3794,0.6,"clinical_type","Type",0.323913600273201
"4","NMIBC",3,0.6,"clinical_type","Type",0.000262651024338995
"5","NMIBC",3661,0.6,"clinical_type","Type",0.35724043715847
"6","NMIBC",1,0.6,"clinical_type","Type",0.000107758620689655
"7","NMIBC",0,0.6,"clinical_type","Type",0
"8","NMIBC",0,0.6,"clinical_type","Type",0
"9","NMIBC",2497,0.6,"clinical_type","Type",0.340190735694823
"10","NMIBC",1447,0.6,"clinical_type","Type",0.223959139452097
"11","NMIBC",941,0.6,"clinical_type","Type",0.203327571305099
"0","Normal",6561,0.6,"clinical_type","Type",0.38544236869933
"1","Normal",2285,0.6,"clinical_type","Type",0.144831083222412
"2","Normal",5838,0.6,"clinical_type","Type",0.440205097270397
"3","Normal",5210,0.6,"clinical_type","Type",0.444804917612909
"4","Normal",2,0.6,"clinical_type","Type",0.000175100682892663
"5","Normal",2703,0.6,"clinical_type","Type",0.263758782201405
"6","Normal",0,0.6,"clinical_type","Type",0
"7","Normal",0,0.6,"clinical_type","Type",0
"8","Normal",0,0.6,"clinical_type","Type",0
"9","Normal",2635,0.6,"clinical_type","Type",0.358991825613079
"10","Normal",1344,0.6,"clinical_type","Type",0.208017334777898
"11","Normal",1270,0.6,"clinical_type","Type",0.274416594641314
"0","CNP0000460",1874,0.8,"dataset","dataset",0.146532176088826
"1","CNP0000460",3477,0.8,"dataset","dataset",0.289556962025316
"2","CNP0000460",2726,0.8,"dataset","dataset",0.265252505595018
"3","CNP0000460",2954,0.8,"dataset","dataset",0.288645690834473
"4","CNP0000460",2278,0.8,"dataset","dataset",0.233712937314045
"5","CNP0000460",0,0.8,"dataset","dataset",0
"6","CNP0000460",1293,0.8,"dataset","dataset",0.143730546909738
"7","CNP0000460",0,0.8,"dataset","dataset",0
"8","CNP0000460",0,0.8,"dataset","dataset",0
"9","CNP0000460",0,0.8,"dataset","dataset",0
"10","CNP0000460",637,0.8,"dataset","dataset",0.0984391902333488
"11","CNP0000460",1154,0.8,"dataset","dataset",0.206292456203075
"12","CNP0000460",361,0.8,"dataset","dataset",0.0695032730073161
"13","CNP0000460",603,0.8,"dataset","dataset",0.130491235663276
"14","CNP0000460",826,0.8,"dataset","dataset",0.263560944479898
"15","CNP0000460",2,0.8,"dataset","dataset",0.0034965034965035
"0","GSE326225",740,0.8,"dataset","dataset",0.0578622253499101
"1","GSE326225",282,0.8,"dataset","dataset",0.0234843437708195
"2","GSE326225",1027,0.8,"dataset","dataset",0.0999318867373747
"3","GSE326225",505,0.8,"dataset","dataset",0.0493453195231581
"4","GSE326225",329,0.8,"dataset","dataset",0.0337539755822304
"5","GSE326225",8,0.8,"dataset","dataset",0.000861326442721792
"6","GSE326225",60,0.8,"dataset","dataset",0.00666963094708759
"7","GSE326225",0,0.8,"dataset","dataset",0
"8","GSE326225",2,0.8,"dataset","dataset",0.000228675966155957
"9","GSE326225",3,0.8,"dataset","dataset",0.000363901018922853
"10","GSE326225",203,0.8,"dataset","dataset",0.0313707309534848
"11","GSE326225",120,0.8,"dataset","dataset",0.0214515552377547
"12","GSE326225",50,0.8,"dataset","dataset",0.00962649210627647
"13","GSE326225",134,0.8,"dataset","dataset",0.028998052369617
"14","GSE326225",224,0.8,"dataset","dataset",0.0714741544352265
"15","GSE326225",560,0.8,"dataset","dataset",0.979020979020979
"0","HRA003620",8807,0.8,"dataset","dataset",0.688638673860349
"1","HRA003620",4784,0.8,"dataset","dataset",0.398401065956029
"2","HRA003620",4304,0.8,"dataset","dataset",0.418799260484577
"3","HRA003620",4103,0.8,"dataset","dataset",0.400918506937659
"4","HRA003620",4740,0.8,"dataset","dataset",0.486303477993229
"5","HRA003620",3,0.8,"dataset","dataset",0.000322997416020672
"6","HRA003620",5489,0.8,"dataset","dataset",0.61016007114273
"7","HRA003620",0,0.8,"dataset","dataset",0
"8","HRA003620",0,0.8,"dataset","dataset",0
"9","HRA003620",0,0.8,"dataset","dataset",0
"10","HRA003620",1909,0.8,"dataset","dataset",0.295008499459125
"11","HRA003620",3414,0.8,"dataset","dataset",0.610296746514122
"12","HRA003620",883,0.8,"dataset","dataset",0.170003850596843
"13","HRA003620",1474,0.8,"dataset","dataset",0.318978576065787
"14","HRA003620",713,0.8,"dataset","dataset",0.227504786215699
"15","HRA003620",7,0.8,"dataset","dataset",0.0122377622377622
"0","InhouseData",2,0.8,"dataset","dataset",0.000156384392837595
"1","InhouseData",4,0.8,"dataset","dataset",0.00033311125916056
"2","InhouseData",64,0.8,"dataset","dataset",0.00622749829716843
"3","InhouseData",237,0.8,"dataset","dataset",0.0231581004494821
"4","InhouseData",2,0.8,"dataset","dataset",0.000205191340925413
"5","InhouseData",9276,0.8,"dataset","dataset",0.998708010335917
"6","InhouseData",0,0.8,"dataset","dataset",0
"7","InhouseData",8831,0.8,"dataset","dataset",1
"8","InhouseData",8744,0.8,"dataset","dataset",0.999771324033844
"9","InhouseData",8241,0.8,"dataset","dataset",0.999636098981077
"10","InhouseData",2771,0.8,"dataset","dataset",0.42821820429609
"11","InhouseData",6,0.8,"dataset","dataset",0.00107257776188774
"12","InhouseData",3393,0.8,"dataset","dataset",0.653253754331921
"13","InhouseData",1765,0.8,"dataset","dataset",0.381951958450552
"14","InhouseData",629,0.8,"dataset","dataset",0.200701978302489
"15","InhouseData",0,0.8,"dataset","dataset",0
"0","PRJNA662018",1366,0.8,"dataset","dataset",0.106810540308077
"1","PRJNA662018",3461,0.8,"dataset","dataset",0.288224516988674
"2","PRJNA662018",2156,0.8,"dataset","dataset",0.209788848885862
"3","PRJNA662018",2435,0.8,"dataset","dataset",0.237932382255228
"4","PRJNA662018",2398,0.8,"dataset","dataset",0.24602441776957
"5","PRJNA662018",1,0.8,"dataset","dataset",0.000107665805340224
"6","PRJNA662018",2154,0.8,"dataset","dataset",0.239439751000445
"7","PRJNA662018",0,0.8,"dataset","dataset",0
"8","PRJNA662018",0,0.8,"dataset","dataset",0
"9","PRJNA662018",0,0.8,"dataset","dataset",0
"10","PRJNA662018",951,0.8,"dataset","dataset",0.146963375057951
"11","PRJNA662018",900,0.8,"dataset","dataset",0.160886664283161
"12","PRJNA662018",507,0.8,"dataset","dataset",0.0976126299576434
"13","PRJNA662018",645,0.8,"dataset","dataset",0.139580177450768
"14","PRJNA662018",742,0.8,"dataset","dataset",0.236758136566688
"15","PRJNA662018",3,0.8,"dataset","dataset",0.00524475524475524
"0","CNP0000460_P01N",159,0.8,"specimen_orig_ident","orig.ident",0.0124325592305888
"1","CNP0000460_P01N",360,0.8,"specimen_orig_ident","orig.ident",0.0299800133244504
"2","CNP0000460_P01N",504,0.8,"specimen_orig_ident","orig.ident",0.0490415490902014
"3","CNP0000460_P01N",169,0.8,"specimen_orig_ident","orig.ident",0.0165135821770569
"4","CNP0000460_P01N",278,0.8,"specimen_orig_ident","orig.ident",0.0285215963886324
"5","CNP0000460_P01N",0,0.8,"specimen_orig_ident","orig.ident",0
"6","CNP0000460_P01N",160,0.8,"specimen_orig_ident","orig.ident",0.0177856825255669
"7","CNP0000460_P01N",0,0.8,"specimen_orig_ident","orig.ident",0
"8","CNP0000460_P01N",0,0.8,"specimen_orig_ident","orig.ident",0
"9","CNP0000460_P01N",0,0.8,"specimen_orig_ident","orig.ident",0
"10","CNP0000460_P01N",47,0.8,"specimen_orig_ident","orig.ident",0.00726317416164426
"11","CNP0000460_P01N",86,0.8,"specimen_orig_ident","orig.ident",0.0153736145870576
"12","CNP0000460_P01N",10,0.8,"specimen_orig_ident","orig.ident",0.00192529842125529
"13","CNP0000460_P01N",119,0.8,"specimen_orig_ident","orig.ident",0.025752001731227
"14","CNP0000460_P01N",88,0.8,"specimen_orig_ident","orig.ident",0.0280791320995533
"15","CNP0000460_P01N",0,0.8,"specimen_orig_ident","orig.ident",0
"0","CNP0000460_P01T",205,0.8,"specimen_orig_ident","orig.ident",0.0160294002658535
"1","CNP0000460_P01T",27,0.8,"specimen_orig_ident","orig.ident",0.00224850099933378
"2","CNP0000460_P01T",119,0.8,"specimen_orig_ident","orig.ident",0.0115792546462976
"3","CNP0000460_P01T",68,0.8,"specimen_orig_ident","orig.ident",0.00664451827242525
"4","CNP0000460_P01T",33,0.8,"specimen_orig_ident","orig.ident",0.00338565712526931
"5","CNP0000460_P01T",0,0.8,"specimen_orig_ident","orig.ident",0
"6","CNP0000460_P01T",21,0.8,"specimen_orig_ident","orig.ident",0.00233437083148066
"7","CNP0000460_P01T",0,0.8,"specimen_orig_ident","orig.ident",0
"8","CNP0000460_P01T",0,0.8,"specimen_orig_ident","orig.ident",0
"9","CNP0000460_P01T",0,0.8,"specimen_orig_ident","orig.ident",0
"10","CNP0000460_P01T",27,0.8,"specimen_orig_ident","orig.ident",0.00417246175243394
"11","CNP0000460_P01T",19,0.8,"specimen_orig_ident","orig.ident",0.00339649624597783
"12","CNP0000460_P01T",2,0.8,"specimen_orig_ident","orig.ident",0.000385059684251059
"13","CNP0000460_P01T",9,0.8,"specimen_orig_ident","orig.ident",0.00194763038303398
"14","CNP0000460_P01T",28,0.8,"specimen_orig_ident","orig.ident",0.00893426930440332
"15","CNP0000460_P01T",1,0.8,"specimen_orig_ident","orig.ident",0.00174825174825175
"0","CNP0000460_P02N",23,0.8,"specimen_orig_ident","orig.ident",0.00179842051763234
"1","CNP0000460_P02N",593,0.8,"specimen_orig_ident","orig.ident",0.049383744170553
"2","CNP0000460_P02N",120,0.8,"specimen_orig_ident","orig.ident",0.0116765593071908
"3","CNP0000460_P02N",270,0.8,"specimen_orig_ident","orig.ident",0.0263826460816885
"4","CNP0000460_P02N",328,0.8,"specimen_orig_ident","orig.ident",0.0336513799117677
"5","CNP0000460_P02N",0,0.8,"specimen_orig_ident","orig.ident",0
"6","CNP0000460_P02N",131,0.8,"specimen_orig_ident","orig.ident",0.0145620275678079
"7","CNP0000460_P02N",0,0.8,"specimen_orig_ident","orig.ident",0
"8","CNP0000460_P02N",0,0.8,"specimen_orig_ident","orig.ident",0
"9","CNP0000460_P02N",0,0.8,"specimen_orig_ident","orig.ident",0
"10","CNP0000460_P02N",20,0.8,"specimen_orig_ident","orig.ident",0.00309071240921032
"11","CNP0000460_P02N",129,0.8,"specimen_orig_ident","orig.ident",0.0230604218805863
"12","CNP0000460_P02N",90,0.8,"specimen_orig_ident","orig.ident",0.0173276857912977
"13","CNP0000460_P02N",15,0.8,"specimen_orig_ident","orig.ident",0.00324605063838996
"14","CNP0000460_P02N",98,0.8,"specimen_orig_ident","orig.ident",0.0312699425654116
"15","CNP0000460_P02N",0,0.8,"specimen_orig_ident","orig.ident",0
"0","CNP0000460_P02T",51,0.8,"specimen_orig_ident","orig.ident",0.00398780201735867
"1","CNP0000460_P02T",440,0.8,"specimen_orig_ident","orig.ident",0.0366422385076616
"2","CNP0000460_P02T",158,0.8,"specimen_orig_ident","orig.ident",0.0153741364211346
"3","CNP0000460_P02T",498,0.8,"specimen_orig_ident","orig.ident",0.0486613249951143
"4","CNP0000460_P02T",163,0.8,"specimen_orig_ident","orig.ident",0.0167230942854212
"5","CNP0000460_P02T",0,0.8,"specimen_orig_ident","orig.ident",0
"6","CNP0000460_P02T",32,0.8,"specimen_orig_ident","orig.ident",0.00355713650511338
"7","CNP0000460_P02T",0,0.8,"specimen_orig_ident","orig.ident",0
"8","CNP0000460_P02T",0,0.8,"specimen_orig_ident","orig.ident",0
"9","CNP0000460_P02T",0,0.8,"specimen_orig_ident","orig.ident",0
"10","CNP0000460_P02T",31,0.8,"specimen_orig_ident","orig.ident",0.004790604234276
"11","CNP0000460_P02T",232,0.8,"specimen_orig_ident","orig.ident",0.0414730067929925
"12","CNP0000460_P02T",53,0.8,"specimen_orig_ident","orig.ident",0.0102040816326531
"13","CNP0000460_P02T",33,0.8,"specimen_orig_ident","orig.ident",0.00714131140445791
"14","CNP0000460_P02T",166,0.8,"specimen_orig_ident","orig.ident",0.0529674537332482
"15","CNP0000460_P02T",0,0.8,"specimen_orig_ident","orig.ident",0
"0","CNP0000460_P03N",107,0.8,"specimen_orig_ident","orig.ident",0.00836656501681132
"1","CNP0000460_P03N",382,0.8,"specimen_orig_ident","orig.ident",0.0318121252498334
"2","CNP0000460_P03N",497,0.8,"specimen_orig_ident","orig.ident",0.0483604164639486
"3","CNP0000460_P03N",334,0.8,"specimen_orig_ident","orig.ident",0.0326363103380887
"4","CNP0000460_P03N",256,0.8,"specimen_orig_ident","orig.ident",0.0262644916384529
"5","CNP0000460_P03N",0,0.8,"specimen_orig_ident","orig.ident",0
"6","CNP0000460_P03N",136,0.8,"specimen_orig_ident","orig.ident",0.0151178301467319
"7","CNP0000460_P03N",0,0.8,"specimen_orig_ident","orig.ident",0
"8","CNP0000460_P03N",0,0.8,"specimen_orig_ident","orig.ident",0
"9","CNP0000460_P03N",0,0.8,"specimen_orig_ident","orig.ident",0
"10","CNP0000460_P03N",120,0.8,"specimen_orig_ident","orig.ident",0.0185442744552619
"11","CNP0000460_P03N",147,0.8,"specimen_orig_ident","orig.ident",0.0262781551662496
"12","CNP0000460_P03N",19,0.8,"specimen_orig_ident","orig.ident",0.00365806700038506
"13","CNP0000460_P03N",69,0.8,"specimen_orig_ident","orig.ident",0.0149318329365938
"14","CNP0000460_P03N",59,0.8,"specimen_orig_ident","orig.ident",0.0188257817485641
"15","CNP0000460_P03N",0,0.8,"specimen_orig_ident","orig.ident",0
"0","CNP0000460_P03T",72,0.8,"specimen_orig_ident","orig.ident",0.00562983814215341
"1","CNP0000460_P03T",547,0.8,"specimen_orig_ident","orig.ident",0.0455529646902065
"2","CNP0000460_P03T",379,0.8,"specimen_orig_ident","orig.ident",0.0368784664785443
"3","CNP0000460_P03T",200,0.8,"specimen_orig_ident","orig.ident",0.0195427008012507
"4","CNP0000460_P03T",490,0.8,"specimen_orig_ident","orig.ident",0.0502718785267262
"5","CNP0000460_P03T",0,0.8,"specimen_orig_ident","orig.ident",0
"6","CNP0000460_P03T",120,0.8,"specimen_orig_ident","orig.ident",0.0133392618941752
"7","CNP0000460_P03T",0,0.8,"specimen_orig_ident","orig.ident",0
"8","CNP0000460_P03T",0,0.8,"specimen_orig_ident","orig.ident",0
"9","CNP0000460_P03T",0,0.8,"specimen_orig_ident","orig.ident",0
"10","CNP0000460_P03T",67,0.8,"specimen_orig_ident","orig.ident",0.0103538865708546
"11","CNP0000460_P03T",110,0.8,"specimen_orig_ident","orig.ident",0.0196639256346085
"12","CNP0000460_P03T",8,0.8,"specimen_orig_ident","orig.ident",0.00154023873700424
"13","CNP0000460_P03T",104,0.8,"specimen_orig_ident","orig.ident",0.022505951092837
"14","CNP0000460_P03T",90,0.8,"specimen_orig_ident","orig.ident",0.028717294192725
"15","CNP0000460_P03T",0,0.8,"specimen_orig_ident","orig.ident",0
"0","CNP0000460_P04T",508,0.8,"specimen_orig_ident","orig.ident",0.0397216357807491
"1","CNP0000460_P04T",371,0.8,"specimen_orig_ident","orig.ident",0.0308960692871419
"2","CNP0000460_P04T",200,0.8,"specimen_orig_ident","orig.ident",0.0194609321786514
"3","CNP0000460_P04T",341,0.8,"specimen_orig_ident","orig.ident",0.0333203048661325
"4","CNP0000460_P04T",226,0.8,"specimen_orig_ident","orig.ident",0.0231866215245717
"5","CNP0000460_P04T",0,0.8,"specimen_orig_ident","orig.ident",0
"6","CNP0000460_P04T",334,0.8,"specimen_orig_ident","orig.ident",0.0371276122721209
"7","CNP0000460_P04T",0,0.8,"specimen_orig_ident","orig.ident",0
"8","CNP0000460_P04T",0,0.8,"specimen_orig_ident","orig.ident",0
"9","CNP0000460_P04T",0,0.8,"specimen_orig_ident","orig.ident",0
"10","CNP0000460_P04T",78,0.8,"specimen_orig_ident","orig.ident",0.0120537783959203
"11","CNP0000460_P04T",155,0.8,"specimen_orig_ident","orig.ident",0.0277082588487665
"12","CNP0000460_P04T",70,0.8,"specimen_orig_ident","orig.ident",0.0134770889487871
"13","CNP0000460_P04T",66,0.8,"specimen_orig_ident","orig.ident",0.0142826228089158
"14","CNP0000460_P04T",76,0.8,"specimen_orig_ident","orig.ident",0.0242501595405233
"15","CNP0000460_P04T",0,0.8,"specimen_orig_ident","orig.ident",0
"0","CNP0000460_P05N",21,0.8,"specimen_orig_ident","orig.ident",0.00164203612479475
"1","CNP0000460_P05N",90,0.8,"specimen_orig_ident","orig.ident",0.00749500333111259
"2","CNP0000460_P05N",59,0.8,"specimen_orig_ident","orig.ident",0.00574097499270215
"3","CNP0000460_P05N",44,0.8,"specimen_orig_ident","orig.ident",0.00429939417627516
"4","CNP0000460_P05N",57,0.8,"specimen_orig_ident","orig.ident",0.00584795321637427
"5","CNP0000460_P05N",0,0.8,"specimen_orig_ident","orig.ident",0
"6","CNP0000460_P05N",55,0.8,"specimen_orig_ident","orig.ident",0.00611382836816363
"7","CNP0000460_P05N",0,0.8,"specimen_orig_ident","orig.ident",0
"8","CNP0000460_P05N",0,0.8,"specimen_orig_ident","orig.ident",0
"9","CNP0000460_P05N",0,0.8,"specimen_orig_ident","orig.ident",0
"10","CNP0000460_P05N",7,0.8,"specimen_orig_ident","orig.ident",0.00108174934322361
"11","CNP0000460_P05N",23,0.8,"specimen_orig_ident","orig.ident",0.00411154808723632
"12","CNP0000460_P05N",3,0.8,"specimen_orig_ident","orig.ident",0.000577589526376588
"13","CNP0000460_P05N",27,0.8,"specimen_orig_ident","orig.ident",0.00584289114910193
"14","CNP0000460_P05N",25,0.8,"specimen_orig_ident","orig.ident",0.00797702616464582
"15","CNP0000460_P05N",0,0.8,"specimen_orig_ident","orig.ident",0
"0","CNP0000460_P05T",57,0.8,"specimen_orig_ident","orig.ident",0.00445695519587145
"1","CNP0000460_P05T",121,0.8,"specimen_orig_ident","orig.ident",0.0100766155896069
"2","CNP0000460_P05T",91,0.8,"specimen_orig_ident","orig.ident",0.00885472414128637
"3","CNP0000460_P05T",228,0.8,"specimen_orig_ident","orig.ident",0.0222786789134258
"4","CNP0000460_P05T",73,0.8,"specimen_orig_ident","orig.ident",0.00748948394377757
"5","CNP0000460_P05T",0,0.8,"specimen_orig_ident","orig.ident",0
"6","CNP0000460_P05T",53,0.8,"specimen_orig_ident","orig.ident",0.00589150733659404
"7","CNP0000460_P05T",0,0.8,"specimen_orig_ident","orig.ident",0
"8","CNP0000460_P05T",0,0.8,"specimen_orig_ident","orig.ident",0
"9","CNP0000460_P05T",0,0.8,"specimen_orig_ident","orig.ident",0
"10","CNP0000460_P05T",13,0.8,"specimen_orig_ident","orig.ident",0.00200896306598671
"11","CNP0000460_P05T",29,0.8,"specimen_orig_ident","orig.ident",0.00518412584912406
"12","CNP0000460_P05T",17,0.8,"specimen_orig_ident","orig.ident",0.003273007316134
"13","CNP0000460_P05T",24,0.8,"specimen_orig_ident","orig.ident",0.00519368102142393
"14","CNP0000460_P05T",33,0.8,"specimen_orig_ident","orig.ident",0.0105296745373325
"15","CNP0000460_P05T",0,0.8,"specimen_orig_ident","orig.ident",0
"0","CNP0000460_P06T",641,0.8,"specimen_orig_ident","orig.ident",0.0501211979044491
"1","CNP0000460_P06T",231,0.8,"specimen_orig_ident","orig.ident",0.0192371752165223
"2","CNP0000460_P06T",246,0.8,"specimen_orig_ident","orig.ident",0.0239369465797412
"3","CNP0000460_P06T",473,0.8,"specimen_orig_ident","orig.ident",0.046218487394958
"4","CNP0000460_P06T",140,0.8,"specimen_orig_ident","orig.ident",0.0143633938647789
"5","CNP0000460_P06T",0,0.8,"specimen_orig_ident","orig.ident",0
"6","CNP0000460_P06T",204,0.8,"specimen_orig_ident","orig.ident",0.0226767452200978
"7","CNP0000460_P06T",0,0.8,"specimen_orig_ident","orig.ident",0
"8","CNP0000460_P06T",0,0.8,"specimen_orig_ident","orig.ident",0
"9","CNP0000460_P06T",0,0.8,"specimen_orig_ident","orig.ident",0
"10","CNP0000460_P06T",120,0.8,"specimen_orig_ident","orig.ident",0.0185442744552619
"11","CNP0000460_P06T",149,0.8,"specimen_orig_ident","orig.ident",0.0266356810868788
"12","CNP0000460_P06T",73,0.8,"specimen_orig_ident","orig.ident",0.0140546784751637
"13","CNP0000460_P06T",26,0.8,"specimen_orig_ident","orig.ident",0.00562648777320926
"14","CNP0000460_P06T",77,0.8,"specimen_orig_ident","orig.ident",0.0245692405871091
"15","CNP0000460_P06T",1,0.8,"specimen_orig_ident","orig.ident",0.00174825174825175
"0","CNP0000460_P07N",21,0.8,"specimen_orig_ident","orig.ident",0.00164203612479475
"1","CNP0000460_P07N",235,0.8,"specimen_orig_ident","orig.ident",0.0195702864756829
"2","CNP0000460_P07N",274,0.8,"specimen_orig_ident","orig.ident",0.0266614770847524
"3","CNP0000460_P07N",86,0.8,"specimen_orig_ident","orig.ident",0.00840336134453781
"4","CNP0000460_P07N",178,0.8,"specimen_orig_ident","orig.ident",0.0182620293423618
"5","CNP0000460_P07N",0,0.8,"specimen_orig_ident","orig.ident",0
"6","CNP0000460_P07N",37,0.8,"specimen_orig_ident","orig.ident",0.00411293908403735
"7","CNP0000460_P07N",0,0.8,"specimen_orig_ident","orig.ident",0
"8","CNP0000460_P07N",0,0.8,"specimen_orig_ident","orig.ident",0
"9","CNP0000460_P07N",0,0.8,"specimen_orig_ident","orig.ident",0
"10","CNP0000460_P07N",55,0.8,"specimen_orig_ident","orig.ident",0.00849945912532839
"11","CNP0000460_P07N",47,0.8,"specimen_orig_ident","orig.ident",0.00840185913478727
"12","CNP0000460_P07N",7,0.8,"specimen_orig_ident","orig.ident",0.00134770889487871
"13","CNP0000460_P07N",80,0.8,"specimen_orig_ident","orig.ident",0.0173122700714131
"14","CNP0000460_P07N",53,0.8,"specimen_orig_ident","orig.ident",0.0169112954690491
"15","CNP0000460_P07N",0,0.8,"specimen_orig_ident","orig.ident",0
"0","CNP0000460_P07T",9,0.8,"specimen_orig_ident","orig.ident",0.000703729767769177
"1","CNP0000460_P07T",80,0.8,"specimen_orig_ident","orig.ident",0.00666222518321119
"2","CNP0000460_P07T",79,0.8,"specimen_orig_ident","orig.ident",0.00768706821056729
"3","CNP0000460_P07T",243,0.8,"specimen_orig_ident","orig.ident",0.0237443814735196
"4","CNP0000460_P07T",56,0.8,"specimen_orig_ident","orig.ident",0.00574535754591156
"5","CNP0000460_P07T",0,0.8,"specimen_orig_ident","orig.ident",0
"6","CNP0000460_P07T",10,0.8,"specimen_orig_ident","orig.ident",0.00111160515784793
"7","CNP0000460_P07T",0,0.8,"specimen_orig_ident","orig.ident",0
"8","CNP0000460_P07T",0,0.8,"specimen_orig_ident","orig.ident",0
"9","CNP0000460_P07T",0,0.8,"specimen_orig_ident","orig.ident",0
"10","CNP0000460_P07T",52,0.8,"specimen_orig_ident","orig.ident",0.00803585226394684
"11","CNP0000460_P07T",28,0.8,"specimen_orig_ident","orig.ident",0.00500536288880944
"12","CNP0000460_P07T",9,0.8,"specimen_orig_ident","orig.ident",0.00173276857912977
"13","CNP0000460_P07T",31,0.8,"specimen_orig_ident","orig.ident",0.00670850465267258
"14","CNP0000460_P07T",33,0.8,"specimen_orig_ident","orig.ident",0.0105296745373325
"15","CNP0000460_P07T",0,0.8,"specimen_orig_ident","orig.ident",0
"0","GSE326225_BC1",5,0.8,"specimen_orig_ident","orig.ident",0.000390960982093987
"1","GSE326225_BC1",1,0.8,"specimen_orig_ident","orig.ident",8.32778147901399e-05
"2","GSE326225_BC1",5,0.8,"specimen_orig_ident","orig.ident",0.000486523304466284
"3","GSE326225_BC1",4,0.8,"specimen_orig_ident","orig.ident",0.000390854016025015
"4","GSE326225_BC1",0,0.8,"specimen_orig_ident","orig.ident",0
"5","GSE326225_BC1",0,0.8,"specimen_orig_ident","orig.ident",0
"6","GSE326225_BC1",0,0.8,"specimen_orig_ident","orig.ident",0
"7","GSE326225_BC1",0,0.8,"specimen_orig_ident","orig.ident",0
"8","GSE326225_BC1",0,0.8,"specimen_orig_ident","orig.ident",0
"9","GSE326225_BC1",0,0.8,"specimen_orig_ident","orig.ident",0
"10","GSE326225_BC1",4,0.8,"specimen_orig_ident","orig.ident",0.000618142481842065
"11","GSE326225_BC1",0,0.8,"specimen_orig_ident","orig.ident",0
"12","GSE326225_BC1",0,0.8,"specimen_orig_ident","orig.ident",0
"13","GSE326225_BC1",0,0.8,"specimen_orig_ident","orig.ident",0
"14","GSE326225_BC1",2,0.8,"specimen_orig_ident","orig.ident",0.000638162093171666
"15","GSE326225_BC1",3,0.8,"specimen_orig_ident","orig.ident",0.00524475524475524
"0","GSE326225_BC2",6,0.8,"specimen_orig_ident","orig.ident",0.000469153178512784
"1","GSE326225_BC2",1,0.8,"specimen_orig_ident","orig.ident",8.32778147901399e-05
"2","GSE326225_BC2",8,0.8,"specimen_orig_ident","orig.ident",0.000778437287146054
"3","GSE326225_BC2",2,0.8,"specimen_orig_ident","orig.ident",0.000195427008012507
"4","GSE326225_BC2",1,0.8,"specimen_orig_ident","orig.ident",0.000102595670462706
"5","GSE326225_BC2",0,0.8,"specimen_orig_ident","orig.ident",0
"6","GSE326225_BC2",0,0.8,"specimen_orig_ident","orig.ident",0
"7","GSE326225_BC2",0,0.8,"specimen_orig_ident","orig.ident",0
"8","GSE326225_BC2",0,0.8,"specimen_orig_ident","orig.ident",0
"9","GSE326225_BC2",0,0.8,"specimen_orig_ident","orig.ident",0
"10","GSE326225_BC2",11,0.8,"specimen_orig_ident","orig.ident",0.00169989182506568
"11","GSE326225_BC2",0,0.8,"specimen_orig_ident","orig.ident",0
"12","GSE326225_BC2",0,0.8,"specimen_orig_ident","orig.ident",0
"13","GSE326225_BC2",1,0.8,"specimen_orig_ident","orig.ident",0.000216403375892664
"14","GSE326225_BC2",2,0.8,"specimen_orig_ident","orig.ident",0.000638162093171666
"15","GSE326225_BC2",0,0.8,"specimen_orig_ident","orig.ident",0
"0","GSE326225_BC3",7,0.8,"specimen_orig_ident","orig.ident",0.000547345374931582
"1","GSE326225_BC3",22,0.8,"specimen_orig_ident","orig.ident",0.00183211192538308
"2","GSE326225_BC3",33,0.8,"specimen_orig_ident","orig.ident",0.00321105380947747
"3","GSE326225_BC3",24,0.8,"specimen_orig_ident","orig.ident",0.00234512409615009
"4","GSE326225_BC3",13,0.8,"specimen_orig_ident","orig.ident",0.00133374371601518
"5","GSE326225_BC3",1,0.8,"specimen_orig_ident","orig.ident",0.000107665805340224
"6","GSE326225_BC3",9,0.8,"specimen_orig_ident","orig.ident",0.00100044464206314
"7","GSE326225_BC3",0,0.8,"specimen_orig_ident","orig.ident",0
"8","GSE326225_BC3",2,0.8,"specimen_orig_ident","orig.ident",0.000228675966155957
"9","GSE326225_BC3",3,0.8,"specimen_orig_ident","orig.ident",0.000363901018922853
"10","GSE326225_BC3",7,0.8,"specimen_orig_ident","orig.ident",0.00108174934322361
"11","GSE326225_BC3",4,0.8,"specimen_orig_ident","orig.ident",0.000715051841258491
"12","GSE326225_BC3",0,0.8,"specimen_orig_ident","orig.ident",0
"13","GSE326225_BC3",5,0.8,"specimen_orig_ident","orig.ident",0.00108201687946332
"14","GSE326225_BC3",27,0.8,"specimen_orig_ident","orig.ident",0.00861518825781749
"15","GSE326225_BC3",1,0.8,"specimen_orig_ident","orig.ident",0.00174825174825175
"0","GSE326225_BC4",636,0.8,"specimen_orig_ident","orig.ident",0.0497302369223551
"1","GSE326225_BC4",43,0.8,"specimen_orig_ident","orig.ident",0.00358094603597602
"2","GSE326225_BC4",673,0.8,"specimen_orig_ident","orig.ident",0.0654860367811618
"3","GSE326225_BC4",327,0.8,"specimen_orig_ident","orig.ident",0.0319523158100449
"4","GSE326225_BC4",169,0.8,"specimen_orig_ident","orig.ident",0.0173386683081974
"5","GSE326225_BC4",2,0.8,"specimen_orig_ident","orig.ident",0.000215331610680448
"6","GSE326225_BC4",38,0.8,"specimen_orig_ident","orig.ident",0.00422409959982214
"7","GSE326225_BC4",0,0.8,"specimen_orig_ident","orig.ident",0
"8","GSE326225_BC4",0,0.8,"specimen_orig_ident","orig.ident",0
"9","GSE326225_BC4",0,0.8,"specimen_orig_ident","orig.ident",0
"10","GSE326225_BC4",151,0.8,"specimen_orig_ident","orig.ident",0.0233348786895379
"11","GSE326225_BC4",78,0.8,"specimen_orig_ident","orig.ident",0.0139435109045406
"12","GSE326225_BC4",33,0.8,"specimen_orig_ident","orig.ident",0.00635348479014247
"13","GSE326225_BC4",53,0.8,"specimen_orig_ident","orig.ident",0.0114693789223112
"14","GSE326225_BC4",78,0.8,"specimen_orig_ident","orig.ident",0.024888321633695
"15","GSE326225_BC4",519,0.8,"specimen_orig_ident","orig.ident",0.907342657342657
"0","GSE326225_BC5",0,0.8,"specimen_orig_ident","orig.ident",0
"1","GSE326225_BC5",1,0.8,"specimen_orig_ident","orig.ident",8.32778147901399e-05
"2","GSE326225_BC5",1,0.8,"specimen_orig_ident","orig.ident",9.73046608932568e-05
"3","GSE326225_BC5",0,0.8,"specimen_orig_ident","orig.ident",0
"4","GSE326225_BC5",0,0.8,"specimen_orig_ident","orig.ident",0
"5","GSE326225_BC5",0,0.8,"specimen_orig_ident","orig.ident",0
"6","GSE326225_BC5",0,0.8,"specimen_orig_ident","orig.ident",0
"7","GSE326225_BC5",0,0.8,"specimen_orig_ident","orig.ident",0
"8","GSE326225_BC5",0,0.8,"specimen_orig_ident","orig.ident",0
"9","GSE326225_BC5",0,0.8,"specimen_orig_ident","orig.ident",0
"10","GSE326225_BC5",1,0.8,"specimen_orig_ident","orig.ident",0.000154535620460516
"11","GSE326225_BC5",0,0.8,"specimen_orig_ident","orig.ident",0
"12","GSE326225_BC5",0,0.8,"specimen_orig_ident","orig.ident",0
"13","GSE326225_BC5",0,0.8,"specimen_orig_ident","orig.ident",0
"14","GSE326225_BC5",0,0.8,"specimen_orig_ident","orig.ident",0
"15","GSE326225_BC5",0,0.8,"specimen_orig_ident","orig.ident",0
"0","GSE326225_BC6",68,0.8,"specimen_orig_ident","orig.ident",0.00531706935647822
"1","GSE326225_BC6",42,0.8,"specimen_orig_ident","orig.ident",0.00349766822118588
"2","GSE326225_BC6",87,0.8,"specimen_orig_ident","orig.ident",0.00846550549771334
"3","GSE326225_BC6",106,0.8,"specimen_orig_ident","orig.ident",0.0103576314246629
"4","GSE326225_BC6",69,0.8,"specimen_orig_ident","orig.ident",0.00707910126192675
"5","GSE326225_BC6",5,0.8,"specimen_orig_ident","orig.ident",0.00053832902670112
"6","GSE326225_BC6",4,0.8,"specimen_orig_ident","orig.ident",0.000444642063139173
"7","GSE326225_BC6",0,0.8,"specimen_orig_ident","orig.ident",0
"8","GSE326225_BC6",0,0.8,"specimen_orig_ident","orig.ident",0
"9","GSE326225_BC6",0,0.8,"specimen_orig_ident","orig.ident",0
"10","GSE326225_BC6",9,0.8,"specimen_orig_ident","orig.ident",0.00139082058414465
"11","GSE326225_BC6",24,0.8,"specimen_orig_ident","orig.ident",0.00429031104755095
"12","GSE326225_BC6",15,0.8,"specimen_orig_ident","orig.ident",0.00288794763188294
"13","GSE326225_BC6",31,0.8,"specimen_orig_ident","orig.ident",0.00670850465267258
"14","GSE326225_BC6",30,0.8,"specimen_orig_ident","orig.ident",0.00957243139757498
"15","GSE326225_BC6",22,0.8,"specimen_orig_ident","orig.ident",0.0384615384615385
"0","GSE326225_BC7",12,0.8,"specimen_orig_ident","orig.ident",0.000938306357025569
"1","GSE326225_BC7",54,0.8,"specimen_orig_ident","orig.ident",0.00449700199866756
"2","GSE326225_BC7",96,0.8,"specimen_orig_ident","orig.ident",0.00934124744575265
"3","GSE326225_BC7",5,0.8,"specimen_orig_ident","orig.ident",0.000488567520031268
"4","GSE326225_BC7",31,0.8,"specimen_orig_ident","orig.ident",0.0031804657843439
"5","GSE326225_BC7",0,0.8,"specimen_orig_ident","orig.ident",0
"6","GSE326225_BC7",7,0.8,"specimen_orig_ident","orig.ident",0.000778123610493553
"7","GSE326225_BC7",0,0.8,"specimen_orig_ident","orig.ident",0
"8","GSE326225_BC7",0,0.8,"specimen_orig_ident","orig.ident",0
"9","GSE326225_BC7",0,0.8,"specimen_orig_ident","orig.ident",0
"10","GSE326225_BC7",2,0.8,"specimen_orig_ident","orig.ident",0.000309071240921032
"11","GSE326225_BC7",0,0.8,"specimen_orig_ident","orig.ident",0
"12","GSE326225_BC7",1,0.8,"specimen_orig_ident","orig.ident",0.000192529842125529
"13","GSE326225_BC7",8,0.8,"specimen_orig_ident","orig.ident",0.00173122700714131
"14","GSE326225_BC7",33,0.8,"specimen_orig_ident","orig.ident",0.0105296745373325
"15","GSE326225_BC7",6,0.8,"specimen_orig_ident","orig.ident",0.0104895104895105
"0","GSE326225_BC8",6,0.8,"specimen_orig_ident","orig.ident",0.000469153178512784
"1","GSE326225_BC8",118,0.8,"specimen_orig_ident","orig.ident",0.00982678214523651
"2","GSE326225_BC8",124,0.8,"specimen_orig_ident","orig.ident",0.0120657779507638
"3","GSE326225_BC8",37,0.8,"specimen_orig_ident","orig.ident",0.00361539964823139
"4","GSE326225_BC8",46,0.8,"specimen_orig_ident","orig.ident",0.0047194008412845
"5","GSE326225_BC8",0,0.8,"specimen_orig_ident","orig.ident",0
"6","GSE326225_BC8",2,0.8,"specimen_orig_ident","orig.ident",0.000222321031569586
"7","GSE326225_BC8",0,0.8,"specimen_orig_ident","orig.ident",0
"8","GSE326225_BC8",0,0.8,"specimen_orig_ident","orig.ident",0
"9","GSE326225_BC8",0,0.8,"specimen_orig_ident","orig.ident",0
"10","GSE326225_BC8",18,0.8,"specimen_orig_ident","orig.ident",0.00278164116828929
"11","GSE326225_BC8",14,0.8,"specimen_orig_ident","orig.ident",0.00250268144440472
"12","GSE326225_BC8",1,0.8,"specimen_orig_ident","orig.ident",0.000192529842125529
"13","GSE326225_BC8",36,0.8,"specimen_orig_ident","orig.ident",0.0077905215321359
"14","GSE326225_BC8",52,0.8,"specimen_orig_ident","orig.ident",0.0165922144224633
"15","GSE326225_BC8",9,0.8,"specimen_orig_ident","orig.ident",0.0157342657342657
"0","HRA003620_BC-01",1488,0.8,"specimen_orig_ident","orig.ident",0.116349988271171
"1","HRA003620_BC-01",584,0.8,"specimen_orig_ident","orig.ident",0.0486342438374417
"2","HRA003620_BC-01",228,0.8,"specimen_orig_ident","orig.ident",0.0221854626836625
"3","HRA003620_BC-01",995,0.8,"specimen_orig_ident","orig.ident",0.0972249364862224
"4","HRA003620_BC-01",688,0.8,"specimen_orig_ident","orig.ident",0.0705858212783421
"5","HRA003620_BC-01",2,0.8,"specimen_orig_ident","orig.ident",0.000215331610680448
"6","HRA003620_BC-01",855,0.8,"specimen_orig_ident","orig.ident",0.0950422409959982
"7","HRA003620_BC-01",0,0.8,"specimen_orig_ident","orig.ident",0
"8","HRA003620_BC-01",0,0.8,"specimen_orig_ident","orig.ident",0
"9","HRA003620_BC-01",0,0.8,"specimen_orig_ident","orig.ident",0
"10","HRA003620_BC-01",158,0.8,"specimen_orig_ident","orig.ident",0.0244166280327616
"11","HRA003620_BC-01",339,0.8,"specimen_orig_ident","orig.ident",0.0606006435466571
"12","HRA003620_BC-01",225,0.8,"specimen_orig_ident","orig.ident",0.0433192144782441
"13","HRA003620_BC-01",158,0.8,"specimen_orig_ident","orig.ident",0.0341917333910409
"14","HRA003620_BC-01",50,0.8,"specimen_orig_ident","orig.ident",0.0159540523292916
"15","HRA003620_BC-01",1,0.8,"specimen_orig_ident","orig.ident",0.00174825174825175
"0","HRA003620_BC-04",7,0.8,"specimen_orig_ident","orig.ident",0.000547345374931582
"1","HRA003620_BC-04",15,0.8,"specimen_orig_ident","orig.ident",0.0012491672218521
"2","HRA003620_BC-04",15,0.8,"specimen_orig_ident","orig.ident",0.00145956991339885
"3","HRA003620_BC-04",27,0.8,"specimen_orig_ident","orig.ident",0.00263826460816885
"4","HRA003620_BC-04",12,0.8,"specimen_orig_ident","orig.ident",0.00123114804555248
"5","HRA003620_BC-04",0,0.8,"specimen_orig_ident","orig.ident",0
"6","HRA003620_BC-04",20,0.8,"specimen_orig_ident","orig.ident",0.00222321031569586
"7","HRA003620_BC-04",0,0.8,"specimen_orig_ident","orig.ident",0
"8","HRA003620_BC-04",0,0.8,"specimen_orig_ident","orig.ident",0
"9","HRA003620_BC-04",0,0.8,"specimen_orig_ident","orig.ident",0
"10","HRA003620_BC-04",19,0.8,"specimen_orig_ident","orig.ident",0.00293617678874981
"11","HRA003620_BC-04",17,0.8,"specimen_orig_ident","orig.ident",0.00303897032534859
"12","HRA003620_BC-04",0,0.8,"specimen_orig_ident","orig.ident",0
"13","HRA003620_BC-04",12,0.8,"specimen_orig_ident","orig.ident",0.00259684051071197
"14","HRA003620_BC-04",2,0.8,"specimen_orig_ident","orig.ident",0.000638162093171666
"15","HRA003620_BC-04",0,0.8,"specimen_orig_ident","orig.ident",0
"0","HRA003620_BC-05",700,0.8,"specimen_orig_ident","orig.ident",0.0547345374931582
"1","HRA003620_BC-05",162,0.8,"specimen_orig_ident","orig.ident",0.0134910059960027
"2","HRA003620_BC-05",172,0.8,"specimen_orig_ident","orig.ident",0.0167364016736402
"3","HRA003620_BC-05",403,0.8,"specimen_orig_ident","orig.ident",0.0393785421145202
"4","HRA003620_BC-05",304,0.8,"specimen_orig_ident","orig.ident",0.0311890838206628
"5","HRA003620_BC-05",1,0.8,"specimen_orig_ident","orig.ident",0.000107665805340224
"6","HRA003620_BC-05",265,0.8,"specimen_orig_ident","orig.ident",0.0294575366829702
"7","HRA003620_BC-05",0,0.8,"specimen_orig_ident","orig.ident",0
"8","HRA003620_BC-05",0,0.8,"specimen_orig_ident","orig.ident",0
"9","HRA003620_BC-05",0,0.8,"specimen_orig_ident","orig.ident",0
"10","HRA003620_BC-05",61,0.8,"specimen_orig_ident","orig.ident",0.00942667284809148
"11","HRA003620_BC-05",123,0.8,"specimen_orig_ident","orig.ident",0.0219878441186986
"12","HRA003620_BC-05",59,0.8,"specimen_orig_ident","orig.ident",0.0113592606854062
"13","HRA003620_BC-05",109,0.8,"specimen_orig_ident","orig.ident",0.0235879679723004
"14","HRA003620_BC-05",42,0.8,"specimen_orig_ident","orig.ident",0.013401403956605
"15","HRA003620_BC-05",1,0.8,"specimen_orig_ident","orig.ident",0.00174825174825175
"0","HRA003620_BC-11",3034,0.8,"specimen_orig_ident","orig.ident",0.237235123934631
"1","HRA003620_BC-11",240,0.8,"specimen_orig_ident","orig.ident",0.0199866755496336
"2","HRA003620_BC-11",446,0.8,"specimen_orig_ident","orig.ident",0.0433978787583925
"3","HRA003620_BC-11",803,0.8,"specimen_orig_ident","orig.ident",0.0784639437170217
"4","HRA003620_BC-11",420,0.8,"specimen_orig_ident","orig.ident",0.0430901815943367
"5","HRA003620_BC-11",0,0.8,"specimen_orig_ident","orig.ident",0
"6","HRA003620_BC-11",503,0.8,"specimen_orig_ident","orig.ident",0.055913739439751
"7","HRA003620_BC-11",0,0.8,"specimen_orig_ident","orig.ident",0
"8","HRA003620_BC-11",0,0.8,"specimen_orig_ident","orig.ident",0
"9","HRA003620_BC-11",0,0.8,"specimen_orig_ident","orig.ident",0
"10","HRA003620_BC-11",131,0.8,"specimen_orig_ident","orig.ident",0.0202441662803276
"11","HRA003620_BC-11",470,0.8,"specimen_orig_ident","orig.ident",0.0840185913478727
"12","HRA003620_BC-11",164,0.8,"specimen_orig_ident","orig.ident",0.0315748941085868
"13","HRA003620_BC-11",114,0.8,"specimen_orig_ident","orig.ident",0.0246699848517637
"14","HRA003620_BC-11",28,0.8,"specimen_orig_ident","orig.ident",0.00893426930440332
"15","HRA003620_BC-11",3,0.8,"specimen_orig_ident","orig.ident",0.00524475524475524
"0","HRA003620_BC-24",887,0.8,"specimen_orig_ident","orig.ident",0.0693564782234733
"1","HRA003620_BC-24",292,0.8,"specimen_orig_ident","orig.ident",0.0243171219187209
"2","HRA003620_BC-24",902,0.8,"specimen_orig_ident","orig.ident",0.0877688041257176
"3","HRA003620_BC-24",56,0.8,"specimen_orig_ident","orig.ident",0.00547195622435021
"4","HRA003620_BC-24",397,0.8,"specimen_orig_ident","orig.ident",0.0407304811736945
"5","HRA003620_BC-24",0,0.8,"specimen_orig_ident","orig.ident",0
"6","HRA003620_BC-24",490,0.8,"specimen_orig_ident","orig.ident",0.0544686527345487
"7","HRA003620_BC-24",0,0.8,"specimen_orig_ident","orig.ident",0
"8","HRA003620_BC-24",0,0.8,"specimen_orig_ident","orig.ident",0
"9","HRA003620_BC-24",0,0.8,"specimen_orig_ident","orig.ident",0
"10","HRA003620_BC-24",307,0.8,"specimen_orig_ident","orig.ident",0.0474424354813785
"11","HRA003620_BC-24",258,0.8,"specimen_orig_ident","orig.ident",0.0461208437611727
"12","HRA003620_BC-24",8,0.8,"specimen_orig_ident","orig.ident",0.00154023873700424
"13","HRA003620_BC-24",65,0.8,"specimen_orig_ident","orig.ident",0.0140662194330232
"14","HRA003620_BC-24",147,0.8,"specimen_orig_ident","orig.ident",0.0469049138481174
"15","HRA003620_BC-24",0,0.8,"specimen_orig_ident","orig.ident",0
"0","HRA003620_BC-27",349,0.8,"specimen_orig_ident","orig.ident",0.0272890765501603
"1","HRA003620_BC-27",270,0.8,"specimen_orig_ident","orig.ident",0.0224850099933378
"2","HRA003620_BC-27",362,0.8,"specimen_orig_ident","orig.ident",0.035224287243359
"3","HRA003620_BC-27",311,0.8,"specimen_orig_ident","orig.ident",0.0303888997459449
"4","HRA003620_BC-27",307,0.8,"specimen_orig_ident","orig.ident",0.0314968708320509
"5","HRA003620_BC-27",0,0.8,"specimen_orig_ident","orig.ident",0
"6","HRA003620_BC-27",294,0.8,"specimen_orig_ident","orig.ident",0.0326811916407292
"7","HRA003620_BC-27",0,0.8,"specimen_orig_ident","orig.ident",0
"8","HRA003620_BC-27",0,0.8,"specimen_orig_ident","orig.ident",0
"9","HRA003620_BC-27",0,0.8,"specimen_orig_ident","orig.ident",0
"10","HRA003620_BC-27",52,0.8,"specimen_orig_ident","orig.ident",0.00803585226394684
"11","HRA003620_BC-27",351,0.8,"specimen_orig_ident","orig.ident",0.0627457990704326
"12","HRA003620_BC-27",45,0.8,"specimen_orig_ident","orig.ident",0.00866384289564883
"13","HRA003620_BC-27",150,0.8,"specimen_orig_ident","orig.ident",0.0324605063838996
"14","HRA003620_BC-27",54,0.8,"specimen_orig_ident","orig.ident",0.017230376515635
"15","HRA003620_BC-27",0,0.8,"specimen_orig_ident","orig.ident",0
"0","HRA003620_BC-30",995,0.8,"specimen_orig_ident","orig.ident",0.0778012354367034
"1","HRA003620_BC-30",411,0.8,"specimen_orig_ident","orig.ident",0.0342271818787475
"2","HRA003620_BC-30",694,0.8,"specimen_orig_ident","orig.ident",0.0675294346599202
"3","HRA003620_BC-30",320,0.8,"specimen_orig_ident","orig.ident",0.0312683212820012
"4","HRA003620_BC-30",832,0.8,"specimen_orig_ident","orig.ident",0.0853595978249718
"5","HRA003620_BC-30",0,0.8,"specimen_orig_ident","orig.ident",0
"6","HRA003620_BC-30",202,0.8,"specimen_orig_ident","orig.ident",0.0224544241885282
"7","HRA003620_BC-30",0,0.8,"specimen_orig_ident","orig.ident",0
"8","HRA003620_BC-30",0,0.8,"specimen_orig_ident","orig.ident",0
"9","HRA003620_BC-30",0,0.8,"specimen_orig_ident","orig.ident",0
"10","HRA003620_BC-30",295,0.8,"specimen_orig_ident","orig.ident",0.0455880080358523
"11","HRA003620_BC-30",495,0.8,"specimen_orig_ident","orig.ident",0.0884876653557383
"12","HRA003620_BC-30",28,0.8,"specimen_orig_ident","orig.ident",0.00539083557951483
"13","HRA003620_BC-30",67,0.8,"specimen_orig_ident","orig.ident",0.0144990261848085
"14","HRA003620_BC-30",104,0.8,"specimen_orig_ident","orig.ident",0.0331844288449266
"15","HRA003620_BC-30",1,0.8,"specimen_orig_ident","orig.ident",0.00174825174825175
"0","HRA003620_NC-01",71,0.8,"specimen_orig_ident","orig.ident",0.00555164594573462
"1","HRA003620_NC-01",197,0.8,"specimen_orig_ident","orig.ident",0.0164057295136576
"2","HRA003620_NC-01",30,0.8,"specimen_orig_ident","orig.ident",0.0029191398267977
"3","HRA003620_NC-01",64,0.8,"specimen_orig_ident","orig.ident",0.00625366425640023
"4","HRA003620_NC-01",50,0.8,"specimen_orig_ident","orig.ident",0.00512978352313532
"5","HRA003620_NC-01",0,0.8,"specimen_orig_ident","orig.ident",0
"6","HRA003620_NC-01",58,0.8,"specimen_orig_ident","orig.ident",0.00644730991551801
"7","HRA003620_NC-01",0,0.8,"specimen_orig_ident","orig.ident",0
"8","HRA003620_NC-01",0,0.8,"specimen_orig_ident","orig.ident",0
"9","HRA003620_NC-01",0,0.8,"specimen_orig_ident","orig.ident",0
"10","HRA003620_NC-01",35,0.8,"specimen_orig_ident","orig.ident",0.00540874671611806
"11","HRA003620_NC-01",35,0.8,"specimen_orig_ident","orig.ident",0.0062567036110118
"12","HRA003620_NC-01",17,0.8,"specimen_orig_ident","orig.ident",0.003273007316134
"13","HRA003620_NC-01",93,0.8,"specimen_orig_ident","orig.ident",0.0201255139580177
"14","HRA003620_NC-01",13,0.8,"specimen_orig_ident","orig.ident",0.00414805360561583
"15","HRA003620_NC-01",0,0.8,"specimen_orig_ident","orig.ident",0
"0","HRA003620_NC-04",6,0.8,"specimen_orig_ident","orig.ident",0.000469153178512784
"1","HRA003620_NC-04",74,0.8,"specimen_orig_ident","orig.ident",0.00616255829447035
"2","HRA003620_NC-04",33,0.8,"specimen_orig_ident","orig.ident",0.00321105380947747
"3","HRA003620_NC-04",14,0.8,"specimen_orig_ident","orig.ident",0.00136798905608755
"4","HRA003620_NC-04",29,0.8,"specimen_orig_ident","orig.ident",0.00297527444341849
"5","HRA003620_NC-04",0,0.8,"specimen_orig_ident","orig.ident",0
"6","HRA003620_NC-04",70,0.8,"specimen_orig_ident","orig.ident",0.00778123610493553
"7","HRA003620_NC-04",0,0.8,"specimen_orig_ident","orig.ident",0
"8","HRA003620_NC-04",0,0.8,"specimen_orig_ident","orig.ident",0
"9","HRA003620_NC-04",0,0.8,"specimen_orig_ident","orig.ident",0
"10","HRA003620_NC-04",28,0.8,"specimen_orig_ident","orig.ident",0.00432699737289445
"11","HRA003620_NC-04",74,0.8,"specimen_orig_ident","orig.ident",0.0132284590632821
"12","HRA003620_NC-04",5,0.8,"specimen_orig_ident","orig.ident",0.000962649210627647
"13","HRA003620_NC-04",37,0.8,"specimen_orig_ident","orig.ident",0.00800692490802857
"14","HRA003620_NC-04",20,0.8,"specimen_orig_ident","orig.ident",0.00638162093171666
"15","HRA003620_NC-04",0,0.8,"specimen_orig_ident","orig.ident",0
"0","HRA003620_NC-05",430,0.8,"specimen_orig_ident","orig.ident",0.0336226444600829
"1","HRA003620_NC-05",181,0.8,"specimen_orig_ident","orig.ident",0.0150732844770153
"2","HRA003620_NC-05",101,0.8,"specimen_orig_ident","orig.ident",0.00982777075021894
"3","HRA003620_NC-05",415,0.8,"specimen_orig_ident","orig.ident",0.0405511041625953
"4","HRA003620_NC-05",410,0.8,"specimen_orig_ident","orig.ident",0.0420642248897097
"5","HRA003620_NC-05",0,0.8,"specimen_orig_ident","orig.ident",0
"6","HRA003620_NC-05",212,0.8,"specimen_orig_ident","orig.ident",0.0235660293463762
"7","HRA003620_NC-05",0,0.8,"specimen_orig_ident","orig.ident",0
"8","HRA003620_NC-05",0,0.8,"specimen_orig_ident","orig.ident",0
"9","HRA003620_NC-05",0,0.8,"specimen_orig_ident","orig.ident",0
"10","HRA003620_NC-05",71,0.8,"specimen_orig_ident","orig.ident",0.0109720290526966
"11","HRA003620_NC-05",162,0.8,"specimen_orig_ident","orig.ident",0.0289595995709689
"12","HRA003620_NC-05",91,0.8,"specimen_orig_ident","orig.ident",0.0175202156334232
"13","HRA003620_NC-05",106,0.8,"specimen_orig_ident","orig.ident",0.0229387578446224
"14","HRA003620_NC-05",18,0.8,"specimen_orig_ident","orig.ident",0.00574345883854499
"15","HRA003620_NC-05",1,0.8,"specimen_orig_ident","orig.ident",0.00174825174825175
"0","HRA003620_NC-11",574,0.8,"specimen_orig_ident","orig.ident",0.0448823207443897
"1","HRA003620_NC-11",216,0.8,"specimen_orig_ident","orig.ident",0.0179880079946702
"2","HRA003620_NC-11",105,0.8,"specimen_orig_ident","orig.ident",0.010216989393792
"3","HRA003620_NC-11",303,0.8,"specimen_orig_ident","orig.ident",0.0296071917138949
"4","HRA003620_NC-11",404,0.8,"specimen_orig_ident","orig.ident",0.0414486508669334
"5","HRA003620_NC-11",0,0.8,"specimen_orig_ident","orig.ident",0
"6","HRA003620_NC-11",442,0.8,"specimen_orig_ident","orig.ident",0.0491329479768786
"7","HRA003620_NC-11",0,0.8,"specimen_orig_ident","orig.ident",0
"8","HRA003620_NC-11",0,0.8,"specimen_orig_ident","orig.ident",0
"9","HRA003620_NC-11",0,0.8,"specimen_orig_ident","orig.ident",0
"10","HRA003620_NC-11",545,0.8,"specimen_orig_ident","orig.ident",0.0842219131509813
"11","HRA003620_NC-11",770,0.8,"specimen_orig_ident","orig.ident",0.13764747944226
"12","HRA003620_NC-11",142,0.8,"specimen_orig_ident","orig.ident",0.0273392375818252
"13","HRA003620_NC-11",100,0.8,"specimen_orig_ident","orig.ident",0.0216403375892664
"14","HRA003620_NC-11",29,0.8,"specimen_orig_ident","orig.ident",0.00925335035098915
"15","HRA003620_NC-11",0,0.8,"specimen_orig_ident","orig.ident",0
"0","HRA003620_NC-24",110,0.8,"specimen_orig_ident","orig.ident",0.00860114160606771
"1","HRA003620_NC-24",290,0.8,"specimen_orig_ident","orig.ident",0.0241505662891406
"2","HRA003620_NC-24",295,0.8,"specimen_orig_ident","orig.ident",0.0287048749635108
"3","HRA003620_NC-24",1,0.8,"specimen_orig_ident","orig.ident",9.77135040062537e-05
"4","HRA003620_NC-24",163,0.8,"specimen_orig_ident","orig.ident",0.0167230942854212
"5","HRA003620_NC-24",0,0.8,"specimen_orig_ident","orig.ident",0
"6","HRA003620_NC-24",514,0.8,"specimen_orig_ident","orig.ident",0.0571365051133837
"7","HRA003620_NC-24",0,0.8,"specimen_orig_ident","orig.ident",0
"8","HRA003620_NC-24",0,0.8,"specimen_orig_ident","orig.ident",0
"9","HRA003620_NC-24",0,0.8,"specimen_orig_ident","orig.ident",0
"10","HRA003620_NC-24",7,0.8,"specimen_orig_ident","orig.ident",0.00108174934322361
"11","HRA003620_NC-24",31,0.8,"specimen_orig_ident","orig.ident",0.00554165176975331
"12","HRA003620_NC-24",0,0.8,"specimen_orig_ident","orig.ident",0
"13","HRA003620_NC-24",41,0.8,"specimen_orig_ident","orig.ident",0.00887253841159922
"14","HRA003620_NC-24",42,0.8,"specimen_orig_ident","orig.ident",0.013401403956605
"15","HRA003620_NC-24",0,0.8,"specimen_orig_ident","orig.ident",0
"0","HRA003620_NC-27",91,0.8,"specimen_orig_ident","orig.ident",0.00711548987411056
"1","HRA003620_NC-27",603,0.8,"specimen_orig_ident","orig.ident",0.0502165223184544
"2","HRA003620_NC-27",742,0.8,"specimen_orig_ident","orig.ident",0.0722000583827965
"3","HRA003620_NC-27",20,0.8,"specimen_orig_ident","orig.ident",0.00195427008012507
"4","HRA003620_NC-27",302,0.8,"specimen_orig_ident","orig.ident",0.0309838924797374
"5","HRA003620_NC-27",0,0.8,"specimen_orig_ident","orig.ident",0
"6","HRA003620_NC-27",1018,0.8,"specimen_orig_ident","orig.ident",0.11316140506892
"7","HRA003620_NC-27",0,0.8,"specimen_orig_ident","orig.ident",0
"8","HRA003620_NC-27",0,0.8,"specimen_orig_ident","orig.ident",0
"9","HRA003620_NC-27",0,0.8,"specimen_orig_ident","orig.ident",0
"10","HRA003620_NC-27",26,0.8,"specimen_orig_ident","orig.ident",0.00401792613197342
"11","HRA003620_NC-27",33,0.8,"specimen_orig_ident","orig.ident",0.00589917769038255
"12","HRA003620_NC-27",12,0.8,"specimen_orig_ident","orig.ident",0.00231035810550635
"13","HRA003620_NC-27",220,0.8,"specimen_orig_ident","orig.ident",0.0476087426963861
"14","HRA003620_NC-27",70,0.8,"specimen_orig_ident","orig.ident",0.0223356732610083
"15","HRA003620_NC-27",0,0.8,"specimen_orig_ident","orig.ident",0
"0","HRA003620_NC-30",65,0.8,"specimen_orig_ident","orig.ident",0.00508249276722183
"1","HRA003620_NC-30",1249,0.8,"specimen_orig_ident","orig.ident",0.104013990672885
"2","HRA003620_NC-30",179,0.8,"specimen_orig_ident","orig.ident",0.017417534299893
"3","HRA003620_NC-30",371,0.8,"specimen_orig_ident","orig.ident",0.0362517099863201
"4","HRA003620_NC-30",422,0.8,"specimen_orig_ident","orig.ident",0.0432953729352621
"5","HRA003620_NC-30",0,0.8,"specimen_orig_ident","orig.ident",0
"6","HRA003620_NC-30",546,0.8,"specimen_orig_ident","orig.ident",0.0606936416184971
"7","HRA003620_NC-30",0,0.8,"specimen_orig_ident","orig.ident",0
"8","HRA003620_NC-30",0,0.8,"specimen_orig_ident","orig.ident",0
"9","HRA003620_NC-30",0,0.8,"specimen_orig_ident","orig.ident",0
"10","HRA003620_NC-30",174,0.8,"specimen_orig_ident","orig.ident",0.0268891979601298
"11","HRA003620_NC-30",256,0.8,"specimen_orig_ident","orig.ident",0.0457633178405434
"12","HRA003620_NC-30",87,0.8,"specimen_orig_ident","orig.ident",0.0167500962649211
"13","HRA003620_NC-30",202,0.8,"specimen_orig_ident","orig.ident",0.0437134819303181
"14","HRA003620_NC-30",94,0.8,"specimen_orig_ident","orig.ident",0.0299936183790683
"15","HRA003620_NC-30",0,0.8,"specimen_orig_ident","orig.ident",0
"0","PRJNA662018_PRJNA662018_P1N1",45,0.8,"specimen_orig_ident","orig.ident",0.00351864883884588
"1","PRJNA662018_PRJNA662018_P1N1",429,0.8,"specimen_orig_ident","orig.ident",0.03572618254497
"2","PRJNA662018_PRJNA662018_P1N1",134,0.8,"specimen_orig_ident","orig.ident",0.0130388245596964
"3","PRJNA662018_PRJNA662018_P1N1",193,0.8,"specimen_orig_ident","orig.ident",0.018858706273207
"4","PRJNA662018_PRJNA662018_P1N1",251,0.8,"specimen_orig_ident","orig.ident",0.0257515132861393
"5","PRJNA662018_PRJNA662018_P1N1",0,0.8,"specimen_orig_ident","orig.ident",0
"6","PRJNA662018_PRJNA662018_P1N1",175,0.8,"specimen_orig_ident","orig.ident",0.0194530902623388
"7","PRJNA662018_PRJNA662018_P1N1",0,0.8,"specimen_orig_ident","orig.ident",0
"8","PRJNA662018_PRJNA662018_P1N1",0,0.8,"specimen_orig_ident","orig.ident",0
"9","PRJNA662018_PRJNA662018_P1N1",0,0.8,"specimen_orig_ident","orig.ident",0
"10","PRJNA662018_PRJNA662018_P1N1",133,0.8,"specimen_orig_ident","orig.ident",0.0205532375212486
"11","PRJNA662018_PRJNA662018_P1N1",75,0.8,"specimen_orig_ident","orig.ident",0.0134072220235967
"12","PRJNA662018_PRJNA662018_P1N1",64,0.8,"specimen_orig_ident","orig.ident",0.0123219098960339
"13","PRJNA662018_PRJNA662018_P1N1",48,0.8,"specimen_orig_ident","orig.ident",0.0103873620428479
"14","PRJNA662018_PRJNA662018_P1N1",37,0.8,"specimen_orig_ident","orig.ident",0.0118059987236758
"15","PRJNA662018_PRJNA662018_P1N1",0,0.8,"specimen_orig_ident","orig.ident",0
"0","PRJNA662018_PRJNA662018_P1T1",207,0.8,"specimen_orig_ident","orig.ident",0.0161857846586911
"1","PRJNA662018_PRJNA662018_P1T1",652,0.8,"specimen_orig_ident","orig.ident",0.0542971352431712
"2","PRJNA662018_PRJNA662018_P1T1",235,0.8,"specimen_orig_ident","orig.ident",0.0228665953099153
"3","PRJNA662018_PRJNA662018_P1T1",234,0.8,"specimen_orig_ident","orig.ident",0.0228649599374634
"4","PRJNA662018_PRJNA662018_P1T1",408,0.8,"specimen_orig_ident","orig.ident",0.0418590335487842
"5","PRJNA662018_PRJNA662018_P1T1",0,0.8,"specimen_orig_ident","orig.ident",0
"6","PRJNA662018_PRJNA662018_P1T1",484,0.8,"specimen_orig_ident","orig.ident",0.0538016896398399
"7","PRJNA662018_PRJNA662018_P1T1",0,0.8,"specimen_orig_ident","orig.ident",0
"8","PRJNA662018_PRJNA662018_P1T1",0,0.8,"specimen_orig_ident","orig.ident",0
"9","PRJNA662018_PRJNA662018_P1T1",0,0.8,"specimen_orig_ident","orig.ident",0
"10","PRJNA662018_PRJNA662018_P1T1",221,0.8,"specimen_orig_ident","orig.ident",0.0341523721217741
"11","PRJNA662018_PRJNA662018_P1T1",169,0.8,"specimen_orig_ident","orig.ident",0.0302109402931713
"12","PRJNA662018_PRJNA662018_P1T1",76,0.8,"specimen_orig_ident","orig.ident",0.0146322680015402
"13","PRJNA662018_PRJNA662018_P1T1",117,0.8,"specimen_orig_ident","orig.ident",0.0253191949794417
"14","PRJNA662018_PRJNA662018_P1T1",92,0.8,"specimen_orig_ident","orig.ident",0.0293554562858966
"15","PRJNA662018_PRJNA662018_P1T1",0,0.8,"specimen_orig_ident","orig.ident",0
"0","PRJNA662018_PRJNA662018_P2T2",450,0.8,"specimen_orig_ident","orig.ident",0.0351864883884588
"1","PRJNA662018_PRJNA662018_P2T2",596,0.8,"specimen_orig_ident","orig.ident",0.0496335776149234
"2","PRJNA662018_PRJNA662018_P2T2",364,0.8,"specimen_orig_ident","orig.ident",0.0354188965651455
"3","PRJNA662018_PRJNA662018_P2T2",566,0.8,"specimen_orig_ident","orig.ident",0.0553058432675396
"4","PRJNA662018_PRJNA662018_P2T2",450,0.8,"specimen_orig_ident","orig.ident",0.0461680517082179
"5","PRJNA662018_PRJNA662018_P2T2",0,0.8,"specimen_orig_ident","orig.ident",0
"6","PRJNA662018_PRJNA662018_P2T2",635,0.8,"specimen_orig_ident","orig.ident",0.0705869275233437
"7","PRJNA662018_PRJNA662018_P2T2",0,0.8,"specimen_orig_ident","orig.ident",0
"8","PRJNA662018_PRJNA662018_P2T2",0,0.8,"specimen_orig_ident","orig.ident",0
"9","PRJNA662018_PRJNA662018_P2T2",0,0.8,"specimen_orig_ident","orig.ident",0
"10","PRJNA662018_PRJNA662018_P2T2",302,0.8,"specimen_orig_ident","orig.ident",0.0466697573790759
"11","PRJNA662018_PRJNA662018_P2T2",211,0.8,"specimen_orig_ident","orig.ident",0.0377189846263854
"12","PRJNA662018_PRJNA662018_P2T2",97,0.8,"specimen_orig_ident","orig.ident",0.0186753946861764
"13","PRJNA662018_PRJNA662018_P2T2",139,0.8,"specimen_orig_ident","orig.ident",0.0300800692490803
"14","PRJNA662018_PRJNA662018_P2T2",82,0.8,"specimen_orig_ident","orig.ident",0.0261646458200383
"15","PRJNA662018_PRJNA662018_P2T2",0,0.8,"specimen_orig_ident","orig.ident",0
"0","PRJNA662018_PRJNA662018_P3N3",12,0.8,"specimen_orig_ident","orig.ident",0.000938306357025569
"1","PRJNA662018_PRJNA662018_P3N3",583,0.8,"specimen_orig_ident","orig.ident",0.0485509660226516
"2","PRJNA662018_PRJNA662018_P3N3",376,0.8,"specimen_orig_ident","orig.ident",0.0365865524958646
"3","PRJNA662018_PRJNA662018_P3N3",91,0.8,"specimen_orig_ident","orig.ident",0.00889192886456908
"4","PRJNA662018_PRJNA662018_P3N3",337,0.8,"specimen_orig_ident","orig.ident",0.0345747409459321
"5","PRJNA662018_PRJNA662018_P3N3",0,0.8,"specimen_orig_ident","orig.ident",0
"6","PRJNA662018_PRJNA662018_P3N3",366,0.8,"specimen_orig_ident","orig.ident",0.0406847487772343
"7","PRJNA662018_PRJNA662018_P3N3",0,0.8,"specimen_orig_ident","orig.ident",0
"8","PRJNA662018_PRJNA662018_P3N3",0,0.8,"specimen_orig_ident","orig.ident",0
"9","PRJNA662018_PRJNA662018_P3N3",0,0.8,"specimen_orig_ident","orig.ident",0
"10","PRJNA662018_PRJNA662018_P3N3",37,0.8,"specimen_orig_ident","orig.ident",0.0057178179570391
"11","PRJNA662018_PRJNA662018_P3N3",96,0.8,"specimen_orig_ident","orig.ident",0.0171612441902038
"12","PRJNA662018_PRJNA662018_P3N3",39,0.8,"specimen_orig_ident","orig.ident",0.00750866384289565
"13","PRJNA662018_PRJNA662018_P3N3",65,0.8,"specimen_orig_ident","orig.ident",0.0140662194330232
"14","PRJNA662018_PRJNA662018_P3N3",96,0.8,"specimen_orig_ident","orig.ident",0.0306317804722399
"15","PRJNA662018_PRJNA662018_P3N3",0,0.8,"specimen_orig_ident","orig.ident",0
"0","PRJNA662018_PRJNA662018_P3T3",90,0.8,"specimen_orig_ident","orig.ident",0.00703729767769177
"1","PRJNA662018_PRJNA662018_P3T3",260,0.8,"specimen_orig_ident","orig.ident",0.0216522318454364
"2","PRJNA662018_PRJNA662018_P3T3",137,0.8,"specimen_orig_ident","orig.ident",0.0133307385423762
"3","PRJNA662018_PRJNA662018_P3T3",399,0.8,"specimen_orig_ident","orig.ident",0.0389876880984952
"4","PRJNA662018_PRJNA662018_P3T3",328,0.8,"specimen_orig_ident","orig.ident",0.0336513799117677
"5","PRJNA662018_PRJNA662018_P3T3",1,0.8,"specimen_orig_ident","orig.ident",0.000107665805340224
"6","PRJNA662018_PRJNA662018_P3T3",196,0.8,"specimen_orig_ident","orig.ident",0.0217874610938195
"7","PRJNA662018_PRJNA662018_P3T3",0,0.8,"specimen_orig_ident","orig.ident",0
"8","PRJNA662018_PRJNA662018_P3T3",0,0.8,"specimen_orig_ident","orig.ident",0
"9","PRJNA662018_PRJNA662018_P3T3",0,0.8,"specimen_orig_ident","orig.ident",0
"10","PRJNA662018_PRJNA662018_P3T3",77,0.8,"specimen_orig_ident","orig.ident",0.0118992427754597
"11","PRJNA662018_PRJNA662018_P3T3",95,0.8,"specimen_orig_ident","orig.ident",0.0169824812298892
"12","PRJNA662018_PRJNA662018_P3T3",104,0.8,"specimen_orig_ident","orig.ident",0.0200231035810551
"13","PRJNA662018_PRJNA662018_P3T3",57,0.8,"specimen_orig_ident","orig.ident",0.0123349924258818
"14","PRJNA662018_PRJNA662018_P3T3",84,0.8,"specimen_orig_ident","orig.ident",0.02680280791321
"15","PRJNA662018_PRJNA662018_P3T3",0,0.8,"specimen_orig_ident","orig.ident",0
"0","PRJNA662018_PRJNA662018_P4T4",509,0.8,"specimen_orig_ident","orig.ident",0.0397998279771679
"1","PRJNA662018_PRJNA662018_P4T4",211,0.8,"specimen_orig_ident","orig.ident",0.0175716189207195
"2","PRJNA662018_PRJNA662018_P4T4",606,0.8,"specimen_orig_ident","orig.ident",0.0589666245013136
"3","PRJNA662018_PRJNA662018_P4T4",370,0.8,"specimen_orig_ident","orig.ident",0.0361539964823139
"4","PRJNA662018_PRJNA662018_P4T4",192,0.8,"specimen_orig_ident","orig.ident",0.0196983687288396
"5","PRJNA662018_PRJNA662018_P4T4",0,0.8,"specimen_orig_ident","orig.ident",0
"6","PRJNA662018_PRJNA662018_P4T4",16,0.8,"specimen_orig_ident","orig.ident",0.00177856825255669
"7","PRJNA662018_PRJNA662018_P4T4",0,0.8,"specimen_orig_ident","orig.ident",0
"8","PRJNA662018_PRJNA662018_P4T4",0,0.8,"specimen_orig_ident","orig.ident",0
"9","PRJNA662018_PRJNA662018_P4T4",0,0.8,"specimen_orig_ident","orig.ident",0
"10","PRJNA662018_PRJNA662018_P4T4",121,0.8,"specimen_orig_ident","orig.ident",0.0186988100757225
"11","PRJNA662018_PRJNA662018_P4T4",136,0.8,"specimen_orig_ident","orig.ident",0.0243117626027887
"12","PRJNA662018_PRJNA662018_P4T4",48,0.8,"specimen_orig_ident","orig.ident",0.00924143242202541
"13","PRJNA662018_PRJNA662018_P4T4",136,0.8,"specimen_orig_ident","orig.ident",0.0294308591214023
"14","PRJNA662018_PRJNA662018_P4T4",178,0.8,"specimen_orig_ident","orig.ident",0.0567964262922782
"15","PRJNA662018_PRJNA662018_P4T4",3,0.8,"specimen_orig_ident","orig.ident",0.00524475524475524
"0","PRJNA662018_PRJNA662018_P5T5",3,0.8,"specimen_orig_ident","orig.ident",0.000234576589256392
"1","PRJNA662018_PRJNA662018_P5T5",31,0.8,"specimen_orig_ident","orig.ident",0.00258161225849434
"2","PRJNA662018_PRJNA662018_P5T5",59,0.8,"specimen_orig_ident","orig.ident",0.00574097499270215
"3","PRJNA662018_PRJNA662018_P5T5",2,0.8,"specimen_orig_ident","orig.ident",0.000195427008012507
"4","PRJNA662018_PRJNA662018_P5T5",16,0.8,"specimen_orig_ident","orig.ident",0.0016415307274033
"5","PRJNA662018_PRJNA662018_P5T5",0,0.8,"specimen_orig_ident","orig.ident",0
"6","PRJNA662018_PRJNA662018_P5T5",8,0.8,"specimen_orig_ident","orig.ident",0.000889284126278346
"7","PRJNA662018_PRJNA662018_P5T5",0,0.8,"specimen_orig_ident","orig.ident",0
"8","PRJNA662018_PRJNA662018_P5T5",0,0.8,"specimen_orig_ident","orig.ident",0
"9","PRJNA662018_PRJNA662018_P5T5",0,0.8,"specimen_orig_ident","orig.ident",0
"10","PRJNA662018_PRJNA662018_P5T5",3,0.8,"specimen_orig_ident","orig.ident",0.000463606861381548
"11","PRJNA662018_PRJNA662018_P5T5",2,0.8,"specimen_orig_ident","orig.ident",0.000357525920629246
"12","PRJNA662018_PRJNA662018_P5T5",3,0.8,"specimen_orig_ident","orig.ident",0.000577589526376588
"13","PRJNA662018_PRJNA662018_P5T5",1,0.8,"specimen_orig_ident","orig.ident",0.000216403375892664
"14","PRJNA662018_PRJNA662018_P5T5",27,0.8,"specimen_orig_ident","orig.ident",0.00861518825781749
"15","PRJNA662018_PRJNA662018_P5T5",0,0.8,"specimen_orig_ident","orig.ident",0
"0","PRJNA662018_PRJNA662018_P6N2",10,0.8,"specimen_orig_ident","orig.ident",0.000781921964187974
"1","PRJNA662018_PRJNA662018_P6N2",415,0.8,"specimen_orig_ident","orig.ident",0.0345602931379081
"2","PRJNA662018_PRJNA662018_P6N2",131,0.8,"specimen_orig_ident","orig.ident",0.0127469105770166
"3","PRJNA662018_PRJNA662018_P6N2",319,0.8,"specimen_orig_ident","orig.ident",0.0311706077779949
"4","PRJNA662018_PRJNA662018_P6N2",291,0.8,"specimen_orig_ident","orig.ident",0.0298553401046476
"5","PRJNA662018_PRJNA662018_P6N2",0,0.8,"specimen_orig_ident","orig.ident",0
"6","PRJNA662018_PRJNA662018_P6N2",134,0.8,"specimen_orig_ident","orig.ident",0.0148955091151623
"7","PRJNA662018_PRJNA662018_P6N2",0,0.8,"specimen_orig_ident","orig.ident",0
"8","PRJNA662018_PRJNA662018_P6N2",0,0.8,"specimen_orig_ident","orig.ident",0
"9","PRJNA662018_PRJNA662018_P6N2",0,0.8,"specimen_orig_ident","orig.ident",0
"10","PRJNA662018_PRJNA662018_P6N2",42,0.8,"specimen_orig_ident","orig.ident",0.00649049605934168
"11","PRJNA662018_PRJNA662018_P6N2",78,0.8,"specimen_orig_ident","orig.ident",0.0139435109045406
"12","PRJNA662018_PRJNA662018_P6N2",61,0.8,"specimen_orig_ident","orig.ident",0.0117443203696573
"13","PRJNA662018_PRJNA662018_P6N2",52,0.8,"specimen_orig_ident","orig.ident",0.0112529755464185
"14","PRJNA662018_PRJNA662018_P6N2",69,0.8,"specimen_orig_ident","orig.ident",0.0220165922144225
"15","PRJNA662018_PRJNA662018_P6N2",0,0.8,"specimen_orig_ident","orig.ident",0
"0","PRJNA662018_PRJNA662018_P6T6",0,0.8,"specimen_orig_ident","orig.ident",0
"1","PRJNA662018_PRJNA662018_P6T6",9,0.8,"specimen_orig_ident","orig.ident",0.000749500333111259
"2","PRJNA662018_PRJNA662018_P6T6",7,0.8,"specimen_orig_ident","orig.ident",0.000681132626252798
"3","PRJNA662018_PRJNA662018_P6T6",1,0.8,"specimen_orig_ident","orig.ident",9.77135040062537e-05
"4","PRJNA662018_PRJNA662018_P6T6",2,0.8,"specimen_orig_ident","orig.ident",0.000205191340925413
"5","PRJNA662018_PRJNA662018_P6T6",0,0.8,"specimen_orig_ident","orig.ident",0
"6","PRJNA662018_PRJNA662018_P6T6",4,0.8,"specimen_orig_ident","orig.ident",0.000444642063139173
"7","PRJNA662018_PRJNA662018_P6T6",0,0.8,"specimen_orig_ident","orig.ident",0
"8","PRJNA662018_PRJNA662018_P6T6",0,0.8,"specimen_orig_ident","orig.ident",0
"9","PRJNA662018_PRJNA662018_P6T6",0,0.8,"specimen_orig_ident","orig.ident",0
"10","PRJNA662018_PRJNA662018_P6T6",0,0.8,"specimen_orig_ident","orig.ident",0
"11","PRJNA662018_PRJNA662018_P6T6",1,0.8,"specimen_orig_ident","orig.ident",0.000178762960314623
"12","PRJNA662018_PRJNA662018_P6T6",0,0.8,"specimen_orig_ident","orig.ident",0
"13","PRJNA662018_PRJNA662018_P6T6",3,0.8,"specimen_orig_ident","orig.ident",0.000649210127677992
"14","PRJNA662018_PRJNA662018_P6T6",2,0.8,"specimen_orig_ident","orig.ident",0.000638162093171666
"15","PRJNA662018_PRJNA662018_P6T6",0,0.8,"specimen_orig_ident","orig.ident",0
"0","PRJNA662018_PRJNA662018_P7T7",40,0.8,"specimen_orig_ident","orig.ident",0.0031276878567519
"1","PRJNA662018_PRJNA662018_P7T7",275,0.8,"specimen_orig_ident","orig.ident",0.0229013990672885
"2","PRJNA662018_PRJNA662018_P7T7",106,0.8,"specimen_orig_ident","orig.ident",0.0103142940546852
"3","PRJNA662018_PRJNA662018_P7T7",251,0.8,"specimen_orig_ident","orig.ident",0.0245260895055697
"4","PRJNA662018_PRJNA662018_P7T7",123,0.8,"specimen_orig_ident","orig.ident",0.0126192674669129
"5","PRJNA662018_PRJNA662018_P7T7",0,0.8,"specimen_orig_ident","orig.ident",0
"6","PRJNA662018_PRJNA662018_P7T7",135,0.8,"specimen_orig_ident","orig.ident",0.0150066696309471
"7","PRJNA662018_PRJNA662018_P7T7",0,0.8,"specimen_orig_ident","orig.ident",0
"8","PRJNA662018_PRJNA662018_P7T7",0,0.8,"specimen_orig_ident","orig.ident",0
"9","PRJNA662018_PRJNA662018_P7T7",0,0.8,"specimen_orig_ident","orig.ident",0
"10","PRJNA662018_PRJNA662018_P7T7",9,0.8,"specimen_orig_ident","orig.ident",0.00139082058414465
"11","PRJNA662018_PRJNA662018_P7T7",37,0.8,"specimen_orig_ident","orig.ident",0.00661422953164104
"12","PRJNA662018_PRJNA662018_P7T7",13,0.8,"specimen_orig_ident","orig.ident",0.00250288794763188
"13","PRJNA662018_PRJNA662018_P7T7",27,0.8,"specimen_orig_ident","orig.ident",0.00584289114910193
"14","PRJNA662018_PRJNA662018_P7T7",73,0.8,"specimen_orig_ident","orig.ident",0.0232929164007658
"15","PRJNA662018_PRJNA662018_P7T7",0,0.8,"specimen_orig_ident","orig.ident",0
"0","PRJNA662018_PRJNA662018_P8T8",0,0.8,"specimen_orig_ident","orig.ident",0
"1","PRJNA662018_PRJNA662018_P8T8",0,0.8,"specimen_orig_ident","orig.ident",0
"2","PRJNA662018_PRJNA662018_P8T8",1,0.8,"specimen_orig_ident","orig.ident",9.73046608932568e-05
"3","PRJNA662018_PRJNA662018_P8T8",9,0.8,"specimen_orig_ident","orig.ident",0.000879421536056283
"4","PRJNA662018_PRJNA662018_P8T8",0,0.8,"specimen_orig_ident","orig.ident",0
"5","PRJNA662018_PRJNA662018_P8T8",0,0.8,"specimen_orig_ident","orig.ident",0
"6","PRJNA662018_PRJNA662018_P8T8",1,0.8,"specimen_orig_ident","orig.ident",0.000111160515784793
"7","PRJNA662018_PRJNA662018_P8T8",0,0.8,"specimen_orig_ident","orig.ident",0
"8","PRJNA662018_PRJNA662018_P8T8",0,0.8,"specimen_orig_ident","orig.ident",0
"9","PRJNA662018_PRJNA662018_P8T8",0,0.8,"specimen_orig_ident","orig.ident",0
"10","PRJNA662018_PRJNA662018_P8T8",6,0.8,"specimen_orig_ident","orig.ident",0.000927213722763097
"11","PRJNA662018_PRJNA662018_P8T8",0,0.8,"specimen_orig_ident","orig.ident",0
"12","PRJNA662018_PRJNA662018_P8T8",2,0.8,"specimen_orig_ident","orig.ident",0.000385059684251059
"13","PRJNA662018_PRJNA662018_P8T8",0,0.8,"specimen_orig_ident","orig.ident",0
"14","PRJNA662018_PRJNA662018_P8T8",2,0.8,"specimen_orig_ident","orig.ident",0.000638162093171666
"15","PRJNA662018_PRJNA662018_P8T8",0,0.8,"specimen_orig_ident","orig.ident",0
"0","T4091568",0,0.8,"specimen_orig_ident","orig.ident",0
"1","T4091568",0,0.8,"specimen_orig_ident","orig.ident",0
"2","T4091568",1,0.8,"specimen_orig_ident","orig.ident",9.73046608932568e-05
"3","T4091568",8,0.8,"specimen_orig_ident","orig.ident",0.000781708032050029
"4","T4091568",0,0.8,"specimen_orig_ident","orig.ident",0
"5","T4091568",359,0.8,"specimen_orig_ident","orig.ident",0.0386520241171404
"6","T4091568",0,0.8,"specimen_orig_ident","orig.ident",0
"7","T4091568",389,0.8,"specimen_orig_ident","orig.ident",0.0440493715321028
"8","T4091568",726,0.8,"specimen_orig_ident","orig.ident",0.0830093757146124
"9","T4091568",622,0.8,"specimen_orig_ident","orig.ident",0.0754488112566715
"10","T4091568",79,0.8,"specimen_orig_ident","orig.ident",0.0122083140163808
"11","T4091568",0,0.8,"specimen_orig_ident","orig.ident",0
"12","T4091568",130,0.8,"specimen_orig_ident","orig.ident",0.0250288794763188
"13","T4091568",105,0.8,"specimen_orig_ident","orig.ident",0.0227223544687297
"14","T4091568",31,0.8,"specimen_orig_ident","orig.ident",0.00989151244416082
"15","T4091568",0,0.8,"specimen_orig_ident","orig.ident",0
"0","T4295396",1,0.8,"specimen_orig_ident","orig.ident",7.81921964187974e-05
"1","T4295396",0,0.8,"specimen_orig_ident","orig.ident",0
"2","T4295396",0,0.8,"specimen_orig_ident","orig.ident",0
"3","T4295396",7,0.8,"specimen_orig_ident","orig.ident",0.000683994528043776
"4","T4295396",0,0.8,"specimen_orig_ident","orig.ident",0
"5","T4295396",786,0.8,"specimen_orig_ident","orig.ident",0.084625322997416
"6","T4295396",0,0.8,"specimen_orig_ident","orig.ident",0
"7","T4295396",984,0.8,"specimen_orig_ident","orig.ident",0.111425659608198
"8","T4295396",718,0.8,"specimen_orig_ident","orig.ident",0.0820946718499886
"9","T4295396",873,0.8,"specimen_orig_ident","orig.ident",0.10589519650655
"10","T4295396",300,0.8,"specimen_orig_ident","orig.ident",0.0463606861381548
"11","T4295396",0,0.8,"specimen_orig_ident","orig.ident",0
"12","T4295396",760,0.8,"specimen_orig_ident","orig.ident",0.146322680015402
"13","T4295396",50,0.8,"specimen_orig_ident","orig.ident",0.0108201687946332
"14","T4295396",21,0.8,"specimen_orig_ident","orig.ident",0.00670070197830249
"15","T4295396",0,0.8,"specimen_orig_ident","orig.ident",0
"0","T4380845",1,0.8,"specimen_orig_ident","orig.ident",7.81921964187974e-05
"1","T4380845",0,0.8,"specimen_orig_ident","orig.ident",0
"2","T4380845",0,0.8,"specimen_orig_ident","orig.ident",0
"3","T4380845",5,0.8,"specimen_orig_ident","orig.ident",0.000488567520031268
"4","T4380845",0,0.8,"specimen_orig_ident","orig.ident",0
"5","T4380845",302,0.8,"specimen_orig_ident","orig.ident",0.0325150732127476
"6","T4380845",0,0.8,"specimen_orig_ident","orig.ident",0
"7","T4380845",548,0.8,"specimen_orig_ident","orig.ident",0.0620541275053788
"8","T4380845",565,0.8,"specimen_orig_ident","orig.ident",0.0646009604390579
"9","T4380845",277,0.8,"specimen_orig_ident","orig.ident",0.0336001940805434
"10","T4380845",64,0.8,"specimen_orig_ident","orig.ident",0.00989027970947303
"11","T4380845",0,0.8,"specimen_orig_ident","orig.ident",0
"12","T4380845",180,0.8,"specimen_orig_ident","orig.ident",0.0346553715825953
"13","T4380845",92,0.8,"specimen_orig_ident","orig.ident",0.0199091105821251
"14","T4380845",11,0.8,"specimen_orig_ident","orig.ident",0.00350989151244416
"15","T4380845",0,0.8,"specimen_orig_ident","orig.ident",0
"0","T4398343",0,0.8,"specimen_orig_ident","orig.ident",0
"1","T4398343",0,0.8,"specimen_orig_ident","orig.ident",0
"2","T4398343",0,0.8,"specimen_orig_ident","orig.ident",0
"3","T4398343",22,0.8,"specimen_orig_ident","orig.ident",0.00214969708813758
"4","T4398343",0,0.8,"specimen_orig_ident","orig.ident",0
"5","T4398343",1668,0.8,"specimen_orig_ident","orig.ident",0.179586563307494
"6","T4398343",0,0.8,"specimen_orig_ident","orig.ident",0
"7","T4398343",729,0.8,"specimen_orig_ident","orig.ident",0.082550107575586
"8","T4398343",695,0.8,"specimen_orig_ident","orig.ident",0.0794648982391951
"9","T4398343",977,0.8,"specimen_orig_ident","orig.ident",0.118510431829209
"10","T4398343",499,0.8,"specimen_orig_ident","orig.ident",0.0771132746097976
"11","T4398343",1,0.8,"specimen_orig_ident","orig.ident",0.000178762960314623
"12","T4398343",654,0.8,"specimen_orig_ident","orig.ident",0.125914516750096
"13","T4398343",182,0.8,"specimen_orig_ident","orig.ident",0.0393854144124648
"14","T4398343",49,0.8,"specimen_orig_ident","orig.ident",0.0156349712827058
"15","T4398343",0,0.8,"specimen_orig_ident","orig.ident",0
"0","T4450398",0,0.8,"specimen_orig_ident","orig.ident",0
"1","T4450398",0,0.8,"specimen_orig_ident","orig.ident",0
"2","T4450398",0,0.8,"specimen_orig_ident","orig.ident",0
"3","T4450398",38,0.8,"specimen_orig_ident","orig.ident",0.00371311315223764
"4","T4450398",0,0.8,"specimen_orig_ident","orig.ident",0
"5","T4450398",928,0.8,"specimen_orig_ident","orig.ident",0.0999138673557278
"6","T4450398",0,0.8,"specimen_orig_ident","orig.ident",0
"7","T4450398",1722,0.8,"specimen_orig_ident","orig.ident",0.194994904314347
"8","T4450398",1312,0.8,"specimen_orig_ident","orig.ident",0.150011433798308
"9","T4450398",1246,0.8,"specimen_orig_ident","orig.ident",0.151140223192625
"10","T4450398",219,0.8,"specimen_orig_ident","orig.ident",0.033843300880853
"11","T4450398",0,0.8,"specimen_orig_ident","orig.ident",0
"12","T4450398",322,0.8,"specimen_orig_ident","orig.ident",0.0619946091644205
"13","T4450398",62,0.8,"specimen_orig_ident","orig.ident",0.0134170093053452
"14","T4450398",122,0.8,"specimen_orig_ident","orig.ident",0.0389278876834716
"15","T4450398",0,0.8,"specimen_orig_ident","orig.ident",0
"0","T4463209a",0,0.8,"specimen_orig_ident","orig.ident",0
"1","T4463209a",0,0.8,"specimen_orig_ident","orig.ident",0
"2","T4463209a",0,0.8,"specimen_orig_ident","orig.ident",0
"3","T4463209a",35,0.8,"specimen_orig_ident","orig.ident",0.00341997264021888
"4","T4463209a",1,0.8,"specimen_orig_ident","orig.ident",0.000102595670462706
"5","T4463209a",1562,0.8,"specimen_orig_ident","orig.ident",0.16817398794143
"6","T4463209a",0,0.8,"specimen_orig_ident","orig.ident",0
"7","T4463209a",1149,0.8,"specimen_orig_ident","orig.ident",0.130109840335183
"8","T4463209a",419,0.8,"specimen_orig_ident","orig.ident",0.047907614909673
"9","T4463209a",318,0.8,"specimen_orig_ident","orig.ident",0.0385735080058224
"10","T4463209a",358,0.8,"specimen_orig_ident","orig.ident",0.0553237521248648
"11","T4463209a",1,0.8,"specimen_orig_ident","orig.ident",0.000178762960314623
"12","T4463209a",513,0.8,"specimen_orig_ident","orig.ident",0.0987678090103966
"13","T4463209a",262,0.8,"specimen_orig_ident","orig.ident",0.0566976844838779
"14","T4463209a",29,0.8,"specimen_orig_ident","orig.ident",0.00925335035098915
"15","T4463209a",0,0.8,"specimen_orig_ident","orig.ident",0
"0","T4463209b",0,0.8,"specimen_orig_ident","orig.ident",0
"1","T4463209b",0,0.8,"specimen_orig_ident","orig.ident",0
"2","T4463209b",1,0.8,"specimen_orig_ident","orig.ident",9.73046608932568e-05
"3","T4463209b",14,0.8,"specimen_orig_ident","orig.ident",0.00136798905608755
"4","T4463209b",0,0.8,"specimen_orig_ident","orig.ident",0
"5","T4463209b",484,0.8,"specimen_orig_ident","orig.ident",0.0521102497846684
"6","T4463209b",0,0.8,"specimen_orig_ident","orig.ident",0
"7","T4463209b",397,0.8,"specimen_orig_ident","orig.ident",0.0449552712037142
"8","T4463209b",711,0.8,"specimen_orig_ident","orig.ident",0.0812943059684427
"9","T4463209b",542,0.8,"specimen_orig_ident","orig.ident",0.0657447840853954
"10","T4463209b",242,0.8,"specimen_orig_ident","orig.ident",0.0373976201514449
"11","T4463209b",0,0.8,"specimen_orig_ident","orig.ident",0
"12","T4463209b",261,0.8,"specimen_orig_ident","orig.ident",0.0502502887947632
"13","T4463209b",150,0.8,"specimen_orig_ident","orig.ident",0.0324605063838996
"14","T4463209b",30,0.8,"specimen_orig_ident","orig.ident",0.00957243139757498
"15","T4463209b",0,0.8,"specimen_orig_ident","orig.ident",0
"0","T4465219",0,0.8,"specimen_orig_ident","orig.ident",0
"1","T4465219",2,0.8,"specimen_orig_ident","orig.ident",0.00016655562958028
"2","T4465219",59,0.8,"specimen_orig_ident","orig.ident",0.00574097499270215
"3","T4465219",7,0.8,"specimen_orig_ident","orig.ident",0.000683994528043776
"4","T4465219",1,0.8,"specimen_orig_ident","orig.ident",0.000102595670462706
"5","T4465219",130,0.8,"specimen_orig_ident","orig.ident",0.0139965546942291
"6","T4465219",0,0.8,"specimen_orig_ident","orig.ident",0
"7","T4465219",75,0.8,"specimen_orig_ident","orig.ident",0.00849280942135659
"8","T4465219",202,0.8,"specimen_orig_ident","orig.ident",0.0230962725817517
"9","T4465219",172,0.8,"specimen_orig_ident","orig.ident",0.0208636584182436
"10","T4465219",411,0.8,"specimen_orig_ident","orig.ident",0.0635141400092721
"11","T4465219",4,0.8,"specimen_orig_ident","orig.ident",0.000715051841258491
"12","T4465219",16,0.8,"specimen_orig_ident","orig.ident",0.00308047747400847
"13","T4465219",157,0.8,"specimen_orig_ident","orig.ident",0.0339753300151482
"14","T4465219",136,0.8,"specimen_orig_ident","orig.ident",0.0433950223356733
"15","T4465219",0,0.8,"specimen_orig_ident","orig.ident",0
"0","T4465935",0,0.8,"specimen_orig_ident","orig.ident",0
"1","T4465935",1,0.8,"specimen_orig_ident","orig.ident",8.32778147901399e-05
"2","T4465935",1,0.8,"specimen_orig_ident","orig.ident",9.73046608932568e-05
"3","T4465935",28,0.8,"specimen_orig_ident","orig.ident",0.0027359781121751
"4","T4465935",0,0.8,"specimen_orig_ident","orig.ident",0
"5","T4465935",815,0.8,"specimen_orig_ident","orig.ident",0.0877476313522825
"6","T4465935",0,0.8,"specimen_orig_ident","orig.ident",0
"7","T4465935",279,0.8,"specimen_orig_ident","orig.ident",0.0315932510474465
"8","T4465935",357,0.8,"specimen_orig_ident","orig.ident",0.0408186599588383
"9","T4465935",863,0.8,"specimen_orig_ident","orig.ident",0.104682193110141
"10","T4465935",78,0.8,"specimen_orig_ident","orig.ident",0.0120537783959203
"11","T4465935",0,0.8,"specimen_orig_ident","orig.ident",0
"12","T4465935",145,0.8,"specimen_orig_ident","orig.ident",0.0279168271082018
"13","T4465935",115,0.8,"specimen_orig_ident","orig.ident",0.0248863882276564
"14","T4465935",52,0.8,"specimen_orig_ident","orig.ident",0.0165922144224633
"15","T4465935",0,0.8,"specimen_orig_ident","orig.ident",0
"0","T4466585",0,0.8,"specimen_orig_ident","orig.ident",0
"1","T4466585",0,0.8,"specimen_orig_ident","orig.ident",0
"2","T4466585",0,0.8,"specimen_orig_ident","orig.ident",0
"3","T4466585",6,0.8,"specimen_orig_ident","orig.ident",0.000586281024037522
"4","T4466585",0,0.8,"specimen_orig_ident","orig.ident",0
"5","T4466585",223,0.8,"specimen_orig_ident","orig.ident",0.0240094745908699
"6","T4466585",0,0.8,"specimen_orig_ident","orig.ident",0
"7","T4466585",124,0.8,"specimen_orig_ident","orig.ident",0.0140414449099762
"8","T4466585",243,0.8,"specimen_orig_ident","orig.ident",0.0277841298879488
"9","T4466585",431,0.8,"specimen_orig_ident","orig.ident",0.0522804463852499
"10","T4466585",32,0.8,"specimen_orig_ident","orig.ident",0.00494513985473652
"11","T4466585",0,0.8,"specimen_orig_ident","orig.ident",0
"12","T4466585",61,0.8,"specimen_orig_ident","orig.ident",0.0117443203696573
"13","T4466585",33,0.8,"specimen_orig_ident","orig.ident",0.00714131140445791
"14","T4466585",17,0.8,"specimen_orig_ident","orig.ident",0.00542437779195916
"15","T4466585",0,0.8,"specimen_orig_ident","orig.ident",0
"0","T4469479",0,0.8,"specimen_orig_ident","orig.ident",0
"1","T4469479",1,0.8,"specimen_orig_ident","orig.ident",8.32778147901399e-05
"2","T4469479",0,0.8,"specimen_orig_ident","orig.ident",0
"3","T4469479",26,0.8,"specimen_orig_ident","orig.ident",0.0025405511041626
"4","T4469479",0,0.8,"specimen_orig_ident","orig.ident",0
"5","T4469479",681,0.8,"specimen_orig_ident","orig.ident",0.0733204134366925
"6","T4469479",0,0.8,"specimen_orig_ident","orig.ident",0
"7","T4469479",417,0.8,"specimen_orig_ident","orig.ident",0.0472200203827426
"8","T4469479",696,0.8,"specimen_orig_ident","orig.ident",0.079579236222273
"9","T4469479",559,0.8,"specimen_orig_ident","orig.ident",0.0678068898592916
"10","T4469479",116,0.8,"specimen_orig_ident","orig.ident",0.0179261319734199
"11","T4469479",0,0.8,"specimen_orig_ident","orig.ident",0
"12","T4469479",108,0.8,"specimen_orig_ident","orig.ident",0.0207932229495572
"13","T4469479",80,0.8,"specimen_orig_ident","orig.ident",0.0173122700714131
"14","T4469479",49,0.8,"specimen_orig_ident","orig.ident",0.0156349712827058
"15","T4469479",0,0.8,"specimen_orig_ident","orig.ident",0
"0","T4471438",0,0.8,"specimen_orig_ident","orig.ident",0
"1","T4471438",0,0.8,"specimen_orig_ident","orig.ident",0
"2","T4471438",0,0.8,"specimen_orig_ident","orig.ident",0
"3","T4471438",25,0.8,"specimen_orig_ident","orig.ident",0.00244283760015634
"4","T4471438",0,0.8,"specimen_orig_ident","orig.ident",0
"5","T4471438",952,0.8,"specimen_orig_ident","orig.ident",0.102497846683893
"6","T4471438",0,0.8,"specimen_orig_ident","orig.ident",0
"7","T4471438",1626,0.8,"specimen_orig_ident","orig.ident",0.184124108255011
"8","T4471438",1755,0.8,"specimen_orig_ident","orig.ident",0.200663160301852
"9","T4471438",986,0.8,"specimen_orig_ident","orig.ident",0.119602134885978
"10","T4471438",109,0.8,"specimen_orig_ident","orig.ident",0.0168443826301963
"11","T4471438",0,0.8,"specimen_orig_ident","orig.ident",0
"12","T4471438",130,0.8,"specimen_orig_ident","orig.ident",0.0250288794763188
"13","T4471438",425,0.8,"specimen_orig_ident","orig.ident",0.0919714347543822
"14","T4471438",67,0.8,"specimen_orig_ident","orig.ident",0.0213784301212508
"15","T4471438",0,0.8,"specimen_orig_ident","orig.ident",0
"0","T8009218",0,0.8,"specimen_orig_ident","orig.ident",0
"1","T8009218",0,0.8,"specimen_orig_ident","orig.ident",0
"2","T8009218",2,0.8,"specimen_orig_ident","orig.ident",0.000194609321786514
"3","T8009218",16,0.8,"specimen_orig_ident","orig.ident",0.00156341606410006
"4","T8009218",0,0.8,"specimen_orig_ident","orig.ident",0
"5","T8009218",386,0.8,"specimen_orig_ident","orig.ident",0.0415590008613264
"6","T8009218",0,0.8,"specimen_orig_ident","orig.ident",0
"7","T8009218",392,0.8,"specimen_orig_ident","orig.ident",0.0443890839089571
"8","T8009218",345,0.8,"specimen_orig_ident","orig.ident",0.0394466041619026
"9","T8009218",375,0.8,"specimen_orig_ident","orig.ident",0.0454876273653566
"10","T8009218",264,0.8,"specimen_orig_ident","orig.ident",0.0407974038015763
"11","T8009218",0,0.8,"specimen_orig_ident","orig.ident",0
"12","T8009218",113,0.8,"specimen_orig_ident","orig.ident",0.0217558721601848
"13","T8009218",52,0.8,"specimen_orig_ident","orig.ident",0.0112529755464185
"14","T8009218",15,0.8,"specimen_orig_ident","orig.ident",0.00478621569878749
"15","T8009218",0,0.8,"specimen_orig_ident","orig.ident",0
"0","PRJNA662018_PRJNA662018_P1N1",45,0.8,"specimen_sample_id","sample_id",0.00351864883884588
"1","PRJNA662018_PRJNA662018_P1N1",429,0.8,"specimen_sample_id","sample_id",0.03572618254497
"2","PRJNA662018_PRJNA662018_P1N1",134,0.8,"specimen_sample_id","sample_id",0.0130388245596964
"3","PRJNA662018_PRJNA662018_P1N1",193,0.8,"specimen_sample_id","sample_id",0.018858706273207
"4","PRJNA662018_PRJNA662018_P1N1",251,0.8,"specimen_sample_id","sample_id",0.0257515132861393
"5","PRJNA662018_PRJNA662018_P1N1",0,0.8,"specimen_sample_id","sample_id",0
"6","PRJNA662018_PRJNA662018_P1N1",175,0.8,"specimen_sample_id","sample_id",0.0194530902623388
"7","PRJNA662018_PRJNA662018_P1N1",0,0.8,"specimen_sample_id","sample_id",0
"8","PRJNA662018_PRJNA662018_P1N1",0,0.8,"specimen_sample_id","sample_id",0
"9","PRJNA662018_PRJNA662018_P1N1",0,0.8,"specimen_sample_id","sample_id",0
"10","PRJNA662018_PRJNA662018_P1N1",133,0.8,"specimen_sample_id","sample_id",0.0205532375212486
"11","PRJNA662018_PRJNA662018_P1N1",75,0.8,"specimen_sample_id","sample_id",0.0134072220235967
"12","PRJNA662018_PRJNA662018_P1N1",64,0.8,"specimen_sample_id","sample_id",0.0123219098960339
"13","PRJNA662018_PRJNA662018_P1N1",48,0.8,"specimen_sample_id","sample_id",0.0103873620428479
"14","PRJNA662018_PRJNA662018_P1N1",37,0.8,"specimen_sample_id","sample_id",0.0118059987236758
"15","PRJNA662018_PRJNA662018_P1N1",0,0.8,"specimen_sample_id","sample_id",0
"0","PRJNA662018_PRJNA662018_P1T1",207,0.8,"specimen_sample_id","sample_id",0.0161857846586911
"1","PRJNA662018_PRJNA662018_P1T1",652,0.8,"specimen_sample_id","sample_id",0.0542971352431712
"2","PRJNA662018_PRJNA662018_P1T1",235,0.8,"specimen_sample_id","sample_id",0.0228665953099153
"3","PRJNA662018_PRJNA662018_P1T1",234,0.8,"specimen_sample_id","sample_id",0.0228649599374634
"4","PRJNA662018_PRJNA662018_P1T1",408,0.8,"specimen_sample_id","sample_id",0.0418590335487842
"5","PRJNA662018_PRJNA662018_P1T1",0,0.8,"specimen_sample_id","sample_id",0
"6","PRJNA662018_PRJNA662018_P1T1",484,0.8,"specimen_sample_id","sample_id",0.0538016896398399
"7","PRJNA662018_PRJNA662018_P1T1",0,0.8,"specimen_sample_id","sample_id",0
"8","PRJNA662018_PRJNA662018_P1T1",0,0.8,"specimen_sample_id","sample_id",0
"9","PRJNA662018_PRJNA662018_P1T1",0,0.8,"specimen_sample_id","sample_id",0
"10","PRJNA662018_PRJNA662018_P1T1",221,0.8,"specimen_sample_id","sample_id",0.0341523721217741
"11","PRJNA662018_PRJNA662018_P1T1",169,0.8,"specimen_sample_id","sample_id",0.0302109402931713
"12","PRJNA662018_PRJNA662018_P1T1",76,0.8,"specimen_sample_id","sample_id",0.0146322680015402
"13","PRJNA662018_PRJNA662018_P1T1",117,0.8,"specimen_sample_id","sample_id",0.0253191949794417
"14","PRJNA662018_PRJNA662018_P1T1",92,0.8,"specimen_sample_id","sample_id",0.0293554562858966
"15","PRJNA662018_PRJNA662018_P1T1",0,0.8,"specimen_sample_id","sample_id",0
"0","PRJNA662018_PRJNA662018_P2T2",450,0.8,"specimen_sample_id","sample_id",0.0351864883884588
"1","PRJNA662018_PRJNA662018_P2T2",596,0.8,"specimen_sample_id","sample_id",0.0496335776149234
"2","PRJNA662018_PRJNA662018_P2T2",364,0.8,"specimen_sample_id","sample_id",0.0354188965651455
"3","PRJNA662018_PRJNA662018_P2T2",566,0.8,"specimen_sample_id","sample_id",0.0553058432675396
"4","PRJNA662018_PRJNA662018_P2T2",450,0.8,"specimen_sample_id","sample_id",0.0461680517082179
"5","PRJNA662018_PRJNA662018_P2T2",0,0.8,"specimen_sample_id","sample_id",0
"6","PRJNA662018_PRJNA662018_P2T2",635,0.8,"specimen_sample_id","sample_id",0.0705869275233437
"7","PRJNA662018_PRJNA662018_P2T2",0,0.8,"specimen_sample_id","sample_id",0
"8","PRJNA662018_PRJNA662018_P2T2",0,0.8,"specimen_sample_id","sample_id",0
"9","PRJNA662018_PRJNA662018_P2T2",0,0.8,"specimen_sample_id","sample_id",0
"10","PRJNA662018_PRJNA662018_P2T2",302,0.8,"specimen_sample_id","sample_id",0.0466697573790759
"11","PRJNA662018_PRJNA662018_P2T2",211,0.8,"specimen_sample_id","sample_id",0.0377189846263854
"12","PRJNA662018_PRJNA662018_P2T2",97,0.8,"specimen_sample_id","sample_id",0.0186753946861764
"13","PRJNA662018_PRJNA662018_P2T2",139,0.8,"specimen_sample_id","sample_id",0.0300800692490803
"14","PRJNA662018_PRJNA662018_P2T2",82,0.8,"specimen_sample_id","sample_id",0.0261646458200383
"15","PRJNA662018_PRJNA662018_P2T2",0,0.8,"specimen_sample_id","sample_id",0
"0","PRJNA662018_PRJNA662018_P3N3",12,0.8,"specimen_sample_id","sample_id",0.000938306357025569
"1","PRJNA662018_PRJNA662018_P3N3",583,0.8,"specimen_sample_id","sample_id",0.0485509660226516
"2","PRJNA662018_PRJNA662018_P3N3",376,0.8,"specimen_sample_id","sample_id",0.0365865524958646
"3","PRJNA662018_PRJNA662018_P3N3",91,0.8,"specimen_sample_id","sample_id",0.00889192886456908
"4","PRJNA662018_PRJNA662018_P3N3",337,0.8,"specimen_sample_id","sample_id",0.0345747409459321
"5","PRJNA662018_PRJNA662018_P3N3",0,0.8,"specimen_sample_id","sample_id",0
"6","PRJNA662018_PRJNA662018_P3N3",366,0.8,"specimen_sample_id","sample_id",0.0406847487772343
"7","PRJNA662018_PRJNA662018_P3N3",0,0.8,"specimen_sample_id","sample_id",0
"8","PRJNA662018_PRJNA662018_P3N3",0,0.8,"specimen_sample_id","sample_id",0
"9","PRJNA662018_PRJNA662018_P3N3",0,0.8,"specimen_sample_id","sample_id",0
"10","PRJNA662018_PRJNA662018_P3N3",37,0.8,"specimen_sample_id","sample_id",0.0057178179570391
"11","PRJNA662018_PRJNA662018_P3N3",96,0.8,"specimen_sample_id","sample_id",0.0171612441902038
"12","PRJNA662018_PRJNA662018_P3N3",39,0.8,"specimen_sample_id","sample_id",0.00750866384289565
"13","PRJNA662018_PRJNA662018_P3N3",65,0.8,"specimen_sample_id","sample_id",0.0140662194330232
"14","PRJNA662018_PRJNA662018_P3N3",96,0.8,"specimen_sample_id","sample_id",0.0306317804722399
"15","PRJNA662018_PRJNA662018_P3N3",0,0.8,"specimen_sample_id","sample_id",0
"0","PRJNA662018_PRJNA662018_P3T3",90,0.8,"specimen_sample_id","sample_id",0.00703729767769177
"1","PRJNA662018_PRJNA662018_P3T3",260,0.8,"specimen_sample_id","sample_id",0.0216522318454364
"2","PRJNA662018_PRJNA662018_P3T3",137,0.8,"specimen_sample_id","sample_id",0.0133307385423762
"3","PRJNA662018_PRJNA662018_P3T3",399,0.8,"specimen_sample_id","sample_id",0.0389876880984952
"4","PRJNA662018_PRJNA662018_P3T3",328,0.8,"specimen_sample_id","sample_id",0.0336513799117677
"5","PRJNA662018_PRJNA662018_P3T3",1,0.8,"specimen_sample_id","sample_id",0.000107665805340224
"6","PRJNA662018_PRJNA662018_P3T3",196,0.8,"specimen_sample_id","sample_id",0.0217874610938195
"7","PRJNA662018_PRJNA662018_P3T3",0,0.8,"specimen_sample_id","sample_id",0
"8","PRJNA662018_PRJNA662018_P3T3",0,0.8,"specimen_sample_id","sample_id",0
"9","PRJNA662018_PRJNA662018_P3T3",0,0.8,"specimen_sample_id","sample_id",0
"10","PRJNA662018_PRJNA662018_P3T3",77,0.8,"specimen_sample_id","sample_id",0.0118992427754597
"11","PRJNA662018_PRJNA662018_P3T3",95,0.8,"specimen_sample_id","sample_id",0.0169824812298892
"12","PRJNA662018_PRJNA662018_P3T3",104,0.8,"specimen_sample_id","sample_id",0.0200231035810551
"13","PRJNA662018_PRJNA662018_P3T3",57,0.8,"specimen_sample_id","sample_id",0.0123349924258818
"14","PRJNA662018_PRJNA662018_P3T3",84,0.8,"specimen_sample_id","sample_id",0.02680280791321
"15","PRJNA662018_PRJNA662018_P3T3",0,0.8,"specimen_sample_id","sample_id",0
"0","PRJNA662018_PRJNA662018_P4T4",509,0.8,"specimen_sample_id","sample_id",0.0397998279771679
"1","PRJNA662018_PRJNA662018_P4T4",211,0.8,"specimen_sample_id","sample_id",0.0175716189207195
"2","PRJNA662018_PRJNA662018_P4T4",606,0.8,"specimen_sample_id","sample_id",0.0589666245013136
"3","PRJNA662018_PRJNA662018_P4T4",370,0.8,"specimen_sample_id","sample_id",0.0361539964823139
"4","PRJNA662018_PRJNA662018_P4T4",192,0.8,"specimen_sample_id","sample_id",0.0196983687288396
"5","PRJNA662018_PRJNA662018_P4T4",0,0.8,"specimen_sample_id","sample_id",0
"6","PRJNA662018_PRJNA662018_P4T4",16,0.8,"specimen_sample_id","sample_id",0.00177856825255669
"7","PRJNA662018_PRJNA662018_P4T4",0,0.8,"specimen_sample_id","sample_id",0
"8","PRJNA662018_PRJNA662018_P4T4",0,0.8,"specimen_sample_id","sample_id",0
"9","PRJNA662018_PRJNA662018_P4T4",0,0.8,"specimen_sample_id","sample_id",0
"10","PRJNA662018_PRJNA662018_P4T4",121,0.8,"specimen_sample_id","sample_id",0.0186988100757225
"11","PRJNA662018_PRJNA662018_P4T4",136,0.8,"specimen_sample_id","sample_id",0.0243117626027887
"12","PRJNA662018_PRJNA662018_P4T4",48,0.8,"specimen_sample_id","sample_id",0.00924143242202541
"13","PRJNA662018_PRJNA662018_P4T4",136,0.8,"specimen_sample_id","sample_id",0.0294308591214023
"14","PRJNA662018_PRJNA662018_P4T4",178,0.8,"specimen_sample_id","sample_id",0.0567964262922782
"15","PRJNA662018_PRJNA662018_P4T4",3,0.8,"specimen_sample_id","sample_id",0.00524475524475524
"0","PRJNA662018_PRJNA662018_P5T5",3,0.8,"specimen_sample_id","sample_id",0.000234576589256392
"1","PRJNA662018_PRJNA662018_P5T5",31,0.8,"specimen_sample_id","sample_id",0.00258161225849434
"2","PRJNA662018_PRJNA662018_P5T5",59,0.8,"specimen_sample_id","sample_id",0.00574097499270215
"3","PRJNA662018_PRJNA662018_P5T5",2,0.8,"specimen_sample_id","sample_id",0.000195427008012507
"4","PRJNA662018_PRJNA662018_P5T5",16,0.8,"specimen_sample_id","sample_id",0.0016415307274033
"5","PRJNA662018_PRJNA662018_P5T5",0,0.8,"specimen_sample_id","sample_id",0
"6","PRJNA662018_PRJNA662018_P5T5",8,0.8,"specimen_sample_id","sample_id",0.000889284126278346
"7","PRJNA662018_PRJNA662018_P5T5",0,0.8,"specimen_sample_id","sample_id",0
"8","PRJNA662018_PRJNA662018_P5T5",0,0.8,"specimen_sample_id","sample_id",0
"9","PRJNA662018_PRJNA662018_P5T5",0,0.8,"specimen_sample_id","sample_id",0
"10","PRJNA662018_PRJNA662018_P5T5",3,0.8,"specimen_sample_id","sample_id",0.000463606861381548
"11","PRJNA662018_PRJNA662018_P5T5",2,0.8,"specimen_sample_id","sample_id",0.000357525920629246
"12","PRJNA662018_PRJNA662018_P5T5",3,0.8,"specimen_sample_id","sample_id",0.000577589526376588
"13","PRJNA662018_PRJNA662018_P5T5",1,0.8,"specimen_sample_id","sample_id",0.000216403375892664
"14","PRJNA662018_PRJNA662018_P5T5",27,0.8,"specimen_sample_id","sample_id",0.00861518825781749
"15","PRJNA662018_PRJNA662018_P5T5",0,0.8,"specimen_sample_id","sample_id",0
"0","PRJNA662018_PRJNA662018_P6N2",10,0.8,"specimen_sample_id","sample_id",0.000781921964187974
"1","PRJNA662018_PRJNA662018_P6N2",415,0.8,"specimen_sample_id","sample_id",0.0345602931379081
"2","PRJNA662018_PRJNA662018_P6N2",131,0.8,"specimen_sample_id","sample_id",0.0127469105770166
"3","PRJNA662018_PRJNA662018_P6N2",319,0.8,"specimen_sample_id","sample_id",0.0311706077779949
"4","PRJNA662018_PRJNA662018_P6N2",291,0.8,"specimen_sample_id","sample_id",0.0298553401046476
"5","PRJNA662018_PRJNA662018_P6N2",0,0.8,"specimen_sample_id","sample_id",0
"6","PRJNA662018_PRJNA662018_P6N2",134,0.8,"specimen_sample_id","sample_id",0.0148955091151623
"7","PRJNA662018_PRJNA662018_P6N2",0,0.8,"specimen_sample_id","sample_id",0
"8","PRJNA662018_PRJNA662018_P6N2",0,0.8,"specimen_sample_id","sample_id",0
"9","PRJNA662018_PRJNA662018_P6N2",0,0.8,"specimen_sample_id","sample_id",0
"10","PRJNA662018_PRJNA662018_P6N2",42,0.8,"specimen_sample_id","sample_id",0.00649049605934168
"11","PRJNA662018_PRJNA662018_P6N2",78,0.8,"specimen_sample_id","sample_id",0.0139435109045406
"12","PRJNA662018_PRJNA662018_P6N2",61,0.8,"specimen_sample_id","sample_id",0.0117443203696573
"13","PRJNA662018_PRJNA662018_P6N2",52,0.8,"specimen_sample_id","sample_id",0.0112529755464185
"14","PRJNA662018_PRJNA662018_P6N2",69,0.8,"specimen_sample_id","sample_id",0.0220165922144225
"15","PRJNA662018_PRJNA662018_P6N2",0,0.8,"specimen_sample_id","sample_id",0
"0","PRJNA662018_PRJNA662018_P6T6",0,0.8,"specimen_sample_id","sample_id",0
"1","PRJNA662018_PRJNA662018_P6T6",9,0.8,"specimen_sample_id","sample_id",0.000749500333111259
"2","PRJNA662018_PRJNA662018_P6T6",7,0.8,"specimen_sample_id","sample_id",0.000681132626252798
"3","PRJNA662018_PRJNA662018_P6T6",1,0.8,"specimen_sample_id","sample_id",9.77135040062537e-05
"4","PRJNA662018_PRJNA662018_P6T6",2,0.8,"specimen_sample_id","sample_id",0.000205191340925413
"5","PRJNA662018_PRJNA662018_P6T6",0,0.8,"specimen_sample_id","sample_id",0
"6","PRJNA662018_PRJNA662018_P6T6",4,0.8,"specimen_sample_id","sample_id",0.000444642063139173
"7","PRJNA662018_PRJNA662018_P6T6",0,0.8,"specimen_sample_id","sample_id",0
"8","PRJNA662018_PRJNA662018_P6T6",0,0.8,"specimen_sample_id","sample_id",0
"9","PRJNA662018_PRJNA662018_P6T6",0,0.8,"specimen_sample_id","sample_id",0
"10","PRJNA662018_PRJNA662018_P6T6",0,0.8,"specimen_sample_id","sample_id",0
"11","PRJNA662018_PRJNA662018_P6T6",1,0.8,"specimen_sample_id","sample_id",0.000178762960314623
"12","PRJNA662018_PRJNA662018_P6T6",0,0.8,"specimen_sample_id","sample_id",0
"13","PRJNA662018_PRJNA662018_P6T6",3,0.8,"specimen_sample_id","sample_id",0.000649210127677992
"14","PRJNA662018_PRJNA662018_P6T6",2,0.8,"specimen_sample_id","sample_id",0.000638162093171666
"15","PRJNA662018_PRJNA662018_P6T6",0,0.8,"specimen_sample_id","sample_id",0
"0","PRJNA662018_PRJNA662018_P7T7",40,0.8,"specimen_sample_id","sample_id",0.0031276878567519
"1","PRJNA662018_PRJNA662018_P7T7",275,0.8,"specimen_sample_id","sample_id",0.0229013990672885
"2","PRJNA662018_PRJNA662018_P7T7",106,0.8,"specimen_sample_id","sample_id",0.0103142940546852
"3","PRJNA662018_PRJNA662018_P7T7",251,0.8,"specimen_sample_id","sample_id",0.0245260895055697
"4","PRJNA662018_PRJNA662018_P7T7",123,0.8,"specimen_sample_id","sample_id",0.0126192674669129
"5","PRJNA662018_PRJNA662018_P7T7",0,0.8,"specimen_sample_id","sample_id",0
"6","PRJNA662018_PRJNA662018_P7T7",135,0.8,"specimen_sample_id","sample_id",0.0150066696309471
"7","PRJNA662018_PRJNA662018_P7T7",0,0.8,"specimen_sample_id","sample_id",0
"8","PRJNA662018_PRJNA662018_P7T7",0,0.8,"specimen_sample_id","sample_id",0
"9","PRJNA662018_PRJNA662018_P7T7",0,0.8,"specimen_sample_id","sample_id",0
"10","PRJNA662018_PRJNA662018_P7T7",9,0.8,"specimen_sample_id","sample_id",0.00139082058414465
"11","PRJNA662018_PRJNA662018_P7T7",37,0.8,"specimen_sample_id","sample_id",0.00661422953164104
"12","PRJNA662018_PRJNA662018_P7T7",13,0.8,"specimen_sample_id","sample_id",0.00250288794763188
"13","PRJNA662018_PRJNA662018_P7T7",27,0.8,"specimen_sample_id","sample_id",0.00584289114910193
"14","PRJNA662018_PRJNA662018_P7T7",73,0.8,"specimen_sample_id","sample_id",0.0232929164007658
"15","PRJNA662018_PRJNA662018_P7T7",0,0.8,"specimen_sample_id","sample_id",0
"0","PRJNA662018_PRJNA662018_P8T8",0,0.8,"specimen_sample_id","sample_id",0
"1","PRJNA662018_PRJNA662018_P8T8",0,0.8,"specimen_sample_id","sample_id",0
"2","PRJNA662018_PRJNA662018_P8T8",1,0.8,"specimen_sample_id","sample_id",9.73046608932568e-05
"3","PRJNA662018_PRJNA662018_P8T8",9,0.8,"specimen_sample_id","sample_id",0.000879421536056283
"4","PRJNA662018_PRJNA662018_P8T8",0,0.8,"specimen_sample_id","sample_id",0
"5","PRJNA662018_PRJNA662018_P8T8",0,0.8,"specimen_sample_id","sample_id",0
"6","PRJNA662018_PRJNA662018_P8T8",1,0.8,"specimen_sample_id","sample_id",0.000111160515784793
"7","PRJNA662018_PRJNA662018_P8T8",0,0.8,"specimen_sample_id","sample_id",0
"8","PRJNA662018_PRJNA662018_P8T8",0,0.8,"specimen_sample_id","sample_id",0
"9","PRJNA662018_PRJNA662018_P8T8",0,0.8,"specimen_sample_id","sample_id",0
"10","PRJNA662018_PRJNA662018_P8T8",6,0.8,"specimen_sample_id","sample_id",0.000927213722763097
"11","PRJNA662018_PRJNA662018_P8T8",0,0.8,"specimen_sample_id","sample_id",0
"12","PRJNA662018_PRJNA662018_P8T8",2,0.8,"specimen_sample_id","sample_id",0.000385059684251059
"13","PRJNA662018_PRJNA662018_P8T8",0,0.8,"specimen_sample_id","sample_id",0
"14","PRJNA662018_PRJNA662018_P8T8",2,0.8,"specimen_sample_id","sample_id",0.000638162093171666
"15","PRJNA662018_PRJNA662018_P8T8",0,0.8,"specimen_sample_id","sample_id",0
"0",NA,11423,0.8,"specimen_sample_id","sample_id",0.893189459691923
"1",NA,8547,0.8,"specimen_sample_id","sample_id",0.711775483011326
"2",NA,8121,0.8,"specimen_sample_id","sample_id",0.790211151114138
"3",NA,7799,0.8,"specimen_sample_id","sample_id",0.762067617744772
"4",NA,7349,0.8,"specimen_sample_id","sample_id",0.75397558223043
"5",NA,9287,0.8,"specimen_sample_id","sample_id",0.99989233419466
"6",NA,6842,0.8,"specimen_sample_id","sample_id",0.760560248999555
"7",NA,8831,0.8,"specimen_sample_id","sample_id",1
"8",NA,8746,0.8,"specimen_sample_id","sample_id",1
"9",NA,8244,0.8,"specimen_sample_id","sample_id",1
"10",NA,5520,0.8,"specimen_sample_id","sample_id",0.853036624942049
"11",NA,4694,0.8,"specimen_sample_id","sample_id",0.839113335716839
"12",NA,4687,0.8,"specimen_sample_id","sample_id",0.902387370042357
"13",NA,3976,0.8,"specimen_sample_id","sample_id",0.860419822549232
"14",NA,2392,0.8,"specimen_sample_id","sample_id",0.763241863433312
"15",NA,569,0.8,"specimen_sample_id","sample_id",0.994755244755245
"0","Normal",1745,0.8,"stage_T","T_stage",0.136445382750801
"1","Normal",5897,0.8,"stage_T","T_stage",0.491089273817455
"2","Normal",3580,0.8,"stage_T","T_stage",0.348350685997859
"3","Normal",2694,0.8,"stage_T","T_stage",0.263240179792847
"4","Normal",3756,0.8,"stage_T","T_stage",0.385349338257925
"5","Normal",0,0.8,"stage_T","T_stage",0
"6","Normal",4054,0.8,"stage_T","T_stage",0.450644730991552
"7","Normal",0,0.8,"stage_T","T_stage",0
"8","Normal",0,0.8,"stage_T","T_stage",0
"9","Normal",0,0.8,"stage_T","T_stage",0
"10","Normal",1347,0.8,"stage_T","T_stage",0.208159480760315
"11","Normal",2042,0.8,"stage_T","T_stage",0.36503396496246
"12","Normal",647,0.8,"stage_T","T_stage",0.124566807855218
"13","Normal",1274,0.8,"stage_T","T_stage",0.275697900887254
"14","Normal",811,0.8,"stage_T","T_stage",0.25877472878111
"15","Normal",1,0.8,"stage_T","T_stage",0.00174825174825175
"0","T1",1958,0.8,"stage_T","T_stage",0.153100320588005
"1","T1",1420,0.8,"stage_T","T_stage",0.118254497001999
"2","T1",1968,0.8,"stage_T","T_stage",0.191495572637929
"3","T1",1283,0.8,"stage_T","T_stage",0.125366425640023
"4","T1",1390,0.8,"stage_T","T_stage",0.142607981943162
"5","T1",0,0.8,"stage_T","T_stage",0
"6","T1",1118,0.8,"stage_T","T_stage",0.124277456647399
"7","T1",0,0.8,"stage_T","T_stage",0
"8","T1",0,0.8,"stage_T","T_stage",0
"9","T1",0,0.8,"stage_T","T_stage",0
"10","T1",598,0.8,"stage_T","T_stage",0.0924123010353887
"11","T1",896,0.8,"stage_T","T_stage",0.160171612441902
"12","T1",143,0.8,"stage_T","T_stage",0.0275317674239507
"13","T1",376,0.8,"stage_T","T_stage",0.0813676693356416
"14","T1",401,0.8,"stage_T","T_stage",0.127951499680919
"15","T1",1,0.8,"stage_T","T_stage",0.00174825174825175
"0","T2",315,0.8,"stage_T","T_stage",0.0246305418719212
"1","T2",591,0.8,"stage_T","T_stage",0.0492171885409727
"2","T2",429,0.8,"stage_T","T_stage",0.0417436995232072
"3","T2",956,0.8,"stage_T","T_stage",0.0934141098299785
"4","T2",271,0.8,"stage_T","T_stage",0.0278034266953935
"5","T2",6898,0.8,"stage_T","T_stage",0.742678725236865
"6","T2",106,0.8,"stage_T","T_stage",0.0117830146731881
"7","T2",6007,0.8,"stage_T","T_stage",0.680217415921187
"8","T2",5222,0.8,"stage_T","T_stage",0.597072947633204
"9","T2",5699,0.8,"stage_T","T_stage",0.69129063561378
"10","T2",2274,0.8,"stage_T","T_stage",0.351414000927214
"11","T2",286,0.8,"stage_T","T_stage",0.0511262066499821
"12","T2",2984,0.8,"stage_T","T_stage",0.57450904890258
"13","T2",1169,0.8,"stage_T","T_stage",0.252975546418524
"14","T2",694,0.8,"stage_T","T_stage",0.221442246330568
"15","T2",1,0.8,"stage_T","T_stage",0.00174825174825175
"0","T3",2991,0.8,"stage_T","T_stage",0.233872859488623
"1","T3",1366,0.8,"stage_T","T_stage",0.113757495003331
"2","T3",1124,0.8,"stage_T","T_stage",0.109370438844021
"3","T3",1672,0.8,"stage_T","T_stage",0.163376978698456
"4","T3",1746,0.8,"stage_T","T_stage",0.179132040627886
"5","T3",388,0.8,"stage_T","T_stage",0.0417743324720069
"6","T3",1391,0.8,"stage_T","T_stage",0.154624277456647
"7","T3",392,0.8,"stage_T","T_stage",0.0443890839089571
"8","T3",345,0.8,"stage_T","T_stage",0.0394466041619026
"9","T3",375,0.8,"stage_T","T_stage",0.0454876273653566
"10","T3",795,0.8,"stage_T","T_stage",0.12285581826611
"11","T3",989,0.8,"stage_T","T_stage",0.176796567751162
"12","T3",436,0.8,"stage_T","T_stage",0.0839430111667308
"13","T3",343,0.8,"stage_T","T_stage",0.0742263579311837
"14","T3",245,0.8,"stage_T","T_stage",0.078174856413529
"15","T3",2,0.8,"stage_T","T_stage",0.0034965034965035
"0","T4",707,0.8,"stage_T","T_stage",0.0552818828680898
"1","T4",178,0.8,"stage_T","T_stage",0.0148234510326449
"2","T4",188,0.8,"stage_T","T_stage",0.0182932762479323
"3","T4",489,0.8,"stage_T","T_stage",0.047781903459058
"4","T4",316,0.8,"stage_T","T_stage",0.0324202318662152
"5","T4",1993,0.8,"stage_T","T_stage",0.214577950043066
"6","T4",285,0.8,"stage_T","T_stage",0.0316807469986661
"7","T4",2432,0.8,"stage_T","T_stage",0.275393500169856
"8","T4",3177,0.8,"stage_T","T_stage",0.363251772238738
"9","T4",2167,0.8,"stage_T","T_stage",0.262857836001941
"10","T4",384,0.8,"stage_T","T_stage",0.0593416782568382
"11","T4",140,0.8,"stage_T","T_stage",0.0250268144440472
"12","T4",427,0.8,"stage_T","T_stage",0.0822102425876011
"13","T4",731,0.8,"stage_T","T_stage",0.158190867777537
"14","T4",191,0.8,"stage_T","T_stage",0.0609444798978941
"15","T4",1,0.8,"stage_T","T_stage",0.00174825174825175
"0","Ta",3034,0.8,"stage_T","T_stage",0.237235123934631
"1","Ta",240,0.8,"stage_T","T_stage",0.0199866755496336
"2","Ta",446,0.8,"stage_T","T_stage",0.0433978787583925
"3","Ta",803,0.8,"stage_T","T_stage",0.0784639437170217
"4","Ta",420,0.8,"stage_T","T_stage",0.0430901815943367
"5","Ta",0,0.8,"stage_T","T_stage",0
"6","Ta",503,0.8,"stage_T","T_stage",0.055913739439751
"7","Ta",0,0.8,"stage_T","T_stage",0
"8","Ta",0,0.8,"stage_T","T_stage",0
"9","Ta",0,0.8,"stage_T","T_stage",0
"10","Ta",131,0.8,"stage_T","T_stage",0.0202441662803276
"11","Ta",470,0.8,"stage_T","T_stage",0.0840185913478727
"12","Ta",164,0.8,"stage_T","T_stage",0.0315748941085868
"13","Ta",114,0.8,"stage_T","T_stage",0.0246699848517637
"14","Ta",28,0.8,"stage_T","T_stage",0.00893426930440332
"15","Ta",3,0.8,"stage_T","T_stage",0.00524475524475524
"0",NA,2039,0.8,"stage_T","T_stage",0.159433888497928
"1",NA,2316,0.8,"stage_T","T_stage",0.192871419053964
"2",NA,2542,0.8,"stage_T","T_stage",0.247348447990659
"3",NA,2337,0.8,"stage_T","T_stage",0.228356458862615
"4",NA,1848,0.8,"stage_T","T_stage",0.189596799015082
"5",NA,9,0.8,"stage_T","T_stage",0.000968992248062015
"6",NA,1539,0.8,"stage_T","T_stage",0.171076033792797
"7",NA,0,0.8,"stage_T","T_stage",0
"8",NA,2,0.8,"stage_T","T_stage",0.000228675966155957
"9",NA,3,0.8,"stage_T","T_stage",0.000363901018922853
"10",NA,942,0.8,"stage_T","T_stage",0.145572554473806
"11",NA,771,0.8,"stage_T","T_stage",0.137826242402574
"12",NA,393,0.8,"stage_T","T_stage",0.0756642279553331
"13",NA,614,0.8,"stage_T","T_stage",0.132871672798096
"14",NA,764,0.8,"stage_T","T_stage",0.243777919591576
"15",NA,563,0.8,"stage_T","T_stage",0.984265734265734
"0","N0",7795,0.8,"stage_N","N_stage",0.609508171084526
"1","N0",3258,0.8,"stage_N","N_stage",0.271319120586276
"2","N0",3719,0.8,"stage_N","N_stage",0.361876033862022
"3","N0",4222,0.8,"stage_N","N_stage",0.412546413914403
"4","N0",3611,0.8,"stage_N","N_stage",0.370472966040833
"5","N0",2,0.8,"stage_N","N_stage",0.000215331610680448
"6","N0",2804,0.8,"stage_N","N_stage",0.31169408626056
"7","N0",0,0.8,"stage_N","N_stage",0
"8","N0",0,0.8,"stage_N","N_stage",0
"9","N0",0,0.8,"stage_N","N_stage",0
"10","N0",1272,0.8,"stage_N","N_stage",0.196569309225777
"11","N0",2497,0.8,"stage_N","N_stage",0.446371111905613
"12","N0",632,0.8,"stage_N","N_stage",0.121678860223335
"13","N0",793,0.8,"stage_N","N_stage",0.171607877082882
"14","N0",812,0.8,"stage_N","N_stage",0.259093809827696
"15","N0",7,0.8,"stage_N","N_stage",0.0122377622377622
"0","N2",700,0.8,"stage_N","N_stage",0.0547345374931582
"1","N2",162,0.8,"stage_N","N_stage",0.0134910059960027
"2","N2",172,0.8,"stage_N","N_stage",0.0167364016736402
"3","N2",403,0.8,"stage_N","N_stage",0.0393785421145202
"4","N2",304,0.8,"stage_N","N_stage",0.0311890838206628
"5","N2",1,0.8,"stage_N","N_stage",0.000107665805340224
"6","N2",265,0.8,"stage_N","N_stage",0.0294575366829702
"7","N2",0,0.8,"stage_N","N_stage",0
"8","N2",0,0.8,"stage_N","N_stage",0
"9","N2",0,0.8,"stage_N","N_stage",0
"10","N2",61,0.8,"stage_N","N_stage",0.00942667284809148
"11","N2",123,0.8,"stage_N","N_stage",0.0219878441186986
"12","N2",59,0.8,"stage_N","N_stage",0.0113592606854062
"13","N2",109,0.8,"stage_N","N_stage",0.0235879679723004
"14","N2",42,0.8,"stage_N","N_stage",0.013401403956605
"15","N2",1,0.8,"stage_N","N_stage",0.00174825174825175
"0","N3",508,0.8,"stage_N","N_stage",0.0397216357807491
"1","N3",371,0.8,"stage_N","N_stage",0.0308960692871419
"2","N3",200,0.8,"stage_N","N_stage",0.0194609321786514
"3","N3",341,0.8,"stage_N","N_stage",0.0333203048661325
"4","N3",226,0.8,"stage_N","N_stage",0.0231866215245717
"5","N3",0,0.8,"stage_N","N_stage",0
"6","N3",334,0.8,"stage_N","N_stage",0.0371276122721209
"7","N3",0,0.8,"stage_N","N_stage",0
"8","N3",0,0.8,"stage_N","N_stage",0
"9","N3",0,0.8,"stage_N","N_stage",0
"10","N3",78,0.8,"stage_N","N_stage",0.0120537783959203
"11","N3",155,0.8,"stage_N","N_stage",0.0277082588487665
"12","N3",70,0.8,"stage_N","N_stage",0.0134770889487871
"13","N3",66,0.8,"stage_N","N_stage",0.0142826228089158
"14","N3",76,0.8,"stage_N","N_stage",0.0242501595405233
"15","N3",0,0.8,"stage_N","N_stage",0
"0","Normal",1745,0.8,"stage_N","N_stage",0.136445382750801
"1","Normal",5897,0.8,"stage_N","N_stage",0.491089273817455
"2","Normal",3580,0.8,"stage_N","N_stage",0.348350685997859
"3","Normal",2694,0.8,"stage_N","N_stage",0.263240179792847
"4","Normal",3756,0.8,"stage_N","N_stage",0.385349338257925
"5","Normal",0,0.8,"stage_N","N_stage",0
"6","Normal",4054,0.8,"stage_N","N_stage",0.450644730991552
"7","Normal",0,0.8,"stage_N","N_stage",0
"8","Normal",0,0.8,"stage_N","N_stage",0
"9","Normal",0,0.8,"stage_N","N_stage",0
"10","Normal",1347,0.8,"stage_N","N_stage",0.208159480760315
"11","Normal",2042,0.8,"stage_N","N_stage",0.36503396496246
"12","Normal",647,0.8,"stage_N","N_stage",0.124566807855218
"13","Normal",1274,0.8,"stage_N","N_stage",0.275697900887254
"14","Normal",811,0.8,"stage_N","N_stage",0.25877472878111
"15","Normal",1,0.8,"stage_N","N_stage",0.00174825174825175
"0",NA,2041,0.8,"stage_N","N_stage",0.159590272890765
"1",NA,2320,0.8,"stage_N","N_stage",0.193204530313125
"2",NA,2606,0.8,"stage_N","N_stage",0.253575946287827
"3",NA,2574,0.8,"stage_N","N_stage",0.251514559312097
"4",NA,1850,0.8,"stage_N","N_stage",0.189801990356007
"5",NA,9285,0.8,"stage_N","N_stage",0.999677002583979
"6",NA,1539,0.8,"stage_N","N_stage",0.171076033792797
"7",NA,8831,0.8,"stage_N","N_stage",1
"8",NA,8746,0.8,"stage_N","N_stage",1
"9",NA,8244,0.8,"stage_N","N_stage",1
"10",NA,3713,0.8,"stage_N","N_stage",0.573790758769896
"11",NA,777,0.8,"stage_N","N_stage",0.138898820164462
"12",NA,3786,0.8,"stage_N","N_stage",0.728917982287255
"13",NA,2379,0.8,"stage_N","N_stage",0.514823631248647
"14",NA,1393,0.8,"stage_N","N_stage",0.444479897894065
"15",NA,563,0.8,"stage_N","N_stage",0.984265734265734
"0","M0",8303,0.8,"stage_M","M_stage",0.649229806865275
"1","M0",3629,0.8,"stage_M","M_stage",0.302215189873418
"2","M0",3919,0.8,"stage_M","M_stage",0.381336966040673
"3","M0",4563,0.8,"stage_M","M_stage",0.445866718780535
"4","M0",3837,0.8,"stage_M","M_stage",0.393659587565405
"5","M0",2,0.8,"stage_M","M_stage",0.000215331610680448
"6","M0",3138,0.8,"stage_M","M_stage",0.348821698532681
"7","M0",0,0.8,"stage_M","M_stage",0
"8","M0",0,0.8,"stage_M","M_stage",0
"9","M0",0,0.8,"stage_M","M_stage",0
"10","M0",1350,0.8,"stage_M","M_stage",0.208623087621697
"11","M0",2652,0.8,"stage_M","M_stage",0.47407937075438
"12","M0",702,0.8,"stage_M","M_stage",0.135155949172122
"13","M0",859,0.8,"stage_M","M_stage",0.185890499891798
"14","M0",888,0.8,"stage_M","M_stage",0.28334396936822
"15","M0",7,0.8,"stage_M","M_stage",0.0122377622377622
"0","Normal",1745,0.8,"stage_M","M_stage",0.136445382750801
"1","Normal",5897,0.8,"stage_M","M_stage",0.491089273817455
"2","Normal",3580,0.8,"stage_M","M_stage",0.348350685997859
"3","Normal",2694,0.8,"stage_M","M_stage",0.263240179792847
"4","Normal",3756,0.8,"stage_M","M_stage",0.385349338257925
"5","Normal",0,0.8,"stage_M","M_stage",0
"6","Normal",4054,0.8,"stage_M","M_stage",0.450644730991552
"7","Normal",0,0.8,"stage_M","M_stage",0
"8","Normal",0,0.8,"stage_M","M_stage",0
"9","Normal",0,0.8,"stage_M","M_stage",0
"10","Normal",1347,0.8,"stage_M","M_stage",0.208159480760315
"11","Normal",2042,0.8,"stage_M","M_stage",0.36503396496246
"12","Normal",647,0.8,"stage_M","M_stage",0.124566807855218
"13","Normal",1274,0.8,"stage_M","M_stage",0.275697900887254
"14","Normal",811,0.8,"stage_M","M_stage",0.25877472878111
"15","Normal",1,0.8,"stage_M","M_stage",0.00174825174825175
"0",NA,2741,0.8,"stage_M","M_stage",0.214324810383924
"1",NA,2482,0.8,"stage_M","M_stage",0.206695536309127
"2",NA,2778,0.8,"stage_M","M_stage",0.270312347961467
"3",NA,2977,0.8,"stage_M","M_stage",0.290893101426617
"4",NA,2154,0.8,"stage_M","M_stage",0.22099107417667
"5",NA,9286,0.8,"stage_M","M_stage",0.99978466838932
"6",NA,1804,0.8,"stage_M","M_stage",0.200533570475767
"7",NA,8831,0.8,"stage_M","M_stage",1
"8",NA,8746,0.8,"stage_M","M_stage",1
"9",NA,8244,0.8,"stage_M","M_stage",1
"10",NA,3774,0.8,"stage_M","M_stage",0.583217431617988
"11",NA,900,0.8,"stage_M","M_stage",0.160886664283161
"12",NA,3845,0.8,"stage_M","M_stage",0.740277242972661
"13",NA,2488,0.8,"stage_M","M_stage",0.538411599220948
"14",NA,1435,0.8,"stage_M","M_stage",0.45788130185067
"15",NA,564,0.8,"stage_M","M_stage",0.986013986013986
"0","MIBC",4796,0.8,"clinical_type","Type",0.375009774024552
"1","MIBC",2732,0.8,"clinical_type","Type",0.227514990006662
"2","MIBC",2941,0.8,"clinical_type","Type",0.286173007687068
"3","MIBC",3885,0.8,"clinical_type","Type",0.379616963064295
"4","MIBC",2803,0.8,"clinical_type","Type",0.287575664306966
"5","MIBC",9287,0.8,"clinical_type","Type",0.99989233419466
"6","MIBC",1990,0.8,"clinical_type","Type",0.221209426411739
"7","MIBC",8831,0.8,"clinical_type","Type",1
"8","MIBC",8746,0.8,"clinical_type","Type",1
"9","MIBC",8244,0.8,"clinical_type","Type",1
"10","MIBC",3674,0.8,"clinical_type","Type",0.567763869571936
"11","MIBC",1575,0.8,"clinical_type","Type",0.281551662495531
"12","MIBC",3915,0.8,"clinical_type","Type",0.753754331921448
"13","MIBC",2408,0.8,"clinical_type","Type",0.521099329149535
"14","MIBC",1458,0.8,"clinical_type","Type",0.465220165922144
"15","MIBC",564,0.8,"clinical_type","Type",0.986013986013986
"0","NMIBC",6248,0.8,"clinical_type","Type",0.488544843224646
"1","NMIBC",3379,0.8,"clinical_type","Type",0.281395736175883
"2","NMIBC",3756,0.8,"clinical_type","Type",0.365476306315072
"3","NMIBC",3655,0.8,"clinical_type","Type",0.357142857142857
"4","NMIBC",3188,0.8,"clinical_type","Type",0.327074997435108
"5","NMIBC",1,0.8,"clinical_type","Type",0.000107665805340224
"6","NMIBC",2952,0.8,"clinical_type","Type",0.32814584259671
"7","NMIBC",0,0.8,"clinical_type","Type",0
"8","NMIBC",0,0.8,"clinical_type","Type",0
"9","NMIBC",0,0.8,"clinical_type","Type",0
"10","NMIBC",1450,0.8,"clinical_type","Type",0.224076649667748
"11","NMIBC",1977,0.8,"clinical_type","Type",0.353414372542009
"12","NMIBC",632,0.8,"clinical_type","Type",0.121678860223335
"13","NMIBC",939,0.8,"clinical_type","Type",0.203202769963211
"14","NMIBC",865,0.8,"clinical_type","Type",0.276005105296745
"15","NMIBC",7,0.8,"clinical_type","Type",0.0122377622377622
"0","Normal",1745,0.8,"clinical_type","Type",0.136445382750801
"1","Normal",5897,0.8,"clinical_type","Type",0.491089273817455
"2","Normal",3580,0.8,"clinical_type","Type",0.348350685997859
"3","Normal",2694,0.8,"clinical_type","Type",0.263240179792847
"4","Normal",3756,0.8,"clinical_type","Type",0.385349338257925
"5","Normal",0,0.8,"clinical_type","Type",0
"6","Normal",4054,0.8,"clinical_type","Type",0.450644730991552
"7","Normal",0,0.8,"clinical_type","Type",0
"8","Normal",0,0.8,"clinical_type","Type",0
"9","Normal",0,0.8,"clinical_type","Type",0
"10","Normal",1347,0.8,"clinical_type","Type",0.208159480760315
"11","Normal",2042,0.8,"clinical_type","Type",0.36503396496246
"12","Normal",647,0.8,"clinical_type","Type",0.124566807855218
"13","Normal",1274,0.8,"clinical_type","Type",0.275697900887254
"14","Normal",811,0.8,"clinical_type","Type",0.25877472878111
"15","Normal",1,0.8,"clinical_type","Type",0.00174825174825175
