"p_val","avg_log2FC","pct.1","pct.2","p_val_adj","cluster","gene"
0,1.07235196477488,0.969,0.474,0,"0","MT-CO1"
0,1.32159246010512,0.963,0.469,0,"0","RPLP1"
0,1.01796150350836,0.964,0.472,0,"0","MT-CO2"
0,1.46969585647539,0.959,0.468,0,"0","RPS27"
0,1.55199292798694,0.955,0.464,0,"0","RPL10"
0,1.53030798383749,0.959,0.468,0,"0","RPL13"
0,1.22432493988337,0.952,0.462,0,"0","MT-CO3"
0,1.66407466406458,0.945,0.458,0,"0","RPS12"
0,1.55861345382979,0.951,0.464,0,"0","RPS18"
0,1.70140440107107,0.937,0.451,0,"0","RPLP2"
0,1.5131488759921,0.944,0.459,0,"0","RPL32"
0,1.55986637420839,0.944,0.459,0,"0","RPL34"
0,1.37902998299763,0.951,0.466,0,"0","RPL28"
0,1.26155462280888,0.952,0.467,0,"0","RPS19"
0,1.59339290163246,0.936,0.452,0,"0","RPS14"
0,1.49698607294026,0.941,0.457,0,"0","RPS27A"
0,1.39545919425608,0.938,0.454,0,"0","RPL41"
0,1.5053171412135,0.938,0.454,0,"0","RPS29"
0,1.41855902162514,0.944,0.46,0,"0","RPS15A"
0,1.1313536075583,0.922,0.439,0,"0","MT-RNR2"
0,1.4996865149897,0.94,0.457,0,"0","RPL39"
0,1.08255821562337,0.948,0.465,0,"0","MT-ND4"
0,1.44913318344937,0.936,0.454,0,"0","RPS2"
0,0.99097001976358,0.946,0.464,0,"0","MT-ATP6"
0,1.35592542481376,0.936,0.457,0,"0","RPS28"
0,1.58324394914534,0.927,0.449,0,"0","RPS6"
0,1.57153388178413,0.927,0.449,0,"0","RPS3"
0,1.59912107250633,0.925,0.447,0,"0","RPL21"
0,1.21068938085276,0.927,0.449,0,"0","MT-CYB"
0,1.42186785809968,0.932,0.455,0,"0","RPL11"
0,1.48495353879777,0.922,0.446,0,"0","RPL30"
0,1.32475142346916,0.932,0.456,0,"0","RPS15"
0,1.41142825220256,0.927,0.451,0,"0","RPL18A"
0,1.61890022166981,0.914,0.438,0,"0","RPL3"
0,1.6159106558335,0.91,0.435,0,"0","RPL23A"
0,1.45982391213485,0.922,0.448,0,"0","RPS8"
0,1.45267738168395,0.912,0.438,0,"0","RPS4X"
0,1.72249212791906,0.886,0.412,0,"0","RPL27A"
0,1.33728114627336,0.922,0.448,0,"0","RPL26"
0,1.4058254154202,0.923,0.45,0,"0","RPL19"
0,1.43113187030324,0.917,0.445,0,"0","RPS23"
0,1.42091009363769,0.916,0.445,0,"0","RPL36"
0,1.1379785707729,0.922,0.451,0,"0","MT-ND3"
0,1.48349971056569,0.912,0.442,0,"0","RPL35A"
0,1.57027333383017,0.908,0.438,0,"0","RPS3A"
0,1.57388576651706,0.903,0.433,0,"0","RPS25"
0,1.14589261793632,0.917,0.447,0,"0","RPS24"
0,1.25583778240195,0.915,0.446,0,"0","RPL12"
0,1.26296293756879,0.918,0.45,0,"0","RPL37"
0,1.30905031935325,0.9,0.432,0,"0","MT-ND2"
0,1.49761725453131,0.899,0.432,0,"0","RPS16"
0,1.71120362028432,0.886,0.419,0,"0","RPL13A"
0,1.42201644856672,0.895,0.43,0,"0","RPS21"
0,1.57279182111764,0.887,0.423,0,"0","RPL9"
0,1.5245063888842,0.89,0.427,0,"0","RPL14"
0,1.48695329772001,0.89,0.427,0,"0","RPS13"
0,1.37149822280469,0.894,0.434,0,"0","RPS9"
0,1.31524019327006,0.895,0.436,0,"0","RPL18"
0,1.35333421156456,0.892,0.434,0,"0","RPL8"
0,1.36989487217018,0.896,0.438,0,"0","RPL35"
0,1.33850730880597,0.888,0.431,0,"0","RPS7"
0,1.19904964380658,0.891,0.435,0,"0","RPL15"
0,1.56714011055394,0.855,0.404,0,"0","RPL38"
0,1.42363622485896,0.863,0.414,0,"0","RPL10A"
0,1.55532624376669,0.866,0.417,0,"0","H3-3B"
0,1.2627138064935,0.881,0.433,0,"0","RPL29"
0,1.42690062024013,0.857,0.411,0,"0","RPS10"
0,1.30391908043218,0.869,0.425,0,"0","RPL37A"
0,1.27295728368378,0.867,0.423,0,"0","RPL24"
0,0.94328044403123,0.865,0.422,0,"0","MT-RNR1"
0,1.24326390946027,0.865,0.424,0,"0","RPL6"
0,1.47133213101534,0.845,0.404,0,"0","RPS5"
0,1.26307357254993,0.86,0.42,0,"0","RPL7A"
0,1.41422512506087,0.845,0.407,0,"0","RPL27"
0,1.21936911648564,0.843,0.405,0,"0","MT-ND1"
0,1.41313111677277,0.832,0.4,0,"0","RPL5"
0,1.71670877385325,0.75,0.329,0,"0","RPS20"
0,1.21095354066314,0.819,0.403,0,"0","RPS11"
0,1.44079074824942,0.78,0.367,0,"0","RPLP0"
0,1.65320933766287,0.763,0.352,0,"0","RPL31"
0,1.6076463055789,0.75,0.348,0,"0","RPL7"
0,1.24399894463587,0.788,0.392,0,"0","RPSA"
0,1.5397661731964,0.745,0.349,0,"0","RPL36A"
0,1.36993999033169,0.7,0.331,0,"0","RPL36AL"
0,1.1896173097715,0.727,0.361,0,"0","RPL23"
0,1.39165596691648,0.695,0.333,0,"0","RPL4"
0,0.948562276930474,0.704,0.367,0,"0","RPS26"
0,0.878758407652111,0.706,0.373,0,"0","MT-ND5"
0,1.43954934876594,0.612,0.291,0,"0","RPL17"
0,1.50828261146822,0.553,0.248,0,"0","RPS17"
0,1.2710737476406,0.566,0.284,0,"0","RPL22"
0,1.37163270175795,0.526,0.248,0,"0","ENSG00000279483"
0,1.31077667031206,0.497,0.229,0,"0","ENSG00000294512"
0,1.30777962189256,0.498,0.239,0,"0","RPS4Y1"
0,1.54120648400661,0.435,0.181,0,"0","RPS27P3"
0,1.32080286464825,0.505,0.252,0,"0","H2AZ1"
0,1.42973356938734,0.88,0.652,0,"0","LINC-PINT"
0,0.799383561400374,0.498,0.294,0,"0","CYRIB"
0,0.949376820248252,0.648,0.444,0,"0","ANXA1"
0,2.00076533183217,0.291,0.092,0,"0","MIR23AHG"
0,1.74865236107866,0.313,0.115,0,"0","FAM66A"
0,0.975853726408187,0.422,0.233,0,"0","ANK3"
0,0.787297996554728,0.459,0.272,0,"0","MT-ND4L"
0,1.90798563914202,0.274,0.092,0,"0","ENSG00000283674"
0,0.90725470011323,0.394,0.214,0,"0","CAST.1"
0,0.850210697083796,0.414,0.238,0,"0","TALAM1"
0,0.819837297709658,0.418,0.243,0,"0","H3-3A"
0,1.06579173044469,0.375,0.207,0,"0","CHASERR"
0,1.52877760564599,0.299,0.134,0,"0","ENSG00000266049"
0,0.912625575665011,0.452,0.289,0,"0","TC2N"
0,1.11103463444946,0.352,0.189,0,"0","H2AZ2"
0,0.734746269902333,0.413,0.252,0,"0","RPS6KA3"
0,1.44104140936402,0.397,0.237,0,"0","LMNA"
0,2.35374290263143,0.226,0.068,0,"0","ENSG00000310385"
0,0.9162004490759,0.376,0.218,0,"0","ATP5MK"
0,0.96854847745462,0.584,0.427,0,"0","LINC00513"
0,1.35644426216109,0.323,0.167,0,"0","MYADM"
0,1.30736731443414,0.297,0.147,0,"0","RPL22L1"
0,1.46638932760258,0.26,0.112,0,"0","ENSG00000287555"
0,1.63734150839094,0.229,0.083,0,"0","ENSG00000271204"
0,1.20891432030647,0.293,0.15,0,"0","ENSG00000228655"
0,1.0410007612501,0.318,0.177,0,"0","MARCHF6"
0,1.50895282044513,0.222,0.09,0,"0","CDC42EP3-AS1"
0,0.86244965774427,0.332,0.202,0,"0","ATP5MJ"
0,0.862008689898588,0.393,0.264,0,"0","BACH2"
0,1.09513365306866,0.239,0.112,0,"0","ENSG00000272211"
0,1.50184863265797,0.226,0.099,0,"0","H4C3"
0,1.06510030919477,0.409,0.282,0,"0","CAMK1D"
0,1.72364923797036,0.207,0.081,0,"0","ENSG00000286145"
0,0.953701158822306,0.289,0.163,0,"0","RPS6KA5"
0,1.02813309339604,0.283,0.164,0,"0","H1-10"
0,0.958111340863928,0.282,0.163,0,"0","ATOSA"
0,0.668117822578583,0.326,0.211,0,"0","ARB2A"
0,1.69628651401998,0.181,0.066,0,"0","LINC00869.1"
0,0.857935623500533,0.322,0.208,0,"0","AUTS2"
0,0.750212379398061,0.355,0.243,0,"0","GPR183"
0,1.35753131041779,0.247,0.135,0,"0","ENSG00000310376"
0,0.982738437442215,0.293,0.182,0,"0","KMT2E-AS1"
0,0.82821739529288,0.506,0.395,0,"0","TGFB1"
0,1.39615978048543,0.203,0.093,0,"0","ENSG00000261573"
0,2.41514108158048,0.143,0.035,0,"0","LINC00987"
0,1.58636572793844,0.172,0.066,0,"0","EEIG1"
0,1.13064469386345,0.226,0.121,0,"0","SSBP2"
0,1.96642948943123,0.166,0.061,0,"0","ABTB3"
0,0.845501107311432,0.505,0.4,0,"0","RGCC"
0,1.18748494713322,0.205,0.102,0,"0","ENSG00000286223"
0,1.77209517440583,0.158,0.057,0,"0","PEBP1P3"
0,1.70320568238584,0.16,0.059,0,"0","DCTN6-DT"
0,1.22991195456802,0.195,0.094,0,"0","ENSG00000280138"
0,2.32721949813925,0.132,0.031,0,"0","GPR84-AS1"
0,1.11440893456903,0.222,0.121,0,"0","ENSG00000302351"
0,1.42659828661863,0.186,0.085,0,"0","KCNA3"
0,1.77504342014542,0.159,0.059,0,"0","LINC02964"
0,0.894337169371456,0.241,0.141,0,"0","ENSG00000232855"
0,0.767135645260572,0.277,0.178,0,"0","BLTP1"
0,0.998251598424262,0.229,0.13,0,"0","EEIG2"
0,1.16017185867716,0.236,0.137,0,"0","SKIC8"
0,1.28753032395029,0.168,0.071,0,"0","NR3C2"
0,1.55074842008855,0.164,0.067,0,"0","ENSG00000299264"
0,1.45128277906886,0.162,0.065,0,"0","ENSG00000286808"
0,1.15825971322586,0.199,0.103,0,"0","ANXA2R-OT1"
0,0.64598158683431,0.281,0.186,0,"0","RPS27L"
0,1.23814530384566,0.199,0.104,0,"0","H1-2"
0,2.16984032610334,0.133,0.038,0,"0","ENSG00000267379"
0,0.855791961179234,0.5,0.407,0,"0","YPEL5"
0,1.48335866030981,0.159,0.066,0,"0","ENSG00000250362"
0,1.69387786475862,0.149,0.056,0,"0","ENSG00000227615"
0,0.745983677145707,0.218,0.125,0,"0","PLCB1"
0,1.58229433087534,0.159,0.067,0,"0","TIPARP-AS1"
0,0.756689038567108,0.256,0.164,0,"0","PRP4K"
0,1.65501131347251,0.155,0.063,0,"0","ENSG00000272256"
0,0.634793651508729,0.575,0.484,0,"0","DENND4A"
0,0.835713929654962,0.26,0.17,0,"0","AP4B1-AS1"
0,0.674518143732387,0.529,0.44,0,"0","ZFP36"
0,1.10574370499773,0.192,0.103,0,"0","ENSG00000253980"
0,1.22876461633937,0.187,0.098,0,"0","H2AJ"
0,1.35426025980184,0.158,0.072,0,"0","ENSG00000295475"
0,1.22272590959386,0.17,0.084,0,"0","ENSG00000291066"
0,1.28701662758194,0.172,0.086,0,"0","ENSG00000279583"
0,1.00618571044199,0.209,0.123,0,"0","ENSG00000291073"
0,1.53038772868303,0.146,0.06,0,"0","RPL13P12"
0,0.686549674232233,0.729,0.643,0,"0","PITPNC1"
0,1.3086859217315,0.162,0.077,0,"0","ENSG00000307107"
0,1.51094346764726,0.143,0.058,0,"0","ARHGAP15-AS1"
0,1.25788949762168,0.155,0.073,0,"0","GP6-AS1"
0,1.26669027962476,0.204,0.122,0,"0","CCDC97"
0,1.33243688988291,0.158,0.077,0,"0","MIDEAS"
0,1.27730253958026,0.156,0.076,0,"0","ENSG00000300654"
0,1.35090377967155,0.155,0.075,0,"0","H2AX"
0,1.71988959065798,0.124,0.044,0,"0","ENSG00000290755"
0,0.936313369731246,0.193,0.114,0,"0","HYCC2"
0,0.943586766202526,0.196,0.117,0,"0","ENSG00000309976"
0,1.41567648960041,0.142,0.063,0,"0","STAG3L5P-PVRIG2P-PILRB"
0,1.0431981635793,0.186,0.108,0,"0","ENSG00000236449"
0,1.51832031569894,0.132,0.058,0,"0","ENSG00000304336"
0,1.19814917993288,0.169,0.095,0,"0","ENSG00000296297"
0,1.36515257337342,0.134,0.061,0,"0","RPS15P4"
0,1.08334247706819,0.156,0.083,0,"0","RSL1D1-DT"
0,1.25551231182976,0.148,0.076,0,"0","AKAP13-AS1"
0,1.2615300917838,0.132,0.062,0,"0","LINC01145.1"
0,1.43714971445342,0.122,0.052,0,"0","ENSG00000274265"
0,1.13740602032372,0.148,0.078,0,"0","RPS6KB1"
0,1.53193198528472,0.119,0.051,0,"0","ENSG00000254604"
0,1.35536464049895,0.126,0.059,0,"0","ENSG00000259589"
0,1.37709633249841,0.126,0.06,0,"0","ENSG00000294708"
0,1.48358996390577,0.115,0.049,0,"0","ENSG00000301902"
0,1.44151767168291,0.119,0.054,0,"0","ENSG00000300496"
0,1.70503079940817,0.103,0.039,0,"0","ENSG00000288064"
0,1.30014064881412,0.125,0.061,0,"0","RASGRF2"
0,1.5370558279819,0.107,0.043,0,"0","ENSG00000185641"
0,1.44425126255105,0.113,0.049,0,"0","ENSG00000294598"
0,1.26366648366349,0.127,0.064,0,"0","RABGEF1P1.1"
0,1.45474166743092,0.111,0.048,0,"0","ENSG00000255139"
0,1.52846275089762,0.106,0.043,0,"0","ENSG00000289017"
0,1.3735793386094,0.118,0.055,0,"0","PRKY.1"
0,1.41202804498723,0.117,0.054,0,"0","EP300-AS1"
0,1.45175437590869,0.111,0.049,0,"0","RPL29P4"
0,1.50675422058786,0.101,0.041,0,"0","RAB33B-AS1"
0,1.4199577069153,0.107,0.047,0,"0","RPL17P6"
0,1.54898539429869,0.1,0.041,0,"0","RPS18P5"
0,1.47519220214407,0.102,0.043,0,"0","ENSG00000290927"
0,1.46299769715465,0.101,0.044,0,"0","ENSG00000225450"
0,0.436038484929153,0.733,0.684,0,"0","CD44"
0,0.736408248955259,0.798,0.752,0,"0","PABPC1"
0,0.667916983038849,0.758,0.713,0,"0","SIK3"
0,0.734503947752359,0.93,0.926,0,"0","FTH1"
0,0.26625786039017,0.965,0.966,0,"0","EEF1A1"
0,0.268733278123467,1,1,0,"0","MALAT1"
1.43963169993758e-316,0.762236824922605,0.237,0.153,1.29582688943081e-311,"0","MARCHF7"
3.02079848425243e-316,1.39792755372726,0.103,0.047,2.71905092366045e-311,"0","ENSG00000309168"
2.10006115713855e-312,0.551317936399609,0.55,0.48,1.89028604815198e-307,"0","FOS"
3.45710737532943e-312,1.24299277142301,0.124,0.063,3.11177691960778e-307,"0","ENSG00000302067"
1.9730688362321e-307,0.664553510515028,0.382,0.296,1.77597899018088e-302,"0","MPZL3"
3.46079170998069e-304,0.925902531837601,0.18,0.107,3.11509322607072e-299,"0","ENSG00000291046"
5.90148703617904e-304,1.29841304305242,0.105,0.05,5.31198749613512e-299,"0","ENSG00000293497"
3.70119486619456e-298,0.546644974285683,0.312,0.218,3.33148251101038e-293,"0","GZMK"
4.4378983149574e-297,1.10255777169037,0.141,0.077,3.9945966522763e-292,"0","ENSG00000291154"
8.01390790477837e-296,1.22246390652921,0.109,0.053,7.21339864417006e-291,"0","MIR142HG"
2.45558476768274e-290,0.458035774298766,0.321,0.224,2.21029640523891e-285,"0","BBLN"
1.41482346779944e-289,0.545409158117777,0.576,0.517,1.27349675160095e-284,"0","RAB11A"
4.64951700184381e-289,1.25342454532519,0.113,0.057,4.18507674852963e-284,"0","ENSG00000298748"
7.10127352549607e-286,0.715205747642344,0.179,0.105,6.39192731303427e-281,"0","PLAC8"
2.35575360174479e-285,1.25909437501168,0.108,0.053,2.1204373744665e-280,"0","ENSG00000299729"
1.92933806299143e-281,1.05387451306561,0.13,0.07,1.73661648387922e-276,"0","ENSG00000290048"
3.42469499023497e-278,1.28062456931904,0.1,0.048,3.0826022076604e-273,"0","ENSG00000285725"
1.26469777495256e-277,1.22775360013856,0.113,0.057,1.13836711421255e-272,"0","ENSG00000270240"
4.39365494649829e-275,1.14840917155734,0.135,0.074,3.95477275389257e-270,"0","TANC2"
6.26908234788103e-274,1.16965662109024,0.122,0.065,5.6428637121512e-269,"0","CASP4LP.1"
1.35173112820884e-273,0.71367940491451,0.269,0.187,1.21670670581206e-268,"0","MPP7"
1.96282912993978e-269,0.895122212648746,0.249,0.176,1.76676212815009e-264,"0","HCG18"
5.37810720060976e-267,0.955009473019806,0.155,0.091,4.84088807234085e-262,"0","ARK2N"
9.45731057964311e-265,0.567861122617328,0.375,0.292,8.51261982584256e-260,"0","CD55"
2.64182023804896e-263,0.877632517587102,0.232,0.158,2.37792881447025e-258,"0","PRKCE"
5.30594095719012e-263,0.883150236206691,0.165,0.099,4.7759305149764e-258,"0","LNCRNA-IUR"
1.47816370418299e-259,0.778216582612943,0.211,0.138,1.33050993177215e-254,"0","ADSS2"
3.67852897211781e-259,1.18658199421976,0.11,0.057,3.31108071309296e-254,"0","ENSG00000274767"
1.28813236633523e-255,1.22224050460305,0.105,0.053,1.15946082426201e-250,"0","MARS1"
5.12369803447003e-250,0.603188944847331,0.293,0.208,4.61189183780682e-245,"0","MT-ATP8"
9.38944183611652e-250,1.02809443649708,0.144,0.083,8.45153049110684e-245,"0","ZC3H12B"
1.10982868312746e-249,1.21329723375532,0.108,0.056,9.98967895969862e-245,"0","MTRFR"
1.78754983733164e-247,0.553160932667057,0.415,0.339,1.60899148408059e-242,"0","FOSB"
3.13093505118736e-247,0.800599806983085,0.18,0.113,2.81818594892425e-242,"0","BRD10"
1.91271215786556e-245,0.941152848835939,0.172,0.108,1.72165134041637e-240,"0","RPS19BP1"
2.90922757733957e-243,1.02697977399806,0.119,0.064,2.61862483463912e-238,"0","FER"
3.29944156655488e-241,0.516013783404688,0.508,0.438,2.96986034847171e-236,"0","LINC01619"
6.2695890843649e-237,1.0258881715171,0.145,0.087,5.64331983072769e-232,"0","SARS1"
2.10108646073406e-236,0.413415923314988,0.672,0.627,1.89120893417134e-231,"0","CREM"
1.49586171120632e-235,0.890683379957854,0.143,0.084,1.34644008487392e-230,"0","TPRG1"
5.43925947758953e-235,0.358900388726946,0.607,0.532,4.89593184837311e-230,"0","CAMK4"
1.43370040023702e-234,1.01511651892183,0.133,0.077,1.29048806725734e-229,"0","ENSG00000289152"
5.91428657473609e-234,1.28505333442107,0.1,0.052,5.3235084887857e-229,"0","POLR1F"
5.25279946012483e-233,0.567212044070309,0.5,0.447,4.72809732205296e-228,"0","CDK17"
2.39625114977407e-232,1.14346875329696,0.104,0.055,2.15688962242314e-227,"0","ENSG00000308148"
1.31095443724027e-229,0.859755234343541,0.174,0.111,1.18000319850434e-224,"0","POLR2J3.1"
1.10463924895951e-227,1.16975874665242,0.103,0.054,9.94296834380943e-223,"0","KARS1"
1.1438991611798e-224,0.889645709772903,0.156,0.097,1.02963507396955e-219,"0","ZZZ3"
8.87657597811587e-223,0.787025096412396,0.18,0.117,7.98989480366187e-218,"0","DARS1"
2.49561338115506e-220,0.793306252769596,0.176,0.113,2.24632656051148e-215,"0","GOLM2"
6.09449874060654e-218,1.09521175514509,0.102,0.054,5.48571926140735e-213,"0","ENSG00000300303"
2.33443911125171e-215,1.02525733725782,0.123,0.071,2.10125198842878e-210,"0","ENSG00000272368"
3.68661220506705e-215,0.970096782675648,0.119,0.068,3.31835651190291e-210,"0","ZNF767P.1"
4.03847443423249e-215,0.653940880145541,0.223,0.153,3.63507122299701e-210,"0","TCF7"
5.26262104622222e-215,0.937199686445388,0.206,0.142,4.73693782991508e-210,"0","IGHA1"
5.86853871766827e-215,1.04380105821214,0.114,0.064,5.28233038516038e-210,"0","TXLNGY.1"
7.80491761932199e-214,1.10803319106529,0.12,0.069,7.02528439832792e-209,"0","H1-3"
6.900234205668e-213,0.88644742554019,0.144,0.088,6.21096981086382e-208,"0","MARCHF5"
1.19081302292476e-212,0.986584224385834,0.124,0.072,1.07186271006481e-207,"0","ENSG00000269825"
2.00676949456393e-208,0.958710601365606,0.161,0.103,1.80631328975194e-203,"0","MYO1D"
5.83907231581476e-208,1.14104958744312,0.104,0.057,5.25580738218802e-203,"0","ENSG00000308157"
3.21331110480001e-207,0.734429820760645,0.178,0.117,2.89233345854153e-202,"0","ENSG00000284634"
4.75482145845847e-207,0.950299574966308,0.138,0.085,4.27986234297306e-202,"0","ENSG00000291214"
2.86952694150034e-206,1.01717998464969,0.134,0.081,2.58288989531387e-201,"0","BLTP3B"
6.69929041054676e-206,0.792428766132856,0.159,0.1,6.03009829143725e-201,"0","IRAG2"
5.00106175556682e-198,1.53201162322936,0.12,0.072,4.50150569680325e-193,"0","LINC00910"
2.13279880843602e-197,0.868440733775455,0.126,0.075,1.91975353546135e-192,"0","MT-ND6"
1.97924931570936e-196,1.04691223601888,0.116,0.068,1.78154210156316e-191,"0","H2AC25"
3.61739546083409e-194,0.94029526365475,0.13,0.079,3.25605382825138e-189,"0","KGD4"
6.91582667216129e-194,0.487508317517516,0.5,0.454,6.2250047458791e-189,"0","SELENOK"
3.57620619725793e-192,0.808672798417923,0.152,0.097,3.21897896021383e-187,"0","NHERF1"
7.0356749801611e-192,1.02162901090438,0.109,0.063,6.3328814063928e-187,"0","ENSG00000294153"
8.79500542870703e-191,0.885782045732504,0.158,0.103,7.91647233643348e-186,"0","POLR1H"
4.10970717105357e-189,0.602810783920108,0.491,0.447,3.69918852173703e-184,"0","ADGRE5"
9.53957486286209e-189,0.817225537972247,0.167,0.111,8.5866667298108e-184,"0","YARS1"
5.79686380553027e-187,0.586836965426443,0.469,0.423,5.21781507999585e-182,"0","CYCS"
6.17973378586424e-186,0.760926931846903,0.209,0.149,5.56244017799426e-181,"0","CYSTM1"
1.16977698882041e-183,0.913012737655014,0.123,0.074,1.05292796540714e-178,"0","ENSG00000293320"
1.28263309118613e-183,0.752828761659825,0.156,0.102,1.15451087170755e-178,"0","TARS3"
4.74022234937221e-181,0.812420198941359,0.191,0.134,4.26672153889342e-176,"0","MARCKSL1"
1.34322433610146e-180,0.676522230150241,0.148,0.094,1.20904965716828e-175,"0","CCR7"
2.82399677580748e-177,0.810486523154439,0.133,0.083,2.54190773787207e-172,"0","MTATP6P1"
3.63358042810041e-177,0.998885101361222,0.112,0.066,3.27062207913746e-172,"0","ENSG00000289100"
1.85679289874727e-176,0.843582627704237,0.132,0.082,1.67131785609141e-171,"0","AFG2A"
5.58846255959127e-176,1.0555516374758,0.121,0.074,5.0302310345137e-171,"0","HOMER1"
6.2593799574856e-174,1.04292542172052,0.122,0.075,5.63413049353237e-169,"0","TAF4B"
6.32303486408992e-171,0.570537914538396,0.247,0.184,5.69142691151598e-166,"0","LYAR"
8.79989208285228e-170,0.51664445479781,0.49,0.446,7.92087086269616e-165,"0","BRAF"
1.66653895673915e-167,0.499348749117515,0.561,0.53,1.50006838035048e-162,"0","RALGAPA1"
2.66055840037603e-164,0.911443563177122,0.115,0.07,2.39479522176247e-159,"0","CARINH"
8.58109260189435e-160,0.313650570122318,0.714,0.698,7.72392726189112e-155,"0","EML4"
3.69936262823748e-159,0.581640601548294,0.31,0.252,3.32983329530284e-154,"0","USP36"
7.43209377218297e-158,0.622932128068946,0.273,0.214,6.68970192527961e-153,"0","NEU1"
8.90482962941087e-158,0.473277313892193,0.525,0.487,8.01532619772902e-153,"0","ATP1B3"
3.50896285811814e-155,0.513127384894625,0.589,0.585,3.15845255822072e-150,"0","MCL1"
1.15932590522496e-153,0.882331159523987,0.165,0.116,1.04352084055204e-148,"0","ZSCAN16-AS1"
8.81052787171109e-152,1.00905392064325,0.108,0.067,7.93044424260587e-147,"0","7SK.4"
1.01591286160913e-151,0.697146143013712,0.218,0.164,9.1443332586299e-147,"0","SNHG16"
3.82951314720835e-151,0.912207458001603,0.125,0.08,3.44698307893371e-146,"0","H2BC12"
4.35948769140431e-150,0.849157799345814,0.166,0.117,3.92401846590993e-145,"0","PDE12"
6.13274914660459e-150,0.640862997885186,0.15,0.1,5.52014883435025e-145,"0","CHN2"
1.49926390261265e-146,0.510402639045822,0.341,0.283,1.34950243138067e-141,"0","TLE4"
1.23816124868116e-145,0.932197689489102,0.104,0.064,1.1144813215504e-140,"0","BIRC6-AS2.1"
3.92736972247935e-145,0.728481480449282,0.154,0.106,3.53506476090089e-140,"0","LINC03009"
1.19963743886411e-143,0.55125276062141,0.178,0.126,1.07980565509598e-138,"0","ENSG00000273445"
1.71889741771428e-143,0.584151631407092,0.397,0.351,1.5471967546588e-138,"0","ZHX2"
1.89259649963244e-140,0.795187748013123,0.121,0.079,1.70354503528415e-135,"0","ENSG00000298543"
3.79057615097946e-138,0.899552266959448,0.109,0.069,3.41193549925812e-133,"0","RPL7L1"
1.08208315480719e-136,0.789296490473666,0.142,0.097,9.73993868473504e-132,"0","IFT25"
2.15510152226984e-136,0.580094375822036,0.16,0.112,1.93982843121031e-131,"0","TANK-AS1"
6.11492757105281e-135,0.838455191831621,0.115,0.074,5.50410745598034e-130,"0","RPS6KC1"
5.85320135588022e-134,0.938820459566281,0.118,0.077,5.26852507244134e-129,"0","PRKCA-AS1"
7.34937151142601e-132,0.642021517233387,0.104,0.065,6.61524279114967e-127,"0","ENSG00000267476"
4.53860655684168e-131,0.902980721244657,0.106,0.067,4.08524514787876e-126,"0","TARS1"
1.03410782468671e-130,0.343933705710015,0.561,0.531,9.30810794078751e-126,"0","GAS5"
2.76213546656712e-130,0.848933360145721,0.119,0.079,2.48622575481173e-125,"0","SUGT1P3.1"
1.02886713016596e-129,0.488593312681702,0.486,0.457,9.26093592533681e-125,"0","SRSF2"
5.21352701479815e-129,0.711563405252119,0.132,0.089,4.69274780128996e-124,"0","RFX3-DT"
1.99045765391772e-128,0.818382359894973,0.113,0.074,1.79163083886788e-123,"0","SKIC3"
5.64241628076382e-127,0.592415969082754,0.19,0.142,5.07879531847832e-122,"0","ARL4A"
1.948806073061e-126,0.567695832541361,0.473,0.431,1.75413983442294e-121,"0","BTBD9"
2.17791197199322e-126,0.644589631988081,0.146,0.102,1.96036034511081e-121,"0","HYCC1"
5.45271241853924e-126,0.542184965862635,0.197,0.146,4.90804097505136e-121,"0","SLCO3A1"
3.61896572924426e-123,0.429104951453555,0.48,0.439,3.25746724255005e-118,"0","ZSWIM6"
1.02580594486417e-122,0.65979270766797,0.135,0.092,9.23338189031687e-118,"0","FMNL1-DT"
1.2398633565857e-121,0.814341480096201,0.111,0.073,1.11601340589636e-116,"0","UQCC5"
1.32836245298092e-117,0.720054211225906,0.205,0.159,1.19567232755266e-112,"0","USP3-AS1"
8.30341294205387e-116,0.788599125806324,0.115,0.077,7.47398502327211e-111,"0","CSTPP1"
7.74115530603179e-115,0.824027986510747,0.105,0.069,6.96789130251228e-110,"0","GARRE1"
1.76787349812287e-114,0.280270494654942,0.621,0.602,1.59128061439537e-109,"0","LEPROTL1"
1.98617975514581e-114,0.340359606471228,0.649,0.652,1.7877802594043e-109,"0","EZR"
2.64830289398097e-112,0.389753135946191,0.517,0.494,2.38376391790121e-107,"0","PPP1CB"
5.80055023450843e-112,0.816913011590714,0.109,0.073,5.22113327158339e-107,"0","EPRS1"
2.99748212001616e-111,0.287284394960765,0.709,0.708,2.69806363104774e-106,"0","KMT2E"
4.22248540459516e-111,0.737169646627946,0.117,0.079,3.80070133753015e-106,"0","IARS1"
6.64689614661226e-111,0.325133017486753,0.484,0.434,5.98293769052716e-106,"0","AKT3"
1.94356146825519e-110,0.637145360837108,0.174,0.13,1.74941911319118e-105,"0","KDM6B"
2.72343685660263e-110,0.558460034652639,0.169,0.124,2.4513927489966e-105,"0","ENSG00000291143"
8.70682663640441e-109,0.791754641401318,0.105,0.069,7.83710172369397e-104,"0","ZNF37BP.1"
9.13626622150857e-107,0.780515558375967,0.11,0.074,8.22364458864207e-102,"0","ENSG00000291203"
4.77567417467543e-106,0.57357725326842,0.167,0.124,4.2986320813671e-101,"0","BMAL1"
6.85164180251936e-105,0.845746805661624,0.115,0.079,6.1672313028657e-100,"0","FHIP2A"
3.94947333588091e-104,0.608360737542101,0.192,0.149,3.55496044435976e-99,"0","CSRNP1"
4.67749129857663e-100,0.294687880228564,0.669,0.662,4.21025669276181e-95,"0","STAT4"
1.62009805072894e-97,0.272719362403449,0.355,0.299,1.45826645644162e-92,"0","MGAT4A"
4.15342717755399e-97,0.538324119805049,0.181,0.138,3.73854133678813e-92,"0","USP53"
1.2829674072313e-96,0.704723582032697,0.108,0.074,1.15481179292297e-91,"0","ENSG00000308299"
4.26882250391723e-94,0.577974170261185,0.153,0.114,3.84240982400094e-89,"0","NICOL1"
2.1617038649973e-93,0.840711852861731,0.114,0.081,1.94577126592272e-88,"0","RRP12"
8.26399950681425e-93,0.3769734720441,0.316,0.268,7.43850859607858e-88,"0","MCUB"
2.26066023341015e-87,0.688248756773725,0.15,0.113,2.03484288269481e-82,"0","YBX3"
1.57637518836544e-85,0.649523601989066,0.168,0.13,1.41891107079962e-80,"0","PPP1R13B"
1.55950129637818e-84,0.277367882024073,0.58,0.555,1.40372271188296e-79,"0","KLF12"
6.36121975274851e-83,0.596360713352907,0.106,0.074,5.72579751164646e-78,"0","DHRS3"
4.37737111473894e-82,0.322223462967718,0.486,0.455,3.94011551408766e-77,"0","BICDL1"
3.19158136009025e-81,0.738631090546145,0.111,0.08,2.87277429803083e-76,"0","PHB1"
6.78175357455441e-79,0.51852719159409,0.168,0.131,6.10432420999217e-74,"0","ITM2C"
3.43524941262298e-78,0.579228654053792,0.147,0.112,3.09210234879607e-73,"0","DYNLT3"
1.96022255318509e-73,0.459358476519578,0.331,0.301,1.76441592234743e-68,"0","HNRNPA0"
8.1880197057515e-73,0.433364635568534,0.287,0.251,7.37011841734398e-68,"0","TNRC6C"
3.12901715006631e-71,0.701260123384657,0.167,0.135,2.81645962694618e-66,"0","HEXIM1"
1.77120134242781e-69,0.713878013919329,0.1,0.072,1.5942760403327e-64,"0","LARS1"
5.93790016563213e-69,0.580467045653623,0.145,0.113,5.34476331808714e-64,"0","MACROH2A1"
2.54725740047579e-68,0.55055883216866,0.114,0.084,2.29281185874227e-63,"0","PCAT1"
4.52346210725865e-68,0.397151061159453,0.157,0.121,4.07161347736459e-63,"0","KLF3"
2.24336478685933e-67,0.519389194861858,0.149,0.116,2.01927507829995e-62,"0","EPHA4"
2.94197794969467e-67,0.389630898517149,0.161,0.127,2.64810377229967e-62,"0","NR4A3"
1.98739511057667e-66,0.455761753248148,0.354,0.325,1.78887421298117e-61,"0","SNHG32"
4.37933593406436e-66,0.328886575459041,0.586,0.589,3.94188406761067e-61,"0","ARIH1"
1.5445494004919e-65,0.437588537509499,0.314,0.281,1.39026436087676e-60,"0","PRKAR2A"
6.83816382665512e-64,0.732030183669923,0.204,0.174,6.15509964201054e-59,"0","BTD"
2.58052361378014e-62,0.364248249479571,0.353,0.323,2.32275510999964e-57,"0","SKIL"
3.74564091388801e-61,0.659883707941993,0.109,0.082,3.37148884299973e-56,"0","PSME3IP1"
2.52985038485954e-59,0.605574474892019,0.123,0.095,2.27714362991592e-54,"0","MAN1C1"
1.86506500019271e-56,0.342979445367201,0.382,0.358,1.67876365732346e-51,"0","CLDND1"
3.47231077534569e-56,0.480949281797263,0.174,0.142,3.12546165199641e-51,"0","KRT17"
1.19670766339769e-54,0.626423277097585,0.109,0.083,1.0771685349009e-49,"0","NPIPB13"
3.37362130030809e-54,0.290577741700706,0.503,0.487,3.03663026862031e-49,"0","ARHGAP26"
1.18087826441154e-52,0.399455175175679,0.214,0.184,1.06292033457947e-47,"0","S100P"
2.31274051842792e-52,0.382716670673881,0.284,0.254,2.08172086804215e-47,"0","PLP2"
3.6683054789646e-52,0.504865715650429,0.15,0.121,3.30187844467083e-47,"0","PERP"
6.43169331526425e-51,0.493692280790701,0.107,0.082,5.7892314700025e-46,"0","BTG1-DT"
6.55251121192953e-51,0.269317947525178,0.359,0.328,5.89798086696989e-46,"0","NR4A2"
6.77911781377491e-51,0.499889308351848,0.122,0.095,6.10195173535694e-46,"0","SBF2"
1.27711459329803e-48,0.414514906901016,0.348,0.328,1.14954361657349e-43,"0","TUBA4A"
9.61061729538175e-48,0.569158577275466,0.161,0.134,8.65061273374607e-43,"0","GCLM"
3.81726127778914e-47,0.435466165506414,0.185,0.157,3.43595504875078e-42,"0","PLK3"
3.84299386120746e-47,0.419649123903896,0.137,0.11,3.45911720441144e-42,"0","RRN3P2"
1.39848591812412e-46,0.599379628310451,0.4,0.477,1.2587911597627e-41,"0","MT2A"
2.32825420538327e-45,0.36514936731223,0.246,0.217,2.09568489280754e-40,"0","CITED2"
4.8083077310455e-44,0.512116231329965,0.19,0.165,4.32800587179136e-39,"0","C1orf56"
1.0543030169157e-43,0.348873128633136,0.129,0.104,9.48988688555993e-39,"0","ENSG00000268027"
3.64117311085437e-43,0.315250867413722,0.344,0.319,3.27745632881112e-38,"0","SMURF2"
3.6951786459027e-43,0.404544238790676,0.188,0.159,3.32606725096348e-38,"0","PATJ"
6.45817961984666e-43,0.464799133612288,0.115,0.091,5.81307205762018e-38,"0","PGM5P2.1"
7.15901100946794e-41,0.409541362159007,0.294,0.271,6.44389739973219e-36,"0","RAPGEF2"
1.36406181875523e-40,0.484881677484988,0.184,0.16,1.22780568367977e-35,"0","CHMP1B"
1.63531602407963e-39,0.408627816568268,0.227,0.202,1.47196430643432e-34,"0","GPR132"
9.1142074692699e-39,0.423730095736195,0.272,0.25,8.20378928516453e-34,"0","TBL1X"
8.76219399454612e-38,0.291617936955759,0.501,0.498,7.88693843643091e-33,"0","BAZ1A"
7.69595397070686e-37,0.393458558757453,0.308,0.29,6.92720512857295e-32,"0","MAP2K1"
6.66867514918908e-35,0.512413742635303,0.145,0.124,6.00254118853658e-30,"0","KLHL18"
6.52612396622151e-34,0.357329018240824,0.384,0.37,5.87422944323565e-29,"0","ATP2B1"
2.3037167473431e-33,0.552568269333004,0.117,0.098,2.073598481451e-28,"0","SPDYE2"
7.54196236261584e-31,0.451244834054271,0.117,0.097,6.78859574221415e-26,"0","ITGA5"
1.97519936298248e-30,0.393576234951633,0.182,0.161,1.77789669861416e-25,"0","INSIG1"
4.81499869162849e-30,0.387059066709844,0.153,0.132,4.33402847232172e-25,"0","GLA"
4.88796909805496e-30,0.447382062180016,0.328,0.315,4.39970986485025e-25,"0","TUBB4B"
5.44396173595689e-30,0.468076818417776,0.112,0.093,4.90016439815216e-25,"0","SLC39A8"
5.88250804815268e-30,0.517742433914519,0.153,0.133,5.29490431922271e-25,"0","HGSNAT"
6.14407983696213e-30,0.595389205864079,0.129,0.11,5.53034770204798e-25,"0","CLDN4"
1.00381257372668e-29,0.257283553137678,0.419,0.407,9.03541735737126e-25,"0","TSPYL2"
3.83799715274904e-29,0.455820485465996,0.173,0.154,3.45461961716094e-24,"0","DNAJB9"
9.26410154912632e-28,0.328640819721676,0.11,0.091,8.33871044538409e-23,"0","ENSG00000302605"
3.49701704316085e-27,0.300166312197189,0.119,0.1,3.14770001071951e-22,"0","MYBL1"
1.92731876286e-26,0.4412527874047,0.162,0.143,1.73479889163792e-21,"0","RNF24"
2.06612208475137e-26,0.500635289789442,0.13,0.112,1.85973714970556e-21,"0","AQP3"
6.73278860515744e-26,0.343697512800578,0.188,0.168,6.06025035138826e-21,"0","OOEP"
1.79282271213477e-25,0.265950092021319,0.384,0.371,1.61373765141963e-20,"0","CD6"
5.27629823063397e-25,0.362725935427177,0.275,0.26,4.74924880037595e-20,"0","RCOR1"
2.31518322076973e-24,0.45081697956994,0.114,0.097,2.08391956884704e-19,"0","CSKMT"
2.58685265527278e-24,0.427598009051063,0.135,0.118,2.32845194353759e-19,"0","PHF1"
3.55848290471924e-24,0.714735738582862,0.159,0.142,3.20302604736684e-19,"0","FILIP1L"
3.91650487244697e-24,0.368439611359723,0.142,0.123,3.52528520073824e-19,"0","PDE8A"
4.62817491660344e-24,0.320131414122448,0.242,0.224,4.16586652418392e-19,"0","DOCK9"
6.82278622052467e-24,0.427532197171293,0.213,0.197,6.14125810495646e-19,"0","MACO1"
6.58558045211624e-23,0.458816475022811,0.146,0.13,5.92774682075435e-18,"0","RNF139"
7.37066718945611e-23,0.3279559504648,0.337,0.321,6.63441124390134e-18,"0","ABLIM1"
3.71445852744258e-22,0.306121449222679,0.542,0.566,3.34342126513634e-17,"0","LRRFIP1"
9.21336149613388e-21,0.331877285121464,0.165,0.148,8.29303881628507e-16,"0","PGAP1"
1.08618643514206e-20,0.319180984526642,0.319,0.311,9.77687272135722e-16,"0","CHCHD3"
4.3854111685055e-20,0.340170635788919,0.131,0.114,3.94735244688349e-15,"0","PLEKHA5"
1.63935165266594e-19,0.347272815964935,0.217,0.201,1.47559681608114e-14,"0","SNHG25"
1.88191027680695e-18,0.508385845469244,0.106,0.093,1.6939262592567e-13,"0","SNHG3"
7.125073450805e-18,0.339742977128522,0.161,0.145,6.41334986380409e-13,"0","EGR1"
6.79124853228243e-17,0.412016493488775,0.153,0.14,6.11287071639273e-12,"0","NFATC1"
1.50786096777647e-16,0.307296812933847,0.294,0.286,1.35724073570528e-11,"0","EIF4A3"
5.55541131406895e-16,0.31710218452011,0.398,0.4,5.0004812779066e-11,"0","HSPA5"
6.10417262713609e-16,0.301313011260119,0.11,0.095,5.49442682341147e-11,"0","CPQ"
1.18635698027473e-15,0.379123912802858,0.228,0.218,1.06785178151509e-10,"0","GALNT11"
1.33756167283846e-15,0.259403475644463,0.334,0.327,1.20395263733863e-10,"0","TUBA1A"
1.6095828838182e-15,0.314386954511221,0.153,0.138,1.4488016495536e-10,"0","AP3M2"
5.14058842283686e-15,0.358034837929332,0.123,0.11,4.62709504527969e-10,"0","PNP"
5.92716458475994e-15,0.354990160058026,0.1,0.087,5.33510011438827e-10,"0","ID1"
6.41108998316934e-15,0.429434288786648,0.1,0.087,5.77068620475056e-10,"0","C16orf54"
6.73891134024817e-15,0.280980873790648,0.307,0.298,6.06576148647078e-10,"0","PRKX"
7.62386466490631e-15,0.264349489781333,0.357,0.351,6.86231682352882e-10,"0","SERINC5"
7.35120038036479e-14,0.871532418531835,0.254,0.253,6.61688897437015e-09,"0","MT1X"
7.66197266620664e-14,0.430671131811412,0.147,0.135,6.89661821657926e-09,"0","ELL"
8.77275628844596e-14,0.269933560816943,0.104,0.091,7.89644566279309e-09,"0","CARS1"
4.54467888387378e-12,0.404106854536332,0.101,0.09,4.09071091016363e-07,"0","RARA"
6.7117555167816e-12,0.280575057978389,0.259,0.252,6.04131825821029e-07,"0","SKI"
1.56885910245154e-11,0.42864569437534,0.118,0.108,1.41214576670766e-06,"0","PRKCI"
8.26159491850144e-11,0.302151169898661,0.245,0.238,7.43634420209233e-06,"0","SIK2"
1.00142838955235e-10,0.314096689488965,0.179,0.169,9.01395707719967e-06,"0","RELL1"
2.14461433924809e-10,0.324761357332906,0.154,0.144,1.9303888129006e-05,"0","RNF11"
1.10542751767243e-09,0.365405483215447,0.119,0.11,9.95006362932129e-05,"0","MED31"
2.19909510006611e-08,0.307998087200693,0.246,0.242,0.0019794274905205,"0","DDX3Y"
2.64779449294939e-08,0.277068895873457,0.112,0.103,0.00238330630104868,"0","ETV3"
4.03133966835858e-08,0.297177901492612,0.306,0.309,0.00362864914888624,"0","POLR2A"
1.80753045306544e-07,0.263186017877845,0.255,0.251,0.0162697623610873,"0","SOS2"
1.84361947049622e-07,0.376525905558432,0.101,0.094,0.0165946032158835,"0","ETFRF1"
2.16542210512855e-07,0.252801755667963,0.15,0.142,0.0194911809104726,"0","MXI1"
5.24099789182885e-07,0.282148796255491,0.168,0.161,0.0471747461241407,"0","GNB5"
1.0745224135875e-06,0.293189390497988,0.116,0.11,0.096718836969424,"0","CXCL8"
4.97640807107228e-06,0.289345802008296,0.155,0.149,0.447931466885287,"0","DANCR"
5.01862642177713e-06,0.280545142811252,0.125,0.118,0.451731582850581,"0","TNFRSF10B"
1.48332554379974e-05,0.283707152693781,0.235,0.235,1,"0","ARID5A"
2.08313741434738e-05,0.294143899998806,0.152,0.147,1,"0","TXLNG"
3.98138599626918e-05,0.256046775190018,0.237,0.236,1,"0","RNF168"
7.56704959144147e-05,0.614086313194613,0.126,0.14,1,"0","MT1E"
7.77597628737253e-05,0.31099394229793,0.233,0.228,1,"0","CMSS1"
0.000107274897678595,0.347527650202714,0.18,0.176,1,"0","ARHGAP10"
0.000490217456822775,0.385037122237156,0.159,0.157,1,"0","PACSIN2"
0.000508036026910733,0.630219315934142,0.119,0.117,1,"0","MT1F"
0.000578437499983338,0.305066331676712,0.15,0.147,1,"0","LPCAT3"
0.000783899505424085,0.27573303076342,0.176,0.174,1,"0","ERCC1"
0.000893459374384979,0.265304246373071,0.128,0.123,1,"0","ATP1B1"
0.000916228898577956,0.445640123947001,0.336,0.352,1,"0","ANKRD28"
0.000993678682243163,0.311333420466929,0.134,0.13,1,"0","GNL1"
0.00124110960804741,0.253660676669512,0.122,0.118,1,"0","NXT1"
0.00219565480445513,0.290081419084536,0.154,0.151,1,"0","ESR2"
0.00229412467977797,0.271479805368656,0.207,0.207,1,"0","CUX1"
0.00243378821546929,0.308678486354118,0.126,0.123,1,"0","TGIF1"
0.00526976231658378,0.307582223314049,0.118,0.116,1,"0","NXF1"
0.00821090794178592,0.29876020015756,0.103,0.1,1,"0","RABIF"
0,2.90168452487334,0.937,0.146,0,"1","H3F3B"
0,2.34878917981934,0.853,0.14,0,"1","H3F3A"
0,2.11051289263132,0.839,0.275,0,"1","PFDN5"
0,2.18603873018017,0.777,0.219,0,"1","EEF1G"
0,2.60737851606084,0.611,0.106,0,"1","CD99"
0,2.47168752858576,0.594,0.102,0,"1","FAM49B"
0,2.70558782720803,0.571,0.09,0,"1","LINC01578"
0,1.96273454650443,0.657,0.19,0,"1","RNASEK"
0,2.69956189734161,0.547,0.091,0,"1","H2AFZ"
0,2.27522711151559,0.554,0.116,0,"1","SLC25A6"
0,2.2999378253107,0.592,0.157,0,"1","RAPGEF6"
0,2.06972547693528,0.561,0.127,0,"1","NME2"
0,1.81809305031661,0.597,0.2,0,"1","EIF4A1"
0,2.53468300927172,0.479,0.082,0,"1","ATP5MD"
0,2.45770238233044,0.493,0.097,0,"1","FAM172A"
0,1.72183511618126,0.625,0.231,0,"1","CDC42"
0,2.32208672227364,0.468,0.086,0,"1","C9orf16"
0,2.68652305832491,0.454,0.075,0,"1","H2AFV"
0,1.74642041344105,0.718,0.343,0,"1","FOXP1"
0,2.20226385726839,0.476,0.124,0,"1","ANKHD1"
0,2.95220711137705,0.414,0.062,0,"1","AP001011.1"
0,1.76151478938624,0.482,0.131,0,"1","CAST"
0,2.85669755119411,0.407,0.062,0,"1","MARCH6"
0,2.97104771348221,0.399,0.055,0,"1","C5orf56"
0,2.8764903549197,0.403,0.062,0,"1","LIME1"
0,1.19795374037485,0.767,0.432,0,"1","MIF"
0,2.70080014251237,0.396,0.064,0,"1","KIAA1109"
0,2.94679375570884,0.387,0.056,0,"1","AC079793.1"
0,2.75385841437454,0.397,0.071,0,"1","KLRK1"
0,2.48549055977033,0.392,0.07,0,"1","ATP5MPL"
0,2.51100580799904,0.387,0.068,0,"1","MARCH7"
0,2.91123080218085,0.372,0.054,0,"1","H1FX"
0,1.41661797936247,0.597,0.279,0,"1","SKP1"
0,2.22405723909047,0.404,0.087,0,"1","TOMM6"
0,2.68296696213956,0.374,0.061,0,"1","FAM214A"
0,3.27852659659256,0.355,0.042,0,"1","PRKY"
0,2.21515786205158,0.395,0.087,0,"1","PRPF4B"
0,2.18977767341195,0.389,0.087,0,"1","ATP6V0C"
0,3.16540419117883,0.346,0.049,0,"1","WDR61"
0,1.98143893244987,0.385,0.096,0,"1","WDR83OS"
0,2.82789947841241,0.34,0.055,0,"1","HIST1H4C"
0,1.20059439256665,0.766,0.49,0,"1","CRIP1"
0,1.48997181245693,0.537,0.263,0,"1","GIMAP4"
0,3.14219371467158,0.309,0.036,0,"1","AC245297.3"
0,1.07028071257246,0.695,0.424,0,"1","FOXN3"
0,2.9023623072035,0.319,0.05,0,"1","P2RY8"
0,2.68813380336977,0.316,0.052,0,"1","ADSS"
0,1.79821616927399,0.396,0.133,0,"1","UBE2V1"
0,1.80053996704908,0.406,0.146,0,"1","PPM1B"
0,1.86364919823958,0.353,0.094,0,"1","PSMA2"
0,2.45311458934766,0.317,0.059,0,"1","AC007384.1"
0,2.85113047844288,0.301,0.045,0,"1","HIST1H2AC"
0,2.17442153220143,0.361,0.106,0,"1","LRRC8C"
0,1.61788801524644,0.419,0.164,0,"1","LUC7L2"
0,2.71518143318936,0.299,0.046,0,"1","AC092821.3"
0,2.87207473988031,0.317,0.067,0,"1","SLC35F1"
0,1.6044254518037,0.387,0.138,0,"1","PSMA6"
0,1.95855086021879,0.353,0.105,0,"1","PPP2CA"
0,2.35987460188562,0.318,0.07,0,"1","RABGEF1"
0,1.14464911191892,0.47,0.223,0,"1","GABARAP"
0,1.30236516284667,0.537,0.291,0,"1","GIMAP7"
0,1.1243959577992,0.75,0.507,0,"1","ANKRD12"
0,1.85817828048601,0.36,0.117,0,"1","ITCH"
0,1.20420425325063,0.486,0.245,0,"1","NDUFV2"
0,3.25256518097389,0.271,0.032,0,"1","FAM102A"
0,2.56872129697916,0.291,0.052,0,"1","HIST1H1C"
0,2.71211059761351,0.286,0.047,0,"1","AC016831.7"
0,1.13591675209248,0.77,0.534,0,"1","TXNIP"
0,2.06873969242498,0.342,0.108,0,"1","PPP3R1"
0,3.51368154293671,0.263,0.029,0,"1","AC020916.1"
0,3.27895207470778,0.261,0.03,0,"1","FAM102B"
0,1.94577782314502,0.317,0.091,0,"1","RBM27"
0,1.66913214706539,0.353,0.127,0,"1","CHMP4A"
0,2.65738183189449,0.271,0.046,0,"1","AC010894.3"
0,1.35997955248373,0.47,0.245,0,"1","KIF2A"
0,2.13978615885808,0.308,0.083,0,"1","UMAD1"
0,2.68298629884226,0.289,0.064,0,"1","ZNF10"
0,0.609965084433912,0.673,0.449,0,"1","THEMIS"
0,0.985720660423016,0.676,0.453,0,"1","RESF1"
0,2.47929739840374,0.272,0.051,0,"1","ARNTL"
0,2.49962492831676,0.268,0.05,0,"1","LINC01004"
0,1.86268709886186,0.316,0.098,0,"1","SARNP"
0,3.3462410179273,0.253,0.035,0,"1","AC016074.2"
0,2.76178862349229,0.257,0.041,0,"1","AC079781.5"
0,0.861477604563716,0.688,0.472,0,"1","INPP4B"
0,2.45048263903197,0.267,0.052,0,"1","KIAA2026"
0,1.53496584109008,0.371,0.157,0,"1","SPATA13"
0,2.28060686958015,0.268,0.055,0,"1","H2AFJ"
0,2.89720887497983,0.249,0.036,0,"1","FAM126B"
0,2.587623719896,0.255,0.043,0,"1","AC009313.1"
0,1.92417698582129,0.292,0.08,0,"1","TRAPPC5"
0,1.35963074384078,0.411,0.2,0,"1","GZMK"
0,2.69370093896366,0.25,0.041,0,"1","ZNRD1"
0,1.04008866153864,0.816,0.607,0,"1","HSPH1"
0,1.74156967474358,0.326,0.118,0,"1","MRPS6"
0,1.53486133353594,0.36,0.152,0,"1","BTN3A1"
0,1.06549711318104,0.496,0.289,0,"1","KMT2A"
0,3.20306759883655,0.236,0.029,0,"1","TARSL2"
0,3.03060450000765,0.238,0.032,0,"1","YARS"
0,2.53169764188338,0.25,0.045,0,"1","DARS"
0,0.998055472863361,0.575,0.37,0,"1","TGFBR2"
0,2.77957937456618,0.242,0.038,0,"1","SLC9A3R1"
0,0.454717517261324,0.801,0.6,0,"1","HSPA1B"
0,3.35001052028109,0.234,0.033,0,"1","ADAMTSL4-AS1"
0,1.00082311689057,0.441,0.24,0,"1","GNG5"
0,3.48488688202617,0.226,0.025,0,"1","AC068587.4"
0,2.64381499683087,0.241,0.04,0,"1","HSPB11"
0,2.82629718071774,0.238,0.037,0,"1","DDX58"
0,2.89527824859725,0.235,0.035,0,"1","AC023424.3"
0,2.57599589442849,0.24,0.04,0,"1","HIST1H1D"
0,2.29839506078577,0.259,0.061,0,"1","ZNF83"
0,1.55686916038626,0.36,0.163,0,"1","IPCEF1"
0,2.71323760680994,0.236,0.039,0,"1","CASC4"
0,1.14614564766805,0.439,0.243,0,"1","BTN3A2"
0,3.05646335516404,0.227,0.031,0,"1","AL137856.1"
0,2.92508216513612,0.229,0.033,0,"1","AC010609.1"
0,2.77467620734385,0.233,0.038,0,"1","C18orf25"
0,2.97178593983622,0.227,0.034,0,"1","AC022217.3"
0,2.84081800559951,0.229,0.036,0,"1","FAM160B1"
0,2.52880238664761,0.241,0.049,0,"1","PRORP"
0,2.81183636833229,0.228,0.036,0,"1","AL645568.1"
0,3.02345068350539,0.222,0.032,0,"1","AC243960.1"
0,1.55319957880662,0.356,0.166,0,"1","AHR"
0,0.800844780281898,0.79,0.602,0,"1","LCP1"
0,1.41717085208321,0.372,0.184,0,"1","MOB4"
0,1.63221865947059,0.346,0.158,0,"1","RNF125"
0,2.68047985942228,0.223,0.037,0,"1","AC018362.1"
0,4.61250195584483,0.195,0.009,0,"1","AC243829.1"
0,3.63080092802073,0.203,0.018,0,"1","LRMP"
0,2.78971348013864,0.221,0.037,0,"1","AP000787.1"
0,0.588039207380749,0.714,0.531,0,"1","CD3G"
0,1.12326823480614,0.394,0.213,0,"1","IDS"
0,1.93758319682065,0.253,0.072,0,"1","MFSD14A"
0,2.16237341648704,0.241,0.06,0,"1","APOE"
0,2.49580907617262,0.223,0.042,0,"1","AC025164.1"
0,2.36047670286464,0.225,0.045,0,"1","H2AFY"
0,2.79730203032386,0.215,0.036,0,"1","SPATA5"
0,2.08115561194303,0.239,0.062,0,"1","GIMAP5"
0,0.558948492827023,0.666,0.49,0,"1","IGKC"
0,0.900008399978219,0.558,0.382,0,"1","CCL4"
0,2.58471970440583,0.213,0.037,0,"1","AC118549.1"
0,0.93024834249027,0.447,0.272,0,"1","KRTCAP2"
0,2.52886287969707,0.214,0.039,0,"1","MFSD14C"
0,1.68889682969827,0.267,0.093,0,"1","RFFL"
0,3.53467720196823,0.192,0.019,0,"1","AC006369.1"
0,0.546206613817182,0.624,0.451,0,"1","GZMA"
0,0.825017250330648,0.888,0.716,0,"1","HMGB1"
0,2.03992794718302,0.23,0.058,0,"1","MRPS24"
0,2.38519178642978,0.223,0.051,0,"1","ZNF410"
0,1.1171006558139,0.847,0.675,0,"1","HSPE1"
0,0.847264681755306,0.555,0.384,0,"1","RGS2"
0,0.727346250531403,0.667,0.496,0,"1","TNFAIP8"
0,1.09496219969573,0.598,0.427,0,"1","FKBP5"
0,0.818918128136237,0.548,0.378,0,"1","LINC01934"
0,0.906536741298459,0.469,0.299,0,"1","EVI2B"
0,0.769265342759075,0.868,0.699,0,"1","HSPA1A"
0,2.54901216547065,0.203,0.034,0,"1","HIST1H1E"
0,2.77970855757975,0.2,0.031,0,"1","AC058791.1"
0,0.772281059021612,0.624,0.455,0,"1","EMB"
0,0.814823756904179,0.575,0.406,0,"1","RIPOR2"
0,0.758619535035023,0.854,0.685,0,"1","DNAJB1"
0,1.20127343296095,0.341,0.173,0,"1","DDX39B"
0,2.5779862256085,0.202,0.034,0,"1","AL627171.2"
0,1.03071552624689,0.351,0.183,0,"1","TRAT1"
0,2.43421551701157,0.207,0.039,0,"1","PHB"
0,1.373319493908,0.272,0.105,0,"1","LAT"
0,2.63323510181739,0.2,0.033,0,"1","SARS"
0,2.56191220678895,0.203,0.036,0,"1","PYURF"
0,2.79083575654059,0.199,0.032,0,"1","IARS"
0,2.93986972714943,0.195,0.028,0,"1","AC007216.4"
0,2.18708220464515,0.213,0.046,0,"1","RBFOX2"
0,2.55915227255487,0.204,0.037,0,"1","FAM192A"
0,2.61454794980488,0.201,0.035,0,"1","EPRS"
0,2.66819480089311,0.2,0.034,0,"1","FAM126A"
0,0.877131409443157,0.475,0.309,0,"1","SYNE1"
0,2.43567137812449,0.209,0.043,0,"1","POLR2J3"
0,1.40305009396334,0.307,0.142,0,"1","FNIP1"
0,3.02952805753104,0.191,0.026,0,"1","AL157402.2"
0,0.808585122696948,0.585,0.42,0,"1","GPRIN3"
0,0.754303322381886,0.507,0.342,0,"1","CSNK1A1"
0,0.820870070549241,0.592,0.427,0,"1","HLA-DPB1"
0,1.35619266989584,0.299,0.134,0,"1","TOMM5"
0,1.39273390783623,0.28,0.116,0,"1","PDCD6"
0,1.10025621663688,0.375,0.211,0,"1","VCP"
0,1.01259476672648,0.44,0.276,0,"1","FABP5"
0,0.996082972542428,0.491,0.327,0,"1","ERN1"
0,0.72418270809319,0.621,0.458,0,"1","RHOA"
0,3.85757210465843,0.179,0.016,0,"1","AC053513.1"
0,0.667708611022244,0.657,0.495,0,"1","MBP"
0,1.26823934322109,0.374,0.212,0,"1","VPS37B"
0,0.801525871761877,0.63,0.468,0,"1","NAP1L4"
0,0.70141835631529,0.771,0.61,0,"1","ETS1"
0,1.79077079604589,0.224,0.063,0,"1","C4orf48"
0,2.70251491171344,0.193,0.033,0,"1","MARCH5"
0,1.13670236323282,0.561,0.402,0,"1","BTG2"
0,0.672879528082607,0.811,0.652,0,"1","JUN"
0,1.38184470429552,0.276,0.117,0,"1","SYNCRIP"
0,1.39010406320827,0.28,0.121,0,"1","KLC1"
0,1.40458244977042,0.304,0.145,0,"1","DTHD1"
0,2.8568195799002,0.187,0.029,0,"1","AC068282.1"
0,0.74411789916898,0.685,0.528,0,"1","CLEC2B"
0,1.5092353135352,0.249,0.092,0,"1","C17orf49"
0,2.2265424834049,0.208,0.051,0,"1","SPECC1L"
0,2.65688198264973,0.19,0.033,0,"1","RFX3-AS1"
0,0.76523604513776,0.498,0.341,0,"1","LPIN2"
0,0.609446982114593,0.719,0.562,0,"1","YWHAB"
0,0.658161521344909,0.633,0.477,0,"1","SMAP2"
0,0.991368995633314,0.381,0.225,0,"1","GPR171"
0,2.42157071160443,0.196,0.04,0,"1","HERC3"
0,2.42137038726612,0.194,0.038,0,"1","C22orf34"
0,0.639072021944815,0.816,0.66,0,"1","HSPD1"
0,0.630616408448229,0.462,0.307,0,"1","TC2N"
0,1.10364750513247,0.317,0.162,0,"1","PSMB10"
0,0.858430612532256,0.4,0.246,0,"1","SELENOH"
0,0.942228953726486,0.478,0.324,0,"1","ZFAND2A"
0,0.932145505698788,0.381,0.228,0,"1","SCML4"
0,1.34394546513011,0.289,0.136,0,"1","RASA3"
0,2.37434784174636,0.203,0.051,0,"1","LRRC8D"
0,0.729148984766519,0.644,0.492,0,"1","PLAAT4"
0,4.25236622799566,0.163,0.011,0,"1","CCL3L1"
0,0.736112266032695,0.533,0.382,0,"1","SEMA4D"
0,1.62305411837358,0.237,0.086,0,"1","MTG1"
0,2.65829486849087,0.182,0.031,0,"1","TTC37"
0,1.21652692432985,0.285,0.134,0,"1","IFNAR2"
0,0.689718486852846,0.558,0.408,0,"1","HLA-DRB1"
0,0.66212755616354,0.738,0.588,0,"1","MSN"
0,1.77832893972082,0.226,0.076,0,"1","CSNK1G1"
0,0.633581408707141,0.776,0.626,0,"1","CCL5"
0,0.708362991033468,0.606,0.456,0,"1","CYTOR"
0,2.09621650601145,0.2,0.051,0,"1","SGK3"
0,3.18202193477204,0.171,0.022,0,"1","ELMSAN1"
0,2.26078697512318,0.191,0.042,0,"1","MRPS36"
0,0.734627315460909,0.473,0.324,0,"1","CD81"
0,0.646256453192607,0.757,0.609,0,"1","IKZF1"
0,1.01226947505372,0.327,0.179,0,"1","DYNLRB1"
0,0.59001309868232,0.626,0.478,0,"1","DDX17"
0,2.95713410407249,0.173,0.025,0,"1","C12orf65"
0,0.685035625729393,0.564,0.416,0,"1","PAG1"
0,0.612542264778251,0.654,0.507,0,"1","PDCD4"
0,2.04437996288784,0.201,0.054,0,"1","NGRN"
0,1.86256212403083,0.197,0.05,0,"1","AF165147.1"
0,2.49604800922221,0.18,0.033,0,"1","LARS"
0,0.63825447443528,0.606,0.459,0,"1","ANKRD11"
0,0.608658722833717,0.716,0.57,0,"1","ANKRD44"
0,2.82728026419453,0.173,0.027,0,"1","AL390957.1"
0,0.973199970743217,0.327,0.182,0,"1","RBM4"
0,2.11081723910441,0.198,0.053,0,"1","TVP23C"
0,0.558285530757785,0.63,0.485,0,"1","IKZF3"
0,3.05849879275676,0.168,0.023,0,"1","CARS"
0,4.50001263797975,0.155,0.01,0,"1","AL138720.1"
0,0.678373427851694,0.578,0.433,0,"1","EIF5"
0,0.530520256482324,0.603,0.458,0,"1","NDUFA13"
0,0.929050760570715,0.334,0.19,0,"1","MCOLN2"
0,0.852054439688594,0.78,0.636,0,"1","DNAJA1"
0,1.66024470451747,0.226,0.082,0,"1","ERCC5"
0,1.21031030717464,0.302,0.158,0,"1","PER1"
0,1.98088816717159,0.201,0.058,0,"1","CDC26"
0,1.06357619388516,0.325,0.182,0,"1","TAF10"
0,1.16102625313062,0.314,0.171,0,"1","CD84"
0,1.14489964620285,0.301,0.158,0,"1","ZNF721"
0,1.1521030669594,0.41,0.267,0,"1","IFNG"
0,0.743778336016385,0.783,0.641,0,"1","SRSF7"
0,0.439657317633225,0.742,0.6,0,"1","RNF213"
0,1.45038917297389,0.255,0.113,0,"1","SMAD7"
0,2.33331874852422,0.177,0.035,0,"1","AC093010.2"
0,0.687606573610869,0.484,0.342,0,"1","ARL6IP1"
0,0.571194726453163,0.766,0.626,0,"1","STK17A"
0,0.547324783185424,0.76,0.62,0,"1","SEPTIN7"
0,0.589929141871518,0.607,0.467,0,"1","PSMB9"
0,0.931739649021715,0.62,0.481,0,"1","DUSP2"
0,2.18206777672497,0.182,0.043,0,"1","DHRSX"
0,0.892548965171556,0.402,0.263,0,"1","ANK3"
0,0.484031257355185,0.688,0.549,0,"1","CACYBP"
0,0.68854371476939,0.516,0.378,0,"1","PRKACB"
0,0.857141790087867,0.336,0.198,0,"1","GTF2I"
0,0.598578512504642,0.563,0.425,0,"1","CHORDC1"
0,0.527822133338229,0.769,0.632,0,"1","FYB1"
0,0.70852744616033,0.613,0.476,0,"1","PIK3R1"
0,1.10812745009346,0.269,0.132,0,"1","POLD4"
0,0.794913710620519,0.4,0.263,0,"1","ARL6IP4"
0,0.764393288836431,0.424,0.287,0,"1","CHURC1"
0,0.709705743283335,0.452,0.315,0,"1","SLFN5"
0,0.566197304157905,0.669,0.532,0,"1","MYH9"
0,2.98610630259752,0.159,0.022,0,"1","AC008875.3"
0,2.97626785634191,0.16,0.023,0,"1","H2AFX"
0,0.693372446979099,0.451,0.315,0,"1","SNX6"
0,1.62349862919313,0.212,0.076,0,"1","CCPG1"
0,0.600418671412318,0.545,0.41,0,"1","NFATC2"
0,1.26876234379934,0.342,0.207,0,"1","CCL4L2"
0,0.660606903452626,0.438,0.303,0,"1","CD8A"
0,2.59869627545832,0.17,0.035,0,"1","NUSAP1"
0,0.550633676787113,0.74,0.605,0,"1","MYL12B"
0,0.730332926548526,0.56,0.426,0,"1","CD48"
0,3.02311849704476,0.155,0.021,0,"1","HIST2H2AC"
0,2.19050204980179,0.174,0.04,0,"1","TMEM173"
0,0.83533651128545,0.409,0.275,0,"1","TRERF1"
0,0.579760396321242,0.664,0.531,0,"1","EIF4A2"
0,1.99620460689727,0.181,0.048,0,"1","SLC27A4"
0,1.28565012790534,0.245,0.112,0,"1","C18orf32"
0,0.815060266274599,0.849,0.716,0,"1","JUND"
0,0.673407296141168,0.478,0.346,0,"1","ARPC5"
0,0.671460253085207,0.649,0.517,0,"1","CLK1"
0,2.11322366554737,0.177,0.045,0,"1","QRICH1"
0,0.651287829099741,0.522,0.39,0,"1","DEK"
0,0.596309150506409,0.463,0.331,0,"1","AHNAK"
0,2.73838755872529,0.158,0.026,0,"1","AC074032.1"
0,0.610053068810784,0.545,0.414,0,"1","GCC2"
0,1.12893505160616,0.279,0.148,0,"1","RALGDS"
0,2.00341618636086,0.177,0.046,0,"1","TMEM35B"
0,0.500213726712429,0.445,0.314,0,"1","HLA-DRA"
0,0.515310179854731,0.699,0.568,0,"1","UTRN"
0,0.543898229535289,0.679,0.548,0,"1","ATF7IP"
0,0.747957659214094,0.454,0.323,0,"1","EID1"
0,3.30503470798766,0.148,0.017,0,"1","AC018816.1"
0,2.7881085129137,0.156,0.025,0,"1","SMIM4"
0,0.898942467005748,0.27,0.14,0,"1","CXCL13"
0,0.675928170497577,0.502,0.372,0,"1","HIF1A"
0,0.636221625193791,0.881,0.751,0,"1","CALM1"
0,2.17930183115716,0.166,0.036,0,"1","IGLC1"
0,0.542423741406828,0.617,0.488,0,"1","RSRP1"
0,2.23773747256616,0.172,0.043,0,"1","CYP51A1"
0,2.26510945983039,0.169,0.04,0,"1","SLC25A32"
0,3.07877551630935,0.149,0.02,0,"1","AL031772.1"
0,2.68946154178721,0.154,0.025,0,"1","AC087286.2"
0,2.75540175848651,0.154,0.025,0,"1","KIAA0355"
0,0.669343112630066,0.472,0.343,0,"1","RBMS1"
0,0.806631161115935,0.364,0.236,0,"1","MTPN"
0,0.686024517836823,0.737,0.609,0,"1","RNF19A"
0,4.1490013651509,0.136,0.008,0,"1","AC022126.1"
0,0.694635429440922,0.547,0.42,0,"1","SLA"
0,0.77682851676809,0.383,0.256,0,"1","PCNX2"
0,1.34318784114481,0.25,0.123,0,"1","FOXO3"
0,0.575598757896363,0.468,0.341,0,"1","SUPT3H"
0,1.5488542247587,0.206,0.079,0,"1","UBE2W"
0,0.499187207672875,0.65,0.523,0,"1","PSMA7"
0,1.11722221399743,0.269,0.143,0,"1","STX16"
0,0.985540091196873,0.309,0.183,0,"1","SLAMF6"
0,0.5725531082905,0.67,0.544,0,"1","PPP1R2"
0,0.576857144361815,0.483,0.357,0,"1","HSPA4"
0,1.25570830024623,0.246,0.12,0,"1","GIMAP1"
0,0.708496399530501,0.617,0.491,0,"1","ELMO1"
0,0.691726195205247,0.413,0.287,0,"1","TLN1"
0,0.499406974123318,0.711,0.585,0,"1","ARPC3"
0,0.944874031291941,0.381,0.255,0,"1","USPL1"
0,2.05122713572147,0.169,0.043,0,"1","FAM104A"
0,1.028473406477,0.339,0.214,0,"1","IFRD1"
0,1.81872825400142,0.18,0.055,0,"1","MAD1L1"
0,1.20594346815329,0.228,0.103,0,"1","FAM53B"
0,1.38514119499777,0.22,0.095,0,"1","CORO7"
0,0.539453119368428,0.537,0.413,0,"1","XRCC5"
0,0.582130832706117,0.493,0.369,0,"1","HP1BP3"
0,0.669519731692348,0.616,0.492,0,"1","LYST"
0,0.860991811912065,0.424,0.3,0,"1","TAGAP"
0,2.51750184050658,0.154,0.03,0,"1","UHRF1BP1L"
0,3.04435191383748,0.143,0.019,0,"1","AL499604.1"
0,1.02473608912724,0.411,0.288,0,"1","CDC42EP3"
0,0.717376785715674,0.366,0.243,0,"1","CD8B"
0,0.603782784807855,0.461,0.338,0,"1","SMG1"
0,0.533534735426383,0.651,0.528,0,"1","GMFG"
0,2.79456207048919,0.146,0.023,0,"1","MARCH8"
0,1.26390257633916,0.239,0.116,0,"1","DCAF7"
0,0.612774812193161,0.193,0.071,0,"1","AL136456.1"
0,0.637333055332217,0.442,0.32,0,"1","NCK2"
0,2.61806386610206,0.15,0.028,0,"1","NCF1"
0,0.507884300774641,0.469,0.347,0,"1","CD6"
0,0.763005896766409,0.386,0.264,0,"1","TECR"
0,2.75933471202786,0.145,0.023,0,"1","TARS"
0,2.67691000391218,0.147,0.025,0,"1","AC016831.5"
0,0.497567949045011,0.551,0.43,0,"1","SP140"
0,1.32180248879115,0.224,0.103,0,"1","SNX14"
0,0.70214708949929,0.759,0.638,0,"1","ZFP36L2"
0,0.827706726854213,0.887,0.766,0,"1","HSP90AB1"
0,1.04530228805865,0.396,0.275,0,"1","KLF2"
0,0.767571359240066,0.404,0.284,0,"1","DNAJB4"
0,0.667078903664152,0.559,0.439,0,"1","RAB27A"
0,1.69836851370407,0.165,0.045,0,"1","AC008105.3"
0,0.642869542649766,0.449,0.329,0,"1","FXR1"
0,0.586598294547772,0.492,0.373,0,"1","PTP4A2"
0,0.511612607849406,0.505,0.386,0,"1","CKLF"
0,0.478415359708228,0.571,0.452,0,"1","ACTR2"
0,1.76248466219888,0.17,0.052,0,"1","SUPT4H1"
0,1.57672795105529,0.189,0.071,0,"1","TRIM59"
0,0.463201617908017,0.619,0.501,0,"1","ITGA4"
0,1.83597243698686,0.172,0.054,0,"1","RAD50"
0,0.607995859260618,0.48,0.362,0,"1","RASA1"
0,0.634213253858403,0.426,0.308,0,"1","DYNLT1"
0,0.725957575980621,0.497,0.379,0,"1","CCND3"
0,0.531664712554435,0.69,0.572,0,"1","CD69"
0,0.489744691339822,0.587,0.469,0,"1","PRKCB"
0,0.459569789367588,0.601,0.483,0,"1","SRRM2"
0,4.33545994036675,0.124,0.006,0,"1","AC243829.4"
0,1.01824777287278,0.271,0.154,0,"1","FIP1L1"
0,0.413090776386431,0.819,0.702,0,"1","CD2"
0,0.569906156972485,0.493,0.376,0,"1","HLA-DPA1"
0,0.407991085366493,0.628,0.511,0,"1","CORO1A"
0,1.65006314870626,0.158,0.041,0,"1","AC104365.1"
0,0.759864663132595,0.347,0.23,0,"1","TBC1D2B"
0,0.413851092470359,0.562,0.446,0,"1","IL2RG"
0,2.68152666977207,0.14,0.024,0,"1","CCDC84"
0,1.38712592782238,0.224,0.108,0,"1","PDE7B"
0,0.55097243754145,0.487,0.371,0,"1","NUCKS1"
0,1.12886481143801,0.238,0.122,0,"1","SDHA"
0,0.650926307847074,0.382,0.266,0,"1","TMPO"
0,0.514269484806245,0.518,0.402,0,"1","SLFN12L"
0,1.88372294164661,0.18,0.064,0,"1","ZNF433-AS1"
0,1.4799534063286,0.175,0.059,0,"1","MARCH3"
0,2.50133499843547,0.142,0.026,0,"1","NARS"
0,0.817135807145238,0.35,0.234,0,"1","TMEM14B"
0,0.557022415743714,0.536,0.421,0,"1","ITGB1"
0,3.0557404541166,0.136,0.021,0,"1","BTBD11"
0,0.405842333895061,0.649,0.534,0,"1","MACF1"
0,0.70721502806942,0.378,0.263,0,"1","NCOA7"
0,0.657991998798388,0.415,0.3,0,"1","ZNF831"
0,1.72060765838949,0.172,0.057,0,"1","DNAJC5"
0,0.404532484858748,0.802,0.687,0,"1","GNAS"
0,1.06351487884492,0.265,0.151,0,"1","PPP1R14B"
0,0.662691670748631,0.44,0.326,0,"1","TOMM20"
0,0.989358435414608,0.304,0.19,0,"1","MAT2A"
0,0.815724836486431,0.371,0.257,0,"1","PPP1R10"
0,0.509122063758286,0.47,0.356,0,"1","SYNRG"
0,0.367166998588864,0.764,0.65,0,"1","MYL12A"
0,4.53827315622618,0.12,0.006,0,"1","AL096794.1"
0,2.52290685505979,0.138,0.025,0,"1","TWISTNB"
0,0.480198029535815,0.608,0.495,0,"1","TRA2A"
0,0.475136288848288,0.668,0.555,0,"1","EVL"
0,0.65696607682478,0.377,0.264,0,"1","NIN"
0,0.532744988573137,0.571,0.458,0,"1","RAPGEF1"
0,0.576718424274631,0.676,0.564,0,"1","S100A10"
0,0.476350877251526,0.557,0.445,0,"1","PNISR"
0,0.932747532589155,0.275,0.163,0,"1","CHD4"
0,2.48411016731583,0.139,0.027,0,"1","C11orf49"
0,1.25675619433233,0.214,0.102,0,"1","SMAD4"
0,0.454588370026295,0.696,0.584,0,"1","S100A11"
0,0.451998213180421,0.603,0.491,0,"1","ARL6IP5"
0,0.351339806062706,0.759,0.647,0,"1","DNAJB6"
0,0.44825311465623,0.769,0.657,0,"1","VIM"
0,0.433466569423639,0.718,0.606,0,"1","RAP1B"
0,1.08115526284022,0.283,0.171,0,"1","IGHG1"
0,2.55269129866719,0.136,0.025,0,"1","GARS-DT"
0,1.45025611457329,0.186,0.075,0,"1","ERVK3-1"
0,2.85047444949291,0.131,0.02,0,"1","C16orf72"
0,0.776017852322542,0.711,0.6,0,"1","CXCR4"
0,0.718427514945528,0.384,0.273,0,"1","ANXA5"
0,0.647099951145157,0.546,0.436,0,"1","GBP2"
0,0.635863588516419,0.402,0.292,0,"1","TMBIM4"
0,0.791929359787192,0.331,0.221,0,"1","CMC2"
0,2.60931847677745,0.134,0.024,0,"1","HIST1H2BD"
0,2.95580461998327,0.13,0.02,0,"1","HIST3H2A"
0,3.41915088684111,0.124,0.014,0,"1","AL035530.2"
0,0.459824190827304,0.63,0.52,0,"1","SP100"
0,0.862357201707808,0.364,0.254,0,"1","MXD1"
0,0.600795142401107,0.437,0.327,0,"1","STIP1"
0,0.509445490597673,0.87,0.76,0,"1","HSPA8"
0,0.433699468389932,0.72,0.61,0,"1","FAM107B"
0,0.658862869664872,0.449,0.339,0,"1","ERP29"
0,0.497171672865085,0.538,0.429,0,"1","TERF2IP"
0,3.13344520720747,0.125,0.016,0,"1","HIST1H3D"
0,0.477163929735161,0.663,0.554,0,"1","IFI16"
0,0.498221635974951,0.628,0.519,0,"1","SRSF3"
0,0.823150232937936,0.303,0.194,0,"1","SAMD9L"
0,0.690331172280856,0.389,0.28,0,"1","AZIN1"
0,0.403861433205364,0.836,0.727,0,"1","CD3D"
0,0.456645593347829,0.642,0.533,0,"1","SLC38A1"
0,0.528413061816886,0.5,0.391,0,"1","TAF15"
0,2.06825201668933,0.148,0.039,0,"1","RAB4B"
0,0.626860925219972,0.806,0.698,0,"1","EEF1B2"
0,0.713614711816168,0.391,0.283,0,"1","NR4A1"
0,0.732638601016287,0.317,0.209,0,"1","SLF1"
0,0.840281795606985,0.319,0.211,0,"1","PARP4"
0,2.57792326222951,0.131,0.023,0,"1","GARS"
0,2.83478842639992,0.127,0.019,0,"1","CCDC130"
0,0.686917442488193,0.353,0.245,0,"1","TGOLN2"
0,0.606048394373877,0.733,0.625,0,"1","PARP8"
0,0.417087020853686,0.738,0.63,0,"1","TRBC2"
0,0.976903488224497,0.247,0.139,0,"1","NAPA"
0,0.544488128628902,0.554,0.447,0,"1","MZT2B"
0,0.538856335355309,0.52,0.413,0,"1","YWHAQ"
0,0.53938747110365,0.536,0.429,0,"1","APRT"
0,2.34551351114793,0.134,0.027,0,"1","AKAP17A"
0,2.44351659915372,0.134,0.027,0,"1","AC114760.2"
0,0.717638662091255,0.351,0.244,0,"1","HELB"
0,0.421225516095954,0.659,0.552,0,"1","IQGAP1"
0,0.524801479950187,0.534,0.428,0,"1","PSMA1"
0,1.20689992171338,0.203,0.097,0,"1","PPP6R1"
0,2.54187228285764,0.131,0.025,0,"1","ALOX12-AS1"
0,2.62819214554664,0.129,0.023,0,"1","ZNF720"
0,1.40721695907061,0.184,0.078,0,"1","MRPS5"
0,2.75504801722879,0.126,0.02,0,"1","HARS"
0,2.80719634041028,0.127,0.021,0,"1","MARS"
0,0.705206198159577,0.735,0.629,0,"1","TNFAIP3"
0,0.38602832297995,0.748,0.642,0,"1","PTGES3"
0,3.31631594394808,0.117,0.012,0,"1","AC008569.1"
0,2.97339670350989,0.121,0.016,0,"1","AC026979.2"
0,3.01342659696755,0.122,0.017,0,"1","AP002336.2"
0,2.77791603871719,0.124,0.019,0,"1","AC011476.3"
0,0.820360329802867,0.299,0.194,0,"1","MXD4"
0,0.861179245082878,0.274,0.17,0,"1","HMGN4"
0,1.11264451644286,0.221,0.117,0,"1","FNTA"
0,3.04412100023351,0.12,0.016,0,"1","AC044849.1"
0,0.891359577810468,0.24,0.136,0,"1","ST8SIA1"
0,1.21350015216994,0.205,0.101,0,"1","COX16"
0,1.60801984552559,0.171,0.068,0,"1","HDAC8"
0,2.4054363020906,0.129,0.026,0,"1","PALM2-AKAP2"
0,2.56318995803865,0.126,0.023,0,"1","AL391839.1"
0,0.340565316311744,0.764,0.661,0,"1","JAK1"
0,0.459683600273945,0.631,0.528,0,"1","IQGAP2"
0,0.497437825394186,0.698,0.595,0,"1","PIP4K2A"
0,0.434868397720904,0.761,0.658,0,"1","SOD1"
0,2.14937137246864,0.136,0.034,0,"1","HAUS3"
0,0.994138037279158,0.246,0.144,0,"1","NUCB2"
0,1.26910385197167,0.194,0.092,0,"1","CHKB"
0,2.57087503182896,0.124,0.022,0,"1","FGFR1OP"
0,1.35498178363387,0.204,0.102,0,"1","IGLC3"
0,2.61601901983281,0.123,0.021,0,"1","KARS"
0,0.544633961068153,0.759,0.657,0,"1","CELF2"
0,1.25171651625979,0.195,0.094,0,"1","EIF4E3"
0,0.903168128954724,0.205,0.104,0,"1","S100A9"
0,0.424662141527494,0.644,0.543,0,"1","SSR4"
0,0.456289049805531,0.8,0.7,0,"1","NPM1"
0,0.775868998486455,0.28,0.18,0,"1","TRANK1"
0,1.96245408390431,0.138,0.038,0,"1","GNG10"
0,0.838082314512256,0.271,0.171,0,"1","DGKZ"
0,0.47367550923041,0.78,0.68,0,"1","PPP2R5C"
0,0.488488039493138,0.807,0.708,0,"1","ATXN1"
0,2.23159794515854,0.133,0.034,0,"1","NAALADL2"
0,1.26618302808791,0.179,0.08,0,"1","CDK11A"
0,0.440241387328894,0.903,0.804,0,"1","HLA-E"
0,0.461472688975918,0.643,0.544,0,"1","WNK1"
0,1.43232816178417,0.17,0.072,0,"1","TGIF2"
0,1.20371553948974,0.197,0.099,0,"1","TSNAX"
0,1.99569242561972,0.136,0.038,0,"1","ZNF512"
0,2.49194595358397,0.121,0.023,0,"1","TSTA3"
0,1.03339624598304,0.208,0.11,0,"1","GPS2"
0,0.439937955422214,0.878,0.78,0,"1","DDX5"
0,1.36617493431948,0.184,0.087,0,"1","IFNG-AS1"
0,1.27099337440532,0.182,0.085,0,"1","DCAF8"
0,1.37682431194018,0.174,0.077,0,"1","CRCP"
0,0.732144436453751,0.915,0.819,0,"1","NACA"
0,0.537259146499196,0.794,0.698,0,"1","ELF1"
0,0.833629417712963,0.269,0.173,0,"1","FKBP11"
0,1.32684093122104,0.167,0.071,0,"1","MED17"
0,2.02346627493704,0.129,0.033,0,"1","BCAP29"
0,0.965950621693108,0.248,0.152,0,"1","C17orf67"
0,3.17926083394832,0.11,0.014,0,"1","AL360091.3"
0,2.84425186136765,0.114,0.018,0,"1","AC005480.1"
0,2.56655139477545,0.116,0.021,0,"1","RARS"
0,3.46240470073178,0.104,0.009,0,"1","AC022075.1"
0,0.636926697502641,0.612,0.517,0,"1","CCNH"
0,0.997970958886718,0.982,0.887,0,"1","HSP90AA1"
0,1.59290805132704,0.148,0.054,0,"1","EGLN1"
0,1.04294553597358,0.233,0.139,0,"1","CRTAM"
0,3.14422540316418,0.109,0.015,0,"1","MIR99AHG"
0,0.971703817291539,0.204,0.11,0,"1","ARL5A"
0,1.35745172971424,0.173,0.079,0,"1","BTN3A3"
0,1.35888807427906,0.176,0.082,0,"1","DTD1"
0,0.98259163890587,0.201,0.108,0,"1","F2R"
0,2.07127598746047,0.124,0.031,0,"1","PCBP1-AS1"
0,2.05792024271753,0.127,0.034,0,"1","TIGAR"
0,2.54533627320463,0.115,0.022,0,"1","HIST1H2BN"
0,2.39152098203694,0.115,0.022,0,"1","AL133480.1"
0,1.04086421877606,0.209,0.116,0,"1","SMARCE1"
0,0.393376907659249,0.789,0.697,0,"1","PPIA"
0,2.84847190309063,0.112,0.02,0,"1","CNTNAP2"
0,3.08477029321325,0.107,0.015,0,"1","AARS"
0,1.51423377959507,0.152,0.061,0,"1","MRPS28"
0,1.13635144288527,0.218,0.127,0,"1","TNFSF9"
0,2.93435133880982,0.107,0.016,0,"1","AC006059.1"
0,2.51995282923038,0.112,0.021,0,"1","AC008892.1"
0,1.1214101892789,0.172,0.081,0,"1","PABPN1"
0,0.368539140020542,0.774,0.683,0,"1","STK4"
0,1.31181246843814,0.162,0.072,0,"1","WDFY1"
0,1.22497959760659,0.166,0.076,0,"1","RPP21"
0,0.981984948366067,0.203,0.113,0,"1","KRIT1"
0,1.91060107392503,0.128,0.038,0,"1","STIMATE"
0,1.02544204127387,0.208,0.118,0,"1","KLRG1"
0,2.79013321962892,0.106,0.016,0,"1","CASTOR3"
0,2.71466161120195,0.108,0.018,0,"1","AC087854.1"
0,3.00730938410915,0.105,0.015,0,"1","AC092338.3"
0,1.24120888910814,0.171,0.082,0,"1","PDE4DIP"
0,1.01387051067182,0.201,0.112,0,"1","CHMP3"
0,2.5539567362219,0.112,0.023,0,"1","KLHL25"
0,0.471785448423807,0.796,0.708,0,"1","CNOT6L"
0,1.63497482771977,0.146,0.058,0,"1","ST6GALNAC3"
0,1.49180180801798,0.125,0.037,0,"1","FXYD3"
0,2.93152285159427,0.103,0.015,0,"1","AL021707.1"
0,1.62979595517141,0.133,0.046,0,"1","HEATR5A"
0,0.919044289520388,0.208,0.121,0,"1","PSMD9"
0,2.47931018248871,0.108,0.021,0,"1","LINC01184"
0,1.7581128155218,0.132,0.046,0,"1","IFT80"
0,0.993546695541524,0.179,0.093,0,"1","MSC-AS1"
0,1.43748374172829,0.149,0.063,0,"1","ATF7"
0,1.30556069057316,0.148,0.062,0,"1","NUDT21"
0,1.10053905725326,0.172,0.086,0,"1","PECAM1"
0,2.48158800970135,0.106,0.02,0,"1","FAM122C"
0,0.382717043255145,0.794,0.709,0,"1","SRP14"
0,1.95888572539355,0.117,0.032,0,"1","PAM16"
0,2.49535384169052,0.105,0.02,0,"1","CMTM1"
0,0.517116963589165,0.827,0.742,0,"1","CBLB"
0,0.712760088586423,0.93,0.846,0,"1","UBC"
0,2.62561676289851,0.102,0.018,0,"1","AC073167.1"
0,1.08461038505146,0.163,0.08,0,"1","ZFP91"
0,2.59111975536925,0.101,0.018,0,"1","KIAA0100"
0,1.73676456567636,0.122,0.039,0,"1","PILRB"
0,1.57622088073,0.137,0.055,0,"1","MAP2K6"
0,2.2018520393732,0.107,0.025,0,"1","GTPBP6"
0,1.14203016764569,0.165,0.084,0,"1","PCYT1A"
0,1.59947410974175,0.123,0.042,0,"1","KIZ-AS1"
0,1.79089079555471,0.12,0.039,0,"1","ZNF700"
0,0.424328203748066,0.847,0.766,0,"1","RABGAP1L"
0,1.13139831418958,0.159,0.079,0,"1","EOMES"
0,1.95871409818416,0.111,0.031,0,"1","PRKAG1"
0,1.06555739034039,0.163,0.083,0,"1","ADA2"
0,1.13973076629644,0.177,0.097,0,"1","SFMBT1"
0,2.1729836493613,0.105,0.025,0,"1","A1BG"
0,1.46159219541073,0.13,0.051,0,"1","STN1"
0,1.35113144339967,0.143,0.064,0,"1","A2M"
0,0.394486375630896,0.879,0.8,0,"1","SH3BGRL3"
0,1.30747950177674,0.146,0.068,0,"1","NPHP3"
0,2.14531495497746,0.103,0.025,0,"1","ZGPAT"
0,2.10515927436958,0.102,0.024,0,"1","C20orf194"
0,1.52290167484399,0.115,0.038,0,"1","COX10-AS1"
0,1.00025153515998,0.157,0.08,0,"1","HNRNPUL2"
0,1.12967989318226,0.156,0.08,0,"1","BTN2A1"
0,1.42753329099442,0.126,0.05,0,"1","DRAIC"
0,1.54368787621179,0.112,0.037,0,"1","AC017002.5"
0,1.70428649634953,0.113,0.039,0,"1","ZNF544"
0,1.45191303572326,0.131,0.058,0,"1","MTAP"
0,2.01393192472205,0.102,0.029,0,"1","ARMCX6"
0,1.34660829529036,0.13,0.059,0,"1","ANAPC10"
0,1.1122453945986,0.51,0.441,0,"1","IL7R"
0,1.44748830756302,0.114,0.045,0,"1","AGGF1"
0,1.85699575956663,0.102,0.033,0,"1","ST3GAL3"
0,1.48502493681248,0.109,0.041,0,"1","MRPL38"
0,1.58266913942867,0.105,0.039,0,"1","ZMYM6"
0,1.39388495861275,0.11,0.044,0,"1","HINT2"
0,1.57853207454361,0.105,0.039,0,"1","AP3S2"
0,1.49581150119004,0.102,0.038,0,"1","CLN3"
0,1.50750018372268,0.101,0.038,0,"1","KDM4A"
0,1.32965649506118,0.11,0.047,0,"1","PEX26"
0,1.38367336270036,0.106,0.044,0,"1","TATDN2"
0,1.35769174179964,0.107,0.045,0,"1","ST6GALNAC6"
0,1.5098007437274,0.102,0.04,0,"1","HDHD2"
0,1.38230907961812,0.104,0.042,0,"1","POLDIP3"
0,1.05888031219304,0.1,0.039,0,"1","AC013652.1"
0,1.47933226466935,0.102,0.041,0,"1","SLC33A1"
0,0.354677724754607,0.864,0.812,0,"1","EEF1D"
0,0.385235754025057,0.887,0.837,0,"1","RACK1"
0,0.433374117583914,0.931,0.89,0,"1","BTG1"
0,0.644191297583059,0.971,0.942,0,"1","TPT1"
0,0.36882171982588,0.943,0.922,0,"1","FAU"
1.97626258336499e-323,0.890616478511986,0.345,0.243,1.77885371391266e-318,"1","ATF3"
5.13828271674896e-322,0.685716405588118,0.407,0.298,4.62501965617291e-317,"1","DNAJA4"
1.61065400544246e-321,0.579753049643636,0.427,0.318,1.44976577683882e-316,"1","CGGBP1"
4.34777768340297e-321,0.825744050567305,0.264,0.169,3.91347817060785e-316,"1","S100PBP"
1.30729769889594e-320,1.26565113624606,0.116,0.052,1.17671173175322e-315,"1","IL10RB"
1.66994188294341e-320,0.440887306238185,0.633,0.529,1.5031313882562e-315,"1","HNRNPU"
4.56714283015648e-320,0.74754232444196,0.287,0.188,4.11093093285215e-315,"1","MNAT1"
4.87939231832815e-320,0.426708107723421,0.591,0.487,4.39198981965035e-315,"1","PPP1R12A"
9.92874321882569e-320,1.09215855176309,0.185,0.104,8.93696105869719e-315,"1","SLAMF7"
2.48574307735648e-319,0.469693443945799,0.556,0.446,2.23744220135934e-314,"1","ARAP2"
5.9532439995641e-318,1.37837819256297,0.103,0.044,5.35857445644764e-313,"1","CEP63"
1.33027382650327e-316,0.450793835089314,0.642,0.533,1.19739277397386e-311,"1","DUSP1"
1.13919125025705e-315,0.650538158839058,0.406,0.299,1.02539743626888e-310,"1","UBE2S"
1.78692229009358e-315,0.419413731331588,0.61,0.503,1.60842662253613e-310,"1","HNRNPA3"
9.40418179589135e-315,1.04474814733301,0.16,0.085,8.46479807629976e-310,"1","ISY1"
1.12913322982134e-314,0.528649135872449,0.47,0.359,1.01634411149448e-309,"1","ATM"
3.01034989899489e-314,0.529216078578928,0.49,0.384,2.70964604758429e-309,"1","ZNF638"
4.33667047306679e-314,0.925398729409038,0.252,0.161,3.90348045951215e-309,"1","NMRK1"
6.38198691117706e-314,0.466230549905679,0.549,0.439,5.74449023861958e-309,"1","PRKCQ"
1.77620108188299e-313,0.513340673606633,0.52,0.409,1.5987763558137e-308,"1","ISG15"
6.38120524231016e-313,0.597472440191352,0.445,0.339,5.7437866506558e-308,"1","LBH"
1.97207129624966e-311,0.694475427995844,0.349,0.249,1.77508109446728e-306,"1","PNRC2"
4.71931390262699e-310,0.410171872094827,0.718,0.633,4.24790163689358e-305,"1","ZBTB20"
6.81065534647343e-309,0.847107033421665,0.239,0.149,6.1303389839142e-304,"1","TTC39B"
6.25296640355487e-308,0.397343775040259,0.539,0.422,5.62835758950377e-303,"1","ARPC1B"
1.64442040100026e-307,0.582272727262033,0.435,0.328,1.48015924714434e-302,"1","APOBEC3G"
2.35456950215705e-306,0.774997408980936,0.279,0.183,2.11937155458658e-301,"1","LYAR"
2.79251959118417e-306,0.753615826621452,0.328,0.228,2.51357480922078e-301,"1","TNIP3"
5.40833537872398e-306,0.571587247989847,0.39,0.283,4.86809675774324e-301,"1","CDR2"
5.44596165690521e-306,0.659759503716418,0.304,0.204,4.90196454699695e-301,"1","KLF13"
1.66247368784692e-305,0.488389211321648,0.485,0.376,1.49640919116789e-300,"1","GNAI2"
2.37490928689323e-305,0.543791960389843,0.439,0.335,2.13767959822547e-300,"1","SPCS2"
5.69366405205108e-305,1.38108840793277,0.1,0.043,5.1249239498917e-300,"1","ZNF737"
7.20955265875728e-305,0.663303610687303,0.387,0.286,6.48939044367401e-300,"1","MBD2"
2.18279056457537e-304,0.450434583029079,0.585,0.485,1.96475161507994e-299,"1","CD37"
3.60849732551552e-304,0.743238172844909,0.284,0.188,3.24804452766978e-299,"1","ZNF217"
1.45196798745983e-303,0.573033429248955,0.417,0.313,1.30693090519247e-298,"1","HNRNPR"
3.10661828331854e-303,0.412088889316356,0.646,0.549,2.79629818299785e-298,"1","EDF1"
2.56409842839692e-301,0.503706470811272,0.496,0.388,2.30797063638435e-296,"1","GPCPD1"
5.61525225853883e-301,0.594903817535111,0.446,0.341,5.05434471043339e-296,"1","IL6ST"
6.98832931698623e-301,0.456412108806387,0.52,0.411,6.29026510151248e-296,"1","DOCK2"
2.47848732479918e-300,0.513609461042966,0.502,0.393,2.23091122592499e-295,"1","PYHIN1"
3.78811411486264e-300,1.18108937296071,0.124,0.06,3.40971939592901e-295,"1","C8orf76"
4.36599206861568e-300,0.97642088677983,0.264,0.173,3.92987312088166e-295,"1","TRGC2"
9.924776421527e-300,0.958910674281075,0.203,0.12,8.93339050478067e-295,"1","HPCAL1"
1.09165988043701e-299,1.26326076829945,0.119,0.057,9.82613974980158e-295,"1","RNF103"
1.24597046513746e-299,0.580132107881228,0.451,0.349,1.12151047537488e-294,"1","CDKN1B"
1.36865093124655e-299,0.409870697936626,0.615,0.515,1.23193638972433e-294,"1","CCSER2"
3.22116315622929e-299,0.851777631127071,0.25,0.161,2.89940116855354e-294,"1","GBP1"
1.50558344526816e-298,0.523424709093594,0.453,0.35,1.35519071492033e-293,"1","SEPTIN9"
2.81214402425466e-298,0.772826504783975,0.304,0.209,2.53123895767187e-293,"1","TRAF5"
4.55997548291406e-298,0.858364969295907,0.255,0.164,4.10447953192578e-293,"1","MVB12B"
3.93591744752583e-297,0.744647418758909,0.284,0.189,3.54275865369248e-292,"1","MPHOSPH9"
5.01156119422481e-297,0.730077330018957,0.292,0.197,4.51095634653369e-292,"1","SRP19"
8.32003570371793e-297,0.548551131445693,0.521,0.419,7.48894733727355e-292,"1","SMARCA2"
4.30668459612367e-296,0.613148975196526,0.354,0.253,3.87648987181688e-291,"1","KRAS"
5.52932877280532e-296,0.695377323459359,0.437,0.334,4.9770041216898e-291,"1","BCAS2"
8.88867485338411e-296,0.474353849493173,0.631,0.533,8.00078512227957e-291,"1","ITK"
1.10248547350116e-294,1.05715329530062,0.164,0.091,9.92358199553129e-290,"1","PARL"
1.54067753285091e-294,0.689015568160503,0.323,0.225,1.38677925409443e-289,"1","GGA2"
1.23874857143188e-293,0.471777410699677,0.522,0.42,1.11500997663155e-288,"1","SF3B1"
1.31891496537704e-293,0.619209643967325,0.427,0.314,1.18716854948553e-288,"1","HSPA6"
1.98777576724817e-293,0.610509378815228,0.313,0.21,1.78921684585775e-288,"1","NELL2"
4.08672743994045e-293,0.323821404629074,0.758,0.671,3.6785042359648e-288,"1","RBM39"
4.37824419410383e-293,0.55302910883061,0.598,0.486,3.9409013815548e-288,"1","ANXA1"
4.74374949504804e-293,0.477321311674467,0.555,0.457,4.26989635798769e-288,"1","CIB1"
2.65965353297108e-291,1.10585899899462,0.141,0.073,2.3939807415626e-286,"1","SLC35A3"
3.59497677417856e-291,0.862531611003937,0.25,0.162,3.23587454420587e-286,"1","NAB1"
6.04991559722837e-291,0.318971474390183,0.692,0.588,5.44558952822123e-286,"1","BCL11B"
7.9126026673343e-291,0.624679167196423,0.309,0.21,7.12221278689428e-286,"1","TXNRD1"
1.25841463374037e-290,0.499049613351239,0.463,0.359,1.13271159597605e-285,"1","NDUFB8"
5.19931167273242e-290,0.476112883648655,0.515,0.408,4.67995242974317e-285,"1","SPTAN1"
1.65719001605968e-289,0.748380964451727,0.287,0.194,1.49165330535548e-284,"1","XAF1"
3.32925720570381e-289,0.794709581372367,0.214,0.129,2.99669770342605e-284,"1","HM13"
7.54492390388767e-289,0.578968270923191,0.4,0.299,6.79126145512833e-284,"1","CCT3"
1.6292185369333e-288,0.408270526752495,0.597,0.498,1.46647589727903e-283,"1","CYTH1"
3.14909689086404e-288,1.39409255225673,0.1,0.044,2.83453360243563e-283,"1","CCR6"
4.01716569905294e-288,0.59010653052782,0.442,0.338,3.61589101737454e-283,"1","MRPL18"
1.01809248227456e-286,0.449330873194913,0.535,0.433,9.16395224220156e-282,"1","UBXN4"
1.49341111095622e-286,0.539476012244581,0.491,0.385,1.3442342750828e-281,"1","FUT8"
3.95293194679041e-286,0.592841371064397,0.17,0.092,3.55807357462552e-281,"1","LY75"
1.20995359779427e-285,0.757155797971366,0.27,0.18,1.0890913329106e-280,"1","CCT5"
3.43012688409505e-285,1.22405451197204,0.126,0.062,3.0874915096428e-280,"1","EEF1AKMT2"
6.24830665489164e-284,0.340861955897422,0.682,0.592,5.62416330313451e-279,"1","WIPF1"
1.27336078217537e-283,0.621417005615845,0.359,0.261,1.14616477364387e-278,"1","SSBP1"
1.48996951480979e-283,0.509180039870868,0.525,0.425,1.34113645997544e-278,"1","ARL4C"
1.89350088180489e-283,1.18808741624604,0.12,0.059,1.7043590787214e-278,"1","UCHL3"
4.82682755336342e-283,0.373851963272508,0.716,0.625,4.34467574905795e-278,"1","HCST"
6.84974367123034e-283,1.2735024008147,0.131,0.067,6.16552277591114e-278,"1","OGFRL1"
1.25023027062094e-281,0.484084945408492,0.456,0.347,1.12534476888862e-276,"1","EPSTI1"
1.58339331515648e-280,0.755666529001853,0.299,0.206,1.4252281569055e-275,"1","NUDT4"
5.3786160662599e-280,0.791529909544147,0.21,0.128,4.8413461074012e-275,"1","NDUFA7"
1.23002268049577e-278,1.05170921336101,0.125,0.062,1.10715571494105e-273,"1","NRIP1"
2.25492883950381e-278,0.524011054191388,0.46,0.363,2.02968399772577e-273,"1","ANP32B"
2.96247533738685e-278,0.408828702336454,0.581,0.481,2.66655367593527e-273,"1","MYCBP2"
1.38166446552843e-277,1.54062793482486,0.102,0.046,1.2436500020668e-272,"1","PARD6G-AS1"
2.78795172992909e-277,0.52162886592055,0.497,0.396,2.50946323162647e-272,"1","SFMBT2"
1.2045437530129e-276,0.638666325511202,0.418,0.319,1.08422187752445e-271,"1","FBXO34"
1.41690392791274e-276,0.479020266858834,0.512,0.412,1.27536939455354e-271,"1","NKTR"
3.35863158018913e-276,0.644101749162525,0.345,0.249,3.02313787164404e-271,"1","SSB"
1.13676285127784e-275,0.833085012038463,0.339,0.242,1.0232116100637e-270,"1","PLIN2"
1.2012321881681e-275,0.560758536996429,0.523,0.428,1.08124110489199e-270,"1","ITM2A"
1.29635720263743e-275,0.717612628840427,0.25,0.162,1.16686408166598e-270,"1","LINC00623"
2.29688185927956e-275,0.394566835438744,0.599,0.496,2.06744633035612e-270,"1","ISG20"
7.4265712067633e-275,0.78953779234222,0.262,0.173,6.68473100891972e-270,"1","SLC5A3"
1.69656125384825e-274,0.498446485977743,0.511,0.409,1.52709175020135e-269,"1","SLC4A7"
2.7845171329728e-274,0.548090812543157,0.448,0.353,2.50637171656015e-269,"1","UBXN1"
4.60601164937712e-274,0.587946869269521,0.358,0.259,4.14591714572084e-269,"1","STK39"
7.17680978411045e-274,0.85945047372253,0.197,0.118,6.45991825477566e-269,"1","NDRG1"
1.40166122129426e-273,0.478191494629736,0.46,0.354,1.26164928189917e-268,"1","HERC4"
1.98434281452556e-273,0.570894271091633,0.347,0.247,1.7861268107826e-268,"1","AMBRA1"
2.56166780968317e-273,0.620133456893654,0.353,0.257,2.30578281217391e-268,"1","RCSD1"
3.46189911251879e-273,0.551075831924679,0.567,0.476,3.11609001016929e-268,"1","TOX"
3.97845530357514e-273,0.321863150727369,0.903,0.871,3.58104740330102e-268,"1","UBA52"
1.43569016140802e-272,0.346743891645283,0.677,0.588,1.29227907118497e-267,"1","PRRC2C"
1.68496217026502e-272,0.646297802645929,0.345,0.251,1.51665129907724e-267,"1","RNF7"
2.50265064051553e-272,0.608106860240852,0.318,0.221,2.25266086803443e-267,"1","ST6GAL1"
3.09531041105677e-272,1.22214888057776,0.117,0.057,2.78611985409631e-267,"1","STRADA"
8.01208372085985e-271,0.621908088986143,0.352,0.257,7.21175667798316e-266,"1","SPCS3"
1.20058923779259e-270,0.446813558905758,0.53,0.431,1.08066237882949e-265,"1","ACAP1"
1.40172401202046e-270,0.331771175546518,0.696,0.602,1.26170580045973e-265,"1","CALM2"
1.76746499064737e-269,0.618911099767933,0.33,0.236,1.5909129127316e-264,"1","IRF2"
4.65910002631786e-269,0.422383510582593,0.49,0.375,4.19370252468896e-264,"1","BAG3"
6.53027102696254e-269,0.650774787419369,0.349,0.254,5.87796225407925e-264,"1","ADD3"
6.90341054708556e-269,0.310270878651634,0.793,0.706,6.21382886753718e-264,"1","HNRNPA2B1"
7.02355420581561e-269,0.92645133882207,0.197,0.12,6.32197137619669e-264,"1","HNRNPH2"
7.19042406973159e-269,0.490939375335298,0.462,0.362,6.4721726094061e-264,"1","MPHOSPH8"
1.32928226884978e-268,0.496435627143278,0.485,0.386,1.19650026301437e-263,"1","CYLD"
1.37346693048487e-268,0.614644114116225,0.339,0.243,1.23627131879873e-263,"1","DCP2"
4.66527269439702e-268,0.604154512558187,0.369,0.271,4.1992586049537e-263,"1","ATF7IP2"
4.15157038959669e-267,0.280440314121589,0.903,0.862,3.73687002337987e-262,"1","FYN"
4.54630966553797e-267,0.5879491017569,0.391,0.293,4.09217879304738e-262,"1","EIF1AX"
5.38735439059652e-267,0.990102708413015,0.156,0.087,4.84921156051983e-262,"1","LINC01550"
6.27818949708579e-266,0.650434835594629,0.284,0.193,5.65106114822189e-261,"1","IFI6"
3.30147506204192e-265,0.485460867657423,0.454,0.357,2.97169071809456e-260,"1","HNRNPD"
9.47058853715796e-265,0.852546665427503,0.172,0.099,8.52457144818125e-260,"1","TXNDC12"
5.05658324909289e-264,0.761972036540817,0.248,0.164,4.551481148341e-259,"1","PMF1"
5.29701912268587e-264,0.333782969047663,0.821,0.758,4.76789988252078e-259,"1","PRKCH"
8.31921307233604e-264,0.670805275393004,0.321,0.227,7.48820687854039e-259,"1","LINC00861"
1.06577119735517e-263,0.881417226614261,0.237,0.153,9.5931131245136e-259,"1","CSGALNACT1"
1.08892787699796e-263,0.496399373849588,0.456,0.354,9.80154871364632e-259,"1","AHSA1"
2.01189483913006e-263,1.27134653972368,0.103,0.048,1.81092666364935e-258,"1","VPS33A"
4.02953907982071e-263,0.422531759837816,0.625,0.535,3.62702842113742e-258,"1","FOXO1"
7.37427449315336e-263,0.650837780638313,0.329,0.236,6.63765821403227e-258,"1","STOM"
2.52622388750296e-262,0.878522123032008,0.181,0.107,2.27387938338029e-257,"1","UBE2F"
2.83319400804145e-262,0.646090340266876,0.285,0.194,2.55018625857819e-257,"1","ARHGAP35"
2.11540239799995e-261,0.887488276089587,0.196,0.119,1.90409485246374e-256,"1","CASS4"
9.44241238139164e-261,1.00801301768537,0.133,0.069,8.49920980861443e-256,"1","ARPC1A"
2.32841107169542e-260,0.782604919981741,0.189,0.112,2.09582608974376e-255,"1","IGFLR1"
2.58657830285126e-260,0.418969139875293,0.56,0.458,2.32820499617945e-255,"1","RUNX1"
2.87365154543322e-260,0.290632319935463,0.848,0.789,2.5866024925599e-255,"1","ARHGAP15"
3.24484435480056e-260,0.674080507676503,0.288,0.199,2.92071685219953e-255,"1","WDR82"
7.04154666656887e-260,0.641263364363918,0.334,0.241,6.33816657004531e-255,"1","TRIM26"
9.04092859142617e-259,0.550870402856934,0.358,0.262,8.13783023442861e-254,"1","PRRC2B"
1.64239882102851e-258,0.812871806411109,0.226,0.145,1.47833960279597e-253,"1","TP53INP1"
9.96276091009902e-258,0.413384625430789,0.55,0.45,8.96758072278923e-253,"1","DLEU2"
2.68703079308073e-256,0.379105713094536,0.622,0.52,2.4186232871599e-251,"1","GLS"
4.88547901987191e-256,0.739409410877377,0.248,0.164,4.3974685205769e-251,"1","BRD1"
6.60609652826137e-256,0.549203360341037,0.428,0.332,5.94621354605334e-251,"1","TCP1"
2.32059951878913e-255,0.311127516620542,0.702,0.6,2.08879483285729e-250,"1","CD3E"
3.8505663893362e-255,0.899125595958875,0.196,0.121,3.46593331270541e-250,"1","FAM111A"
8.13830855012556e-255,0.680853683275276,0.306,0.219,7.32537290905352e-250,"1","RBIS"
1.41485519973158e-254,0.630530275481159,0.359,0.266,1.27352531383039e-249,"1","SLC9A9"
2.15329322472964e-254,0.913097872655285,0.2,0.125,1.93820076451139e-249,"1","CKAP2"
9.1179850623532e-254,0.515661897142467,0.404,0.307,8.20718953447474e-249,"1","PNN"
9.43248573610981e-254,0.755715773699925,0.277,0.192,8.4902747359298e-249,"1","TMEM243"
2.01029709398391e-253,0.503264828207298,0.412,0.314,1.80948851726585e-248,"1","RSBN1L"
2.14418573773697e-253,0.360575373367984,0.674,0.588,1.93000302439443e-248,"1","LEPROTL1"
3.15053101491132e-253,0.476693879947608,0.481,0.384,2.83582447183183e-248,"1","OXNAD1"
1.30661224232621e-252,0.432706049709223,0.537,0.443,1.17609474544025e-247,"1","PPIB"
1.49395763896646e-252,1.09928798301376,0.125,0.065,1.3447262104101e-247,"1","ZNF37A"
6.64806114668731e-252,0.35995358957176,0.643,0.551,5.98398631874471e-247,"1","TPM3"
8.53303248069495e-252,0.291497960194653,0.757,0.68,7.68066786619833e-247,"1","HNRNPC"
2.43373227920224e-251,0.576247866863311,0.338,0.245,2.19062676183273e-246,"1","EHMT1"
1.01179387163982e-250,0.475831802604281,0.439,0.342,9.10725781801717e-246,"1","PHC3"
4.22362482711401e-250,0.518314148066924,0.419,0.321,3.80172694313359e-245,"1","ASAP1"
4.4553474016032e-250,0.544898854781361,0.397,0.304,4.01030274965706e-245,"1","TRIM22"
6.40687301910831e-250,0.60902883743928,0.368,0.278,5.76689047322958e-245,"1","CASP4"
1.04224178451568e-249,0.350013179485799,0.619,0.528,9.38132252660405e-245,"1","AAK1"
1.39581254731602e-249,0.666161756499903,0.323,0.233,1.25638483196463e-244,"1","SH2D1A"
2.86163310953925e-248,0.520106433742597,0.392,0.295,2.57578457822738e-243,"1","PLCL2"
4.42048546685186e-248,0.375146597616897,0.565,0.467,3.97892317356803e-243,"1","ACTR3"
1.45404891433284e-247,0.781585778241263,0.254,0.171,1.30880396828013e-242,"1","LRIF1"
1.70716025095043e-247,0.384470556750041,0.533,0.433,1.53663201348299e-242,"1","VPS13C"
2.30951183426592e-247,0.530814623560878,0.441,0.348,2.07881469714109e-242,"1","HECA"
3.72273249553556e-247,0.911541024773366,0.252,0.17,3.35086874655652e-242,"1","LINC02446"
5.03186722064349e-247,1.09173783778997,0.131,0.07,4.52923400397341e-242,"1","CCR5"
5.44812172311902e-247,0.682194114811029,0.353,0.262,4.90390884419666e-242,"1","SLC20A1"
1.28460352668839e-246,0.5292756055157,0.381,0.287,1.15628448040748e-241,"1","RBM33"
1.39298178325766e-246,0.926452007009612,0.198,0.124,1.25383683292805e-241,"1","CCDC117"
1.64616244212839e-246,1.03708798080496,0.164,0.096,1.48172727578418e-241,"1","SAP30"
2.65717717961127e-246,0.744789161484072,0.252,0.17,2.3917517511399e-241,"1","DENND2D"
3.11455384081746e-246,0.318997245936674,0.771,0.693,2.80344105765821e-241,"1","ITM2B"
5.24656099342458e-246,0.501610842130734,0.461,0.368,4.7224820157914e-241,"1","SF1"
1.07062905017652e-245,1.05677972435567,0.237,0.158,9.63683914354385e-241,"1","TNFSF14"
1.82833240989071e-245,0.557775609211329,0.387,0.294,1.64570028546673e-240,"1","ETNK1"
2.24374931309719e-244,0.357829972431543,0.656,0.568,2.01962119421191e-239,"1","CLIC1"
7.49842061714288e-244,0.737225069711332,0.255,0.173,6.74940338169648e-239,"1","IRAK4"
7.45423303841233e-243,0.696252933177126,0.261,0.178,6.70962970020532e-238,"1","GRK2"
1.25428383897218e-242,0.61773367580468,0.313,0.224,1.12899342629725e-237,"1","TBC1D1"
2.71019487869606e-242,0.721638479061594,0.249,0.168,2.43947351226311e-237,"1","BRI3"
3.60071634571614e-242,0.363275141896191,0.621,0.529,3.24104078994255e-237,"1","NCL"
6.16207275660067e-242,0.433401325938595,0.584,0.499,5.54654330894383e-237,"1","SERP1"
1.08245497621068e-241,0.518187007994285,0.422,0.329,9.74328548636996e-237,"1","SUCLG2"
1.15775001546684e-241,0.297311371791348,0.722,0.631,1.04210236642185e-236,"1","CD96"
1.8633697823423e-241,0.766278765604212,0.262,0.18,1.67723777478413e-236,"1","TNFSF10"
2.98257538226084e-241,0.701941254099543,0.261,0.178,2.6846459273268e-236,"1","DMTF1"
1.15924759037861e-240,1.04968267407764,0.201,0.129,1.04345034857569e-235,"1","PHYH"
3.52767805734171e-239,0.849192082512442,0.24,0.161,3.17529829619385e-234,"1","BCL2L11"
4.79442531329388e-239,0.717978690545895,0.245,0.164,4.31551016874896e-234,"1","CRBN"
5.32559910230039e-239,0.425380586292321,0.539,0.445,4.7936250079716e-234,"1","PARK7"
5.38591278656336e-239,0.483159487356211,0.39,0.294,4.84791395831354e-234,"1","NFATC3"
1.29969129861381e-238,0.84434468987259,0.181,0.11,1.16986513479528e-233,"1","GIMAP2"
2.26424985513445e-238,0.85823135424299,0.199,0.126,2.03807393710507e-233,"1","HSD17B7"
1.10600240919833e-237,0.425014979835058,0.506,0.409,9.95523828543509e-233,"1","ARHGEF3"
3.68596433122998e-237,0.533191140682455,0.405,0.312,3.31777335418342e-232,"1","MAN2A1"
6.60728093156705e-237,0.835309462004353,0.216,0.139,5.94727963931282e-232,"1","TNFSF8"
8.51024937813198e-237,0.456212984438841,0.456,0.362,7.66016056775037e-232,"1","DYNC1H1"
8.61514333905595e-237,0.6411486480734,0.301,0.216,7.75457667091765e-232,"1","RAB14"
1.57795291085112e-236,0.497482645226054,0.411,0.319,1.4203311945862e-231,"1","R3HDM2"
5.25792701371267e-236,0.81768860292598,0.164,0.095,4.73271268431291e-231,"1","PRR5L"
2.14392321354984e-235,0.689761266892449,0.168,0.098,1.92976672374834e-230,"1","SPON2"
2.5493133464667e-235,1.16615669264277,0.119,0.062,2.29466243628814e-230,"1","GPR18"
1.03519610553301e-233,0.539087965047526,0.375,0.287,9.31790366551317e-229,"1","ATP5F1C"
1.47423242654507e-233,0.386726341459414,0.723,0.661,1.32697134945748e-228,"1","TOMM7"
3.11581119460961e-233,0.527046917663361,0.366,0.275,2.80457281438006e-228,"1","ZRANB2"
2.84403853482791e-232,0.402524872369447,0.527,0.433,2.55994752558395e-227,"1","EPS15"
5.74740741581161e-232,0.736768287886776,0.241,0.162,5.17329888904619e-227,"1","COPB2"
2.342658789514e-231,0.516838019383719,0.338,0.247,2.10865060302945e-226,"1","AGO2"
3.08132676717299e-231,1.1907683728359,0.116,0.06,2.77353303640008e-226,"1","MYO7A"
3.2401984305053e-231,0.493467374870653,0.404,0.313,2.91653500928213e-226,"1","BCLAF1"
3.62115212653007e-231,0.269319223331118,0.666,0.566,3.25943524061098e-226,"1","DOCK8"
1.53352833156041e-230,0.450202579028869,0.447,0.354,1.38034418652084e-225,"1","SETX"
2.30158375626318e-230,0.660929489019854,0.36,0.273,2.07167855485005e-225,"1","NFKBIZ"
4.7319453513245e-230,0.631339825982215,0.278,0.195,4.2592713301807e-225,"1","LMAN1"
7.35768249795894e-230,0.507287101859382,0.379,0.289,6.62272359323782e-225,"1","RAD21"
1.35566820640933e-229,0.990062149912947,0.149,0.086,1.2202505092711e-224,"1","RUVBL1"
1.90141269201337e-229,0.867727681412953,0.271,0.189,1.71148057820815e-224,"1","SERPINH1"
2.43076372599817e-229,0.304327385396482,0.585,0.481,2.18795473740822e-224,"1","NKG7"
5.79754763849543e-229,0.75095903291828,0.235,0.157,5.21843060488612e-224,"1","USP22"
2.18278561368142e-228,0.501270853060972,0.589,0.498,1.96474715873078e-223,"1","PPP1R15A"
2.74372737611708e-228,0.433035742925633,0.545,0.453,2.46965644851675e-223,"1","TRA2B"
5.66117612090027e-228,0.459658240012737,0.421,0.329,5.09568123818355e-223,"1","LUC7L3"
7.28257466092305e-228,0.394599298334156,0.413,0.31,6.55511827804345e-223,"1","SAMD3"
1.3301572503775e-227,0.298968890521321,0.635,0.533,1.19728784263729e-222,"1","CAMK4"
1.91368884479746e-227,0.537081727367857,0.387,0.3,1.72253046609065e-222,"1","REEP5"
3.05542531271826e-227,0.455424095939748,0.444,0.352,2.75021887823084e-222,"1","CAP1"
1.47288838104495e-226,0.764180222497113,0.216,0.141,1.32576156066237e-221,"1","DGKA"
1.48366397144736e-226,0.511931344428609,0.495,0.405,1.33546077733949e-221,"1","CCT4"
2.38878630962542e-226,0.840452568240233,0.217,0.142,2.15017044515694e-221,"1","GBP3"
2.71312746938971e-226,0.424621863113157,0.521,0.426,2.44211316647237e-221,"1","TRPS1"
3.42089990024457e-226,0.277657212044698,0.778,0.702,3.07918620920914e-221,"1","ARPC2"
8.61404574264497e-226,0.854516229447922,0.14,0.078,7.75358871341216e-221,"1","PLEK"
4.24654688720802e-225,0.451384594147806,0.451,0.362,3.82235931864481e-220,"1","TAPBP"
6.73986501033973e-225,0.75925601921916,0.218,0.143,6.0666198944569e-220,"1","STAU2"
1.12795046930594e-224,0.551769753091196,0.573,0.488,1.01527949692697e-219,"1","SLC2A3"
1.28693510660693e-224,0.465467293140211,0.445,0.357,1.15838315880797e-219,"1","TSPO"
1.96636635268913e-224,0.672979646430818,0.254,0.174,1.76994601771901e-219,"1","PLAAT3"
2.75250750324739e-224,0.503240508432479,0.397,0.305,2.47755952874801e-219,"1","ABLIM1"
2.77028908899546e-224,0.982701891891642,0.139,0.078,2.4935649118957e-219,"1","TARBP1"
2.88564685363651e-224,0.409508640825522,0.565,0.48,2.59739958942676e-219,"1","TRIR"
4.00675198930223e-224,0.466659363444942,0.427,0.336,3.60651753309083e-219,"1","KDM5A"
4.54753006947184e-224,0.471447977842668,0.449,0.36,4.0932772908323e-219,"1","OPTN"
5.48113314369753e-224,0.255358063854966,0.81,0.749,4.93362275397358e-219,"1","AKAP13"
6.18673851071842e-224,0.75571212737325,0.238,0.162,5.56874520088276e-219,"1","METTL23"
8.35193017183506e-224,0.471138528028482,0.405,0.314,7.51765586697046e-219,"1","NLRC5"
2.57620139028567e-223,0.958229183607417,0.185,0.116,2.31886463341004e-218,"1","NKRF"
6.92678100777911e-223,0.345806958349182,0.575,0.483,6.23486485291205e-218,"1","CFLAR"
7.96814784096988e-223,0.4405063316356,0.558,0.472,7.1722095531354e-218,"1","PDE4B"
7.99882670748366e-223,0.587157039883149,0.335,0.25,7.19982390767312e-218,"1","PHF20L1"
8.68960108260718e-223,0.498346692251221,0.664,0.587,7.82159683046554e-218,"1","CEMIP2"
1.05344044164076e-222,0.367252495287404,0.57,0.481,9.48212275925263e-218,"1","NSD3"
2.44142540290274e-222,0.655873214079211,0.318,0.233,2.19755141940679e-217,"1","FKBP4"
1.07906470028203e-221,0.5345515070318,0.373,0.286,9.71276927370862e-217,"1","URI1"
3.51176380545258e-221,0.490296922839674,0.365,0.274,3.16097371892592e-216,"1","ZBTB38"
3.68544896465163e-221,1.06538405811957,0.128,0.07,3.31730946757258e-216,"1","DISC1"
8.13685707959429e-221,1.11347238016453,0.122,0.065,7.32406642591362e-216,"1","CD40LG"
8.57016332066411e-221,0.414007704699106,0.485,0.397,7.71408970656298e-216,"1","PCM1"
4.55942758633625e-220,0.61073738054156,0.498,0.412,4.10398636473712e-215,"1","SLC38A2"
1.00235264250888e-219,0.364584697347236,0.553,0.466,9.02227637048664e-215,"1","SCAF11"
1.80491799561733e-219,0.304514407343971,0.737,0.663,1.62462473703511e-214,"1","SUB1"
5.9448478283898e-219,0.379013564752314,0.507,0.415,5.35101697881195e-214,"1","DDX6"
9.59926615409845e-219,0.254283014621559,0.748,0.667,8.64039545796556e-214,"1","YWHAZ"
1.2145046150564e-218,0.585527817779369,0.295,0.212,1.09318774905842e-213,"1","SP140L"
4.36131021635327e-218,0.641556425748384,0.283,0.203,3.92565893884174e-213,"1","SSR3"
6.05695586067633e-218,0.733805713469188,0.218,0.144,5.45192653975337e-213,"1","ZNF91"
1.23134260805015e-217,0.501429388497939,0.395,0.307,1.10834379493202e-212,"1","PIK3IP1"
1.57421534362733e-217,0.567765055022307,0.352,0.263,1.4169669729524e-212,"1","RUNX2"
5.77761969336265e-217,0.748949249205125,0.251,0.173,5.20049326219266e-212,"1","RNF138"
7.03799667787256e-217,0.58973452505605,0.317,0.235,6.33497118971987e-212,"1","DECR1"
1.45468357445301e-216,0.45561759488028,0.533,0.445,1.3093752322009e-211,"1","BICDL1"
1.45843268950415e-216,0.357946675220335,0.558,0.469,1.31274984814958e-211,"1","SET"
1.77762766229214e-216,1.12544306768074,0.116,0.062,1.60006043510578e-211,"1","BTN2A2"
3.34870303892543e-216,0.449193020790708,0.448,0.361,3.01420109236717e-211,"1","COPE"
6.22539857525671e-216,0.860515134980081,0.161,0.096,5.60354351157432e-211,"1","HOOK2"
6.62364548964827e-216,0.558202759631394,0.396,0.313,5.96200954168731e-211,"1","NSA2"
8.43470046446265e-216,0.332323801864385,0.615,0.525,7.59215823506747e-211,"1","COTL1"
4.8479227594176e-215,0.669352069354629,0.23,0.154,4.36366375497938e-210,"1","ZNF506"
5.60399593228232e-215,0.811918230767437,0.163,0.098,5.04421277860664e-210,"1","CLIC5"
9.70010844348095e-215,0.952115558602968,0.131,0.073,8.73116461106164e-210,"1","ZNF22"
4.48493972606469e-214,0.593235604129729,0.329,0.245,4.03693909682808e-209,"1","DEDD2"
6.12947409947059e-214,0.752457542444607,0.214,0.142,5.51720093167447e-209,"1","GOPC"
1.5385158917231e-213,0.557184670937432,0.313,0.229,1.38483353929888e-208,"1","IDH2"
3.78668902388862e-213,0.566272128807998,0.335,0.252,3.40843665729238e-208,"1","ORMDL1"
4.12451932582828e-213,0.522578346891464,0.4,0.312,3.7125210903713e-208,"1","HERPUD2"
4.45633545578775e-213,0.422846211683614,0.487,0.399,4.01119210710911e-208,"1","ATP5IF1"
1.06906089166579e-212,0.417277316777405,0.455,0.363,9.62272399197297e-208,"1","NUFIP2"
1.14425102614788e-212,0.616259967474348,0.294,0.213,1.02995179114597e-207,"1","CHD3"
2.50232610766271e-212,0.385435249603993,0.602,0.521,2.25236875276828e-207,"1","EIF3K"
3.82884908764583e-212,0.458987430439352,0.422,0.334,3.44638535228089e-207,"1","PRPF40A"
1.35006779466567e-211,0.459219824512975,0.436,0.348,1.21520952265651e-206,"1","NAA50"
1.91894030714833e-211,1.08803557058912,0.119,0.065,1.72725735986729e-206,"1","DDX19B"
5.46992788060061e-211,0.626029896887577,0.247,0.168,4.92353678460741e-206,"1","DAPK2"
6.05860802755806e-211,0.262162350776361,0.899,0.847,5.45341367168529e-206,"1","ATP5F1E"
2.04000727443189e-210,0.455204248408769,0.39,0.302,1.83623094778889e-205,"1","WASF2"
6.24116917655517e-210,0.711359564511706,0.233,0.158,5.61773878750908e-205,"1","TMEM71"
6.55397381341944e-210,0.952449096859415,0.144,0.085,5.89929736919697e-205,"1","ARL14EP"
1.22594150416247e-209,0.693150358008072,0.25,0.174,1.10348220731168e-204,"1","CASP3"
2.46951295386209e-209,0.847010170006764,0.148,0.087,2.22283330490081e-204,"1","D2HGDH"
1.03994380789956e-208,0.402009153845876,0.447,0.356,9.36063820928475e-204,"1","LCP2"
2.38631890996808e-208,0.307225716452162,0.732,0.664,2.14794951405137e-203,"1","CYTIP"
6.8539286677551e-208,0.605753650885299,0.31,0.227,6.16928973313305e-203,"1","TIPARP"
7.95401999477738e-208,0.564637424999631,0.324,0.241,7.15949293749907e-203,"1","SNRK"
9.97272628743238e-208,0.484601640506998,0.408,0.323,8.97655065858076e-203,"1","HNRNPH3"
1.09484157633627e-207,0.379496799226506,0.639,0.554,9.85477851276039e-203,"1","DYNLL1"
1.99823392861049e-207,0.574515846674447,0.347,0.265,1.79863034148158e-202,"1","MCUB"
2.15211397351774e-207,0.300114794582654,0.729,0.654,1.93713930870305e-202,"1","CHCHD2"
2.27615022994019e-207,0.546752935437763,0.361,0.278,2.04878558347146e-202,"1","RNASET2"
3.93326394429204e-207,0.586375622680352,0.309,0.228,3.54037020889671e-202,"1","RAB5IF"
1.35777036128407e-206,0.559318321682315,0.33,0.248,1.22214267989541e-201,"1","APOL6"
1.87309837709529e-206,0.435604593277501,0.453,0.367,1.68599458020724e-201,"1","UBAC2"
2.8085209787303e-206,0.279694621173838,0.699,0.619,2.52797781816493e-201,"1","CLEC2D"
3.4840954814789e-206,0.537851661201452,0.36,0.275,3.13606918383398e-201,"1","ODC1"
3.64761778585369e-206,0.459917407246203,0.382,0.293,3.28325724522476e-201,"1","AHI1"
3.98633084684291e-206,0.540955898881592,0.33,0.248,3.58813625855177e-201,"1","ANP32A"
4.50649906428644e-206,0.616605787372452,0.384,0.299,4.05634487275486e-201,"1","MYLIP"
6.09503202874314e-206,0.404113688983867,0.548,0.461,5.48619927939199e-201,"1","HMGB2"
8.9921255477768e-206,0.385762253486952,0.481,0.389,8.09390212680937e-201,"1","RASGRP1"
9.71937163215945e-206,0.631510897110221,0.267,0.189,8.74850359982304e-201,"1","VPS36"
1.47543588307193e-205,0.421992804716553,0.509,0.427,1.32805459271187e-200,"1","SSR2"
4.35213950361753e-205,0.518068351691954,0.369,0.283,3.91740428860118e-200,"1","ARRDC3"
6.1565347403171e-205,0.600679832334998,0.307,0.227,5.54155848510683e-200,"1","MTCH1"
1.58011522091827e-204,0.45683351859475,0.405,0.319,1.42227751150075e-199,"1","PPP2R2A"
3.93173592559937e-204,0.519265643265642,0.356,0.27,3.53899482399125e-199,"1","CGAS"
4.22564406830079e-204,0.479690489322635,0.37,0.282,3.80354448231823e-199,"1","RBL2"
6.08102148706986e-204,0.37283119139809,0.528,0.437,5.47358825072645e-199,"1","PCED1B"
7.214735130821e-204,0.330603850263311,0.62,0.544,6.49405523860329e-199,"1","CD53"
1.25042764549064e-203,0.727346971702133,0.256,0.181,1.12552242798258e-198,"1","PRKCQ-AS1"
2.09923335645465e-203,0.493865847029445,0.671,0.612,1.8895409364784e-198,"1","JUNB"
6.79043476095211e-203,0.567317405286668,0.302,0.222,6.1121382326806e-198,"1","SUZ12"
8.43534111172797e-203,0.527283935716967,0.33,0.247,7.59273488807747e-198,"1","CREB1"
4.41400452242359e-202,1.02582738330898,0.112,0.06,3.9730896106787e-197,"1","ADSL"
1.53861745462655e-201,0.520695005403153,0.403,0.322,1.3849249570839e-196,"1","CCDC85B"
1.72961556991988e-201,0.390417107478133,0.506,0.42,1.55684427064058e-196,"1","ATP5F1D"
2.75297832309055e-201,0.850388504305477,0.163,0.1,2.47798331839703e-196,"1","RABL6"
4.43018135857367e-201,0.389673219531803,0.468,0.376,3.98765054266574e-196,"1","ZCCHC7"
5.27162416327923e-201,0.565405282993505,0.304,0.224,4.74504162560927e-196,"1","NCKAP1L"
6.43748124332221e-201,0.594570271920251,0.395,0.31,5.79444124192675e-196,"1","TUBA1A"
1.45685167573777e-200,0.680698470583788,0.212,0.14,1.31132676184832e-195,"1","LPGAT1"
1.52302006255567e-200,0.3411767187304,0.37,0.279,1.37088558850698e-195,"1","RHOB"
1.54308174550919e-200,0.439057069234606,0.459,0.378,1.38894330995028e-195,"1","CSDE1"
1.64691778873909e-200,0.52490308353624,0.379,0.299,1.48240717082194e-195,"1","VPS28"
1.71973911120683e-200,0.294370314657844,0.716,0.641,1.54795437138838e-195,"1","LRBA"
5.0270643322257e-200,0.367244093444705,0.501,0.413,4.52491087607968e-195,"1","UQCR10"
1.18481273118678e-199,0.846249468030693,0.205,0.136,1.06646178746853e-194,"1","AGPAT5"
1.46718816732526e-199,0.296477483161337,0.714,0.635,1.32063074129114e-194,"1","PNRC1"
2.79771536129183e-199,0.470802540763303,0.472,0.387,2.51825157385239e-194,"1","RANBP2"
4.13742531255374e-199,0.452499115713486,0.453,0.372,3.72413789808275e-194,"1","EIF3G"
1.09910485032662e-198,0.523265451387251,0.334,0.252,9.89315266827492e-194,"1","COA1"
1.28378414653112e-198,0.422883762275436,0.428,0.342,1.15554694813413e-193,"1","CTSD"
1.33691184615009e-198,0.756783227852682,0.2,0.131,1.20336772183816e-193,"1","N4BP2"
2.83087359332744e-198,0.54162391785579,0.34,0.258,2.54809763008996e-193,"1","SAMD9"
3.54204291888357e-198,0.48719779398538,0.37,0.287,3.18822825171629e-193,"1","PRR13"
4.02330629557927e-198,0.404222173896335,0.508,0.423,3.62141822971385e-193,"1","RSRC2"
5.44014301143849e-198,0.395511939251774,0.51,0.425,4.8967271260259e-193,"1","HMGN2"
1.17431960685678e-197,0.488027414795252,0.382,0.297,1.05701682132786e-192,"1","MGAT4A"
1.84845569888807e-197,0.409661877490563,0.459,0.372,1.66381345912614e-192,"1","CDV3"
2.41278219406063e-197,0.301490635737481,0.61,0.522,2.17176938069591e-192,"1","PDE7A"
2.71231171818283e-197,0.569237490390606,0.282,0.203,2.44137890065354e-192,"1","BICRAL"
7.04039268889569e-197,0.491092372601729,0.423,0.339,6.3371278632019e-192,"1","PRDM1"
9.67759363398482e-197,0.961861973305501,0.117,0.065,8.71089880588608e-192,"1","CFAP298"
1.34555618084804e-196,0.750156495634963,0.195,0.127,1.21114857394313e-191,"1","CD38"
1.57432172221938e-196,0.322861596264004,0.755,0.683,1.41706272538688e-191,"1","CHST11"
1.83805773680126e-196,0.638528562041808,0.244,0.17,1.65445414947218e-191,"1","LINC00649"
3.14246158925795e-196,0.536225936982788,0.392,0.308,2.82856110110697e-191,"1","SLC7A5"
4.4954459724724e-196,0.416495733316704,0.416,0.329,4.04639587428213e-191,"1","TRAF3IP3"
7.20890670083815e-195,0.74829577965449,0.22,0.15,6.48880901049143e-190,"1","GXYLT1"
1.45120048189791e-194,0.469062132557354,0.379,0.295,1.30624006576113e-189,"1","GPR174"
1.62667272404965e-194,0.603384973833782,0.304,0.228,1.46418438564433e-189,"1","MAP2K2"
3.65769202225104e-194,0.501584058358031,0.372,0.289,3.29232516614838e-189,"1","UBL3"
7.26022310440393e-194,0.459277011782379,0.386,0.302,6.53499941850502e-189,"1","DNAJB14"
8.56993440936314e-194,0.328960154260199,0.559,0.472,7.71388366121186e-189,"1","ARHGAP26"
1.17242375213854e-193,0.461776241216255,0.375,0.292,1.05531034353742e-188,"1","ZNF706"
1.69327692632497e-193,0.491761024112148,0.365,0.282,1.52413549415437e-188,"1","PHF3"
4.15226592124161e-193,0.447226087257207,0.463,0.383,3.73749607836879e-188,"1","GSPT1"
7.7452442185514e-193,0.58068846478781,0.302,0.224,6.9715717735603e-188,"1","MIS18BP1"
2.41119271264441e-192,0.311920196452453,0.582,0.493,2.17033867257836e-187,"1","RAC2"
5.83565364472877e-192,0.757864395485536,0.202,0.135,5.25273020215682e-187,"1","SMIM7"
7.78905609415088e-192,0.296688166168181,0.651,0.566,7.01100728090615e-187,"1","DDX24"
2.1028886962955e-191,0.856572172487585,0.154,0.094,1.89283114442255e-186,"1","ZNF862"
2.32174792117947e-191,0.770351138777002,0.192,0.127,2.08982852133285e-186,"1","SUPT20H"
3.92212065800591e-191,0.556476381279021,0.296,0.219,3.5303400254777e-186,"1","CARD8"
1.99823917213239e-190,0.946260544105289,0.126,0.072,1.79863506122808e-185,"1","GGCT"
2.04129437499782e-190,0.486238279544788,0.361,0.28,1.83738947987929e-185,"1","CD46"
3.67965473624292e-190,0.895472738777575,0.144,0.087,3.31209402463962e-185,"1","DYRK2"
8.06885266523365e-190,0.671026107784815,0.229,0.158,7.26285497250346e-185,"1","PURA"
9.53541657775688e-190,0.449969224974643,0.456,0.372,8.58292381580475e-185,"1","MLLT3"
1.36322381331046e-189,0.789772595263368,0.174,0.111,1.22705138659888e-184,"1","LY9"
2.72924546144862e-189,0.691953104616014,0.289,0.214,2.45662113230452e-184,"1","TUBA1C"
4.22614178645273e-189,0.464693425953732,0.366,0.286,3.80399248340397e-184,"1","ADAR"
7.12418387244964e-189,0.608215411914458,0.297,0.221,6.41254914543065e-184,"1","SS18L2"
7.76518045070623e-189,0.445532557790771,0.408,0.327,6.98951657548519e-184,"1","BST2"
8.70742472316257e-189,0.494810921692568,0.453,0.369,7.83764006756586e-184,"1","SOD2"
8.94555109962075e-189,0.782031233946775,0.188,0.122,8.05198000027964e-184,"1","GLUL"
1.22513803863291e-188,0.430792204302475,0.441,0.358,1.10275899995387e-183,"1","CASP8"
1.49160395396685e-188,0.53017959128495,0.308,0.229,1.3426076350051e-183,"1","GIGYF2"
2.86667222455792e-188,0.896577007138184,0.137,0.08,2.58032033604683e-183,"1","PCAT1"
2.93251653207031e-188,0.427606221335437,0.421,0.338,2.6395874556818e-183,"1","KIF5B"
8.55462104018654e-188,0.376857808757943,0.519,0.438,7.7000999444823e-183,"1","RAN"
1.10196868422336e-187,0.467509110807487,0.361,0.28,9.91893032356292e-183,"1","CLTA"
1.82338341730847e-187,0.513056113216906,0.368,0.283,1.64124564775353e-182,"1","GZMH"
3.43480417994429e-187,0.498906979913165,0.42,0.342,3.09170159040965e-182,"1","TAF7"
4.38770438548995e-187,0.330312749977532,0.636,0.563,3.94941659442336e-182,"1","CCNI"
5.07857656567074e-187,0.522071977730498,0.337,0.259,4.57127755252589e-182,"1","BOD1L1"
6.63628043054759e-187,0.436968792607448,0.391,0.306,5.97338237834019e-182,"1","GTDC1"
7.2501701127074e-187,0.938551137269687,0.116,0.065,6.52595062014906e-182,"1","KIAA0513"
1.21744814579983e-186,0.895819693795166,0.23,0.162,1.09583725051588e-181,"1","IRF4"
1.29003351241456e-186,0.471302073354648,0.503,0.423,1.16117206485947e-181,"1","CDC14A"
1.43551190200294e-186,0.317357408681201,0.738,0.672,1.29211861811187e-181,"1","HINT1"
1.90462331470159e-186,1.16039221120502,0.113,0.063,1.71437049179605e-181,"1","PRH1"
3.22560338976996e-186,0.695001477154071,0.169,0.106,2.90339786716584e-181,"1","ZBED4"
5.1646675755247e-186,0.284660912773246,0.864,0.796,4.64876893140554e-181,"1","UBB"
5.62614779858414e-186,0.423493298310205,0.414,0.333,5.06415189498357e-181,"1","ATP5PF"
6.7781668819527e-186,0.642460236127147,0.225,0.154,6.10109579211445e-181,"1","TPD52"
1.46472441801135e-185,0.781210517514267,0.186,0.122,1.31841309589619e-180,"1","KIAA0040"
1.70750459089642e-185,0.388066680676066,0.47,0.389,1.53694195731178e-180,"1","HCLS1"
1.82926110141346e-185,0.888694661281882,0.148,0.091,1.64653620999327e-180,"1","CTBS"
6.23587400401692e-185,0.460816653685734,0.34,0.258,5.61297254975567e-180,"1","JAML"
8.24636316719203e-185,0.54336887162443,0.309,0.233,7.42263395042122e-180,"1","HCP5"
1.57102161569129e-184,0.322926238775783,0.578,0.499,1.41409226649989e-179,"1","SRSF11"
1.61883074274121e-184,0.541305404131659,0.293,0.217,1.45712573984879e-179,"1","XPO6"
2.52151972147936e-184,0.405319595915721,0.445,0.364,2.26964511650079e-179,"1","ATP5MC3"
4.12839379413986e-184,0.390105186538043,0.495,0.415,3.71600853804323e-179,"1","TLE5"
6.58990670658876e-184,0.718197387388227,0.223,0.155,5.93164092566761e-179,"1","TRIM69"
8.92623007273141e-184,0.379799371690264,0.725,0.664,8.03458895076627e-179,"1","PDE3B"
2.1769894248103e-183,0.938503585342275,0.117,0.066,1.959529951166e-178,"1","YPEL1"
2.7312486577016e-183,0.773795527355419,0.17,0.109,2.45842422928379e-178,"1","SH3BP5"
4.03988165310244e-183,0.72373393284257,0.189,0.125,3.63633787477403e-178,"1","CHD7"
5.40619698355428e-183,1.1393791306602,0.118,0.068,4.86617196686704e-178,"1","POLR1E"
8.93289362662487e-183,0.479977351316645,0.396,0.316,8.04058688226131e-178,"1","ASXL2"
3.82459115573711e-182,0.796403644832686,0.158,0.099,3.44255274519053e-177,"1","TUG1"
6.44625685131223e-182,0.393781499861546,0.512,0.431,5.80234025443465e-177,"1","MAP1LC3B"
8.48482753074841e-182,0.662583309175932,0.22,0.152,7.63727810870196e-177,"1","CTSB"
1.0206811704927e-181,0.509780931065554,0.324,0.248,9.18725328372187e-177,"1","NDUFA12"
1.99829786639875e-181,0.621759527016335,0.216,0.148,1.79868789252418e-176,"1","SINHCAF"
4.34055037647957e-181,0.589362834369567,0.238,0.167,3.90697279937303e-176,"1","SNHG14"
7.37252828728479e-181,0.398236335190416,0.464,0.385,6.63608643666792e-176,"1","PAPOLA"
8.82344911322753e-181,0.429151924998215,0.381,0.301,7.94207478130723e-176,"1","XPO1"
1.27887430898126e-180,0.37275058025049,0.574,0.497,1.15112755425712e-175,"1","NOP53"
1.321198816695e-180,0.636890887170682,0.176,0.112,1.18922426689534e-175,"1","EPHA4"
2.59502042545637e-180,0.721731410347283,0.188,0.124,2.33580383515753e-175,"1","ELK4"
2.98268440424531e-180,0.463457121881407,0.389,0.309,2.68474405910525e-175,"1","SENP7"
1.66176219892824e-179,0.345711532670534,0.552,0.474,1.4957687728773e-174,"1","UQCRH"
1.78198537586486e-179,0.788665598164484,0.177,0.116,1.60398285666972e-174,"1","BLOC1S6"
7.85347490266757e-179,0.501673634354718,0.39,0.315,7.06899129464011e-174,"1","PEBP1"
7.88534630281679e-179,0.809182403953054,0.145,0.088,7.09767906062842e-174,"1","CD200R1"
8.03041435156137e-179,0.789970138913038,0.178,0.117,7.2282562619839e-174,"1","LYSMD3"
1.23778423357175e-178,0.520139270525127,0.297,0.22,1.11414196648027e-173,"1","SMAD3"
4.29004767012818e-178,0.495721635498827,0.353,0.278,3.86151480835908e-173,"1","LSM8"
7.75083031525601e-178,0.50316316808166,0.32,0.242,6.97659987506508e-173,"1","DGKH"
9.43473224184327e-178,0.767238159128739,0.175,0.114,8.49229683820554e-173,"1","NECAP1"
9.88196735082708e-178,0.452110549411027,0.406,0.329,8.89485763215297e-173,"1","EIF4B"
4.66376078883338e-177,0.444230323412429,0.453,0.378,4.19789772363682e-172,"1","SELENOW"
5.48810416959375e-177,0.474429353782875,0.347,0.269,4.93989744409303e-172,"1","PRKDC"
5.63863104425917e-177,0.649597541104021,0.246,0.178,5.07538818924813e-172,"1","ETFB"
1.18117340566888e-176,0.519764934613479,0.351,0.275,1.06318599417662e-171,"1","ENY2"
1.49991155990987e-176,0.488802794092329,0.36,0.284,1.35008539419047e-171,"1","PDIA6"
1.50097519280975e-176,0.350746408087732,0.497,0.416,1.35104278079999e-171,"1","ZNF644"
2.25182611179601e-176,0.416295387617065,0.446,0.365,2.02689120148871e-171,"1","STIM1"
5.10665740172773e-176,0.696682748877669,0.199,0.135,4.59655339386915e-171,"1","LINC00426"
1.2254444518934e-175,0.405042840092199,0.46,0.381,1.10303480559377e-170,"1","ST13"
1.76329968532624e-175,0.318382909533736,0.541,0.46,1.587163679759e-170,"1","MTDH"
1.82776688928549e-175,0.563362716352638,0.291,0.217,1.64519125471476e-170,"1","RIPK1"
3.25159211625425e-175,0.633142475546506,0.234,0.165,2.92679057976161e-170,"1","ANKRD13D"
4.70372077879334e-175,0.302674915596906,0.592,0.505,4.23386611019968e-170,"1","MAML2"
5.42817756680144e-175,0.493789676131797,0.38,0.304,4.88595690965364e-170,"1","GTF3A"
5.81989976131749e-175,0.769103056276557,0.196,0.134,5.23854997415949e-170,"1","PPP1R35"
1.11802302180152e-174,0.554423582697736,0.276,0.203,1.00634370215376e-169,"1","PARP1"
1.79026937050108e-174,0.341313603718303,0.61,0.53,1.61143936308173e-169,"1","ELOVL5"
2.17645063981044e-174,0.369091236860891,0.469,0.388,1.95904498539977e-169,"1","MIER1"
6.52824403689875e-174,0.831138164208776,0.169,0.11,5.87613774005294e-169,"1","TMEM238"
1.19634295753293e-173,0.588672976952909,0.265,0.194,1.07684025950497e-168,"1","NUB1"
1.78097965366959e-173,0.720048557615495,0.171,0.111,1.60307759606454e-168,"1","ZNF101"
2.62499792813443e-173,0.42513293039612,0.445,0.365,2.36278688509308e-168,"1","HNRNPLL"
3.02190147802488e-173,0.706427875057185,0.166,0.106,2.72004373938498e-168,"1","GAB3"
5.50127001460233e-173,0.598868437695744,0.285,0.212,4.95174815284371e-168,"1","ABHD17B"
5.61637424028932e-173,0.545204628937871,0.296,0.222,5.05535461742682e-168,"1","EIF2AK2"
6.81161421745623e-173,0.473883798089811,0.366,0.291,6.13120207327453e-168,"1","OCIAD1"
2.00197080989023e-172,0.371658547591582,0.523,0.443,1.80199394569029e-167,"1","HLA-F"
2.22131789884234e-172,0.504597639694277,0.298,0.224,1.99943045392698e-167,"1","COPB1"
4.11380346591681e-172,0.609685642891698,0.371,0.292,3.70287563770638e-167,"1","SPATS2L"
1.27197186778197e-171,0.752281203296,0.187,0.125,1.14491459790923e-166,"1","ZC3H6"
1.84708540251971e-171,0.317984612064874,0.583,0.505,1.66258004166202e-166,"1","TMBIM6"
3.97215124549403e-171,0.405730897597258,0.48,0.403,3.57537305758164e-166,"1","LDHB"
4.44238895739337e-171,0.803687108195433,0.145,0.09,3.99863872443935e-166,"1","ABCD2"
4.79279129829661e-171,0.480987366822323,0.439,0.365,4.31403937550976e-166,"1","SNHG8"
4.80660514107216e-171,0.571207767293106,0.281,0.207,4.32647335353046e-166,"1","TSHZ2"
5.54723494196648e-171,0.593183474444534,0.262,0.193,4.99312164361345e-166,"1","POLR3GL"
6.42959644524698e-171,0.28738836023887,0.654,0.581,5.78734405633126e-166,"1","ARID1B"
1.0409656446226e-170,0.37757618071408,0.424,0.342,9.36983586381244e-166,"1","GBP5"
2.97337374501487e-170,0.382006681063544,0.481,0.405,2.67636344162533e-165,"1","C19orf53"
3.6084932051903e-170,0.411930424188888,0.489,0.409,3.24804081892384e-165,"1","DDX3X"
4.89875720638972e-170,0.794576852891451,0.146,0.091,4.40942034904345e-165,"1","USP28"
1.31170743973839e-169,0.378195514595682,0.445,0.366,1.18068098358292e-164,"1","CD47"
1.39589981632119e-169,0.472135237225979,0.618,0.548,1.25646338366887e-164,"1","SQSTM1"
1.8166230392179e-169,0.721298045734542,0.185,0.123,1.63516056383042e-164,"1","SLFN11"
1.9836070261809e-169,0.274315675565865,0.627,0.545,1.78546452033569e-164,"1","NDUFA4"
5.19576773731841e-169,0.458588489239981,0.368,0.293,4.67676249803767e-164,"1","PSMD8"
8.90378382357663e-169,0.477802892206342,0.332,0.256,8.01438485743956e-164,"1","PJA2"
1.32963843812104e-168,0.675942891567375,0.139,0.084,1.19682085453713e-163,"1","KRT18"
1.46699915687968e-168,0.678160890312582,0.184,0.122,1.32046061109897e-163,"1","CENPK"
3.31638898203815e-168,0.382367721993057,0.397,0.316,2.98511488662236e-163,"1","CCND2"
3.60131151334737e-168,0.399869312923176,0.449,0.373,3.2415765062791e-163,"1","PPIG"
4.77278583805869e-168,0.692105092992914,0.215,0.152,4.29603226069501e-163,"1","ZCRB1"
1.26335460453218e-167,0.673337972975146,0.191,0.128,1.13715811308546e-162,"1","PDLIM5"
1.27770515939137e-167,0.360593788189981,0.478,0.399,1.15007519101976e-162,"1","HIVEP2"
1.79600468735456e-167,0.654367719071732,0.181,0.12,1.61660177913471e-162,"1","ATG16L1"
3.21065134649367e-167,0.612829567486056,0.236,0.169,2.88993938349242e-162,"1","KRR1"
3.72145202768453e-167,0.426494337380948,0.391,0.316,3.34971618463912e-162,"1","ARHGEF1"
4.04694692701096e-167,0.334765081628374,0.712,0.639,3.64269739847184e-162,"1","KLF6"
4.18486386664502e-167,0.295791558854824,0.572,0.493,3.76683781500585e-162,"1","ANAPC16"
7.51338572142192e-167,0.434436569752399,0.378,0.301,6.76287362170908e-162,"1","TNRC6A"
2.46920558996027e-166,0.352021859127018,0.778,0.732,2.22255664357914e-161,"1","SAMSN1"
2.65897452079385e-166,0.757691988584741,0.173,0.114,2.39336955591175e-161,"1","TRMT10C"
4.39133063114693e-166,0.811557217287981,0.15,0.095,3.95268061440166e-161,"1","DCAF16"
1.40891069918543e-165,0.293998353250259,0.634,0.561,1.2681746094438e-160,"1","EPC1"
1.49919588302446e-165,0.369592386311041,0.494,0.417,1.34944120626915e-160,"1","RBM8A"
1.67204286664706e-165,0.503372338891728,0.301,0.228,1.50502250469768e-160,"1","SMC3"
4.30486741193952e-165,0.409122200878146,0.381,0.303,3.87485420616088e-160,"1","TRAPPC10"
6.14949395359812e-165,0.444604417112285,0.36,0.284,5.5352210025732e-160,"1","JAK3"
6.18310047095125e-165,0.474815575291774,0.326,0.252,5.56547056490793e-160,"1","CCT2"
1.11784196883814e-164,0.594747176868588,0.257,0.188,1.0061807345709e-159,"1","MIAT"
1.24942843968829e-164,0.623271224570974,0.228,0.162,1.12462303284783e-159,"1","OIP5-AS1"
1.96614358535932e-164,0.520568015209206,0.296,0.224,1.76974550261777e-159,"1","YWHAG"
2.53627536316781e-164,0.377884214532026,0.441,0.366,2.28292681714097e-159,"1","NEDD8"
3.38494209968607e-164,0.776920599571156,0.145,0.091,3.04682023334843e-159,"1","IFI44L"
3.7108696583855e-164,0.534246969874988,0.292,0.22,3.34019088820937e-159,"1","USP24"
3.71089269962928e-164,0.622489699724935,0.255,0.188,3.34021162786331e-159,"1","CCDC59"
3.7623771248451e-164,0.456816303955672,0.374,0.298,3.38655327384432e-159,"1","FLI1"
9.16762759707505e-164,0.584856968392628,0.298,0.226,8.25187327640323e-159,"1","CKS2"
1.23018300652448e-163,0.320255795637448,0.481,0.395,1.10730002600275e-158,"1","ALOX5AP"
2.40901234197095e-163,0.361969047190127,0.451,0.374,2.16837609913147e-158,"1","SEM1"
3.21569616590297e-163,0.355384677704474,0.517,0.441,2.89448027589092e-158,"1","EIF4G2"
5.24772913477935e-163,0.518389143399759,0.319,0.245,4.72353347150624e-158,"1","ATP2A2"
5.4888032932192e-163,0.587727643251083,0.255,0.188,4.94052673225954e-158,"1","RBCK1"
7.49363360470234e-163,0.500783048390185,0.277,0.205,6.74509454392862e-158,"1","ARID1A"
8.48564473575055e-163,0.511313790064612,0.318,0.245,7.63801368309642e-158,"1","ZNF407"
1.81358031111837e-162,0.385412640440806,0.436,0.357,1.63242177384075e-157,"1","COPA"
2.40056530239058e-162,0.387898795893625,0.51,0.437,2.16077283433478e-157,"1","ENSA"
3.12869003165085e-162,0.257652505729469,0.664,0.593,2.81616518438924e-157,"1","N4BP2L2"
3.15023681299604e-162,0.350862305808176,0.515,0.435,2.83555965774586e-157,"1","CD63"
3.67076400158829e-162,0.619148515878602,0.31,0.239,3.30409138546964e-157,"1","RORA-AS1"
6.86496532324366e-162,1.14981592861625,0.106,0.06,6.17922393710485e-157,"1","VCAM1"
8.12973039466563e-162,0.854876901875531,0.122,0.072,7.31765162554248e-157,"1","PTPN13"
9.98156822667656e-162,0.447433571181854,0.38,0.306,8.98450937651384e-157,"1","SMARCA5"
2.25136607995103e-161,0.684285087709542,0.183,0.123,2.02647712222473e-156,"1","CDYL2"
2.51753615227011e-161,0.51632354509398,0.315,0.244,2.26605946601984e-156,"1","SERPINB1"
2.87830218204799e-161,0.834662263308371,0.11,0.063,2.59078857708322e-156,"1","CDK5RAP3"
4.39314018288431e-161,0.395620215550528,0.428,0.354,3.95430941001599e-156,"1","SEC11A"
4.4927362807916e-161,0.468994308802844,0.317,0.243,4.04395685370333e-156,"1","CNN2"
1.35188327989677e-160,0.256771033174021,0.643,0.571,1.21684365906788e-155,"1","SON"
1.48975953090802e-160,0.80669096960027,0.148,0.094,1.34094745136561e-155,"1","KMT2B"
1.76248438056073e-160,0.871161731483338,0.141,0.088,1.58642981578652e-155,"1","SNAPC1"
2.88905002976784e-160,0.44359397228799,0.361,0.288,2.60046282229433e-155,"1","MOB1A"
3.20369877005102e-160,0.69635283704793,0.189,0.129,2.88368129991062e-155,"1","ARMCX3"
4.59699675608714e-160,0.876541775601418,0.135,0.084,4.1378027501216e-155,"1","EXOSC9"
5.6630519594718e-160,0.505392444412494,0.303,0.231,5.09736969924016e-155,"1","GOLPH3"
8.59813638990229e-160,0.389777505762869,0.438,0.364,7.73926854591495e-155,"1","TPR"
9.54023689958133e-160,0.340780898270993,0.519,0.436,8.58726263568215e-155,"1","MAPRE2"
1.06352897710814e-159,0.570341776286283,0.269,0.2,9.57293067584805e-155,"1","DIPK1A"
1.25295528186646e-159,0.662072776513692,0.206,0.144,1.12779757876082e-154,"1","PLEKHO1"
2.01554270563367e-159,0.909174465792181,0.125,0.076,1.81421014476792e-154,"1","FLT3LG"
2.2752133710835e-159,0.603893750034416,0.255,0.188,2.04794230744597e-154,"1","M6PR"
3.11899204291954e-159,0.479983095112706,0.311,0.236,2.80743592775231e-154,"1","PTMS"
3.59822787178171e-159,0.371118566946601,0.468,0.392,3.23880088966944e-154,"1","HSP90B1"
4.30696871832898e-159,0.714836121115391,0.159,0.103,3.8767456130551e-154,"1","DTX3L"
5.86183491961662e-159,0.845522262370449,0.12,0.072,5.27629622949611e-154,"1","TMX2"
6.67700671972091e-159,0.29993630406177,0.575,0.499,6.01004051848799e-154,"1","SRPK2"
8.02321143663633e-159,0.507510697752277,0.267,0.198,7.22177284623073e-154,"1","ARHGAP18"
8.39447047406325e-159,0.489947797520564,0.332,0.261,7.55594681840907e-154,"1","NOL7"
1.41179989103316e-158,0.412728301993037,0.37,0.294,1.27077519991786e-153,"1","NRDC"
2.60354712356534e-158,0.392601995553911,0.378,0.301,2.3434788013924e-153,"1","LNPEP"
5.44830585776628e-158,0.322880816558014,0.527,0.453,4.90407458563401e-153,"1","KAT6A"
6.62510582047202e-158,0.365814849287635,0.464,0.388,5.96332400006507e-153,"1","TAF1D"
8.52312148719937e-158,0.878921569145068,0.106,0.06,7.67174688184302e-153,"1","URGCP"
1.17308945529227e-157,0.572708975993684,0.254,0.187,1.05590954960313e-152,"1","ERAP2"
1.38914757995946e-157,0.488612776286665,0.362,0.291,1.25038562819731e-152,"1","SLBP"
1.49751747728923e-157,0.292713369880226,0.528,0.447,1.34793045648281e-152,"1","FTX"
2.54501683082719e-157,0.882678177975813,0.121,0.073,2.29079509959586e-152,"1","TBXAS1"
2.84488503579656e-157,0.493833113601486,0.321,0.251,2.56070946957084e-152,"1","MRPL57"
7.20203848253963e-157,0.587865586545661,0.553,0.49,6.48262685851875e-152,"1","RBPJ"
8.25977897850193e-157,0.921450445504103,0.114,0.067,7.43470965633937e-152,"1","NFIA"
1.03509767904954e-156,0.326941658908345,0.499,0.422,9.31701771889285e-152,"1","RBM25"
1.63916450538976e-156,0.316398763867473,0.527,0.449,1.47542836294638e-151,"1","TBL1XR1"
2.04621512350145e-156,0.363489318759131,0.5,0.421,1.84181869481489e-151,"1","NEK7"
2.14175710784211e-156,0.797693108420452,0.163,0.107,1.92781699033976e-151,"1","RRP36"
3.24314648883517e-156,0.311681399507104,0.529,0.453,2.91918858606543e-151,"1","FRYL"
7.22567881987651e-156,0.714790481655302,0.195,0.136,6.50390576255904e-151,"1","UBTF"
7.37666995223745e-156,0.440734972735679,0.359,0.285,6.63981439070845e-151,"1","PTK2B"
3.72909598756831e-155,0.632211070511032,0.193,0.132,3.35659658937011e-150,"1","ARL3"
6.08887084674519e-155,0.516206242455528,0.291,0.222,5.48065353786382e-150,"1","CEP57"
1.06376496576071e-154,0.511577292858832,0.271,0.203,9.57505483330875e-150,"1","HDLBP"
2.4408545401074e-154,0.4337216363367,0.373,0.302,2.19703758009608e-149,"1","PSMA5"
4.7195043519087e-154,0.629985270327956,0.247,0.18,4.24807306219654e-149,"1","TSC22D1"
5.82293361207866e-154,0.458180818806911,0.299,0.228,5.24128077356812e-149,"1","GON4L"
1.02016770078252e-153,0.534568671697911,0.292,0.223,9.18263149151355e-149,"1","MRFAP1"
1.16495307618956e-153,0.602770153831267,0.21,0.147,1.04858591340899e-148,"1","CCNT1"
3.26518541988019e-153,0.280323591835451,0.746,0.69,2.93902604828836e-148,"1","COX4I1"
3.33178628880843e-153,0.254176876260867,0.637,0.557,2.99897415641935e-148,"1","TANK"
5.27106477192849e-153,0.413121145847883,0.397,0.323,4.74453811186056e-148,"1","TMEM165"
5.77689673734372e-153,0.511499974377302,0.281,0.212,5.19984252225046e-148,"1","PHF11"
7.92085282500526e-153,0.361811482551174,0.429,0.352,7.12963883631549e-148,"1","CCDC88C"
1.09679151140092e-152,0.626776601984775,0.195,0.135,9.87233007327079e-148,"1","MAP3K3"
1.87232782879214e-152,0.357406343953215,0.417,0.339,1.68530100197409e-147,"1","MAP4K4"
2.26413243948425e-152,0.509225977992482,0.292,0.225,2.03796825010417e-147,"1","CCT8"
1.02457903495653e-151,0.417362793224112,0.39,0.319,9.22233835154722e-147,"1","SF3B5"
1.24382793334308e-151,0.508065762583655,0.292,0.224,1.11958196108144e-146,"1","PDCD10"
1.33809706806235e-151,0.660696604198824,0.202,0.143,1.2044345519336e-146,"1","APTX"
1.59413740172241e-151,0.570037652046457,0.239,0.175,1.43489901666436e-146,"1","REST"
1.75591162026083e-151,0.993963183838487,0.109,0.064,1.58051360851298e-146,"1","DPP4"
2.21267729027384e-151,0.618813711270741,0.219,0.157,1.99165295574838e-146,"1","EDEM3"
2.62858483978056e-151,0.438301096148542,0.347,0.275,2.36601550013488e-146,"1","U2SURP"
1.0977436128921e-150,0.396038616176658,0.375,0.302,9.88090003400312e-146,"1","NDUFS6"
1.0996134899146e-150,0.353463046095635,0.47,0.396,9.8977309840703e-146,"1","USP3"
1.58436875855562e-150,0.583788039106612,0.239,0.176,1.4261061632635e-145,"1","PPP1R7"
1.84510363967886e-150,0.457435280541902,0.396,0.323,1.66079623711134e-145,"1","ARHGAP25"
1.8584642492558e-150,0.394137570053261,0.427,0.353,1.67282225539764e-145,"1","AFF4"
1.94667304254571e-150,0.388464485235349,0.432,0.359,1.75221987232582e-145,"1","PSMB8"
2.14726457150832e-150,0.302480009153555,0.462,0.384,1.93277431346035e-145,"1","STK10"
2.33141226116072e-150,0.728398589045992,0.168,0.113,2.09852749039338e-145,"1","AKAP11"
2.64252943914534e-150,0.326556659946703,0.505,0.428,2.37856717346911e-145,"1","CEP85L"
7.03344054606193e-150,0.727867716386521,0.186,0.128,6.3308701699158e-145,"1","TMEM140"
7.38471971295797e-150,0.568615236111921,0.352,0.283,6.64706006083059e-145,"1","ATP1A1"
9.46420080981474e-150,0.866920841335137,0.102,0.059,8.51882179092235e-145,"1","ZNF493"
1.02693110599864e-149,0.434680477187353,0.338,0.267,9.24350957820432e-145,"1","NSD1"
1.31702967927848e-149,0.644440437974515,0.195,0.135,1.18547158461535e-144,"1","SMC6"
3.41036138017187e-149,0.398573004178297,0.408,0.336,3.0697003819065e-144,"1","STT3B"
3.64906478233611e-149,0.426510995666206,0.335,0.263,3.28455970122855e-144,"1","TOP2B"
4.57437374389961e-149,0.546495911580467,0.247,0.182,4.11743955062148e-144,"1","TOX4"
5.5467856527917e-149,0.820376622644337,0.129,0.081,4.99271723393433e-144,"1","HLTF"
6.55367432624012e-149,0.283458695901219,0.569,0.495,5.899027797792e-144,"1","ATP6V0E1"
9.05166253515551e-149,0.436309454530068,0.334,0.263,8.14749196451883e-144,"1","PCMTD1"
9.15341039807551e-149,0.510055150670966,0.291,0.224,8.23907623341175e-144,"1","HADHA"
1.75466685085081e-148,0.462823172968548,0.315,0.246,1.57939317911932e-143,"1","MRPL51"
2.32579283561781e-148,0.596628265412382,0.222,0.16,2.09346938926794e-143,"1","MYSM1"
3.30592611812354e-148,0.385017936967786,0.38,0.305,2.97569715818418e-143,"1","N4BP1"
5.20421482512365e-148,0.401687093356156,0.36,0.286,4.68436580624205e-143,"1","DOCK11"
6.77252686182217e-148,0.629936318862192,0.261,0.197,6.09601915359475e-143,"1","DNTTIP2"
8.39808048199003e-148,0.443018209358555,0.341,0.269,7.55919622264405e-143,"1","ST3GAL1"
8.62135394041044e-148,0.561717323399762,0.254,0.19,7.76016689530284e-143,"1","SERINC3"
1.38019516734719e-147,0.627646518012521,0.182,0.123,1.24232747208088e-142,"1","GFOD1"
1.39630679042692e-147,0.491652241255957,0.305,0.237,1.25682970513118e-142,"1","CCT6A"
1.49671590101882e-147,0.422508169478001,0.361,0.29,1.34720894966605e-142,"1","GSK3B"
3.26504108097983e-147,0.716289593180159,0.164,0.109,2.93889612740076e-142,"1","PUM3"
4.69435072332804e-147,0.675206410210818,0.185,0.128,4.2254320295748e-142,"1","MFAP1"
6.6464761086099e-147,0.698121836226232,0.162,0.108,5.98255961012085e-142,"1","SQOR"
9.59440776180384e-147,0.406208832540415,0.356,0.283,8.63602237047726e-142,"1","SP3"
1.22786669061043e-146,0.729319279462846,0.169,0.115,1.10521508688535e-141,"1","ECI2"
3.21612288755892e-146,0.577531329782369,0.222,0.159,2.89486437232066e-141,"1","DICER1"
3.66911740062618e-146,0.483490874535497,0.27,0.203,3.30260926347763e-141,"1","CTCF"
5.18562925602729e-146,0.885589512075735,0.111,0.066,4.66763674964273e-141,"1","GOSR2"
6.85278702365791e-146,0.821925100295676,0.129,0.08,6.16826212786472e-141,"1","FAM200B"
1.05253648686386e-145,0.45818117793967,0.303,0.234,9.47398617191029e-141,"1","CANX"
1.12196035475501e-145,0.290390751582433,0.559,0.487,1.00988773491853e-140,"1","ATRX"
1.42434007552774e-145,0.271940926909177,0.556,0.477,1.28206274538328e-140,"1","NCOA2"
1.49113135646796e-145,0.669408737356003,0.2,0.142,1.34218224527038e-140,"1","ALKBH7"
2.66079256134992e-145,0.454212292522963,0.302,0.233,2.39500599239667e-140,"1","CLINT1"
3.71366564141784e-145,0.668528199040297,0.166,0.111,3.34270758049661e-140,"1","TMEM170A"
4.97508300512229e-145,0.592073396092886,0.22,0.16,4.47812196374062e-140,"1","PYCARD"
5.0408590071294e-145,0.601463696001517,0.153,0.099,4.53732760090725e-140,"1","AGO4"
5.23532080427476e-145,0.764898009754545,0.135,0.085,4.71236460913576e-140,"1","OAS2"
6.36560545967865e-145,0.556155330859719,0.232,0.17,5.72974513031135e-140,"1","IRF3"
1.17970391639592e-144,0.34437842901492,0.474,0.406,1.06186329218714e-139,"1","C11orf58"
1.8002328792775e-144,0.611787862372553,0.243,0.178,1.62040761696647e-139,"1","MIR155HG"
2.35511227943848e-144,0.453986870461319,0.375,0.305,2.11986011384537e-139,"1","BTG3"
3.45140284643275e-144,0.568898979477385,0.263,0.2,3.10664221610258e-139,"1","TNFRSF14"
3.62868518551888e-144,0.576556367287342,0.232,0.169,3.2662158223374e-139,"1","SLC16A7"
4.91512734910955e-144,0.723285878488511,0.175,0.121,4.424155278207e-139,"1","NBN"
8.45301880019752e-144,0.640861302962742,0.17,0.114,7.60864675224579e-139,"1","KIAA0825"
1.26263305890719e-143,0.40224478341053,0.372,0.303,1.13650864265295e-138,"1","LSM7"
1.44616660463215e-143,0.34896446812901,0.474,0.399,1.30170902249545e-138,"1","PRDX1"
1.48205746665147e-143,0.368100180652232,0.442,0.371,1.33401474630765e-138,"1","PTPRA"
2.114418901995e-143,0.714173495037972,0.18,0.125,1.90320959787472e-138,"1","ADH5"
3.34638294540787e-143,0.298743519804954,0.566,0.495,3.01211275299108e-138,"1","UBE2B"
3.5623964750936e-143,0.857796802541482,0.127,0.079,3.2065486911965e-138,"1","MTFP1"
4.61205111761072e-143,0.340991185586524,0.475,0.402,4.15135333147259e-138,"1","BBX"
5.80648961974143e-143,0.668097637066926,0.184,0.128,5.22647937162546e-138,"1","RRP1B"
7.00532632074527e-143,0.545338190343145,0.191,0.132,6.30556427456602e-138,"1","OXR1"
2.388079462261e-142,0.83170934327567,0.129,0.082,2.14953420477575e-137,"1","ZNF280D"
5.72586266964977e-142,0.696667927714111,0.253,0.189,5.15390624757845e-137,"1","IGHG3"
6.44622580633397e-142,0.656186037678681,0.18,0.124,5.80231231053927e-137,"1","ACTR6"
6.69507152347831e-142,0.355389860358029,0.451,0.381,6.02630082899806e-137,"1","DHX36"
7.64209557662614e-142,0.451082901261969,0.316,0.248,6.87872664947696e-137,"1","PSAP"
1.29114836059591e-141,0.521972609917077,0.298,0.232,1.16217555085599e-136,"1","PPM1K"
1.51561223189609e-141,0.495866959095029,0.279,0.214,1.36421772605199e-136,"1","EXOC2"
1.682104241491e-141,0.782145996494116,0.138,0.088,1.51407884880847e-136,"1","PHF10"
4.23947975588186e-141,0.548003980384242,0.252,0.19,3.81599812306682e-136,"1","PSTPIP1"
4.64121210678202e-141,0.754315115386414,0.166,0.113,4.17760142943556e-136,"1","NRBF2"
5.86887133827879e-141,0.56214883843791,0.223,0.162,5.28262978029812e-136,"1","METTL15"
6.05705479573111e-141,0.830928345279598,0.116,0.071,5.45201559218553e-136,"1","XIST"
6.10054888980526e-141,0.581183151351542,0.199,0.14,5.49116506120261e-136,"1","CLIP4"
1.77825642628794e-140,0.569555830229817,0.231,0.17,1.60062639186603e-135,"1","CPNE1"
1.91902456555052e-140,0.818888613928388,0.117,0.071,1.72733320169768e-135,"1","MTHFS"
2.44540508813392e-140,0.50426180925484,0.267,0.203,2.20113357388022e-135,"1","PRPF8"
3.98471115304134e-140,0.71511832645997,0.172,0.117,3.58667835596404e-135,"1","FAM53C"
4.53316072655296e-140,0.415648085324823,0.323,0.253,4.08034330157759e-135,"1","SEL1L3"
7.347677031412e-140,0.691064358038488,0.17,0.116,6.61371757274426e-135,"1","EPM2AIP1"
9.52474034477356e-140,0.445198537306305,0.331,0.262,8.57331403173413e-135,"1","HBP1"
1.00440701261898e-139,0.363457470927809,0.415,0.343,9.04076796128471e-135,"1","STK24"
1.35195910022657e-139,0.618259293031024,0.202,0.144,1.21691190570494e-134,"1","UBE2G2"
2.12275099422211e-139,0.492899824017427,0.272,0.207,1.91070939740927e-134,"1","RPAP2"
2.55440924881249e-139,0.585024784278361,0.223,0.162,2.29924930894861e-134,"1","TDG"
2.75419358516537e-139,0.610758092468638,0.173,0.118,2.4790771879432e-134,"1","APBA2"
3.05431116616809e-139,0.374305907376492,0.358,0.287,2.74921602377956e-134,"1","MAPK1"
3.31418513989597e-139,0.717650327154056,0.152,0.101,2.98313118627176e-134,"1","FGD5-AS1"
3.71798217288456e-139,0.5611001919957,0.285,0.218,3.34659293363512e-134,"1","TSC22D2"
4.67357852067426e-139,0.617226028530165,0.195,0.137,4.2067347622441e-134,"1","ZNF655"
6.08062043805727e-139,0.420951134022749,0.325,0.256,5.47322726249973e-134,"1","CNTRL"
9.67149099083522e-139,0.590173079015931,0.193,0.135,8.70540575576069e-134,"1","DPP8"
1.09094064718609e-138,0.48947683481986,0.299,0.234,9.81966585938676e-134,"1","CIR1"
1.20418391043856e-138,0.688932234586626,0.182,0.127,1.08389797962485e-133,"1","IFI44"
1.21369365655158e-138,0.327720485031232,0.469,0.399,1.09245779719864e-133,"1","DBI"
1.27019239371963e-138,0.826830422286241,0.115,0.071,1.14331287551097e-133,"1","TMED7"
1.56666894498367e-138,0.429537859739491,0.327,0.259,1.41017438406925e-133,"1","CNOT1"
1.76519333980049e-138,0.299608661819019,0.519,0.447,1.58886817708782e-133,"1","ROCK1"
1.95600782190617e-138,0.685534520505392,0.241,0.18,1.76062220057596e-133,"1","OAT"
2.73434652851394e-138,0.426910992213981,0.362,0.295,2.46121265378068e-133,"1","OCIAD2"
2.8302208171715e-138,0.642358196082681,0.182,0.127,2.54751005974424e-133,"1","CHCHD1"
3.1858407755952e-138,0.865000720838064,0.115,0.07,2.867607140521e-133,"1","BBS7"
4.58688161376549e-138,0.776613267921107,0.148,0.098,4.12869800936646e-133,"1","TBPL1"
6.02864985445922e-138,0.57531129292392,0.205,0.145,5.42644802049729e-133,"1","TG"
8.49973162163394e-138,0.481625992415898,0.256,0.191,7.65069342994893e-133,"1","CAPRIN1"
1.08798964058173e-137,0.479602638620186,0.322,0.255,9.79310355384023e-133,"1","NUTM2B-AS1"
1.11892301968671e-137,0.733123014319919,0.14,0.091,1.0071537992502e-132,"1","EMC2"
1.1300595510232e-137,0.432272480043901,0.363,0.294,1.01717790247149e-132,"1","RNF115"
2.22502126895971e-137,0.708019808671399,0.1,0.058,2.00276389440332e-132,"1","PLEKHA7"
2.61334249466844e-137,0.522215247282232,0.256,0.192,2.35229571287601e-132,"1","NDEL1"
4.37465785520045e-137,0.381395211487868,0.389,0.32,3.93767328204447e-132,"1","MICOS10"
8.45361343010846e-137,0.721009030953812,0.235,0.175,7.60918198457492e-132,"1","ANKRD37"
8.96591781580109e-137,0.461841731464584,0.274,0.21,8.07031228518072e-132,"1","GSTO1"
1.00279356405146e-136,0.408193515161741,0.342,0.274,9.02624514938364e-132,"1","TMC8"
1.28488195136221e-136,0.709071239355362,0.113,0.068,1.15653509324064e-131,"1","ASPH"
1.70937163046117e-136,0.490394454033616,0.313,0.247,1.5386224982944e-131,"1","JOSD1"
2.15287445938465e-136,0.424791042889491,0.34,0.272,1.93782382963672e-131,"1","BIN2"
3.3437685294383e-136,0.43806801706278,0.306,0.239,3.00975949103271e-131,"1","PDCD6IP"
3.58801164098572e-136,0.448721725360587,0.287,0.221,3.22960515816766e-131,"1","RIF1"
5.46030779694343e-136,0.522276338976457,0.24,0.178,4.91487765110675e-131,"1","TTC14"
8.37084892716275e-136,0.537148938977343,0.233,0.172,7.53468482782847e-131,"1","RNASEH2B"
9.71944257491643e-136,0.446859994698315,0.261,0.195,8.74856745610803e-131,"1","ATXN7L1"
1.41666215679958e-135,0.866519815569811,0.105,0.063,1.27515177395687e-130,"1","RBM12B"
1.77657813716808e-135,0.603632108763395,0.177,0.122,1.59911574704636e-130,"1","CA5B"
3.08034146437378e-135,0.663526533315063,0.166,0.113,2.77264615549748e-130,"1","SETD3"
3.61950313251176e-135,0.587658258925523,0.221,0.162,3.25795096460516e-130,"1","PARP9"
3.77857772639769e-135,0.779712877581038,0.121,0.075,3.40113559730783e-130,"1","NPIPB5"
4.21378018226354e-135,0.508422954260031,0.269,0.206,3.79286567985724e-130,"1","HIKESHI"
4.39810478735731e-135,0.335315405936339,0.561,0.496,3.95877810014819e-130,"1","IRF1"
7.16674853889437e-135,0.60841387477729,0.221,0.162,6.45086202734421e-130,"1","MRPS31"
2.08275716160443e-134,0.275302869147765,0.564,0.493,1.87471054873177e-129,"1","NCOA1"
3.4131063550242e-134,0.356883937105995,0.439,0.37,3.07217116122083e-129,"1","GOLGA4"
4.09705901642396e-134,0.48056418628157,0.288,0.224,3.68780379127337e-129,"1","JPX"
6.56341486927993e-134,0.542152336990183,0.246,0.185,5.90779535798756e-129,"1","DNAJC21"
7.0014604018286e-134,0.369050174390439,0.334,0.263,6.30208452228994e-129,"1","STK38"
8.83261770221475e-134,0.307364391494005,0.499,0.426,7.95032751994052e-129,"1","TBC1D5"
1.32126982915639e-133,0.549162962704377,0.213,0.154,1.18928818592196e-128,"1","HERC2"
1.69819147176905e-133,0.531646731167579,0.205,0.146,1.52855912565404e-128,"1","KPNA5"
2.06271773158428e-133,0.479326730988787,0.353,0.286,1.85667285737633e-128,"1","MAF"
5.73325840293258e-133,0.489637609397643,0.242,0.181,5.16056322106365e-128,"1","CCNT2"
5.99800031426347e-133,0.326913748208338,0.43,0.358,5.39886006287169e-128,"1","LIMS1"
6.35729184203531e-133,0.446152021889517,0.307,0.242,5.7222619599344e-128,"1","TSPAN14"
6.88815014866325e-133,0.667439700759821,0.184,0.13,6.20009283031328e-128,"1","NT5DC1"
7.28076027231389e-133,0.400407993570534,0.356,0.289,6.55348512871246e-128,"1","SERINC1"
8.64904675873652e-133,0.355073916736553,0.508,0.441,7.78509347800632e-128,"1","PCNX1"
1.22128088987463e-132,0.523033900105996,0.238,0.176,1.09928714178505e-127,"1","FCMR"
1.34857048590636e-132,0.32025834840639,0.427,0.356,1.21386178006917e-127,"1","HELZ"
1.84440281279168e-132,0.546304729591364,0.256,0.195,1.66016541582192e-127,"1","ZNF267"
3.0779282569105e-132,0.531716380838668,0.249,0.189,2.77047400332771e-127,"1","MIA3"
3.38362713703647e-132,0.697352031734876,0.143,0.093,3.0456366223179e-127,"1","PTPRM"
3.65770085137732e-132,0.439074783570251,0.345,0.281,3.29233311333324e-127,"1","DNAJC8"
7.09166565801948e-132,0.508265139494549,0.279,0.218,6.38327917543991e-127,"1","CCDC107"
9.66301423050587e-132,0.35022546397809,0.433,0.363,8.69777573902064e-127,"1","MBD5"
9.98917816592893e-132,0.292821692733879,0.447,0.371,8.99135915893429e-127,"1","MBNL2"
1.20044272603413e-131,0.466963868977528,0.298,0.235,1.08053050213058e-126,"1","VPS29"
1.22692222700234e-131,0.541948716405435,0.216,0.158,1.10436496574708e-126,"1","ZNF430"
1.65343757730978e-131,0.399122160645498,0.352,0.284,1.4882756977123e-126,"1","GNA13"
1.72804934641675e-131,0.667167329971882,0.156,0.105,1.55543449720318e-126,"1","SUGP2"
1.73216066013615e-131,0.397930786371519,0.439,0.376,1.55913513179515e-126,"1","GYPC"
3.04836026521554e-131,0.818941863064077,0.114,0.071,2.74385955832316e-126,"1","GTPBP8"
3.40674447272971e-131,0.587909096953591,0.262,0.2,3.06644476734874e-126,"1","PRMT9"
3.76811335506409e-131,0.794270049165195,0.139,0.091,3.39171651202674e-126,"1","RAP2A"
4.38062484205831e-131,0.529382259670841,0.272,0.21,3.94304422658511e-126,"1","SBDS"
4.53427870432319e-131,0.459077876516771,0.321,0.253,4.08134960454835e-126,"1","PTGER4"
4.57621971117648e-131,0.708933182274559,0.167,0.116,4.11910112422706e-126,"1","TRADD"
5.22969998943659e-131,0.44904513417313,0.274,0.21,4.70730525749177e-126,"1","RC3H2"
7.72945238948831e-131,0.672522815495977,0.178,0.126,6.95735739030232e-126,"1","CBX5"
1.01453568922924e-130,0.335622968224308,0.435,0.367,9.13193719232131e-126,"1","FNBP4"
1.07018483167582e-130,0.813125704849182,0.135,0.088,9.63284068839724e-126,"1","RIPK2"
1.33593708215846e-130,0.310789503522209,0.469,0.402,1.20249032702165e-125,"1","THRAP3"
1.58255885115057e-130,0.380935035386954,0.419,0.354,1.42447704750914e-125,"1","MZT2A"
1.59945365933673e-130,0.569608607709381,0.194,0.139,1.43968423330558e-125,"1","CCDC167"
2.81248154232816e-130,0.371154856879303,0.403,0.335,2.531542761065e-125,"1","SP110"
1.03467864274264e-129,0.465115394962015,0.308,0.246,9.31324593119081e-125,"1","DDT"
1.09278812989063e-129,0.535668304713876,0.241,0.181,9.83629523595851e-125,"1","UHMK1"
1.36364921392626e-129,0.279495797740951,0.507,0.435,1.22743429394717e-124,"1","XRN1"
1.88909130502413e-129,0.523622834847822,0.228,0.169,1.70038997456527e-124,"1","YEATS2"
2.10180760301721e-129,0.431828719889744,0.331,0.267,1.89185804155182e-124,"1","SRI"
2.2676408657281e-129,0.503937772681481,0.293,0.231,2.04112621965052e-124,"1","MPC2"
2.39070487302388e-129,0.513029127612484,0.272,0.212,2.15189736325753e-124,"1","RER1"
2.72558020212736e-129,0.500624880914068,0.264,0.202,2.45332199573685e-124,"1","PPIL4"
2.80128548519017e-129,0.452816131085366,0.274,0.21,2.52146507807453e-124,"1","SNRNP200"
1.05442386548327e-128,0.560251908107294,0.202,0.145,9.49097465560147e-124,"1","PLSCR1"
1.48255122781824e-128,0.33463898155002,0.346,0.273,1.33445918567147e-123,"1","SYTL2"
2.36137878078623e-128,0.473262630269192,0.278,0.217,2.12550065437349e-123,"1","CHCHD10"
2.6989452096361e-128,0.447576633256563,0.348,0.285,2.42934757264555e-123,"1","IK"
7.85926408097724e-128,0.310886992265492,0.602,0.541,7.07420219192843e-123,"1","RGS1"
9.36998863481411e-128,0.544342972751275,0.229,0.172,8.43402047008253e-123,"1","ARHGAP45"
9.70892565821779e-128,0.600833145730585,0.207,0.151,8.73910107421841e-123,"1","SLU7"
1.34852631328949e-127,0.45378953225176,0.3,0.238,1.213822019855e-122,"1","LBR"
1.55543559067646e-127,0.586708171281012,0.155,0.104,1.40006312952379e-122,"1","SRSF1"
2.37760838350989e-127,0.256135832181736,0.698,0.637,2.14010908208109e-122,"1","EZR"
4.24304054617457e-127,0.435427651606682,0.388,0.319,3.81920322601719e-122,"1","TUBA4A"
6.77289670163352e-127,0.391748656797046,0.408,0.345,6.09635205010735e-122,"1","UXT"
7.21753596828312e-127,0.283965533883527,0.512,0.442,6.49657630041132e-122,"1","EXOC4"
1.57709778746382e-126,0.550297890105082,0.221,0.163,1.41956148947406e-121,"1","TCF7"
2.25505422092359e-126,0.623227069365818,0.174,0.122,2.02979685479553e-121,"1","DDX60"
3.04890626959411e-126,0.456585270434242,0.3,0.238,2.74435102232435e-121,"1","SECISBP2"
5.94431699202319e-126,0.342147830386072,0.43,0.365,5.35053916768999e-121,"1","PSMB1"
6.08498143242813e-126,0.53337503166634,0.229,0.171,5.47715263714288e-121,"1","NORAD"
1.03982719041169e-125,0.77166728733674,0.146,0.098,9.35958852361469e-121,"1","ZNF92"
1.05548773441884e-125,0.506313888053692,0.269,0.208,9.50055064627738e-121,"1","SELENOI"
1.13304159864488e-125,0.54844328645841,0.21,0.154,1.01986207335624e-120,"1","FOCAD"
1.15296637845108e-125,0.601965706365567,0.229,0.173,1.0377965669076e-120,"1","BIN1"
1.15336760061416e-125,0.483947685322738,0.262,0.203,1.03815771098881e-120,"1","NDUFAB1"
1.46404861972193e-125,0.609876272890767,0.222,0.165,1.31780480309791e-120,"1","OTUD6B-AS1"
2.29570114563977e-125,0.810109530922015,0.132,0.086,2.06638355820182e-120,"1","C9orf72"
2.49537230450903e-125,0.741441496111712,0.126,0.081,2.24610956501163e-120,"1","DDX23"
2.88031465190302e-125,0.717903502264995,0.19,0.137,2.59260002132442e-120,"1","TMEM184C"
3.66713390941849e-125,0.664716656871827,0.149,0.1,3.30082390320667e-120,"1","LLPH"
4.37172057908888e-125,0.352442886809773,0.369,0.301,3.93502941044369e-120,"1","ZNF207"
5.88257315226618e-125,0.773001539475351,0.148,0.1,5.29496292008631e-120,"1","SGK1"
7.25551514521085e-125,0.404582618601586,0.327,0.262,6.53076173735574e-120,"1","ST8SIA4"
7.39847498668955e-125,0.350892281142682,0.383,0.317,6.65944132026913e-120,"1","PPHLN1"
2.74645509093487e-124,0.549689739059541,0.204,0.148,2.47211169190139e-119,"1","CABIN1"
2.95326419646216e-124,0.34012142170855,0.418,0.353,2.65826263587755e-119,"1","PAXX"
3.87744519377335e-124,0.878467235435988,0.111,0.07,3.49012719336733e-119,"1","NDC80"
4.12875367011577e-124,0.506618234676594,0.242,0.183,3.71633246600791e-119,"1","ME2"
5.05050991540864e-124,0.354805055766429,0.344,0.277,4.54601447995847e-119,"1","ATXN7"
7.28822930644461e-124,0.525691438197297,0.228,0.17,6.56020808102386e-119,"1","ATP6V1A"
1.15592488750049e-123,0.437314867848393,0.297,0.234,1.04045955048807e-118,"1","MED15"
1.1677461150328e-123,0.585884952557957,0.228,0.171,1.05109995560217e-118,"1","FAM117A"
1.97169543040833e-123,0.645032947262749,0.179,0.127,1.77474277386484e-118,"1","ZNF107"
2.09704265665223e-123,0.403898215624189,0.325,0.261,1.88756906567924e-118,"1","RBM26"
3.25365175716271e-123,0.601414420960771,0.216,0.161,2.92864448313972e-118,"1","CCDC47"
5.82672804922144e-123,0.541997447724817,0.222,0.166,5.24469618438471e-118,"1","GBP4"
1.05090401448912e-122,0.492485505135133,0.269,0.208,9.45929212481805e-118,"1","CAPN7"
1.09569481057159e-122,0.623766796473967,0.186,0.133,9.86245855943593e-118,"1","PHF6"
1.28433333485344e-122,0.486762882410848,0.239,0.181,1.15604127803493e-117,"1","MCPH1"
1.57634688215483e-122,0.623688358698414,0.221,0.166,1.41888559209638e-117,"1","B3GNT2"
2.14774308586416e-122,0.430170003411176,0.327,0.265,1.93320502901719e-117,"1","FIS1"
2.23883471891427e-122,0.474113524141653,0.272,0.212,2.01519751884192e-117,"1","PSMD7"
2.54580330699049e-122,0.499022038286951,0.286,0.226,2.29150301465521e-117,"1","HNRNPAB"
2.6394035200366e-122,0.603116597853937,0.196,0.142,2.37575350242015e-117,"1","STAT2"
3.39746175587536e-122,0.684662876017652,0.142,0.095,3.05808930108097e-117,"1","PARP11"
1.04387763131982e-121,0.30230443180679,0.451,0.381,9.39604694727286e-117,"1","NUDC"
1.75063397942967e-121,0.410073793947734,0.33,0.268,1.57576315122444e-116,"1","NDUFB10"
3.4703051292977e-121,0.447818476347926,0.288,0.227,3.12365634993215e-116,"1","SNW1"
3.7396097215053e-121,0.504846007002423,0.213,0.157,3.36606010642413e-116,"1","RNF4"
3.91517340608332e-121,0.489629912295596,0.27,0.21,3.52408673454965e-116,"1","NBAS"
4.29405520215906e-121,0.576174306307888,0.189,0.135,3.86512202801539e-116,"1","PTAR1"
5.30376667081616e-121,0.421340765208451,0.304,0.242,4.77397341806834e-116,"1","PSMA3"
6.23524324665253e-121,0.434349058641796,0.292,0.231,5.61240479874441e-116,"1","LPIN1"
6.5093590298118e-121,0.402388430869738,0.306,0.243,5.8591391563239e-116,"1","RAB21"
7.34836170955076e-121,0.327931971169698,0.513,0.449,6.61433385838373e-116,"1","SAP18"
8.1275311960691e-121,0.394519490433662,0.334,0.271,7.31567210489376e-116,"1","PFDN2"
1.51765397996163e-120,0.564074074948625,0.218,0.163,1.36605552390327e-115,"1","SNRPA1"
1.52725188559511e-120,0.272860418329141,0.502,0.432,1.37469469474302e-115,"1","CCNL1"
1.56829555200065e-120,0.372388035457696,0.379,0.315,1.4116385093113e-115,"1","SUMO1"
1.85508388320915e-120,0.354526896034902,0.393,0.327,1.66977955411539e-115,"1","YTHDC1"
2.19984058678793e-120,0.61375877810057,0.157,0.108,1.98009851057368e-115,"1","SDHAF2"
2.6194603081251e-120,0.413528116362203,0.367,0.304,2.35780241794648e-115,"1","TTC19"
2.69693985352783e-120,0.957721867615928,0.102,0.063,2.42754253155894e-115,"1","CBR1"
2.75992376761216e-120,0.50509025757451,0.262,0.205,2.48423498246538e-115,"1","AIP"
3.17295493579477e-120,0.420682104127537,0.333,0.272,2.85600846725823e-115,"1","ANP32E"
3.18748351155842e-120,0.592325854116712,0.215,0.16,2.86908578358885e-115,"1","TESPA1"
4.22480464651883e-120,0.713647508990964,0.17,0.121,3.80278891037806e-115,"1","CBX4"
4.81857095549827e-120,0.433135690074038,0.273,0.212,4.33724390275355e-115,"1","SAFB"
5.02511123534238e-120,0.356160685885559,0.374,0.308,4.52315287404403e-115,"1","INPP4A"
5.9812049044847e-120,0.345669574029494,0.385,0.317,5.38374234657572e-115,"1","SKIL"
6.49949837292652e-120,0.394240378073886,0.346,0.284,5.85026348045489e-115,"1","NDUFC2"
7.86714674192246e-120,0.685201120888318,0.141,0.094,7.08129745387182e-115,"1","NDUFA9"
8.59031170343241e-120,0.376921017049663,0.37,0.308,7.73222546737655e-115,"1","SF3B6"
1.24851922336162e-119,0.436370874467883,0.258,0.198,1.12380463814003e-114,"1","KIF21A"
1.68262113359144e-119,0.560935613829455,0.249,0.191,1.51454410855699e-114,"1","AUH"
2.08968632814624e-119,0.549941682317244,0.203,0.149,1.88094756082771e-114,"1","GOSR1"
2.40463026240343e-119,0.435067130274957,0.512,0.443,2.16443174549196e-114,"1","DDIT4"
2.8149489524908e-119,0.441382931809967,0.298,0.235,2.53376370162649e-114,"1","EVI2A"
3.84268700360037e-119,0.408115588539168,0.347,0.286,3.45884099881073e-114,"1","XRN2"
5.01453269778398e-119,0.505913031087576,0.24,0.182,4.51363102660234e-114,"1","UBE4A"
5.40395707885348e-119,0.300326987149144,0.47,0.407,4.86415580624681e-114,"1","KTN1"
9.36115916865282e-119,0.510710351588505,0.191,0.137,8.42607297929609e-114,"1","PDCD1"
1.38218488752154e-118,0.411874863058844,0.307,0.245,1.24411843910701e-113,"1","DHX9"
1.73498373039921e-118,0.388739652016208,0.352,0.287,1.56167620556963e-113,"1","ATG5"
1.8548926321155e-118,0.653803848506675,0.174,0.124,1.66960740709349e-113,"1","NIFK"
7.4563735799047e-118,0.253110471165338,0.533,0.467,6.71155642300802e-113,"1","TAX1BP1"
1.70889341611184e-117,0.605445885417054,0.187,0.135,1.53819205277643e-112,"1","MBTPS1"
1.88926637819914e-117,0.777186136365903,0.113,0.072,1.70054755968083e-112,"1","SLC35E1"
2.30308533841706e-117,0.387483714734827,0.292,0.228,2.07303014396258e-112,"1","TMEM181"
2.33419079823354e-117,0.474070257616025,0.262,0.204,2.10102847939799e-112,"1","TRIM38"
2.37675766405784e-117,0.502558695167021,0.247,0.19,2.13934334099511e-112,"1","STARD7"
2.40913367156937e-117,0.588781668345448,0.18,0.129,2.16848530911631e-112,"1","ZBTB25"
3.87346480074815e-117,0.432346884676109,0.223,0.166,3.48654440180141e-112,"1","MARK2"
3.98791104833387e-117,0.349093618956647,0.367,0.303,3.5895586137158e-112,"1","WDR33"
4.56343544949046e-117,0.809448985210055,0.159,0.111,4.10759388244086e-112,"1","NAF1"
5.76984724690928e-117,0.664137453304871,0.162,0.114,5.19349720541551e-112,"1","STX17"
6.45015655172841e-117,0.365394424553532,0.362,0.298,5.80585041377626e-112,"1","ZBTB1"
1.07206150513495e-116,0.50015589964348,0.23,0.174,9.64973281387022e-112,"1","CEP192"
1.1920500199345e-116,0.691140138984776,0.153,0.106,1.07297614344325e-111,"1","ETFDH"
1.22396509018707e-116,0.566747591001507,0.212,0.159,1.10170321732828e-111,"1","TGS1"
1.29906095287345e-116,0.527311879208722,0.227,0.172,1.16929775429092e-111,"1","TIPRL"
1.43420004648212e-116,0.397762104923398,0.347,0.285,1.29093780383902e-111,"1","HNRNPUL1"
2.27258161921466e-116,0.43903890514314,0.246,0.187,2.04557344127131e-111,"1","TBCD"
3.28535529319687e-116,0.787126112358267,0.102,0.063,2.95718115295943e-111,"1","CENPF"
3.42224055870191e-116,0.727318230971927,0.146,0.1,3.08039294929318e-111,"1","UTP23"
4.24813094645173e-116,0.325636059041827,0.697,0.619,3.82378514621066e-111,"1","TRAC"
5.00194157328259e-116,0.76377467493581,0.106,0.066,4.50229762952739e-111,"1","EMG1"
6.8888278311937e-116,0.595711148818722,0.193,0.142,6.20070281913576e-111,"1","C1orf52"
7.17688610110924e-116,0.506262638427102,0.228,0.172,6.45998694846944e-111,"1","CIAO1"
1.19871299805152e-115,0.49159575513406,0.277,0.218,1.07897355667616e-110,"1","NDUFAF6"
1.36220631405212e-115,0.369896666579573,0.3,0.237,1.22613552534146e-110,"1","CREBRF"
1.58515440983295e-115,0.260307325721845,0.552,0.487,1.42681333583474e-110,"1","ARGLU1"
3.44053751488501e-115,0.389688142186807,0.334,0.272,3.09686222252314e-110,"1","ABHD17A"
4.91999801207629e-115,0.281251080751864,0.525,0.46,4.42853941064999e-110,"1","SERBP1"
8.03834060017661e-115,0.27749578345989,0.478,0.413,7.23539075762497e-110,"1","SLTM"
9.18999667467976e-115,0.375526951370447,0.313,0.25,8.272007906846e-110,"1","FAM118A"
2.33122095334864e-114,0.339237834195061,0.363,0.299,2.09835529231864e-109,"1","BRD4"
2.47229324840759e-114,0.42386225677625,0.297,0.237,2.22533587582416e-109,"1","TPP2"
5.18900704033154e-114,0.655143223928797,0.129,0.085,4.67067712707282e-109,"1","ATP8B2"
6.63828462969275e-114,0.35061700308428,0.441,0.379,5.97518637803274e-109,"1","SDCBP"
7.09728956301615e-114,0.384786154520514,0.36,0.3,6.38834130856647e-109,"1","TCEA1"
7.31819138414184e-114,0.707667520202978,0.113,0.072,6.58717724677991e-109,"1","RASSF2"
7.36462912422065e-114,0.535017074692369,0.213,0.159,6.62897632100225e-109,"1","ZNF708"
9.9843098112484e-114,0.598635484135005,0.173,0.123,8.9869771042028e-109,"1","IL17RA"
1.10021449981452e-113,0.872783357787603,0.147,0.102,9.90314073428045e-109,"1","BPGM"
1.16141035640024e-113,0.652671407537818,0.23,0.175,1.04539707589942e-108,"1","HIPK2"
4.34682239182237e-113,0.344464764729346,0.394,0.331,3.91261830310323e-108,"1","FGFR1OP2"
5.17687557972204e-113,0.427722482506792,0.299,0.238,4.6597574780636e-108,"1","PPP2R2B"
6.01767234668091e-113,0.682115217971766,0.154,0.108,5.41656705597096e-108,"1","ATXN7L3B"
1.06109060178811e-112,0.429748000070225,0.268,0.21,9.550982615755e-108,"1","ACBD3"
1.06326180591834e-112,0.301143745280242,0.372,0.305,9.57052584125153e-108,"1","MAP4"
1.10456237510941e-112,0.597416518052793,0.177,0.127,9.94227639459727e-108,"1","LTN1"
1.2690342550678e-112,0.578102475575906,0.198,0.146,1.14227042332908e-107,"1","IFNGR1"
1.29818057393252e-112,0.845456554101476,0.1,0.062,1.1685053164024e-107,"1","LIN7C"
1.82349909873004e-112,0.429365477740146,0.298,0.239,1.64134977375789e-107,"1","CHD6"
2.42914392120956e-112,0.477952814681874,0.377,0.32,2.18649673491994e-107,"1","TENT5C"
2.57221281813924e-112,0.567643830349338,0.178,0.128,2.31527447973531e-107,"1","NUP50"
2.78389416913658e-112,0.415597337629151,0.298,0.237,2.50581098058153e-107,"1","KIAA0232"
3.43727082233092e-112,0.303662873767341,0.492,0.43,3.09392183988828e-107,"1","PDIA3"
3.45716397107293e-112,0.472175366102995,0.257,0.2,3.11182786200245e-107,"1","YTHDC2"
4.21235696226114e-112,0.491789327386698,0.254,0.198,3.79158462530088e-107,"1","CAMLG"
4.27012381124598e-112,0.392462906695321,0.294,0.233,3.84358114374062e-107,"1","SUCO"
4.6257733947566e-112,0.615532964066925,0.161,0.113,4.16370489035437e-107,"1","EDEM1"
4.77188787683385e-112,0.629676546588365,0.16,0.112,4.29522399681691e-107,"1","C6orf89"
4.81755145411254e-112,0.735639905390889,0.122,0.08,4.33632623936123e-107,"1","RRN3"
7.56775356610417e-112,0.718557266838993,0.167,0.119,6.81181066238602e-107,"1","SC5D"
7.59792990976917e-112,0.359969393744584,0.392,0.329,6.83897269108233e-107,"1","FBXL17"
8.00712127532992e-112,0.613227832541583,0.189,0.139,7.20728993113722e-107,"1","DLST"
8.51975612588415e-112,0.269119500717041,0.59,0.527,7.66871768646959e-107,"1","OSBPL8"
8.97317389615515e-112,0.330096098581665,0.285,0.225,8.07684355566821e-107,"1","RAD23B"
1.33414127724079e-111,0.276410702475739,0.439,0.373,1.20087390505721e-106,"1","PREX1"
2.13758113782405e-111,0.73961359140626,0.1,0.062,1.92405815796681e-106,"1","CSNK1E"
3.24990230960639e-111,0.719553596022387,0.169,0.121,2.9252695678998e-106,"1","RETREG1"
3.54324211998584e-111,0.266349847527389,0.531,0.471,3.18930766462045e-106,"1","PPP6R3"
4.07170931653295e-111,0.493420185965805,0.246,0.19,3.66498627290447e-106,"1","CCDC6"
5.92597600887276e-111,0.511920215100221,0.267,0.21,5.33403026534646e-106,"1","KIAA0319L"
7.86821303942729e-111,0.492857325068238,0.244,0.189,7.0822572389189e-106,"1","SNHG7"
1.0326490137746e-110,0.800393216801589,0.102,0.064,9.29497703788652e-106,"1","DLG3"
1.06641278789188e-110,0.773767873164013,0.117,0.077,9.59888814509359e-106,"1","GIMAP6"
1.1685321929413e-110,0.544669006408367,0.187,0.135,1.05180751218839e-105,"1","CCL3"
1.22128053408647e-110,0.729844496144413,0.13,0.087,1.09928682153657e-105,"1","PCBD1"
1.43805373387675e-110,0.534352627339808,0.187,0.136,1.2944065463998e-105,"1","RYK"
1.79832027177538e-110,0.435811039670003,0.266,0.208,1.61868605982774e-105,"1","CCAR1"
2.405774514966e-110,0.636135301432077,0.122,0.08,2.16546169866604e-105,"1","JAKMIP2"
4.51716663883865e-110,0.278284035277811,0.469,0.405,4.06594686328506e-105,"1","SEC61B"
4.66038363974765e-110,0.469020380055146,0.225,0.17,4.19485791797325e-105,"1","TASOR"
5.28075122223461e-110,0.529108464879275,0.202,0.15,4.7532569826456e-105,"1","CREBZF"
5.29574331366693e-110,0.494445117266681,0.211,0.158,4.76675151406474e-105,"1","XIAP"
6.38636118996595e-110,0.642182331308047,0.153,0.107,5.74842757070025e-105,"1","PHAX"
6.74114653825286e-110,0.396594085011903,0.321,0.262,6.06777341054678e-105,"1","SNRNP70"
9.98992379478275e-110,0.433344909917957,0.314,0.257,8.9920303069219e-105,"1","MRPL41"
1.06463608379464e-109,0.331241104852533,0.353,0.29,9.58289585384391e-105,"1","UBE2L3"
1.24039659791533e-109,0.38019794968184,0.381,0.321,1.11649338174957e-104,"1","TRAPPC9"
1.41062612854592e-109,0.480072133382992,0.255,0.2,1.26971868456547e-104,"1","COX20"
1.41207923718429e-109,0.467643501092058,0.262,0.206,1.27102664218195e-104,"1","VWA8"
1.90152511370413e-109,0.760343067527512,0.114,0.074,1.71158177009622e-104,"1","TIMM10B"
2.15021940460295e-109,0.357704658647973,0.314,0.253,1.93543398827716e-104,"1","MORC3"
3.53883270246087e-109,0.458095926433055,0.237,0.182,3.18533870381205e-104,"1","NUP210"
3.61303206059116e-109,0.639769893467579,0.217,0.166,3.25212628805871e-104,"1","NSMCE3"
3.91950982343401e-109,0.533968354646164,0.193,0.142,3.52798998717119e-104,"1","ZCCHC17"
4.39021120984528e-109,0.533151976902037,0.182,0.132,3.95167301209383e-104,"1","NNT"
5.27118222340892e-109,0.406551020113822,0.306,0.247,4.7446438311126e-104,"1","TMF1"
6.73396746296834e-109,0.697753160107417,0.13,0.087,6.06131145309243e-104,"1","GOLGA3"
1.02067511466673e-108,0.270537749502719,0.51,0.447,9.18719877462671e-104,"1","VPS13B"
1.03701254960884e-108,0.381584718003754,0.332,0.271,9.33425366028416e-104,"1","SUN2"
1.03967427464984e-108,0.538716751207841,0.182,0.132,9.35821211355072e-104,"1","GMPS"
1.11533812680069e-108,0.675737799211488,0.136,0.092,1.00392700131457e-103,"1","CASP8AP2"
1.15559947685403e-108,0.389696846701194,0.321,0.262,1.04016664511108e-103,"1","SRP54"
1.35150168550811e-108,0.361242365496651,0.412,0.353,1.2165001821427e-103,"1","RGS10"
1.74498357213305e-108,0.535489533806466,0.2,0.149,1.57067716311268e-103,"1","SNX13"
1.82214063625439e-108,0.334036251258904,0.423,0.362,1.64012700809894e-103,"1","VTI1A"
1.82951952602007e-108,0.339832824714366,0.31,0.249,1.64676882056592e-103,"1","MDM4"
2.00360742431443e-108,0.598849090369419,0.199,0.148,1.80346707869966e-103,"1","DDIT3"
3.39026724651002e-108,0.603546049018865,0.166,0.119,3.05161345125613e-103,"1","METTL5"
3.50835962010469e-108,0.506388140051055,0.221,0.168,3.15790957765243e-103,"1","SFSWAP"
3.6952922325864e-108,0.358359284498996,0.326,0.265,3.32616949147335e-103,"1","PTEN"
5.77019870729674e-108,0.717813153666959,0.116,0.075,5.19381355842487e-103,"1","LINC00944"
8.84391635792262e-108,0.358391162200417,0.34,0.279,7.96049755292973e-103,"1","PPP4R2"
1.38128510605628e-107,0.368760630077728,0.37,0.313,1.24330853681232e-102,"1","PRDX6"
1.42841225306842e-107,0.480246642691608,0.237,0.183,1.28572815310941e-102,"1","SHISA5"
1.83979230862889e-107,0.443913854422424,0.263,0.206,1.65601545491995e-102,"1","VPS26A"
2.55180973618411e-107,0.35909428105601,0.319,0.258,2.29690946163668e-102,"1","GPBP1L1"
3.330738989453e-107,0.324009389447128,0.402,0.341,2.99803147179654e-102,"1","DAD1"
3.71820778684153e-107,0.571606892958309,0.2,0.149,3.34679601101393e-102,"1","DDX60L"
4.65245373791202e-107,0.390493462142438,0.356,0.299,4.18772013403199e-102,"1","KRT10"
5.20711003135407e-107,0.38104419231971,0.311,0.252,4.68697181032211e-102,"1","RASAL3"
5.23106578156415e-107,0.544894912434181,0.188,0.138,4.7085346206437e-102,"1","VPS41"
5.60841584685477e-107,0.501930503323741,0.224,0.172,5.04819118791245e-102,"1","CWC15"
7.09678186445544e-107,0.383110164552213,0.333,0.275,6.38788432401499e-102,"1","EIF3M"
1.08978749156445e-106,0.478426610146281,0.199,0.147,9.80928619032081e-102,"1","CERS6"
1.23150668183903e-106,0.453585864536786,0.307,0.248,1.10849147939013e-101,"1","GTF2B"
1.33790448882057e-106,0.712565911763235,0.129,0.087,1.20426120943229e-101,"1","FEM1C"
1.56709300861797e-106,0.603628031700587,0.188,0.138,1.41055608798712e-101,"1","EGR1"
1.82729327592821e-106,0.380263976955962,0.339,0.279,1.64476495059574e-101,"1","SMC4"
2.04429342099095e-106,0.606230183079274,0.184,0.136,1.84008895116816e-101,"1","SDHD"
2.38298069702534e-106,0.560557089625349,0.391,0.334,2.14494475519947e-101,"1","CRYBG1"
3.42010398125741e-106,0.459039339132417,0.257,0.202,3.07846979456961e-101,"1","RO60"
3.72301898469418e-106,0.258415010254303,0.457,0.392,3.35112661831308e-101,"1","TUT4"
3.89844241071982e-106,0.570631632814082,0.191,0.142,3.50902699831302e-101,"1","CPNE3"
5.44755731841487e-106,0.688493786638691,0.15,0.105,4.90340081787841e-101,"1","OPRM1"
6.7757052394467e-106,0.412080052629379,0.252,0.196,6.09888004307837e-101,"1","RBM5"
6.89622337798791e-106,0.464509140574593,0.247,0.192,6.20735962476069e-101,"1","VPS4B"
7.41085332001395e-106,0.476520711383304,0.239,0.185,6.67058318187776e-101,"1","SUPT16H"
8.05373699112429e-106,0.791187443488449,0.108,0.069,7.24924920308089e-101,"1","GIPC2"
9.86387454593507e-106,0.505811457840357,0.21,0.158,8.87857211754162e-101,"1","MX1"
1.03865066438027e-105,0.584520108952736,0.175,0.127,9.34899849515324e-101,"1","CEP95"
1.17881806409585e-105,0.664108388712239,0.147,0.103,1.06106592767331e-100,"1","CCDC90B"
1.57069409960229e-105,0.659864805432498,0.147,0.103,1.41379746599302e-100,"1","NOL8"
1.69027875624375e-105,0.720241689999081,0.124,0.083,1.52143681128256e-100,"1","KLF9"
2.02918632284589e-105,0.689121457516882,0.132,0.09,1.82649090105682e-100,"1","TRAPPC11"
2.22436895553247e-105,0.587440717181317,0.17,0.123,2.00217674056433e-100,"1","SEPTIN11"
2.29946955565059e-105,0.487511399978695,0.248,0.194,2.06977554173666e-100,"1","C1GALT1"
2.77057005750622e-105,0.707874521480582,0.147,0.102,2.49381781446192e-100,"1","CCR7"
3.26441399729669e-105,0.351388198272682,0.377,0.316,2.93833168310672e-100,"1","PCGF5"
3.26528844411217e-105,0.780821723021926,0.111,0.073,2.93911878142981e-100,"1","PTPN9"
3.48666261062689e-105,0.717642576751893,0.115,0.076,3.13837988245137e-100,"1","UPF1"
4.43992529030066e-105,0.454938685488852,0.248,0.193,3.99642115305253e-100,"1","RALBP1"
5.12096714690666e-105,0.38943696789962,0.368,0.31,4.60943373860215e-100,"1","SYF2"
5.62076736482841e-105,0.472974754990006,0.18,0.13,5.0593089127557e-100,"1","KHDC4"
7.86774652986296e-105,0.266504102675818,0.459,0.396,7.08183732899495e-100,"1","STAG2"
9.59336363237174e-105,0.397296822796338,0.209,0.156,8.63508253913413e-100,"1","SNTB2"
9.9327597927794e-105,0.460907453941981,0.37,0.312,8.94057641707867e-100,"1","TRAF1"
1.22691611194636e-104,0.595525252994081,0.124,0.082,1.10435946152404e-99,"1","TNK2"
1.24338972239165e-104,0.305986504191104,0.402,0.338,1.11918752302194e-99,"1","SERINC5"
1.35463477864049e-104,0.35296092536,0.353,0.29,1.21932031060209e-99,"1","RAD51B"
1.36166503663254e-104,0.587375213348928,0.152,0.106,1.22564831612332e-99,"1","BMPR1A"
1.36959482132394e-104,0.357107002045381,0.368,0.31,1.23278599462189e-99,"1","CD164"
1.67178445031685e-104,0.44597471951491,0.293,0.237,1.5047899015747e-99,"1","PPP1CC"
1.7512495760266e-104,0.644143493967303,0.15,0.106,1.5763172558773e-99,"1","COPS5"
1.95479681899234e-104,0.502783405302385,0.226,0.174,1.7595321647432e-99,"1","ARHGAP4"
2.30145903395063e-104,0.77427579923594,0.107,0.07,2.0715662910493e-99,"1","EXOSC3"
3.64876693627788e-104,0.294922817961245,0.376,0.313,3.28429160701308e-99,"1","SETD5"
3.65709946018385e-104,0.413271812698512,0.27,0.214,3.29179179510608e-99,"1","ARHGEF6"
3.83048169345781e-104,0.806231338272044,0.117,0.078,3.44785487709831e-99,"1","SNAPC5"
4.69178115437865e-104,0.552293933813306,0.171,0.124,4.22311913486777e-99,"1","IREB2"
5.33755304652502e-104,0.852270964481634,0.1,0.063,4.80438487270764e-99,"1","SLAIN1"
6.38365885067387e-104,0.324276828609685,0.343,0.282,5.74599516808005e-99,"1","TM9SF3"
6.56128290698561e-104,0.465495084439092,0.256,0.201,5.90587635740681e-99,"1","DDX50"
6.92324449175065e-104,0.421211259747873,0.252,0.197,6.23168159946968e-99,"1","FAM120A"
6.99432288928617e-104,0.449888812447708,0.241,0.187,6.29565997587537e-99,"1","SUPT6H"
1.15793270162518e-103,0.693071845499134,0.134,0.092,1.04226680405984e-98,"1","KIN"
1.24838415876313e-103,0.411000317084585,0.295,0.237,1.12368306514428e-98,"1","RSBN1"
1.38069435808519e-103,0.415178895430002,0.288,0.231,1.24277679865606e-98,"1","GADD45GIP1"
1.38925101897223e-103,0.337002452161605,0.507,0.456,1.25047873468709e-98,"1","SNHG6"
1.72669936688094e-103,0.408706672650934,0.271,0.214,1.55421936712321e-98,"1","ZNF451"
1.82974520808161e-103,0.308485648142588,0.376,0.314,1.64697195924634e-98,"1","BRWD1"
1.93827663106781e-103,0.530608478657685,0.177,0.129,1.74466217839045e-98,"1","SRRT"
1.97095254579042e-103,0.475492891219876,0.23,0.177,1.77407409599142e-98,"1","CDC40"
2.34502139845816e-103,0.424511553671312,0.235,0.18,2.11077721096618e-98,"1","ZNF652"
3.74275122513373e-103,0.36322432978789,0.301,0.241,3.36888780525512e-98,"1","ITPKB"
4.48047736080364e-103,0.553775307890186,0.17,0.123,4.03292247723297e-98,"1","SETDB2"
4.63478001469176e-103,0.430871427901585,0.305,0.25,4.1718118390242e-98,"1","ARPC5L"
7.48177764756062e-103,0.457534755705069,0.238,0.184,6.73442287834579e-98,"1","ZMYND11"
7.88407976256416e-103,0.372784545520897,0.344,0.287,7.09653903508163e-98,"1","CIAO2B"
9.77762061884184e-103,0.706552896159157,0.125,0.084,8.80093409522573e-98,"1","BORCS7"
1.0038811600807e-102,0.6297737571145,0.155,0.11,9.03603471000243e-98,"1","DDX42"
1.21842374874409e-102,0.290557126530967,0.435,0.374,1.09671540048204e-97,"1","SRSF10"
1.31072740486821e-102,0.429144251374779,0.236,0.181,1.17979884439593e-97,"1","UBR4"
1.62465680465812e-102,0.607601221845669,0.158,0.112,1.46236983644082e-97,"1","NMI"
2.12631367390349e-102,0.382943488991918,0.349,0.294,1.91391620101727e-97,"1","REX1BD"
2.52823045620496e-102,0.305851493504908,0.442,0.385,2.27568551593465e-97,"1","DRAP1"
2.71365279929814e-102,0.297267534496224,0.485,0.427,2.44258602117625e-97,"1","SNU13"
2.88157993858181e-102,0.472344173485953,0.199,0.148,2.59373891851687e-97,"1","PHF12"
3.96952736111126e-102,0.588119047753664,0.459,0.413,3.57301127300986e-97,"1","ZNF331"
4.20880573771922e-102,0.66041901254193,0.136,0.093,3.78838813257845e-97,"1","TSHZ1"
4.28708358986002e-102,0.867413921483098,0.101,0.064,3.8588468100689e-97,"1","TSPYL4"
5.04514000622234e-102,0.454174150341452,0.25,0.196,4.54118097100079e-97,"1","ZNF800"
5.2820104126702e-102,0.481026368150687,0.248,0.196,4.75439039254857e-97,"1","MGMT"
6.23003109829342e-102,0.47905285701887,0.217,0.165,5.60771329188489e-97,"1","ZBTB11"
8.90316023036384e-102,0.40012144175772,0.291,0.234,8.0138235549528e-97,"1","RSRC1"
1.1176186057253e-101,0.409645129467892,0.287,0.232,1.0059796831994e-96,"1","GALNT1"
1.24519921862645e-101,0.530284717376946,0.181,0.133,1.12081626867785e-96,"1","CCNL2"
1.253103017233e-101,0.729103803052954,0.104,0.067,1.1279305568416e-96,"1","TRMT13"
1.33795681274928e-101,0.456444462067863,0.214,0.162,1.20430830672376e-96,"1","NUMA1"
1.72000986988047e-101,0.353970440844385,0.372,0.316,1.54819808397811e-96,"1","BLOC1S1"
1.79201294295868e-101,0.257707503640011,0.469,0.408,1.61300877008653e-96,"1","TCF25"
1.88869958356268e-101,0.513093278973367,0.204,0.154,1.70003738216061e-96,"1","RAB8A"
2.34766170308321e-101,0.724798143542051,0.133,0.092,2.11315377556223e-96,"1","TMEM141"
2.89953223307914e-101,0.467440373605863,0.25,0.198,2.60989795831687e-96,"1","RTF2"
2.9361479468631e-101,0.580666604014214,0.155,0.11,2.64285612845094e-96,"1","ABCE1"
3.42972923692086e-101,0.283931770188925,0.424,0.36,3.08713358344484e-96,"1","RNF38"
3.73836234995544e-101,0.371602087799664,0.291,0.234,3.36493733481839e-96,"1","ADD1"
4.48194029955473e-101,0.486562438527924,0.184,0.136,4.03423928303221e-96,"1","NSF"
5.33999994962689e-101,0.327001185122499,0.391,0.33,4.80658735465866e-96,"1","CCNY"
6.50221114672331e-101,0.375411103284168,0.316,0.259,5.85270527527712e-96,"1","CSNK1G3"
7.5789392818215e-101,0.745993085051963,0.103,0.067,6.82187903696035e-96,"1","CCDC146"
9.7643329903171e-101,0.639796642754213,0.146,0.102,8.78897376791432e-96,"1","PYROXD1"
1.03230322191917e-100,0.312121335656659,0.406,0.348,9.29186453081667e-96,"1","KHDRBS1"
1.17796048869718e-100,0.36481809305245,0.258,0.202,1.06029401548122e-95,"1","CLTC"
1.33866734217772e-100,0.252015356072644,0.501,0.441,1.20494786136759e-95,"1","OGA"
1.40181803713917e-100,0.539236362523352,0.153,0.108,1.26179043340934e-95,"1","GALNT7"
2.10611922147715e-100,0.330111166792495,0.325,0.265,1.8957389724438e-95,"1","TRPM7"
2.1531639499899e-100,0.502373361557128,0.237,0.187,1.93808440302541e-95,"1","PDAP1"
2.32442840338832e-100,0.44879406061167,0.228,0.175,2.09224125017386e-95,"1","SNX1"
2.74912542254774e-100,0.426560178264199,0.299,0.241,2.47451528408944e-95,"1","IMMP2L"
2.76765939645714e-100,0.256791036439303,0.487,0.427,2.49119789934504e-95,"1","TMEM59"
5.06771028434919e-100,0.444086471429614,0.249,0.195,4.56149670404555e-95,"1","TMEM156"
5.79574538071757e-100,0.481597305578473,0.191,0.142,5.21680837463769e-95,"1","ATP2A3"
5.85840911034104e-100,0.255659958950311,0.579,0.523,5.27321262430907e-95,"1","NDUFS5"
5.90243536239673e-100,0.344735158509727,0.345,0.287,5.31284109404692e-95,"1","PRMT2"
6.44300635563835e-100,0.644503571762653,0.142,0.1,5.79941445077363e-95,"1","EBPL"
8.97965730366538e-100,0.679556157920825,0.128,0.088,8.08267933560225e-95,"1","CFAP36"
9.1798895657212e-100,0.727750789712836,0.101,0.065,8.26291039700131e-95,"1","PDPK1"
1.04450885406982e-99,0.536506237438338,0.19,0.141,9.40172864636787e-95,"1","FBXO32"
1.20761293134325e-99,0.489487452876664,0.128,0.086,1.08698447563138e-94,"1","MYO6"
1.53788837791996e-99,0.484902491574487,0.209,0.158,1.38426870784953e-94,"1","SP4"
1.62017255662778e-99,0.378279747620578,0.327,0.27,1.45833351994623e-94,"1","IL10RA"
1.69888491384417e-99,0.579607690841392,0.166,0.121,1.52918329980027e-94,"1","COMMD3"
1.84003044042395e-99,0.527417754106154,0.194,0.145,1.65622979973e-94,"1","S1PR4"
2.71760015410915e-99,0.384068118893906,0.292,0.236,2.44613907471519e-94,"1","FGD3"
3.20976240782923e-99,0.328980446562021,0.297,0.239,2.88913924091117e-94,"1","FLNA"
3.33780228873859e-99,0.481591642081007,0.25,0.198,3.00438921811649e-94,"1","DNAJA2"
5.34966516084179e-99,0.25296365984,0.475,0.411,4.8152871079253e-94,"1","GALM"
7.65866665543125e-99,0.25105284563263,0.625,0.568,6.89364244322022e-94,"1","ZFAS1"
9.18870729281187e-99,0.483252479164518,0.182,0.134,8.27084732133289e-94,"1","TRIM56"
1.010636280637e-98,0.49293185966916,0.211,0.161,9.09683822564166e-94,"1","UPF3A"
1.17002045971516e-98,0.467541770415601,0.209,0.159,1.05314711599421e-93,"1","CHFR"
1.19778970789949e-98,0.310929151248214,0.426,0.369,1.07814249397741e-93,"1","GPATCH8"
1.71026521182288e-98,0.60712879415011,0.151,0.107,1.53942681981389e-93,"1","PLEKHM2"
2.20403423243953e-98,0.263139311006464,0.427,0.364,1.98387325296115e-93,"1","HUWE1"
2.29341007539571e-98,0.480534194819914,0.21,0.16,2.06432134296443e-93,"1","RECQL"
2.79677360256055e-98,0.556380777508094,0.187,0.139,2.51740388740078e-93,"1","LRRC8B"
4.11093195848753e-98,0.363235231677146,0.312,0.255,3.70029096515421e-93,"1","PPP4R3B"
4.11389071123638e-98,0.401662806424045,0.275,0.22,3.70295416809098e-93,"1","AKIRIN1"
4.40691893042216e-98,0.418608960469665,0.281,0.227,3.96671179846229e-93,"1","ZC3H13"
4.44828967204396e-98,0.388914166241111,0.314,0.26,4.00395001670349e-93,"1","TBC1D10C"
5.80441656629625e-98,0.540335535429189,0.183,0.136,5.22461339548891e-93,"1","LAMP2"
7.81258828165356e-98,0.768438350980698,0.183,0.136,7.03218883819918e-93,"1","TNF"
8.03949610118893e-98,0.555053967276354,0.159,0.114,7.23643083564117e-93,"1","ZKSCAN1"
9.73672535294001e-98,0.591405180379177,0.187,0.14,8.76412385743483e-93,"1","BCL10"
9.97044341616323e-98,0.496589453384316,0.199,0.15,8.97449582332269e-93,"1","SEL1L"
1.50133704829953e-97,0.374334865042995,0.396,0.339,1.35136849054489e-92,"1","GZMM"
1.52021607328573e-97,0.697061170775578,0.111,0.073,1.36836168972521e-92,"1","FAR2"
1.86204575776379e-97,0.478432280606882,0.213,0.163,1.67604600702076e-92,"1","SERTAD2"
2.1406278043328e-97,0.566823628606096,0.164,0.119,1.926800492958e-92,"1","PDCD7"
4.94228531754968e-97,0.389317864376196,0.326,0.271,4.44860043717964e-92,"1","PSIP1"
6.66174289682248e-97,0.368779263007046,0.31,0.254,5.99630139885888e-92,"1","NEMF"
7.57096168489713e-97,0.557432942233793,0.253,0.202,6.81469832219276e-92,"1","IER5L"
1.00776055887722e-96,0.397413732712748,0.255,0.201,9.07095356650976e-92,"1","HNRNPL"
1.42972160320882e-96,0.561699079283522,0.172,0.127,1.28690671226429e-91,"1","KIAA0586"
1.82598453574195e-96,0.628767576708706,0.132,0.091,1.64358694046669e-91,"1","MCM6"
1.9969297522867e-96,0.689641071459315,0.153,0.11,1.79745643933078e-91,"1","AKAP5"
2.30231783306226e-96,0.528898175474365,0.169,0.123,2.07233930471767e-91,"1","KDM3A"
3.23466309975311e-96,0.527138347715045,0.169,0.123,2.91155260271877e-91,"1","NDUFS1"
3.26229075703823e-96,0.275721842259773,0.513,0.453,2.93642053331768e-91,"1","ARL15"
3.47409534557791e-96,0.637922990926622,0.145,0.103,3.12706796150813e-91,"1","MTMR12"
3.59320565424573e-96,0.418787364497576,0.213,0.162,3.23428034144313e-91,"1","SELPLG"
4.14664220007548e-96,0.677761597925825,0.125,0.085,3.73243411070994e-91,"1","EEF1E1"
4.51800039883868e-96,0.511214040948174,0.187,0.14,4.06669733899868e-91,"1","FKBP3"
4.83823781551792e-96,0.594259678757051,0.154,0.11,4.35494624012584e-91,"1","ZNF24"
6.07006265033135e-96,0.280537745291328,0.399,0.339,5.46372409218975e-91,"1","RBX1"
6.22312584349148e-96,0.333410236015522,0.384,0.325,5.60149780298512e-91,"1","KIF13B"
8.59049466392493e-96,0.547573962974053,0.208,0.159,7.73239015194547e-91,"1","FRMD4B"
8.77240362027475e-96,0.539202198135844,0.229,0.18,7.89612822264551e-91,"1","PRKAG2"
8.80986834970684e-96,0.605571478526829,0.159,0.115,7.92985060025462e-91,"1","ZNF143"
1.0716676934773e-95,0.297066499618201,0.42,0.361,9.64618807575853e-91,"1","SENP6"
1.14280345413996e-95,0.471792970841759,0.189,0.141,1.02864881710592e-90,"1","DENND6A"
1.17401704563145e-95,0.446478283017315,0.231,0.18,1.05674448294332e-90,"1","FBXW4"
1.36560404364566e-95,0.361222137658344,0.332,0.276,1.2291938557259e-90,"1","GABARAPL2"
1.41985195652358e-95,0.498418625386426,0.213,0.164,1.27802294458644e-90,"1","PARP15"
1.74098587614586e-95,0.354006870445952,0.421,0.367,1.56707879697765e-90,"1","IDI1"
1.7812930746851e-95,0.395188219096459,0.27,0.216,1.6033597094548e-90,"1","WDR37"
2.77322148391897e-95,0.295142583459453,0.367,0.307,2.4962043898903e-90,"1","USP25"
3.15731447566158e-95,0.417034619378638,0.269,0.217,2.84193033268775e-90,"1","LSM2"
3.93391341986471e-95,0.579812149238691,0.151,0.108,3.54095480835443e-90,"1","TMEM168"
4.16624005673639e-95,0.370453672822957,0.332,0.276,3.75007433746899e-90,"1","GLIPR1"
4.70494038869681e-95,0.591219499189639,0.165,0.121,4.23496389326988e-90,"1","DYNLL2"
8.98188446082887e-95,0.58228046761189,0.15,0.107,8.08468402203667e-90,"1","NKAP"
1.03627129772029e-94,0.431190068797084,0.219,0.168,9.32758157791007e-90,"1","TMEM135"
1.11452299851881e-94,0.267894356611325,0.44,0.38,1.00319329619676e-89,"1","RICTOR"
1.13540362665801e-94,0.520320294031157,0.194,0.147,1.02198815839114e-89,"1","DZIP3"
1.50095426150268e-94,0.472002841784703,0.2,0.151,1.35102394032118e-89,"1","TCF20"
1.63183027660871e-94,0.437867038141533,0.21,0.161,1.46882675027827e-89,"1","ATAD2"
1.97269443843094e-94,0.416142658366524,0.166,0.121,1.77564199097607e-89,"1","OTULINL"
2.11158348184708e-94,0.519216275119703,0.179,0.133,1.90065740784538e-89,"1","ARCN1"
4.00132992002865e-94,0.382432380313539,0.334,0.28,3.60163707431699e-89,"1","RTRAF"
5.63249856724466e-94,0.604492675941917,0.135,0.094,5.0698682853626e-89,"1","ZNF438"
6.11488314713092e-94,0.426366521169369,0.351,0.296,5.50406746956402e-89,"1","NCALD"
6.95133000380934e-94,0.390152165316266,0.279,0.224,6.25696164972883e-89,"1","ADIPOR2"
7.00347932215513e-94,0.551756339676104,0.186,0.141,6.30390177266505e-89,"1","PPID"
9.92604720955964e-94,0.349044361701173,0.322,0.266,8.93453435379673e-89,"1","OFD1"
9.98523620806716e-94,0.520525540483065,0.209,0.161,8.98781096324333e-89,"1","MTIF3"
1.26090186461293e-93,0.308219639561352,0.407,0.348,1.13495037735674e-88,"1","SPIDR"
2.00674918518256e-93,0.457334620429682,0.181,0.133,1.80629500907467e-88,"1","ACACA"
3.0496243587579e-93,0.395591104735942,0.257,0.204,2.74499738156157e-88,"1","TTC1"
3.12893441808242e-93,0.359773335099805,0.304,0.25,2.81638515906016e-88,"1","COQ10B"
3.60276848195257e-93,0.319206099099357,0.381,0.325,3.24288793829033e-88,"1","NDUFB4"
3.70419343232452e-93,0.52070444484561,0.21,0.163,3.33418155036962e-88,"1","CCT7"
4.89165878998894e-93,0.715810447630627,0.104,0.069,4.40303099345695e-88,"1","SLC25A45"
4.91366668204298e-93,0.526235740401067,0.188,0.142,4.4228405171737e-88,"1","SMARCAD1"
5.37610982625321e-93,0.569354102662326,0.152,0.109,4.83909021570878e-88,"1","SIPA1"
5.47929095453466e-93,0.561779266505487,0.158,0.115,4.9319645810862e-88,"1","E2F3"
7.96174064916796e-93,0.470708766893908,0.293,0.238,7.16644237572257e-88,"1","WWOX"
8.3766544139284e-93,0.562461267031762,0.147,0.105,7.53991040452109e-88,"1","SIKE1"
1.16273440945212e-92,0.291290857555919,0.358,0.299,1.04658886929195e-87,"1","TACC1"
1.26039921984745e-92,0.491161175232961,0.226,0.177,1.13449794177689e-87,"1","SUGT1"
1.35451243388246e-92,0.306763400585548,0.507,0.448,1.21921018686194e-87,"1","IER2"
1.56198721806003e-92,0.462367089283788,0.209,0.161,1.40596031484801e-87,"1","ATE1"
2.13435211616971e-92,0.470773730738599,0.199,0.152,1.92115168328552e-87,"1","SCAMP2"
2.16069805411857e-92,0.673429720523605,0.141,0.101,1.94486592549266e-87,"1","FAM76B"
2.34972205813128e-92,0.455393817543373,0.224,0.175,2.11500832174455e-87,"1","NAA16"
2.44868330170099e-92,0.584454186107128,0.178,0.132,2.20408432669408e-87,"1","AP3M2"
3.65678362116197e-92,0.331429249064337,0.424,0.367,3.2915075052441e-87,"1","DOK2"
3.77441323464073e-92,0.381400100707928,0.298,0.244,3.39738709663247e-87,"1","PHYKPL"
4.00290331989917e-92,0.319463810897715,0.425,0.369,3.60305330727444e-87,"1","JPT1"
4.13018354184124e-92,0.341758476200399,0.145,0.101,3.71761950784672e-87,"1","CST3"
4.54705845760925e-92,0.632956161397318,0.135,0.095,4.09285278827866e-87,"1","GNS"
4.82838495287592e-92,0.504651744399869,0.18,0.134,4.34607757993315e-87,"1","PIK3CG"
6.55052597006422e-92,0.25636261704435,0.46,0.403,5.89619393091451e-87,"1","PUM2"
8.05663398840935e-92,0.468570021002284,0.217,0.168,7.25185681930714e-87,"1","SIRPG"
8.10230471163786e-92,0.393222558005139,0.265,0.212,7.29296549399235e-87,"1","RAB3GAP2"
1.01726625211076e-91,0.542748043046717,0.184,0.139,9.1565152618742e-87,"1","UFL1"
1.10860910149834e-91,0.395903621091985,0.26,0.209,9.97870138349672e-87,"1","AP2S1"
1.35300592289837e-91,0.409331488642574,0.297,0.246,1.21785416126005e-86,"1","CTSS"
1.3743611082375e-91,0.464450763379851,0.231,0.182,1.23707617713565e-86,"1","DNMT1"
1.40866170088974e-91,0.350168744454836,0.311,0.255,1.26795048358787e-86,"1","EZH2"
1.41739270455194e-91,0.482956522498291,0.194,0.147,1.27580934729425e-86,"1","MAP2K5"
1.43779503195743e-91,0.570911309026468,0.151,0.108,1.2941736862152e-86,"1","CRACR2A"
2.00135132199342e-91,0.532145256454866,0.167,0.123,1.80143633843949e-86,"1","ARNT"
2.13132081366224e-91,0.358909012807502,0.32,0.266,1.91842317758552e-86,"1","ZC3H15"
2.2244896319444e-91,0.526124602157682,0.186,0.14,2.00228536260948e-86,"1","TTC33"
2.67617371459208e-91,0.459518928914288,0.2,0.152,2.40885072224148e-86,"1","DIDO1"
3.50577336004488e-91,0.260117500774947,0.494,0.438,3.15558165910999e-86,"1","SRRM1"
3.91038099755029e-91,0.440773073680334,0.22,0.171,3.51977303970499e-86,"1","PIK3C3"
4.95652675801108e-91,0.277206538833212,0.441,0.386,4.46141930015335e-86,"1","HNRNPF"
5.16092554198209e-91,0.529435221551825,0.165,0.121,4.6454006895935e-86,"1","NFIL3"
5.16931214384633e-91,0.446542788607713,0.259,0.208,4.65294955379752e-86,"1","XKR6"
5.42304915327121e-91,0.573050362917619,0.147,0.106,4.88134077335095e-86,"1","PRPF3"
5.50521891891211e-91,0.745911298878345,0.204,0.158,4.95530260110198e-86,"1","CSF1"
6.12168420030797e-91,0.499354731257208,0.204,0.156,5.51018916553921e-86,"1","VRK2"
6.86410071586565e-91,0.313900463452542,0.361,0.304,6.17844569535783e-86,"1","VOPP1"
9.64143717691047e-91,0.289877361331178,0.67,0.629,8.67835401730888e-86,"1","NR3C1"
9.87612975685903e-91,0.520745544187267,0.173,0.128,8.88960315544638e-86,"1","ZNF431"
1.34693296671593e-90,0.393871410220366,0.264,0.212,1.21238783267067e-85,"1","GLMN"
1.53120075057414e-90,0.362106473286076,0.284,0.228,1.37824910759929e-85,"1","CD28"
1.5366846212317e-90,0.446467630423816,0.237,0.187,1.38318519441686e-85,"1","SPTBN1"
1.59741322124848e-90,0.587142537499202,0.146,0.105,1.43784761457797e-85,"1","IKBIP"
1.74182404595294e-90,0.608165913668608,0.145,0.104,1.5678332420027e-85,"1","NCOA4"
2.07060761230751e-90,0.300604200615105,0.45,0.392,1.86377461791411e-85,"1","HERPUD1"
2.1485393837028e-90,0.477944183136931,0.299,0.247,1.93392178466473e-85,"1","RBBP6"
2.24940799274281e-90,0.429048525400242,0.266,0.217,2.02471462834773e-85,"1","CHMP2A"
2.47784770132309e-90,0.330119905828366,0.425,0.37,2.23033549443792e-85,"1","ETV6"
2.51119142730393e-90,0.509181975055083,0.18,0.134,2.26034851563054e-85,"1","SHPRH"
3.26331321340331e-90,0.545427317542301,0.179,0.135,2.93734085651646e-85,"1","C14orf119"
3.59989353834247e-90,0.390466742286731,0.287,0.234,3.24030017279744e-85,"1","SNAP23"
3.69975510116762e-90,0.623865212948361,0.121,0.083,3.33018656411198e-85,"1","ELP3"
4.42003541766489e-90,0.503576213558109,0.182,0.137,3.97851807979434e-85,"1","SNRPA"
4.60190159170015e-90,0.631281316114314,0.172,0.129,4.14221764170522e-85,"1","RBM22"
5.1033493038502e-90,0.285987336414523,0.377,0.321,4.5935757418886e-85,"1","SEPTIN2"
7.13984545964025e-90,0.409198726633369,0.287,0.236,6.42664629667679e-85,"1","RFC1"
8.98499182563307e-90,0.65726097038968,0.143,0.102,8.08748099217058e-85,"1","ITPRIP"
9.44155841060646e-90,0.620386594051012,0.161,0.119,8.49844114097098e-85,"1","GLRX5"
1.06056087318126e-89,0.673535237999087,0.126,0.088,9.54621447559185e-85,"1","TXLNA"
1.10890123952921e-89,0.418162421502597,0.222,0.173,9.98133094712634e-85,"1","USP7"
1.16652641861816e-89,0.682169548957377,0.114,0.077,1.05000209466239e-84,"1","SDE2"
1.32365657182119e-89,0.403322148439486,0.263,0.212,1.19143651686197e-84,"1","BIRC2"
1.62407008414595e-89,0.599623894656039,0.141,0.1,1.46184172344061e-84,"1","NEPRO"
2.30012762834252e-89,0.622991423575294,0.149,0.108,2.07036787954738e-84,"1","PGP"
2.64887512155975e-89,0.455573181102836,0.236,0.187,2.38427898566715e-84,"1","PSMD13"
3.32957482386919e-89,0.457412581826215,0.237,0.188,2.9969835947129e-84,"1","RNF166"
3.49854092866836e-89,0.405128703200336,0.28,0.229,3.14907167530367e-84,"1","HMGN3"
3.62107651317527e-89,0.571438690880767,0.145,0.104,3.25936718027419e-84,"1","MED6"
4.36618972666208e-89,0.608007090572646,0.148,0.107,3.93005103486581e-84,"1","GGA1"
4.46600084653e-89,0.332227905738448,0.317,0.262,4.01989202197012e-84,"1","DNAJC7"
6.72219690292093e-89,0.40128730287619,0.237,0.187,6.05071665428816e-84,"1","HMBOX1"
7.51504015958368e-89,0.624848870382646,0.138,0.098,6.76436279804286e-84,"1","TMEM106B"
9.29103320953809e-89,0.608261069994164,0.137,0.097,8.36295190223733e-84,"1","SOCS4"
1.50920061880864e-88,0.364485389489711,0.329,0.278,1.35844656899584e-83,"1","POLR1D"
1.53520252021863e-88,0.559545679730354,0.177,0.135,1.381851140474e-83,"1","ECHS1"
1.75818085631222e-88,0.282168699523708,0.45,0.396,1.58255617057519e-83,"1","WTAP"
1.98203017891876e-88,0.62867931786229,0.124,0.086,1.78404518434657e-83,"1","METTL4"
2.17752140091648e-88,0.546847148232806,0.154,0.112,1.96000878817894e-83,"1","ZXDC"
2.43514107142331e-88,0.458030157657708,0.228,0.18,2.19189482979884e-83,"1","IQCB1"
3.14706334802694e-88,0.709788918953431,0.104,0.069,2.83270319019252e-83,"1","MTRR"
4.1655399897095e-88,0.574978162901956,0.147,0.106,3.74944420013742e-83,"1","ANKRD13A"
4.81042536255823e-88,0.288857508257597,0.407,0.35,4.32991197309229e-83,"1","OGT"
6.06030953051566e-88,0.374944700437108,0.292,0.24,5.45494521151245e-83,"1","DEF6"
6.49713873136351e-88,0.513904294492114,0.187,0.141,5.84813954348761e-83,"1","SIRT1"
7.3029491046447e-88,0.509999686142696,0.231,0.183,6.57345751858174e-83,"1","DUSP5"
8.25653738027533e-88,0.416890680448077,0.231,0.182,7.43179186135962e-83,"1","KIDINS220"
1.09655479465073e-87,0.566645090534842,0.132,0.093,9.87019936213064e-83,"1","ZNF276"
1.13785851915193e-87,0.61922391765828,0.142,0.102,1.02419783167384e-82,"1","MPHOSPH10"
1.47077460694895e-87,0.477561421511042,0.189,0.143,1.32385893146082e-82,"1","OTUD4"
2.54218997333004e-87,0.541381005630247,0.155,0.113,2.2882506168941e-82,"1","UGGT1"
2.7153831082548e-87,0.553278730464265,0.144,0.104,2.44414348957123e-82,"1","ICE2"
3.2120081583901e-87,0.29196000222283,0.368,0.312,2.89116066344851e-82,"1","CEP350"
3.39604423454315e-87,0.707160223200196,0.112,0.076,3.05681337595464e-82,"1","ZNF675"
3.40274954451753e-87,0.513220015782068,0.17,0.127,3.06284889251567e-82,"1","DESI2"
3.77773125429076e-87,0.49563934578113,0.167,0.124,3.40037367929965e-82,"1","FYCO1"
4.12054118113567e-87,0.606678512949406,0.126,0.088,3.70894032255203e-82,"1","AIDA"
4.7822328809159e-87,0.342794149865202,0.465,0.415,4.30453563844121e-82,"1","NDFIP1"
4.82374434081758e-87,0.412632382650849,0.236,0.186,4.34190051861332e-82,"1","IWS1"
6.16651707296623e-87,0.465809679002972,0.208,0.161,5.55054368254764e-82,"1","CDC37L1"
6.80206747340227e-87,0.444013613440849,0.205,0.158,6.12260895348412e-82,"1","IKBKB"
6.94725945707419e-87,0.258356165448587,0.417,0.36,6.25329770990705e-82,"1","VAMP8"
1.04801462313141e-86,0.362791961938928,0.27,0.218,9.43328442426816e-82,"1","PIBF1"
1.41555390953453e-86,0.562274620217108,0.155,0.114,1.27415422951113e-81,"1","FAM91A1"
1.4412360565187e-86,0.441605954417481,0.248,0.197,1.29727098683305e-81,"1","RASGEF1B"
1.78848197356245e-86,0.672435956074728,0.108,0.073,1.6098305092233e-81,"1","TRIM5"
1.88868263129374e-86,0.72466166645183,0.129,0.091,1.70002212325381e-81,"1","DSE"
1.98488805120504e-86,0.610947720699093,0.145,0.105,1.78661758377017e-81,"1","TIMMDC1"
2.05604944641311e-86,0.753455272585865,0.109,0.074,1.85067066721091e-81,"1","PGRMC1"
2.86830188336407e-86,0.705993961040871,0.104,0.07,2.58178720823483e-81,"1","PURB"
3.74223269139281e-86,0.618020542157046,0.14,0.101,3.36842106784958e-81,"1","FASLG"
4.169349977966e-86,0.491636101868585,0.21,0.165,3.75287360866697e-81,"1","NDUFB5"
4.28427783998893e-86,0.550594553292651,0.156,0.115,3.85632132655244e-81,"1","C3orf38"
4.55420512241887e-86,0.646144671463828,0.104,0.069,4.09928557274045e-81,"1","RBM12"
4.5602443879621e-86,0.664655794724731,0.112,0.076,4.10472157604857e-81,"1","MCM3AP"
5.13235565434752e-86,0.400534709442945,0.234,0.185,4.61968464803475e-81,"1","MFSD6"
5.40789166934334e-86,0.594706314578741,0.137,0.097,4.86769737049263e-81,"1","RAB29"
5.74375005287497e-86,0.567295527546307,0.155,0.114,5.17000686009329e-81,"1","TOPORS"
5.80596551247392e-86,0.499640928668663,0.178,0.134,5.2260076174329e-81,"1","GPATCH2"
5.81954982014826e-86,0.40709053416108,0.217,0.169,5.23823498861365e-81,"1","MPRIP"
6.71270999393016e-86,0.369392544935589,0.245,0.194,6.04217739263648e-81,"1","AHCTF1"
9.15887383563152e-86,0.619243345219715,0.141,0.101,8.24399392819029e-81,"1","TFAM"
1.18790163330716e-85,0.521000807243412,0.188,0.144,1.06924213915611e-80,"1","ZNHIT3"
1.20819919051357e-85,0.38736861273874,0.311,0.259,1.08751217337317e-80,"1","PPA1"
1.22417092492973e-85,0.291128844671211,0.412,0.362,1.1018884912385e-80,"1","LAMTOR4"
2.14774102870147e-85,0.307897882118179,0.392,0.336,1.93320317734448e-80,"1","TRPC4AP"
2.65302395469018e-85,0.48041509382761,0.215,0.169,2.38801339185617e-80,"1","COMMD7"
3.44420767805479e-85,0.554872343603092,0.152,0.111,3.1001657730939e-80,"1","RAP2B"
3.59372859977302e-85,0.586878992506566,0.144,0.105,3.2347510499417e-80,"1","NDUFV3"
3.73968294484475e-85,0.469022462618145,0.191,0.146,3.36612601548421e-80,"1","SKA2"
3.85249648710197e-85,0.448792226115974,0.203,0.157,3.46767061300535e-80,"1","SPOP"
4.88385367022408e-85,0.641544988868165,0.134,0.096,4.39600552710539e-80,"1","COA6"
4.90088510775971e-85,0.310513807692815,0.348,0.294,4.41133569434559e-80,"1","PPP2R5A"
5.01547505999528e-85,0.321442683258684,0.315,0.26,4.51447925625235e-80,"1","RB1"
5.83753677019928e-85,0.494766905955986,0.207,0.161,5.25442522222407e-80,"1","GOLGA7"
6.81052399496684e-85,0.434923157435113,0.238,0.19,6.1302207531096e-80,"1","DENR"
7.44153984507763e-85,0.432205798207549,0.305,0.255,6.69820442995283e-80,"1","AGFG1"
1.21041599512721e-84,0.577613197987275,0.131,0.093,1.08950754137396e-79,"1","ZFYVE27"
1.50577393725282e-84,0.266689967869247,0.383,0.327,1.35536217866064e-79,"1","TRIP12"
1.75915893352963e-84,0.495321324331939,0.163,0.12,1.58343654765935e-79,"1","PTCD3"
1.78042063736034e-84,0.336307450666732,0.233,0.182,1.60257441989441e-79,"1","LINC01138"
2.37686169308994e-84,0.500857766277867,0.167,0.125,2.13943697856719e-79,"1","PRR14L"
3.11035480206521e-84,0.603702226224256,0.133,0.094,2.79966146088691e-79,"1","DLGAP1-AS1"
3.34967801712859e-84,0.716483927823849,0.103,0.07,3.01507867999762e-79,"1","IVD"
3.3772638030581e-84,0.701260875335942,0.126,0.09,3.03990892177063e-79,"1","PDHA1"
3.42244719204191e-84,0.276424879760663,0.402,0.349,3.08057894202885e-79,"1","VAMP2"
3.89647024807839e-84,0.555392886372184,0.144,0.104,3.50725183499784e-79,"1","RLIM"
4.49783434725477e-84,0.355390750437006,0.308,0.255,4.04854567430749e-79,"1","SCAPER"
5.11116867760719e-84,0.255664078592279,0.5,0.449,4.60061403840101e-79,"1","CNBP"
6.12270431258802e-84,0.386037950678595,0.306,0.254,5.5111073788036e-79,"1","P2RY10"
8.51105174609349e-84,0.488240813143151,0.175,0.131,7.66088278717621e-79,"1","CUL2"
9.63684433057088e-84,0.479323501747219,0.184,0.14,8.67421995039016e-79,"1","ATP11A"
1.00450873179871e-83,0.619504466338352,0.118,0.082,9.04168354579337e-79,"1","RNF157"
1.20403289091954e-83,0.309490431613293,0.339,0.286,1.08376204544559e-78,"1","TBRG1"
1.29582363148093e-83,0.415112215951649,0.28,0.231,1.1663838089323e-78,"1","CEBPZ"
1.51452005509721e-83,0.440477714409553,0.211,0.165,1.36323464679355e-78,"1","SLC30A9"
1.60778370700526e-83,0.642653198942122,0.123,0.086,1.4471821925125e-78,"1","HPS3"
1.70723671526127e-83,0.341165435065455,0.312,0.258,1.53670083977383e-78,"1","USP36"
1.91733793994797e-83,0.425169844501172,0.218,0.171,1.72581505312657e-78,"1","NPAT"
2.03824156970889e-83,0.385517446480941,0.257,0.208,1.83464161931067e-78,"1","HIPK3"
3.06112440285747e-83,0.504008153018005,0.19,0.147,2.75534868625604e-78,"1","CDC5L"
3.16171524476e-83,0.672021316913037,0.112,0.077,2.84589150896092e-78,"1","ACYP1"
3.16369166048954e-83,0.60018862801712,0.146,0.107,2.84767050052324e-78,"1","AASDHPPT"
3.30232169759859e-83,0.313988974993823,0.318,0.264,2.97245278322546e-78,"1","HIPK1"
3.49149473846041e-83,0.542865869760578,0.171,0.129,3.1427293290356e-78,"1","NDUFV2-AS1"
3.82586531616129e-83,0.46415742237775,0.215,0.169,3.44369962972994e-78,"1","ORAI1"
4.08779775126011e-83,0.526756201946646,0.185,0.143,3.67946763388674e-78,"1","SUCLG1"
5.36330378199157e-83,0.683826970967708,0.105,0.071,4.82756336720843e-78,"1","GABPA"
7.18607524586342e-83,0.444451873897339,0.193,0.148,6.46825818955412e-78,"1","WASHC4"
7.28715564295237e-83,0.527609640679089,0.166,0.124,6.55924166577785e-78,"1","SLC25A25"
7.55990218705717e-83,0.616136902652029,0.129,0.092,6.80474355759203e-78,"1","TXNDC9"
8.07869943614545e-83,0.460578464515777,0.176,0.133,7.27171814946888e-78,"1","TARDBP"
8.3437020951788e-83,0.64170573495926,0.107,0.073,7.51024969289139e-78,"1","ARL2"
8.43936584831269e-83,0.312661472323711,0.344,0.29,7.59635759372474e-78,"1","PARP14"
8.62599139043802e-83,0.3949650392154,0.265,0.215,7.76434111044717e-78,"1","HBS1L"
1.03571754857535e-82,0.634945681324592,0.129,0.092,9.3225972264816e-78,"1","MALSU1"
1.11238384838731e-82,0.346211285310762,0.323,0.273,1.00126782577191e-77,"1","ATP5PD"
1.57883378351023e-82,0.337497204334765,0.326,0.275,1.4211240768754e-77,"1","RHEB"
1.84150474105807e-82,0.404180382462647,0.277,0.229,1.65755683247378e-77,"1","VDAC2"
2.53901894094518e-82,0.570913773802133,0.154,0.114,2.28539633893416e-77,"1","DESI1"
2.59421948915469e-82,0.413156670731799,0.223,0.176,2.33508290438303e-77,"1","ARL8B"
3.0196614184368e-82,0.635515466273061,0.119,0.083,2.71802743934915e-77,"1","LANCL1"
3.02642345192156e-82,0.434558784006852,0.238,0.191,2.72411401330912e-77,"1","WAS"
3.0774483419008e-82,0.417544745153664,0.237,0.189,2.77004202702833e-77,"1","ATF2"
3.60124222364546e-82,0.302802785747237,0.344,0.291,3.24151413792552e-77,"1","PPP4R3A"
3.7119578331319e-82,0.433394855783429,0.226,0.179,3.34117036518036e-77,"1","LDLR"
5.52573921881839e-82,0.368709645329117,0.269,0.218,4.97377312825062e-77,"1","DOCK9"
6.46630480598669e-82,0.435086144470745,0.195,0.15,5.82038561891668e-77,"1","KATNBL1"
6.7671678810104e-82,0.535337672407759,0.139,0.1,6.09119548137627e-77,"1","KANSL3"
6.84068495670338e-82,0.425982154575806,0.247,0.2,6.15736893637828e-77,"1","TMEM167A"
6.8426664069979e-82,0.45669404231217,0.204,0.159,6.15915245960288e-77,"1","PSMB4"
7.13191129805377e-82,0.437139773685595,0.22,0.174,6.41950467849118e-77,"1","IMMT"
1.3775701663347e-81,0.2804656906852,0.308,0.255,1.23996468241953e-76,"1","PITPNB"
1.5055409482666e-81,0.692717973973803,0.103,0.069,1.35515246294425e-76,"1","TATDN3"
1.54877800402716e-81,0.571764474707618,0.126,0.089,1.39407056920489e-76,"1","MEAK7"
1.59430226053522e-81,0.294918211312112,0.401,0.349,1.43504740773036e-76,"1","CBX3"
1.68436304407826e-81,0.585894875168206,0.15,0.11,1.51611201960528e-76,"1","KATNA1"
1.89470157674322e-81,0.507177311619268,0.174,0.132,1.70543983624234e-76,"1","CASD1"
2.17653379481809e-81,0.444130803657406,0.225,0.18,1.95911983405371e-76,"1","TALDO1"
2.26089843099686e-81,0.494715087974931,0.164,0.123,2.03505728672458e-76,"1","DYNC1LI2"
2.48980850954736e-81,0.527116644163186,0.154,0.114,2.24110153752867e-76,"1","TMEM87B"
2.90864216178831e-81,0.344369440463586,0.281,0.231,2.61809789624728e-76,"1","ANAPC5"
3.31539669666122e-81,0.339293087561986,0.378,0.325,2.98422172063173e-76,"1","MGAT5"
4.15627572730115e-81,0.599390429328782,0.117,0.081,3.74110534490104e-76,"1","PPIL2"
4.35286502772944e-81,0.350404111896307,0.257,0.208,3.91805734010954e-76,"1","CCDC66"
4.53905255829489e-81,0.282303465030355,0.319,0.265,4.08564659824681e-76,"1","NCK1"
5.04661003644152e-81,0.437527455803007,0.201,0.156,4.54250415990138e-76,"1","BICD1"
5.18439775535597e-81,0.463163380841426,0.191,0.147,4.66652826357347e-76,"1","KBTBD2"
5.37395531517219e-81,0.449798947750281,0.186,0.142,4.83715091873964e-76,"1","SF3B3"
9.12105535216626e-81,0.375948354341312,0.251,0.203,8.20995313303837e-76,"1","SNRPD3"
9.2669994772293e-81,0.43485637553373,0.267,0.22,8.34131889944887e-76,"1","SNRPN"
1.03611491238708e-80,0.414154285355124,0.194,0.148,9.32617393788737e-76,"1","TRIM24"
1.10025489328578e-80,0.424692003720214,0.217,0.171,9.90350431995465e-76,"1","ESCO1"
1.37490919497625e-80,0.571101279202028,0.14,0.102,1.23756951549008e-75,"1","CCNYL1"
1.69920092673263e-80,0.538419296532397,0.16,0.119,1.52946774616131e-75,"1","NDUFS2"
1.82444883964968e-80,0.703753754414258,0.12,0.085,1.64220464505707e-75,"1","CDADC1"
2.19058223429874e-80,0.614648449416555,0.145,0.107,1.97176497491464e-75,"1","COA4"
2.22857065510642e-80,0.68589607024962,0.125,0.089,2.00595873236784e-75,"1","NFKBIE"
2.42634846247546e-80,0.510087728382148,0.157,0.116,2.18398051455879e-75,"1","KLHDC4"
3.42217551750129e-80,0.517347632493073,0.162,0.121,3.08033440505808e-75,"1","ZNF44"
3.81354604301468e-80,0.418716411927502,0.219,0.173,3.43261092877794e-75,"1","PTPN11"
4.58020892854897e-80,0.745489361639567,0.132,0.095,4.12269185867621e-75,"1","RGS16"
4.58361416737925e-80,0.475214530482003,0.205,0.162,4.12575694819974e-75,"1","LSM6"
4.59064449921183e-80,0.572581629910721,0.145,0.107,4.13208502018556e-75,"1","THAP12"
4.64994736237081e-80,0.472328349211473,0.165,0.122,4.18546412034359e-75,"1","CEBPD"
4.8129085158217e-80,0.42512044344491,0.202,0.157,4.33214708417627e-75,"1","AGPAT3"
7.99323487757985e-80,0.541117041258391,0.153,0.113,7.1947906456584e-75,"1","TBX21"
8.23580229105679e-80,0.565532907480284,0.153,0.114,7.41312800020312e-75,"1","HACD4"
8.41181110096181e-80,0.393103316669743,0.114,0.078,7.57155529008673e-75,"1","KRT8"
9.8976706952894e-80,0.285807409146029,0.3,0.246,8.90899236953694e-75,"1","KLHL24"
1.07600291354222e-79,0.529463959395779,0.147,0.108,9.68520982508485e-75,"1","SF3A1"
1.09783577727129e-79,0.502740444770385,0.181,0.139,9.88172961479659e-75,"1","TRIP11"
1.13066816262754e-79,0.364156587201505,0.296,0.247,1.01772571986267e-74,"1","MRPL20"
1.14388917699154e-79,0.419688728588112,0.188,0.144,1.02962608710185e-74,"1","GABPB1-AS1"
1.39749135131448e-79,0.623151472868595,0.15,0.112,1.25789594023168e-74,"1","GPN1"
1.48518414328847e-79,0.510305178973482,0.175,0.133,1.33682909921538e-74,"1","MLEC"
1.73897678764776e-79,0.272961496832295,0.324,0.27,1.56527039632963e-74,"1","TAOK1"
2.08175295200304e-79,0.406650904009499,0.239,0.192,1.87380664962746e-74,"1","IRF9"
2.38430885603256e-79,0.262087251323436,0.348,0.295,2.14614024440347e-74,"1","PPM1G"
2.56539980333144e-79,0.636788865500139,0.107,0.074,2.30914201697666e-74,"1","B4GALT4"
3.12689807210231e-79,0.635032584493908,0.108,0.075,2.81455222368001e-74,"1","BMERB1"
3.35989235675551e-79,0.289618532156406,0.339,0.286,3.0242727092392e-74,"1","CSGALNACT2"
3.40491916629347e-79,0.316984340448155,0.304,0.252,3.06480179077242e-74,"1","USP33"
3.85340801157325e-79,0.346515041176408,0.337,0.288,3.4684910852972e-74,"1","C9orf78"
4.56163317670618e-79,0.538866906927604,0.128,0.091,4.105971638685e-74,"1","SLC25A24"
5.00735153514932e-79,0.342044435950398,0.293,0.242,4.50716719030325e-74,"1","CRTC3"
6.58269958124378e-79,0.378780306662755,0.23,0.183,5.92515372007333e-74,"1","ZBTB8OS"
6.60886126357135e-79,0.300635790710925,0.297,0.246,5.9487021119532e-74,"1","CDK12"
7.29487496262493e-79,0.409723674467211,0.179,0.136,6.56618990260832e-74,"1","TRIM13"
9.9885627654153e-79,0.441768420921223,0.244,0.199,8.99080523077796e-74,"1","MRPL54"
1.06134228951733e-78,0.599518218146418,0.126,0.09,9.55324808217441e-74,"1","VRK1"
1.06988109285724e-78,0.324559802415813,0.281,0.231,9.63010670491728e-74,"1","MLLT10"
1.16322301722272e-78,0.589928502227926,0.14,0.102,1.04702867003235e-73,"1","SNIP1"
1.32577675158011e-78,0.384141307053119,0.261,0.214,1.19334491186477e-73,"1","APMAP"
1.62303775320179e-78,0.483250326335373,0.173,0.132,1.46091251203446e-73,"1","STX6"
2.12644919068924e-78,0.305648362569253,0.587,0.547,1.91403818103129e-73,"1","NIBAN1"
2.84312083629378e-78,0.482848337963202,0.194,0.152,2.5591214959564e-73,"1","RNASEH2C"
3.01138975731993e-78,0.364220137247153,0.266,0.218,2.71058203446124e-73,"1","RELCH"
3.17556369429354e-78,0.356377603988018,0.22,0.173,2.85835663687056e-73,"1","EMSY"
3.38913448466155e-78,0.690563188436619,0.129,0.093,3.05059384098871e-73,"1","CCNB1IP1"
3.53807167074027e-78,0.563206123402781,0.12,0.084,3.18465369155003e-73,"1","MFSD8"
4.38021822788461e-78,0.563729641565494,0.148,0.109,3.94267822910122e-73,"1","NELFCD"
4.7777020841358e-78,0.435460651095542,0.217,0.173,4.30045742295147e-73,"1","ZMAT2"
5.74603645448767e-78,0.337670765007768,0.314,0.263,5.1720648730489e-73,"1","FAM133B"
5.85522608918265e-78,0.417713897922945,0.218,0.173,5.27034755513419e-73,"1","RARS2"
6.36133039731167e-78,0.495004112598249,0.192,0.15,5.72589710392421e-73,"1","MITD1"
7.71455382849651e-78,0.41168897419499,0.213,0.168,6.94394704656799e-73,"1","PPWD1"
8.18195231141746e-78,0.660163822703373,0.112,0.079,7.36465709502997e-73,"1","VEGFB"
8.22602712797737e-78,0.489339402762809,0.317,0.271,7.40432927816371e-73,"1","SOCS1"
1.06048945829774e-77,0.279683048351507,0.325,0.274,9.54557166308376e-73,"1","RALA"
1.21731186896219e-77,0.394239920981517,0.21,0.164,1.09571458637156e-72,"1","EED"
1.33493161510813e-77,0.385082433902512,0.252,0.205,1.20158529607498e-72,"1","UBQLN1"
1.43069486047224e-77,0.59216379474941,0.126,0.09,1.28778275085966e-72,"1","WASHC2C"
2.1412916220773e-77,0.532550473099451,0.144,0.106,1.927398001948e-72,"1","UBAP2L"
2.1468287660841e-77,0.361303557391774,0.246,0.199,1.93238204063996e-72,"1","USO1"
2.36124933897759e-77,0.280008621863596,0.278,0.227,2.12538414250712e-72,"1","SRPK1"
3.06213860888235e-77,0.508149559262161,0.161,0.121,2.75626158324109e-72,"1","CNOT8"
3.26923191293334e-77,0.466688557045481,0.22,0.176,2.94266833715042e-72,"1","C21orf91"
3.81462624946651e-77,0.453422148598599,0.201,0.158,3.4335832334073e-72,"1","GSDMD"
4.40279525489297e-77,0.588280542662337,0.126,0.09,3.96300003688171e-72,"1","ARF3"
4.52631916649516e-77,0.365483168942762,0.248,0.2,4.07418514495396e-72,"1","ATR"
5.34379164039061e-77,0.54099813625417,0.147,0.109,4.810000293432e-72,"1","MRPS16"
5.38966336667436e-77,0.364315174375736,0.377,0.326,4.85128989297726e-72,"1","NR4A2"
5.60519830100941e-77,0.403436893655967,0.267,0.219,5.04529504272158e-72,"1","FOXN2"
5.96344008317982e-77,0.705342085749122,0.107,0.074,5.36775205327099e-72,"1","COA5"
6.24690116364643e-77,0.252824950364251,0.444,0.391,5.62289820640979e-72,"1","LIMD2"
6.43425618785242e-77,0.676310422381016,0.109,0.076,5.79153833724784e-72,"1","GATAD1"
7.70895257744574e-77,0.496444640835863,0.16,0.12,6.93890530448469e-72,"1","CD2BP2"
8.08256524024325e-77,0.452418169979345,0.215,0.172,7.27519779839536e-72,"1","ACP1"
9.10353360392956e-77,0.57006189353408,0.132,0.096,8.19418163223304e-72,"1","MRE11"
9.77680053184766e-77,0.564360706366753,0.152,0.113,8.8001959267214e-72,"1","GTF2A1"
1.02373324985463e-76,0.419977801966609,0.109,0.075,9.2147253552665e-72,"1","PTPRK"
1.05061416807344e-76,0.60112806024527,0.123,0.088,9.45668318824585e-72,"1","DHPS"
1.26375637121742e-76,0.522133082225927,0.17,0.129,1.13751974729651e-71,"1","TOM1"
1.56014812136683e-76,0.283429271946474,0.452,0.398,1.40430492552349e-71,"1","PAM"
2.1416787537496e-76,0.450596698711104,0.191,0.148,1.92774646303755e-71,"1","MED28"
2.77241427842535e-76,0.307016547364046,0.349,0.299,2.49547781615344e-71,"1","ODF2L"
2.77911871307775e-76,0.418430244681159,0.195,0.152,2.50151254482841e-71,"1","POM121"
2.98978336876128e-76,0.269483815559783,0.426,0.377,2.69113390805572e-71,"1","NDUFB11"
3.14868233104844e-76,0.394641680232451,0.222,0.176,2.83416045300001e-71,"1","XPO4"
3.23590105185576e-76,0.465772978687204,0.202,0.159,2.91266689578589e-71,"1","LARP7"
3.30601435609159e-76,0.262230724264861,0.395,0.342,2.9757765820616e-71,"1","CENPC"
3.60663984897953e-76,0.372592365653145,0.198,0.153,3.24637259446496e-71,"1","PIP5K1A"
4.44904806099208e-76,0.574932613918781,0.142,0.105,4.00463265017958e-71,"1","EBLN3P"
5.24820203805901e-76,0.35605331156547,0.265,0.218,4.72395913647729e-71,"1","ZMYM5"
6.25731956911688e-76,0.455161599292521,0.157,0.117,5.63227591735779e-71,"1","ATL2"
6.86951240634141e-76,0.460323861146793,0.199,0.157,6.18331681207197e-71,"1","TKT"
7.00005176045157e-76,0.338378966044389,0.305,0.255,6.30081659010006e-71,"1","RASSF3"
8.12099208149967e-76,0.390472817669749,0.26,0.214,7.30978618247867e-71,"1","RPA3"
9.21810594511536e-76,0.435886909604648,0.219,0.175,8.29730934225779e-71,"1","VDAC3"
9.86221158045322e-76,0.416985887453845,0.217,0.173,8.87707526568174e-71,"1","ECHDC1"
1.07125073902616e-75,0.253292586677318,0.423,0.372,9.64243502704838e-71,"1","EIF3A"
1.22566546178146e-75,0.323803721869263,0.32,0.272,1.10323373880411e-70,"1","PRDX2"
1.28494494314026e-75,0.523357142043815,0.156,0.117,1.15659179276998e-70,"1","APOL3"
1.50934120140893e-75,0.334998800167647,0.291,0.243,1.35857310880019e-70,"1","GNAI3"
1.69269509485562e-75,0.342326893498959,0.404,0.352,1.52361178183049e-70,"1","FOSB"
1.8086858786623e-75,0.491379247177187,0.16,0.12,1.62801624624272e-70,"1","OGFR"
1.93229715466489e-75,0.492446316147814,0.163,0.124,1.73927999188541e-70,"1","SIRT7"
2.39401211762833e-75,0.317337585758501,0.299,0.251,2.15487424719844e-70,"1","LAMTOR5"
2.66324095914677e-75,0.576946700738232,0.133,0.097,2.3972098197376e-70,"1","MRPL10"
3.36861064738813e-75,0.668494857901428,0.103,0.071,3.03212012982053e-70,"1","TSEN34"
4.27217297859767e-75,0.419520865002959,0.178,0.136,3.84542561976555e-70,"1","EEA1"
4.35311130894833e-75,0.333351931400592,0.288,0.24,3.91827902029748e-70,"1","WWP1"
4.9316612721666e-75,0.622280167696367,0.113,0.079,4.43903762768988e-70,"1","ZNF766"
5.23210181329143e-75,0.314562219191484,0.331,0.282,4.70946716316175e-70,"1","GDI2"
5.53234481010874e-75,0.358263262537643,0.303,0.256,4.97971888702698e-70,"1","YPEL3"
5.8036171580349e-75,0.378271409220674,0.257,0.211,5.22389384011879e-70,"1","CALCOCO2"
5.97327901819369e-75,0.517410852836221,0.191,0.149,5.37660817706632e-70,"1","NECAP2"
6.15819825130827e-75,0.303376903118332,0.338,0.29,5.54305582798509e-70,"1","UBE2I"
6.48138571637227e-75,0.669046311147068,0.103,0.071,5.83396009716384e-70,"1","CYP4V2"
9.18715315232023e-75,0.405995147188846,0.208,0.164,8.26944842393497e-70,"1","RAB5C"
9.64634789889525e-75,0.419800619433479,0.204,0.161,8.6827742072746e-70,"1","ACTR10"
1.06244081767199e-74,0.426227609376908,0.192,0.149,9.56313604394732e-70,"1","CDK5RAP2"
1.12202359987049e-74,0.467825517667894,0.2,0.158,1.00994466247943e-69,"1","THUMPD1"
1.21923737938986e-74,0.644169801680638,0.103,0.071,1.0974477575626e-69,"1","CEP295"
1.28914722360744e-74,0.423793041825193,0.23,0.186,1.16037430744129e-69,"1","MTR"
1.33202513936087e-74,0.376991764373286,0.238,0.191,1.19896914819011e-69,"1","RALGAPA2"
1.35289483708523e-74,0.545463551384238,0.177,0.137,1.21775417180879e-69,"1","MED29"
1.52230407844271e-74,0.507023871737826,0.149,0.111,1.37024112404706e-69,"1","CHM"
1.69236809957685e-74,0.321814133709621,0.328,0.279,1.52331745011012e-69,"1","EIF2S2"
1.74650441070063e-74,0.622406140617381,0.118,0.084,1.57204608511574e-69,"1","WASHC2A"
1.79068621207373e-74,0.446479028252056,0.193,0.151,1.61181456634969e-69,"1","FRG1"
1.94135683111438e-74,0.420673213246002,0.241,0.196,1.74743469725437e-69,"1","UBE2J1"
1.99758369022295e-74,0.511730614431751,0.165,0.126,1.79804505540658e-69,"1","SGTB"
2.06464756440868e-74,0.475160326622722,0.194,0.153,1.8584099191999e-69,"1","PGLS"
2.51751806221482e-74,0.336359101792107,0.276,0.228,2.26604318298019e-69,"1","EAPP"
2.6565459058492e-74,0.614297607031224,0.115,0.081,2.39118353531392e-69,"1","DHX38"
2.68434958367103e-74,0.396262422813151,0.218,0.173,2.41620990375814e-69,"1","PDK3"
2.81533089930779e-74,0.511813154513328,0.151,0.112,2.53410749577593e-69,"1","ZNF518A"
3.03106421901743e-74,0.542343940795326,0.132,0.096,2.72829121417978e-69,"1","CXorf38"
3.41685026848646e-74,0.628670367513572,0.123,0.089,3.07554109516735e-69,"1","CARS2"
3.68108930240134e-74,0.422637341712163,0.253,0.208,3.31338529198447e-69,"1","ZMYND8"
3.7172580308167e-74,0.473173573158084,0.181,0.14,3.34594112611842e-69,"1","TRIM44"
3.72325781948748e-74,0.470773363132675,0.187,0.146,3.35134159589887e-69,"1","SMNDC1"
3.96896635483767e-74,0.560169748595196,0.191,0.151,3.57250630565293e-69,"1","EIF1AY"
4.4489246176228e-74,0.255369993155725,0.438,0.387,4.00452153756846e-69,"1","SH3BGRL"
4.86648496491884e-74,0.399660777023131,0.197,0.154,4.3803717817731e-69,"1","EFCAB14"
5.18982689214855e-74,0.696844216152599,0.1,0.069,4.67141508389183e-69,"1","PDZD11"
1.0737727060093e-73,0.485810026526556,0.168,0.129,9.6651355040603e-69,"1","CARNMT1"
1.0795838263392e-73,0.565694778179935,0.127,0.092,9.71744197926173e-69,"1","MFN1"
1.08866782039429e-73,0.516612451276095,0.146,0.108,9.79920791815107e-69,"1","AZI2"
1.38197165720715e-73,0.51115266373349,0.133,0.097,1.24392650836873e-68,"1","SART3"
2.06591475563096e-73,0.402502441719833,0.216,0.172,1.85955053069099e-68,"1","DMXL1"
2.39382186245842e-73,0.355663087634741,0.294,0.248,2.15470299661745e-68,"1","AURKAIP1"
2.75723915946843e-73,0.431859092309661,0.213,0.17,2.48181853982913e-68,"1","SSBP4"
3.05615885536207e-73,0.497795530411944,0.194,0.152,2.75087914729995e-68,"1","TP53BP2"
3.18261921886712e-73,0.30315520316032,0.284,0.235,2.86470738509448e-68,"1","UBE3C"
3.52898601692292e-73,0.429180851545882,0.162,0.122,3.17647560369249e-68,"1","VPS35"
3.6812543252382e-73,0.507970568376496,0.16,0.122,3.31353383069015e-68,"1","STAMBP"
5.58429276817075e-73,0.348983851853154,0.246,0.2,5.02647776355817e-68,"1","PCMT1"
5.9490268418892e-73,0.408669225326474,0.191,0.148,5.35477855065289e-68,"1","USP42"
6.02618843971408e-73,0.340180403868369,0.282,0.235,5.42423247647104e-68,"1","PHF14"
6.62613651055837e-73,0.338503956853478,0.308,0.257,5.96425173451869e-68,"1","ERO1B"
7.86377309455593e-73,0.318057302024969,0.294,0.246,7.07826080014074e-68,"1","RIOK3"
8.73930916626805e-73,0.557237529555311,0.133,0.097,7.86633957364954e-68,"1","EXOG"
1.1293860397321e-72,0.450179009640275,0.157,0.118,1.01657166822326e-67,"1","ZDHHC17"
1.56400030106321e-72,0.63314921843278,0.126,0.092,1.40777231099001e-67,"1","HEXA"
1.65226707326287e-72,0.34591114587701,0.259,0.212,1.48722211531464e-67,"1","YTHDF3"
1.66718657636601e-72,0.463909923091423,0.173,0.133,1.50065130925281e-67,"1","MAZ"
1.90034897186763e-72,0.515561490349309,0.191,0.15,1.71052311306777e-67,"1","DEGS1"
2.36371040043151e-72,0.460350650634881,0.123,0.088,2.12759936853241e-67,"1","INTS7"
2.9250746176781e-72,0.551818688130087,0.157,0.119,2.63288891411823e-67,"1","PBDC1"
3.06153099885591e-72,0.588926088341335,0.137,0.102,2.75571466738019e-67,"1","NUDT1"
3.21174749629193e-72,0.595415544302284,0.124,0.09,2.89092603888733e-67,"1","MAPK9"
4.57277932637169e-72,0.383350473323721,0.195,0.153,4.11600439946042e-67,"1","HSBP1"
4.8861262800779e-72,0.577528938651723,0.125,0.091,4.39805112596092e-67,"1","RAB30-DT"
6.09030641929232e-72,0.535333664563697,0.155,0.118,5.48194571106921e-67,"1","TRAPPC4"
6.25156398405149e-72,0.492089444410939,0.138,0.101,5.62709525768459e-67,"1","INTS8"
6.3618049781158e-72,0.282790583695765,0.362,0.314,5.72632427885181e-67,"1","DDX46"
6.87076212351646e-72,0.597193419688668,0.109,0.076,6.1844416949984e-67,"1","KIF21B"
7.00391746564565e-72,0.421412330904948,0.247,0.203,6.3042961500023e-67,"1","ETFA"
7.69058493707629e-72,0.413464912593896,0.203,0.161,6.92237240771174e-67,"1","CCDC32"
1.18810103429963e-71,0.567329130030397,0.126,0.091,1.06942162198344e-66,"1","MTO1"
1.41387876773125e-71,0.415695749923824,0.2,0.158,1.27264641762257e-66,"1","CSNK1G2"
1.578072689669e-71,0.60494286687647,0.123,0.089,1.42043900869796e-66,"1","MAPKAPK5-AS1"
2.11686062533104e-71,0.495041385951819,0.148,0.111,1.90540741746672e-66,"1","LINS1"
2.33565801178439e-71,0.281334858500398,0.359,0.309,2.10234913298725e-66,"1","PTPN7"
2.44963843503522e-71,0.334024418968466,0.268,0.221,2.20494405175955e-66,"1","DENND1A"
2.51858652393371e-71,0.533088074540363,0.163,0.124,2.26700491605797e-66,"1","PIK3AP1"
3.67751760301087e-71,0.43408201846205,0.196,0.155,3.31017036964611e-66,"1","MCM9"
4.01984102997208e-71,0.621195853392038,0.111,0.078,3.61829910948817e-66,"1","GOLGA1"
4.04905250649851e-71,0.314718872202319,0.357,0.313,3.64459265162437e-66,"1","COPS9"
5.35133765993806e-71,0.311131749822982,0.299,0.251,4.81679254108685e-66,"1","ALG13"
5.66472771404552e-71,0.328236430289427,0.315,0.269,5.09887806268952e-66,"1","DGUOK"
6.24883770551835e-71,0.423688049221633,0.156,0.119,5.62464130711412e-66,"1","BECN1"
6.65569360340119e-71,0.559420466043741,0.11,0.077,5.99085636935745e-66,"1","CEP170"
7.62366705193332e-71,0.384449531292147,0.243,0.197,6.8621389501157e-66,"1","CXCR6"
7.96814981459471e-71,0.372384252538266,0.243,0.198,7.17221132961485e-66,"1","ZNF33A"
1.0598857425012e-70,0.587633015557533,0.14,0.105,9.54013755682756e-66,"1","MRPL3"
1.08721817797052e-70,0.534932311605027,0.147,0.11,9.78615954173048e-66,"1","ASF1A"
1.24457850976085e-70,0.261137628916898,0.398,0.35,1.12025756242084e-65,"1","RABAC1"
1.28574793665021e-70,0.443497286642801,0.191,0.15,1.15731457525822e-65,"1","PLEKHA3"
1.57312507749908e-70,0.507852421421643,0.157,0.12,1.4159856135077e-65,"1","MBD4"
1.61702190317293e-70,0.256405185328193,0.426,0.38,1.45549758526499e-65,"1","SNRPB"
1.71200258083494e-70,0.279227380487584,0.339,0.29,1.54099064303533e-65,"1","BORCS5"
1.74807981100939e-70,0.30579171565456,0.305,0.257,1.57346411868766e-65,"1","THOC2"
1.9779907170099e-70,0.470524109355501,0.173,0.133,1.78040922428778e-65,"1","CLK4"
3.24046050140076e-70,0.474510556415577,0.183,0.143,2.91677090191584e-65,"1","EXOC1"
3.89503388537602e-70,0.419841292331616,0.197,0.155,3.50595895056581e-65,"1","SLC25A12"
4.44734804630154e-70,0.291656798856228,0.321,0.273,4.00310244995648e-65,"1","ANXA6"
5.71758753637518e-70,0.349691936607741,0.265,0.22,5.14645771736666e-65,"1","EIF2S3"
8.784301452251e-70,0.388581877593849,0.191,0.15,7.90683758018565e-65,"1","HLA-DMA"
8.84297576967706e-70,0.37880340966814,0.239,0.195,7.95965092004402e-65,"1","MAPKAP1"
1.03023928711955e-69,0.348857710719819,0.274,0.228,9.27328684729182e-65,"1","UGCG"
1.34171474691159e-69,0.431974004966805,0.177,0.137,1.20769086084259e-64,"1","API5"
1.4217539735566e-69,0.489736027725149,0.173,0.135,1.27973496913803e-64,"1","RPAIN"
1.67710873831201e-69,0.59493582008815,0.108,0.076,1.50958234644203e-64,"1","MIOS"
1.94604789606388e-69,0.46592719053102,0.192,0.152,1.75165717172606e-64,"1","STAMBPL1"
2.09293813765856e-69,0.509954290786323,0.164,0.127,1.88387454708785e-64,"1","VTI1B"
2.33711504342552e-69,0.416544451115992,0.132,0.096,2.10366062173775e-64,"1","ITGA5"
3.30855517592629e-69,0.298867778101202,0.377,0.331,2.97806359940301e-64,"1","HSPA9"
3.58299335453999e-69,0.464305471792545,0.177,0.138,3.22508814835499e-64,"1","SPTLC1"
4.27008741408855e-69,0.418190630346323,0.215,0.174,3.84354838229524e-64,"1","PSMD4"
5.07681144225546e-69,0.380014676163625,0.161,0.122,4.56968874728857e-64,"1","PLEC"
5.13507062468233e-69,0.425511389914474,0.178,0.139,4.62212841998281e-64,"1","MTERF4"
5.21614067311909e-69,0.558182055956721,0.118,0.085,4.69510038128123e-64,"1","ANAPC1"
5.25210258976953e-69,0.569060418679483,0.106,0.074,4.72747006207745e-64,"1","PLCG1"
5.78041909918325e-69,0.363940863464434,0.212,0.169,5.20301303536583e-64,"1","PPFIA1"
5.98483552349828e-69,0.450372367961419,0.17,0.131,5.38701030305604e-64,"1","ADCY7"
6.08591441767777e-69,0.405643627953496,0.218,0.176,5.47799242649594e-64,"1","PSMD12"
6.54254806561938e-69,0.623245627397598,0.11,0.078,5.88901293934466e-64,"1","ZNF138"
6.78343589973298e-69,0.358522351510785,0.235,0.191,6.10583848770866e-64,"1","ZNF106"
7.70132423303035e-69,0.263085490495179,0.434,0.388,6.93203895539295e-64,"1","GSTK1"
8.75499819092359e-69,0.358173275726488,0.237,0.193,7.88046142163224e-64,"1","ERICH1"
9.41076654522128e-69,0.262759633992418,0.353,0.305,8.47072507501913e-64,"1","CNOT4"
9.71409091724862e-69,0.381240180240837,0.232,0.19,8.74375037552465e-64,"1","SRP72"
9.71875895013058e-69,0.46763876956591,0.137,0.101,8.74795211860204e-64,"1","MED1"
1.19691379958303e-68,0.478472067997439,0.163,0.125,1.07735408014269e-63,"1","EIF2S1"
1.32143301386722e-68,0.535213987903539,0.143,0.107,1.18943507011202e-63,"1","HPS5"
1.4568502111844e-68,0.473182192384853,0.112,0.079,1.31132544358919e-63,"1","RBM14"
1.50006942695847e-68,0.285509308479125,0.29,0.243,1.35022749189959e-63,"1","TNKS2"
1.59763450996441e-68,0.618545171117352,0.112,0.08,1.43804679876407e-63,"1","BAG5"
1.87305379277895e-68,0.497271280055753,0.135,0.099,1.68595444941826e-63,"1","PPP2CB"
2.08022130114559e-68,0.56114193734437,0.134,0.1,1.87242799537416e-63,"1","EEFSEC"
2.15995350030649e-68,0.370637318368298,0.258,0.213,1.94419574516088e-63,"1","RAB5A"
2.81456099982872e-68,0.256103132389508,0.459,0.412,2.53341450155583e-63,"1","CLASP1"
3.00194289262625e-68,0.411261340826446,0.217,0.176,2.70207881708181e-63,"1","CHMP5"
3.33703686231417e-68,0.641048490482077,0.113,0.081,3.00370025013761e-63,"1","NECTIN3"
5.30497697608323e-68,0.287292092256543,0.331,0.282,4.77506282594228e-63,"1","ZNF609"
5.53535716436947e-68,0.321870774030325,0.3,0.253,4.98243033722061e-63,"1","FARS2"
5.89482111759502e-68,0.337894075088515,0.285,0.241,5.30598743615845e-63,"1","BUD31"
6.05064551542224e-68,0.452564835691046,0.17,0.132,5.44624653488672e-63,"1","EIF2AK1"
6.35502062675411e-68,0.308467440225453,0.3,0.253,5.72021761634765e-63,"1","GGNBP2"
7.6758126032425e-68,0.54812514292145,0.103,0.072,6.9090756823046e-63,"1","ZNF14"
7.79674528056698e-68,0.513002732880574,0.147,0.111,7.01792839449115e-63,"1","ADARB1"
8.85851161722455e-68,0.476307414403156,0.14,0.105,7.97363489177999e-63,"1","BBIP1"
9.30369819741777e-68,0.299248181141063,0.281,0.234,8.37435178447771e-63,"1","SACM1L"
1.07975234635722e-67,0.285221656284156,0.301,0.253,9.71895884479599e-63,"1","DIAPH2"
1.21123106426054e-67,0.353033577922036,0.369,0.323,1.09024119325155e-62,"1","DUSP4"
1.21278485725444e-67,0.475891199446856,0.17,0.132,1.09163977786329e-62,"1","RNPEPL1"
1.2749632830467e-67,0.389109130074808,0.186,0.145,1.14760720070317e-62,"1","ROCK2"
1.30626813466354e-67,0.553358007635743,0.149,0.113,1.175785010692e-62,"1","HDDC2"
1.61473214161333e-67,0.278668061194036,0.287,0.24,1.45343654798757e-62,"1","RNF216"
1.72499972502626e-67,0.427078529077651,0.201,0.161,1.55268950249339e-62,"1","PDCD5"
2.11734227295986e-67,0.402326359335373,0.221,0.179,1.9058409533139e-62,"1","PPP2R2D"
2.37226023249057e-67,0.391812958116936,0.216,0.174,2.13529515786709e-62,"1","COPS2"
2.42335560075745e-67,0.341934785247161,0.194,0.152,2.18128660979779e-62,"1","MAP3K14"
2.72747120919658e-67,0.439739958792677,0.145,0.108,2.45502411010994e-62,"1","DDI2"
2.7933332378164e-67,0.392129837109104,0.257,0.213,2.51430718069092e-62,"1","FAM3C"
3.26337754006976e-67,0.432969453097456,0.17,0.131,2.93739875759219e-62,"1","NBR1"
5.5169403269368e-67,0.580641030890557,0.121,0.088,4.96585315767908e-62,"1","ZDHHC24"
5.67704736557401e-67,0.511253228292251,0.122,0.089,5.10996710422682e-62,"1","GANAB"
5.9629612099661e-67,0.547859846974185,0.136,0.101,5.36732101470258e-62,"1","PLEKHF2"
6.50382765274298e-67,0.381958094907213,0.269,0.224,5.85416030851049e-62,"1","TMX4"
7.71811882417108e-67,0.503296788245056,0.142,0.106,6.94715593482463e-62,"1","TRAPPC12"
7.97269684276613e-67,0.328922953615403,0.251,0.206,7.17630415514222e-62,"1","IP6K2"
9.02445392270154e-67,0.362272244417901,0.218,0.176,8.12300122036288e-62,"1","CSNK2A1"
1.00772555096743e-66,0.457722239093869,0.128,0.094,9.07063845681292e-62,"1","SNAP47"
1.10806437775837e-66,0.472872011714118,0.163,0.126,9.97379827064085e-62,"1","PCID2"
1.44711533576941e-66,0.579361275804956,0.135,0.101,1.30256298487941e-61,"1","RUVBL2"
1.46698692071458e-66,0.533367484193419,0.165,0.128,1.3204495972044e-61,"1","PAIP1"
2.01973314076648e-66,0.464289092134191,0.166,0.128,1.81798199733532e-61,"1","GALK2"
2.09135479893255e-66,0.642418030998335,0.11,0.08,1.88244936806718e-61,"1","MRPL40"
2.27553322849883e-66,0.423967388671649,0.184,0.145,2.04823021430408e-61,"1","KLHL6"
2.50289274490602e-66,0.425117903406854,0.212,0.172,2.25287878861736e-61,"1","MESD"
2.5275602963046e-66,0.358677349567562,0.247,0.204,2.27508229830673e-61,"1","NGLY1"
2.67021380107033e-66,0.575454384237825,0.103,0.072,2.40348614448141e-61,"1","ITGA6"
2.76338215246621e-66,0.395916790773323,0.257,0.214,2.48734790925636e-61,"1","COMMD10"
3.00649395778923e-66,0.429909039636231,0.169,0.131,2.70617527634566e-61,"1","PWWP2A"
3.73834047604458e-66,0.372667001649979,0.209,0.167,3.36491764589249e-61,"1","ZFX"
4.1332516386682e-66,0.402468072615551,0.165,0.127,3.72038113248163e-61,"1","HAGH"
4.7899827220926e-66,0.347690541295465,0.223,0.18,4.31151134798277e-61,"1","GTPBP1"
5.28629810252396e-66,0.330525907335739,0.221,0.178,4.75824978506284e-61,"1","KDM7A"
5.79479717770064e-66,0.394764284047313,0.226,0.187,5.21595488762013e-61,"1","PIN1"
5.89596524712441e-66,0.558340499709257,0.131,0.097,5.30701727858915e-61,"1","NEDD1"
7.17235777979021e-66,0.480057517638698,0.175,0.138,6.45591096116696e-61,"1","DNAJC19"
7.61859128615397e-66,0.251080720916849,0.363,0.315,6.85757020258005e-61,"1","TENT2"
8.57785331767133e-66,0.613470739170558,0.106,0.075,7.72101154976914e-61,"1","NOP14"
9.31540464879982e-66,0.266704320918922,0.4,0.353,8.3848888784312e-61,"1","NABP1"
1.2270190333825e-65,0.580803628050583,0.11,0.079,1.10445210213792e-60,"1","COG4"
1.27825281574011e-65,0.418837426328893,0.219,0.179,1.15056814197583e-60,"1","TMED4"
1.50103263561831e-65,0.266318375245701,0.341,0.293,1.35109448564639e-60,"1","SND1"
1.69514143040621e-65,0.385238869156598,0.162,0.124,1.52581375292293e-60,"1","PAPOLG"
1.82414653553057e-65,0.540761268831742,0.14,0.106,1.64193253809642e-60,"1","ANXA2R"
1.95740202771246e-65,0.272523677097294,0.303,0.256,1.76187713916427e-60,"1","WAPL"
2.08278107310283e-65,0.516343559520188,0.134,0.1,1.87473207171059e-60,"1","CHTOP"
2.08691387345383e-65,0.59183376693713,0.108,0.077,1.87845204663452e-60,"1","LEO1"
2.6265358229842e-65,0.42568922088563,0.203,0.163,2.36417115962631e-60,"1","FAM204A"
2.78013097726588e-65,0.325831417420365,0.207,0.165,2.50242369394679e-60,"1","CEP120"
2.8968418381844e-65,0.453395414323486,0.196,0.157,2.60747630696816e-60,"1","HABP4"
2.90748039459855e-65,0.588706153398123,0.121,0.089,2.6170521779821e-60,"1","GTPBP10"
3.00043770379541e-65,0.46655685244621,0.292,0.247,2.70072398156328e-60,"1","SESN3"
3.34789083209765e-65,0.605807706340452,0.12,0.088,3.01347001687942e-60,"1","FRA10AC1"
3.60333980337394e-65,0.290208304188685,0.253,0.208,3.24340219041492e-60,"1","POU2F1"
3.63886376401727e-65,0.474539752568064,0.166,0.129,3.27537766262958e-60,"1","NCBP3"
3.98553677679152e-65,0.430897924410499,0.172,0.133,3.58742150815781e-60,"1","SENP2"
4.34281109264335e-65,0.438436714787263,0.193,0.154,3.90900769259921e-60,"1","ATP6V1E1"
5.75409213799317e-65,0.470721996294989,0.172,0.135,5.17931587432903e-60,"1","LSM10"
6.08454170554927e-65,0.570193925481895,0.113,0.082,5.47675683458196e-60,"1","ANAPC4"
7.90892368413847e-65,0.368518314610893,0.272,0.23,7.11890129732988e-60,"1","EIF1B"
8.25579016448984e-65,0.524416554144564,0.144,0.109,7.43111928495895e-60,"1","AHCYL1"
9.06743432117278e-65,0.253043198927802,0.414,0.369,8.16168830683083e-60,"1","BZW1"
9.21044727176578e-65,0.534566527586013,0.108,0.077,8.2904156937891e-60,"1","SLC66A2"
9.95342374440796e-65,0.390624047872148,0.239,0.198,8.95917624657905e-60,"1","CLNS1A"
1.18418480080896e-64,0.540135424286304,0.138,0.105,1.06589658105615e-59,"1","MRPS33"
1.29670642854305e-64,0.439421056967225,0.188,0.149,1.16717842339588e-59,"1","FAM120B"
1.29709964962773e-64,0.288883381167922,0.34,0.292,1.16753236562642e-59,"1","RAP1GDS1"
1.38771234556377e-64,0.455779167788269,0.161,0.125,1.24909375936541e-59,"1","EIF4E2"
1.4457470974983e-64,0.549366117096991,0.132,0.099,1.30133141992919e-59,"1","MRPS10"
1.60219699567025e-64,0.477183824183924,0.152,0.116,1.44215353777275e-59,"1","MPLKIP"
2.32796982864297e-64,0.629963925726289,0.107,0.076,2.09542892245983e-59,"1","PCMTD2"
2.41495023792703e-64,0.469271419571702,0.164,0.127,2.1737208586605e-59,"1","HDGF"
2.55334127506765e-64,0.531178482836551,0.12,0.088,2.29828801510115e-59,"1","CDC16"
3.07682574771857e-64,0.460210926675489,0.163,0.126,2.76948162377896e-59,"1","CCDC82"
3.66969530690208e-64,0.278015443375251,0.341,0.295,3.30312944269563e-59,"1","CDC73"
3.85019886795992e-64,0.510439608184361,0.147,0.112,3.4656025030394e-59,"1","NDUFAF7"
3.90064908602803e-64,0.542264356240267,0.102,0.072,3.51101324882469e-59,"1","GGA3"
3.94195030847861e-64,0.561345482649928,0.105,0.075,3.54818889216468e-59,"1","BLMH"
4.12690762386613e-64,0.4341371831484,0.165,0.128,3.71467082131814e-59,"1","ACSL5"
4.50176564244651e-64,0.553897960065452,0.142,0.107,4.05208427242252e-59,"1","EDRF1"
4.75537313712407e-64,0.576691803207712,0.116,0.085,4.28035891445674e-59,"1","SYS1"
5.45177999769015e-64,0.444720674741028,0.201,0.163,4.90720169372088e-59,"1","PHB2"
5.8633386692325e-64,0.42840578898841,0.149,0.113,5.27764976956287e-59,"1","LIX1L"
6.27418271664268e-64,0.516434690646138,0.159,0.123,5.64745460507724e-59,"1","PDCD2"
7.05762691791779e-64,0.368418311156547,0.3,0.258,6.35264056508698e-59,"1","POLR2K"
7.34274169519546e-64,0.466673526907636,0.147,0.111,6.60927522726239e-59,"1","SMARCC2"
7.52020918976302e-64,0.402412369272612,0.172,0.133,6.76901549379759e-59,"1","YPEL2"
7.5837451279698e-64,0.491591135119914,0.162,0.126,6.82620482713689e-59,"1","TMEM30A"
7.73006027939244e-64,0.273052347116527,0.339,0.295,6.95790455808393e-59,"1","JTB"
7.93872196656058e-64,0.309689299380296,0.281,0.236,7.14572302932084e-59,"1","TMEM131"
9.220011356907e-64,0.535980774020382,0.129,0.096,8.29902442246556e-59,"1","TRMT11"
9.23710999193183e-64,0.374365488606406,0.216,0.175,8.31441507483776e-59,"1","TMEM179B"
1.21977086561922e-63,0.323577151693125,0.334,0.291,1.09792795385252e-58,"1","SMDT1"
1.25302764863272e-63,0.412828102033422,0.169,0.132,1.1278627168108e-58,"1","MIGA1"
1.5633653155048e-63,0.364105597531689,0.222,0.181,1.40720075413902e-58,"1","RNF13"
1.57648996219493e-63,0.593991115877656,0.1,0.071,1.41901437987128e-58,"1","TRMT10B"
1.75285663014326e-63,0.325694067829622,0.308,0.264,1.57776378135825e-58,"1","RASSF5"
1.78320993251095e-63,0.333209486548186,0.26,0.217,1.60508509235243e-58,"1","EFR3A"
2.08199274620146e-63,0.421642927782783,0.162,0.126,1.87402249078339e-58,"1","CNIH4"
2.22432925678829e-63,0.542330730214711,0.108,0.077,2.00214100732771e-58,"1","HAUS6"
3.04205770016596e-63,0.385136891042522,0.179,0.141,2.73818655649638e-58,"1","ZNF791"
3.04876220340032e-63,0.37187473978054,0.228,0.187,2.74422134690266e-58,"1","JMJD6"
3.0759591709488e-63,0.542851293286846,0.14,0.106,2.76870160936272e-58,"1","TRAPPC2"
3.38129652450075e-63,0.504516428177138,0.169,0.133,3.04353881466837e-58,"1","DCUN1D5"
4.6680018213084e-63,0.403977101849006,0.206,0.167,4.2017151193779e-58,"1","ERGIC2"
5.49412037526291e-63,0.622868650950064,0.156,0.121,4.9453126909779e-58,"1","MLKL"
5.66507540832898e-63,0.397241300345899,0.182,0.144,5.099191025791e-58,"1","MAP4K1"
5.69319941527787e-63,0.367337523269118,0.212,0.171,5.12450572568576e-58,"1","GLYR1"
6.67125422066294e-63,0.359693695207566,0.207,0.166,6.00486263656092e-58,"1","MAT2B"
7.10759553222707e-63,0.326150375594002,0.231,0.189,6.39761781451291e-58,"1","SS18"
8.68619073803416e-63,0.517447641414505,0.104,0.074,7.81852714521192e-58,"1","GOLPH3L"
8.80555741851881e-63,0.533020545684748,0.13,0.097,7.92597028798296e-58,"1","ORMDL3"
1.16481731211058e-62,0.342956289550009,0.275,0.233,1.04846371080386e-57,"1","COX14"
1.20948144547613e-62,0.475643918489852,0.188,0.151,1.08866634388752e-57,"1","CFAP97"
1.22077436879421e-62,0.339727234833936,0.306,0.265,1.09883121709536e-57,"1","EIF3D"
1.23814416816211e-62,0.374664337678154,0.198,0.159,1.11446594720439e-57,"1","GPATCH2L"
1.29258622729223e-62,0.462536624369715,0.171,0.134,1.16346978904801e-57,"1","SRBD1"
1.60137882897892e-62,0.391924734198548,0.178,0.14,1.44141709775222e-57,"1","CCDC93"
1.80041532523556e-62,0.555593607795887,0.131,0.098,1.62057183839778e-57,"1","RMDN1"
1.83033175168305e-62,0.320396156748057,0.347,0.302,1.64749991300743e-57,"1","BRD2"
1.92230417164104e-62,0.406280510275538,0.268,0.226,1.73028520793581e-57,"1","TOB1"
2.07146451550656e-62,0.447841549491623,0.154,0.118,1.86454592505261e-57,"1","CLCN3"
2.09249234631315e-62,0.323940924594338,0.231,0.188,1.88347328583993e-57,"1","ABCG1"
2.39055875048779e-62,0.470023849250973,0.169,0.133,2.15176583690156e-57,"1","DENND1C"
2.77005202779865e-62,0.419037784895132,0.154,0.118,2.49335153074184e-57,"1","NPLOC4"
3.25888190924173e-62,0.349579911441081,0.245,0.203,2.93335219532757e-57,"1","MTREX"
3.26554186199323e-62,0.579172331993213,0.128,0.096,2.93934688539873e-57,"1","COMMD2"
3.27805394675908e-62,0.350599685551732,0.251,0.21,2.95060913801731e-57,"1","TMEM160"
3.5573406773283e-62,0.289380168976576,0.306,0.263,3.20199791706997e-57,"1","UBE2A"
3.93779616454104e-62,0.553521178171276,0.122,0.09,3.54444970566504e-57,"1","NCAPD3"
3.9622142800651e-62,0.392131055657627,0.202,0.162,3.5664286956294e-57,"1","MAP3K4"
4.03204980215843e-62,0.525407465116303,0.137,0.104,3.62928834742082e-57,"1","GLOD4"
4.15303386856716e-62,0.54711377332665,0.1,0.071,3.73818731543598e-57,"1","ZNF121"
4.51991808428662e-62,0.534494428922098,0.115,0.084,4.06842346684723e-57,"1","ZNF266"
5.20103156663827e-62,0.344752616963837,0.2,0.16,4.68150052344677e-57,"1","TRRAP"
5.42952896651721e-62,0.445507275337312,0.151,0.116,4.88717331805181e-57,"1","GTF2H1"
5.76996902377043e-62,0.308094537386524,0.277,0.233,5.193606817986e-57,"1","ADAM19"
5.99254250862253e-62,0.500661731696015,0.149,0.115,5.39394743743623e-57,"1","PRPF38A"
6.19721645432204e-62,0.519673370787311,0.132,0.1,5.57817650269981e-57,"1","NTMT1"
9.43100383225702e-62,0.559129597342445,0.13,0.098,8.48894085945287e-57,"1","CCDC25"
1.1847014358678e-61,0.435973514281745,0.138,0.103,1.06636160943897e-56,"1","SAMD4B"
1.29667104412459e-61,0.464951387258583,0.176,0.139,1.16714657352698e-56,"1","ZC3H8"
1.40485478624381e-61,0.334190301420956,0.24,0.198,1.26452384164591e-56,"1","CAPN2"
1.63719545076514e-61,0.393365381447938,0.208,0.169,1.47365599718821e-56,"1","PRIM2"
1.6969395348994e-61,0.410973545950678,0.154,0.118,1.5274322447583e-56,"1","SPOPL"
3.06693369919673e-61,0.44146507837365,0.16,0.124,2.76057769198397e-56,"1","FMR1"
3.35415346169913e-61,0.251638450850276,0.295,0.249,3.01910707241001e-56,"1","PIK3CD"
3.45170622784404e-61,0.431481134675295,0.199,0.161,3.1069152927447e-56,"1","PARVG"
3.60323524894316e-61,0.436960486639799,0.177,0.14,3.24330807992622e-56,"1","WASHC3"
3.86523442863849e-61,0.51149624035323,0.125,0.092,3.47913616156179e-56,"1","MEX3C"
4.14448758237199e-61,0.383275224447781,0.228,0.188,3.73049471776885e-56,"1","DR1"
4.35950811912258e-61,0.301186401998441,0.235,0.193,3.92403685310342e-56,"1","NUTM2A-AS1"
4.46067641689807e-61,0.482893198108476,0.158,0.123,4.01509944961412e-56,"1","DDRGK1"
4.80139660241776e-61,0.304863094539541,0.243,0.2,4.32178509580225e-56,"1","GPR132"
4.88566031100317e-61,0.273442851773689,0.322,0.28,4.39763170253706e-56,"1","MRPS21"
5.00850456960592e-61,0.35601862009251,0.207,0.167,4.50820504814798e-56,"1","TMCC1"
5.38689157685388e-61,0.375948315537812,0.171,0.134,4.84879497724194e-56,"1","SNTB1"
5.68180068870208e-61,0.351214054397965,0.243,0.201,5.11424561790763e-56,"1","CCDC186"
6.16922882124793e-61,0.525968915914007,0.122,0.09,5.55298455429348e-56,"1","ILF3-DT"
6.30719126483646e-61,0.396579651497915,0.173,0.135,5.67716592939194e-56,"1","TIAM2"
7.1578990152551e-61,0.396588626202378,0.171,0.134,6.44289648262127e-56,"1","PFKP"
7.78896463936827e-61,0.551262242808799,0.109,0.079,7.01092496154178e-56,"1","TERF2"
7.86147218649972e-61,0.407821967555843,0.194,0.156,7.07618972979026e-56,"1","PRPF6"
1.00602526452734e-60,0.37906410933203,0.212,0.173,9.05533400853707e-56,"1","MLLT6"
1.00942653913062e-60,0.490176024941261,0.142,0.108,9.08594922136865e-56,"1","KAT7"
1.29419456566036e-60,0.309181984386967,0.247,0.204,1.16491747049654e-55,"1","PHKB"
1.51811272042221e-60,0.414525698053688,0.159,0.123,1.36646844077924e-55,"1","ZNF146"
1.67593203443945e-60,0.305036695568699,0.257,0.213,1.50852318351929e-55,"1","AGTPBP1"
1.83986245943212e-60,0.466847650600968,0.175,0.139,1.65607859835945e-55,"1","KDELR1"
2.04712246123677e-60,0.559204819129058,0.13,0.098,1.84263539858383e-55,"1","LZIC"
2.09415156588364e-60,0.496102009989605,0.135,0.102,1.88496676596752e-55,"1","DNAJC13"
2.47480114577995e-60,0.541213011732232,0.123,0.091,2.22759325932799e-55,"1","CLPTM1L"
2.50241953047371e-60,0.37224290646378,0.241,0.201,2.2524528435747e-55,"1","GTF3C6"
2.53071153055013e-60,0.26041415761749,0.294,0.249,2.27791875576348e-55,"1","RABEP1"
2.9246744973483e-60,0.312470776267586,0.275,0.233,2.63252876180818e-55,"1","STXBP3"
2.93093546708691e-60,0.450818474057694,0.148,0.114,2.6381643232796e-55,"1","LCLAT1"
3.04392142456394e-60,0.434269415756295,0.178,0.141,2.73986411346424e-55,"1","MED21"
3.12553532188038e-60,0.288937448180754,0.278,0.235,2.81332559857775e-55,"1","BAZ1B"
3.6598604300878e-60,0.421521271964166,0.163,0.127,3.29427697172633e-55,"1","POM121C"
3.97925544823704e-60,0.262844366937682,0.444,0.405,3.58176762151264e-55,"1","EIF3F"
4.30683662570801e-60,0.309790519195343,0.406,0.362,3.87662671516603e-55,"1","ITGAE"
4.42707006435571e-60,0.463176743644062,0.158,0.124,3.98485003562722e-55,"1","COMT"
4.7567347352864e-60,0.447306615180033,0.148,0.114,4.28158450257864e-55,"1","APAF1"
5.97456489096672e-60,0.596584369493684,0.122,0.091,5.37776560400806e-55,"1","ACAA2"
6.01207276267842e-60,0.485617610678301,0.123,0.091,5.41152681441448e-55,"1","MRFAP1L1"
6.45941054988295e-60,0.49847356661875,0.155,0.121,5.81418003005514e-55,"1","TBCC"
7.14862157945596e-60,0.497948327917232,0.15,0.115,6.4345457698841e-55,"1","PLCXD2"
7.48069400319983e-60,0.327776361401361,0.249,0.208,6.73344747922019e-55,"1","MGST3"
7.97134519585634e-60,0.270755086647896,0.325,0.28,7.17508752424225e-55,"1","RNGTT"
9.2439855003691e-60,0.548184857313232,0.122,0.091,8.32060378873723e-55,"1","CLYBL"
9.53460189300133e-60,0.366772591640479,0.226,0.186,8.58219050990943e-55,"1","USP14"
1.03924037192887e-59,0.490869611947556,0.117,0.086,9.35430651176898e-55,"1","AIM2"
1.070996489418e-59,0.552406400650536,0.166,0.131,9.64014650090034e-55,"1","TIFA"
1.09593130706591e-59,0.378651325847335,0.236,0.198,9.86458728803095e-55,"1","PSMC5"
1.15139295275183e-59,0.349589004883148,0.198,0.159,1.03638031070145e-54,"1","IQSEC1"
1.26415627334469e-59,0.51970010150127,0.133,0.101,1.13787970320029e-54,"1","ZNF141"
1.27225014159814e-59,0.481213686531001,0.149,0.115,1.1451650749539e-54,"1","PLEKHJ1"
1.28831185466521e-59,0.442522918117124,0.157,0.122,1.1596223835027e-54,"1","SEC22B"
1.44328465523825e-59,0.516324706651173,0.127,0.095,1.2991149510265e-54,"1","TTF2"
1.68861542128651e-59,0.279972430015306,0.284,0.24,1.5199396268542e-54,"1","SEC31A"
1.79438544340958e-59,0.488346376545516,0.127,0.095,1.61514428146739e-54,"1","TCHP"
1.83956892592519e-59,0.442081588627407,0.192,0.156,1.65581438591452e-54,"1","ITGB1BP1"
1.91659511708411e-59,0.339908288850414,0.253,0.212,1.72514643083858e-54,"1","ATXN10"
1.95396741945401e-59,0.379092971415582,0.284,0.242,1.75878561392475e-54,"1","GCH1"
2.09264979468227e-59,0.404448189730342,0.222,0.183,1.88361500669145e-54,"1","DDX27"
2.45686802938182e-59,0.414300474433525,0.153,0.118,2.21145148192687e-54,"1","UBP1"
2.55142540681498e-59,0.381865822275263,0.196,0.158,2.29656352292823e-54,"1","NDUFS4"
3.01882648011269e-59,0.433236782275133,0.14,0.106,2.71727590301423e-54,"1","CNOT6"
3.30271303085577e-59,0.375854954851158,0.248,0.21,2.97280502620359e-54,"1","DNAJC15"
3.56366006814178e-59,0.41028722932561,0.145,0.111,3.2076860639351e-54,"1","ZNF490"
3.84987400837352e-59,0.306811379871885,0.293,0.251,3.46531009367709e-54,"1","CPSF6"
4.03388272753682e-59,0.396073254077409,0.184,0.147,3.63093818188316e-54,"1","NIPAL3"
4.55103008766601e-59,0.404766064033911,0.198,0.162,4.09642769220905e-54,"1","NT5C"
4.62166744669902e-59,0.509990818644201,0.118,0.088,4.16000908544825e-54,"1","STAM2"
4.63296357095254e-59,0.396958699165892,0.231,0.192,4.17017683985009e-54,"1","CTR9"
5.77464445495832e-59,0.411574798477224,0.173,0.137,5.19781522035253e-54,"1","ADNP2"
6.24347798789379e-59,0.612936061987854,0.11,0.081,5.61981697168308e-54,"1","GRHPR"
6.57036292500748e-59,0.381329456842075,0.184,0.147,5.91404937242848e-54,"1","EP400"
7.86034528020227e-59,0.384844857296796,0.191,0.153,7.07517539016286e-54,"1","ICE1"
9.79248474916422e-59,0.275267213663342,0.265,0.222,8.81431344757021e-54,"1","ARHGAP30"
1.17343620803562e-58,0.291822172338727,0.288,0.246,1.05622166521494e-53,"1","R3HDM1"
1.21239123747182e-58,0.253986128732705,0.289,0.245,1.09128547676076e-53,"1","RAF1"
1.26410603591554e-58,0.366638206821002,0.202,0.164,1.13783448398794e-53,"1","DIS3L2"
1.34288137826869e-58,0.519583882645299,0.127,0.095,1.20874095739343e-53,"1","AP3M1"
1.35223126021841e-58,0.59124539149315,0.149,0.116,1.21715687963519e-53,"1","FBXL14"
1.3821300710741e-58,0.389526855885886,0.158,0.122,1.24406909827451e-53,"1","ANKFY1"
1.42738295549285e-58,0.281231312746728,0.213,0.172,1.28480167206867e-53,"1","RABGAP1"
1.486279386247e-58,0.409631155961154,0.161,0.126,1.33781493835479e-53,"1","VGLL4"
1.76079861512633e-58,0.493061422906339,0.126,0.094,1.58491244146136e-53,"1","HPS1"
1.81937391991155e-58,0.474635996224107,0.17,0.136,1.63763665905159e-53,"1","UBE2M"
1.97158929481121e-58,0.537530850452634,0.128,0.097,1.77464724015252e-53,"1","RDH11"
2.22757959264256e-58,0.296393249979646,0.33,0.291,2.00506666713349e-53,"1","SNRPF"
2.23820548424135e-58,0.544453631749937,0.104,0.075,2.01463113842048e-53,"1","ZUP1"
2.33581877556199e-58,0.312198025112061,0.273,0.232,2.1024938380711e-53,"1","MAGOH"
2.65269812332896e-58,0.448182377868482,0.184,0.147,2.38772010778963e-53,"1","TERF1"
2.8342887125201e-58,0.379599874275348,0.195,0.158,2.55117161302647e-53,"1","LMNB1"
3.15972786160281e-58,0.460422514711167,0.144,0.111,2.84410264550731e-53,"1","ACADM"
3.48870666266838e-58,0.34556118501821,0.221,0.181,3.14021975413444e-53,"1","CHD8"
3.56335882054321e-58,0.320915168280148,0.244,0.203,3.20741490795915e-53,"1","DCAF5"
3.82066782374301e-58,0.293755471602942,0.273,0.232,3.43902131482932e-53,"1","PPP1R18"
3.93282574601018e-58,0.497716083315555,0.103,0.074,3.53997578224122e-53,"1","PEX13"
4.14459674212705e-58,0.330030411351923,0.219,0.179,3.73059297355597e-53,"1","GAPVD1"
4.47764791684173e-58,0.347843519182023,0.208,0.169,4.03037566642841e-53,"1","SMG7"
4.86578970211229e-58,0.484418137045361,0.148,0.115,4.37974596876829e-53,"1","NUDCD2"
5.02081887966042e-58,0.538718738470971,0.135,0.103,4.51928928177114e-53,"1","SRFBP1"
5.15811333888288e-58,0.474032299609177,0.149,0.116,4.64286939746187e-53,"1","MRPS12"
7.43002063797183e-58,0.44058765568252,0.143,0.109,6.68783587644482e-53,"1","CYTH4"
7.49359444666876e-58,0.314449767628805,0.212,0.172,6.74505929739102e-53,"1","BANP"
8.01957289718352e-58,0.35794271518776,0.17,0.134,7.21849776048386e-53,"1","ZBTB44"
9.61153637816742e-58,0.355593207659486,0.204,0.166,8.65144000935228e-53,"1","TSEN54"
1.07495030324294e-57,0.41834113793601,0.185,0.15,9.67573517452004e-53,"1","IL16"
1.14688183715876e-57,0.338532787377334,0.192,0.154,1.03231981044497e-52,"1","MYO9A"
1.18961849214459e-57,0.533091596500264,0.123,0.093,1.07078750096427e-52,"1","MRPL19"
1.31424915586999e-57,0.424895032662561,0.219,0.183,1.18296880769014e-52,"1","DCTN3"
1.41183354579512e-57,0.463215966805339,0.16,0.125,1.27080549290564e-52,"1","CWC22"
1.44911799041113e-57,0.327736624954741,0.259,0.219,1.30436559434896e-52,"1","CCDC18-AS1"
1.47894647242255e-57,0.466391146743613,0.141,0.108,1.33121450929227e-52,"1","KIZ"
1.5337303673068e-57,0.447771471059494,0.15,0.116,1.38052604091652e-52,"1","C2CD5"
1.59327462357625e-57,0.275690779751521,0.307,0.266,1.43412242142722e-52,"1","PCNP"
2.12804785094962e-57,0.365815890278297,0.211,0.173,1.91547715111826e-52,"1","CNPY2"
2.34002839925852e-57,0.40188454103412,0.168,0.132,2.10628296245659e-52,"1","ENTPD4"
2.51691611978852e-57,0.338460114931552,0.211,0.172,2.26550136858284e-52,"1","CERK"
2.54467506684244e-57,0.38894250784596,0.208,0.171,2.29048747441554e-52,"1","MMP24OS"
3.31491499414894e-57,0.491696431006436,0.128,0.097,2.9837881353834e-52,"1","ARFGAP2"
3.51867496149036e-57,0.505965730774216,0.15,0.117,3.16719451958709e-52,"1","SURF1"
4.25508933921589e-57,0.604474243283012,0.132,0.101,3.83004846512161e-52,"1","FAM136A"
4.55894076276704e-57,0.422443915694651,0.177,0.142,4.10354816997424e-52,"1","MRPS18C"
4.6770918150242e-57,0.379773624258815,0.181,0.144,4.20989711362144e-52,"1","EYA3"
5.19880865019016e-57,0.475833383342741,0.131,0.099,4.67949965412267e-52,"1","TTC21B"
5.4089225137982e-57,0.583960534948015,0.115,0.086,4.86862524389489e-52,"1","CYB561D2"
5.53814185702149e-57,0.305253862851526,0.272,0.232,4.98493686692361e-52,"1","SSU72"
6.45995253879509e-57,0.540055387608531,0.123,0.093,5.81466787969484e-52,"1","ZFP90"
6.65947124345351e-57,0.478293610413374,0.156,0.123,5.99425666094494e-52,"1","RPA2"
6.84391543446508e-57,0.49945633915726,0.161,0.127,6.16027672171636e-52,"1","PPCS"
7.6840435015691e-57,0.573966146062961,0.1,0.072,6.91648439619737e-52,"1","ARL8A"
1.00640806675113e-56,0.374863732201282,0.212,0.174,9.05877964963359e-52,"1","CD5"
1.08626741199371e-56,0.310054364300666,0.328,0.287,9.77760160209662e-52,"1","SURF4"
1.4812745226187e-56,0.35927924704813,0.186,0.149,1.33331001055431e-51,"1","KMT5B"
1.64542156696698e-56,0.354773727528926,0.227,0.189,1.48106040664265e-51,"1","POLR2J"
1.65071553492075e-56,0.405664387420478,0.208,0.172,1.48582556013752e-51,"1","NDUFA10"
2.48055964403142e-56,0.305108116446421,0.304,0.264,2.23277654118912e-51,"1","NDUFA2"
2.70680463898735e-56,0.492360454198096,0.124,0.093,2.4364219235989e-51,"1","ZNF160"
3.030428913862e-56,0.472158199944615,0.142,0.109,2.72771936965633e-51,"1","EXOC5"
3.1522661038835e-56,0.450085960549808,0.148,0.115,2.83738624276658e-51,"1","IFNAR1"
3.16302607948419e-56,0.436870495947841,0.176,0.141,2.84707140440451e-51,"1","TMX3"
3.32791318658154e-56,0.550152891108532,0.109,0.08,2.99548793837391e-51,"1","CBLL1"
3.49642283596463e-56,0.528772882121768,0.109,0.08,3.14716515888013e-51,"1","BCL9L"
5.40099495655402e-56,0.568939155319611,0.103,0.075,4.86148957034384e-51,"1","SQLE"
5.80902071399275e-56,0.354307531073471,0.218,0.18,5.22875763487201e-51,"1","USP10"
6.58048850012252e-56,0.444321445612885,0.148,0.115,5.92316350384528e-51,"1","VBP1"
6.60119344052397e-56,0.325921907330719,0.184,0.146,5.94180022775003e-51,"1","MEGF9"
6.75670901709581e-56,0.376163685534234,0.236,0.2,6.08178135337811e-51,"1","STUB1"
7.28247102745799e-56,0.498125567541376,0.113,0.083,6.55502499652521e-51,"1","KIF5C"
7.75849491000717e-56,0.502025907829422,0.101,0.073,6.98349885344656e-51,"1","NHLRC2"
7.80611443047e-56,0.308378190283994,0.298,0.259,7.02636166001035e-51,"1","TSTD1"
8.74485450303871e-56,0.545693906107144,0.117,0.087,7.87133098673017e-51,"1","UFSP2"
9.05090967314117e-56,0.36827681805774,0.235,0.197,8.1468143058911e-51,"1","ATP6AP2"
9.83283085130483e-56,0.42269702022853,0.151,0.118,8.85062937756799e-51,"1","BARD1"
1.12549416658561e-55,0.487699174397446,0.1,0.072,1.01306855428537e-50,"1","CTC1"
1.22275820065235e-55,0.263162772429666,0.285,0.243,1.10061688398919e-50,"1","ATAD2B"
1.36956947117244e-55,0.497857632409288,0.12,0.09,1.23276317669702e-50,"1","RBM28"
2.34446898715171e-55,0.308433165785559,0.229,0.19,2.11027998002512e-50,"1","GIT2"
2.69353626316345e-55,0.493521592449441,0.133,0.101,2.42447892583605e-50,"1","JADE1"
2.71875596244544e-55,0.453773467227068,0.134,0.103,2.44717942935676e-50,"1","SLF2"
3.18634535370936e-55,0.287997192702097,0.277,0.238,2.86806131632734e-50,"1","SNRPD1"
3.33803666560347e-55,0.470764439933992,0.179,0.145,3.00460018307634e-50,"1","MRPL34"
4.53318563750318e-55,0.423960968750564,0.189,0.153,4.08036572417299e-50,"1","PTS"
4.70438802177147e-55,0.286715916596849,0.228,0.187,4.23446670227671e-50,"1","STRN"
5.0685746313125e-55,0.299396185059381,0.285,0.245,4.56227471139069e-50,"1","WDR70"
7.56790553428899e-55,0.479365749425028,0.118,0.088,6.81194745046887e-50,"1","KATNAL1"
8.59969663053402e-55,0.498453870018149,0.118,0.089,7.74067293410998e-50,"1","PKNOX1"
9.03132360711234e-55,0.324199533837813,0.192,0.155,8.12918469199789e-50,"1","PPTC7"
1.00263168416929e-54,0.530392665340769,0.112,0.084,9.02478805237621e-50,"1","GPALPP1"
1.06026867794653e-54,0.26310146173946,0.339,0.299,9.54358439706452e-50,"1","SRSF9"
1.0992776437259e-54,0.566831777378723,0.105,0.077,9.89470799894122e-50,"1","MMS22L"
1.45149520331212e-54,0.408128419142498,0.143,0.111,1.30650534745327e-49,"1","SLC25A46"
1.48103952281003e-54,0.359158608350063,0.211,0.174,1.33309848487654e-49,"1","ZNF326"
1.69238054503836e-54,0.439716643670102,0.173,0.139,1.52332865239448e-49,"1","CNPY3"
1.84868507359207e-54,0.49580412917214,0.112,0.083,1.66401992159095e-49,"1","PTRH2"
1.90676562100506e-54,0.477532885685914,0.124,0.094,1.71629880312286e-49,"1","MRPL27"
2.19603530943576e-54,0.351338902798543,0.201,0.164,1.97667334237622e-49,"1","GAK"
2.21917237893516e-54,0.377934410227092,0.195,0.159,1.99749925000333e-49,"1","SLC25A36"
2.29085115323101e-54,0.29602406683393,0.253,0.213,2.06201803153476e-49,"1","TBK1"
2.49595878730218e-54,0.447473100185329,0.155,0.122,2.24663746403856e-49,"1","MCTS1"
2.60652655443847e-54,0.463761440974557,0.15,0.118,2.34616061691561e-49,"1","TXNDC15"
2.72639168414659e-54,0.40994330356548,0.214,0.179,2.45405241881719e-49,"1","C1QBP"
3.14039166879616e-54,0.488962788857689,0.111,0.082,2.82669794500011e-49,"1","NSUN2"
3.15493617644309e-54,0.264081880763952,0.314,0.273,2.83978960177819e-49,"1","ARPC4"
3.30568134551533e-54,0.457064816680302,0.11,0.082,2.97547683591181e-49,"1","PANK3"
3.57979147265097e-54,0.518002723594383,0.121,0.092,3.22220610244787e-49,"1","XPA"
3.73857094408362e-54,0.329510165799999,0.292,0.254,3.36512509247911e-49,"1","DPP7"
4.19918815486159e-54,0.421517899377122,0.157,0.123,3.77973125007247e-49,"1","RREB1"
4.63173868114498e-54,0.574867139207973,0.12,0.091,4.16907430428541e-49,"1","MTX2"
4.82510695732489e-54,0.547037608208997,0.103,0.075,4.34312702335771e-49,"1","CCDC92"
5.60801106260086e-54,0.575535967507134,0.108,0.081,5.04782683755766e-49,"1","HPF1"
5.74772177366809e-54,0.499779506395434,0.12,0.091,5.17358184569639e-49,"1","ZNHIT6"
5.77175967082952e-54,0.483302307535744,0.153,0.121,5.19521859731036e-49,"1","IDH3G"
6.04890580642324e-54,0.335478344698316,0.227,0.188,5.44468060541962e-49,"1","N4BP2L1"
6.18873956659963e-54,0.377861752912431,0.152,0.118,5.57054637129199e-49,"1","YBX3"
6.74695840422883e-54,0.397289331161559,0.157,0.123,6.07300472923041e-49,"1","HLCS"
7.60841871214822e-54,0.283427523061577,0.272,0.232,6.84841376699173e-49,"1","ACIN1"
7.68064502923114e-54,0.252725137114274,0.347,0.302,6.91342539726124e-49,"1","SCLT1"
7.68193700833178e-54,0.404762986284136,0.188,0.153,6.91458832056952e-49,"1","TBCK"
8.1087281501695e-54,0.411482016381083,0.166,0.132,7.29874729524907e-49,"1","REXO2"
8.48634186595285e-54,0.330778608862874,0.278,0.239,7.63864117696282e-49,"1","MTHFD2"
9.333405470217e-54,0.526212371062114,0.111,0.082,8.40109159779702e-49,"1","CPSF2"
1.1271943433168e-53,0.311967787368508,0.211,0.173,1.01459890036289e-48,"1","LARP1"
1.33783607357196e-53,0.440765411095686,0.201,0.166,1.20419962818286e-48,"1","STX11"
1.40187192159143e-53,0.514785700210279,0.114,0.085,1.26183893534366e-48,"1","TAF13"
1.49910185093087e-53,0.32569286488491,0.239,0.201,1.34935656704138e-48,"1","TXNL1"
1.6172526863427e-53,0.285047161185899,0.25,0.211,1.45570531550393e-48,"1","PPP2R3C"
1.78330763859869e-53,0.251894652285938,0.296,0.253,1.60517303857907e-48,"1","C12orf75"
1.9668713291115e-53,0.603647881502425,0.107,0.079,1.77040055204655e-48,"1","ARL1"
1.96816642635407e-53,0.294241761062185,0.272,0.232,1.77156628202556e-48,"1","ILF3"
2.29346792287041e-53,0.339444674877462,0.217,0.181,2.06437341205488e-48,"1","LSM3"
2.45427795861659e-53,0.617724595153314,0.101,0.074,2.20912013333038e-48,"1","ASB8"
2.73294906799027e-53,0.586476543939974,0.106,0.078,2.45995478558872e-48,"1","LRRC28"
2.85782134966947e-53,0.26267301362967,0.248,0.207,2.57235357505099e-48,"1","RNF169"
2.89335381970778e-53,0.459371163859601,0.123,0.094,2.60433670665717e-48,"1","RCC2"
3.02103530670924e-53,0.37940684625908,0.229,0.194,2.71926408992205e-48,"1","LRPAP1"
3.52289053862588e-53,0.334456916638041,0.181,0.146,3.17098900272254e-48,"1","BAZ2B"
3.87302118680538e-53,0.407214163599535,0.211,0.174,3.48614510045539e-48,"1","SRGAP3"
5.22693410434e-53,0.394149318128565,0.163,0.129,4.70481565665747e-48,"1","MARF1"
7.67547477081123e-53,0.472788325558464,0.138,0.107,6.9087715959549e-48,"1","UCHL5"
7.80841698064672e-53,0.376538926525403,0.171,0.137,7.02843420844992e-48,"1","ZMYM4"
8.07113894461435e-53,0.274984355692739,0.248,0.209,7.26491287543682e-48,"1","CTDSPL2"
9.22509026699014e-53,0.298695920553048,0.175,0.139,8.30359600022049e-48,"1","PIK3CB"
1.02425430335278e-52,0.361080116941414,0.162,0.128,9.2194154099087e-48,"1","TPT1-AS1"
1.12831424118599e-52,0.266764252168212,0.296,0.256,1.01560693163392e-47,"1","MAX"
1.26398657252645e-52,0.445628414951119,0.132,0.102,1.13772695379678e-47,"1","VAPB"
1.3392427915285e-52,0.46053758580658,0.127,0.096,1.20546582908272e-47,"1","CLPX"
1.37124124422796e-52,0.30630891594015,0.2,0.163,1.23426795634203e-47,"1","RALGAPB"
1.45655618498274e-52,0.393848266206724,0.112,0.083,1.31106078766481e-47,"1","ZBTB4"
1.77012996938561e-52,0.491574215644043,0.115,0.086,1.59331168674368e-47,"1","ATP6V0A2"
1.87340762387746e-52,0.344230879022352,0.141,0.109,1.68627293632834e-47,"1","TMEM43"
2.96015436274437e-52,0.488402163905785,0.13,0.1,2.66446454344983e-47,"1","TTC28-AS1"
3.01918375177133e-52,0.549102051579647,0.131,0.102,2.71759748680689e-47,"1","MLH1"
3.46056292600448e-52,0.357507271825722,0.214,0.177,3.11488729532589e-47,"1","LINC00342"
3.49363948884772e-52,0.434700703105257,0.127,0.097,3.14465984030672e-47,"1","CSNK2A2"
4.04149396401498e-52,0.490774293184468,0.147,0.116,3.63778913194952e-47,"1","FBXW2"
4.64718666096355e-52,0.340102283286415,0.159,0.126,4.1829791853999e-47,"1","RETREG3"
4.6491328771915e-52,0.420444818408365,0.139,0.107,4.18473099408884e-47,"1","ZDHHC21"
4.7194385816128e-52,0.483560571017524,0.126,0.096,4.24801386169549e-47,"1","NAE1"
4.82621920549647e-52,0.347045897425514,0.223,0.187,4.34412816905943e-47,"1","MRPS34"
5.34481346384731e-52,0.454752001097201,0.114,0.085,4.8109200469436e-47,"1","CBR4"
5.72302083243445e-52,0.561909362940993,0.108,0.081,5.15134828148258e-47,"1","EXOSC7"
6.74074492441878e-52,0.430846856101445,0.142,0.11,6.06741191391859e-47,"1","APPL2"
7.51634480715658e-52,0.531671751209789,0.113,0.085,6.76553712436971e-47,"1","PIEZO1"
8.79365686666787e-52,0.454850379511192,0.136,0.106,7.91525848225641e-47,"1","CNDP2"
1.02475524261368e-51,0.428849335576976,0.173,0.14,9.22392441428997e-47,"1","C1D"
1.21314783898268e-51,0.531277605788044,0.147,0.117,1.0919665013467e-46,"1","RGL4"
1.29090999657823e-51,0.472277750450874,0.135,0.104,1.16196099702003e-46,"1","TRIM8"
1.36731856231048e-51,0.408573291833777,0.164,0.131,1.23073711112129e-46,"1","TAF11"
1.39012975434235e-51,0.372792054728397,0.147,0.115,1.25126969318109e-46,"1","SLC7A6OS"
1.56839078167934e-51,0.504562064211516,0.115,0.086,1.41172422649739e-46,"1","FGGY"
1.6590006122884e-51,0.380654855438295,0.17,0.136,1.49328304112691e-46,"1","ARHGAP17"
2.17990019092322e-51,0.506193597437405,0.103,0.076,1.9621499608519e-46,"1","NHLRC3"
3.06490987519682e-51,0.388869412527133,0.184,0.15,2.75875602776341e-46,"1","DYNC1LI1"
3.07195766771566e-51,0.433774958389078,0.124,0.095,2.76509981628754e-46,"1","CYB5A"
3.09177330617074e-51,0.402796423867758,0.123,0.093,2.78293607061734e-46,"1","DPF2"
3.45145193893447e-51,0.4704231877552,0.136,0.106,3.1066864047543e-46,"1","MRPS26"
4.35966115497023e-51,0.552434655647635,0.1,0.073,3.92417460220026e-46,"1","CHMP7"
4.70587857857458e-51,0.479686884589696,0.122,0.093,4.23580836736077e-46,"1","EHBP1L1"
5.79812335157455e-51,0.490445906359737,0.111,0.083,5.21894880998576e-46,"1","MYNN"
5.99524391965959e-51,0.498686251266377,0.121,0.092,5.39637900452479e-46,"1","BMS1"
6.63452940096055e-51,0.442292071970264,0.173,0.141,5.9718062590986e-46,"1","CHCHD7"
7.44032524148695e-51,0.380863764833785,0.187,0.153,6.69711115311482e-46,"1","UPF3B"
8.7558284063358e-51,0.421480066524785,0.145,0.114,7.88120870682691e-46,"1","NCBP2"
8.85339046833625e-51,0.37169273277992,0.171,0.137,7.96902529445414e-46,"1","PTPRE"
9.13475429296718e-51,0.364945392839189,0.202,0.166,8.22228368664269e-46,"1","INTS6L"
9.71870577062679e-51,0.302192511901232,0.257,0.218,8.74790425119888e-46,"1","TMED5"
1.01544670274257e-50,0.419436798347256,0.14,0.109,9.14013731605616e-46,"1","GRIPAP1"
1.10276863775047e-50,0.570228865454084,0.112,0.084,9.92613078525578e-46,"1","ZNF330"
1.16148298235863e-50,0.452589826538214,0.145,0.114,1.04546244725083e-45,"1","SUDS3"
1.26877659107739e-50,0.446511049985416,0.108,0.08,1.14203849739467e-45,"1","GIGYF1"
1.41591759492056e-50,0.419268246654929,0.16,0.128,1.27448158636395e-45,"1","SDCCAG8"
1.45977778081845e-50,0.478696002950505,0.12,0.091,1.31396057829249e-45,"1","NMD3"
1.52737164342786e-50,0.337863404389885,0.178,0.144,1.37480248996585e-45,"1","AKAP10"
1.56271412360768e-50,0.313585489624857,0.242,0.204,1.40661460980051e-45,"1","CFDP1"
1.78565957546521e-50,0.253408793756849,0.265,0.225,1.60729004047199e-45,"1","VPS13D"
1.87934472998044e-50,0.345524608485639,0.197,0.161,1.6916169849027e-45,"1","SPAG1"
2.14563023846846e-50,0.479770808310006,0.129,0.099,1.93130323394785e-45,"1","ETV3"
2.22015523656597e-50,0.53303589090858,0.123,0.095,1.9983839299854e-45,"1","CDKN2C"
2.73307256701777e-50,0.477979305243998,0.124,0.095,2.46006594829837e-45,"1","AGK"
2.88240502385583e-50,0.408434911286137,0.149,0.117,2.59448158602287e-45,"1","VPS26C"
2.99133679831284e-50,0.390133154576333,0.122,0.093,2.69253216552937e-45,"1","PPP4R1"
2.99816760332499e-50,0.320213119207395,0.209,0.173,2.69868064142885e-45,"1","SNHG16"
4.0254340988138e-50,0.382517077123493,0.154,0.122,3.62333348668329e-45,"1","TBC1D23"
4.16712943399741e-50,0.450583577001031,0.132,0.102,3.75087487483541e-45,"1","PARP12"
4.43503481812258e-50,0.312892816519329,0.194,0.158,3.99201919014032e-45,"1","XRRA1"
5.207153922933e-50,0.366293489194682,0.254,0.216,4.68701131757122e-45,"1","METRNL"
5.26790795263936e-50,0.371477639277523,0.118,0.089,4.74169662725022e-45,"1","BCR"
5.62176652106285e-50,0.470088970029364,0.127,0.098,5.06020826327388e-45,"1","SH3BP1"
6.93630025132482e-50,0.270813883892056,0.229,0.192,6.24343321921998e-45,"1","TNPO1"
7.98802013263342e-50,0.351997359981872,0.192,0.157,7.19009680158467e-45,"1","PREP"
8.87080554993573e-50,0.532257437399993,0.106,0.079,7.98470078355265e-45,"1","SLX4IP"
8.97584974337911e-50,0.347002198090296,0.199,0.164,8.07925211251297e-45,"1","SNX2"
9.04455137196765e-50,0.418440549352885,0.112,0.083,8.14109113542181e-45,"1","ARL5B"
1.04448559104976e-49,0.30850405258128,0.239,0.202,9.40151925359802e-45,"1","OPA1"
1.08049272433317e-49,0.475429949989038,0.131,0.102,9.7256230609953e-45,"1","MRPS14"
1.15758462195202e-49,0.563506191542533,0.104,0.077,1.04195349406523e-44,"1","ZNF830"
1.30181689098713e-49,0.397219973848096,0.146,0.115,1.17177840174643e-44,"1","ZBP1"
1.31921896998341e-49,0.289359667703792,0.205,0.168,1.18744218707176e-44,"1","SEC23A"
1.38478325238577e-49,0.452170183976465,0.116,0.088,1.24645725330495e-44,"1","SLC25A16"
1.43585711019266e-49,0.398869607233754,0.213,0.179,1.29242934345551e-44,"1","MKNK2"
1.50591619959601e-49,0.317263216579394,0.191,0.155,1.35549023041836e-44,"1","LEMD3"
1.53327596336891e-49,0.493938452699687,0.107,0.08,1.38011702738799e-44,"1","ZNF224"
1.5350725439091e-49,0.348660885315623,0.161,0.128,1.38173414749802e-44,"1","SFT2D2"
1.62371312162159e-49,0.262661574575521,0.266,0.227,1.46152041790281e-44,"1","MAPKAPK2"
1.69326074277217e-49,0.40234782952189,0.178,0.146,1.52412092717665e-44,"1","MFSD10"
1.72287785300871e-49,0.355993235977061,0.246,0.211,1.55077958427167e-44,"1","YWHAH"
1.76880123110178e-49,0.296739567115173,0.22,0.183,1.59211567612702e-44,"1","WDR20"
2.08448175265186e-49,0.553723023127977,0.111,0.084,1.87626287037946e-44,"1","RPAP3"
2.11984984907002e-49,0.421958754545092,0.14,0.11,1.90809804764641e-44,"1","BFAR"
2.22658023942486e-49,0.429444268429842,0.148,0.117,2.00416713930871e-44,"1","MFSD4B"
2.33034621797408e-49,0.417966916583722,0.126,0.097,2.09756793426065e-44,"1","ACLY"
2.33171321105864e-49,0.25049909119749,0.235,0.196,2.09879837840599e-44,"1","NT5C2"
2.83973644751934e-49,0.256292644163359,0.245,0.205,2.55607517377664e-44,"1","MPP7"
3.07554211301482e-49,0.341749581832011,0.231,0.196,2.76832621134577e-44,"1","GTF2A2"
3.38477182150039e-49,0.484009854260762,0.143,0.114,3.04666696425072e-44,"1","SLC2A4RG"
3.47265403546836e-49,0.299207482502474,0.457,0.421,3.12577062386542e-44,"1","FAM177A1"
4.08536869830951e-49,0.456888998067483,0.106,0.079,3.67728121903538e-44,"1","ZDHHC7"
5.41556282090605e-49,0.498447831212787,0.136,0.107,4.87460225072574e-44,"1","DGCR6L"
5.45745713475306e-49,0.364669795352028,0.186,0.152,4.91231174156257e-44,"1","SNX5"
5.87416158630574e-49,0.34994232811233,0.233,0.197,5.28739158544966e-44,"1","ISCA1"
6.20874088870497e-49,0.472349255101705,0.119,0.091,5.58854976133223e-44,"1","UTP6"
7.12381168070571e-49,0.414343389360288,0.144,0.113,6.41221413192002e-44,"1","ATG2B"
7.73653686322301e-49,0.464491732228986,0.125,0.097,6.96373419595566e-44,"1","OARD1"
8.00327838645214e-49,0.373957494271128,0.152,0.12,7.20383090842944e-44,"1","CALU"
8.45751758196162e-49,0.452431484741945,0.115,0.087,7.61269615069947e-44,"1","MSL1"
8.46223051410366e-49,0.412705619799996,0.113,0.085,7.61693830804985e-44,"1","WASL"
9.1851179498744e-49,0.478958912519949,0.109,0.082,8.26761651786145e-44,"1","SLC25A53"
9.52339150911265e-49,0.261329672821826,0.307,0.268,8.57209993126739e-44,"1","CWF19L2"
1.24530431014924e-48,0.388366065043284,0.162,0.13,1.12091086260843e-43,"1","TTC13"
1.25902316684148e-48,0.480098063110539,0.109,0.082,1.13325934270568e-43,"1","ACSF3"
1.29564182992366e-48,0.344444513062893,0.179,0.146,1.16622016753258e-43,"1","LGALS8"
1.72173978182511e-48,0.426745270686651,0.127,0.098,1.5497551950186e-43,"1","DDX1"
1.8311861197789e-48,0.436141649048857,0.117,0.089,1.64826893827419e-43,"1","EZH1"
2.2181634880186e-48,0.335081434137396,0.192,0.158,1.99659113720042e-43,"1","NFATC2IP"
2.23420494100631e-48,0.3885481157438,0.148,0.117,2.01103020944919e-43,"1","HIBADH"
2.45201980379172e-48,0.52030522650349,0.112,0.085,2.20708754559097e-43,"1","GFI1"
2.79536195609694e-48,0.372674277553247,0.154,0.122,2.51613325030242e-43,"1","NIPA2"
3.25579016313095e-48,0.308994939012579,0.176,0.142,2.93056928373579e-43,"1","LATS1"
3.65770659610861e-48,0.453977277539998,0.146,0.116,3.29233828422332e-43,"1","SYT11"
3.77817239706894e-48,0.300399617278704,0.232,0.196,3.40077075632573e-43,"1","AATF"
4.20517503877663e-48,0.546087659849404,0.116,0.089,3.78512010415323e-43,"1","KDM5D"
4.45400214089085e-48,0.432842353191036,0.136,0.107,4.00909186703727e-43,"1","PARG"
4.63485849609128e-48,0.50384211823701,0.1,0.074,4.17188248091672e-43,"1","RAB5B"
4.66429276551428e-48,0.300922833075474,0.195,0.161,4.19837656116706e-43,"1","PTPN6"
4.69433348854088e-48,0.352525241399522,0.175,0.143,4.22541651637053e-43,"1","TRAK2"
4.94428022678517e-48,0.380520556223437,0.162,0.131,4.4503960749316e-43,"1","NUP54"
5.15690874174993e-48,0.298831946680993,0.26,0.222,4.64178512753653e-43,"1","ATG7"
5.5425752755364e-48,0.45385804624182,0.117,0.09,4.98892743126307e-43,"1","SLC38A10"
5.64958588356832e-48,0.357273150147512,0.153,0.121,5.08524874965868e-43,"1","BSDC1"
5.86355142232022e-48,0.404004855543688,0.147,0.116,5.27784127074465e-43,"1","LINC00278"
6.36446562196534e-48,0.288362008922039,0.211,0.174,5.72871915098722e-43,"1","FBXO28"
6.5500625585286e-48,0.262897033331655,0.304,0.266,5.89577680955718e-43,"1","G3BP1"
7.27996305513951e-48,0.392728140889755,0.135,0.105,6.55276754556162e-43,"1","NOTCH1"
8.15772684316805e-48,0.496363960965277,0.107,0.081,7.34285150880399e-43,"1","PIGF"
1.12212080517978e-47,0.434630605062037,0.139,0.109,1.01003215795037e-42,"1","ORC4"
1.15961402738972e-47,0.49285546145489,0.113,0.086,1.04378018219376e-42,"1","DKC1"
1.16017945743961e-47,0.309716340419259,0.351,0.314,1.04428913143597e-42,"1","AMD1"
1.24512228446931e-47,0.396321437783278,0.15,0.119,1.12074701947367e-42,"1","RNPC3"
1.28408645476107e-47,0.54417872288961,0.108,0.082,1.15581905879499e-42,"1","HELQ"
1.32245005677583e-47,0.321664906918913,0.221,0.185,1.1903505206045e-42,"1","VPS8"
1.38069385733815e-47,0.347479854806295,0.174,0.141,1.24277634792864e-42,"1","PSMD5"
1.42612319461751e-47,0.399229953873975,0.15,0.119,1.28366774870717e-42,"1","DOP1A"
1.45393214231481e-47,0.301965864761045,0.163,0.131,1.30869886061898e-42,"1","ABHD2"
1.56207936506802e-47,0.464607975618157,0.121,0.093,1.40604325729137e-42,"1","CKAP5"
1.65735543152381e-47,0.260093353372376,0.297,0.26,1.49180219746889e-42,"1","NDUFB7"
1.95625143515944e-47,0.471993907670853,0.104,0.078,1.76084147930136e-42,"1","TMEM260"
2.81139865101936e-47,0.433834978710356,0.144,0.114,2.53056803976904e-42,"1","CTDNEP1"
2.87562222480122e-47,0.332628251669738,0.224,0.189,2.58837632076583e-42,"1","C1orf43"
2.98813101323035e-47,0.455894113535068,0.115,0.087,2.68964660631877e-42,"1","ZBTB21"
3.22234476015862e-47,0.339970981989969,0.218,0.184,2.90046474206638e-42,"1","TMEM259"
3.31382570475635e-47,0.25109446553555,0.243,0.204,2.98280765510824e-42,"1","IP6K1"
3.39016647723324e-47,0.474507894318078,0.104,0.078,3.05152274782241e-42,"1","PLPBP"
3.40606579741335e-47,0.325983115182834,0.207,0.173,3.06583388490973e-42,"1","LONP2"
4.19208361544403e-47,0.324623700030395,0.211,0.177,3.77333638309732e-42,"1","PSMG2"
4.28395039891025e-47,0.375968306309804,0.158,0.127,3.8560265935631e-42,"1","REV1"
4.55744269101958e-47,0.331234952987052,0.172,0.139,4.10219974061363e-42,"1","HMGA1"
4.61360727260107e-47,0.411833433872578,0.14,0.111,4.15275404214095e-42,"1","AOPEP"
5.03873026797155e-47,0.390856724047905,0.171,0.14,4.53541150150387e-42,"1","IBTK"
5.09642589620435e-47,0.363704477507961,0.181,0.148,4.5873439134325e-42,"1","WBP2"
5.74156614778186e-47,0.395483060443513,0.198,0.165,5.16804110527993e-42,"1","CASP1"
5.75542763858394e-47,0.413868328458527,0.121,0.093,5.18051797176579e-42,"1","CPSF7"
6.49245369692114e-47,0.481264131633266,0.121,0.093,5.84392249713569e-42,"1","LDAH"
7.13827193127269e-47,0.345808129809804,0.196,0.162,6.42522994805786e-42,"1","SNX29"
7.60172693814352e-47,0.338619888123146,0.234,0.2,6.84239043429237e-42,"1","SMIM26"
9.09734150821824e-47,0.421636204849222,0.192,0.16,8.18860806496232e-42,"1","HEBP2"
1.18527189755739e-46,0.422320478031451,0.171,0.14,1.06687508771038e-41,"1","GNAQ"
1.39404484625706e-46,0.414916495269322,0.147,0.117,1.25479370656444e-41,"1","SLC7A1"
1.73761879731494e-46,0.421264075363736,0.17,0.139,1.56404805565115e-41,"1","THOC7"
1.74029523508611e-46,0.390776230453703,0.166,0.135,1.56645714405336e-41,"1","WDR43"
2.28876723294681e-46,0.338849474333056,0.211,0.178,2.06014227404776e-41,"1","NOSIP"
2.55387306656456e-46,0.436692727391465,0.152,0.122,2.29876668594543e-41,"1","SLC30A5"
2.97647242329238e-46,0.496988876275804,0.11,0.084,2.6791525929297e-41,"1","ING5"
3.21992477600803e-46,0.476321649314318,0.113,0.086,2.89828649013259e-41,"1","VPS26B"
3.22471912208629e-46,0.497140799651361,0.121,0.094,2.90260192898109e-41,"1","BLOC1S4"
3.50239400253902e-46,0.270729599324081,0.156,0.124,3.1525398656254e-41,"1","EDARADD"
4.20038309026777e-46,0.479985029529326,0.14,0.111,3.78080682338093e-41,"1","CCS"
4.59639757358046e-46,0.288450558491819,0.252,0.216,4.13726341995551e-41,"1","CYP20A1"
4.70381320107269e-46,0.349390859677087,0.291,0.258,4.23394930041754e-41,"1","DHRS7"
5.1014930399977e-46,0.251492137520628,0.221,0.185,4.59190490023233e-41,"1","MAGT1"
5.47249268960038e-46,0.417244676958194,0.125,0.097,4.9258453948362e-41,"1","VPS50"
6.36081479908886e-46,0.346979527169817,0.161,0.129,5.72543300880788e-41,"1","VIRMA"
7.2447304522009e-46,0.364761686897293,0.185,0.154,6.52105432733056e-41,"1","TIMM8B"
7.565546041328e-46,0.365676289883961,0.155,0.124,6.80982364725975e-41,"1","EIF3B"
7.95405908080938e-46,0.381305392432225,0.174,0.142,7.15952811922733e-41,"1","HS2ST1"
8.43620288274544e-46,0.487410959152301,0.108,0.082,7.593510576788e-41,"1","WDR75"
9.52622105015861e-46,0.472152696868792,0.111,0.085,8.57464682945826e-41,"1","CASP7"
9.69998818087661e-46,0.442477672985736,0.139,0.11,8.73105636148885e-41,"1","PTTG1IP"
9.75460648320921e-46,0.521956912073295,0.117,0.09,8.78021884160144e-41,"1","C19orf12"
1.15809736514199e-45,0.344893226741376,0.147,0.116,1.04241501933796e-40,"1","RUFY1"
1.2192928347719e-45,0.27972115781777,0.249,0.214,1.09749767350654e-40,"1","USP16"
1.27007626535618e-45,0.510536161817271,0.104,0.079,1.14320834720975e-40,"1","CAB39L"
1.30663838638585e-45,0.424279900186458,0.138,0.109,1.17611827796976e-40,"1","CCDC7"
1.31278686933756e-45,0.273205024576454,0.374,0.337,1.18165258895943e-40,"1","ITPR1"
1.55160216140024e-45,0.414619189401034,0.13,0.102,1.39661262149797e-40,"1","PSMB5"
1.64048735755768e-45,0.532612970270522,0.103,0.078,1.47661907541124e-40,"1","ABHD13"
1.69044985116676e-45,0.270840681338939,0.303,0.267,1.52159081553371e-40,"1","UFC1"
1.80340609176802e-45,0.488132556892229,0.116,0.09,1.62326385726131e-40,"1","IARS2"
2.01814971407204e-45,0.520208032523984,0.133,0.106,1.81655673913339e-40,"1","SMIM10L1"
2.36218270060611e-45,0.314034558306584,0.261,0.227,2.12622427064256e-40,"1","SIVA1"
2.42710626587174e-45,0.324654883514916,0.216,0.182,2.18466262097381e-40,"1","ATG12"
2.5077047366172e-45,0.521190597825424,0.137,0.109,2.25721011047651e-40,"1","NAAA"
2.97884165167236e-45,0.370397025210105,0.159,0.129,2.6812851590868e-40,"1","SYNJ1"
3.1683365927108e-45,0.477611460339679,0.192,0.16,2.85185145046492e-40,"1","CDKN1A"
3.29254843503689e-45,0.269903968718972,0.254,0.218,2.96365577186106e-40,"1","KCNAB2"
3.3598475881126e-45,0.250945933319015,0.208,0.173,3.02423241253603e-40,"1","NLRC3"
3.88626460758364e-45,0.301956652996762,0.26,0.226,3.49806563593211e-40,"1","ZNHIT1"
3.98676582005373e-45,0.33085457350085,0.165,0.133,3.58852778228856e-40,"1","TRAPPC8"
4.01136566188877e-45,0.384377923858748,0.159,0.128,3.6106703459227e-40,"1","DHX29"
4.1056372032953e-45,0.413649195643739,0.126,0.098,3.69552510305813e-40,"1","C2CD3"
4.31732226947495e-45,0.321891672730554,0.238,0.204,3.8860649479771e-40,"1","RPN2"
4.47912355159988e-45,0.511667985169941,0.129,0.102,4.03170390003057e-40,"1","UBLCP1"
4.59421820524413e-45,0.377522827860359,0.146,0.116,4.1353017487223e-40,"1","POC1B"
5.64749207045293e-45,0.379921990772887,0.159,0.128,5.08336408753539e-40,"1","APPL1"
5.66489470152179e-45,0.343112995338963,0.24,0.205,5.09902836978677e-40,"1","SIAH2"
6.1169318645442e-45,0.448876827908175,0.142,0.113,5.50591154059488e-40,"1","SERGEF"
6.5096091635575e-45,0.457101304786433,0.123,0.095,5.85936430420974e-40,"1","B3GLCT"
6.54284816974806e-45,0.295529864417591,0.223,0.188,5.88928306607193e-40,"1","KLHL28"
6.62354782204446e-45,0.378846662002403,0.124,0.096,5.96192163010044e-40,"1","ATG13"
6.69938718395015e-45,0.404275219565011,0.17,0.14,6.03018539814537e-40,"1","ATG3"
7.37768317126619e-45,0.425564426073596,0.14,0.112,6.64072639928841e-40,"1","LYSMD2"
7.60241498756749e-45,0.476131020119494,0.128,0.101,6.84300975445937e-40,"1","C1orf122"
7.76997869965023e-45,0.274845283154377,0.315,0.279,6.99383552734217e-40,"1","SLC3A2"
8.40668023576885e-45,0.333738516163884,0.186,0.153,7.5669369470179e-40,"1","AVL9"
9.01641819994306e-45,0.323375662528236,0.202,0.169,8.11576818595075e-40,"1","BNIP2"
9.07624936846441e-45,0.291930541722158,0.213,0.179,8.1696228190485e-40,"1","SFT2D1"
9.91315571462005e-45,0.403755720460518,0.157,0.127,8.92293059028666e-40,"1","RAB1B"
1.00937104218197e-44,0.287678636854499,0.192,0.159,9.08544968778413e-40,"1","USP4"
1.02631207144203e-44,0.331108068015653,0.208,0.175,9.23793758625685e-40,"1","R3HCC1L"
1.05621423315425e-44,0.407124983982441,0.119,0.092,9.50708993404476e-40,"1","TRAPPC6B"
1.08698777688252e-44,0.321994342017046,0.22,0.186,9.78408567849728e-40,"1","MAPRE1"
1.18699270799811e-44,0.384061442836263,0.169,0.138,1.06842400639618e-39,"1","NUDCD3"
1.18976251044464e-44,0.472897811633547,0.101,0.076,1.07091713327633e-39,"1","LRIG2"
1.20798372524482e-44,0.258847485183749,0.286,0.248,1.08731823093012e-39,"1","RNF10"
1.21664574458401e-44,0.341515278266405,0.213,0.179,1.09511500115751e-39,"1","DBF4"
1.23744796862055e-44,0.366203577386082,0.2,0.168,1.11383929103504e-39,"1","HAX1"
1.29375019571013e-44,0.517407262540207,0.103,0.078,1.16451748866065e-39,"1","TFB1M"
1.6956075594422e-44,0.398191512191574,0.153,0.123,1.52623332032952e-39,"1","PMEPA1"
1.87354885723284e-44,0.442649238730889,0.122,0.094,1.68640006188385e-39,"1","GMNN"
2.00928825247366e-44,0.300268915595024,0.16,0.128,1.80858044893406e-39,"1","SLC23A2"
2.01645387063316e-44,0.319481518430386,0.229,0.195,1.81503029349561e-39,"1","CD82"
2.02517876536567e-44,0.524787261924152,0.104,0.079,1.82288365849329e-39,"1","ATP6V1C1"
2.39584793572841e-44,0.381079478992355,0.164,0.134,2.1565266854285e-39,"1","PARN"
2.42614932585601e-44,0.314984920316937,0.142,0.112,2.18380126969625e-39,"1","ATXN3"
2.72741759995181e-44,0.345451608623073,0.181,0.15,2.45497585589263e-39,"1","CWC27"
3.33147960163759e-44,0.279782137307529,0.222,0.187,2.99869810423001e-39,"1","MAP4K5"
3.73635215633712e-44,0.455530911336777,0.215,0.184,3.36312793944061e-39,"1","PMVK"
3.77532408471791e-44,0.40040267633649,0.163,0.133,3.39820696189544e-39,"1","RTCA"
5.10194350901315e-44,0.394467885723031,0.122,0.095,4.59231037189783e-39,"1","NME1"
5.54073275838572e-44,0.309310335503153,0.251,0.218,4.98726896315057e-39,"1","VAMP5"
5.59495742185752e-44,0.261390124253984,0.307,0.272,5.03607712498818e-39,"1","SEPTIN1"
5.69959962966227e-44,0.481725744562757,0.132,0.105,5.13026662265531e-39,"1","POP5"
6.24422212463239e-44,0.333743642581975,0.132,0.103,5.62048677660286e-39,"1","IPO9"
6.37001396131756e-44,0.467426572691549,0.115,0.089,5.73371326672155e-39,"1","MRPS9"
6.45891814473838e-44,0.281705290423129,0.256,0.221,5.81373681126046e-39,"1","CUL5"
6.73203873329615e-44,0.447012395870904,0.101,0.076,6.0595753842272e-39,"1","PGGHG"
7.98812992013518e-44,0.468896244480652,0.102,0.077,7.19019562241287e-39,"1","MSMO1"
8.25238903808436e-44,0.26575150307648,0.296,0.259,7.42805789707011e-39,"1","XBP1"
8.28948103664052e-44,0.341426401422596,0.202,0.17,7.4614447758905e-39,"1","DPY30"
1.16109632009867e-43,0.309942499643798,0.2,0.167,1.04511440868401e-38,"1","RCOR3"
1.33920626520958e-43,0.470420978625736,0.109,0.083,1.2054329513778e-38,"1","FBXL4"
1.39427140231465e-43,0.328698758004723,0.214,0.181,1.25499763193744e-38,"1","AIMP1"
1.43169825655717e-43,0.354888517287256,0.184,0.152,1.28868591770967e-38,"1","MFF"
1.43457422267153e-43,0.303198310657414,0.173,0.141,1.29127460356887e-38,"1","CASC3"
1.93759231486218e-43,0.379802346998232,0.16,0.13,1.7440462185306e-38,"1","CTNNBL1"
2.07166458559144e-43,0.547935742086469,0.111,0.085,1.86472601013671e-38,"1","SMIM15"
2.11427509484548e-43,0.379468598898892,0.164,0.134,1.90308015562136e-38,"1","HEATR5B"
2.13725382113211e-43,0.314491525644538,0.194,0.161,1.92376353693922e-38,"1","PATJ"
2.31205450360877e-43,0.314590631455874,0.179,0.147,2.08110337924329e-38,"1","MGA"
2.33378428150674e-43,0.27813394006517,0.231,0.197,2.10066256962703e-38,"1","MIA2"
2.58154907522229e-43,0.282100821079031,0.153,0.122,2.32367813809834e-38,"1","SGPP2"
2.59262219048869e-43,0.351075036722995,0.151,0.121,2.33364515988077e-38,"1","MTM1"
2.59481675603237e-43,0.546121642820708,0.102,0.078,2.33562051027229e-38,"1","MRPS30"
2.65032559046461e-43,0.388416853211459,0.174,0.143,2.3855845672331e-38,"1","LMO4"
3.62173047275334e-43,0.268155797449707,0.283,0.249,3.25995581583001e-38,"1","VDAC1"
3.67517344544181e-43,0.436691942788948,0.121,0.095,3.30806036997663e-38,"1","PLEKHA1"
4.17284959440351e-43,0.3751814801586,0.179,0.149,3.75602364841854e-38,"1","COPZ1"
4.82809623833688e-43,0.509397904500313,0.123,0.097,4.34581770508941e-38,"1","NR3C2"
4.84695671277091e-43,0.325866275299444,0.26,0.226,4.36279420673222e-38,"1","NEU1"
4.99578875693503e-43,0.339704711202773,0.153,0.123,4.49675941800479e-38,"1","UBE2Z"
5.09142733697735e-43,0.481861311234392,0.111,0.086,4.58284466028668e-38,"1","MRPS11"
5.31871713857129e-43,0.255410203952918,0.225,0.19,4.7874304835994e-38,"1","ZZEF1"
5.73719826954914e-43,0.432124547863155,0.107,0.082,5.16410953440388e-38,"1","CASP2"
5.74678379031372e-43,0.36146039564081,0.157,0.128,5.17273755749928e-38,"1","HIF1A-AS3"
7.55620363886331e-43,0.467232989861277,0.104,0.079,6.80141445737725e-38,"1","ZNF789"
7.97744619017872e-43,0.27285881135504,0.21,0.176,7.18057909024177e-38,"1","SPN"
8.21974788950797e-43,0.287339983578922,0.211,0.177,7.39867727282502e-38,"1","HTT"
9.51754568069046e-43,0.446991087990388,0.121,0.095,8.56683804264629e-38,"1","PSD4"
1.14992088171658e-42,0.513416448224437,0.113,0.087,1.03505528484191e-37,"1","SLC4A1AP"
1.15128475153957e-42,0.273799361462569,0.198,0.165,1.03628291770828e-37,"1","SLC30A7"
1.19042772464023e-42,0.297892787920651,0.214,0.181,1.07151589922592e-37,"1","PPP3CB"
1.34917311428429e-42,0.396759912281108,0.145,0.116,1.21440421189844e-37,"1","CCDC174"
1.37575890291239e-42,0.275296244778029,0.208,0.175,1.23833434610047e-37,"1","ARFGAP3"
1.64737108461157e-42,0.4664805690194,0.126,0.099,1.48281518696972e-37,"1","IMPA1"
1.65374265316027e-42,0.529642230225719,0.1,0.076,1.48855029953609e-37,"1","EBAG9"
1.82678068152563e-42,0.431402959059414,0.153,0.126,1.64430355924803e-37,"1","FIBP"
2.16874248158293e-42,0.480861637077368,0.116,0.09,1.95210679509761e-37,"1","BCL2A1"
2.18923396196156e-42,0.260400383458307,0.2,0.166,1.97055138150122e-37,"1","GPR155"
2.72943570278304e-42,0.302130039688588,0.213,0.18,2.45679237043205e-37,"1","PDSS2"
3.04366395690345e-42,0.267678541673506,0.263,0.227,2.73963236424837e-37,"1","GALNT2"
3.06537467804356e-42,0.427363759360555,0.127,0.1,2.75917440145379e-37,"1","VPS45"
3.1557615810849e-42,0.269094361401937,0.19,0.157,2.84053255675032e-37,"1","CEP128"
3.22573220069366e-42,0.410059831467818,0.189,0.159,2.90351381116637e-37,"1","IMP3"
3.57024787399244e-42,0.357329108474752,0.18,0.149,3.21361581385934e-37,"1","PPIP5K2"
4.16390249797923e-42,0.298331021564423,0.244,0.21,3.74797027745609e-37,"1","ANKRD36C"
4.98625645005255e-42,0.304646226891805,0.228,0.194,4.4881792932568e-37,"1","BHLHE40"
5.25745879655034e-42,0.460565244033375,0.127,0.1,4.73229123736292e-37,"1","TIA1"
5.27377400988461e-42,0.254894950405847,0.37,0.338,4.74697672403724e-37,"1","UTY"
5.53259337239521e-42,0.387868975802862,0.138,0.11,4.97994262042665e-37,"1","SEC13"
5.6836074331081e-42,0.299093853569402,0.223,0.19,5.11587188661494e-37,"1","UBE2E1"
5.71082934313363e-42,0.387181916220055,0.136,0.109,5.14037460004801e-37,"1","JADE2"
5.86519082331374e-42,0.443961206341488,0.13,0.103,5.27931691197293e-37,"1","STK26"
6.02956458340945e-42,0.318993353073431,0.148,0.118,5.42727137717268e-37,"1","TENT4A"
6.265581195484e-42,0.268565117730141,0.209,0.177,5.63971228986711e-37,"1","ATP5MC1"
6.30714675293638e-42,0.454304013681295,0.111,0.086,5.67712586378556e-37,"1","DLD"
6.56179801605017e-42,0.445657519589862,0.114,0.088,5.90634001222692e-37,"1","ZDHHC3"
7.02487613354332e-42,0.418896704789613,0.1,0.075,6.32316125656367e-37,"1","RUFY2"
7.11577707847587e-42,0.4925971886106,0.109,0.084,6.40498210610692e-37,"1","WASHC5"
7.22693094081984e-42,0.392163662177525,0.13,0.103,6.50503280914135e-37,"1","DIMT1"
7.70655343333518e-42,0.338997768161514,0.18,0.149,6.93674581087933e-37,"1","BRD9"
7.77808044313022e-42,0.437289702831819,0.103,0.079,7.00112798766595e-37,"1","NOL11"
8.17696119299981e-42,0.309022289001791,0.191,0.159,7.36016453943106e-37,"1","ST3GAL5"
8.4387847142578e-42,0.340708654864451,0.176,0.146,7.59583450915059e-37,"1","CCDC57"
9.51718041426847e-42,0.349500368494818,0.153,0.124,8.56650926268719e-37,"1","ZRSR2"
1.22695319147668e-41,0.459255193872091,0.127,0.101,1.10439283718007e-36,"1","TYW3"
1.23978759204315e-41,0.26087009229777,0.264,0.229,1.11594520947396e-36,"1","OXCT1"
1.261970897086e-41,0.357206335700406,0.129,0.102,1.13591262417608e-36,"1","SEC61A1"
1.41267136159948e-41,0.310314978505146,0.2,0.169,1.27155961928931e-36,"1","ZCCHC10"
1.50286796824336e-41,0.461264000865774,0.111,0.086,1.35274648689553e-36,"1","SLC45A4"
1.58366336824128e-41,0.381049521822822,0.18,0.15,1.42547123438766e-36,"1","SRPRA"
1.5911095864916e-41,0.473315132489454,0.126,0.1,1.43217364989695e-36,"1","LYRM2"
1.73473845314405e-41,0.284183125987227,0.285,0.252,1.56145542905949e-36,"1","RSL1D1"
1.74908259256686e-41,0.498286603241595,0.105,0.081,1.57436673239535e-36,"1","ANKRA2"
2.07557381376116e-41,0.53386782704592,0.104,0.08,1.86824474550456e-36,"1","PAQR3"
2.23639644490579e-41,0.345784833214975,0.133,0.105,2.01300280402415e-36,"1","LPAR6"
2.31261629924069e-41,0.421577861045565,0.161,0.133,2.08160905710953e-36,"1","MCRIP1"
2.62913809978711e-41,0.430044452010714,0.142,0.114,2.36651349499938e-36,"1","ADA"
3.0740235499793e-41,0.537048096853325,0.101,0.077,2.76695933757187e-36,"1","NUDT2"
3.2593179624813e-41,0.404945035159554,0.12,0.094,2.93374469120904e-36,"1","RNF213-AS1"
3.31345873244059e-41,0.252095889039664,0.317,0.285,2.9824773396571e-36,"1","ISCU"
3.77791335306226e-41,0.406540040698697,0.116,0.091,3.40053758822487e-36,"1","STXBP2"
4.14504417481712e-41,0.309851627459113,0.232,0.2,3.73099571219464e-36,"1","NDUFA5"
4.20608866343248e-41,0.309311314257472,0.188,0.157,3.78594246684221e-36,"1","NLK"
5.05162151421717e-41,0.320213556513759,0.139,0.111,4.54701504116202e-36,"1","HACD3"
5.05626715145414e-41,0.373626162815324,0.153,0.124,4.55119662569539e-36,"1","ZNF277"
5.57612624241443e-41,0.295976017579807,0.204,0.172,5.01912699205965e-36,"1","SIRT2"
6.89450829374592e-41,0.250613602487029,0.246,0.212,6.20581586028364e-36,"1","PPP1R21"
7.02859191260598e-41,0.365041218771454,0.169,0.14,6.32650586645577e-36,"1","SNRNP40"
9.15932373679853e-41,0.294460128614691,0.175,0.144,8.24439888872972e-36,"1","DANCR"
9.98842848142139e-41,0.423754633829118,0.144,0.116,8.99068436041221e-36,"1","MR1"
1.00989395005692e-40,0.431276315596346,0.13,0.104,9.09015643385736e-36,"1","AGFG2"
1.01848788129809e-40,0.344722866273508,0.179,0.149,9.16751126835221e-36,"1","ATAD1"
1.02959798896592e-40,0.349032597143985,0.179,0.149,9.26751445848113e-36,"1","PSMD11"
1.1229839799084e-40,0.555826439357751,0.101,0.077,1.01080911015535e-35,"1","HMOX1"
1.2164787410091e-40,0.317599680986814,0.198,0.166,1.0949646795697e-35,"1","RAB30"
1.33855484203414e-40,0.345271748123701,0.167,0.138,1.20484659886335e-35,"1","G2E3"
1.39605474299461e-40,0.421623367570365,0.148,0.121,1.25660283471688e-35,"1","MRPL43"
1.80632871321606e-40,0.329984579685669,0.166,0.137,1.62589453805291e-35,"1","PNKD"
1.92479642905145e-40,0.337092314213768,0.172,0.142,1.7325285137535e-35,"1","BTBD10"
1.9849426200123e-40,0.420065839477506,0.137,0.11,1.78666670169927e-35,"1","RAB4A"
2.07165687673247e-40,0.399693319223353,0.156,0.128,1.86471907131566e-35,"1","OSER1"
2.27375262451796e-40,0.393344573600472,0.126,0.1,2.04662747485486e-35,"1","KCTD9"
2.30767889042225e-40,0.301276603248323,0.174,0.144,2.07716484605797e-35,"1","MDN1"
3.50547757732795e-40,0.270254006771824,0.249,0.216,3.15531542212866e-35,"1","HMOX2"
3.6842761508439e-40,0.350585800503891,0.149,0.121,3.3162538061361e-35,"1","INTS10"
4.11810808120771e-40,0.462712413087072,0.102,0.078,3.70675026497587e-35,"1","ZNF780B"
4.58537518123066e-40,0.357662876352234,0.177,0.148,4.12734205437753e-35,"1","FAM89B"
4.84141835270778e-40,0.411537544585675,0.129,0.103,4.3578090734558e-35,"1","LETMD1"
5.24678283854055e-40,0.448335210058837,0.15,0.123,4.72268170079873e-35,"1","SMIM19"
5.24717433795854e-40,0.417900574929021,0.13,0.103,4.72303409333986e-35,"1","BABAM1"
6.33777687530826e-40,0.365855844849685,0.153,0.125,5.70469634323372e-35,"1","WIPI2"
6.71010075169985e-40,0.286909125450198,0.215,0.184,6.03982878761255e-35,"1","PSMC6"
6.95897625090732e-40,0.357526464078902,0.153,0.125,6.26384411320419e-35,"1","C19orf25"
7.55321645232604e-40,0.356423916240037,0.147,0.119,6.7987256609032e-35,"1","TAP2"
9.55043108890484e-40,0.410402310603357,0.163,0.135,8.59643852743414e-35,"1","ACSL1"
1.12522123754894e-39,0.294123486168134,0.182,0.151,1.01282288813018e-34,"1","NFX1"
1.62138453656946e-39,0.418727026238174,0.15,0.123,1.45942443521154e-34,"1","TMEM208"
1.63751989553833e-39,0.286967549718172,0.175,0.145,1.47394803317301e-34,"1","SMC1A"
1.67830687143375e-39,0.315580308702213,0.266,0.236,1.51066079804624e-34,"1","NUCB1"
1.91525139215261e-39,0.384481279902909,0.162,0.133,1.72393693059049e-34,"1","UBE2Q2"
2.11500700784078e-39,0.304900038903456,0.222,0.191,1.90373895782757e-34,"1","EIF2A"
2.33527854286636e-39,0.256262434657929,0.274,0.239,2.10200756921944e-34,"1","PNPLA8"
2.39044489555452e-39,0.387752214354493,0.148,0.121,2.15166335493758e-34,"1","SPAG7"
2.50021980931085e-39,0.344733993658323,0.118,0.092,2.25047285255879e-34,"1","MRPS25"
3.062073604532e-39,0.309828226597401,0.175,0.145,2.7562030721753e-34,"1","NCOR2"
3.27487348657965e-39,0.255544645133507,0.224,0.19,2.94774637400521e-34,"1","SORL1"
4.09657450007656e-39,0.306730583508267,0.16,0.131,3.68736767326392e-34,"1","SIN3A"
4.42909052621378e-39,0.330956402321985,0.134,0.107,3.98666867355029e-34,"1","ATP11C"
4.45186455760387e-39,0.319319336981571,0.107,0.083,4.00716780694482e-34,"1","RUFY3"
4.72452166123148e-39,0.447491466005393,0.117,0.092,4.25258919249107e-34,"1","NOCT"
4.73614422033407e-39,0.286168979384023,0.196,0.166,4.2630507741649e-34,"1","TSG101"
4.87272429593504e-39,0.284263167852075,0.202,0.17,4.38598786601409e-34,"1","NSMAF"
7.00982385489214e-39,0.326307479952726,0.213,0.184,6.30961255002697e-34,"1","MDH1"
7.07353011317774e-39,0.382503734580494,0.133,0.107,6.36695519017242e-34,"1","TRIM4"
7.3442129872882e-39,0.387102785867374,0.129,0.103,6.61059955198798e-34,"1","FBXO9"
8.21322697806369e-39,0.448566611777003,0.103,0.08,7.39280773522491e-34,"1","VPS4A"
8.58581405057143e-39,0.287911442038309,0.182,0.152,7.72817708505985e-34,"1","AK3"
9.2715431796247e-39,0.27610137861362,0.194,0.163,8.34540873141199e-34,"1","MED27"
1.08149190650999e-38,0.436571577768514,0.108,0.084,9.73461679968706e-34,"1","ELP1"
1.12208963128999e-38,0.278699435962817,0.216,0.184,1.01000409802044e-33,"1","CCNK"
1.22297989399165e-38,0.305727133989739,0.135,0.108,1.10081643238082e-33,"1","STAT6"
1.23441250137831e-38,0.334679674781472,0.162,0.134,1.11110703661563e-33,"1","PIH1D1"
1.92548534672934e-38,0.257948330445987,0.197,0.165,1.73314861544455e-33,"1","SCYL2"
1.99041073675154e-38,0.49068401851709,0.115,0.09,1.79158860825743e-33,"1","PRCP"
2.03211507628231e-38,0.371239157556611,0.147,0.12,1.82912710131247e-33,"1","SLC10A7"
2.14877128325222e-38,0.383007324418177,0.117,0.092,1.93413051976815e-33,"1","NEK9"
2.21632785020058e-38,0.360273952590965,0.181,0.152,1.99493886124404e-33,"1","WHAMM"
2.50328136767517e-38,0.351983603055317,0.163,0.135,2.2532285918581e-33,"1","ERCC6L2"
2.76358806874235e-38,0.37043389552043,0.164,0.135,2.48753325655568e-33,"1","ATP10D"
2.98515298491721e-38,0.348776367138169,0.172,0.143,2.68696605325383e-33,"1","UBN1"
3.04633373991978e-38,0.308138460186728,0.162,0.133,2.7420354626392e-33,"1","WDR59"
3.64274913312927e-38,0.250923316362051,0.204,0.172,3.27887492222099e-33,"1","ECPAS"
4.64558178331313e-38,0.301622522139164,0.183,0.153,4.18153461897798e-33,"1","CLPP"
4.67174963078163e-38,0.41336218004439,0.102,0.079,4.20508856016285e-33,"1","LRRC58"
4.8020428008531e-38,0.486527184879661,0.124,0.099,4.32236674547588e-33,"1","TMEM70"
4.90843591223328e-38,0.32498294756364,0.229,0.2,4.4181322489603e-33,"1","OSTC"
5.17962134785792e-38,0.351977260905221,0.127,0.101,4.66222897142039e-33,"1","CSTF3"
5.6366607313067e-38,0.292170857076605,0.185,0.156,5.07361469085647e-33,"1","ARMC8"
6.20390630181943e-38,0.368861388371067,0.193,0.163,5.58419810133069e-33,"1","TMEM263"
6.48418825925292e-38,0.451986457376821,0.102,0.079,5.83648269403615e-33,"1","HMGCR"
7.53161749798079e-38,0.314489537542821,0.201,0.172,6.77928422610749e-33,"1","METTL26"
8.38855434537378e-38,0.317166993404686,0.212,0.183,7.55062165181439e-33,"1","SSNA1"
8.53353710402471e-38,0.380586930151434,0.126,0.101,7.68112208270368e-33,"1","LLGL2"
9.05089700681575e-38,0.418513676309384,0.121,0.096,8.14680290480493e-33,"1","KIAA1143"
9.17583073609313e-38,0.255481112937091,0.232,0.2,8.25925700386479e-33,"1","PANK2"
9.83112154651145e-38,0.334021715059117,0.151,0.124,8.84909081523042e-33,"1","MRPL14"
1.05813217473763e-37,0.259612781352322,0.216,0.184,9.52435351803091e-33,"1","FAR1"
1.17872434099143e-37,0.366086648141883,0.149,0.121,1.0609815665698e-32,"1","BCL6"
1.2965148730831e-37,0.393946316966029,0.125,0.1,1.16700600241083e-32,"1","SEC22C"
1.30103375933774e-37,0.327516914177469,0.171,0.142,1.1710734971175e-32,"1","KIF20B"
1.37029281662888e-37,0.443862722027417,0.109,0.085,1.23341426717582e-32,"1","AGL"
1.51600204619099e-37,0.310174750379397,0.261,0.228,1.36456860179697e-32,"1","CEBPB"
1.7084522648888e-37,0.284011598619741,0.213,0.183,1.53779496814906e-32,"1","CCNDBP1"
2.11919060633034e-37,0.433161761658,0.118,0.094,1.907504656664e-32,"1","PTPN18"
3.36046749324149e-37,0.377007678485778,0.116,0.092,3.0247903953416e-32,"1","BCAS4"
3.43849145146816e-37,0.4925264595959,0.107,0.084,3.09502054038101e-32,"1","CNOT11"
3.52160803235958e-37,0.654179134959629,0.151,0.125,3.16983460600718e-32,"1","GEM"
3.58734252903422e-37,0.366462715407299,0.11,0.086,3.229002883809e-32,"1","RFWD3"
3.66493966066472e-37,0.411746360937553,0.126,0.101,3.29884883796092e-32,"1","TIMM17B"
3.7510515062677e-37,0.535403634647101,0.1,0.078,3.37635897130662e-32,"1","ARFRP1"
4.18378973662141e-37,0.30044088951435,0.224,0.194,3.7658709798303e-32,"1","EIF4H"
4.24645848476609e-37,0.420109639665927,0.132,0.107,3.82227974672281e-32,"1","C9orf85"
4.30746086915014e-37,0.479411137873858,0.107,0.084,3.87718860293073e-32,"1","TRPV2"
4.39852989344306e-37,0.257568295721498,0.198,0.168,3.95916074238703e-32,"1","CLSTN1"
4.72781206189003e-37,0.411076312831381,0.149,0.123,4.25555091502784e-32,"1","TAF12"
4.9549443396185e-37,0.441719308878482,0.107,0.083,4.45999494953401e-32,"1","CCDC137"
5.15084955009183e-37,0.373927947346225,0.155,0.128,4.63633118853316e-32,"1","USP1"
7.38161018310837e-37,0.404421028222021,0.125,0.101,6.64426114191767e-32,"1","NSL1"
7.87489849748937e-37,0.458513436387407,0.119,0.095,7.08827488657515e-32,"1","ZFPM1"
7.90338271905761e-37,0.265037126775133,0.236,0.205,7.11391381925094e-32,"1","IGBP1"
8.10784627400452e-37,0.288280484223635,0.183,0.155,7.29795350969421e-32,"1","POLR2G"
1.01592997912995e-36,0.34777120583178,0.122,0.097,9.14448733514663e-32,"1","PMS1"
1.04600330409022e-36,0.361172634791686,0.157,0.131,9.41518034044647e-32,"1","FBXW5"
1.09394417010602e-36,0.440842119796913,0.141,0.116,9.84670086954129e-32,"1","PAPSS1"
1.24044125778129e-36,0.388193891616408,0.124,0.099,1.11653358054151e-31,"1","VPS39"
1.24354273530256e-36,0.386085005427507,0.152,0.126,1.11932525147319e-31,"1","CENPX"
1.32350660454883e-36,0.471779063540606,0.113,0.09,1.19130152982044e-31,"1","ZSWIM7"
1.33541489328203e-36,0.303873977638344,0.177,0.148,1.20202029959209e-31,"1","UBA3"
1.43849530520994e-36,0.344335936759726,0.118,0.093,1.29480400917252e-31,"1","CDK5RAP1"
1.50484537511229e-36,0.35456958589556,0.143,0.117,1.35452637059232e-31,"1","SHLD1"
1.59438330169664e-36,0.491505880001258,0.103,0.08,1.43512035369017e-31,"1","ERI3"
1.99474327239713e-36,0.338138165844065,0.188,0.159,1.79548836691738e-31,"1","SMU1"
2.08678119630752e-36,0.357715386948476,0.123,0.098,1.87833262260836e-31,"1","NIPSNAP2"
2.1290065260364e-36,0.279017932960514,0.217,0.186,1.91634006415063e-31,"1","RANGAP1"
2.33151952009994e-36,0.258608664844104,0.232,0.202,2.09862403523716e-31,"1","NDUFC1"
2.33790265289709e-36,0.339189355419257,0.16,0.133,2.1043695568992e-31,"1","BROX"
2.3682078284368e-36,0.438009234091316,0.123,0.098,2.13164754845425e-31,"1","HEATR1"
2.97109036504398e-36,0.502345617727856,0.102,0.08,2.67430814847974e-31,"1","UBA5"
3.03739495866622e-36,0.256487714600441,0.174,0.144,2.73398957624505e-31,"1","ATP10A"
3.57794309300548e-36,0.489431631671259,0.11,0.087,3.22054235744516e-31,"1","SNX20"
3.94474801226105e-36,0.277227980501526,0.211,0.18,3.55070713331629e-31,"1","ZNF394"
4.23805581943921e-36,0.384295463394498,0.102,0.079,3.81471642363543e-31,"1","TBC1D22B"
4.59818081282594e-36,0.300262714496658,0.493,0.457,4.13886853143275e-31,"1","NFKBIA"
4.72498173086272e-36,0.364326901741563,0.154,0.127,4.25300330576684e-31,"1","KLF3"
6.75711348193084e-36,0.414841653989654,0.114,0.091,6.08214541622077e-31,"1","POLG"
8.73191382564412e-36,0.349721509705807,0.199,0.171,7.85968295360052e-31,"1","RNH1"
9.1732047350897e-36,0.367470333435991,0.118,0.094,8.25689331410159e-31,"1","FBXO3"
9.56043870663959e-36,0.388592486221,0.123,0.098,8.60544648423336e-31,"1","FBRS"
9.83535205612485e-36,0.332300137628234,0.164,0.136,8.85289873923854e-31,"1","ZCCHC8"
1.05408249254772e-35,0.260738104419057,0.261,0.231,9.48790192367128e-31,"1","NONO"
1.05497139937936e-35,0.395580826884293,0.147,0.121,9.49590306295355e-31,"1","UBE2V2"
1.33932454746163e-35,0.266817256607775,0.244,0.215,1.20553941841569e-30,"1","SEC11C"
1.4142050727988e-35,0.385077796428132,0.106,0.083,1.27294012807693e-30,"1","CS"
1.50590916390923e-35,0.36968278395993,0.159,0.134,1.35548389752634e-30,"1","TXN2"
1.54198270009422e-35,0.256664017011225,0.103,0.08,1.38795404818181e-30,"1","CPT1A"
1.89897168482018e-35,0.351240872409039,0.175,0.148,1.7092834032235e-30,"1","FAM50A"
1.90403766831748e-35,0.358168566804385,0.169,0.142,1.71384334562925e-30,"1","BCL7C"
1.92597688363936e-35,0.339298924572668,0.123,0.098,1.73359105273262e-30,"1","NUP107"
1.94423962276693e-35,0.294489370755184,0.276,0.246,1.75002952684874e-30,"1","SERTAD1"
2.47868725798528e-35,0.375924601594488,0.177,0.15,2.23109118778513e-30,"1","SNF8"
2.48732848045e-35,0.337589353962882,0.149,0.123,2.23886923853785e-30,"1","SAT2"
2.59316977086163e-35,0.386807074393332,0.116,0.092,2.33413804245026e-30,"1","PGRMC2"
2.74103986710574e-35,0.251302308826012,0.225,0.194,2.46723739478054e-30,"1","SUPT5H"
2.79488600497201e-35,0.275166297033534,0.193,0.164,2.51570484193535e-30,"1","JAK2"
2.97153834322577e-35,0.468078976027978,0.104,0.082,2.67471137812095e-30,"1","C15orf40"
3.1604748735987e-35,0.335571788359743,0.147,0.121,2.84477503847493e-30,"1","ARFIP1"
3.49965986289434e-35,0.349849936555447,0.132,0.106,3.15007883918982e-30,"1","AP5Z1"
3.59111885926569e-35,0.351170107927783,0.143,0.117,3.23240199641364e-30,"1","KIAA1328"
4.0782033342232e-35,0.393645258405591,0.135,0.11,3.67083160316765e-30,"1","TMEM126B"
4.41583208917471e-35,0.347918202860661,0.14,0.115,3.97473462178704e-30,"1","TRIM37"
4.62355809563412e-35,0.262139137986485,0.187,0.157,4.16171087746123e-30,"1","STXBP5"
4.69880973683738e-35,0.359874890709857,0.141,0.116,4.22944563222469e-30,"1","TOPBP1"
4.9440963064401e-35,0.361193788359854,0.117,0.093,4.45023052638979e-30,"1","SEC16A"
5.1880169617452e-35,0.285460845193548,0.218,0.188,4.66978594743647e-30,"1","GMDS-DT"
5.28515384174428e-35,0.42895227291382,0.108,0.085,4.75721982449244e-30,"1","PGGT1B"
5.63760322468281e-35,0.426902110007153,0.114,0.091,5.07446303856924e-30,"1","THUMPD2"
5.72036761991052e-35,0.393840161722613,0.123,0.099,5.14896009835766e-30,"1","EXOSC6"
5.85195362747363e-35,0.277056185120124,0.247,0.218,5.26740197962529e-30,"1","ECH1"
7.21879491774107e-35,0.258857532547003,0.184,0.155,6.49770949340791e-30,"1","ZC3H18"
7.88370312973644e-35,0.267215666814719,0.189,0.16,7.09620002410707e-30,"1","KDM4B"
8.32262749982841e-35,0.312665903272497,0.168,0.141,7.49128023887055e-30,"1","MAGED1"
9.00876268174621e-35,0.340284383770635,0.14,0.114,8.10887737746658e-30,"1","DIS3"
1.07917211589936e-34,0.469473285816358,0.1,0.078,9.71373613242172e-30,"1","NTAN1"
1.09040189707068e-34,0.496176554570699,0.112,0.089,9.81481651572287e-30,"1","KLHL15"
1.15124515647339e-34,0.454211932195122,0.103,0.081,1.03624727779326e-29,"1","RBM18"
1.60617919806762e-34,0.316927072032985,0.146,0.12,1.44573795797265e-29,"1","NUP42"
1.70012503884199e-34,0.360428355878487,0.145,0.12,1.53029954871207e-29,"1","UBASH3A"
1.72692897452179e-34,0.431444524037722,0.102,0.08,1.55442603925681e-29,"1","C1orf131"
1.80941832447389e-34,0.387772087970381,0.129,0.104,1.62867552804219e-29,"1","TTF1"
2.31541303230778e-34,0.45141608263689,0.135,0.112,2.08412642451056e-29,"1","MRPL11"
2.40634688684724e-34,0.327769685097528,0.215,0.188,2.16597689632007e-29,"1","ATRAID"
2.48301019674644e-34,0.393601831967443,0.124,0.1,2.23498230819344e-29,"1","CEP290"
2.52075400160194e-34,0.33106635686353,0.202,0.173,2.26895588438192e-29,"1","MIDN"
2.63606095535518e-34,0.391844452587993,0.114,0.091,2.37274482652475e-29,"1","NBPF12"
2.76235489359366e-34,0.318586049115627,0.215,0.186,2.48642326327259e-29,"1","CYB5B"
2.92125812489795e-34,0.355048997525165,0.167,0.14,2.62945365080189e-29,"1","TXNDC16"
3.2569565360305e-34,0.409036725450193,0.119,0.095,2.93161914764641e-29,"1","GALC"
4.4130957900748e-34,0.295864257648559,0.193,0.166,3.97227165160423e-29,"1","FDPS"
4.95589015061987e-34,0.313582661687386,0.148,0.122,4.46084628347445e-29,"1","ASCC2"
5.15013681168792e-34,0.288500498568965,0.155,0.129,4.63568964556842e-29,"1","SMARCA4"
5.40230732553068e-34,0.293036606070135,0.25,0.222,4.86267084678342e-29,"1","NME3"
5.40289539017832e-34,0.308456358093392,0.149,0.123,4.86320016965341e-29,"1","FBXL3"
7.79879626255188e-34,0.386084383096382,0.124,0.1,7.01977450388558e-29,"1","GDAP2"
7.84258329664648e-34,0.336108133866935,0.147,0.122,7.05918765114447e-29,"1","SNHG1"
8.8555131261593e-34,0.455096716091238,0.119,0.096,7.97093591998725e-29,"1","ATP6V0E2"
9.30127705932183e-34,0.392367314676305,0.101,0.079,8.37217249386617e-29,"1","RBM7"
1.06912525346056e-33,0.382124717739939,0.13,0.106,9.62330331892385e-29,"1","TAF1B"
1.10172834862595e-33,0.260895150276222,0.246,0.217,9.91676703881701e-29,"1","PTTG1"
1.16072741537148e-33,0.322946289780526,0.175,0.148,1.04478235385002e-28,"1","ANKLE2"
1.27252536756997e-33,0.281385960227772,0.193,0.165,1.14541280860341e-28,"1","RMND5A"
1.55168522997016e-33,0.349653002974745,0.185,0.158,1.39668739234844e-28,"1","UFD1"
1.65949667449228e-33,0.378885392245053,0.127,0.103,1.49372955167725e-28,"1","MAP3K7"
1.72492090920087e-33,0.342471210416729,0.145,0.12,1.55261855958079e-28,"1","NFU1"
1.76053319974276e-33,0.357013553017849,0.198,0.171,1.58467353842046e-28,"1","CEACAM21"
1.91579102644609e-33,0.403193011472743,0.112,0.089,1.72442266081439e-28,"1","GNPAT"
2.13972396399332e-33,0.276919197345265,0.211,0.183,1.92598693723003e-28,"1","DUT"
2.76518051239378e-33,0.281965394749761,0.207,0.179,2.48896663101077e-28,"1","WWP2"
3.03561747485065e-33,0.376450803660553,0.145,0.12,2.73238964528781e-28,"1","SUSD3"
3.21446810196316e-33,0.264550001409274,0.233,0.205,2.89337488325806e-28,"1","AP2M1"
3.32557917515908e-33,0.386794293770116,0.161,0.135,2.99338707135244e-28,"1","RBKS"
3.57647571686561e-33,0.279452602450328,0.191,0.163,3.2192215575079e-28,"1","YTHDF2"
3.8759426061901e-33,0.294781397107082,0.184,0.156,3.48877469925778e-28,"1","PEX14"
3.9288934295374e-33,0.25059172107989,0.245,0.216,3.53643626486091e-28,"1","PSMB2"
4.72984361385972e-33,0.308314868802109,0.141,0.115,4.25737953527127e-28,"1","ZNF335"
4.73699706543472e-33,0.449651202025931,0.113,0.091,4.26381842856845e-28,"1","PUS7L"
5.03722653749707e-33,0.397082835323677,0.149,0.125,4.53405797866649e-28,"1","EPB41L4A-AS1"
5.28413451109352e-33,0.373909517051229,0.1,0.079,4.75630231478039e-28,"1","UTS2"
5.50305784512747e-33,0.433696977372514,0.117,0.094,4.95335739697769e-28,"1","TSR3"
5.61406174478618e-33,0.379497185075102,0.105,0.083,5.05327311709949e-28,"1","METTL14"
6.39644103558233e-33,0.290344609316294,0.176,0.148,5.75750054053801e-28,"1","SAE1"
6.40187234338145e-33,0.344784616932493,0.159,0.133,5.76238931500108e-28,"1","SIL1"
6.46469531569802e-33,0.286508787963923,0.2,0.172,5.81893690061294e-28,"1","LRPPRC"
7.75989907039658e-33,0.352848351488246,0.139,0.115,6.98476275225467e-28,"1","PWP1"
8.54917860035566e-33,0.284581507611873,0.139,0.114,7.69520114996613e-28,"1","EIF4G1"
9.6424617086927e-33,0.359671233260239,0.177,0.151,8.67927620861139e-28,"1","LAP3"
1.08332235836027e-32,0.410438687558113,0.301,0.271,9.75109287983663e-28,"1","IER5"
1.23739258162736e-32,0.343721460084861,0.425,0.398,1.1137894366486e-27,"1","GADD45B"
1.3346345744365e-32,0.466287332528441,0.112,0.09,1.20131792679604e-27,"1","COX11"
1.35374983731726e-32,0.308353325058718,0.138,0.114,1.21852376606764e-27,"1","TRNAU1AP"
1.38519543826841e-32,0.32569503483352,0.149,0.123,1.24682826593978e-27,"1","WDR47"
1.78638890462573e-32,0.25600673717013,0.236,0.207,1.60794651694266e-27,"1","NRBP1"
1.90195589321596e-32,0.37637867184643,0.105,0.083,1.71196951904262e-27,"1","ZDHHC2"
1.90662980841396e-32,0.328303802300157,0.176,0.15,1.71617655685149e-27,"1","MPG"
2.14774110483667e-32,0.366245916128808,0.162,0.138,1.93320324587453e-27,"1","TRAPPC2L"
2.35390572986681e-32,0.263734924700016,0.145,0.119,2.11877408651041e-27,"1","ERAP1"
2.68642223171745e-32,0.394985124348217,0.108,0.086,2.4180755149912e-27,"1","PIAS2"
2.71977629723429e-32,0.382530735029118,0.112,0.089,2.44809784290356e-27,"1","SACS"
3.03200918174532e-32,0.372567471977447,0.108,0.086,2.72914178458078e-27,"1","CWF19L1"
3.06385276582667e-32,0.407871510415738,0.102,0.081,2.75780451304824e-27,"1","IKZF5"
3.24077117518497e-32,0.426093280060809,0.114,0.092,2.91705054249574e-27,"1","IFT57"
3.56464944140785e-32,0.292095042758648,0.159,0.133,3.20857660870562e-27,"1","CDS2"
4.0964055097424e-32,0.338377218792879,0.148,0.124,3.68721556337423e-27,"1","IER3IP1"
4.78738254763262e-32,0.344589751742594,0.135,0.111,4.3091709049496e-27,"1","SUCLA2"
5.88889937311576e-32,0.379413228438772,0.112,0.09,5.30065721473523e-27,"1","MOGS"
7.27146972448695e-32,0.430548043500178,0.104,0.082,6.54512261370795e-27,"1","FASTKD2"
7.30078863822861e-32,0.422223419298913,0.115,0.092,6.57151286115595e-27,"1","METAP1"
7.69813115155944e-32,0.306281150164427,0.142,0.117,6.92916483083017e-27,"1","OSBP"
7.70459657607717e-32,0.298205115726501,0.188,0.161,6.93498442409282e-27,"1","ELP4"
7.89702304554437e-32,0.31337377058368,0.156,0.13,7.10818941352494e-27,"1","EHBP1"
7.99382718321989e-32,0.416373792583017,0.132,0.109,7.19532378588805e-27,"1","SLC35D2"
9.64821066138004e-32,0.274228796828076,0.17,0.143,8.68445089841479e-27,"1","CYB5R4"
1.78617911250903e-31,0.430988601756763,0.129,0.107,1.60775768096051e-26,"1","CCDC28A"
1.82701537954009e-31,0.365013768983935,0.11,0.088,1.64451481327783e-26,"1","KLHL7"
2.70201555277305e-31,0.337232146881944,0.112,0.089,2.43211121920655e-26,"1","IFI27"
2.707437783294e-31,0.351710935726494,0.109,0.088,2.43699182312076e-26,"1","DCLRE1C"
3.22005200151035e-31,0.435001121402462,0.108,0.087,2.89840100707948e-26,"1","OSGEP"
3.46797291862504e-31,0.260571264624461,0.187,0.16,3.12155710378358e-26,"1","IAH1"
3.72031058477526e-31,0.353664318720561,0.105,0.084,3.34868876046206e-26,"1","MRPL50"
3.96038745199935e-31,0.27567176169105,0.163,0.137,3.56478434941913e-26,"1","MED14"
6.01451436911124e-31,0.411488484583034,0.137,0.114,5.41372452878072e-26,"1","TUBGCP2"
7.57418828255294e-31,0.27357750041034,0.163,0.138,6.81760261500873e-26,"1","SASH3"
8.37566807810748e-31,0.443550813299091,0.145,0.122,7.53902259378533e-26,"1","COMMD8"
8.44149871415899e-31,0.323253264315527,0.121,0.098,7.59827740760165e-26,"1","ZNF529"
1.02374561359084e-30,0.397942501365306,0.125,0.102,9.21483664249253e-26,"1","CHIC1"
1.1805191436256e-30,0.427490524052425,0.1,0.079,1.06259708636884e-25,"1","GOLGA2"
1.20358810231015e-30,0.387366057819683,0.128,0.105,1.08336168677039e-25,"1","EIPR1"
1.21514556483611e-30,0.27370718738039,0.196,0.169,1.09376467436463e-25,"1","MRPL47"
1.34406577841888e-30,0.297656806195147,0.143,0.119,1.20980704781262e-25,"1","FAF2"
1.92673576869561e-30,0.349254465083137,0.122,0.1,1.7342741327606e-25,"1","MTOR"
2.08932817274357e-30,0.314767526651042,0.123,0.1,1.88062518156822e-25,"1","NFKBID"
2.3064753514482e-30,0.322932306618394,0.126,0.103,2.07608152859204e-25,"1","RSPRY1"
2.47105774409118e-30,0.271357944197092,0.169,0.143,2.22422378603392e-25,"1","AGPS"
2.61437431318846e-30,0.379834992651756,0.105,0.084,2.35322446304406e-25,"1","MXRA7"
2.93624671799564e-30,0.32472549716198,0.133,0.11,2.64294503333506e-25,"1","VKORC1"
3.10775218775018e-30,0.453333494169669,0.105,0.085,2.79731882171581e-25,"1","EAF1"
3.17651130917479e-30,0.416455929810341,0.1,0.079,2.85920959450132e-25,"1","RNF44"
3.39883457020264e-30,0.272373600149862,0.176,0.15,3.0593249849851e-25,"1","MICU1"
3.81299932926708e-30,0.377144446662031,0.142,0.119,3.43211882626659e-25,"1","CHCHD5"
4.01087981497408e-30,0.291313175255083,0.119,0.097,3.61023303025632e-25,"1","TFDP1"
4.04244571240373e-30,0.353317416325657,0.144,0.121,3.63864581019172e-25,"1","IFI35"
4.41989943767028e-30,0.36426388962455,0.112,0.09,3.9783956828414e-25,"1","ARSG"
4.54244928662451e-30,0.394972317101705,0.118,0.097,4.08870402738359e-25,"1","CLK3"
5.36080656953957e-30,0.414404671257657,0.117,0.096,4.82531560130827e-25,"1","HERC6"
5.37809858777388e-30,0.348825259519339,0.107,0.086,4.84088031984114e-25,"1","EFL1"
5.5536636256631e-30,0.333234205307158,0.188,0.163,4.99890816609561e-25,"1","SPSB3"
7.16992752806646e-30,0.272834515311296,0.152,0.127,6.4537234672879e-25,"1","GPD2"
8.10269409628413e-30,0.253049243127258,0.141,0.116,7.29331598300631e-25,"1","GPR107"
9.54013412237121e-30,0.406387918927145,0.13,0.107,8.58717012488755e-25,"1","NUDT16L1"
1.08011400599708e-29,0.35188137266663,0.119,0.097,9.72221417938032e-25,"1","MAEA"
1.11224950058575e-29,0.25671464917471,0.324,0.293,1.00114689797224e-24,"1","PMAIP1"
1.22010475265707e-29,0.399171357168429,0.13,0.107,1.09822848891415e-24,"1","USP38"
1.42891416502793e-29,0.271394683596852,0.172,0.147,1.28617992908329e-24,"1","ATP6V1D"
1.43405464641806e-29,0.279256136503897,0.225,0.199,1.29080692778736e-24,"1","TXNL4A"
1.52730148352509e-29,0.273155321132744,0.186,0.16,1.37473933833577e-24,"1","ILKAP"
1.63440140352906e-29,0.318674982708198,0.105,0.084,1.47114104733054e-24,"1","ZNF33B"
1.69172033928596e-29,0.411404673407652,0.104,0.084,1.52273439459469e-24,"1","PIGN"
1.74180403316728e-29,0.269411394133573,0.106,0.085,1.5678152282942e-24,"1","MTSS1"
1.77004193211412e-29,0.347747890732986,0.12,0.098,1.59323244351524e-24,"1","ZNF236"
2.01810796915895e-29,0.260305239396278,0.215,0.186,1.81651916411966e-24,"1","FAM13A"
2.0514527936607e-29,0.384818595475328,0.119,0.097,1.84653317410193e-24,"1","NUDT22"
2.06822711582582e-29,0.274131511833621,0.165,0.14,1.86163190922598e-24,"1","PPM1A"
2.08276052995783e-29,0.421233377028329,0.115,0.094,1.87471358062034e-24,"1","PPIH"
2.11277285119129e-29,0.366193966302929,0.12,0.098,1.90172797108579e-24,"1","HEXD"
2.62964012927562e-29,0.281369669856404,0.172,0.148,2.36696537676228e-24,"1","LAMTOR2"
2.78868796711267e-29,0.271883894526095,0.19,0.165,2.51012592607778e-24,"1","NUDT5"
3.29068989581097e-29,0.272893895571704,0.147,0.123,2.96198288211841e-24,"1","SPAST"
3.73879246629563e-29,0.382830678138905,0.108,0.087,3.36532448683736e-24,"1","TOMM70"
3.74549957388126e-29,0.387044287849784,0.111,0.09,3.37136162144626e-24,"1","C1orf35"
3.81735667478959e-29,0.359895252561178,0.112,0.091,3.43604091654486e-24,"1","RINT1"
4.30065741542294e-29,0.270691373317447,0.187,0.161,3.87106474619634e-24,"1","SRGAP2"
4.64935174559724e-29,0.331629495247142,0.101,0.081,4.18492799972953e-24,"1","ACTA2"
5.10724081170394e-29,0.29018953781421,0.153,0.129,4.59707852702283e-24,"1","PIN4"
5.19856841915967e-29,0.265404425731044,0.121,0.098,4.67928341976981e-24,"1","ZNF592"
6.23049539969071e-29,0.265687678609879,0.189,0.163,5.60813121421561e-24,"1","PIKFYVE"
6.29403963697466e-29,0.302555041272503,0.166,0.142,5.66532801763726e-24,"1","TM2D3"
6.98330843931074e-29,0.279580120670968,0.109,0.087,6.28574575930799e-24,"1","KIAA1671"
7.16837035103885e-29,0.259203381197805,0.129,0.106,6.45232183667358e-24,"1","SLC27A2"
7.78132553084943e-29,0.258350678614728,0.23,0.204,7.00404892357288e-24,"1","BRD7"
7.83755783974853e-29,0.382606389984885,0.116,0.094,7.05466418713605e-24,"1","ATG10"
9.10757906332514e-29,0.296213921770626,0.154,0.13,8.19782299068959e-24,"1","GYG1"
9.96653380727929e-29,0.300387256368812,0.145,0.121,8.97097674527016e-24,"1","COX19"
1.11228592396283e-28,0.320024495340058,0.109,0.088,1.00117968301818e-23,"1","GART"
1.31407979008722e-28,0.374264478747881,0.108,0.087,1.18281635985541e-23,"1","PNPT1"
1.36182729699328e-28,0.300683589053978,0.181,0.156,1.22579436829662e-23,"1","LAX1"
1.45471389953677e-28,0.429418294811055,0.106,0.086,1.30940252811205e-23,"1","C2orf49"
1.70454378178056e-28,0.373019847525295,0.112,0.091,1.5342769034185e-23,"1","FAM78A"
1.86167476866599e-28,0.353935829645394,0.131,0.109,1.67571207602395e-23,"1","LNPK"
1.86805228553457e-28,0.265198470612137,0.194,0.169,1.68145254273252e-23,"1","SIT1"
1.92006874276503e-28,0.413987770208887,0.163,0.139,1.72827307605023e-23,"1","UAP1"
2.02895710380496e-28,0.278560445542284,0.118,0.096,1.82628457870589e-23,"1","LIMD1"
2.04299586502945e-28,0.355240856120342,0.108,0.087,1.83892100807166e-23,"1","ABCD3"
2.3058821580511e-28,0.367579310280642,0.112,0.091,2.07554758928338e-23,"1","BCKDHB"
2.476654122584e-28,0.316980901150335,0.106,0.085,2.22926114227909e-23,"1","SLC36A4"
2.49380604057927e-28,0.269025079118821,0.197,0.17,2.24469975518581e-23,"1","USP37"
2.51208700392882e-28,0.31396782496577,0.118,0.097,2.26115463310637e-23,"1","AP1B1"
2.55125728900469e-28,0.372786489665998,0.12,0.099,2.29641219840601e-23,"1","FLOT2"
2.68119022594473e-28,0.367232751746036,0.134,0.112,2.41336613427511e-23,"1","HMGXB3"
2.8407417027361e-28,0.389332263413908,0.15,0.128,2.55698001404979e-23,"1","APEX1"
2.94177294145896e-28,0.282317041291964,0.186,0.161,2.64791924233663e-23,"1","RPTOR"
3.07181654850647e-28,0.265919108876979,0.163,0.139,2.76497279347616e-23,"1","SDF2"
3.29599763223562e-28,0.305654242774958,0.118,0.096,2.9667604287516e-23,"1","MAU2"
3.32324381841592e-28,0.308996796212535,0.179,0.155,2.99128499339435e-23,"1","RCN2"
3.62937774834777e-28,0.380759560599532,0.126,0.104,3.26683920506531e-23,"1","STX18"
3.66284167777204e-28,0.377472661238017,0.122,0.101,3.29696042257939e-23,"1","TATDN1"
4.09822811857549e-28,0.311318416969233,0.173,0.149,3.68885611181098e-23,"1","SREK1IP1"
4.2827271751726e-28,0.258316755643156,0.134,0.111,3.85492555764461e-23,"1","UBE2O"
4.54102338881116e-28,0.273549548493695,0.177,0.151,4.08742056250281e-23,"1","PREPL"
4.98597293011812e-28,0.353482866144592,0.122,0.101,4.48792409412862e-23,"1","ANKRD49"
5.43912904303954e-28,0.27091991581885,0.182,0.157,4.89581444293032e-23,"1","SSR1"
6.24822422251088e-28,0.39509867239768,0.101,0.081,5.62408910492427e-23,"1","TMEM39A"
7.71835845885121e-28,0.393297210572947,0.13,0.109,6.94737163239656e-23,"1","RGS19"
1.06810492693422e-27,0.432016933881605,0.102,0.082,9.61411925782762e-23,"1","VAMP4"
1.09089154389319e-27,0.375877091693371,0.141,0.12,9.81922387573698e-23,"1","ACAT2"
1.53051278005043e-27,0.40160476823249,0.103,0.083,1.37762985845119e-22,"1","TRAFD1"
1.56981075441357e-27,0.267652285204651,0.107,0.086,1.4130023581552e-22,"1","ABL2"
1.707455401274e-27,0.39122647669311,0.114,0.094,1.53689768124074e-22,"1","TPRKB"
1.74687386473773e-27,0.339710041592325,0.138,0.115,1.57237863438907e-22,"1","COPS3"
1.92951178096049e-27,0.268349803571584,0.196,0.172,1.73677284916034e-22,"1","COPS6"
2.02871675493909e-27,0.400390688331101,0.117,0.097,1.82606823828823e-22,"1","PDHB"
2.4360328300934e-27,0.275427049910047,0.192,0.168,2.19269751069537e-22,"1","FAM162A"
2.64297234672167e-27,0.297113456673418,0.172,0.149,2.37896583900764e-22,"1","PSMC4"
2.68859432516844e-27,0.351654679264541,0.116,0.096,2.42003063802737e-22,"1","TBC1D20"
2.89537258286804e-27,0.338705446461323,0.119,0.098,2.60615381556536e-22,"1","NAA20"
2.96213014613764e-27,0.413988936722955,0.111,0.091,2.66624296583995e-22,"1","DUS1L"
3.02644275833968e-27,0.368874366202831,0.12,0.099,2.72413139120913e-22,"1","DRAM2"
3.23999632740255e-27,0.310112159687086,0.182,0.158,2.91635309425831e-22,"1","KLHL5"
3.28081201308609e-27,0.41456131019205,0.105,0.086,2.95309170109892e-22,"1","PGM1"
3.30093770147038e-27,0.338234494604181,0.106,0.086,2.9712070344705e-22,"1","EXOC7"
3.36096589822583e-27,0.336341289454893,0.137,0.115,3.02523901465205e-22,"1","DERL2"
3.65914497352836e-27,0.347808171996672,0.119,0.099,3.29363298212261e-22,"1","SLC25A13"
3.94294354816684e-27,0.327510990469895,0.165,0.142,3.54908291714045e-22,"1","NDUFAF2"
4.40767743166656e-27,0.335182267785008,0.14,0.118,3.96739453301739e-22,"1","NDUFS3"
4.52173559790631e-27,0.384083126325969,0.119,0.098,4.07005942903145e-22,"1","TPRG1"
5.84999558544993e-27,0.328306120945981,0.117,0.096,5.26563952641934e-22,"1","MAP3K13"
6.03878746144205e-27,0.290919764160316,0.169,0.145,5.4355729819186e-22,"1","GCHFR"
6.96009711126049e-27,0.27583927859992,0.166,0.142,6.26485301081668e-22,"1","UST"
7.8891036267224e-27,0.314961694092105,0.159,0.136,7.1010610654491e-22,"1","CCDC14"
8.35282096610022e-27,0.310916478911468,0.143,0.121,7.51845767979647e-22,"1","GTF2H5"
8.72003607581424e-27,0.351612782745964,0.299,0.275,7.84899167220116e-22,"1","GPR183"
9.31461158457421e-27,0.373968509338601,0.109,0.089,8.38417503339109e-22,"1","STX4"
1.46261470105526e-26,0.302361463071119,0.155,0.132,1.31651411856685e-21,"1","STARD3NL"
1.70164618391951e-26,0.313865537566011,0.137,0.116,1.53166874660779e-21,"1","ESD"
1.73924333567821e-26,0.32284930406475,0.134,0.113,1.56551031887731e-21,"1","DDX52"
1.88237289071137e-26,0.324313778503381,0.13,0.109,1.69434266265821e-21,"1","MRPL36"
2.01331723233266e-26,0.347690933220419,0.105,0.085,1.81220697399495e-21,"1","CTDP1"
2.20446912711143e-26,0.317058971825244,0.163,0.141,1.98426470600427e-21,"1","MRPS15"
2.45916592941339e-26,0.371943680885345,0.115,0.095,2.21351984472429e-21,"1","MRPS27"
2.57305448449429e-26,0.320155293600234,0.152,0.13,2.31603207203816e-21,"1","PFDN1"
3.45204126077235e-26,0.371543796565272,0.169,0.145,3.1072168592338e-21,"1","FAM241A"
3.69629743549635e-26,0.414840968464135,0.112,0.092,3.32707428466462e-21,"1","CDKN2AIP"
4.07722834397066e-26,0.325700952191972,0.131,0.109,3.66995400469143e-21,"1","PGM2L1"
4.92912835678109e-26,0.352392178353543,0.101,0.082,4.43675772522223e-21,"1","SLC30A6"
4.95196682163336e-26,0.281265517887497,0.148,0.126,4.4573148558204e-21,"1","NDE1"
5.3875940480423e-26,0.338983452094015,0.112,0.092,4.84942727858336e-21,"1","KIF3A"
5.97529436999277e-26,0.398886693934868,0.113,0.093,5.37842221537419e-21,"1","TDP1"
6.10603421527963e-26,0.252920243883341,0.155,0.132,5.49610245751535e-21,"1","CERS5"
6.65938215751716e-26,0.256505440496171,0.116,0.095,5.99417647380277e-21,"1","MAML1"
6.86883154053206e-26,0.3831466430382,0.103,0.084,6.18270395794832e-21,"1","WRNIP1"
8.32181033984154e-26,0.309339026622172,0.13,0.109,7.49054470499477e-21,"1","SLC9A8"
9.30887694936153e-26,0.298736446882049,0.106,0.086,8.3790132308898e-21,"1","ZRANB1"
9.65544613013615e-26,0.253584387307143,0.185,0.161,8.69096361619685e-21,"1","CYBC1"
9.98925489610844e-26,0.41634850292992,0.103,0.084,8.99142822453617e-21,"1","WDR11"
1.06651884056156e-25,0.285885906513987,0.125,0.104,9.59984273577866e-21,"1","SPIN1"
1.09251182781483e-25,0.267642111315127,0.174,0.15,9.83380821334407e-21,"1","GABPB1-IT1"
1.10797725618417e-25,0.341948772223078,0.14,0.119,9.97301408063937e-21,"1","DYNLT3"
1.19524529051987e-25,0.398767948914096,0.123,0.103,1.07585223844984e-20,"1","TSEN15"
1.33451416280098e-25,0.252485449712133,0.131,0.109,1.20120954307879e-20,"1","DGCR2"
1.36601703769354e-25,0.350711783123608,0.102,0.083,1.22956559579833e-20,"1","ARL13B"
2.05516934113406e-25,0.324012390996848,0.138,0.117,1.84987847564818e-20,"1","MRPL13"
2.20647466591779e-25,0.271012564044355,0.166,0.143,1.98606991153926e-20,"1","EXOSC1"
2.20758661686444e-25,0.356239451314378,0.132,0.111,1.98707078970585e-20,"1","SF3A3"
2.2470497760821e-25,0.371958541110021,0.117,0.097,2.02259197394925e-20,"1","TRMO"
2.86923219842806e-25,0.328238168432569,0.12,0.1,2.58262459412708e-20,"1","HAUS2"
2.96268821772409e-25,0.314856400318458,0.129,0.108,2.66674529165563e-20,"1","ORMDL2"
3.72250623905662e-25,0.278353573040852,0.144,0.122,3.35066509083726e-20,"1","AP3D1"
3.74029890675707e-25,0.348850434732241,0.141,0.12,3.3666804489611e-20,"1","FAM120AOS"
3.97220600424318e-25,0.279362885572036,0.166,0.143,3.57542234647933e-20,"1","NFYC"
4.29973014265264e-25,0.305891032606641,0.165,0.143,3.87023009870307e-20,"1","GRPEL1"
4.76951960246911e-25,0.315153063967007,0.121,0.101,4.29309228937847e-20,"1","SCAMP1"
4.85409853005225e-25,0.252188807913686,0.148,0.125,4.36922262788533e-20,"1","ZBTB43"
4.9633503742339e-25,0.282237563859352,0.184,0.161,4.46756130535167e-20,"1","PLK3"
5.6218261633495e-25,0.268801959128161,0.158,0.135,5.06026194789252e-20,"1","SCMH1"
6.70553434919545e-25,0.250764696859397,0.175,0.152,6.03571852305431e-20,"1","HACL1"
8.21160439465071e-25,0.306799510446684,0.168,0.145,7.39134723166905e-20,"1","ULK4"
8.758856613757e-25,0.258731490812534,0.194,0.171,7.88393442660881e-20,"1","SOAT1"
9.02492238908614e-25,0.424073752847709,0.1,0.082,8.12342289164033e-20,"1","PRDX4"
9.5240228858576e-25,0.354062208302127,0.135,0.115,8.57266823978929e-20,"1","GID8"
1.16131857184614e-24,0.334613109810071,0.222,0.2,1.04531445970443e-19,"1","SOCS3"
1.19466856200954e-24,0.363383990238801,0.14,0.12,1.07533311935041e-19,"1","TEX264"
1.26953414520215e-24,0.257453703251541,0.14,0.118,1.14272037943791e-19,"1","SYMPK"
1.30290650787991e-24,0.320914998640211,0.118,0.098,1.17275917680779e-19,"1","RIT1"
1.33673204558266e-24,0.28885430944794,0.174,0.152,1.20320588154941e-19,"1","PITHD1"
1.79688730145561e-24,0.310396337363527,0.203,0.18,1.61739622891321e-19,"1","FDX1"
1.8682846468709e-24,0.375486139764263,0.112,0.093,1.68166169349497e-19,"1","OTUD7B"
1.99556348491029e-24,0.305749592187389,0.11,0.09,1.7962266484026e-19,"1","KDM1A"
2.01684867219231e-24,0.277236233837952,0.204,0.181,1.81538565832702e-19,"1","NDUFV1"
2.16095414846076e-24,0.274880002960398,0.114,0.094,1.94509643857101e-19,"1","MADD"
2.6388063766333e-24,0.322613817078042,0.126,0.106,2.3752160076714e-19,"1","TAPT1"
2.91529627523427e-24,0.40643948655564,0.112,0.094,2.62408733030112e-19,"1","TSR2"
2.92292833609606e-24,0.386296275591543,0.105,0.087,2.63095702460343e-19,"1","STX10"
2.94322511847473e-24,0.336480538395947,0.107,0.088,2.64922636139029e-19,"1","DDHD2"
3.60543646970531e-24,0.393700317417621,0.124,0.105,3.24528942074645e-19,"1","PLGRKT"
4.10028608278441e-24,0.29645682061276,0.104,0.085,3.69070850597507e-19,"1","MARK4"
4.23074243684601e-24,0.298406455623303,0.123,0.103,3.80813357482946e-19,"1","RAB2B"
4.7192763690629e-24,0.259846519122799,0.146,0.124,4.24786785255721e-19,"1","TBC1D14"
6.22974954986377e-24,0.363175495388615,0.119,0.099,5.60745986732788e-19,"1","RIOK1"
7.16007351372937e-24,0.306970643373462,0.129,0.109,6.44485377044295e-19,"1","GOLIM4"
7.66138186040627e-24,0.305662726006057,0.134,0.114,6.89608642637029e-19,"1","PWWP3A"
8.98936166067956e-24,0.324905354308408,0.12,0.1,8.09141432439428e-19,"1","RRM1"
9.13916721940593e-24,0.43897536481617,0.11,0.092,8.22625580585948e-19,"1","CDKN2D"
9.57450185252151e-24,0.300428824391707,0.124,0.105,8.61810486247314e-19,"1","ANGEL2"
1.01748215677444e-23,0.268196661771605,0.11,0.091,9.15845864134242e-19,"1","RBM10"
1.07605522155852e-23,0.396386167856393,0.106,0.088,9.68568065477043e-19,"1","INIP"
1.08685158852926e-23,0.281016730202142,0.128,0.108,9.78285983351072e-19,"1","BCL2L13"
1.12480676016659e-23,0.305602098188052,0.138,0.118,1.01244981289355e-18,"1","UQCC2"
1.17949168007742e-23,0.268988456176484,0.172,0.15,1.06167225615448e-18,"1","BTBD1"
1.31101746624951e-23,0.36212085574764,0.115,0.096,1.18005993154584e-18,"1","JOSD2"
1.49961732404221e-23,0.386826177439422,0.134,0.115,1.34982054954363e-18,"1","SEPHS2"
1.55537001749261e-23,0.319207748838616,0.119,0.1,1.40000410644527e-18,"1","MOB2"
1.63794976535959e-23,0.316889648690182,0.119,0.099,1.47433496329782e-18,"1","KANTR"
1.65938984300497e-23,0.428432149969852,0.102,0.084,1.4936333915872e-18,"1","PRPSAP2"
1.89426380392786e-23,0.381797508145481,0.113,0.094,1.7050457925535e-18,"1","CRNKL1"
2.1997603403484e-23,0.254303261128592,0.212,0.19,1.980026279951e-18,"1","WBP11"
2.66962571620142e-23,0.287364236653074,0.126,0.106,2.40295680341006e-18,"1","FLOT1"
2.69883103605051e-23,0.300350535517798,0.109,0.09,2.42924480385942e-18,"1","BMP2K"
3.25113489170381e-23,0.296615433262958,0.108,0.089,2.92637902737152e-18,"1","WARS2-AS1"
3.80047735359731e-23,0.267470464101139,0.184,0.162,3.42084767074647e-18,"1","ECD"
4.34425100154798e-23,0.378656704782794,0.101,0.084,3.91030376900335e-18,"1","TSN"
5.85339503839987e-23,0.263777926592819,0.138,0.117,5.26869940801411e-18,"1","LSM12"
5.94136766664183e-23,0.39000765348051,0.101,0.083,5.34788445042098e-18,"1","VCPKMT"
7.2343599341122e-23,0.2580864052165,0.172,0.15,6.51171972029373e-18,"1","THOC1"
7.40639473166517e-23,0.317408184821625,0.106,0.088,6.66656996191914e-18,"1","SMARCD1"
7.69048611967224e-23,0.332935310375026,0.113,0.094,6.92228346117818e-18,"1","GDE1"
1.3525842419495e-22,0.385524126229785,0.107,0.09,1.21747460202116e-17,"1","CRELD2"
1.37966457812731e-22,0.276674387745875,0.194,0.173,1.24184988341818e-17,"1","EMC7"
1.63394571873468e-22,0.333687369217529,0.134,0.115,1.47073088089027e-17,"1","KDSR"
1.98818196796406e-22,0.259517219307695,0.169,0.147,1.78958247118413e-17,"1","MX2"
2.23376029966674e-22,0.329997306657712,0.184,0.162,2.01062998333303e-17,"1","LINC02328"
2.46826708256917e-22,0.37226241666071,0.107,0.089,2.22171188369134e-17,"1","RNF113A"
2.59515375789066e-22,0.260473928042272,0.192,0.17,2.33592384901497e-17,"1","FBXO7"
2.8180444079129e-22,0.295066298971941,0.14,0.12,2.53654995200648e-17,"1","KANSL2"
2.96619388704614e-22,0.27898504301724,0.163,0.142,2.6699007796691e-17,"1","RAB28"
3.66902244878441e-22,0.256348566490968,0.124,0.105,3.30252379637533e-17,"1","UBE2J2"
3.70137117854604e-22,0.305999791823083,0.13,0.111,3.33164121152107e-17,"1","CHSY1"
4.82001650850292e-22,0.328397878376863,0.124,0.105,4.33854505946857e-17,"1","ZNF821"
5.07565807173534e-22,0.261596327154905,0.108,0.089,4.5686505869497e-17,"1","XPO7"
5.44545948987245e-22,0.262807548472182,0.13,0.11,4.90151254142909e-17,"1","HACD2"
6.55835048440539e-22,0.313297450574925,0.121,0.102,5.90323685451813e-17,"1","ZDHHC5"
9.05795909548651e-22,0.301837217217463,0.119,0.1,8.15315956143836e-17,"1","SBF2"
9.38392287277373e-22,0.300284414156279,0.144,0.124,8.44656281701236e-17,"1","MRPL42"
1.21739386948972e-21,0.282109485943076,0.147,0.127,1.09578839586639e-16,"1","BBS9"
1.42519199683448e-21,0.275576128108283,0.116,0.098,1.28282956827069e-16,"1","IMMP1L"
1.47259427193911e-21,0.262183435781054,0.156,0.136,1.32549683011511e-16,"1","PSMC1"
1.47695472959353e-21,0.337015230100617,0.1,0.083,1.32942172165443e-16,"1","NCBP1"
1.5324780316224e-21,0.295985950515843,0.117,0.099,1.37939880104364e-16,"1","MTMR1"
1.66783142213018e-21,0.292145427603372,0.117,0.099,1.50123174137359e-16,"1","TMEM161B"
1.89302119138674e-21,0.34444866318282,0.102,0.084,1.70392730457912e-16,"1","GDI1"
3.39583547987931e-21,0.292953371402169,0.115,0.097,3.05662547379416e-16,"1","DHX30"
3.7419505100475e-21,0.355275085647595,0.11,0.093,3.36816707359886e-16,"1","AFG3L2"
3.82656117205421e-21,0.253619064062976,0.203,0.182,3.44432597657771e-16,"1","LAMTOR1"
4.24810153351307e-21,0.263033779497252,0.135,0.115,3.82375867133045e-16,"1","DCUN1D1"
4.32846420949451e-21,0.259189763843265,0.182,0.161,3.8960939196081e-16,"1","SNHG15"
4.6900114655496e-21,0.312269397162219,0.105,0.087,4.22152622025585e-16,"1","TRAF3IP2-AS1"
4.97472417901768e-21,0.302483651241115,0.159,0.138,4.4777989807756e-16,"1","ITM2C"
5.06794639329283e-21,0.281874017981873,0.142,0.122,4.56170922806681e-16,"1","MINDY3"
5.39100966623614e-21,0.354043719663694,0.134,0.117,4.85250171067582e-16,"1","PDLIM2"
6.02275575473714e-21,0.314629838532619,0.127,0.109,5.42114268239644e-16,"1","GTPBP4"
6.22432339414948e-21,0.362018875311173,0.125,0.108,5.60257573030789e-16,"1","PEX2"
7.36213877987279e-21,0.258210587186163,0.168,0.147,6.62673473715129e-16,"1","HSD17B11"
7.56805059262378e-21,0.295630902607872,0.132,0.113,6.81207801892659e-16,"1","POLB"
7.57739334401648e-21,0.364713223441195,0.11,0.093,6.82048752288268e-16,"1","PPIE"
8.29912512822135e-21,0.290991798947305,0.117,0.099,7.47012551916332e-16,"1","PRR5"
8.60858607247378e-21,0.291372280195151,0.102,0.085,7.74867440969437e-16,"1","WBP1L"
8.75613262070349e-21,0.438851213000973,0.117,0.099,7.88148253322141e-16,"1","CCDC50"
1.03924230983463e-20,0.363915821798247,0.106,0.089,9.35432395505249e-16,"1","CUTC"
1.13041089436135e-20,0.313551621814515,0.105,0.088,1.01749415012359e-15,"1","ATL3"
1.39503872829962e-20,0.301236207992873,0.116,0.098,1.25568830972977e-15,"1","PDHX"
1.47533471183829e-20,0.337577867838403,0.147,0.128,1.32796352747276e-15,"1","ARHGEF9"
1.49270097185286e-20,0.293817000128458,0.107,0.089,1.34359507177448e-15,"1","ISG20L2"
1.95495322589043e-20,0.360115591784907,0.127,0.109,1.75967294815623e-15,"1","HTATSF1"
3.02196240027911e-20,0.274911060036362,0.11,0.092,2.72009857611523e-15,"1","SLC39A9"
3.25731772896495e-20,0.321249303704896,0.109,0.091,2.93194426101864e-15,"1","CDKN2A"
3.61010776944281e-20,0.251309274218908,0.12,0.102,3.24949410435317e-15,"1","UBA1"
3.95534162882124e-20,0.397572741969475,0.101,0.084,3.56024255351829e-15,"1","TRAF2"
4.13088179560218e-20,0.250138774813233,0.213,0.193,3.71824801303948e-15,"1","STMP1"
4.65300606262322e-20,0.271743398025785,0.126,0.108,4.18821728702779e-15,"1","HEG1"
5.25053171450869e-20,0.264609500721142,0.193,0.172,4.72605610154642e-15,"1","GPR89B"
5.60733085463683e-20,0.313153837723902,0.163,0.144,5.04721457556716e-15,"1","TMEM14C"
5.9076712570413e-20,0.322468067243714,0.102,0.085,5.31755397517545e-15,"1","TDP2"
6.99765248253473e-20,0.350539389417846,0.223,0.204,6.29865697605434e-15,"1","HAVCR2"
8.01952380441347e-20,0.282509271295985,0.14,0.122,7.21845357159061e-15,"1","KLHDC2"
9.0326987612153e-20,0.261419055970237,0.191,0.172,8.13042248195751e-15,"1","FAM174C"
9.56657775124836e-20,0.316932374052872,0.124,0.107,8.61097229967616e-15,"1","TMEM126A"
1.29229723970274e-19,0.333998817281035,0.125,0.108,1.16320966842884e-14,"1","THYN1"
1.34771195159698e-19,0.319060998200386,0.152,0.133,1.21308900475196e-14,"1","GLO1"
1.41298672047749e-19,0.295173051876921,0.117,0.099,1.27184347696899e-14,"1","DMAC1"
1.59980576736477e-19,0.301846795517888,0.11,0.093,1.44000116926271e-14,"1","HMGXB4"
1.74643861045971e-19,0.325651751796282,0.116,0.098,1.57198685766089e-14,"1","SNRNP35"
1.94036045776336e-19,0.33333208189605,0.123,0.106,1.74653785163738e-14,"1","PTRHD1"
2.06619120113369e-19,0.272627950575865,0.105,0.088,1.85979936205244e-14,"1","ZNF75D"
2.97345856523093e-19,0.27626208740214,0.132,0.113,2.67643978915001e-14,"1","ABCA5"
3.62146552791104e-19,0.321690779499725,0.109,0.092,3.25971733632801e-14,"1","DCAF11"
3.6473221380525e-19,0.330007551656466,0.118,0.101,3.28299112968243e-14,"1","ALG5"
4.71594894762247e-19,0.254182310345522,0.118,0.101,4.24487280724446e-14,"1","ZNF254"
5.4631988335244e-19,0.354504419988593,0.105,0.088,4.91747990204365e-14,"1","ASL"
5.57846705111847e-19,0.321616489850422,0.106,0.09,5.02123397738225e-14,"1","ZNF622"
5.65975353259924e-19,0.282696670446996,0.102,0.086,5.0944007522279e-14,"1","NADSYN1"
5.76881817168206e-19,0.292554730677007,0.14,0.122,5.19257092451274e-14,"1","DCTN2"
6.78338853030699e-19,0.29202876547635,0.104,0.088,6.10579585001463e-14,"1","GMIP"
9.70441182194927e-19,0.251096138665807,0.18,0.161,8.73503812505476e-14,"1","BLOC1S2"
1.00437956471395e-18,0.285488749677721,0.134,0.117,9.04052089994674e-14,"1","AKR1A1"
1.08208314857409e-18,0.253922287624606,0.112,0.095,9.73993862863023e-14,"1","TAB3"
1.19733766905069e-18,0.330805211617481,0.101,0.085,1.07773560928921e-13,"1","FBXO38"
1.31035399289942e-18,0.33733122006225,0.107,0.091,1.1794627325487e-13,"1","YIPF3"
1.56490176380376e-18,0.302371872601424,0.107,0.09,1.4085837266174e-13,"1","VPS35L"
1.63318095646028e-18,0.296127348499392,0.134,0.116,1.47004251071946e-13,"1","TNFRSF10B"
1.67748605197929e-18,0.290367139554566,0.123,0.106,1.50992197024708e-13,"1","LCMT1"
1.80123951852743e-18,0.273378309887582,0.107,0.091,1.62131370302173e-13,"1","PML"
1.81570466887065e-18,0.30265371276156,0.106,0.09,1.63433392949716e-13,"1","HELLS"
1.99341607480743e-18,0.259828405076535,0.111,0.094,1.79429374309491e-13,"1","FUBP3"
2.01895479114874e-18,0.26596054451812,0.162,0.144,1.81728139706089e-13,"1","PUF60"
2.70815283325973e-18,0.293582989172496,0.104,0.088,2.43763544674542e-13,"1","GPAT4"
3.30481235419977e-18,0.250253501424158,0.218,0.197,2.97469464813876e-13,"1","HMGCS1"
3.76782645947388e-18,0.251514492666549,0.185,0.166,3.39145827443704e-13,"1","MPC1"
3.77133449215034e-18,0.295360748348632,0.118,0.101,3.39461588972944e-13,"1","RPA1"
5.4679777395933e-18,0.35163492438821,0.1,0.085,4.92178144318533e-13,"1","NDUFA8"
6.28852107285986e-18,0.312325924755587,0.103,0.088,5.66036070289188e-13,"1","SLC35C2"
6.32446922045746e-18,0.307549689899474,0.156,0.139,5.69271799002597e-13,"1","DBNL"
9.17036246009896e-18,0.250711225094409,0.113,0.096,8.25433495395968e-13,"1","CAPN1"
9.4844072874439e-18,0.314903319865265,0.105,0.089,8.53700984350113e-13,"1","AMMECR1"
1.17574900507582e-17,0.261545506013212,0.129,0.112,1.0583034369588e-12,"1","DUSP11"
1.26222333209372e-17,0.321400555916695,0.103,0.087,1.13613984345088e-12,"1","SH2D3C"
1.55430256069888e-17,0.321165900275822,0.11,0.094,1.39904327791067e-12,"1","MPPE1"
1.66358146163272e-17,0.260454757259829,0.249,0.23,1.49740630943023e-12,"1","FOSL2"
1.83282651089676e-17,0.333864040629501,0.105,0.09,1.64974547072329e-12,"1","LTA4H"
1.8392300654582e-17,0.268732155983502,0.135,0.118,1.65550937421958e-12,"1","PRDX3"
2.35464356716905e-17,0.28904812264966,0.113,0.097,2.11943822124454e-12,"1","KRCC1"
2.61005932975075e-17,0.264863262860679,0.158,0.14,2.34934050330195e-12,"1","SRSF8"
2.78067437444143e-17,0.265507146125611,0.118,0.102,2.50291281117848e-12,"1","RPRD1B"
2.82364037736798e-17,0.318649431606846,0.175,0.157,2.5415869400727e-12,"1","TOX2"
3.67595269943466e-17,0.367045948009427,0.107,0.091,3.30876178428813e-12,"1","AKTIP"
5.1408601643604e-17,0.351576137460897,0.103,0.088,4.62733964254244e-12,"1","U2AF1L4"
5.5092468018178e-17,0.343132715273454,0.1,0.085,4.95892813878422e-12,"1","DERA"
6.70296477402557e-17,0.27533904663428,0.124,0.107,6.03340562274815e-12,"1","PLEKHF1"
6.74370468874112e-17,0.330105235138769,0.113,0.097,6.07007602738277e-12,"1","MRPL16"
7.46105888931394e-17,0.303033539503984,0.114,0.098,6.71577371686037e-12,"1","IFIH1"
8.27234443999323e-17,0.279012274623764,0.137,0.121,7.44601995388230e-12,"1","MRPL22"
1.54765870385162e-16,0.288642405560167,0.123,0.107,1.39306307592389e-11,"1","TPGS2"
1.68976402391909e-16,0.292453079844664,0.117,0.101,1.52097349556981e-11,"1","SDAD1"
1.70089660669151e-16,0.307096830926315,0.122,0.106,1.53099404464909e-11,"1","NMRAL1"
1.8637666684245e-16,0.345026895446837,0.114,0.099,1.67759501591557e-11,"1","PRPF31"
2.69193755091437e-16,0.277495215342818,0.152,0.135,2.42303990895353e-11,"1","PMPCB"
3.14714279930503e-16,0.29508597466015,0.112,0.096,2.83277470508245e-11,"1","DHX40"
4.39774142359018e-16,0.3238583693068,0.12,0.105,3.95845103278776e-11,"1","BOLA3"
5.57356452104866e-16,0.277385310809092,0.118,0.103,5.01682116104111e-11,"1","GUSB"
6.22835784478188e-16,0.258663012670526,0.124,0.108,5.60620717966662e-11,"1","TCIRG1"
9.7234778526188e-16,0.307823784435031,0.103,0.088,8.75219964992071e-11,"1","TSSC4"
9.7957043024359e-16,0.260122782054338,0.1,0.085,8.81721139966558e-11,"1","LINC01278"
1.00656934346142e-15,0.338446439838527,0.103,0.088,9.06023131743056e-11,"1","CBX1"
1.11136254412462e-15,0.26946325223142,0.117,0.102,1.00034853959201e-10,"1","ASAH1"
1.45074567162867e-15,0.258751671288959,0.198,0.18,1.30583068648968e-10,"1","UPP1"
1.56036739705824e-15,0.25791701544876,0.121,0.105,1.40450229776609e-10,"1","DAP"
1.66800261431587e-15,0.280937282893386,0.127,0.111,1.50138583317186e-10,"1","EBP"
2.05393582080086e-15,0.279268603115621,0.114,0.099,1.84876817166107e-10,"1","DCAF13"
2.57190248480701e-15,0.289527864245906,0.119,0.103,2.31499514559964e-10,"1","GFM2"
2.74246577597963e-15,0.26312744725232,0.103,0.088,2.46852086961703e-10,"1","COG6"
2.83766564777526e-15,0.265246161922828,0.109,0.094,2.55421122621899e-10,"1","TRNT1"
3.07078693636131e-15,0.254406183745165,0.132,0.116,2.76404602928818e-10,"1","PRMT3"
4.29849725699272e-15,0.252880801428814,0.155,0.139,3.86912036599172e-10,"1","SELENOM"
4.67062081849928e-15,0.272420293226269,0.138,0.122,4.20407250493939e-10,"1","MRPS7"
1.44470986723277e-14,0.25415339162805,0.105,0.091,1.30039779859489e-09,"1","WBP4"
1.66701612849132e-14,0.25535668714848,0.108,0.093,1.50049788741632e-09,"1","NSUN3"
2.22999024676059e-14,0.276052562500673,0.126,0.111,2.00723652101167e-09,"1","DCK"
2.40581839859032e-14,0.315038344557981,0.108,0.094,2.16550119875513e-09,"1","BRMS1"
2.68957550932506e-14,0.278616861949155,0.119,0.104,2.42091381169858e-09,"1","TASP1"
4.99272666082344e-14,0.286633316970959,0.12,0.106,4.49400319467379e-09,"1","MAGED2"
5.07936741737896e-14,0.274978986514704,0.135,0.12,4.57198940605697e-09,"1","EXOSC8"
5.64261466785914e-14,0.25659172429302,0.127,0.112,5.07897388868669e-09,"1","AAGAB"
5.93507836910033e-14,0.260834621141912,0.102,0.089,5.3422233908109e-09,"1","FBH1"
7.61690943582259e-14,0.250600377386597,0.102,0.088,6.85605635227827e-09,"1","VRK3"
8.10169615486151e-14,0.278571368093154,0.106,0.092,7.29241772595239e-09,"1","RAP2C"
1.79933003072403e-13,0.290815858052724,0.106,0.093,1.619594953955e-08,"1","MZT1"
2.10861283551221e-13,0.254551962195857,0.108,0.094,1.8979834993729e-08,"1","TM9SF4"
2.93707438830623e-13,0.277720546800822,0.15,0.134,2.64369002765832e-08,"1","NR4A3"
3.32056091445774e-13,0.31809472187062,0.107,0.093,2.98887008471256e-08,"1","ING3"
6.41954092169223e-13,0.339489732697397,0.18,0.166,5.77829297902439e-08,"1","MIR181A1HG"
6.91011811434486e-13,0.340240709124773,0.106,0.093,6.21986641590295e-08,"1","SLC25A11"
7.88618695069146e-13,0.285973262327653,0.1,0.087,7.09843573618689e-08,"1","TIMM10"
8.65733385395172e-13,0.291774641173933,0.125,0.111,7.79255277528048e-08,"1","PNP"
9.09661146611094e-13,0.320362173737643,0.107,0.094,8.18795094676112e-08,"1","INPP1"
1.09537452656083e-12,0.315321327183939,0.117,0.103,9.85957565102667e-08,"1","MYBL1"
1.12217128995824e-12,0.273977095542001,0.157,0.143,1.01007759980431e-07,"1","ZNF428"
1.5499053424132e-12,0.26334482412804,0.102,0.089,1.39508529775955e-07,"1","RANBP3"
1.91127017992823e-12,0.278984559755467,0.128,0.115,1.7203534016552e-07,"1","ACAA1"
2.28150410201051e-12,0.292777288505193,0.117,0.104,2.05360465726068e-07,"1","ALDH9A1"
3.25321311777281e-12,0.288271294361232,0.106,0.094,2.92824965943848e-07,"1","NUBP2"
3.32572059044083e-12,0.405719960857209,0.194,0.18,2.9935143606617e-07,"1","ID3"
3.54171073230363e-12,0.271337355990255,0.101,0.089,3.18792924725382e-07,"1","MRPS35"
4.00094284391186e-12,0.259064248435031,0.101,0.089,3.60128866323351e-07,"1","TMED3"
5.27320185936971e-12,0.287874956988893,0.109,0.096,4.74646172563727e-07,"1","RBM19"
1.10564716489396e-11,0.286420456608451,0.1,0.088,9.95204069592701e-07,"1","CHRAC1"
1.11641288908727e-11,0.305773128173676,0.101,0.089,1.00489440559635e-06,"1","AKAP7"
1.48557030235144e-11,0.272852777011095,0.105,0.093,1.33717668484956e-06,"1","DPH3"
2.1337314120663e-11,0.25111529184863,0.163,0.149,1.92059298131499e-06,"1","CD4"
2.227481663917e-11,0.268568647895432,0.114,0.101,2.00497852050833e-06,"1","ZDHHC6"
2.72703498360543e-11,0.262291869038279,0.118,0.106,2.45463145909308e-06,"1","SENP1"
4.61738397859115e-11,0.279426209430527,0.148,0.136,4.15615349296968e-06,"1","TRAPPC6A"
7.63079049384414e-11,0.295709972894895,0.107,0.095,6.86855083141405e-06,"1","MGME1"
4.41606191721107e-10,0.252958516284442,0.103,0.091,3.97494149230086e-05,"1","ATG101"
7.07496116800688e-10,0.272122890142031,0.101,0.09,6.36824329693468e-05,"1","AKR7A2"
7.62019029331259e-10,0.253533699468434,0.108,0.097,6.8590094849136e-05,"1","POLR2H"
7.71258249175678e-10,0.296200787683784,0.183,0.171,6.9421726266552e-05,"1","BUD23"
2.80201928726573e-09,0.282199507161452,0.109,0.099,0.000252212558066076,"1","STOML2"
8.49625863884077e-08,0.275690802942939,0.1,0.091,0.00764756736340697,"1","TINF2"
1.47841564832652e-06,0.269554217625097,0.16,0.151,0.133073670921519,"1","IER3"
5.29952419790718e-06,0.252093883780228,0.109,0.101,0.477015472577823,"1","ICAM2"
3.97426496613438e-05,0.258535036560183,0.117,0.109,1,"1","DIPK2A"
0.000144531193938142,0.258864815988929,0.11,0.103,1,"1","MIR222HG"
0,1.90293548015103,0.821,0.378,0,"2","LINC01871"
0,1.80722604684723,0.725,0.291,0,"2","GZMB"
0,2.38843856478554,0.553,0.128,0,"2","ATP8B4"
0,1.44633647001134,0.695,0.28,0,"2","CD8A"
0,3.97388351936884,0.45,0.038,0,"2","PELO-AS1"
0,1.63211352626316,0.72,0.32,0,"2","ITGAE"
0,0.781209756607196,0.981,0.582,0,"2","MT-CO2"
0,0.669720256817279,0.973,0.575,0,"2","RPS19"
0,0.729865306101305,0.983,0.585,0,"2","MT-CO1"
0,0.460464488445954,0.975,0.578,0,"2","RPS27"
0,0.546031090756192,0.971,0.574,0,"2","RPL28"
0,0.924680287218827,0.966,0.571,0,"2","MT-ATP6"
0,0.759926340104837,0.968,0.573,0,"2","MT-ND4"
0,0.27343258841077,0.972,0.579,0,"2","RPL13"
0,0.515990711990916,0.973,0.581,0,"2","RPLP1"
0,0.501751480399047,0.96,0.568,0,"2","RPS15A"
0,0.270718290014596,0.964,0.573,0,"2","RPS18"
0,0.364343073427256,0.954,0.566,0,"2","RPS27A"
0,0.279048636556636,0.956,0.568,0,"2","RPS12"
0,0.462086728893287,0.952,0.564,0,"2","RPS28"
0,1.08340800393533,0.842,0.454,0,"2","NKG7"
0,0.532332326379912,0.95,0.562,0,"2","RPS15"
0,0.753958843436316,0.937,0.552,0,"2","RPS24"
0,1.12283487995678,0.817,0.432,0,"2","MT-ND5"
0,0.485073882804145,0.937,0.554,0,"2","RPL37"
0,0.325861068491345,0.945,0.562,0,"2","RPL11"
0,0.261892460002042,0.951,0.569,0,"2","RPL32"
0,0.276653014165912,0.948,0.566,0,"2","RPL39"
0,0.593146091713693,0.933,0.551,0,"2","RPL12"
0,0.482381281090767,0.946,0.564,0,"2","RPL41"
0,0.461103031330498,0.934,0.553,0,"2","RPL30"
0,0.32966437826413,0.945,0.564,0,"2","RPS29"
0,0.477449644394944,0.934,0.554,0,"2","RPL26"
0,0.423160567078142,0.936,0.556,0,"2","RPL19"
0,0.313521078210725,0.936,0.557,0,"2","RPS3"
0,0.276679191658856,0.942,0.563,0,"2","RPS2"
0,0.426618121544646,0.928,0.551,0,"2","RPS23"
0,0.356976636195086,0.936,0.559,0,"2","RPL18A"
0,0.522553804248199,0.951,0.574,0,"2","MT-CO3"
0,0.695038767808105,0.933,0.558,0,"2","MT-CYB"
0,0.551466881894735,0.912,0.538,0,"2","RPL18"
0,0.722319207842768,0.931,0.557,0,"2","MT-ND3"
0,1.4571599351984,0.595,0.222,0,"2","CD8B"
0,1.48728281502988,0.597,0.224,0,"2","KLRD1"
0,0.334309846618925,0.925,0.552,0,"2","RPL36"
0,0.423681636673351,0.912,0.54,0,"2","RPL35"
0,0.339290953231433,0.92,0.549,0,"2","RPL35A"
0,0.523228806539275,0.902,0.532,0,"2","RPL29"
0,0.556521120082264,0.9,0.533,0,"2","RPS7"
0,0.449265975355611,0.904,0.538,0,"2","RPS9"
0,0.461682819094794,0.903,0.538,0,"2","RPL15"
0,0.672447890693815,0.883,0.518,0,"2","RPL7A"
0,0.532565247552216,0.901,0.536,0,"2","RPS21"
0,1.74695646351487,0.486,0.123,0,"2","CXCL13"
0,0.271426256427977,0.902,0.541,0,"2","RPS25"
0,0.354241143941867,0.898,0.538,0,"2","RPL8"
0,0.520237215099454,0.881,0.522,0,"2","RPL6"
0,1.40454318854069,0.644,0.286,0,"2","MT-ND4L"
0,0.336627460288601,0.888,0.533,0,"2","RPS13"
0,0.48012151158883,0.875,0.523,0,"2","RPL24"
0,0.336633043967914,0.875,0.525,0,"2","RPL37A"
0,0.286144204243261,0.884,0.534,0,"2","RPL14"
0,0.459190938306186,0.861,0.512,0,"2","RPS10"
0,1.75866509048823,0.544,0.2,0,"2","HOPX"
0,0.346119498561573,0.86,0.517,0,"2","RPL10A"
0,1.49465708524087,0.572,0.229,0,"2","CTSW"
0,1.59943978616982,0.551,0.21,0,"2","ITGA1"
0,0.429412625874844,0.882,0.542,0,"2","MT-ND2"
0,0.359947838529686,0.845,0.506,0,"2","RPS5"
0,1.12699348399715,0.863,0.524,0,"2","MT-RNR1"
0,0.392507150201746,0.845,0.507,0,"2","RPL27"
0,0.605697034362792,0.839,0.506,0,"2","MT-ND1"
0,1.45307866514566,0.697,0.366,0,"2","FUT8"
0,0.460120538366639,0.828,0.497,0,"2","RPS11"
0,0.485679477850163,0.808,0.479,0,"2","RPSA"
0,0.824258981907578,0.764,0.435,0,"2","RPS26"
0,1.83629462609447,0.523,0.195,0,"2","LAG3"
0,0.851144660298744,0.944,0.618,0,"2","CCL5"
0,0.886057556455977,0.878,0.556,0,"2","MT-RNR2"
0,0.297102576365111,0.818,0.501,0,"2","RPL5"
0,1.49957958548027,0.529,0.214,0,"2","RIN3"
0,1.24130884585179,0.578,0.264,0,"2","RPS6KA3"
0,1.822470469745,0.467,0.155,0,"2","ENTPD1"
0,1.42044363551927,0.507,0.195,0,"2","MT-ATP8"
0,1.79243548883384,0.479,0.167,0,"2","HAVCR2"
0,0.942510906566046,0.756,0.451,0,"2","GZMA"
0,1.04136879852604,0.76,0.457,0,"2","TOX"
0,0.927286357966627,0.618,0.323,0,"2","CYRIB"
0,2.15150904248756,0.412,0.121,0,"2","MYO1E"
0,2.07505549517706,0.459,0.169,0,"2","PLPP1"
0,1.4336390434106,0.503,0.216,0,"2","PTMS"
0,0.887491395415318,0.552,0.265,0,"2","GZMH"
0,0.435500477166364,0.731,0.445,0,"2","RPL23"
0,1.76053274955198,0.429,0.145,0,"2","SRGAP3"
0,0.58915190863134,0.667,0.385,0,"2","CCL4"
0,0.955284692072237,0.537,0.259,0,"2","TALAM1"
0,0.930863784125247,0.74,0.465,0,"2","THEMIS"
0,0.852329024405272,0.737,0.469,0,"2","RBPJ"
0,1.26616719208101,0.549,0.282,0,"2","TRG-AS1"
0,1.39541773583105,0.421,0.154,0,"2","LINC02446"
0,0.265299040845948,0.709,0.445,0,"2","RPL36A"
0,3.75182603905681,0.289,0.028,0,"2","LINC02937"
0,1.08002818894351,0.638,0.381,0,"2","ALOX5AP"
0,3.42255166067079,0.284,0.028,0,"2","CCL3-AS1"
0,2.1743528261473,0.331,0.08,0,"2","GOLIM4"
0,2.15896464578102,0.333,0.082,0,"2","KLRC4"
0,2.00099802027937,0.351,0.1,0,"2","LINC02195"
0,0.394292483086808,0.667,0.421,0,"2","RPL36AL"
0,1.490681252377,0.398,0.154,0,"2","DAPK2"
0,1.55231001367246,0.435,0.191,0,"2","FAM3C"
0,1.29520075858257,0.444,0.202,0,"2","NELL2"
0,1.0473755611458,0.463,0.224,0,"2","BBLN"
0,1.99540637816094,0.321,0.085,0,"2","CHN2"
0,1.16197144384832,0.487,0.251,0,"2","PRF1"
0,0.925615375848197,0.793,0.558,0,"2","CD7"
0,1.14046710567955,0.452,0.218,0,"2","ARB2A"
0,1.32288015362579,0.463,0.229,0,"2","DGKH"
0,2.77330187369493,0.275,0.044,0,"2","KIR2DL4"
0,0.91133894578933,0.47,0.24,0,"2","ATP5MK"
0,1.24308369499611,0.434,0.205,0,"2","GALNT2"
0,1.66493938442733,0.414,0.191,0,"2","LINC00299"
0,0.456312708820867,0.57,0.348,0,"2","RPL22"
0,1.09466284717907,0.466,0.248,0,"2","JAML"
0,0.802973170224135,0.487,0.272,0,"2","H3-3A"
0,1.85652512306197,0.299,0.084,0,"2","CLNK"
0,1.54770038022468,0.333,0.119,0,"2","CCL3"
0,0.60560078113432,0.51,0.296,0,"2","RPS4Y1"
0,0.871074263175387,0.545,0.334,0,"2","CTSD"
0,1.04781022739786,0.416,0.207,0,"2","SLF1"
0,2.21487853256764,0.276,0.068,0,"2","CARS1"
0,0.722549493502083,0.647,0.439,0,"2","RAB27A"
0,0.447061740059728,0.515,0.308,0,"2","H2AZ1"
0,2.65695259878165,0.249,0.042,0,"2","ENSG00000234261"
0,0.890523919996374,0.422,0.218,0,"2","ATP5MJ"
0,0.828230316626134,0.546,0.344,0,"2","SUPT3H"
0,0.381642640990964,0.474,0.273,0,"2","IFNG"
0,0.95908277790335,0.377,0.177,0,"2","H1-10"
0,0.705867085394722,0.626,0.428,0,"2","CD63"
0,0.798316483292709,0.406,0.21,0,"2","MCTP2"
0,3.28091163185773,0.218,0.022,0,"2","ENSG00000290036"
0,0.964586415989315,0.453,0.258,0,"2","RUNX2"
0,1.06285883595955,0.483,0.288,0,"2","AHI1"
0,3.38849509603497,0.216,0.021,0,"2","ENSG00000289485"
0,1.19349439171644,0.362,0.167,0,"2","ENTPD1-AS1"
0,0.789680248514274,0.589,0.394,0,"2","SFMBT2"
0,0.637901749592617,0.687,0.493,0,"2","IKZF3"
0,1.28522345418493,0.391,0.197,0,"2","INPP5F"
0,0.457852228052681,0.507,0.315,0,"2","ENSG00000279483"
0,0.64230315731774,0.428,0.237,0,"2","CHASERR"
0,1.13286663955568,0.3,0.11,0,"2","PDE7B"
0,0.918127697568368,0.373,0.186,0,"2","BLTP1"
0,0.601761931234623,0.579,0.392,0,"2","LINC01934"
0,1.15852986545591,0.342,0.157,0,"2","ABCB1"
0,0.711497518065905,0.399,0.214,0,"2","CCL4L2"
0,1.06389101223571,0.355,0.17,0,"2","PRP4K"
0,0.540152875548731,0.721,0.536,0,"2","ID2"
0,0.788869786589025,0.381,0.198,0,"2","GNLY"
0,2.53184977436731,0.227,0.044,0,"2","NHS"
0,1.15733951882318,0.319,0.139,0,"2","EEIG2"
0,0.831938793744393,0.566,0.387,0,"2","PAM"
0,0.708209685999908,0.406,0.228,0,"2","TNIP3"
0,0.834438300817768,0.378,0.2,0,"2","MARCHF6"
0,1.50570689732421,0.273,0.097,0,"2","AKAP5"
0,0.590817055508628,0.75,0.575,0,"2","PTPN22"
0,1.7480517757765,0.258,0.083,0,"2","ZC3H12C"
0,2.65449104269804,0.207,0.034,0,"2","AFAP1L2"
0,0.961997362922292,0.349,0.177,0,"2","AP4B1-AS1"
0,1.26542561832985,0.299,0.127,0,"2","PDCD1"
0,1.6581421800502,0.263,0.092,0,"2","TNFSF4"
0,0.967549463326863,0.404,0.234,0,"2","GNPTAB"
0,1.1043162364245,0.309,0.14,0,"2","ADSS2"
0,0.787358599309675,0.363,0.195,0,"2","RPS27L"
0,0.728283012501655,0.403,0.236,0,"2","SLA2"
0,1.10037056810497,0.37,0.203,0,"2","UBASH3B"
0,0.526099796998102,0.453,0.287,0,"2","NCALD"
0,1.74732062221833,0.237,0.071,0,"2","KLRC2"
0,0.765119700110638,0.53,0.365,0,"2","GMDS"
0,0.609449750724883,0.594,0.429,0,"2","PAG1"
0,1.9406027591775,0.217,0.053,0,"2","ENSG00000274767"
0,0.6237114523453,0.495,0.331,0,"2","APOBEC3G"
0,0.637941731646807,0.716,0.552,0,"2","CD3G"
0,1.22813603938064,0.341,0.178,0,"2","MAP4K3"
0,1.89465421811067,0.225,0.062,0,"2","ADGRG5"
0,0.803188408039051,0.343,0.181,0,"2","ATOSA"
0,0.685588750302375,0.535,0.373,0,"2","PRKCA"
0,1.21661055515113,0.269,0.108,0,"2","YARS1"
0,1.17648823021333,0.276,0.116,0,"2","GFOD1"
0,1.8099220346609,0.231,0.071,0,"2","ENSG00000290067"
0,1.25584157124752,0.278,0.118,0,"2","ENSG00000291143"
0,1.53195778667897,0.251,0.091,0,"2","ENSG00000268027"
0,0.708156037982637,0.429,0.269,0,"2","SYTL2"
0,2.29881064936892,0.208,0.049,0,"2","LRRN3"
0,0.685672210120671,0.576,0.417,0,"2","LSP1"
0,3.4239236271148,0.179,0.021,0,"2","ENSG00000301254"
0,0.936645177451058,0.309,0.151,0,"2","ENSG00000310376"
0,1.39504660518065,0.256,0.099,0,"2","TARS3"
0,2.38176728644873,0.193,0.037,0,"2","ETV1"
0,1.78682166904079,0.237,0.081,0,"2","SNAP47"
0,0.652525567946556,0.47,0.314,0,"2","ASXL2"
0,0.69262472005765,0.484,0.328,0,"2","CDK6"
0,1.02841104855454,0.287,0.131,0,"2","ENSG00000291073"
0,0.606822070955746,0.655,0.5,0,"2","LYST"
0,1.67866404322946,0.224,0.069,0,"2","ZNF683"
0,1.07372325362831,0.302,0.147,0,"2","CRIM1"
0,2.62935444023077,0.195,0.04,0,"2","ENSG00000228509"
0,0.908856422297953,0.402,0.249,0,"2","MEF2A"
0,0.607065519676439,0.422,0.27,0,"2","MAST4"
0,0.940901687794361,0.322,0.171,0,"2","S100PBP"
0,0.618800932603148,0.374,0.223,0,"2","H2AZ2"
0,2.56900377762372,0.175,0.024,0,"2","ENSG00000276241"
0,0.639177458955827,0.518,0.368,0,"2","PTPRA"
0,0.838292797888848,0.311,0.161,0,"2","MARCHF7"
0,0.98681342852495,0.309,0.16,0,"2","SIRPG"
0,3.13026828883544,0.168,0.02,0,"2","ENSG00000286084"
0,1.30445333113796,0.259,0.112,0,"2","NFIL3"
0,1.1628887767027,0.262,0.116,0,"2","BRD10"
0,0.778865309252464,0.319,0.174,0,"2","MIR155HG"
0,0.813611352140791,0.424,0.28,0,"2","XYLT1"
0,1.15389837832321,0.258,0.115,0,"2","GOLM2"
0,0.783826320548542,0.379,0.237,0,"2","R3HDM1"
0,0.98810632587735,0.256,0.114,0,"2","PIK3AP1"
0,0.800838486145347,0.354,0.212,0,"2","TRAF5"
0,1.25360783977346,0.234,0.093,0,"2","IFT25"
0,1.41378992561887,0.212,0.071,0,"2","SPRY1"
0,1.20004559616152,0.244,0.103,0,"2","LINC03009"
0,0.927360741825423,0.321,0.18,0,"2","STRBP"
0,1.18470556438372,0.251,0.11,0,"2","SETBP1"
0,1.03110966061855,0.268,0.128,0,"2","CCDC141"
0,1.71219472617086,0.206,0.066,0,"2","NBL1"
0,2.32228304948177,0.173,0.033,0,"2","KLRK1-AS1"
0,1.56253705082322,0.191,0.052,0,"2","VCAM1"
0,1.27125779508213,0.253,0.114,0,"2","GPD2"
0,1.95722104714302,0.192,0.053,0,"2","LINC02416"
0,1.05068314878435,0.26,0.122,0,"2","HYCC2"
0,0.856704650713385,0.377,0.239,0,"2","RAB3GAP1"
0,1.16934523692622,0.247,0.109,0,"2","KIAA0825"
0,1.02783802053684,0.257,0.119,0,"2","ENSG00000284634"
0,2.22935745138025,0.174,0.036,0,"2","RYR2"
0,1.06614059544384,0.261,0.124,0,"2","ATP10D"
0,0.963288381894188,0.27,0.133,0,"2","ATP10A"
0,0.65115637673204,0.303,0.166,0,"2","GCNT1"
0,1.37970190579933,0.221,0.085,0,"2","ZC3H12B"
0,1.28847129137988,0.241,0.105,0,"2","ACP5"
0,0.851689230499185,0.287,0.151,0,"2","TTN"
0,1.7251355956942,0.206,0.071,0,"2","BFSP2-AS1"
0,1.13024356993439,0.24,0.105,0,"2","MACROH2A1"
0,1.359534524486,0.22,0.085,0,"2","RFX3-DT"
0,0.481631715496376,0.869,0.734,0,"2","CD3D"
0,1.13145973316253,0.237,0.102,0,"2","IRAG2"
0,2.34455148681509,0.167,0.034,0,"2","JUN-DT"
0,0.859797402858234,0.32,0.187,0,"2","AUH"
0,1.43277995173667,0.214,0.081,0,"2","PGM5P2.1"
0,0.815085802351109,0.301,0.168,0,"2","MVB12B"
0,0.486802578233398,0.876,0.744,0,"2","CBLB"
0,0.877326364478579,0.324,0.192,0,"2","APOBEC3C"
0,2.06295021355401,0.18,0.049,0,"2","CD109"
0,0.890159319819675,0.286,0.156,0,"2","CAPG"
0,1.36470838314612,0.211,0.082,0,"2","MTATP6P1"
0,3.51608435533428,0.14,0.011,0,"2","ENSG00000287347"
0,1.5923516724638,0.202,0.073,0,"2","MTSS1"
0,1.14444218325867,0.221,0.092,0,"2","LAYN"
0,1.16679409209446,0.227,0.098,0,"2","NHERF1"
0,2.24774949722588,0.183,0.055,0,"2","ADAMTS6"
0,1.71243399737077,0.207,0.079,0,"2","KCNQ5"
0,1.55924093582308,0.196,0.068,0,"2","MIR3667HG"
0,0.990122219919425,0.279,0.152,0,"2","PTPN6"
0,1.16514781164937,0.226,0.1,0,"2","HYCC1"
0,0.855283567053203,0.253,0.127,0,"2","ENSG00000309976"
0,1.84548090983492,0.174,0.048,0,"2","CCL3L3"
0,1.40496340571881,0.185,0.059,0,"2","ENSG00000270240"
0,0.945487026600525,0.246,0.121,0,"2","DARS1"
0,0.93554587549076,0.243,0.118,0,"2","ANXA2R-OT1"
0,1.584499055699,0.182,0.057,0,"2","HLA-DQA2"
0,1.05575773709802,0.227,0.102,0,"2","RRN3P2"
0,0.985054901816929,0.249,0.124,0,"2","CD70"
0,1.2639012504278,0.206,0.081,0,"2","BCAS4"
0,1.57173467292763,0.181,0.057,0,"2","MYO7A"
0,1.67518471960917,0.179,0.056,0,"2","DTX2P1-UPK3BP1-PMS2P11"
0,2.40531572374423,0.155,0.032,0,"2","DPF3"
0,1.33735182923972,0.204,0.081,0,"2","ENSG00000302605"
0,1.58848046060652,0.174,0.052,0,"2","ENSG00000303688"
0,1.67237441130426,0.171,0.051,0,"2","TNS3"
0,0.995848584644492,0.226,0.106,0,"2","POLR1H"
0,3.3551514242957,0.135,0.016,0,"2","ENSG00000304809"
0,0.906542690084469,0.25,0.131,0,"2","ARL3"
0,1.01517243223755,0.245,0.127,0,"2","SNTB1"
0,0.438703968006042,0.832,0.716,0,"2","ATXN1"
0,1.24990293378031,0.212,0.096,0,"2","SLC27A2"
0,1.10769309919343,0.202,0.087,0,"2","ENSG00000291214"
0,1.74644656835232,0.163,0.048,0,"2","ENSG00000285280"
0,2.46206435949006,0.145,0.032,0,"2","PIP5K1B"
0,1.00128973483219,0.207,0.095,0,"2","FASLG"
0,1.87082108442711,0.153,0.041,0,"2","ENSG00000306273"
0,1.90052296631554,0.16,0.049,0,"2","LINC01480"
0,1.22683218367422,0.189,0.078,0,"2","KIAA1671"
0,2.19075632424513,0.136,0.026,0,"2","ENSG00000291013"
0,1.18955664065912,0.197,0.087,0,"2","CD200R1"
0,3.05125991880088,0.126,0.016,0,"2","ENSG00000302621"
0,0.949333072070068,0.211,0.102,0,"2","ZZZ3"
0,2.65527810190348,0.129,0.02,0,"2","TTC24"
0,0.804951627425159,0.208,0.099,0,"2","KLRC1"
0,1.69628556260311,0.152,0.045,0,"2","ENSG00000261435"
0,1.18761003510616,0.184,0.077,0,"2","PSME3IP1"
0,1.19643356233567,0.184,0.078,0,"2","NPIPB13"
0,2.48651236882085,0.13,0.025,0,"2","ENSG00000306285"
0,1.46055940487045,0.16,0.055,0,"2","ADGRG1"
0,1.49831784584049,0.157,0.052,0,"2","DNAAF9"
0,3.84306715683646,0.112,0.007,0,"2","ENSG00000294673"
0,3.02015961472502,0.12,0.015,0,"2","ENSG00000310242"
0,1.52002309699809,0.154,0.051,0,"2","CD101"
0,1.11018029676075,0.18,0.077,0,"2","PHB1"
0,1.59237983871778,0.156,0.054,0,"2","HECTD2"
0,1.73104931371182,0.144,0.042,0,"2","NEBL"
0,1.62382489233807,0.148,0.048,0,"2","ITGA2"
0,2.22135749404841,0.125,0.026,0,"2","ENSG00000293488"
0,1.1032547700534,0.169,0.072,0,"2","CARINH"
0,3.56129969256493,0.106,0.009,0,"2","ENSG00000258760"
0,1.11422555439958,0.175,0.079,0,"2","IARS1"
0,3.37065738805139,0.107,0.012,0,"2","ITGA9"
0,1.68419112562649,0.137,0.042,0,"2","ENSG00000290548"
0,1.65204169001857,0.136,0.041,0,"2","KCNK5"
0,1.12467510953045,0.167,0.073,0,"2","ENSG00000291203"
0,1.43417973692052,0.148,0.054,0,"2","MUC20-OT1"
0,1.50877242444239,0.142,0.049,0,"2","RDH10"
0,1.12064584349185,0.169,0.077,0,"2","MAD2L2"
0,1.20774532861395,0.16,0.068,0,"2","7SK.4"
0,1.46389749915186,0.135,0.044,0,"2","NCR1"
0,1.14139220739694,0.16,0.069,0,"2","LARS1"
0,1.54988163115545,0.133,0.043,0,"2","RPS6KA1"
0,3.09136177187831,0.101,0.011,0,"2","ATP8A1-DT"
0,1.07542447983322,0.156,0.066,0,"2","ST6GALNAC3"
0,1.9841363353667,0.121,0.032,0,"2","KRT86"
0,1.41382494165412,0.152,0.064,0,"2","MAP4K3-DT"
0,1.15429026027945,0.154,0.066,0,"2","ENSG00000235978"
0,2.75999344207839,0.105,0.017,0,"2","ENSG00000287277"
0,1.26778951827793,0.144,0.057,0,"2","LINC00539"
0,1.29201379484025,0.139,0.053,0,"2","GFUS"
0,1.42990329671098,0.136,0.05,0,"2","SARDH"
0,1.19150006335687,0.145,0.059,0,"2","ENSG00000307222"
0,1.60178066019356,0.138,0.054,0,"2","H1-4"
0,1.16104776229242,0.144,0.06,0,"2","ENSG00000261448"
0,1.18651852259054,0.139,0.056,0,"2","ENSG00000296425"
0,2.2365768699085,0.106,0.023,0,"2","PHEX"
0,1.57034789131229,0.142,0.059,0,"2","GOLM1"
0,1.28059830389389,0.134,0.052,0,"2","FRG1HP.1"
0,1.52235661219629,0.116,0.036,0,"2","ENSG00000285909"
0,2.11390162879497,0.101,0.022,0,"2","TARP"
0,1.41264734182693,0.125,0.047,0,"2","GARS1-DT"
0,1.41511680768361,0.119,0.041,0,"2","ENSG00000304354"
0,0.667447012400808,0.896,0.819,0,"2","GAPDH"
0,1.75101823437654,0.108,0.031,0,"2","ENSG00000258181"
0,1.59610144211682,0.112,0.036,0,"2","ENSG00000289439"
0,1.62742316296271,0.11,0.034,0,"2","ENSG00000267364"
0,1.75991964591139,0.103,0.029,0,"2","HLA-DRB6.1"
0,1.41227340813894,0.112,0.039,0,"2","CEP250-AS1"
0,1.76177234630412,0.105,0.032,0,"2","ELAPOR1"
0,1.74562323143028,0.1,0.028,0,"2","ANKRD35"
0,1.5161178843606,0.111,0.039,0,"2","PON2"
0,1.70741150355747,0.101,0.03,0,"2","ENSG00000286423"
0,1.54203190590281,0.104,0.033,0,"2","SDHAP3.1"
0,1.69238470952267,0.105,0.036,0,"2","MATR3"
0,1.5234383125789,0.103,0.034,0,"2","ERCC6L2-AS1"
0,1.47373886270848,0.105,0.037,0,"2","PCGF3-AS1"
0,1.55568952050141,0.1,0.032,0,"2","FRG1BP.1"
0,0.501585725542733,0.877,0.81,0,"2","SH3BGRL3"
1.48219693752374e-322,0.42519081751436,0.532,0.36,1.33414028543449e-317,"2","TIGIT"
2.07507571253324e-322,0.833430793567909,0.225,0.114,1.86779639960829e-317,"2","RPS19BP1"
2.86558074587923e-322,1.13577595152736,0.146,0.062,2.57933788517335e-317,"2","ENSG00000308157"
4.05133829589822e-322,1.25082855590858,0.131,0.053,3.64665011352095e-317,"2","SCPEP1"
5.23709584591721e-322,0.445850988549524,0.768,0.634,4.71396234186854e-317,"2","CD96"
4.45647212548804e-321,0.933042002232256,0.193,0.093,4.01131512487304e-316,"2","PECAM1"
2.15709060974288e-320,1.27587131021365,0.121,0.047,1.94161882873567e-315,"2","ENSG00000227486"
1.01461321029958e-319,0.431277422556619,0.757,0.63,9.13263496722758e-315,"2","HCST"
4.31507053764828e-319,0.566782523855906,0.696,0.573,3.88403814164259e-314,"2","DOCK8"
7.33517624305211e-317,0.990494855287344,0.173,0.08,6.60246548813363e-312,"2","SUGT1P3.1"
1.06914063477071e-313,0.447491798293995,0.942,0.913,9.62344176763463e-309,"2","ACTB"
4.30932902749703e-312,0.986507361957469,0.17,0.078,3.87887015094035e-307,"2","BTG1-DT"
8.65074360570252e-312,0.791237696134449,0.227,0.117,7.7866208269289e-307,"2","ENSG00000291046"
1.58810283276915e-311,1.02367635744123,0.24,0.13,1.42946724080384e-306,"2","TIAM2"
3.32297026184494e-311,0.444365052444694,0.702,0.563,2.99103876238925e-306,"2","EVL"
3.73559322037889e-311,1.09291139841959,0.162,0.073,3.36244481359524e-306,"2","EPRS1"
1.04869754776066e-308,1.06814495954795,0.163,0.074,9.43943149714849e-304,"2","H1-3"
9.60156820561187e-305,0.46855696715977,0.579,0.422,8.6424675575533e-300,"2","HLA-DRB1"
8.59324013759413e-302,1.03614498182195,0.179,0.086,7.73486138024985e-297,"2","AFG2A"
9.33742387624395e-301,0.708964232039537,0.384,0.248,8.40470860524594e-296,"2","CD226"
1.16081156336269e-300,1.10958970397087,0.154,0.069,1.04485809629839e-295,"2","TXLNGY.1"
4.28708849586696e-298,0.563947935569931,0.532,0.383,3.85885122601481e-293,"2","HLA-DPA1"
3.7007260044852e-297,1.03741552243546,0.203,0.104,3.33106048389718e-292,"2","BMPR1A"
6.29974373373176e-296,0.558083257309637,0.28,0.158,5.6704623321693e-291,"2","ENSG00000232855"
6.64420841165684e-296,1.35405313738005,0.104,0.039,5.98051843341644e-291,"2","CELF2-AS1"
3.24861573744833e-295,0.743448582359165,0.298,0.174,2.92411151143462e-290,"2","CHST12"
8.30696537020604e-295,0.619033860299961,0.295,0.17,7.47718259937616e-290,"2","TNFRSF9"
1.43553796566301e-294,0.99475206226974,0.167,0.078,1.29214207827293e-289,"2","ENSG00000269825"
2.94905784423008e-294,0.589905503264254,0.614,0.49,2.65447645616993e-289,"2","NAP1L4"
5.03063450604079e-291,0.695370690377333,0.253,0.139,4.52812442523238e-286,"2","ENSG00000302351"
6.7461168598803e-291,0.350471648808652,0.552,0.377,6.07224724674686e-286,"2","ZEB2"
2.62122358694021e-290,0.543853939248516,0.472,0.328,2.35938956284075e-285,"2","ANKRD28"
2.07659875783555e-288,0.466280316311278,0.782,0.662,1.86916730791536e-283,"2","PDE3B"
7.7964494114001e-288,0.556440962593097,0.554,0.41,7.01766207969534e-283,"2","SLFN12L"
7.96998726375612e-288,0.57884959201745,0.305,0.177,7.17386523597952e-283,"2","TRGC2"
4.05009029274478e-286,0.874278947816748,0.188,0.093,3.6455267734025e-281,"2","SARS1"
8.18271335445203e-286,1.23086785497873,0.12,0.049,7.36534211747582e-281,"2","YJU2B"
1.06229952478687e-284,0.623115018608664,0.239,0.128,9.56186425255914e-280,"2","ENSG00000273445"
6.44194769709166e-283,1.27689440003686,0.112,0.045,5.79846154162918e-278,"2","DYNC2I1"
5.25222384455244e-282,0.413581185812367,0.773,0.666,4.7275792047201e-277,"2","CELF2"
1.00994007469763e-281,0.949892760279318,0.195,0.099,9.0905716063608e-277,"2","ARK2N"
9.91895726544809e-281,0.824942116219017,0.253,0.143,8.92815262420248e-276,"2","DZIP3"
1.57441622217847e-280,1.17472874177221,0.12,0.049,1.41714778574506e-275,"2","ENSG00000301208"
9.36028106436388e-280,0.717365232323215,0.267,0.152,8.42528258884458e-275,"2","HLA-DQA1"
6.74480981766074e-279,0.821397473303812,0.215,0.113,6.07107076497461e-274,"2","NICOL1"
2.06172269323472e-278,1.38586490838256,0.102,0.039,1.8557772134075e-273,"2","LINC00540"
2.06481947528632e-275,1.31027533818213,0.155,0.074,1.85856465789997e-270,"2","LRRC28"
1.12978537853625e-274,0.581133396576943,0.522,0.379,1.01693111707426e-269,"2","MDFIC"
5.99569035615408e-274,1.16507315552795,0.115,0.047,5.39678084647785e-269,"2","PALM2AKAP2"
4.14977532800486e-272,0.973609935045057,0.159,0.076,3.73525427049046e-267,"2","SKIC3"
2.70637888332157e-269,0.472037610991671,0.661,0.529,2.43603869666658e-264,"2","COTL1"
2.55235801372952e-268,1.10987557228188,0.125,0.053,2.29740297173807e-263,"2","ENSG00000291175"
4.2829205363153e-264,0.78335718793111,0.271,0.16,3.85509960394277e-259,"2","SIT1"
4.49397303309488e-264,1.19376441110301,0.113,0.047,4.04507006681903e-259,"2","KRBOX5"
1.62338175734366e-263,1.1343894841334,0.105,0.041,1.4612221536026e-258,"2","ENSG00000301019"
4.96093439749126e-263,0.545373502937781,0.61,0.48,4.46538666052585e-258,"2","TPI1"
2.459500869352e-262,0.929235462278144,0.162,0.078,2.21382132751243e-257,"2","CSTPP1"
3.81622943416305e-262,0.571593077171745,0.447,0.311,3.4350262759845e-257,"2","BLOC1S1"
1.75473778459824e-261,0.588927451244464,0.311,0.188,1.57945702729472e-256,"2","RPS6KA5"
1.93404537757111e-261,0.457120870620386,0.594,0.449,1.74085358480553e-256,"2","CMIP"
1.23676665503396e-260,0.729108313017377,0.323,0.204,1.11322603386262e-255,"2","PPP1R21"
3.22036176341959e-260,0.991466522054787,0.148,0.069,2.89867982687161e-255,"2","TARS1"
7.903667148088e-257,1.200363311672,0.118,0.05,7.11416983666549e-252,"2","LINC01684"
9.46797253827578e-257,0.5743131092298,0.302,0.181,8.52221676142741e-252,"2","ENSG00000228655"
1.90152694714769e-255,0.774521684602769,0.177,0.089,1.7115834203971e-250,"2","GP6-AS1"
2.18169832783093e-255,0.965541949723382,0.149,0.07,1.9637684818639e-250,"2","ZNF37BP.1"
6.29613966871435e-255,0.769638977364018,0.311,0.196,5.66721827720647e-250,"2","MPHOSPH9"
2.55702776916117e-253,0.643980320500532,0.43,0.3,2.30160626529966e-248,"2","RFX7"
1.09725724340207e-251,1.10153025030677,0.162,0.081,9.8765221735864e-247,"2","MT-ND6"
2.74866496384169e-251,1.04462444315307,0.151,0.072,2.47410082060355e-246,"2","HMOX1"
1.48820673203754e-250,0.791066370618237,0.259,0.153,1.33954976157431e-245,"2","SRGAP2"
2.03489445451208e-249,1.12177119853555,0.118,0.051,1.83162884745087e-244,"2","SLC38A4-AS1"
1.1099019528915e-246,0.631129828234428,0.404,0.277,9.99033846817172e-242,"2","FKBP1A"
1.48809948282414e-246,0.858433327722489,0.183,0.095,1.33945322548483e-241,"2","MARCHF5"
2.19367451676834e-246,0.874575983839422,0.167,0.084,1.97454836928835e-241,"2","H2BC12"
6.46825517894219e-245,0.617017108837212,0.379,0.253,5.82214116911765e-240,"2","SEL1L3"
1.28737402199398e-243,0.940596662212803,0.157,0.077,1.158778230937e-238,"2","RPS6KC1"
2.75771523094709e-243,0.885790991623277,0.151,0.072,2.48224705652778e-238,"2","GAS7"
1.73787651385797e-242,0.739280943645693,0.216,0.119,1.56428002888869e-237,"2","POLR2J3.1"
4.41650187797577e-242,0.712176696320367,0.223,0.125,3.97533750538477e-237,"2","BMAL1"
7.76653617458585e-242,1.21766087442295,0.102,0.042,6.99073687610647e-237,"2","AHSA2P.1"
1.80378734840607e-241,0.967947041219078,0.137,0.064,1.62360703017379e-236,"2","MTRFR"
5.15688248065066e-240,0.851666007183492,0.161,0.08,4.64176148965846e-235,"2","FHIP2A"
1.44754477524827e-239,0.572836610896564,0.393,0.266,1.30294952764872e-234,"2","IFI27L2"
1.75027527001036e-239,0.751165606514307,0.239,0.137,1.57544027328902e-234,"2","ABI3"
3.21534522512744e-239,0.625929320346872,0.236,0.136,2.89416439058946e-234,"2","ENSG00000227240"
3.30460887796043e-239,0.708605613838018,0.229,0.13,2.97451149714097e-234,"2","CD38"
1.12996028457149e-237,0.510798049285206,0.551,0.421,1.01708855174564e-232,"2","CARD11"
4.64729750921956e-236,0.964701678261504,0.159,0.08,4.18307896102362e-231,"2","ENSG00000293320"
7.45211630659909e-235,0.354619036884817,0.79,0.686,6.7077244087329e-230,"2","CHST11"
1.69822697039981e-234,0.952508121628999,0.212,0.119,1.52859107832657e-229,"2","EDARADD"
2.92744306197632e-234,0.668985230095156,0.212,0.119,2.6350207745155e-229,"2","GEM"
2.16619392081094e-233,0.611014118739256,0.371,0.25,1.94981281006114e-228,"2","AGFG1"
3.51820132702188e-233,0.728161586873407,0.246,0.145,3.16676819646566e-228,"2","PLSCR1"
5.05120372495024e-232,1.25102976413604,0.102,0.043,4.54663898486496e-227,"2","RASD1"
7.15195568048941e-232,0.554122973534742,0.425,0.297,6.43754682756533e-227,"2","GPR174"
1.68522158161297e-231,0.781254652824012,0.245,0.146,1.51688479782565e-226,"2","CERS6"
3.42279775204935e-231,0.938292352066739,0.152,0.075,3.08089448459714e-226,"2","UQCC5"
1.89911129257899e-230,0.535768198245325,0.252,0.147,1.70940906556327e-225,"2","CRTAM"
1.41957753884377e-228,1.06060033789364,0.11,0.048,1.27777593848866e-223,"2","ENSG00000290928"
1.02714470205633e-226,0.906491773787332,0.148,0.073,9.24543217767922e-222,"2","RPL7L1"
3.86745942212998e-226,1.12078371731097,0.114,0.051,3.48113890045341e-221,"2","SMCO4"
4.10351712645308e-226,0.865368527103807,0.174,0.092,3.69361680069168e-221,"2","ABCD2"
8.41454656421829e-226,0.699064651132822,0.236,0.137,7.57401750791853e-221,"2","LMO4"
1.00425139256849e-220,0.445653081379672,0.599,0.465,9.0393672096482e-216,"2","ATP8A1"
2.44534863339476e-220,0.381823689062509,0.673,0.537,2.20108275840495e-215,"2","RGS1"
3.573334230034e-220,1.02497531507349,0.124,0.057,3.2163938737959e-215,"2","HARS1"
6.31027198441255e-220,0.845041605772814,0.165,0.085,5.67993891588958e-215,"2","KGD4"
2.70335060895073e-219,0.801800543808897,0.255,0.155,2.43331291662264e-214,"2","SNTB2"
6.35851581001826e-219,0.869010397938778,0.15,0.076,5.72336366575553e-214,"2","LINC01145.1"
7.78439281935199e-219,0.923897235241558,0.158,0.081,7.00680982062692e-214,"2","GFI1"
7.77846725071675e-217,1.0743341431659,0.104,0.045,7.00147615704265e-212,"2","ENSG00000293959"
2.20817202114859e-216,0.608350314503737,0.447,0.329,1.98759771795606e-211,"2","HLA-DRA"
2.50602001900053e-216,0.435896829853739,0.441,0.299,2.25569367930257e-211,"2","ENSG00000294512"
3.75384140525692e-216,0.614730844829771,0.239,0.141,3.37887018728581e-211,"2","CLIC3"
8.7112572915205e-214,0.315991416998784,0.416,0.284,7.84108980067052e-209,"2","VAV3"
3.55900069950497e-213,0.758460508229825,0.216,0.125,3.20349211963142e-208,"2","CDYL2"
3.84089031741798e-213,0.465220561006236,0.574,0.451,3.4572237836111e-208,"2","TBL1XR1"
2.17983451839382e-212,0.842964461543283,0.159,0.083,1.96209084835146e-207,"2","CHN1"
3.79177208029117e-212,0.940747893315014,0.128,0.061,3.41301196719089e-207,"2","ENSG00000290993"
2.05468298358854e-211,0.533220721137735,0.493,0.374,1.84944070035788e-206,"2","RASA1"
1.08379106492227e-210,1.01208814342944,0.122,0.058,9.75531175447181e-206,"2","LINC03006"
2.73325088246004e-210,0.810634479092192,0.184,0.101,2.46022645181111e-205,"2","ITGB7"
4.07414164857719e-210,0.980905129807679,0.112,0.05,3.66717563930082e-205,"2","ENSG00000296329"
3.6990154134306e-209,0.639097965478247,0.246,0.148,3.32952076378301e-204,"2","TOX2"
7.47450600047963e-209,0.500692727811086,0.466,0.342,6.72787759609172e-204,"2","PRDM1"
1.05280123894907e-207,0.330368663418424,0.67,0.527,9.47636923190451e-203,"2","CST7"
1.37042788179988e-206,0.280109448296692,0.828,0.73,1.23353584068689e-201,"2","SAMSN1"
1.20252535966098e-205,1.54438792265252,0.103,0.046,1.08240510148444e-200,"2","HLA-DRB5"
5.90501730289605e-205,0.848473320248135,0.146,0.074,5.31516512450976e-200,"2","H2AC25"
1.36130319978676e-204,0.840562486217857,0.143,0.072,1.22532262316006e-199,"2","ENSG00000289100"
1.57586882529046e-203,0.965443397864191,0.128,0.062,1.41845528833219e-198,"2","MARCHF8"
2.85752232568376e-203,0.950503474225134,0.174,0.096,2.57208442057121e-198,"2","ADAMTS17"
4.13053604731003e-203,0.287079855991957,0.258,0.156,3.71793680154423e-198,"2","SKIC8"
3.13282357435316e-202,0.971351729662636,0.111,0.051,2.81988582751102e-197,"2","C2CD5-AS1"
3.85437816545084e-201,0.849833350992904,0.127,0.062,3.46936433050396e-196,"2","ENSG00000295480"
8.60911643995856e-201,0.467650880803264,0.506,0.381,7.7491517987711e-196,"2","DRAP1"
5.43818459617831e-199,0.783583672993957,0.146,0.074,4.89496433686606e-194,"2","CASP4LP.1"
3.58448162367001e-198,0.425470338493284,0.291,0.182,3.22642775428161e-193,"2","RPL22L1"
8.92811280074211e-198,1.05215388312524,0.104,0.047,8.03628361307598e-193,"2","ENSG00000288891"
5.39138813638408e-197,0.546422973679664,0.342,0.23,4.85284237544067e-192,"2","GALNT1"
1.00460980013489e-196,0.652019621081281,0.261,0.164,9.04259327199417e-192,"2","ARHGEF12"
1.54993919626246e-196,0.922236911900737,0.127,0.062,1.39511576994781e-191,"2","GARS1"
2.54661158558663e-196,0.374968961675752,0.588,0.463,2.29223055430238e-191,"2","SIPA1L1"
2.23458105737503e-195,0.953235439617952,0.106,0.048,2.01136875555384e-190,"2","CD244"
8.44171824729656e-195,0.490064950282134,0.481,0.361,7.59847501157411e-190,"2","LCP2"
4.74087248975725e-193,0.585035304372439,0.202,0.116,4.2673067367554e-188,"2","TANK-AS1"
6.68789313613182e-192,0.403066230678831,0.592,0.468,6.01983949076361e-187,"2","RAPGEF1"
4.71120235747321e-191,0.999819611195441,0.105,0.048,4.24060035398521e-186,"2","RN7SL1"
1.37744569924595e-188,0.723709308432258,0.163,0.089,1.23985264834827e-183,"2","BLTP3B"
1.79810083643426e-188,0.475452790192512,0.447,0.33,1.61848854388284e-183,"2","BST2"
4.85779530176556e-188,0.984328917142212,0.11,0.052,4.3725501290722e-183,"2","POLR1HASP.1"
5.0019017130312e-188,0.733164449971131,0.205,0.121,4.50226175091652e-183,"2","ARHGEF9"
5.20800150208391e-188,0.656262872938642,0.255,0.162,4.68777423204075e-183,"2","SSH1"
1.03506162168221e-187,0.673666859060021,0.239,0.147,9.31669316292374e-183,"2","HLA-DMA"
1.56017118106219e-187,0.338134128654842,0.634,0.505,1.40432568178589e-182,"2","INPP4B"
2.34891205839543e-187,0.804293252275239,0.13,0.065,2.11427923288231e-182,"2","FAUP4.1"
1.79954413101201e-186,0.727875518864396,0.146,0.076,1.61978766776522e-181,"2","ENSG00000308299"
1.90944419199164e-186,0.821905010253411,0.202,0.119,1.7187098116536e-181,"2","ZDHHC14"
6.69735497735778e-186,1.07699491389524,0.121,0.06,6.02835618866951e-181,"2","PRRG4"
1.35971370446282e-185,0.890391408083889,0.107,0.05,1.22389190252402e-180,"2","SCCPDH"
4.26166420266852e-185,0.908046091898446,0.114,0.055,3.83596656546396e-180,"2","PDPR2P.1"
8.42261668093777e-184,0.826204481413824,0.13,0.066,7.5812815006789e-179,"2","VCF1"
1.44669668708636e-183,0.836489337501238,0.131,0.067,1.3021861550133e-178,"2","ENSG00000298748"
1.82811072970868e-183,0.791242292632389,0.213,0.129,1.64550074891808e-178,"2","SRGAP2C"
4.47078146277613e-183,0.601276685200793,0.404,0.295,4.02419510245942e-178,"2","GRAP2"
8.88353946137145e-183,0.513784907812411,0.443,0.328,7.99616270457506e-178,"2","DENND1B"
6.07493144040101e-182,0.535265057061085,0.406,0.296,5.46810653881935e-177,"2","PGAM1"
7.69742780329758e-182,0.768991210789027,0.193,0.113,6.92853174002619e-177,"2","SYT11"
2.24714414522459e-181,1.01537961254978,0.104,0.049,2.0226769165581e-176,"2","FBXO6"
5.34046161456418e-181,0.646855976138555,0.184,0.104,4.80700290388537e-176,"2","ENSG00000279583"
8.09622818123884e-181,0.570154694811901,0.287,0.188,7.28749594821489e-176,"2","TBCD"
1.28185533526456e-180,0.527823737799133,0.4,0.292,1.15381080582498e-175,"2","TRERF1"
5.94234256391065e-180,0.937260223002292,0.102,0.047,5.34876196520162e-175,"2","RSAD2"
9.34608640596764e-179,1.0795563311485,0.103,0.048,8.41250583487553e-174,"2","LIMK1"
1.10457588682778e-178,0.507214147742495,0.419,0.306,9.94239801492552e-174,"2","MAP4"
5.90034697449584e-178,0.845125608186413,0.38,0.288,5.31096131521345e-173,"2","RHOB"
2.0964394527926e-177,0.871328867482083,0.126,0.064,1.88702611585314e-172,"2","ENSG00000242588"
3.40314233052431e-177,0.45667822491249,0.544,0.431,3.06320244312824e-172,"2","CEP85L"
4.23439705579506e-177,1.05711515216833,0.1,0.047,3.81142313389169e-172,"2","ATP8B1-AS1"
6.10472922199969e-177,0.878240558104478,0.121,0.061,5.49492782001414e-172,"2","NARS1"
9.30449609651153e-177,0.323391638165593,0.318,0.209,8.375069981431e-172,"2","MCOLN2"
5.49442732299827e-176,0.396146020437302,0.367,0.25,4.94558897770397e-171,"2","RPS27P3"
1.4215689626953e-174,0.591157204185851,0.255,0.163,1.27956843901166e-169,"2","TSEN54"
8.57931565665879e-174,0.66370776216814,0.281,0.188,7.72232781571514e-169,"2","HIP1"
4.28877757348187e-173,0.649567059406427,0.206,0.123,3.86037158166677e-168,"2","CDC42EP3-AS1"
1.64293849595863e-172,0.465292647326144,0.577,0.475,1.47882536959732e-167,"2","CCDC91"
4.11612228372885e-172,0.686404183677538,0.164,0.092,3.70496282880717e-167,"2","H2AX"
2.27092993676536e-171,0.847582205514188,0.127,0.065,2.04408674538187e-166,"2","TOGARAM2"
9.77762681850785e-171,0.820571698798262,0.138,0.073,8.8009396756071e-166,"2","ENSG00000291149"
1.87127897406045e-170,0.859302130275421,0.139,0.074,1.68435691734155e-165,"2","PTPRK"
4.2617115252732e-170,0.509736555723364,0.207,0.124,3.83600916101366e-165,"2","H1-2"
6.69042640077968e-170,0.523804029636046,0.391,0.283,6.0221197076058e-165,"2","IGF2R"
6.53250874359472e-169,0.466636761127665,0.534,0.426,5.87997644519705e-164,"2","SNX9"
1.56181202229636e-168,1.01042774232491,0.101,0.048,1.40580261938917e-163,"2","GUSBP11.1"
2.19765514745185e-168,0.313344691783241,0.732,0.623,1.97813137477288e-163,"2","CLEC2D"
3.92087318279555e-168,0.76100612600648,0.12,0.061,3.52921716056611e-163,"2","COX10-DT"
1.50247008548202e-167,0.603791995034801,0.243,0.155,1.35238834864322e-162,"2","ST3GAL5"
1.19561031574994e-166,0.888904661589102,0.114,0.057,1.07618080130968e-161,"2","RARS1"
2.84451002604509e-165,0.597057224008413,0.287,0.193,2.56037191954345e-160,"2","ARHGAP9"
4.77670324945834e-165,0.778609547834859,0.135,0.072,4.29955836186995e-160,"2","DOCK5"
1.03821973871353e-164,0.280255079258096,0.67,0.546,9.34511969013434e-160,"2","RUNX3"
2.2912839097526e-164,0.51019498027994,0.204,0.123,2.06240756000741e-159,"2","ENSG00000236449"
2.74970752346483e-164,0.81944862697473,0.119,0.06,2.47503923894593e-159,"2","ENSG00000308860"
1.92868920643168e-163,0.323446618547696,0.711,0.61,1.73603244160122e-158,"2","CD3E"
4.87434570157239e-162,0.884449654507278,0.106,0.052,4.38744730944233e-157,"2","ENSG00000306199"
1.09793998428924e-161,0.501021503710858,0.337,0.235,9.88266759258589e-157,"2","IDH2"
2.27890437488868e-161,0.571764892103008,0.306,0.211,2.05126461688105e-156,"2","SFXN1"
2.88031118772854e-161,0.542678873141984,0.399,0.296,2.59259690318633e-156,"2","RNF115"
3.6047481475908e-160,0.458162406072284,0.276,0.18,3.24466985512795e-155,"2","PLAAT3"
1.65966893327331e-158,0.793458408680429,0.168,0.098,1.49388460352864e-153,"2","SLC2A13"
1.0021775050198e-157,0.28104264614467,0.576,0.449,9.02069994043372e-153,"2","HLA-DPB1"
2.02591240962503e-157,0.472555115535155,0.362,0.259,1.82354401902758e-152,"2","TBC1D10C"
3.71487091743545e-155,0.683441705867667,0.18,0.107,3.34379246149282e-150,"2","CYTH4"
1.37523564074836e-154,0.895735492654884,0.139,0.077,1.237863352594e-149,"2","ARSB"
1.51241092702197e-154,0.34484109869759,0.51,0.394,1.36133619952175e-149,"2","TSPAN5"
2.1460579474159e-154,0.420058303991487,0.457,0.347,1.93168821904852e-149,"2","RABAC1"
5.3080413525711e-154,0.875410101202843,0.135,0.074,4.77782110186278e-149,"2","ASB2"
5.32560812063882e-154,0.956595089182856,0.109,0.055,4.79363312546821e-149,"2","ELOVL6"
1.05427564319003e-153,0.341758019481844,0.73,0.647,9.48964049191774e-149,"2","LRBA"
2.39074509316555e-153,0.804132716684403,0.154,0.089,2.15193356580924e-148,"2","MEAK7"
3.7849256179106e-153,0.605745782506482,0.164,0.095,3.40684939793751e-148,"2","MIDEAS"
6.62774408746238e-153,0.260250620691257,0.413,0.299,5.96569873056576e-148,"2","FABP5"
7.88830189213636e-153,0.467734828521624,0.242,0.158,7.10033941613086e-148,"2","CSF1"
1.3592445063572e-152,0.504202891261325,0.442,0.336,1.22346957261718e-147,"2","TRAF3IP3"
2.7763297041199e-152,0.718265975465634,0.168,0.099,2.49900212997537e-147,"2","DENND10"
6.84147736818227e-151,0.808203169027345,0.118,0.061,6.15808219387455e-146,"2","CENATAC"
2.99784524915022e-150,0.339689133989622,0.72,0.637,2.6983904872126e-145,"2","ETS1"
3.79199864153982e-150,0.530012693157496,0.284,0.192,3.41321589723641e-145,"2","PSTPIP1"
1.31715145559389e-149,0.465874283816862,0.381,0.28,1.18558119669462e-144,"2","SMC4"
1.81865970537777e-149,0.548136379172328,0.334,0.239,1.63699378740758e-144,"2","PPP2R2B"
3.89367866501313e-149,0.521646259367952,0.234,0.15,3.50473910316497e-144,"2","OASL"
4.41548152602718e-149,0.780497810917244,0.153,0.088,3.97441907639233e-144,"2","THUMPD2"
8.02665486922248e-149,0.342976744499204,0.798,0.721,7.22487231433585e-144,"2","CD52"
2.10199541223873e-148,0.857213368428947,0.12,0.064,1.8920270905102e-143,"2","PPM1M"
3.02779687175484e-148,0.757193796364833,0.168,0.1,2.72535024223525e-143,"2","CLSTN3"
3.90311776095076e-148,0.531807455610621,0.269,0.18,3.51323532780939e-143,"2","RASSF1"
1.34025479514978e-147,0.800489163619416,0.1,0.049,1.20637674366227e-142,"2","ENSG00000247925"
3.90161555079574e-147,0.544132912567189,0.165,0.096,3.51188317342676e-142,"2","ENSG00000307107"
9.41457924772702e-147,0.363323946313212,0.555,0.444,8.47415692667157e-142,"2","PCED1B"
1.18312719306192e-146,0.692306518308281,0.127,0.069,1.06494461774696e-141,"2","ENSG00000241490"
2.44003119052674e-146,0.76434589044042,0.128,0.07,2.19629647490502e-141,"2","EPC1-AS1"
6.56647353995141e-146,0.757690501212569,0.116,0.061,5.91054849804566e-141,"2","POLR2J4.1"
1.4242921600004e-145,0.542027610204324,0.297,0.207,1.28201961613796e-140,"2","VWA8"
2.66749728612214e-145,0.969001568885942,0.12,0.065,2.4010409822114e-140,"2","LINC01572"
2.76568233451208e-145,0.488820386218057,0.566,0.459,2.48941832611767e-140,"2","DLEU2"
3.50184561790225e-145,0.615343789928436,0.166,0.098,3.15204625913e-140,"2","RSL1D1-DT"
2.13429966422946e-144,0.924414445625092,0.104,0.053,1.92110447076958e-139,"2","ABCA2"
7.54516643961596e-143,0.778825303271526,0.113,0.059,6.79147976396272e-138,"2","RGS9"
1.95703639712371e-141,0.571478860595902,0.217,0.139,1.76154803141503e-136,"2","RNF187"
2.20212076190586e-141,0.405325290834325,0.416,0.312,1.98215091899908e-136,"2","GTDC1"
3.66819920072237e-141,0.652923690332803,0.142,0.08,3.30178278256221e-136,"2","ENSG00000272368"
3.24753708947995e-140,0.842882796311278,0.121,0.065,2.92314060961179e-135,"2","MTHFD1"
5.2321335816525e-140,0.551451155912448,0.256,0.172,4.70949575818123e-135,"2","RHOC"
6.22675112281987e-140,0.285967685582078,0.547,0.435,5.60476095316139e-135,"2","SLA"
1.4994443832847e-139,0.49682075056638,0.279,0.191,1.34966488383839e-134,"2","CD82"
1.51157102056583e-139,0.279911190173389,0.684,0.57,1.36058019132151e-134,"2","PTPRJ"
6.35232882545842e-139,0.450416020201935,0.323,0.228,5.71779469908337e-134,"2","HMGN3"
1.25522787101435e-138,0.846463613925442,0.132,0.074,1.12984315897873e-133,"2","PRAG1"
3.23368367775287e-138,0.518678417603567,0.348,0.255,2.91067101518214e-133,"2","SCAPER"
4.06368175110675e-138,0.81718999851939,0.118,0.063,3.6577605809887e-133,"2","NUDT14"
2.45562401884318e-137,0.54426493656665,0.266,0.182,2.21033173560094e-132,"2","ZNF652"
4.6202697428735e-137,0.391222500410531,0.541,0.439,4.15875099825787e-132,"2","PSMA1"
6.97499639498169e-137,0.940991601608897,0.103,0.054,6.27826400508697e-132,"2","MCM5"
9.04989162599277e-136,0.83913039048421,0.13,0.073,8.14589795147235e-131,"2","XXYLT1"
4.04743828504304e-135,0.258039738017383,0.839,0.777,3.64313967475009e-130,"2","RABGAP1L"
7.81150150923429e-135,0.410115427266603,0.5,0.399,7.03121062347688e-130,"2","LY6E"
1.89444788451698e-134,0.599189333549001,0.229,0.152,1.70521148533258e-129,"2","PEX14"
4.16012450460039e-134,0.736441531250758,0.142,0.082,3.74456966783586e-129,"2","KIF5C"
2.24793594493496e-133,0.59998174037754,0.186,0.116,2.0233896233954e-128,"2","BARD1"
3.41464604580107e-133,0.619266427966204,0.204,0.131,3.073557052286e-128,"2","TWF2"
6.00977255035185e-133,0.83078971215672,0.103,0.054,5.40945637029721e-128,"2","MIR497HG"
7.32976400707848e-133,0.648061333404561,0.17,0.104,6.59759388041141e-128,"2","CLIC5"
1.48927637841488e-132,0.444560570932468,0.368,0.273,1.34051256097501e-127,"2","PCNX2"
2.52422856021747e-132,0.784837534186447,0.101,0.053,2.27208336933735e-127,"2","HEXIM2-AS1"
3.35371057965832e-132,0.643345100498741,0.194,0.124,3.01870842985625e-127,"2","ARNT"
6.77316769007753e-132,0.371229522946604,0.57,0.475,6.09659596951568e-127,"2","MSI2"
2.85199913618495e-131,0.399447013605222,0.551,0.453,2.56711294247144e-126,"2","ATP5ME"
3.9651761200201e-131,0.601080305217736,0.213,0.139,3.56909467739129e-126,"2","ZYX"
1.86238399038924e-130,0.797122560551501,0.114,0.062,1.67635045358926e-125,"2","MPST"
1.9097631103056e-130,0.576685008153341,0.228,0.152,1.71899687321717e-125,"2","CREBZF"
1.27205890603602e-129,0.725661770467163,0.134,0.077,1.14499294191209e-124,"2","ZNF767P.1"
2.08798333255683e-129,0.463740094512601,0.345,0.253,1.87941467746773e-124,"2","RASAL3"
2.67320695766127e-129,0.479744239992297,0.288,0.203,2.40618031466049e-124,"2","ARHGAP18"
5.38760188927908e-129,0.42406298709944,0.362,0.268,4.84943433655899e-124,"2","GRAMD1B"
5.50577170771839e-129,0.503329833798806,0.287,0.202,4.9558001718344e-124,"2","IER5L"
9.4143079464636e-129,0.362762118498378,0.465,0.362,8.47391272569135e-124,"2","PSMB8"
9.61576935595106e-128,0.605689219253774,0.362,0.274,8.65525015498511e-123,"2","RALA"
3.17407736949631e-127,0.337680247953993,0.586,0.487,2.85701878105732e-122,"2","PSMB9"
4.4972664418759e-127,0.357386885604748,0.195,0.123,4.04803449699692e-122,"2","ENSG00000253980"
8.89639100561574e-127,0.717125801448346,0.122,0.068,8.00773050806478e-122,"2","ENSG00000274265"
9.05240055555133e-127,0.389743218063055,0.454,0.355,8.14815626405731e-122,"2","PAXX"
9.18114425711158e-127,0.451329897166226,0.373,0.282,8.2640397572687e-122,"2","IVNS1ABP"
2.1483617137743e-125,0.29673846652619,0.509,0.403,1.93376186218539e-120,"2","SEMA4D"
2.47159027222778e-125,0.993116692045441,0.103,0.055,2.22470311993494e-120,"2","WWTR1"
5.78512239686878e-125,0.601919189440319,0.187,0.119,5.20724652064556e-120,"2","DNMT3A"
6.07109786647031e-125,0.72242639948087,0.142,0.084,5.46465590058859e-120,"2","AKAP7"
2.26894596210681e-124,0.385928155798333,0.344,0.251,2.04230094995196e-119,"2","SCML4"
3.1594739399547e-124,0.725977789132419,0.109,0.059,2.84387408809263e-119,"2","ENSG00000251034"
3.78071509518522e-124,0.344902209561492,0.559,0.46,3.40305946432717e-119,"2","LCK"
5.90341795232054e-123,0.438232741324562,0.279,0.196,5.31372553306324e-118,"2","CXCR6"
1.76526402339482e-122,0.792919484438874,0.12,0.068,1.58893180009791e-117,"2","PRKAR1B"
1.97423154882765e-122,0.742514561009084,0.133,0.077,1.77702555941526e-117,"2","PLAGL1"
9.37991593539083e-122,0.392789368373233,0.368,0.274,8.44295613260464e-117,"2","ABHD17A"
7.8293705052263e-121,0.481302946033986,0.284,0.201,7.04729468545925e-116,"2","KIF21A"
1.17312747658402e-120,0.634370298021462,0.196,0.128,1.05594377294804e-115,"2","CASS4"
5.1876852861892e-120,0.428382541970122,0.488,0.401,4.66948740295176e-115,"2","SOS1"
7.46219014558493e-120,0.557817986197974,0.157,0.096,6.71679197194245e-115,"2","LINC00869.1"
2.69958531098463e-119,0.696885572564421,0.107,0.059,2.42992373427038e-114,"2","HAPSTR1"
1.16403838828562e-118,0.40786416261814,0.342,0.251,1.04776259367977e-113,"2","C12orf75"
9.64740004576204e-118,0.446245708918064,0.287,0.205,8.68372125519087e-113,"2","XAF1"
1.02624666509417e-117,0.683406278995694,0.124,0.071,9.23734885717916e-113,"2","ENSG00000294153"
1.73320673405787e-117,0.355291934310924,0.573,0.483,1.56007671339283e-112,"2","PGK1"
5.57302002276736e-117,0.443883879515889,0.368,0.282,5.01633105269312e-112,"2","ZNF609"
2.18032326189774e-116,0.763483957888704,0.144,0.087,1.96253077126678e-111,"2","BMP2K"
7.24121709997417e-115,0.551255246960047,0.235,0.163,6.51789192385775e-110,"2","CSGALNACT1"
1.2241991015844e-114,0.35852783616496,0.496,0.401,1.10191385332714e-109,"2","CKLF"
2.33993320601078e-114,0.315235230521241,0.519,0.418,2.10619727806237e-109,"2","ARHGEF3"
2.8248137766585e-114,0.848457751211789,0.109,0.061,2.54264312850808e-109,"2","DRAIC"
4.28345100697059e-114,0.695944989315636,0.113,0.064,3.85557708588429e-109,"2","H2AC6"
5.57461870316171e-114,0.567115696555775,0.191,0.125,5.01777004090289e-109,"2","DDX60"
2.08487891254522e-113,0.687463449164613,0.114,0.065,1.87662035797108e-108,"2","ENSG00000308148"
2.27183547557121e-113,0.418218233929699,0.315,0.231,2.04490182991641e-108,"2","TIAM1"
5.94686434820767e-113,0.52531754742179,0.212,0.143,5.35283206846521e-108,"2","SMARCAD1"
5.0429807811129e-112,0.618043229130734,0.25,0.178,4.53923743088754e-107,"2","HIPK2"
5.86022094102273e-112,0.347343490962155,0.39,0.298,5.27484347122397e-107,"2","BAX"
9.88366951108366e-112,0.408069084857185,0.225,0.151,8.89638976362151e-107,"2","ENSG00000287555"
1.28769014129276e-111,0.332178918957731,0.444,0.35,1.15906277307902e-106,"2","OSBPL3"
1.71887765679774e-111,0.334354362200634,0.46,0.364,1.54717896766022e-106,"2","EIF4G3"
1.96282134902105e-111,0.570686699107053,0.226,0.156,1.76675512446733e-106,"2","PREP"
5.01547371921777e-111,0.385120771916929,0.185,0.118,4.51447804940511e-106,"2","ENSG00000280138"
6.92430608082502e-111,0.679391156699428,0.13,0.077,6.23263714641141e-106,"2","FANCL"
7.92825996140249e-111,0.592871941034825,0.213,0.145,7.136306073858e-106,"2","ABR"
4.14710656366984e-110,0.465416784901906,0.166,0.104,3.73285208902486e-105,"2","ENSG00000291066"
5.96140411949246e-110,0.690583059252775,0.105,0.059,5.36591946199636e-105,"2","ENSG00000290832"
1.97885705967937e-109,0.491289371261252,0.213,0.144,1.781189027988e-104,"2","MFSD10"
7.50410786688179e-109,0.370536247796554,0.2,0.132,6.75452253205897e-104,"2","H4C3"
9.08379461569564e-109,0.626182641875281,0.119,0.069,8.17641437153381e-104,"2","PRKY.1"
2.21124318909654e-108,0.645141809914882,0.14,0.086,1.99036210693769e-103,"2","FGGY"
3.58060511538591e-108,0.259823929533132,0.535,0.437,3.22293847041001e-103,"2","ITM2A"
7.15384259434145e-108,0.619593332806461,0.145,0.09,6.43924525759268e-103,"2","STARD9"
1.27998235175536e-107,0.487526065970268,0.238,0.166,1.15212491463852e-102,"2","HLA-DQB1"
2.12672256419594e-107,0.299546521987522,0.65,0.565,1.91428424725841e-102,"2","IQGAP1"
3.79222194172164e-107,0.440415368024016,0.305,0.225,3.41341689196307e-102,"2","CEBPB"
2.2109215679936e-106,0.51470267657545,0.199,0.133,1.99007261256672e-101,"2","PRKD3"
3.50118328319367e-106,0.661379151704623,0.14,0.087,3.15145008503546e-101,"2","HELLS"
5.38052442482663e-106,0.591800727671276,0.139,0.085,4.8430638400307e-101,"2","HLTF"
2.03255122667507e-105,0.508772201248129,0.146,0.09,1.8295196846425e-100,"2","ENSG00000291154"
3.78473389916861e-105,0.25509803948562,0.299,0.214,3.40667682998066e-100,"2","METRNL"
6.83338797236541e-105,0.285248102951971,0.508,0.413,6.15080084780583e-100,"2","NEDD9"
1.45692588797004e-104,0.638157888128762,0.152,0.096,1.31139356102071e-99,"2","ZNF438"
2.15452798703805e-104,0.322326324397121,0.52,0.431,1.93931218641282e-99,"2","SMARCA2"
2.48742763142527e-104,0.334292327417228,0.489,0.395,2.2389584853222e-99,"2","PSME2"
3.34638646739972e-104,0.451123837228208,0.232,0.161,3.01211592317116e-99,"2","PARVG"
6.64410515490425e-104,0.680575196934105,0.117,0.069,5.98042549098087e-99,"2","CCDC146"
1.04722797883681e-103,0.572449457827425,0.194,0.13,9.42620376030804e-99,"2","NME7"
1.69343021517284e-103,0.691987661616474,0.104,0.059,1.52427347097923e-98,"2","MFSD14CP.1"
3.81142424281245e-102,0.731036168269984,0.13,0.079,3.43070107519791e-97,"2","AFAP1"
7.30240352918649e-102,0.574408804361087,0.127,0.076,6.57296644065605e-97,"2","ENSG00000302067"
1.4029335681627e-101,0.644055687074155,0.105,0.06,1.26279453403892e-96,"2","PELO"
1.9723562182932e-101,0.757039789139877,0.126,0.077,1.77533755564789e-96,"2","MMS22L"
2.08043349086805e-101,0.525163333287555,0.155,0.098,1.87261898946524e-96,"2","CD9"
2.71244461173081e-101,0.649593386702808,0.164,0.106,2.44149851946502e-96,"2","ADCY3"
2.16839968810144e-100,0.377952643806206,0.279,0.202,1.95179824325699e-95,"2","SLAMF6"
3.36491681156337e-100,0.582368801998708,0.174,0.115,3.02879527125631e-95,"2","LINC00278"
8.17702239223021e-100,0.270203791917165,0.539,0.446,7.36021962547033e-95,"2","LGALS1"
1.45013035916373e-99,0.3180161763474,0.35,0.263,1.30527683758687e-94,"2","ZNRF1"
1.40350291282259e-98,0.391550656904323,0.423,0.34,1.26330700686074e-93,"2","SUCLG2"
2.48264312299761e-98,0.587040810556143,0.123,0.074,2.23465190144138e-93,"2","GARRE1"
5.07617197046933e-98,0.578802211414083,0.148,0.094,4.56911315233915e-93,"2","EEIG1"
9.72465405758166e-98,0.509714726751615,0.148,0.094,8.75325836376983e-93,"2","RPS6KB1"
3.63159342112629e-97,0.357942250218474,0.392,0.307,3.26883355428998e-92,"2","MYO9B"
3.84735328993917e-97,0.641246840449587,0.174,0.116,3.46304116980714e-92,"2","UBE2F"
2.02605328150963e-96,0.443375424740425,0.244,0.174,1.82367081921963e-91,"2","ID3"
2.41861320997037e-96,0.388214065324306,0.315,0.236,2.17701793642643e-91,"2","MAP2K2"
2.75829111346294e-96,0.609399111585773,0.109,0.064,2.48276541413913e-91,"2","ENSG00000300303"
3.07850405969408e-96,0.422493222662948,0.405,0.323,2.77099228917124e-91,"2","ASCC3"
3.46722362324152e-96,0.723955478813908,0.12,0.073,3.12088265551592e-91,"2","ZRANB3"
7.95926228725195e-96,0.463516182608199,0.259,0.188,7.16421157737835e-91,"2","CDYL"
1.21213236544506e-95,0.522504771932745,0.228,0.162,1.09105246346076e-90,"2","JAK2"
1.59027110907005e-95,0.273655631509875,0.601,0.513,1.43141892798505e-90,"2","CAPZB"
1.77591234195698e-95,0.581983485112144,0.102,0.058,1.5985164581189e-90,"2","PABIR3"
2.00586599821156e-95,0.583184791173237,0.139,0.088,1.80550004365021e-90,"2","SNX10"
4.46478934729104e-95,0.456415434700679,0.246,0.177,4.01880153939014e-90,"2","GPI"
3.06145065688332e-94,0.374750316114966,0.31,0.232,2.75564235076724e-89,"2","MIS18BP1"
3.09081459359356e-94,0.264550536741385,0.374,0.287,2.7820731238395e-89,"2","CD27"
6.93959759632085e-94,0.454569640067393,0.234,0.167,6.24640119242436e-89,"2","PARP9"
3.87054984649713e-93,0.557793566436679,0.155,0.101,3.48392062233053e-88,"2","TSEN15"
7.17649074628245e-93,0.350742976107627,0.406,0.323,6.4596310856363e-88,"2","CYFIP2"
7.72206161814535e-93,0.433647498052583,0.186,0.125,6.95070488310881e-88,"2","HSH2D"
1.08981661968393e-92,0.291365014475488,0.575,0.491,9.80954837543702e-88,"2","ARGLU1"
2.09831575044865e-92,0.378433159162499,0.37,0.289,1.88871499013634e-87,"2","PPP6R2"
2.16358348695342e-92,0.312576129276491,0.492,0.405,1.94746313244164e-87,"2","TAF15"
2.81796368285112e-92,0.349221953073421,0.533,0.45,2.53647729057112e-87,"2","BCL2"
4.14862167547018e-92,0.379110538822769,0.305,0.229,3.73421585630746e-87,"2","EIF2AK2"
1.18008427940128e-91,0.584305446877082,0.149,0.096,1.06220566073189e-86,"2","IFI44L"
1.44456891496186e-91,0.340318035492698,0.389,0.305,1.30027092604632e-86,"2","TLN1"
1.58404050695973e-91,0.516733780830791,0.18,0.122,1.42581070071952e-86,"2","CD2BP2"
4.0352026025538e-91,0.507965936436637,0.209,0.147,3.6321262145847e-86,"2","RNF167"
6.6142276111249e-91,0.64397392034523,0.184,0.127,5.95353241504964e-86,"2","HIF1A-AS3"
3.06678505820872e-90,0.300049620256752,0.492,0.406,2.76044389874425e-85,"2","PCM1"
4.24180455884964e-90,0.308332776330182,0.555,0.47,3.81809070146615e-85,"2","BPTF"
5.79899587682921e-90,0.407364784377335,0.14,0.089,5.21973417869274e-85,"2","ENSG00000289152"
1.33826883613435e-89,0.785766678823628,0.105,0.063,1.20458916209289e-84,"2","SYNE3"
4.39559528621393e-89,0.503571117381667,0.193,0.133,3.95651927307402e-84,"2","CCDC14"
1.07102657823792e-88,0.2863778569387,0.535,0.446,9.64041733337736e-84,"2","SP140"
1.35244573467061e-88,0.463192298654591,0.217,0.154,1.21734993023437e-83,"2","MYO9A"
1.58758204444126e-88,0.403253478383435,0.219,0.154,1.42899847402202e-83,"2","WHRN"
1.60172028707468e-88,0.376552117544662,0.321,0.245,1.44172444759879e-83,"2","NAA38"
1.85000512429451e-88,0.688079992635934,0.123,0.077,1.66520811242873e-83,"2","SRGAP2B"
1.91686986805464e-88,0.564582344385687,0.139,0.089,1.72539373693467e-83,"2","CDKN2A"
2.64981673612121e-88,0.558235484735781,0.159,0.106,2.38512654235006e-83,"2","MSC-AS1"
4.0477312711516e-88,0.505194326480596,0.114,0.069,3.64340339447627e-83,"2","ENSG00000300496"
5.14944362800541e-88,0.469508195324305,0.226,0.162,4.63506570400395e-83,"2","MX1"
1.60070672661124e-87,0.527059143457999,0.221,0.158,1.44081213169004e-82,"2","HABP4"
6.37252557316792e-87,0.463033522789287,0.248,0.182,5.73597399366418e-82,"2","PRKAG2"
7.51990638642327e-87,0.580661464243762,0.133,0.085,6.76874293748345e-82,"2","ACOT7"
2.2720637164252e-86,0.334383861018661,0.565,0.488,2.04510727179149e-81,"2","HNRNPH1"
4.61934470552832e-86,0.501320066927297,0.233,0.169,4.1579183628931e-81,"2","CEACAM21"
5.68482394113866e-86,0.41221203997917,0.345,0.27,5.11696687765832e-81,"2","SH2D2A"
6.77227914496299e-86,0.28899579427543,0.467,0.38,6.09579618117264e-81,"2","SEM1"
1.63195184310811e-85,0.262659473795576,0.181,0.122,1.46893617350004e-80,"2","ENSG00000261573"
1.64215904573376e-85,0.407907520364479,0.232,0.167,1.47812377865542e-80,"2","PARP15"
3.12280243888822e-85,0.674232508578326,0.149,0.099,2.81086570326768e-80,"2","ARHGAP21"
3.57836267310077e-85,0.587735839416596,0.135,0.087,3.22092002568473e-80,"2","NPIPB4"
3.74314729236687e-85,0.332047581740415,0.371,0.292,3.36924430933234e-80,"2","PARP14"
2.41629981996823e-84,0.498400940718307,0.161,0.108,2.1749356309516e-79,"2","CHSY1"
2.65853383611652e-84,0.403545033618392,0.132,0.083,2.39297289122684e-79,"2","ENSG00000290048"
3.63204180311482e-84,0.379847938825471,0.269,0.2,3.26923714740168e-79,"2","RDX"
7.90226788511628e-84,0.498917196990674,0.154,0.102,7.11291034607202e-79,"2","ERMP1"
9.28756451310762e-84,0.426947900159118,0.127,0.08,8.3598296938933e-79,"2","ENSG00000259345"
9.39021404614929e-84,0.325904822892679,0.445,0.363,8.45222556507944e-79,"2","CAB39"
2.1112942899492e-83,0.443036691612872,0.26,0.193,1.90039710332617e-78,"2","UBE2E3"
2.28088428260093e-83,0.394945928707666,0.232,0.167,2.05304675161193e-78,"2","CCDC69"
3.61975548613371e-83,0.600123945588109,0.108,0.066,3.25817811062381e-78,"2","MIR142HG"
1.01238485956664e-82,0.459263484576226,0.183,0.127,9.11257735944527e-78,"2","RAB1B"
1.05578113555242e-82,0.551784584111003,0.114,0.07,9.50319157922086e-78,"2","ENSG00000303405"
1.32820880013477e-82,0.410225995911851,0.176,0.12,1.19553402308931e-77,"2","COMMD8"
4.41781652707406e-82,0.575773915823701,0.107,0.065,3.97652083418464e-77,"2","KARS1"
6.30835393025529e-82,0.728642321432927,0.116,0.073,5.67821245616209e-77,"2","ENSG00000293372"
1.11102073221631e-81,0.501878221721116,0.173,0.119,1.00004087127522e-76,"2","IFI35"
3.15760829330367e-81,0.359615806420995,0.32,0.247,2.84219480088557e-76,"2","PHYKPL"
4.20337261370203e-81,0.580379613878827,0.12,0.076,3.78349772331934e-76,"2","SQLE"
9.52875989471609e-81,0.316674111344454,0.289,0.216,8.5769320688329e-76,"2","VAMP5"
1.9962750550912e-80,0.59380617133726,0.136,0.089,1.79686713983814e-75,"2","KATNAL1"
2.94897031622222e-80,0.533576477329991,0.181,0.127,2.65439767133478e-75,"2","NDFIP2"
3.13621198945234e-80,0.450399890601549,0.254,0.189,2.82293577382594e-75,"2","UBE2L6"
4.94628843855495e-80,0.493196921268123,0.199,0.141,4.4522036864277e-75,"2","KIF20B"
5.59204577148955e-80,0.402018453655458,0.2,0.141,5.03345631937546e-75,"2","TMEM14C"
6.38652175850866e-80,0.482417213341425,0.156,0.105,5.74857210005123e-75,"2","TRIM8"
7.78580896402713e-80,0.35821978911338,0.266,0.198,7.00808450661046e-75,"2","NDUFB3"
8.18034054450497e-80,0.436854208069578,0.228,0.167,7.36320632751437e-75,"2","RCOR3"
1.25030400966394e-79,0.490971919293242,0.172,0.119,1.12541114213861e-74,"2","UBASH3A"
3.46532923114456e-79,0.646962259872817,0.13,0.085,3.11917749424553e-74,"2","U2AF1"
4.62630332431107e-79,0.452424546099375,0.659,0.602,4.16418188524564e-74,"2","CD74"
6.04532343473788e-79,0.657912512697096,0.104,0.063,5.44145607684191e-74,"2","CUTALP.1"
1.23453980466283e-78,0.47824335572093,0.155,0.104,1.11122162357506e-73,"2","PLEKHF1"
1.49143765850072e-78,0.324778419362729,0.308,0.235,1.34245795079308e-73,"2","PHPT1"
3.69506009775331e-78,0.31854331783285,0.424,0.347,3.32596054458873e-73,"2","ZDHHC20"
3.97510753217445e-78,0.496517688635492,0.18,0.125,3.57803404078554e-73,"2","CENPX"
9.15712170655925e-78,0.686941333342006,0.115,0.073,8.24241681929104e-73,"2","ASPH"
1.7823780577613e-77,0.49127836648626,0.158,0.108,1.60433631357153e-72,"2","ITGB3BP"
2.64460971830654e-77,0.30560685502578,0.365,0.289,2.3804396535449e-72,"2","ANXA5"
3.03789471757356e-77,0.563063099234899,0.136,0.089,2.73443941423514e-72,"2","ITPK1"
6.39005267132167e-77,0.46482502511088,0.233,0.173,5.75175030998334e-72,"2","NLRC3"
1.22015718094957e-76,0.294848032550111,0.321,0.247,1.09827568014452e-71,"2","TBC1D2B"
1.73767229326048e-76,0.522604539302517,0.126,0.081,1.56409620788669e-71,"2","AKT1"
2.53069211226378e-76,0.295953573375449,0.386,0.308,2.27790127716975e-71,"2","LNPEP"
3.74585174231543e-76,0.672302686468084,0.108,0.068,3.37167861177555e-71,"2","ZNF282"
5.56530229280416e-76,0.325155745866278,0.341,0.268,5.00938424677595e-71,"2","ST8SIA4"
1.3316579128124e-75,0.595309110000949,0.142,0.095,1.19863860390157e-70,"2","CDKN2C"
1.53516044387046e-75,0.465903620822425,0.123,0.079,1.38181326713224e-70,"2","RABGEF1P1.1"
2.66635261854736e-75,0.271781784409569,0.476,0.396,2.40001065548066e-70,"2","OXNAD1"
6.60991281160194e-75,0.364577462829544,0.227,0.166,5.94964862085102e-70,"2","PYCARD"
1.50515909344947e-74,0.329515066514774,0.348,0.274,1.3548087516048e-69,"2","ANXA6"
1.77165709684077e-74,0.302707780191899,0.496,0.42,1.59468626943734e-69,"2","FAF1"
4.41077953077184e-74,0.433176093146945,0.234,0.174,3.97018676344304e-69,"2","LCORL"
8.84290278385852e-74,0.553528560087802,0.126,0.082,7.9595852247789e-69,"2","TRAFD1"
1.08295851870338e-73,0.271155350516483,0.472,0.39,9.74781792270098e-69,"2","ARF6"
1.43975422156178e-73,0.606711511275628,0.147,0.1,1.29593717236998e-68,"2","CNNM2"
2.27438292611391e-73,0.509139897360525,0.106,0.066,2.04719481562439e-68,"2","ENSG00000299729"
6.84689838765673e-73,0.362451508487456,0.258,0.194,6.1629617077137e-68,"2","BHLHE40"
7.7159048947395e-73,0.278601996536624,0.174,0.12,6.94516315480397e-68,"2","H2AJ"
1.34240084404428e-72,0.34709767010512,0.348,0.278,1.2083084237327e-67,"2","ANKIB1"
2.42293619991535e-72,0.402867586863475,0.281,0.216,2.18090910290581e-67,"2","TAP1"
6.56435753259458e-72,0.425956871706716,0.235,0.176,5.90864385866371e-67,"2","CDK19"
1.04635266231549e-71,0.461417211979932,0.134,0.089,9.41832494876792e-67,"2","HPS3"
1.31539106108888e-71,0.339372861459034,0.274,0.209,1.18399664799671e-66,"2","ANKRD36C"
1.69236580157903e-71,0.48568811532303,0.161,0.112,1.5233153816593e-66,"2","CRACR2A"
1.83623965422724e-71,0.624682750523181,0.106,0.067,1.65281767516648e-66,"2","CENPF"
1.92630325580634e-71,0.439651751778733,0.184,0.131,1.73388482358385e-66,"2","LINC01588"
5.13975094807907e-71,0.553648621018881,0.303,0.242,4.62634122587545e-66,"2","EIF2AK3"
8.68966378630666e-71,0.365497730061796,0.346,0.277,7.82165327069249e-66,"2","PPP1CA"
1.32415401455677e-70,0.401430381697126,0.235,0.176,1.19188427004269e-65,"2","PTPN11"
1.96610305866114e-70,0.636692356901613,0.118,0.077,1.76970902413148e-65,"2","ANKMY2"
2.13531006862363e-70,0.288937810326937,0.346,0.273,1.92201394586882e-65,"2","SRI"
3.13471004072353e-70,0.381677209120868,0.25,0.188,2.82158385475565e-65,"2","GPR137B"
3.97022449174678e-70,0.306512888536185,0.32,0.251,3.57363876726619e-65,"2","PIK3CD"
5.31348297332906e-70,0.536785025989861,0.123,0.08,4.78271915912322e-65,"2","DUSP23"
9.26547054862994e-70,0.436790559185236,0.182,0.131,8.33994269552729e-65,"2","TTC13"
1.35751231507668e-69,0.329501951994849,0.34,0.272,1.22191040992367e-64,"2","SUSD6"
2.36051213742462e-69,0.303694728583249,0.424,0.347,2.12472058001727e-64,"2","NDUFA3"
2.54232657276696e-69,0.385709513770037,0.237,0.178,2.28837357141327e-64,"2","LINC00342"
3.80258631322027e-69,0.475007369939863,0.115,0.074,3.4227459663927e-64,"2","POLR1E"
3.95442003083328e-69,0.628782114783849,0.106,0.067,3.55941301395334e-64,"2","FBXW8"
4.41055798804768e-69,0.541884240547141,0.118,0.077,3.9699873506216e-64,"2","NHLRC3"
1.33589116929891e-68,0.467532927249962,0.14,0.095,1.20244900039764e-63,"2","ATP6V0E2"
1.72779897568219e-68,0.404057738182176,0.238,0.178,1.5552091360013e-63,"2","CDK2AP2"
1.16183139422863e-67,0.455114564780575,0.107,0.068,1.04577605625913e-62,"2","LAT2"
1.81334475404657e-67,0.258263714574458,0.509,0.432,1.63220974656486e-62,"2","TBC1D5"
6.41368674642157e-67,0.382396287992192,0.25,0.191,5.77302357732152e-62,"2","PCCA"
9.10524851862112e-67,0.347588698691087,0.257,0.196,8.19572524409606e-62,"2","ERICH1"
2.25881854752431e-66,0.28417709471169,0.385,0.311,2.0331851628121e-61,"2","PTPN7"
3.81202788931171e-66,0.254563800676592,0.374,0.3,3.43124442344837e-61,"2","MBD2"
6.25374249893398e-66,0.441372865273772,0.192,0.14,5.62905616071546e-61,"2","MAGED1"
7.84382147865146e-66,0.311701767204575,0.302,0.236,7.06030215114896e-61,"2","ZAP70"
1.15187052621855e-65,0.358946596976119,0.248,0.188,1.03681017935458e-60,"2","MFSD6"
1.21757217754564e-65,0.37917214096072,0.29,0.227,1.0959488927306e-60,"2","RANBP1"
1.26121270674605e-65,0.400897717488572,0.165,0.117,1.13523016946919e-60,"2","HACD4"
1.64474270465723e-65,0.304700827236058,0.341,0.271,1.48044935588902e-60,"2","SEPTIN1"
4.83025354200226e-65,0.479501386692162,0.183,0.133,4.34775951569165e-60,"2","WDR59"
1.255644909355e-64,0.440114158666571,0.149,0.103,1.13021853935953e-59,"2","SPIN1"
1.63704958547774e-64,0.345189170284834,0.279,0.217,1.47352470238437e-59,"2","ACSL4"
2.19444789930201e-64,0.356822494029165,0.138,0.094,1.97524449864074e-59,"2","AKAP13-AS1"
2.27150164330218e-64,0.258152971256566,0.278,0.216,2.04460134415273e-59,"2","TSHZ2"
2.6964823119638e-64,0.551185498622214,0.1,0.063,2.42713069382173e-59,"2","WDR54"
2.93630527280096e-64,0.494412239626504,0.11,0.072,2.64299773910088e-59,"2","BIRC6-AS2.1"
5.15650010656046e-64,0.497802295324174,0.103,0.066,4.64141731091613e-59,"2","MARS1"
7.58506928450024e-64,0.27625236627033,0.316,0.249,6.82739671367151e-59,"2","IRF2"
8.27192881739028e-64,0.38817888803111,0.162,0.114,7.44564584782117e-59,"2","SLC2A4RG"
1.1220416348147e-63,0.314875147825333,0.288,0.224,1.00996089591306e-58,"2","NDUFS8"
1.17306368289697e-63,0.492947571974232,0.22,0.164,1.05588635161239e-58,"2","RECQL"
2.55930693952984e-63,0.464015888070849,0.129,0.087,2.3036577693402e-58,"2","TARBP1"
2.76011875126355e-63,0.48330608160657,0.132,0.089,2.48441048919984e-58,"2","ARSG"
2.88633490249806e-63,0.283385327530022,0.369,0.299,2.59801890908752e-58,"2","SRSF9"
3.17099557483942e-63,0.508268094109969,0.124,0.083,2.85424482686871e-58,"2","ALYREF"
4.97539156300967e-63,0.433579123316767,0.154,0.108,4.47839969978063e-58,"2","SLC35D2"
8.18422162238996e-63,0.31547777072895,0.132,0.089,7.36669972452943e-58,"2","STING1"
1.31611206885278e-62,0.537268674305901,0.111,0.073,1.18464563429507e-57,"2","PPP5C"
2.97171570605484e-62,0.412362505375973,0.2,0.148,2.67487102417702e-57,"2","CTNNA1"
5.88632749510637e-62,0.29025002085356,0.224,0.168,5.29834224162019e-57,"2","GOLGA8A"
6.71306738506984e-62,0.444076310885406,0.12,0.08,6.04249908397522e-57,"2","RPS15P4"
1.53871188189796e-61,0.527375810223915,0.109,0.072,1.38500995201518e-56,"2","MIF4GD"
3.78640114207932e-61,0.52644304030904,0.114,0.076,3.40817753199702e-56,"2","MTMR2"
3.96464894742423e-61,0.26432017935047,0.348,0.28,3.56862016406603e-56,"2","PA2G4"
4.81936002918939e-61,0.412087371495183,0.185,0.135,4.33795415587366e-56,"2","CTSA"
6.72656703268977e-61,0.386564680798227,0.124,0.083,6.05465025179439e-56,"2","MXRA7"
4.50451149799073e-60,0.279007165451791,0.495,0.427,4.05455584445644e-55,"2","CALR"
4.58623530139798e-60,0.272990212462464,0.424,0.355,4.12811625714134e-55,"2","PHC3"
6.95278397920898e-60,0.355046191568249,0.242,0.186,6.2582703875258e-55,"2","VPS8"
7.31167902011864e-60,0.551271200399114,0.26,0.208,6.58131540279899e-55,"2","CTNNAL1"
1.73341934670234e-59,0.313789283087966,0.287,0.226,1.56026808816024e-54,"2","WDR1"
2.02722173812037e-59,0.374141531857391,0.239,0.185,1.82472255869952e-54,"2","FBXW4"
2.63025026695332e-59,0.41094450621151,0.209,0.157,2.36751456778735e-54,"2","NLK"
3.2436725458955e-59,0.389751558934573,0.174,0.126,2.91966209528599e-54,"2","FIBP"
3.77677753214894e-59,0.475868051073767,0.165,0.12,3.39951522446258e-54,"2","TAP2"
7.3688452418157e-59,0.273563393545605,0.395,0.324,6.63277129061073e-54,"2","SEPTIN2"
1.68769249589319e-58,0.52614979383177,0.114,0.076,1.51910889247842e-53,"2","POLA1"
1.92622878124309e-58,0.442412645197565,0.142,0.1,1.73381778828472e-53,"2","GTF3C1"
3.33149221987273e-58,0.433956336369972,0.132,0.091,2.99870946202965e-53,"2","OAS2"
3.95997748172372e-58,0.371454460011636,0.258,0.202,3.56441533107434e-53,"2","CSNK2B"
4.75489938954607e-58,0.27199858517257,0.254,0.196,4.27993248952432e-53,"2","RBCK1"
8.58699326864456e-58,0.42368820779009,0.121,0.082,7.72923851103965e-53,"2","AKR1B1"
1.13311650379719e-57,0.306063737144347,0.116,0.078,1.01992949623289e-52,"2","ENSG00000304336"
1.30701789279363e-57,0.331722405752451,0.231,0.177,1.17645987548247e-52,"2","SLC16A7"
1.96687166781658e-57,0.400790619603302,0.184,0.136,1.77040085691838e-52,"2","KIFAP3"
4.98127248581626e-57,0.477806433405752,0.105,0.069,4.48369317720807e-52,"2","CPLANE1"
8.21278250709283e-57,0.298590040194551,0.384,0.32,7.39240766245933e-52,"2","BRWD1"
9.1063207775426e-57,0.331273055626744,0.511,0.449,8.19669039507387e-52,"2","PPDPF"
2.08915938333548e-56,0.293553854051843,0.313,0.251,1.8804732525341e-51,"2","UPF2"
9.24081159879437e-56,0.330204499960225,0.181,0.133,8.3177469281908e-51,"2","IFI44"
1.14149461638963e-55,0.338152713077222,0.188,0.139,1.02747071915847e-50,"2","NENF"
1.90498615782807e-55,0.411593837109082,0.162,0.117,1.71469709052263e-50,"2","MTLN"
8.16899675661346e-55,0.25437899605282,0.235,0.179,7.35299567059534e-50,"2","BIN1"
9.5119334570081e-55,0.341545481065597,0.199,0.15,8.56178642398756e-50,"2","PPIP5K2"
1.0790196607472e-54,0.409913968144202,0.114,0.077,9.7123638683516e-50,"2","IL18RAP"
1.96503593623292e-54,0.356979149404966,0.226,0.174,1.76874849656261e-49,"2","ARF5"
1.99257766966067e-54,0.49182686130689,0.143,0.103,1.79353908623827e-49,"2","SLC38A9"
2.10080666898136e-54,0.376509277990741,0.243,0.19,1.89095709081681e-49,"2","ME2"
2.81800848233098e-54,0.508912565884936,0.126,0.087,2.53651761503094e-49,"2","ATP6V0A2"
3.23256195012079e-54,0.300850318067425,0.271,0.214,2.90966133692322e-49,"2","CALCOCO2"
6.23901856396367e-54,0.436305901488309,0.115,0.078,5.61580299960934e-49,"2","TMEM14A"
7.69960466223036e-54,0.343411407798929,0.302,0.246,6.93049115252017e-49,"2","CPD"
1.25616184772871e-53,0.276170852006818,0.25,0.195,1.13068384075909e-48,"2","ERAP2"
1.61361719295506e-53,0.432976083269991,0.181,0.135,1.45243297155078e-48,"2","ACSL1"
2.30397596177692e-53,0.490989611586988,0.105,0.071,2.07383180295503e-48,"2","FPGS"
4.83852816113343e-53,0.330431022616446,0.266,0.211,4.35520758311781e-48,"2","BMPR2"
1.11937688024571e-52,0.302963574619469,0.325,0.266,1.00756232367796e-47,"2","TNKS"
1.13316328049268e-52,0.410031631413129,0.103,0.069,1.01997160040427e-47,"2","DDAH2"
1.20969628822793e-52,0.447901540367908,0.101,0.067,1.08885972599684e-47,"2","APOBEC3H"
1.33087194572205e-52,0.39267494109325,0.155,0.113,1.19793114706387e-47,"2","HERC5"
1.79504173293688e-52,0.500359280980929,0.102,0.068,1.61573501423381e-47,"2","HLA-F-AS1"
2.62655265174637e-52,0.264242323485251,0.344,0.282,2.36418630736342e-47,"2","NIN"
3.64753433264624e-52,0.293701191120754,0.24,0.186,3.28318212815821e-47,"2","PPP4C"
4.53316774387672e-52,0.376285267522125,0.154,0.111,4.08034961794087e-47,"2","HDAC7"
6.40786901021402e-52,0.418749075956741,0.143,0.103,5.76778697478374e-47,"2","CLOCK"
6.77863303218335e-52,0.45571648276883,0.203,0.156,6.10151537859855e-47,"2","TRAK1"
9.07958332494869e-52,0.367245556317256,0.174,0.129,8.17262374661957e-47,"2","GYG1"
1.25915565040695e-51,0.433626108108205,0.138,0.099,1.1333785924878e-46,"2","FEZ2"
1.66009535108484e-51,0.390517557323188,0.174,0.13,1.49426842646498e-46,"2","SNX17"
2.86184994796357e-51,0.335594498158351,0.268,0.213,2.57597975666149e-46,"2","MAPK14"
3.30265982519389e-51,0.379858987144236,0.189,0.143,2.97275713525527e-46,"2","POLK"
4.61224810873328e-51,0.304928455221867,0.294,0.238,4.15153064515191e-46,"2","BAZ1B"
7.26690019662081e-51,0.33263656718534,0.16,0.118,6.54100953598036e-46,"2","PLCXD2"
9.68900684563765e-51,0.268634059957915,0.285,0.229,8.72117195182691e-46,"2","PARP4"
1.16185531275708e-50,0.376283802093251,0.202,0.155,1.04579758556578e-45,"2","TBCK"
2.31613587951497e-50,0.438795319322892,0.139,0.1,2.08477706651022e-45,"2","SH3BP1"
2.58710533850811e-50,0.28341462980252,0.282,0.227,2.32867938624454e-45,"2","PHLDA1"
2.76638023677569e-50,0.410008530323488,0.128,0.09,2.49004651492417e-45,"2","RPIA"
1.08099815705369e-49,0.403248748082724,0.144,0.104,9.73017251145594e-45,"2","DNAJC13"
1.26398141996391e-49,0.254303712019807,0.298,0.24,1.13772231592372e-44,"2","RFC1"
1.32257941494336e-49,0.410715493870177,0.153,0.112,1.19046695718466e-44,"2","LINC00963"
1.40566804746294e-49,0.360406438490627,0.19,0.144,1.26525586620187e-44,"2","SYNJ2"
1.70668067294344e-49,0.32300462423829,0.239,0.188,1.53620034052312e-44,"2","MCPH1"
3.2017701826279e-49,0.283600869155758,0.264,0.21,2.8819453590852e-44,"2","CSK"
4.29319114185737e-49,0.254286097292209,0.416,0.353,3.86434427869723e-44,"2","SPIDR"
6.50852558971122e-49,0.395490338502148,0.132,0.094,5.85838896855497e-44,"2","EHBP1L1"
9.34287405700287e-49,0.302418483836919,0.264,0.212,8.40961436744885e-44,"2","HDLBP"
9.94369455721126e-49,0.292829673206879,0.168,0.124,8.95041890789143e-44,"2","F2R"
1.25904857794978e-48,0.459134030526124,0.121,0.085,1.13328221549837e-43,"2","AGTRAP"
1.59962452986355e-48,0.301114317144301,0.198,0.151,1.43983803557548e-43,"2","LAP3"
1.69875520042921e-48,0.338778459718306,0.209,0.162,1.52906654345833e-43,"2","HERC2"
3.08915869636104e-48,0.495340768242111,0.112,0.078,2.78058263418154e-43,"2","BMERB1"
6.01110202556861e-48,0.3244502045478,0.2,0.153,5.41065304423456e-43,"2","CDK5RAP2"
6.69740176249089e-48,0.432487116232751,0.119,0.083,6.02839830043568e-43,"2","NECTIN3"
1.16702230331382e-47,0.440939507557895,0.118,0.084,1.0504484454358e-42,"2","ACSF3"
1.25622909773662e-47,0.481220301156063,0.148,0.11,1.13074437316371e-42,"2","CERS4"
1.71250095941541e-47,0.323956709888342,0.184,0.139,1.5414392385794e-42,"2","TMX1"
2.8285914687306e-47,0.414344286976855,0.146,0.107,2.5460434669191e-42,"2","FMNL3"
3.09734897820733e-47,0.375572241158064,0.174,0.131,2.7879547887742e-42,"2","PI4K2B"
3.62807326754372e-47,0.321485709713244,0.278,0.226,3.26566502884878e-42,"2","CBL"
4.33758395537727e-47,0.327036773274373,0.208,0.161,3.90430269407464e-42,"2","CYBC1"
9.67495946754532e-47,0.256301641793512,0.125,0.088,8.70852776633221e-42,"2","ENSG00000272256"
1.08565920379072e-46,0.356798255463503,0.15,0.11,9.77212705924067e-42,"2","GET3"
1.17932014225477e-46,0.297329913576117,0.244,0.194,1.06151785324494e-41,"2","DGKD"
1.50338289516207e-46,0.30057961736445,0.255,0.204,1.35320997776433e-41,"2","HECTD4"
1.78105672290845e-46,0.428277556329106,0.107,0.074,1.60314696685712e-41,"2","FASTK"
1.96646480304944e-46,0.413263408156602,0.133,0.096,1.77003463387283e-41,"2","MCM6"
1.98325230616904e-46,0.382627527674506,0.192,0.148,1.78514523330581e-41,"2","INVS"
2.26035599894833e-46,0.458962039061314,0.11,0.076,2.03456903821338e-41,"2","FBXO22"
2.39490518595576e-46,0.279170337223029,0.12,0.084,2.15567810693064e-41,"2","STAG3L5P-PVRIG2P-PILRB"
5.13367488732769e-46,0.357035480765778,0.149,0.109,4.62087210283253e-41,"2","TIMMDC1"
5.32950142408839e-46,0.403007274583437,0.196,0.151,4.7971375268362e-41,"2","PACSIN2"
9.02247518089499e-46,0.393332743825632,0.131,0.094,8.12122013507539e-41,"2","ITFG2-AS1"
1.11181616160489e-45,0.292810543277864,0.242,0.191,1.00075684522218e-40,"2","STMP1"
1.44059831196605e-45,0.25658861901291,0.102,0.069,1.29669694658376e-40,"2","ENSG00000254604"
2.73840204251787e-45,0.458803138510318,0.122,0.088,2.46486306249076e-40,"2","ZNF75D"
3.70178840768373e-45,0.369746462134666,0.143,0.105,3.3320167636402e-40,"2","SLF2"
3.92288589625386e-45,0.392843227001876,0.12,0.085,3.53102882407706e-40,"2","OAS1"
4.04550204534242e-45,0.418525122903261,0.105,0.073,3.64139684603316e-40,"2","MZB1"
4.72892202880847e-45,0.366361704558326,0.135,0.098,4.25655000735079e-40,"2","AMZ2"
5.86766478482202e-45,0.387095734453589,0.139,0.102,5.28154374946615e-40,"2","VPS45"
6.92341677055385e-45,0.262032076337975,0.269,0.217,6.23183666934323e-40,"2","GLMN"
8.27909047236329e-45,0.427109006482046,0.113,0.08,7.45209212507892e-40,"2","CUEDC2"
9.29811898539412e-45,0.373134820450894,0.12,0.086,8.3693298799431e-40,"2","RNF157"
1.05587293629049e-44,0.412272937256902,0.151,0.112,9.50401788684431e-40,"2","AOPEP"
1.54620401921512e-44,0.443684426362172,0.122,0.087,1.39175369973573e-39,"2","TNK2"
3.21121060216826e-44,0.369882196976131,0.151,0.112,2.89044277511767e-39,"2","AZI2"
6.97708116958586e-44,0.530399867108752,0.24,0.196,6.28014053155593e-39,"2","PHLPP1"
8.98875711256691e-44,0.320154521651062,0.146,0.107,8.0908701645926e-39,"2","HEG1"
9.65797679221959e-44,0.32594279400078,0.139,0.102,8.69324149044477e-39,"2","PARD6G"
2.45052739521207e-43,0.384760671896247,0.431,0.382,2.20574421370434e-38,"2","MBNL2"
2.79021287901238e-43,0.299696923547232,0.227,0.18,2.51149851452783e-38,"2","RNASEH2B"
3.98165721129893e-43,0.409180665937135,0.138,0.102,3.58392947246228e-38,"2","GYS1"
4.32985846295287e-43,0.354511783256054,0.129,0.094,3.89734890108851e-38,"2","SMARCB1"
4.50703068945995e-43,0.31443439770669,0.166,0.125,4.05682339388979e-38,"2","STAMBP"
4.61885367790363e-43,0.294859432763267,0.19,0.147,4.15747638401783e-38,"2","POLR2E"
6.95904572502101e-43,0.25688121957956,0.278,0.225,6.26390664754866e-38,"2","RBBP4"
9.10491129034474e-43,0.276147351789106,0.169,0.127,8.19542170155221e-38,"2","PDE12"
9.2308468805038e-43,0.429342650299247,0.107,0.076,8.30877758561028e-38,"2","DPM2"
1.60887716021375e-42,0.317801039950671,0.154,0.115,1.44816642067999e-37,"2","CYC1"
1.68322265814261e-42,0.261614987767236,0.202,0.157,1.51508554682074e-37,"2","C7orf50"
1.79462335871963e-42,0.334453855074444,0.158,0.119,1.61535843141713e-37,"2","ZNF827"
2.38203745525339e-42,0.361062455916811,0.194,0.152,2.14409573384813e-37,"2","MAP2K5"
2.93918634643432e-42,0.283179195703746,0.178,0.136,2.645591022289e-37,"2","DCUN1D5"
5.04252510414697e-42,0.400440399721964,0.13,0.095,4.53882727149373e-37,"2","PTPN18"
9.41740246837788e-42,0.258326794268265,0.134,0.098,8.47669813581161e-37,"2","ENSG00000300654"
1.09121120874129e-41,0.315077286583437,0.222,0.177,9.82210121100119e-37,"2","HK1"
1.23790515691393e-41,0.333537539200541,0.159,0.121,1.1142508107898e-36,"2","AKAP11"
2.29533883458818e-41,0.277333597063766,0.159,0.119,2.06605743840117e-36,"2","TEX264"
2.33104653304968e-41,0.388530577075703,0.131,0.096,2.09819829486335e-36,"2","PSD4"
2.45689865492696e-41,0.350592673922125,0.144,0.107,2.21147904828631e-36,"2","TCIRG1"
4.21939504338333e-41,0.317157177023854,0.161,0.122,3.79791967249977e-36,"2","ARFIP1"
4.56593265232714e-41,0.310763963271645,0.199,0.155,4.10984163968618e-36,"2","POLR2G"
5.78792724223171e-41,0.353779826295208,0.12,0.087,5.20977119000519e-36,"2","LIPA"
8.39802971716038e-41,0.292795067953672,0.149,0.111,7.55915052871323e-36,"2","GGA1"
1.56733592758581e-40,0.287361913893029,0.151,0.113,1.41077474177926e-35,"2","NELFCD"
1.67513488080782e-40,0.27438066826556,0.276,0.226,1.50780565756393e-35,"2","ARHGAP30"
1.83236495954392e-40,0.296660976393209,0.312,0.261,1.64933002373508e-35,"2","EZH2"
2.11421233794698e-40,0.274402653633734,0.25,0.202,1.90302366750946e-35,"2","TMC6"
3.32882235889536e-40,0.353414292321443,0.133,0.098,2.9963062934653e-35,"2","NUDT22"
4.58813810021027e-40,0.274810301890622,0.262,0.213,4.12982898538027e-35,"2","XKR6"
4.84339148035877e-40,0.288578952996844,0.155,0.117,4.35958510538574e-35,"2","ZBP1"
5.08805735346654e-40,0.39659656387853,0.135,0.1,4.57981130442876e-35,"2","ATF6B"
7.92615704150945e-40,0.274027770220419,0.146,0.11,7.13441321463307e-35,"2","TESC"
7.93504131401158e-40,0.342135231468868,0.143,0.107,7.14241003715496e-35,"2","THYN1"
1.21717564009267e-39,0.330908735955495,0.135,0.1,1.09559196540381e-34,"2","ORMDL3"
1.80960450478547e-39,0.334051398741063,0.132,0.097,1.62884311080245e-34,"2","TFDP1"
2.83816463720334e-39,0.357049051846936,0.101,0.071,2.5546603715931e-34,"2","FANCA"
3.02858136015854e-39,0.321588045704764,0.13,0.096,2.72605636809231e-34,"2","TBC1D20"
3.08916628088251e-39,0.306691026380284,0.14,0.105,2.78058946108515e-34,"2","AGFG2"
3.13265954265052e-39,0.408430343833424,0.137,0.102,2.81973818093516e-34,"2","SLC17A5"
4.52513957506239e-39,0.40496535215229,0.136,0.101,4.0731233829094e-34,"2","KCTD9"
5.41410783746701e-39,0.328826644949717,0.12,0.087,4.87329260558243e-34,"2","TRIM25"
5.51388926799842e-39,0.279329845899591,0.13,0.096,4.96310686901806e-34,"2","ENSG00000295475"
7.29059189996793e-39,0.332210925604393,0.125,0.092,6.56233467508013e-34,"2","ZDHHC24"
1.03289490529736e-38,0.333876605131649,0.155,0.118,9.29719033207209e-34,"2","POC1B"
1.11179089433265e-38,0.370975547214304,0.12,0.088,1.00073410189777e-33,"2","SLC25A39"
1.90010273834064e-38,0.312513455547139,0.158,0.121,1.71030147580779e-33,"2","IRF7"
2.26814811386752e-38,0.365652931741726,0.151,0.115,2.04158279877329e-33,"2","SERGEF"
3.07063637613492e-38,0.305881253847462,0.205,0.163,2.7639105085228e-33,"2","NSD2"
3.44770937006355e-38,0.396508610070383,0.115,0.084,3.10331768108791e-33,"2","ADAM8"
3.61125734599602e-38,0.272772473972158,0.212,0.169,3.25052884970448e-33,"2","INTS6L"
3.88242019109037e-38,0.400882454657093,0.106,0.076,3.49460523820236e-33,"2","DCTD"
6.83182718992965e-38,0.270687829831378,0.211,0.168,6.14939597192757e-33,"2","CAPNS1"
9.73551697619765e-38,0.307317991795339,0.14,0.105,8.76303618544527e-33,"2","LAGE3"
1.059441971142e-37,0.309084413435619,0.176,0.138,9.53614312644628e-33,"2","SRBD1"
1.07923852395681e-37,0.357196139071405,0.125,0.092,9.71433387798763e-33,"2","KIF3A"
1.30996098762635e-37,0.431260945431849,0.112,0.081,1.17910898457236e-32,"2","NDRG3"
2.32988789857883e-37,0.311233533789579,0.125,0.092,2.09715539638979e-32,"2","SLC25A11"
3.04498347665374e-37,0.251264238949238,0.326,0.275,2.7408200771708e-32,"2","SMG6"
4.1872988516891e-37,0.386029838461528,0.117,0.085,3.76902956939388e-32,"2","CTDP1"
5.28564920239006e-37,0.311705495499507,0.155,0.119,4.75766570356332e-32,"2","TMEM87B"
5.48585002862158e-37,0.367723731203982,0.1,0.071,4.93786846926257e-32,"2","DAXX"
5.70509522038632e-37,0.384099979803922,0.135,0.101,5.13521325882193e-32,"2","ANKRD49"
6.33346585201347e-37,0.414931113510427,0.105,0.075,5.70081594805584e-32,"2","NHLRC2"
8.56929145371976e-37,0.273235569208537,0.15,0.114,7.71330493040769e-32,"2","ACADM"
1.06874151353192e-36,0.26262230749584,0.265,0.219,9.61984923745215e-32,"2","VPS13A"
2.89837032346328e-36,0.279528512231162,0.152,0.116,2.60885211185253e-31,"2","GAB3"
3.56211861503394e-36,0.35757588319984,0.162,0.126,3.2062985865782e-31,"2","HLCS"
1.32912636491709e-35,0.491870180871963,0.105,0.077,1.19635993232552e-30,"2","DHX57"
1.85680208758272e-35,0.324879909553123,0.14,0.106,1.67132612705408e-30,"2","TADA3"
2.06953423918004e-35,0.370028129214773,0.113,0.083,1.86280846402835e-30,"2","PARP10"
3.56244373467891e-35,0.308070081655481,0.112,0.082,3.20659123002183e-30,"2","ARL16"
4.44552214346793e-35,0.394715922619189,0.128,0.097,4.00145893655692e-30,"2","LIMD1"
4.92251094136239e-35,0.373710905224829,0.109,0.08,4.4308013234297e-30,"2","DNAJC4"
5.78794607892919e-35,0.295561969860507,0.141,0.107,5.20978814510495e-30,"2","PSENEN"
1.07258001111195e-34,0.258998085614077,0.275,0.229,9.65439993801977e-30,"2","KDM5B"
1.23181139983448e-34,0.288663678732453,0.211,0.171,1.10876575910501e-29,"2","METTL15"
1.3986597721831e-34,0.362432331555765,0.119,0.089,1.25894764753973e-29,"2","DCLRE1C"
1.418084383701e-34,0.298286013855305,0.187,0.148,1.27643193461311e-29,"2","TMEM256"
2.31513760423642e-34,0.511127889241811,0.107,0.079,2.08387850894925e-29,"2","CENPP"
2.49576547639865e-34,0.336337430036141,0.145,0.112,2.24646346296119e-29,"2","ARID3B"
2.78931929638429e-34,0.257571827213315,0.21,0.169,2.51069419186846e-29,"2","PHTF1"
4.69630328688842e-34,0.319703034953987,0.148,0.114,4.22718955156114e-29,"2","SLC25A46"
6.09686000174416e-34,0.307090585227671,0.129,0.097,5.48784465616993e-29,"2","AGK"
6.2522479312284e-34,0.28365386244737,0.163,0.128,5.62771088537799e-29,"2","RAB11B"
6.2786579494775e-34,0.290773944259666,0.121,0.09,5.65148280690419e-29,"2","WBP4"
7.50219769823235e-34,0.327763973639006,0.11,0.081,6.75280317015592e-29,"2","MMP25-AS1"
8.96831472638253e-34,0.306786030647111,0.147,0.113,8.07246976836418e-29,"2","HMGXB3"
1.11599260822401e-33,0.275840191753255,0.173,0.136,1.00451610658851e-28,"2","PARN"
1.36235200298689e-33,0.286350145842368,0.168,0.132,1.22626666140853e-28,"2","CENPK"
1.52974335501315e-33,0.302658717485025,0.124,0.093,1.37693729128089e-28,"2","RBM42"
1.98227848348824e-33,0.323560291280673,0.153,0.119,1.7842686857726e-28,"2","C2CD5"
2.2743240244806e-33,0.266137116201433,0.18,0.142,2.04714179767524e-28,"2","N4BP2"
3.07650468468481e-33,0.299470049387952,0.173,0.136,2.76919263173164e-28,"2","ERCC6L2"
3.19073194674724e-33,0.270977163213202,0.26,0.216,2.87200973258666e-28,"2","MIR29B2CHG"
4.28534570747924e-33,0.315651605695808,0.185,0.148,3.85728252475914e-28,"2","SCFD2"
5.69627422491072e-33,0.309410575377689,0.122,0.092,5.12727339258439e-28,"2","SHKBP1"
7.34887525419543e-33,0.253800037028497,0.218,0.177,6.61479610505385e-28,"2","YEATS2"
7.40837845079286e-33,0.338103059046343,0.122,0.092,6.66835552734317e-28,"2","VDR"
9.0091276580745e-33,0.266615623228004,0.23,0.189,8.10920589630944e-28,"2","GMDS-DT"
9.88978554546708e-33,0.271551818867503,0.143,0.11,8.90189486733037e-28,"2","UCHL5"
1.39213795206121e-32,0.272142650137871,0.16,0.126,1.25307729202982e-27,"2","DAZAP1"
2.54533213854199e-32,0.259420157239422,0.148,0.115,2.29107891122303e-27,"2","TUBGCP2"
2.69648858493384e-32,0.269562704299632,0.149,0.116,2.4271363401848e-27,"2","TM7SF3"
2.75515924046841e-32,0.270673586618487,0.141,0.108,2.47994638393802e-27,"2","NUDT16L1"
3.1166152605679e-32,0.295700269441592,0.172,0.137,2.80529656218977e-27,"2","CASD1"
3.60223137286185e-32,0.32840281642296,0.128,0.098,3.24240448102668e-27,"2","TCTN3"
7.83614020604769e-32,0.255667104836265,0.403,0.355,7.05338816086559e-27,"2","HIBCH"
1.09614129994779e-31,0.275643249719452,0.108,0.08,9.86647745496007e-27,"2","GATAD1"
1.63973591047267e-31,0.264405444869167,0.211,0.172,1.47594269037555e-26,"2","NSMAF"
2.0239398487683e-31,0.2551843244109,0.125,0.094,1.82176849727483e-26,"2","CLPTM1L"
2.52046678824663e-31,0.260134911155193,0.171,0.135,2.26869736076867e-26,"2","CEBPZOS"
5.31472262677898e-31,0.348217291784868,0.109,0.081,4.78383498359003e-26,"2","TP53I13"
5.88322046241329e-31,0.290648076982135,0.172,0.137,5.29554557042283e-26,"2","DDB2"
6.26223280166926e-31,0.256731368319339,0.164,0.13,5.63669836711051e-26,"2","PCID2"
7.10116868689617e-31,0.261806806442195,0.233,0.193,6.39183294676211e-26,"2","BRWD3"
1.13099712140459e-30,0.302032056196772,0.12,0.091,1.01802181894748e-25,"2","TNFSF12"
1.27626984943768e-30,0.427974170218486,0.165,0.132,1.14878325417735e-25,"2","STMN1"
1.28956261550764e-30,0.312933274989261,0.104,0.077,1.16074820584458e-25,"2","QSOX1"
1.71569076078863e-30,0.261865715234334,0.193,0.155,1.54431041069345e-25,"2","SDF2L1"
1.73066976717276e-30,0.273436545425776,0.146,0.114,1.55779316412987e-25,"2","CIAO2A"
2.0883431394373e-30,0.297761983687997,0.146,0.114,1.87973854323891e-25,"2","VHL"
6.80934036100502e-30,0.320445857373913,0.126,0.097,6.12915535234423e-25,"2","VKORC1L1"
7.25383212558e-30,0.309978126538065,0.166,0.132,6.52924683455581e-25,"2","GALK2"
1.12560477858831e-29,0.295085116550892,0.129,0.1,1.01316811725512e-24,"2","NUP107"
1.23115355730474e-29,0.328438162017237,0.132,0.102,1.10817362846557e-24,"2","SMIM27"
2.79386665849093e-29,0.301779493054637,0.118,0.09,2.51478731797427e-24,"2","NVL"
3.71120708574089e-29,0.341177006506381,0.144,0.113,3.34049460994623e-24,"2","ATRN"
8.47329981308983e-29,0.293887567759173,0.132,0.102,7.62690189476029e-24,"2","ESYT1"
1.10431899755763e-28,0.338818897895075,0.117,0.09,9.94008572891599e-24,"2","XPO7"
1.44848033247686e-28,0.275434904421255,0.129,0.099,1.30379163206574e-23,"2","PMS1"
1.54775600577309e-28,0.330655855140711,0.122,0.094,1.39315065835641e-23,"2","NCAPD3"
2.80232436370931e-28,0.325532373800583,0.101,0.075,2.52240018301838e-23,"2","GABPA"
3.37092588607084e-28,0.261726270146993,0.1,0.074,3.03420409931123e-23,"2","IVD"
4.08743781096397e-28,0.26175365669498,0.173,0.14,3.67914364802678e-23,"2","NNT"
6.86962486385882e-28,0.280846175540593,0.145,0.115,6.18341803620797e-23,"2","AK2"
1.04064807556491e-27,0.308670377237009,0.135,0.105,9.36697739296734e-23,"2","ANGEL2"
1.2721832711094e-27,0.285099860043219,0.105,0.079,1.14510488415828e-22,"2","MIR3142HG"
1.32373613799999e-27,0.304202558806215,0.125,0.096,1.19150813517517e-22,"2","MEA1"
1.45239769637918e-27,0.292182315526241,0.16,0.128,1.30731769048786e-22,"2","SRM"
2.21175235990429e-27,0.314945069627565,0.158,0.127,1.99082041667345e-22,"2","BMT2"
2.31666471814284e-27,0.252220459627062,0.124,0.095,2.08525307944755e-22,"2","CKAP5"
2.78638835415092e-27,0.264451459349442,0.114,0.087,2.50805602145479e-22,"2","PRKCA-AS1"
4.15146736363779e-27,0.304688868365993,0.124,0.096,3.73677728868401e-22,"2","LDAH"
5.88957985535778e-27,0.339519567580965,0.103,0.078,5.30126972360609e-22,"2","JKAMP"
9.44170557798867e-27,0.748547868651696,0.384,0.348,8.49857360780338e-22,"2","IFITM1"
1.11588573377414e-26,0.332351402140959,0.101,0.076,1.00441990782744e-21,"2","FKBP15"
1.69712571858508e-26,0.273704142989498,0.138,0.109,1.52759983055562e-21,"2","NOTCH1"
1.75355283587199e-26,0.262385375352366,0.205,0.169,1.57839044309674e-21,"2","SECISBP2L"
4.00217516124677e-26,0.282087849440476,0.135,0.107,3.60239788438983e-21,"2","EIPR1"
7.73629940260466e-26,0.320418927224439,0.103,0.079,6.96352045527848e-21,"2","C22orf39"
8.52408461369817e-26,0.355487652968347,0.113,0.087,7.67261380163586e-21,"2","EFL1"
9.20231756870467e-26,0.263953042903002,0.139,0.11,8.28309806676676e-21,"2","LNPK"
1.76150717853471e-25,0.358452084550262,0.108,0.083,1.58555022647088e-20,"2","ST3GAL2"
1.96646091951646e-25,0.297275590729449,0.141,0.112,1.77003113826596e-20,"2","DTX3L"
2.10473121110738e-25,0.252537632532274,0.156,0.126,1.89448961042986e-20,"2","ACBD5"
3.94285924516588e-25,0.290920596282629,0.118,0.092,3.54900703516626e-20,"2","CDC16"
4.50264115474962e-25,0.264035383433486,0.108,0.083,4.05287232980168e-20,"2","COG4"
6.31425146367954e-25,0.264062181786327,0.13,0.102,5.68352088497259e-20,"2","TMUB1"
6.5217397166394e-25,0.270253768956729,0.103,0.078,5.87028313634429e-20,"2","GSR"
8.57782209669566e-25,0.273245468821167,0.162,0.131,7.72098344745673e-20,"2","CTBP1"
1.88716614243683e-24,0.290478473045204,0.124,0.098,1.69865711646882e-19,"2","DHX30"
2.16964387858114e-24,0.333588346543731,0.119,0.094,1.95291815154967e-19,"2","OTUD7B"
2.59571221466666e-24,0.287750624549684,0.118,0.092,2.3364265215436e-19,"2","FAM78A"
9.32252790057033e-24,0.263797268509029,0.146,0.118,8.39130058858236e-19,"2","APAF1"
1.71022661017782e-23,0.290142829721254,0.211,0.179,1.53939207408716e-18,"2","CPEB3"
2.58438111099526e-23,0.296728230551013,0.106,0.082,2.32622728181794e-18,"2","MCCC1"
2.91454837398811e-23,0.281445356918767,0.113,0.089,2.62341413691044e-18,"2","COG6"
3.66750812809336e-23,0.28911558079482,0.117,0.092,3.30116074117811e-18,"2","CARD19"
8.78996605063176e-23,0.280628434366864,0.111,0.087,7.91193634183415e-18,"2","LIPE-AS1"
1.37203905725428e-22,0.298299951810092,0.127,0.102,1.23498607582515e-17,"2","CCDC88B"
1.52416872599493e-22,0.296723162260809,0.146,0.118,1.3719195119553e-17,"2","DCAF10"
1.68081033780376e-22,0.297684461064602,0.135,0.109,1.51291419316054e-17,"2","KLHDC10"
2.13593648865134e-22,0.327489327313724,0.137,0.111,1.92257779279996e-17,"2","ZDHHC21"
2.43452192230498e-22,0.256922626438196,0.122,0.097,2.19133752748593e-17,"2","SLC35F5"
3.1386399045108e-22,0.262145506841393,0.156,0.127,2.82512116444922e-17,"2","CXCR3"
9.32757600029189e-22,0.298970374921612,0.106,0.083,8.39584443362273e-17,"2","NAXE"
2.65313401788536e-21,0.2541817961247,0.178,0.148,2.38811246083879e-16,"2","SMC1A"
6.49430129793154e-21,0.256935080969716,0.205,0.174,5.84558554128116e-16,"2","MSH3"
1.02801929654943e-20,0.268506096812151,0.172,0.143,9.25330449017111e-16,"2","RAB28"
8.21072236314538e-20,0.261284515524799,0.112,0.09,7.39055330629078e-15,"2","VPS26B"
1.48145347737368e-19,0.262944828802327,0.116,0.093,1.33347108951882e-14,"2","POLG"
2.12423554295713e-19,0.302441062476712,0.157,0.131,1.91204565457114e-14,"2","TTBK2"
1.57262345728691e-18,0.254220287464132,0.113,0.091,1.41553410013852e-13,"2","PRRC2A"
2.78657978513183e-18,0.255542633505614,0.151,0.126,2.50822833039501e-13,"2","TBC1D14"
4.22494985900607e-18,0.28146736235519,0.1,0.08,3.80291961758995e-13,"2","TMEM62"
4.3409244637785e-18,0.277049149051306,0.331,0.296,3.90730951909166e-13,"2","DLEU1"
1.09980834808382e-17,0.260415865629536,0.197,0.169,9.89948492193727e-13,"2","C1orf56"
1.24052896852386e-17,0.298920869362342,0.101,0.081,1.11661252985801e-12,"2","ZNF780B"
5.20443588189103e-17,0.287438621222211,0.1,0.08,4.68456478164894e-12,"2","MSMO1"
8.79422665016845e-17,0.279082808996432,0.132,0.109,7.91577135008313e-12,"2","SEC22A"
3.50949613204267e-16,0.274080719025904,0.126,0.104,3.15893256341293e-11,"2","ARL17A"
3.52482418483232e-16,0.256803310149065,0.108,0.088,3.17272949700942e-11,"2","SPATS2"
1.78921517717588e-12,0.329263822932068,0.169,0.15,1.61049047312778e-07,"2","KRT17"
1.17696023636024e-08,0.336643083073306,0.127,0.112,0.00105939367835022,"2","TMEM117"
4.88611257032299e-06,0.262526985325559,0.146,0.132,0.439803878567342,"2","TSPOAP1-AS1"
0,3.41113554277937,0.802,0.166,0,"3","GNLY"
0,5.11448876313158,0.678,0.042,0,"3","TYROBP"
0,2.20152895569906,0.743,0.228,0,"3","KLRD1"
0,4.39569285408526,0.522,0.024,0,"3","TRDC"
0,2.3889277475658,0.63,0.197,0,"3","MCTP2"
0,1.79350688291149,0.895,0.467,0,"3","NKG7"
0,2.98364702955426,0.54,0.113,0,"3","TXK"
0,4.92846265814244,0.44,0.027,0,"3","FCER1G"
0,1.50540829186551,0.717,0.312,0,"3","GZMB"
0,1.61567884865588,0.736,0.332,0,"3","AOAH"
0,1.81934650494601,0.621,0.24,0,"3","CTSW"
0,2.6798632115943,0.464,0.088,0,"3","C1orf21"
0,1.93065162259035,0.625,0.249,0,"3","PRF1"
0,6.35061937959333,0.382,0.008,0,"3","KLRF1"
0,2.72393389223358,0.459,0.091,0,"3","PLCG2"
0,3.50749912623175,0.396,0.048,0,"3","LYN"
0,2.92948104451856,0.424,0.083,0,"3","KLRC1"
0,3.95270862326477,0.363,0.031,0,"3","NCAM1"
0,1.42237607716444,0.631,0.305,0,"3","SAMD3"
0,1.1536243624678,0.576,0.265,0,"3","KLRB1"
0,2.4914306923343,0.383,0.085,0,"3","MATK"
0,1.33810605023868,0.516,0.219,0,"3","AUTS2"
0,4.78495591809722,0.314,0.019,0,"3","FCGR3A"
0,1.29631240693807,0.509,0.22,0,"3","HOPX"
0,2.28788701403971,0.393,0.104,0,"3","PLAC8"
0,2.21525959484127,0.411,0.127,0,"3","XCL2"
0,2.47028298761383,0.347,0.068,0,"3","KLRC2"
0,2.98555309729763,0.332,0.058,0,"3","ZBTB16"
0,6.2042076146394,0.277,0.004,0,"3","SH2D1B"
0,5.8134967808336,0.279,0.009,0,"3","FGFBP2"
0,3.03159691731537,0.315,0.05,0,"3","LAT2"
0,2.68391065811465,0.32,0.06,0,"3","GAS7"
0,0.914540534253209,0.727,0.468,0,"3","GZMA"
0,3.18667675229439,0.295,0.037,0,"3","PDGFD"
0,2.03267704919934,0.382,0.132,0,"3","CLIC3"
0,1.5421501973116,0.405,0.163,0,"3","ATP8B4"
0,0.629819395729942,0.88,0.639,0,"3","CCL5"
0,1.87431657435918,0.36,0.123,0,"3","AGPAT4"
0,1.18917224891544,0.47,0.235,0,"3","RIN3"
0,2.27159064382935,0.415,0.182,0,"3","AREG"
0,2.2943804885618,0.312,0.084,0,"3","PTPN12"
0,1.01965214366371,0.514,0.289,0,"3","NCALD"
0,3.03324605217496,0.261,0.036,0,"3","NCR1"
0,1.08816353630635,0.797,0.575,0,"3","IFITM2"
0,1.07545046158265,0.602,0.381,0,"3","ZEB2"
0,2.30677969736691,0.294,0.073,0,"3","PLEK"
0,1.73759357901343,0.367,0.148,0,"3","YES1"
0,1.00123529796585,0.622,0.405,0,"3","LITAF"
0,1.6745204169247,0.329,0.114,0,"3","PIK3AP1"
0,1.0224884019332,0.648,0.435,0,"3","CD63"
0,0.943369059391846,0.614,0.404,0,"3","CCL4"
0,1.52047182038913,0.347,0.137,0,"3","PLCB1"
0,1.51414388045487,0.479,0.273,0,"3","CMC1"
0,1.16282237094677,0.565,0.359,0,"3","GSTP1"
0,1.4635464339849,0.371,0.168,0,"3","TFDP2"
0,0.826816484244708,0.73,0.528,0,"3","CST7"
0,3.90605215184598,0.219,0.018,0,"3","CTBP2"
0,1.18537397322596,0.364,0.164,0,"3","ABCB1"
0,2.37600627319834,0.261,0.063,0,"3","DOCK5"
0,2.58620934402132,0.263,0.067,0,"3","XCL1"
0,1.11338650587005,0.481,0.286,0,"3","GZMH"
0,3.00157935147265,0.232,0.038,0,"3","KLRC3"
0,1.22731355253222,0.453,0.26,0,"3","IL2RB"
0,1.53837622105902,0.308,0.12,0,"3","GFOD1"
0,1.06401846360359,0.474,0.287,0,"3","MAPK1"
0,1.80564502605753,0.265,0.079,0,"3","KCNQ5"
0,1.29133366229167,0.83,0.645,0,"3","CD247"
0,0.71043829193739,0.471,0.287,0,"3","KLF2"
0,2.02430956000321,0.24,0.058,0,"3","KIR2DL4"
0,1.26157817949688,0.365,0.184,0,"3","DGKD"
0,1.27093406703194,0.445,0.265,0,"3","EFHD2"
0,0.868766905813808,0.48,0.301,0,"3","TRG-AS1"
0,1.69451736420092,0.301,0.123,0,"3","ABHD2"
0,1.02365363942912,0.496,0.319,0,"3","FNDC3B"
0,1.10794044594116,0.416,0.239,0,"3","MAP3K8"
0,3.28176305934082,0.2,0.024,0,"3","CD300A"
0,1.68839295376734,0.292,0.117,0,"3","CEBPD"
0,2.41832529293452,0.231,0.057,0,"3","RNF130"
0,0.771583296971479,0.588,0.416,0,"3","TGFB1"
0,4.76727224919278,0.18,0.009,0,"3","LINC00996"
0,1.13179316055892,0.41,0.242,0,"3","GNPTAB"
0,1.06573473437972,0.377,0.21,0,"3","APMAP"
0,1.49501498560172,0.29,0.123,0,"3","STARD3NL"
0,3.4437098299017,0.187,0.021,0,"3","TLE1"
0,1.60257480816276,0.283,0.119,0,"3","HSH2D"
0,4.56733910682989,0.171,0.01,0,"3","LDB2"
0,1.40857613120053,0.286,0.126,0,"3","IFITM3"
0,1.00857107332466,0.402,0.244,0,"3","SLA2"
0,1.00754416562168,0.364,0.206,0,"3","LINC00299"
0,1.31003900412396,0.292,0.134,0,"3","RRAS2"
0,5.53776374454436,0.164,0.007,0,"3","LINGO2"
0,2.25547263118432,0.213,0.057,0,"3","SLC15A4"
0,2.71710368417178,0.19,0.035,0,"3","TMIGD2"
0,0.739132225798657,0.643,0.494,0,"3","PIK3R1"
0,4.57861678456355,0.155,0.006,0,"3","SYK"
0,0.649592262141983,0.781,0.633,0,"3","HCST"
0,3.38642391017677,0.169,0.022,0,"3","KRT81"
0,1.16222645327128,0.28,0.134,0,"3","KLRK1"
0,1.46897226683591,0.239,0.093,0,"3","MYBL1"
0,1.85025712788799,0.196,0.054,0,"3","TRIO"
0,1.11091032154454,0.296,0.155,0,"3","GLIPR2"
0,1.46672103977952,0.249,0.109,0,"3","ERGIC1"
0,1.80473355983954,0.204,0.067,0,"3","LPCAT1"
0,2.82075840106264,0.16,0.025,0,"3","PTGDR"
0,2.14966394072596,0.172,0.037,0,"3","ADAM28"
0,2.11889413053509,0.18,0.046,0,"3","FCRL6"
0,2.13854945738682,0.19,0.056,0,"3","GK5"
0,1.29893410030795,0.236,0.102,0,"3","SKAP2"
0,6.05318778178811,0.137,0.003,0,"3","ADGRG3"
0,1.43021102798124,0.269,0.135,0,"3","CCL3"
0,1.87866668681507,0.215,0.082,0,"3","MAML3"
0,2.37792257363361,0.164,0.032,0,"3","KRT86"
0,2.96467410365527,0.153,0.023,0,"3","IRF8"
0,3.45732828279306,0.145,0.016,0,"3","OSBPL5"
0,2.65438537077173,0.157,0.028,0,"3","SYNGR1"
0,3.96030744439652,0.138,0.01,0,"3","FGR"
0,1.16615632664531,0.243,0.116,0,"3","EPHA4"
0,0.683167621930211,0.733,0.608,0,"3","PIP4K2A"
0,2.02805069683887,0.173,0.048,0,"3","TENT5A"
0,2.31126687516577,0.164,0.04,0,"3","GSAP"
0,1.62559191852175,0.19,0.067,0,"3","GALNT3"
0,2.48021197355535,0.16,0.038,0,"3","RAP1GAP2"
0,1.64035527053978,0.189,0.067,0,"3","YPEL1"
0,2.2761318216152,0.16,0.04,0,"3","TTC38"
0,1.55443770272898,0.193,0.074,0,"3","DHRS3"
0,2.72196105298494,0.146,0.027,0,"3","SPECC1"
0,1.73661219499626,0.221,0.104,0,"3","SPON2"
0,1.54382559339716,0.198,0.081,0,"3","CEP78"
0,3.49583870653168,0.131,0.014,0,"3","L3MBTL4"
0,1.65536119567631,0.174,0.057,0,"3","SERPINB6"
0,1.31813183233332,0.207,0.091,0,"3","GSE1"
0,2.49899663494056,0.141,0.026,0,"3","LATS2"
0,1.66123094924163,0.174,0.059,0,"3","ADGRG1"
0,2.11742655973013,0.155,0.044,0,"3","SLFN13"
0,3.94182285511822,0.121,0.011,0,"3","PLXNA4"
0,1.47122589067818,0.182,0.073,0,"3","RHOQ"
0,1.65793983878012,0.167,0.061,0,"3","GOLM1"
0,2.08295596037298,0.136,0.034,0,"3","NCR3"
0,3.10714536901261,0.12,0.018,0,"3","SGCD"
0,5.24405049220918,0.104,0.003,0,"3","B3GNT7"
0,3.02645007896639,0.117,0.017,0,"3","PRSS23"
0,4.25054265465426,0.107,0.007,0,"3","PPP1R9A"
0,2.42207650947647,0.13,0.031,0,"3","CD160"
0,5.66060430787355,0.101,0.002,0,"3","CCNJL"
0,1.96289860815108,0.145,0.046,0,"3","PPM1L"
0,4.10759927994873,0.108,0.01,0,"3","CX3CR1"
0,4.03702103399052,0.104,0.006,0,"3","S1PR5"
0,4.11720762674826,0.106,0.009,0,"3","GAB1"
0,2.91201519941429,0.114,0.018,0,"3","IGFBP2"
0,2.94651986020782,0.112,0.016,0,"3","CXXC5"
0,2.23239429614935,0.118,0.022,0,"3","SPRY2"
0,1.73777554134671,0.143,0.047,0,"3","CD244"
0,2.32626751796356,0.131,0.036,0,"3","TTTY14"
0,1.87470048928245,0.125,0.032,0,"3","TRGC1"
0,1.78819298435064,0.134,0.041,0,"3","IGF1R"
0,2.34510991638045,0.117,0.025,0,"3","WIPF3"
0,2.18400428258915,0.12,0.028,0,"3","HDGFL3"
0,3.70647736422865,0.102,0.011,0,"3","BNC2"
0,1.70646780720546,0.129,0.039,0,"3","ST8SIA6"
0,2.47115117941892,0.108,0.019,0,"3","CYRIA"
0,2.96777978009945,0.107,0.018,0,"3","ITGAX"
0,1.7942808106047,0.118,0.033,0,"3","SLC4A4"
0,1.54829970811546,0.123,0.04,0,"3","ENSG00000290036"
0,1.67264970120204,0.123,0.041,0,"3","FRY"
0,1.90366885483114,0.112,0.032,0,"3","CAPN12"
0,2.27492121440816,0.103,0.024,0,"3","TCF4"
8.30030285013294e-322,1.86967760433574,0.131,0.046,7.47118559843316e-317,"3","LINC02384"
2.11460096420054e-321,1.68088034784784,0.119,0.039,1.90337347388654e-316,"3","ADCY9"
2.49179044086158e-318,0.713239877368331,0.598,0.433,2.24288549372391e-313,"3","ITGB1"
8.27436440372628e-318,1.20914348466179,0.201,0.088,7.44783814343806e-313,"3","EOMES"
1.48427398949886e-317,1.22805873872703,0.327,0.187,1.33600986068782e-312,"3","TGFBR3"
3.08604765902297e-317,1.05185557195564,0.321,0.178,2.77778235836316e-312,"3","CHST12"
1.51617311306344e-312,0.562912396231056,0.78,0.661,1.36472258079953e-307,"3","PITPNC1"
5.653083454031e-308,1.56376887651053,0.127,0.044,5.08839694780784e-303,"3","ADRB2"
7.41504398407849e-307,1.02731362684912,0.367,0.221,6.67435524050889e-302,"3","FOSL2"
7.94259961756708e-306,1.00636892218787,0.386,0.237,7.1492133417683e-301,"3","VPS37B"
1.44676692293242e-305,0.728823746290659,0.454,0.287,1.3022493750007e-300,"3","VAV3"
5.28122000099032e-304,0.880415602529019,0.426,0.274,4.7536789350914e-299,"3","BIN2"
3.5644781304052e-303,1.08185182545955,0.233,0.112,3.20842240995902e-298,"3","SLAMF7"
5.64152609245976e-302,0.914072002470733,0.44,0.285,5.07799405108396e-297,"3","MYO1F"
9.62441717453822e-300,1.14888108394237,0.326,0.188,8.6630341429736e-295,"3","HIP1"
2.37183721522968e-298,1.79209226247204,0.106,0.034,2.13491439580039e-293,"3","C1orf162"
2.30626338035508e-297,1.49011733865719,0.171,0.073,2.07589073129141e-292,"3","IL18RAP"
4.09214750942781e-297,1.01349633662047,0.325,0.186,3.68338289471107e-292,"3","SORL1"
2.01945442469623e-290,0.961164379553698,0.477,0.335,1.81773112221332e-285,"3","SYNE1"
3.80842114896955e-287,1.20109085814067,0.203,0.094,3.42799796039898e-282,"3","ITGA5"
2.64934670128894e-286,1.20134817507608,0.227,0.112,2.38470345929719e-281,"3","TBX21"
1.5911187631082e-280,0.975735822725635,0.353,0.212,1.43218190986132e-275,"3","METRNL"
1.51754717102759e-273,0.709750835784323,0.595,0.449,1.36595938411365e-268,"3","IER2"
2.959910627931e-272,0.559470465630609,0.706,0.551,2.66424515530697e-267,"3","CLEC2B"
5.14418975894745e-266,0.960450730009917,0.371,0.234,4.63033664392619e-261,"3","DSTN"
7.149916044642e-265,0.836863047946935,0.557,0.427,6.43571093094271e-260,"3","CARD11"
1.96349934526081e-259,1.10533617718967,0.209,0.102,1.76736539566271e-254,"3","PRR5L"
2.89667013333491e-257,0.557619526115995,0.658,0.521,2.60732175371608e-252,"3","MBP"
6.23046459729322e-257,1.40737445576397,0.155,0.067,5.6081034886696e-252,"3","DENND3"
1.57815283128495e-256,1.22031592335361,0.24,0.127,1.4205111449679e-251,"3","PEAK1"
1.56984651417131e-255,1.54376644122952,0.127,0.05,1.41303454587074e-250,"3","CASP10"
6.39259294202049e-255,1.09062350768846,0.247,0.132,5.75403683304206e-250,"3","PRKD3"
1.14668986229306e-249,0.649528315277055,0.598,0.456,1.03214701194861e-244,"3","CMIP"
9.31377949003939e-249,1.0751017786832,0.184,0.086,8.38342605677936e-244,"3","TANC2"
1.4191385247574e-247,0.965712519377562,0.582,0.462,1.27738077751939e-242,"3","NFKB1"
7.79502644108518e-246,0.660420500643404,0.489,0.339,7.01638124988518e-241,"3","APOBEC3G"
1.09017891515804e-245,1.16924538475765,0.167,0.075,9.81280943322905e-241,"3","ADGRG5"
9.55747453481321e-245,1.02749525474679,0.255,0.14,8.60277840353071e-240,"3","TPST2"
1.23698844398388e-243,1.06575661644024,0.246,0.133,1.11342566831433e-238,"3","CD38"
1.68923539147971e-243,1.16171573022719,0.23,0.121,1.5204976682248e-238,"3","APBA2"
4.9776126366382e-242,1.26906465631646,0.186,0.089,4.48039891036441e-237,"3","NOL4L"
5.68535742934099e-242,1.61742407710525,0.105,0.038,5.11744707572411e-237,"3","PALD1"
1.66334975979722e-241,0.937848546501397,0.317,0.191,1.49719775229107e-236,"3","BHLHE40"
3.24051603070427e-239,0.547166986858693,0.689,0.548,2.91682088439722e-234,"3","ID2"
2.01675397981523e-234,1.09551584914739,0.193,0.095,1.81530042477149e-229,"3","USP28"
2.28138308456914e-232,1.17018069376764,0.189,0.093,2.05349572825153e-227,"3","SLC16A3"
9.18863214771162e-229,1.234246132624,0.156,0.07,8.2707796824767e-224,"3","IGFBP7"
1.84681987570735e-228,1.08076001237411,0.217,0.115,1.66234103832295e-223,"3","UBE2F"
2.80022525990309e-224,0.733124282688651,0.518,0.392,2.52051075869137e-219,"3","AKNA"
7.64618663469953e-220,1.37436393704876,0.128,0.053,6.8824090517594e-215,"3","TSPAN32"
2.20496799432142e-219,0.788498480023988,0.376,0.246,1.98471374136866e-214,"3","GPR65"
9.28708197851982e-219,0.840971474642779,0.268,0.152,8.35939535968547e-214,"3","SLCO3A1"
1.42401454960807e-217,1.03210856030459,0.236,0.131,1.28176973624772e-212,"3","RRBP1"
2.31173403490014e-216,0.598175927422639,0.683,0.58,2.08081492215396e-211,"3","CD7"
2.34167730484419e-213,1.25536573991035,0.169,0.082,2.1077671588633e-208,"3","ZNF683"
3.14753986075295e-211,0.954133593273318,0.254,0.145,2.83313210406234e-206,"3","TGFBR1"
6.81647576558573e-211,0.892863793896762,0.293,0.177,6.13557800136138e-206,"3","TES"
1.52247117525978e-210,0.938046728578237,0.259,0.149,1.37039152956308e-205,"3","CERS6"
4.16898193214729e-209,1.3589607498335,0.139,0.062,3.7525423269451e-204,"3","AXIN1"
6.15145763770534e-209,1.30454065199934,0.168,0.082,5.53698853427496e-204,"3","ZNF600"
6.99331664880424e-207,0.735190680913017,0.437,0.311,6.29475424875518e-202,"3","CDC42SE1"
1.47063458398583e-203,1.09070869077006,0.206,0.11,1.32373289539149e-198,"3","SSBP3"
1.99714546928945e-202,0.706304311532227,0.457,0.331,1.79765060836213e-197,"3","PLEKHA2"
3.26591272214676e-202,1.22309573457875,0.125,0.054,2.93968070033152e-197,"3","PELI2"
9.92842353861722e-200,0.672501153695797,0.319,0.198,8.93667331134475e-195,"3","HAVCR2"
2.57187914053145e-199,1.18151671046343,0.166,0.082,2.31497413318377e-194,"3","CHKA"
2.42492633018111e-198,0.548786836899914,0.582,0.449,2.18270043905931e-193,"3","ADGRE5"
4.68220437626826e-197,1.07154492838014,0.179,0.091,4.21449898112282e-192,"3","RIPK2"
1.46369764326946e-196,0.697316393433265,0.416,0.29,1.31748888568327e-191,"3","PRKX"
5.37765020702538e-196,0.921354076579522,0.27,0.162,4.84047672784561e-191,"3","RASA3"
9.57454604937021e-196,1.09733791950549,0.167,0.082,8.61814464449862e-191,"3","JAKMIP2"
1.82426241261144e-195,1.03554872260345,0.194,0.102,1.64203684021568e-190,"3","FASLG"
6.5340126629987e-195,1.08873472788568,0.186,0.096,5.88133013809176e-190,"3","MAFF"
1.12625797136351e-194,1.2530789872032,0.139,0.064,1.01375606260401e-189,"3","PXN"
2.23009846434995e-191,0.616952475626557,0.48,0.351,2.00733392874604e-186,"3","CTSD"
3.36168273822253e-191,0.791297776223687,0.337,0.221,3.02588424950148e-186,"3","CHD9"
8.87747463170509e-191,0.709578108051955,0.482,0.364,7.99070369074406e-186,"3","NFE2L2"
1.49825418819911e-188,0.670898257041955,0.6,0.489,1.34859357733991e-183,"3","REL"
2.06560965036096e-187,0.429197191036803,0.743,0.636,1.85927590238641e-182,"3","LCP1"
2.55450662075859e-187,1.15036676773384,0.157,0.077,2.29933695441101e-182,"3","MMP25-AS1"
2.50950828649213e-184,0.618769816096873,0.685,0.579,2.25883350375443e-179,"3","TXNIP"
1.73512293830861e-181,1.02692049070845,0.154,0.076,1.56180150800096e-176,"3","FER"
8.41136823571896e-181,0.477129087009347,0.692,0.589,7.57115666265299e-176,"3","UTRN"
1.21819713654752e-179,0.96076496358496,0.24,0.142,1.09651142457779e-174,"3","ZNF611"
5.63902030028984e-179,1.12545951656195,0.17,0.088,5.07573856249389e-174,"3","BCR"
7.45936248947992e-176,0.7782708774531,0.324,0.214,6.71424677040577e-171,"3","AGTPBP1"
1.19666958926514e-175,0.833105689387498,0.197,0.107,1.07713426399345e-170,"3","KLRC4"
2.43846148696435e-174,0.412293308027477,0.628,0.502,2.19488356903148e-169,"3","DUSP2"
1.68397050818458e-173,0.770172200634071,0.224,0.128,1.51575869412203e-168,"3","GLUL"
6.58959362263678e-172,0.554083241103716,0.466,0.342,5.93135911567159e-167,"3","IFITM1"
7.88113616256714e-172,1.08616582411588,0.176,0.093,7.0938894712883e-167,"3","GP6-AS1"
3.38191920998747e-171,1.73363369991913,0.104,0.044,3.04409930010182e-166,"3","SERPINE1"
9.61906315469322e-171,0.869173213874352,0.225,0.13,8.65821493617091e-166,"3","KLRG1"
5.50003145444008e-169,0.763341767899674,0.406,0.29,4.95063331245606e-164,"3","RHOB"
8.38423869422634e-169,0.823870315818072,0.218,0.125,7.54673709106007e-164,"3","KLF3"
8.60876856032241e-169,0.889598921830557,0.245,0.148,7.74883866883181e-164,"3","LPGAT1"
7.9884187513284e-168,0.88922101171024,0.256,0.158,7.1904556022582e-163,"3","SLC39A10"
8.50880666813252e-168,0.613667359011648,0.464,0.348,7.65886197005276e-163,"3","CD81"
3.66605784919284e-167,1.06833425332732,0.189,0.105,3.29985533063697e-162,"3","HEG1"
1.60751231857008e-166,0.684187892032497,0.406,0.292,1.44693791306811e-161,"3","PTK2B"
5.02968595352543e-166,0.751159788889369,0.193,0.106,4.52727062362777e-161,"3","GOLIM4"
3.15013890342998e-165,1.02981205772911,0.168,0.089,2.83547152836636e-160,"3","MYO6"
1.03093427595623e-162,1.17879320447612,0.126,0.059,9.27954251130964e-158,"3","FNIP2"
1.31132020222819e-162,0.956191225075603,0.228,0.136,1.18033242722762e-157,"3","UAP1"
1.90016119279698e-162,0.982848608574557,0.18,0.098,1.71035409124849e-157,"3","VCL"
4.57775682158318e-162,0.788458101900371,0.349,0.243,4.12048469267524e-157,"3","FLNA"
1.76868695497476e-160,0.955477763819823,0.186,0.103,1.59201281504233e-155,"3","FLOT1"
1.45933794974545e-158,0.866357104672568,0.243,0.15,1.31356468194538e-153,"3","IFNGR1"
5.91007900720556e-158,1.32054334484561,0.102,0.045,5.3197212151758e-153,"3","PZP"
6.64919660317798e-158,0.878578881849402,0.208,0.121,5.98500835448653e-153,"3","SETBP1"
7.5994332449978e-158,1.47638596324808,0.107,0.048,6.84032585815497e-153,"3","PHLDB2"
3.74581062022076e-157,0.445603828201665,0.599,0.482,3.37164159736691e-152,"3","ARHGAP26"
5.03877544604785e-156,1.06984573731073,0.158,0.083,4.53545216674213e-151,"3","MTSS1"
4.8148107582923e-151,0.727625407791067,0.235,0.142,4.33385931164648e-146,"3","LMO4"
3.32468132398965e-150,0.89419093470816,0.236,0.146,2.99257890653632e-145,"3","BAZ2B"
6.64111914081024e-150,0.680245545370859,0.36,0.254,5.9777377498347e-145,"3","C12orf75"
1.39774192787013e-147,0.515284751692255,0.51,0.401,1.25812148669519e-142,"3","B4GALT1"
1.85541337875066e-147,1.08649955381941,0.184,0.106,1.67007613634726e-142,"3","BPGM"
2.18591551184682e-146,0.719162263822791,0.364,0.258,1.96756441136844e-141,"3","XBP1"
1.1212396898055e-145,1.00304203310628,0.146,0.076,1.00923905719083e-140,"3","A2M"
1.73640487926792e-143,0.621279554127609,0.382,0.276,1.56295539587785e-138,"3","SUN2"
3.11897429187536e-143,0.571257898481259,0.558,0.448,2.80741994985993e-138,"3","LGALS1"
5.85734863776797e-143,0.853683701202933,0.224,0.137,5.27225808234133e-138,"3","PTPRE"
2.0955558955045e-141,0.607037132493861,0.335,0.231,1.88623081710255e-136,"3","HMGN3"
3.03019189970619e-141,0.700492884222838,0.34,0.239,2.72750603084454e-136,"3","TENT4B"
1.9188963729117e-140,1.09440858611395,0.117,0.056,1.72721781422155e-135,"3","PTGER2"
1.92802660808195e-140,0.931857549278448,0.173,0.097,1.73543603020065e-135,"3","SBF2"
2.1382017912215e-140,0.59167618826424,0.614,0.533,1.92461681429639e-135,"3","RALGAPA1"
7.59529818193049e-140,1.02029980155939,0.2,0.12,6.83660384653745e-135,"3","ENSG00000280138"
1.90036668550431e-138,0.649099900166685,0.275,0.179,1.71053905728928e-133,"3","HIPK2"
1.39722312074163e-137,0.949874517490027,0.175,0.1,1.25765450321075e-132,"3","RAB29"
2.10684206832949e-136,1.16155013154062,0.11,0.052,1.89638961412406e-131,"3","SMAD5"
2.41742810713994e-135,0.576491921034057,0.438,0.333,2.17595121351773e-130,"3","FBXO34"
2.5700691924357e-135,0.487484043541306,0.352,0.242,2.31334498080329e-130,"3","PPP2R2B"
7.7153901752038e-134,0.659929268670556,0.278,0.184,6.94469985060269e-129,"3","RASSF1"
9.07550677282417e-134,0.583077332147727,0.45,0.348,8.16895440128677e-129,"3","ZDHHC20"
1.1500975227484e-133,1.22245525837459,0.172,0.1,1.03521428120107e-128,"3","ADAMTS17"
1.50166538102789e-132,0.89659477916757,0.175,0.1,1.35166402611702e-127,"3","LLGL2"
1.97869247416806e-131,0.55594438723594,0.499,0.395,1.78104088292341e-126,"3","GADD45B"
2.63922464182842e-131,0.855970801206365,0.194,0.116,2.37559249235618e-126,"3","SH3BP5"
3.27805045859889e-131,1.05813443234225,0.131,0.068,2.95060599828945e-126,"3","TOGARAM2"
6.93184441451348e-131,0.584123481073311,0.403,0.301,6.23942247594773e-126,"3","RNF115"
4.41803002362338e-130,0.557096829148401,0.397,0.293,3.97671300456364e-125,"3","TLE4"
3.49537744889736e-127,1.04576105635373,0.124,0.064,3.146224195527e-122,"3","INPP5B"
4.36873717442539e-127,1.02181650661526,0.123,0.063,3.93234401807204e-122,"3","SH2B3"
4.93744324538423e-127,0.969839350827058,0.171,0.099,4.4442420396028e-122,"3","ENSG00000307107"
9.42366733488522e-127,0.929582311018303,0.159,0.09,8.48233720480353e-122,"3","CDKN2D"
2.58638697547745e-125,0.596834434055528,0.47,0.371,2.32803278049701e-120,"3","ELL2"
3.857778989568e-124,0.386417075974751,0.656,0.553,3.47242544630005e-119,"3","RUNX3"
8.3645016460844e-124,0.98274483214635,0.14,0.076,7.52897157665703e-119,"3","RHBDF2"
1.717531002577e-123,1.15189688273628,0.112,0.056,1.54596683072958e-118,"3","PSTPIP2"
2.21649607235912e-121,0.44510993634375,0.733,0.669,1.99509027969116e-116,"3","SYTL3"
2.24299514197102e-121,0.569964619001623,0.341,0.244,2.01894235723953e-116,"3","SOS2"
2.41728983093108e-121,0.477096292570534,0.517,0.417,2.17582674971938e-116,"3","INPP5D"
5.94602136314266e-121,0.87026946174532,0.177,0.105,5.35207328917834e-116,"3","ITPRIP"
1.00292521067934e-120,0.649945404881474,0.285,0.194,9.02743011384582e-116,"3","RNF125"
2.47142421940353e-120,0.632558245870609,0.256,0.169,2.22455365412731e-115,"3","TNFSF14"
2.65368263948811e-120,0.688931555564495,0.293,0.203,2.38860628062964e-115,"3","MNAT1"
2.18290314010086e-119,0.6620390074345,0.386,0.296,1.96485294543619e-114,"3","ITGB2"
2.33718892211796e-119,0.934236203414564,0.148,0.083,2.1037271206876e-114,"3","MXRA7"
2.84418813795688e-119,0.995016923518883,0.163,0.096,2.56008218485637e-114,"3","AGK"
5.1102030966979e-119,1.02963999851468,0.112,0.057,4.59974490936874e-114,"3","G6PD"
6.47324961346692e-119,0.863317784520455,0.173,0.103,5.82663670957771e-114,"3","STK26"
5.61805464908116e-117,0.905634033973461,0.147,0.082,5.05686717018444e-112,"3","ADAM8"
2.16429641805314e-116,1.21861011709517,0.13,0.071,1.94810484885381e-111,"3","MAST3"
7.77264999793734e-116,0.576482149312002,0.293,0.201,6.99623998964338e-111,"3","RASGEF1B"
1.39287924949858e-114,0.903066148314523,0.156,0.09,1.25374454126617e-109,"3","CHPT1"
1.88627184529266e-114,0.603737135495797,0.215,0.135,1.69785215066637e-109,"3","SNTB1"
4.04451191963953e-114,0.420530007703037,0.517,0.412,3.64050562398674e-109,"3","PPP3CA"
1.01154348603791e-112,0.67265354332982,0.255,0.172,9.10500407217587e-108,"3","SIRT2"
3.49746345415833e-112,0.674390491840049,0.471,0.387,3.14810182972245e-107,"3","CNOT2"
4.00143534550384e-112,0.718983396206781,0.199,0.125,3.60173196884146e-107,"3","NFIL3"
2.03743421895926e-111,0.703736442130939,0.223,0.144,1.83391491482742e-106,"3","ATP10A"
1.42548012314846e-110,0.759135450630186,0.19,0.117,1.28308891364716e-105,"3","ZNF827"
6.44054634172069e-110,0.962936845174898,0.12,0.064,5.79720016764621e-105,"3","SVIL"
1.75066163927059e-109,0.612332148558399,0.273,0.188,1.57578804812385e-104,"3","PDE4A"
2.42868515508006e-109,0.615605693718649,0.345,0.256,2.18608379493911e-104,"3","DIP2A"
3.68332101255235e-109,0.481325840040145,0.538,0.447,3.31539407660849e-104,"3","MAPRE2"
6.39310068337601e-108,0.907364436671913,0.118,0.063,5.75449385611358e-103,"3","ZBTB10"
7.84866605225369e-108,0.754161693499297,0.303,0.22,7.06466280029407e-103,"3","KLF13"
8.52604473623067e-108,0.616135097770109,0.381,0.291,7.67437812752859e-103,"3","XYLT1"
4.39795429421496e-107,0.99595793120048,0.121,0.066,3.95864263976583e-102,"3","ARAP1"
6.20828976254201e-107,0.41945401505297,0.606,0.527,5.58814369816169e-102,"3","RASA2"
1.08316095710909e-106,0.608124154590791,0.39,0.3,9.74964009103463e-102,"3","NR4A1"
3.85412669663075e-106,0.428365180110952,0.572,0.485,3.46913798090431e-101,"3","RAB8B"
2.6214767022291e-104,0.405669245930136,0.724,0.643,2.35961739444344e-99,"3","PARP8"
2.05113868390161e-103,0.521812352388617,0.399,0.308,1.84625044076668e-98,"3","TLN1"
4.07038444103884e-102,0.668076569503534,0.27,0.189,3.66379373922347e-97,"3","TSC22D1"
5.31914692780815e-102,0.648362625213257,0.248,0.169,4.78781734118939e-97,"3","CCDC69"
6.2096576081806e-102,1.2307484015038,0.119,0.066,5.58937490969944e-97,"3","LINC00987"
6.7836026779671e-102,0.75163662282607,0.221,0.146,6.10598860646497e-97,"3","IER3"
1.25826905085571e-101,0.61735782805295,0.423,0.332,1.13258055536574e-96,"3","HSPA6"
6.16964332812836e-101,0.388113316949207,0.562,0.47,5.55335765608162e-96,"3","LPP"
7.41698416039009e-100,0.319505110090341,0.833,0.791,6.67610161260872e-95,"3","CYBA"
1.15385421149036e-99,0.603184089435217,0.324,0.24,1.03859571430458e-94,"3","ADD1"
2.26814697226957e-99,0.957430106519336,0.124,0.07,2.04158177120956e-94,"3","RGS3"
2.39759771345477e-99,0.596112093803498,0.268,0.187,2.15810167785778e-94,"3","LINC01138"
2.56045378749204e-99,0.62241923736914,0.264,0.183,2.30469005865946e-94,"3","B4GALT5"
7.59466144685161e-99,0.595020445157168,0.362,0.279,6.83603071492561e-94,"3","ABHD17A"
3.53591121790247e-98,0.978425627992929,0.112,0.06,3.18270904634619e-93,"3","GPR84-AS1"
4.4857772732051e-98,0.480662939053904,0.489,0.398,4.03769298138464e-93,"3","CCND3"
4.76950370065011e-98,0.755140414238165,0.204,0.134,4.29307797599217e-93,"3","ADCY7"
1.08794053794925e-97,0.341251482209613,0.697,0.626,9.79266157613501e-93,"3","RAP1B"
3.25224830306552e-97,0.348716997387859,0.636,0.553,2.9273812200723e-92,"3","MACF1"
3.57963155956984e-97,0.591006619082038,0.39,0.305,3.22206216308441e-92,"3","SCLT1"
6.97879319582623e-97,0.417698587424487,0.521,0.437,6.28168154349515e-92,"3","PDIA3"
9.08151712945277e-97,0.783606623117484,0.22,0.15,8.17436438339173e-92,"3","MPG"
2.52107541121442e-96,0.6215066061135,0.255,0.178,2.26924518838821e-91,"3","UPP1"
3.91650950803795e-96,0.515201755942228,0.379,0.293,3.52528937328004e-91,"3","PRMT2"
1.45593124145244e-95,0.307641992263603,0.716,0.646,1.31049826974375e-90,"3","SEPTIN7"
4.35458878911184e-95,0.740117975294758,0.187,0.12,3.91960891496746e-90,"3","KLHDC4"
5.40727088506528e-95,0.818235507903074,0.132,0.076,4.86713859635611e-90,"3","B4GALT4"
2.22968527643267e-94,0.758157282479531,0.18,0.114,2.00696201416981e-89,"3","GAB3"
1.16916315503895e-93,0.851413896554908,0.137,0.08,1.05237544748211e-88,"3","LINC01145.1"
2.49400368475212e-93,0.829115283604716,0.169,0.106,2.24487765668223e-88,"3","TBC1D31"
1.45838212174344e-92,1.01520394340488,0.178,0.114,1.31270433160249e-87,"3","PLEKHA5"
1.5473503503037e-92,0.631020332964699,0.177,0.111,1.39278552381187e-87,"3","CHN2"
7.28421446714214e-92,0.816766565486639,0.136,0.08,6.55659428401932e-87,"3","CPT1A"
2.66305069013983e-91,0.397504172634164,0.635,0.561,2.39703855670176e-86,"3","SSH2"
1.10060900408851e-90,0.501496152842247,0.28,0.2,9.90669170670108e-86,"3","CUX1"
5.53372759016232e-90,0.410791822352893,0.433,0.344,4.98096354118101e-85,"3","PTPN4"
5.77937718244529e-90,0.904048739512813,0.107,0.058,5.20207519569083e-85,"3","ELOVL6"
6.50478633752656e-90,0.695120362195811,0.239,0.167,5.85502323027103e-85,"3","ITCH"
1.14524650514784e-89,0.511425229969131,0.358,0.275,1.03084783174862e-84,"3","STK39"
2.8056007049008e-89,0.291160544038924,0.747,0.679,2.52534925048826e-84,"3","JAK1"
3.01720074320034e-89,0.355231639230115,0.627,0.545,2.71581256096205e-84,"3","IQGAP2"
1.44666883877274e-88,0.477452992983735,0.327,0.244,1.30216108846773e-83,"3","GABARAPL1"
3.7138885673471e-88,0.52742629854485,0.394,0.315,3.3429082383548e-83,"3","TRAPPC10"
5.531564923581e-88,0.792646469214522,0.293,0.221,4.9790169033645e-83,"3","NME2"
6.60104642800715e-88,0.678404642430992,0.212,0.143,5.94166790031351e-83,"3","TRIM44"
7.81895349084757e-88,0.478754412716189,0.358,0.272,7.03791822664681e-83,"3","MXD1"
8.69706782526729e-88,0.431910374868541,0.441,0.355,7.82831772020134e-83,"3","OSTF1"
3.68704559498208e-87,0.927184104760826,0.101,0.055,3.31874661049932e-82,"3","LINC01684"
5.40308239415395e-87,0.815712350875961,0.123,0.071,4.86336849380192e-82,"3","ENSG00000270240"
4.49502026628895e-86,0.951447184415402,0.1,0.054,4.04601269188935e-81,"3","PILRB"
1.12596204839802e-85,0.71603621102526,0.193,0.128,1.01348969938354e-80,"3","TSPOAP1-AS1"
1.1597967529442e-85,0.386976512455317,0.581,0.504,1.0439446552926e-80,"3","IRF1"
7.23476164607693e-85,0.94878754335871,0.156,0.1,6.51208130525031e-80,"3","AC092821.3"
2.6186189094135e-84,0.635290039464118,0.247,0.176,2.35704506655219e-79,"3","SRGAP3"
7.32519530168732e-84,0.780627278720027,0.213,0.148,6.59348154300177e-79,"3","KLHL6"
8.05842663911756e-84,0.403576800363327,0.671,0.593,7.2534704021361e-79,"3","CD69"
1.74113871025405e-83,0.494973219713258,0.458,0.384,1.56721636448677e-78,"3","EIF3G"
2.71216783980884e-83,0.581830755933217,0.334,0.259,2.44124939429034e-78,"3","MTPN"
4.2462255230336e-83,0.340043410184751,0.491,0.398,3.82207005553778e-78,"3","JAZF1"
1.55197811295702e-82,0.519036130154918,0.333,0.256,1.39695101925374e-77,"3","ARPC5L"
1.4238110160505e-81,0.525966747511942,0.308,0.231,1.28158653365722e-76,"3","HIVEP3"
2.82891918726741e-81,0.637005068249288,0.248,0.178,2.54633844965126e-76,"3","SPN"
2.86555068666662e-81,0.740261187602109,0.148,0.092,2.57931082857549e-76,"3","STARD9"
3.3958930231395e-81,0.733876080865302,0.142,0.087,3.05667726905809e-76,"3","ASL"
6.41344642543552e-81,0.813515131109257,0.15,0.095,5.77280726199876e-76,"3","PTPN18"
1.34422078321803e-80,0.875001642500237,0.149,0.095,1.20994656918238e-75,"3","AC245297.3"
1.81296743450568e-80,0.530405972208699,0.335,0.256,1.63187011747291e-75,"3","SCML4"
4.92801854620227e-80,0.274638318380877,0.568,0.474,4.43575877362212e-75,"3","ATP8A1"
2.0901929666679e-79,0.718366567208395,0.196,0.132,1.88140359122744e-74,"3","NR4A3"
2.9215301791671e-79,0.807895702784294,0.127,0.076,2.6296985295701e-74,"3","BRF1"
3.0715478572961e-78,0.460997050006128,0.33,0.251,2.7647309418308e-73,"3","STOM"
3.25583279662535e-78,0.501731449073175,0.388,0.311,2.93060765857044e-73,"3","PLCL2"
4.40774744502716e-78,0.443197963125522,0.486,0.412,3.9674575527434e-73,"3","PYHIN1"
8.5787117559503e-78,0.500257543671114,0.334,0.259,7.72178423864842e-73,"3","DHRS7"
1.10492060798951e-77,0.931459583763898,0.1,0.056,9.94550088457438e-73,"3","PLA2G6"
1.8898756459074e-77,0.525980560003354,0.274,0.201,1.70109596763771e-72,"3","SEC14L1"
5.06872855806008e-77,0.504358931997058,0.289,0.215,4.56241326239545e-72,"3","GALNT11"
3.43421510251523e-76,0.813780306684611,0.155,0.1,3.09117135592498e-71,"3","NFKBID"
9.90257753921912e-76,0.268405736627451,0.77,0.715,8.91340906882652e-71,"3","ARPC2"
3.91048439717776e-75,0.663965724293704,0.172,0.114,3.51986611074367e-70,"3","SIPA1"
4.22065576240718e-75,0.361447821882482,0.398,0.312,3.79905445830033e-70,"3","CD55"
8.49140346907165e-75,0.56001364489311,0.26,0.191,7.64319717654608e-70,"3","CDYL"
1.71233776739536e-74,0.678692506662083,0.164,0.107,1.54129234781023e-69,"3","CLNK"
1.47692973393363e-73,0.650915202000422,0.179,0.12,1.329399222811e-68,"3","SYTL1"
6.3059240982299e-73,0.336868210530411,0.483,0.403,5.67602534005771e-68,"3","PRKACB"
6.47104480211687e-73,0.580517074872522,0.228,0.162,5.82465213683342e-68,"3","CRIM1"
2.35169775635833e-72,0.697277108206646,0.155,0.1,2.1167866674757e-67,"3","ASAH1"
4.44223531364297e-72,0.330636386971452,0.497,0.412,3.99850042816318e-67,"3","SFMBT2"
6.30077086813079e-72,0.462043177794504,0.4,0.326,5.6713868661132e-67,"3","SKIL"
1.14295102172283e-71,0.374611638484042,0.601,0.537,1.02878164416294e-66,"3","PDE7A"
1.6012057943631e-71,0.272099831982078,0.725,0.658,1.44126134756417e-66,"3","STAT4"
1.65684171086726e-71,0.55417999024917,0.524,0.46,1.49133979236873e-66,"3","NFKBIA"
2.5071619154462e-71,0.554559879394502,0.243,0.177,2.25672151171228e-66,"3","ARFGAP3"
3.22609170611918e-71,0.442028166279084,0.406,0.332,2.90383740559493e-66,"3","NR4A2"
3.95783626276806e-71,0.65868408409098,0.232,0.167,3.56248799848016e-66,"3","C1orf56"
7.43204139759443e-71,0.702330522593968,0.142,0.091,6.68965478238872e-66,"3","ITPK1"
1.01581510762914e-70,0.448473143743383,0.451,0.378,9.14345336528067e-66,"3","ATM"
1.18459720822158e-70,0.503643043670316,0.362,0.291,1.06626779309233e-65,"3","IGF2R"
1.19753891360467e-70,0.463293403138225,0.416,0.344,1.0779167515247e-65,"3","ITGAL"
3.99305417609384e-70,0.362653706457622,0.568,0.498,3.59418799444383e-65,"3","TAOK3"
5.23163683809336e-70,0.457119121204784,0.325,0.254,4.70904863433622e-65,"3","SNRK"
7.70533955743452e-70,0.330520427571472,0.61,0.544,6.93565318904239e-65,"3","NCL"
5.24244970701504e-69,0.717195880704138,0.147,0.096,4.7187814057813e-64,"3","CPQ"
8.00243355759814e-69,0.461485102966765,0.269,0.199,7.20307046952966e-64,"3","LYAR"
1.41599417576899e-67,0.607303032974844,0.171,0.115,1.27455051755142e-62,"3","IRAG2"
2.44864416141296e-67,0.555568156294508,0.24,0.177,2.20404909612942e-62,"3","MOB3A"
3.04503343426852e-67,0.613508826159954,0.321,0.255,2.74086504451944e-62,"3","SERPINB1"
8.08555188084553e-67,0.669613065471155,0.15,0.099,7.27788610346787e-62,"3","TSHZ1"
9.15321656694956e-67,0.68722122855051,0.166,0.112,8.23890176407697e-62,"3","CYTH4"
1.07601944719505e-66,0.801594958383147,0.134,0.086,9.68535864614739e-62,"3","SPRY1"
3.21508000501258e-66,0.777394263695709,0.132,0.085,2.89392566331188e-61,"3","LINC01278"
3.60598073088285e-66,0.295413717252228,0.729,0.671,3.24577931567496e-61,"3","MYL12A"
4.94267481250961e-66,0.400735440986205,0.383,0.31,4.44895102548802e-61,"3","NFATC3"
8.15667410921622e-66,0.510300577089604,0.201,0.14,7.34190393244661e-61,"3","HPGD"
3.11143793863759e-65,0.720641231794469,0.167,0.114,2.80063640294708e-60,"3","RRN3P2"
8.39353284333491e-65,0.482242311213175,0.252,0.187,7.55510284761419e-60,"3","PLAAT3"
8.89433743219123e-65,0.797570606882481,0.123,0.077,8.00588206608965e-60,"3","SLC37A1"
1.00223263641247e-64,0.45647534360737,0.317,0.248,9.02119618361226e-60,"3","SKI"
1.28902470790753e-64,0.913869839651069,0.15,0.1,1.16026402983465e-59,"3","GBE1"
1.90523909119186e-64,0.855775595718514,0.159,0.108,1.7149247583727e-59,"3","P2RY8"
2.16474687564384e-64,0.400963002175916,0.344,0.273,1.94851031023577e-59,"3","ELF2"
8.59937254540564e-64,0.302307635022826,0.526,0.45,7.74038122184507e-59,"3","DPYD"
8.60776808855976e-64,0.588303568872215,0.231,0.17,7.74793813419352e-59,"3","TMEM71"
1.4109635824019e-63,0.477335949179423,0.297,0.229,1.27002243015577e-58,"3","SIDT1"
2.0785579789569e-63,0.815214474296183,0.126,0.08,1.87093082243889e-58,"3","PLXNC1"
2.28825051707622e-63,0.766318645286128,0.118,0.074,2.05967717292548e-58,"3","ZNF718"
4.79500331137673e-63,0.603442281849603,0.179,0.125,4.31603043060331e-58,"3","PDE8A"
2.93369100852306e-62,0.323249277902784,0.612,0.553,2.64064461368169e-57,"3","SLC38A1"
5.3836512823268e-62,0.353329517324351,0.433,0.357,4.84587835573517e-57,"3","FOSB"
9.2089362122142e-62,0.39376654372127,0.391,0.319,8.28905557397612e-57,"3","ADAM10"
9.92831214067311e-62,0.409446378507353,0.459,0.393,8.93657304094127e-57,"3","PPP3CC"
1.49478947936112e-61,0.514779550522747,0.48,0.425,1.34547495826774e-56,"3","FAM177A1"
4.45508920074064e-61,0.793545666945221,0.125,0.081,4.01007034047866e-56,"3","LINC00944"
5.29222065878275e-61,0.669634283167916,0.187,0.133,4.76358073717694e-56,"3","ENSG00000284634"
6.95152489961912e-61,0.840541599215982,0.102,0.062,6.25713707739617e-56,"3","RGS9"
9.81288211813678e-61,0.350095205025015,0.473,0.403,8.8326733233561e-56,"3","HSP90B1"
1.03591796451591e-60,1.17468886812007,0.138,0.092,9.32440119040414e-56,"3","KRT13"
1.04161885431591e-60,0.368971098601577,0.478,0.411,9.37571546958295e-56,"3","PSME4"
1.79219119974391e-60,0.652328028988004,0.17,0.117,1.61316922080149e-55,"3","ZBP1"
2.18951346480339e-60,0.390905797336076,0.35,0.28,1.97080296480418e-55,"3","GATAD2A"
2.62353161632851e-60,0.32520998680596,0.474,0.401,2.36146704317346e-55,"3","ACTN4"
2.7430964582608e-60,0.829856645181729,0.123,0.079,2.46908855304513e-55,"3","ICAM1"
5.10472452653253e-60,0.371983871781369,0.441,0.374,4.59481359357719e-55,"3","BZW1"
1.38011820393754e-59,0.543891323100242,0.207,0.149,1.24225819654622e-54,"3","ABR"
2.84390073233819e-59,0.536210499129255,0.293,0.23,2.55982348818493e-54,"3","GALNT2"
3.05001277771045e-59,0.542464464523824,0.237,0.177,2.74534700134496e-54,"3","PRKCE"
3.84217104960719e-59,0.80870311276765,0.105,0.065,3.45837658346193e-54,"3","MPST"
4.08419397092182e-59,0.605497363810032,0.189,0.135,3.67622383516644e-54,"3","UBE2Q2"
4.85597366217518e-59,0.409441821154846,0.39,0.324,4.3709104530605e-54,"3","PRDX5"
4.94170946984329e-59,0.472333248149074,0.309,0.243,4.44808211090065e-54,"3","LINC00861"
9.64994520183891e-59,0.44784190942643,0.312,0.246,8.68601217562722e-54,"3","GCH1"
1.66672791112752e-58,0.578098680849382,0.147,0.098,1.50023846008499e-53,"3","ENSG00000291214"
1.83999343286191e-58,0.906136365591113,0.118,0.075,1.65619648885334e-53,"3","PAK1"
6.92004486519767e-58,0.402663495243407,0.481,0.417,6.22880158361308e-53,"3","CLASP1"
1.30173212298772e-57,0.565209461359913,0.121,0.078,1.17170210122247e-52,"3","OGFRL1"
4.13254077594835e-57,0.813936059424373,0.101,0.062,3.71974127783887e-52,"3","AVEN"
8.95661383653609e-57,0.626589059076401,0.129,0.084,8.0619376804045e-52,"3","RUFY3"
1.2069457831064e-56,0.560537704777116,0.226,0.169,1.0863839688319e-51,"3","SELPLG"
1.24188560425064e-56,0.632930834588883,0.131,0.086,1.11783365124205e-51,"3","ENSG00000269825"
1.97764859051925e-56,0.768554705205861,0.19,0.138,1.78010127281228e-51,"3","MARCHF3"
3.02175839886994e-56,0.465503164796285,0.237,0.177,2.71991495240682e-51,"3","LINC00623"
3.79778210563802e-56,0.631853471598392,0.144,0.097,3.41842165110584e-51,"3","PLEKHA1"
1.21053416025272e-55,0.389256732936762,0.409,0.345,1.08961390298508e-50,"3","SYAP1"
4.58207353657802e-55,0.528140601542128,0.211,0.156,4.12437021100924e-50,"3","STAU2"
6.1384787350117e-55,0.571958389808418,0.156,0.108,5.52530609417139e-50,"3","TCIRG1"
8.3278536238036e-55,0.571249985782366,0.2,0.146,7.49598432532186e-50,"3","ABI3"
1.19741652485927e-54,0.492880749014548,0.25,0.192,1.07780658819108e-49,"3","GRK2"
2.51042157784603e-54,0.36952870152511,0.339,0.273,2.25965556643499e-49,"3","STK38"
3.39286030098907e-54,0.661691433205016,0.18,0.131,3.05394748552328e-49,"3","C5orf56"
4.13054085946142e-54,0.553527372015791,0.192,0.14,3.71794113300982e-49,"3","PIK3CG"
9.93875084554093e-54,0.419428889304557,0.343,0.28,8.94596902357985e-49,"3","ST3GAL1"
1.07239108217328e-53,0.711223132589354,0.114,0.073,9.65269936974993e-49,"3","MIB2"
1.5950486581364e-53,0.462657795447042,0.232,0.175,1.43571924767515e-48,"3","MIDN"
3.57558671341323e-53,0.488930711035588,0.253,0.196,3.21842135661038e-48,"3","TBCD"
1.12522754043762e-52,0.478375103006012,0.258,0.2,1.0128285614233e-47,"3","ARHGAP9"
1.24681548695012e-52,0.558151792477638,0.201,0.148,1.12227108795867e-47,"3","FOXO3"
2.18893143081379e-52,0.428769881042009,0.366,0.305,1.9702790701898e-47,"3","PRELID1"
1.02543578386988e-51,0.327038356695746,0.458,0.396,9.23005003419116e-47,"3","STK10"
1.46064444632056e-51,0.458096221634624,0.247,0.19,1.3147406725776e-46,"3","MAP4K5"
1.80673746143052e-51,0.585022610277196,0.116,0.075,1.62626245640822e-46,"3","ASPH"
3.15251458412753e-51,0.671937218974249,0.14,0.096,2.83760990231903e-46,"3","ZFPM1"
3.19377784727889e-51,0.302662294400769,0.52,0.459,2.8747513781142e-46,"3","CDK17"
3.23454432307106e-51,0.391850272020313,0.442,0.383,2.91144569063949e-46,"3","PREX1"
1.37023354208117e-50,0.476882608366603,0.295,0.238,1.23336091356268e-45,"3","TMEM181"
1.94411506778567e-50,0.444946483196527,0.244,0.188,1.74991741366456e-45,"3","NARF"
2.42449412666236e-50,0.540943507091716,0.168,0.12,2.18231140835006e-45,"3","BID"
2.51884825535401e-50,0.399894622638371,0.284,0.224,2.2672405031267e-45,"3","ABHD17B"
3.34286808104697e-50,0.46608441122178,0.247,0.188,3.00894898843119e-45,"3","IL12RB2"
3.73406628170846e-50,0.367710434611047,0.407,0.347,3.3610704008286e-45,"3","GZMM"
4.45533563065891e-50,0.638655974970718,0.138,0.094,4.01029215451239e-45,"3","MADD"
4.63507583133582e-50,0.319938461768084,0.545,0.484,4.17207810654368e-45,"3","DNAJC1"
9.48095348787171e-50,0.68710128221699,0.14,0.097,8.53390104396821e-45,"3","GALC"
4.11372585226757e-49,0.360821874398158,0.375,0.313,3.70280577688456e-44,"3","LNPEP"
4.32385546899205e-49,0.654908774256646,0.139,0.096,3.89194554619444e-44,"3","MEX3C"
5.25637938124006e-49,0.347102419221531,0.429,0.367,4.73131964484799e-44,"3","HELZ"
8.58469470286351e-49,0.77002134126552,0.106,0.069,7.72716954899447e-44,"3","ZMIZ1"
9.13916444424895e-49,0.590316293919071,0.144,0.1,8.22625330791292e-44,"3","MVD"
1.57351110449319e-48,0.346056184948826,0.497,0.44,1.41633308026537e-43,"3","RIPOR2"
1.6665636808838e-48,0.671558761357937,0.109,0.071,1.50009063480032e-43,"3","CPLANE1"
1.68820647572385e-48,0.723665192477301,0.114,0.075,1.5195715308638e-43,"3","BLVRB"
1.90139539940733e-48,0.421194434640359,0.297,0.24,1.71146501296053e-43,"3","SACM1L"
2.06450672777514e-48,0.358934588014713,0.378,0.318,1.85828315073768e-43,"3","INPP4A"
2.16256359300033e-48,0.623715661023153,0.129,0.088,1.94654511569553e-43,"3","C16orf54"
3.25132667046501e-48,0.315095733133602,0.277,0.216,2.92655164935226e-43,"3","SESN1"
4.63132608766712e-48,0.620193734874894,0.133,0.091,4.16870292477005e-43,"3","CARD19"
6.79703034869311e-48,0.625693370096875,0.136,0.094,6.11807498716216e-43,"3","ACAA2"
1.17962411104088e-47,0.43015125296229,0.224,0.17,1.061791458589e-42,"3","TSEN54"
2.67481659440589e-47,0.681726277084051,0.159,0.115,2.40762916479068e-42,"3","AC007384.1"
2.85069824853719e-47,0.317668765945585,0.438,0.377,2.56594200049081e-42,"3","TAPBP"
2.90333352340543e-47,0.459335749675516,0.193,0.143,2.61331953775246e-42,"3","GNAQ"
6.20269810307975e-47,0.649316769532333,0.101,0.065,5.58311058956312e-42,"3","DENND5A"
6.82672029161114e-47,0.396763193499474,0.362,0.301,6.14479920168211e-42,"3","H3F3A"
9.68212716007276e-47,0.669804385109182,0.122,0.082,8.71497947805309e-42,"3","ST3GAL2"
1.21427457350918e-46,0.723071534061287,0.105,0.068,1.09298068636135e-41,"3","C4orf33"
1.64486358053634e-46,0.490139682259564,0.204,0.154,1.48055815747657e-41,"3","SPTLC2"
1.8236108503384e-46,0.559996804394158,0.223,0.173,1.6414503624981e-41,"3","PPP1R14B"
2.02601593286439e-46,0.424886440091669,0.231,0.178,1.82363720133056e-41,"3","LCORL"
2.18983509553793e-46,0.651744749421669,0.126,0.086,1.97109246784465e-41,"3","CTDP1"
2.69154770264635e-46,0.516260148778534,0.191,0.142,2.42268900262901e-41,"3","SMAD7"
3.17229991831814e-46,0.526473071444555,0.228,0.177,2.85541887947734e-41,"3","BANP"
3.84993656554405e-46,0.486011245043104,0.148,0.104,3.46536640201186e-41,"3","SLC2A13"
4.55190004593037e-46,0.521637075272377,0.153,0.108,4.09721075034239e-41,"3","ITGB7"
5.16819319064959e-46,0.648322598578937,0.143,0.102,4.6519423728356e-41,"3","GTF3C1"
7.08253980270056e-46,0.430309884854265,0.242,0.189,6.3750649018088e-41,"3","DGKZ"
9.40229006136641e-46,0.526972019826621,0.165,0.119,8.46309530713652e-41,"3","ABHD15-AS1"
2.15104231035269e-45,0.628542039135948,0.131,0.091,1.93617469397156e-40,"3","SNX10"
2.44126298004184e-45,0.288061151597894,0.503,0.444,2.19740522096546e-40,"3","MED13L"
2.7739673719002e-45,0.53786118914073,0.225,0.175,2.49687577112109e-40,"3","EPG5"
4.54848400075391e-45,0.382737601579292,0.637,0.601,4.09413593391861e-40,"3","CEMIP2"
1.76340467428103e-44,0.613489161351684,0.124,0.085,1.5872581813671e-39,"3","ZDHHC2"
2.47048532895836e-44,0.281742755354433,0.454,0.394,2.22370854944871e-39,"3","HSPA5"
4.73464074186665e-44,0.537850302242028,0.14,0.098,4.26169747816159e-39,"3","ZNF276"
6.58230919758793e-44,0.44226897383584,0.242,0.19,5.92480233184087e-39,"3","UHMK1"
7.53989862740822e-44,0.342221964168856,0.314,0.256,6.78673815351642e-39,"3","DENND4C"
1.37597875214485e-43,0.697202745470796,0.141,0.1,1.2385322345931e-38,"3","GNS"
1.76845219024398e-43,0.590872930889344,0.14,0.099,1.59180150096051e-38,"3","TNRC18"
1.94508626907298e-43,0.577594601729497,0.175,0.13,1.75079160165528e-38,"3","PCID2"
2.35857285363347e-43,0.823858318586555,0.198,0.151,2.12297501128402e-38,"3","SSBP2"
3.44658146055209e-43,0.551755784390627,0.124,0.085,3.10230243845754e-38,"3","STAG3L5P-PVRIG2P-PILRB"
8.4542641097443e-43,0.667344349859405,0.102,0.068,7.60976766782194e-38,"3","FHIT"
1.02920960852445e-42,0.378454657617432,0.296,0.241,9.26401860728939e-38,"3","MAP2K2"
3.10342632051694e-42,0.773379020554095,0.102,0.068,2.7934250653605e-37,"3","ZNF710"
3.27192537503297e-42,0.512388409341736,0.257,0.208,2.94509274932093e-37,"3","CAST"
4.88147292851187e-42,0.429695456025836,0.483,0.445,4.39386259768282e-37,"3","ARL4C"
5.53081094510965e-42,0.412754316302954,0.247,0.196,4.97833823980264e-37,"3","WDFY2"
7.50527282897166e-42,0.544172094966566,0.149,0.108,6.75557112608568e-37,"3","CST3"
9.70787150133798e-42,0.317979519790799,0.472,0.417,8.73815221706933e-37,"3","EMP3"
1.37122967580747e-41,0.410122081668648,0.395,0.341,1.23425754349107e-36,"3","CTNNB1"
6.09474224462353e-41,0.516159894679155,0.191,0.145,5.48593844180809e-36,"3","CCDC97"
1.34953268872932e-40,0.48030384802062,0.205,0.158,1.21472786845215e-35,"3","ICE1"
1.69442010062374e-40,0.56539598881981,0.201,0.155,1.52516447677243e-35,"3","DAAM1"
2.84718541738943e-40,0.620906653975612,0.143,0.104,2.5627800660464e-35,"3","ZNF83"
2.92681496174268e-40,0.259284024000232,0.346,0.285,2.63445541521421e-35,"3","SYTL2"
3.26631780407238e-40,0.613276638221363,0.107,0.073,2.94004531862359e-35,"3","BEX4"
6.35960204023014e-40,0.334015437435687,0.43,0.377,5.72434139243155e-35,"3","GPATCH8"
6.50161791779846e-40,0.255588758180467,0.469,0.412,5.85217130398958e-35,"3","SEMA4D"
1.31090605715647e-39,0.313492004255999,0.465,0.41,1.17995965110711e-34,"3","DBI"
5.35875867118626e-39,0.569025800757214,0.102,0.069,4.82347226752147e-34,"3","MIR142HG"
5.79970717024773e-39,0.295003887943603,0.485,0.434,5.22037442101168e-34,"3","LSP1"
7.75302566357084e-39,0.419286123266908,0.216,0.168,6.97857593003675e-34,"3","MAP2K3"
1.15384246234262e-38,0.613352394804519,0.118,0.082,1.03858513877921e-33,"3","CARINH"
1.99245031101276e-38,0.534916520699588,0.17,0.128,1.79342444944569e-33,"3","ENSG00000291046"
2.74043916905267e-38,0.286285591135556,0.47,0.418,2.466696700456e-33,"3","TCF25"
4.25441975424911e-38,0.388481876019865,0.263,0.213,3.82944576499717e-33,"3","SAR1A"
5.6593003021712e-38,0.296111551419104,0.326,0.272,5.09399279498732e-33,"3","ADD3"
7.65095725083473e-38,0.483942854271917,0.185,0.141,6.88670313104885e-33,"3","OXR1"
8.07473247250023e-38,0.603913929467392,0.115,0.081,7.26814744582218e-33,"3","GATAD1"
8.38888076950042e-38,0.32491649957462,0.374,0.321,7.55091546943503e-33,"3","RERE"
1.21908733200949e-37,0.304764114196282,0.429,0.375,1.09731269841506e-32,"3","IDI1"
2.21638091107922e-37,0.495258605517438,0.149,0.109,1.99498662187152e-32,"3","MTMR12"
3.1121125360755e-37,0.455012528605127,0.258,0.212,2.80124361484692e-32,"3","FAM49B"
3.80118908403226e-37,0.568184090666624,0.103,0.07,3.42148830642828e-32,"3","RASGRP2"
4.10277714837186e-37,0.480283103722022,0.209,0.164,3.69295073902099e-32,"3","CHMP1B"
5.97191492387358e-37,0.40887198809175,0.193,0.148,5.37538034212785e-32,"3","PKN1"
7.04820988202407e-37,0.462886073156348,0.181,0.139,6.34416419690868e-32,"3","MAZ"
7.12088845363901e-37,0.576778045105463,0.124,0.089,6.40958290600501e-32,"3","CBR4"
7.26743195783281e-37,0.589911292220656,0.12,0.085,6.54148817956489e-32,"3","SATB1-AS1"
8.0396404516025e-37,0.254593543034904,0.379,0.322,7.23656076689193e-32,"3","SMURF2"
2.08544583439096e-36,0.317173313258056,0.371,0.318,1.87713064999365e-31,"3","CD164"
2.1088746131842e-36,0.341081542644941,0.297,0.246,1.89821912807323e-31,"3","TPP2"
2.36126740524969e-36,0.409216010541657,0.24,0.193,2.1254004041393e-31,"3","TRABD"
2.58939947131953e-36,0.485419331251565,0.152,0.113,2.33074435812942e-31,"3","ARID3B"
2.71420566723678e-36,0.384933418223015,0.291,0.243,2.44308366313649e-31,"3","RAB5IF"
2.9871822133547e-36,0.436090264748633,0.179,0.136,2.6887925820627e-31,"3","CHD7"
3.13623261986672e-36,0.317613550718433,0.396,0.343,2.82295434346823e-31,"3","QKI"
5.24811469675828e-36,0.441796883981676,0.215,0.17,4.72388051969909e-31,"3","SSH1"
7.33624420379348e-36,0.32907525888001,0.31,0.258,6.60342677027655e-31,"3","TNRC6C"
7.90869156615327e-36,0.32686072811926,0.301,0.249,7.11869236561022e-31,"3","SERTAD1"
8.30940324206473e-36,0.40545814617399,0.226,0.179,7.47937695221488e-31,"3","RHOC"
9.19781484548335e-36,0.323452968581862,0.359,0.308,8.27904512056802e-31,"3","TACC1"
1.65708959516009e-35,0.552123223774082,0.142,0.105,1.49156291549955e-30,"3","EVA1C"
2.67141381249451e-35,0.32040994769398,0.315,0.262,2.40456628676444e-30,"3","ATF3"
3.61098659142938e-35,0.305742537187831,0.388,0.336,3.2502851408115e-30,"3","CCDC85B"
3.97047263598374e-35,0.303853946112523,0.346,0.294,3.57386212437533e-30,"3","CASP4"
5.52526345292465e-35,0.972799031090678,0.119,0.086,4.97334488661201e-30,"3","PSCA"
1.17576899085309e-34,0.45763556564897,0.16,0.121,1.05832142635677e-29,"3","VPS26C"
1.54719454278619e-34,0.468508385468576,0.171,0.13,1.39264527990728e-29,"3","SEPTIN11"
1.63047727995279e-34,0.269068785990665,0.417,0.363,1.46760890445831e-29,"3","PAXX"
3.96634033021833e-34,0.5299407981312,0.102,0.07,3.57014259463282e-29,"3","DDAH2"
7.5049578702371e-34,0.331601597986,0.339,0.289,6.75528762857912e-29,"3","CLASP2"
1.19795811183539e-33,0.463149733326488,0.168,0.129,1.07829407604415e-28,"3","ENOSF1"
2.7447855730388e-33,0.545254986894698,0.117,0.083,2.47060894214796e-28,"3","BCL9L"
8.05351838716756e-33,0.431773741492909,0.194,0.153,7.24905243547339e-28,"3","ABL1"
8.70155446026668e-33,0.398621524207047,0.245,0.201,7.83235618523064e-28,"3","MIA2"
9.04262214837664e-33,0.306535135564154,0.311,0.262,8.1393546219753e-28,"3","RASSF3"
2.31186600005142e-32,0.416315230854381,0.261,0.217,2.08093370530629e-27,"3","MAPK14"
3.07931367668534e-32,0.436745683763644,0.139,0.103,2.77172103352124e-27,"3","CD9"
4.53651442369328e-32,0.276207534605478,0.336,0.285,4.08336199791056e-27,"3","NCOA7"
6.84219775341224e-32,0.37919039670966,0.31,0.265,6.15873061982389e-27,"3","NDUFB7"
1.54760158262722e-31,0.337387758666036,0.278,0.232,1.39301166053859e-26,"3","RNF168"
1.81733253670799e-31,0.352260045653344,0.323,0.275,1.63579918961622e-26,"3","AGO3"
2.40388912883161e-31,0.324434680350449,0.322,0.275,2.16376464375262e-26,"3","OFD1"
2.84703689810505e-31,0.686474771739431,0.166,0.128,2.56264638235333e-26,"3","OTULINL"
2.98644236727265e-31,0.714430298238361,0.12,0.088,2.68812663920578e-26,"3","ID1"
5.21999424083743e-31,0.328676279720406,0.322,0.276,4.69856901612018e-26,"3","TOP2B"
5.31468046510738e-31,0.497985986556772,0.141,0.106,4.7837970334478e-26,"3","ZNF92"
5.42834466205531e-31,0.47364238449511,0.148,0.112,4.88610731376261e-26,"3","EBP"
6.32733669338209e-31,0.649679191962598,0.135,0.102,5.69529903108015e-26,"3","H2AFJ"
6.79594218061259e-31,0.263051076596822,0.477,0.431,6.1170955161912e-26,"3","PHF20"
9.74617628453531e-31,0.36692439020451,0.219,0.177,8.77263073547308e-26,"3","PDZD8"
1.01913613892249e-30,0.3974851642324,0.281,0.234,9.17334630005524e-26,"3","CCL4L2"
1.26844382476226e-30,0.418346151239315,0.219,0.177,1.14173897110676e-25,"3","NLRC3"
1.67775000794221e-30,0.497401777722176,0.138,0.103,1.51015955964886e-25,"3","GUSB"
1.72501241103306e-30,0.384098524183019,0.205,0.164,1.55270092129496e-25,"3","SLC25A36"
2.67176002227288e-30,0.559818806113996,0.128,0.095,2.40487791364804e-25,"3","NOCT"
4.53165967967164e-30,0.324625770554666,0.468,0.428,4.07899219426924e-25,"3","ESYT2"
4.59293041273018e-30,0.384115673972184,0.206,0.164,4.13414259380257e-25,"3","IQSEC1"
5.76876266664237e-30,0.503706730251393,0.146,0.111,5.19252096387146e-25,"3","ADCY3"
5.98707736652376e-30,0.296262490046351,0.332,0.284,5.3890282083817e-25,"3","BTN3A2"
6.5630130407663e-30,0.273665490599146,0.314,0.265,5.90743366812415e-25,"3","MEF2A"
8.53144491519484e-30,0.354855741526805,0.225,0.182,7.67923888261603e-25,"3","CDK2AP2"
9.74848065329831e-30,0.295659619423594,0.349,0.302,8.77470492084035e-25,"3","PPP2R5A"
9.83226725013309e-30,0.332434297837539,0.25,0.206,8.8501220745173e-25,"3","NUB1"
1.94453843892402e-29,0.446094760539655,0.14,0.106,1.7502984942599e-24,"3","JADE1"
3.83110450781031e-29,0.411957038734666,0.191,0.152,3.44841547852513e-24,"3","FYTTD1"
4.2603992980439e-29,0.502096339672287,0.117,0.086,3.83482801216229e-24,"3","TRPV2"
5.88456279081211e-29,0.30947029430906,0.32,0.275,5.29675381363789e-24,"3","PCMTD1"
6.39130402909924e-29,0.318282382496391,0.294,0.248,5.75287666963251e-24,"3","ATAD2B"
7.2726468533976e-29,0.351641629204241,0.242,0.199,6.54618215921171e-24,"3","TRANK1"
7.48926497140494e-29,0.287547825499408,0.389,0.342,6.7411622934113e-24,"3","SLFN5"
7.93554627525783e-29,0.489134889657431,0.146,0.112,7.14286455782232e-24,"3","PRKY"
8.68179081391977e-29,0.987750693845897,0.233,0.195,7.81456672951732e-24,"3","ADIRF"
1.16496325171916e-28,0.437329486744459,0.152,0.117,1.04859507250493e-23,"3","ANTKMT"
1.29534976985769e-28,0.380789173941309,0.221,0.181,1.16595728134661e-23,"3","CPNE1"
1.45653804435141e-28,0.355027709011083,0.244,0.202,1.31104445910115e-23,"3","NT5C2"
1.61088352017376e-28,0.342829857909955,0.268,0.225,1.4499723653436e-23,"3","WDR37"
1.69555799240284e-28,0.640356366831835,0.108,0.079,1.52618870454172e-23,"3","INPP5A"
1.79109223528865e-28,0.318801304448503,0.244,0.202,1.61218003190567e-23,"3","LASP1"
1.79705062440563e-28,0.460425853680437,0.135,0.101,1.61754323753375e-23,"3","CEP83"
1.95437343518057e-28,0.410153606569272,0.216,0.177,1.75915107274038e-23,"3","FNIP1"
2.3170090260835e-28,0.467164697412221,0.198,0.16,2.08556299446802e-23,"3","WDR83OS"
2.35234954135856e-28,0.329265810979196,0.252,0.21,2.11737334567225e-23,"3","ETFA"
3.73100604473682e-28,0.74696794996024,0.14,0.108,3.35831585092806e-23,"3","KRT7"
4.18817803939393e-28,0.928774838959896,0.18,0.146,3.76982093503887e-23,"3","S100A2"
5.15401907229153e-28,0.333974177024657,0.273,0.23,4.63918410716033e-23,"3","TSC22D2"
6.61581129643687e-28,0.633119912928776,0.207,0.17,5.95495790603579e-23,"3","KRT19"
7.67068439832643e-28,0.270201824400315,0.466,0.42,6.90445973377761e-23,"3","ZNF331"
9.11928193559129e-28,0.434086323169859,0.177,0.14,8.20835686304508e-23,"3","MED14"
1.5002363914354e-27,0.409681358465915,0.139,0.106,1.35037777829492e-22,"3","ZFYVE16"
1.61010671650551e-27,0.289694049146819,0.302,0.256,1.44927315659377e-22,"3","PIK3CD"
1.7499734083819e-27,0.331988214244496,0.306,0.263,1.57516856461863e-22,"3","APOL6"
1.84537362200712e-27,0.622620305847728,0.111,0.083,1.66103925090482e-22,"3","SLC9A3R1"
1.90997879414914e-27,0.51333846528631,0.147,0.114,1.71919101240158e-22,"3","SUGP2"
2.4835168450415e-27,0.287568062360475,0.338,0.294,2.23543834739031e-22,"3","DNM2"
2.55029236218406e-27,0.392331365933012,0.18,0.144,2.29554365812549e-22,"3","ILK"
2.71282308237504e-27,0.302251599845652,0.257,0.214,2.4418391846766e-22,"3","CSNK1D"
3.20568664283605e-27,0.279845715080013,0.241,0.198,2.88547060408316e-22,"3","UBE2E3"
3.31036997250142e-27,0.320245129291136,0.273,0.231,2.97969711594825e-22,"3","UBR3"
4.60822361279004e-27,0.37158331440656,0.206,0.167,4.14790815610844e-22,"3","TPD52"
4.69088853015818e-27,0.453654875055255,0.177,0.141,4.22231567488068e-22,"3","KDM6B"
5.45045986071016e-27,0.313562465211006,0.177,0.14,4.90601342522382e-22,"3","PPP1R13B"
6.37425926056142e-27,0.448433149657164,0.124,0.093,5.73753450302394e-22,"3","LARP1B"
6.463292175165e-27,0.437795799442981,0.163,0.128,5.81767391978777e-22,"3","SNX14"
8.51405273367794e-27,0.784636716758689,0.158,0.125,7.66358400611085e-22,"3","S100A9"
1.34207382234827e-26,0.432054443216993,0.159,0.124,1.2080140682339e-21,"3","ARFIP1"
1.53083789509645e-26,0.330064833791101,0.288,0.247,1.37792249775526e-21,"3","HCP5"
1.71409211916857e-26,0.407006945333782,0.294,0.253,1.54287145738482e-21,"3","PHYKPL"
2.39411897838545e-26,0.375543140931334,0.2,0.163,2.15497043363452e-21,"3","ILKAP"
3.24735131320212e-26,0.428080527711632,0.147,0.114,2.92297339052636e-21,"3","TMEM120B"
4.07754737118986e-26,0.498421794824125,0.104,0.076,3.6702411642817e-21,"3","RMDN3"
7.19300717133293e-26,0.949423316485489,0.12,0.091,6.47449768498848e-21,"3","IFI27"
8.11405554096696e-26,0.359190500073597,0.258,0.218,7.30354253297977e-21,"3","PIM1"
8.17696715353201e-26,0.458657406317048,0.137,0.105,7.3601699045657e-21,"3","IRAK2"
8.46384909196815e-26,0.250503668595579,0.366,0.32,7.61839520617145e-21,"3","INTS6"
9.59624975055953e-26,0.316847319140582,0.283,0.241,8.63768036297614e-21,"3","ZAP70"
1.10184981844364e-25,0.498006618078627,0.129,0.098,9.91786040079308e-21,"3","MAP3K13"
1.1289489599364e-25,0.421578421038803,0.161,0.127,1.01617824832836e-20,"3","ZDHHC14"
1.466857921468e-25,0.26031696282779,0.353,0.309,1.32033348369256e-20,"3","BRD2"
1.490552823578e-25,0.38396972676731,0.234,0.195,1.34166150203079e-20,"3","STRBP"
1.88700083781554e-25,0.436650890133187,0.123,0.093,1.69850832412614e-20,"3","DLGAP4"
1.95991791150599e-25,0.412154287817053,0.315,0.274,1.76414171132566e-20,"3","IER5"
2.56428381527086e-25,0.374885535260677,0.188,0.152,2.30813750496345e-20,"3","MEF2D"
3.54418918180451e-25,0.40699083673035,0.135,0.104,3.19016012443405e-20,"3","PATL2"
3.58642800044995e-25,0.268160158762608,0.363,0.318,3.228179707485e-20,"3","CDC42"
3.64936672127782e-25,0.437605193135279,0.166,0.133,3.28483147948938e-20,"3","APPL1"
4.66960757804138e-25,0.486497026401063,0.122,0.092,4.20316047707083e-20,"3","ARSG"
4.8528253266153e-25,0.311178957120929,0.331,0.289,4.3680766047397e-20,"3","EIF4A1"
6.94741061520485e-25,0.332623558862024,0.204,0.166,6.25343376885204e-20,"3","SPAG1"
7.02127568497372e-25,0.391418016026514,0.154,0.12,6.3199204568017e-20,"3","STK40"
7.15379458675159e-25,0.259032319131913,0.443,0.401,6.43920204548098e-20,"3","NDUFB2"
7.66324353978438e-25,0.475535970738735,0.116,0.087,6.89776214259532e-20,"3","ZBTB4"
1.25538826358994e-24,0.310389045322355,0.228,0.19,1.12998752993994e-19,"3","ZNF652"
1.37783713973013e-24,0.380399181881887,0.275,0.236,1.24020498784249e-19,"3","TMED10"
1.50479534081424e-24,0.448125545610927,0.139,0.108,1.35448133422031e-19,"3","CTDSP1"
1.5613063917246e-24,0.445585451211143,0.126,0.096,1.40534749625523e-19,"3","PDHA1"
1.83868277913977e-24,0.319855275644021,0.353,0.312,1.6550167563315e-19,"3","FLI1"
2.54432638283245e-24,0.39155198172653,0.214,0.177,2.29017362045132e-19,"3","SLC12A2"
2.92110269767196e-24,0.278882433068754,0.313,0.27,2.6293137492015e-19,"3","RASSF5"
2.96405975254491e-24,0.387185788908522,0.175,0.14,2.6679798238632e-19,"3","GCLM"
3.13556297938951e-24,0.448110855614988,0.131,0.101,2.82235159337829e-19,"3","PRR5"
3.68798866225647e-24,0.374646163950958,0.22,0.183,3.31959547478367e-19,"3","MYDGF"
3.84176426434675e-24,0.4835199350718,0.11,0.083,3.45801043198116e-19,"3","NDRG3"
3.96667169553947e-24,0.346014680211863,0.618,0.608,3.57044085987203e-19,"3","GNG2"
4.13647220440564e-24,0.3651234829481,0.231,0.193,3.72327999590756e-19,"3","JMJD6"
4.17148133301121e-24,0.317046689569736,0.22,0.183,3.75479206265672e-19,"3","NDUFV1"
4.5309869191831e-24,0.257829111964921,0.332,0.291,4.0783866358259e-19,"3","BSG"
5.14137075516936e-24,0.27055367159135,0.41,0.369,4.62779923043549e-19,"3","VAMP8"
5.25869786769213e-24,0.351320162471679,0.166,0.132,4.73340653768837e-19,"3","SATB1"
5.48376309775829e-24,0.344342742341067,0.213,0.177,4.93599000192322e-19,"3","SSBP4"
6.18726736172757e-24,0.3248691157227,0.24,0.202,5.5692212249646e-19,"3","BANF1"
6.63084694398946e-24,0.280779836989214,0.274,0.234,5.96849164275435e-19,"3","ADIPOR2"
6.77516294184972e-24,0.438309084532082,0.117,0.088,6.09839191558835e-19,"3","PIAS2"
9.24261189893668e-24,0.452760088454136,0.101,0.074,8.31936739635189e-19,"3","NRIP1"
9.47908200377124e-24,0.480693303280793,0.115,0.087,8.53221650241453e-19,"3","AGTRAP"
1.88069554206008e-23,0.374239661369321,0.181,0.147,1.6928328643637e-18,"3","ZBTB7A"
2.02557737422872e-23,0.266090781804163,0.296,0.255,1.82324245031701e-18,"3","EIF5A"
2.42198977493162e-23,0.427641152555923,0.144,0.112,2.1800572163137e-18,"3","NHERF1"
2.42396658750518e-23,0.294602335389717,0.225,0.187,2.18183656507928e-18,"3","LRIF1"
3.07706863459526e-23,0.377187598049516,0.16,0.128,2.76970024868554e-18,"3","RPA2"
3.30055667477004e-23,0.328518127217255,0.225,0.188,2.97086406852726e-18,"3","CASP3"
3.41250060403709e-23,0.358580216827111,0.215,0.18,3.07162591869982e-18,"3","CRBN"
5.59028444700144e-23,0.437337146706678,0.171,0.139,5.03187093359047e-18,"3","NSMCE1"
5.66333232520089e-23,0.436595726849767,0.146,0.116,5.09762205923657e-18,"3","CRACR2A"
7.09537721104044e-23,0.310877868293673,0.331,0.292,6.38661998142961e-18,"3","PIK3R5"
7.79576073808397e-23,0.27482816739705,0.283,0.245,7.01704219795676e-18,"3","DNAJC3"
8.2090505675778e-23,0.359853930175693,0.218,0.183,7.38904850638245e-18,"3","BIN1"
1.00879266325531e-22,0.367536277127247,0.147,0.116,9.08024364122739e-18,"3","USP11"
1.37297117217743e-22,0.296785519602029,0.274,0.236,1.23582508178863e-17,"3","RHOF"
1.58429922715404e-22,0.325846099706549,0.258,0.22,1.42604357735363e-17,"3","BIRC2"
1.72577848036548e-22,0.259352200373602,0.463,0.426,1.55339046796177e-17,"3","POLR2L"
1.88255122081926e-22,0.33631622553467,0.167,0.134,1.69450317937163e-17,"3","SLC25A33"
2.12081360982604e-22,0.323981355194915,0.177,0.143,1.90896553834052e-17,"3","EEA1"
2.33680214738647e-22,0.514061830203079,0.115,0.088,2.10337898088404e-17,"3","SH2D3C"
2.38172987402123e-22,0.327757034985406,0.207,0.171,2.14381887690525e-17,"3","ERCC1"
2.96972022023348e-22,0.484948517760489,0.115,0.088,2.67307486743436e-17,"3","ARL5B"
3.62723604949498e-22,0.349593293631121,0.242,0.207,3.26491144051093e-17,"3","BRD7"
3.83589718204424e-22,0.269219668582749,0.371,0.331,3.45272941252984e-17,"3","CCND2"
7.45696804120447e-22,0.497876872638061,0.11,0.084,6.71209150356855e-17,"3","GIMAP6"
7.74020996923495e-22,0.362335430190189,0.142,0.112,6.96704039540807e-17,"3","IFFO2"
8.93085403922787e-22,0.284252234721178,0.165,0.132,8.0387510292494e-17,"3","CA5B"
1.04742633895022e-21,0.349704770922798,0.2,0.165,9.42798921952481e-17,"3","SNTB2"
1.2650046144536e-21,0.425901250797167,0.129,0.101,1.13864330351583e-16,"3","RGS16"
2.42372155615873e-21,0.435952591821163,0.109,0.083,2.18161600991403e-16,"3","ZDHHC7"
3.27925519474061e-21,0.330075829216074,0.192,0.159,2.95169039333797e-16,"3","PTS"
3.50877378869064e-21,0.326689208375084,0.234,0.199,3.15828237493833e-16,"3","RALGAPA2"
3.82741004152561e-21,0.364949892889649,0.192,0.159,3.44509005247761e-16,"3","RNASEH2C"
4.23817288147108e-21,0.448438150868392,0.122,0.095,3.81482179234093e-16,"3","ARHGEF2"
5.77187878352284e-21,0.399048252388014,0.155,0.125,5.19532581183674e-16,"3","ECI2"
6.59356007000748e-21,0.281296747991996,0.285,0.249,5.93492935461443e-16,"3","LBR"
6.61926577950259e-21,0.360497455601495,0.165,0.134,5.95806732078807e-16,"3","NFKBIB"
6.99733742948765e-21,0.275585569573052,0.192,0.157,6.29837339365613e-16,"3","DDIT3"
7.05780618304463e-21,0.286747615277078,0.271,0.234,6.3528019234203e-16,"3","USP24"
7.98549214955094e-21,0.335359087028489,0.2,0.167,7.18782133873229e-16,"3","NT5C"
8.13336456796637e-21,0.383759224638294,0.141,0.112,7.32092278127221e-16,"3","TMEM117"
8.28394709541465e-21,0.318610336860471,0.207,0.174,7.45646362005368e-16,"3","SELENOS"
8.34496871799522e-21,0.55622415748079,0.102,0.078,7.51138979275467e-16,"3","YARS"
1.36379250237595e-20,0.270938697103216,0.301,0.264,1.22756326931361e-15,"3","YPEL3"
1.69092382820942e-20,0.568270792421447,0.109,0.084,1.52201744700958e-15,"3","KRT8"
2.52401712320417e-20,0.386844371248739,0.131,0.103,2.27189305276731e-15,"3","ETV3"
2.76005858370542e-20,0.327639631000622,0.272,0.237,2.48435633177909e-15,"3","HNRNPAB"
2.91011602152061e-20,0.290086182363378,0.265,0.23,2.61942453213092e-15,"3","NDUFS8"
2.95803199938912e-20,0.419589508816862,0.119,0.093,2.66255418297014e-15,"3","TMBIM1"
3.06372802996595e-20,0.35276677740161,0.215,0.182,2.75769223705265e-15,"3","HTT"
3.31025656470454e-20,0.362491558814797,0.141,0.112,2.9795950364562e-15,"3","GLTP"
4.05846343411365e-20,0.398106976059109,0.138,0.11,3.65306352168004e-15,"3","NOTCH1"
4.20112489305325e-20,0.389186268306269,0.131,0.103,3.78147452748616e-15,"3","MRPL10"
4.30194328011694e-20,0.372814389566174,0.169,0.139,3.87222216586606e-15,"3","KIFAP3"
4.31056792910758e-20,0.44015829687622,0.147,0.119,3.87998529866902e-15,"3","HDDC2"
4.69639014312792e-20,0.339561574567588,0.141,0.112,4.22726773173087e-15,"3","STAT6"
5.19405801850676e-20,0.272356963212091,0.26,0.225,4.67522356303812e-15,"3","P4HB"
5.38341286528877e-20,0.357173929462061,0.158,0.128,4.84566375417508e-15,"3","ZNF44"
5.50548100104355e-20,0.335944987283171,0.168,0.137,4.95553850384931e-15,"3","PWWP2A"
5.63200796922637e-20,0.361414170924852,0.152,0.123,5.06942669318035e-15,"3","SETD3"
7.75364318032033e-20,0.301426384465997,0.242,0.208,6.97913176303813e-15,"3","LAMP1"
8.32442649703708e-20,0.267098377118013,0.221,0.186,7.49289953424805e-15,"3","ANKRD37"
8.38255730925807e-20,0.310516981484946,0.154,0.124,7.54522365963628e-15,"3","MED30"
9.43511183544811e-20,0.391554509648839,0.171,0.141,8.4926385142052e-15,"3","SASH3"
9.77434664996244e-20,0.320098094274351,0.208,0.176,8.79798716309769e-15,"3","LSM4"
1.1045564539131e-19,0.285890395501922,0.219,0.184,9.94222309731717e-15,"3","GMCL1"
1.13464734036411e-19,0.381025694698712,0.125,0.098,1.02130741753514e-14,"3","EPS15L1"
1.15958362645837e-19,0.291792755368838,0.183,0.15,1.04375281801145e-14,"3","CPB2-AS1"
1.20730898066951e-19,0.322669429306678,0.206,0.173,1.08671088659043e-14,"3","NBEAL1"
1.23115215617023e-19,0.342942037465753,0.131,0.104,1.10817236729039e-14,"3","TTC21B"
1.38838847116084e-19,0.484988267960911,0.124,0.098,1.24970234677658e-14,"3","PSD4"
1.47268058586614e-19,0.367199001611665,0.121,0.094,1.32557452214397e-14,"3","ENSG00000250362"
1.58613473901308e-19,0.358820881375791,0.131,0.104,1.42769573993306e-14,"3","AREL1"
1.58985802498421e-19,0.485645139498356,0.125,0.1,1.43104710686853e-14,"3","KIAA2026"
1.60228609247613e-19,0.301595731264337,0.272,0.238,1.44223373469869e-14,"3","PPP1R18"
2.20381604079934e-19,0.448774077429308,0.194,0.164,1.9836768564839e-14,"3","MRPS6"
2.46045696144332e-19,0.327925751038221,0.159,0.129,2.21468191556474e-14,"3","RNF126"
2.66731547953104e-19,0.34714495286199,0.139,0.111,2.40087733628068e-14,"3","TRAPPC2"
2.72277684441631e-19,0.359914694105592,0.202,0.171,2.45079866542757e-14,"3","CAPNS1"
2.91155773995579e-19,0.335236029541846,0.281,0.248,2.6207222373116e-14,"3","WWOX"
3.871898399032e-19,0.348421697686421,0.134,0.106,3.48513446795269e-14,"3","CLSTN3"
3.89038766213075e-19,0.256667314871185,0.3,0.265,3.50177683856051e-14,"3","AGO2"
4.72451667536674e-19,0.266575091209746,0.181,0.149,4.25258470466436e-14,"3","HSD17B11"
4.90767037463728e-19,0.290548753726567,0.261,0.227,4.41744318091476e-14,"3","SCP2"
5.49501486827161e-19,0.39374256242038,0.118,0.092,4.94611783307995e-14,"3","HPS3"
8.51803408194755e-19,0.266092822199997,0.219,0.185,7.66716765750181e-14,"3","ACSL3"
9.02273807256147e-19,0.282137164142066,0.391,0.359,8.1214567664933e-14,"3","CYRIB"
9.32901869203089e-19,0.385400096816342,0.13,0.104,8.39714301488393e-14,"3","KCTD9"
9.60965009587842e-19,0.342551820119919,0.14,0.113,8.64974214780112e-14,"3","NOTCH2"
1.00710455132887e-18,0.3292512483959,0.198,0.166,9.0650487769663e-14,"3","FBL"
1.08600101483121e-18,0.443730383705754,0.119,0.094,9.77520373459723e-14,"3","DCAF11"
1.1721240296618e-18,0.288878816524796,0.26,0.227,1.05504056033889e-13,"3","GTF2I"
1.20271597042428e-18,0.324631636037463,0.217,0.186,1.0825766721386e-13,"3","CHD4"
1.41816258786004e-18,0.385894160441138,0.194,0.164,1.2765023269587e-13,"3","RPTOR"
1.48557799530656e-18,0.340129263605039,0.195,0.164,1.33718360935539e-13,"3","ST3GAL5"
1.49355092529474e-18,0.319810871935668,0.187,0.156,1.34436012336704e-13,"3","TRIM24"
1.85171020551405e-18,0.391172138366243,0.219,0.187,1.66674287308525e-13,"3","FOXK2"
1.85762841796394e-18,0.358825914609798,0.188,0.159,1.67206991529352e-13,"3","POLR2G"
2.05630946313458e-18,0.298219233564507,0.154,0.125,1.85090471086207e-13,"3","BCL6"
2.25472364833881e-18,0.331876631541825,0.194,0.163,2.02949930310624e-13,"3","SUMF1"
3.1761528057211e-18,0.267818559657968,0.277,0.243,2.85888690195762e-13,"3","TIPARP"
3.43200206993627e-18,0.280238239818166,0.268,0.235,3.08917938317034e-13,"3","PRKAR1A"
3.82599668474049e-18,0.346875155031185,0.169,0.14,3.44381787590176e-13,"3","ZBTB44"
4.39039571587173e-18,0.450517315122989,0.102,0.079,3.9518390878133e-13,"3","SEC24C"
6.69356682574816e-18,0.30543811252827,0.107,0.084,6.02494643552417e-13,"3","AC016074.2"
7.01730588685917e-18,0.265877860700162,0.253,0.218,6.31634720182081e-13,"3","PBX3"
7.51916341347693e-18,0.312489222350574,0.245,0.212,6.76807418010472e-13,"3","PRMT9"
8.09267893149748e-18,0.266860585470233,0.238,0.206,7.2843012330302e-13,"3","ZNF800"
8.73705456627166e-18,0.26492458884968,0.297,0.262,7.86431018564679e-13,"3","KDM2B"
1.03039162892797e-17,0.262026401643333,0.31,0.275,9.27465809114354e-13,"3","SPPL2A"
1.43619535477969e-17,0.266474025867142,0.265,0.232,1.29273380079074e-12,"3","RIPK1"
1.48401715840777e-17,0.341552764294004,0.145,0.118,1.33577868445442e-12,"3","RAP2B"
1.69968405233e-17,0.273876318124303,0.241,0.209,1.52990261234275e-12,"3","DNTTIP2"
2.03804099315168e-17,0.452233274264818,0.122,0.097,1.83446107834576e-12,"3","CRCP"
2.32007719886598e-17,0.283862109050982,0.193,0.162,2.08832468747126e-12,"3","PREP"
2.34251574601238e-17,0.390119672443971,0.105,0.082,2.1085218481432e-12,"3","KIF21B"
2.52790286322251e-17,0.289299854141796,0.202,0.171,2.27539064621521e-12,"3","STX11"
2.83922517134428e-17,0.345839266978426,0.143,0.116,2.5556149689787e-12,"3","PWWP3A"
3.01631067629353e-17,0.388387959029256,0.15,0.124,2.71501140283857e-12,"3","SLC10A7"
3.71349876435512e-17,0.417448375993521,0.184,0.157,3.34255737278368e-12,"3","ECE1"
3.79612039687913e-17,0.410115120959552,0.207,0.178,3.41692593043487e-12,"3","CD83"
4.71226739006518e-17,0.364189242167311,0.154,0.127,4.24155900047157e-12,"3","WDPCP"
4.9896479157446e-17,0.405135456242161,0.113,0.089,4.49123198544087e-12,"3","ZNF266"
5.52547720786585e-17,0.299846202910842,0.197,0.167,4.97353728957213e-12,"3","TTC39B"
7.10974682617692e-17,0.373353707425233,0.2,0.171,6.39955421571011e-12,"3","CAPG"
7.38035035945839e-17,0.362975798844174,0.105,0.082,6.64312716205209e-12,"3","SESN2"
7.61607973139029e-17,0.382370245909422,0.161,0.134,6.85530952702171e-12,"3","PAIP1"
8.43982246353246e-17,0.417309418152782,0.107,0.084,7.5967685976502e-12,"3","ZNF22"
8.90304214375693e-17,0.26784354035454,0.279,0.248,8.01371726401705e-12,"3","CANX"
1.12452512103039e-16,0.272178042979983,0.227,0.196,1.01219630669066e-11,"3","SPTBN1"
1.52154288483769e-16,0.357077925072836,0.113,0.09,1.36955596607125e-11,"3","ABCD3"
1.96301085854572e-16,0.333480679972509,0.151,0.125,1.76692570388559e-11,"3","ZC3H12A"
2.0404728372936e-16,0.401289814893939,0.144,0.119,1.83665000557634e-11,"3","HIST1H4C"
2.3360518585385e-16,0.265400923964107,0.235,0.204,2.10270363838909e-11,"3","OSTC"
2.36279573913114e-16,0.256411659041583,0.283,0.25,2.12677607274933e-11,"3","CPD"
2.4963576391053e-16,0.374303734314889,0.112,0.089,2.24699647453507e-11,"3","SPATS2"
3.14551504253655e-16,0.310338801234843,0.227,0.198,2.83130954493758e-11,"3","BTN3A1"
3.5340593853223e-16,0.401682217368017,0.205,0.177,3.18104219332245e-11,"3","SPINK1"
3.98662801949485e-16,0.282258198304676,0.224,0.195,3.58840374662751e-11,"3","UBE2E1"
4.07871105405877e-16,0.287759220857441,0.127,0.102,3.67128860686884e-11,"3","LINC00869.1"
4.14173765177431e-16,0.413862832006324,0.122,0.099,3.72801947773858e-11,"3","LINC01004"
4.39272534415989e-16,0.308088111443384,0.181,0.153,3.95393600953176e-11,"3","TERF1"
4.44190782426617e-16,0.271130460519548,0.155,0.128,3.99820565170022e-11,"3","F2R"
4.82122194406824e-16,0.370633681240836,0.145,0.12,4.33963008407526e-11,"3","TSNAX"
5.2792863741125e-16,0.304293471896303,0.143,0.118,4.75193845820241e-11,"3","BCL2L1"
6.79196838121656e-16,0.314314802784771,0.115,0.092,6.11351865961684e-11,"3","ISG20L2"
7.01038958777049e-16,0.27469183369483,0.184,0.156,6.3101217718481e-11,"3","WHAMM"
7.43261249421763e-16,0.44449408198334,0.1,0.079,6.69016883217023e-11,"3","QSOX1"
7.69121925659381e-16,0.369908220002349,0.125,0.101,6.92294336505265e-11,"3","AMZ2"
8.67628116506787e-16,0.278664237744053,0.155,0.128,7.80960743948924e-11,"3","ZBTB43"
8.72681953494905e-16,0.2670997779444,0.238,0.208,7.85509753160298e-11,"3","ZNF217"
8.82307035058252e-16,0.260897872115463,0.233,0.203,7.94173385326283e-11,"3","RALBP1"
9.33527304478378e-16,0.381522647951337,0.113,0.09,8.40277262034033e-11,"3","TAF13"
1.04228600402561e-15,0.285993073482132,0.144,0.119,9.38172055083491e-11,"3","UNC13D"
1.2410223676398e-15,0.400383792544245,0.113,0.09,1.11705664333626e-10,"3","MSRA"
1.29783360290216e-15,0.323551467852322,0.155,0.129,1.16819300430826e-10,"3","RREB1"
1.39865269911768e-15,0.27051857601136,0.333,0.297,1.25894128100281e-10,"3","IFNG"
1.58940487007923e-15,0.358950255581515,0.155,0.13,1.43063921760701e-10,"3","TIMM13"
1.65098686380238e-15,0.255823656739226,0.269,0.237,1.48606978597716e-10,"3","SIK2"
1.76654488833424e-15,0.357769241734912,0.136,0.112,1.59008471943854e-10,"3","UCHL5"
1.81871740686696e-15,0.345152226723935,0.117,0.094,1.63704572509502e-10,"3","PRCP"
1.97440234697192e-15,0.292930439684817,0.228,0.199,1.77717929653289e-10,"3","CTR9"
2.45111088070978e-15,0.393918128924965,0.282,0.253,2.20626941483568e-10,"3","ITGA1"
2.55291993743217e-15,0.345484550239756,0.108,0.086,2.29790876488207e-10,"3","RPS6KC1"
3.10342452964186e-15,0.282128632077656,0.186,0.158,2.79342345337594e-10,"3","ZNF91"
3.33034660904951e-15,0.341723129649469,0.536,0.518,2.99767828627155e-10,"3","PPP1R15A"
3.68293566825254e-15,0.365598270584872,0.123,0.1,3.31504722435079e-10,"3","TMEM141"
3.71346697778334e-15,0.276126692407563,0.21,0.181,3.34252876137257e-10,"3","BRD1"
4.22769600393328e-15,0.266759970215215,0.163,0.137,3.80539145010039e-10,"3","ELL"
5.1564574064694e-15,0.275785386889583,0.216,0.187,4.64137887613718e-10,"3","CDC40"
5.51750528864028e-15,0.266060867866262,0.256,0.226,4.96636168535801e-10,"3","LSM2"
5.82256041169543e-15,0.298695697916143,0.223,0.194,5.24094485217117e-10,"3","ZMYND11"
7.09949754162699e-15,0.257278733541137,0.216,0.187,6.39032873219387e-10,"3","GTPBP1"
8.34539231179376e-15,0.486285895497325,0.122,0.1,7.51177107376868e-10,"3","CYB5A"
8.56304503179739e-15,0.37306709238835,0.124,0.102,7.70768246357115e-10,"3","DTD1"
9.87870924835719e-15,0.348652104800438,0.154,0.129,8.89192498153879e-10,"3","EIF3B"
1.0215392034473e-14,0.360185747230337,0.105,0.083,9.19497652414949e-10,"3","MIR3667HG"
1.17034139935095e-14,0.254639355007407,0.238,0.209,1.05343599696978e-09,"3","KIF21A"
1.17501436077647e-14,0.314753013747532,0.138,0.114,1.05764217627851e-09,"3","ORC4"
1.33341548717638e-14,0.323129622078304,0.142,0.118,1.20022061416233e-09,"3","CYC1"
1.46426583176553e-14,0.266426050421274,0.154,0.128,1.31800031783047e-09,"3","EPB41L4A-AS1"
1.52153220168309e-14,0.283690389181048,0.195,0.168,1.36954635005697e-09,"3","MANF"
1.59070923965843e-14,0.258203207173812,0.233,0.204,1.43181329370895e-09,"3","PPM1B"
1.59854663944565e-14,0.496064006413746,0.147,0.124,1.43886781563142e-09,"3","IGLC3"
1.75554082762027e-14,0.327331416331838,0.166,0.14,1.58017985434928e-09,"3","ATP10D"
2.08118546792003e-14,0.29737308124689,0.218,0.191,1.8732958515295e-09,"3","SLC5A3"
2.25096100279382e-14,0.40762267584897,0.1,0.079,2.02611250822475e-09,"3","TNFRSF1A"
2.82788647081166e-14,0.37470254984827,0.116,0.094,2.54540889124228e-09,"3","GANAB"
2.99804918843209e-14,0.379697634061457,0.118,0.096,2.69857405499961e-09,"3","PGRMC2"
3.0192473435649e-14,0.348850319634549,0.116,0.094,2.7176547264162e-09,"3","POLG"
3.4025945176737e-14,0.398878180683445,0.121,0.099,3.06270935130328e-09,"3","CDKN2C"
3.52138380753534e-14,0.303495529232271,0.166,0.14,3.16963277900063e-09,"3","SRBD1"
3.64007057765178e-14,0.503356318688257,0.11,0.089,3.27646392765015e-09,"3","ZNF433-AS1"
3.82810739267e-14,0.383769512741573,0.11,0.088,3.44571774521619e-09,"3","EPAS1"
5.23898421250922e-14,0.289392570703885,0.183,0.156,4.71566207952168e-09,"3","MIR23AHG"
5.30648300718334e-14,0.286614669137226,0.1,0.079,4.7764184195958e-09,"3","TWSG1"
5.72382252176012e-14,0.364275217953687,0.129,0.106,5.1520698900615e-09,"3","ZNF141"
6.63455825656981e-14,0.334555971914933,0.154,0.129,5.97183223232105e-09,"3","BBS9"
7.61339878300248e-14,0.47219738799094,0.103,0.084,6.85289637856836e-09,"3","ANXA4"
7.93547267699072e-14,0.333067367098735,0.145,0.121,7.14279831128612e-09,"3","PLCXD2"
9.09037106237252e-14,0.353035735288318,0.102,0.082,8.18233389695213e-09,"3","FAM102B"
9.25264113334359e-14,0.394139822794743,0.116,0.094,8.3283948105339e-09,"3","ZFY"
1.02500517064078e-13,0.301047335741682,0.151,0.127,9.22617404145475e-09,"3","PDCD7"
1.09138125956565e-13,0.345923265271789,0.111,0.09,9.82363185547637e-09,"3","SLC25A39"
1.24024968037584e-13,0.251748621618409,0.111,0.089,1.1163611398031e-08,"3","DPY19L1"
1.4525653227548e-13,0.386785493044314,0.116,0.095,1.30746857266482e-08,"3","RBM28"
1.48132635448541e-13,0.360213900667432,0.1,0.08,1.33335666493586e-08,"3","SUPV3L1"
1.91971335009519e-13,0.4420977927007,0.104,0.084,1.72795318355418e-08,"3","FAM126B"
1.98407710198707e-13,0.315456352623511,0.142,0.119,1.78588764026958e-08,"3","ZBED4"
2.25331267616118e-13,0.280849835525904,0.258,0.229,2.02822927293944e-08,"3","DENND1A"
2.4557777644822e-13,0.693140433020406,0.216,0.192,2.21047012358807e-08,"3","S100P"
3.15535046222166e-13,0.261996773666929,0.199,0.172,2.84016250455034e-08,"3","FBXO7"
3.30859750150586e-13,0.258951378872312,0.258,0.23,2.97810169708044e-08,"3","ARHGAP30"
5.08555535930353e-13,0.29063783780886,0.185,0.16,4.5775592344627e-08,"3","PEX14"
5.09459850954783e-13,0.308736175771823,0.18,0.156,4.5856990644291e-08,"3","BAG1"
5.35502181141113e-13,0.261034124826586,0.215,0.189,4.82010868266928e-08,"3","ZNF721"
5.9771868145057e-13,0.41325877753625,0.11,0.09,5.38012562360473e-08,"3","ELP3"
6.35393196451369e-13,0.379614637381842,0.12,0.1,5.71923770057842e-08,"3","HPS1"
6.73519249384929e-13,0.251697613032536,0.221,0.195,6.06241411563869e-08,"3","ME2"
7.20316408613612e-13,0.281874832019876,0.175,0.151,6.48364002557198e-08,"3","SCFD2"
7.78289438433027e-13,0.415860735721066,0.12,0.1,7.00546106427952e-08,"3","TCTN3"
8.88520024695124e-13,0.325073707646294,0.126,0.105,7.99765759428328e-08,"3","ESYT1"
9.71616210434342e-13,0.424501729632026,0.226,0.202,8.74561467174056e-08,"3","IGHG3"
1.04003494948863e-12,0.29546453981805,0.139,0.116,9.36145858384208e-08,"3","TMEM168"
1.12563015210436e-12,0.294869485304857,0.111,0.091,1.01319095621065e-07,"3","PNPLA2"
1.32893698624509e-12,0.565655132261762,0.104,0.085,1.19618947068907e-07,"3","HIST1H1D"
1.6331221576349e-12,0.265609296014705,0.167,0.143,1.46998958530875e-07,"3","TRIM56"
1.644989611589e-12,0.289567740598855,0.108,0.088,1.48067159928738e-07,"3","HOMER1"
1.97115970014542e-12,0.308981882175592,0.13,0.109,1.7742605576979e-07,"3","PLEKHF1"
2.45014178967068e-12,0.262868546425656,0.179,0.154,2.20539712630048e-07,"3","MTFR1"
2.72958594408806e-12,0.335625864612139,0.111,0.092,2.4569276041331e-07,"3","TINF2"
4.04895480235428e-12,0.415683159108757,0.12,0.1,3.64450470714711e-07,"3","TFDP1"
4.28585984121888e-12,0.350639296715586,0.115,0.095,3.85774530167953e-07,"3","KRT18"
4.66553205232892e-12,0.285649479385667,0.131,0.11,4.19949205562179e-07,"3","CCDC134"
4.80125385666722e-12,0.271370788542997,0.122,0.101,4.32165660892473e-07,"3","RBBP8"
4.82758534881234e-12,0.438001109534798,0.122,0.102,4.34535784831947e-07,"3","CISD3"
4.93463739891057e-12,0.274347435985664,0.135,0.114,4.44171646913339e-07,"3","ANKRD13A"
5.23877807781752e-12,0.352005287538961,0.101,0.082,4.71547653562432e-07,"3","HMGCR"
5.27597095175119e-12,0.286273306090688,0.187,0.164,4.74895421338077e-07,"3","RAB8A"
5.4961630850284e-12,0.287316644668905,0.175,0.152,4.94715135446492e-07,"3","ZCCHC17"
5.8870893876536e-12,0.277964616812336,0.204,0.18,5.29902802872088e-07,"3","MLLT6"
7.06322613282621e-12,0.321644245437753,0.123,0.103,6.3576804744182e-07,"3","CCDC88B"
7.685696901785e-12,0.335565055201979,0.147,0.126,6.91797263826569e-07,"3","RABGEF1"
1.08707269473789e-11,0.284734060540073,0.127,0.107,9.78485003260518e-07,"3","WDTC1"
1.19641014183381e-11,0.298485583623066,0.123,0.103,1.07690073276603e-06,"3","ZNF254"
1.21055062877051e-11,0.2724739094137,0.16,0.137,1.08962872646262e-06,"3","SNHG9"
1.23946777082313e-11,0.319448312328798,0.127,0.107,1.11565733519561e-06,"3","SPIN1"
1.45150319673785e-11,0.321266204096213,0.124,0.104,1.30651254241571e-06,"3","ARHGAP21"
1.65495269921788e-11,0.303826404057952,0.122,0.102,1.48963947409301e-06,"3","HEXD"
1.68972045901423e-11,0.257687452904496,0.161,0.138,1.52093428236329e-06,"3","UBXN2A"
2.0422983280257e-11,0.335301235703927,0.111,0.092,1.83829314803922e-06,"3","CRELD2"
2.44947504215776e-11,0.267254122589185,0.1,0.082,2.20479698019662e-06,"3","AC020916.1"
2.54193113887467e-11,0.352076351835827,0.105,0.087,2.28801763741248e-06,"3","DERA"
2.64687619291699e-11,0.353339131195781,0.531,0.508,2.38247973000651e-06,"3","MIF"
2.891653803801e-11,0.438843694247182,0.101,0.083,2.60280650533932e-06,"3","RBFOX2"
3.35774740789223e-11,0.258073637516267,0.185,0.162,3.02234201931788e-06,"3","PRPF6"
5.088248075351e-11,0.291750844376718,0.176,0.154,4.57998297510419e-06,"3","S1PR4"
5.91214102706287e-11,0.303853036228186,0.11,0.092,5.32157725986956e-06,"3","WDFY1"
5.93060301194312e-11,0.302127772165877,0.138,0.118,5.33819507708012e-06,"3","NXT1"
6.06695785697538e-11,0.26162306345736,0.133,0.113,5.46092943664211e-06,"3","PRKCSH"
6.23576312030397e-11,0.274604439474613,0.111,0.092,5.61287274221681e-06,"3","RARA"
8.39681741960162e-11,0.322315833455906,0.103,0.085,7.55805932755761e-06,"3","EXT2"
8.58380933228144e-11,0.346930827890144,0.105,0.087,7.72637261807984e-06,"3","MAD2L2"
8.92943568746251e-11,0.330920802246411,0.137,0.117,8.03747435664188e-06,"3","AK2"
1.40106665127427e-10,0.269796843889574,0.193,0.17,1.26111410347848e-05,"3","IRF2BP2"
1.76042850240146e-10,0.254754174049583,0.158,0.137,1.58457929929658e-05,"3","MCRIP1"
1.86939676719241e-10,0.285565003001063,0.16,0.139,1.68266272411756e-05,"3","RNPEPL1"
2.07948780371557e-10,0.296692181995179,0.111,0.093,1.87176776700242e-05,"3","PLEKHM1"
2.11548337695606e-10,0.471048011663666,0.113,0.095,1.90416774243192e-05,"3","BCL2A1"
2.50374731829846e-10,0.253007311597868,0.219,0.196,2.25364799867363e-05,"3","PSMB10"
2.75879945437127e-10,0.270093256610542,0.154,0.134,2.48322297687412e-05,"3","NIFK"
2.91883361135273e-10,0.28549035560127,0.102,0.084,2.6272713219147e-05,"3","SDE2"
3.02238716235063e-10,0.275617088096567,0.132,0.112,2.72048090870343e-05,"3","ANXA2R"
3.29536735234817e-10,0.262098189486528,0.178,0.157,2.96619310752211e-05,"3","IL27RA"
3.57354742090933e-10,0.355460437574401,0.104,0.087,3.2165857690347e-05,"3","SLC35A3"
3.69257453328515e-10,0.254126254158105,0.101,0.084,3.32372326315529e-05,"3","ARG2"
3.8793741815578e-10,0.335757218506291,0.104,0.087,3.49186349456199e-05,"3","ZNRD2"
4.7445814639841e-10,0.334371205245415,0.193,0.172,4.27064522154673e-05,"3","ATP5MD"
5.12894244207145e-10,0.26142180139149,0.106,0.089,4.61661238153293e-05,"3","PGM1"
6.31435108290915e-10,0.285287999004848,0.101,0.084,5.68361055323736e-05,"3","ORAI2"
8.0456231430635e-10,0.257295494875532,0.127,0.109,7.24194584730288e-05,"3","RAB11FIP3"
8.67422047983699e-10,0.334471089794859,0.116,0.099,7.80775259610607e-05,"3","CCZ1"
8.85496250047129e-10,0.265181223066042,0.159,0.139,7.97044029629922e-05,"3","RBKS"
9.19077007757134e-10,0.31207917937013,0.14,0.121,8.27270405452274e-05,"3","LINC00278"
9.34135496257348e-10,0.304025963122651,0.11,0.092,8.40824701536202e-05,"3","STX4"
1.20383982372666e-09,0.281224492311448,0.14,0.121,0.000108358826373461,"3","POC1B"
1.54251575376932e-09,0.251625409843751,0.136,0.117,0.00013884338551253,"3","LYSMD2"
1.67014474707977e-09,0.266773520670327,0.138,0.12,0.000150331398829397,"3","ZNF518A"
1.87853173070748e-09,0.259081563927368,0.11,0.093,0.000169088519612711,"3","ZDHHC3"
2.19867074666404e-09,0.308170628193637,0.13,0.112,0.000197904552577977,"3","RGS19"
2.38606989138684e-09,0.32418471307723,0.115,0.098,0.000214772536993621,"3","HEXA"
2.64492329564146e-09,0.327782074473311,0.108,0.091,0.000238072190763984,"3","KIAA1671"
2.65837389346854e-09,0.284779932758618,0.153,0.134,0.000239282892524997,"3","CTBP1"
3.40326305034486e-09,0.331842156862659,0.146,0.127,0.000306331110424591,"3","MLKL"
3.55211602324784e-09,0.268027473715354,0.148,0.129,0.000319729515368561,"3","HLCS"
4.56541801973454e-09,0.327983283118382,0.252,0.233,0.000410937841374326,"3","IGHG4"
5.04288349410009e-09,0.326583648287565,0.162,0.144,0.000453914986187443,"3","ATP5MPL"
5.31079820076012e-09,0.412698468851561,0.141,0.122,0.000478030256848619,"3","ABTB2"
6.14972511014769e-09,0.254597922246193,0.134,0.116,0.000553542906889504,"3","ATRN"
6.47330805292616e-09,0.259499353705327,0.15,0.131,0.000582668931151937,"3","GPS2"
9.88838695721862e-09,0.295848820376815,0.146,0.128,0.000890063598406205,"3","EIF4EBP2"
1.00391197308593e-08,0.25190902352537,0.207,0.188,0.000903631206094377,"3","LSM3"
1.05765645299452e-08,0.434593815604629,0.215,0.196,0.000952007149904897,"3","IGHG1"
1.47374280312205e-08,0.25970689758487,0.116,0.099,0.00132653063451819,"3","SLC35F5"
1.57828306649504e-08,0.30675192053678,0.113,0.097,0.00142062837098285,"3","CRNKL1"
2.29072963502868e-08,0.303297259397456,0.133,0.116,0.00206190865178566,"3","ACAA1"
2.33402985901863e-08,0.280328822776139,0.12,0.104,0.00210088361640126,"3","FAM32A"
2.34487095017001e-08,0.27301102928858,0.166,0.148,0.00211064179095753,"3","UBTF"
2.43788029719667e-08,0.251438697714583,0.127,0.11,0.0021943604343097,"3","NBEAL2"
2.48263146693828e-08,0.310628666765068,0.122,0.105,0.00223464140970581,"3","NUS1"
2.55694457377476e-08,0.294889814902267,0.115,0.099,0.0023015313803004,"3","ERVK3-1"
2.77447120543405e-08,0.301474121750198,0.173,0.156,0.00249732927672324,"3","ATP6V0C"
2.85413355064014e-08,0.299881265107411,0.128,0.112,0.00256903415026669,"3","ADSS"
2.90729659095481e-08,0.276461267579119,0.112,0.096,0.00261688673448433,"3","RBM42"
3.05986601932665e-08,0.280149561670044,0.111,0.096,0.00275421600265611,"3","PPIE"
3.5775096291713e-08,0.256775285818938,0.183,0.165,0.00322015219231338,"3","LMNB1"
3.60542262660935e-08,0.279299807112743,0.141,0.124,0.00324527696043734,"3","PPIL3"
7.22053268927657e-08,0.253322587361948,0.134,0.117,0.00649927367894474,"3","HSF1"
7.87075986445613e-08,0.32822663946474,0.103,0.089,0.0070845496615956,"3","UROS"
1.07060840676351e-07,0.274744234470267,0.133,0.117,0.00963665333011901,"3","ATXN7L3B"
1.38517255509942e-07,0.275331445196476,0.126,0.11,0.0124680766857054,"3","FMNL3"
1.80076990927122e-07,0.260572703168806,0.168,0.152,0.0162089100303412,"3","CPNE3"
1.99595525640908e-07,0.329999686720205,0.257,0.237,0.0179657928584637,"3","RAD23B"
2.68602437930948e-07,0.266923933558761,0.15,0.134,0.0241771740406025,"3","SFT2D2"
3.13686432456553e-07,0.256318026584325,0.103,0.089,0.0282352294718468,"3","PGGT1B"
3.19061304559102e-07,0.25905921155076,0.107,0.092,0.0287190270846693,"3","LINC01473"
3.51402408883556e-07,0.251386822614908,0.126,0.11,0.0316300822260178,"3","PEX2"
3.73788106573141e-07,0.307059175130752,0.105,0.091,0.033645041260755,"3","AKR7A2"
4.28444056537601e-07,0.276083721643939,0.116,0.102,0.038564677973006,"3","PCYT1A"
6.18007529053151e-07,0.301114644708551,0.118,0.103,0.0556274756976032,"3","SH3BP1"
6.7597352823336e-07,0.252825355166242,0.105,0.091,0.060845053249813,"3","VPS26B"
7.73262325051078e-07,0.272488248970647,0.102,0.089,0.0696021151401725,"3","MFNG"
1.36847118221465e-06,0.261242485875805,0.174,0.159,0.123177459582323,"3","SDF2L1"
1.42673276000349e-06,0.270990315466752,0.103,0.089,0.128421642460674,"3","C2orf49"
1.52716936302375e-06,0.2587279865073,0.175,0.16,0.137462041535131,"3","TOMM6"
1.72793304332107e-06,0.319994062529987,0.109,0.095,0.155532981162373,"3","STXBP2"
2.91319325675837e-06,0.250267603086566,0.106,0.093,0.262219438234077,"3","HMG20A"
3.39635900752902e-06,0.291837487761311,0.114,0.101,0.305709670626695,"3","PABPN1"
4.60789959152145e-06,0.266713548649688,0.114,0.101,0.414761650132438,"3","IDH3B"
8.43451529778815e-06,0.259985815322865,0.112,0.099,0.759199156469209,"3","CAPN1"
9.82481597571436e-06,0.284387104093484,0.103,0.091,0.884341510790025,"3","HDAC8"
1.28463302485017e-05,0.272748668375699,0.123,0.11,1,"3","PSENEN"
1.87154463120089e-05,0.253236462641625,0.119,0.107,1,"3","CCPG1"
0.000152476025691303,0.28385051460253,0.109,0.098,1,"3","ZFP91"
0.000171609953294096,0.25489294565393,0.107,0.097,1,"3","TRNT1"
0.00066539630302811,0.283022634636128,0.12,0.11,1,"3","NINJ1"
0.00191177022068199,0.345700935426107,0.1,0.091,1,"3","ATL3"
0.00228319821901803,0.274679762659604,0.107,0.099,1,"3","TSR3"
0.00401357160498328,0.257663110138963,0.108,0.1,1,"3","MRPL16"
0,2.20374147661853,0.69,0.183,0,"4","IKZF2"
0,2.94477594150934,0.586,0.11,0,"4","ENSG00000227240"
0,3.26802403911886,0.573,0.1,0,"4","IL2RA"
0,2.92620800135033,0.565,0.138,0,"4","TNFRSF4"
0,3.24663642023131,0.451,0.056,0,"4","FOXP3"
0,1.9344220888791,0.626,0.231,0,"4","TBC1D4"
0,2.13220369903795,0.591,0.198,0,"4","TNFRSF18"
0,2.61140225423974,0.463,0.078,0,"4","RTKN2"
0,1.73017981015568,0.747,0.378,0,"4","BATF"
0,1.56366534687271,0.765,0.405,0,"4","PHACTR2"
0,0.75511873925702,0.961,0.609,0,"4","MT-CO1"
0,1.64705221151478,0.586,0.236,0,"4","CTLA4"
0,0.773077562680626,0.955,0.606,0,"4","MT-CO2"
0,0.754565023488536,0.937,0.596,0,"4","MT-CO3"
0,0.362010285572283,0.943,0.603,0,"4","RPL13"
0,0.75316231801458,0.935,0.597,0,"4","MT-ND4"
0,0.885270122333877,0.897,0.559,0,"4","MT-ND2"
0,0.414077247234015,0.936,0.599,0,"4","RPL28"
0,0.689384801544305,0.933,0.596,0,"4","MT-ATP6"
0,1.32305278094872,0.708,0.373,0,"4","LTB"
0,0.723659978925289,0.913,0.579,0,"4","MT-ND3"
0,1.42049120498709,0.72,0.388,0,"4","ICOS"
0,0.463298669368573,0.902,0.571,0,"4","MT-RNR2"
0,0.441753630063346,0.919,0.593,0,"4","RPL34"
0,0.512113032406372,0.911,0.586,0,"4","RPL11"
0,0.650331677397917,0.906,0.581,0,"4","MT-CYB"
0,0.409903611587611,0.917,0.593,0,"4","RPL32"
0,0.517191040786753,0.91,0.587,0,"4","RPS15"
0,0.342529438550424,0.912,0.59,0,"4","RPL39"
0,0.477167346578978,0.909,0.587,0,"4","RPS2"
0,0.492263268342144,0.9,0.579,0,"4","RPS8"
0,0.46602708557887,0.91,0.589,0,"4","RPS28"
0,3.17632636247421,0.377,0.057,0,"4","IL1R1"
0,0.461601985246951,0.899,0.581,0,"4","RPS6"
0,0.465911336851297,0.901,0.583,0,"4","RPL18A"
0,0.481876009731904,0.896,0.579,0,"4","RPL37"
0,0.317803022209921,0.903,0.588,0,"4","RPS29"
0,3.14284691076151,0.388,0.073,0,"4","TET2-AS1"
0,0.542324467885264,0.889,0.575,0,"4","RPL36"
0,0.53638557825696,0.86,0.548,0,"4","RPL13A"
0,0.346971959218506,0.9,0.589,0,"4","RPL41"
0,2.09639512873419,0.428,0.117,0,"4","MARCHF3"
0,0.388549160447628,0.89,0.581,0,"4","RPL19"
0,0.429835505842759,0.852,0.543,0,"4","MT-RNR1"
0,0.390377374822818,0.887,0.58,0,"4","RPL21"
0,0.53062547962674,0.882,0.576,0,"4","RPL12"
0,0.5819074917923,0.867,0.561,0,"4","RPS16"
0,0.410845303703569,0.874,0.57,0,"4","RPL3"
0,0.436317905165009,0.845,0.541,0,"4","H3-3B"
0,0.824769548064232,0.829,0.525,0,"4","MT-ND1"
0,1.95212414770765,0.454,0.151,0,"4","GK"
0,0.439552796030442,0.872,0.57,0,"4","RPS4X"
0,0.615965316085778,0.863,0.561,0,"4","RPL8"
0,0.398108152909476,0.881,0.58,0,"4","RPL26"
0,1.48589587916286,0.494,0.194,0,"4","PLCL1"
0,0.662124071681367,0.861,0.561,0,"4","RPL15"
0,0.354007411350773,0.872,0.573,0,"4","RPL35A"
0,0.465374419980715,0.861,0.565,0,"4","RPL35"
0,1.84409522494701,0.462,0.17,0,"4","IL12RB2"
0,0.933390578542879,0.746,0.454,0,"4","RPS26"
0,0.547587140244069,0.84,0.548,0,"4","RPL37A"
0,0.475341487790356,0.849,0.557,0,"4","RPL29"
0,0.404927368280074,0.855,0.564,0,"4","RPL18"
0,0.607810405526169,0.835,0.546,0,"4","RPL24"
0,0.398121563744869,0.851,0.562,0,"4","RPS9"
0,1.39935824819267,0.545,0.262,0,"4","STAM"
0,0.375611510690761,0.829,0.546,0,"4","RPL27A"
0,0.509124433141836,0.828,0.546,0,"4","RPL6"
0,1.32074485417924,0.637,0.356,0,"4","MIR4435-2HG"
0,0.366256811221716,0.832,0.554,0,"4","RPL9"
0,0.621408195227066,0.794,0.518,0,"4","RPS11"
0,1.40777930105624,0.631,0.358,0,"4","CARD16"
0,1.94077669886628,0.409,0.136,0,"4","LINC01943"
0,0.608727211620321,0.732,0.459,0,"4","RPL7"
0,0.43342327963753,0.813,0.54,0,"4","RPL10A"
0,0.475808711322085,0.79,0.521,0,"4","RPL5"
0,1.32512322426046,0.811,0.542,0,"4","LDLRAD4"
0,1.49403250984383,0.52,0.252,0,"4","CAST.1"
0,1.3713966114735,0.506,0.238,0,"4","LINC02694"
0,3.66043948297816,0.297,0.029,0,"4","IL1R2"
0,0.750014843215796,0.728,0.461,0,"4","RPL23"
0,2.04693895532436,0.384,0.121,0,"4","ENSG00000273445"
0,2.59309618029509,0.324,0.063,0,"4","F5"
0,1.09651627342731,0.62,0.361,0,"4","TIGIT"
0,0.527383719096099,0.741,0.482,0,"4","RPLP0"
0,0.533942112069612,0.76,0.502,0,"4","RPSA"
0,1.52438318595323,0.454,0.196,0,"4","RPS27L"
0,0.661833669876679,0.718,0.462,0,"4","MT-ND5"
0,1.07696185628414,0.719,0.464,0,"4","DUSP16"
0,0.457953841148435,0.701,0.448,0,"4","RPS20"
0,1.60932959130047,0.404,0.153,0,"4","ENSG00000232855"
0,1.9747395702775,0.362,0.112,0,"4","LAIR2"
0,1.44774714058409,0.414,0.164,0,"4","FAAH2"
0,1.54880041009968,0.474,0.224,0,"4","GPHN"
0,1.92569056039645,0.427,0.178,0,"4","CRADD"
0,2.67653276839116,0.315,0.066,0,"4","ENSG00000259345"
0,1.20003278628676,0.524,0.278,0,"4","CD27"
0,0.396156406808891,0.714,0.468,0,"4","RPL31"
0,1.21219515636748,0.653,0.41,0,"4","TRAF3"
0,0.676477779622575,0.571,0.329,0,"4","RPS17"
0,0.6006672506877,0.674,0.433,0,"4","RPL4"
0,4.0144233653356,0.26,0.019,0,"4","ENSG00000273118"
0,1.12945510020605,0.628,0.391,0,"4","PELI1"
0,0.594320553005168,0.67,0.434,0,"4","RPL36AL"
0,2.35508720034946,0.332,0.096,0,"4","CADM1"
0,1.2459180871346,0.507,0.271,0,"4","MAST4"
0,3.15434197891544,0.263,0.029,0,"4","LINC02099"
0,2.95284479826363,0.286,0.053,0,"4","ENSG00000297883"
0,1.57945638343405,0.403,0.174,0,"4","ZC3H12D"
0,0.738941541938988,0.572,0.343,0,"4","CYRIB"
0,1.58225319713588,0.446,0.221,0,"4","ATP13A3"
0,1.12144553833514,0.447,0.223,0,"4","CD28"
0,1.91658252693127,0.316,0.093,0,"4","ICA1"
0,0.617053976989325,0.602,0.379,0,"4","RPL17"
0,0.843586756298996,0.823,0.604,0,"4","ARID5B"
0,2.36694594711511,0.294,0.078,0,"4","MAGEH1"
0,1.23993142960599,0.477,0.261,0,"4","BACH1"
0,1.39762949491195,0.383,0.169,0,"4","TNFRSF9"
0,1.13511299297715,0.541,0.328,0,"4","PHTF2"
0,0.964721294382027,0.494,0.283,0,"4","H3-3A"
0,1.14578665333632,0.45,0.239,0,"4","BBLN"
0,3.19861273097022,0.247,0.036,0,"4","ENSG00000280878"
0,2.13137743468711,0.287,0.078,0,"4","STING1"
0,1.11962592689923,0.554,0.346,0,"4","UGP2"
0,1.37776885701275,0.505,0.297,0,"4","THADA"
0,0.946099256003698,0.697,0.489,0,"4","TNIK"
0,5.31953769392104,0.215,0.008,0,"4","IL1R1-AS1"
0,0.768144280880984,0.614,0.41,0,"4","BIRC3"
0,1.61578702130358,0.373,0.169,0,"4","SLC12A6"
0,0.867093545642496,0.632,0.429,0,"4","SPOCK2"
0,1.80290231572446,0.313,0.111,0,"4","HTATIP2"
0,4.62194477093236,0.212,0.011,0,"4","ENSG00000289707"
0,1.62517121571046,0.3,0.103,0,"4","ENSG00000296297"
0,1.29553993613658,0.382,0.185,0,"4","DNPH1"
0,0.899210037972325,0.661,0.466,0,"4","SMYD3"
0,1.32577333027665,0.33,0.136,0,"4","CD4"
0,0.932247775137161,0.585,0.394,0,"4","TSPAN5"
0,1.05381747119114,0.379,0.189,0,"4","RPS6KA5"
0,2.47918694449374,0.243,0.053,0,"4","COX10-DT"
0,1.6237919463721,0.357,0.169,0,"4","GCNT1"
0,0.995774410528943,0.47,0.285,0,"4","PMAIP1"
0,0.905535914669155,0.65,0.466,0,"4","CASK"
0,1.27874852273398,0.47,0.287,0,"4","VAV3"
0,3.0937669646994,0.214,0.031,0,"4","ENSG00000303114"
0,4.97587460729275,0.191,0.008,0,"4","ENSG00000287780"
0,0.942773934085491,0.575,0.392,0,"4","JAZF1"
0,1.10844181846293,0.532,0.353,0,"4","MALT1"
0,0.878916810169078,0.409,0.23,0,"4","ATP5MJ"
0,1.30258203468634,0.377,0.199,0,"4","GADD45A"
0,1.84579800345363,0.256,0.078,0,"4","ENSG00000290067"
0,1.72387533300427,0.287,0.109,0,"4","HS3ST3B1"
0,1.10630375098037,0.321,0.144,0,"4","SELL"
0,1.57368776591893,0.272,0.095,0,"4","LAYN"
0,1.59028580569677,0.309,0.134,0,"4","PIM2"
0,1.11193802202651,0.4,0.226,0,"4","CORO1B"
0,1.23734210027573,0.382,0.208,0,"4","INPP5F"
0,0.81973898566763,0.46,0.287,0,"4","MAF"
0,1.82383708602059,0.271,0.098,0,"4","NETO2"
0,2.35608441924376,0.236,0.063,0,"4","ENSG00000267476"
0,0.954808675207486,0.807,0.635,0,"4","SAT1"
0,1.65091562861692,0.263,0.092,0,"4","FMNL1-DT"
0,1.51288237268489,0.284,0.113,0,"4","FAM184A"
0,1.08799080522374,0.449,0.279,0,"4","TYMP"
0,2.00604224126383,0.243,0.073,0,"4","PCBP3"
0,1.04671588075148,0.55,0.381,0,"4","TNFRSF1B"
0,1.43484255855935,0.282,0.113,0,"4","NICOL1"
0,1.36441738768174,0.288,0.119,0,"4","LINC02195"
0,1.57763729338414,0.325,0.158,0,"4","APOLD1"
0,1.60688055268668,0.277,0.114,0,"4","TANK-AS1"
0,1.84262641289297,0.233,0.071,0,"4","TBC1D8"
0,1.43959402569137,0.301,0.141,0,"4","ENSG00000272211"
0,1.14501864089387,0.341,0.182,0,"4","GLRX"
0,0.430773780494468,0.872,0.715,0,"4","LINC-PINT"
0,1.50883837097822,0.265,0.108,0,"4","LNCRNA-IUR"
0,1.69822186162996,0.236,0.08,0,"4","ENSG00000298543"
0,1.14045708437531,0.358,0.204,0,"4","VPS54"
0,2.86637402153502,0.184,0.031,0,"4","FANK1"
0,3.57643481895255,0.169,0.018,0,"4","HERC2P3"
0,1.75541235131569,0.224,0.074,0,"4","CCR4"
0,1.25974138645336,0.272,0.124,0,"4","ENSG00000286223"
0,4.71167550132165,0.152,0.006,0,"4","SOCAR"
0,1.48757074265678,0.231,0.086,0,"4","ENSG00000302605"
0,2.6670317784418,0.187,0.043,0,"4","GK-AS1"
0,1.64336634108873,0.226,0.084,0,"4","VDR"
0,1.67218005322157,0.236,0.095,0,"4","SOX4"
0,2.10330465972304,0.203,0.063,0,"4","ZC2HC1A"
0,1.10821877857676,0.265,0.126,0,"4","BMAL1"
0,1.14203807575265,0.255,0.12,0,"4","ENSG00000271204"
0,1.4133111443639,0.229,0.095,0,"4","ADAT2"
0,1.44018909535709,0.245,0.111,0,"4","ACOT9"
0,3.30048573370649,0.154,0.02,0,"4","LINC01727"
0,3.10669135394049,0.154,0.021,0,"4","CCR8"
0,1.93730829604977,0.186,0.053,0,"4","LAPTM4B"
0,2.29378929790346,0.182,0.05,0,"4","PHACTR2-AS1"
0,1.44936386995776,0.221,0.09,0,"4","CCL20"
0,3.19507408532189,0.147,0.019,0,"4","LINC00519"
0,1.63332770022194,0.193,0.066,0,"4","BEX3"
0,2.87588058918062,0.147,0.022,0,"4","ENSG00000284825"
0,1.59499868201416,0.193,0.069,0,"4","ENSG00000293372"
0,1.83262747373543,0.174,0.053,0,"4","IKZF4"
0,1.61822466548076,0.191,0.073,0,"4","MIR3142HG"
0,3.61646833307351,0.128,0.01,0,"4","ENSG00000308356"
0,1.534368456505,0.197,0.08,0,"4","ENSG00000290048"
0,3.53309612441647,0.132,0.016,0,"4","MITA1"
0,2.63515468678431,0.144,0.03,0,"4","FLVCR2"
0,1.91588608705159,0.162,0.049,0,"4","ADAM12"
0,2.58163466089038,0.144,0.033,0,"4","CABLES1"
0,1.55207558552079,0.173,0.063,0,"4","CD79B"
0,3.71099828301788,0.119,0.01,0,"4","ENSG00000255580"
0,3.89912907644351,0.117,0.01,0,"4","GNG8"
0,2.06659430237149,0.147,0.041,0,"4","CTTNBP2NL"
0,1.59796781501199,0.153,0.051,0,"4","ETV7"
0,1.96555910034777,0.142,0.04,0,"4","MAP3K5-AS2"
0,2.672319062487,0.121,0.021,0,"4","ADTRP"
0,4.87244599201908,0.103,0.004,0,"4","ATP13A3-DT"
0,1.60061517801819,0.152,0.054,0,"4","IL7"
0,1.89164774378192,0.142,0.044,0,"4","PIK3IP1-DT"
0,1.74108497598844,0.149,0.053,0,"4","CUL9"
0,1.02066542373867,0.904,0.811,0,"4","IL32"
0,3.55029679692561,0.101,0.01,0,"4","LINC00589"
0,2.95803459332736,0.109,0.018,0,"4","ENSG00000300710"
0,0.805896756415114,0.835,0.744,0,"4","S100A4"
0,2.23285078476662,0.117,0.03,0,"4","HACD1"
0,2.22965626974153,0.117,0.03,0,"4","ENSG00000298154"
0,2.17140127899637,0.116,0.029,0,"4","TXNDC11-AS1"
0,2.3203911330829,0.11,0.026,0,"4","FIRRM"
0,1.86562752431232,0.115,0.032,0,"4","ENSG00000253194"
0,2.09351142448629,0.108,0.026,0,"4","ENSG00000286285"
0,2.58768997536185,0.1,0.018,0,"4","CLEC7A"
0,0.412835820519991,1,1,0,"4","MALAT1"
1.03753785626662e-321,0.344096515269938,0.852,0.565,9.33898199804145e-317,"4","RPS25"
6.94063419277783e-320,1.85116246653502,0.117,0.037,6.24733424326125e-315,"4","SLC16A10"
1.43901560007721e-319,1.73884842189058,0.126,0.042,1.2952723317855e-314,"4","ENSG00000298318"
1.18462712782131e-316,1.11586186500509,0.303,0.158,1.06629472402324e-311,"4","PKIA"
4.98710134648259e-315,1.79584784911635,0.119,0.038,4.48893979298245e-310,"4","ENSG00000298758"
6.36423273432734e-315,1.11716507447174,0.325,0.177,5.72850952649538e-310,"4","RHBDD2"
1.33130621116592e-312,1.03111593089505,0.317,0.168,1.19832203373255e-307,"4","MARCHF7"
5.98520109393587e-312,0.336194662384742,0.932,0.6,5.38733935666261e-307,"4","RPS19"
6.21694897572344e-311,0.351152717947604,0.836,0.557,5.59593794253842e-306,"4","RPS13"
4.77036856190151e-310,0.678107621912251,0.716,0.573,4.29385644625317e-305,"4","PTPRJ"
9.41299429326168e-310,1.77057983336152,0.122,0.04,8.47273029330777e-305,"4","ZBTB32"
1.08002935752689e-309,1.47657131445161,0.17,0.068,9.72145225003531e-305,"4","ENSG00000303405"
4.08360562790417e-306,0.310209058942367,0.93,0.6,3.67569426173282e-301,"4","RPL10"
5.76554184879661e-304,0.571121140144481,0.557,0.361,5.18962187352032e-299,"4","RPL22"
5.58329684078112e-303,0.645612034930473,0.606,0.425,5.02558131935549e-298,"4","SNX9"
1.74377554994073e-302,0.298918673627401,0.865,0.569,1.56958981025715e-297,"4","RPS3A"
3.77295184467416e-302,0.814107847924556,0.592,0.437,3.39607168490966e-297,"4","MAP3K5"
1.66158972870978e-301,1.37903349079747,0.178,0.073,1.49561353070896e-296,"4","ENSG00000291149"
4.0883728048454e-301,0.346718883954238,0.843,0.557,3.67998524536939e-296,"4","RPL14"
1.00073188584252e-299,0.801710093556217,0.626,0.466,9.00768777765713e-295,"4","LINC00513"
4.63298182497264e-299,1.47305478633877,0.171,0.069,4.17019327047612e-294,"4","EPC1-AS1"
1.27965949015918e-296,1.15336970477776,0.249,0.121,1.15183430368718e-291,"4","GNA15"
1.91754989697103e-296,1.40662342598893,0.182,0.077,1.7260058377626e-291,"4","ENSG00000308299"
1.37599821888237e-294,0.922878266114913,0.388,0.229,1.23854975679821e-289,"4","TIAM1"
9.20913187255174e-294,1.5087104048503,0.131,0.046,8.28923168980255e-289,"4","ENSG00000296331"
2.89591630058121e-293,1.8930811629981,0.1,0.03,2.60664322131616e-288,"4","ENSG00000296912"
4.86653686941553e-293,1.5755831639326,0.133,0.048,4.38041850152961e-288,"4","ENSG00000233367"
8.55453404975782e-292,1.00711974607595,0.394,0.24,7.70002164352751e-287,"4","CNST"
1.57855604116782e-291,0.801490818670156,0.642,0.497,1.42087407821557e-286,"4","ZEB1"
7.42861489458069e-287,0.307668993523692,0.994,0.995,6.68657055276103e-282,"4","B2M"
3.41392205003353e-286,0.691104748733885,0.339,0.184,3.07290537645568e-281,"4","ENTPD1"
1.08341027731311e-284,0.922681875978157,0.298,0.158,9.75188424712306e-280,"4","SKIC8"
1.27710406618541e-283,1.60194723732445,0.143,0.055,1.14953414101415e-278,"4","SETD7"
2.21268998618721e-282,0.809047472073339,0.579,0.432,1.99166438346697e-277,"4","ZNF292"
1.21158400539149e-279,0.708762611495187,0.703,0.585,1.09055887909293e-274,"4","USP15"
4.4826740549935e-279,0.292632193545528,0.947,0.605,4.03489974364019e-274,"4","RPLP1"
7.10771520607893e-277,1.63380290979292,0.142,0.054,6.39772553414371e-272,"4","USP12-AS1"
1.6273297993428e-272,1.44374029183401,0.157,0.064,1.46477582568645e-267,"4","SDC4"
8.70470394919597e-272,1.20971904157494,0.2,0.091,7.83519107171078e-267,"4","CCNG2"
1.53969492505846e-271,0.79534323818952,0.408,0.249,1.38589479899437e-266,"4","CHASERR"
7.78918389299393e-270,0.962912907140268,0.385,0.239,7.01112231392276e-265,"4","ZC3H7A"
1.56264207875355e-269,0.528835668772939,0.503,0.321,1.40654976150686e-264,"4","H2AZ1"
2.29887993700358e-265,1.03932918875635,0.288,0.157,2.06924482009629e-260,"4","MCF2L2"
3.64734217588418e-265,1.12675428066463,0.281,0.153,3.28300916593511e-260,"4","KLHL2"
2.97972516383044e-263,1.39356291659565,0.141,0.055,2.68208041721541e-258,"4","KCNN4"
1.22248011639271e-262,1.04997403861346,0.251,0.128,1.10036657756624e-257,"4","DARS1"
2.58059843889783e-262,0.92845874511375,0.532,0.385,2.32282246083633e-257,"4","NAMPT"
4.63324679143414e-262,1.26000722228656,0.234,0.117,4.17043176943778e-257,"4","SYNGR2"
4.69165754351874e-262,0.291814376919352,0.789,0.532,4.22300787149665e-257,"4","RPL38"
5.0104767533513e-260,0.588012240525389,0.74,0.628,4.50998023045904e-255,"4","TRAC"
7.52838629469614e-260,0.732278033591498,0.479,0.32,6.77637578771894e-255,"4","DUSP4"
6.46486956538496e-258,0.715885238583977,0.558,0.402,5.81909374449866e-253,"4","GLCCI1"
2.34489437708651e-257,1.45236260881653,0.146,0.059,2.11066287775934e-252,"4","SLC41A2"
3.48589878534572e-256,1.11072133494334,0.251,0.131,3.13769235567753e-251,"4","POU2F2"
7.08157466712506e-256,1.6292044260513,0.108,0.037,6.37419617362594e-251,"4","ENSG00000281593"
1.27566925755265e-253,0.346049134845791,0.677,0.462,1.14824265541572e-248,"4","RPL36A"
2.33230195383794e-252,1.26949027892603,0.226,0.113,2.09932831166907e-247,"4","ACP5"
4.94191399453466e-251,0.319844698272181,0.874,0.578,4.44826620562059e-246,"4","RPS24"
6.55069362713254e-251,1.64737992887143,0.129,0.049,5.89634484071827e-246,"4","SLC9A7"
1.33968933161125e-250,0.958455515799757,0.361,0.221,1.2058677642766e-245,"4","FAS"
2.27642908637589e-250,1.0119316873559,0.277,0.15,2.04903658493781e-245,"4","MFHAS1"
1.80906163648465e-249,1.10081788208884,0.256,0.136,1.6283544696162e-244,"4","HPGD"
9.79121689386379e-249,1.21030723983408,0.18,0.081,8.81317223833573e-244,"4","NCF4"
8.19718827079467e-248,1.50263534256926,0.125,0.047,7.37837113442499e-243,"4","IL6R"
9.10524891153698e-247,1.37869916451294,0.141,0.057,8.19572559776355e-242,"4","GRK3"
3.46646527186361e-246,1.44314462500551,0.14,0.056,3.12020005585716e-241,"4","ENSG00000288887"
3.53272516594295e-246,0.398626286549542,0.946,0.947,3.17984124911691e-241,"4","HLA-A"
2.85534468230754e-245,1.1234446957999,0.238,0.123,2.57012430199184e-240,"4","ENSG00000253980"
8.76609593272152e-245,1.63248597058837,0.108,0.038,7.89045061000197e-240,"4","ATP6V0A1"
1.63169195644951e-243,0.274769102222706,0.874,0.576,1.46870224691977e-238,"4","RPS23"
4.24619481014237e-243,0.749439908854559,0.551,0.407,3.82204241055725e-238,"4","NCOA3"
2.83274068885444e-241,0.716195119158631,0.41,0.258,2.54977822144477e-236,"4","ATP5MK"
4.90873627453407e-241,0.899632220518009,0.319,0.185,4.41840260807086e-236,"4","SLAMF1"
5.04784567411607e-240,1.27518911795733,0.181,0.084,4.54361636972861e-235,"4","SAMD12"
1.18277462479308e-239,0.30499735547168,0.835,0.559,1.0646272675225e-234,"4","RPS7"
6.16584751742269e-239,0.308719479244419,0.78,0.531,5.54994100890733e-234,"4","RPL27"
1.98867249630116e-237,0.282700698485109,0.913,0.594,1.79002400064563e-232,"4","RPS15A"
5.54279437318186e-236,1.54185169651323,0.137,0.056,4.98912464324472e-231,"4","DLGAP1"
6.92735156390777e-236,0.285790492897357,0.813,0.544,6.23537841618902e-231,"4","RPL7A"
7.63252350156023e-236,0.297060333452246,0.778,0.53,6.87011072898938e-231,"4","RPS5"
3.16879719845488e-233,0.72551813448604,0.611,0.474,2.85226604630122e-228,"4","ADK"
3.63895577678628e-233,1.12456196997196,0.273,0.153,3.27546048424309e-228,"4","CNIH1"
3.65651687372993e-232,0.790446200873763,0.328,0.192,3.29126740321304e-227,"4","ATOSA"
4.15435608689856e-232,1.16935378644662,0.279,0.158,3.73937745737826e-227,"4","SGPP1"
6.30834095046645e-232,1.47319589573506,0.101,0.035,5.67820077292436e-227,"4","FBLN7"
6.08310955758412e-230,1.22149331185162,0.178,0.083,5.47546774387704e-225,"4","BTG1-DT"
1.87394439044691e-229,1.21487436784107,0.23,0.121,1.68675608528517e-224,"4","SLC16A1-AS1"
1.87440641892282e-229,1.01570080636843,0.218,0.11,1.68717196173662e-224,"4","RRN3P2"
7.09641630232958e-226,1.6958771681547,0.1,0.035,6.38755527788988e-221,"4","LTA"
2.37225432871292e-225,1.03375186766215,0.2,0.098,2.13528984381779e-220,"4","ZC3H12C"
3.06833732167944e-225,1.53781174817389,0.128,0.051,2.76184110661688e-220,"4","SNED1"
5.70681888386453e-225,0.991643565371221,0.281,0.16,5.1367647455553e-220,"4","UXS1"
2.21130137269095e-224,0.763461389770872,0.44,0.298,1.99041447857285e-219,"4","PBXIP1"
3.95500230711642e-223,1.19356584431411,0.183,0.087,3.55993712665856e-218,"4","ENSG00000289152"
7.74803250242405e-222,1.20440696798758,0.154,0.067,6.97408153575691e-217,"4","VCF1"
6.37641890304982e-221,0.959221704302814,0.243,0.13,5.73947841882417e-216,"4","TNFRSF25"
3.50947209576742e-220,0.854293452317723,0.479,0.35,3.15891092812122e-215,"4","PKM"
4.02696868362194e-218,1.29117670279875,0.236,0.128,3.62471478181495e-213,"4","GLB1"
1.31397493882781e-217,0.587620342159214,0.461,0.305,1.1827219821883e-212,"4","ENSG00000294512"
1.62118639540028e-217,1.18015425876651,0.156,0.07,1.45924608636374e-212,"4","BIRC6-AS2.1"
2.72339239745365e-217,1.29589148682515,0.136,0.057,2.45135273087201e-212,"4","ENSG00000303699"
5.84451749994803e-216,0.876133894671723,0.373,0.24,5.26070864687823e-211,"4","IL21R"
8.06552120049838e-216,0.732890919813581,0.502,0.361,7.2598562877806e-211,"4","EPSTI1"
5.41956868018564e-215,0.794580252969925,0.555,0.44,4.87820796472189e-210,"4","CTSC"
3.84833965117556e-214,1.58853886611287,0.109,0.041,3.46392900341963e-209,"4","ENSG00000248969"
3.96237941035418e-214,1.05393805587819,0.25,0.137,3.5665773310539e-209,"4","CCDC141"
1.90600479808109e-212,1.0418529840833,0.227,0.121,1.71561397880077e-207,"4","SGPP2"
3.99461972884889e-212,0.671769029296844,0.591,0.45,3.59559716413417e-207,"4","LINC01619"
7.04530059530117e-211,0.919677011067956,0.221,0.115,6.34154551883654e-206,"4","MACROH2A1"
2.68942576302016e-210,1.11871276147461,0.25,0.14,2.42077902355208e-205,"4","CREB3L2"
6.57272355649852e-208,1.36576953630013,0.122,0.05,5.91617420043988e-203,"4","PALM2AKAP2"
3.77033372894073e-207,0.834797583615927,0.454,0.325,3.39371509275684e-202,"4","FNDC3B"
7.58386170318574e-207,0.637669838578826,0.556,0.424,6.82630975765451e-202,"4","TLK1"
9.68298839024037e-207,1.16049845423186,0.137,0.059,8.71575467993926e-202,"4","FCRL3"
5.70516937050541e-206,1.49839433617698,0.1,0.037,5.13528000208562e-201,"4","ENSG00000249236"
1.3368500197108e-205,1.1470882431024,0.173,0.082,1.20331207124189e-200,"4","OAS1"
4.53979149737797e-205,0.801683966471575,0.335,0.208,4.08631172470488e-200,"4","TULP4"
3.26563612514677e-204,0.609886454305581,0.379,0.237,2.93943173260586e-199,"4","ARB2A"
2.90434827515248e-203,0.505162229589851,0.926,0.916,2.6142329259475e-198,"4","ACTB"
4.38729015316719e-202,0.845593076200955,0.316,0.191,3.94904373976732e-197,"4","PHLPP1"
8.779074256782e-202,0.606054300665672,0.686,0.581,7.90213252927205e-197,"4","CD7"
1.34933762665909e-200,0.637141608249034,0.517,0.376,1.21455229113211e-195,"4","PBX4"
3.65973470162725e-198,0.881333244015279,0.299,0.18,3.2941638022817e-193,"4","IL18R1"
8.63614797299742e-198,0.913886465178584,0.283,0.167,7.77348315197471e-193,"4","ARHGEF12"
2.11468555770476e-196,0.655289128753114,0.482,0.344,1.90344961734563e-191,"4","PVT1"
1.48774755435093e-194,0.415501574755026,0.813,0.712,1.33913645114682e-189,"4","SKAP1"
2.18987181688089e-193,1.92408638128048,0.105,0.041,1.97112552109266e-188,"4","TMEM241"
7.75538089756287e-191,0.606806502412417,0.367,0.231,6.98069589970531e-186,"4","H2AZ2"
9.2808940318757e-190,0.763555068259449,0.35,0.224,8.35382552703163e-185,"4","PHLDA1"
9.07750502961882e-189,1.25467095251583,0.148,0.069,8.1707530522102e-184,"4","TMED8"
3.29145643985178e-187,0.862260902753112,0.221,0.119,2.96267285607498e-182,"4","H2AJ"
1.3566176824742e-185,1.47439389137172,0.113,0.047,1.22110514217185e-180,"4","LUCAT1"
4.42336936021687e-184,1.18251826913586,0.171,0.085,3.98151899482481e-179,"4","SLC35F2"
2.85834231667824e-183,0.777077788553182,0.441,0.316,2.57282250266525e-178,"4","ZNRF2"
5.78323444231655e-183,1.01159128653535,0.213,0.116,5.20554715387355e-178,"4","ATP1B1"
8.74888728465371e-183,0.875025431763443,0.275,0.164,7.87496093378965e-178,"4","ATOX1"
1.98720676787946e-182,0.889181511093216,0.224,0.124,1.78870468383598e-177,"4","POLR2J3.1"
2.98663990695926e-180,0.867494597487256,0.385,0.264,2.6883044466531e-175,"4","SAMHD1"
4.40576497283928e-180,1.08339600631464,0.177,0.09,3.96567310970236e-175,"4","ENSG00000286808"
7.09245637673836e-180,1.18175665161625,0.144,0.067,6.38399090926596e-175,"4","FAUP4.1"
3.89044106411513e-178,0.942629482101546,0.269,0.162,3.50182490622067e-173,"4","SLC16A1"
5.25665295477104e-177,0.816685320806995,0.326,0.209,4.73156589111896e-172,"4","HIVEP1"
2.01612329220145e-176,1.06465003033354,0.173,0.088,1.81473273654345e-171,"4","HAPLN3"
3.87107171201183e-173,0.678017425218783,0.322,0.201,3.48439035869897e-168,"4","BLTP1"
4.00604740939125e-173,0.931939489894873,0.221,0.124,3.60588333366716e-168,"4","TPP1"
3.24129289002138e-172,0.908597394958523,0.253,0.15,2.91752014323715e-167,"4","C16orf87"
4.61075562562092e-172,0.815880815616122,0.399,0.285,4.15018724617765e-167,"4","UCP2"
9.36100490883726e-172,0.428714505243599,0.466,0.322,8.4259341284935e-167,"4","MT-ND4L"
2.74857769509452e-171,0.692829817754477,0.301,0.185,2.47402226913153e-166,"4","PRP4K"
6.95704225525388e-171,0.761192671013834,0.27,0.162,6.26210330437657e-166,"4","FRMD4B"
7.02117091199017e-169,0.797943002152117,0.319,0.206,6.31982614959147e-164,"4","TNIP1"
9.73676360230796e-167,0.918348007858247,0.271,0.166,8.76415828607342e-162,"4","METTL8"
1.33390607756264e-164,0.524284653523332,0.505,0.373,1.20066219947491e-159,"4","HNRNPLL"
4.45835206037568e-164,0.449859757693073,0.745,0.654,4.01300727306475e-159,"4","CD247"
1.57911946954881e-163,0.673067135585524,0.347,0.226,1.42138122573558e-158,"4","MT-ATP8"
3.34937764565017e-162,1.46108700954538,0.234,0.14,3.01480831262617e-157,"4","FILIP1L"
1.14949764733214e-161,0.811238941636965,0.342,0.229,1.03467432734013e-156,"4","USP12"
2.65497745782399e-160,0.494988130562471,0.43,0.3,2.38977175956195e-155,"4","SPATS2L"
6.87247169663278e-160,0.777904049579685,0.343,0.231,6.18598049885613e-155,"4","RHOG"
8.67384001311765e-159,1.1042459269724,0.179,0.096,7.80741013420733e-154,"4","FLNB"
3.09828040706834e-157,0.831704922237056,0.22,0.126,2.78879317720628e-152,"4","ENSG00000236449"
1.23628505929646e-156,0.768387279509744,0.353,0.241,1.11279254472333e-151,"4","TET2"
7.59396473852938e-156,0.758793508028222,0.384,0.271,6.83540360079768e-151,"4","MYO5A"
1.47967064024076e-154,0.709808878471575,0.287,0.179,1.33186633998711e-149,"4","ENSG00000266049"
4.59942326304957e-154,0.86602708982177,0.305,0.199,4.13998687330355e-149,"4","TMEM154"
9.57655643172275e-154,1.29535480183756,0.101,0.043,8.61995420975797e-149,"4","H2BC15"
1.21324391889094e-152,0.797827855299394,0.316,0.209,1.09205298383293e-147,"4","MAP3K1"
1.27557155177649e-152,1.09615556804186,0.327,0.221,1.14815470946954e-147,"4","CMSS1"
2.09689160060888e-152,0.759608582964564,0.429,0.312,1.88743309862406e-147,"4","EXT1"
6.85971403309743e-152,1.23760109840483,0.115,0.052,6.17449719833133e-147,"4","EEPD1"
1.56341694063e-151,0.424198185159424,0.665,0.546,1.40724722243047e-146,"4","FOXO1"
3.12692025712952e-151,0.8741944682992,0.163,0.085,2.81457219264486e-146,"4","FHIP2A"
3.31937065273204e-151,0.676167963160011,0.41,0.286,2.98779871823063e-146,"4","TALAM1"
6.47035474432217e-151,0.75048171306072,0.37,0.26,5.82403100891183e-146,"4","USP48"
1.3662863480227e-150,0.836809162999916,0.216,0.125,1.22980800471871e-145,"4","LEF1"
7.17318882508758e-150,1.28655105849507,0.112,0.051,6.45665899334959e-145,"4","HPSE"
1.00934947670836e-149,0.786472402701443,0.399,0.289,9.08525557479962e-145,"4","NPC1"
4.53286885411212e-149,1.17041054746434,0.12,0.056,4.08008058427486e-144,"4","LY96"
1.60591576765127e-148,0.491067692018997,0.651,0.541,1.44550084162058e-143,"4","NFAT5"
1.98275224025563e-148,0.895835061681993,0.204,0.116,1.78469511897649e-143,"4","MBOAT1"
3.8017020909776e-148,0.64720365904015,0.403,0.286,3.42195006910984e-143,"4","ZBTB38"
2.36347981668667e-147,0.483509323746821,0.591,0.478,2.12739181779784e-142,"4","MSI2"
8.27584254130772e-146,0.724577776946498,0.306,0.201,7.44916862985649e-141,"4","RDX"
3.45311563968646e-145,0.620207976791131,0.295,0.188,3.10818391843818e-140,"4","RPL22L1"
1.74075876852407e-144,0.892582771987037,0.189,0.106,1.5668743751362e-139,"4","ENSG00000291066"
5.2887415253062e-144,0.857643698779546,0.225,0.134,4.76044913434336e-139,"4","MICAL2"
3.98796611057367e-143,0.341696707958125,0.954,0.958,3.58960817578846e-138,"4","TMSB10"
5.08717231252838e-143,1.15152771070502,0.128,0.062,4.57901467022992e-138,"4","ENSG00000299358"
2.18642929747335e-142,0.591254387930002,0.479,0.365,1.96802687494874e-137,"4","LIMS1"
3.33259845915969e-141,0.598145550458771,0.494,0.38,2.99970519907423e-136,"4","TAB2"
1.8190016281926e-136,0.638013115162943,0.293,0.189,1.63730155555244e-131,"4","ENSG00000228655"
2.69449673374755e-136,1.06849684023256,0.134,0.067,2.42534345501351e-131,"4","CDK14"
3.91268014668691e-135,0.624536950032323,0.376,0.265,3.52184252683435e-130,"4","ZNRF1"
7.87130177469342e-135,0.723223334219594,0.313,0.21,7.0850374404193e-130,"4","KMT2E-AS1"
8.04652442837126e-135,0.761803518781481,0.256,0.162,7.24275710322126e-130,"4","MIR181A1HG"
4.4420148912038e-134,0.710777300018835,0.209,0.122,3.99830202372145e-129,"4","RPS19BP1"
1.34453666008601e-133,1.02804636974164,0.107,0.049,1.21023089311002e-128,"4","RPS6KB2"
3.58310500778549e-133,1.07882077037088,0.121,0.059,3.2251886485578e-128,"4","PABIR3"
3.64413733221148e-133,0.349443619249957,0.577,0.45,3.28012445409688e-128,"4","BCL2"
1.27965739117599e-132,0.727348211571343,0.3,0.2,1.15183241437142e-127,"4","SEC14L1"
6.7451051510907e-132,1.0555234022259,0.126,0.063,6.07133659754825e-127,"4","ENSG00000293497"
8.82397256493506e-132,0.731257179489439,0.348,0.244,7.9425459454237e-127,"4","DIP2B"
2.41283556554623e-130,0.816380614422441,0.168,0.093,2.17181742090382e-125,"4","PGM5P2.1"
2.84748222816443e-130,0.900187115169862,0.234,0.146,2.56304722839308e-125,"4","RHBDD1"
1.95984915216007e-129,1.0890100008483,0.146,0.078,1.7640798203508e-124,"4","FAM135A"
3.37530579711432e-129,1.07763545579891,0.113,0.054,3.03814650104057e-124,"4","ENSG00000261435"
2.56283445116286e-128,0.740103450598507,0.305,0.207,2.3068329178362e-123,"4","CTNNAL1"
3.71617101619464e-128,1.37507548654777,0.105,0.05,3.34496269338696e-123,"4","RGPD2"
4.78207802647475e-128,0.365135792110643,0.561,0.453,4.30439625241018e-123,"4","GBP2"
5.16692921150355e-128,0.530196593251144,0.322,0.215,4.65080465256646e-123,"4","MARCHF6"
1.78011825876152e-127,0.813923214011264,0.231,0.144,1.60230224589383e-122,"4","GRSF1"
3.63373021177162e-127,0.777110340155109,0.19,0.11,3.27075690091775e-122,"4","ZZZ3"
3.87554744762776e-127,1.04400914747145,0.121,0.06,3.48841901308422e-122,"4","MFSD14CP.1"
5.95428742946261e-127,1.14566963547558,0.115,0.056,5.35951365813359e-122,"4","ENSG00000265987"
5.95535161404178e-127,0.909362892245369,0.165,0.092,5.36047154131515e-122,"4","ENSG00000291154"
1.23396530421605e-126,0.905764189680542,0.2,0.119,1.11070450997791e-121,"4","DAPP1"
4.10099903222733e-126,1.22836759313256,0.105,0.05,3.69135023889815e-121,"4","CHST7"
6.67480894776917e-126,0.989167323317066,0.17,0.097,6.00806228197651e-121,"4","COX10"
1.16365282597166e-125,1.19302291175133,0.157,0.088,1.04741554518535e-120,"4","PEX3"
1.85396348831174e-125,0.769974619831218,0.167,0.093,1.66877107546428e-120,"4","BLTP3B"
2.15088520775349e-125,1.33833352385441,0.105,0.049,1.936033284351e-120,"4","PLA2G4C"
2.3092290139664e-125,1.04846495870377,0.136,0.071,2.07856012776129e-120,"4","ENSG00000241490"
1.85926581529091e-124,0.453627976557969,0.661,0.569,1.6735437530015e-119,"4","RAP1A"
2.42323728785815e-124,1.05583430122816,0.125,0.063,2.181180115174e-119,"4","ENSG00000308860"
3.75781735500671e-124,0.861344838515455,0.193,0.114,3.38244897941509e-119,"4","GRAMD2B"
3.86091883469158e-123,0.861719160335372,0.153,0.083,3.47525165229424e-118,"4","CSTPP1"
7.2942149376588e-123,0.744903941660857,0.27,0.177,6.56559580753606e-118,"4","LIMA1"
2.80895816802391e-122,0.730079009638675,0.333,0.234,2.52837133662001e-117,"4","CLIP1"
3.25489776375631e-122,0.348197342432632,0.688,0.602,2.9297660261347e-117,"4","CD74"
5.32516766330933e-121,0.744473137030498,0.385,0.288,4.79323666542136e-116,"4","KAT2B"
8.27777010933261e-121,0.865326078759977,0.167,0.095,7.45090365311138e-116,"4","ENSG00000295475"
3.87775080692683e-120,0.680709674643078,0.213,0.128,3.49040227882291e-115,"4","H1-2"
4.87253336724358e-120,0.325004072528634,0.701,0.586,4.38581600918962e-115,"4","RORA"
9.99091354600308e-120,0.928525438171251,0.141,0.075,8.99292119189283e-115,"4","GARRE1"
1.4296432700881e-119,1.02379716766767,0.13,0.068,1.286836203839e-114,"4","ZNF282"
1.50807448413077e-119,1.03280531246663,0.169,0.097,1.35743292391095e-114,"4","RBBP8"
4.33296144406728e-119,0.870685917954521,0.18,0.105,3.9001419254194e-114,"4","NINJ1"
1.03201759885148e-117,0.607755440716723,0.538,0.458,9.28929360902203e-113,"4","ENO1"
1.89546253815288e-116,0.72152129725423,0.25,0.162,1.70612478521679e-111,"4","TTN"
3.3157917357865e-116,0.888498270356595,0.14,0.076,2.98457729929879e-111,"4","ZNF37BP.1"
9.99175557429684e-116,0.440447748861408,0.598,0.499,8.99367910998033e-111,"4","FXYD5"
1.65578604776352e-114,0.528427911061836,0.351,0.249,1.49038957945242e-109,"4","SESN3"
3.79170550465388e-114,0.866722244515326,0.267,0.181,3.41295204179401e-109,"4","DYNC1I2"
5.21419377404789e-114,0.790097379861571,0.263,0.176,4.69334795795824e-109,"4","TTC7A"
5.80535189555622e-114,0.809364855110117,0.141,0.077,5.22545529470911e-109,"4","ENSG00000294708"
1.65779590514364e-113,0.964060876714674,0.126,0.066,1.49219867217885e-108,"4","SH3TC1"
4.01799818020936e-113,1.06263841182245,0.126,0.067,3.61664034198825e-108,"4","BTLA"
8.1504605290108e-113,0.764019608506353,0.204,0.125,7.33631102676791e-108,"4","THEM4"
3.91287445130485e-112,0.960808471037244,0.119,0.061,3.52201742236401e-107,"4","DNAAF9"
1.11348535748137e-111,0.887004107757777,0.14,0.077,1.00225930512255e-106,"4","WDR53"
2.55173937506905e-111,0.855898719912934,0.149,0.083,2.2968461288934e-106,"4","BFSP2-AS1"
6.03999211759541e-111,0.519189761594254,0.435,0.335,5.43665730496881e-106,"4","CALM3"
7.97755873989211e-111,0.469325706200939,0.595,0.504,7.18068039736429e-106,"4","UBE2B"
1.34298000771191e-110,1.41129622143887,0.103,0.051,1.20882973474156e-105,"4","HDAC9"
4.88055714998672e-110,0.767095424099545,0.153,0.086,4.39303829627455e-105,"4","PSME3IP1"
6.7323991230276e-110,0.64611918074199,0.213,0.132,6.05989977462838e-105,"4","ENSG00000291143"
1.475996102454e-109,0.591392344168666,0.242,0.155,1.32855885177987e-104,"4","ADSS2"
4.09356698648978e-109,0.823060564128792,0.164,0.095,3.68466058020932e-104,"4","RPS6KB1"
2.8564389318395e-108,1.21037028073485,0.103,0.052,2.57110924693806e-103,"4","TAFA2"
1.03856077585359e-107,0.890404140130258,0.2,0.125,9.34818939953572e-103,"4","PLEKHG1"
1.71167797525858e-107,0.481409263397883,0.566,0.471,1.54069846231e-102,"4","TTC39C"
1.91145260103906e-107,0.802731653433957,0.209,0.132,1.72051760072127e-102,"4","L3MBTL3"
2.19212442281623e-107,0.828658542720584,0.275,0.189,1.97315311422112e-102,"4","TXNDC11"
5.19368518882381e-107,0.600120184273599,0.414,0.318,4.6748879753122e-102,"4","RERE"
7.52762453490798e-107,0.578722173904228,0.29,0.197,6.77569012011602e-102,"4","SOCS3"
1.7676981009407e-106,0.736827825944433,0.167,0.097,1.59112273763773e-101,"4","ADI1"
1.0722703829299e-105,1.02584422177003,0.121,0.064,9.6516129437903e-101,"4","POLR2J4.1"
3.35556607033491e-105,1.00865103758342,0.121,0.065,3.02037857556916e-100,"4","SGO1-AS1"
4.36627575098115e-105,0.564638178952481,0.239,0.154,3.93012846621565e-100,"4","TOX2"
4.77810634519775e-105,0.965012066253988,0.121,0.064,4.30082130237595e-100,"4","SH3PXD2A"
7.88620297883674e-104,0.58843493788949,0.386,0.292,7.09845016328074e-99,"4","RNF145"
1.93665086552379e-103,1.04374713628068,0.15,0.087,1.74319881056662e-98,"4","HSDL2"
7.32521359860777e-103,0.964262289802929,0.136,0.076,6.59349801224284e-98,"4","ENSG00000259589"
4.63314278387761e-102,0.728983019274676,0.26,0.176,4.17033815119607e-97,"4","CPEB3"
1.10922693135869e-101,0.864564958465841,0.153,0.089,9.98426253185268e-97,"4","TRIB2"
2.70500293149274e-101,0.526289972627846,0.371,0.275,2.43480018866593e-96,"4","PRDX2"
2.8019405089462e-101,0.766058331333329,0.226,0.148,2.52205467150757e-96,"4","ANTXR2"
5.19731262826956e-101,0.624907878621729,0.189,0.115,4.67815306983171e-96,"4","POLR1H"
1.30616524684592e-100,0.601655250874741,0.39,0.293,1.17569240033848e-95,"4","CCM2"
1.43694405681403e-100,0.455842411104913,0.288,0.196,1.29340771497887e-95,"4","H1-10"
1.54203629008975e-100,0.749451650043623,0.149,0.085,1.38800228507268e-95,"4","PHB1"
3.36494230279964e-100,0.263849246597003,0.316,0.216,3.02881821617298e-95,"4","TSHZ2"
4.20070362333474e-100,0.509638851172419,0.451,0.355,3.78109533839983e-95,"4","RAB11FIP1"
1.13119498460139e-99,0.636191667983687,0.306,0.216,1.01819991758956e-94,"4","PTTG1"
1.44856314627543e-99,1.0465576751477,0.102,0.052,1.30386617359398e-94,"4","ENSG00000247925"
2.62124145285191e-99,0.432390698357878,0.157,0.091,2.35940564412653e-94,"4","ABTB3"
2.70320254651478e-99,0.891154591220145,0.114,0.06,2.43317964414342e-94,"4","RARS1"
5.2565077041656e-99,0.323282866037376,0.733,0.678,4.7314351495965e-94,"4","SOD1"
1.58525322063257e-97,0.501370016724421,0.407,0.31,1.42690227642358e-92,"4","CMTM7"
4.23187302222319e-97,0.849593598090495,0.113,0.06,3.80915122603331e-92,"4","GFUS"
4.72883300663024e-97,0.852078846385251,0.168,0.102,4.25646987759794e-92,"4","RSL1D1-DT"
1.07060034789932e-96,0.91458287756756,0.17,0.103,9.63658079147655e-92,"4","WDTC1"
1.6317688611243e-96,0.587296803169179,0.501,0.412,1.46877146958659e-91,"4","SGMS1"
3.03470171355221e-96,0.710423690068954,0.224,0.148,2.73156535938548e-91,"4","TNIP2"
1.47004552997082e-94,0.770880050722909,0.14,0.08,1.32320268198204e-89,"4","UQCC5"
1.79329726371451e-94,0.49828562355797,0.49,0.399,1.61416480004207e-89,"4","ASXL1"
2.37151217576959e-94,0.73496118226955,0.148,0.087,2.13462182453196e-89,"4","MT-ND6"
6.234589058527e-94,0.358323039341392,0.824,0.781,5.61181595747074e-89,"4","NEAT1"
1.47526942643937e-93,0.372301552151771,0.447,0.331,1.32790476343234e-88,"4","ENSG00000279483"
2.68958774478957e-93,0.583549409717,0.3,0.214,2.42092482496254e-88,"4","SEC11C"
9.28224627414689e-93,0.900932570613825,0.132,0.075,8.35504269382235e-88,"4","MAL"
2.66174248952967e-92,0.527731345185547,0.359,0.269,2.39586103225055e-87,"4","IL2RB"
7.86956695979434e-92,0.841255092272448,0.12,0.066,7.08347591618048e-87,"4","GARS1"
4.37600589424542e-91,0.599008406576089,0.353,0.266,3.93888666546925e-86,"4","COX17"
5.06884548664741e-91,0.860832427884405,0.117,0.064,4.5625185109862e-86,"4","CUTALP.1"
1.35319804204745e-90,0.533106670604532,0.196,0.125,1.21802708962733e-85,"4","GEM"
3.77477052783966e-90,0.960826799292774,0.138,0.08,3.39770869981376e-85,"4","PLAGL1"
4.01273523947054e-90,0.581933366289452,0.402,0.314,3.61190311639983e-85,"4","RYBP"
5.57305475361334e-90,0.789237515275088,0.169,0.104,5.01636231427491e-85,"4","MAP1LC3A"
7.2092561805239e-90,0.766514097455483,0.188,0.119,6.48912358065137e-85,"4","NAPG"
2.04430243244771e-89,0.791341993516065,0.23,0.157,1.84009706247051e-84,"4","IGHA1"
9.48020314367822e-89,0.70412586307204,0.394,0.314,8.5332256516562e-84,"4","UHRF2"
1.22938670851429e-88,0.872358503239191,0.109,0.059,1.1065832702008e-83,"4","ENSG00000291175"
1.44720638233214e-88,0.582375594922687,0.331,0.245,1.30264493680098e-83,"4","AFTPH"
1.45496969133123e-88,0.645997630486672,0.344,0.26,1.30963276886415e-83,"4","TFRC"
1.61156905301941e-87,0.377003364273376,0.498,0.403,1.4505894203133e-82,"4","PAM"
1.79250746519396e-87,0.601089382429466,0.253,0.174,1.61345389449574e-82,"4","SDF4"
1.01946907980859e-86,0.279946012675194,0.794,0.773,9.17634313426508e-82,"4","OAZ1"
1.06845214654957e-86,0.941692052858639,0.107,0.058,9.61724461630738e-82,"4","LINC01964"
1.07745323618563e-86,0.746900987234818,0.191,0.124,9.69826432423047e-82,"4","ENSG00000261573"
1.1744467121681e-86,0.674446929794831,0.151,0.09,1.05713123008963e-81,"4","H2BC12"
1.21596066918119e-86,0.497789571604963,0.437,0.348,1.09449835793668e-81,"4","CD58"
1.93340012634871e-86,0.390718523234464,0.638,0.547,1.74027278772774e-81,"4","RGS1"
2.44802258419323e-86,0.714146964164045,0.176,0.111,2.20348960825817e-81,"4","IRS2"
4.88504525917614e-86,0.920485913759086,0.169,0.106,4.39707808823703e-81,"4","MOB1B"
5.475068412916e-86,0.867242503538635,0.118,0.066,4.92816382914982e-81,"4","H2AC6"
1.4740350774814e-85,0.727530533364868,0.164,0.101,1.32679371359178e-80,"4","MARCHF5"
5.54979342069825e-85,0.614832531706437,0.243,0.167,4.9954245559047e-80,"4","CASP1"
9.08782306486022e-85,0.691971131843341,0.159,0.098,8.18004041891134e-80,"4","RFX3-DT"
1.56092797897268e-84,0.506008964681681,0.373,0.286,1.4050068831531e-79,"4","FKBP1A"
1.66099059055159e-84,0.37675904841363,0.834,0.828,1.49507424046139e-79,"4","GAPDH"
1.18294297522638e-83,0.352080768880506,0.641,0.548,1.06477880143102e-78,"4","NIBAN1"
1.72979551812333e-83,0.68213853286469,0.168,0.105,1.55700624381799e-78,"4","GNA12"
1.92357143293535e-83,0.903714860069263,0.11,0.061,1.73142588249944e-78,"4","ZNF280C"
3.52099319439018e-83,0.862226549024501,0.104,0.056,3.16928118420254e-78,"4","MIR497HG"
4.59129530587556e-83,0.426513187677645,0.535,0.456,4.13267081777165e-78,"4","PAK2"
5.73336928345779e-83,0.997101307605348,0.108,0.059,5.16066302573319e-78,"4","RRAGB"
2.20364619656347e-82,0.566542518403356,0.269,0.191,1.98352397798875e-77,"4","SMS"
6.64668817650072e-82,0.602175626172363,0.163,0.101,5.98275049455007e-77,"4","SARS1"
1.54692923550951e-81,1.12011180995866,0.116,0.066,1.39240647417446e-76,"4","HES1"
2.09177485339172e-81,0.737569575158046,0.14,0.084,1.88282746328642e-76,"4","ENSG00000272368"
2.37415795829285e-81,0.730861011199415,0.178,0.115,2.13700331983897e-76,"4","PRMT3"
2.56386504095499e-81,0.862661640768789,0.164,0.104,2.307760562014e-76,"4","PXK"
5.05761062776976e-81,0.757091370741313,0.144,0.087,4.55240590216184e-76,"4","FURIN"
1.07839194858479e-80,0.563315724869457,0.261,0.184,9.70671376840657e-76,"4","FCMR"
2.95219574181549e-80,0.867177702749106,0.118,0.067,2.65730090916554e-75,"4","GCC2-AS1"
5.52688163782435e-80,1.01564288448019,0.112,0.063,4.97480143102208e-75,"4","TNS3"
1.95002151481515e-79,0.264796997322516,0.4,0.297,1.75523386570027e-74,"4","RPS6KA3"
4.26582664129275e-79,0.75566017599841,0.142,0.086,3.83971321809402e-74,"4","HOXB2"
8.30483888802622e-79,0.741956319504937,0.172,0.111,7.47526853150129e-74,"4","ERI1"
1.45666657807437e-78,0.549059704292494,0.432,0.349,1.31116015359052e-73,"4","CRY1"
2.6365623303435e-78,0.914583052124246,0.112,0.064,2.37319611916549e-73,"4","ENSG00000303688"
6.38854544773647e-78,0.721770372270519,0.127,0.074,5.75039364296207e-73,"4","NINJ2"
1.44553137176295e-77,0.694084376559142,0.224,0.155,1.30113724303755e-72,"4","MTMR6"
1.54020274897528e-77,0.251190718464361,0.525,0.445,1.38635189638014e-72,"4","MT2A"
2.81872941623528e-77,0.465882652222349,0.426,0.344,2.53716653484754e-72,"4","CUTA"
8.42117011458177e-77,0.84282485261965,0.102,0.056,7.57997943183619e-72,"4","UNC119"
2.09969167731765e-76,0.537143131071912,0.195,0.129,1.88995347567039e-71,"4","NDFIP2"
5.41755694902853e-76,0.397854266953396,0.59,0.517,4.87639718539007e-71,"4","ASH1L"
3.53158141641707e-75,0.788434016265087,0.151,0.095,3.17881174873117e-70,"4","YIPF6"
5.60417257203492e-75,0.77551475725182,0.157,0.1,5.04437177381435e-70,"4","SPDYE2"
6.57175166482049e-75,0.399795647020514,0.581,0.51,5.91529939102157e-70,"4","NOP58"
1.33887154639136e-74,0.718335683111889,0.136,0.082,1.20513166762233e-69,"4","SKIC3"
2.00750628012606e-74,0.390969234210369,0.444,0.358,1.80697647780427e-69,"4","IL6ST"
2.01012211365942e-74,0.986084746900168,0.113,0.066,1.80933101572598e-69,"4","SLC35E3"
3.38304358340687e-74,0.539361742393227,0.421,0.344,3.04511135986036e-69,"4","NT5C3A"
8.85437507134668e-74,0.766555850002803,0.161,0.103,7.96991154546986e-69,"4","IRAK2"
1.64073964963797e-73,0.534687961606579,0.217,0.149,1.47684616603563e-68,"4","ENSG00000302351"
7.82793713049116e-73,0.787384008380364,0.105,0.059,7.0460044905264e-68,"4","FRG1HP.1"
5.05166584676872e-72,0.348772578644019,0.408,0.317,4.54705494533499e-67,"4","RPS4Y1"
6.64845445448053e-72,0.71214251343263,0.171,0.112,5.98434033902247e-67,"4","HDAC7"
1.56477174083251e-71,0.63809890813206,0.305,0.234,1.40846669164075e-66,"4","ANKRD10"
6.80517487744663e-71,0.633498113512453,0.151,0.095,6.12540595893849e-66,"4","AKAP13-AS1"
7.32847025555548e-71,0.632214502863418,0.133,0.081,6.59642936172805e-66,"4","EPRS1"
1.0713973989732e-70,0.51785319954106,0.193,0.129,9.64375512789771e-66,"4","GOLM2"
2.42176350971978e-70,0.638334046563375,0.128,0.077,2.17985355273387e-65,"4","LARS1"
5.62951326463195e-70,0.660350004867928,0.146,0.091,5.06718118462786e-65,"4","KGD4"
1.13015064656378e-69,0.754035515975924,0.112,0.066,1.01725989847853e-64,"4","TRIB1"
2.53661788559038e-69,0.47969812961911,0.261,0.187,2.28323512499876e-64,"4","ENTPD1-AS1"
2.837704345332e-69,0.480553749586594,0.52,0.448,2.55424605827679e-64,"4","PRDM2"
3.31588314181549e-69,0.509448017305619,0.166,0.107,2.98465957477954e-64,"4","IFT25"
4.06003641554992e-69,0.642483747799941,0.295,0.224,3.65447937800064e-64,"4","MIB1"
4.22893392546973e-69,0.9445961203035,0.101,0.058,3.80650571565456e-64,"4","BFSP2"
7.2964789060294e-69,0.717648333708944,0.251,0.184,6.56763362810612e-64,"4","TMEM65"
8.63270802299344e-69,0.803959337712693,0.12,0.072,7.77038681857662e-64,"4","LFNG"
1.43818238104143e-68,0.512286238810193,0.274,0.201,1.29452234299921e-63,"4","CXCR6"
1.86030964143482e-68,0.44038011160687,0.433,0.355,1.6744833113519e-63,"4","NOP10"
2.29384303564615e-68,0.690742883334683,0.174,0.116,2.06471105481546e-63,"4","EML2"
2.92263263107829e-68,0.622966037056149,0.132,0.082,2.63069085755988e-63,"4","ENSG00000291203"
3.00438441303909e-68,0.557483812955625,0.363,0.288,2.70427645402061e-63,"4","MAN1A2"
9.74645633446751e-68,0.837807852239414,0.2,0.139,8.77288281121755e-63,"4","STK38L"
1.325589205288e-67,0.573852962524233,0.222,0.155,1.19317609957178e-62,"4","NPTN"
1.68776721478074e-67,0.947647481001129,0.156,0.103,1.51917614769629e-62,"4","ARL17A"
2.5976352189158e-67,0.505615249891207,0.346,0.27,2.3381574368983e-62,"4","CMTM6"
3.44068972841948e-67,0.804761177785871,0.177,0.119,3.09699923144766e-62,"4","ABTB2"
5.52325158811284e-67,0.657823318326383,0.148,0.095,4.97153398697625e-62,"4","LYRM4"
6.97534603001252e-67,0.652793321273865,0.113,0.067,6.27857871507457e-62,"4","ENSG00000295480"
1.71923787514661e-66,0.626194995543198,0.139,0.087,1.54750320379821e-61,"4","IARS1"
4.9889084376801e-66,0.681096907412725,0.144,0.091,4.49056637384024e-61,"4","ACVR1"
5.46839106568272e-66,0.460465010677586,0.403,0.327,4.92215348213167e-61,"4","NDUFB1"
5.96680507739996e-66,0.552826235736223,0.249,0.181,5.37078091821848e-61,"4","REEP3"
8.42763916649015e-66,0.625350348171607,0.243,0.176,7.58580229014945e-61,"4","PIM3"
1.21797574872004e-65,0.326574886863058,0.691,0.622,1.0963121511804e-60,"4","RHOH"
1.25316789935865e-65,0.633467808311346,0.258,0.19,1.12798895789172e-60,"4","PDE4A"
1.54745514582046e-65,0.739508721449371,0.114,0.068,1.39287985130445e-60,"4","ENSG00000242588"
1.62973116447707e-65,0.627603623780714,0.242,0.175,1.46693731845746e-60,"4","CD83"
2.62765321008524e-65,0.694256216221088,0.112,0.067,2.36517693092982e-60,"4","KARS1"
5.1823212866602e-65,0.740023411186976,0.157,0.103,4.66465921333571e-60,"4","ZNF281"
1.41863753213249e-64,0.794900000287769,0.135,0.086,1.27692982904777e-59,"4","PTER"
1.90356566132176e-64,0.373171590621755,0.57,0.496,1.71341848741233e-59,"4","NSD3"
2.92838085322323e-64,0.693577321537421,0.129,0.081,2.63586488979476e-59,"4","ZNF767P.1"
3.59383618323191e-64,0.64576962585355,0.146,0.094,3.23484788688888e-59,"4","PHLDA2"
5.59413949495782e-64,0.689743148238708,0.232,0.169,5.03534090080649e-59,"4","CEP120"
5.65739520183653e-64,0.754477031077427,0.103,0.06,5.09227799512507e-59,"4","MIIP"
7.30775973278462e-64,0.670330415781174,0.113,0.068,6.57778761307677e-59,"4","FAM110A"
2.11699850690343e-63,0.422829931669877,0.429,0.355,1.90553152604884e-58,"4","GBP5"
2.17311727122494e-63,0.32183903398603,0.435,0.352,1.95604458700228e-58,"4","PRDM1"
9.97476419649548e-63,0.542284352831993,0.466,0.405,8.97838500090754e-58,"4","USP47"
1.07696059910137e-62,0.509679072241542,0.17,0.114,9.6938300485713e-58,"4","AQP3"
1.13109570340355e-62,0.673722671768116,0.111,0.067,1.01811055359057e-57,"4","ENSG00000307222"
2.48406881295568e-62,0.708158215049146,0.104,0.062,2.23593517922954e-57,"4","RAB33A"
2.92866406981651e-62,0.680950447376177,0.126,0.079,2.63611981588254e-57,"4","RPL7L1"
2.99213137700363e-62,0.61130445257772,0.13,0.081,2.69324737375474e-57,"4","MIR3667HG"
2.99939668761192e-62,0.752939153526159,0.119,0.073,2.69978695248636e-57,"4","MZB1"
7.99749968076105e-62,0.607891411308257,0.106,0.063,7.19862943764983e-57,"4","HARS1"
8.32108845092596e-62,0.839763732252023,0.104,0.061,7.48989492556296e-57,"4","ATXN1L"
8.70707699237823e-62,0.513918015860288,0.168,0.112,7.83732707160957e-57,"4","HYCC1"
1.03933898830608e-61,0.745894476654747,0.11,0.066,9.35519416764187e-57,"4","ENSG00000290993"
1.04320616902885e-61,0.318600624335383,0.19,0.131,9.39000304804562e-57,"4","MT1E"
1.46921793214316e-61,0.475860879892643,0.25,0.182,1.32245775290138e-56,"4","SFT2D1"
2.21614170374972e-61,0.373105850945617,0.628,0.57,1.99477130896216e-56,"4","STAT3"
4.2474387710728e-61,0.439609330968293,0.45,0.38,3.82316211223034e-56,"4","PTPN1"
4.81793664885921e-61,0.412317002314483,0.437,0.357,4.33667295700466e-56,"4","NABP1"
5.30025281266021e-61,0.367295981644701,0.511,0.444,4.77081055920358e-56,"4","ARPC1B"
5.69863882483895e-61,0.569457521529632,0.198,0.139,5.12940179262579e-56,"4","ENSG00000309976"
3.90154923055853e-60,0.440941857046936,0.241,0.174,3.51182347791803e-55,"4","SIRPG"
9.08874511151013e-60,0.576310357104063,0.138,0.088,8.18087036232138e-55,"4","SUGT1P3.1"
1.1864481350976e-59,0.56354675664075,0.163,0.109,1.0679338308827e-54,"4","CTSZ"
1.51445082397149e-59,0.611226709733726,0.159,0.106,1.36317233116498e-54,"4","IL12RB1"
2.82036149041611e-59,0.776903442738498,0.1,0.059,2.53863558113844e-54,"4","PDPR2P.1"
1.28778167598492e-58,0.729779670375847,0.103,0.062,1.15914516437079e-53,"4","ENSG00000285725"
1.51965281136978e-58,0.498633928862053,0.319,0.25,1.36785469204205e-53,"4","NUMB"
2.3412976307456e-58,0.665294273447516,0.105,0.063,2.10742541041042e-53,"4","RPL17P6"
2.48635983315535e-58,0.490704405603588,0.423,0.356,2.23799734942146e-53,"4","HIBCH"
3.03386496995371e-58,0.373790364373204,0.53,0.46,2.73081219810503e-53,"4","FTX"
6.56236473231578e-58,0.409010600409686,0.394,0.319,5.90685011920476e-53,"4","ADAM10"
1.56284820437975e-57,0.535674366905435,0.173,0.118,1.40673529724426e-52,"4","CD59"
1.75192123277827e-57,0.497773101242307,0.275,0.209,1.57692182083604e-52,"4","PHKB"
5.8339527798322e-57,0.383752495432305,0.509,0.441,5.25119923665476e-52,"4","TCF12"
6.58747266767767e-57,0.544276437871962,0.169,0.115,5.92945002290334e-52,"4","KDSR"
2.93497225429557e-56,0.644521962464426,0.107,0.065,2.64179787581398e-51,"4","NARS1"
1.10413632656822e-55,0.768998652872789,0.103,0.063,9.93844148907321e-51,"4","RAPH1"
2.43898559962538e-55,0.581583128683066,0.229,0.169,2.1953553280788e-50,"4","GPR155"
4.73371178225085e-55,0.534181968390173,0.249,0.187,4.26086131232182e-50,"4","HPRT1"
6.33930596597209e-55,0.438171982818305,0.459,0.396,5.70607269303114e-50,"4","TXN"
1.08537702624421e-54,0.656690479309641,0.109,0.068,9.76958715092675e-50,"4","ENSG00000261448"
1.23099080547911e-54,0.845589831331423,0.1,0.061,1.1080271339198e-49,"4","ENSG00000289017"
1.4240264138129e-54,0.643880466806939,0.22,0.162,1.28178041533713e-49,"4","RAB9A"
2.94869717549866e-54,0.521911075346252,0.193,0.137,2.6541518146381e-49,"4","CTSA"
5.00173520928263e-54,0.803501369700935,0.18,0.129,4.50211187922739e-49,"4","DGKE"
1.71837365779843e-53,0.435613434219398,0.259,0.195,1.54672531312094e-48,"4","AP4B1-AS1"
2.18664660018707e-53,0.432976382810246,0.346,0.277,1.96822247129439e-48,"4","ARPP19"
2.50731080504657e-53,0.391269847738404,0.564,0.502,2.25685552873047e-48,"4","PICALM"
3.3584836030325e-53,0.639792642162209,0.14,0.093,3.02300467592559e-48,"4","INPP1"
1.05531888071363e-52,0.407996601755117,0.305,0.236,9.49903077719148e-48,"4","APLP2"
1.42110517372485e-52,0.699290493759958,0.108,0.067,1.27915097792148e-47,"4","NEDD4"
4.39833403949132e-52,0.628419427529691,0.102,0.063,3.95898445228653e-47,"4","LINC03006"
5.52650910878044e-52,0.659518482370435,0.202,0.147,4.97446611390436e-47,"4","OTUD5"
1.04784767742631e-51,0.508466925152537,0.239,0.179,9.43178172928194e-47,"4","MOSMO"
2.2767958225267e-51,0.686233191116016,0.112,0.071,2.0493666878145e-46,"4","SPRED2"
3.29733190194287e-51,0.662480625177165,0.116,0.074,2.9679614182578e-46,"4","ISOC1"
4.34064711731052e-51,0.398146920295089,0.238,0.176,3.90705987676237e-46,"4","FAM66A"
7.66434056281834e-51,0.425032393367817,0.632,0.571,6.89874958399842e-46,"4","TANK"
4.17378614294898e-50,0.61014089324015,0.131,0.087,3.7568666451298e-45,"4","PEBP1P3"
4.40035085706669e-50,0.68767258350516,0.16,0.112,3.9607998099543e-45,"4","SEC24A"
7.20028870058833e-50,0.291363542352467,0.491,0.42,6.48105186228657e-45,"4","GALM"
1.0184359574646e-49,0.594032671594671,0.164,0.114,9.16704389673458e-45,"4","CENPM"
1.3737350995343e-49,0.775868070298831,0.119,0.078,1.23651270044182e-44,"4","ANKRD33B"
1.83536061597852e-49,0.582463568211769,0.189,0.136,1.65202644404843e-44,"4","KSR1"
2.11895460598512e-49,0.496467441080276,0.184,0.131,1.90729223039327e-44,"4","SGTB"
3.80202906834209e-49,0.433951005229611,0.414,0.348,3.4222443847054e-44,"4","RANBP9"
9.02971409851377e-49,0.758427988384411,0.106,0.067,8.12773595721323e-44,"4","CKMT2-AS1"
4.92353063255947e-48,0.572522540652669,0.198,0.146,4.43171915767311e-43,"4","SYNJ2"
5.34244682632948e-48,0.543356407389601,0.203,0.15,4.80878981284743e-43,"4","PGAP1"
6.05618753369197e-48,0.615585401947381,0.199,0.148,5.45123496095148e-43,"4","ESR2"
1.12536511304132e-47,0.474272113064673,0.255,0.196,1.01295239189962e-42,"4","LAPTM4A"
1.85609146839595e-47,0.535656826081345,0.276,0.216,1.67068649161788e-42,"4","ABHD18"
2.23598308962345e-47,0.570854021070597,0.132,0.089,2.01263073880097e-42,"4","ZDBF2"
2.57951757336717e-47,0.577730902049023,0.208,0.155,2.32184956296353e-42,"4","GRAMD1A"
2.61255857453829e-47,0.711651156901345,0.163,0.116,2.35159009852766e-42,"4","BCL2L1"
2.84528042941617e-47,0.648793235402729,0.119,0.078,2.56106536732179e-42,"4","DCP1B"
3.46839247465117e-47,0.473941716704219,0.353,0.291,3.12193475035827e-42,"4","DDHD1"
3.66676766289989e-47,0.386856654982555,0.357,0.291,3.30049424105282e-42,"4","ICAM3"
5.42286739255544e-47,0.541234856372009,0.127,0.085,4.88117716871308e-42,"4","RPL13P12"
1.08370187576674e-46,0.573210644238585,0.108,0.069,9.75450895396402e-42,"4","DTX2P1-UPK3BP1-PMS2P11"
1.13245303703197e-46,0.360227587608245,0.382,0.316,1.01933230316284e-41,"4","BTG3"
1.7298496755144e-46,0.423151709544346,0.403,0.341,1.55705499142727e-41,"4","CTNNB1"
1.91144942999635e-46,0.584553243139375,0.123,0.081,1.72051474643401e-41,"4","RABGEF1P1.1"
2.08202159528641e-46,0.68521298055016,0.101,0.064,1.87404845813325e-41,"4","ACTR3C"
2.15428660897378e-46,0.358049373886018,0.369,0.302,1.93909491960339e-41,"4","PPM1G"
2.1988930571165e-46,0.672414609318232,0.103,0.065,1.97924562964113e-41,"4","LACTB"
2.24787745339513e-46,0.685615799529579,0.104,0.066,2.02333697457549e-41,"4","BLM"
3.6778676682986e-46,0.548823384897261,0.14,0.096,3.31048546691225e-41,"4","ENSG00000299264"
7.28276277911515e-46,0.413536693021535,0.456,0.395,6.55528760510933e-41,"4","ABI1"
8.45960072809363e-46,0.316420826715149,0.558,0.499,7.61457121136436e-41,"4","CFLAR"
9.59131429138848e-46,0.663933634882055,0.124,0.083,8.63323790682168e-41,"4","ARHGAP15-AS1"
1.45976652270645e-45,0.480617883214951,0.232,0.177,1.3139504447533e-40,"4","GABPB1"
2.13331127189611e-45,0.435943788808978,0.167,0.118,1.92021480894641e-40,"4","LINC03009"
2.37243317031437e-45,0.620496554185226,0.105,0.067,2.13545082093167e-40,"4","MARS1"
3.56584174823864e-45,0.364345333997827,0.205,0.15,3.20964981600708e-40,"4","NFE2L3"
6.58141269746002e-45,0.522336236345798,0.123,0.082,5.92399538311074e-40,"4","RPS15P4"
1.08811440335756e-44,0.44200323840388,0.303,0.241,9.79422655606172e-40,"4","SNAP23"
1.33202296141719e-44,0.308294147715788,0.573,0.513,1.19896718780122e-39,"4","VMP1"
1.45581673261934e-44,0.642903191083497,0.105,0.068,1.31039519919799e-39,"4","ENSG00000301902"
2.64444188706947e-44,0.579663777645147,0.125,0.084,2.3802885869701e-39,"4","BCL3"
2.75406950308371e-44,0.724459661434769,0.108,0.071,2.47896550042068e-39,"4","STXBP4"
4.92082692785582e-44,0.332926495713619,0.455,0.394,4.4292855260323e-39,"4","TMEM258"
7.66609816094745e-44,0.452359809933987,0.2,0.147,6.90033161565041e-39,"4","CCDC167"
9.32246987754357e-44,0.383406997252757,0.361,0.299,8.39124836147574e-39,"4","LUZP1"
9.53730674380858e-44,0.595003456616179,0.102,0.066,8.58462517316954e-39,"4","CENATAC"
1.32309036828403e-43,0.456816561131761,0.256,0.199,1.19092687139614e-38,"4","ANKH"
1.62142396614588e-43,0.342928090836835,0.201,0.147,1.45945992616757e-38,"4","ENSG00000291073"
2.41507028499359e-43,0.297954973216044,0.527,0.469,2.17382891422558e-38,"4","LCK"
2.62615214124326e-43,0.279615355867689,0.663,0.608,2.36382580385447e-38,"4","SH3KBP1"
2.69532383314546e-43,0.324921134372038,0.462,0.401,2.42608793545256e-38,"4","HERPUD1"
9.04320650002775e-43,0.597435437410686,0.143,0.1,8.13988060273998e-38,"4","TMTC2"
1.39778445508519e-42,0.616319060262614,0.129,0.088,1.25815976586673e-37,"4","FBH1"
1.6407798845185e-42,0.541738694497848,0.102,0.065,1.47688238185395e-37,"4","MYL6B"
2.75366450411664e-42,0.573264914053289,0.34,0.287,2.47860095680043e-37,"4","JMY"
2.89447006211144e-42,0.434693435782001,0.221,0.168,2.60534144760713e-37,"4","MAP2K3"
3.6697705527358e-42,0.582482790576642,0.12,0.081,3.30319717222302e-37,"4","CASP4LP.1"
9.52679995073198e-42,0.421573534076711,0.334,0.274,8.57516790365336e-37,"4","ERC1"
9.86281914408101e-42,0.707743077935253,0.101,0.066,8.87762213977876e-37,"4","SYNE3"
1.12905725621317e-41,0.722752904781513,0.111,0.074,1.01627572689004e-36,"4","SKAP1-AS1"
1.25650928722033e-41,0.55809961078444,0.14,0.097,1.13099657451989e-36,"4","AP1S2"
3.09846008331874e-41,0.591116507621981,0.122,0.083,2.78895490559603e-36,"4","CD320"
8.05916297542049e-41,0.500641349026278,0.221,0.17,7.25413318580574e-36,"4","RAB30"
1.02467224589409e-40,0.434497923021816,0.267,0.212,9.22317735251734e-36,"4","CSK"
1.06962866588136e-40,0.564795003534724,0.108,0.072,9.62783458446468e-36,"4","EP300-AS1"
1.41017792012293e-40,0.47958498348368,0.167,0.121,1.26931524768185e-35,"4","MCCC2"
3.77873689580791e-40,0.426729501712866,0.232,0.179,3.40127886728566e-35,"4","CD5"
5.45312677021459e-40,0.536045235387407,0.117,0.079,4.90841393713785e-35,"4","ASB2"
1.11126521371679e-39,0.50676559099453,0.167,0.122,1.00026093151862e-34,"4","NPC2"
2.17692749961997e-39,0.490418158171254,0.186,0.138,1.95947421168293e-34,"4","YPEL2"
3.1854566453481e-39,0.562115977280408,0.112,0.075,2.86726138104428e-34,"4","ENSG00000294153"
6.0978428538056e-39,0.448018866485578,0.2,0.151,5.48872933113896e-34,"4","CTNNA1"
6.93164750626817e-39,0.453246715615149,0.26,0.206,6.23924523686705e-34,"4","ATXN7L1"
7.80409960194468e-39,0.381756745062305,0.404,0.344,7.02454809270642e-34,"4","CDK6"
7.86264363853231e-39,0.441920535395088,0.124,0.085,7.07724416547932e-34,"4","RPS6KC1"
1.10922459336166e-38,0.328447372274762,0.352,0.29,9.98424148730767e-34,"4","ITFG1"
2.42343068269099e-38,0.535036730441552,0.25,0.199,2.18135419179698e-33,"4","NUP58"
2.5226145639085e-38,0.56930530393363,0.108,0.073,2.27063059511968e-33,"4","PLEKHG2"
2.90732992996659e-38,0.345423925832858,0.386,0.327,2.61691674326223e-33,"4","PHF21A"
3.38798451879167e-38,0.514506305565741,0.164,0.12,3.04955874520957e-33,"4","NFKB2"
4.23579702355892e-38,0.493313166732602,0.172,0.127,3.81268325887562e-33,"4","TACC3"
7.51107473666143e-38,0.593689984789898,0.163,0.121,6.76079348121632e-33,"4","MBOAT7"
4.45041196994558e-37,0.56258417948231,0.181,0.137,4.00586031826772e-32,"4","CD70"
4.91208336397944e-37,0.483912908097415,0.113,0.077,4.42141535675153e-32,"4","TARS1"
9.92901227913204e-37,0.395140830812608,0.209,0.159,8.93720324256954e-32,"4","WHRN"
1.24275199434586e-36,0.557395051091079,0.127,0.089,1.11861349763065e-31,"4","IKBKE"
1.49238164437121e-36,0.422697787322327,0.229,0.179,1.34330764191497e-31,"4","RHOC"
1.49744588196928e-36,0.332833401045513,0.23,0.178,1.34786601281937e-31,"4","NAB1"
1.80380961401454e-36,0.31528873807199,0.629,0.583,1.62362707167062e-31,"4","APBB1IP"
1.95587192093527e-36,0.29096197235031,0.374,0.312,1.76049987475305e-31,"4","VOPP1"
2.09010646006431e-36,0.35679382151424,0.423,0.37,1.88132572576848e-31,"4","UBR5"
2.09073854018487e-36,0.313504472124638,0.464,0.405,1.8818946674058e-31,"4","RASGRP1"
2.9521158707986e-36,0.269591411975315,0.519,0.467,2.65722901646453e-31,"4","COX6A1"
3.38756491339574e-36,0.477515380791344,0.113,0.077,3.04918105419664e-31,"4","TXLNGY.1"
5.0947352770107e-36,0.379576882771176,0.127,0.089,4.5858221701901e-31,"4","LINC02964"
5.54553214862554e-36,0.311111020176151,0.475,0.421,4.99158894229933e-31,"4","CDKAL1"
7.58507994785287e-36,0.387573625964321,0.285,0.231,6.82740631186185e-31,"4","KDM5B"
9.0545776562877e-36,0.30926869656355,0.361,0.303,8.15011589420112e-31,"4","LMBRD1"
1.03332114678992e-35,0.451616411630566,0.189,0.143,9.30102697437075e-31,"4","NSF"
1.04478172312344e-35,0.452616680608238,0.197,0.15,9.40418476800636e-31,"4","ASCC1"
1.07050788064226e-35,0.572257453653565,0.11,0.075,9.63574848444904e-31,"4","MBIP"
1.28430035724133e-35,0.522742037603744,0.1,0.067,1.1560115945565e-30,"4","RPL29P4"
1.48581006760299e-35,0.524768094066502,0.11,0.075,1.33739249995013e-30,"4","CDIP1"
1.98963401788645e-35,0.34926782139997,0.15,0.108,1.79088947583978e-30,"4","ENSG00000268027"
3.10286050513562e-35,0.40643727277173,0.223,0.174,2.79291576927763e-30,"4","SAR1B"
3.77438246639296e-35,0.456528917081792,0.256,0.206,3.39735940182496e-30,"4","DTNB"
8.52134393336031e-35,0.363613438193682,0.227,0.177,7.67014688785695e-30,"4","CERK"
9.233757294666e-35,0.534370821850916,0.13,0.093,8.31139727850181e-30,"4","NF2"
1.07882875685879e-34,0.551400899033175,0.1,0.067,9.71064552336162e-30,"4","ENSG00000294598"
1.65218229734977e-34,0.469899073434301,0.212,0.165,1.4871458076675e-29,"4","TDRD3"
1.69216303083298e-34,0.364197097513824,0.44,0.385,1.52313286568307e-29,"4","AFF1"
1.91015652903448e-34,0.400210970002065,0.204,0.157,1.71935099334923e-29,"4","ENSG00000287555"
2.34308797922936e-34,0.644237190029351,0.152,0.113,2.10903692098414e-29,"4","CLDN4"
2.60772594493523e-34,0.341453882639762,0.183,0.137,2.34724020029565e-29,"4","H4C3"
2.99776449999632e-34,0.328709419603454,0.572,0.519,2.69831780409169e-29,"4","PACS1"
3.52805718973077e-34,0.500140556117412,0.191,0.147,3.17563955704857e-29,"4","NSUN6"
4.04006919467052e-34,0.432990132463432,0.226,0.177,3.63650668281488e-29,"4","NMT2"
5.49835388652331e-34,0.339124445925519,0.258,0.204,4.9491233167985e-29,"4","NDUFC1"
6.98127389718727e-34,0.480548390860805,0.178,0.135,6.28391444759724e-29,"4","LINC01588"
8.17654056916957e-34,0.324497409427531,0.13,0.092,7.35978593171522e-29,"4","CARS1"
1.17601963966317e-33,0.498131883281256,0.174,0.132,1.05854703785722e-28,"4","PRPF39"
1.4872270921122e-33,0.417200941402964,0.211,0.164,1.33866797788111e-28,"4","CISD2"
1.75785559439378e-33,0.321781254199819,0.345,0.288,1.58226339906979e-28,"4","MRPL33"
1.9212670908601e-33,0.282891168464704,0.56,0.507,1.72935172115409e-28,"4","SEPTIN6"
2.74905229355799e-33,0.433326046466531,0.466,0.427,2.47444945995448e-28,"4","TRBC1"
2.76884705552238e-33,0.60386197510017,0.159,0.12,2.49226692314625e-28,"4","RMC1"
6.59386194521697e-33,0.471461618075677,0.137,0.099,5.93520107550925e-28,"4","ENSG00000300654"
8.54671231505903e-33,0.254672870313799,0.379,0.32,7.69298122190778e-28,"4","TRAF1"
1.0980096302075e-32,0.302503572773646,0.149,0.108,9.88329448246075e-28,"4","ARK2N"
1.45801884225632e-32,0.315571419948782,0.28,0.227,1.31237734010333e-27,"4","ANXA7"
2.78999371132944e-32,0.257998130445332,0.497,0.448,2.51130123950474e-27,"4","SERPINB9"
3.01130069229748e-32,0.425443522050186,0.112,0.078,2.71050186614388e-27,"4","SVBP"
3.05714606974608e-32,0.37812623247041,0.176,0.134,2.75176774883914e-27,"4","GADD45G"
3.39888179305356e-32,0.397249020983702,0.307,0.255,3.05936749074544e-27,"4","GATA3"
3.50316071514638e-32,0.42652031911842,0.231,0.184,3.15322999131041e-27,"4","IL4R"
3.73206429504549e-32,0.42562983300892,0.19,0.146,3.3592683926134e-27,"4","TPK1"
4.00943697179828e-32,0.375789336141355,0.281,0.231,3.60893431268535e-27,"4","RANBP1"
5.43653878431425e-32,0.306343707624907,0.407,0.351,4.8934829251491e-27,"4","BABAM2"
7.64357942079733e-32,0.263112758479537,0.497,0.446,6.88006227245388e-27,"4","WSB1"
8.18491327216486e-32,0.294967335540944,0.785,0.798,7.36732228540831e-27,"4","PFN1"
8.73850395093325e-32,0.453597999387766,0.118,0.083,7.86561479127453e-27,"4","ZBTB24"
1.79141833319539e-31,0.450681540235571,0.137,0.1,1.6124735558925e-26,"4","ICAM2"
2.90878393250099e-31,0.462676803691781,0.153,0.114,2.61822550548347e-26,"4","CEP135"
4.75168474893796e-31,0.443991096377811,0.179,0.137,4.27703895936654e-26,"4","RBKS"
6.25006415967679e-31,0.301159393537614,0.45,0.394,5.62574525076668e-26,"4","MDFIC"
8.60640970166599e-31,0.495147110462528,0.201,0.158,7.74671543656657e-26,"4","LAX1"
9.78532496705788e-31,0.491266548698934,0.176,0.135,8.80786885609847e-26,"4","MIATNB"
1.07622864522749e-30,0.556579664457137,0.1,0.069,9.68724165855716e-26,"4","MRPL23"
1.24023652206821e-30,0.652729262700139,0.248,0.205,1.11634929587882e-25,"4","WAKMAR2"
1.33301625838423e-30,0.400962750355271,0.263,0.216,1.19986126433423e-25,"4","TRIM14"
1.3983763407585e-30,0.425316270668359,0.258,0.211,1.25869252808014e-25,"4","IFI6"
1.72212684510096e-30,0.535039085069321,0.116,0.083,1.55010359454382e-25,"4","ACTA2"
1.90493337741776e-30,0.317089228757167,0.512,0.469,1.7146495823475e-25,"4","IL2RG"
1.92643335997818e-30,0.438967948458275,0.113,0.08,1.73400193164996e-25,"4","ENSG00000302067"
2.00319716921428e-30,0.619726246348941,0.1,0.07,1.80309780398147e-25,"4","PLEKHM3"
3.14050743168752e-30,0.468948727888994,0.161,0.122,2.82680214433625e-25,"4","ARHGAP12"
8.66841017878438e-30,0.330653033474965,0.247,0.199,7.80252268602561e-25,"4","CD82"
8.97663903523804e-30,0.367708944409339,0.31,0.262,8.07996256200812e-25,"4","P2RY10"
1.02609312426936e-29,0.291544636492904,0.21,0.164,9.23596682086098e-25,"4","CTSB"
2.08481788376492e-29,0.333419714362337,0.349,0.299,1.87656542535564e-24,"4","COX5A"
2.1725336189637e-29,0.33626297354396,0.216,0.171,1.95551923576542e-24,"4","SIT1"
2.37334028088855e-29,0.267605727867327,0.314,0.26,2.13626732023059e-24,"4","FARS2"
2.41821966503283e-29,0.532065008061881,0.136,0.101,2.1766637026927e-24,"4","LRRC37B"
2.88059568909247e-29,0.555147794758725,0.145,0.109,2.59285298570903e-24,"4","CLNK"
1.37697867574748e-28,0.450395892753244,0.123,0.09,1.23943227582706e-23,"4","DCTN6-DT"
2.86658831664275e-28,0.398277834182535,0.159,0.122,2.58024480969331e-23,"4","R3HDM4"
3.37850113311444e-28,0.473690419540456,0.224,0.182,3.04102265492764e-23,"4","TOR1AIP2"
4.62646615215386e-28,0.285373490915692,0.234,0.188,4.16432844821521e-23,"4","PMVK"
5.55804828409191e-28,0.302801170338027,0.264,0.215,5.00285484099396e-23,"4","TMED9"
6.68462423230457e-28,0.314509532378442,0.188,0.146,6.01689711773966e-23,"4","RNF187"
1.23109621156512e-27,0.464084583250981,0.141,0.106,1.10812201099188e-22,"4","ZDHHC18"
1.53359401815143e-27,0.330009966957109,0.374,0.327,1.38040331167829e-22,"4","EIF3J"
2.79387884063902e-27,0.295342203820603,0.13,0.096,2.51479828324759e-22,"4","AFG2A"
2.82822310540302e-27,0.4175103725243,0.276,0.232,2.54571189940431e-22,"4","LRRFIP2"
3.45728583069982e-27,0.440582301521713,0.196,0.155,3.11193754907121e-22,"4","AK3"
6.49825229560139e-27,0.32047917964316,0.113,0.081,5.84914187379377e-22,"4","H2AC25"
7.56112013757904e-27,0.317954841421412,0.171,0.132,6.80583984703627e-22,"4","BRD10"
1.81683779911496e-26,0.290921913719533,0.498,0.452,1.63535387136137e-21,"4","VPS13C"
5.99632080503758e-26,0.534747105272653,0.12,0.089,5.39734831982238e-21,"4","LIMK2"
6.61185589295887e-26,0.348544960066883,0.12,0.088,5.95139760781121e-21,"4","ENSG00000293320"
6.90351385918088e-26,0.307839537892339,0.161,0.124,6.2139218597873e-21,"4","ACADVL"
7.35839085822568e-26,0.321613907410177,0.313,0.265,6.62336119539751e-21,"4","RCAN3"
2.97087320881028e-25,0.524399445975611,0.116,0.086,2.67411268398222e-20,"4","SATB1-AS1"
2.2533485026384e-24,0.333385194478077,0.227,0.185,2.02826152070985e-19,"4","HADHB"
2.83517560985554e-24,0.279914705215675,0.187,0.147,2.55196991818707e-19,"4","GCHFR"
3.53990007209075e-24,0.328252626528549,0.198,0.158,3.1862994538896e-19,"4","STAMBPL1"
3.55533132113776e-24,0.273646034215055,0.438,0.393,3.20018927546931e-19,"4","CAMK2D"
4.60478837312681e-24,0.433640649226021,0.263,0.222,4.14481606253517e-19,"4","ACSL4"
6.47400030981563e-24,0.551503282569577,0.109,0.08,5.82731241886815e-19,"4","SCAP"
7.52422577305996e-24,0.382492837056966,0.149,0.115,6.772630860589e-19,"4","VMA21"
7.64415664009039e-24,0.360541275321017,0.307,0.262,6.88058183331176e-19,"4","KDM2B"
7.72726897427868e-24,0.28960339936619,0.165,0.129,6.95539207643798e-19,"4","ENSG00000291046"
1.24159136856102e-23,0.387799082244945,0.149,0.116,1.11756880675546e-18,"4","HERC5"
1.78547331294863e-23,0.269305461301979,0.336,0.289,1.60712238371819e-18,"4","LGALS3"
5.0409325713802e-23,0.389897808580528,0.108,0.079,4.53739381682503e-18,"4","ENSG00000289100"
6.37630589432067e-23,0.350464238479944,0.116,0.086,5.73937669853697e-18,"4","LEPROT"
8.40388168948981e-23,0.343192409967422,0.322,0.278,7.56441794752667e-18,"4","CAPZA2"
9.93197984154972e-23,0.279287465742475,0.276,0.231,8.93987437517732e-18,"4","GALNT10"
1.04004213906311e-22,0.334225830645633,0.178,0.142,9.36152329792098e-18,"4","MSL3"
1.20211797879003e-22,0.495759624453577,0.117,0.088,1.08203841388869e-17,"4","SETD1B"
1.37537013046185e-22,0.402279304038384,0.126,0.095,1.23798440813001e-17,"4","SLC25A38"
2.5086170254845e-22,0.279585403767545,0.229,0.188,2.25803127080885e-17,"4","ELK3"
3.02217308992813e-22,0.308394187070273,0.173,0.137,2.72028821997521e-17,"4","REXO2"
3.33349997568119e-22,0.3475614528075,0.336,0.295,3.0005166631104e-17,"4","CSGALNACT2"
3.72237244913757e-22,0.297650924628221,0.347,0.302,3.35054466519322e-17,"4","PET100"
4.93647254566905e-22,0.363196983263253,0.198,0.161,4.44336830308217e-17,"4","GOLGA8B"
1.2049703949872e-21,0.284904427859181,0.344,0.3,1.08460590223193e-16,"4","SCAND1"
1.38880152985343e-21,0.537305746642842,0.134,0.104,1.25007414503637e-16,"4","PARD6G"
1.9289744746483e-21,0.4477093288782,0.146,0.115,1.73628921437568e-16,"4","WDR74"
1.93158707298766e-21,0.252398580587615,0.436,0.391,1.73864084026693e-16,"4","GRB2"
2.09569800039395e-21,0.292268714826999,0.349,0.307,1.8863587271346e-16,"4","PGAM1"
4.15258122008826e-21,0.376580109783998,0.219,0.182,3.73777988201365e-16,"4","FAM222B"
5.06469722836159e-21,0.301292981913827,0.15,0.117,4.55878462222055e-16,"4","GRK6"
7.08095191781377e-21,0.445177667173294,0.353,0.31,6.37363563074335e-16,"4","NSMCE2"
8.81637223465198e-21,0.292895613840513,0.467,0.43,7.9357048121326e-16,"4","ZMYM2"
8.94823790711814e-21,0.273749434598754,0.183,0.147,8.05439842257611e-16,"4","LRRC8B"
9.07700224108609e-21,0.294368875100623,0.246,0.205,8.170300487224e-16,"4","MRPL52"
1.01674005445747e-20,0.336040570513948,0.126,0.097,9.1517789041771e-16,"4","MTATP6P1"
1.29548238765832e-20,0.354029272122419,0.121,0.093,1.16607665195513e-15,"4","OXA1L"
1.58136884767965e-20,0.355991207600409,0.167,0.134,1.42340591348493e-15,"4","SBNO2"
1.93769604763242e-20,0.39329048151152,0.182,0.148,1.74413958943442e-15,"4","TET3"
1.96255060061549e-20,0.312387337077992,0.153,0.121,1.76651142112001e-15,"4","DESI1"
2.46688154057729e-20,0.268258800839438,0.356,0.314,2.22046474348902e-15,"4","RFX7"
6.60667052677086e-20,0.300643875171781,0.257,0.218,5.94673020785172e-15,"4","PBX3"
9.34008892240102e-20,0.270884408081449,0.123,0.094,8.40710743994238e-15,"4","ENSG00000250362"
9.77070201934049e-20,0.406367817526236,0.268,0.232,8.79470659462857e-15,"4","TMEM245"
1.04400362255919e-19,0.388190917288979,0.266,0.229,9.39718100701753e-15,"4","TNPO3"
1.14468631583491e-19,0.336428100785098,0.229,0.193,1.03034359974616e-14,"4","KCTD20"
2.13558676250148e-19,0.263192765102711,0.215,0.178,1.9222630007952e-14,"4","TXNDC17"
2.20372719495208e-19,0.33307172642066,0.318,0.281,1.98359688544832e-14,"4","CRLF3"
2.27560539107999e-19,0.312358994072722,0.15,0.119,2.04829516856501e-14,"4","PAPSS1"
2.66563819677417e-19,0.331326378472607,0.13,0.101,2.39936759729839e-14,"4","DMAC1"
5.71583340266924e-19,0.343029154370158,0.171,0.139,5.14487880407661e-14,"4","DDB2"
5.93624185421023e-19,0.297164707438815,0.192,0.157,5.34327065539317e-14,"4","SNX5"
6.80885841125631e-19,0.25416064582604,0.251,0.212,6.12872154455592e-14,"4","TNFRSF14"
6.87503345121581e-19,0.287325274360452,0.274,0.235,6.18828635977386e-14,"4","UGCG"
7.97254109080169e-19,0.302364116160634,0.25,0.212,7.17616396124151e-14,"4","DUSP10"
8.63078040873079e-19,0.2903342284028,0.203,0.168,7.76865175370267e-14,"4","MAPK6"
1.11592117902427e-18,0.358917804183875,0.239,0.204,1.00445181245154e-13,"4","CPEB4"
1.13034248241852e-18,0.320893430565319,0.145,0.115,1.01743257184974e-13,"4","RTCB"
1.18397160717576e-18,0.524297898357654,0.106,0.081,1.06570468333497e-13,"4","KIF9-AS1"
1.40592451747272e-18,0.333648846127931,0.195,0.162,1.26548671742237e-13,"4","CEP128"
1.60307603649537e-18,0.294088109132858,0.168,0.136,1.44294477120985e-13,"4","MVP"
1.65995301696226e-18,0.290492136731289,0.15,0.119,1.4941403100979e-13,"4","PRDX3"
1.79637756249233e-18,0.319218754305514,0.29,0.253,1.61693740777498e-13,"4","TBC1D15"
1.84404548665996e-18,0.298558356338977,0.315,0.277,1.65984378299749e-13,"4","SH2D2A"
2.02535982129536e-18,0.287835697198641,0.207,0.172,1.82304662874617e-13,"4","GOLGA8A"
3.71127371560543e-18,0.25309806683911,0.161,0.129,3.3405545841536e-13,"4","COMMD3"
3.94573116710346e-18,0.357975194069492,0.178,0.146,3.5515920808215e-13,"4","LMTK2"
5.23720681014867e-18,0.3434066485002,0.163,0.132,4.71406222188292e-13,"4","SATB1"
5.29875901332518e-18,0.423740151208933,0.28,0.246,4.76946597548413e-13,"4","OXSR1"
7.34635102875936e-18,0.485588007424021,0.114,0.089,6.61252402449659e-13,"4","B3GNTL1"
9.36467745270209e-18,0.256172372641098,0.286,0.248,8.42923982195168e-13,"4","WWP1"
1.00627655956507e-17,0.29532583915249,0.127,0.098,9.05759594030114e-13,"4","EEIG1"
1.42311139057342e-17,0.450140455400399,0.146,0.119,1.28095679376904e-12,"4","FOXK1"
1.42904934347657e-17,0.352723288159046,0.12,0.094,1.2863016045567e-12,"4","CFAP20"
1.5011803600734e-17,0.529054536908812,0.106,0.082,1.35122745390567e-12,"4","RANBP10"
1.75739011794238e-17,0.326279761514674,0.215,0.182,1.58184441906111e-12,"4","MINDY2"
3.34706405628244e-17,0.279222279866878,0.135,0.107,3.01272582770039e-12,"4","PLGRKT"
3.38997517516833e-17,0.374024068228159,0.216,0.183,3.05135055492076e-12,"4","SLC7A6"
3.60987831190017e-17,0.382161480313722,0.109,0.084,3.24928756732447e-12,"4","DCPS"
4.38518383024467e-17,0.304236876346427,0.143,0.115,3.94714781744153e-12,"4","LINC00963"
5.22239132592279e-17,0.37101749832785,0.125,0.098,4.70072665637636e-12,"4","CREBL2"
6.36294206274928e-17,0.340835623229111,0.114,0.089,5.72734778010125e-12,"4","U2AF1L4"
6.68996099936371e-17,0.26045715711139,0.329,0.29,6.02170079513727e-12,"4","SMC4"
9.57295435009572e-17,0.278128507381003,0.481,0.447,8.61671194006466e-12,"4","UBE2K"
1.26749087726671e-16,0.284374767691835,0.254,0.219,1.14088121353653e-11,"4","PIM1"
1.34913881290484e-16,0.31264054798903,0.292,0.258,1.21437333688377e-11,"4","HOOK3"
1.48319369199078e-16,0.265220325794162,0.18,0.148,1.33503747409782e-11,"4","SNRPC"
1.62732630428054e-16,0.340197040679245,0.195,0.163,1.46477267974596e-11,"4","LRIG1"
1.82342279188704e-16,0.3611145206945,0.145,0.117,1.64128108920544e-11,"4","ABCB7"
2.37166843286977e-16,0.297717391897509,0.338,0.303,2.13476247311041e-11,"4","TUT7"
2.40917148622003e-16,0.317936863867357,0.16,0.131,2.16851934646151e-11,"4","LRP10"
2.72737731615254e-16,0.261812973990741,0.16,0.13,2.45493959604206e-11,"4","ARHGAP5"
3.73730771714886e-16,0.293576398727269,0.148,0.12,3.36398804928286e-11,"4","PFDN4"
4.69820612279915e-16,0.293581068345805,0.152,0.124,4.22890231319275e-11,"4","SUSD3"
5.01956900378352e-16,0.258684078610263,0.251,0.216,4.51816425599558e-11,"4","ZMYND8"
5.21674290187108e-16,0.264677939209626,0.304,0.268,4.69564245340318e-11,"4","HDAC4"
1.10166172902038e-15,0.254973717484339,0.161,0.132,9.91616738908538e-11,"4","ERGIC3"
1.292018590767e-15,0.289734528978212,0.104,0.08,1.16295885373528e-10,"4","ECI1"
1.2931599878512e-15,0.290240379710924,0.217,0.185,1.16398623666474e-10,"4","LINC00649"
1.61453385545883e-15,0.29583946795455,0.104,0.081,1.45325806863705e-10,"4","ENSG00000304336"
2.08248989457718e-15,0.396947532039654,0.205,0.175,1.87446997900787e-10,"4","EXOC6B"
2.15386384261338e-15,0.302609131929863,0.114,0.089,1.93871438337473e-10,"4","ACTR1B"
2.84716413765778e-15,0.290233567957911,0.105,0.082,2.56276091194715e-10,"4","FANCL"
3.25651099943069e-15,0.299827036843402,0.167,0.138,2.93121811569756e-10,"4","ANKRD36B"
5.10463315258776e-15,0.275189450726405,0.138,0.111,4.59473134697577e-10,"4","SKAP2"
5.21690761174335e-15,0.339998233399198,0.159,0.132,4.6957907104063e-10,"4","FYCO1"
5.91238650909087e-15,0.287716689478136,0.183,0.153,5.32179822069778e-10,"4","CHMP4B"
6.8491247766166e-15,0.479949227936477,0.101,0.079,6.16496570268037e-10,"4","EEF2K"
7.88774463452553e-15,0.278219131476568,0.182,0.152,7.09983782298277e-10,"4","FAM89B"
7.94649113613507e-15,0.457370064862844,0.133,0.108,7.15271613654654e-10,"4","STX7"
1.18820392071187e-14,0.26385792362583,0.142,0.116,1.06951423107196e-09,"4","CIAO2A"
1.69964242430352e-14,0.342026404598046,0.185,0.157,1.52986514253984e-09,"4","ECE1"
1.97646394175691e-14,0.488148876992156,0.113,0.091,1.77903495861481e-09,"4","INKA2"
2.2833322991264e-14,0.379957676661577,0.434,0.512,2.05525023576667e-09,"4","PDE4D"
2.94185761451873e-14,0.300160499324061,0.142,0.116,2.64799545740446e-09,"4","PHF19"
3.37656249557369e-14,0.354483469714148,0.249,0.219,3.03927766789083e-09,"4","TUBB"
3.89780339204061e-14,0.312911482108699,0.157,0.131,3.50845181120967e-09,"4","PDE12"
4.77239743015784e-14,0.289015586975228,0.151,0.124,4.29568265085938e-09,"4","AUP1"
7.26610872640434e-14,0.25199991434821,0.309,0.275,6.54029712572381e-09,"4","SPPL2A"
8.27956447857649e-14,0.328838917536934,0.103,0.081,7.45251878281148e-09,"4","MEI1"
8.36259686521006e-14,0.411003516496645,0.137,0.113,7.52725706434423e-09,"4","CERS4"
8.56246867440703e-14,0.290355317678907,0.123,0.099,7.70716367852051e-09,"4","HERC6"
9.96587667064323e-14,0.303592909143603,0.247,0.216,8.97038525001268e-09,"4","BMPR2"
1.18196656437998e-13,0.275839285341228,0.248,0.217,1.06389992426406e-08,"4","CCDC66"
1.18348917807989e-13,0.276014242449311,0.117,0.094,1.06527044408149e-08,"4","SHKBP1"
1.30693050309702e-13,0.361568704279112,0.101,0.08,1.17638121514266e-08,"4","XIST"
2.10052547253994e-13,0.309841597582948,0.197,0.168,1.89070398308793e-08,"4","PIK3CA"
2.55524194305249e-13,0.315956849136775,0.113,0.091,2.29999882536097e-08,"4","RANBP3"
3.39819024965617e-13,0.253744317310275,0.224,0.194,3.05874502561801e-08,"4","RBM23"
3.97547236126183e-13,0.262937878531542,0.211,0.182,3.57836242709539e-08,"4","CRIPT"
4.88957427754615e-13,0.311059047512207,0.175,0.148,4.40115470296207e-08,"4","TRAK2"
6.81329246309149e-13,0.320839179444522,0.112,0.09,6.13271267895328e-08,"4","NPIPB13"
7.39286720967315e-13,0.37867294590603,0.101,0.08,6.6543937040989e-08,"4","LINC02649"
1.03263324098104e-12,0.268360166337074,0.39,0.363,9.29483506539441e-08,"4","FNDC3A"
1.08493775470528e-12,0.385311601505292,0.119,0.097,9.76563322387766e-08,"4","TAB3"
1.18132947874048e-12,0.285978790648376,0.118,0.096,1.06332647710909e-07,"4","STK3"
3.97581850845521e-12,0.280358991951442,0.195,0.168,3.57867399764562e-07,"4","TMEM263"
4.77520157085169e-12,0.283675373580591,0.293,0.265,4.29820668593931e-07,"4","MORC3"
4.88578366498379e-12,0.284056445860681,0.172,0.146,4.39774273468856e-07,"4","MTERF4"
5.08526842374677e-12,0.285839431519063,0.435,0.41,4.5773009608987e-07,"4","LY6E"
5.86226677217793e-12,0.32909935893344,0.155,0.131,5.27668494430508e-07,"4","SLC44A2"
7.18299465629264e-12,0.268241868504321,0.206,0.179,6.46548532007557e-07,"4","BANP"
7.46576997351225e-12,0.261666108882824,0.162,0.137,6.72001421085811e-07,"4","TIFA"
9.079322170932e-12,0.308019339482292,0.101,0.082,8.1723886792776e-07,"4","TRAPPC13"
1.63907588808775e-11,0.291120790142481,0.147,0.124,1.47534859762666e-06,"4","ITGAV"
2.50482674400572e-11,0.268506808106645,0.194,0.168,2.25461960054699e-06,"4","MX1"
3.47362806805767e-11,0.277670217064681,0.134,0.112,3.12664736033939e-06,"4","ABI2"
5.61438643914125e-11,0.274898407749768,0.104,0.085,5.05356537773543e-06,"4","CMTM8"
5.85589122618587e-11,0.342504100329382,0.125,0.104,5.27094625160216e-06,"4","TTLL5"
5.91353811921154e-11,0.26657836408827,0.2,0.174,5.3228347964835e-06,"4","CLEC16A"
7.36991701188613e-11,0.253260274739627,0.132,0.11,6.63373600156882e-06,"4","NBEAL2"
1.05795079917653e-10,0.2679152072693,0.127,0.106,9.52272093846788e-06,"4","NAA25"
1.47919290018743e-10,0.450391002438095,0.12,0.1,1.33143632138771e-05,"4","SLC49A4"
1.61922361458488e-10,0.343280010063268,0.108,0.09,1.45747936772399e-05,"4","U2AF1"
1.94448854514382e-10,0.287105061091439,0.1,0.082,1.75025358436941e-05,"4","KXD1"
3.19068041395145e-10,0.319948984530301,0.105,0.087,2.87196334740184e-05,"4","GAN"
4.663349168262e-10,0.28523865197104,0.12,0.1,4.19752721984431e-05,"4","IFIH1"
5.15333575128972e-10,0.290355558233837,0.459,0.433,4.63856904309339e-05,"4","ISG15"
1.5145306535125e-09,0.266282505854059,0.252,0.227,0.000136324418653314,"4","ATXN2"
1.87429882974581e-09,0.290318842343158,0.187,0.164,0.00016870751196425,"4","TIMP1"
1.9517806723242e-09,0.341900746256312,0.104,0.086,0.000175681730096574,"4","CYP2R1"
1.99544434651344e-09,0.347085055601815,0.135,0.115,0.000179611941074021,"4","TOM1L2"
3.37113576252154e-09,0.290138759802014,0.118,0.1,0.000303439301120327,"4","NME1"
6.26630405789988e-09,0.266377586813278,0.102,0.085,0.000564036294555626,"4","PFKL"
6.92385028722722e-09,0.280862704126924,0.104,0.087,0.000623222688203609,"4","TRAF2"
1.29914326667545e-08,0.250359085902857,0.15,0.129,0.00116937184576724,"4","CXCR3"
2.14976253939679e-08,0.290441725587139,0.212,0.19,0.00193502275933645,"4","KIF1B"
1.74720227662819e-07,0.27507495233387,0.118,0.101,0.015726742412158,"4","TTF2"
4.26676300127767e-07,0.286336342447279,0.146,0.129,0.0384055604508004,"4","TANGO6"
6.80132674402715e-07,0.280043471705772,0.107,0.092,0.0612194221556628,"4","CHN1"
2.00537957103183e-06,0.29024849586524,0.117,0.103,0.180506220568146,"4","PKP4"
1.12585776025432e-05,0.523968207945102,0.238,0.225,1,"4","MDM2"
3.24928913717483e-05,0.314542134051289,0.152,0.138,1,"4","GLA"
3.83913887634437e-05,0.277176791941763,0.115,0.102,1,"4","TOGARAM1"
8.30708716198055e-05,0.260819856311042,0.102,0.09,1,"4","TRIM25"
0.0001168478244566,0.269013150153124,0.133,0.119,1,"4","MRPL21"
0.000594465425975966,0.250234054332015,0.1,0.09,1,"4","DPY19L1"
0.00251639214689269,0.257416018138712,0.117,0.108,1,"4","ERMP1"
0,2.85885458557965,0.855,0.174,0,"5","IKZF2"
0,1.47744374583294,0.944,0.281,0,"5","H3F3B"
0,2.00274376374715,0.914,0.257,0,"5","H3F3A"
0,4.49645605494315,0.661,0.055,0,"5","AL136456.1"
0,3.57895427388929,0.616,0.069,0,"5","RTKN2"
0,2.34195546605967,0.756,0.224,0,"5","TBC1D4"
0,1.38546957345658,0.831,0.31,0,"5","EEF1G"
0,1.92261585490843,0.691,0.178,0,"5","FAM49B"
0,3.32836641731415,0.557,0.051,0,"5","FOXP3"
0,2.21667380867179,0.751,0.248,0,"5","STAM"
0,2.04618964567124,0.669,0.176,0,"5","CAST"
0,1.94453211368974,0.659,0.166,0,"5","LINC01578"
0,1.27070347517992,0.859,0.37,0,"5","PFDN5"
0,2.69813007919819,0.615,0.137,0,"5","TNFRSF4"
0,1.51268613656898,0.735,0.263,0,"5","RNASEK"
0,1.96969670650058,0.831,0.366,0,"5","LTB"
0,2.13606783303796,0.606,0.141,0,"5","C9orf16"
0,1.96704030187701,0.69,0.231,0,"5","CTLA4"
0,2.29095110663921,0.651,0.197,0,"5","TNFRSF18"
0,1.91315968158963,0.675,0.224,0,"5","RAPGEF6"
0,1.76660868724651,0.796,0.349,0,"5","TIGIT"
0,1.65558748057266,0.61,0.164,0,"5","H2AFZ"
0,2.6134541623569,0.551,0.106,0,"5","IL2RA"
0,1.98498433802262,0.623,0.186,0,"5","PLCL1"
0,3.18204277677097,0.485,0.055,0,"5","MARCH3"
0,1.55705034226685,0.828,0.403,0,"5","PHACTR2"
0,1.75782758934836,0.797,0.377,0,"5","BATF"
0,2.8396826839746,0.495,0.08,0,"5","ICA1"
0,3.19913834616705,0.494,0.08,0,"5","LY75"
0,1.45660064799177,0.599,0.188,0,"5","SLC25A6"
0,1.73744940701074,0.758,0.35,0,"5","CARD16"
0,1.69766082174759,0.55,0.144,0,"5","ATP5MD"
0,1.33406935151122,0.696,0.292,0,"5","CDC42"
0,1.70164372161384,0.563,0.159,0,"5","FAM172A"
0,1.34367059504503,0.596,0.198,0,"5","NME2"
0,1.7458393973054,0.525,0.134,0,"5","H2AFV"
0,1.9063385639869,0.621,0.231,0,"5","LINC02694"
0,1.60296874115523,0.848,0.458,0,"5","FOXN3"
0,2.0887220914629,0.502,0.113,0,"5","MARCH7"
0,1.9855843884637,0.551,0.165,0,"5","IL12RB2"
0,1.80672025374447,0.602,0.216,0,"5","GPHN"
0,1.45431926016478,0.654,0.27,0,"5","CD27"
0,2.10507455664116,0.522,0.141,0,"5","IFNAR2"
0,1.99293140785172,0.501,0.124,0,"5","CD4"
0,1.42710908555492,0.683,0.318,0,"5","PHTF2"
0,1.25318358199336,0.753,0.388,0,"5","ICOS"
0,1.43518631623152,0.751,0.387,0,"5","GLCCI1"
0,1.40100538346982,0.638,0.274,0,"5","NDUFV2"
0,2.01187498445953,0.537,0.174,0,"5","DNPH1"
0,1.78968049135702,0.481,0.118,0,"5","ATP5MPL"
0,1.99720807364759,0.511,0.149,0,"5","GK"
0,1.17038921627188,0.628,0.266,0,"5","EIF4A1"
0,1.483119564712,0.575,0.214,0,"5","CD28"
0,1.76852190756348,0.493,0.132,0,"5","PRPF4B"
0,1.4764864350427,0.819,0.458,0,"5","DUSP16"
0,1.74984504687035,0.612,0.252,0,"5","BACH1"
0,4.13406391148293,0.387,0.027,0,"5","AC013652.1"
0,5.17214130132044,0.37,0.011,0,"5","AC093865.1"
0,1.64225074901968,0.494,0.137,0,"5","WDR83OS"
0,1.3493207605605,0.702,0.346,0,"5","EPSTI1"
0,1.81744284251811,0.48,0.128,0,"5","PSMA2"
0,1.81320971414921,0.469,0.118,0,"5","AP001011.1"
0,1.15386882181161,0.677,0.327,0,"5","SKP1"
0,1.23381176621154,0.605,0.255,0,"5","GABARAP"
0,1.98444047983118,0.456,0.108,0,"5","FAM214A"
0,1.86604131795098,0.462,0.115,0,"5","KIAA1109"
0,1.47376093005116,0.683,0.337,0,"5","UGP2"
0,2.18208584230064,0.452,0.106,0,"5","LAIR2"
0,1.8082177633579,0.56,0.215,0,"5","CORO1B"
0,1.75919919455449,0.634,0.289,0,"5","THADA"
0,1.45544742344738,0.524,0.18,0,"5","ANKHD1"
0,1.31375743655118,0.799,0.456,0,"5","CASK"
0,1.29965505821055,0.831,0.488,0,"5","SMAP2"
0,1.02963265129952,0.828,0.485,0,"5","MIF"
0,2.68770109947041,0.4,0.058,0,"5","IL1R1"
0,1.5961337973113,0.477,0.136,0,"5","TOMM6"
0,2.8778114577694,0.399,0.059,0,"5","AF165147.1"
0,1.35573041059179,0.694,0.354,0,"5","MIR4435-2HG"
0,1.67518744951159,0.679,0.343,0,"5","MALT1"
0,1.99095242135125,0.462,0.134,0,"5","LINC01943"
0,1.08343803105847,0.605,0.277,0,"5","MAF"
0,1.05851958893913,0.747,0.421,0,"5","SPOCK2"
0,1.39752649788466,0.596,0.271,0,"5","ZBTB38"
0,1.4602605332278,0.551,0.229,0,"5","CNST"
0,1.43444828085439,0.693,0.371,0,"5","TNFRSF1B"
0,1.75092452486167,0.503,0.185,0,"5","IPCEF1"
0,2.09755707591405,0.493,0.175,0,"5","CRADD"
0,1.16566303949332,0.721,0.403,0,"5","BIRC3"
0,1.2542883089523,0.743,0.426,0,"5","ARPC1B"
0,1.53897142295553,0.532,0.216,0,"5","ATP13A3"
0,1.52574159325583,0.511,0.195,0,"5","TULP4"
0,2.22039989743971,0.395,0.079,0,"5","ARNTL"
0,1.08456040941388,0.702,0.387,0,"5","PELI1"
0,1.55826983515288,0.456,0.143,0,"5","MRPS6"
0,1.56418219715677,0.72,0.407,0,"5","FOXP1"
0,1.58237730741457,0.432,0.119,0,"5","MARCH6"
0,1.73298822293352,0.475,0.164,0,"5","TNFRSF9"
0,1.78343046046279,0.478,0.167,0,"5","IL18R1"
0,2.08560088112556,0.419,0.109,0,"5","FAM53B"
0,2.23963376574734,0.389,0.079,0,"5","AC016831.7"
0,2.94714633539692,0.36,0.05,0,"5","AC008105.3"
0,1.16734295354041,0.696,0.387,0,"5","TSPAN5"
0,1.06890589444114,0.849,0.541,0,"5","LDLRAD4"
0,2.29714417613465,0.394,0.087,0,"5","LAYN"
0,1.89087301181921,0.403,0.096,0,"5","AC007384.1"
0,3.31863947509896,0.351,0.045,0,"5","AC104365.1"
0,3.44138254661264,0.337,0.032,0,"5","AC017002.5"
0,1.10498478569265,0.903,0.599,0,"5","ARID5B"
0,1.39983429665242,0.476,0.172,0,"5","UBE2V1"
0,1.3986665447123,0.476,0.173,0,"5","PSMA6"
0,1.11656809382534,0.639,0.338,0,"5","GBP5"
0,1.08570633448784,0.713,0.412,0,"5","TLK1"
0,1.04284675363368,0.767,0.469,0,"5","CYTOR"
0,3.74320899015955,0.319,0.021,0,"5","FANK1"
0,0.932944623899014,0.736,0.438,0,"5","BCL2"
0,2.09417179136125,0.376,0.078,0,"5","C4orf48"
0,1.19038149059349,0.566,0.268,0,"5","MAST4"
0,1.37724369466466,0.526,0.229,0,"5","ZC3H7A"
0,1.68429068891518,0.408,0.111,0,"5","AC079793.1"
0,2.59056735621711,0.359,0.063,0,"5","F5"
0,6.44879984043783,0.3,0.004,0,"5","AC104850.2"
0,1.72102391804905,0.402,0.107,0,"5","TRAPPC5"
0,1.13933950683766,0.735,0.44,0,"5","GBP2"
0,1.1627420338386,0.703,0.408,0,"5","TRAF3"
0,3.36488438444395,0.328,0.034,0,"5","COX10-AS1"
0,2.66323206065239,0.342,0.049,0,"5","TMEM173"
0,2.38078114229567,0.363,0.071,0,"5","AC009313.1"
0,3.20534257313122,0.326,0.035,0,"5","CCR6"
0,1.35155941621427,0.427,0.136,0,"5","ATP6V0C"
0,1.11333007824203,0.825,0.534,0,"5","FOXO1"
0,0.820050691651451,0.708,0.419,0,"5","SNX9"
0,1.89018690971155,0.372,0.083,0,"5","H2AFJ"
0,1.57474042117147,0.429,0.141,0,"5","PPP2CA"
0,1.95234946671561,0.374,0.086,0,"5","HIST1H1C"
0,0.995951397157566,0.729,0.441,0,"5","PAK2"
0,1.09580761797637,0.552,0.265,0,"5","GNG5"
0,1.41338119533051,0.559,0.272,0,"5","TYMP"
0,1.30157006175525,0.539,0.253,0,"5","SAMHD1"
0,1.84148254515961,0.477,0.192,0,"5","GADD45A"
0,1.13358741351215,0.59,0.305,0,"5","ZNRF2"
0,1.12526362111284,0.572,0.289,0,"5","PBXIP1"
0,1.69862289284242,0.404,0.122,0,"5","RBM27"
0,1.82585933841955,0.389,0.107,0,"5","C17orf49"
0,1.22869762176509,0.744,0.462,0,"5","SMYD3"
0,1.54696988471528,0.456,0.175,0,"5","SLAMF1"
0,1.68202696080596,0.444,0.164,0,"5","GCNT1"
0,1.10668648769917,0.607,0.328,0,"5","NCK2"
0,1.58492833154288,0.385,0.107,0,"5","H1FX"
0,1.15110314856563,0.706,0.428,0,"5","CTSC"
0,1.61581647403463,0.4,0.123,0,"5","LAT"
0,1.41549166474525,0.415,0.138,0,"5","SELL"
0,3.70949094763893,0.304,0.027,0,"5","LINC02099"
0,1.3937951050433,0.449,0.173,0,"5","ZC3H12D"
0,1.08313044965132,0.562,0.287,0,"5","PPM1G"
0,1.89300552010486,0.382,0.107,0,"5","HTATIP2"
0,1.13532731996545,0.598,0.323,0,"5","CALM3"
0,1.50271022367007,0.449,0.175,0,"5","GLRX"
0,1.28840010397254,0.438,0.164,0,"5","FAAH2"
0,1.1621944582015,0.495,0.222,0,"5","TIAM1"
0,1.50721318066315,0.436,0.165,0,"5","SLC12A6"
0,0.938479899393911,0.669,0.399,0,"5","NCOA3"
0,0.90724892825784,0.695,0.425,0,"5","RIPOR2"
0,1.01493241212195,0.569,0.299,0,"5","CHURC1"
0,0.898562375218517,0.754,0.486,0,"5","TNIK"
0,1.18095223170753,0.515,0.247,0,"5","EHMT1"
0,0.96167471643132,0.847,0.579,0,"5","YWHAB"
0,1.14618447946589,0.531,0.263,0,"5","PRDX2"
0,2.08017832413972,0.341,0.073,0,"5","DARS"
0,1.69965630746853,0.361,0.094,0,"5","ADSS"
0,1.1350560782727,0.603,0.336,0,"5","PVT1"
0,1.20837732486219,0.453,0.187,0,"5","PPM1B"
0,0.917032658191516,0.81,0.544,0,"5","ANKRD12"
0,2.06802076586347,0.333,0.067,0,"5","H2AFY"
0,1.45736709313616,0.368,0.102,0,"5","HIST1H4C"
0,1.48718070537266,0.547,0.282,0,"5","VAV3"
0,1.08236553596389,0.468,0.204,0,"5","LUC7L2"
0,0.95312569198777,0.554,0.291,0,"5","SPATS2L"
0,0.901674267131338,0.618,0.355,0,"5","LIMS1"
0,1.1656845486089,0.44,0.177,0,"5","ENTPD1"
0,0.937903851149594,0.76,0.498,0,"5","ARL6IP5"
0,1.38780744770838,0.45,0.188,0,"5","TMEM154"
0,1.04549592097712,0.64,0.378,0,"5","NAMPT"
0,1.62549137444987,0.377,0.116,0,"5","UMAD1"
0,0.822937438985343,0.732,0.472,0,"5","NDUFA13"
0,1.23901966645727,0.575,0.315,0,"5","CCND2"
0,1.18567562572811,0.54,0.281,0,"5","PMAIP1"
0,1.72672714246065,0.372,0.114,0,"5","RFFL"
0,1.48459444597741,0.357,0.099,0,"5","WDR61"
0,2.10475052472991,0.344,0.087,0,"5","ADAT2"
0,1.7914650712409,0.387,0.13,0,"5","CREB3L2"
0,1.22132119199949,0.477,0.22,0,"5","USP12"
0,0.843046120282965,0.621,0.365,0,"5","HNRNPLL"
0,2.97792423099836,0.288,0.032,0,"5","IL1R2"
0,0.373037232355739,0.693,0.438,0,"5","IL7R"
0,0.968820156358477,0.723,0.468,0,"5","MSI2"
0,1.33042011303205,0.449,0.195,0,"5","PHKB"
0,0.871854554199023,0.627,0.374,0,"5","CDV3"
0,0.860843396350776,0.707,0.454,0,"5","IL2RG"
0,1.70913407402028,0.363,0.111,0,"5","IGFLR1"
0,1.87879582248651,0.365,0.114,0,"5","LEF1"
0,0.827566730897985,0.613,0.362,0,"5","CSNK1A1"
0,1.81885725412447,0.331,0.08,0,"5","AC010894.3"
0,2.33532800570046,0.316,0.066,0,"5","TBC1D8"
0,1.16421309438602,0.411,0.161,0,"5","CHMP4A"
0,0.927545950561486,0.675,0.426,0,"5","ZNF292"
0,0.802905896002659,0.596,0.347,0,"5","IL6ST"
0,1.10042215018018,0.825,0.576,0,"5","USP15"
0,1.14946791675264,0.444,0.195,0,"5","DYNLRB1"
0,2.08841714627593,0.315,0.066,0,"5","AC025164.1"
0,1.3979227987873,0.391,0.143,0,"5","TOX2"
0,1.30808594537043,0.44,0.192,0,"5","AHR"
0,1.11211511859165,0.51,0.262,0,"5","MYO5A"
0,0.89527716384129,0.697,0.449,0,"5","PARK7"
0,0.978627819502432,0.562,0.315,0,"5","DUSP4"
0,2.18948030856925,0.308,0.061,0,"5","AP000787.1"
0,0.961974076583576,0.543,0.299,0,"5","VOPP1"
0,2.3339752135043,0.322,0.078,0,"5","MAGEH1"
0,1.05713441794195,0.52,0.276,0,"5","UCP2"
0,1.26018857390072,0.447,0.203,0,"5","SEC11C"
0,0.842456364737671,0.579,0.335,0,"5","EID1"
0,1.34456147046319,0.416,0.173,0,"5","FCMR"
0,1.33559176087778,0.434,0.191,0,"5","RDX"
0,1.47519207541771,0.393,0.151,0,"5","TTN"
0,1.36682534723609,0.397,0.155,0,"5","ATOX1"
0,1.75918699689323,0.321,0.08,0,"5","MRPS24"
0,1.30168282537678,0.399,0.159,0,"5","ARHGEF12"
0,1.23127802249658,0.462,0.222,0,"5","ANKRD10"
0,1.82443009124076,0.323,0.083,0,"5","LINC01004"
0,1.3232895072153,0.429,0.19,0,"5","SEC14L1"
0,0.86159425381313,0.67,0.432,0,"5","MAP3K5"
0,1.21614589045964,0.437,0.199,0,"5","VPS54"
0,0.810530686458335,0.618,0.381,0,"5","SH3BGRL"
0,0.779055606337346,0.578,0.341,0,"5","PRDM1"
0,0.768354013800331,0.668,0.432,0,"5","SLA"
0,1.0527667259943,0.513,0.277,0,"5","MAN1A2"
0,1.64128981319015,0.346,0.11,0,"5","FAM184A"
0,0.796827526357667,0.629,0.393,0,"5","RASGRP1"
0,0.736269102494575,0.72,0.485,0,"5","NSD3"
0,2.06393993466267,0.297,0.062,0,"5","MFSD14C"
0,0.894196656206924,0.671,0.437,0,"5","PRDM2"
0,1.77161595406984,0.341,0.107,0,"5","HS3ST3B1"
0,1.03262148428445,0.748,0.514,0,"5","IGKC"
0,1.29017290492409,0.371,0.137,0,"5","PDCD6"
0,1.22277891376397,0.435,0.201,0,"5","MAP3K1"
0,0.818813423531435,0.801,0.568,0,"5","PTPRJ"
0,1.58364376984482,0.33,0.097,0,"5","MFSD14A"
0,1.74133584044636,0.321,0.088,0,"5","HIST1H2AC"
0,0.797545706901543,0.591,0.358,0,"5","ARL6IP1"
0,2.48281378612465,0.291,0.06,0,"5","NRIP1"
0,0.775754471217971,0.671,0.441,0,"5","GPRIN3"
0,1.72872124600691,0.335,0.105,0,"5","ACOT9"
0,2.69641896764487,0.276,0.046,0,"5","IKZF4"
0,0.935059159441145,0.54,0.31,0,"5","ZNF831"
0,0.707785929944323,0.629,0.399,0,"5","PRDX1"
0,0.793849289919002,0.602,0.372,0,"5","TAB2"
0,2.14419742482266,0.285,0.055,0,"5","FAM104A"
0,0.845740317929942,0.522,0.293,0,"5","MBD2"
0,1.29383013754026,0.382,0.153,0,"5","UXS1"
0,1.10848994233478,0.385,0.156,0,"5","ITCH"
0,0.852091926420635,0.51,0.281,0,"5","NDUFC2"
0,0.863711142647304,0.529,0.301,0,"5","CMTM7"
0,0.767604596794671,0.536,0.308,0,"5","TRAF1"
0,0.864225797711829,0.537,0.309,0,"5","ADAM10"
0,1.07606406270916,0.454,0.226,0,"5","CLIP1"
0,1.15915205491716,0.425,0.197,0,"5","LMAN1"
0,0.813492578821351,0.617,0.39,0,"5","JAZF1"
0,1.33951830108096,0.358,0.131,0,"5","PIM2"
0,0.75229140433818,0.593,0.366,0,"5","NDUFB8"
0,1.02880518489334,0.93,0.704,0,"5","SKAP1"
0,1.34501020603249,0.384,0.158,0,"5","METTL8"
0,0.871966044227765,0.432,0.206,0,"5","INPP5F"
0,1.2139586567462,0.389,0.163,0,"5","SIRPG"
0,0.968005685827723,0.478,0.252,0,"5","USP48"
0,1.52776356749928,0.356,0.13,0,"5","CCDC141"
0,0.807115190296149,0.548,0.323,0,"5","ARHGAP25"
0,0.808815598488202,0.674,0.449,0,"5","FTX"
0,0.845451936438913,0.526,0.301,0,"5","TMBIM4"
0,1.84974897865504,0.334,0.109,0,"5","IGLC3"
0,1.41672058302716,0.335,0.111,0,"5","RABGEF1"
0,0.904580446566014,0.465,0.241,0,"5","SESN3"
0,1.620553116809,0.405,0.181,0,"5","IGHG1"
0,1.89828524492834,0.288,0.064,0,"5","FAM160B1"
0,0.680109729451218,0.648,0.425,0,"5","XRCC5"
0,0.767150605571556,0.643,0.42,0,"5","DOCK2"
0,1.07768637538478,0.502,0.279,0,"5","KAT2B"
0,1.00475910455823,0.471,0.248,0,"5","FARS2"
0,0.837992498022582,0.503,0.281,0,"5","KIF2A"
0,0.988506363001581,0.855,0.633,0,"5","SAT1"
0,0.936019349589264,0.48,0.258,0,"5","ZNRF1"
0,0.722423553007878,0.709,0.488,0,"5","CFLAR"
0,1.4440177309338,0.352,0.131,0,"5","NSF"
0,0.73677600525167,0.611,0.39,0,"5","ASXL1"
0,3.5178830819136,0.267,0.047,0,"5","DLGAP1"
0,0.422128561480756,0.427,0.207,0,"5","CD99"
0,1.27342157753616,0.375,0.155,0,"5","APOLD1"
0,0.868637659479187,0.474,0.254,0,"5","TGOLN2"
0,0.706619459892754,0.708,0.488,0,"5","MYCBP2"
0,0.88703900513406,0.524,0.305,0,"5","RYBP"
0,0.989380282029723,0.453,0.234,0,"5","TET2"
0,1.2312605320057,0.352,0.133,0,"5","SARNP"
0,0.706312099839314,0.515,0.297,0,"5","KRTCAP2"
0,0.628548490054687,0.658,0.44,0,"5","VPS13C"
0,1.10459266091351,0.412,0.194,0,"5","GTF3C6"
0,0.79991301722239,0.484,0.266,0,"5","SELENOH"
0,0.638902238460208,0.839,0.621,0,"5","TRAC"
0,0.919597974196622,0.536,0.319,0,"5","FNDC3B"
0,0.625457059123056,0.628,0.411,0,"5","NDFIP1"
0,0.765351733554568,0.529,0.312,0,"5","PIK3IP1"
0,1.1387218983582,0.342,0.125,0,"5","LIME1"
0,2.2090183094702,0.272,0.055,0,"5","AC058791.1"
0,0.826136278382556,0.494,0.277,0,"5","TMPO"
0,0.700149791919634,0.694,0.477,0,"5","ANKRD11"
0,0.774501508705856,0.526,0.31,0,"5","RERE"
0,1.30138419193369,0.363,0.147,0,"5","KLHL2"
0,1.11711759597171,0.387,0.171,0,"5","SFT2D1"
0,2.40911856935053,0.258,0.042,0,"5","ADAM12"
0,1.25519483481386,0.372,0.156,0,"5","STX16"
0,0.725610525274967,0.606,0.39,0,"5","ERBIN"
0,0.980995923688845,0.412,0.196,0,"5","DDX39B"
0,0.64245086407362,0.711,0.495,0,"5","ANAPC16"
0,1.44631550754958,0.328,0.113,0,"5","SGPP2"
0,0.891226452745437,0.52,0.305,0,"5","BTG3"
0,0.817228976034219,0.755,0.54,0,"5","NIBAN1"
0,0.593752250241464,0.563,0.348,0,"5","NABP1"
0,1.13845051978423,0.418,0.203,0,"5","HIVEP1"
0,0.777156736215186,0.619,0.404,0,"5","SGMS1"
0,1.93209942273202,0.276,0.062,0,"5","AC118549.1"
0,2.28441793062453,0.266,0.052,0,"5","AC093010.2"
0,0.86835568009187,0.477,0.263,0,"5","RCSD1"
0,0.765989230798783,0.509,0.296,0,"5","ZNF706"
0,0.800654300452786,0.505,0.292,0,"5","CDR2"
0,0.62487557419594,0.693,0.48,0,"5","RHOA"
0,0.791329861583709,0.594,0.381,0,"5","CAMK2D"
0,1.69261540565513,0.291,0.078,0,"5","PRORP"
0,1.64467838191359,0.289,0.076,0,"5","AC079781.5"
0,0.949785780871722,0.464,0.252,0,"5","TFRC"
0,1.10945262293085,0.389,0.177,0,"5","ENTPD1-AS1"
0,1.88777328056235,0.272,0.06,0,"5","FAM192A"
0,1.29202809145888,0.364,0.152,0,"5","MCF2L2"
0,1.98709204612813,0.312,0.1,0,"5","CADM1"
0,1.39251872657714,0.358,0.146,0,"5","STAMBPL1"
0,0.876059187711666,0.477,0.265,0,"5","EFHD2"
0,1.32941911303611,0.35,0.138,0,"5","RHBDD1"
0,1.29091686817758,0.348,0.136,0,"5","CCDC167"
0,0.586708569528108,0.844,0.632,0,"5","ETS1"
0,1.66875010963008,0.286,0.074,0,"5","ZNRD1"
0,0.669878075765451,0.558,0.347,0,"5","RAB11FIP1"
0,0.864140435298199,0.499,0.288,0,"5","RAP1GDS1"
0,0.903339141655107,0.448,0.237,0,"5","DIP2B"
0,0.728351502002768,0.581,0.37,0,"5","ANP32B"
0,0.719130001177714,0.578,0.367,0,"5","ETV6"
0,0.76882235268985,0.505,0.295,0,"5","PSMD8"
0,1.21212559757343,0.36,0.15,0,"5","LRRC8C"
0,0.798474879836383,0.88,0.67,0,"5","JAK1"
0,0.784059981890838,0.569,0.359,0,"5","UBR5"
0,0.77364686530273,0.489,0.279,0,"5","ARL6IP4"
0,1.70774524401315,0.28,0.071,0,"5","HSPB11"
0,1.41729320031369,0.368,0.159,0,"5","CEP120"
0,0.659217783683207,0.563,0.354,0,"5","CCDC88C"
0,0.729301415559649,0.644,0.436,0,"5","SERPINB9"
0,0.878710220108218,0.494,0.286,0,"5","CCM2"
0,0.778723460434584,0.512,0.304,0,"5","TNRC6A"
0,1.03126611283675,0.328,0.12,0,"5","C5orf56"
0,2.01799827249429,0.267,0.059,0,"5","C22orf34"
0,0.860065741583828,0.442,0.234,0,"5","VCP"
0,1.07659082995938,0.402,0.195,0,"5","ATXN7L1"
0,1.36942174409832,0.333,0.126,0,"5","MICAL2"
0,0.741012065534637,0.524,0.317,0,"5","PEBP1"
0,0.741040957787757,0.602,0.395,0,"5","RFTN1"
0,1.76917769753086,0.292,0.085,0,"5","CCNG2"
0,0.740161686067285,0.701,0.494,0,"5","ZEB1"
0,0.686962601041684,0.579,0.372,0,"5","PBX4"
0,0.724405221201188,0.546,0.34,0,"5","CD58"
0,3.64401008115347,0.222,0.016,0,"5","CCR8"
0,1.02311110965229,0.442,0.236,0,"5","IL21R"
0,1.90758536435807,0.269,0.063,0,"5","AC010609.1"
0,1.86483552348,0.269,0.063,0,"5","PHB"
0,1.27085638066209,0.361,0.155,0,"5","PKIA"
0,0.7456352708211,0.589,0.383,0,"5","MDFIC"
0,0.9633877292061,0.405,0.2,0,"5","TNIP1"
0,0.985080863131038,0.417,0.212,0,"5","ARHGEF6"
0,1.0973793069187,0.409,0.204,0,"5","TRIM14"
0,0.95294822917251,0.418,0.213,0,"5","CHMP2A"
0,1.14715412199451,0.344,0.139,0,"5","SYNCRIP"
0,0.735647362380784,0.526,0.322,0,"5","HNRNPR"
0,2.12743589545475,0.258,0.054,0,"5","STN1"
0,1.85787161741591,0.269,0.065,0,"5","AC018362.1"
0,1.38350528427226,0.32,0.117,0,"5","THEM4"
0,0.690916133768843,0.568,0.365,0,"5","PSMB1"
0,0.846037429148322,0.439,0.237,0,"5","AFTPH"
0,0.819376699542544,0.491,0.289,0,"5","SCAND1"
0,1.7876333318003,0.268,0.066,0,"5","AL645568.1"
0,1.74244175428644,0.274,0.072,0,"5","HIST1H1D"
0,0.854493345691745,0.429,0.227,0,"5","APLP2"
0,0.65848891908482,0.707,0.505,0,"5","ISG20"
0,0.871918802178092,0.5,0.299,0,"5","NSMCE2"
0,1.71815835058888,0.271,0.07,0,"5","CASC4"
0,1.00668966673831,0.347,0.146,0,"5","MFHAS1"
0,2.18137852721235,0.251,0.051,0,"5","IGLC1"
0,1.26231376227014,0.353,0.153,0,"5","SGPP1"
0,1.2373971792389,0.355,0.156,0,"5","FRMD4B"
0,0.644036393670561,0.761,0.562,0,"5","RAP1A"
0,0.715616411255099,0.749,0.55,0,"5","NDUFA4"
0,1.21834033343403,0.341,0.143,0,"5","C16orf87"
0,1.50579838662228,0.294,0.096,0,"5","CSNK1G1"
0,2.04209194209027,0.258,0.061,0,"5","EGLN1"
0,0.778800745045701,0.449,0.252,0,"5","MORC3"
0,0.85588025067758,0.478,0.281,0,"5","DDHD1"
0,0.658581412997294,0.79,0.595,0,"5","SUMO2"
0,0.606895197640745,0.737,0.542,0,"5","GMFG"
0,2.15745924028881,0.245,0.051,0,"5","FCRL3"
0,1.22867850650154,0.368,0.174,0,"5","DYNC1I2"
0,0.981736998064882,0.397,0.204,0,"5","MXD4"
0,1.50046753342207,0.296,0.103,0,"5","EIF4E3"
0,1.45017225984085,0.304,0.111,0,"5","DAPP1"
0,1.95840546716457,0.261,0.068,0,"5","MIR3142HG"
0,0.892910900912169,0.379,0.186,0,"5","BTN3A1"
0,2.00356642259698,0.251,0.058,0,"5","CD79B"
0,0.851042405469697,0.412,0.219,0,"5","FAS"
0,1.09295201821979,0.363,0.17,0,"5","NORAD"
0,0.631146382449014,0.811,0.619,0,"5","RNF213"
0,2.24242188328503,0.241,0.049,0,"5","LAPTM4B"
0,1.80303767573395,0.252,0.06,0,"5","EPRS"
0,1.75660112155784,0.253,0.061,0,"5","PYURF"
0,1.75154277132708,0.256,0.065,0,"5","AC022217.3"
0,1.00691058719454,0.395,0.205,0,"5","CCDC66"
0,1.3161931755714,0.311,0.121,0,"5","SGTB"
0,1.67890761359403,0.257,0.067,0,"5","POLR2J3"
0,0.872243244787926,0.427,0.237,0,"5","WWP1"
0,1.7758775002849,0.262,0.072,0,"5","SGK3"
0,1.71214797926078,0.272,0.082,0,"5","VDR"
0,1.24493026271661,0.326,0.136,0,"5","LINC00426"
0,1.00492522606269,0.372,0.182,0,"5","TXNDC11"
0,2.29350306542821,0.239,0.049,0,"5","GRK3"
0,0.976210642324771,0.338,0.149,0,"5","POLD4"
0,0.899902707678319,0.441,0.252,0,"5","P2RY10"
0,1.50008732598197,0.277,0.089,0,"5","FLNB"
0,1.24542042733626,0.337,0.149,0,"5","CNIH1"
0,0.871145948716332,0.389,0.201,0,"5","TAF10"
0,1.34464494491978,0.378,0.19,0,"5","IGHG3"
0,0.677572001309142,0.856,0.668,0,"5","SOD1"
0,1.74151489774648,0.262,0.075,0,"5","NCF4"
0,0.871591886245884,0.407,0.22,0,"5","PHLDA1"
0,1.63295667162933,0.318,0.132,0,"5","HPGD"
0,1.92444011841625,0.241,0.056,0,"5","RFX3-AS1"
0,0.823816772111557,0.398,0.214,0,"5","MOB4"
0,0.927091739092963,0.396,0.212,0,"5","ACSL4"
0,1.62761996402764,0.255,0.071,0,"5","MAD1L1"
0,1.82294184430924,0.24,0.056,0,"5","MARCH5"
0,1.14311352661416,0.301,0.118,0,"5","ARL5A"
0,1.21348198011067,0.309,0.126,0,"5","REXO2"
0,0.832758427205557,0.376,0.193,0,"5","SPATA13"
0,0.963719583357475,0.352,0.169,0,"5","NAB1"
0,1.20877307074455,0.337,0.155,0,"5","TDRD3"
0,1.28393330247485,0.291,0.109,0,"5","CD59"
0,1.55480518314142,0.259,0.077,0,"5","ZNF410"
0,1.07061772542192,0.311,0.129,0,"5","C18orf32"
0,1.88237253986519,0.236,0.054,0,"5","LARS"
0,1.48061645640419,0.252,0.07,0,"5","DDX58"
0,0.995259060242795,0.33,0.149,0,"5","PPP3R1"
0,1.54549075562463,0.279,0.098,0,"5","NETO2"
0,1.03183755081256,0.382,0.201,0,"5","IFI6"
0,1.69600835218147,0.244,0.063,0,"5","TMEM35B"
0,0.755662229300474,0.366,0.185,0,"5","PSMB10"
0,3.05429902106481,0.204,0.023,0,"5","C1orf112"
0,1.59601912434847,0.249,0.068,0,"5","AC023424.3"
0,0.941786999623469,0.352,0.171,0,"5","LIMA1"
0,1.08238503689741,0.329,0.15,0,"5","TP53INP1"
0,1.02829017679615,0.337,0.158,0,"5","TRIM69"
0,0.999222277943998,0.343,0.164,0,"5","OIP5-AS1"
0,1.24712516915969,0.297,0.118,0,"5","COMMD3"
0,0.883673128436519,0.367,0.188,0,"5","PHLPP1"
0,2.28142562862073,0.217,0.038,0,"5","AC114760.2"
0,1.78519410279165,0.236,0.057,0,"5","IARS"
0,2.04571000721696,0.224,0.045,0,"5","UHRF1BP1L"
0,1.46561092712662,0.281,0.103,0,"5","ERI1"
0,0.836847286181503,0.383,0.205,0,"5","DNAJC15"
0,2.35173441139351,0.214,0.036,0,"5","CTTNBP2NL"
0,1.42298627411125,0.271,0.094,0,"5","DCAF8"
0,0.825563388848423,0.383,0.206,0,"5","ZMYND8"
0,1.02362362172141,0.311,0.134,0,"5","NDUFA7"
0,2.27990493433041,0.217,0.04,0,"5","AC016831.5"
0,0.967023394417313,0.344,0.167,0,"5","SDF4"
0,1.65977838280928,0.255,0.08,0,"5","WDFY1"
0,1.22446360474502,0.283,0.108,0,"5","MTG1"
0,1.73731833903409,0.235,0.06,0,"5","FAM126A"
0,1.04432595106778,0.335,0.161,0,"5","RAB30"
0,2.86875969251908,0.201,0.027,0,"5","PIK3IP1-AS1"
0,1.7302405877212,0.237,0.063,0,"5","HERC3"
0,2.3150498323306,0.224,0.05,0,"5","IL7"
0,1.1550441757872,0.303,0.129,0,"5","YPEL2"
0,2.32845890717158,0.211,0.037,0,"5","PALM2-AKAP2"
0,0.992969823629252,0.333,0.16,0,"5","CASP1"
0,0.938437213305198,0.318,0.145,0,"5","KLC1"
0,1.692007117994,0.232,0.059,0,"5","SARS"
0,1.18564938637348,0.265,0.092,0,"5","AC092821.3"
0,1.69219075217595,0.235,0.062,0,"5","DHRSX"
0,0.907840879571341,0.349,0.176,0,"5","CHD4"
0,0.893267352209782,0.342,0.17,0,"5","TTC7A"
0,1.56812266082504,0.266,0.094,0,"5","SOX4"
0,0.947231462951059,0.343,0.171,0,"5","MOSMO"
0,1.13334507578901,0.299,0.127,0,"5","TNFRSF25"
0,1.93063175404273,0.241,0.069,0,"5","WDR53"
0,1.01375627345735,0.308,0.136,0,"5","SDHA"
0,2.15989299399337,0.22,0.048,0,"5","CUL9"
0,0.900974086763689,0.357,0.185,0,"5","SMS"
0,1.72868109563987,0.251,0.079,0,"5","SAMD12"
0,1.9589437869807,0.22,0.048,0,"5","GNG10"
0,1.20320039379195,0.284,0.112,0,"5","COX16"
0,1.31710499022914,0.286,0.114,0,"5","SYNGR2"
0,1.50275766105781,0.257,0.086,0,"5","TRIM59"
0,0.879314934941593,0.34,0.169,0,"5","GABPB1"
0,1.26412710802544,0.26,0.089,0,"5","KIAA2026"
0,1.13750427910469,0.288,0.119,0,"5","TPP1"
0,0.905817812733388,0.29,0.121,0,"5","LINC02195"
0,0.99478638564766,0.33,0.162,0,"5","GPR155"
0,1.43609419446555,0.239,0.071,0,"5","C18orf25"
0,1.45916412542053,0.273,0.106,0,"5","HERC5"
0,1.04854809061191,0.324,0.157,0,"5","MIR181A1HG"
0,1.4068260128161,0.261,0.094,0,"5","ZC3H12C"
0,1.05315262598558,0.291,0.124,0,"5","NDRG1"
0,1.45872088431858,0.243,0.076,0,"5","NGRN"
0,2.00605435533977,0.215,0.048,0,"5","AL390957.1"
0,2.0081673170458,0.228,0.062,0,"5","ZC2HC1A"
0,0.901285750221437,0.325,0.159,0,"5","NUDT5"
0,0.892126681424706,0.332,0.167,0,"5","GBP4"
0,1.02778561169003,0.313,0.148,0,"5","NPTN"
0,5.93838075115584,0.168,0.003,0,"5","LINC00884"
0,1.16197209109423,0.291,0.126,0,"5","CBX5"
0,1.38450152608642,0.251,0.087,0,"5","ZFP91"
0,1.09032874902829,0.302,0.138,0,"5","TPK1"
0,1.33125891630441,0.243,0.079,0,"5","CDC26"
0,1.05070002638899,0.293,0.129,0,"5","POU2F2"
0,0.971022092339291,0.902,0.739,0,"5","S100A4"
0,1.15103652341425,0.315,0.152,0,"5","CEP128"
0,1.53278267605632,0.23,0.068,0,"5","SUPT4H1"
0,1.16543050012641,0.252,0.09,0,"5","APOE"
0,1.49130251239158,0.226,0.064,0,"5","AC243960.1"
0,1.34474992154733,0.236,0.074,0,"5","FAM126B"
0,1.30592474110299,0.235,0.073,0,"5","SLC9A3R1"
0,1.48879087859833,0.226,0.065,0,"5","MRPS36"
0,1.70609216823037,0.215,0.054,0,"5","TTC37"
0,1.18357515146671,0.264,0.104,0,"5","CHKB"
0,1.87068061775052,0.221,0.061,0,"5","CDK14"
0,1.49563639009085,0.251,0.091,0,"5","COX10"
0,1.66116195261758,0.222,0.062,0,"5","HIST1H1E"
0,2.51718386372598,0.192,0.032,0,"5","AL133480.1"
0,1.39112537123648,0.236,0.076,0,"5","FAM102A"
0,1.51388169425532,0.239,0.08,0,"5","HDAC8"
0,1.18952888447609,0.271,0.113,0,"5","MCCC2"
0,1.92006751503084,0.205,0.047,0,"5","STIMATE"
0,1.15556105041924,0.293,0.135,0,"5","GNAQ"
0,2.42572140148975,0.201,0.044,0,"5","TAFA2"
0,1.49219063563141,0.232,0.075,0,"5","TVP23C"
0,5.30431295258684,0.161,0.004,0,"5","AC017002.3"
0,0.981466039860281,0.296,0.139,0,"5","GRSF1"
0,1.16995527052687,0.252,0.096,0,"5","CCPG1"
0,4.06788118422848,0.167,0.011,0,"5","AC133644.2"
0,2.17141482869939,0.193,0.038,0,"5","HIST1H2BD"
0,2.01690178237475,0.196,0.041,0,"5","C11orf49"
0,1.14077258961545,0.264,0.11,0,"5","TSNAX"
0,1.10879150223691,0.277,0.123,0,"5","FYCO1"
0,1.46326561748904,0.258,0.104,0,"5","OPRM1"
0,2.22338378394452,0.19,0.036,0,"5","AL391839.1"
0,1.70032448136544,0.21,0.056,0,"5","AC007216.4"
0,1.0928086175665,0.274,0.121,0,"5","CHMP3"
0,1.00972675336969,0.279,0.126,0,"5","SMARCE1"
0,1.2615974246228,0.266,0.113,0,"5","ZNF101"
0,1.03359011520116,0.293,0.14,0,"5","OTUD5"
0,1.04551213997315,0.282,0.129,0,"5","KSR1"
0,0.520074552768313,0.87,0.718,0,"5","CD2"
0,1.12853846976018,0.264,0.112,0,"5","MBOAT1"
0,1.97817927443044,0.21,0.058,0,"5","SGO1-AS1"
0,1.45893015728929,0.222,0.07,0,"5","RAD50"
0,1.6231865793938,0.217,0.065,0,"5","LFNG"
0,1.30984276890731,0.244,0.092,0,"5","DLGAP1-AS1"
0,2.24647496594337,0.187,0.035,0,"5","FGFR1OP"
0,2.42662245010009,0.183,0.031,0,"5","C20orf194"
0,1.03576649484481,0.29,0.138,0,"5","WASHC3"
0,1.05246363773893,0.256,0.105,0,"5","TXNDC12"
0,1.24216391858391,0.265,0.114,0,"5","BARD1"
0,1.13415750006733,0.26,0.109,0,"5","GRAMD2B"
0,3.27125912314102,0.169,0.018,0,"5","LINC00519"
0,1.22602562351126,0.253,0.102,0,"5","CTSZ"
0,1.43091560533816,0.233,0.083,0,"5","HAPLN3"
0,1.52100648536808,0.226,0.076,0,"5","PCBP3"
0,1.58823106647533,0.214,0.064,0,"5","TMED8"
0,1.4169941350617,0.217,0.067,0,"5","SPATA5"
0,1.5322165437611,0.212,0.062,0,"5","AL627171.2"
0,1.39635242061908,0.231,0.082,0,"5","ZNF280D"
0,2.96250505411095,0.17,0.021,0,"5","AL137009.1"
0,1.22223888182846,0.241,0.092,0,"5","ADI1"
0,1.65801069589539,0.205,0.056,0,"5","IL10RB"
0,2.43049305104293,0.18,0.031,0,"5","AC008892.1"
0,0.868276278732068,0.223,0.075,0,"5","AC016074.2"
0,2.02143891501393,0.188,0.04,0,"5","GARS-DT"
0,0.981451706665405,0.264,0.117,0,"5","SMAD4"
0,1.41044055373827,0.212,0.065,0,"5","AL137856.1"
0,1.95885797951337,0.191,0.045,0,"5","SLC9A7"
0,1.25812571934362,0.227,0.081,0,"5","SLC35F2"
0,1.13559707147046,0.215,0.069,0,"5","ADAMTSL4-AS1"
0,1.41638213962027,0.221,0.076,0,"5","CCR4"
0,0.989602675301134,0.266,0.121,0,"5","SNX14"
0,1.03509313387415,0.248,0.103,0,"5","SKAP2"
0,1.59278231822003,0.2,0.055,0,"5","AC068282.1"
0,2.19652326268349,0.178,0.033,0,"5","HIST1H2BN"
0,1.37691531812108,0.22,0.076,0,"5","LRRC8D"
0,1.33006279301881,0.229,0.085,0,"5","ACVR1"
0,0.808584479093861,0.248,0.104,0,"5","PRKY"
0,1.1023681762808,0.264,0.121,0,"5","PLEKHG1"
0,1.50834652817965,0.218,0.076,0,"5","ZBTB24"
0,1.17808132436479,0.216,0.074,0,"5","RBFOX2"
0,1.84618694717338,0.186,0.044,0,"5","KIAA0355"
0,1.69307153417355,0.192,0.051,0,"5","BFSP2"
0,1.19745098278707,0.234,0.093,0,"5","CCDC50"
0,1.39009467136098,0.222,0.081,0,"5","HSDL2"
0,1.30427639948801,0.213,0.072,0,"5","NUDT21"
0,1.54834631001756,0.207,0.066,0,"5","BEX3"
0,1.07269678741283,0.226,0.086,0,"5","RPP21"
0,1.82892504524479,0.177,0.038,0,"5","BTBD11"
0,0.551002784875015,0.89,0.752,0,"5","STK17B"
0,1.8355069686925,0.187,0.049,0,"5","ETV7"
0,1.51641293284115,0.203,0.065,0,"5","MTAP"
0,1.11760141016198,0.245,0.107,0,"5","HDAC7"
0,1.81826577218201,0.183,0.045,0,"5","AC087286.2"
0,1.91710810841554,0.176,0.038,0,"5","GARS"
0,1.5047339956177,0.21,0.073,0,"5","FAM135A"
0,1.12437536668251,0.247,0.11,0,"5","PRMT3"
0,2.43698733446108,0.164,0.027,0,"5","HACD1"
0,1.40198086366703,0.21,0.073,0,"5","ATF7"
0,3.61191778060278,0.148,0.011,0,"5","AL121935.1"
0,1.81863633032137,0.179,0.043,0,"5","PCBP1-AS1"
0,2.3801440639519,0.164,0.028,0,"5","AL139807.1"
0,1.68404133111076,0.182,0.046,0,"5","AC074032.1"
0,1.71320403653722,0.179,0.043,0,"5","NARS"
0,1.0694395381099,0.234,0.099,0,"5","UBE2W"
0,1.48972761710224,0.189,0.054,0,"5","AL157402.2"
0,1.27463452172908,0.197,0.062,0,"5","AC068587.4"
0,1.70585406813109,0.189,0.055,0,"5","ZNF280C"
0,4.03687687510242,0.145,0.011,0,"5","AC083837.1"
0,1.11738278772806,0.229,0.097,0,"5","ALDH9A1"
0,1.26479033791805,0.216,0.084,0,"5","TRIB2"
0,1.97353396938913,0.165,0.033,0,"5","CABLES1"
0,1.83134144678667,0.173,0.041,0,"5","CCDC84"
0,1.45334762565247,0.2,0.069,0,"5","NINJ2"
0,2.08750889989985,0.176,0.046,0,"5","HPSE"
0,1.34581505269331,0.206,0.076,0,"5","ACTA2"
0,1.63275724489926,0.176,0.046,0,"5","SMIM4"
0,1.68547984978246,0.181,0.052,0,"5","SETD7"
0,1.25312244440844,0.211,0.082,0,"5","FBH1"
0,1.10556148970695,0.938,0.809,0,"5","IL32"
0,2.77679243453177,0.15,0.022,0,"5","CEP55"
0,1.21494059588744,0.208,0.08,0,"5","PTER"
0,1.19311191698624,0.208,0.08,0,"5","OAS1"
0,2.26494452421824,0.158,0.03,0,"5","FLVCR2"
0,1.34117316412354,0.194,0.067,0,"5","MZB1"
0,2.19015195534268,0.159,0.032,0,"5","TRIM16"
0,2.0878695546717,0.159,0.032,0,"5","LINC01184"
0,1.18734088708982,0.195,0.069,0,"5","SLC27A4"
0,2.09340098469025,0.16,0.034,0,"5","ATP6V0A1"
0,1.79836185188716,0.163,0.037,0,"5","TSTA3"
0,2.16076147242972,0.157,0.031,0,"5","FAM122C"
0,1.80083414422455,0.169,0.045,0,"5","IL6R"
0,1.57759065464601,0.18,0.056,0,"5","CLN5"
0,2.68093776033048,0.143,0.019,0,"5","COQ8A"
0,2.34834755216797,0.147,0.024,0,"5","AC009093.2"
0,3.16666725581007,0.137,0.015,0,"5","TNFRSF8"
0,1.31005870905868,0.195,0.073,0,"5","MTHFS"
0,0.668533476052326,0.897,0.775,0,"5","NEAT1"
0,2.64291360402598,0.143,0.021,0,"5","EPHX2"
0,1.86628945015768,0.166,0.046,0,"5","RGPD2"
0,1.73233091803897,0.166,0.046,0,"5","AP3S2"
0,1.13454841866319,0.199,0.079,0,"5","SPECC1L"
0,1.0395286704866,0.191,0.071,0,"5","YARS"
0,2.76392773432843,0.138,0.018,0,"5","AL162253.2"
0,1.39076206747623,0.168,0.048,0,"5","CARS"
0,1.53722235070973,0.177,0.057,0,"5","IFT80"
0,2.37931868869721,0.14,0.021,0,"5","C12orf45"
0,2.64675701644603,0.141,0.022,0,"5","CYP7B1"
0,1.28550260321548,0.183,0.064,0,"5","UCHL3"
0,1.36845300578693,0.169,0.051,0,"5","C12orf65"
0,1.80581336509263,0.164,0.046,0,"5","DNAJC18"
0,1.1625022270798,0.185,0.067,0,"5","QRICH1"
0,0.478804719661471,0.884,0.766,0,"5","OAZ1"
0,1.70149749796764,0.157,0.039,0,"5","ZNF720"
0,1.58113720829373,0.16,0.043,0,"5","TARS"
0,1.46394278382649,0.16,0.043,0,"5","TWISTNB"
0,2.23355643581119,0.144,0.027,0,"5","MYCBP2-AS1"
0,1.09025008074941,0.186,0.069,0,"5","TARSL2"
0,1.71660662205926,0.153,0.036,0,"5","KARS"
0,2.2425729799821,0.151,0.035,0,"5","LINC00598"
0,4.83052309700274,0.12,0.004,0,"5","AC012368.1"
0,2.48907141202828,0.136,0.021,0,"5","AC008083.3"
0,1.64482520094001,0.156,0.041,0,"5","ALOX12-AS1"
0,1.67237900901601,0.152,0.037,0,"5","MARS"
0,1.61861747994146,0.16,0.046,0,"5","HDHD2"
0,3.21043314804858,0.125,0.011,0,"5","AL683807.1"
0,1.29396481598495,0.174,0.06,0,"5","SH3PXD2A"
0,1.25945883563043,0.177,0.063,0,"5","SDC4"
0,1.73981292312447,0.149,0.035,0,"5","RARS"
0,2.18457227917763,0.143,0.029,0,"5","AC073167.1"
0,1.36808851483853,0.171,0.058,0,"5","NUSAP1"
0,1.31055300352528,0.169,0.056,0,"5","RAB4B"
0,2.86014568989613,0.129,0.016,0,"5","CLEC7A"
0,1.56207024976253,0.156,0.043,0,"5","PAM16"
0,1.71254077782056,0.154,0.041,0,"5","LMCD1"
0,1.99612484825459,0.148,0.035,0,"5","SLC16A10"
0,2.87651844551836,0.13,0.018,0,"5","AL365295.1"
0,1.35629740869095,0.175,0.063,0,"5","RNF103"
0,1.21884016374812,0.174,0.062,0,"5","SLC25A32"
0,1.38864979718625,0.162,0.051,0,"5","HINT2"
0,1.43281404367073,0.165,0.054,0,"5","KCNN4"
0,2.17766677327135,0.138,0.027,0,"5","AL050309.1"
0,2.43448083349614,0.134,0.024,0,"5","CD80"
0,1.6688048116129,0.15,0.04,0,"5","AL499604.1"
0,2.26874396473569,0.134,0.025,0,"5","IRAK3"
0,1.4424492789378,0.162,0.053,0,"5","RCBTB1"
0,1.33793340012564,0.157,0.048,0,"5","NCF1"
0,2.63519432972094,0.127,0.018,0,"5","AL121933.2"
0,1.70355684466577,0.146,0.037,0,"5","HARS"
0,1.29083494639166,0.166,0.058,0,"5","SLC41A2"
0,3.63664736145196,0.116,0.008,0,"5","METTL7A"
0,2.95443131889014,0.122,0.015,0,"5","MYO5C"
0,1.32398792577581,0.159,0.053,0,"5","ZNF512"
0,2.21295356334246,0.131,0.025,0,"5","AC100810.1"
0,1.49552064481564,0.152,0.046,0,"5","PLA2G4C"
0,1.35621421151156,0.158,0.053,0,"5","AGGF1"
0,1.36424770742278,0.152,0.047,0,"5","GK-AS1"
0,2.65559185998763,0.122,0.017,0,"5","Z94721.1"
0,1.66418423196272,0.144,0.039,0,"5","ZBTB32"
0,2.00741811264368,0.135,0.032,0,"5","ZBTB20-AS1"
0,2.26497624189867,0.126,0.023,0,"5","RCAN3AS"
0,1.92533909029072,0.131,0.028,0,"5","AC008014.1"
0,1.93813666967325,0.129,0.026,0,"5","C12orf10"
0,1.73474422482772,0.136,0.033,0,"5","AC005480.1"
0,1.71525872299285,0.152,0.049,0,"5","CD274"
0,1.46375786347652,0.151,0.048,0,"5","TIGAR"
0,2.01709297588123,0.131,0.029,0,"5","PPP1R3F"
0,1.82278762736152,0.131,0.029,0,"5","AC131568.1"
0,2.03985821560477,0.127,0.025,0,"5","FAM207A"
0,2.45179101741371,0.121,0.019,0,"5","AC073332.1"
0,1.50500612524805,0.154,0.053,0,"5","PECR"
0,2.72180102857541,0.121,0.02,0,"5","TSHR"
0,1.4210590564724,0.145,0.044,0,"5","MARCH8"
0,1.43791940238327,0.143,0.042,0,"5","AL031772.1"
0,2.73863264593842,0.115,0.015,0,"5","EBI3"
0,1.80962492406867,0.136,0.037,0,"5","MAGI1"
0,1.40231238729506,0.14,0.042,0,"5","PRKAG1"
0,0.607951566808298,0.913,0.816,0,"5","MYL6"
0,1.72560357012163,0.139,0.042,0,"5","FBXO45"
0,1.75811734355758,0.127,0.03,0,"5","KIAA0100"
0,1.49461612491107,0.147,0.05,0,"5","DMGDH"
0,2.52442133625073,0.113,0.017,0,"5","STAC"
0,1.59104992551601,0.135,0.039,0,"5","IGHM"
0,1.75538270396503,0.128,0.033,0,"5","FBLN7"
0,1.97414590558837,0.121,0.026,0,"5","AC006460.2"
0,1.95090563096331,0.121,0.026,0,"5","AC011933.4"
0,3.27398832227633,0.104,0.01,0,"5","AC104461.1"
0,1.45055557991563,0.133,0.039,0,"5","C16orf72"
0,1.7853380578476,0.117,0.024,0,"5","LINC01727"
0,1.88771743385704,0.12,0.027,0,"5","TMEM161B-AS1"
0,3.36853165878194,0.101,0.009,0,"5","AC092640.1"
0,1.7013425284846,0.128,0.036,0,"5","GRPEL2"
0,1.44873632464192,0.129,0.037,0,"5","CCDC130"
0,1.70756746619905,0.125,0.034,0,"5","LTA"
0,1.31092389230006,0.13,0.039,0,"5","HIST3H2A"
0,2.05821945586445,0.115,0.024,0,"5","LINC00476"
0,1.7853781878168,0.117,0.027,0,"5","AC097376.3"
0,1.48848283805859,0.132,0.042,0,"5","ST3GAL3"
0,1.6052790513479,0.13,0.04,0,"5","NEK10"
0,2.10916563071124,0.111,0.021,0,"5","AP000331.1"
0,2.2269762405296,0.111,0.022,0,"5","NTNG2"
0,1.9570820596398,0.114,0.025,0,"5","AC009120.2"
0,1.66398069519302,0.116,0.028,0,"5","VAMP7"
0,1.64417008239629,0.115,0.027,0,"5","AC092120.3"
0,2.56577119626474,0.103,0.015,0,"5","ALPK2"
0,1.46611088996231,0.125,0.037,0,"5","ZGPAT"
0,2.21180628079355,0.108,0.02,0,"5","UBA6-AS1"
0,1.90816359045718,0.112,0.024,0,"5","FOPNL"
0,1.64184828604118,0.118,0.03,0,"5","AC092338.3"
0,2.31628373262188,0.106,0.019,0,"5","ARMCX5-GPRASP2"
0,2.32324641344896,0.104,0.017,0,"5","AC009505.1"
0,2.1072980016121,0.108,0.021,0,"5","AP002495.1"
0,1.84876457370428,0.112,0.025,0,"5","ZADH2"
0,2.10376609227614,0.111,0.025,0,"5","LINC01281"
0,1.65685285848288,0.123,0.037,0,"5","LGMN"
0,1.61343689682499,0.12,0.034,0,"5","AC026979.2"
0,1.81407370083005,0.111,0.025,0,"5","IMPAD1"
0,1.89200274017388,0.109,0.023,0,"5","AC104316.1"
0,1.79241494450399,0.112,0.027,0,"5","PINX1"
0,1.72565067543705,0.111,0.026,0,"5","WDR60"
0,1.44728206878376,0.117,0.032,0,"5","AC087854.1"
0,1.72187057189885,0.113,0.028,0,"5","FO393401.1"
0,1.95101943250597,0.11,0.025,0,"5","CEACAM1"
0,1.54015436689048,0.119,0.034,0,"5","OSBP2"
0,1.62571084555236,0.112,0.028,0,"5","AC055733.2"
0,1.75219598022113,0.111,0.027,0,"5","TAZ"
0,2.03648818095895,0.107,0.023,0,"5","ADTRP"
0,2.14294694965966,0.102,0.018,0,"5","GRIK1"
0,2.24905952667459,0.101,0.018,0,"5","PKIA-AS1"
0,2.01045949887168,0.104,0.021,0,"5","CBWD2"
0,1.82915073930641,0.109,0.027,0,"5","TESK2"
0,1.49863716310075,0.115,0.033,0,"5","MYOF"
0,1.6662894216648,0.109,0.027,0,"5","AC005670.3"
0,2.07176969761264,0.103,0.021,0,"5","RAB43"
0,1.5360722720368,0.112,0.031,0,"5","AC006059.1"
0,1.80344876364651,0.106,0.025,0,"5","C11orf80"
0,2.05816959450783,0.1,0.02,0,"5","HIST1H2BG"
0,1.76394585913732,0.106,0.027,0,"5","COL9A2"
0,1.98890846253461,0.101,0.023,0,"5","AP000919.3"
0,1.97404911420319,0.107,0.029,0,"5","HLF"
0,1.79919693694507,0.101,0.024,0,"5","MARCH2"
0,1.57753644276528,0.103,0.026,0,"5","HIST1H2BJ"
0,0.388209591667664,0.974,0.949,0,"5","HLA-B"
0,0.521137515967151,0.969,0.945,0,"5","HLA-A"
0,0.462646149499614,0.978,0.956,0,"5","TMSB10"
1.97626258336499e-323,0.958082379232925,0.278,0.129,1.77885371391266e-318,"5","CHCHD1"
1.97626258336499e-323,1.3156023239796,0.161,0.057,1.77885371391266e-318,"5","RAB33A"
2.96439387504748e-323,0.98876838632596,0.291,0.139,2.66828057086899e-318,"5","LRRC8B"
4.94065645841247e-323,1.35088910907702,0.188,0.073,4.44713428478164e-318,"5","DCP1B"
5.92878775009496e-323,1.36702436915964,0.136,0.044,5.33656114173797e-318,"5","C1orf50"
8.89318162514244e-323,0.672832992887084,0.526,0.322,8.00484171260696e-318,"5","KMT2A"
8.00386346262819e-322,0.891187603977677,0.333,0.169,7.20435754134626e-317,"5","FIP1L1"
3.08988654909116e-320,0.814247797367948,0.389,0.21,2.78123778170244e-315,"5","PTTG1"
3.39423098692936e-320,1.26563189636236,0.184,0.071,3.05518125364499e-315,"5","CHMP7"
3.90904738989594e-320,0.799891445773641,0.409,0.226,3.51857264611924e-315,"5","HADHA"
6.10566325130612e-320,1.15572307522625,0.189,0.074,5.49576854913316e-315,"5","ECI1"
1.66163169878036e-318,0.745661744511692,0.537,0.341,1.49565130838919e-313,"5","BABAM2"
5.6609448821715e-318,1.39264868974139,0.139,0.046,5.09547309789139e-313,"5","KDM4A"
8.39768318892825e-318,0.703519749961816,0.641,0.451,7.55883861518621e-313,"5","ENO1"
2.58079241443471e-317,0.659069998646175,0.645,0.443,2.32299706015683e-312,"5","EXOC4"
4.59018506374723e-317,1.50386569326132,0.141,0.047,4.13167147772952e-312,"5","CHST7"
1.21453746676802e-316,0.750896786480171,0.441,0.253,1.09321731921256e-311,"5","ANP32A"
1.51754387602416e-316,0.985109911028198,0.294,0.143,1.36595641824811e-311,"5","TNIP2"
3.09342326861035e-316,1.28608664651807,0.19,0.075,2.78442121830886e-311,"5","FANCL"
3.11958888640097e-316,0.571041707651788,0.72,0.531,2.80797315253838e-311,"5","SP100"
6.41574389010568e-316,1.31116071185967,0.169,0.063,5.77487523292302e-311,"5","CKMT2-AS1"
6.49863022030146e-316,0.714756892335046,0.453,0.263,5.84948204759555e-311,"5","IL2RB"
7.4056822762944e-316,0.994227575748864,0.299,0.147,6.66592867371535e-311,"5","DGKA"
1.37618624026425e-315,0.872059144384834,0.378,0.205,1.23871899672425e-310,"5","WDR7"
3.66666402114207e-315,1.42899909655827,0.113,0.033,3.30040095207019e-310,"5","RWDD3"
1.23868956646119e-314,1.60670056953598,0.103,0.028,1.11495686566738e-309,"5","AC139887.2"
6.2202901253695e-314,0.662195259734846,0.536,0.331,5.59894534474634e-309,"5","SNX6"
7.1546053155906e-314,1.1705902419806,0.188,0.074,6.43993179061626e-309,"5","MRPS28"
5.84102248943341e-313,1.6258562336411,0.104,0.029,5.25756275296391e-308,"5","TBCEL"
6.54655507203358e-313,0.589963126968306,0.725,0.539,5.89261968588815e-308,"5","PSMA7"
1.00581196462721e-312,0.85245226878443,0.53,0.347,9.05341407480597e-308,"5","PKM"
4.84504477765406e-312,0.762375091233439,0.471,0.281,4.3610732548142e-307,"5","ITFG1"
5.03668316352276e-312,1.18861590776371,0.146,0.049,4.53356888231847e-307,"5","MRPL38"
2.89336404024731e-311,0.847421254982576,0.409,0.232,2.60434590626701e-306,"5","PHPT1"
4.68991025943936e-311,0.997528353240085,0.253,0.115,4.22143512362396e-306,"5","E2F3"
2.48080178610108e-310,1.25739249098252,0.167,0.062,2.23299449568745e-305,"5","TRIB1"
7.72118168170015e-310,0.68698908761553,0.545,0.345,6.94991284351512e-305,"5","STK24"
1.83369754370083e-309,1.01866251265503,0.221,0.094,1.65052949606055e-304,"5","MRPS5"
3.9288525381498e-309,0.629757260382091,0.657,0.461,3.53639945811402e-304,"5","SERBP1"
7.75968442269123e-309,1.02731688525428,0.27,0.128,6.9845695457086e-304,"5","L3MBTL3"
7.86391745274839e-309,0.425591037870772,0.933,0.834,7.07839073839335e-304,"5","NACA"
1.2741577463373e-308,0.667108603816787,0.602,0.405,1.14688212905567e-303,"5","ATP5IF1"
1.51944728031772e-308,0.922036825755076,0.337,0.175,1.36766969148679e-303,"5","LINC00649"
2.50170484642892e-308,1.08009382312877,0.227,0.099,2.25180954931914e-303,"5","PXK"
4.45649004341264e-308,1.38119041402646,0.122,0.038,4.01133125297615e-303,"5","GTPBP6"
1.01179275909995e-307,1.02208014748961,0.239,0.105,9.10724780393458e-303,"5","ERCC5"
1.20178910282398e-307,1.33285823516136,0.166,0.062,1.08174238934289e-302,"5","SLC35E3"
2.99540469067622e-307,0.538061187851638,0.617,0.411,2.69619371612457e-302,"5","GALM"
8.97854309012502e-306,0.607085026700338,0.756,0.562,8.08167642085243e-301,"5","TANK"
1.92273340016812e-305,1.24907078511566,0.175,0.067,1.73067156082533e-300,"5","ANAPC10"
7.3361931704208e-305,1.27277820779762,0.146,0.05,6.60338083462747e-300,"5","HAUS3"
1.16531785460282e-304,0.686679905089436,0.608,0.411,1.04891425410655e-299,"5","CDKAL1"
6.36518318908191e-304,0.853233057561698,0.323,0.164,5.72936504032452e-299,"5","MRPS31"
1.43127302984886e-303,0.679935897787904,0.467,0.274,1.28830316689726e-298,"5","BTN3A2"
2.25409737810306e-303,0.826025968331441,0.327,0.166,2.02893559100435e-298,"5","RALGDS"
9.87009063708806e-303,1.11719667707687,0.177,0.068,8.88416728334934e-298,"5","MICAL3"
4.18456080631831e-302,1.41269206997146,0.106,0.031,3.76656502737518e-297,"5","AARS"
2.20061498470354e-301,1.3040363752779,0.163,0.061,1.98079555388151e-296,"5","CSAD"
3.23285666876257e-301,1.27870759605272,0.146,0.051,2.90992661611988e-296,"5","ZNF700"
4.86063386346134e-301,1.36311037569866,0.116,0.035,4.37510514684018e-296,"5","AP002336.2"
4.42347100480171e-300,1.57459670058345,0.115,0.035,3.98161048613207e-295,"5","JSRP1"
3.73925108113827e-299,0.629716172220172,0.66,0.464,3.36573729064337e-294,"5","LPP"
4.13123863938312e-299,1.06905157447095,0.212,0.09,3.71856921169514e-294,"5","YIPF6"
6.01250211197496e-298,0.923469420043783,0.286,0.14,5.41191327600978e-293,"5","GCHFR"
6.55306149695175e-298,0.74467364843832,0.377,0.203,5.89847618402124e-293,"5","RBM4"
8.63730968743128e-298,0.669437252023535,0.542,0.342,7.77452882275377e-293,"5","KIF5B"
1.04546086365175e-297,1.08324226855725,0.214,0.092,9.4102977798158e-293,"5","CREBL2"
1.46499068337378e-297,0.383453733928121,0.971,0.947,1.31865276401157e-292,"5","TPT1"
3.8729548294443e-296,0.593384142364516,0.647,0.443,3.48608537153111e-291,"5","PCED1B"
4.28634931506536e-296,0.565707089711272,0.666,0.465,3.85818588198348e-291,"5","COX5B"
1.03006811956659e-294,1.37402112964228,0.139,0.048,9.27174615103081e-290,"5","GCA"
1.0802275359203e-293,0.840742666807993,0.285,0.138,9.72323607357217e-289,"5","HM13"
2.21879522403287e-292,1.40124705343869,0.147,0.053,1.99715976910422e-287,"5","RIC3"
4.31890598385478e-292,0.566897933161263,0.693,0.499,3.88749046512753e-287,"5","RAC2"
7.26498151003242e-292,0.976256973360198,0.283,0.139,6.53928250699528e-287,"5","TRAK2"
7.96608911566422e-292,0.774968409942177,0.384,0.214,7.17035647390052e-287,"5","PSMD7"
1.58261328037105e-291,1.51348055239153,0.122,0.039,1.42452603979478e-286,"5","AKIP1"
2.32894969905823e-291,0.811578351266975,0.359,0.195,2.0963109136193e-286,"5","PSMC5"
3.59762713269293e-291,0.489737262721858,0.857,0.713,3.23826015840823e-286,"5","NPM1"
4.23404582416346e-290,1.10749060177257,0.193,0.08,3.81110698678777e-285,"5","LEPROT"
5.35137500261109e-290,1.0363932311242,0.21,0.09,4.81682615360026e-285,"5","LYRM4"
6.23360156874194e-289,1.33217165163644,0.111,0.034,5.61092710804031e-284,"5","ASMTL"
1.51534731017995e-288,1.09656047383863,0.143,0.05,1.36397926736607e-283,"5","ELMSAN1"
1.18689179766091e-287,1.33963353096272,0.119,0.038,1.06833317599256e-282,"5","A1BG"
1.30578923014483e-287,1.06412775722509,0.221,0.098,1.17535394394566e-282,"5","ZNF281"
1.83646737843528e-287,0.637027265352764,0.562,0.367,1.65302265200338e-282,"5","COPE"
9.61084723530858e-287,0.922346772869096,0.286,0.142,8.6508197049736e-282,"5","FOXO3"
3.20463307204166e-286,0.882083760811707,0.326,0.171,2.88452227447542e-281,"5","CPEB3"
3.8303274846419e-286,1.2598100848772,0.153,0.057,3.44771607220102e-281,"5","KLHL22"
2.05488602442758e-285,0.716930493608423,0.519,0.333,1.84962345944751e-280,"5","SLFN5"
2.92084322526272e-284,0.94576589698555,0.245,0.114,2.62908019549123e-279,"5","DESI1"
3.33586605280571e-284,1.07206341109163,0.2,0.085,3.00264639279095e-279,"5","PEX3"
6.59089498444133e-284,0.829672185859363,0.321,0.167,5.93253048444549e-279,"5","SAR1B"
3.54118224031084e-283,1.35890064641874,0.139,0.049,3.18745354632619e-278,"5","SAYSD1"
5.52872358241679e-283,0.495300691133902,0.761,0.573,4.97645938376917e-278,"5","APBB1IP"
7.74297179532563e-283,0.515181826719359,0.698,0.494,6.96952634269055e-278,"5","NCOA1"
9.95226377069462e-283,0.656179844811316,0.495,0.305,8.95813214263993e-278,"5","NDUFS6"
1.50018284515984e-282,0.550383678375222,0.68,0.489,1.35032958075682e-277,"5","ATRX"
1.79832629440502e-282,1.31350172270811,0.15,0.055,1.6186914808569e-277,"5","RFK"
7.05345134958728e-282,0.474588168158423,0.819,0.669,6.34888209427701e-277,"5","SUB1"
1.16247086424189e-281,1.09595103110652,0.188,0.078,1.04635164961277e-276,"5","PRDX4"
5.46531135693302e-281,0.726400975658111,0.444,0.264,4.91938140548898e-276,"5","NOL7"
6.8513553474044e-281,0.94974379474607,0.208,0.089,6.16697346175218e-276,"5","HNRNPUL2"
1.01706924693775e-280,0.803787340466998,0.331,0.175,9.15474199861136e-276,"5","BRI3"
1.33644980430416e-280,0.757636287433377,0.448,0.27,1.20295183335222e-275,"5","IL10RA"
1.35655708785334e-279,0.767642157860588,0.414,0.241,1.22105060034767e-274,"5","CRTC3"
2.05953926552603e-279,1.24104546874549,0.149,0.055,1.85381188829263e-274,"5","ACOX3"
1.34500916941113e-278,1.44565269075471,0.123,0.041,1.21065620347865e-273,"5","FUCA2"
1.57353789254539e-278,1.42088900583634,0.122,0.041,1.41635719245903e-273,"5","PIK3R3"
3.32900452585655e-278,1.13653377503216,0.165,0.064,2.99647026376874e-273,"5","ZMIZ2"
5.43436927830279e-278,1.46540648646355,0.134,0.047,4.89153013109312e-273,"5","NEMP2"
2.85573749760928e-277,1.26228750718722,0.104,0.031,2.57047787897309e-272,"5","IGHG2"
6.71564432957627e-277,0.722790321873016,0.432,0.269,6.0448186174949e-272,"5","IGLC2"
2.12864222992325e-276,0.524955607412924,0.696,0.498,1.91601215757622e-271,"5","DDX17"
2.9992647194634e-276,0.805719185720319,0.322,0.169,2.6996681666362e-271,"5","COMMD7"
6.66758459555993e-276,0.990744518746527,0.225,0.102,6.00155957030945e-271,"5","MOB1B"
7.90942209541044e-276,0.620154663664089,0.555,0.362,7.11934992229989e-271,"5","ARPC5"
7.93981294263047e-276,1.02363721529104,0.185,0.076,7.14670502779111e-271,"5","ARPC1A"
1.60541563121157e-275,0.838961196957357,0.338,0.183,1.44505066380984e-270,"5","GMDS-DT"
2.64205980684963e-274,1.16746764766681,0.17,0.068,2.37814445274342e-269,"5","TPMT"
5.14076468252003e-274,0.680702440171438,0.471,0.29,4.6272536983831e-269,"5","COX5A"
2.63344986777537e-273,0.839479136362507,0.294,0.149,2.37039456048329e-268,"5","SNX5"
7.55094311898762e-273,0.772479147617841,0.431,0.258,6.79667941083194e-268,"5","PPA1"
2.8453198644778e-272,0.679910675257808,0.425,0.249,2.56110086321511e-267,"5","MRPL51"
1.91956902463876e-271,0.557329697509101,0.699,0.514,1.72782327476759e-266,"5","HNRNPA3"
6.43415155072862e-271,0.84467483828555,0.296,0.152,5.79144415232634e-266,"5","TCF20"
8.41857004732546e-271,1.19776522996086,0.111,0.035,7.57763908529812e-266,"5","MGST2"
8.48597895249428e-271,0.710553293751464,0.452,0.275,7.63831451492962e-266,"5","SLC9A9"
1.09646085928258e-270,1.04028262954379,0.196,0.084,9.86935384048841e-266,"5","IKBKE"
3.02477555643236e-270,0.83255960771575,0.32,0.17,2.72263072610033e-265,"5","MESD"
3.21210003029172e-270,1.04393434946348,0.213,0.095,2.89124335826588e-265,"5","TMTC2"
7.43904720866643e-270,0.958365627563334,0.209,0.092,6.69596078299274e-265,"5","ERVK3-1"
1.537210649737e-269,0.611097579555932,0.579,0.387,1.38365867793477e-264,"5","TXN"
4.81442794189784e-269,0.710885930109689,0.434,0.26,4.33351473478167e-264,"5","COX17"
5.89870235582648e-269,0.829514823093068,0.334,0.18,5.30948097750298e-264,"5","PMVK"
7.81994620026156e-269,0.783636566279975,0.323,0.171,7.03881177431743e-264,"5","MLLT6"
7.82167033917935e-269,1.27985412572095,0.141,0.051,7.04036368899873e-264,"5","CEP63"
1.62524234596558e-268,0.676610264640553,0.466,0.286,1.46289688802708e-263,"5","RNF145"
2.26786113677303e-268,0.597465068639491,0.681,0.498,2.04132448782077e-263,"5","UBE2B"
1.51937008724361e-267,0.746188131851392,0.366,0.205,1.36760020922885e-262,"5","NDUFAB1"
1.64530035685292e-267,0.73188379907422,0.351,0.192,1.48095130420689e-262,"5","ANKH"
3.82796315509991e-267,0.590594846720361,0.585,0.394,3.44558791553698e-262,"5","ZNF638"
1.83181879652547e-266,0.430864439372788,0.814,0.649,1.64883841694054e-261,"5","CD247"
3.3482562694218e-266,0.801623527793952,0.32,0.169,3.01379895066925e-261,"5","FNIP1"
5.61096418495957e-266,0.662285789749752,0.428,0.251,5.05048497252396e-261,"5","PSAP"
1.42473086260412e-265,1.30202372855211,0.162,0.064,1.28241449673859e-260,"5","SLC14A1"
1.75029845825943e-265,0.912490268508976,0.295,0.154,1.5754611452639e-260,"5","GOLGA8B"
2.50766560513309e-265,0.531293567207158,0.663,0.471,2.25717488783634e-260,"5","ADK"
3.25978800260512e-265,0.839839847905081,0.279,0.14,2.93416777902489e-260,"5","NSUN6"
5.48451504326164e-265,0.59810316612818,0.53,0.339,4.93666683559023e-260,"5","RANBP9"
6.05842440321937e-265,0.672665950159103,0.426,0.252,5.45324838958178e-260,"5","DCP2"
1.71926864928176e-264,0.795617725956301,0.319,0.17,1.547530903905e-259,"5","TXNDC17"
2.13806684173212e-264,0.754527557779282,0.306,0.159,1.92449534491149e-259,"5","PSMB4"
3.82151027768182e-264,0.83412784845461,0.222,0.101,3.43977961604418e-259,"5","GNA12"
3.97157065171146e-264,0.7427431080771,0.392,0.226,3.574850459312e-259,"5","UGCG"
5.49633423995424e-264,0.491411882572246,0.745,0.563,4.94730541272521e-259,"5","IQGAP1"
2.44372049491193e-263,0.541759382943073,0.616,0.419,2.19961725467518e-258,"5","UQCR10"
5.41016752863579e-263,1.15883123587164,0.133,0.047,4.86974589420036e-258,"5","AC008875.3"
7.42034461675455e-263,1.27363028398579,0.148,0.056,6.67912639298693e-258,"5","DPYSL2"
8.73351822303838e-263,0.598469659480788,0.512,0.326,7.86112708773908e-258,"5","TRIP12"
3.62693250645585e-262,0.843235784793681,0.31,0.164,3.26463821838597e-257,"5","NDUFB5"
3.76350682298144e-262,1.05806132275049,0.183,0.077,3.38757012643382e-257,"5","GGCT"
4.90834630936896e-262,0.840776226018407,0.352,0.197,4.4180515965261e-257,"5","WAKMAR2"
7.44449685131219e-262,0.887980169287195,0.259,0.127,6.70086606083462e-257,"5","GLB1"
3.45847231351656e-261,0.738736961830411,0.41,0.243,3.11300551411939e-256,"5","RORA-AS1"
3.74402934239938e-261,0.62023373245863,0.476,0.294,3.37003825138711e-256,"5","ATP5F1C"
1.04632170362999e-260,0.932066305858819,0.228,0.106,9.41804628654391e-256,"5","RABL6"
1.10597831676111e-260,0.690802660419116,0.445,0.271,9.95502142699846e-256,"5","PSIP1"
2.51423158464615e-260,0.960894709325789,0.211,0.095,2.26308499165584e-255,"5","DMAC1"
4.27671649858027e-260,0.956987594814012,0.245,0.119,3.84951528753709e-255,"5","MTM1"
9.25023279704775e-260,0.588544465927028,0.547,0.357,8.32622704295065e-255,"5","SEC11A"
3.03454513270851e-259,0.720944832276964,0.369,0.208,2.73142441940226e-254,"5","PARP1"
3.38477060628921e-259,0.73676981369165,0.355,0.197,3.04666587042698e-254,"5","NDUFC1"
1.02008662273672e-258,1.22029015131227,0.135,0.049,9.18190169991553e-254,"5","BCAP29"
1.13749001103333e-258,0.683330929784693,0.41,0.242,1.02386613383121e-253,"5","ATP5F1A"
2.72950048609058e-258,0.6710491442493,0.471,0.293,2.45685068253499e-253,"5","GSK3B"
3.75349096400435e-258,0.685241290835396,0.41,0.241,3.37855475160995e-253,"5","DECR1"
1.24170792816193e-257,0.726218990326561,0.407,0.241,1.11767372321784e-252,"5","FTO"
1.30371040739039e-257,1.24900425363051,0.107,0.034,1.17348277479616e-252,"5","CMTM1"
1.49222381332802e-257,0.74158525167487,0.362,0.203,1.34316557661469e-252,"5","TNFRSF14"
2.08158986641563e-257,0.454459979449902,0.724,0.536,1.87365985465937e-252,"5","NFAT5"
5.0277207474127e-257,1.01766107032405,0.219,0.101,4.52550172195365e-252,"5","MAP1LC3A"
3.33862987473196e-256,0.639485739123501,0.485,0.305,3.00513413654499e-251,"5","PSMA5"
5.57362113403811e-256,1.45299821409612,0.138,0.051,5.01687211895904e-251,"5","SNED1"
7.06043599161389e-256,0.800306918893971,0.331,0.181,6.35516904041158e-251,"5","IRAK4"
8.87163058215887e-256,0.555192955698374,0.623,0.429,7.98544340330702e-251,"5","SF3B1"
2.11136807355198e-255,0.850643709865376,0.348,0.196,1.90046351668488e-250,"5","CPEB4"
2.31655171291612e-255,0.671537984576357,0.407,0.238,2.08515136231293e-250,"5","PSMB6"
5.74464661321621e-255,0.644397249726451,0.63,0.467,5.17081386302204e-250,"5","TTC39C"
5.9469787621552e-255,0.435945390068344,0.777,0.581,5.35293505360352e-250,"5","RORA"
5.52155624452647e-254,1.11860714429778,0.171,0.071,4.97000799126072e-249,"5","ZNF37A"
5.82921194806765e-254,0.783404660410297,0.365,0.208,5.24693196657518e-249,"5","SAMD9L"
1.20170743668499e-253,0.629038705452964,0.552,0.367,1.08166888083453e-248,"5","TPR"
1.71308484948845e-253,0.402203802513146,0.921,0.819,1.54196480387305e-248,"5","HLA-E"
1.76124341056928e-253,0.807934564537871,0.3,0.158,1.58531280628752e-248,"5","IKBKB"
1.78599558616857e-253,0.683963014386244,0.31,0.161,1.60759248706619e-248,"5","TOMM5"
2.45955206231672e-253,0.863146263838876,0.273,0.139,2.21386740681191e-248,"5","SMC6"
2.58218837229367e-253,0.930595464744887,0.256,0.127,2.32425357578525e-248,"5","MARF1"
5.88318301836557e-253,1.34259262093915,0.103,0.032,5.29551186666103e-248,"5","CASTOR3"
6.2809889501519e-253,0.557469136342596,0.578,0.387,5.65358096392122e-248,"5","GNAI2"
1.93926302529181e-252,0.850631441426632,0.301,0.16,1.74555004169541e-247,"5","CCDC32"
3.27287262488393e-252,1.2559436040522,0.13,0.047,2.94594537838428e-247,"5","PITPNM2"
8.0530566838279e-252,1.16536061484028,0.128,0.046,7.24863685168033e-247,"5","AKAP17A"
8.12344371034363e-252,0.933707029837098,0.214,0.098,7.31199291811741e-247,"5","PARD6G"
1.03271307624613e-251,0.632740875241133,0.541,0.359,9.29555367059902e-247,"5","CDKN1B"
2.91949686442769e-251,0.575220533972708,0.619,0.433,2.62786832264001e-246,"5","TCF12"
4.56169626909079e-251,0.839106371457448,0.261,0.131,4.10602842877131e-246,"5","NBR1"
4.93437151431485e-251,0.945998556611773,0.234,0.112,4.44147714374994e-246,"5","PAPSS1"
5.51687338939637e-251,1.38538702744622,0.171,0.073,4.96579290652957e-246,"5","MAL"
6.4945696012511e-251,0.998041743731664,0.209,0.095,5.84582704378212e-246,"5","LRRC37B"
8.23011938830145e-251,0.749239382835676,0.321,0.173,7.40801276260402e-246,"5","CWC15"
2.30085251107608e-250,0.509080118669208,0.633,0.44,2.07102035374469e-245,"5","TERF2IP"
3.56328748108333e-249,0.602483944505039,0.537,0.353,3.20735069459792e-244,"5","RGS10"
4.84378780033166e-249,1.08329722211718,0.152,0.059,4.35994183695653e-244,"5","HEATR5A"
7.30017529571414e-249,1.3766769970397,0.122,0.043,6.57096078542526e-244,"5","ZCCHC14"
1.90910952284828e-248,0.89889295514467,0.454,0.297,1.71840857261096e-243,"5","NCALD"
2.52826425128336e-248,0.921588811630287,0.278,0.144,2.27571593522267e-243,"5","ANTXR2"
2.93427772617585e-248,0.622404296926045,0.462,0.285,2.64117272410815e-243,"5","CLTA"
3.92386459682499e-248,0.828177092182949,0.301,0.16,3.53190976224814e-243,"5","SLC16A1"
5.2321446536703e-248,0.547710692642238,0.72,0.542,4.70950572421517e-243,"5","RGS1"
7.32502083227167e-248,0.649481577668093,0.44,0.27,6.59332450133605e-243,"5","ARPP19"
1.99194736642276e-247,1.2668047423373,0.142,0.054,1.79297174399079e-242,"5","LY96"
2.84781668082647e-247,0.495856533114894,0.734,0.558,2.56334827257871e-242,"5","EDF1"
5.20386830547521e-247,0.916117999039801,0.256,0.129,4.68405390044129e-242,"5","LINC01588"
1.07796553062478e-246,0.595801788420099,0.557,0.376,9.70287553770675e-242,"5","AFF1"
1.32724096170284e-246,0.725815338770367,0.33,0.18,1.19466286203835e-241,"5","ELK3"
4.30387771700776e-246,0.620981040207084,0.415,0.243,3.87396337185586e-241,"5","IDS"
4.36617124845875e-246,0.541213722532868,0.643,0.453,3.93003440245021e-241,"5","ARL15"
4.65598102196555e-246,0.699974885102977,0.362,0.205,4.19089507768141e-241,"5","CSK"
1.17467704958284e-245,0.802935074448428,0.263,0.131,1.05733855910001e-240,"5","PSMD9"
1.4478889342883e-245,0.653234456477012,0.437,0.267,1.30325930864224e-240,"5","FIS1"
3.02661055863846e-245,0.909800579405737,0.312,0.171,2.72428242993606e-240,"5","PIM3"
5.61792847795297e-245,0.669930149914011,0.392,0.228,5.05675360229025e-240,"5","RHOG"
5.65655150885904e-245,0.791198096568484,0.286,0.149,5.09151857863911e-240,"5","NECAP2"
8.42361605137537e-245,0.733327899348502,0.429,0.264,7.58218104400348e-240,"5","ADD3"
1.87972517502357e-244,0.681997908341393,0.366,0.208,1.69195942729047e-239,"5","SRP19"
1.98909212469985e-244,0.995348877855794,0.224,0.107,1.79040171236358e-239,"5","CCDC7"
2.50451523767762e-244,0.502635008354465,0.652,0.466,2.254339210586e-239,"5","ACTR2"
3.6271208484571e-244,0.722924894306409,0.356,0.201,3.26480774690472e-239,"5","SLAIN2"
4.35084335560344e-244,0.678036871633891,0.381,0.22,3.91623761281221e-239,"5","CHD3"
4.87703089950402e-244,0.570941322418027,0.491,0.309,4.38986428295256e-239,"5","WASF2"
6.09482962786666e-244,0.762054027496542,0.377,0.22,5.48601709633906e-239,"5","NDUFAF6"
7.3694983886844e-244,0.93795333121147,0.203,0.092,6.63335919463872e-239,"5","CCL20"
3.93598835419324e-242,0.895774776837904,0.179,0.076,3.54282247749288e-237,"5","DNAJC5"
9.52668308266815e-242,1.14207501329488,0.168,0.071,8.57506270954043e-237,"5","MBIP"
1.43785470331398e-241,0.652990591131782,0.433,0.264,1.29422739699995e-236,"5","CMTM6"
1.45429181278426e-241,0.947236686778147,0.217,0.102,1.30902260360524e-236,"5","TAPT1"
2.0686859185416e-241,0.526881835497469,0.551,0.363,1.86204488213848e-236,"5","RAB10"
2.15110204702332e-241,0.622726512689289,0.463,0.289,1.93622846354616e-236,"5","ATG5"
2.29694714916012e-241,0.69051425073782,0.376,0.218,2.06750509843051e-236,"5","MIB1"
5.31629463867828e-241,0.973169452475507,0.258,0.131,4.78524996722071e-236,"5","RBKS"
5.43865682214905e-241,1.20605532371985,0.245,0.124,4.89538939218458e-236,"5","DGKE"
1.09908567406623e-240,0.762355181590509,0.248,0.123,9.89298006083758e-236,"5","GNA15"
2.30323636042647e-240,0.654976754942826,0.446,0.278,2.07316608038347e-235,"5","RNGTT"
6.93120118976772e-240,0.888771217111377,0.239,0.117,6.23884350292183e-235,"5","SUSD3"
1.51534223805772e-239,0.79387814092839,0.339,0.193,1.36397470189814e-234,"5","CCDC6"
4.87838577675502e-239,0.873655904543125,0.231,0.111,4.39108382151496e-234,"5","ANTKMT"
5.62026282310835e-239,0.977502439174076,0.199,0.091,5.05885476970806e-234,"5","TAB3"
6.56004073317831e-239,0.814048643014587,0.261,0.132,5.90475826434113e-234,"5","FNTA"
6.69899533523104e-238,0.589258942338976,0.538,0.361,6.02983269119481e-233,"5","CAB39"
1.93495058680203e-237,1.27885547307428,0.117,0.041,1.74166837268637e-232,"5","SLC35A1"
3.02269570780773e-237,0.595125119417977,0.593,0.412,2.72075863355482e-232,"5","NEDD9"
7.77178373592487e-237,0.557313507192531,0.625,0.449,6.99546025854334e-232,"5","VPS13B"
3.87512400966233e-236,0.603445898432488,0.473,0.298,3.48803787233716e-231,"5","OCIAD2"
6.11655179601903e-236,0.911947235473892,0.202,0.093,5.50556943711469e-231,"5","HERC6"
1.13551536612959e-235,0.608568310411846,0.78,0.645,1.02208873620691e-230,"5","TRBC2"
1.23616308313247e-235,0.717234961901766,0.314,0.17,1.11268275275837e-230,"5","CERK"
1.42782416938557e-235,1.06155066288146,0.131,0.049,1.28519881310564e-230,"5","H2AFX"
1.63207796541637e-235,0.878750667209947,0.271,0.141,1.46904969745093e-230,"5","TET3"
4.34276183769698e-235,0.584834369641853,0.422,0.253,3.90896335772943e-230,"5","MTPN"
6.28770915122798e-235,1.39243571470368,0.101,0.033,5.65962988411181e-230,"5","LINC02539"
2.77071684304103e-234,0.443889170308741,0.771,0.601,2.49394993758966e-229,"5","ARPC3"
2.89234768602797e-234,0.980348813607876,0.18,0.079,2.60343107567064e-229,"5","DCPS"
6.97742348118849e-234,0.658181124000306,0.376,0.219,6.28044864965257e-229,"5","ANXA7"
1.03869677041604e-233,1.40149020977091,0.12,0.044,9.34941350019179e-229,"5","KBTBD8"
1.16885426046721e-232,0.560847924312562,0.495,0.319,1.05209740838914e-227,"5","PSMB3"
3.53807382640811e-232,0.426536209517397,0.894,0.787,3.18465563188821e-227,"5","ACTG1"
5.61872085628571e-232,0.485573006653052,0.684,0.503,5.05746682995133e-227,"5","SRPK2"
6.38978765859449e-232,1.04912197148014,0.171,0.074,5.75151176937748e-227,"5","ANKRD33B"
1.40123810819437e-231,1.17018021553781,0.107,0.036,1.26126843356684e-226,"5","HIST1H3D"
1.61879975837464e-231,0.658007610957787,0.446,0.28,1.4570978505106e-226,"5","ISCU"
2.34424134712431e-231,1.14196028446853,0.149,0.06,2.11007507896007e-226,"5","ACTR3C"
3.04150879982112e-231,0.522188511134179,0.653,0.477,2.73769248580699e-226,"5","ACTR3"
3.18886437603193e-231,0.660882683961697,0.368,0.214,2.8703287135101e-226,"5","UBASH3B"
1.03317676055553e-230,1.2422297782194,0.105,0.035,9.29972733943635e-226,"5","WBP1"
1.21583254542054e-230,1.19495704456699,0.122,0.045,1.09438303245848e-225,"5","UPK3BL1"
1.81969344829345e-230,0.589780584748885,0.659,0.495,1.63792426974342e-225,"5","PICALM"
2.48378326745646e-230,1.21482495777456,0.129,0.048,2.23567815687024e-225,"5","ZMYM6"
2.98960575854016e-230,0.851907801057967,0.229,0.112,2.69097403931959e-225,"5","SQOR"
3.15186390786162e-230,0.738238568268503,0.32,0.178,2.83702422210532e-225,"5","AIMP1"
4.25632361553819e-230,0.543461145245613,0.659,0.482,3.83115944958208e-225,"5","NCOA2"
4.90093308865236e-230,1.03685661553327,0.156,0.065,4.41137888242688e-225,"5","BTLA"
6.10439228933689e-230,1.1927540026665,0.117,0.042,5.49462454355503e-225,"5","GM2A"
6.64151799458989e-230,0.477876908280787,0.642,0.453,5.97809676211031e-225,"5","TBL1XR1"
8.74176014568644e-230,0.762415815762652,0.278,0.147,7.86854572473382e-225,"5","PSMD11"
1.95665578488765e-229,0.442374600739257,0.783,0.615,1.76120543853522e-224,"5","RHOH"
3.33115663875434e-229,0.621779540171261,0.433,0.267,2.99840740210917e-224,"5","PTEN"
1.35438080811393e-228,0.594232928451676,0.459,0.289,1.21909170919143e-223,"5","JAK3"
1.71138293024321e-228,1.06991416049828,0.151,0.062,1.54043288934121e-223,"5","MYL6B"
2.79899594736393e-228,0.686895184284365,0.403,0.245,2.51940424218175e-223,"5","TSPAN14"
3.85630030157867e-228,0.484651797160961,0.738,0.565,3.47109446445398e-223,"5","EPC1"
4.98044376727977e-228,0.889469873521106,0.176,0.076,4.48294723936619e-223,"5","FAM102B"
1.1498787591503e-227,0.91862073921647,0.197,0.091,1.03501736989878e-222,"5","ARF3"
1.50421634295174e-227,1.10826395927311,0.175,0.078,1.35396017245429e-222,"5","PLAGL1"
3.80548444795636e-227,0.687917760514665,0.338,0.192,3.42535460645e-222,"5","CD82"
7.1506609614502e-227,0.3484521791883,0.887,0.746,6.43638143801093e-222,"5","HMGB1"
9.87255374674992e-227,0.49080221052432,0.831,0.697,8.88638435298707e-222,"5","SYNE2"
1.37853803852139e-226,0.667365224233867,0.362,0.21,1.24083587385348e-221,"5","BICRAL"
4.90851961514857e-226,0.551490748737027,0.603,0.428,4.41820759079138e-221,"5","SLC25A3"
6.25311036245783e-226,0.388335910168134,0.921,0.854,5.62848716835192e-221,"5","ATP5F1E"
7.39690486463692e-226,0.556758194769213,0.545,0.37,6.65802803770834e-221,"5","ATP5MC3"
1.3657860146371e-225,0.598863321126616,0.448,0.281,1.229357649635e-220,"5","FMNL1"
1.74803186663364e-225,0.687633619865012,0.426,0.265,1.57342096347561e-220,"5","SAMD9"
2.59852727033802e-225,1.07615593397973,0.136,0.053,2.33896038130396e-220,"5","ST6GALNAC6"
3.99831703093989e-225,0.887105588167598,0.175,0.077,3.5989251427193e-220,"5","UTS2"
8.74558149374157e-225,0.742981427140752,0.292,0.158,7.87198535833172e-220,"5","AGPAT3"
1.04597239061041e-224,0.511595340500617,0.576,0.394,9.41490208512339e-220,"5","HCLS1"
1.21360577990161e-224,0.633074229681146,0.419,0.257,1.09237869854724e-219,"5","RCAN3"
5.15016533650759e-224,0.546202981467552,0.542,0.366,4.63571532104385e-219,"5","HNRNPD"
7.14980484718656e-224,0.683303696332292,0.369,0.218,6.4356108410011e-219,"5","NME3"
9.8282328971774e-224,0.535204825533473,0.616,0.437,8.84649071307835e-219,"5","WSB1"
1.45709346940015e-223,0.686471488889943,0.343,0.196,1.31154440274177e-218,"5","CXCR6"
1.92438493004475e-223,0.58907639390355,0.465,0.298,1.73215811938258e-218,"5","RAD21"
1.10942225666523e-222,0.491866144957964,0.727,0.563,9.98602067446941e-218,"5","STAT3"
1.15333638049564e-222,0.923166770032657,0.212,0.102,1.03812960944793e-217,"5","SRFBP1"
3.29772768473363e-222,0.806242833862801,0.303,0.168,2.96831766630559e-217,"5","IRF4"
7.77996527373268e-222,0.626034847668043,0.393,0.236,7.00282454253952e-217,"5","GIGYF2"
8.4889343332182e-222,0.610303609729147,0.41,0.249,7.64097468267303e-217,"5","TMEM14B"
1.50936254491196e-221,0.654049377728532,0.449,0.286,1.3585923203007e-216,"5","CSGALNACT2"
8.21277511432775e-221,0.819621883201166,0.209,0.099,7.39240100815755e-216,"5","ZNF83"
2.95291542076601e-220,1.03058766162195,0.168,0.073,2.65794869938569e-215,"5","PGS1"
3.41143674828878e-220,0.571937785362812,0.523,0.351,3.07066833150221e-215,"5","LBH"
5.72940899631152e-220,0.461160847602036,0.73,0.568,5.15709833166996e-215,"5","CCNI"
8.88100432242187e-220,0.506721430432509,0.276,0.145,7.99388080065515e-215,"5","NFE2L3"
9.10622953863131e-220,0.494090865693167,0.645,0.469,8.19660827001743e-215,"5","RUNX1"
1.0274905491912e-219,0.875743914005535,0.248,0.128,9.2485451823249e-215,"5","KIAA0040"
1.23826878286305e-219,1.00265922738694,0.125,0.047,1.11457811414286e-214,"5","HIST2H2AC"
2.81371185755241e-219,0.851744758656113,0.239,0.121,2.5326501801015e-214,"5","BLOC1S6"
4.83043596477878e-219,0.746080586293106,0.296,0.162,4.34792371625703e-214,"5","MTIF3"
6.19545930551271e-219,0.509400849762629,0.607,0.429,5.57659487548505e-214,"5","TBC1D5"
6.55392010800658e-219,0.74742985355923,0.272,0.144,5.8992490284178e-214,"5","ASCC1"
1.20492649277412e-218,0.634091743150929,0.414,0.255,1.08456638541091e-213,"5","YPEL3"
1.76102170924234e-218,0.48729583892313,0.579,0.397,1.58511325070612e-213,"5","PAM"
2.13772392802891e-218,0.671211189660462,0.362,0.214,1.9241866848581e-213,"5","GSTO1"
2.31592977582125e-218,0.906691276182471,0.189,0.087,2.08459155051447e-213,"5","EEF1E1"
6.59626910253248e-218,0.529292834118898,0.5,0.324,5.93736778188051e-213,"5","RSBN1L"
8.20371394206063e-218,1.18753417655978,0.141,0.057,7.3842449563882e-213,"5","RRAGB"
1.16515379705737e-217,1.25422371355741,0.114,0.042,1.04876658426931e-212,"5","SCLY"
1.34606621614992e-217,1.36172762817534,0.115,0.042,1.21160766181871e-212,"5","HECW2"
2.47627626462355e-217,0.897821806998389,0.221,0.109,2.2289210285503e-212,"5","CEP135"
2.97741573179849e-217,0.491855309990637,0.61,0.435,2.68000167434914e-212,"5","TRPS1"
3.12900386873048e-217,0.91118265545631,0.279,0.152,2.81644767228299e-212,"5","LAX1"
3.14866207796103e-217,0.695553496737836,0.312,0.173,2.83414222299351e-212,"5","PMF1"
3.22842979795213e-217,0.544003769684251,0.563,0.387,2.90594194543469e-212,"5","ABI1"
3.65977588748353e-217,0.607747390445624,0.423,0.262,3.2942008740828e-212,"5","PJA2"
4.46448681938943e-217,0.582423147045797,0.406,0.247,4.01852923100062e-212,"5","AURKAIP1"
4.90636173974977e-217,0.953879378907194,0.192,0.089,4.41626526556617e-212,"5","INPP1"
5.71275069841618e-217,0.584693312010365,0.461,0.296,5.14210403115139e-212,"5","LMBRD1"
1.17229043419049e-216,0.905549131101125,0.238,0.122,1.0551903427192e-211,"5","GEM"
1.50956770246307e-216,0.771677585456817,0.21,0.101,1.35877698466404e-211,"5","WDTC1"
2.38607676786154e-216,0.551627101228197,0.532,0.36,2.14773155951985e-211,"5","VAMP8"
5.99131619240332e-216,0.58691219540511,0.389,0.233,5.39284361794415e-211,"5","SMC3"
6.75945901192475e-216,0.908087716923862,0.193,0.09,6.08425665122359e-211,"5","MGME1"
7.15372321353561e-216,0.568856785053876,0.468,0.301,6.43913780173553e-211,"5","TCEA1"
8.18910133138116e-216,1.0622858967898,0.158,0.068,7.3710919993895e-211,"5","BTN2A2"
8.46259998127729e-216,1.79528887500159,0.113,0.041,7.6172708691475e-211,"5","ANKS1B"
1.05217775909408e-215,0.651240452950643,0.404,0.247,9.47075722738169e-211,"5","GATA3"
1.05289360762167e-215,0.806767974096218,0.2,0.094,9.47720065156338e-211,"5","PABPN1"
1.21726934772607e-215,0.645759725459619,0.45,0.29,1.09567631258171e-210,"5","PDIA6"
1.73534956054199e-215,0.789896275847393,0.271,0.145,1.56200549293945e-210,"5","FAM89B"
7.87361694698971e-215,0.588592324951336,0.401,0.244,7.08712135015491e-210,"5","NUMB"
9.47191706180176e-215,0.609711223268834,0.427,0.268,8.52576726649838e-210,"5","PCMTD1"
9.98092703400955e-215,0.673356664491099,0.317,0.178,8.98393223258233e-210,"5","HADHB"
2.4051413087186e-214,1.09604586820554,0.178,0.081,2.1648917433907e-209,"5","SATB1-AS1"
4.87238716757255e-214,0.463182425058438,0.728,0.55,4.38568441340373e-209,"5","CIRBP"
6.79393246874541e-214,0.974128508499029,0.175,0.079,6.11528655444243e-209,"5","SLC30A6"
1.61549140330059e-213,1.3554981637436,0.103,0.036,1.4541199670249e-208,"5","LINC00239"
1.77199315950712e-213,0.492731679370195,0.674,0.499,1.59498876280396e-208,"5","ATP6V0E1"
2.57593302985896e-213,1.00993051627151,0.168,0.075,2.31862307950635e-208,"5","PTPN9"
7.16523769425021e-213,0.691775116562575,0.29,0.158,6.44950210097156e-208,"5","CTSB"
8.19717099437046e-213,1.32266809365866,0.136,0.055,7.37835558374279e-208,"5","CCDC71L"
1.5066461439668e-212,0.460774151594497,0.686,0.51,1.35614726064596e-207,"5","TMBIM6"
2.1960146386228e-212,0.896839444017905,0.195,0.092,1.97665473637077e-207,"5","CRCP"
2.28136276641839e-212,0.746671273267411,0.312,0.177,2.05347743968086e-207,"5","CEP192"
3.8761271644266e-212,0.888165318569601,0.132,0.052,3.48894082197202e-207,"5","FXYD3"
6.54858312684373e-212,0.548667801397521,0.511,0.34,5.89444515830331e-207,"5","TOMM20"
1.06443253207916e-211,0.642190801394292,0.414,0.259,9.58106366449774e-207,"5","HDAC4"
1.42693702462317e-211,0.556869910014848,0.533,0.363,1.28440028523356e-206,"5","UBXN1"
1.81511318073497e-211,0.507898640866578,0.582,0.408,1.63380152511135e-206,"5","LDHB"
1.95328501672892e-211,1.14424352800289,0.105,0.037,1.75817137640787e-206,"5","C1QB"
2.10236850391788e-211,0.716077493580539,0.316,0.179,1.89236291406153e-206,"5","RHBDD2"
2.8390640920238e-211,0.892689755842004,0.241,0.125,2.55546997987154e-206,"5","SETDB2"
8.16821474623393e-211,0.584762350190692,0.443,0.281,7.35229177523262e-206,"5","PPP4R2"
1.51886634976605e-210,0.698933451420497,0.308,0.173,1.36714679008792e-205,"5","R3HCC1L"
1.73776448535858e-210,0.424502719672527,0.586,0.4,1.56417919091611e-205,"5","CKLF"
2.8663330140694e-210,0.540027480013381,0.494,0.325,2.58001500929401e-205,"5","NDUFB4"
7.78359039264667e-210,0.883259490286343,0.293,0.165,7.00608754832519e-205,"5","C17orf67"
9.20737460414663e-210,0.701666293157436,0.318,0.181,8.28764995493842e-205,"5","PPP1R7"
1.75288074397922e-209,0.383078920255328,0.762,0.601,1.57778548646314e-204,"5","SH3KBP1"
1.87777628547934e-209,0.689112595035996,0.299,0.166,1.69020521232281e-204,"5","MAT2B"
2.39995361583399e-209,1.31552534656453,0.103,0.036,2.16022224914833e-204,"5","SNX24"
2.58049567221035e-209,0.92315169367045,0.228,0.117,2.32272995951326e-204,"5","SLC35F1"
4.38629316901662e-209,0.501398833346311,0.562,0.385,3.94814634436355e-204,"5","NUCKS1"
4.53364799755012e-209,0.506175834208317,0.522,0.349,4.08078189907484e-204,"5","NOP10"
5.91653241339425e-209,1.03480050259178,0.16,0.07,5.3255299906203e-204,"5","TMA16"
1.19779948203229e-208,0.760553256824581,0.252,0.132,1.07815129177208e-203,"5","EIF2AK1"
1.43373698802689e-208,0.825369863132292,0.213,0.104,1.29052100029289e-203,"5","TUG1"
3.11228294673539e-208,0.55756738782777,0.464,0.3,2.80139700318599e-203,"5","NRDC"
4.23084049690674e-208,0.416655208319144,0.698,0.526,3.80822183967073e-203,"5","CORO1A"
5.59981978393811e-208,0.741226291667973,0.264,0.141,5.04045378572053e-203,"5","ATP11A"
5.87030163659253e-208,1.10945777534936,0.14,0.058,5.2839172061133e-203,"5","CBX7"
7.96675094814103e-208,1.03431777316323,0.148,0.062,7.17095219593122e-203,"5","TMEM63A"
1.20336546787716e-207,1.2099645548249,0.127,0.05,1.08316129129091e-202,"5","BLOC1S5"
1.36572045414837e-207,0.704075034021324,0.291,0.161,1.22929863798349e-202,"5","PSMD1"
1.41463704672641e-207,0.549148945616248,0.47,0.305,1.27332895212891e-202,"5","VPS28"
1.666237771529e-207,0.865594722131733,0.206,0.1,1.49979728053097e-202,"5","PARL"
1.68617173684457e-207,0.691242890969173,0.327,0.189,1.51774004205116e-202,"5","PCCA"
2.04946921502609e-207,0.978127807280327,0.172,0.078,1.84474773513714e-202,"5","SLX4IP"
2.25222391410759e-207,1.0090385042758,0.134,0.054,2.02724926732738e-202,"5","TCEAL4"
2.53666602567246e-207,0.488237504521397,0.54,0.364,2.28327845636804e-202,"5","LCP2"
6.48553369273162e-207,0.588972628707409,0.358,0.21,5.83769373216466e-202,"5","AP2S1"
6.87238412467587e-207,0.720715681965525,0.285,0.157,6.18590167446199e-202,"5","ZCRB1"
7.76048730869138e-207,0.508122925927241,0.52,0.346,6.9852922314262e-202,"5","NDUFA11"
1.43778322096465e-206,1.18536171089288,0.105,0.038,1.29416305502249e-201,"5","DEPDC5"
2.34231587600305e-206,0.568617190108458,0.468,0.305,2.10834194314911e-201,"5","RFX7"
4.05857048860173e-206,0.732808987960366,0.276,0.15,3.6531598824953e-201,"5","TG"
4.23183697825695e-206,0.661492659201154,0.323,0.185,3.80911878249886e-201,"5","MRPS34"
5.337435013768e-206,0.552789332597674,0.497,0.33,4.80427863024272e-201,"5","HNRNPH3"
6.0640585046866e-206,0.765063930834304,0.225,0.114,5.45831970065346e-201,"5","PRDX3"
8.03802966195051e-206,0.766737742769275,0.231,0.117,7.23511087901827e-201,"5","NAPG"
2.63750119371007e-205,0.994408496947762,0.22,0.112,2.37404119947037e-200,"5","BCL2L1"
4.3164210580527e-205,0.717114892570752,0.296,0.165,3.88525375856382e-200,"5","DGLUCY"
1.22572961290535e-204,0.555273012927599,0.447,0.286,1.10329148187224e-199,"5","RNASET2"
1.38340353045287e-204,0.525909502017751,0.486,0.319,1.24521535179593e-199,"5","PHF21A"
1.95026778145808e-204,0.930171614546613,0.194,0.094,1.75545553276823e-199,"5","NME1"
3.12056905863088e-204,1.02565943600469,0.151,0.065,2.80885541536424e-199,"5","STRADA"
6.15218944412616e-204,0.562941596736784,0.41,0.254,5.53764724055239e-199,"5","NDUFA12"
1.64902280453998e-203,0.570314211304419,0.401,0.246,1.48430191659448e-198,"5","IRF2"
1.97436754634723e-203,1.2153322411707,0.1,0.035,1.7771479721426e-198,"5","AC044849.1"
3.32514749440121e-203,1.16756698068941,0.11,0.041,2.99299851118547e-198,"5","AMZ1"
4.59468444083361e-203,0.427100873497829,0.675,0.499,4.13572141203874e-198,"5","UBE2D2"
5.68452681179047e-203,0.450599142152346,0.647,0.477,5.11669942856072e-198,"5","COX8A"
1.13801466648313e-202,0.92434806559046,0.192,0.092,1.02433838144813e-197,"5","RBM19"
1.48290962893171e-202,0.542389500737359,0.414,0.257,1.33478178609772e-197,"5","NDUFB7"
4.18350309452956e-202,0.724560212540576,0.276,0.152,3.76561297041701e-197,"5","TBCK"
4.37983618711575e-202,0.782839599440643,0.241,0.125,3.94233435038476e-197,"5","KRIT1"
4.38508551522713e-202,0.624874762802499,0.596,0.422,3.94705932311109e-197,"5","ISG15"
1.11463876748142e-201,0.696299929098713,0.278,0.153,1.0032975009977e-196,"5","PGLS"
1.61815425318271e-201,0.395768512044067,0.834,0.689,1.45651682483229e-196,"5","CHST11"
1.89936085030122e-201,0.5936574344375,0.386,0.235,1.70963369496463e-196,"5","CMC2"
2.50867044747529e-201,0.634904088682917,0.436,0.281,2.25807935647698e-196,"5","LGALS3"
6.76440100482827e-201,0.746734876031654,0.265,0.143,6.08870498845597e-196,"5","EXOC1"
7.70247507568141e-201,0.503195969178485,0.508,0.341,6.9330748403716e-196,"5","RBX1"
1.43075414093109e-200,0.668442858437373,0.357,0.216,1.28783610979348e-195,"5","VAMP5"
2.27355331914132e-200,0.714185498276523,0.285,0.158,2.04644807809229e-195,"5","HEBP2"
2.90172160112898e-200,0.529303331244035,0.616,0.452,2.61186863039221e-195,"5","EPB41"
3.01837267942337e-200,0.935337381108395,0.157,0.069,2.71686743247577e-195,"5","PAFAH1B3"
4.67226059329797e-200,0.597730321793484,0.409,0.256,4.20554848263343e-195,"5","MRPL57"
2.19438265887959e-199,0.652443005183316,0.295,0.165,1.97518577508411e-194,"5","NUMA1"
2.49633388976026e-199,0.343755847710588,0.893,0.773,2.24697509751211e-194,"5","CALM1"
8.59448454796816e-199,0.455780700191786,0.692,0.528,7.73598148647162e-194,"5","EIF3K"
1.33191869204801e-198,0.707514314836914,0.251,0.132,1.19887333389933e-193,"5","RNPEPL1"
5.00609585577631e-198,0.796526510224483,0.218,0.11,4.50603694074282e-193,"5","PHF19"
5.71993428018356e-198,1.25369538064332,0.126,0.051,5.14857004493602e-193,"5","LINC02320"
7.21034029211551e-198,0.801523536244941,0.249,0.133,6.49009940033609e-193,"5","TMEM140"
6.55946887770412e-197,0.911939800371375,0.181,0.086,5.90424353151026e-192,"5","AMMECR1"
7.38627197781642e-197,1.09804007206638,0.109,0.041,6.64845726995234e-192,"5","ARMCX6"
1.18655529649168e-196,0.58602535686967,0.372,0.225,1.06803028792513e-191,"5","RAB14"
1.32775198687345e-196,0.609995243473903,0.382,0.235,1.19512284090466e-191,"5","MPC2"
1.50456584783046e-196,1.09408166884946,0.131,0.053,1.35427476529067e-191,"5","ZHX1"
3.50907227662863e-196,0.882191423835171,0.173,0.08,3.1585510469162e-191,"5","MRPL40"
3.84351071933262e-196,0.543300216308195,0.375,0.228,3.45958243357849e-191,"5","SRPK1"
4.06035078983595e-196,0.779114985404176,0.217,0.109,3.65476234943924e-191,"5","RTCB"
6.37750844475403e-196,0.609477936348457,0.374,0.228,5.74045912620755e-191,"5","MRFAP1"
9.62725398042829e-196,0.802974607859037,0.205,0.101,8.66558758032331e-191,"5","ZDHHC18"
3.3524035370754e-195,0.422263029622062,0.75,0.592,3.01753194775694e-190,"5","ANKRD44"
5.55856744566173e-195,0.589791938258249,0.384,0.237,5.00332214351458e-190,"5","PPM1K"
1.62164022120003e-194,0.504328208386025,0.529,0.364,1.45965457950436e-189,"5","PSMB8"
2.22726756274512e-194,0.930732579988443,0.184,0.088,2.00478580590251e-189,"5","AKTIP"
9.47959708769244e-194,1.12944705864203,0.107,0.039,8.53268013460284e-189,"5","ZNF585A"
1.01839317449314e-193,0.605587168791261,0.308,0.176,9.1666588029302e-189,"5","SLC7A6"
2.03572354541529e-193,1.00275161793278,0.154,0.068,1.83237512046376e-188,"5","IDE"
2.4035802564962e-193,0.727197020280986,0.234,0.122,2.16348662467479e-188,"5","UBE2Z"
3.07908756028572e-193,0.722760178750688,0.312,0.182,2.77151750388878e-188,"5","HPRT1"
4.0892116621146e-193,1.0259927786548,0.162,0.074,3.68074030918598e-188,"5","SVBP"
8.6340443708614e-193,1.09972844468585,0.126,0.051,7.77158967865606e-188,"5","ACP6"
8.70587882292061e-193,0.617498162787149,0.305,0.174,7.83624858729907e-188,"5","PSMD4"
1.52563047755089e-192,0.816168545892809,0.196,0.096,1.37323524914833e-187,"5","FLOT2"
2.2292459830569e-192,0.630030143260975,0.462,0.31,2.00656660180934e-187,"5","UHRF2"
2.51401406836738e-192,0.504499818631403,0.505,0.339,2.26288920307816e-187,"5","SP110"
7.55190081544255e-192,0.525462464418333,0.516,0.349,6.79754144298799e-187,"5","CBX3"
1.23945502716946e-191,0.830607611300303,0.215,0.11,1.1156458645055e-186,"5","ACAA1"
4.05989646633507e-191,1.08450613444221,0.128,0.053,3.65435340831286e-186,"5","METTL2B"
4.7236924236068e-191,0.513359052736311,0.52,0.356,4.25184278741272e-186,"5","SPCS1"
5.22939286992829e-191,1.03051348849096,0.141,0.061,4.70702881615115e-186,"5","GOT2"
6.00623115221339e-191,0.507410360848211,0.502,0.34,5.4062687224188e-186,"5","ATP5PF"
1.04466939723789e-190,0.511800764708281,0.486,0.324,9.403173711478e-186,"5","TMOD3"
1.79462740360856e-190,0.52218874980307,0.418,0.264,1.6153620722621e-185,"5","OGDH"
2.37135832428153e-190,0.44362449891047,0.547,0.374,2.13448334126904e-185,"5","RAC1"
4.09181518432096e-190,1.65433748358636,0.122,0.05,3.68308376555914e-185,"5","HDAC9"
5.20764532925504e-190,0.577355396849494,0.407,0.258,4.68745363731575e-185,"5","HELB"
5.80512253098209e-190,0.826749366024173,0.184,0.087,5.22524884136228e-185,"5","TGIF2"
1.11531628889203e-189,1.00227130212116,0.151,0.067,1.00390734479461e-184,"5","ZNF282"
1.3090394596536e-189,1.20022822925591,0.114,0.045,1.1782795080288e-184,"5","RNF170"
1.61069136678376e-189,0.470416520139979,0.402,0.249,1.44979940615573e-184,"5","DGKH"
2.59067116494227e-189,1.1999414480546,0.106,0.04,2.33188902227619e-184,"5","LST1"
2.82443417659097e-189,0.496306419089846,0.52,0.354,2.5423014466913e-184,"5","SMG1"
4.34770585470693e-189,0.458449792838284,0.673,0.506,3.91341351688025e-184,"5","VMP1"
4.7213976930418e-189,0.393434345181752,0.831,0.71,4.24977727748386e-184,"5","PPIA"
8.2979279288882e-189,0.92203265231428,0.149,0.066,7.46904790807155e-184,"5","FAM110A"
8.35850089682055e-189,0.94322394121965,0.144,0.062,7.52357024223715e-184,"5","PLEKHA7"
1.25593353184455e-188,1.11075047980366,0.117,0.046,1.1304783313486e-183,"5","P2RX5"
1.93916281853555e-188,0.677290986719061,0.278,0.155,1.74545984459204e-183,"5","UFD1"
2.18472124910811e-188,0.810022260960156,0.194,0.095,1.9664894435347e-183,"5","ISY1"
2.53498781580393e-188,0.616192968452169,0.354,0.216,2.28176788288328e-183,"5","RER1"
2.67200820348281e-188,0.428122692511483,0.789,0.663,2.40510130403691e-183,"5","UQCRB"
2.78094754730915e-188,0.596925202897815,0.366,0.225,2.50315869680844e-183,"5","GALNT10"
4.34868003556006e-188,1.13730205412242,0.1,0.036,3.91429038680796e-183,"5","SLC39A1"
7.83580742155652e-188,0.490833081250696,0.669,0.512,7.05308861821724e-183,"5","PACS1"
2.12368896759258e-187,0.679408258195673,0.237,0.125,1.91155367661976e-182,"5","GPS2"
2.23768098747763e-187,0.472858316338611,0.545,0.373,2.01415903363849e-182,"5","MPHOSPH8"
2.84320670541883e-187,0.409065954351722,0.686,0.518,2.55919878761455e-182,"5","ELOB"
2.90525992347927e-187,0.528525444061465,0.528,0.365,2.61505350972293e-182,"5","CASP8"
4.50209767889155e-187,1.0030013711864,0.133,0.056,4.05238314174707e-182,"5","PEX26"
7.16002070498181e-187,0.715902910503802,0.254,0.138,6.44480623676118e-182,"5","LAMP2"
1.03855283982819e-186,0.762820983905599,0.214,0.11,9.34811796657749e-182,"5","AHCYL1"
3.10302601026067e-186,1.12800565688763,0.113,0.044,2.79306474209574e-181,"5","COX15"
3.77877112789718e-186,0.517931605548075,0.482,0.322,3.40130967993153e-181,"5","ASCC3"
5.15045205272532e-186,0.549378911269997,0.433,0.28,4.63597339717859e-181,"5","U2SURP"
6.11698550222012e-186,0.689463048463481,0.221,0.114,5.50595982040335e-181,"5","PPP6R1"
6.93998353122099e-186,0.657234097897894,0.327,0.196,6.24674857628733e-181,"5","MAPKAP1"
7.52563654937087e-186,0.48860274959834,0.638,0.475,6.77390071445422e-181,"5","EIF3H"
1.73535530036739e-185,0.633535494088351,0.364,0.225,1.56201065941369e-180,"5","RANBP1"
1.89036175366882e-185,0.669317584790098,0.426,0.28,1.70153351809485e-180,"5","JMY"
3.7423403811347e-185,0.465200016362406,0.73,0.569,3.36851800046316e-180,"5","CACYBP"
4.39930471565277e-185,0.474599963848926,0.572,0.408,3.95985816760621e-180,"5","SEC61B"
5.03793125526383e-185,0.945022320263499,0.151,0.067,4.53469230217552e-180,"5","PIGK"
5.18889882950506e-185,0.725501432063618,0.283,0.161,4.6705797254258e-180,"5","SP4"
5.4030036004864e-185,0.564003451021281,0.316,0.183,4.86329757083381e-180,"5","SLC5A3"
5.66810022246968e-185,0.611730315701177,0.282,0.159,5.10191369124718e-180,"5","LYPLA1"
9.39994317629871e-185,0.555452683311829,0.411,0.263,8.46098285241823e-180,"5","RASSF5"
1.99863797889345e-184,0.449134633844584,0.693,0.538,1.79899403118179e-179,"5","AAK1"
4.38112901497256e-184,0.942788600723403,0.192,0.096,3.94349803766695e-179,"5","RBBP8"
5.08180653197277e-184,0.662427156833127,0.269,0.149,4.57418487749401e-179,"5","GOPC"
6.38338973309875e-184,0.416073397645298,0.805,0.678,5.74575293265951e-179,"5","HINT1"
6.66788388387448e-184,0.896480308771577,0.186,0.092,6.00182896271426e-179,"5","RAB30-DT"
6.986282719349e-184,0.455224797381282,0.609,0.44,6.28842293851322e-179,"5","RAB2A"
7.7597316058397e-184,0.531407169840305,0.607,0.447,6.98461201573237e-179,"5","DDIT4"
1.5556531893187e-183,0.904708666755126,0.127,0.053,1.40025899223765e-178,"5","MAN2B1"
2.51210658640347e-183,0.852103298938858,0.172,0.081,2.26117225948763e-178,"5","TRAF2"
2.52281072284478e-183,0.608801344602486,0.31,0.181,2.27080715973981e-178,"5","TALDO1"
2.54244022595004e-183,0.605979769422982,0.295,0.168,2.28847587177989e-178,"5","DPY30"
4.50243831526918e-183,1.23756560519591,0.104,0.04,4.05268975195694e-178,"5","ZNF563"
5.79523120477377e-183,0.736181830840369,0.255,0.141,5.21634555972892e-178,"5","TMX3"
6.89076992207513e-183,0.742737139251941,0.282,0.162,6.20245091455905e-178,"5","PDCD5"
1.22007201981123e-182,0.719903214238709,0.303,0.177,1.09819902575229e-177,"5","C21orf91"
1.31918500744683e-182,0.380141496446118,0.78,0.632,1.18741161705296e-177,"5","IKZF1"
2.95314307100957e-182,0.406868911018764,0.739,0.573,2.65815360964643e-177,"5","DDX24"
3.5650398308786e-182,0.657419925292636,0.299,0.174,3.20892800217213e-177,"5","NDUFAF3"
3.89827935553323e-182,0.591535329216166,0.401,0.256,3.50888023070902e-177,"5","COX7A2L"
4.24494874890046e-182,0.555923585397219,0.392,0.247,3.82092081837279e-177,"5","RAB21"
4.54040704973551e-182,1.08303921876552,0.152,0.069,4.08686578953743e-177,"5","PDCL"
4.97338526647599e-182,0.569679975171463,0.375,0.232,4.4765938122077e-177,"5","NCKAP1L"
6.39162174077221e-182,0.591960540316347,0.351,0.214,5.75316264508648e-177,"5","NBAS"
7.13415636039484e-182,0.506338318284064,0.606,0.445,6.421525481555e-177,"5","DPYD"
8.98416624617644e-182,0.483944909505536,0.53,0.367,8.08673787984588e-177,"5","HERC4"
9.48876748597071e-182,0.381837438144097,0.731,0.576,8.5409345017971e-177,"5","SON"
1.26487866985433e-181,0.670302622695874,0.299,0.173,1.13852993952258e-176,"5","TASOR"
1.61341403094787e-181,0.615552324787413,0.314,0.184,1.45225010339649e-176,"5","ETFB"
1.98122806483425e-181,0.918199292207497,0.175,0.084,1.78332319343796e-176,"5","DPY19L1"
1.99642799851397e-181,0.910297903513511,0.193,0.097,1.79700480574241e-176,"5","CTBS"
2.65398487756434e-181,0.950717461984731,0.151,0.068,2.38887832814443e-176,"5","C8orf76"
2.674476628122e-181,0.954981157561434,0.149,0.067,2.40732315773889e-176,"5","CORO2A"
8.11514588205733e-181,1.0211397721805,0.129,0.055,7.30452395989862e-176,"5","ANAPC7"
9.78831634384158e-181,0.794217666214068,0.194,0.096,8.81056142425525e-176,"5","PCYT1A"
1.87204628204828e-180,0.545042354948285,0.342,0.205,1.68504757893448e-175,"5","CLTC"
1.90433964601375e-180,0.432481232453532,0.569,0.401,1.71411515877344e-175,"5","GPCPD1"
2.63029141597658e-180,0.4905515378827,0.516,0.355,2.36755160643468e-175,"5","TPM4"
2.68954509742569e-180,0.73047569969603,0.254,0.14,2.42088643764384e-175,"5","LMTK2"
4.41243585196518e-180,0.386924979053161,0.749,0.586,3.97167763471238e-175,"5","DOCK10"
4.79657033965021e-180,0.798249716519907,0.206,0.105,4.31744092842255e-175,"5","FGD5-AS1"
6.0371799241819e-180,0.471084883644755,0.526,0.365,5.43412602155537e-175,"5","EIF4G3"
7.02533034594802e-180,0.356509608198964,0.842,0.72,6.32357009769127e-175,"5","SRP14"
9.37090592155253e-180,0.634289652847281,0.308,0.181,8.43484612904865e-175,"5","MDH1"
9.49951244021832e-180,0.858385809614092,0.2,0.102,8.55060614256491e-175,"5","PARP12"
1.12959880510941e-179,0.456206662453004,0.534,0.37,1.01676318046703e-174,"5","JPT1"
1.72074731198322e-179,0.602855890857977,0.341,0.206,1.54886186298922e-174,"5","UBQLN1"
1.98426921033948e-179,0.572267175975698,0.166,0.077,1.78606055891867e-174,"5","AC020916.1"
2.09894011110063e-179,0.427061043428693,0.615,0.444,1.88927698340279e-174,"5","UBXN4"
2.44599065794118e-179,0.36176807120382,0.851,0.716,2.20166065111943e-174,"5","HNRNPA2B1"
3.2634296631389e-179,1.14073002932438,0.115,0.046,2.93744567408795e-174,"5","PI4K2A"
4.48845049311724e-179,0.987248111024705,0.155,0.071,4.04009917335976e-174,"5","DDX19B"
5.83880137260936e-179,1.03643388835848,0.151,0.069,5.25556350349941e-174,"5","TCP11L2"
6.65157946254054e-179,0.773140936662534,0.208,0.107,5.98715319002736e-174,"5","DGCR2"
7.14538631314111e-179,0.934074170251567,0.16,0.075,6.43163367432144e-174,"5","DUSP22"
1.04176439392016e-178,0.554152619588451,0.436,0.285,9.37702548611478e-174,"5","ICAM3"
1.81563992726717e-178,0.808914792889563,0.189,0.093,1.63427565493245e-173,"5","RUVBL1"
2.13634841871457e-178,0.767950621395028,0.218,0.115,1.92294857516917e-173,"5","ACP5"
2.38417352957093e-178,0.698087707302449,0.243,0.132,2.14601843570209e-173,"5","NUP50"
3.22366026771317e-178,0.351459217156673,0.788,0.623,2.9016488435713e-173,"5","FAM107B"
3.79696136202951e-178,1.05998989718161,0.15,0.069,3.41768289157638e-173,"5","PRH1"
4.18153005424992e-178,0.49893311652663,0.366,0.225,3.7638370171309e-173,"5","KDM5B"
5.34749064799352e-178,0.857822180958773,0.119,0.048,4.81332980716544e-173,"5","AC053513.1"
8.56390193671669e-178,0.684541328420233,0.281,0.162,7.70845377225806e-173,"5","MX1"
9.89455483393714e-178,0.677489153867412,0.295,0.172,8.90618775157515e-173,"5","NMT2"
9.95349672946307e-178,0.89231846438509,0.203,0.105,8.959241941157e-173,"5","CLNK"
1.29282334016726e-177,1.22160968473279,0.111,0.044,1.16368321671795e-172,"5","NCAPH"
1.81091701511465e-177,0.578993189491702,0.347,0.212,1.63002451447485e-172,"5","ATXN10"
1.8385251459184e-177,0.605931686025313,0.321,0.191,1.65487486909261e-172,"5","CCT5"
2.80895682836316e-177,1.067614591991,0.1,0.037,2.52837013077797e-172,"5","C1QA"
5.38166000453204e-177,0.665840899801304,0.191,0.094,4.84408598667934e-172,"5","CYB5A"
1.50144136769715e-176,0.433044762502224,0.597,0.428,1.35146238947789e-171,"5","ATP6V1G1"
1.70496727199613e-176,0.490230000877007,0.524,0.364,1.53465809119644e-171,"5","VTI1A"
1.77876627282169e-176,0.793735063276169,0.211,0.11,1.60108530982953e-171,"5","VMA21"
2.0413866531024e-176,0.685336498744162,0.361,0.228,1.837472540324e-171,"5","HIVEP3"
2.54701367240822e-176,0.941118244144838,0.134,0.058,2.29259247667137e-171,"5","RNASEH1"
3.11902153579856e-176,0.792036568233072,0.206,0.106,2.80746247458764e-171,"5","ABI2"
4.74502620188921e-176,0.526148011587632,0.441,0.292,4.2710455345825e-171,"5","DOCK11"
5.54749009122402e-176,1.10656628398033,0.138,0.061,4.99335130601165e-171,"5","TNS3"
9.38049673215169e-176,0.705971192185305,0.233,0.125,8.44347891357706e-171,"5","ARHGAP5"
9.55289255148077e-176,1.04049003984866,0.112,0.044,8.59865411451336e-171,"5","LRCH4"
9.83393245331708e-176,0.363101189396695,0.837,0.721,8.85162094055524e-171,"5","ARHGDIB"
1.44870257588666e-175,0.501721081249507,0.43,0.278,1.30399167558134e-170,"5","GABARAPL2"
2.43025138225894e-175,0.951020243073466,0.176,0.086,2.18749357168509e-170,"5","ZDBF2"
2.4802458028433e-175,0.628823676700041,0.329,0.199,2.23249404959728e-170,"5","POLR3GL"
2.51115974737985e-175,0.880649910344865,0.175,0.085,2.26032000021407e-170,"5","COMMD4"
2.80428172907775e-175,0.930475697435898,0.123,0.051,2.52416202716018e-170,"5","POLDIP3"
3.79451199004857e-175,0.624376488521667,0.308,0.183,3.41547818736262e-170,"5","SLC39A11"
6.2355169420946e-175,0.445464433096632,0.588,0.424,5.61265115474877e-170,"5","DDX6"
6.99673411058842e-175,0.701438307698843,0.222,0.118,6.29783034028174e-170,"5","ARHGAP12"
7.33893635780863e-175,0.529811542562326,0.391,0.248,6.60585000502712e-170,"5","MRPL20"
8.18902281348665e-175,0.560603463117293,0.382,0.24,7.37102132464747e-170,"5","RSBN1"
8.25423089336563e-175,0.49490776310557,0.561,0.406,7.42971576942734e-170,"5","CUL3"
8.77639405793564e-175,0.471747296906916,0.544,0.383,7.89972005548844e-170,"5","SELENOW"
9.69493854439602e-175,0.640903230417056,0.32,0.192,8.7265111331963e-170,"5","LRPAP1"
1.0935601152465e-174,0.624369152213492,0.351,0.217,9.84324395334525e-170,"5","HBS1L"
1.21992749076792e-174,0.729710714365006,0.224,0.119,1.09806893371511e-169,"5","CLCN3"
3.23150983410766e-174,0.861527035618133,0.183,0.091,2.90871431677864e-169,"5","TDP1"
3.3454320231893e-174,0.695890020779045,0.262,0.148,3.01125681839292e-169,"5","COPZ1"
5.97357384120313e-174,0.616800705705457,0.26,0.145,5.37687355020535e-169,"5","LAMTOR2"
7.08880445148575e-174,1.10277446263803,0.131,0.057,6.38070377482684e-169,"5","MANEA"
8.22054564749065e-174,0.490625985163582,0.479,0.323,7.39939534276281e-169,"5","NF1"
1.33708609449358e-173,0.850240853719236,0.193,0.098,1.20352456451461e-168,"5","RPA1"
1.41173140362096e-173,0.882239641146535,0.166,0.079,1.27071355371326e-168,"5","ARL1"
1.41671076111466e-173,0.436244581347371,0.592,0.428,1.27519552318691e-168,"5","ATP5F1D"
1.5903178816691e-173,0.615586639587305,0.297,0.173,1.43146102846917e-168,"5","CNPY2"
1.59642959095228e-173,0.694451100022642,0.239,0.13,1.43696223911205e-168,"5","HNRNPH2"
2.20381800200628e-173,0.318357103220585,0.907,0.795,1.98367862178587e-168,"5","DDX5"
2.51922373958445e-173,0.553147669665599,0.474,0.322,2.26757848023736e-168,"5","TENT5C"
2.86110217984956e-173,0.612922948186992,0.298,0.174,2.57530668310439e-168,"5","ZMAT2"
3.27636031626078e-173,1.06731607543457,0.125,0.053,2.94908468426949e-168,"5","CRTAP"
3.52037200239345e-173,1.0307725607275,0.123,0.052,3.16872204307437e-168,"5","INSYN2B"
5.31193276526839e-173,0.628025483402814,0.297,0.174,4.78132380134573e-168,"5","RARS2"
7.14960157240319e-173,0.435089524938667,0.596,0.428,6.43542787133583e-168,"5","TMEM59"
1.40952303645755e-172,0.895425539044652,0.153,0.071,1.2687257803458e-167,"5","SKAP1-AS1"
1.9792796394813e-172,1.19139001522707,0.109,0.044,1.78156939629351e-167,"5","POU3F1"
3.04437209991658e-172,1.20691422342085,0.108,0.043,2.74026977085591e-167,"5","TET1"
6.4580607397207e-172,0.685543024251268,0.22,0.116,5.81296505243e-167,"5","PSMC2"
1.07489488946148e-171,0.843292231865508,0.188,0.095,9.67523638953175e-167,"5","IFIH1"
1.10394335010844e-171,0.842340616947937,0.174,0.085,9.9367044886611e-167,"5","CBX1"
2.18836571767154e-171,0.430004077932502,0.66,0.492,1.96976986613333e-166,"5","RESF1"
3.7060991069629e-171,0.485760132392323,0.445,0.293,3.33589686716837e-166,"5","RAD51B"
5.24487219080572e-171,0.413199810949293,0.713,0.561,4.72096190766614e-166,"5","TPM3"
5.88735256478037e-171,0.687125070362031,0.225,0.12,5.29926491708446e-166,"5","DNMT3A"
1.31529963962117e-170,0.434672031270602,0.436,0.282,1.18391435861941e-165,"5","FKBP1A"
1.54873224048575e-170,0.521515488685663,0.375,0.236,1.39402937698363e-165,"5","PHF14"
1.85710336453029e-170,0.649641163761749,0.251,0.14,1.67159730944736e-165,"5","MTERF4"
2.00379841327113e-170,0.641925660833397,0.298,0.176,1.80363898976948e-165,"5","TIPRL"
2.66113891045086e-170,0.709675746762086,0.247,0.137,2.39531774468592e-165,"5","DCAF7"
2.85834952857451e-170,0.73348795937744,0.206,0.107,2.5728289941652e-165,"5","ZDHHC21"
7.58389476392185e-170,0.440350423364471,0.573,0.41,6.82633951595369e-165,"5","C19orf53"
8.87747115016141e-170,0.826879677857247,0.185,0.093,7.99070055697179e-165,"5","LDAH"
1.03076106638683e-169,0.866253860377189,0.152,0.07,9.27798343465454e-165,"5","GOSR2"
2.57729192364833e-169,0.594448093574172,0.285,0.166,2.3198462333951e-164,"5","SIT1"
2.5922015337881e-169,0.612764053627344,0.314,0.189,2.33326652257801e-164,"5","PDAP1"
2.76054572757206e-169,0.634621587622634,0.328,0.201,2.48479481484488e-164,"5","DNAJA2"
3.66277643835669e-169,0.437371602395117,0.543,0.383,3.29690169992924e-164,"5","GRB2"
4.47126506791969e-169,0.71888700493678,0.21,0.11,4.02463040028519e-164,"5","MRPS16"
4.70986092057102e-169,0.782286709408619,0.209,0.11,4.23939291321518e-164,"5","PGP"
1.45790083181283e-168,0.606184081263288,0.298,0.176,1.31227111772305e-163,"5","MINDY2"
1.6226669961422e-168,0.534495342303955,0.615,0.454,1.46057878989756e-163,"5","NFKBIA"
1.72649736021986e-168,0.650577610523903,0.252,0.141,1.5540375389075e-163,"5","POLK"
3.6799321816632e-168,0.439208346627414,0.578,0.416,3.31234375603686e-163,"5","ANKRD17"
7.11384251484088e-168,0.880875968031324,0.165,0.08,6.40324078603342e-163,"5","CD320"
7.62382609807805e-168,0.489370642471078,0.358,0.22,6.86228210914104e-163,"5","GTF2I"
8.79561492967333e-168,0.527304716854058,0.417,0.273,7.91702095434827e-163,"5","SSBP1"
9.2692990229759e-168,0.725020619272516,0.241,0.134,8.34338874357083e-163,"5","SUPT20H"
2.22083520828409e-167,0.521810309945607,0.409,0.267,1.99899597932859e-162,"5","BOD1L1"
2.59093984458628e-167,0.596962886257711,0.288,0.167,2.33213086351056e-162,"5","CLEC16A"
4.58518063691834e-167,0.827892544907238,0.186,0.094,4.12716694309657e-162,"5","AP1S2"
1.64659481875989e-166,0.813974227954526,0.243,0.136,1.48211646231397e-161,"5","STK38L"
2.42792297189828e-166,0.94123593554138,0.108,0.043,2.18539774623536e-161,"5","IFI30"
3.95996696637043e-166,0.547317412718819,0.38,0.242,3.56440586609969e-161,"5","LBR"
4.41628936044326e-166,0.605500817330375,0.292,0.172,3.97514621622858e-161,"5","COPB2"
4.79960115047566e-166,0.534214264503043,0.347,0.215,4.32016899155464e-161,"5","ECH1"
5.60382836496311e-166,0.811045628520659,0.157,0.074,5.04406194958695e-161,"5","DCTN5"
6.39870143811818e-166,0.821660578244257,0.188,0.096,5.75953515146455e-161,"5","SNRNP35"
6.63111750635082e-166,0.928572646538784,0.126,0.055,5.96873517864144e-161,"5","UNC119"
7.27528422903789e-166,0.817978294090183,0.158,0.075,6.5485560873993e-161,"5","XXYLT1"
7.77042364111094e-166,0.59925434665388,0.298,0.177,6.99423602360037e-161,"5","WWP2"
9.02910103490598e-166,1.07591993735862,0.107,0.043,8.12718413252923e-161,"5","ZYG11B"
1.02169089094583e-165,0.911110287996035,0.127,0.055,9.19634187849251e-161,"5","MAPK13"
1.02328175116326e-165,0.606137990477924,0.327,0.201,9.21066137039562e-161,"5","DTNB"
1.67554235680663e-165,1.07486779382193,0.118,0.05,1.50817243078521e-160,"5","ALDH3A2"
1.95738190046093e-165,0.468181757566869,0.529,0.377,1.76185902242389e-160,"5","PREX1"
2.39479648211692e-165,0.891861704513944,0.178,0.089,2.15558026151826e-160,"5","ATP8B2"
2.78602561345009e-165,0.657636608836712,0.243,0.134,2.50772951492256e-160,"5","BTF3L4"
4.83739894200974e-165,0.559556949803783,0.326,0.199,4.35419116169238e-160,"5","MRPL52"
1.03312908654561e-164,0.586986665398346,0.311,0.187,9.2992982209057e-160,"5","MFSD6"
1.56048166001867e-164,0.501971832203668,0.357,0.221,1.40460514699941e-159,"5","TM9SF2"
2.64994553563219e-164,0.702963759113275,0.19,0.096,2.38524247607789e-159,"5","ICAM2"
5.76410685793475e-164,0.810585741103819,0.159,0.076,5.18833022389565e-159,"5","ASB2"
8.17413937908617e-164,0.855827269105786,0.144,0.066,7.35762459650925e-159,"5","ADSL"
1.00001251375553e-163,0.51407750132532,0.471,0.324,9.00121263756492e-159,"5","TRAPPC9"
1.89175570425677e-163,0.471202131441304,0.566,0.407,1.70278822695856e-158,"5","ZFP36L1"
1.97228613115846e-163,0.864248054861598,0.165,0.08,1.77527446951704e-158,"5","NPHP3"
2.85751411206639e-163,0.91808766367353,0.159,0.076,2.57207702741207e-158,"5","BMERB1"
4.18087973089044e-163,1.19236843384957,0.1,0.04,3.76325165457179e-158,"5","EVA1B"
4.92409468479385e-163,0.408424153802006,0.537,0.38,4.4322268667298e-158,"5","MLLT3"
5.26710292929216e-163,0.659504760812818,0.255,0.145,4.74097201768517e-158,"5","MRPL34"
7.5649815068409e-163,0.630036107865606,0.267,0.154,6.80931550412256e-158,"5","ZC3H18"
7.74379512191749e-163,0.383781683068606,0.496,0.338,6.97026742718915e-158,"5","TRAF3IP3"
9.60179783073131e-163,0.371862684967977,0.719,0.562,8.64267424541956e-158,"5","DYNLL1"
1.47082886490044e-162,0.43086685380499,0.47,0.317,1.32390776958554e-157,"5","SENP7"
1.70251160815793e-162,0.65217337031637,0.215,0.115,1.53244772361903e-157,"5","SLC7A6OS"
2.25239756209237e-162,0.535725428327428,0.303,0.18,2.02740556961496e-157,"5","LSM3"
2.51949704412847e-162,0.442660648754747,0.493,0.339,2.26782448439048e-157,"5","SUCLG2"
2.8291679606663e-162,1.04165315336145,0.101,0.04,2.54656237307535e-157,"5","SRCAP"
3.07248094631948e-162,0.369757595650821,0.663,0.499,2.76557082459163e-157,"5","PPP1R12A"
5.25077725989255e-162,0.560070468090774,0.346,0.216,4.72627711940189e-157,"5","TBCB"
5.63093096136161e-162,0.437608149722538,0.545,0.385,5.0684572676312e-157,"5","CSDE1"
6.80899539369824e-162,0.759804026206434,0.206,0.11,6.12884484382172e-157,"5","PTTG1IP"
7.21442145363339e-162,0.861809233867631,0.186,0.096,6.49377289462995e-157,"5","TTF2"
7.76585200705218e-162,0.708251874660397,0.298,0.181,6.99012105006774e-157,"5","TMEM65"
9.21607342462099e-162,0.630195291083519,0.253,0.143,8.2954798502356e-157,"5","FKBP3"
9.4118961856765e-162,0.909129722411425,0.143,0.066,8.47174187568927e-157,"5","THUMPD3"
1.36230432370677e-161,0.699145704518465,0.201,0.105,1.2262237448117e-156,"5","NBEAL2"
2.32321805909576e-161,0.445911438643902,0.496,0.34,2.09115180717268e-156,"5","CUTA"
2.85703050307037e-161,0.809069268433439,0.173,0.086,2.57164172611867e-156,"5","RANBP3"
3.3483844392875e-161,0.56106769582322,0.32,0.195,3.01391431764707e-156,"5","GTF2A2"
3.63365796767491e-161,0.75687350792485,0.178,0.089,3.27069187328387e-156,"5","NF2"
4.67416084338104e-161,0.672735195483517,0.33,0.206,4.2072589167357e-156,"5","CTNNAL1"
5.04756721087452e-161,0.468701374558389,0.429,0.282,4.54336572218026e-156,"5","SMC4"
7.23314539217542e-161,0.797414237427791,0.164,0.08,6.51062649895102e-156,"5","PFKL"
1.12868697483406e-160,0.493281073393482,0.426,0.282,1.01594243291789e-155,"5","MRPL33"
1.6394834461574e-160,0.872312827349727,0.146,0.068,1.47571544472074e-155,"5","STXBP4"
2.40293993726698e-160,0.668217176840201,0.264,0.153,2.16291026693338e-155,"5","STAU2"
4.01280588102016e-160,0.843538256502949,0.1,0.039,3.61196670156506e-155,"5","APOC1"
4.64996275037558e-160,0.654617687925457,0.247,0.139,4.18547797124056e-155,"5","IBTK"
7.88357469299056e-160,0.470942122051574,0.358,0.223,7.09608441690773e-155,"5","TXNRD1"
8.30760804390892e-160,0.803010278542705,0.17,0.084,7.47776107640286e-155,"5","SETD1B"
9.15158385904715e-160,0.505134627234834,0.82,0.706,8.23743214736693e-155,"5","HSPE1"
9.48518857465518e-160,0.619360523577672,0.264,0.152,8.53771308793288e-155,"5","CLPP"
1.71868542076634e-159,0.418498593453106,0.486,0.33,1.54700593408599e-154,"5","BRK1"
4.49304298634704e-159,0.435770602758937,0.445,0.296,4.04423292244083e-154,"5","PRR13"
5.91511494896419e-159,0.729251992671846,0.215,0.116,5.32425411671216e-154,"5","C2CD5"
9.98382673487665e-159,0.454502676193018,0.552,0.394,8.98654228232982e-154,"5","HERPUD1"
1.07183361654153e-158,0.551946141277773,0.344,0.214,9.64768156585198e-154,"5","RAB5A"
1.83366966499716e-158,0.475355273873094,0.444,0.298,1.65050440216059e-153,"5","RBM33"
2.21457962908234e-158,0.851661502791171,0.151,0.072,1.99336526993331e-153,"5","ISOC1"
2.47473995797894e-158,1.07801784234059,0.101,0.041,2.22753818357642e-153,"5","KCTD7"
2.95648108797312e-158,0.480891119771023,0.442,0.296,2.66115819209549e-153,"5","URI1"
2.99532073166749e-158,0.682848831935628,0.231,0.128,2.69611814378123e-153,"5","VTI1B"
5.30405179008835e-158,0.471343689844815,0.466,0.321,4.77423005677642e-153,"5","DLG1"
7.66367105762553e-158,1.2003558060381,0.108,0.045,6.89814695567932e-153,"5","DIRC3"
1.1390093249073e-157,0.495045194158762,0.432,0.29,1.02523368344231e-152,"5","XRN2"
1.67742681267442e-157,0.591658478940051,0.279,0.164,1.50986864835637e-152,"5","ATE1"
3.03240799175925e-157,0.366331317818081,0.785,0.648,2.72950075746242e-152,"5","LRBA"
3.22056441073626e-157,0.95475788677779,0.125,0.055,2.89886223174781e-152,"5","BMI1"
6.92116077503675e-157,1.14734031860292,0.104,0.042,6.22980602521833e-152,"5","C3AR1"
9.06482566691992e-157,0.491823919828368,0.523,0.374,8.15934023105129e-152,"5","PTPN1"
9.76858614489621e-157,0.73605499384105,0.208,0.112,8.79280207488253e-152,"5","KDSR"
1.136822398198e-156,0.480231041368381,0.39,0.253,1.023265208842e-151,"5","DPP7"
1.17705816938932e-156,0.590278832178282,0.251,0.143,1.05948182884902e-151,"5","SMIM7"
1.40458477023138e-156,0.65111196654591,0.273,0.16,1.26428079753296e-151,"5","CISD2"
1.84778932096242e-156,0.462164290262005,0.411,0.27,1.66321364569148e-151,"5","ATP2C1"
1.94675384758402e-156,0.48896915335269,0.548,0.398,1.75229260574885e-151,"5","USP47"
3.00676095142965e-156,0.480358257459374,0.427,0.282,2.70641559999134e-151,"5","TECR"
5.86429065182754e-156,0.864699608035186,0.184,0.096,5.27850665861649e-151,"5","LINC01550"
6.11108233949253e-156,0.674005942261098,0.247,0.141,5.50064632460062e-151,"5","TRIP11"
9.72553652008398e-156,0.644775897854777,0.219,0.119,8.75405267709279e-151,"5","TRAPPC4"
1.14100139050693e-155,0.369003271227407,0.906,0.785,1.0270267616092e-150,"5","HSP90AB1"
1.45298069246521e-155,0.961328851273165,0.11,0.046,1.30784245109486e-150,"5","MYCBP"
1.58793659844268e-155,0.439083968308007,0.432,0.286,1.42931761162424e-150,"5","TRAPPC1"
1.69198403220256e-155,0.50515238404736,0.343,0.214,1.52297174722585e-150,"5","CYP20A1"
1.70475193199874e-155,0.562780147022672,0.347,0.219,1.53446426151139e-150,"5","PHF11"
2.46853504060438e-155,0.501871865851272,0.396,0.258,2.2219530753984e-150,"5","PPP4R3B"
2.51011887483571e-155,0.608360027075559,0.167,0.082,2.25938310042837e-150,"5","BFSP2-AS1"
2.91796331106077e-155,0.631703802478252,0.194,0.101,2.62648795591891e-150,"5","IRAK2"
3.78157367473908e-155,0.497914176706131,0.406,0.267,3.40383228036939e-150,"5","SMAP1"
4.35615456565648e-155,0.44540419826576,0.594,0.43,3.92101828609305e-150,"5","HLA-DRB1"
5.00860128724495e-155,0.332163644215457,0.663,0.499,4.50829210466205e-150,"5","SEPTIN6"
5.50789530358567e-155,0.761113505874678,0.198,0.105,4.9577116417105e-150,"5","FMNL3"
1.19947922993231e-154,0.486589131390215,0.384,0.248,1.07966324965437e-149,"5","CTSS"
1.29959842763574e-154,0.649317310146227,0.232,0.129,1.1697815406992e-149,"5","CHMP2B"
1.50868626476163e-154,0.624894094686216,0.21,0.112,1.35798359377459e-149,"5","SDHAF2"
1.79054920552049e-154,0.650126901031914,0.23,0.128,1.61169124538105e-149,"5","HDGF"
2.37878479293214e-154,0.74388896745035,0.173,0.087,2.14116797996615e-149,"5","MED17"
6.35680776576416e-154,0.418497898397069,0.525,0.369,5.72182623804198e-149,"5","OPTN"
8.85908966952422e-154,0.616452151373081,0.331,0.208,7.97415520243544e-149,"5","MAT2A"
9.00033994355079e-154,0.391862487808632,0.523,0.366,8.1012959865895e-149,"5","TSPO"
1.42774879607907e-153,0.521164746499136,0.457,0.315,1.28513096883873e-148,"5","TRIM22"
1.66290449217953e-153,0.536489205439754,0.34,0.213,1.49679696245572e-148,"5","SSR3"
2.30518539601695e-153,0.509952861545053,0.347,0.219,2.07492042680882e-148,"5","ATXN2"
2.82094196147116e-153,0.596654611928399,0.348,0.222,2.5391580689398e-148,"5","SP140L"
6.36643022633523e-153,0.510650415788345,0.386,0.251,5.73048751102661e-148,"5","HOOK3"
6.44864348028103e-153,0.420053975917997,0.515,0.362,5.80448848303575e-148,"5","LAMTOR4"
9.03494417042851e-153,0.290069047710444,0.957,0.917,8.1324435972444e-148,"5","HLA-C"
9.70191261964913e-153,0.677728165195253,0.226,0.126,8.73278856807238e-148,"5","ITPA"
1.31549391726622e-152,0.4746574405249,0.385,0.25,1.1840892298705e-147,"5","SPG11"
1.77959112551036e-152,0.522229875666798,0.341,0.214,1.60182776798313e-147,"5","ACBD3"
2.7268992360164e-152,0.691544791667526,0.209,0.113,2.45450927133072e-147,"5","GRK6"
2.95284812423355e-152,0.811417934638239,0.163,0.081,2.65788812510386e-147,"5","HPF1"
3.7865191416059e-152,0.698193300298473,0.216,0.118,3.40828374455089e-147,"5","ZNF143"
9.57564252874125e-152,0.794918444489717,0.143,0.067,8.61913159654528e-147,"5","TMEM205"
1.06031088948128e-151,0.695123653599405,0.223,0.123,9.54396434730994e-147,"5","STAMBP"
1.08135834365327e-151,0.59783181279815,0.286,0.172,9.73341458705741e-147,"5","NDUFA10"
1.15919179982861e-151,0.593662471999664,0.316,0.196,1.04340013094373e-146,"5","AUH"
1.27376630430936e-151,0.745473122752162,0.208,0.113,1.1465297881719e-146,"5","ATG2B"
1.54056410119119e-151,0.407880327152626,0.604,0.45,1.3866771531232e-146,"5","LINC01619"
3.49420226843578e-151,0.390929910843694,0.722,0.578,3.14516640384173e-146,"5","CLIC1"
3.84512593726955e-151,0.66994905732178,0.203,0.109,3.46103630739569e-146,"5","SEC24A"
5.81268824350408e-151,0.864293595836682,0.167,0.085,5.23205881486045e-146,"5","HOXB2"
6.86909833035887e-151,0.813667957780843,0.15,0.073,6.18294409813933e-146,"5","ZMAT3"
7.26379431877307e-151,0.454577524023037,0.471,0.325,6.53821390427083e-146,"5","MICOS10"
8.84578216371375e-151,0.859049246402098,0.139,0.065,7.96217698338038e-146,"5","SLC11A2"
1.00826077820213e-150,0.584512079237292,0.269,0.158,9.07545609067524e-146,"5","NDUFS4"
1.21057109571357e-150,0.892021105614291,0.145,0.069,1.08964714896274e-145,"5","TYW5"
1.345693387448e-150,0.563157328195226,0.348,0.222,1.21127207497582e-145,"5","SNRPN"
1.39116518906497e-150,0.379225566842516,0.523,0.37,1.25220169832927e-145,"5","ATP5MF"
1.40708356903492e-150,0.43796219421601,0.405,0.266,1.26652999132402e-145,"5","ATP6V1F"
1.61511645835369e-150,0.596611130415978,0.236,0.133,1.45378247532874e-145,"5","PSMC1"
1.65466101601118e-150,0.667870642544229,0.193,0.102,1.48937692712182e-145,"5","PSMB5"
1.72476072464426e-150,0.507989652392685,0.405,0.269,1.55247437585955e-145,"5","ERC1"
2.15501566034728e-150,0.506217265001106,0.357,0.227,1.93975114603519e-145,"5","CLTB"
2.39479783612046e-150,0.439938674373936,0.55,0.398,2.15558148027039e-145,"5","CYLD"
2.63655686874522e-150,0.579033657031493,0.29,0.176,2.37319120312626e-145,"5","ATP5MC1"
2.76152241748929e-150,0.408776994096289,0.698,0.544,2.48567394320629e-145,"5","ITK"
4.66993500975371e-150,1.18187911888481,0.101,0.042,4.20345520162942e-145,"5","FAM174B"
5.44837374154929e-150,0.433363316134453,0.459,0.312,4.90413568850593e-145,"5","CD164"
6.311824407704e-150,0.441752507745537,0.466,0.319,5.68133626761845e-145,"5","SUMO1"
6.32457504693867e-150,0.522863978596734,0.361,0.232,5.69281324549996e-145,"5","UQCRC2"
8.28093741938791e-150,0.609463793476642,0.21,0.114,7.45375458056525e-145,"5","AKR1A1"
1.07475168004586e-149,0.531911680743019,0.378,0.247,9.67394734726076e-145,"5","VDAC1"
1.93262259999627e-149,0.454202033954889,0.436,0.294,1.73957292848264e-144,"5","ERH"
2.93428119142553e-149,0.41255643949689,0.643,0.497,2.64117584321404e-144,"5","USP34"
3.03514893499268e-149,0.588588381440866,0.291,0.177,2.73196790787626e-144,"5","CHMP5"
3.54363511209948e-149,0.574774936526273,0.329,0.207,3.18966140075186e-144,"5","DIPK1A"
4.28750080811579e-149,0.369821527069424,0.62,0.463,3.8592223523931e-144,"5","TOP1"
5.20523413115093e-149,0.968829540000097,0.106,0.044,4.68528329379026e-144,"5","NOL12"
6.29012322410801e-149,0.654948743875878,0.246,0.142,5.66180281525186e-144,"5","VPS41"
6.46810338456891e-149,0.714468754782031,0.198,0.106,5.82200453748432e-144,"5","CCDC90B"
1.18867297260087e-148,0.700897758072177,0.211,0.116,1.06993642936777e-143,"5","MR1"
1.62843913581096e-148,0.986392360559079,0.113,0.049,1.4657743505348e-143,"5","TRMT1L"
2.1478562123915e-148,0.920184770547723,0.115,0.05,1.93330685533572e-143,"5","IL15RA"
2.44326238136921e-148,0.928192636808917,0.111,0.048,2.19920490209424e-143,"5","NBPF15"
2.48699744241463e-148,1.00610234103964,0.114,0.05,2.23857126789183e-143,"5","C11orf54"
2.75717889914529e-148,0.520129038069404,0.336,0.212,2.48176429890967e-143,"5","ABHD18"
3.08144827238271e-148,0.439470970273097,0.457,0.312,2.7736424044544e-143,"5","SF3B6"
3.36037919240628e-148,0.71934766615377,0.268,0.159,3.02471091487682e-143,"5","RAB9A"
3.98332826936308e-148,0.299582726266328,0.913,0.843,3.5854336085364e-143,"5","RACK1"
4.64150689702553e-148,0.451851532259194,0.479,0.335,4.17786677308165e-143,"5","CTNNB1"
5.27002243092965e-148,0.548401916153129,0.256,0.149,4.74359989030408e-143,"5","SKA2"
5.77370698279293e-148,0.713097133425541,0.201,0.109,5.19697139228174e-143,"5","COA4"
8.58281888839079e-148,0.41533856384374,0.517,0.367,7.72548110962943e-143,"5","HUWE1"
1.18877931604156e-147,0.696543374050386,0.139,0.066,1.07003215016216e-142,"5","SH3TC1"
1.7327380045505e-147,0.595274898211468,0.245,0.141,1.55965480527595e-142,"5","EXOSC1"
1.78437664856386e-147,0.519349821597999,0.322,0.201,1.60613526513882e-142,"5","FAM120A"
1.94363714372769e-147,0.378277401117597,0.502,0.35,1.74948722944073e-142,"5","HIBCH"
2.95528098432492e-147,0.507627431906079,0.28,0.166,2.6600779668007e-142,"5","SELPLG"
3.37765467383705e-147,0.475658348484342,0.412,0.276,3.04026074846746e-142,"5","ANP32E"
3.95369923045101e-147,0.508928711464839,0.315,0.194,3.55876421432126e-142,"5","STARD7"
4.49164969809146e-147,0.907767747886581,0.156,0.078,4.0429788097491e-142,"5","PCMTD2"
5.25053111044015e-147,0.648835987630874,0.197,0.106,4.72605555781829e-142,"5","MRPS33"
5.94609859836634e-147,0.376699259517654,0.605,0.453,5.35214280937552e-142,"5","ROCK1"
6.13076624038637e-147,0.359032235197539,0.457,0.311,5.51836400063418e-142,"5","EXT1"
7.12626117124949e-147,1.11022184561819,0.103,0.043,6.41441894285338e-142,"5","RRS1"
1.39394036542042e-146,0.571490762209429,0.261,0.153,1.25469966231858e-141,"5","TIMM8B"
1.62545780346864e-146,0.634839774192144,0.223,0.124,1.46309082348016e-141,"5","COMT"
1.85319671253929e-146,0.45395638057538,0.411,0.273,1.66808089292374e-141,"5","NSD1"
3.15975444571579e-146,0.47853313307106,0.383,0.251,2.84412657413324e-141,"5","RNF111"
3.18238729879852e-146,0.607742802736669,0.26,0.153,2.86449863152153e-141,"5","MTMR6"
3.55162084543897e-146,0.720879428790901,0.218,0.122,3.19684943918807e-141,"5","TBC1D14"
5.31829155851563e-146,0.565058719337988,0.272,0.162,4.78704741473551e-141,"5","NT5C"
7.62182649017854e-146,0.348084003887849,0.8,0.671,6.86048224207461e-141,"5","CYTIP"
8.00389693527297e-146,0.840905170153007,0.192,0.103,7.20438767040855e-141,"5","STX7"
8.24134773325611e-146,0.886546371482296,0.137,0.065,7.41811950818116e-141,"5","ZNF688"
2.12705576170849e-145,0.627867025033306,0.208,0.114,1.91458416167142e-140,"5","EML2"
2.23532659233555e-145,0.42755229992009,0.464,0.319,2.01203981902715e-140,"5","PRDX5"
2.54839783493707e-145,0.518756304018816,0.335,0.212,2.29383837520521e-140,"5","HIKESHI"
2.84650683412827e-145,0.44515093170833,0.439,0.298,2.56216926646719e-140,"5","OCIAD1"
3.10822852076263e-145,0.514736457893653,0.294,0.178,2.79774757382365e-140,"5","REEP3"
3.18496443255351e-145,0.564345393785114,0.251,0.146,2.86681833538574e-140,"5","POLR2I"
3.68377945253008e-145,0.633816126094183,0.225,0.127,3.31580672301685e-140,"5","NDFIP2"
5.65358923190824e-145,0.475113269833322,0.422,0.285,5.08885220353293e-140,"5","ATP9B"
6.96378766513943e-145,0.541516991849406,0.337,0.215,6.26817491526865e-140,"5","COMMD10"
1.03016977148146e-144,0.518932326275079,0.478,0.34,9.27266113008176e-140,"5","NT5C3A"
1.25390674989825e-144,0.730037361674194,0.195,0.105,1.12865400465091e-139,"5","PEX2"
1.36453563795639e-144,0.731416946335853,0.148,0.071,1.22823217308093e-139,"5","CFAP298"
1.381261121001e-144,0.692338798305626,0.184,0.096,1.24328694762421e-139,"5","CDK11A"
1.52292473852334e-144,0.752682222447665,0.192,0.103,1.37079978639225e-139,"5","INTS8"
2.36911633527057e-144,0.393914010019587,0.498,0.348,2.13246530454039e-139,"5","SPCS2"
4.38860818092209e-144,0.73588884613248,0.181,0.095,3.95023010972979e-139,"5","BTN3A3"
1.07473267130345e-143,0.454228373325537,0.434,0.294,9.67377624766953e-139,"5","ADAR"
1.41813027983357e-143,0.409883811890088,0.592,0.444,1.27647324618099e-138,"5","OGA"
1.57340060234825e-143,0.437339793990499,0.409,0.273,1.41623361617969e-138,"5","KPNB1"
2.20060386942901e-143,0.597336312989308,0.271,0.162,1.98078554891175e-138,"5","PIK3CA"
2.87808310829348e-143,0.479222922513741,0.412,0.277,2.59059138660604e-138,"5","PRKDC"
3.05817182346471e-143,0.335084149776611,0.732,0.588,2.75269104001882e-138,"5","ARID1B"
3.98534176807256e-143,0.459583320152705,0.409,0.274,3.5872459788598e-138,"5","CRLF3"
4.1071676375476e-143,0.647606341293655,0.227,0.129,3.69690266223297e-138,"5","GALK2"
4.43340687576799e-143,0.920277024324641,0.126,0.058,3.99055386294753e-138,"5","ABHD10"
5.62297262904673e-143,0.747890923309761,0.163,0.083,5.06129389313125e-138,"5","SLC35A3"
6.72735447260062e-143,1.02978550020968,0.104,0.044,6.05535903433255e-138,"5","TMEM60"
7.34737746864469e-143,0.495949791153734,0.306,0.189,6.61344793330177e-138,"5","POLR2J"
8.10880848178695e-143,0.502809991420698,0.332,0.209,7.29881960254125e-138,"5","AIP"
9.09970402325834e-143,0.840194307981302,0.147,0.072,8.19073458837507e-138,"5","NAGK"
1.30259621024775e-142,0.663653162051386,0.224,0.127,1.1724798748061e-137,"5","TMEM30A"
1.84635093161064e-142,0.498040623543481,0.384,0.253,1.66191893705205e-137,"5","JOSD1"
2.13435822224375e-142,0.766926901224385,0.199,0.11,1.92115717942382e-137,"5","IRS2"
2.48432292846505e-142,0.68037111926623,0.203,0.111,2.23616391114068e-137,"5","ORC3"
4.87455981040812e-142,0.620010542503172,0.236,0.136,4.38764003094645e-137,"5","TRAPPC2L"
5.29637739020275e-142,0.818717740050636,0.134,0.063,4.7673222526954e-137,"5","VPS25"
5.61412755255997e-142,0.974821523453423,0.105,0.045,5.05333235133475e-137,"5","LINC01089"
5.77487883301088e-142,0.390130165491897,0.415,0.276,5.19802618638143e-137,"5","PPP1CA"
1.19670972807457e-141,0.466837857249223,0.437,0.3,1.07717039333721e-136,"5","ODF2L"
1.31437386929459e-141,0.626157226924747,0.218,0.123,1.18308106349075e-136,"5","METTL5"
1.47412114135784e-141,0.456419874062703,0.35,0.224,1.3268711805476e-136,"5","SNRPE"
2.01040909437044e-141,0.44689859593447,0.467,0.325,1.80958932993377e-136,"5","SF3B5"
2.1094205637516e-141,0.537568306405477,0.29,0.177,1.89871054363845e-136,"5","PSMG2"
2.85040030464939e-141,0.610701410314085,0.259,0.154,2.56567381821797e-136,"5","SEL1L"
2.92978691190128e-141,0.599460959677445,0.253,0.149,2.63713049727146e-136,"5","SNF8"
3.30396384562127e-141,0.431633186186101,0.408,0.272,2.97393089708216e-136,"5","ARPC4"
6.08083092331201e-141,0.852914102058735,0.137,0.066,5.47341672238237e-136,"5","ZCCHC9"
6.67749379133912e-141,0.564032561259714,0.276,0.166,6.01047893652225e-136,"5","SSH1"
7.69536392538489e-141,0.538963427248803,0.278,0.168,6.92667402287819e-136,"5","FAM174C"
1.14188838423845e-140,0.831016666614963,0.139,0.067,1.02782515353687e-135,"5","PLEKHM3"
1.24811760268308e-140,0.738325561387044,0.141,0.068,1.12344313535107e-135,"5","SLC41A1"
1.44125085991024e-140,0.550711345912533,0.325,0.206,1.29728431151381e-135,"5","RBM17"
1.60171659901817e-140,0.45465447708187,0.551,0.407,1.44172112794224e-135,"5","C12orf57"
1.88081199719003e-140,0.456578006741881,0.415,0.28,1.69293768679072e-135,"5","TMC8"
1.99200141409711e-140,0.612250540579111,0.368,0.242,1.79302039284295e-135,"5","TNIP3"
2.12022968943282e-140,0.570611681444344,0.224,0.126,1.90843994575538e-135,"5","RETREG3"
2.66294600962193e-140,0.529121878571761,0.385,0.255,2.39694433272079e-135,"5","ZFAND5"
3.53169994019206e-140,0.542834962928216,0.339,0.218,3.17891843316627e-135,"5","NUDT4"
4.36973311262989e-140,0.54157603141542,0.389,0.263,3.93324047200929e-135,"5","CSNK1G3"
7.914179149877e-140,0.344741120557826,0.659,0.512,7.12363179459578e-135,"5","ASH1L"
9.52150205543266e-140,0.425630121898553,0.489,0.344,8.57039921511549e-135,"5","PRPF40A"
1.00960586983305e-139,0.37856560600194,0.542,0.389,9.08756339495429e-135,"5","PTP4A2"
1.26793446534307e-139,0.519280660795773,0.329,0.209,1.14128049159995e-134,"5","CTCF"
1.26951746061419e-139,0.559807571277788,0.26,0.154,1.14270536147344e-134,"5","GOSR1"
1.36611387000859e-139,0.810513262690336,0.135,0.065,1.22965275553343e-134,"5","PRDM10"
1.51190393395995e-139,0.506581505167866,0.319,0.2,1.36087984999669e-134,"5","ZNF33A"
1.6298074693816e-139,0.59096313135243,0.285,0.175,1.46700600126507e-134,"5","ID3"
1.67339430023824e-139,0.716581713383964,0.202,0.112,1.50623894358744e-134,"5","ATXN7L3B"
3.04769802179135e-139,0.573151314064024,0.274,0.166,2.74326346639461e-134,"5","DICER1"
3.1745400893105e-139,0.52055566620882,0.31,0.193,2.85743527978927e-134,"5","DENR"
5.52852329375188e-139,1.14590393509574,0.113,0.051,4.97627910193901e-134,"5","LINC00243"
6.72793493576598e-139,0.51665559015563,0.295,0.181,6.05588151503232e-134,"5","CDC40"
7.04753371801394e-139,0.537318844137761,0.269,0.161,6.34355557492153e-134,"5","PIKFYVE"
7.12872116020274e-139,0.475656508758632,0.371,0.244,6.41663320351009e-134,"5","CCT6A"
8.67673185459273e-139,0.749987663685755,0.171,0.089,7.81001310963746e-134,"5","FRA10AC1"
8.93265643715273e-139,0.865262660478689,0.101,0.043,8.04037338564554e-134,"5","PIP5K1B"
1.04677181561615e-138,0.433939677671538,0.441,0.303,9.4220977895425e-134,"5","TACC1"
1.12005701861083e-138,0.608831587019599,0.231,0.132,1.0081745230218e-133,"5","TXN2"
1.14935453069633e-138,0.536798408497151,0.322,0.204,1.03454550662508e-133,"5","COX20"
1.42244690986101e-138,0.976244931533531,0.113,0.05,1.28035868803499e-133,"5","RAD18"
1.73790837100185e-138,0.703952305142999,0.185,0.099,1.56430870382248e-133,"5","NDUFA9"
1.80578622965616e-138,0.541921964815961,0.17,0.087,1.62540624317581e-133,"5","MAML3"
1.83495164651396e-138,0.456128013853988,0.386,0.256,1.65165832654368e-133,"5","CREB1"
2.83205297477544e-138,0.424636631927608,0.505,0.364,2.54915920312512e-133,"5","TMEM131L"
3.59453507740278e-138,0.387697329876366,0.601,0.451,3.23547696852102e-133,"5","HLA-F"
5.36034788131873e-138,0.567623126066347,0.33,0.212,4.8249027314538e-133,"5","PBX3"
6.63157568601222e-138,0.974769925634858,0.123,0.057,5.96914759073646e-133,"5","GNPDA1"
7.03697344606578e-138,0.893068179440826,0.128,0.06,6.33405016853827e-133,"5","ATPAF1"
9.39136243851198e-138,0.717906311667144,0.196,0.107,8.45325924452902e-133,"5","SLC35D2"
9.83870854972317e-138,0.444499570759927,0.427,0.291,8.85591995269132e-133,"5","UBE2I"
1.78219389872798e-137,0.554857192429631,0.311,0.196,1.60417055018404e-132,"5","SOCS3"
2.4254384290741e-137,0.771353407336847,0.17,0.089,2.18316138439389e-132,"5","METTL4"
2.4409771155997e-137,0.554688317697932,0.289,0.178,2.19714791152245e-132,"5","ARHGAP4"
3.0689993888694e-137,0.905012894620609,0.125,0.058,2.76243703991524e-132,"5","MIIP"
4.69630035051728e-137,0.579935980204126,0.252,0.149,4.22718690850411e-132,"5","CDC5L"
4.70213444949223e-137,0.465742568863364,0.427,0.293,4.23243823933246e-132,"5","PARP14"
4.89395943731602e-137,0.74619000723138,0.181,0.097,4.40510182912253e-132,"5","SLC25A13"
5.66210056865591e-137,0.645381182716672,0.216,0.122,5.09651334285287e-132,"5","NDUFS2"
6.10698743682262e-137,0.358433309018464,0.612,0.459,5.49696046175841e-132,"5","PNISR"
6.89425013030357e-137,0.423395750249785,0.488,0.347,6.20558348478755e-132,"5","FXR1"
6.95512360028216e-137,0.577317497137007,0.225,0.128,6.26037630384997e-132,"5","EMC6"
8.78503950494773e-137,0.586659114646764,0.274,0.167,7.9075019087985e-132,"5","EED"
1.58949614258716e-136,0.679844937256134,0.267,0.163,1.43072137290413e-131,"5","TMEM263"
2.03374619581005e-136,0.526286676649609,0.293,0.181,1.83059528831059e-131,"5","USP10"
3.00005649255237e-136,0.488992085401152,0.321,0.203,2.70038084951131e-131,"5","AP2M1"
3.61723717602066e-136,0.426849246393329,0.433,0.295,3.25591135450796e-131,"5","BUB3"
3.89639024386008e-136,0.419380837291806,0.418,0.283,3.50717982240089e-131,"5","RTRAF"
4.20542655438341e-136,0.78530062785776,0.141,0.069,3.78534649586605e-131,"5","MICAL1"
4.32174298167284e-136,0.436558829690745,0.392,0.26,3.89004407523354e-131,"5","MRPL41"
5.54517503449602e-136,0.633191593532864,0.234,0.137,4.99126750030021e-131,"5","GPATCH2"
5.76252573867731e-136,0.590468517008415,0.26,0.156,5.18690704264084e-131,"5","LEMD3"
7.28120051791693e-136,0.422598085618988,0.382,0.252,6.55388139818221e-131,"5","ATP2A2"
7.50540268784116e-136,0.569992857574372,0.232,0.135,6.7556880133527e-131,"5","CTSA"
9.68258437606983e-136,0.698085443868012,0.178,0.095,8.71539102274421e-131,"5","MALSU1"
1.63172891411409e-135,0.589363401295614,0.255,0.152,1.46873551288324e-130,"5","MFF"
1.85515455210888e-135,0.42175962454104,0.423,0.287,1.66984316389872e-130,"5","IGF2R"
2.19289382373815e-135,0.825313748623406,0.131,0.063,1.97384565968495e-130,"5","ZBED5"
3.63645629182511e-135,0.644922139970684,0.301,0.191,3.2732106728347e-130,"5","TNFSF10"
3.71527148100505e-135,0.575737432730667,0.255,0.153,3.34415301276745e-130,"5","SNX13"
4.93224742016934e-135,0.934390725755333,0.125,0.059,4.43956522536863e-130,"5","CEP97"
5.42601762846271e-135,0.475021741217526,0.306,0.191,4.88401272755557e-130,"5","MAP4K3"
8.63889097459215e-135,0.681562620934781,0.184,0.099,7.77595215514014e-130,"5","CCDC25"
8.85551546503644e-135,0.359144847869569,0.683,0.54,7.97093802523395e-130,"5","NAP1L1"
9.26131900757439e-135,0.934924923589553,0.113,0.051,8.33620585190778e-130,"5","SWT1"
1.07445425333509e-134,0.504641883861492,0.354,0.231,9.67127017969451e-130,"5","CCT8"
2.20109252076475e-134,0.400364686102749,0.462,0.323,1.98122538886556e-129,"5","NDUFB1"
2.62982776532645e-134,0.841927954091624,0.134,0.065,2.36713426984799e-129,"5","NEDD4"
3.59322935812209e-134,0.997439068710063,0.108,0.048,3.23430167753927e-129,"5","LUCAT1"
5.26374636263231e-134,0.598799710604455,0.233,0.136,4.73795073846897e-129,"5","MLEC"
8.08802160707664e-134,0.596657480997965,0.24,0.141,7.28010912874576e-129,"5","NFYC"
8.24217975120204e-134,0.890382643531454,0.114,0.052,7.41886841585447e-129,"5","ZNF544"
1.04255906208299e-133,0.487736739335127,0.316,0.2,9.38417837371522e-129,"5","TFCP2"
1.0492098355206e-133,0.405652547678122,0.593,0.448,9.44404265050452e-129,"5","EIF4G2"
1.76006772657583e-133,0.391544893005648,0.573,0.429,1.58425456136817e-128,"5","NEK7"
2.70014076303645e-133,0.74225602300373,0.161,0.083,2.43042370221674e-128,"5","CPSF2"
2.87302357181395e-133,0.630374365989538,0.209,0.118,2.58603724722545e-128,"5","FAF2"
3.08635401927066e-133,0.465805615215529,0.319,0.202,2.77805811628571e-128,"5","TMEM167A"
3.20180308322766e-133,0.697641582231116,0.185,0.101,2.88197497324405e-128,"5","KMT2B"
4.52410680717289e-133,0.650959820303674,0.205,0.116,4.07219377820439e-128,"5","GTF2A1"
4.734552293773e-133,0.802082718155985,0.137,0.067,4.26161786514802e-128,"5","DNASE1"
5.07154750847123e-133,0.872977820930425,0.132,0.064,4.56495062785004e-128,"5","GOLGA5"
7.37022878624746e-133,0.566869078307755,0.259,0.156,6.6340166327892e-128,"5","ATP6V1E1"
8.68764632385303e-133,0.38140136483084,0.478,0.334,7.81983733256335e-128,"5","SMARCC1"
8.72891648296617e-133,0.459607753237452,0.386,0.259,7.85698501548268e-128,"5","TSTD1"
1.7809854573381e-132,0.644019327678833,0.299,0.19,1.60308282000459e-127,"5","SORL1"
1.88869381540425e-132,0.499881079634809,0.33,0.213,1.70003219018352e-127,"5","CCAR1"
3.1249259008602e-132,0.575829087351479,0.262,0.159,2.81277705262328e-127,"5","LARP4"
3.99087636528238e-132,0.870895667463717,0.115,0.053,3.59222772515432e-127,"5","IFT27"
4.34251740032466e-132,0.603899304068186,0.215,0.122,3.90874333720623e-127,"5","TMEM208"
5.29472106050126e-132,0.519290516663143,0.329,0.212,4.76583137376779e-127,"5","PSMD14"
6.18972868728683e-132,0.372830603239053,0.507,0.363,5.57143668871374e-127,"5","CAP1"
8.08790060143577e-132,0.47027252932097,0.318,0.201,7.28000021035835e-127,"5","USO1"
8.11704946980482e-132,0.854536675119356,0.143,0.072,7.30623739826602e-127,"5","EEF1AKMT2"
1.00573790707248e-131,0.568877151901788,0.227,0.131,9.0527474753501e-127,"5","MVP"
1.08421917507806e-131,0.84750612893489,0.133,0.065,9.7591652167951e-127,"5","RNFT1"
2.17413043051592e-131,0.662392608147237,0.189,0.104,1.95695654181169e-126,"5","IL12RB1"
5.99052867050798e-131,0.597349616402826,0.255,0.154,5.39213476161093e-126,"5","DDX60L"
6.47073189641491e-131,0.397996628115563,0.532,0.389,5.82437048728202e-126,"5","ST13"
7.51608013027653e-131,0.619958347778276,0.229,0.134,6.76529888606321e-126,"5","ZBTB25"
9.84199142628181e-131,0.50784761035865,0.249,0.147,8.85887490271052e-126,"5","CTNNA1"
1.51414949473512e-130,0.659482613237015,0.163,0.086,1.36290110170603e-125,"5","LIMK2"
1.55632583397648e-130,0.385680049019652,0.589,0.446,1.40086444642057e-125,"5","RAN"
2.36667902658328e-130,0.452559128127172,0.332,0.214,2.13027145861787e-125,"5","PSMB2"
2.38021381782904e-130,0.716848142184406,0.196,0.11,2.1424542595661e-125,"5","ZNF10"
4.19349145202e-130,0.639512264228886,0.209,0.119,3.77460359087772e-125,"5","AKAP11"
4.36593741315265e-130,0.575520266974872,0.23,0.134,3.92982392495283e-125,"5","MFAP1"
4.4102617975759e-130,0.455394095635862,0.398,0.271,3.96972074661605e-125,"5","SH2D2A"
5.14874225469649e-130,0.872344925038181,0.112,0.051,4.63443439087486e-125,"5","QSER1"
6.9816921154905e-130,0.580721920580023,0.218,0.125,6.28429089007415e-125,"5","WIPI2"
1.35294453925591e-129,0.567826254919013,0.211,0.119,1.21779890922964e-124,"5","NPLOC4"
1.91353510255045e-129,0.498067487695342,0.27,0.164,1.72239208115669e-124,"5","FDPS"
1.95740604132828e-129,0.438124056848953,0.353,0.23,1.76188075186e-124,"5","EAPP"
2.14378727382291e-129,0.572202999121399,0.234,0.138,1.92964436304074e-124,"5","SHPRH"
2.20710960274509e-129,0.63110986774822,0.205,0.116,1.98664142452688e-124,"5","TMEM134"
2.33227158457993e-129,0.685085813953291,0.189,0.105,2.09930097599624e-124,"5","POP5"
2.45621211268671e-129,0.359438055245703,0.66,0.514,2.21086108475044e-124,"5","HNRNPK"
2.6830746450879e-129,0.658355741042267,0.213,0.122,2.41506231879007e-124,"5","SMIM19"
3.03953487936095e-129,0.519313790649563,0.217,0.124,2.73591574026158e-124,"5","TACC3"
3.0897669015083e-129,0.335009751045912,0.982,0.903,2.78113008571664e-124,"5","HSP90AA1"
3.6598960207305e-129,0.65342098502075,0.221,0.128,3.29430900721973e-124,"5","PRPF39"
3.82630214633852e-129,0.423067505545989,0.474,0.336,3.44409282494077e-124,"5","EIF4B"
3.89050567519104e-129,0.811686768668566,0.138,0.068,3.50188306329621e-124,"5","ISCA2"
4.62249571526066e-129,0.51812778819893,0.311,0.199,4.16075461826327e-124,"5","CLNS1A"
4.8395030859932e-129,0.28865800204195,0.706,0.554,4.35608512273334e-124,"5","EEF2"
8.03861342778921e-129,0.479858895291499,0.302,0.189,7.23563633248734e-124,"5","C1orf43"
9.65925326213744e-129,0.471905906005289,0.274,0.167,8.69439045378253e-124,"5","RAB5C"
1.4859310726677e-128,0.337356804569478,0.654,0.499,1.33750141781892e-123,"5","SRRM2"
1.81831952143415e-128,0.59257522495325,0.216,0.124,1.63668758443809e-123,"5","NDE1"
1.92271751969867e-128,0.476922717718429,0.293,0.181,1.73065726665597e-123,"5","CCNDBP1"
2.31833386890887e-128,0.30889719475044,0.642,0.493,2.08675549874356e-123,"5","TAOK3"
2.67074485836365e-128,0.506827334630345,0.347,0.228,2.40396415446171e-123,"5","CARD8"
3.76240847107375e-128,0.50146268992944,0.288,0.179,3.38658148889819e-123,"5","LAMTOR1"
3.81437589429719e-128,0.440133495492925,0.353,0.231,3.43335788621585e-123,"5","PDCD10"
6.98686233563837e-128,0.508471207208686,0.28,0.173,6.28894465693145e-123,"5","BANP"
7.54146945342266e-128,0.573932253737991,0.219,0.126,6.78815206972027e-123,"5","LRP10"
1.4412125811403e-127,0.346247275465465,0.574,0.422,1.29724985641019e-122,"5","TLE5"
1.49898956622174e-127,0.711025602013272,0.157,0.082,1.34925549845185e-122,"5","CYP2R1"
1.50202372590239e-127,0.414590705276667,0.421,0.291,1.351986575922e-122,"5","CIAO2B"
1.6715678087175e-127,0.711594831808803,0.153,0.079,1.50459490030471e-122,"5","CEP170"
1.82698665434475e-127,0.744839167393147,0.164,0.087,1.64448895744225e-122,"5","INKA2"
1.96969313741041e-127,0.670393752205604,0.176,0.095,1.77294048991448e-122,"5","PDHB"
2.14312655706652e-127,0.383035077312984,0.412,0.28,1.92904964528115e-122,"5","ATP5PO"
3.16411972033184e-127,0.362333442705033,0.431,0.295,2.84805580146789e-122,"5","PET100"
4.06281481033363e-127,0.423648149196984,0.457,0.322,3.65698023892941e-122,"5","NSA2"
4.32668954600377e-127,0.431769348048328,0.352,0.231,3.89449652725345e-122,"5","ZC3H13"
4.34156983574247e-127,0.475680049305738,0.39,0.266,3.90789042485016e-122,"5","G3BP1"
5.47624616995495e-127,0.503877312196006,0.284,0.176,4.92922394003815e-122,"5","KRR1"
5.50900264807206e-127,0.459447073958929,0.345,0.227,4.95870837355614e-122,"5","LRRFIP2"
5.65783800884609e-127,0.592018973271833,0.236,0.14,5.09267657014245e-122,"5","ATG3"
5.68247577466419e-127,0.638480129115398,0.207,0.118,5.11485326953298e-122,"5","R3HDM4"
6.53710990447105e-127,0.562002711508238,0.218,0.126,5.88411799611344e-122,"5","SLC44A2"
7.4964513791088e-127,0.560402897701364,0.261,0.159,6.74763085084962e-122,"5","TKT"
7.81308936428912e-127,0.599755892508569,0.283,0.178,7.03263986769028e-122,"5","TOR1AIP2"
8.7275265614295e-127,0.402803696958867,0.37,0.245,7.85573393320831e-122,"5","SRP9"
8.98695562070416e-127,0.663167810663686,0.188,0.104,8.08924862375202e-122,"5","NUDT1"
9.12508569061526e-127,0.65015690486967,0.227,0.134,8.2135808809797e-122,"5","CCDC117"
1.09494703030677e-126,0.439707337716673,0.361,0.238,9.85572771449425e-122,"5","ADD1"
1.12139062629788e-126,0.48420269158114,0.312,0.199,1.00937491663699e-121,"5","VPS36"
1.74061324235993e-126,0.429104893465051,0.396,0.268,1.5667433855806e-121,"5","SPPL2A"
2.47909187732012e-126,0.399931614312081,0.406,0.276,2.23145538969461e-121,"5","PFDN2"
2.92445163862317e-126,0.281994827505947,0.703,0.553,2.6323281644411e-121,"5","MYH9"
3.01061289292404e-126,0.933227105676465,0.103,0.046,2.70988277104986e-121,"5","CROCC"
3.14796451414232e-126,0.505416763428862,0.285,0.177,2.83351433882464e-121,"5","DERL1"
3.34720331417376e-126,0.622950137407837,0.198,0.112,3.01285117512095e-121,"5","PHAX"
4.71346392630171e-126,0.565710819061765,0.233,0.137,4.24263601470343e-121,"5","ECHS1"
4.76527794501652e-126,0.442543061704879,0.343,0.223,4.28927433108882e-121,"5","TNPO3"
5.01706325694431e-126,0.441568097906763,0.393,0.266,4.51590880820814e-121,"5","UFC1"
6.28486710530226e-126,0.491945752495345,0.339,0.22,5.65707173015362e-121,"5","EIF4E"
6.6332247334586e-126,0.352805382863158,0.516,0.372,5.97063191483342e-121,"5","SYNRG"
7.59693960109824e-126,0.431649070698092,0.345,0.225,6.83808130434453e-121,"5","WDR1"
7.73176568601524e-126,0.634749268410237,0.183,0.1,6.95943961163918e-121,"5","MRPS10"
7.79563267029814e-126,0.396352564435474,0.447,0.313,7.01692692286206e-121,"5","CCT3"
1.00541392331139e-125,0.722732415187211,0.171,0.092,9.04983126511819e-121,"5","SLC25A38"
1.20516833254808e-125,0.665781188602059,0.169,0.09,1.08478406780985e-120,"5","DHPS"
1.82754376730422e-125,0.332921697981502,0.676,0.537,1.6449904203882e-120,"5","BIRC6"
2.57080906149779e-125,0.571481057501549,0.219,0.127,2.31401094434477e-120,"5","NDUFS1"
3.28119431573688e-125,0.509379535751425,0.427,0.301,2.95343581553792e-120,"5","BAX"
3.57794595565327e-125,0.65375762794122,0.18,0.099,3.22054493414307e-120,"5","COA6"
3.5971528386656e-125,0.409708955285802,0.324,0.207,3.23783324161129e-120,"5","PSMB7"
4.21889758913166e-125,0.498707217581338,0.316,0.203,3.7974719089533e-120,"5","RPN2"
5.37669794364524e-125,0.585602462330436,0.236,0.14,4.83961958605451e-120,"5","MBTPS1"
6.15465054521483e-125,0.448556506815171,0.176,0.093,5.53986250225332e-120,"5","AC245297.3"
8.90614592513205e-125,0.364362115318231,0.459,0.322,8.01651100867061e-120,"5","PPHLN1"
9.18238331516797e-125,0.426053154829827,0.422,0.292,8.26515504581584e-120,"5","PHF3"
9.43782937074147e-125,0.71606499470598,0.148,0.076,8.49508459489811e-120,"5","PLPP5"
9.80535984583367e-125,0.5769172245504,0.275,0.172,8.82590245083334e-120,"5","BCL2L11"
9.94379433215627e-125,0.434405564329371,0.347,0.228,8.95050871631718e-120,"5","ATP6V0B"
1.30554084146218e-124,0.454157869224428,0.283,0.174,1.17513036680852e-119,"5","MOB3A"
1.65495503983369e-124,0.772128211499852,0.142,0.072,1.4896415809047e-119,"5","RBMX2"
1.74033564494604e-124,0.603044140593987,0.155,0.081,1.56649351737238e-119,"5","CMTM8"
1.91545336952668e-124,0.78765578786452,0.118,0.056,1.72411873244466e-119,"5","ITGB2-AS1"
1.91949098827454e-124,0.537298611642005,0.22,0.128,1.72775303345579e-119,"5","PIN4"
1.93011812664739e-124,0.448748396745202,0.354,0.234,1.73731862697658e-119,"5","ST6GAL1"
2.05411810204638e-124,0.526980501888568,0.426,0.303,1.84893224483297e-119,"5","DNAJB4"
3.70738363103612e-124,0.793382656250829,0.133,0.066,3.33705308013192e-119,"5","MED8"
4.47484960189989e-124,0.545954975912907,0.295,0.188,4.02785687516611e-119,"5","PDE4A"
4.76468428391868e-124,0.38123503956128,0.379,0.253,4.28873997079804e-119,"5","LAMTOR5"
5.27654007329814e-124,0.443061544017607,0.335,0.218,4.74946648537639e-119,"5","KCNAB2"
5.33779735271249e-124,0.509191470753563,0.241,0.144,4.80460477515004e-119,"5","SNRPC"
6.84847898386298e-124,0.498504906612181,0.28,0.175,6.1643844181649e-119,"5","YEATS2"
6.8684734828467e-124,0.777982841466975,0.161,0.086,6.18238166664515e-119,"5","B3GNTL1"
7.66500334743385e-124,0.439030556018165,0.387,0.264,6.89934616305868e-119,"5","FCHSD2"
7.70153220050668e-124,0.492680362713123,0.24,0.143,6.93222614899807e-119,"5","MRPS18C"
1.66526284465236e-123,0.277053770615266,0.746,0.601,1.49891973910004e-118,"5","BCL11B"
1.86701628069071e-123,0.681196622546578,0.17,0.092,1.68052002441251e-118,"5","BTN2A1"
1.87136132008362e-123,0.679853412823666,0.168,0.09,1.68443103782047e-118,"5","BCKDHB"
2.21509212344215e-123,0.607853296019586,0.229,0.135,1.99382657123152e-118,"5","SLC35D1"
3.11714454517688e-123,0.435497221343825,0.388,0.263,2.80577297655916e-118,"5","PNRC2"
4.0578952775543e-123,0.470423360790825,0.324,0.211,3.6525521182794e-118,"5","TMED9"
4.67564770519493e-123,0.325428950815319,0.608,0.456,4.20859725592301e-118,"5","EIF5"
4.68720313453956e-123,0.486142347146812,0.262,0.16,4.2189984134304e-118,"5","SPOP"
5.57017487528347e-123,0.653960081645147,0.225,0.134,5.01377010699141e-118,"5","MIGA1"
5.67299066388047e-123,0.388864428995964,0.416,0.286,5.10631562646545e-118,"5","DNAJC8"
5.76023207269267e-123,0.693273143220723,0.166,0.089,5.1848424909514e-118,"5","STAM2"
5.97566722121807e-123,0.648872366070901,0.195,0.11,5.3787578224906e-118,"5","DNAJC9"
6.40746484885552e-123,0.593097824401229,0.205,0.118,5.76742318510334e-118,"5","ZKSCAN1"
1.00397510804625e-122,0.708880824005981,0.172,0.094,9.03688034503513e-118,"5","PHF10"
1.25495130342171e-122,0.514922894914246,0.301,0.192,1.12959421772291e-117,"5","TNPO1"
1.33675112887654e-122,0.696858072128348,0.16,0.085,1.20322305861307e-117,"5","UROS"
1.4743331376614e-122,0.360641695746375,0.559,0.417,1.3270620005404e-117,"5","SLTM"
1.52924234663282e-122,0.333581693111301,0.627,0.482,1.37648632862767e-117,"5","UQCRH"
1.58194242028519e-122,0.31617992714944,0.478,0.338,1.4239221919229e-117,"5","QKI"
1.77305722611739e-122,0.533000606025656,0.27,0.169,1.59594653980052e-117,"5","METTL15"
1.83064680713986e-122,0.495314259179992,0.31,0.2,1.64778349757466e-117,"5","MGMT"
1.85849761627065e-122,0.406300861452515,0.328,0.212,1.67285228938138e-117,"5","NDUFS7"
2.03221472793952e-122,0.477548861026548,0.291,0.184,1.82921679876564e-117,"5","KIF1B"
4.13707377685349e-122,0.468327160374955,0.334,0.22,3.72382147728359e-117,"5","CCDC18-AS1"
4.31998450202698e-122,0.437533701378765,0.424,0.297,3.88846125011951e-117,"5","TUT7"
5.63858228821469e-122,0.495663979651699,0.267,0.165,5.07534430344493e-117,"5","DIS3L2"
5.91171061015505e-122,0.440191614466416,0.257,0.155,5.32118983730666e-117,"5","HSBP1"
6.96974033979601e-122,0.847869058721268,0.13,0.064,6.27353297725379e-117,"5","ZNF507"
8.25468165722161e-122,0.307448791167093,0.714,0.58,7.43012150648174e-117,"5","UBL5"
8.30138818584886e-122,0.468359364134332,0.314,0.202,7.47216251996442e-117,"5","OPA1"
8.53251538021257e-122,0.422105210326551,0.387,0.263,7.68020241888313e-117,"5","GPBP1L1"
9.9725960840106e-122,0.453899286700097,0.385,0.263,8.97643346117879e-117,"5","CNTRL"
1.08461689426355e-121,0.517216762228157,0.261,0.161,9.76274512695564e-117,"5","GPATCH2L"
1.28214291421423e-121,0.734314264212506,0.162,0.087,1.15406965851337e-116,"5","SNX20"
1.49000988773212e-121,0.883700377035265,0.16,0.086,1.34117280004656e-116,"5","TRIM25"
1.52365059354452e-121,0.778496449852368,0.137,0.069,1.37145313575536e-116,"5","NXPE3"
1.65360535264471e-121,0.518290055482486,0.258,0.159,1.48842671396903e-116,"5","BICD1"
1.71244470575168e-121,0.514169499061178,0.26,0.16,1.54138860409415e-116,"5","VRK2"
1.89377987746712e-121,0.599042832225495,0.199,0.113,1.70461020550693e-116,"5","ABCB7"
2.05255915548263e-121,0.423526337793348,0.353,0.234,1.84752902144147e-116,"5","COX14"
2.51037484446488e-121,0.885429364218114,0.106,0.048,2.25961350125129e-116,"5","LACTB2"
2.60438871755478e-121,0.41067237654982,0.304,0.193,2.34423632855824e-116,"5","ZNF106"
2.71877744287885e-121,0.273970418751833,0.639,0.489,2.44719876410968e-116,"5","PSMB9"
2.87093592520793e-121,0.258134974366075,0.805,0.664,2.58415813563891e-116,"5","SRSF7"
3.57056132312265e-121,0.61107528056046,0.193,0.109,3.21389795255593e-116,"5","JADE2"
3.89321731550908e-121,0.585932073717507,0.202,0.116,3.50432383786288e-116,"5","ETHE1"
4.17420598641827e-121,0.510686206161448,0.229,0.135,3.75724455043495e-116,"5","PFKP"
4.59872317722228e-121,0.406941549747132,0.354,0.235,4.13935671904954e-116,"5","GON4L"
5.14737431767665e-121,0.602104218002386,0.242,0.147,4.63320309708393e-116,"5","BAZ2B"
5.86718240349629e-121,0.671794136490864,0.18,0.1,5.28110955321105e-116,"5","RMDN1"
8.52335594050668e-121,0.480543806601647,0.26,0.16,7.67195791560947e-116,"5","UBE4B"
9.45903654575301e-121,0.580781517710039,0.202,0.115,8.51417338519774e-116,"5","HSD17B10"
1.02479165577976e-120,0.407775180684735,0.402,0.276,9.22425217283923e-116,"5","ATP5PD"
1.44397665087264e-120,0.475612809456366,0.262,0.161,1.29973782321697e-115,"5","ADRM1"
1.65399951029935e-120,0.454089694145207,0.286,0.18,1.48878149921555e-115,"5","IL4R"
1.66431669870131e-120,0.459469607722951,0.262,0.161,1.49806810366804e-115,"5","NSD2"
1.9722516639048e-120,0.292453152148375,0.686,0.543,1.77524344519735e-115,"5","HNRNPU"
2.01949462869473e-120,0.772144128923008,0.135,0.068,1.81776731023442e-115,"5","DNAJB12"
2.31259244681959e-120,0.646001935099797,0.137,0.069,2.08158758730678e-115,"5","CDK5RAP3"
2.51619510926165e-120,0.580517910266747,0.225,0.133,2.26485237979751e-115,"5","OSTM1"
2.57372915153641e-120,0.87351100090407,0.123,0.06,2.31663934658944e-115,"5","PMM1"
3.29544877838316e-120,0.639348823843259,0.176,0.097,2.96626639991046e-115,"5","AP3M1"
3.79605623198635e-120,0.470802274054726,0.355,0.239,3.41686817497323e-115,"5","RSRC1"
4.16001445118989e-120,0.375913982928809,0.481,0.345,3.74447060766053e-115,"5","DAD1"
4.23458804001185e-120,0.464152619183643,0.295,0.188,3.81159504069507e-115,"5","PIN1"
5.49679817396943e-120,0.5419850201065,0.261,0.162,4.94772300437162e-115,"5","PPP1R12B"
6.41141880462646e-120,0.349514207780486,0.532,0.389,5.77098218023232e-115,"5","TBCA"
8.55212387033099e-120,0.774916047073548,0.118,0.056,7.69785221692363e-115,"5","KIZ-AS1"
9.18995064910739e-120,0.437945872096382,0.361,0.243,8.27196647876806e-115,"5","CREBRF"
1.04217879228534e-119,0.82991244629138,0.113,0.054,9.38075552723955e-115,"5","CRYZL1"
1.0752165978849e-119,0.863684106349009,0.109,0.051,9.67813211922176e-115,"5","SLC33A1"
1.92061461490841e-119,0.376903980209027,0.467,0.333,1.72876442102521e-114,"5","ITPR2"
2.0987629590467e-119,0.39117021501196,0.418,0.29,1.88911752706752e-114,"5","IK"
2.99766322787647e-119,0.463703707017499,0.334,0.221,2.69822664804389e-114,"5","EXOC2"
3.20945153003796e-119,0.522357552653661,0.261,0.162,2.88885941670247e-114,"5","TRRAP"
3.57507743031738e-119,0.517840434126006,0.247,0.15,3.21796294580297e-114,"5","KMT5B"
4.50458105437578e-119,0.464231341452677,0.278,0.174,4.05461845285418e-114,"5","LARP1"
4.74857671119742e-119,0.434769261518511,0.347,0.229,4.27424138351591e-114,"5","AKIRIN2"
5.41788863206474e-119,0.579602217328961,0.209,0.121,4.87669573660779e-114,"5","CALU"
5.42209908658401e-119,0.683105508661066,0.156,0.083,4.88048560882513e-114,"5","PRPSAP2"
6.53280706906922e-119,0.389558769788231,0.344,0.225,5.88024497093989e-114,"5","ZNHIT1"
1.04176650801851e-118,0.343720439789842,0.539,0.396,9.37704451532542e-114,"5","OXNAD1"
1.14095355992782e-118,0.510567421125619,0.243,0.147,1.02698370882663e-113,"5","UBA3"
1.29866268155337e-118,0.805834462669665,0.128,0.063,1.16893926629301e-113,"5","ZNF524"
1.90408572709839e-118,0.5149946585292,0.246,0.149,1.71388660381853e-113,"5","APTX"
2.35655205103459e-118,0.710688481645961,0.171,0.094,2.12115606665675e-113,"5","RNF213-AS1"
2.98133563754842e-118,0.411231326417718,0.417,0.289,2.68353002071371e-113,"5","CD46"
4.44254501585872e-118,0.408733922955294,0.367,0.247,3.99877919422459e-113,"5","PSMA3"
4.95878610328174e-118,0.702906270495717,0.115,0.055,4.46345295942493e-113,"5","AC006369.1"
6.24390072220618e-118,0.319656921069103,0.369,0.246,5.620197479065e-113,"5","COMMD1"
7.13378211651215e-118,0.434751209798905,0.308,0.198,6.42118862089375e-113,"5","CAPRIN1"
9.67382286635874e-118,0.75802481474971,0.114,0.054,8.70750470023817e-113,"5","TATDN2"
1.4813876835165e-117,0.65049265015324,0.177,0.098,1.33341186781004e-112,"5","FBRS"
1.71951320804854e-117,0.476687836534388,0.289,0.183,1.54775103369658e-112,"5","ZNF721"
1.72693939936687e-117,0.398049007961248,0.351,0.232,1.55443542276411e-112,"5","SUZ12"
1.74318580521207e-117,0.385110425920826,0.388,0.264,1.56905897512944e-112,"5","NDUFA2"
2.69512783299681e-117,0.494754116773535,0.226,0.134,2.42591151375876e-112,"5","PIH1D1"
2.94714945363903e-117,0.435596686820483,0.323,0.212,2.65275869471503e-112,"5","TMEM160"
3.66600228546626e-117,0.581725396546938,0.173,0.095,3.29980531717103e-112,"5","MRPL27"
3.93209207599147e-117,0.358493694536775,0.491,0.354,3.53931539852068e-112,"5","PHC3"
3.96498251168803e-117,0.682760264659235,0.167,0.091,3.56892040859551e-112,"5","KRT18"
4.63216936424997e-117,0.507137753536216,0.23,0.137,4.16946196645504e-112,"5","LSM10"
4.7850279118969e-117,0.637904895685042,0.153,0.081,4.30705147377752e-112,"5","YIF1A"
6.48188706213265e-117,0.469469737794998,0.273,0.17,5.83441136349622e-112,"5","EMC7"
7.03973513858167e-117,0.296608275621191,0.736,0.599,6.33653599558875e-112,"5","N4BP2L2"
8.85214230806006e-117,0.505817565449887,0.25,0.153,7.96790181290794e-112,"5","FRG1"
8.90550810860408e-117,0.445068775498093,0.307,0.197,8.01593690363562e-112,"5","RALBP1"
1.53784089680727e-116,0.48141194536007,0.303,0.196,1.38422596962519e-111,"5","MIAT"
1.6138315658713e-116,0.380943634189143,0.443,0.313,1.45262593075641e-111,"5","LPXN"
1.8985821116107e-116,0.692186307662986,0.15,0.079,1.70893274448191e-111,"5","PLPBP"
1.99019973121346e-116,0.667696808693947,0.16,0.086,1.79139868006255e-111,"5","MRPS11"
3.06482485292229e-116,0.373951513902946,0.395,0.27,2.75867949836388e-111,"5","SCFD1"
3.32985375646989e-116,0.808576972141648,0.138,0.071,2.99723466473611e-111,"5","HSPBAP1"
3.33610699000877e-116,0.851694616244681,0.118,0.058,3.0028632627768e-111,"5","SHQ1"
3.35662249812826e-116,0.761290679966256,0.154,0.082,3.02132947679022e-111,"5","FLT3LG"
3.92874925470301e-116,0.666918448748359,0.159,0.086,3.53630649165072e-111,"5","ACTR1B"
4.07690523254207e-116,0.43760164563739,0.323,0.213,3.66966316886344e-111,"5","LRCH1"
9.1599080840369e-116,0.395784120384392,0.464,0.332,8.24492486552245e-111,"5","YTHDC1"
1.02417339886037e-115,0.364843920287121,0.358,0.238,9.21868718048209e-111,"5","SNRPD1"
1.2983569513399e-115,0.397354803960209,0.387,0.265,1.16866407547056e-110,"5","TMCO1"
1.98366896481126e-115,0.437981390471951,0.333,0.221,1.78552027191626e-110,"5","RELCH"
2.10062578938475e-115,0.383926756500207,0.445,0.316,1.89079427928311e-110,"5","CEP350"
2.59791037726206e-115,0.747059631004006,0.135,0.069,2.33840510967735e-110,"5","LGALS9"
2.63281889546627e-115,0.775523543911709,0.127,0.064,2.36982661599814e-110,"5","LACTB"
3.07884871978369e-115,0.287947901199284,0.69,0.549,2.77130252116449e-110,"5","COX6C"
4.61058299597242e-115,0.485151966753536,0.284,0.181,4.15003186050474e-110,"5","SUGT1"
5.37218638741114e-115,0.6143876707603,0.215,0.127,4.83555868917264e-110,"5","SEPTIN11"
5.52567342845387e-115,0.573727482160663,0.229,0.138,4.97371390968561e-110,"5","MSL3"
5.69836594157024e-115,0.570074161149248,0.167,0.092,5.12915616766679e-110,"5","OTUD7B"
6.52921621861333e-115,0.71412497239163,0.16,0.087,5.87701281053605e-110,"5","AKR7A2"
6.57488539279386e-115,0.622312525260286,0.223,0.135,5.91812009090768e-110,"5","DDB2"
9.87622233262977e-115,0.425864465591436,0.311,0.202,8.88968648382338e-110,"5","HECTD4"
1.58785752405395e-114,0.345574183956301,0.528,0.389,1.4292464359762e-109,"5","GLG1"
1.83871445206893e-114,0.528435529408696,0.241,0.148,1.65504526545177e-109,"5","SAE1"
1.85978191128183e-114,0.574139340303784,0.208,0.122,1.67400829616389e-109,"5","IDH3G"
2.05043494183734e-114,0.414770761405237,0.352,0.236,1.84561699549721e-109,"5","GADD45GIP1"
2.12614856076672e-114,0.595019922994866,0.187,0.107,1.91376758103173e-109,"5","MRPS26"
2.23996178407665e-114,0.534104226882757,0.235,0.143,2.01621200146523e-109,"5","RNF187"
2.3771889155093e-114,0.443476495343515,0.264,0.164,2.13973151473907e-109,"5","MAPK6"
2.42640472550586e-114,0.406290491162347,0.367,0.248,2.18403115747508e-109,"5","TBC1D15"
2.46218782877286e-114,0.531191795865187,0.26,0.163,2.21623988655674e-109,"5","JAK2"
2.85660398226015e-114,0.677094054608691,0.153,0.082,2.57125781047218e-109,"5","EXOSC7"
3.59657813337398e-114,0.621938537156912,0.216,0.129,3.23731594363125e-109,"5","SYNJ1"
3.84786815406996e-114,0.286154356397823,0.623,0.477,3.46350460415991e-109,"5","CCDC91"
4.37774313929798e-114,0.433474961799493,0.334,0.222,3.94045037711351e-109,"5","EIF2S3"
5.12465857087939e-114,0.360914049563208,0.418,0.291,4.61275642623424e-109,"5","STX8"
5.8223968976037e-114,0.62294321842935,0.186,0.106,5.24079767150206e-109,"5","CCDC28A"
6.14681846551798e-114,0.497611032498464,0.254,0.157,5.53281276899739e-109,"5","SLU7"
7.06050243522059e-114,0.397665225867493,0.367,0.248,6.3552288469664e-109,"5","RIOK3"
8.29865946063329e-114,0.433064683981863,0.396,0.275,7.46970636711063e-109,"5","PPP1R10"
8.86058927791669e-114,0.761068486948854,0.138,0.071,7.97550501494559e-109,"5","TTN-AS1"
9.92134839090443e-114,0.620567197147733,0.147,0.077,8.93030490013698e-109,"5","SCAP"
1.12111811954126e-113,0.525181752951318,0.232,0.141,1.00912963058029e-108,"5","NDUFAF2"
1.16225226561804e-113,0.549292234256738,0.187,0.106,1.04615488680545e-108,"5","LLPH"
1.51730889347963e-113,0.850496969025243,0.106,0.05,1.36574490810995e-108,"5","GANC"
1.59700819071737e-113,0.624031455324254,0.196,0.114,1.43748304254661e-108,"5","ADARB1"
1.64230532603122e-113,0.370959554272211,0.51,0.374,1.47825544701396e-108,"5","GPX4"
2.75390132304962e-113,0.832274616371272,0.123,0.061,2.47881411989019e-108,"5","PROSER1"
2.99370280350573e-113,0.705153884941942,0.141,0.073,2.69466183046354e-108,"5","HAUS1"
3.39596559647585e-113,0.491128363943228,0.244,0.15,3.05674259304387e-108,"5","CWC27"
3.97461844858236e-113,0.406090177548737,0.485,0.352,3.57759381175347e-108,"5","MRPL18"
4.46679636560043e-113,0.626809223062687,0.174,0.097,4.02060807664061e-108,"5","MTMR1"
4.64117432269082e-113,0.364135154747762,0.578,0.444,4.17756741959723e-108,"5","APRT"
5.34661058533425e-113,0.679108333801903,0.155,0.084,4.81253765396521e-108,"5","FBXL15"
5.45896714541552e-113,0.527247243263866,0.192,0.11,4.91367091725997e-108,"5","SRSF1"
5.84089297788112e-113,0.594226795113914,0.196,0.114,5.25744617832057e-108,"5","CHM"
6.08178689846889e-113,0.355118654285585,0.39,0.266,5.47427720518083e-108,"5","DNAJC7"
8.26359577090681e-113,0.658738877934832,0.169,0.094,7.43814518935093e-108,"5","ZFP90"
1.93287276097917e-112,0.430403759851712,0.345,0.231,1.73979810088496e-107,"5","RBIS"
1.93291664470648e-112,0.524793522652476,0.234,0.143,1.73983760106675e-107,"5","UFL1"
1.94577035876709e-112,0.371949121946238,0.389,0.266,1.75140735762985e-107,"5","CNOT1"
1.99680682431262e-112,0.49859113588188,0.274,0.175,1.79734579063203e-107,"5","PIK3C3"
2.01790843937151e-112,0.60769669297034,0.199,0.116,1.81633956536269e-107,"5","PUM3"
2.66465467059189e-112,0.773831143574512,0.133,0.068,2.39848231554647e-107,"5","C5orf22"
2.66699868429993e-112,0.400916969157213,0.377,0.258,2.40059218572521e-107,"5","CAMKMT"
3.14564848698565e-112,0.41759397270309,0.278,0.175,2.83142965962065e-107,"5","CD5"
4.09549995456474e-112,0.925777064274228,0.131,0.067,3.68640046410327e-107,"5","RIOK2"
4.33106327857848e-112,0.425563008246762,0.323,0.214,3.89843336768127e-107,"5","SELENOI"
5.86257427778101e-112,0.292660655927533,0.616,0.472,5.27696173317347e-107,"5","TAX1BP1"
6.45039719402943e-112,0.555308896171025,0.196,0.114,5.80606701831783e-107,"5","TRAPPC3"
7.57144035943013e-112,0.489944484685139,0.261,0.165,6.81512918192666e-107,"5","PHB2"
1.31624750316508e-111,0.433072852784871,0.306,0.198,1.18476754007392e-106,"5","ATP6AP2"
1.33768788780218e-111,0.535615152960395,0.208,0.122,1.20406624468962e-106,"5","FBXL3"
1.43708314069723e-111,0.327580870605162,0.699,0.563,1.29353290577299e-106,"5","PPP1R2"
1.51891280193214e-111,0.831349524394723,0.127,0.065,1.36718860214714e-106,"5","GRAMD4"
1.54620595693215e-111,0.459681902752472,0.242,0.149,1.39175544389419e-106,"5","MICU1"
1.59991207268878e-111,0.488429883929063,0.205,0.121,1.4400968557479e-106,"5","BECN1"
1.67170653943066e-111,0.710750325798154,0.133,0.068,1.50471977320693e-106,"5","UEVLD"
2.04544095843559e-111,0.508412950497619,0.244,0.151,1.84112186109745e-106,"5","FAM120B"
2.18956962557168e-111,0.373928634112538,0.379,0.258,1.97085351567332e-106,"5","WAPL"
2.20820014429851e-111,0.353422474028143,0.356,0.238,1.98762303188453e-106,"5","RAB5IF"
2.86416148251798e-111,0.477661044823726,0.23,0.139,2.57806039202926e-106,"5","C14orf119"
3.72427376949636e-111,0.686387778969452,0.155,0.084,3.35225606266137e-106,"5","AGTRAP"
3.92058702379614e-111,0.448400300888087,0.311,0.204,3.52895958598914e-106,"5","IGBP1"
3.98943725242862e-111,0.369403078955031,0.395,0.273,3.59093236528352e-106,"5","STK39"
4.06297875845591e-111,0.684694878372495,0.167,0.093,3.65712781027375e-106,"5","TSR2"
6.27095847391981e-111,0.569696848800152,0.18,0.101,5.64455243195996e-106,"5","CSTF3"
7.50150210044132e-111,0.548084488199727,0.199,0.116,6.75217705562823e-106,"5","PFDN4"
8.27548800194012e-111,0.679014664072659,0.14,0.074,7.44884950542633e-106,"5","ZDHHC12"
8.47691155774004e-111,0.466478916745691,0.254,0.158,7.63015286223739e-106,"5","SLC25A12"
1.35132893254994e-110,0.388364660296081,0.387,0.267,1.21634468547753e-105,"5","RBM26"
1.50233364468576e-110,0.34054099070486,0.511,0.378,1.3522655369181e-105,"5","NDUFB11"
1.55363700766007e-110,0.543440191228045,0.265,0.168,1.39844420696491e-105,"5","SNRPA1"
2.01052788240429e-110,0.476973244557485,0.273,0.174,1.80969625223092e-105,"5","TMEM219"
2.05564222941474e-110,0.402269788388847,0.348,0.234,1.8503041271185e-105,"5","EIF3I"
3.18102107844963e-110,0.335008704870731,0.383,0.261,2.8632688829233e-105,"5","AMBRA1"
4.29238956095676e-110,0.541856210000533,0.222,0.134,3.86362276771279e-105,"5","PARN"
5.39328285432847e-110,0.352515014645018,0.404,0.28,4.8545478300096e-105,"5","MRPS21"
6.04703955777372e-110,0.427854065482019,0.275,0.174,5.4430007763477e-105,"5","RABGAP1"
6.07976387101527e-110,0.347433277449397,0.338,0.224,5.47245625793955e-105,"5","NDUFS8"
6.83357378317865e-110,0.491024746479278,0.284,0.183,6.15096809797694e-105,"5","CHD8"
6.98919149513125e-110,0.450273420596192,0.312,0.205,6.29104115668259e-105,"5","MTREX"
8.387199014205e-110,0.389254632195652,0.361,0.246,7.54940170467606e-105,"5","ITPKB"
9.54893692511563e-110,0.459465027251559,0.262,0.165,8.59509361566583e-105,"5","SNX2"
1.01508786571753e-109,0.34908247391721,0.515,0.381,9.13690738811003e-105,"5","EIF3G"
1.08518566627114e-109,0.340599852279536,0.457,0.326,9.76786470067314e-105,"5","NLRC5"
1.11396058990277e-109,0.372682737799921,0.421,0.297,1.00268706657738e-104,"5","CDC73"
1.97679841304237e-109,0.528208445529827,0.226,0.137,1.77933601956357e-104,"5","UBE2M"
2.02484499415583e-109,0.835440690990228,0.107,0.051,1.8225832276896e-104,"5","UBR7"
2.05396351582961e-109,0.430521356589157,0.29,0.187,1.84879310023339e-104,"5","RNF114"
2.20784306068285e-109,0.409997698904707,0.396,0.275,1.98730161735124e-104,"5","SH3GLB1"
2.25348467952962e-109,0.405804233297082,0.321,0.211,2.02838409489141e-104,"5","YWHAH"
2.62828574936217e-109,0.315181701132593,0.54,0.405,2.36574628585839e-104,"5","DBI"
2.67051238900058e-109,0.696911840136966,0.116,0.057,2.40375490646332e-104,"5","OAS3"
3.23922736295897e-109,0.729638565646392,0.153,0.084,2.915660941673e-104,"5","WDR11"
3.46936458416411e-109,0.707649169730182,0.138,0.072,3.12280975585195e-104,"5","SLC25A45"
3.87182989971164e-109,0.34943250153557,0.376,0.258,3.48507281102945e-104,"5","AGFG1"
4.84198527654719e-109,0.34711789429446,0.487,0.355,4.35831936727289e-104,"5","FNDC3A"
5.67433179879805e-109,0.855345640751164,0.11,0.053,5.10752279541611e-104,"5","EEPD1"
8.01382664642411e-109,0.3914551604041,0.471,0.345,7.2133255027128e-104,"5","SMC5"
1.74896812531384e-108,0.593121876916309,0.18,0.103,1.57426369927624e-103,"5","LETMD1"
2.55135832080945e-108,0.369770714428393,0.482,0.353,2.29650313814379e-103,"5","PTBP3"
3.03317806807139e-108,0.408081414763242,0.297,0.193,2.73019391085174e-103,"5","LAPTM4A"
8.03237002480905e-108,0.484078751713704,0.278,0.179,7.23001658303087e-103,"5","NAA16"
9.07618078070513e-108,0.643372225900822,0.148,0.08,8.16956108252049e-103,"5","UPF1"
1.12216626585174e-107,0.400106789924941,0.61,0.483,1.01007307755581e-102,"5","PDE4B"
1.7111756880946e-107,0.358717232266528,0.421,0.296,1.54024634861083e-102,"5","SERINC1"
1.81556694420148e-107,0.374014612048754,0.393,0.274,1.6342099621452e-102,"5","TAOK1"
2.01707094631592e-107,0.869514388622127,0.101,0.048,1.81558572948842e-102,"5","ASTN2"
2.25958644235292e-107,0.404564337023081,0.266,0.167,2.03387635262629e-102,"5","POLR2F"
3.09550708477287e-107,0.688678349362032,0.171,0.097,2.78629688207491e-102,"5","RAP2A"
4.04320770660176e-107,0.368452342088427,0.659,0.526,3.63933168878931e-102,"5","TNFAIP8"
4.38941392028536e-107,0.497841381226719,0.236,0.146,3.95095536378805e-102,"5","SUCLG1"
4.50589870295576e-107,0.740307712686894,0.109,0.053,4.05580448151751e-102,"5","ARHGAP31"
6.48582316347953e-107,0.390221103008062,0.493,0.365,5.83795428767956e-102,"5","NFE2L2"
7.15463350338111e-107,0.439625704768033,0.251,0.156,6.43995716272837e-102,"5","SCAMP2"
7.79290999393897e-107,0.761059191359144,0.135,0.071,7.01447621464441e-102,"5","TUBGCP3"
9.38659432546648e-107,0.398263706823307,0.459,0.333,8.44896741829564e-102,"5","OTULIN"
9.64998295835562e-107,0.678436139032548,0.193,0.114,8.68604616064548e-102,"5","TM7SF3"
9.68536262839084e-107,0.672350799364874,0.144,0.077,8.71789175544087e-102,"5","PLCG1"
1.25593469917705e-106,0.809527839065351,0.114,0.057,1.13047938207626e-101,"5","TEFM"
1.36443379959069e-106,0.506167495723432,0.241,0.15,1.22814050734958e-101,"5","SRPRA"
1.44395586795986e-106,0.647602243438026,0.144,0.077,1.29971911630935e-101,"5","LINC02649"
1.63115119265424e-106,0.755118888897172,0.128,0.066,1.46821550002001e-101,"5","RAD51C"
1.86359226377839e-106,0.653063566006952,0.18,0.104,1.67743803254957e-101,"5","PLGRKT"
1.89909432081759e-106,0.382359265239956,0.388,0.27,1.70939378911112e-101,"5","HBP1"
2.00805529927293e-106,0.375441171807159,0.324,0.214,1.80747065542856e-101,"5","TBK1"
2.16448361035188e-106,0.375806578462213,0.438,0.314,1.94827334251383e-101,"5","SYF2"
2.27936338266007e-106,0.702185442038608,0.147,0.08,2.05167777436616e-101,"5","PEPD"
2.34449609033074e-106,0.380836570732954,0.387,0.268,2.11030437586761e-101,"5","ST8SIA4"
2.75540297508751e-106,0.422064906768804,0.308,0.203,2.48016577190602e-101,"5","DCAF6"
3.44052266987163e-106,0.499494621994651,0.224,0.137,3.09684886037815e-101,"5","ARCN1"
4.42996550284514e-106,0.656450256707164,0.169,0.096,3.98745624876594e-101,"5","ATP6V0E2"
6.49074576705305e-106,0.629058630869886,0.192,0.113,5.84238517238212e-101,"5","SEPHS2"
6.85533278220958e-106,0.522574458584866,0.224,0.137,6.17055359059467e-101,"5","DBNL"
9.81912376195512e-106,0.556111764889523,0.18,0.103,8.83829148937342e-101,"5","FBXO9"
1.11623235526647e-105,0.42323392801745,0.325,0.217,1.00473190529891e-100,"5","SNRNP200"
1.37117311397338e-105,0.402510711732597,0.443,0.322,1.23420663161858e-100,"5","EIF3J"
1.60598944782362e-105,0.536002713175703,0.199,0.118,1.44556716188052e-100,"5","PSMD2"
2.02220900352877e-105,0.653708390129528,0.155,0.085,1.82021054616628e-100,"5","WASHC5"
2.08436679703932e-105,0.467911060329254,0.265,0.169,1.87615939768306e-100,"5","TMCC1"
2.23179129869626e-105,0.357955392048835,0.352,0.239,2.00885766586949e-100,"5","PSEN1"
2.42483315830185e-105,0.425053265726977,0.349,0.238,2.18261657411908e-100,"5","SNAP23"
2.49370034963501e-105,0.308035576868783,0.548,0.414,2.24460462170997e-100,"5","ARID2"
2.573804637385e-105,0.412750844147853,0.275,0.176,2.31670729215661e-100,"5","ATP5PB"
3.10214060409344e-105,0.435160550606682,0.203,0.12,2.79226777915054e-100,"5","NPC2"
3.15179443689844e-105,0.561202449582936,0.148,0.08,2.83696169059666e-100,"5","COA3"
3.59424303802728e-105,0.286679825949161,0.575,0.437,3.23521410095873e-100,"5","ACAP2"
3.70084220687815e-105,0.58898348860029,0.171,0.097,3.3311650788331e-100,"5","ATG13"
3.82420521079529e-105,0.562442771142609,0.182,0.105,3.44220535228895e-100,"5","TADA3"
3.96146304724597e-105,0.580620233843063,0.212,0.129,3.56575250345657e-100,"5","SATB1"
4.47930167687532e-105,0.558294523108821,0.187,0.109,4.03186423237224e-100,"5","TIMMDC1"
4.59872478010068e-105,0.359555322261151,0.425,0.302,4.13935816181642e-100,"5","PGAM1"
4.7410796615006e-105,0.670578014997763,0.159,0.089,4.2674932141133e-100,"5","HELLS"
5.1696518397156e-105,0.557522923933617,0.181,0.104,4.65325531744641e-100,"5","BABAM1"
5.92324668749803e-105,0.378004460845056,0.388,0.272,5.33157357588385e-100,"5","DGUOK"
5.93085693189721e-105,0.741071098800655,0.126,0.065,5.33842363297e-100,"5","SLC35B3"
9.38998300995255e-105,0.385189390681657,0.383,0.266,8.45201760708839e-100,"5","EIF3D"
1.00045873791363e-104,0.578195304843728,0.178,0.102,9.00522914583436e-100,"5","NAA25"
1.07805584974873e-104,0.392427383618017,0.274,0.175,9.70368850917326e-100,"5","GTF2F2"
1.08764778316795e-104,0.343878591670445,0.479,0.352,9.79002646107302e-100,"5","SPIDR"
1.15963487712039e-104,0.479095608532054,0.211,0.127,1.04379894924483e-99,"5","EIF4E2"
1.35220496104501e-104,0.300733820248238,0.617,0.479,1.21713320748623e-99,"5","SET"
1.38139758993519e-104,0.328658549848034,0.571,0.432,1.24340978467657e-99,"5","RSRC2"
1.39625054232619e-104,0.783470427060368,0.118,0.06,1.25677907565322e-99,"5","METTL6"
1.85115912492951e-104,0.489604964832963,0.248,0.156,1.6662468399403e-99,"5","EXOC6"
2.5007025838935e-104,0.306160884688145,0.476,0.345,2.25090740278838e-99,"5","YWHAE"
2.78358639454977e-104,0.298707944056927,0.435,0.306,2.50553394959819e-99,"5","YY1"
3.0117299410757e-104,0.286510402300383,0.689,0.552,2.71088823726164e-99,"5","CD53"
3.14846866290012e-104,0.563003012085861,0.179,0.103,2.83396812816302e-99,"5","MRPS14"
5.44911039595564e-104,0.694133869050307,0.133,0.07,4.90479875850363e-99,"5","MCUR1"
6.18291958579305e-104,0.424650519114928,0.268,0.172,5.56530774836818e-99,"5","USP32"
1.20188244272555e-103,0.564621074006027,0.213,0.13,1.0818264055217e-98,"5","SDCCAG8"
1.43226989233122e-103,0.90261268588197,0.111,0.055,1.28920045278626e-98,"5","ZFAT"
2.39715526597314e-103,0.454473167440309,0.249,0.157,2.15770342645509e-98,"5","KLHL5"
2.69812533777452e-103,0.441344589606413,0.248,0.156,2.42860959778422e-98,"5","WHRN"
2.90004682113294e-103,0.441457381684897,0.277,0.18,2.61036114416997e-98,"5","PDSS2"
3.12262276667713e-103,0.707199425484175,0.128,0.067,2.81070397851375e-98,"5","PKD2"
3.44208589537814e-103,0.691101343271404,0.128,0.066,3.09825593528882e-98,"5","MRTFB"
3.45383111547538e-103,0.728057118654856,0.508,0.424,3.10882792535054e-98,"5","TRBC1"
3.47882197132623e-103,0.391611651942851,0.307,0.202,3.13132244461045e-98,"5","TXNL1"
3.62590998072467e-103,0.264615566083545,0.787,0.662,3.26371783275009e-98,"5","CHCHD2"
4.05189209118374e-103,0.473158772983734,0.244,0.153,3.64714859019539e-98,"5","PLEKHA3"
4.28499107362229e-103,0.315425462455803,0.936,0.86,3.85696331527816e-98,"5","UBC"
5.2051614090706e-103,0.302915652813681,0.566,0.43,4.68521783591854e-98,"5","SNU13"
6.50645841059167e-103,0.381859973785713,0.36,0.246,5.85652827995767e-98,"5","PDCD6IP"
7.78046005835088e-103,0.252329110290026,0.69,0.557,7.00326990312221e-98,"5","WNK1"
8.96331813023581e-103,0.442404044902251,0.253,0.16,8.06797228220655e-98,"5","USP4"
1.00402945814748e-102,0.39162627345915,0.32,0.214,9.03736955573125e-98,"5","CALCOCO2"
1.01269164407663e-102,0.277268618740655,0.803,0.695,9.11533875749818e-98,"5","COX4I1"
1.14708793669688e-102,0.388014441042783,0.387,0.27,1.03250532270023e-97,"5","SPCS3"
1.15474331603672e-102,0.469619924559514,0.19,0.111,1.03939600619782e-97,"5","DDI2"
1.25690066739274e-102,0.313930225952862,0.57,0.435,1.13134885972688e-97,"5","HMGN2"
1.31972189090277e-102,0.508200426823805,0.205,0.123,1.18789487122049e-97,"5","MRPL42"
1.92668149079409e-102,0.754572435794752,0.118,0.06,1.73422527667867e-97,"5","MYD88"
2.10288839425403e-102,0.460663988636176,0.272,0.176,1.892830872552e-97,"5","ECHDC1"
2.68068797770091e-102,0.61635735723023,0.172,0.099,2.41291405560836e-97,"5","DTD1"
2.69944672940056e-102,0.528214458879758,0.166,0.093,2.42979899560074e-97,"5","MKNK1"
2.92193433020503e-102,0.383025385394375,0.307,0.203,2.63006230996085e-97,"5","PCMT1"
5.00593927118376e-102,0.324025739455926,0.576,0.445,4.50589599738522e-97,"5","EPS15"
5.42617321240099e-102,0.427748877916494,0.287,0.187,4.88415277021426e-97,"5","HMGN4"
6.27926939530319e-102,0.42790508889463,0.23,0.142,5.65203317540635e-97,"5","KIF20B"
8.14684134723741e-102,0.355514342369678,0.39,0.274,7.33305336506186e-97,"5","IFI27L2"
8.99236003761277e-102,0.40260740451025,0.227,0.139,8.09411319345563e-97,"5","PDXK"
9.05402684575034e-102,0.76514676707172,0.115,0.058,8.14962010412834e-97,"5","NUP37"
9.21483403735037e-102,0.422312093627939,0.315,0.211,8.29436426535944e-97,"5","MDH2"
9.48791178419556e-102,0.560123973292482,0.184,0.108,8.54016427607227e-97,"5","SLC9A8"
1.22867492187063e-101,0.447487813934531,0.334,0.228,1.10594258392498e-96,"5","CUL1"
1.4434710955414e-101,0.431804770347102,0.304,0.203,1.29928276780777e-96,"5","RTF2"
1.52006224897775e-101,0.562410688212235,0.179,0.104,1.36822323092737e-96,"5","ZNF821"
1.86219913337862e-101,0.430569438557251,0.236,0.146,1.67618406194543e-96,"5","MAP4K1"
1.94386435691701e-101,0.358111628144091,0.408,0.291,1.74969174630457e-96,"5","ROMO1"
1.98155678490367e-101,0.274005213832141,0.602,0.463,1.78361907765964e-96,"5","LCK"
2.03226904823408e-101,0.401910446186833,0.333,0.227,1.82926569300598e-96,"5","VPS13D"
2.76832940690714e-101,0.341721058773966,0.431,0.31,2.49180098245119e-96,"5","LSM7"
2.96504357038661e-101,0.351032373723597,0.383,0.267,2.66886536814069e-96,"5","SNRNP70"
4.32798134979249e-101,0.470111376568962,0.246,0.155,3.89565929276172e-96,"5","RNASEH2C"
4.58708628009845e-101,0.370306084582385,0.354,0.242,4.12888223157942e-96,"5","VPS29"
4.9162188431276e-101,0.373068865668565,0.344,0.233,4.42513774288758e-96,"5","SSU72"
5.67829716180578e-101,0.430745376054813,0.299,0.197,5.111092058313e-96,"5","SERINC3"
5.89385337989274e-101,0.392993402387753,0.286,0.187,5.30511636577526e-96,"5","ZBTB8OS"
5.91860826871019e-101,0.68461734679304,0.132,0.07,5.32739848874873e-96,"5","FAM199X"
5.94382242020584e-101,0.309038431987794,0.461,0.334,5.35009399865148e-96,"5","CGGBP1"
6.35833821074651e-101,0.365100716361093,0.34,0.23,5.72320380687504e-96,"5","PRKAR1A"
6.76809036257969e-101,0.38734678262498,0.344,0.235,6.0920258162616e-96,"5","MLLT10"
7.36873529091537e-101,0.305084271441311,0.424,0.303,6.63267232270584e-96,"5","SCLT1"
8.53159832366573e-101,0.713505306609858,0.143,0.079,7.67937696711476e-96,"5","DISC1"
9.75751878153788e-101,0.543905621701682,0.2,0.12,8.78284023045006e-96,"5","RNPC3"
1.02802279706693e-100,0.497321465530315,0.223,0.137,9.25333599867913e-96,"5","RPAIN"
1.08161974463846e-100,0.325429342418466,0.518,0.388,9.73576748346522e-96,"5","ZCCHC7"
1.14743430017706e-100,0.517874290029249,0.189,0.111,1.03281708793237e-95,"5","SEC13"
1.34173076059668e-100,0.54496070646905,0.203,0.123,1.20770527492068e-95,"5","SPAST"
1.37176602242209e-100,0.563668968941905,0.172,0.099,1.23474031444235e-95,"5","MRPL28"
1.40463968854922e-100,0.362565450037355,0.339,0.231,1.26433023006004e-95,"5","JPX"
1.4112897880895e-100,0.397389412561811,0.274,0.177,1.27031605115724e-95,"5","CPNE1"
1.44204458631358e-100,0.538313018452055,0.201,0.121,1.29799875258671e-95,"5","ARFIP1"
1.54960204702811e-100,0.581862670491068,0.155,0.086,1.39481229855047e-95,"5","ZNF433-AS1"
1.56723996111092e-100,0.687599713930552,0.108,0.053,1.41068836139555e-95,"5","NAALADL2"
1.70571625871395e-100,0.45473528869319,0.287,0.189,1.53533226163102e-95,"5","MTR"
1.74642537029622e-100,0.855668629398484,0.109,0.055,1.57197494005733e-95,"5","C1RL"
1.94042131361533e-100,0.597524811276468,0.173,0.1,1.7465926285983e-95,"5","VPS39"
2.23727863518454e-100,0.363530144537639,0.483,0.36,2.01379687231595e-95,"5","MZT2A"
4.89160270518174e-100,0.395058490660388,0.276,0.179,4.40298051096114e-95,"5","CSNK2A1"
5.12887220065014e-100,0.257308402291768,0.656,0.518,4.6165491565272e-95,"5","COX6B1"
5.28095776812941e-100,0.472642299103731,0.229,0.142,4.75344289667096e-95,"5","CASC3"
5.46636967453052e-100,0.76038383427132,0.12,0.062,4.92033400774167e-95,"5","WDR89"
6.34635236316571e-100,0.490219992184552,0.236,0.148,5.71241522560908e-95,"5","PSMC4"
6.6746618007877e-100,0.428142131390913,0.282,0.184,6.00792983350702e-95,"5","DCTN3"
6.79832385502249e-100,0.545642098968983,0.214,0.131,6.11923928514429e-95,"5","ADH5"
7.28307902557789e-100,0.632305961097338,0.162,0.092,6.55557226171291e-95,"5","MTX2"
8.84555935642164e-100,0.380453620706895,0.299,0.197,7.96197643230868e-95,"5","CD84"
9.30594066156327e-100,0.686976238054615,0.149,0.083,8.37637024887971e-95,"5","VCPKMT"
9.49835312848921e-100,0.288261924308413,0.642,0.507,8.54956263448442e-95,"5","SRSF11"
9.52065418892634e-100,0.422292767985599,0.274,0.178,8.56963604199449e-95,"5","VDAC3"
1.10372481513054e-99,0.506834994668413,0.207,0.125,9.93473743347149e-95,"5","DDRGK1"
1.11959175777887e-99,0.816568356907486,0.126,0.066,1.00775573709434e-94,"5","TNFRSF10D"
1.15754259929461e-99,0.665766529216844,0.129,0.068,1.04191566905107e-94,"5","MTHFD1"
1.63037590565408e-99,0.4554376783348,0.27,0.175,1.4675176564383e-94,"5","NPAT"
1.64985091188381e-99,0.403156192641155,0.34,0.232,1.48504730429574e-94,"5","EIF1B"
1.68898149162374e-99,0.499283627928644,0.201,0.122,1.52026913042545e-94,"5","S100A9"
1.99538694381174e-99,0.496836038940341,0.219,0.135,1.79606774199438e-94,"5","ERCC6L2"
2.46456933215779e-99,0.325889930327285,0.488,0.36,2.21838350156854e-94,"5","PHIP"
2.94909223550919e-99,0.397390137749122,0.193,0.115,2.65450741210418e-94,"5","MRPL21"
2.98304824846489e-99,0.317295281968846,0.507,0.378,2.68507155892573e-94,"5","PTPRA"
3.13462098018208e-99,0.355461368447831,0.355,0.244,2.82150369047169e-94,"5","DEF6"
4.24924428930721e-99,0.418270267982242,0.32,0.217,3.82478727724831e-94,"5","RPA3"
4.8559685496204e-99,0.364746531701951,0.408,0.29,4.37090585119882e-94,"5","CASP4"
5.2487578556347e-99,0.301051029455942,0.487,0.356,4.72445943343535e-94,"5","ARF1"
5.32683736997412e-99,0.268408609383854,0.673,0.544,4.79473958508741e-94,"5","COX7A2"
5.59616798986977e-99,0.439869368700916,0.262,0.169,5.03716676936168e-94,"5","PARP9"
5.87975040785865e-99,0.395604302929823,0.353,0.244,5.29242213961765e-94,"5","SECISBP2"
6.5435536708369e-99,0.571763873116421,0.172,0.1,5.889918094657e-94,"5","MTOR"
1.0814366633004e-98,0.364372836053286,0.403,0.287,9.73411955003325e-94,"5","LSM8"
1.17210375009139e-98,0.42901314150753,0.281,0.184,1.05502230649476e-93,"5","PSMC6"
1.19253498763069e-98,0.279254863233798,0.501,0.374,1.07341266771626e-93,"5","STIM1"
1.27808312337359e-98,0.416208735751503,0.297,0.197,1.1504154001798e-93,"5","MIA2"
1.46205720073108e-98,0.64423022033109,0.177,0.104,1.31601230695005e-93,"5","PLEKHF2"
1.5210267354148e-98,0.744457305577327,0.14,0.077,1.36909137481421e-93,"5","RTTN"
1.63315836979714e-98,0.535835401133346,0.199,0.121,1.4700221802381e-93,"5","GTF2H5"
1.74632473972724e-98,0.356222060421257,0.351,0.241,1.57188436147589e-93,"5","CLINT1"
2.48061949584869e-98,0.440798457967579,0.287,0.19,2.23283041440837e-93,"5","DMTF1"
2.5723696673104e-98,0.61782050717209,0.181,0.107,2.31541566124276e-93,"5","PYROXD1"
2.60092291089297e-98,0.373345262965553,0.241,0.151,2.34111672132387e-93,"5","UBXN7"
2.71615346725626e-98,0.435689612381652,0.253,0.161,2.44483689741203e-93,"5","HERC2"
2.91297161245122e-98,0.39998086752126,0.339,0.232,2.62199487808347e-93,"5","VDAC2"
2.92045738841282e-98,0.296513850651328,0.576,0.442,2.62873289988427e-93,"5","XRN1"
3.23473568377911e-98,0.266668502355013,0.604,0.469,2.91161793632641e-93,"5","MTDH"
3.34739438105392e-98,0.878598227482322,0.115,0.059,3.01302315633044e-93,"5","SERPINB9P1"
3.51879946740711e-98,0.500895596762671,0.226,0.141,3.16730658860781e-93,"5","ZC3H8"
4.00376735046921e-98,0.529742576061617,0.217,0.134,3.60383102983084e-93,"5","ENTPD4"
4.07785377447114e-98,0.438361557456966,0.22,0.135,3.67051696093922e-93,"5","STX6"
4.7495397247317e-98,0.412952958217471,0.248,0.157,4.27510820162825e-93,"5","EFCAB14"
5.1548998332013e-98,0.643966748184223,0.145,0.08,4.63997688886282e-93,"5","LEO1"
5.32100431250913e-98,0.45701830546058,0.215,0.132,4.78948919173259e-93,"5","PSMC3"
5.33974058920433e-98,0.415566974619119,0.289,0.191,4.80635390174871e-93,"5","PSMD13"
5.88159235546795e-98,0.70449730124966,0.124,0.065,5.29408009508026e-93,"5","GMFB"
6.56589316259409e-98,0.389848501165987,0.309,0.206,5.91002609458256e-93,"5","HNRNPL"
6.75392278205502e-98,0.474161926353941,0.238,0.151,6.07927343535554e-93,"5","UBE2G2"
7.0424731662338e-98,0.777695729727788,0.121,0.063,6.33900052165871e-93,"5","DPH6"
7.69529965437021e-98,0.462704605867586,0.25,0.16,6.92661617189517e-93,"5","FOCAD"
9.04883651966639e-98,0.455742705791182,0.232,0.146,8.14494823971692e-93,"5","NCOR2"
9.13292965456211e-98,0.723260757184959,0.119,0.062,8.2206413113679e-93,"5","PPCDC"
9.24305471907279e-98,0.73183234744097,0.133,0.072,8.31976598318461e-93,"5","ATIC"
9.65699370860871e-98,0.389595008709995,0.283,0.186,8.69235660705579e-93,"5","CYB5B"
1.12899861467576e-97,0.397623624620883,0.306,0.205,1.0162229430558e-92,"5","CFDP1"
1.30067309754138e-97,0.329216065021066,0.494,0.37,1.17074886182798e-92,"5","MBD5"
1.32512922098872e-97,0.402433012068903,0.396,0.285,1.19276206310416e-92,"5","NFKBIZ"
1.42480189198026e-97,0.353652679247328,0.573,0.447,1.28247843099035e-92,"5","PCNX1"
2.3522809028775e-97,0.487754713380796,0.226,0.141,2.11731156348907e-92,"5","KDELR1"
2.46944280214723e-97,0.636342998411301,0.143,0.078,2.22277016064074e-92,"5","MEI1"
2.65820661576385e-97,0.41310759937705,0.299,0.2,2.3926783569152e-92,"5","NDUFB3"
3.41689737914052e-97,0.332476005605384,0.419,0.3,3.07558349993818e-92,"5","SRSF9"
4.43437832911485e-97,0.379561854759046,0.274,0.177,3.99142827781957e-92,"5","USP7"
4.46055108962007e-97,0.382197726548675,0.286,0.188,4.01498664127792e-92,"5","NUP210"
5.72726810867656e-97,0.459610219680195,0.24,0.151,5.15517129730086e-92,"5","DYNC1LI1"
6.20648696002782e-97,0.532752807469623,0.178,0.105,5.58652097759064e-92,"5","SLF2"
6.2870310583491e-97,0.438355572370932,0.213,0.131,5.65901952593061e-92,"5","GLRX3"
6.7606674898227e-97,0.392426368577382,0.365,0.256,6.08534441426431e-92,"5","PFKFB3"
7.02331709300965e-97,0.570395042155839,0.183,0.108,6.32175794858892e-92,"5","STYX"
7.18116976258491e-97,0.646548387069897,0.127,0.067,6.46384271500031e-92,"5","CBR1"
9.66032127970682e-97,0.455284258503427,0.302,0.204,8.6953517870769e-92,"5","TYW1"
9.99687041352048e-97,0.289396134767383,0.387,0.269,8.99828302791392e-92,"5","RPRD2"
1.03410813929337e-96,0.483022428585064,0.207,0.126,9.30811077259358e-92,"5","FIBP"
1.15369176277978e-96,0.53488351245658,0.166,0.095,1.03844949259571e-91,"5","KRCC1"
1.24656832341252e-96,0.599352566408397,0.143,0.079,1.12204861358684e-91,"5","RANBP10"
1.34551124345677e-96,0.728314983849494,0.118,0.061,1.21110812534787e-91,"5","PCBD2"
1.42069145116188e-96,0.331321850201484,0.483,0.362,1.27877858210532e-91,"5","BCAS3"
1.42427799091676e-96,0.372172819551326,0.318,0.214,1.28200686240408e-91,"5","ARID1A"
1.66576349395216e-96,0.362842918636062,0.325,0.22,1.49937037854128e-91,"5","MED4"
2.26084152900667e-96,0.56741742749892,0.192,0.116,2.03500606867419e-91,"5","ZNF518A"
2.28952239849398e-96,0.538346546914372,0.146,0.081,2.06082200610841e-91,"5","ANXA4"
2.39227606705784e-96,0.295171581886231,0.451,0.326,2.15331161071943e-91,"5","DYNLT1"
3.15649913304024e-96,0.390970535403137,0.302,0.203,2.84119643464085e-91,"5","BRD7"
3.57504668048645e-96,0.577690340572165,0.174,0.102,3.21793526757266e-91,"5","RPP38"
3.89242727973645e-96,0.477919333948566,0.21,0.129,3.50361271876358e-91,"5","PPCS"
3.90403854824358e-96,0.289977113367875,0.461,0.335,3.51406413765953e-91,"5","MED13"
4.02599179741416e-96,0.70972292895612,0.136,0.075,3.62383547677046e-91,"5","ANKRD26"
4.90533096685058e-96,0.369162594849518,0.274,0.178,4.41533745657187e-91,"5","SLC20A2"
5.48103653316144e-96,0.474200133908806,0.261,0.17,4.93353579386394e-91,"5","ERGIC2"
5.71344172166612e-96,0.296274904084562,0.43,0.307,5.1427260280889e-91,"5","TLN1"
6.81536668118385e-96,0.459485588510779,0.195,0.117,6.1345797034004e-91,"5","MRPS12"
8.27775404966367e-96,0.502807081673939,0.178,0.104,7.45088919764277e-91,"5","MED1"
1.003277801279e-95,0.468753150560116,0.24,0.153,9.03060381709239e-91,"5","CFAP97"
1.01875667808354e-95,0.630133193201392,0.148,0.082,9.16993073509773e-91,"5","C15orf40"
1.06886959747577e-95,0.33441703971098,0.377,0.264,9.62100213383912e-91,"5","RNF7"
1.16827091830926e-95,0.661440561516465,0.143,0.079,1.05157233627935e-90,"5","TFB1M"
1.26050798903383e-95,0.719239880978904,0.121,0.064,1.13459584600924e-90,"5","MRPS23"
1.46843598121171e-95,0.486974339437913,0.211,0.13,1.32175391104847e-90,"5","SNX17"
1.60855065793864e-95,0.471694403597954,0.199,0.12,1.44787253271715e-90,"5","MRPS7"
1.67671659938714e-95,0.346826459582925,0.629,0.52,1.50922937827435e-90,"5","ITGA4"
1.86787526103149e-95,0.635665164011438,0.162,0.093,1.68129320120706e-90,"5","CLPTM1L"
2.28912590704568e-95,0.324306402153313,0.465,0.341,2.06046512019088e-90,"5","LUC7L3"
2.47120013196628e-95,0.398158793925921,0.292,0.194,2.22435195078417e-90,"5","EIF4H"
2.86419859099433e-95,0.437861414043337,0.23,0.144,2.5780937937399e-90,"5","ZNF655"
3.44098773466368e-95,0.557268569840042,0.167,0.097,3.09726746984813e-90,"5","PRPF31"
4.01916216355294e-95,0.357386351869945,0.351,0.243,3.61768805503564e-90,"5","UBA6"
4.05723034227683e-95,0.730377411634117,0.109,0.055,3.6519536033868e-90,"5","NIPA1"
4.69746626541955e-95,0.548183919291839,0.163,0.093,4.22823636016679e-90,"5","ARL14EP"
5.40676033451254e-95,0.521438581643362,0.183,0.108,4.86667904469808e-90,"5","NDUFV3"
6.33061032296829e-95,0.559316567327351,0.161,0.092,5.69824565780699e-90,"5","HMGXB4"
6.88763050171616e-95,0.590344249458187,0.181,0.108,6.19962509089973e-90,"5","NOL8"
7.09483428996266e-95,0.507046400706389,0.179,0.105,6.38613129273829e-90,"5","TPGS2"
8.25941193394474e-95,0.470911983287503,0.195,0.117,7.434379275863e-90,"5","PLEKHJ1"
1.23943834558101e-94,0.395871648097354,0.361,0.254,1.11563084924092e-89,"5","ZNF407"
1.28524941189957e-94,0.534100022225622,0.177,0.104,1.15686584814492e-89,"5","EBPL"
1.29113850636231e-94,0.303378667288843,0.409,0.291,1.16216668096178e-89,"5","FBXW11"
1.63796399144939e-94,0.770459805019955,0.104,0.052,1.47434776834351e-89,"5","SDHAF1"
1.81398908793817e-94,0.408828343131012,0.24,0.153,1.63278971794403e-89,"5","HLA-DMA"
3.10676077994426e-94,0.51572034433417,0.378,0.274,2.79642644563563e-89,"5","SOCS1"
3.20678155096343e-94,0.389685251370101,0.303,0.203,2.8864561418377e-89,"5","CCDC186"
3.25623976941988e-94,0.438518381240594,0.263,0.172,2.93097397885253e-89,"5","YIPF4"
3.67810107976492e-94,0.347270407678975,0.368,0.257,3.3106955629072e-89,"5","MAX"
4.06053930629142e-94,0.697784218105874,0.117,0.061,3.65493203498597e-89,"5","MRPL58"
4.17850534753944e-94,0.353775055351227,0.345,0.238,3.76111444837372e-89,"5","UBE3C"
5.84346884050704e-94,0.461130308174832,0.21,0.13,5.2597647380288e-89,"5","HAGH"
7.6248398733028e-94,0.349329712856997,0.313,0.21,6.86319461835858e-89,"5","CTDSPL2"
7.98657507354239e-94,0.446822764595684,0.258,0.167,7.18879608944624e-89,"5","CCT7"
7.99725253686862e-94,0.709769476037245,0.127,0.069,7.19840698096081e-89,"5","MAPKAPK3"
8.82797595234253e-94,0.45621891015962,0.223,0.14,7.94614943446303e-89,"5","MRPS15"
9.91403844796382e-94,0.464870394195751,0.296,0.2,8.92372514739672e-89,"5","TMEM156"
1.04714096489913e-93,0.561872679646792,0.149,0.084,9.4254205391536e-89,"5","NDUFA8"
1.10173485632847e-93,0.755461250835651,0.118,0.062,9.91682561529818e-89,"5","TNFSF13B"
1.24276564429819e-93,0.27595854875513,0.503,0.374,1.11862578408925e-88,"5","NEDD8"
1.43323315220373e-93,0.44152215970015,0.265,0.174,1.2900674926301e-88,"5","LONP2"
1.76765312577077e-93,0.610484190266644,0.154,0.088,1.59108225503752e-88,"5","ANAPC1"
1.89811013650887e-93,0.306475432361574,0.665,0.535,1.708507914973e-88,"5","SRSF3"
1.95822011910769e-93,0.31471663147923,0.389,0.274,1.76261351141002e-88,"5","NDUFB10"
2.65549588105629e-93,0.449988331746777,0.255,0.166,2.39023839749758e-88,"5","FAM204A"
2.71374206431215e-93,0.256538947428177,0.773,0.655,2.44266636950801e-88,"5","FYB1"
2.74502477911872e-93,0.564242666589613,0.17,0.1,2.47082425393255e-88,"5","RHOT1"
2.85048563096823e-93,0.310556775651484,0.422,0.304,2.56575062129081e-88,"5","FUBP1"
3.01189178524291e-93,0.363075358975247,0.335,0.23,2.71103391481499e-88,"5","NONO"
3.16883599562353e-93,0.637615474748237,0.138,0.076,2.8523009680207e-88,"5","FBXO22"
3.65333759066828e-93,0.550647237911023,0.159,0.091,3.28840569873643e-88,"5","C19orf12"
4.00611217372829e-93,0.31601462562931,0.433,0.314,3.60594162869457e-88,"5","ZNF148"
4.20583988983284e-93,0.659069956528992,0.134,0.074,3.78571854323744e-88,"5","GIPC2"
4.54112928705961e-93,0.367632821812819,0.3,0.201,4.08751588257523e-88,"5","SMIM26"
6.42929907636432e-93,0.435642998787018,0.217,0.136,5.78707639162629e-88,"5","CASD1"
6.48468663046291e-93,0.784174430967302,0.1,0.05,5.83693128294597e-88,"5","IDNK"
8.17208659367023e-93,0.729115641849483,0.1,0.05,7.35577686382851e-88,"5","PITPNM1"
8.23676457857721e-93,0.631509739197662,0.124,0.066,7.41399416482314e-88,"5","FHIT"
9.49366421277775e-93,0.338050733543278,0.452,0.335,8.54534209456338e-88,"5","FBXL17"
9.76915666495781e-93,0.379917435335886,0.347,0.241,8.79331560569517e-88,"5","LMAN2"
1.0397708747991e-92,0.408932043955985,0.294,0.198,9.35908162115419e-88,"5","AHCYL2"
1.64159890961019e-92,0.307397185181212,0.428,0.311,1.47761959452923e-87,"5","XPO1"
1.72723147743123e-92,0.31080727224161,0.279,0.183,1.55469832515063e-87,"5","FOXK2"
1.77560169077946e-92,0.593915754963534,0.152,0.086,1.5982368378875e-87,"5","U2AF1L4"
1.84571693039191e-92,0.780740180542185,0.108,0.055,1.66134826621507e-87,"5","LMBRD2"
1.91078552328017e-92,0.570846951549384,0.174,0.103,1.71991715735971e-87,"5","UBLCP1"
4.22350065780097e-92,0.330657416081592,0.459,0.337,3.80161517709323e-87,"5","FGFR1OP2"
4.3939520578278e-92,0.588636483810708,0.26,0.174,3.95504018677138e-87,"5","CD83"
4.70851278146211e-92,0.379992395828889,0.286,0.191,4.23817943972186e-87,"5","SUPT16H"
6.87808514681831e-92,0.279000968632286,0.644,0.508,6.19103322150263e-87,"5","HMGN1"
7.05472390448533e-92,0.581594616429242,0.122,0.064,6.35002753366629e-87,"5","CFLAR-AS1"
7.27642109652464e-92,0.509179656758235,0.214,0.134,6.54957939319279e-87,"5","ANKRD36B"
7.8658654377314e-92,0.529867929891817,0.169,0.099,7.08014413915641e-87,"5","CISD3"
1.20002120980445e-91,0.369156843067904,0.321,0.219,1.08015109115709e-86,"5","SAFB"
1.21096249089557e-91,0.306548381450514,0.398,0.282,1.08999944768001e-86,"5","EIF2S2"
1.33724065411911e-91,0.279925423149687,0.459,0.34,1.20366368517915e-86,"5","CDK6"
1.61579333640002e-91,0.401296152120649,0.282,0.188,1.45439174002702e-86,"5","ATRAID"
1.67375913018158e-91,0.437616413698298,0.231,0.146,1.50656733066774e-86,"5","SF3B3"
1.67557676646772e-91,0.361775026238031,0.411,0.297,1.50820340326526e-86,"5","AZIN1"
1.76537568468062e-91,0.521474957788311,0.196,0.121,1.58903230753788e-86,"5","SLC10A7"
2.02290667859406e-91,0.621988090120684,0.166,0.098,1.8208385304693e-86,"5","TRMT11"
2.0962873029483e-91,0.533398295933125,0.173,0.103,1.88688916425679e-86,"5","AP2A2"
2.16169217892747e-91,0.315398602466327,0.561,0.435,1.9457607471744e-86,"5","GCC2"
2.90126811202588e-91,0.506289007603317,0.225,0.143,2.61146044031561e-86,"5","UBTF"
4.67973326088949e-91,0.439111552445281,0.247,0.16,4.21227470545924e-86,"5","SLC39A10"
5.40992374639636e-91,0.764873033070578,0.112,0.058,4.86952646336883e-86,"5","LINC00174"
5.56250410496969e-91,0.577480373749018,0.184,0.112,5.00686556992426e-86,"5","MRPL11"
5.88015964193358e-91,0.429258170647191,0.22,0.137,5.29279049530083e-86,"5","RBM38"
5.95358178880787e-91,0.429345618394061,0.273,0.182,5.35887850392385e-86,"5","PPP3CB"
6.64225472916329e-91,0.636366307120035,0.141,0.079,5.97875990426717e-86,"5","TMEM260"
6.99661328725732e-91,0.282291862715696,0.434,0.313,6.29772158599319e-86,"5","N4BP1"
7.17520197340746e-91,0.477975652375639,0.214,0.134,6.45847104828379e-86,"5","RTCA"
8.95209761094452e-91,0.466858280297689,0.201,0.124,8.05787258058727e-86,"5","CD2BP2"
9.91784873641917e-91,0.552532331680226,0.146,0.082,8.92715482613826e-86,"5","BCL3"
1.00811097145785e-90,0.273879260030107,0.564,0.439,9.07410766518923e-86,"5","COX7B"
1.03566151247984e-90,0.328388762811667,0.368,0.259,9.3220928399823e-86,"5","PITPNB"
1.08523176265362e-90,0.685261146907586,0.11,0.057,9.76827961882153e-86,"5","VPS33A"
1.20276861566867e-90,0.433240565421412,0.179,0.106,1.08262405864952e-85,"5","NINJ1"
1.29853526070421e-90,0.511169877374785,0.217,0.136,1.16882457351246e-85,"5","CKAP2"
1.85900622526203e-90,0.342850333856452,0.365,0.258,1.67331009342061e-85,"5","HECTD1"
1.86177266793008e-90,0.684406925043599,0.116,0.061,1.67580019613054e-85,"5","SCO1"
1.87986551625947e-90,0.619545483116408,0.136,0.075,1.69208574984032e-85,"5","ARMC1"
1.90381620149318e-90,0.294836424988127,0.362,0.251,1.71364400112603e-85,"5","CCDC12"
1.99166563338653e-90,0.536341645040971,0.147,0.083,1.79271815326755e-85,"5","TSN"
2.14381999119825e-90,0.341213845909344,0.352,0.246,1.92967381227746e-85,"5","WDR70"
2.21323267002138e-90,0.2798186882867,0.459,0.336,1.99215285861295e-85,"5","BST2"
2.53036064044185e-90,0.373803638196865,0.306,0.207,2.27760291606812e-85,"5","RO60"
4.2562428490485e-90,0.288364482126968,0.505,0.377,3.83108675085705e-85,"5","HSPA4"
4.78356286778562e-90,0.563040995993213,0.157,0.091,4.30573277292252e-85,"5","IARS2"
4.87584190639579e-90,0.430034395535328,0.202,0.124,4.38879405836591e-85,"5","MRPL14"
5.78993101361018e-90,0.513552620330631,0.183,0.11,5.21157480466066e-85,"5","COPS5"
6.2304160389673e-90,0.454173487575046,0.222,0.14,5.60805978083486e-85,"5","THOC7"
6.58603248650998e-90,0.611392615660889,0.149,0.085,5.9281537014325e-85,"5","RRN3"
7.54164725703885e-90,0.30171803609502,0.31,0.209,6.78831211253324e-85,"5","TTC1"
7.72459802409903e-90,0.438007778901502,0.219,0.138,6.95298792747177e-85,"5","SASH3"
8.33856940118435e-90,0.408310651379495,0.27,0.179,7.50562970370004e-85,"5","SRA1"
9.15418387224423e-90,0.565012158802768,0.179,0.107,8.23977244524575e-85,"5","VCPIP1"
9.52356134851062e-90,0.505009857840506,0.192,0.117,8.5722528054079e-85,"5","UGGT1"
1.00278860751891e-89,0.496788079360257,0.177,0.106,9.02620053513846e-85,"5","INTS4"
1.25810048134405e-89,0.438918188658332,0.253,0.166,1.13242882426259e-84,"5","LSM6"
1.26799080829731e-89,0.310678929521317,0.332,0.229,1.14133120645649e-84,"5","PARP4"
1.63917241874645e-89,0.326073044850323,0.2,0.123,1.47543548583787e-84,"5","MLKL"
2.46891094315481e-89,0.575801511891726,0.139,0.077,2.22229142904308e-84,"5","SLC35E1"
3.26347062039037e-89,0.4813353524401,0.193,0.118,2.93748254011957e-84,"5","NFKB2"
3.59598031106521e-89,0.4423859172445,0.23,0.147,3.2367778377929e-84,"5","CPNE3"
3.62245693063667e-89,0.681055687554742,0.112,0.058,3.26060970783537e-84,"5","UQCC3"
3.63307222651677e-89,0.56686660299686,0.157,0.091,3.27016464181001e-84,"5","SLC25A11"
3.74223653543507e-89,0.306562017758448,0.348,0.242,3.36842452791046e-84,"5","PSMA4"
3.81445326617791e-89,0.689762410516645,0.127,0.069,3.4334275294194e-84,"5","MRPL44"
3.9899053229238e-89,0.278344540449372,0.622,0.49,3.59135368021694e-84,"5","TRIR"
4.45287762427295e-89,0.415090416254366,0.32,0.228,4.00807967838433e-84,"5","IGHG4"
4.74043368177325e-89,0.499476574345555,0.197,0.122,4.26691176130092e-84,"5","TRADD"
4.83665323405795e-89,0.322585744339404,0.507,0.384,4.3535199425079e-84,"5","MRTFA"
5.08327482816966e-89,0.486975491568858,0.202,0.126,4.57550650558379e-84,"5","VPS35"
5.29936122786722e-89,0.286054457800855,0.478,0.356,4.77000803481556e-84,"5","ARFGEF1"
5.93271551325555e-89,0.466544673366374,0.193,0.118,5.34009656063645e-84,"5","TMEM87B"
7.54558210893207e-89,0.50652485312853,0.194,0.119,6.79185391207084e-84,"5","SURF1"
9.66812295695746e-89,0.601108178799654,0.158,0.092,8.70237415478698e-84,"5","GTPBP10"
1.01667899978244e-88,0.273414568927895,0.517,0.388,9.15122934494171e-84,"5","HP1BP3"
1.1662807913132e-88,0.702185066957498,0.137,0.077,1.04978100306893e-83,"5","NCOA5"
1.26243446365509e-88,0.430338789375201,0.26,0.171,1.13632988508059e-83,"5","DDOST"
1.27959103284373e-88,0.381540892274965,0.259,0.169,1.15177268457297e-83,"5","HAX1"
1.29583807679539e-88,0.58982689885074,0.14,0.078,1.1663968113043e-83,"5","NUDT2"
1.40371931910603e-88,0.509812853486513,0.18,0.109,1.26350179632052e-83,"5","POLE3"
1.44843320275769e-88,0.514212902360704,0.199,0.123,1.30374921013422e-83,"5","GLRX5"
1.63487136164426e-88,0.617278161677327,0.144,0.082,1.47156406132961e-83,"5","COG4"
1.72747001976204e-88,0.606257275039697,0.148,0.084,1.55491303948801e-83,"5","FBXO38"
1.8428261785657e-88,0.32039510294063,0.514,0.396,1.65874627158877e-83,"5","NDUFB2"
2.63200666479233e-88,0.591657913096846,0.177,0.107,2.36909551904623e-83,"5","SMIM10L1"
2.63558874741198e-88,0.397592770139985,0.241,0.155,2.372319787433e-83,"5","ORC2"
2.68361880615176e-88,0.532816510915278,0.158,0.092,2.41555212360526e-83,"5","TXLNA"
3.23083582028562e-88,0.454561172669304,0.208,0.129,2.90810763019729e-83,"5","GORASP2"
4.08564870178226e-88,0.504880881508346,0.193,0.119,3.67753325296123e-83,"5","MBOAT7"
4.1036175120288e-88,0.447680453330841,0.207,0.129,3.69370715875224e-83,"5","PRR14L"
4.18610693818186e-88,0.252424338528712,0.73,0.608,3.76795671612688e-83,"5","ATP5MC2"
4.57503050666508e-88,0.459319790960898,0.192,0.118,4.11803070935431e-83,"5","NDUFS3"
4.71320030769152e-88,0.329887016888572,0.391,0.28,4.24239872895622e-83,"5","PA2G4"
4.83153715647023e-88,0.498586006611357,0.167,0.098,4.34891490991041e-83,"5","CLPX"
5.02635140759854e-88,0.523867257532662,0.17,0.101,4.52426916549353e-83,"5","PATL2"
5.44103783298366e-88,0.606283334924746,0.138,0.077,4.89753256384692e-83,"5","ANAPC15"
7.58511275126246e-88,0.468521833614766,0.255,0.169,6.82743583853885e-83,"5","GOLGA8A"
8.60711021219069e-88,0.512590954329141,0.185,0.113,7.74734597309496e-83,"5","CCS"
8.73180976786595e-88,0.509612608304727,0.158,0.092,7.85958929015382e-83,"5","NUBP2"
1.14385008587753e-87,0.442407712908682,0.201,0.125,1.02959090079922e-82,"5","ANKFY1"
1.60164545086632e-87,0.557431389337287,0.126,0.069,1.44165708677929e-82,"5","CYP51A1"
1.79852417519389e-87,0.285717772417366,0.639,0.508,1.61886959533377e-82,"5","RSRP1"
2.27531825756305e-87,0.48628863544676,0.19,0.117,2.04803671681508e-82,"5","UQCC2"
2.62633377906848e-87,0.316544187243087,0.399,0.287,2.36398929787733e-82,"5","UBE2N"
2.63142735931146e-87,0.285247382391849,0.332,0.228,2.36857408038984e-82,"5","MAPKAPK2"
3.19434466654777e-87,0.315326189482204,0.377,0.268,2.87526157780632e-82,"5","CERT1"
3.66809506807881e-87,0.508240267754511,0.155,0.09,3.30168905172842e-82,"5","YIPF3"
3.7410343366139e-87,0.638739787051629,0.146,0.084,3.36734241672954e-82,"5","PIGN"
3.86349651129692e-87,0.40528794793259,0.22,0.139,3.47757184478347e-82,"5","SZRD1"
3.92810754381729e-87,0.469934178570561,0.245,0.161,3.53572888126538e-82,"5","ELP4"
4.84771319476052e-87,0.66703672194881,0.108,0.056,4.36347512373589e-82,"5","MCM5"
5.79589085868775e-87,0.616252502231907,0.129,0.071,5.21693932081343e-82,"5","SAMM50"
6.0098970572009e-87,0.451075688222017,0.23,0.148,5.4095684401571e-82,"5","ANKLE2"
6.2554122501192e-87,0.418075668332109,0.264,0.176,5.63055912045479e-82,"5","ACP1"
6.48317924959767e-87,0.531630788363176,0.169,0.101,5.83557447435536e-82,"5","SCAMP1"
7.64873873996115e-87,0.555620221151105,0.136,0.076,6.88470622722643e-82,"5","CISD1"
9.39321908550701e-87,0.683104472325526,0.101,0.051,8.45493043105571e-82,"5","TRIOBP"
1.0510907097186e-86,0.27322442722377,0.441,0.322,9.46097258724805e-82,"5","STAU1"
1.15711880898463e-86,0.343969179942308,0.315,0.217,1.04153421115516e-81,"5","ANAPC11"
2.02560171049924e-86,0.266887058304196,0.572,0.443,1.82326435563747e-81,"5","PSMA1"
2.04524832774252e-86,0.575931965565783,0.151,0.088,1.84094847228432e-81,"5","CYB561D2"
2.09232846676573e-86,0.621062229256769,0.115,0.061,1.8833257762205e-81,"5","SEPHS1"
2.11092123149207e-86,0.427854218271209,0.196,0.121,1.90006130967833e-81,"5","MINDY3"
2.12612710662609e-86,0.505986898388919,0.199,0.124,1.91374826994521e-81,"5","TAF12"
2.27565122090036e-86,0.553816091666098,0.155,0.09,2.04833642044463e-81,"5","PIGB"
2.68258400585658e-86,0.600320366275325,0.15,0.087,2.41462068951157e-81,"5","COG6"
2.75952589145128e-86,0.253938998143341,0.686,0.568,2.48387685015421e-81,"5","ZFAND3"
2.94264697420109e-86,0.754711707136368,0.12,0.065,2.64870596794814e-81,"5","BLM"
3.97628330239741e-86,0.292316444466851,0.458,0.34,3.57909236332093e-81,"5","KAT6B"
4.16913514066212e-86,0.279274966880209,0.631,0.506,3.75268023146138e-81,"5","NOP58"
4.96367856271638e-86,0.591772730495388,0.17,0.102,4.46785671108664e-81,"5","CPEB2"
6.16598640840914e-86,0.571104585080795,0.15,0.086,5.55006602607315e-81,"5","PIEZO1"
6.48968846822896e-86,0.539660181302506,0.167,0.1,5.84143348713757e-81,"5","ORMDL3"
8.55922568788249e-86,0.454214299121454,0.205,0.129,7.70424463391991e-81,"5","PFDN1"
8.91721980386862e-86,0.305102776244884,0.397,0.285,8.02647871766018e-81,"5","GDI2"
9.5106164094679e-86,0.552567591655754,0.151,0.087,8.56060093632615e-81,"5","CBR4"
1.0553991883525e-85,0.478891598032725,0.16,0.094,9.49975363427966e-81,"5","MRFAP1L1"
1.1299364042256e-85,0.271135186477441,0.425,0.308,1.0170670568075e-80,"5","ZNF207"
1.19379036216425e-85,0.416220651750692,0.21,0.132,1.07454264288766e-80,"5","NCBP3"
1.83101497384495e-85,0.677771165626379,0.125,0.069,1.64811488810758e-80,"5","RBM12B"
1.93409882176923e-85,0.41195373708,0.164,0.096,1.7409016904627e-80,"5","UQCRC1"
2.03795502449954e-85,0.785139508237766,0.107,0.056,1.83438369710228e-80,"5","DCAF17"
2.10981263166442e-85,0.372888239290332,0.251,0.164,1.89906344788746e-80,"5","RNF4"
2.61490997792991e-85,0.416338390926647,0.303,0.208,2.3537066202345e-80,"5","DUSP10"
2.92286942774727e-85,0.568959561692072,0.15,0.087,2.6309040006096e-80,"5","INIP"
3.24633635066868e-85,0.364721727321874,0.257,0.169,2.92205981260039e-80,"5","USP22"
3.41634663279907e-85,0.289467268120746,0.54,0.417,3.07508776764877e-80,"5","CCT4"
3.74000717438332e-85,0.502901459865196,0.18,0.11,3.36641785773417e-80,"5","AAGAB"
4.15754497208274e-85,0.29602681143797,0.407,0.295,3.74224780482139e-80,"5","ARID4A"
4.41836024670369e-85,0.445589943935714,0.221,0.141,3.97701024166046e-80,"5","MYO1G"
4.56241982076916e-85,0.296711452913063,0.409,0.297,4.10667970487253e-80,"5","JTB"
5.66773652508816e-85,0.632707289675029,0.124,0.068,5.1015863235971e-80,"5","LTBP3"
7.15033666582124e-85,0.390620977935008,0.3,0.206,6.43608953627236e-80,"5","YTHDC2"
8.68143765254389e-85,0.533944935554418,0.156,0.092,7.81424884543128e-80,"5","NSUN3"
9.63877668320822e-85,0.570913514640054,0.12,0.065,8.67595928032255e-80,"5","LRRC37A2"
1.00039818710628e-84,0.413426337177654,0.244,0.161,9.00468412196232e-80,"5","CYBC1"
1.09280978002416e-84,0.286028196472343,0.485,0.366,9.83649011097543e-80,"5","SENP6"
1.20849920536993e-84,0.421810310539151,0.254,0.169,1.08778221974552e-79,"5","SERTAD2"
1.40265922453995e-84,0.355206521936457,0.284,0.19,1.26254759460066e-79,"5","TOX4"
1.4160987066045e-84,0.420084608918199,0.213,0.135,1.27464460680178e-79,"5","TRAPPC8"
1.52373968302056e-84,0.335670342012421,0.417,0.308,1.37153332608364e-79,"5","FLI1"
1.62090678031301e-84,0.49934709265868,0.193,0.12,1.45899440202754e-79,"5","TXNDC15"
2.04886720015224e-84,0.317288779251794,0.28,0.188,1.84420585552903e-79,"5","RNF181"
2.21231091511505e-84,0.301665635175943,0.336,0.234,1.99132317780421e-79,"5","PPP1R18"
2.58735083006712e-84,0.375779655084081,0.238,0.154,2.32890035565172e-79,"5","AVL9"
3.25663064000017e-84,0.326680389009704,0.547,0.424,2.93132580537055e-79,"5","G3BP2"
3.47520587454009e-84,0.291559522126545,0.245,0.158,3.12806755973228e-79,"5","NAPA"
4.38421895251954e-84,0.512070692868574,0.172,0.104,3.94627932135237e-79,"5","STX18"
5.53045895756307e-84,0.437616071702491,0.217,0.138,4.9780214122921e-79,"5","NNT"
6.1313226426106e-84,0.499189711388668,0.163,0.096,5.51886482384023e-79,"5","KIN"
6.50151195461364e-84,0.502134746536029,0.177,0.108,5.85207592546728e-79,"5","C9orf85"
6.50750747860763e-84,0.627497739268676,0.145,0.084,5.85747255656952e-79,"5","DERA"
6.68821369523248e-84,0.55748508886231,0.132,0.074,6.02012802921571e-79,"5","CALCOCO1"
6.90703265364334e-84,0.504932019237983,0.177,0.108,6.2170891618709e-79,"5","MRPL3"
7.44434574780736e-84,0.269858099872913,0.437,0.32,6.70073005105889e-79,"5","BLOC1S1"
8.24158095808575e-84,0.415577251753684,0.34,0.242,7.41832943618256e-79,"5","LINC00861"
8.94233223800485e-84,0.54023702576255,0.16,0.095,8.04908267075055e-79,"5","TRAPPC11"
9.0815630676591e-84,0.573835885915563,0.133,0.075,8.17440573283064e-79,"5","DROSHA"
1.23683631987527e-83,0.330723100958792,0.356,0.253,1.11328873988293e-78,"5","SERPINB1"
1.28042707454837e-83,0.44817934623051,0.204,0.128,1.15252521407173e-78,"5","REV1"
1.30139600764402e-83,0.359588015197728,0.249,0.164,1.17139956044046e-78,"5","XIAP"
1.52685135015139e-83,0.251772976574041,0.595,0.472,1.37433416878477e-78,"5","BPTF"
1.60519543026991e-83,0.350358673976871,0.249,0.163,1.44485245874025e-78,"5","SLC6A6"
1.84829453260402e-83,0.325510785086838,0.326,0.228,1.6636683917422e-78,"5","TMEM245"
1.87578620503539e-83,0.463415472798629,0.178,0.109,1.6884139210144e-78,"5","NCOA4"
2.04768462600614e-83,0.472471429810246,0.186,0.115,1.84314140871438e-78,"5","RRP36"
2.33500240893568e-83,0.455753782993589,0.199,0.125,2.1017590183071e-78,"5","NAA10"
2.44493825522985e-83,0.368810258732577,0.253,0.166,2.20071337291494e-78,"5","TSG101"
2.52003760507288e-83,0.542044332140761,0.153,0.09,2.26831104870215e-78,"5","COX11"
3.67036441167824e-83,0.467525671053521,0.172,0.104,3.3037317105957e-78,"5","KIF3B"
3.91204004199672e-83,0.520906027836533,0.179,0.109,3.52126636220167e-78,"5","TRAPPC12"
4.14835356424958e-83,0.632611523930971,0.117,0.063,3.73397452671669e-78,"5","ERCC6"
4.50572303083363e-83,0.279668566361712,0.37,0.263,4.05564635728366e-78,"5","ANXA11"
4.7614075906342e-83,0.396381522696114,0.23,0.149,4.28579058640575e-78,"5","STAT2"
4.80181210252332e-83,0.346112809355553,0.38,0.274,4.32215909160227e-78,"5","CAPZA2"
4.90641078094039e-83,0.271784873119052,0.495,0.375,4.41630940803225e-78,"5","EIF3A"
5.06850302577192e-83,0.55955215666087,0.155,0.092,4.56221025852756e-78,"5","ING3"
5.54539287370416e-83,0.695176034994613,0.109,0.058,4.99146357954985e-78,"5","TECPR1"
5.598162158356e-83,0.396666912988404,0.231,0.149,5.03896174035782e-78,"5","MEF2D"
5.94113936282311e-83,0.49508421281993,0.16,0.094,5.34767895187071e-78,"5","POLR2H"
6.02744945193004e-83,0.682559191795714,0.1,0.051,5.42536752617675e-78,"5","CINP"
6.06661209969059e-83,0.366665589850847,0.284,0.193,5.4606182170525e-78,"5","TUFM"
6.62181446267206e-83,0.26410973415135,0.581,0.451,5.96036141599575e-78,"5","CNBP"
6.66433779202781e-83,0.610052101603844,0.138,0.079,5.99863708998215e-78,"5","MIOS"
6.76134503643573e-83,0.367523102728629,0.257,0.17,6.08595428074617e-78,"5","TDG"
6.90817860624616e-83,0.627377868824621,0.127,0.071,6.21812064526823e-78,"5","MCM3"
6.99669752686665e-83,0.41800641987254,0.25,0.166,6.29779741090794e-78,"5","RASA3"
7.14468999126369e-83,0.511571580872421,0.186,0.116,6.43100690803636e-78,"5","NCBP2"
9.02179907480791e-83,0.595377197894995,0.136,0.077,8.12061156522535e-78,"5","COA5"
1.25744802165777e-82,0.455080431805306,0.2,0.126,1.13184153877437e-77,"5","EIF3B"
1.61987782872445e-82,0.667970287221367,0.116,0.063,1.45806823241316e-77,"5","NIPSNAP1"
1.74903995500569e-82,0.428211291658797,0.196,0.122,1.57432835390017e-77,"5","MRPL43"
1.79068849222894e-82,0.47069558242708,0.181,0.111,1.6118166187402e-77,"5","TMEM126B"
1.8129365046579e-82,0.474399564655167,0.189,0.118,1.63184227720762e-77,"5","KIAA1328"
2.12751293733074e-82,0.394341834112878,0.294,0.202,1.91499567002077e-77,"5","ZNF267"
3.44210443424453e-82,0.266415464850182,0.517,0.394,3.09827262230784e-77,"5","LIMD2"
4.15147284884163e-82,0.575667980008633,0.127,0.071,3.73678222597084e-77,"5","ACTL6A"
4.2576731384237e-82,0.395999894136737,0.205,0.129,3.83237416862655e-77,"5","IREB2"
4.38651888377654e-82,0.444121693610398,0.185,0.114,3.9483495124761e-77,"5","SMARCC2"
4.45254821317929e-82,0.399031399124836,0.19,0.118,4.00778317216481e-77,"5","SHLD1"
4.88244329674384e-82,0.665014722164911,0.111,0.059,4.39473603583209e-77,"5","NUP62"
5.11196875257431e-82,0.536701769362928,0.171,0.104,4.60133419387966e-77,"5","SENP1"
6.08116861801475e-82,0.491821902960508,0.191,0.12,5.47372068476126e-77,"5","STX17"
6.25359704867845e-82,0.603665070302223,0.134,0.076,5.62892523948596e-77,"5","ASB8"
6.54728716576548e-82,0.362865467247428,0.281,0.191,5.89327865077717e-77,"5","IWS1"
6.73616425566758e-82,0.357103945022294,0.305,0.21,6.06328880816895e-77,"5","TRIM38"
7.80301014372752e-82,0.319784884367251,0.343,0.242,7.02356746047058e-77,"5","CIR1"
8.26694242516623e-82,0.343133318508977,0.367,0.263,7.44115754631637e-77,"5","ORMDL1"
9.2460639269187e-82,0.445002079272983,0.214,0.137,8.32247460125879e-77,"5","CLK4"
9.4049876193935e-82,0.752741370620616,0.115,0.063,8.46552340609228e-77,"5","UPRT"
1.64003498904289e-81,0.417651840508769,0.26,0.174,1.4762118939874e-76,"5","SFSWAP"
1.76566593590239e-81,0.465789077395415,0.17,0.103,1.5892935655651e-76,"5","CHTOP"
1.87123724201307e-81,0.297006942318662,0.402,0.292,1.68431935390839e-76,"5","C9orf78"
1.87124648992195e-81,0.549659782340425,0.169,0.103,1.68432767804365e-76,"5","CHIC1"
1.87573534333895e-81,0.509819990300214,0.159,0.095,1.68836813989283e-76,"5","TSR3"
2.8776687412436e-81,0.344671697503725,0.258,0.171,2.59021841068077e-76,"5","COPS6"
3.00894546194431e-81,0.428720102939965,0.266,0.181,2.70838189975069e-76,"5","C1QBP"
3.25934403238209e-81,0.687848647637084,0.114,0.062,2.93376815698744e-76,"5","KLHL42"
3.89028158097292e-81,0.349855649888805,0.281,0.191,3.50168135384953e-76,"5","DR1"
4.22423089792636e-81,0.555525330679711,0.132,0.075,3.8022724735325e-76,"5","SRP68"
4.32084299778675e-81,0.290920685627779,0.418,0.306,3.88923399073784e-76,"5","BRD4"
4.77195499630335e-81,0.643246299541505,0.103,0.054,4.29528441172261e-76,"5","TPD52L2"
5.11217339419335e-81,0.519494750865385,0.147,0.085,4.60151839384738e-76,"5","TIMM10"
5.3202695341603e-81,0.42580248774234,0.197,0.124,4.78882781039303e-76,"5","IER3IP1"
5.81292056837845e-81,0.536993229361015,0.189,0.119,5.23226793280313e-76,"5","TMEM238"
6.81848803895017e-81,0.455003003649731,0.167,0.1,6.13738926873944e-76,"5","DDX1"
7.24993917068822e-81,0.626829341843,0.112,0.06,6.52574274692818e-76,"5","TNFRSF10A"
7.25898532733141e-81,0.428989079310995,0.203,0.129,6.53388528298427e-76,"5","EIF2S1"
7.94261672121382e-81,0.490903706600998,0.181,0.112,7.14922873693177e-76,"5","EXOC5"
8.02288410806694e-81,0.687539727820444,0.114,0.062,7.22147821451213e-76,"5","MRPL17"
8.48292309221594e-81,0.506485404290605,0.195,0.123,7.63556390453449e-76,"5","EPM2AIP1"
8.62853039723655e-81,0.337431395293447,0.322,0.225,7.76662649585659e-76,"5","RBBP4"
9.02458088738896e-81,0.276857417288771,0.312,0.214,8.12311550254768e-76,"5","MTF2"
9.15012239227327e-81,0.512489049096562,0.171,0.104,8.23611666650909e-76,"5","DNAJC13"
9.47592455410979e-81,0.378798815478599,0.201,0.126,8.52937445039977e-76,"5","TIMM13"
1.20424258663266e-80,0.62612121125371,0.127,0.072,1.08395079465392e-75,"5","ZNF302"
1.21110511660773e-80,0.271724642437017,0.503,0.381,1.09012782650978e-75,"5","SNRPB"
1.22426215536048e-80,0.469464759995328,0.186,0.115,1.10197060866152e-75,"5","DDX42"
1.24377374371355e-80,0.263641507559434,0.379,0.27,1.11953318445401e-75,"5","ZC3H15"
1.49335968196465e-80,0.6558606464479,0.114,0.062,1.3441879833332e-75,"5","ABCB10"
1.54530527620121e-80,0.645100394080876,0.101,0.052,1.39094473216147e-75,"5","XPO5"
1.57218249878658e-80,0.322874343016134,0.31,0.215,1.41513718898279e-75,"5","USP16"
1.7017632942781e-80,0.395350386208694,0.187,0.116,1.53177415881267e-75,"5","CTDNEP1"
1.70290977714325e-80,0.378669901035769,0.282,0.193,1.53280611950441e-75,"5","DNAJC21"
1.81607030165373e-80,0.610383924115696,0.108,0.058,1.63466303922154e-75,"5","IL1RAP"
1.88027166784959e-80,0.309055950357533,0.326,0.228,1.69245133094809e-75,"5","AP1G1"
2.10678991178306e-80,0.451945060285407,0.174,0.106,1.89634266749505e-75,"5","TMEM126A"
2.17299741526643e-80,0.425300727947845,0.316,0.222,1.95593670345546e-75,"5","ABHD17B"
2.3799805350391e-80,0.441849055912819,0.212,0.136,2.14224427939405e-75,"5","CUL2"
2.74243626009394e-80,0.341583202606689,0.263,0.177,2.46849430207316e-75,"5","RHOC"
3.12634573564946e-80,0.258032683200441,0.531,0.408,2.81405506011543e-75,"5","THRAP3"
3.18391214889823e-80,0.389078967901025,0.22,0.142,2.86587116434479e-75,"5","TM2D3"
3.36029536722779e-80,0.622789293688636,0.1,0.052,3.02463546299541e-75,"5","STYXL1"
3.47326864366082e-80,0.313395480179757,0.852,0.729,3.12632383884554e-75,"5","HSPA1A"
3.71466416892399e-80,0.254118446743114,0.639,0.512,3.34360636509017e-75,"5","TRA2A"
3.73392643492151e-80,0.26104983148106,0.44,0.325,3.3609445233372e-75,"5","SEPTIN2"
3.85122160628161e-80,0.585168786217297,0.112,0.06,3.46652308003014e-75,"5","PTPA"
3.95947719270005e-80,0.278814438393539,0.486,0.369,3.56396501592125e-75,"5","HNRNPM"
3.99710915376806e-80,0.47785039851782,0.16,0.096,3.59783792039817e-75,"5","JOSD2"
5.22197944702625e-80,0.284332994144567,0.377,0.271,4.7003559200628e-75,"5","TRPM7"
5.26348578004014e-80,0.309252798311025,0.291,0.198,4.73771618547193e-75,"5","TXNL4A"
5.57600490860124e-80,0.598769310155129,0.121,0.067,5.01901777828106e-75,"5","FAM98B"
5.89324415508992e-80,0.260653019438503,0.549,0.426,5.30456799643798e-75,"5","NKTR"
6.27504851951823e-80,0.816523943704237,0.121,0.068,5.64823392290355e-75,"5","MTERF2"
6.980586540513e-80,0.667334010074517,0.101,0.053,6.28329575098116e-75,"5","SAP30L-AS1"
7.34542648685918e-80,0.479229246324934,0.154,0.091,6.61169183508681e-75,"5","SLC38A10"
8.43090074385189e-80,0.516219532163585,0.15,0.089,7.58873806854853e-75,"5","TTC27"
8.62242388479268e-80,0.580837436082381,0.128,0.072,7.76112996294074e-75,"5","PDZD11"
1.09686247009433e-79,0.354282615551976,0.275,0.187,9.87296877956607e-75,"5","VPS8"
1.20676779201584e-79,0.575275759719456,0.13,0.074,1.08622375727138e-74,"5","POP4"
1.31952401436647e-79,0.320925962768765,0.329,0.232,1.1877167605714e-74,"5","EIF2AK2"
1.46386984846829e-79,0.283763910946228,0.363,0.26,1.31764388930479e-74,"5","APOL6"
1.91190925707634e-79,0.373434606664455,0.258,0.173,1.72092864138698e-74,"5","MPRIP"
2.42854373012845e-79,0.445718247088786,0.19,0.119,2.18595649692592e-74,"5","MRPL22"
2.52862577709337e-79,0.330462404812398,0.332,0.234,2.27604134821951e-74,"5","ILF3"
2.64005429885121e-79,0.411812878040759,0.231,0.152,2.37633927493896e-74,"5","MAP2K5"
3.14612691388267e-79,0.294764101392664,0.438,0.326,2.83186029645493e-74,"5","ASXL2"
3.38197219554864e-79,0.479984578720818,0.169,0.103,3.04414699293529e-74,"5","MAP3K7"
4.31934549997492e-79,0.698835731015859,0.1,0.053,3.88788607798242e-74,"5","PDSS1"
4.82138818551175e-79,0.451824825027393,0.185,0.115,4.33977971966098e-74,"5","ZNF24"
4.9202217929601e-79,0.275904017214434,0.518,0.397,4.42874083806132e-74,"5","MIER1"
5.23012744355459e-79,0.661253996588901,0.16,0.097,4.70769001321792e-74,"5","TCTN3"
5.34910472817903e-79,0.406472728654271,0.197,0.125,4.81478265688122e-74,"5","TANGO6"
5.96946780177623e-79,0.289319636010539,0.331,0.232,5.37317766305681e-74,"5","TMED10"
7.97671541315017e-79,0.353988329847525,0.598,0.491,7.1799213105306e-74,"5","REL"
8.00955023011484e-79,0.270513807978842,0.438,0.326,7.20947625762867e-74,"5","CYFIP2"
8.08610846367402e-79,0.594628654876429,0.139,0.081,7.27838708923762e-74,"5","UBA5"
1.04069528588633e-78,0.588422880396657,0.127,0.072,9.36740233779145e-74,"5","OXLD1"
1.16051947271488e-78,0.279669505775526,0.344,0.243,1.04459518258539e-73,"5","SEC31A"
1.22795713951777e-78,0.335857931086458,0.271,0.183,1.10529650085134e-73,"5","SSNA1"
1.29345744392216e-78,0.720581116708277,0.103,0.055,1.16425397984877e-73,"5","TMCO3"
1.32363242570188e-78,0.663904098325296,0.103,0.054,1.19141478269851e-73,"5","ZNF346"
1.49259403020599e-78,0.546246690962503,0.126,0.071,1.34349881252871e-73,"5","SPRED2"
1.5062910568468e-78,0.364290145905208,0.128,0.072,1.35582764317837e-73,"5","PLEKHG2"
1.68909845551967e-78,0.649168031460115,0.111,0.061,1.52037441079781e-73,"5","PUS10"
1.78051498145322e-78,0.305376704296204,0.259,0.172,1.60265933995586e-73,"5","SUMF2"
1.97013646541269e-78,0.438470643546088,0.205,0.131,1.77333953388262e-73,"5","FBXW5"
2.31838883817581e-78,0.338120508140717,0.26,0.174,2.08680497713043e-73,"5","GLYR1"
2.33306807350189e-78,0.433223693380299,0.19,0.119,2.10001790363979e-73,"5","FUNDC2"
2.56231673337919e-78,0.431054617617918,0.208,0.134,2.30636691488194e-73,"5","HPCAL1"
3.16013351522958e-78,0.292214181030869,0.525,0.409,2.8444677783933e-73,"5","HIVEP2"
3.90165139616264e-78,0.366575492747685,0.251,0.168,3.51191543819995e-73,"5","PYCARD"
4.18648557040021e-78,0.633554508506418,0.159,0.097,3.76829752677293e-73,"5","TMEM141"
4.41845453931557e-78,0.363128899027805,0.251,0.169,3.97709511538334e-73,"5","RCOR3"
4.45244541186236e-78,0.558872820420525,0.109,0.059,4.00769063967143e-73,"5","GRN"
4.49643202911904e-78,0.509931020691105,0.156,0.094,4.04728343373034e-73,"5","TPRKB"
5.12511214882301e-78,0.250687705905997,0.503,0.381,4.61316469627708e-73,"5","PPIG"
5.12521445779323e-78,0.523149494141055,0.164,0.1,4.61325678560426e-73,"5","MRE11"
5.38817172822239e-78,0.349640487360934,0.237,0.156,4.84994725429025e-73,"5","FBXO42"
5.51521994227024e-78,0.483097417507669,0.166,0.101,4.96430462223686e-73,"5","TIA1"
5.87334355847363e-78,0.55653193443751,0.301,0.215,5.2866552704177e-73,"5","SESN1"
6.48895951577519e-78,0.591808325322516,0.118,0.065,5.84077734974441e-73,"5","WDR6"
6.58448014784257e-78,0.295560562451313,0.285,0.194,5.92675642587458e-73,"5","UQCRFS1"
7.06304609303267e-78,0.393597238237769,0.233,0.154,6.35751841879964e-73,"5","MITD1"
8.24502487832629e-78,0.327589931422021,0.274,0.186,7.42142934323027e-73,"5","DDX27"
9.14373808699653e-78,0.374407614514743,0.245,0.163,8.23037008948645e-73,"5","LARP7"
9.4262855126649e-78,0.33042711498184,0.279,0.191,8.4846938528048e-73,"5","N4BP2L1"
1.10886128966135e-77,0.455448553985916,0.188,0.118,9.98097135437079e-73,"5","C6orf89"
1.17955184297352e-77,0.558518831824813,0.109,0.058,1.0617264093789e-72,"5","AK6"
1.2325313681378e-77,0.486253113168873,0.148,0.087,1.10941380977451e-72,"5","TMED3"
1.2824310959015e-77,0.360936132982627,0.256,0.172,1.1543290537319e-72,"5","MSH3"
1.33913243073977e-77,0.380231477839515,0.241,0.16,1.20536649223317e-72,"5","RAB8A"
1.42064661714461e-77,0.256697039652882,0.586,0.463,1.27873822655803e-72,"5","MZT2B"
1.47863810464746e-77,0.388468068840597,0.181,0.112,1.33093694437423e-72,"5","ATRN"
1.56768443158492e-77,0.441932121796415,0.179,0.111,1.4110884337139e-72,"5","SF3A3"
1.75321651323045e-77,0.3346581028951,0.284,0.194,1.57808771572386e-72,"5","DAP3"
1.7808460628118e-77,0.275679665511825,0.343,0.244,1.60295734959753e-72,"5","UBE2R2"
2.10114003548584e-77,0.543523905188201,0.148,0.088,1.89125715734116e-72,"5","CUTC"
2.38354085776649e-77,0.448067097349699,0.21,0.136,2.1454489614842e-72,"5","KIFAP3"
2.69316682994308e-77,0.322891589482346,0.343,0.244,2.42414639530007e-72,"5","KIAA0232"
3.06450625465296e-77,0.572844012619437,0.14,0.082,2.75839272487568e-72,"5","SNAPC5"
3.2066010611345e-77,0.295492715088247,0.333,0.235,2.88629368113778e-72,"5","ANAPC5"
3.52350724407145e-77,0.282236156920281,0.417,0.308,3.17154410546115e-72,"5","ETNK1"
3.55812013541883e-77,0.277913580834587,0.348,0.248,3.20269951509185e-72,"5","R3HDM1"
4.12065314280863e-77,0.55102716023341,0.153,0.091,3.70904110037348e-72,"5","ZDHHC24"
4.58211115188259e-77,0.338301699756867,0.233,0.153,4.12440406892104e-72,"5","AK3"
4.73218526188505e-77,0.449968225057527,0.174,0.107,4.25948727607535e-72,"5","THYN1"
5.09351648334132e-77,0.392735025496329,0.198,0.126,4.58472512182036e-72,"5","C19orf25"
5.49357806056484e-77,0.5541957044002,0.138,0.08,4.94482454809502e-72,"5","C1orf131"
5.53334602315329e-77,0.410290878511363,0.224,0.147,4.98062008890051e-72,"5","DENND6A"
5.65527823654387e-77,0.330507937034883,0.336,0.24,5.0903724934955e-72,"5","TMEM131"
6.42799135150324e-77,0.420480324918859,0.176,0.109,5.78589929540158e-72,"5","MRPL36"
7.56462538720161e-77,0.532254560918462,0.117,0.065,6.80899495727405e-72,"5","SYNE3"
8.42466484309332e-77,0.434122520004554,0.187,0.117,7.58312507191673e-72,"5","MRPL13"
9.8567813979079e-77,0.287118832812693,0.356,0.256,8.87218750407088e-72,"5","MDM4"
1.20801637952701e-76,0.636678283224379,0.11,0.06,1.08734762337606e-71,"5","DCTPP1"
1.31163721420562e-76,0.297019225120132,0.348,0.248,1.18061777287862e-71,"5","RAF1"
1.37959657102887e-76,0.300034092094594,0.365,0.263,1.2417886695488e-71,"5","TRAM1"
1.42057026830796e-76,0.252639551744292,0.535,0.413,1.27866950420668e-71,"5","C11orf58"
1.45260216771158e-76,0.295889374378131,0.386,0.281,1.30750173717887e-71,"5","TTC17"
1.66186502367768e-76,0.311564168703352,0.404,0.299,1.49586132646251e-71,"5","REX1BD"
1.71046892618267e-76,0.624033438316887,0.126,0.072,1.53961018514629e-71,"5","NSMCE4A"
1.78272008259863e-76,0.452788942276142,0.184,0.116,1.60464417354785e-71,"5","ABCE1"
1.78415119532531e-76,0.484784484827811,0.169,0.105,1.60593233242427e-71,"5","MRPL4"
1.78926388695443e-76,0.4900454436217,0.157,0.094,1.61053431728655e-71,"5","MRPL32"
2.03459635543551e-76,0.451999023168351,0.187,0.118,1.83136052549105e-71,"5","FAM91A1"
2.10971588575133e-76,0.680638926081751,0.104,0.056,1.89897636592363e-71,"5","POC5"
2.26812964962282e-76,0.262062019608063,0.563,0.441,2.041566178922e-71,"5","UBE2K"
2.60875158369262e-76,0.589597050979111,0.122,0.069,2.34816338799757e-71,"5","TMCO4"
2.72846646444373e-76,0.65275849065571,0.112,0.062,2.45591994931044e-71,"5","RNF20"
2.90367525647436e-76,0.466957519804859,0.161,0.098,2.61362713510513e-71,"5","NAA20"
3.05855102404881e-76,0.510060010168387,0.165,0.101,2.75303236225657e-71,"5","TATDN1"
3.21683506062078e-76,0.627861906570681,0.114,0.063,2.89550540641537e-71,"5","CEP164"
3.8596688902323e-76,0.307030665209515,0.422,0.315,3.474126564787e-71,"5","COPS9"
3.92620925238673e-76,0.592555292581908,0.137,0.08,3.53402021016582e-71,"5","CEP44"
4.4128216667585e-76,0.407880966628577,0.209,0.136,3.97202491046599e-71,"5","RRP1B"
4.44047029641601e-76,0.273462948237543,0.357,0.256,3.99691171850702e-71,"5","LARP4B"
4.83296685198474e-76,0.447650993716704,0.234,0.157,4.35020179313998e-71,"5","PPA2"
5.16162300790135e-76,0.35004420448329,0.266,0.181,4.64602848564209e-71,"5","MKNK2"
5.61656914882441e-76,0.429203468555351,0.227,0.151,5.05553005654834e-71,"5","ATAD1"
5.73834216913296e-76,0.366248171997698,0.224,0.147,5.16513916985826e-71,"5","ATP6V1D"
5.81399094806366e-76,0.605281165047087,0.13,0.074,5.23323139226158e-71,"5","EXOSC3"
6.55165296751832e-76,0.354476495170983,0.249,0.166,5.89720835259291e-71,"5","GAK"
9.08324816904643e-76,0.304166619218897,0.306,0.213,8.17592250944038e-71,"5","WDR82"
1.03749014988852e-75,0.511668341561607,0.167,0.103,9.33855258816155e-71,"5","ZNF862"
1.04948044268851e-75,0.584482649055437,0.116,0.064,9.44647841268354e-71,"5","TTL"
1.14369100552644e-75,0.303982162420076,0.331,0.234,1.0294477109844e-70,"5","SNW1"
1.18438183007979e-75,0.522369891706312,0.125,0.071,1.06607392907312e-70,"5","YBEY"
1.19009773065112e-75,0.441035908681339,0.201,0.129,1.07121886833638e-70,"5","SCAI"
1.24341169624917e-75,0.283379125170629,0.422,0.312,1.11920730191084e-70,"5","MON2"
1.28786332286064e-75,0.358580854775165,0.265,0.181,1.15921865554009e-70,"5","NSRP1"
1.60884708509135e-75,0.642060376425782,0.103,0.056,1.44813934976158e-70,"5","CIAPIN1"
1.73734352254764e-75,0.458998411725164,0.174,0.108,1.56380027808036e-70,"5","CNDP2"
1.96584692456531e-75,0.456579922771099,0.212,0.139,1.76947847527048e-70,"5","CCNL2"
1.97028123550934e-75,0.395188806459624,0.211,0.137,1.77346984289431e-70,"5","NSMCE1"
2.07454411886703e-75,0.408515891370574,0.199,0.127,1.86731790683341e-70,"5","DYNC1LI2"
2.11469212294907e-75,0.450569267061524,0.205,0.133,1.90345552678769e-70,"5","TRAPPC6A"
2.17914389405114e-75,0.31690313349704,0.244,0.162,1.96146921047437e-70,"5","MIEN1"
2.26270053205739e-75,0.437298134394955,0.157,0.095,2.03667937591018e-70,"5","CPSF7"
2.30784056891107e-75,0.268367370496221,0.395,0.288,2.07731037448255e-70,"5","ZRANB2"
2.67114145830883e-75,0.399706079155186,0.19,0.12,2.40432113803836e-70,"5","TENT4A"
3.12394667649639e-75,0.260014220664697,0.469,0.355,2.81189564298117e-70,"5","OGT"
4.11202742552764e-75,0.395197955525079,0.492,0.38,3.70127700599169e-70,"5","SOD2"
4.19516112163377e-75,0.48383435634563,0.166,0.102,3.77610647719378e-70,"5","NSL1"
4.36203126074243e-75,0.588298913148604,0.137,0.08,3.92630795810687e-70,"5","CAT"
5.06390585023431e-75,0.411995722509798,0.234,0.156,4.5580722948544e-70,"5","RBBP7"
7.22996813503949e-75,0.493420724397775,0.163,0.1,6.5077666180304e-70,"5","CXorf38"
8.39862968955178e-75,0.507690737504429,0.122,0.069,7.55969056986245e-70,"5","ATP6V1B2"
9.13248994372107e-75,0.305865736313829,0.288,0.198,8.22024552324277e-70,"5","VPS4B"
9.32407412106876e-75,0.403098236407384,0.192,0.122,8.3926923571152e-70,"5","ATF1"
9.70339664535955e-75,0.326053306599366,0.307,0.216,8.73412435445458e-70,"5","RPAP2"
1.02930691090868e-74,0.478194417682048,0.203,0.132,9.26489443578014e-70,"5","KIAA0586"
1.21578501391447e-74,0.512163239896295,0.13,0.075,1.09434024887455e-69,"5","GGA3"
1.26573280870537e-74,0.533770475784441,0.205,0.134,1.13929875844379e-69,"5","TIFA"
1.40256075862835e-74,0.294920725239578,0.372,0.27,1.26245896444896e-69,"5","UVRAG"
1.60905785682114e-74,0.441770352873878,0.159,0.097,1.44832906750327e-69,"5","STOML2"
1.621727586719e-74,0.57896446999397,0.136,0.08,1.45973321808164e-69,"5","ABCC4"
1.64469887373231e-74,0.258939176204406,0.41,0.303,1.48040990323519e-69,"5","PRELID1"
1.83563807394979e-74,0.516085426056989,0.146,0.087,1.65227618674294e-69,"5","CASP7"
2.46442124325156e-74,0.583512771549041,0.12,0.068,2.21825020526316e-69,"5","MTG2"
3.52576510177898e-74,0.584633131431538,0.124,0.071,3.17357642576228e-69,"5","PGM2"
3.54605798165892e-74,0.421162382240034,0.22,0.145,3.19184224987101e-69,"5","ULK4"
4.42428397474781e-74,0.571126493532404,0.137,0.08,3.98234224851025e-69,"5","CAB39L"
4.53593767644108e-74,0.328418286512041,0.276,0.19,4.08284286194138e-69,"5","STRN"
4.78716718553899e-74,0.430683482658661,0.238,0.16,4.3089770553755e-69,"5","GXYLT1"
6.39943989927605e-74,0.58948588985289,0.124,0.071,5.76019984773737e-69,"5","THAP6"
7.77539207371259e-74,0.364658834762322,0.291,0.203,6.99870815946944e-69,"5","MRPL54"
8.37682281543297e-74,0.333103735711418,0.262,0.179,7.54006198439937e-69,"5","CIAO1"
9.15718172874453e-74,0.250115272059802,0.413,0.305,8.24247084586024e-69,"5","PSPC1"
9.64753204536578e-74,0.428479588940795,0.176,0.11,8.68384006935419e-69,"5","HDAC3"
1.07021543239152e-73,0.393112227143898,0.219,0.144,9.63311612849935e-69,"5","AGPS"
1.23230305432332e-73,0.289422158936466,0.245,0.166,1.10920830222697e-68,"5","RECQL"
1.28800915073507e-73,0.320371037625838,0.275,0.189,1.15934991666814e-68,"5","UHMK1"
1.47997679813919e-73,0.329333053253801,0.274,0.189,1.33214191577307e-68,"5","CCNT2"
1.64364571873168e-73,0.286236424659779,0.292,0.202,1.47946194788757e-68,"5","ILRUN"
1.66787720387398e-73,0.493798802690547,0.284,0.202,1.501272949979e-68,"5","SERPINH1"
1.80717402380983e-73,0.369792612633873,0.241,0.162,1.62665541057146e-68,"5","NDUFAF8"
2.0895551878858e-73,0.285489374143977,0.455,0.346,1.88082952016789e-68,"5","CENPC"
2.1070497781987e-73,0.563002828086562,0.138,0.082,1.89657657585443e-68,"5","GOLGA1"
2.17996606352301e-73,0.401574568638171,0.191,0.122,1.9622092534377e-68,"5","UBE2V2"
2.1821508836951e-73,0.563536916950855,0.124,0.071,1.96417583192279e-68,"5","MAP4K3-DT"
2.30849216324702e-73,0.589612681575116,0.128,0.074,2.07789688106027e-68,"5","PURB"
2.3556080845575e-73,0.365285268848928,0.227,0.15,2.12030639299105e-68,"5","MPG"
2.87356493309221e-73,0.379616187136851,0.216,0.142,2.58652453192563e-68,"5","C1D"
3.13400063716971e-73,0.581263373457099,0.117,0.066,2.82094531352283e-68,"5","BAK1"
3.16054824718143e-73,0.317725090261811,0.291,0.202,2.84484108277048e-68,"5","CAPN2"
3.20977997208259e-73,0.254758317593238,0.413,0.305,2.88915505067126e-68,"5","ZBTB1"
3.37007151816728e-73,0.259476694521623,0.419,0.31,3.03343507421755e-68,"5","RTF1"
3.67617741830227e-73,0.304510168510981,0.269,0.184,3.30896405598805e-68,"5","SREK1"
3.68305286629915e-73,0.278168387285795,0.418,0.31,3.31515271548453e-68,"5","WDR33"
4.02027854618711e-73,0.536340318625723,0.14,0.083,3.61869292220848e-68,"5","ZNF766"
5.03987332619542e-73,0.740762368351843,0.109,0.06,4.53644037964176e-68,"5","TM2D2"
6.58203062250112e-73,0.360151021491785,0.218,0.143,5.92455158361949e-68,"5","PUF60"
6.76611665721796e-73,0.580666620031342,0.149,0.09,6.09024926432846e-68,"5","TNFSF12"
6.86198194718988e-73,0.609207696467449,0.108,0.06,6.17653857048508e-68,"5","AP1S1"
6.88369270005552e-73,0.496643567497794,0.176,0.111,6.19608063624698e-68,"5","THAP12"
9.28115289614883e-73,0.255431965781512,0.679,0.555,8.35405853335253e-68,"5","SQSTM1"
9.66788081532033e-73,0.435862170332233,0.193,0.124,8.70215620067798e-68,"5","PDCD7"
9.74070793072004e-73,0.536327649780231,0.145,0.087,8.76770861552041e-68,"5","SMIM15"
1.07185991839396e-72,0.543726752001156,0.35,0.258,9.64791831145591e-68,"5","PLIN2"
1.31935371990962e-72,0.446195399139624,0.183,0.116,1.18756347682785e-67,"5","TRIM37"
1.383354973497e-72,0.414501947388609,0.196,0.126,1.24517164519439e-67,"5","PDCD2"
1.46651144251657e-72,0.546688504458635,0.119,0.067,1.32002161452359e-67,"5","AASDH"
1.71530264042169e-72,0.389910043524512,0.215,0.141,1.54396105966997e-67,"5","SDHD"
1.88447998665056e-72,0.319176347372237,0.248,0.167,1.69623928078404e-67,"5","CAPNS1"
1.92024638680998e-72,0.634273012513126,0.109,0.06,1.72843297523153e-67,"5","COG2"
2.10515833253474e-72,0.371972199808977,0.189,0.12,1.89487406669785e-67,"5","MPLKIP"
2.54080288734024e-72,0.396538168156457,0.22,0.146,2.28700208692382e-67,"5","PPID"
2.5920041390922e-72,0.578292398534498,0.123,0.071,2.33308884563828e-67,"5","MTA3"
2.67789407669743e-72,0.265750501549458,0.319,0.226,2.41039923737613e-67,"5","CBL"
3.12289550882338e-72,0.377903072920694,0.252,0.172,2.81094947644701e-67,"5","PRIM2"
3.46882859869808e-72,0.353623435507484,0.229,0.153,3.12232730997413e-67,"5","NFX1"
3.57052643045431e-72,0.278312220714183,0.359,0.259,3.21386654531623e-67,"5","NEMF"
3.69075151437213e-72,0.464812352257777,0.164,0.101,3.32208234560149e-67,"5","EXOG"
5.60086754516573e-72,0.325570886045862,0.236,0.158,5.04139688607912e-67,"5","PIP5K1A"
5.66920770845844e-72,0.52032219357791,0.134,0.079,5.10291055046053e-67,"5","TMX2"
8.39481153841046e-72,0.635233156796968,0.124,0.072,7.55625381383864e-67,"5","WAC-AS1"
8.86935530018651e-72,0.372473242006874,0.205,0.133,7.98339539925088e-67,"5","KDELR2"
9.97757270374693e-72,0.430329559278503,0.195,0.126,8.98091296636965e-67,"5","ZNF277"
1.16479181468871e-71,0.514408084676493,0.121,0.069,1.04844076031946e-66,"5","MPV17"
1.33390561447645e-71,0.330927662068944,0.257,0.175,1.2006617826464e-66,"5","ARF5"
1.35138970244378e-71,0.472317186656456,0.159,0.098,1.21639938506667e-66,"5","DCAF13"
1.44877274464405e-71,0.468276149155358,0.146,0.087,1.30405483518155e-66,"5","DLD"
1.49441889170377e-71,0.336609946826247,0.251,0.171,1.34514138861148e-66,"5","ZFX"
1.56511021284959e-71,0.707767150107134,0.104,0.057,1.40877135368804e-66,"5","TRIM66"
1.6463913937358e-71,0.287298236686826,0.35,0.253,1.48193335741553e-66,"5","DDT"
2.17214459278808e-71,0.390563474344993,0.195,0.125,1.95516906941448e-66,"5","PTCD3"
2.61524390276247e-71,0.594332490325636,0.131,0.077,2.35400718931553e-66,"5","POLA1"
3.2929954586645e-71,0.266202616916622,0.231,0.153,2.9640581422985e-66,"5","IL27RA"
3.43953824227787e-71,0.321000819477871,0.313,0.223,3.09596276725673e-66,"5","PIBF1"
3.4654462085364e-71,0.447049304935576,0.172,0.108,3.1192827867657e-66,"5","BCL2L13"
3.52634760264395e-71,0.285115989530138,0.48,0.369,3.17410074061584e-66,"5","AHSA1"
3.52705905445728e-71,0.376454347849093,0.249,0.169,3.17474112550754e-66,"5","PURA"
3.70468317297073e-71,0.275405386714038,0.37,0.27,3.33462237082268e-66,"5","NCK1"
4.19529610309479e-71,0.665775215940071,0.119,0.068,3.77622797535665e-66,"5","EIF3J-DT"
4.39146467972887e-71,0.48637379322739,0.144,0.086,3.95280127287075e-66,"5","WDR36"
4.53528280960732e-71,0.406186399432687,0.174,0.109,4.08225340975564e-66,"5","PARG"
4.78661339725247e-71,0.598311965508443,0.126,0.073,4.30847858500092e-66,"5","CYREN"
5.30398434113564e-71,0.492902155490722,0.16,0.099,4.7741693452996e-66,"5","RDH11"
5.64566713234596e-71,0.619202587144306,0.102,0.056,5.08172144249593e-66,"5","PARD6G-AS1"
6.35951207764859e-71,0.534180150612883,0.129,0.075,5.72426041621227e-66,"5","NDC80"
6.6171565325298e-71,0.473688295457439,0.163,0.101,5.9561687664954e-66,"5","LZIC"
6.67938227190018e-71,0.59382634167239,0.112,0.063,6.01217877676007e-66,"5","NCK1-DT"
7.74502536386449e-71,0.384632559008072,0.174,0.109,6.97137478026806e-66,"5","SYPL1"
1.00584883092362e-70,0.364060513884339,0.251,0.172,9.05374591202656e-66,"5","FERMT3"
1.63995456307891e-70,0.441386246898071,0.156,0.095,1.47613950177296e-65,"5","MRPL19"
1.67568010961419e-70,0.586443723610875,0.128,0.075,1.50829642346483e-65,"5","ANKRD39"
1.77899982937778e-70,0.585537304441469,0.12,0.069,1.60129553642124e-65,"5","POLR3K"
1.85957053700378e-70,0.310355830115401,0.319,0.228,1.67381803606247e-65,"5","ATF6"
2.03398920768005e-70,0.269983950962249,0.506,0.399,1.83081402572489e-65,"5","PSME2"
2.16645020159873e-70,0.587466837350307,0.118,0.068,1.95004349096104e-65,"5","TRIM23"
2.17856315841383e-70,0.600195438376698,0.115,0.065,1.96094648451987e-65,"5","C12orf76"
2.78343440758131e-70,0.423931814413431,0.161,0.099,2.50539714460801e-65,"5","CSNK2A2"
2.78521503759709e-70,0.60636322226713,0.114,0.065,2.50699990749152e-65,"5","SLC8B1"
3.09541258906478e-70,0.394369961951638,0.231,0.156,2.7862118255431e-65,"5","DTNBP1"
3.50091810318166e-70,0.649738399696801,0.105,0.058,3.15121139385484e-65,"5","TEP1"
3.7444755925063e-70,0.339714279678087,0.295,0.209,3.37043992557085e-65,"5","XAF1"
3.87486249848465e-70,0.455714432969139,0.168,0.105,3.48780248351102e-65,"5","PTRHD1"
4.70534650830276e-70,0.406740974238237,0.175,0.111,4.2353294455884e-65,"5","GET3"
4.94823848770009e-70,0.618413128695241,0.104,0.057,4.45395894516373e-65,"5","UBE3B"
5.05527291276604e-70,0.313957223216884,0.326,0.234,4.55030170150984e-65,"5","HNRNPAB"
5.63399146821103e-70,0.625820114973483,0.105,0.058,5.07121206045143e-65,"5","SLC25A42"
6.25859416177434e-70,0.424685444583806,0.156,0.096,5.6334231909547e-65,"5","MAML1"
6.59019238290165e-70,0.662480625758638,0.106,0.059,5.9318980657736e-65,"5","LTV1"
7.67183596193537e-70,0.599602715153177,0.119,0.068,6.90549626769765e-65,"5","CMAS"
8.32005714712562e-70,0.558764300902789,0.124,0.072,7.48896663869924e-65,"5","MYO18A"
1.04219203641092e-69,0.470011488339883,0.151,0.092,9.38087473893831e-65,"5","OAS2"
1.07049589233792e-69,0.447644136453335,0.158,0.097,9.63564057652285e-65,"5","IMMP1L"
1.14360868049321e-69,0.310881913474864,0.26,0.178,1.02937360939874e-64,"5","TMEM179B"
1.24068509410886e-69,0.461445455486403,0.164,0.103,1.11675306005833e-64,"5","TYW3"
1.35243642630915e-69,0.473299524902659,0.181,0.116,1.21734155168513e-64,"5","FOXK1"
1.35935674233812e-69,0.348067783974298,0.226,0.151,1.22357059734596e-64,"5","S1PR4"
1.54398450425778e-69,0.289714179522334,0.181,0.114,1.38975589212747e-64,"5","SSBP3"
1.57408606178531e-69,0.259087388183848,0.553,0.435,1.41685060507358e-64,"5","PAIP2"
1.60157999585032e-69,0.549836504119476,0.132,0.078,1.44159817006483e-64,"5","NOP14"
1.7533019199575e-69,0.484234856715343,0.152,0.093,1.57816459117295e-64,"5","ZNHIT6"
1.78402495436825e-69,0.503495458775873,0.121,0.07,1.6058187016764e-64,"5","RINL"
1.86641216227217e-69,0.466427472894662,0.159,0.099,1.6799762513828e-64,"5","OARD1"
1.88820247252956e-69,0.489222086644547,0.121,0.07,1.69958992754859e-64,"5","PARVB"
2.0399592727141e-69,0.368257977178214,0.245,0.167,1.83618774096269e-64,"5","MAP2K3"
2.1837444616154e-69,0.612770700431444,0.102,0.056,1.96561022734464e-64,"5","CAMSAP1"
2.23104736179322e-69,0.307624428906276,0.278,0.193,2.0081880408237e-64,"5","SRP72"
2.24898378047647e-69,0.353773283415567,0.223,0.149,2.02433279064468e-64,"5","ROCK2"
2.51921105201377e-69,0.397937215815358,0.206,0.135,2.26756706002811e-64,"5","GOLT1B"
2.56134763141668e-69,0.374369656402613,0.222,0.148,2.30549461651447e-64,"5","FAM50A"
2.65876699920686e-69,0.361098558514594,0.227,0.152,2.39318276365608e-64,"5","MED28"
3.34602240938438e-69,0.507831108497397,0.145,0.088,3.01178823091097e-64,"5","DDX23"
3.36576662318998e-69,0.427432096002321,0.161,0.099,3.02956019519953e-64,"5","GNS"
3.73221857547786e-69,0.37481318073941,0.223,0.149,3.35940726197338e-64,"5","USF2"
4.98471158910245e-69,0.641630515981497,0.101,0.056,4.486788748467e-64,"5","GLT8D1"
5.09822280443798e-69,0.48954205935159,0.154,0.095,4.58896132850267e-64,"5","MTO1"
5.31934111715532e-69,0.37959609211803,0.177,0.112,4.78799213296267e-64,"5","SUGP2"
5.39781651693452e-69,0.517362409893231,0.131,0.077,4.85862862505793e-64,"5","TMED7"
6.0493617273431e-69,0.502201869202945,0.139,0.084,5.4450909843988e-64,"5","CASP2"
6.67419608572324e-69,0.435532910515514,0.146,0.088,6.00751063872034e-64,"5","DCLRE1C"
6.7778690490557e-69,0.253875344932537,0.655,0.539,6.10082770974553e-64,"5","CLK1"
6.83950252553788e-69,0.259113079522733,0.438,0.332,6.1563046182619e-64,"5","TTC3"
1.02170527675197e-68,0.341820298676338,0.24,0.162,9.19647136657213e-64,"5","GSDMD"
1.02366112813217e-68,0.288010145874849,0.362,0.266,9.21407618043047e-64,"5","PDS5B"
1.07399353026871e-68,0.527450183149675,0.13,0.077,9.66712316530169e-64,"5","SNAP29"
1.08204932920413e-68,0.516955054578459,0.151,0.093,9.73963421709928e-64,"5","CARS2"
1.09006864200744e-68,0.513631727530867,0.133,0.079,9.81181685357321e-64,"5","ZNF780B"
1.09105181633551e-68,0.399158206907784,0.215,0.143,9.82066650401753e-64,"5","BCL7C"
1.17109583495737e-68,0.430736618500641,0.176,0.112,1.05411507200347e-63,"5","ETFDH"
1.27313431867565e-68,0.326726356615911,0.226,0.151,1.14596093158314e-63,"5","EIF6"
1.28584338552609e-68,0.599613684891784,0.109,0.061,1.15740048974589e-63,"5","STK11"
1.34342879291757e-68,0.393993446132052,0.242,0.165,1.20923369079303e-63,"5","TGS1"
1.46933307395688e-68,0.421616259664796,0.187,0.121,1.32256139319933e-63,"5","DCTN2"
1.54001497539999e-68,0.293004613966027,0.261,0.179,1.38618287950728e-63,"5","ELP2"
1.62378073644856e-68,0.350194660036646,0.241,0.164,1.46158127868472e-63,"5","MED27"
1.84475122636908e-68,0.324098702320575,0.2,0.13,1.66047902636707e-63,"5","SMARCA4"
1.90855578836911e-68,0.288212970507119,0.416,0.312,1.71791015066892e-63,"5","PTPN2"
1.93239300934781e-68,0.253812342675885,0.311,0.221,1.73936627164406e-63,"5","KLF13"
1.95728944256722e-68,0.474524827593683,0.168,0.106,1.76177580014918e-63,"5","EIPR1"
2.0493119310771e-68,0.319344482699913,0.238,0.161,1.84460616228181e-63,"5","XRRA1"
2.16522693081938e-68,0.450529723471189,0.209,0.139,1.94894241269983e-63,"5","DNAJC2"
2.22085144959606e-68,0.329430425613637,0.244,0.166,1.99901059829591e-63,"5","RALGAPB"
2.44448057775947e-68,0.29934295298441,0.234,0.157,2.20030141284707e-63,"5","SSR1"
2.76193223948227e-68,0.553003098654157,0.113,0.064,2.48604282808039e-63,"5","BET1"
3.05149759921365e-68,0.288904837732036,0.247,0.168,2.7466835040282e-63,"5","BUD23"
3.30802738966812e-68,0.504201975888539,0.181,0.117,2.97758853371418e-63,"5","APAF1"
3.39025355616226e-68,0.39909628511447,0.177,0.112,3.05160112843721e-63,"5","LINC00963"
3.68832215251598e-68,0.327752631616476,0.375,0.28,3.31989565270116e-63,"5","SLC3A2"
3.85105521932876e-68,0.325585132643663,0.507,0.402,3.46637331347001e-63,"5","HSP90B1"
4.12430067495455e-68,0.600008495469928,0.107,0.06,3.71232428053334e-63,"5","ACOT13"
4.28813632591093e-68,0.290494533896233,0.315,0.226,3.85979438831569e-63,"5","CCDC107"
4.51985258074652e-68,0.28127563133858,0.238,0.161,4.06836450645575e-63,"5","LMNB1"
4.71327905911996e-68,0.463586780977852,0.167,0.106,4.24246961390447e-63,"5","TFAM"
5.03192584564643e-68,0.41796055918771,0.236,0.162,4.52928677292481e-63,"5","LINC02328"
5.39617635572038e-68,0.274897133743123,0.282,0.197,4.85715229954747e-63,"5","IRF9"
5.47679867742854e-68,0.309862668084381,0.244,0.166,4.92972125754021e-63,"5","ATAD2"
5.48149635932038e-68,0.389381693463864,0.201,0.132,4.93394968798786e-63,"5","ACTR6"
5.63326391622744e-68,0.456963760488088,0.159,0.099,5.07055718363548e-63,"5","ZNF592"
5.92552712418045e-68,0.345001979835389,0.25,0.172,5.33362621974606e-63,"5","SMG7"
6.06535394452988e-68,0.469167200261137,0.177,0.114,5.45948573901079e-63,"5","CENPM"
6.60058901973405e-68,0.354098975606804,0.244,0.167,5.94125618255281e-63,"5","TESPA1"
6.71756286284914e-68,0.257271870011421,0.267,0.184,6.04654550847914e-63,"5","SBNO1"
7.49068036631817e-68,0.277987117100788,0.242,0.164,6.74243630452664e-63,"5","YTHDF2"
7.75083139768044e-68,0.253056362321738,0.451,0.345,6.97660084936614e-63,"5","STIP1"
9.14349043413244e-68,0.270687210913727,0.282,0.197,8.23014717466695e-63,"5","NUTM2A-AS1"
9.49556651798842e-68,0.399638776508688,0.198,0.13,8.54705437850656e-63,"5","DHX29"
1.07730286740146e-67,0.395689965333732,0.173,0.109,9.69691083976724e-63,"5","MED6"
1.1352740788332e-67,0.289594177942386,0.314,0.225,1.02187155109855e-62,"5","ATG7"
1.25662962616969e-67,0.36351684048889,0.167,0.105,1.1311048928116e-62,"5","UBE2J2"
1.30064753317455e-67,0.471847533640927,0.202,0.134,1.17072585108575e-62,"5","NDUFV2-AS1"
1.34869441189401e-67,0.444063545612964,0.149,0.092,1.21397332708992e-62,"5","SLC39A9"
1.4526023388407e-67,0.486713518175925,0.121,0.07,1.3075018912139e-62,"5","CDK7"
1.50385951439752e-67,0.46545429715968,0.174,0.111,1.35363898750435e-62,"5","DTX3L"
1.6226837784925e-67,0.34577664838083,0.244,0.167,1.46059389585888e-62,"5","UPF3A"
2.00185032379369e-67,0.501400121389674,0.113,0.065,1.80188549494993e-62,"5","SP1"
2.13570053072929e-67,0.346906989476075,0.26,0.18,1.92236540471475e-62,"5","RNASEH2B"
2.13772924811556e-67,0.568086481525887,0.1,0.055,1.9241914735213e-62,"5","CHID1"
2.46703575086418e-67,0.271780232012284,0.396,0.296,2.22060354971036e-62,"5","PPP4R3A"
3.40898179653743e-67,0.506424474569286,0.135,0.081,3.06845860488131e-62,"5","ATP6V1C1"
3.72575531258285e-67,0.446022537705179,0.168,0.107,3.35358961440895e-62,"5","MPHOSPH10"
4.04712743205205e-67,0.664066277064872,0.103,0.058,3.64285987286437e-62,"5","CPSF3"
4.09811354846102e-67,0.403232910660311,0.216,0.145,3.68875298610525e-62,"5","PRMT1"
4.32381285412086e-67,0.442969552723644,0.173,0.11,3.89190718812273e-62,"5","DCK"
4.32896365197222e-67,0.283664216744365,0.268,0.185,3.89654347277671e-62,"5","WDR20"
4.89323102741581e-67,0.418642449036555,0.15,0.092,4.40444618008725e-62,"5","GANAB"
4.97251516862455e-67,0.627418014110036,0.101,0.056,4.47581062843064e-62,"5","HDGFL2"
5.00046096853608e-67,0.511744105004042,0.12,0.07,4.50096492238901e-62,"5","MCFD2"
5.4095893703356e-67,0.362703490107524,0.284,0.201,4.86922548813278e-62,"5","PCNX4"
6.13510834297843e-67,0.507198820629025,0.149,0.092,5.52227237059832e-62,"5","PUS7L"
7.59072544331196e-67,0.256099359464264,0.335,0.241,6.83248787877953e-62,"5","RFC1"
7.88659642779e-67,0.464799248460963,0.173,0.111,7.09880431061806e-62,"5","EDRF1"
8.40069219087205e-67,0.350184653718435,0.244,0.168,7.56154704792585e-62,"5","CCDC47"
9.65305422025431e-67,0.517376826854906,0.125,0.074,8.68881063419311e-62,"5","MTERF1"
1.00268884468028e-66,0.64167803456878,0.114,0.065,9.02530255985165e-62,"5","POT1"
1.13618829034143e-66,0.369248692199526,0.218,0.146,1.02269444201923e-61,"5","AKAP10"
1.18196137290442e-66,0.464965075930119,0.14,0.085,1.063895251365e-61,"5","CS"
1.19919890191391e-66,0.352660301029136,0.178,0.114,1.07941092360173e-61,"5","PNKP"
1.21983611210599e-66,0.573248749653279,0.133,0.08,1.09798668286772e-61,"5","MCM3AP"
1.28752868548847e-66,0.46302107000006,0.136,0.082,1.15891744509502e-61,"5","ZNF224"
1.28861337680388e-66,0.537266279869672,0.123,0.072,1.15989378659494e-61,"5","TAMM41"
1.57219107997315e-66,0.355244119971973,0.214,0.143,1.41514491299463e-61,"5","PTAR1"
1.57526501647593e-66,0.312911827721448,0.262,0.182,1.41791179398015e-61,"5","SNX1"
1.63684315786709e-66,0.344964087103199,0.252,0.174,1.47333889482775e-61,"5","TMEM135"
1.64531864048298e-66,0.419281362626485,0.157,0.098,1.48096776148514e-61,"5","TCHP"
1.75418774100793e-66,0.418679409654818,0.159,0.099,1.57896192755864e-61,"5","NIPSNAP2"
1.98188594116899e-66,0.400887571586792,0.205,0.137,1.78391535450562e-61,"5","DENND1C"
2.21297928190691e-66,0.501439064824061,0.129,0.076,1.99192478143723e-61,"5","PPP2R1B"
2.25616287154171e-66,0.407567169109065,0.21,0.141,2.03079476230341e-61,"5","PHF6"
2.31085647068991e-66,0.666837758314872,0.104,0.058,2.08002501783269e-61,"5","ATMIN"
3.05918013512276e-66,0.456808236336342,0.147,0.09,2.75359863142535e-61,"5","WBP4"
3.40905098420909e-66,0.436866368870487,0.155,0.096,3.06852088139644e-61,"5","TXNDC9"
3.63818998761336e-66,0.446938616742975,0.174,0.111,3.27477118975066e-61,"5","DUSP11"
3.76674341341729e-66,0.333565067545591,0.247,0.17,3.39048341385103e-61,"5","MRPL47"
4.29579796760548e-66,0.37528144421097,0.209,0.139,3.86669070862137e-61,"5","APC"
4.41942296377495e-66,0.373501804881266,0.203,0.134,3.97796680392347e-61,"5","BROX"
4.60290401889987e-66,0.470212549644752,0.155,0.097,4.14311993645196e-61,"5","MRPL16"
5.23356936480521e-66,0.427495589869192,0.145,0.089,4.71078812095482e-61,"5","GART"
5.42826115330068e-66,0.294830821475841,0.273,0.191,4.88603214669748e-61,"5","UBE2E1"
5.95276737837401e-66,0.452900938021614,0.158,0.099,5.35814544494823e-61,"5","VPS50"
6.24183176811436e-66,0.533162732428268,0.129,0.077,5.61833519279741e-61,"5","FBXO31"
6.39002630528652e-66,0.618453737239965,0.107,0.061,5.75172657765145e-61,"5","METTL3"
6.75754909042112e-66,0.264981358856957,0.804,0.688,6.08253751177896e-61,"5","HSPD1"
7.3992164991087e-66,0.494905680152188,0.121,0.071,6.66010876301274e-61,"5","PRKAR1B"
7.87996224070917e-66,0.328927418229666,0.236,0.161,7.09283281248473e-61,"5","IAH1"
9.35082486371127e-66,0.35223427760366,0.228,0.155,8.41677096807515e-61,"5","SDF2L1"
9.59251128994558e-66,0.273756757430018,0.336,0.245,8.63431533719291e-61,"5","SNX25"
1.02422402919563e-65,0.403618218477743,0.183,0.119,9.21914290919281e-61,"5","FBXW2"
1.13663995013409e-65,0.306110980456563,0.257,0.178,1.0231009855152e-60,"5","ATP6V1A"
1.20120680838136e-65,0.50909037376644,0.128,0.076,1.08121826029214e-60,"5","DHX57"
1.27660231678562e-65,0.384666165023008,0.157,0.098,1.1490825113619e-60,"5","NUDT22"
1.38507947601537e-65,0.273418012763259,0.239,0.162,1.24672388715619e-60,"5","APPBP2"
1.61202007769044e-65,0.458564813424859,0.151,0.094,1.45099539212994e-60,"5","ACAA2"
1.63832327472702e-65,0.491699366883108,0.124,0.073,1.47467116281454e-60,"5","TUBD1"
1.9158719459695e-65,0.571271875394909,0.129,0.078,1.72449549728661e-60,"5","GSR"
1.93671082449234e-65,0.286443489390636,0.237,0.161,1.7432527802338e-60,"5","BTRC"
2.14762312657218e-65,0.28428052941169,0.437,0.335,1.93309705245888e-60,"5","DENND1B"
2.31120249619313e-65,0.334809803708857,0.25,0.173,2.0803364788484e-60,"5","LRPPRC"
2.49912659297674e-65,0.476318273435113,0.153,0.096,2.24948883760429e-60,"5","HEXA"
2.58438329813816e-65,0.569079601930883,0.104,0.058,2.32622925048714e-60,"5","GTF3C2"
2.6546554005662e-65,0.266973153311184,0.352,0.259,2.38948187260364e-60,"5","PTBP2"
2.81953660063815e-65,0.42536564932743,0.181,0.118,2.5378930896004e-60,"5","IFNAR1"
3.8403218081403e-65,0.403741123331042,0.202,0.134,3.45671206272516e-60,"5","LTN1"
3.87675643594151e-65,0.29121856552903,0.274,0.192,3.48950723555531e-60,"5","STMP1"
4.14361712183604e-65,0.469532991288292,0.139,0.085,3.72971120753584e-60,"5","ZNRD2"
4.31890499964691e-65,0.320607098908923,0.208,0.138,3.88748957923218e-60,"5","PNKD"
4.88191701107025e-65,0.251033644088768,0.3,0.213,4.39426232083444e-60,"5","VPS26A"
5.45747632064881e-65,0.31279758371959,0.331,0.241,4.9123290109792e-60,"5","MTHFD2"
5.6262155158937e-65,0.283837574426449,0.272,0.189,5.06421284801108e-60,"5","UBE4A"
6.19348992446742e-65,0.439230104810951,0.146,0.09,5.57482221591237e-60,"5","PML"
6.83308008691172e-65,0.442221637337746,0.156,0.098,6.15052371703011e-60,"5","EMC2"
6.91370497753598e-65,0.324781057805666,0.232,0.158,6.22309498732991e-60,"5","CDC123"
7.85854223316145e-65,0.253776245140868,0.251,0.172,7.07355244949096e-60,"5","CARHSP1"
7.89277559608703e-65,0.25646153831882,0.298,0.211,7.1043662417939e-60,"5","VEZT"
8.5081193079555e-65,0.53888578240972,0.101,0.056,7.65824327028382e-60,"5","LRRC23"
9.35367534945932e-65,0.297704311853415,0.262,0.182,8.41933671880183e-60,"5","TMED4"
1.19698661611445e-64,0.307126506070551,0.307,0.221,1.07741962303078e-59,"5","TIAL1"
1.33831713171679e-64,0.46471144798756,0.126,0.075,1.2046326334296e-59,"5","SRPRB"
1.44440290141854e-64,0.259642776564578,0.344,0.25,1.30012149559585e-59,"5","RNF10"
1.46441144259761e-64,0.464657083127423,0.146,0.09,1.31813138359654e-59,"5","MRPS9"
1.85518608707236e-64,0.358496748318288,0.252,0.176,1.66987154883471e-59,"5","GBP1"
2.00188873172719e-64,0.473132826470882,0.167,0.107,1.80192006631496e-59,"5","GLOD4"
2.03805531738194e-64,0.279460461564702,0.193,0.126,1.83447397172866e-59,"5","CXCR3"
2.06969231103335e-64,0.346097686168533,0.155,0.097,1.86295074608423e-59,"5","LIMD1"
2.08349402320935e-64,0.600302846168042,0.118,0.07,1.87537380523097e-59,"5","SCYL3"
2.08836498479899e-64,0.475323278811856,0.139,0.085,1.87975820646742e-59,"5","DHX38"
2.26494699809812e-64,0.272399212964094,0.37,0.275,2.0387014424581e-59,"5","ZFC3H1"
2.34808003185044e-64,0.278211961180494,0.269,0.188,2.1135303174689e-59,"5","TMEM248"
2.65073973662157e-64,0.418610893634323,0.188,0.123,2.38595734433044e-59,"5","BCL6"
2.66196733977948e-64,0.54115564870928,0.114,0.066,2.39606342220891e-59,"5","ZNF195"
2.83624159486374e-64,0.408711722273202,0.197,0.131,2.5529294219528e-59,"5","NIFK"
2.90571672354151e-64,0.379106531903012,0.225,0.153,2.61546468002695e-59,"5","WASHC4"
3.6600859541544e-64,0.322429678580279,0.186,0.121,3.29447996819392e-59,"5","UBASH3A"
3.76006029654037e-64,0.510761533804878,0.116,0.067,3.38446787351895e-59,"5","PYCR2"
4.86747848078976e-64,0.429986582353304,0.15,0.093,4.38126605534367e-59,"5","STK3"
5.04365440201925e-64,0.37533939305227,0.198,0.131,4.53984376380155e-59,"5","TPT1-AS1"
5.40664204640026e-64,0.519838603039932,0.261,0.187,4.86657257238533e-59,"5","FAM13A"
6.12859295946066e-64,0.384020834536003,0.134,0.08,5.51640780874014e-59,"5","NSFL1C"
6.31227392371291e-64,0.44475991863487,0.158,0.1,5.68174088147323e-59,"5","ARFGAP2"
6.99930479428418e-64,0.266532813318795,0.434,0.331,6.30014423838314e-59,"5","PPP2R2A"
7.42387821364483e-64,0.526509022821958,0.118,0.069,6.68230701888385e-59,"5","AMN1"
1.02238143551758e-63,0.262277428387827,0.274,0.192,9.20255753923726e-59,"5","SPTBN1"
1.10942991368295e-63,0.456508830460615,0.162,0.103,9.98608959605159e-59,"5","EEFSEC"
1.16961868312783e-63,0.629934921961634,0.109,0.063,1.05278547287019e-58,"5","NPDC1"
1.24789999095199e-63,0.275285390453575,0.33,0.241,1.1232472608558e-58,"5","P4HA1"
1.3654504500409e-63,0.274394949163218,0.291,0.207,1.22905560458631e-58,"5","MEAF6"
1.59927219936053e-63,0.254003435030057,0.227,0.154,1.4395208993664e-58,"5","ECE1"
1.81963721845475e-63,0.619405550522838,0.1,0.056,1.6378736567033e-58,"5","PRKCZ"
2.24317197427178e-63,0.262201863793695,0.32,0.231,2.01910152576177e-58,"5","CEP57"
2.37014063358401e-63,0.373929680552239,0.166,0.105,2.13338728569531e-58,"5","IPO9"
2.44856207488218e-63,0.411205972086273,0.194,0.129,2.2039752092222e-58,"5","CWC22"
3.05182152295566e-63,0.565125288009237,0.107,0.061,2.74697507102762e-58,"5","MAN1B1"
3.31618380074218e-63,0.414096492057115,0.176,0.115,2.98493020088604e-58,"5","B3GAT3"
3.4193753945064e-63,0.303644759598857,0.339,0.249,3.07781398634915e-58,"5","GHITM"
3.72275480566205e-63,0.307737537716171,0.27,0.189,3.35088882812447e-58,"5","WBP11"
3.74067471310632e-63,0.552223292853887,0.117,0.069,3.36701871601413e-58,"5","FBXW8"
3.78862179794919e-63,0.363036237018028,0.181,0.118,3.41017636655205e-58,"5","VBP1"
4.54539899036146e-63,0.477400975754896,0.144,0.089,4.09135908521425e-58,"5","LTA4H"
5.43290953740814e-63,0.29145122748999,0.258,0.18,4.89021620371645e-58,"5","PSMD12"
5.58072521030266e-63,0.412718961509985,0.151,0.094,5.02326656904552e-58,"5","RAD54L2"
5.99177632639549e-63,0.550433141337757,0.122,0.072,5.39325778915185e-58,"5","NFYB"
7.7758220953882e-63,0.276323530529549,0.257,0.179,6.99909522627987e-58,"5","HTT"
8.08094310347283e-63,0.370475138923647,0.205,0.138,7.27373769686693e-58,"5","SRBD1"
9.24049796393823e-63,0.331523206624308,0.209,0.14,8.31746462232044e-58,"5","NUDCD3"
1.0043632318902e-62,0.299263599621615,0.256,0.178,9.04037388656687e-58,"5","COPS2"
1.06138458560426e-62,0.509011230181408,0.111,0.064,9.55362879348249e-58,"5","NUBP1"
1.10629841878015e-62,0.469474352676317,0.142,0.088,9.95790269728197e-58,"5","FAM200B"
1.14535412051617e-62,0.3754327131147,0.196,0.131,1.03094469741781e-57,"5","MED23"
1.20153394073373e-62,0.516412587249285,0.137,0.084,1.08151271539383e-57,"5","SLC25A53"
1.29283334306295e-62,0.336634621682206,0.247,0.172,1.16369222042439e-57,"5","EXOC6B"
1.40374006973613e-62,0.274814460042404,0.243,0.167,1.26352047417019e-57,"5","BAZ2A"
1.46448022790834e-62,0.296408086511771,0.183,0.118,1.31819329794258e-57,"5","SYMPK"
1.67678473853452e-62,0.557377891525725,0.104,0.059,1.50929071100231e-57,"5","DRG2"
1.93136498998842e-62,0.47069226291786,0.139,0.086,1.73844094113848e-57,"5","ENOX2"
2.29226758530896e-62,0.454327419743331,0.121,0.072,2.06329297621244e-57,"5","MMS19"
3.55880067050998e-62,0.567961102565713,0.104,0.059,3.20331207153274e-57,"5","SLC25A28"
3.57548030668752e-62,0.331555524519752,0.214,0.144,3.2183255788525e-57,"5","BTBD10"
4.91710163981643e-62,0.351620583368655,0.201,0.134,4.42593235701517e-57,"5","TOM1"
5.0104213960063e-62,0.348507328774789,0.171,0.11,4.50993040275923e-57,"5","RPRD1A"
5.06795365076702e-62,0.452356597153485,0.145,0.09,4.5617157605919e-57,"5","GNPAT"
5.24380340494613e-62,0.442060328709011,0.157,0.099,4.71999988282606e-57,"5","NUP107"
5.73432689289685e-62,0.388480492560643,0.193,0.128,5.16152497956538e-57,"5","SIRT7"
5.81484015275185e-62,0.453372711484621,0.134,0.082,5.23399576989347e-57,"5","ACYP1"
6.30232669747594e-62,0.534944164792437,0.124,0.074,5.67278728366507e-57,"5","INTS13"
6.35547213690566e-62,0.437686735510063,0.158,0.101,5.72062402515015e-57,"5","NEDD1"
6.37953789015704e-62,0.541963930732434,0.131,0.08,5.74228585030926e-57,"5","GATAD1"
7.53846103907686e-62,0.268205885648325,0.332,0.243,6.78544416588347e-57,"5","EVI2A"
7.65418387650792e-62,0.503410483846844,0.133,0.082,6.88960744908355e-57,"5","DNAJC10"
7.80042901798584e-62,0.408051148106848,0.133,0.081,7.02124416337923e-57,"5","ATP6AP1"
9.235897415844e-62,0.451557255845727,0.159,0.102,8.31332362297534e-57,"5","LYRM2"
1.49968637016014e-61,0.529004249654607,0.124,0.075,1.34988269864484e-56,"5","VEZF1"
1.50051321868244e-61,0.460626613218632,0.148,0.093,1.35062695326825e-56,"5","MAPKAPK5-AS1"
1.61049760615876e-61,0.385133547365915,0.2,0.134,1.44962500027956e-56,"5","PMPCB"
1.77618113536407e-61,0.335376539726009,0.17,0.109,1.59875840175255e-56,"5","CNOT6"
2.14515860443956e-61,0.492383310114842,0.11,0.064,1.93087871144209e-56,"5","ELP6"
3.41580555331743e-61,0.469250777653343,0.13,0.079,3.07460073659656e-56,"5","NUP205"
4.27791126791548e-61,0.370771808882952,0.179,0.117,3.8505907113634e-56,"5","SUDS3"
4.45963071828489e-61,0.253351739740526,0.356,0.264,4.01415820583541e-56,"5","FKBP8"
4.66319149107517e-61,0.366967071417748,0.159,0.101,4.19738529303167e-56,"5","SART3"
4.98491462807521e-61,0.36574567635529,0.175,0.113,4.48697150587678e-56,"5","VHL"
6.98878517149407e-61,0.423443007437611,0.131,0.08,6.29067542071352e-56,"5","TRAPPC13"
8.22509963074798e-61,0.444412351279661,0.159,0.102,7.40349442863257e-56,"5","SOCS4"
8.61396736682727e-61,0.255145301629562,0.322,0.234,7.75351816655489e-56,"5","ACIN1"
1.13657619406486e-60,0.266730010416578,0.316,0.231,1.02304359803972e-55,"5","OXCT1"
1.16750252754123e-60,0.54620620489773,0.104,0.06,1.05088070006514e-55,"5","UBQLN2"
1.70731128196696e-60,0.48108325592635,0.116,0.069,1.53676795801128e-55,"5","FCHO1"
1.90334815716446e-60,0.34644093148203,0.173,0.112,1.7132227097453e-55,"5","SUCLA2"
2.43549943709052e-60,0.479322823510631,0.17,0.111,2.19221739831954e-55,"5","NAAA"
3.28703516522554e-60,0.258035417393188,0.328,0.242,2.95869322257116e-55,"5","ANKRD36"
3.49544708447688e-60,0.409815077828076,0.122,0.073,3.14628687520849e-55,"5","AKT2"
3.49979748270352e-60,0.508955681517594,0.118,0.07,3.15020271215627e-55,"5","EIF2B1"
3.57671190802728e-60,0.431262992031509,0.176,0.116,3.21943415553444e-55,"5","SERGEF"
4.22449196663101e-60,0.288401237278531,0.216,0.147,3.80250746408424e-55,"5","SMARCAD1"
4.65778947657184e-60,0.436158855635526,0.119,0.071,4.19252288575708e-55,"5","CORO1C"
5.23493577694866e-60,0.390072552300769,0.151,0.095,4.71201804218926e-55,"5","SLC25A24"
5.82749235391406e-60,0.320367304084013,0.193,0.128,5.24538414268159e-55,"5","MBTD1"
6.28338549257604e-60,0.266659465984253,0.4,0.305,5.65573811572262e-55,"5","KRT10"
6.64516337460383e-60,0.39070179614163,0.151,0.096,5.98137800511465e-55,"5","MFN1"
7.15717165297839e-60,0.542391258867608,0.1,0.057,6.44224177656238e-55,"5","YTHDF1"
7.42007661450264e-60,0.560734405182283,0.152,0.098,6.67888516147997e-55,"5","CCNB1IP1"
7.5542334878778e-60,0.444269787784926,0.124,0.075,6.79964110477368e-55,"5","USE1"
7.6087846358432e-60,0.499453385829755,0.123,0.074,6.84874313856882e-55,"5","TRMT10B"
8.13175324128197e-60,0.343980869944305,0.196,0.131,7.31947241001032e-55,"5","SFT2D2"
8.37570088402412e-60,0.264008895673151,0.306,0.223,7.53905212271895e-55,"5","CUL5"
9.9817348498918e-60,0.44870512886044,0.17,0.111,8.98465935573611e-55,"5","AASDHPPT"
9.99870234269689e-60,0.486164671880386,0.115,0.069,8.99993196568489e-55,"5","SNX19"
1.13305968608601e-59,0.520030608793299,0.117,0.07,1.01987835404288e-54,"5","ZBTB40"
1.22882655779678e-59,0.421537632202449,0.162,0.105,1.10607907293846e-54,"5","BOLA3"
1.39483051536307e-59,0.352319363726984,0.199,0.134,1.25550089518345e-54,"5","RBM22"
1.42545363134601e-59,0.391661950100878,0.127,0.077,1.28306506811085e-54,"5","EEF2K"
1.67623973305495e-59,0.408143040189001,0.129,0.079,1.50880014612009e-54,"5","SNAPC3"
2.19377958321102e-59,0.343447206736097,0.184,0.121,1.97464294064407e-54,"5","KLHDC2"
2.62409714854081e-59,0.56230645953388,0.114,0.067,2.36197608437307e-54,"5","ZNF875"
3.99946573740216e-59,0.592377394248449,0.1,0.058,3.59995910489306e-54,"5","MAN2B2"
4.41501745847351e-59,0.603057816245334,0.103,0.06,3.97400136454659e-54,"5","CUL4B"
5.17749022512137e-59,0.528610893074523,0.129,0.08,4.660310726534e-54,"5","MMS22L"
6.76279192558422e-59,0.405511839792073,0.121,0.073,6.08725664013761e-54,"5","RFXANK"
9.78637147712994e-59,0.487281164022759,0.107,0.062,8.80881083027943e-54,"5","BRCC3"
9.94309497201757e-59,0.316679848162776,0.317,0.234,8.94987921526273e-54,"5","ACYP2"
9.98467513190321e-59,0.27376595056879,0.27,0.191,8.9873059329774e-54,"5","MICOS13"
1.10991854043223e-58,0.482278235233864,0.122,0.074,9.99048777428458e-54,"5","SPSB1"
1.54534223006299e-58,0.351602314304082,0.176,0.116,1.39097799470199e-53,"5","DIS3"
1.70757196403548e-58,0.311279398988526,0.26,0.185,1.53700260054798e-53,"5","RNF13"
1.95249347493297e-58,0.55964605519044,0.104,0.06,1.75745890172191e-53,"5","PSMG4"
1.97060888989178e-58,0.335576847823172,0.273,0.196,1.77376476788049e-53,"5","HMGCS1"
2.25907489363393e-58,0.252083756229228,0.342,0.254,2.03341590250884e-53,"5","TMF1"
2.26018696255274e-58,0.366174329004319,0.156,0.1,2.03441688686335e-53,"5","CEP83"
2.54268793358021e-58,0.357259481169396,0.181,0.12,2.28869883589488e-53,"5","TEX264"
2.87576401616824e-58,0.344089840314299,0.148,0.093,2.58850394859319e-53,"5","ARHGEF2"
2.94830581097641e-58,0.618728832426711,0.108,0.064,2.65379954351798e-53,"5","RNF214"
2.98469320666979e-58,0.431523913377684,0.198,0.135,2.68655220225555e-53,"5","ZC3H6"
3.01244519608334e-58,0.390888790430813,0.18,0.12,2.71153204544658e-53,"5","CHCHD5"
3.28622501466471e-58,0.504647428268078,0.112,0.066,2.95796399794985e-53,"5","C2orf69"
3.54305060884838e-58,0.255357615407339,0.231,0.16,3.18913528353051e-53,"5","LRIG1"
3.63704961382097e-58,0.283837882573427,0.219,0.151,3.27374472789639e-53,"5","CHMP4B"
3.80590301701336e-58,0.352191826993378,0.181,0.12,3.42573136464389e-53,"5","ECHDC2"
4.26625336376657e-58,0.330225569849681,0.147,0.093,3.84009731525993e-53,"5","CCDC124"
4.31578018522288e-58,0.434779826540674,0.133,0.082,3.88467690252096e-53,"5","PLD3"
4.34714856415921e-58,0.59869016986158,0.114,0.068,3.91291189408535e-53,"5","MED7"
4.93619898060703e-58,0.329251312613461,0.159,0.102,4.44312206443419e-53,"5","UBA1"
5.03347461886751e-58,0.301208533214974,0.238,0.166,4.53068083918884e-53,"5","EDEM3"
5.08689611819492e-58,0.393748714119052,0.154,0.099,4.57876606494843e-53,"5","CCDC18"
5.1753493295538e-58,0.499302032437444,0.127,0.078,4.65838368502467e-53,"5","EBAG9"
5.71543000099138e-58,0.597249082660042,0.103,0.06,5.14451569819235e-53,"5","PEX1"
6.91225127674629e-58,0.574622421661837,0.105,0.061,6.2217864967121e-53,"5","MOSPD2"
6.96662246964344e-58,0.259758017031111,0.338,0.253,6.27072655115076e-53,"5","EIF5A"
7.40993168541084e-58,0.516303215177953,0.125,0.077,6.66975360935515e-53,"5","ARMC10"
7.86298104485966e-58,0.380041058149757,0.201,0.138,7.07754786828863e-53,"5","NT5DC1"
9.29428452922551e-58,0.296233111544609,0.213,0.146,8.36587844760117e-53,"5","WDR48"
1.10491171593347e-57,0.380786341370272,0.157,0.101,9.94542084628874e-53,"5","ASAH1"
1.16627481863621e-57,0.457754337817286,0.135,0.084,1.04977562700264e-52,"5","HELQ"
1.23043470391998e-57,0.475922228722097,0.129,0.079,1.10752658134542e-52,"5","NTAN1"
1.26065175642948e-57,0.525693474057022,0.115,0.069,1.13472525247974e-52,"5","FBRSL1"
2.20285938196401e-57,0.29504636922204,0.205,0.14,1.98281575829963e-52,"5","ZMYM4"
2.47015454845071e-57,0.388617698382715,0.167,0.11,2.22341081060597e-52,"5","EBLN3P"
2.49449636551088e-57,0.461247283198623,0.132,0.082,2.24532112356e-52,"5","NPIPB5"
2.67538498808963e-57,0.319305517919558,0.228,0.159,2.40814078162935e-52,"5","MCM9"
2.68705026985739e-57,0.347322195834794,0.215,0.149,2.41864081840133e-52,"5","KLHL6"
2.75881244827481e-57,0.517614772482079,0.112,0.067,2.48323467281664e-52,"5","DNAJC24"
3.42421514913638e-57,0.268210999989761,0.242,0.17,3.08217029788914e-52,"5","CLSTN1"
3.46910543239293e-57,0.377061027518839,0.166,0.109,3.1225764907512e-52,"5","TRIM4"
3.77316904564512e-57,0.417650622636645,0.128,0.079,3.39626718967563e-52,"5","SEC23IP"
3.93941896365034e-57,0.442927283418233,0.114,0.068,3.54591040337131e-52,"5","LINC02416"
4.21787063175603e-57,0.28204526964982,0.228,0.158,3.79654753434992e-52,"5","DIDO1"
4.57253799166751e-57,0.470079778890157,0.124,0.076,4.11578717167984e-52,"5","FLII"
4.95869943711533e-57,0.340774770965075,0.14,0.088,4.46337495034188e-52,"5","GMIP"
5.20282150575472e-57,0.312995142844206,0.196,0.132,4.68311166554488e-52,"5","VIRMA"
5.44145022724848e-57,0.325957880364075,0.214,0.147,4.89790376404863e-52,"5","EYA3"
5.55669780661002e-57,0.420281142098776,0.141,0.089,5.00163926270774e-52,"5","MFSD8"
5.87464480055787e-57,0.43406919068502,0.136,0.085,5.28782653143015e-52,"5","NSUN2"
6.73475800188521e-57,0.578928703201342,0.115,0.069,6.0620230250769e-52,"5","SLC25A40"
6.79552749385757e-57,0.318473187419484,0.242,0.171,6.11672225249613e-52,"5","SLC30A9"
7.60494990252424e-57,0.372488195414147,0.148,0.094,6.8452914567611e-52,"5","SMIM12"
8.51825864827475e-57,0.288317911393235,0.182,0.12,7.66736979189858e-52,"5","TIMM17A"
1.04196568759992e-56,0.354680063991754,0.153,0.098,9.37883735065567e-52,"5","IDH3B"
1.06742136009975e-56,0.484335136863641,0.117,0.071,9.60796640439389e-52,"5","TFPT"
1.25775251410837e-56,0.503062009717043,0.124,0.076,1.13211561547408e-51,"5","NIT2"
1.36940442551281e-56,0.409398975951137,0.136,0.085,1.23261461744833e-51,"5","BAD"
1.3743892956099e-56,0.52351514332255,0.108,0.064,1.23710154887143e-51,"5","LINC00667"
1.38535827308947e-56,0.318744746788657,0.235,0.165,1.24697483519057e-51,"5","SNX29"
1.45312191721302e-56,0.365983689148966,0.195,0.132,1.30796956890261e-51,"5","SBNO2"
1.63660093784794e-56,0.478421724021833,0.103,0.06,1.47312087016631e-51,"5","RAD51-AS1"
1.6751221071224e-56,0.303228915965897,0.232,0.163,1.50779415984194e-51,"5","YLPM1"
1.68957439652506e-56,0.263780323143994,0.512,0.415,1.52080281005617e-51,"5","EMP3"
1.79083582856044e-56,0.265238394560826,0.28,0.202,1.61194923764554e-51,"5","STUB1"
1.91934947487405e-56,0.277644035128136,0.255,0.181,1.72762565582888e-51,"5","ILF2"
2.08578923302069e-56,0.335538922179994,0.208,0.143,1.87743974653426e-51,"5","SPTLC1"
2.12585832122386e-56,0.46793440741676,0.107,0.063,1.91350633351681e-51,"5","TP53TG1"
3.03495237721574e-56,0.472340174701382,0.118,0.072,2.73179098425566e-51,"5","JAGN1"
3.1733659348585e-56,0.45746514669358,0.116,0.07,2.85637841162548e-51,"5","PDPK1"
3.90661441479322e-56,0.290069773137595,0.216,0.149,3.51638270089952e-51,"5","OTUD4"
4.10536226951992e-56,0.357018466930405,0.18,0.12,3.69527763241757e-51,"5","C3orf38"
6.0623205056164e-56,0.257755399409808,0.226,0.157,5.45675531031038e-51,"5","MAP3K14"
6.11056482872359e-56,0.416991726213887,0.126,0.078,5.50018050798239e-51,"5","UNC50"
7.08741557788932e-56,0.454041131418625,0.116,0.07,6.37945363581396e-51,"5","MSH2"
8.50757725043892e-56,0.39302632270667,0.137,0.086,7.65775535889257e-51,"5","PPIL2"
8.53017519305941e-56,0.463951377389738,0.114,0.068,7.6780959930247e-51,"5","GPATCH11"
9.42986749384477e-56,0.264307519972113,0.822,0.736,8.48791802988462e-51,"5","SAMSN1"
1.02885790457693e-55,0.370014068542455,0.159,0.103,9.26085288488745e-51,"5","C1orf122"
1.03060230661831e-55,0.414150032567627,0.13,0.081,9.27655442210208e-51,"5","RBM7"
1.20297853432416e-55,0.526559694011491,0.119,0.073,1.08281300853052e-50,"5","ANKMY1"
1.34526193347635e-55,0.454201182571123,0.16,0.105,1.21088371894139e-50,"5","VAPB"
1.47849081430699e-55,0.422029975177166,0.212,0.148,1.33080436686586e-50,"5","SCFD2"
1.57604632676319e-55,0.48510289797976,0.101,0.059,1.41861505918282e-50,"5","ELMOD3"
1.79731305593532e-55,0.354230372394656,0.186,0.125,1.61777945477794e-50,"5","MCTS1"
2.02105721875628e-55,0.372870184076419,0.146,0.093,1.81917381317472e-50,"5","AIDA"
2.21324532582877e-55,0.298410203640597,0.229,0.16,1.99216425023173e-50,"5","IMP3"
2.2663215640812e-55,0.326823777648457,0.197,0.135,2.03993870304513e-50,"5","SIL1"
2.30099898229719e-55,0.382522032450513,0.176,0.117,2.07115219395552e-50,"5","TOPBP1"
2.7681265328492e-55,0.372604228661305,0.128,0.079,2.49161837348289e-50,"5","SNX27"
3.34310484362294e-55,0.275835589352812,0.199,0.135,3.00916210079345e-50,"5","ELAVL1"
3.45540676415366e-55,0.323096440668983,0.174,0.115,3.11024618248235e-50,"5","EIF4G1"
6.51216826610794e-55,0.393766451361881,0.12,0.073,5.86166777800642e-50,"5","RBM12"
7.3333845502341e-55,0.437935488361667,0.135,0.085,6.60085276751122e-50,"5","SURF2"
8.23366579199468e-55,0.31501024383835,0.188,0.127,7.41120491603233e-50,"5","ZNF146"
9.10854088648843e-55,0.366895834825347,0.169,0.112,8.1986887373371e-50,"5","RCHY1"
9.62691498811618e-55,0.351073673425721,0.197,0.134,8.66528244995326e-50,"5","ELK4"
9.65563776184055e-55,0.457059564240474,0.119,0.073,8.6911361058103e-50,"5","TMEM167B"
9.95695895432724e-55,0.404910419353901,0.15,0.097,8.96235832437949e-50,"5","SLC35F5"
1.05042994578896e-54,0.488460435896797,0.125,0.078,9.45502498504103e-50,"5","JKAMP"
2.04382867158483e-54,0.429095947324839,0.113,0.068,1.83967062558022e-49,"5","MRPL23"
2.07936607933707e-54,0.457043073549428,0.118,0.072,1.87165820167209e-49,"5","ERRFI1"
2.18357549805368e-54,0.466159966185922,0.114,0.069,1.9654581415531e-49,"5","PSMG3"
2.43052664172123e-54,0.350382048135959,0.139,0.088,2.1877413354797e-49,"5","FURIN"
2.48316069713868e-54,0.413652069681408,0.117,0.071,2.2351177751015e-49,"5","SSRP1"
2.60474305322773e-54,0.334877551217437,0.106,0.063,2.34455526964081e-49,"5","RAPH1"
2.92561491987384e-54,0.25840205340909,0.228,0.159,2.63337524552764e-49,"5","PRPF6"
3.66491014512542e-54,0.54703292953443,0.112,0.068,3.29882227072884e-49,"5","ADARB2"
4.11512044793781e-54,0.295712167512061,0.237,0.167,3.70406106639331e-49,"5","PSMF1"
6.02111838596623e-54,0.31765407048388,0.181,0.122,5.41966887039206e-49,"5","IFI35"
7.2185999941903e-54,0.442498461530187,0.138,0.088,6.49753404077063e-49,"5","PNPT1"
7.94248896720309e-54,0.449071864312308,0.104,0.061,7.14911374426917e-49,"5","RAD17"
8.29779029082423e-54,0.329270281608871,0.176,0.117,7.4689240186738e-49,"5","DHX8"
1.03028699983603e-53,0.356404281502401,0.154,0.1,9.27371631422405e-49,"5","PKP4"
1.07625336059441e-53,0.458159217534443,0.111,0.067,9.68746412404638e-49,"5","PIGX"
1.13901456592191e-53,0.452098187485755,0.129,0.081,1.02523840093197e-48,"5","INTS12"
1.44421347803352e-53,0.430604423526857,0.145,0.094,1.29995099371275e-48,"5","BRMS1"
1.51649342994782e-53,0.336458647044256,0.132,0.083,1.36501090123033e-48,"5","KRT8"
1.52733761135077e-53,0.362004126034735,0.143,0.092,1.37477185735294e-48,"5","EZH1"
1.68775252396454e-53,0.398207731451049,0.146,0.095,1.51916292434572e-48,"5","GDE1"
1.9207153593902e-53,0.439755917926176,0.14,0.089,1.72885510214071e-48,"5","SLC4A1AP"
1.98735380904685e-53,0.272390133033651,0.166,0.109,1.78883703706116e-48,"5","ORMDL2"
2.2136210262678e-53,0.251772357849635,0.26,0.187,1.99250242195391e-48,"5","FBXW4"
2.32443596457645e-53,0.370375899617283,0.206,0.144,2.09224805607491e-48,"5","PPP1R35"
2.36711293321436e-53,0.378053259935473,0.124,0.077,2.13066202231558e-48,"5","RAB5B"
2.41374166773116e-53,0.284902043895278,0.189,0.128,2.17263301254149e-48,"5","CENPX"
2.554395754357e-53,0.487341299885707,0.102,0.061,2.29923716245428e-48,"5","FLVCR1"
2.66141509153765e-53,0.483982649740769,0.104,0.062,2.39556633804395e-48,"5","COMMD5"
2.76444651267092e-53,0.327387056581028,0.193,0.132,2.48830595052022e-48,"5","CTNNBL1"
2.76654141916354e-53,0.310097156874471,0.196,0.134,2.49019159680329e-48,"5","TAF11"
3.10638850952392e-53,0.347255820547998,0.152,0.099,2.79609136130758e-48,"5","TPGS1"
3.26509037316333e-53,0.496364517795667,0.112,0.068,2.93894049578805e-48,"5","LIN7C"
3.69424755631516e-53,0.552669882447241,0.108,0.065,3.32522916791484e-48,"5","PRRG4"
3.73813742129582e-53,0.306173991717533,0.179,0.12,3.36473487428258e-48,"5","PSMB8-AS1"
4.52565062085333e-53,0.256327119298945,0.293,0.216,4.07358338033629e-48,"5","TUBB"
4.53632640846322e-53,0.263742381169663,0.308,0.228,4.08319276352183e-48,"5","FOSL2"
4.87684184925213e-53,0.385901120147008,0.135,0.086,4.38969411693033e-48,"5","CNOT11"
5.14289314201283e-53,0.393420432815125,0.132,0.083,4.62916954605716e-48,"5","PIGF"
5.92654200453043e-53,0.399933501570749,0.134,0.085,5.33453972369788e-48,"5","GDI1"
6.15519887709372e-53,0.353097152979142,0.137,0.088,5.54035606126083e-48,"5","BLCAP"
6.3707317639291e-53,0.312744419397445,0.174,0.116,5.73435936803022e-48,"5","PWP1"
6.39653285736082e-53,0.47123869898428,0.113,0.069,5.75758319023905e-48,"5","EIF2AK4"
7.16873536473712e-53,0.267765254373751,0.204,0.14,6.45265038915353e-48,"5","TMX1"
9.60078775901313e-53,0.454085737296262,0.117,0.072,8.64176506976531e-48,"5","TRMT13"
1.10387139415662e-52,0.438076724047662,0.122,0.076,9.93605680594315e-48,"5","RNF6"
1.17455044699375e-52,0.377369784935666,0.112,0.068,1.05722460284355e-47,"5","URGCP"
1.34359673695602e-52,0.520496473903659,0.109,0.066,1.20938485890148e-47,"5","PTGES2"
1.71264763264889e-52,0.265228783344531,0.206,0.142,1.54157126062359e-47,"5","API5"
1.80813497207562e-52,0.363271549518998,0.141,0.09,1.62752036971499e-47,"5","HMG20A"
1.82764096972691e-52,0.347727497673175,0.161,0.106,1.64507791326089e-47,"5","LCMT1"
1.85534780228952e-52,0.412054247690171,0.132,0.084,1.67001711031882e-47,"5","PEX16"
2.30394960803239e-52,0.27188417569922,0.201,0.138,2.07380808168604e-47,"5","TARDBP"
2.54553144165461e-52,0.377209933525174,0.178,0.12,2.29125830594773e-47,"5","MFSD4B"
2.65138387057343e-52,0.257821957054198,0.328,0.246,2.38653713574185e-47,"5","CHD6"
2.95379848172289e-52,0.557242372633987,0.1,0.059,2.65874355138359e-47,"5","FIG4"
3.28559880757189e-52,0.259495585361667,0.234,0.166,2.95740034268353e-47,"5","CHFR"
3.53431721067511e-52,0.490161209241255,0.145,0.095,3.18127426450077e-47,"5","BMS1"
3.7108061080023e-52,0.300377827903807,0.225,0.159,3.34013368587395e-47,"5","ITGB1BP1"
3.88695807206868e-52,0.322236592178092,0.122,0.076,3.49868983024974e-47,"5","DEAF1"
4.03429420171984e-52,0.508223874656685,0.112,0.069,3.63130855391005e-47,"5","C15orf61"
4.22613066381471e-52,0.262932316840181,0.209,0.145,3.80398247180625e-47,"5","PHF8"
4.50160073791373e-52,0.284693806006033,0.218,0.152,4.05193584020353e-47,"5","LAP3"
4.58364324728593e-52,0.489542324913625,0.101,0.06,4.12578312331454e-47,"5","DMAP1"
5.08043745448796e-52,0.289726155011722,0.181,0.122,4.57295255715916e-47,"5","ACADVL"
6.46237109750294e-52,0.297265847429532,0.182,0.123,5.81684484857337e-47,"5","ZDHHC17"
6.63299610289594e-52,0.455067711099689,0.134,0.086,5.97042612217766e-47,"5","ANAPC4"
6.67437196456297e-52,0.329097988738397,0.262,0.191,6.00766894902277e-47,"5","KLHL28"
7.31363883085138e-52,0.260633391186738,0.206,0.142,6.58307944803764e-47,"5","VPS51"
7.67195184382706e-52,0.420030777649205,0.129,0.082,6.90560057414717e-47,"5","VPS4A"
8.09493331446962e-52,0.519148911398231,0.104,0.063,7.28633042568725e-47,"5","MAP7D3"
9.03614547198355e-52,0.32731891481132,0.15,0.098,8.13352490078711e-47,"5","ZC3H14"
1.04719108384339e-51,0.673266166772124,0.107,0.065,9.42587166478273e-47,"5","TEX14"
1.083017312827e-51,0.328367337506972,0.214,0.15,9.74834713448714e-47,"5","MGA"
1.24510305503689e-51,0.399648040885834,0.151,0.099,1.12072971086925e-46,"5","ZNF236"
1.33181302426036e-51,0.313707850970344,0.185,0.126,1.19877822126699e-46,"5","SEC22B"
1.34539583000472e-51,0.276191731020026,0.158,0.104,1.21100424054555e-46,"5","PPP2CB"
1.36021767154136e-51,0.423766919289825,0.112,0.068,1.22434552833109e-46,"5","RNF8"
1.54493624019507e-51,0.395158889574597,0.147,0.096,1.39061255916198e-46,"5","MEX3C"
1.59790870562327e-51,0.440463663425011,0.133,0.085,1.43829360501856e-46,"5","CCDC137"
1.89941154236757e-51,0.258439191573821,0.284,0.208,1.70967932340047e-46,"5","NRBP1"
1.93932333824447e-51,0.441409015586005,0.107,0.064,1.74560432998723e-46,"5","TOLLIP"
2.37770782789911e-51,0.302321098843502,0.144,0.093,2.14019859297027e-46,"5","STXBP2"
2.74664902824405e-51,0.36633719824706,0.133,0.085,2.47228625681275e-46,"5","PANK3"
2.75890225111858e-51,0.275001583056244,0.313,0.233,2.48331550525435e-46,"5","SS18L2"
2.76701884412685e-51,0.405370722806018,0.151,0.1,2.49062133178702e-46,"5","COMMD2"
3.90539531980764e-51,0.356652192699792,0.146,0.095,3.51528538131205e-46,"5","SEC16A"
4.06222613321085e-51,0.456005287976864,0.144,0.094,3.65645036476442e-46,"5","CLYBL"
4.15876251930988e-51,0.356227439705576,0.169,0.114,3.74334373125601e-46,"5","LIN52"
4.17611682134666e-51,0.278413935626784,0.242,0.173,3.75896451206234e-46,"5","LSM4"
4.72083014229397e-51,0.352260774917869,0.121,0.075,4.24926641938023e-46,"5","PSMD3"
4.84136535945099e-51,0.316388326591933,0.166,0.11,4.35776137369543e-46,"5","UBAP2L"
4.89481054536147e-51,0.293647076875435,0.271,0.198,4.40586791998531e-46,"5","CCDC59"
6.42732503925125e-51,0.387886151058403,0.125,0.079,5.78529954108045e-46,"5","TYK2"
6.93074475964706e-51,0.299041188390523,0.241,0.173,6.23843266560591e-46,"5","OTUD6B-AS1"
7.45018840783154e-51,0.436630385989413,0.128,0.082,6.70598908777325e-46,"5","MCCC1"
7.9524561233177e-51,0.260744792795257,0.198,0.137,7.1580852811595e-46,"5","ACSL1"
8.95803896137622e-51,0.30240552450058,0.194,0.134,8.06322044952435e-46,"5","MIATNB"
9.18754389092694e-51,0.261192193982966,0.172,0.115,8.26980013166225e-46,"5","TRNAU1AP"
9.3511199650523e-51,0.275149799375121,0.229,0.162,8.41703659174322e-46,"5","SLC25A36"
1.01361458561765e-50,0.418035768523424,0.152,0.1,9.123646246603e-46,"5","ZDHHC6"
1.40404116431516e-50,0.375185614951363,0.178,0.121,1.26379149241172e-45,"5","ABHD5"
1.42826107417255e-50,0.309027745653247,0.179,0.121,1.28559207547345e-45,"5","NRBF2"
1.76347070556433e-50,0.414026791339233,0.163,0.11,1.58731761678551e-45,"5","LNPK"
2.0901965549469e-50,0.318273117197484,0.168,0.113,1.88140682107326e-45,"5","PLEKHM2"
2.17342468449326e-50,0.412598040299577,0.146,0.096,1.95632129275923e-45,"5","ATG10"
2.47262543583054e-50,0.27758416622546,0.182,0.123,2.22563488104543e-45,"5","AP3D1"
2.62202669728974e-50,0.413660045714999,0.124,0.078,2.36011245049747e-45,"5","TRIM27"
2.62331119671543e-50,0.437872196176028,0.103,0.062,2.36126864127553e-45,"5","SMPD4"
2.64067777697538e-50,0.358437713472604,0.14,0.09,2.37690047383331e-45,"5","VPS35L"
2.75430689789558e-50,0.259960895154586,0.198,0.136,2.47917918186479e-45,"5","MKRN1"
2.96627499966969e-50,0.389200069812237,0.139,0.09,2.66997378995268e-45,"5","MSL1"
3.30669966736089e-50,0.289095128234189,0.149,0.098,2.97639343758821e-45,"5","MAU2"
3.41975060404106e-50,0.418643870511064,0.115,0.071,3.0781517162034e-45,"5","GFER"
3.70618391540532e-50,0.411503862501897,0.124,0.078,3.33597320409548e-45,"5","FAR2"
3.93361935100943e-50,0.393273631103225,0.128,0.081,3.5406901140371e-45,"5","RPP30"
4.04086034852667e-50,0.266249031816433,0.232,0.165,3.63721880831234e-45,"5","MPC1"
4.04668285064096e-50,0.388196554037562,0.128,0.082,3.64245970069044e-45,"5","MRPS18B"
4.55476475811677e-50,0.275277568505729,0.19,0.13,4.09978930642849e-45,"5","SEC23B"
5.63158602016099e-50,0.337305010546048,0.117,0.073,5.06904689260711e-45,"5","SLC25A17"
5.76417659718827e-50,0.258894819877299,0.25,0.18,5.18839299689513e-45,"5","ERO1A"
5.76785523689322e-50,0.342656931100208,0.157,0.105,5.19170417727996e-45,"5","MLH1"
6.10508819236861e-50,0.400396557093933,0.118,0.073,5.49525093283291e-45,"5","ABAT"
6.48201848304538e-50,0.336557569035064,0.156,0.104,5.83452965677398e-45,"5","RRP7A"
6.80264495215789e-50,0.434951641360727,0.106,0.065,6.12312874788684e-45,"5","FUOM"
7.56242204673383e-50,0.346444329439058,0.116,0.072,6.80701170848559e-45,"5","SLC25A37"
8.51635504835817e-50,0.320956417614401,0.194,0.134,7.66565634257767e-45,"5","FAM111A"
8.81051080113073e-50,0.42954089470052,0.132,0.085,7.93042887720578e-45,"5","WDR75"
9.11808219297541e-50,0.284601491617411,0.212,0.149,8.20727696271909e-45,"5","LGALS8"
1.03721062908613e-49,0.32571767858649,0.178,0.122,9.33603659346713e-45,"5","UBP1"
1.09254124462836e-49,0.301326592898562,0.175,0.119,9.83407299702434e-45,"5","NUDCD2"
1.1243082725948e-49,0.423083451185445,0.143,0.094,1.01200111924531e-44,"5","BLZF1"
1.21965497724361e-49,0.408115026024811,0.125,0.079,1.09782364156674e-44,"5","ARFRP1"
1.23083150258825e-49,0.250353342144799,0.266,0.195,1.10788374379471e-44,"5","ATF2"
2.0132386959874e-49,0.51373263341513,0.118,0.074,1.81213628264522e-44,"5","PIGG"
2.08143386051718e-49,0.360957977349443,0.165,0.112,1.87351943219012e-44,"5","SFMBT1"
2.24696651372077e-49,0.473994607006222,0.111,0.068,2.0225170286652e-44,"5","PYM1"
2.2955589598857e-49,0.253792634814741,0.213,0.15,2.06625557538272e-44,"5","ZNHIT3"
2.48863954969443e-49,0.361079218789222,0.16,0.107,2.24004934507546e-44,"5","UTP23"
3.29971863657609e-49,0.414393950583883,0.139,0.091,2.97010974196851e-44,"5","SACS"
3.33858994512731e-49,0.479514263315355,0.107,0.065,3.00509819550855e-44,"5","LYPLAL1"
3.7739689355196e-49,0.251021461122883,0.236,0.169,3.39698717855054e-44,"5","MYSM1"
4.28775488271849e-49,0.395436863126442,0.118,0.074,3.85945104748374e-44,"5","COA8"
4.46036088438681e-49,0.402042508931915,0.115,0.072,4.01481543564542e-44,"5","EMG1"
5.4352019195406e-49,0.372260591256334,0.108,0.066,4.89227959979769e-44,"5","NELFA"
6.15648209455987e-49,0.327520893247139,0.207,0.146,5.54151109813428e-44,"5","BCL10"
6.38828857773224e-49,0.415128993884975,0.112,0.069,5.75016243170257e-44,"5","RWDD4"
7.58186056893891e-49,0.312056910937851,0.168,0.114,6.8245085167076e-44,"5","AOPEP"
9.46435947532205e-49,0.517659047645127,0.138,0.091,8.51896460733213e-44,"5","KLHL15"
1.00364316585065e-48,0.35709578055551,0.123,0.078,9.03389250013827e-44,"5","RAB12"
1.24542829193439e-48,0.316320181659279,0.152,0.101,1.12102245985306e-43,"5","SH3BP1"
1.30092657636039e-48,0.528806122623157,0.107,0.066,1.17097702064775e-43,"5","THAP5"
1.66830725128305e-48,0.266434267062541,0.186,0.128,1.50166003995238e-43,"5","SRM"
1.75283297499814e-48,0.284471780453111,0.203,0.142,1.57774248912557e-43,"5","SNRNP40"
1.9746551174467e-48,0.424165758108625,0.102,0.062,1.77740681776495e-43,"5","ST7L"
2.02966005585983e-48,0.355876714282935,0.167,0.114,1.82691731287999e-43,"5","APPL2"
2.13342674957526e-48,0.461512267412585,0.106,0.065,1.92031875156019e-43,"5","ORC5"
2.36587915734075e-48,0.513598480955521,0.103,0.063,2.12955148831398e-43,"5","FAM217B"
2.50543104935247e-48,0.311403104089718,0.123,0.077,2.25516354183265e-43,"5","SUFU"
3.09268029973619e-48,0.36320626373493,0.13,0.083,2.78375246459555e-43,"5","TMEM242"
3.3606655270522e-48,0.334694023374077,0.175,0.12,3.02496864755495e-43,"5","ATP1B1"
3.45320184093749e-48,0.340113275871351,0.156,0.105,3.10826150904624e-43,"5","RUVBL2"
4.33183642413624e-48,0.349555584525744,0.174,0.12,3.89912928372927e-43,"5","HIBADH"
5.03556068518546e-48,0.291248325807508,0.206,0.145,4.53255852834228e-43,"5","CYB5R4"
5.05734752631261e-48,0.435470354450087,0.102,0.062,4.55216908190924e-43,"5","PYGB"
5.51139636449109e-48,0.288035473556972,0.202,0.142,4.96086298164207e-43,"5","DNAJC19"
6.01840706867757e-48,0.350116131954436,0.152,0.102,5.41722838658737e-43,"5","IMPA1"
7.10925535263965e-48,0.278100848474359,0.181,0.124,6.39911183546448e-43,"5","MBD4"
8.75390520148691e-48,0.365553761416397,0.148,0.098,7.87947761091039e-43,"5","SLC49A4"
8.83503406272962e-48,0.376229139690781,0.15,0.101,7.95250251020356e-43,"5","C2CD3"
9.1072599192074e-48,0.41993010460915,0.142,0.094,8.19753572587777e-43,"5","NUBPL"
1.03093062067193e-47,0.35725929647805,0.142,0.094,9.27950960973013e-43,"5","PCBD1"
1.16786145025352e-47,0.280433360230866,0.196,0.137,1.0512037699877e-42,"5","CCDC14"
1.259446194186e-47,0.324562471684619,0.175,0.121,1.13364011384876e-42,"5","RBL1"
1.30588626472192e-47,0.26333965455435,0.208,0.146,1.17544128573884e-42,"5","MMADHC"
1.37765386234479e-47,0.305690165103925,0.165,0.112,1.24004001803517e-42,"5","HPS5"
1.45918104451749e-47,0.319586025045991,0.199,0.14,1.31342344998064e-42,"5","SRSF8"
1.9705316305933e-47,0.445443201809116,0.12,0.077,1.77369522601333e-42,"5","GCFC2"
2.01270631054881e-47,0.264957366975105,0.194,0.135,1.81165707718808e-42,"5","LSM1"
2.23035916600599e-47,0.314305511109288,0.165,0.112,2.00756858891365e-42,"5","GRIPAP1"
2.56630624840774e-47,0.354359158906905,0.141,0.093,2.30995791725429e-42,"5","DNAAF2"
2.63838302445109e-47,0.484348515138356,0.106,0.066,2.37483494413867e-42,"5","NOC3L"
3.01715707404038e-47,0.351237793475689,0.144,0.095,2.71577325391449e-42,"5","ODR4"
3.25091907058524e-47,0.255198221398963,0.171,0.116,2.92618476462448e-42,"5","DCUN1D1"
3.25337806128784e-47,0.359034302030352,0.113,0.07,2.9283981267458e-42,"5","LRRC59"
3.56093803434556e-47,0.370529823862225,0.132,0.086,3.20523593409478e-42,"5","FBXL4"
3.67319117231133e-47,0.357888156348319,0.143,0.094,3.30627610610915e-42,"5","TRAPPC6B"
4.0175688867074e-47,0.323912702260745,0.163,0.11,3.6162539306142e-42,"5","HACD2"
4.52025812168253e-47,0.252771749322556,0.239,0.173,4.06872953790766e-42,"5","WDR44"
4.69116972285109e-47,0.342601859553587,0.132,0.085,4.2225687792355e-42,"5","WBP1L"
5.21722773961072e-47,0.27583757662049,0.219,0.156,4.69607886070101e-42,"5","ARL6IP6"
5.71971370573008e-47,0.447377886536459,0.114,0.072,5.1483715036647e-42,"5","PDK1"
6.46440593188886e-47,0.400584573162148,0.114,0.072,5.81867642335248e-42,"5","RCC1L"
7.78522494502268e-47,0.328912007876791,0.142,0.093,7.00755882526436e-42,"5","PPIE"
8.37019622155664e-47,0.320014628301558,0.216,0.155,7.53409732098534e-42,"5","CDK5RAP2"
8.45280761176521e-47,0.41672511862032,0.134,0.087,7.60845665942599e-42,"5","ZNF330"
8.47425485055145e-47,0.3190442168784,0.143,0.094,7.62776153352986e-42,"5","UTP6"
8.51492357096622e-47,0.280099933912373,0.238,0.173,7.6643678554624e-42,"5","RNH1"
9.18697770047526e-47,0.402639513329804,0.115,0.072,8.26929049797478e-42,"5","CEP104"
1.06049514727584e-46,0.43625635456903,0.139,0.092,9.54562287014453e-42,"5","KDM5D"
1.13789829637225e-46,0.381198938432957,0.12,0.076,1.02423363554763e-41,"5","FKBP15"
1.20143986099443e-46,0.3099825933628,0.161,0.109,1.0814280332797e-41,"5","NUDT16L1"
1.42901546915671e-46,0.279298928548199,0.181,0.125,1.28627111394265e-41,"5","TBC1D23"
1.45579062610645e-46,0.427190451512986,0.105,0.065,1.31037170046468e-41,"5","COIL"
1.66279911513016e-46,0.342519539249788,0.151,0.101,1.4967021115198e-41,"5","RRM1"
1.67195617932807e-46,0.367597388748607,0.162,0.11,1.50494447657499e-41,"5","TRAPPC2"
1.9295907722013e-46,0.255469507127585,0.337,0.259,1.73684394996611e-41,"5","FAM118A"
2.15168121788608e-46,0.420663550247328,0.138,0.091,1.93674978103144e-41,"5","SNX10"
2.29403003805074e-46,0.288978101046231,0.146,0.097,2.06487937754985e-41,"5","CAPN1"
2.53231890318065e-46,0.344434169756137,0.142,0.094,2.27936556794193e-41,"5","MPPE1"
2.66601255338848e-46,0.336261578264678,0.151,0.1,2.39970455943051e-41,"5","EXOSC6"
2.74073558471414e-46,0.31757687018539,0.196,0.138,2.46696350715704e-41,"5","WDR43"
3.05049263304825e-46,0.397343913540693,0.133,0.087,2.74577892393306e-41,"5","RPAP3"
3.07274503155487e-46,0.356994793262332,0.144,0.096,2.76580853035285e-41,"5","MRPS27"
3.53447672934999e-46,0.334530172359065,0.161,0.109,3.18141784885522e-41,"5","ICE2"
3.74671572510346e-46,0.363719969499975,0.132,0.086,3.37245629132288e-41,"5","NADSYN1"
5.02946924561031e-46,0.391042180823003,0.111,0.069,4.52707556266629e-41,"5","IPO5"
5.28221840864545e-46,0.335080178516409,0.144,0.096,4.75457761180585e-41,"5","EHBP1L1"
5.52694384885519e-46,0.344268901981523,0.389,0.311,4.97485742779305e-41,"5","CDC42EP3"
5.93145060905092e-46,0.293891550690691,0.162,0.11,5.33895800771282e-41,"5","PSMD6"
6.19548429900902e-46,0.370755101750083,0.148,0.099,5.57661737238101e-41,"5","NAE1"
7.59266551092586e-46,0.397534997978807,0.117,0.075,6.83423415303948e-41,"5","ZNF75A"
7.94332482255016e-46,0.436849901325094,0.104,0.065,7.14986610602563e-41,"5","STK25"
8.58995619879114e-46,0.316443083794289,0.151,0.101,7.73190547409389e-41,"5","ALG5"
1.16182456146215e-45,0.360714771835418,0.109,0.068,1.04576990601769e-40,"5","CSNK1E"
1.32444323558465e-45,0.253252992295504,0.246,0.181,1.1921446007821e-40,"5","LINC00342"
1.33519967474851e-45,0.399996008772719,0.122,0.079,1.20182657923788e-40,"5","PGRMC1"
1.37972980757671e-45,0.333418071580203,0.137,0.09,1.24190859709787e-40,"5","BORCS7"
1.46976423904367e-45,0.281095178022987,0.178,0.123,1.3229494892056e-40,"5","ECI2"
1.51121691001388e-45,0.378060833943336,0.134,0.088,1.36026145287259e-40,"5","CWF19L1"
1.51987924909175e-45,0.346829164012457,0.125,0.081,1.36805851089997e-40,"5","RNF44"
1.87234091150338e-45,0.410071002479246,0.105,0.066,1.68531277785331e-40,"5","PIGU"
1.87296705872121e-45,0.256361246224793,0.192,0.134,1.68587637922555e-40,"5","USP20"
2.01964107866058e-45,0.339026200323497,0.142,0.094,1.81789913131318e-40,"5","METAP1"
2.12098943779709e-45,0.296759644841449,0.183,0.128,1.90912380285554e-40,"5","ARHGEF9"
2.68067175342166e-45,0.305846377537243,0.146,0.097,2.41289945197237e-40,"5","RCC2"
2.99539918678933e-45,0.331484629073677,0.157,0.106,2.69618876202094e-40,"5","TTF1"
3.25794966888421e-45,0.323208979382311,0.18,0.125,2.93251307645936e-40,"5","WDPCP"
3.26763053158955e-45,0.455238687306437,0.128,0.083,2.94122691778907e-40,"5","VAMP4"
3.29589363949582e-45,0.404322760020748,0.122,0.078,2.96666682384658e-40,"5","UBN2"
3.67532983887814e-45,0.251810309897101,0.256,0.188,3.3082011412726e-40,"5","DNMT1"
6.65869697830586e-45,0.400564234115068,0.127,0.083,5.99355973714288e-40,"5","RBM18"
7.07122548049453e-45,0.325763307335043,0.139,0.092,6.36488076724793e-40,"5","FAM78A"
7.41474751667483e-45,0.394104708406596,0.145,0.097,6.67408838723418e-40,"5","GALC"
7.61660315896329e-45,0.352282094237589,0.121,0.077,6.85578066941444e-40,"5","RNF121"
8.38864201935956e-45,0.407243430640425,0.119,0.076,7.55070056804573e-40,"5","ANKUB1"
9.24203606123508e-45,0.318517921715767,0.174,0.121,8.31884907907831e-40,"5","FAM120AOS"
1.34490195805749e-44,0.329881725509947,0.135,0.089,1.21055970146713e-39,"5","ATP6V0A2"
1.58487461963481e-44,0.359579183765321,0.134,0.089,1.42656149387949e-39,"5","ATL3"
1.86960776870029e-44,0.272373298072698,0.179,0.125,1.68285264868482e-39,"5","SLC30A5"
1.96056275887547e-44,0.357495751804507,0.126,0.082,1.7647221448914e-39,"5","MLX"
2.2279828548996e-44,0.509134379899652,0.107,0.067,2.00542964752368e-39,"5","GTF2H3"
2.46806488431062e-44,0.41344546064683,0.115,0.073,2.22152988301683e-39,"5","IPO8"
2.62807783215592e-44,0.35334143441567,0.128,0.083,2.36555913750187e-39,"5","CBLL1"
2.7309563803357e-44,0.404615020287552,0.101,0.063,2.45816114750397e-39,"5","SH3BP2"
2.73435862636294e-44,0.405708224147509,0.113,0.072,2.46122354317554e-39,"5","TSTD2"
2.81596787939094e-44,0.305215128550343,0.182,0.127,2.53468084791858e-39,"5","LYSMD3"
2.85379825211522e-44,0.289516359738003,0.136,0.09,2.56873234471143e-39,"5","WARS2-AS1"
2.85427658805058e-44,0.373189341847391,0.118,0.076,2.56916289967021e-39,"5","ASH2L"
2.9974863039601e-44,0.286136419304609,0.146,0.097,2.69806739705753e-39,"5","PI4KB"
3.36205788098694e-44,0.276869285716075,0.143,0.095,3.02622191925515e-39,"5","FUBP3"
3.54705678315767e-44,0.287457668562873,0.155,0.105,3.19274128108805e-39,"5","RSPRY1"
3.74106921225711e-44,0.407376266460316,0.117,0.075,3.36737380864475e-39,"5","CEP295"
3.74471974348147e-44,0.369826019194825,0.133,0.088,3.3706596883051e-39,"5","MRPS35"
4.0544457210763e-44,0.457142946530457,0.103,0.064,3.64944713799798e-39,"5","UBAC1"
5.11390568393119e-44,0.33633932286665,0.132,0.087,4.60307764516331e-39,"5","GPALPP1"
5.92350177910092e-44,0.479167697125034,0.102,0.063,5.33180318638653e-39,"5","KLHL36"
7.0641903615016e-44,0.371866713528622,0.102,0.064,6.3585483862912e-39,"5","MRPL2"
7.07029107908492e-44,0.38033466341264,0.14,0.094,6.36403970319513e-39,"5","ILF3-DT"
7.33842776170978e-44,0.290645834119076,0.176,0.122,6.60539221259259e-39,"5","ITGAV"
8.42110678510157e-44,0.384154697490667,0.111,0.07,7.57992242833777e-39,"5","KHSRP"
8.95679111080849e-44,0.307183907985623,0.164,0.113,8.06209724674983e-39,"5","ESF1"
9.5215208815027e-44,0.250708297924132,0.209,0.149,8.5704161606494e-39,"5","GABPB1-AS1"
1.00905197973847e-43,0.396705878670585,0.132,0.088,9.08257777482397e-39,"5","STX10"
1.55432528250612e-43,0.433404771471708,0.119,0.077,1.39906373003658e-38,"5","PLRG1"
2.21119015748531e-43,0.433389144699982,0.119,0.077,1.9903143726541e-38,"5","LYRM1"
2.26297371720828e-43,0.35073260158024,0.144,0.097,2.03692527259634e-38,"5","BLOC1S4"
3.09184452988939e-43,0.291785840258841,0.172,0.12,2.78300017979874e-38,"5","EXOSC8"
3.15760200466384e-43,0.324430548038422,0.156,0.106,2.84218914041797e-38,"5","FAM76B"
3.27599515974567e-43,0.263205614712734,0.145,0.097,2.94875600323868e-38,"5","CCZ1"
3.78263392001559e-43,0.404672768352367,0.12,0.078,3.40478661774523e-38,"5","FMC1"
4.02861360299221e-43,0.460407299322466,0.105,0.066,3.62619539018932e-38,"5","CMTR1"
4.1573044816455e-43,0.286618831399217,0.147,0.099,3.74203133697393e-38,"5","MAEA"
4.52152633221991e-43,0.361629809068308,0.109,0.069,4.06987106689447e-38,"5","LINC01572"
5.17621086570841e-43,0.335826293142175,0.15,0.102,4.6591591623328e-38,"5","TTLL5"
5.4238995565759e-43,0.413798831824099,0.117,0.075,4.88210622986953e-38,"5","CYP4V2"
5.96324766498683e-43,0.283519068859998,0.165,0.114,5.3675788557313e-38,"5","CIAO2A"
6.04584773605466e-43,0.260739378699325,0.197,0.14,5.44192800570016e-38,"5","MXI1"
6.14547508541456e-43,0.401651286172523,0.132,0.088,5.5316035791325e-38,"5","LANCL1"
6.1801758164654e-43,0.29270041864318,0.173,0.12,5.56283805415867e-38,"5","GTF2H1"
6.30130976462638e-43,0.358395345339915,0.125,0.082,5.67187193223785e-38,"5","PEF1"
6.75686377210699e-43,0.352394207304264,0.436,0.351,6.08192064991123e-38,"5","BCAS2"
7.876464431501e-43,0.34863883524159,0.139,0.093,7.08968439943837e-38,"5","ENOPH1"
9.61000773939613e-43,0.283889325097601,0.159,0.109,8.65006406630785e-38,"5","BBIP1"
9.76678313323355e-43,0.347356039037454,0.111,0.071,8.79117916605485e-38,"5","DDX49"
9.97256955689846e-43,0.324998069633614,0.164,0.114,8.97640958385987e-38,"5","HMGXB3"
1.36731030526922e-42,0.301964749404899,0.116,0.075,1.23072967887587e-37,"5","CDIP1"
1.73218408367199e-42,0.414414842428765,0.146,0.099,1.559156215554e-37,"5","TOGARAM1"
1.73342605627151e-42,0.406347052537898,0.112,0.072,1.56027412751055e-37,"5","FLYWCH2"
1.75942443038537e-42,0.319505556003953,0.103,0.065,1.58367552403418e-37,"5","ZNF398"
1.92816288272539e-42,0.329998158882788,0.166,0.116,1.73555869236995e-37,"5","LINS1"
2.58421999161976e-42,0.360145394671152,0.125,0.082,2.32608225665686e-37,"5","ERI3"
2.76543827017825e-42,0.297905535549352,0.169,0.117,2.48919864137015e-37,"5","TMEM183A"
2.9329616898226e-42,0.337546731046797,0.125,0.082,2.63998814662622e-37,"5","TSTD3"
3.15191268697835e-42,0.370625826541789,0.122,0.079,2.83706812867609e-37,"5","CHUK"
3.30631735711448e-42,0.277363773740685,0.148,0.1,2.97604931631232e-37,"5","ACLY"
3.76324836408493e-42,0.262573499710954,0.203,0.145,3.38733748499649e-37,"5","MED21"
3.91632094730717e-42,0.275069474678164,0.164,0.113,3.52511964788066e-37,"5","SF3A1"
4.34252819499007e-42,0.293894549215824,0.119,0.077,3.90875305359251e-37,"5","TCEAL8"
4.80281352868715e-42,0.354619074370922,0.171,0.12,4.32306048530659e-37,"5","FBXL14"
6.21099275390393e-42,0.53412808399965,0.148,0.101,5.59057668771647e-37,"5","HAUS2"
6.27688829887654e-42,0.336585628836624,0.131,0.087,5.64988992670176e-37,"5","PGGT1B"
6.33278349881976e-42,0.384777478268621,0.114,0.073,5.70020175512266e-37,"5","COQ4"
7.06777912273856e-42,0.250754789565613,0.262,0.197,6.36177866616821e-37,"5","SNHG7"
7.57364871488051e-42,0.4045240407322,0.111,0.071,6.81711694475109e-37,"5","CEP68"
1.03746201485021e-41,0.286925992205111,0.135,0.09,9.33829934186819e-37,"5","XPO7"
1.18043067483681e-41,0.32271359290191,0.118,0.076,1.06251745472736e-36,"5","LYPLA2"
1.62313993757438e-41,0.447319485690274,0.111,0.072,1.46100448921007e-36,"5","TWF1"
1.82127368259371e-41,0.301410007891041,0.147,0.1,1.63934665443942e-36,"5","DRAM2"
2.03690809776148e-41,0.260062577498396,0.123,0.08,1.83344134787608e-36,"5","KIF9-AS1"
2.43796916926341e-41,0.279811250945011,0.16,0.11,2.19444042894569e-36,"5","KYAT3"
2.50048592656952e-41,0.302995368263564,0.133,0.089,2.25071238736449e-36,"5","TRIP4"
2.62616876927929e-41,0.312580803208194,0.117,0.076,2.36384077091598e-36,"5","ANKRD27"
3.27519974576603e-41,0.389369172291317,0.134,0.09,2.94804004316147e-36,"5","LINC01473"
4.3215403702032e-41,0.390002399794438,0.123,0.081,3.8898617026236e-36,"5","HAUS6"
4.6621842623581e-41,0.316702474274883,0.108,0.069,4.19647867639115e-36,"5","ELOA"
4.87965439598051e-41,0.271893875757294,0.18,0.128,4.39222571836601e-36,"5","DYNLL2"
4.90476971048085e-41,0.300159302378425,0.137,0.092,4.41483226410091e-36,"5","KATNAL1"
5.30904812313182e-41,0.390388986826606,0.119,0.078,4.77872730611218e-36,"5","LRIG2"
5.52984417552644e-41,0.373104704845285,0.116,0.076,4.97746804083311e-36,"5","ZFAND1"
6.00370163017003e-41,0.285067120139162,0.175,0.123,5.40399187433235e-36,"5","INTS10"
6.83402823733824e-41,0.346387591391327,0.129,0.086,6.15137715671052e-36,"5","TDP2"
8.08639463114254e-41,0.260937247101648,0.231,0.171,7.27864467143772e-36,"5","PARP15"
8.56669474174253e-41,0.282976585105194,0.176,0.124,7.71096760398987e-36,"5","NECAP1"
9.26712343749924e-41,0.40864740092099,0.121,0.08,8.34143047732744e-36,"5","HMOX1"
9.42445717315097e-41,0.398086677458719,0.127,0.084,8.48304814612492e-36,"5","BAG5"
1.05298963948672e-40,0.47774116918125,0.185,0.134,9.47806504398388e-36,"5","GADD45G"
1.27224296738828e-40,0.466976859082888,0.111,0.072,1.14515861737587e-35,"5","LINC02245"
1.35061534731511e-40,0.343188046800347,0.122,0.08,1.21570238027181e-35,"5","TIMM10B"
1.65562777136676e-40,0.32642607182503,0.132,0.089,1.49024711328494e-35,"5","RFWD3"
2.34844588997194e-40,0.296291258669207,0.103,0.065,2.11385963002265e-35,"5","ARHGAP1"
2.70962742333733e-40,0.290956671051968,0.123,0.081,2.43896274002017e-35,"5","CUEDC2"
2.83258349184606e-40,0.425008816010888,0.112,0.073,2.54963672684556e-35,"5","CEPT1"
2.86808797109542e-40,0.305856774537871,0.137,0.092,2.5815946636627e-35,"5","CDKN2A"
3.39979992063346e-40,0.359439415688557,0.115,0.075,3.06019390656139e-35,"5","TMUB2"
4.60214859988131e-40,0.396615789565444,0.11,0.071,4.14243997623917e-35,"5","ALG6"
6.12438518307235e-40,0.338079630050071,0.135,0.091,5.51262034713526e-35,"5","UFSP2"
7.06851512472667e-40,0.279956362906577,0.139,0.094,6.36244114891773e-35,"5","NEK9"
8.56701213206741e-40,0.267763483002197,0.165,0.116,7.71125329019519e-35,"5","TUBGCP2"
8.95258579954408e-40,0.29987952617144,0.129,0.086,8.05831200402762e-35,"5","MRPL9"
9.40262660526626e-40,0.317080677583592,0.137,0.093,8.46339823366621e-35,"5","MZT1"
1.02413522396297e-39,0.334167387737974,0.124,0.083,9.21834356441309e-35,"5","TERF2"
1.03484773637466e-39,0.346812360636566,0.125,0.083,9.31476795988192e-35,"5","AAMDC"
1.13447197542887e-39,0.343031857098572,0.111,0.071,1.02114956980328e-34,"5","OSBPL2"
1.15381759279905e-39,0.389753345622907,0.107,0.069,1.03856275345435e-34,"5","HACE1"
1.16763815348641e-39,0.354004136933964,0.122,0.081,1.05100277833465e-34,"5","ABHD13"
1.34763789056076e-39,0.464343858706603,0.103,0.067,1.21302234167265e-34,"5","RNF146"
1.37004057987718e-39,0.256406598728057,0.152,0.104,1.23318722635325e-34,"5","FAM136A"
1.38579915655665e-39,0.279712825447578,0.104,0.066,1.24737167880821e-34,"5","CCDC126"
1.4984899466028e-39,0.25429963314842,0.17,0.12,1.34880578583665e-34,"5","SYT11"
2.08131577124648e-39,0.35626592852175,0.122,0.081,1.87341313885667e-34,"5","MRPS30"
2.50485364390731e-39,0.30512159560677,0.145,0.099,2.25464381341741e-34,"5","TMEM161B"
2.76260002738628e-39,0.277959417776975,0.144,0.098,2.48664391065067e-34,"5","ZFYVE27"
3.00318988530421e-39,0.357032396722191,0.105,0.067,2.70320124766118e-34,"5","NFIC"
3.03852847818171e-39,0.323128317918043,0.135,0.092,2.73500986849614e-34,"5","SLC25A16"
4.12408632141049e-39,0.305837491699269,0.142,0.097,3.71213133876479e-34,"5","GMNN"
4.37517560063762e-39,0.336211796681971,0.132,0.089,3.93813930988993e-34,"5","SYS1"
4.53062511946187e-39,0.275068957974625,0.118,0.078,4.07806097627882e-34,"5","PEX13"
5.06322767676639e-39,0.341919900819239,0.144,0.099,4.55746186413419e-34,"5","CASP8AP2"
5.70669290427569e-39,0.28819502985632,0.128,0.086,5.13665135006759e-34,"5","MRPL50"
6.21972090820928e-39,0.26804014423067,0.166,0.116,5.59843298668825e-34,"5","DERL2"
7.78146195466043e-39,0.334131905490031,0.119,0.079,7.0041717200094e-34,"5","GSKIP"
8.56035289469066e-39,0.367427128526344,0.125,0.083,7.70525924404001e-34,"5","NCBP1"
8.63818127997074e-39,0.374025250128056,0.126,0.085,7.77531335191446e-34,"5","WRNIP1"
9.10400349465036e-39,0.359901018024356,0.114,0.075,8.19460458556973e-34,"5","TOR1A"
1.46165576737829e-38,0.314089294913081,0.141,0.097,1.31565097277487e-33,"5","ZFPM1"
1.66100347162172e-38,0.338386290931124,0.106,0.069,1.49508583484142e-33,"5","EMC8"
1.72393341115903e-38,0.380465444956672,0.122,0.082,1.55172970271836e-33,"5","TBC1D19"
2.16974851111027e-38,0.253380981050434,0.111,0.072,1.95301233233546e-33,"5","IFNGR2"
2.21122606355183e-38,0.275871135359873,0.131,0.088,1.99034669206364e-33,"5","TSSC4"
2.32970678070206e-38,0.328176399945668,0.12,0.08,2.09699237037773e-33,"5","TMEM14A"
2.37587310221529e-38,0.371697293011822,0.128,0.086,2.13854713803501e-33,"5","ELP1"
2.46060518959028e-38,0.329808448926789,0.129,0.087,2.21481533720211e-33,"5","PTRH2"
2.67223109286554e-38,0.259116943905619,0.128,0.086,2.4053019289992e-33,"5","EIF2B3"
2.69585022299011e-38,0.304885677158882,0.157,0.11,2.42656174421563e-33,"5","HTATSF1"
3.12355032383565e-38,0.280769113355045,0.126,0.085,2.8115388819877e-33,"5","TUSC2"
4.01369155905851e-38,0.352900895088119,0.116,0.076,3.61276390922416e-33,"5","NHLRC2"
4.01920559689979e-38,0.259533790247699,0.149,0.103,3.61772714982547e-33,"5","GUSB"
4.70054555756599e-38,0.288654822539469,0.105,0.067,4.23100806182072e-33,"5","TMEM223"
5.24811705704137e-38,0.256813882918258,0.213,0.157,4.72388264421351e-33,"5","RCN2"
5.93849943202051e-38,0.266764017274234,0.152,0.106,5.34530272375598e-33,"5","POLR2C"
6.16037191651927e-38,0.323668511765315,0.158,0.111,5.54501236577816e-33,"5","PGM2L1"
7.17669371690192e-38,0.439763695512948,0.119,0.079,6.45981378152059e-33,"5","ZUP1"
7.34294496939052e-38,0.318367415655363,0.125,0.084,6.6094581963981e-33,"5","INTS9"
9.08101103364718e-38,0.332402802206744,0.165,0.117,8.17390884149617e-33,"5","GPN1"
1.63378892499997e-37,0.335307187244649,0.104,0.067,1.47058974928173e-32,"5","NRAS"
1.77151336909976e-37,0.318451688677999,0.135,0.092,1.59455689866039e-32,"5","DUS1L"
1.90447971935033e-37,0.352048665727952,0.117,0.078,1.71424124018443e-32,"5","CDIPT"
1.92428337894558e-37,0.346771107686614,0.116,0.077,1.73206671222271e-32,"5","DPM2"
2.65985551028065e-37,0.330521462432315,0.118,0.078,2.39416254335871e-32,"5","TRIM5"
3.04489651000587e-37,0.319745770810384,0.217,0.162,2.74074179762138e-32,"5","TIMP1"
3.16473937678431e-37,0.306879759765078,0.1,0.064,2.84861356043733e-32,"5","AP2A1"
3.89061760900399e-37,0.35131310567436,0.125,0.085,3.50198381604058e-32,"5","GNL3L"
3.89409367212561e-37,0.354868079390094,0.135,0.093,3.50511265521698e-32,"5","CFAP20"
4.2914099713531e-37,0.486867776916778,0.101,0.066,3.86274102931464e-32,"5","NOD1"
4.32382227810555e-37,0.423517135272333,0.105,0.069,3.89191567074559e-32,"5","PIGP"
5.20505653495351e-37,0.346207930389684,0.102,0.066,4.68512343767701e-32,"5","ZNF76"
5.8850624553249e-37,0.321139652547043,0.144,0.1,5.2972035666625e-32,"5","ZNF438"
6.86232358397236e-37,0.289182685037125,0.149,0.104,6.17684608116936e-32,"5","TTC28-AS1"
6.9431665639532e-37,0.432840584941169,0.101,0.066,6.24961365587991e-32,"5","GTF3C3"
8.52559814315166e-37,0.264108682516589,0.205,0.151,7.67397614463224e-32,"5","BTBD1"
8.7467461652555e-37,0.282609111713416,0.149,0.104,7.87303369080813e-32,"5","NTMT1"
8.97059668896455e-37,0.379819891171572,0.104,0.068,8.07452378570388e-32,"5","GPATCH4"
8.99654393227228e-37,0.250366041310199,0.118,0.078,8.0978791588776e-32,"5","ACOX1"
1.13453411459595e-36,0.2937551239803,0.136,0.093,1.02120550188896e-31,"5","ARRDC2"
1.40905826203157e-36,0.331756341235836,0.115,0.077,1.26830743223724e-31,"5","EXOC3"
1.48091726904741e-36,0.250300150953736,0.142,0.098,1.33298844304227e-31,"5","U2AF2"
1.50715926826907e-36,0.311465213653126,0.12,0.081,1.35660912896167e-31,"5","ZNF830"
1.60543146838194e-36,0.381457981201686,0.107,0.07,1.44506491900527e-31,"5","XPOT"
1.63070030044672e-36,0.351486515027051,0.151,0.106,1.4678096474351e-31,"5","ZNF92"
1.84604820973869e-36,0.313654514718535,0.145,0.101,1.66164645406789e-31,"5","HEATR1"
2.39226803551505e-36,0.403094785263061,0.104,0.068,2.15330438144745e-31,"5","PRIMPOL"
3.12863113314767e-36,0.364162435135961,0.118,0.079,2.81611216925755e-31,"5","MTHFD1L"
3.2163741936029e-36,0.357494894068832,0.106,0.07,2.89509057540391e-31,"5","PPIF"
4.51165481650189e-36,0.26538247294115,0.136,0.093,4.06098561688152e-31,"5","GPR108"
4.73715963531726e-36,0.253970317247186,0.121,0.082,4.26396475934542e-31,"5","PCGF3"
6.41645220904785e-36,0.38766497078457,0.121,0.082,5.77551279788606e-31,"5","ZNF675"
6.43667850876322e-36,0.429369905963423,0.115,0.077,5.79371869252286e-31,"5","AP1AR"
7.04264295196635e-36,0.253620662029843,0.154,0.109,6.33915334749443e-31,"5","SEC22A"
7.86976292015087e-36,0.309156552177924,0.186,0.137,7.083652302057e-31,"5","CD70"
7.94804617121678e-36,0.291677885727234,0.114,0.076,7.15411583917393e-31,"5","ARL8A"
9.64846279810055e-36,0.305026626839876,0.135,0.093,8.68467784919828e-31,"5","THUMPD2"
9.7548247524505e-36,0.376199643084153,0.112,0.075,8.78041530792822e-31,"5","DNAJC17"
1.04548673796387e-35,0.334536895490389,0.119,0.08,9.41053067708655e-31,"5","NCBP2AS2"
1.06707585586835e-35,0.30806193367311,0.114,0.076,9.60485648625663e-31,"5","VPS37A"
1.27422548125218e-35,0.304615395447257,0.115,0.077,1.1469430979299e-30,"5","EFTUD2"
1.29073896400372e-35,0.302157024363854,0.118,0.079,1.16180704888939e-30,"5","IFT20"
1.4017470990858e-35,0.333009499248898,0.119,0.081,1.26172658135812e-30,"5","ZC3H4"
1.71402804954523e-35,0.253661049683318,0.16,0.114,1.54281378767616e-30,"5","NKAP"
2.04020996924519e-35,0.360046663253006,0.129,0.089,1.83641339541729e-30,"5","TRAF3IP2-AS1"
2.68375914820879e-35,0.262612800179629,0.149,0.105,2.41567844689422e-30,"5","ZNF141"
3.21179969698625e-35,0.336060706001065,0.121,0.082,2.89097302525429e-30,"5","RIC8B"
4.01690944702758e-35,0.270606661209162,0.136,0.094,3.615660362364e-30,"5","ERG28"
7.62758400335917e-35,0.268585885890153,0.115,0.077,6.86566463726362e-30,"5","SLC37A3"
8.09078411886694e-35,0.339624104433599,0.117,0.079,7.28259569323332e-30,"5","SQLE"
1.22030815848549e-34,0.345737289524007,0.139,0.098,1.09841157653438e-29,"5","PLEKHA1"
1.51185300096807e-34,0.255392508691648,0.151,0.106,1.36083400470137e-29,"5","NEPRO"
1.57629348939465e-34,0.261352252085002,0.133,0.092,1.41883753273902e-29,"5","CDC16"
3.85374911444518e-34,0.323090974684673,0.136,0.095,3.46879811540325e-29,"5","MAPK9"
5.84658754149716e-34,0.299168769697305,0.137,0.096,5.262571911977e-29,"5","XPA"
6.08061164767935e-34,0.30614988450814,0.125,0.086,5.47321935019266e-29,"5","ALYREF"
7.84008548971362e-34,0.28160257549418,0.135,0.094,7.05693935014612e-29,"5","RBM28"
8.59052937452753e-34,0.276741885514011,0.143,0.1,7.73242139530597e-29,"5","HEXD"
8.65767249543877e-34,0.259261561920241,0.134,0.093,7.79285758986939e-29,"5","DCAF11"
1.0342800375199e-33,0.270199351542138,0.122,0.083,9.30965804572035e-29,"5","ANKRA2"
1.2402195182439e-33,0.342602071234975,0.129,0.09,1.11633399056652e-28,"5","FGGY"
1.56137911278501e-33,0.3872352805482,0.121,0.083,1.40541295320892e-28,"5","SDE2"
2.30728044628508e-33,0.376436529309222,0.101,0.067,2.07680620250566e-28,"5","NUDT9"
2.3980677928878e-33,0.276434043490644,0.118,0.08,2.15852480105624e-28,"5","CHMP1A"
2.66711530256896e-33,0.282173039362406,0.114,0.077,2.40069715499534e-28,"5","ING4"
4.31318983284607e-33,0.337445006534431,0.138,0.097,3.88234530044308e-28,"5","ZNF160"
5.61372882295404e-33,0.269451162108478,0.165,0.119,5.05297345082916e-28,"5","ADPGK"
7.68463264494682e-33,0.367846536710876,0.108,0.073,6.91701469004309e-28,"5","BEX4"
7.8834016877955e-33,0.429927618890955,0.108,0.073,7.09592869320161e-28,"5","SH3YL1"
8.79820958979688e-33,0.285148502720968,0.116,0.079,7.91935643387207e-28,"5","BRAP"
1.15163192958399e-32,0.258969279046872,0.174,0.127,1.03659541613785e-27,"5","SC5D"
1.41711167140721e-32,0.314646235877434,0.107,0.072,1.27555638655034e-27,"5","AP5M1"
1.45611753792435e-32,0.277468463278995,0.13,0.091,1.31066595706109e-27,"5","NVL"
1.49336924949706e-32,0.354887734229648,0.11,0.074,1.34419659516479e-27,"5","BAG4"
1.57913356109247e-32,0.256111620444563,0.15,0.108,1.42139390967495e-27,"5","VTA1"
1.75809729730714e-32,0.339866035907586,0.117,0.08,1.58248095827913e-27,"5","ABHD14A"
2.23077411017473e-32,0.269499480543182,0.148,0.106,2.00794208430937e-27,"5","DAP"
4.36246474333664e-32,0.351082406477276,0.116,0.08,3.92669814012474e-27,"5","CENPP"
4.64656585153715e-32,0.307223283592601,0.111,0.076,4.1824203886271e-27,"5","WDR45"
5.70629405824358e-32,0.318260413888353,0.127,0.089,5.13629234476563e-27,"5","SLC35C2"
8.06592483421977e-32,0.256447673376445,0.132,0.092,7.26021960252956e-27,"5","C1orf35"
1.6467587501966e-31,0.256885122472768,0.106,0.071,1.48226401863946e-26,"5","SCO2"
2.66514149265003e-31,0.253541309905692,0.183,0.136,2.39892050894922e-26,"5","CMTM3"
4.30480765350186e-31,0.377939373341555,0.132,0.094,3.87480041699356e-26,"5","C9orf72"
5.72803714489469e-31,0.309958530853672,0.115,0.079,5.15586351449116e-26,"5","SDHAF3"
6.87004881922454e-31,0.273918953733782,0.109,0.075,6.1837996426722e-26,"5","MTRR"
1.84568255861155e-30,0.393389396089561,0.334,0.27,1.66131732783185e-25,"5","MRPL1"
2.42115841336552e-30,0.267606865530717,0.124,0.087,2.17930889945444e-25,"5","TAPBPL"
2.45927656241809e-30,0.2507880628709,0.107,0.072,2.21361942659815e-25,"5","INSIG2"
2.56808317296821e-30,0.274149190790317,0.1,0.067,2.31155734482041e-25,"5","TIMM9"
2.90148071185258e-30,0.277483749566335,0.13,0.092,2.61165180354563e-25,"5","BMP2K"
3.57225296123927e-30,0.25230010069809,0.15,0.109,3.21542061294108e-25,"5","SAP30"
3.72431861288432e-30,0.319761759294017,0.1,0.067,3.35229642664331e-25,"5","UBE2Q1"
3.78999812919278e-30,0.259332444129601,0.117,0.081,3.41141521606771e-25,"5","KXD1"
5.57897246126132e-30,0.314899849865589,0.104,0.071,5.02168890210593e-25,"5","BRD8"
6.611032389261e-30,0.312262592861414,0.1,0.068,5.95065636389772e-25,"5","LARS2"
7.21535115241861e-30,0.288112432623544,0.102,0.069,6.49460972580352e-25,"5","MAPKAPK5"
1.4380958564598e-29,0.279952718442442,0.111,0.076,1.29444446135803e-24,"5","GABPA"
2.31418921894812e-29,0.25761802549485,0.113,0.078,2.08302485786739e-24,"5","C5orf24"
4.41743993673146e-29,0.258986000001918,0.142,0.102,3.97618186145136e-24,"5","CEP290"
6.22251714834307e-29,0.272721287587332,0.144,0.105,5.60094991039508e-24,"5","DCAF16"
1.10318052407603e-28,0.26523737445438,0.103,0.07,9.92983821526077e-24,"5","SETDB1"
1.36691328078881e-28,0.264268363763173,0.114,0.08,1.23037231317082e-23,"5","LNX2"
3.15919114295226e-28,0.260355853585669,0.127,0.09,2.84361953968276e-23,"5","DDHD2"
3.62360268906377e-28,0.328186320660195,0.131,0.094,3.26164101645319e-23,"5","FEM1C"
4.0525007117245e-27,0.259185789473465,0.115,0.081,3.64769641563034e-22,"5","CCR5"
5.51688585935347e-27,0.254229214777075,0.117,0.083,4.96580413086265e-22,"5","IKZF5"
8.15631785275707e-27,0.290892547436809,0.222,0.174,7.34158326244517e-22,"5","NSMCE3"
8.96481502228392e-27,0.293538099597782,0.175,0.133,8.06931964970798e-22,"5","CENPK"
4.63274765872715e-26,0.253500182745023,0.112,0.079,4.16998249509689e-21,"5","USP39"
6.65194462126051e-26,0.262608451368763,0.115,0.082,5.9874818730428e-21,"5","NOL11"
2.7737389171725e-25,0.262856603482369,0.104,0.073,2.49667013673614e-20,"5","ABTB1"
3.13502136906848e-25,0.275097553382025,0.106,0.075,2.82186408451223e-20,"5","NQO2"
5.80136278280225e-25,0.292253623706094,0.107,0.076,5.22186465442813e-20,"5","RBM48"
7.66746122633362e-25,0.25106889794913,0.107,0.075,6.90155852443515e-20,"5","ZNF274"
9.11527103422277e-25,0.250074738977374,0.103,0.072,8.20474661061426e-20,"5","ZNF484"
1.12495736546784e-24,0.27673473704551,0.116,0.083,1.01258537423126e-19,"5","CCDC115"
2.05254843976794e-23,0.250432500145912,0.132,0.098,1.84751937611952e-18,"5","SNAPC1"
3.52892756668589e-23,0.307965991985612,0.11,0.079,3.17642299204963e-18,"5","ATP2B1-AS1"
1.86278981686963e-21,0.254295623801222,0.113,0.083,1.67671574206252e-16,"5","LSG1"
1.89058471841415e-19,0.275291010873558,0.16,0.126,1.70173421089176e-14,"5","SETBP1"
1.1980192423413e-17,0.281797267570551,0.139,0.109,1.07834910022383e-12,"5","SGK1"
6.50956656616353e-08,0.45115480441499,0.111,0.093,0.00585932596186946,"5","IFI27"
0,3.69500872231435,0.483,0.059,0,"6","PTPN13"
0,1.69973887285332,0.665,0.27,0,"6","KLRB1"
0,0.518220876375958,0.935,0.578,0,"6","MT-RNR2"
0,0.446832694150293,0.897,0.548,0,"6","MT-RNR1"
0,2.13086822051197,0.473,0.129,0,"6","ENSG00000227240"
0,0.390024193424832,0.944,0.603,0,"6","MT-ATP6"
0,0.830323885099115,0.953,0.613,0,"6","RPLP1"
0,0.803481676690301,0.823,0.484,0,"6","RPLP0"
0,0.485838006093605,0.945,0.608,0,"6","RPS19"
0,0.578604549484085,0.936,0.6,0,"6","RPL34"
0,0.629115290422632,0.932,0.597,0,"6","RPL39"
0,0.519469946901778,0.946,0.611,0,"6","RPL13"
0,0.533289042162279,0.934,0.6,0,"6","RPL32"
0,0.575633843026361,0.93,0.596,0,"6","RPS28"
0,0.486626553594544,0.939,0.605,0,"6","RPS18"
0,0.486100729396746,0.941,0.607,0,"6","RPL28"
0,0.461259912240186,0.94,0.607,0,"6","RPL10"
0,0.415536387859175,0.924,0.592,0,"6","RPLP2"
0,0.525384956451027,0.927,0.595,0,"6","RPS29"
0,0.681485594253293,0.917,0.586,0,"6","RPS8"
0,0.48431850518176,0.931,0.601,0,"6","RPS15A"
0,0.608199752625001,0.922,0.593,0,"6","RPL11"
0,0.55015144759983,0.912,0.583,0,"6","RPS24"
0,0.535775393982478,0.914,0.585,0,"6","RPL26"
0,0.55808279197315,0.916,0.588,0,"6","RPS6"
0,0.586434503020344,0.922,0.594,0,"6","RPS2"
0,0.567542078295044,0.895,0.567,0,"6","RPS16"
0,0.451179603392031,0.922,0.594,0,"6","RPS15"
0,0.630900741473756,0.894,0.567,0,"6","RPL15"
0,0.682798731523901,0.913,0.586,0,"6","RPL37"
0,0.442184804715092,0.927,0.6,0,"6","RPS12"
0,0.620916911797238,0.903,0.576,0,"6","RPS4X"
0,0.550012695671301,0.917,0.59,0,"6","RPL18A"
0,0.494323189013911,0.903,0.576,0,"6","RPL3"
0,0.56716170379041,0.884,0.557,0,"6","RPL9"
0,0.513054262996797,0.924,0.598,0,"6","RPS27A"
0,0.558222302862703,0.892,0.566,0,"6","RPL8"
0,0.661038099374943,0.908,0.582,0,"6","RPL12"
0,0.452281660355467,0.921,0.595,0,"6","RPL41"
0,0.510320572625508,0.913,0.587,0,"6","RPL19"
0,0.660963127338563,0.876,0.55,0,"6","RPL6"
0,0.571482900695873,0.907,0.582,0,"6","RPL36"
0,0.580486238552402,0.887,0.562,0,"6","RPL29"
0,0.672974292372846,0.829,0.504,0,"6","RPSA"
0,0.502606722821811,0.903,0.579,0,"6","RPL35A"
0,0.524268471406744,0.906,0.582,0,"6","RPS23"
0,0.449794785865695,0.894,0.57,0,"6","RPS25"
0,0.466186200271129,0.908,0.585,0,"6","RPL30"
0,0.43762266079247,0.909,0.586,0,"6","RPL21"
0,0.567977349376008,0.892,0.569,0,"6","RPL18"
0,0.655260277632177,0.845,0.522,0,"6","RPS11"
0,0.450208482543238,0.884,0.562,0,"6","RPL14"
0,0.500718180499696,0.884,0.563,0,"6","RPS7"
0,0.475656655894231,0.892,0.571,0,"6","RPL35"
0,0.515285019566288,0.888,0.567,0,"6","RPS9"
0,0.557369373710531,0.874,0.553,0,"6","RPL37A"
0,0.569221718019866,0.872,0.551,0,"6","RPL24"
0,0.573795948789473,0.882,0.561,0,"6","RPS13"
0,0.5498763384716,0.894,0.574,0,"6","RPS3A"
0,0.798542101057547,0.754,0.434,0,"6","RPL4"
0,0.352424237306048,0.867,0.547,0,"6","H3-3B"
0,0.508658897207082,0.864,0.547,0,"6","RPL7A"
0,0.416958151046802,0.872,0.555,0,"6","RPL13A"
0,0.457858056814521,0.881,0.565,0,"6","RPS21"
0,0.705285660317902,0.78,0.464,0,"6","RPL23"
0,0.599776493162382,0.84,0.524,0,"6","RPL5"
0,0.502691389622429,0.85,0.535,0,"6","RPL38"
0,1.46382472830821,0.596,0.283,0,"6","MAF"
0,0.51855481094636,0.844,0.533,0,"6","RPL27"
0,1.67354215180781,0.516,0.206,0,"6","TSHZ2"
0,0.556891602571854,0.769,0.462,0,"6","RPL36A"
0,0.543869334957412,0.851,0.544,0,"6","RPL10A"
0,0.539339620095461,0.847,0.54,0,"6","RPS10"
0,0.583856667295739,0.767,0.463,0,"6","RPL7"
0,1.48734590963246,0.528,0.225,0,"6","ADAM19"
0,0.506125014511216,0.836,0.533,0,"6","RPS5"
0,0.789317363056875,0.659,0.36,0,"6","RPL22"
0,1.1934878670306,0.782,0.487,0,"6","RBPJ"
0,0.470933205211875,0.742,0.452,0,"6","RPS20"
0,0.895785562432418,0.571,0.289,0,"6","RPS6KA3"
0,1.07598886087554,0.517,0.24,0,"6","BBLN"
0,2.34143443425028,0.333,0.063,0,"6","CD40LG"
0,2.26610356056539,0.363,0.094,0,"6","PPARG"
0,0.920189918742534,0.814,0.548,0,"6","LDLRAD4"
0,1.08911073766609,0.59,0.33,0,"6","PHTF2"
0,1.6579606454792,0.405,0.146,0,"6","MFHAS1"
0,1.13673552090298,0.835,0.58,0,"6","RORA"
0,0.769785663754719,0.684,0.43,0,"6","SPOCK2"
0,0.885288743652425,0.677,0.425,0,"6","SNX9"
0,1.23587669520354,0.518,0.266,0,"6","GRAMD1B"
0,1.03462208108162,0.702,0.452,0,"6","FKBP5"
0,0.708664860338527,0.662,0.42,0,"6","PHACTR2"
0,1.27013710774942,0.376,0.138,0,"6","CD4"
0,0.814645826404634,0.472,0.235,0,"6","ARB2A"
0,1.84589114743538,0.353,0.116,0,"6","GAB2"
0,2.6030659603503,0.291,0.055,0,"6","ENSG00000234261"
0,1.05986175656841,0.431,0.197,0,"6","BLTP1"
0,0.806056827419512,0.461,0.229,0,"6","H2AZ2"
0,0.80152422878133,0.481,0.249,0,"6","CHASERR"
0,2.1103269262363,0.317,0.087,0,"6","CCL20"
0,2.24855848494987,0.383,0.157,0,"6","CXCL13"
0,1.2773805136325,0.513,0.288,0,"6","DLEU1"
0,1.2916433452113,0.385,0.162,0,"6","GK"
0,2.15521358538555,0.285,0.063,0,"6","ENSG00000303405"
0,1.10789912003408,0.468,0.247,0,"6","LINC02694"
0,1.76800430693816,0.301,0.082,0,"6","STING1"
0,1.30904761475763,0.342,0.125,0,"6","BMAL1"
0,1.91943839052987,0.375,0.158,0,"6","MAP3K4"
0,1.85720778408496,0.29,0.074,0,"6","ENSG00000259345"
0,0.552727193174611,0.432,0.218,0,"6","TNFRSF18"
0,1.98013611802561,0.294,0.08,0,"6","CHN1"
0,0.970749041873538,0.485,0.271,0,"6","RUNX2"
0,1.27637147359029,0.339,0.127,0,"6","TNFRSF25"
0,1.79120659968166,0.333,0.122,0,"6","PDE7B"
0,1.36410276457892,0.354,0.144,0,"6","TNFSF8"
0,2.33651693034112,0.262,0.053,0,"6","ENSG00000288853"
0,1.88796936278155,0.285,0.08,0,"6","FURIN"
0,0.862899398174021,0.388,0.185,0,"6","ENSG00000228655"
0,0.308578167809152,0.363,0.161,0,"6","TNFRSF4"
0,1.33792412129158,0.285,0.084,0,"6","ABTB3"
0,1.16550706695865,0.349,0.15,0,"6","TOX2"
0,0.671090513116619,0.914,0.716,0,"6","LINC-PINT"
0,0.895684883289808,0.823,0.627,0,"6","NR3C1"
0,1.26562992582837,0.311,0.116,0,"6","TANK-AS1"
0,0.911218382089096,0.364,0.169,0,"6","MARCHF7"
0,2.09932922279982,0.26,0.066,0,"6","CTSH"
0,1.59507615227867,0.302,0.109,0,"6","LNCRNA-IUR"
0,1.19318381434853,0.3,0.108,0,"6","ENSG00000296297"
0,1.46375782418345,0.317,0.127,0,"6","GADD45G"
0,1.22045911432163,0.308,0.121,0,"6","GNA15"
0,1.13330737936707,0.315,0.131,0,"6","MARCHF3"
0,1.82204056973563,0.257,0.073,0,"6","TBXAS1"
0,1.03560937526795,0.313,0.133,0,"6","ENSG00000309976"
0,1.0679407525746,0.294,0.116,0,"6","NICOL1"
0,1.2045967473871,0.322,0.145,0,"6","CYTH3"
0,1.11732397590009,0.302,0.128,0,"6","ENSG00000291143"
0,1.0012528260566,0.292,0.122,0,"6","POLR2J3.1"
0,1.23559434088209,0.279,0.11,0,"6","IRAG2"
0,1.85145902715764,0.219,0.05,0,"6","LINC00892"
0,2.56650220863557,0.191,0.033,0,"6","ENSG00000271774"
0,1.75975462075649,0.219,0.062,0,"6","SH3TC1"
0,1.68340081506377,0.223,0.069,0,"6","ENSG00000235978"
0,1.58284134314438,0.213,0.062,0,"6","ENSG00000261448"
0,3.59786771198961,0.164,0.015,0,"6","IL26"
0,3.02455373538832,0.168,0.027,0,"6","GNG4"
0,1.74904935382272,0.192,0.051,0,"6","SMCO4"
0,2.46571779603754,0.166,0.026,0,"6","HLF"
0,1.41370626756611,0.203,0.064,0,"6","ENSG00000297883"
0,3.51801348185818,0.15,0.013,0,"6","NTRK2"
0,1.36703367989671,0.207,0.07,0,"6","EPC1-AS1"
0,2.25137093260684,0.193,0.058,0,"6","NMB"
0,2.36149120088852,0.177,0.043,0,"6","CPM"
0,1.2823132491903,0.204,0.073,0,"6","GARRE1"
0,1.61422767982748,0.191,0.064,0,"6","BTLA"
0,1.24841391180944,0.192,0.067,0,"6","VCF1"
0,3.19791276431615,0.141,0.016,0,"6","PDE7B-AS1"
0,1.63127131429813,0.183,0.059,0,"6","CD109"
0,1.44069672617693,0.174,0.057,0,"6","CHRM3-AS2"
0,2.14703388113396,0.143,0.026,0,"6","ENSG00000284825"
0,5.08588828542578,0.117,0.004,0,"6","IL17A"
0,3.35814198548527,0.123,0.011,0,"6","LINC03062"
0,2.79282799608465,0.133,0.022,0,"6","ENSG00000287347"
0,3.28976608588646,0.123,0.012,0,"6","ENSG00000282849"
0,2.0507419199443,0.151,0.04,0,"6","CD200"
0,2.13364294334617,0.136,0.026,0,"6","ENSG00000286285"
0,2.9314760226846,0.131,0.022,0,"6","LHFPL6"
0,3.1367176789916,0.121,0.014,0,"6","IL21"
0,2.04367557027429,0.139,0.036,0,"6","ELAPOR1"
0,1.90126025355448,0.136,0.036,0,"6","ENSG00000249236"
0,1.92063431311812,0.141,0.041,0,"6","ENSG00000303114"
0,3.05067933999508,0.116,0.02,0,"6","RNF144B"
0,3.73349130486392,0.103,0.007,0,"6","COL5A3"
0,2.59195285325612,0.111,0.016,0,"6","ENSG00000266088"
0,2.24835985548626,0.112,0.023,0,"6","IL23R"
0,2.36945761605436,0.104,0.02,0,"6","ENSG00000286313"
0,1.84572361836258,0.108,0.026,0,"6","ENSG00000227598"
5.37355677729857e-319,1.70851576575794,0.152,0.048,4.83679219081421e-314,"6","LINC02384"
4.5694451760661e-318,1.2420573247474,0.19,0.067,4.11300329742886e-313,"6","ZC2HC1A"
7.49257468837292e-318,1.60458355522153,0.169,0.057,6.74414140275135e-313,"6","ENSG00000285280"
7.67603114398669e-318,0.432287791593319,0.954,0.615,6.90927239301386e-313,"6","MT-CO2"
1.54921891864469e-316,0.987639003259289,0.359,0.177,1.39446744086127e-311,"6","HIPK2"
1.1463032165345e-315,0.40561045704978,0.946,0.611,1.03179898823487e-310,"6","RPS27"
3.74052227991008e-315,0.853304848042438,0.558,0.34,3.36688150936987e-310,"6","SERINC5"
1.48789372291599e-314,0.871983678617682,0.402,0.209,1.33926801893391e-309,"6","LINC00299"
6.11345033585803e-313,1.23001326453563,0.238,0.096,5.50277778180917e-308,"6","MIR222HG"
1.31311127845927e-310,1.22505905018319,0.196,0.072,1.18194459285398e-305,"6","ENSG00000293372"
1.44382619494367e-310,0.579274868236585,0.573,0.326,1.29960239633075e-305,"6","ENSG00000279483"
1.60545979056554e-309,0.681532588953835,0.48,0.257,1.44509041208595e-304,"6","ATP5MK"
3.12019038573912e-309,0.686631921871626,0.466,0.252,2.80851456810764e-304,"6","CTLA4"
4.69207871601731e-308,1.74320185248499,0.157,0.052,4.22338697307434e-303,"6","ADAM12"
2.34440889719499e-307,1.28151563187914,0.248,0.103,2.11022589245418e-302,"6","ENSG00000268027"
2.91039350547177e-307,1.25351244319302,0.2,0.074,2.6196742982102e-302,"6","ENSG00000291149"
2.90251204214602e-305,1.19736193819861,0.227,0.091,2.61258011425605e-300,"6","AFG2A"
1.09739989699612e-304,0.449382415238634,0.757,0.471,9.87780621285181e-300,"6","RPL31"
4.60808842510286e-304,1.78160037223175,0.108,0.028,4.14778647231934e-299,"6","LRP12"
8.66780196022964e-303,0.973072763944113,0.385,0.2,7.80197522242231e-298,"6","TMEM167A"
1.67000200499829e-298,1.04537704812067,0.305,0.143,1.50318550471901e-293,"6","AGPAT5"
4.38939495014632e-296,1.03096955803817,0.278,0.124,3.9509382885762e-291,"6","ENSG00000253980"
4.8345426119931e-295,0.931454116717726,0.378,0.194,4.35162015048111e-290,"6","RPS6KA5"
3.22492468516143e-294,0.347087612984362,0.859,0.551,2.90278695836065e-289,"6","RPL27A"
3.65652694623852e-294,0.86938568889647,0.662,0.462,3.29127646957875e-289,"6","DLEU2"
7.63200941839302e-294,0.410264399288411,0.958,0.618,6.86964799758974e-289,"6","MT-CO1"
1.79832832517225e-291,0.931588833872537,0.28,0.124,1.61869330877079e-286,"6","ENSG00000236449"
6.36418269108397e-291,0.373148818236813,0.938,0.604,5.72846448207159e-286,"6","MT-CO3"
5.04142779232385e-290,1.32146539872805,0.174,0.062,4.53783957014862e-285,"6","COX10-DT"
1.19967495983179e-289,0.650390805681247,0.501,0.283,1.07983942809419e-284,"6","TALAM1"
1.47144048778387e-288,1.36171837318761,0.176,0.063,1.32445829745914e-283,"6","ENSG00000300303"
1.67106870633639e-283,0.464281944128252,0.71,0.437,1.50414565326044e-278,"6","RPL36AL"
4.89994377046845e-281,1.43604304579984,0.167,0.06,4.41048838723636e-276,"6","TNFSF13B"
5.6233829929684e-279,0.382131083375789,0.918,0.593,5.06166326580079e-274,"6","RPS14"
1.91486020940377e-277,0.828212395994205,0.344,0.17,1.72358482308643e-272,"6","FAM66A"
8.76032220072592e-277,1.5053811437556,0.148,0.05,7.88525361609541e-272,"6","CYSLTR1"
3.35514055268258e-275,1.20493607742457,0.21,0.085,3.01999556287511e-270,"6","ENSG00000290067"
2.32553662501961e-273,0.67587693115108,0.378,0.193,2.0932387715464e-268,"6","H1-10"
1.56957928435695e-272,1.08809238461054,0.387,0.213,1.41279400964253e-267,"6","KIAA0319L"
7.69471613379749e-271,0.347878660207077,0.736,0.462,6.92609093919246e-266,"6","RPS26"
3.17222479410537e-269,0.538144682014564,0.512,0.287,2.85535125942218e-264,"6","H3-3A"
4.39236606970804e-267,0.959629210788923,0.322,0.161,3.9536126230049e-262,"6","PKIA"
8.0873912263729e-267,0.789984584031249,0.456,0.263,7.27954171677051e-262,"6","ZNRF1"
2.10235471722324e-266,0.952008327630014,0.291,0.137,1.89235050451981e-261,"6","ARL3"
7.23658923839881e-265,0.630737615086395,0.546,0.322,6.51372633937516e-260,"6","H2AZ1"
9.49704139036687e-265,0.303598486064388,0.915,0.587,8.54838192588312e-260,"6","MT-ND3"
1.32749074159482e-264,0.7638618087624,0.325,0.16,1.19488769141691e-259,"6","SKIC8"
1.73224455431143e-263,0.849968203098062,0.547,0.351,1.55921064578126e-258,"6","RAB11FIP1"
7.97356335356895e-262,0.961627370624322,0.491,0.303,7.17708411018094e-257,"6","THADA"
2.25001986584188e-260,1.27044688691288,0.142,0.048,2.02526538144294e-255,"6","ENSG00000296331"
9.81349852444682e-259,0.523524968980291,0.539,0.311,8.83322815683983e-254,"6","RPS4Y1"
9.8406121839197e-258,0.712720131277398,0.702,0.509,8.85763343286796e-253,"6","ELMO1"
6.89245126965008e-257,0.920334470975598,0.487,0.307,6.20396431232474e-252,"6","MGAT4A"
4.93872201013351e-256,0.721691070917436,0.694,0.494,4.44539306854127e-251,"6","PDE4D"
1.23529745867919e-254,1.49595280966153,0.144,0.05,1.11190359553172e-249,"6","GK-AS1"
7.93089349237977e-254,1.0215657792746,0.205,0.084,7.13867654142596e-249,"6","FHIP2A"
8.8307466190888e-251,1.41562222122392,0.15,0.053,7.94864333930802e-246,"6","C2CD5-AS1"
8.97441547204514e-251,0.517915594574023,0.526,0.305,8.07796111054256e-246,"6","ENSG00000294512"
2.90147780364555e-250,0.662784340303199,0.569,0.362,2.6116491858394e-245,"6","LIMS1"
7.19572985064131e-250,0.952356811847962,0.435,0.256,6.47694839586075e-245,"6","AGFG1"
8.57485480587066e-250,0.795408219368333,0.312,0.153,7.71831255931224e-245,"6","ADSS2"
2.61553268241604e-247,0.342312226822773,0.938,0.605,2.3542671227695e-242,"6","MT-ND4"
4.75794804384939e-243,0.599508875565028,0.714,0.525,4.28267661374928e-238,"6","TNFAIP8"
8.55834490711538e-243,0.645042589306635,0.358,0.185,7.70345183434362e-238,"6","PRP4K"
1.88065714101916e-240,0.981577081174,0.246,0.112,1.69279829920276e-235,"6","TARS3"
2.76344000511772e-240,1.0478124018662,0.195,0.08,2.48739998300651e-235,"6","CCR4"
4.96423505734309e-240,1.0373531265868,0.201,0.083,4.46835761746509e-235,"6","ENSG00000293320"
1.64049979065032e-239,1.32179288360085,0.165,0.063,1.47663026656226e-234,"6","BLM"
3.11702051834541e-239,1.35994384722931,0.159,0.06,2.80566133876789e-234,"6","TRABD2A"
4.5995895010422e-237,0.969037798111526,0.253,0.118,4.1401365057831e-232,"6","DAPP1"
7.49449214946287e-237,0.289798647307527,0.913,0.588,6.74586732865303e-232,"6","MT-CYB"
1.14331987462676e-236,0.308666779736594,0.884,0.574,1.02911365235029e-231,"6","RPL23A"
5.9814593520629e-236,0.950076811646869,0.335,0.177,5.38397137738534e-231,"6","REEP3"
1.40686160454227e-235,0.634691729321915,0.394,0.213,1.26633019886454e-230,"6","MARCHF6"
2.35230954147961e-233,1.19749252974724,0.174,0.069,2.11733734138122e-228,"6","TMED8"
2.47330580208736e-233,1.0630068667558,0.18,0.072,2.22624728551686e-228,"6","ENSG00000294153"
1.34873179590255e-232,1.31164455890712,0.141,0.05,1.21400697680984e-227,"6","PALM2AKAP2"
7.19265036436519e-232,1.10683277885252,0.259,0.125,6.47417651946875e-227,"6","RETREG1"
1.7450825710816e-231,0.546383908248107,0.424,0.234,1.57076627305626e-226,"6","ATP5MJ"
1.93883585591403e-231,1.59847922423155,0.107,0.033,1.74516554226678e-226,"6","ENSG00000249806"
8.40611960300871e-231,0.555221339816264,0.386,0.207,7.56643231586417e-226,"6","RPS27L"
1.07032918065021e-230,0.928885772629617,0.214,0.093,9.63413998795064e-226,"6","AKAP13-AS1"
5.23308335397615e-230,0.614491512924885,0.568,0.363,4.71035065774747e-225,"6","CD6"
1.2366260903652e-229,1.21768882400109,0.16,0.061,1.11309951019862e-224,"6","ENSG00000296425"
1.46429465675625e-228,0.48288752573999,0.619,0.403,1.31802626349287e-223,"6","ICOS"
1.67459580432675e-228,0.435068499673665,0.618,0.383,1.50732042943255e-223,"6","RPL17"
3.76896912629853e-228,0.316878485222129,0.908,0.588,3.39248680027257e-223,"6","RPS3"
2.36852469728925e-225,1.36468498754279,0.121,0.04,2.13193276527702e-220,"6","ENSG00000237773"
2.53879772397116e-224,0.286355804404281,0.874,0.569,2.28519721932368e-219,"6","MT-ND2"
2.15106470205764e-222,0.8290099989021,0.453,0.28,1.9361948489691e-217,"6","MAST4"
4.59674524972461e-222,1.49401014029333,0.102,0.031,4.13757636672962e-217,"6","ENSG00000289298"
8.10707905230208e-222,0.780294165369074,0.269,0.13,7.29726292576763e-217,"6","DARS1"
1.08477607458472e-221,1.6448318163717,0.103,0.032,9.76417792494452e-217,"6","BCAT1"
1.36560225085421e-221,1.42092307272594,0.106,0.033,1.22919224201639e-216,"6","PLAT"
3.15346362636579e-220,1.36288311824142,0.106,0.033,2.83846414472811e-215,"6","CEP43"
1.24100017503732e-217,0.757340812265236,0.247,0.116,1.11703666755284e-212,"6","MACROH2A1"
2.2060768099719e-217,0.849692487838827,0.323,0.172,1.9857117974238e-212,"6","CERK"
5.70990085180038e-217,1.01950311263025,0.523,0.364,5.13953885571404e-212,"6","RBMS1"
2.73364172632937e-216,0.471641983289238,0.547,0.337,2.46057825428633e-211,"6","RPS17"
3.13419047003965e-215,0.780630959188947,0.266,0.129,2.82111618398739e-210,"6","ENSG00000284634"
6.89869820870363e-215,0.761932855408081,0.291,0.146,6.20958724463622e-210,"6","ENSG00000302351"
2.29114471403343e-213,1.45082204115224,0.112,0.037,2.06228226854863e-208,"6","IL4I1"
3.22235618659065e-213,1.11664976511021,0.229,0.108,2.90047502711211e-208,"6","NOTCH2"
3.44472990510492e-213,0.879938960579308,0.219,0.099,3.10063583488399e-208,"6","FMNL1-DT"
7.91486599826665e-213,0.865878135541618,0.202,0.088,7.12425003369979e-208,"6","H2BC12"
1.00089593760313e-211,0.266696187873381,0.821,0.533,9.00916442395952e-207,"6","MT-ND1"
2.88770454070295e-209,0.941546767760928,0.229,0.108,2.59925173413213e-204,"6","TNFSF4"
1.10499989169519e-207,1.32175628831763,0.162,0.066,9.94621452513755e-203,"6","LINC01572"
2.01463699963282e-207,0.811493636866174,0.312,0.166,1.8133949097395e-202,"6","METTL8"
2.05203785016469e-205,0.607038616322508,0.693,0.537,1.84705978931174e-200,"6","LAPTM5"
4.82426931716983e-205,0.812868561088311,0.496,0.328,4.34237305507773e-200,"6","MGAT5"
2.70073370403659e-203,0.812634617861632,0.283,0.144,2.43095741434038e-198,"6","ENSG00000283674"
2.82385059208899e-203,0.964067556821344,0.306,0.167,2.54177615644522e-198,"6","GOLGA8A"
4.21837348349523e-203,1.04610433315681,0.203,0.092,3.7970001562289e-198,"6","GDE1"
1.4727453102409e-200,0.403975963045524,0.565,0.349,1.32563278120094e-195,"6","CYRIB"
5.3711893504814e-199,1.16740506715675,0.114,0.039,4.83466124626181e-194,"6","MARCHF2"
1.63386644686343e-198,0.639023220828728,0.351,0.194,1.47065952748624e-193,"6","ATOSA"
2.66742523262377e-198,0.858621159504922,0.204,0.092,2.40097612613699e-193,"6","PGM5P2.1"
4.22810739907471e-198,0.835988540151139,0.344,0.195,3.80576175098114e-193,"6","CCDC6"
1.1744403384511e-196,1.36298616488265,0.106,0.035,1.05712549304322e-191,"6","MAILR"
2.58815750039376e-196,0.644604301870632,0.555,0.372,2.32962644767942e-191,"6","ETV6"
3.53790252107361e-194,1.53353313077444,0.118,0.042,3.18450143824357e-189,"6","NEK10"
1.80048871877631e-193,0.762717830900174,0.321,0.176,1.62063790065775e-188,"6","LIMA1"
8.82142620238259e-193,1.32008412466525,0.172,0.075,7.9402539390266e-188,"6","ANKRD33B"
3.64113407282842e-192,0.622417154592503,0.411,0.246,3.27742119029359e-187,"6","RORA-AS1"
5.35004539951986e-192,0.877875931555513,0.181,0.079,4.81562936456182e-187,"6","F5"
8.85970796041187e-192,0.83398842879424,0.273,0.142,7.97471173224633e-187,"6","PDCD1"
3.03354778332499e-191,0.83485695900168,0.405,0.249,2.73052669524866e-186,"6","SESN3"
2.71335903457106e-190,0.891643428820323,0.255,0.129,2.44232160060775e-185,"6","CDYL2"
2.60083048856812e-187,1.39696887597585,0.104,0.035,2.34103353106505e-182,"6","ENSG00000289359"
1.31389180566867e-185,1.09191296496055,0.138,0.054,1.18264715320043e-180,"6","ENSG00000261435"
2.20152501436709e-185,0.924052516266277,0.257,0.133,1.98161468068196e-180,"6","SRGAP2C"
3.87554798157982e-183,1.13657822095573,0.154,0.065,3.48841949369981e-178,"6","LRRN3"
4.69109863055166e-183,1.05133533582265,0.12,0.044,4.22250478834586e-178,"6","ENSG00000298318"
6.89288525575647e-181,0.87869130601652,0.224,0.11,6.20435494755895e-176,"6","HYCC1"
7.05960571566251e-181,0.973413239841427,0.293,0.165,6.35442170072498e-176,"6","CSGALNACT1"
6.45098472377017e-179,0.661995443572373,0.247,0.124,5.80659585971277e-174,"6","ENSG00000271204"
2.19143644822008e-178,0.657031664945503,0.234,0.114,1.97253386140738e-173,"6","POLR1H"
3.95398927305258e-177,0.883724985100878,0.178,0.079,3.55902528456736e-172,"6","UQCC5"
8.5343322676095e-177,0.832093029173344,0.185,0.084,7.68183781739799e-172,"6","ENSG00000290048"
2.26163460802472e-176,1.70569742635066,0.112,0.041,2.03571992702913e-171,"6","SOX5"
4.29440625392459e-176,1.13803197198149,0.121,0.045,3.86543801322007e-171,"6","SLC12A2-DT"
9.623305395962e-176,0.653940802635856,0.504,0.339,8.66203341995936e-171,"6","CDK6"
7.30607707398126e-175,0.809817186417223,0.514,0.356,6.57627303506128e-170,"6","IL6ST"
1.29653343499954e-174,0.367469191553621,0.443,0.263,1.16702271017743e-169,"6","CAST.1"
4.91694811984084e-174,0.586328960122447,0.631,0.47,4.42579417214994e-169,"6","ABCC1"
3.66921109266958e-173,0.566312786141854,0.554,0.377,3.30269359662281e-168,"6","PBX4"
8.91329186740621e-173,0.805422574963933,0.285,0.156,8.02294314277101e-168,"6","KLHL5"
1.63217831613218e-170,1.31317684990193,0.116,0.044,1.46914002413373e-165,"6","CTSL"
3.34518044228478e-170,0.853918866326404,0.186,0.086,3.01103036790495e-165,"6","IARS1"
4.34764528041249e-170,0.769454289620486,0.435,0.279,3.91335899335209e-165,"6","SLC9A9"
3.89570187082109e-169,0.784784708702164,0.188,0.087,3.50656021094477e-164,"6","ENSG00000298543"
4.01226146374827e-169,0.535375452115597,0.577,0.407,3.61147666613445e-164,"6","LINC01934"
4.07197847527897e-169,1.02408808181686,0.183,0.085,3.66522854538335e-164,"6","BTG1-DT"
8.94268537590429e-168,0.692811774243489,0.481,0.322,8.04940053370521e-163,"6","PHF21A"
3.06598392496674e-167,0.40166004037068,0.579,0.398,2.75972279070182e-162,"6","BATF"
3.62211331211545e-166,0.593890010887935,0.718,0.567,3.26030041336824e-161,"6","TANK"
2.5887634722731e-164,0.550306367732066,0.647,0.488,2.33017188902774e-159,"6","TOX"
5.97891647737946e-164,0.624892733658635,0.258,0.136,5.38168251045402e-159,"6","ENSG00000273445"
3.23942983636985e-163,0.296930975803629,0.389,0.226,2.91584319001487e-158,"6","MT-ATP8"
4.67845089602104e-163,0.801973523430905,0.281,0.156,4.2111204360175e-158,"6","TP53INP1"
3.76072392320182e-162,0.657806530847492,0.335,0.195,3.38506521051319e-157,"6","CD82"
5.16384741980739e-162,0.74237307186754,0.194,0.093,4.64803070104283e-157,"6","BLTP3B"
4.21518239063636e-161,0.676815970530675,0.228,0.115,3.79412782163569e-156,"6","LINC03009"
3.58074871076395e-160,0.733617610876671,0.183,0.085,3.22306772204574e-155,"6","PSME3IP1"
3.6558064267968e-160,0.919006952544927,0.173,0.08,3.29062792282407e-155,"6","ENSG00000308299"
7.36767018844328e-159,0.80047243912665,0.183,0.086,6.63171361331968e-154,"6","SUGT1P3.1"
1.24695840318222e-158,0.896355002458535,0.187,0.09,1.12239972828835e-153,"6","VDR"
8.70561579294146e-158,0.930201654201655,0.143,0.061,7.83601183138454e-153,"6","LINC03006"
1.74983101097818e-157,0.883563371415679,0.172,0.08,1.57504039129157e-152,"6","MIR3667HG"
2.53762238772536e-156,0.896569899092081,0.203,0.101,2.28413928741547e-151,"6","ZNF281"
3.22847732692857e-156,1.0408083449992,0.123,0.049,2.90598472674167e-151,"6","DYNC2I1"
4.58239749573068e-156,0.600626387294878,0.243,0.127,4.12466180988215e-151,"6","GOLM2"
5.64367211755731e-156,0.27296007743321,0.298,0.164,5.07992570973451e-151,"6","ENSG00000310376"
7.75999671015373e-156,0.886574529649819,0.147,0.064,6.98485063877647e-151,"6","POLR2J4.1"
2.098622826155e-155,0.569802470813763,0.601,0.438,1.88899139205038e-150,"6","TRPS1"
3.5926736415623e-155,0.607751547534698,0.472,0.317,3.23380147150664e-150,"6","GTDC1"
7.98632718090158e-155,0.5025898252353,0.317,0.18,7.18857295880132e-150,"6","ENSG00000266049"
1.90903624935383e-154,1.16665473291698,0.119,0.047,1.71834261840588e-149,"6","BHLHE40-AS1"
2.40144023436577e-154,0.517423095933702,0.328,0.188,2.16156036935498e-149,"6","RPL22L1"
2.0398094138781e-153,0.712862859776494,0.21,0.106,1.83605285152582e-148,"6","ARK2N"
1.22195486196944e-152,0.645649850676559,0.243,0.128,1.09989379080731e-147,"6","BRD10"
1.36709988137996e-152,0.672246273531898,0.249,0.133,1.23054027422892e-147,"6","HYCC2"
5.44937291413715e-152,0.595957059691356,0.266,0.144,4.90503505374399e-147,"6","ENSG00000291073"
1.21152207925327e-151,1.01799171485307,0.121,0.049,1.09050313875666e-146,"6","ENSG00000280878"
2.04521850091857e-150,0.769098162522014,0.18,0.086,1.84092162486182e-145,"6","NPIPB13"
2.26528050632609e-150,0.780666415332194,0.189,0.092,2.03900163654918e-145,"6","ENSG00000286808"
1.35294951285906e-149,0.795318593696067,0.176,0.084,1.21780338601957e-144,"6","CSTPP1"
2.23910990307857e-149,0.841079101023511,0.166,0.077,2.01544521486005e-144,"6","RPL7L1"
2.6445390506933e-149,0.815636735809238,0.146,0.064,2.38037604491955e-144,"6","CENATAC"
2.85247718247607e-149,0.741105708665759,0.194,0.095,2.56754323671853e-144,"6","RPS6KB1"
7.18744023291366e-149,0.991255616379006,0.113,0.045,6.46948682804791e-144,"6","MAP3K5-AS2"
1.08460319074634e-148,1.03235062221341,0.136,0.059,9.76262178022686e-144,"6","LINC01480"
9.08036633680513e-148,0.708916249431338,0.215,0.11,8.17332854342167e-143,"6","ZZZ3"
3.16268629959661e-147,0.64729910240634,0.374,0.234,2.8467655651299e-142,"6","MIS18BP1"
1.29654322286462e-145,0.487321228497948,0.669,0.512,1.16703152033267e-140,"6","CYTH1"
8.09534054256617e-145,0.821538633099035,0.151,0.068,7.28669697576924e-140,"6","ENSG00000308157"
1.02638496310246e-144,0.589315475645738,0.199,0.099,9.23859369138151e-140,"6","ENSG00000307107"
1.07848839791199e-144,0.867746626524001,0.162,0.076,9.7075819184456e-140,"6","ENSG00000259589"
1.17601028520095e-143,1.20368479481619,0.192,0.099,1.05853861781223e-138,"6","PTPRM"
1.43389220727668e-143,0.707209162204586,0.28,0.161,1.29066071469181e-138,"6","MCF2L2"
1.63629047277649e-142,0.662606263599447,0.598,0.453,1.47284141745085e-137,"6","JARID2"
3.4081956638385e-142,0.754825932732156,0.163,0.076,3.06775099897767e-137,"6","LARS1"
2.04823914009915e-141,0.65857577788753,0.24,0.13,1.84364053239465e-136,"6","ENSG00000286223"
1.78617044570226e-140,1.03909960637363,0.109,0.044,1.60774987988107e-135,"6","H2BC15"
5.97582585650432e-140,0.806783471787057,0.164,0.078,5.3789006116981e-135,"6","ENSG00000302067"
9.8998150999425e-140,0.895700005670019,0.125,0.053,8.91092256960925e-135,"6","GARS1-DT"
1.65777295192726e-139,0.903704719346152,0.129,0.055,1.49217801175925e-134,"6","ENSG00000258891"
4.75724040657555e-138,0.619592486087413,0.31,0.184,4.28203966236272e-133,"6","ELK3"
5.22420491009404e-138,0.933566739523558,0.154,0.072,4.70235908162475e-133,"6","ENSG00000241490"
1.14006930275352e-137,0.556063422678938,0.231,0.123,1.02618778010147e-132,"6","RPS19BP1"
2.03010253570054e-137,0.675045028883019,0.198,0.101,1.82731559340941e-132,"6","MARCHF5"
3.90975658864979e-137,0.534269780329601,0.685,0.547,3.51921100300956e-132,"6","RGS1"
6.89392932444208e-137,0.832062701680697,0.155,0.073,6.20529472422356e-132,"6","ENSG00000267476"
8.28610058707021e-137,0.7425135232891,0.172,0.083,7.45840199942777e-132,"6","ENSG00000272368"
1.24204577155138e-136,1.02319774564767,0.108,0.043,1.11797781943111e-131,"6","CELF2-AS1"
8.07944853572702e-136,0.46690999788767,0.703,0.555,7.27239242149325e-131,"6","KLF12"
9.59563037816713e-136,0.601299060930439,0.549,0.402,8.63712285969202e-131,"6","PELI1"
9.81459967744015e-135,0.548215801362832,0.5,0.351,8.83421931566065e-130,"6","STK24"
1.15096266339928e-134,0.387343646321448,0.541,0.374,1.03599300295232e-129,"6","HNRNPLL"
1.23748997084999e-134,1.14633382733424,0.129,0.057,1.11387709766178e-129,"6","RDH10"
1.57543443297466e-134,0.723259062092413,0.197,0.101,1.41806428746482e-129,"6","RSL1D1-DT"
1.18324825389926e-133,0.524371569707123,0.646,0.497,1.06505358581727e-128,"6","TNIK"
3.2234048335358e-133,0.869834822733857,0.132,0.059,2.90141892471391e-128,"6","FRG1HP.1"
1.32233280357907e-132,0.897269044605633,0.144,0.067,1.19024497982956e-127,"6","ENSG00000308148"
2.82075767918293e-132,0.567710660324524,0.314,0.188,2.53899219460935e-127,"6","SLAMF1"
1.05565496392908e-131,0.632363681546406,0.191,0.097,9.50205589582201e-127,"6","ENSG00000300654"
1.51436824335016e-131,0.557527837034888,0.279,0.161,1.36309799952191e-126,"6","CTSB"
2.23748333968692e-131,0.701928580780295,0.253,0.144,2.01398112888559e-126,"6","SYNJ2"
4.18163157720275e-131,0.767797979179991,0.141,0.064,3.76392839895597e-126,"6","CUTALP.1"
6.30262138554759e-131,2.04613347347299,0.111,0.047,5.67305253534524e-126,"6","G0S2"
1.17926023775903e-130,0.791735983513515,0.166,0.081,1.06146393260928e-125,"6","ARHGAP15-AS1"
5.44799712456767e-130,0.747644561328988,0.225,0.123,4.9037966917946e-125,"6","SGPP2"
7.71785619168827e-130,0.485097900057724,0.536,0.38,6.94691953670053e-125,"6","TAB2"
1.090533210097e-129,0.646165431500201,0.264,0.151,9.81599847740411e-125,"6","C16orf87"
1.71747189950279e-129,1.02672944651459,0.117,0.05,1.54591363146146e-124,"6","IL6R"
5.59967784163872e-128,0.441385546779318,0.499,0.347,5.04032602203743e-123,"6","PVT1"
8.80417355180808e-128,0.599188739161543,0.447,0.305,7.92472465571797e-123,"6","AHI1"
7.17860672876316e-127,0.948645852131147,0.118,0.051,6.46153570262701e-122,"6","ENSG00000233367"
6.05228977194705e-126,0.691653344217107,0.292,0.177,5.44772654662726e-121,"6","REPS1"
3.08139327436786e-125,0.484149803199155,0.271,0.156,2.77359290019125e-120,"6","EEIG2"
4.88638573615437e-125,0.767196097409913,0.158,0.077,4.39828466496991e-120,"6","ENSG00000294708"
1.9068097632796e-124,0.416094092931507,0.583,0.425,1.7163385360256e-119,"6","TLK1"
2.01719658338967e-124,0.394305379409834,0.922,0.861,1.81569881667487e-119,"6","SRGN"
2.23417705496998e-124,0.830859209418142,0.154,0.075,2.01100510894902e-119,"6","MAL"
2.45015757263423e-124,0.855850365349979,0.135,0.062,2.20541133270379e-119,"6","NPDC1"
3.34920236964615e-123,0.352873322988254,0.784,0.654,3.01465054494219e-118,"6","CD247"
1.57600334611343e-122,0.807358732410864,0.129,0.059,1.41857637187015e-117,"6","PDPR2P.1"
3.67965597509962e-122,0.659206138029033,0.235,0.133,3.31209513974692e-117,"6","TIFA"
4.52796803720465e-122,0.929745972440806,0.196,0.106,4.07566930996828e-117,"6","ICA1"
6.67159242819119e-122,0.281357900726354,0.409,0.256,6.00516706053917e-117,"6","RPS27P3"
2.85834196652916e-121,0.638693423744709,0.178,0.091,2.57282218749256e-116,"6","KGD4"
3.81089048431805e-121,0.896349024908375,0.132,0.061,3.43022063383952e-116,"6","PASK"
2.86156571637941e-120,0.735698760568821,0.141,0.066,2.57572391697027e-115,"6","GARS1"
1.32793149664546e-119,0.632329620693276,0.421,0.286,1.19528441944554e-114,"6","ATF7IP2"
2.58917475957671e-119,0.472517502586155,0.257,0.148,2.33054209284259e-114,"6","ENSG00000272211"
5.77135771424526e-119,0.813565326525363,0.131,0.061,5.1948567921693e-114,"6","RARS1"
1.10635985668334e-118,0.497844973844337,0.181,0.093,9.9584557059924e-114,"6","TET2-AS1"
1.57695375663039e-118,0.852514983577848,0.111,0.048,1.41943184588058e-113,"6","PIK3IP1-DT"
1.12552147820116e-117,0.69093209537314,0.153,0.075,1.01309313774365e-112,"6","TARS1"
1.76133721852293e-117,0.892739275027487,0.117,0.052,1.58539724376468e-112,"6","ENSG00000282278"
1.83780245245621e-117,0.503943333264684,0.231,0.129,1.65422436548036e-112,"6","H1-2"
2.56164184456127e-117,0.826128843695455,0.115,0.051,2.30575944070804e-112,"6","RPS6KA1"
3.08344320261928e-117,0.717514751851946,0.259,0.154,2.77543806110964e-112,"6","ST8SIA1"
4.27911794114067e-117,0.490604797835437,0.221,0.122,3.85167685000012e-112,"6","H2AJ"
8.06077507706361e-117,0.729013544307218,0.264,0.158,7.25558425461573e-112,"6","NLK"
1.5140171723749e-116,0.628643811705055,0.149,0.072,1.36278199702637e-111,"6","BIRC6-AS2.1"
8.72040695599848e-116,0.7634928049526,0.13,0.061,7.84932550516379e-111,"6","MFSD14CP.1"
3.18279202675799e-115,0.689772719899172,0.247,0.145,2.86486293120513e-110,"6","FAM241A"
3.71627264850202e-115,0.815845184235225,0.124,0.057,3.34505417364315e-110,"6","ENSG00000308280"
1.15228856089862e-114,0.529118565909164,0.222,0.124,1.03718645655045e-109,"6","YARS1"
5.34017737294147e-114,0.511980214866944,0.222,0.124,4.80674705515835e-109,"6","ENSG00000261573"
2.02816872237962e-113,0.480947438439424,0.429,0.289,1.82557494870112e-108,"6","RNASET2"
7.6274774723404e-113,0.827168104788047,0.16,0.082,6.86556874762832e-108,"6","CMTM8"
2.89629398481926e-112,0.534348337799145,0.331,0.211,2.60698317867566e-107,"6","MAP3K1"
3.25057980732537e-112,0.719056215703868,0.14,0.068,2.92587939037164e-107,"6","ENSG00000242588"
9.9092755416802e-112,0.392241316360069,0.753,0.628,8.91943800782176e-107,"6","FAM107B"
1.9689119923591e-111,0.915776798586391,0.107,0.047,1.77223737344235e-106,"6","ENSG00000306181"
7.98891401103393e-111,0.553337676233898,0.201,0.109,7.19090139047175e-106,"6","ENSG00000279583"
2.35998017934267e-110,0.403999571361093,0.779,0.674,2.12424175922813e-105,"6","CELF2"
1.43276838106481e-109,0.557921490512536,0.222,0.126,1.28964914748025e-104,"6","ENSG00000291046"
1.44159115515281e-109,0.738336646327797,0.174,0.092,1.2975906146646e-104,"6","ENSG00000250362"
2.38536949156629e-109,0.613524943601245,0.158,0.08,2.14709493305373e-104,"6","EPRS1"
5.39822390012046e-109,0.746000550414687,0.13,0.062,4.85899531473743e-104,"6","HARS1"
5.45857027067581e-109,0.770335160119187,0.126,0.059,4.913313686338e-104,"6","ENSG00000288887"
1.06141249836242e-108,0.554435734609889,0.343,0.225,9.55388003900994e-104,"6","NDUFAF6"
1.7411010563735e-108,0.53699159466022,0.35,0.228,1.56718247185235e-103,"6","KDM5B"
1.19724981151703e-107,0.62757992054787,0.205,0.115,1.07765652784459e-102,"6","GRAMD2B"
2.03643700534246e-107,0.888212297716837,0.106,0.047,1.83301731287881e-102,"6","IGFBP4"
2.3006856470677e-107,0.559674125250392,0.419,0.291,2.07087015778211e-102,"6","NPC1"
2.32102220767007e-107,0.527021113997834,0.484,0.355,2.08917529934591e-102,"6","OSTF1"
2.93855373689069e-107,0.389350960734152,0.262,0.155,2.64502160411268e-102,"6","ENSG00000287555"
2.45072514506649e-106,0.931245631398371,0.104,0.046,2.2059222103258e-101,"6","ENSG00000288965"
2.49660023685148e-106,1.02070155630601,0.12,0.057,2.24721483919238e-101,"6","PHACTR2-AS1"
3.0845540753965e-105,0.607507054455427,0.339,0.223,2.77643796880515e-100,"6","FOXN2"
4.14933928347028e-105,0.7220433296737,0.127,0.06,3.73486178244444e-100,"6","GFUS"
7.49251572194988e-105,0.819955557135982,0.157,0.082,6.7440883264843e-100,"6","PCBP3"
2.28717396949643e-104,0.98976625118981,0.104,0.046,2.05870816168343e-99,"6","ENSG00000296618"
4.30630576089446e-104,0.470043735888585,0.287,0.177,3.87614887843871e-99,"6","CD5"
4.66519556195157e-104,0.670371705974183,0.228,0.134,4.19918917726822e-99,"6","IFI44"
4.94016343864146e-104,0.767461599231595,0.117,0.054,4.44669051275557e-99,"6","YJU2B"
8.15627956609212e-104,0.410508999940838,0.607,0.472,7.34154880023518e-99,"6","SIPA1L1"
1.52892048089307e-103,0.506760362031046,0.409,0.283,1.37619661405666e-98,"6","SREBF2"
4.3244296128513e-103,0.628470693404567,0.183,0.099,3.89246233882358e-98,"6","SPDYE2"
7.85563438358175e-103,0.509366135870848,0.298,0.187,7.07093506500577e-98,"6","ZC3H12D"
1.69273304406123e-102,0.853618224572518,0.138,0.069,1.52364594028995e-97,"6","ZNF282"
2.51303112644958e-102,0.516261436689148,0.494,0.363,2.26200444722853e-97,"6","BCAS3"
9.12971426686738e-102,0.717125274511117,0.124,0.06,8.21774710875e-97,"6","ENSG00000290192"
1.74353863868547e-101,0.442206781530379,0.577,0.442,1.56937656406717e-96,"6","MAP3K5"
1.93104985838668e-101,0.571908847830881,0.41,0.287,1.73815728803244e-96,"6","UCP2"
6.43352933863749e-101,0.711266648373259,0.13,0.064,5.79088409300099e-96,"6","ENSG00000299358"
7.1958523746604e-101,0.67554965902819,0.141,0.071,6.47705868095557e-96,"6","ENSG00000300496"
1.82600024010026e-100,0.684242174048019,0.135,0.067,1.64360107611664e-95,"6","ENSG00000301902"
1.88935163029834e-100,0.357979946206014,0.311,0.195,1.70062429594784e-95,"6","DNPH1"
2.48167115728187e-100,0.332729776477432,0.667,0.513,2.23377702538098e-95,"6","INPP4B"
1.65165715835411e-99,0.334913064773981,0.568,0.421,1.48667312480611e-94,"6","TRAF3"
1.78524157881419e-99,0.770221593718477,0.118,0.056,1.60691379750644e-94,"6","MIRLET7BHG"
4.35705622240414e-99,0.519001511729938,0.363,0.243,3.92182987634819e-94,"6","PPP1CC"
7.87853732665001e-99,0.528780010787211,0.442,0.318,7.09155023309094e-94,"6","ADAM10"
2.27706852624843e-98,0.776258966392838,0.121,0.059,2.04961215116148e-93,"6","IL7"
2.29528153774372e-98,0.39343313120833,0.62,0.48,2.0660058649385e-93,"6","STAT5B"
7.92936704821336e-98,0.332508220757136,0.83,0.724,7.13730257376733e-93,"6","FNBP1"
8.19847776819784e-98,0.332691118502682,0.689,0.547,7.37953182393256e-93,"6","FOXO1"
8.3716014213679e-98,0.491353215601389,0.344,0.228,7.53536215538746e-93,"6","TMEM245"
8.84401811388136e-98,0.633229071097001,0.155,0.081,7.96058914448575e-93,"6","ENSG00000291203"
1.28837846741191e-97,0.537857676790653,0.549,0.426,1.15968234230214e-92,"6","SLC4A7"
2.49741114773658e-97,0.794561238284986,0.132,0.067,2.24794474818917e-92,"6","ENSG00000295480"
2.9316153225909e-97,0.596184904733114,0.141,0.071,2.63877626801729e-92,"6","PRKY.1"
3.86030152856023e-97,0.403586137690865,0.421,0.289,3.47469600887235e-92,"6","TMEM123"
4.9499037997746e-97,0.464615159831983,0.29,0.183,4.45545790921511e-92,"6","RHBDD2"
8.32784816681294e-97,0.754769463965933,0.129,0.064,7.49597941342999e-92,"6","ENSG00000293497"
1.4582976691548e-96,0.434123427232052,0.184,0.101,1.31262831498292e-91,"6","SARS1"
3.3416308435045e-96,0.471891223166822,0.313,0.201,3.00783533854684e-91,"6","CLNS1A"
5.61250922615784e-96,0.684695576817371,0.249,0.154,5.05187567955693e-91,"6","GRAMD1A"
2.51496714409165e-95,0.566406723410342,0.161,0.086,2.26374707606834e-90,"6","PHB1"
3.48273224421709e-95,0.628935011272722,0.132,0.066,3.13484212034225e-90,"6","ENSG00000290993"
1.16329712712586e-94,0.748923605253454,0.11,0.052,1.04709537709726e-89,"6","KRBOX5"
1.85028332471497e-94,0.450840997313087,0.391,0.269,1.66545852340919e-89,"6","CMTM6"
7.45706123013198e-94,0.749852675675651,0.132,0.067,6.7121753838541e-89,"6","H2AC6"
7.61560447614883e-94,0.583308409183404,0.157,0.084,6.85488174502632e-89,"6","RPS6KC1"
4.73064245947821e-93,0.325684651194035,0.623,0.479,4.25809858420093e-88,"6","MSI2"
9.89786308146175e-93,0.302587278552992,0.759,0.632,8.90916553825453e-88,"6","RNF19A"
1.74524003054391e-92,0.444219604575593,0.303,0.194,1.57090800389288e-87,"6","AP4B1-AS1"
3.25610462593344e-92,0.661082290023601,0.321,0.216,2.93085233484895e-87,"6","INPP5F"
3.33606762968355e-92,0.711809084893126,0.255,0.161,3.00282783415446e-87,"6","SRGAP2"
1.69011271940598e-91,0.773430358899255,0.117,0.057,1.52128735986452e-86,"6","ENSG00000265987"
2.3857319888157e-91,0.311688966318979,0.827,0.725,2.1474212204529e-86,"6","ATXN1"
7.8578402618522e-91,0.708572590413881,0.158,0.086,7.07292059809578e-86,"6","KIF5C"
1.35391501807645e-90,0.82711533173663,0.158,0.087,1.21867244692079e-85,"6","ELMO1-AS1"
1.5017003531265e-90,0.368036169244243,0.587,0.455,1.35169550485269e-85,"6","PAK2"
1.60459215847926e-90,0.758972088303498,0.155,0.084,1.44430944776877e-85,"6","BFSP2-AS1"
2.90079035688677e-90,0.602903425685293,0.146,0.077,2.61103040813735e-85,"6","ENSG00000289100"
8.61170897185613e-90,0.451599795740841,0.278,0.176,7.75148536265742e-85,"6","NMRK1"
1.71793850157851e-89,0.682984435407379,0.147,0.078,1.54633362465583e-84,"6","ASB2"
4.04015636353752e-89,0.661592560999995,0.112,0.054,3.63658514438375e-84,"6","ENSG00000304761"
4.57743571663295e-89,0.510792574350506,0.203,0.119,4.12019566289848e-84,"6","MBOAT1"
6.89462399315959e-89,0.758741692538847,0.109,0.052,6.20592000248288e-84,"6","ENSG00000290928"
1.32169947021024e-88,0.740944387877621,0.266,0.172,1.18967491013094e-83,"6","CEACAM21"
4.06012370884917e-88,0.546025237967614,0.369,0.258,3.65455795157222e-83,"6","PLIN2"
4.15706940779409e-88,0.447078587228929,0.463,0.338,3.74181974464954e-83,"6","ITPR1"
8.30135413077866e-88,0.463100449207736,0.568,0.443,7.47213186665518e-83,"6","UBE2K"
8.47176255893801e-88,0.335804182474495,0.329,0.215,7.62551819692569e-83,"6","TRAT1"
1.28998121645111e-87,0.792404762494791,0.104,0.05,1.16112499273981e-82,"6","SEPTIN7P13.1"
1.68254830680536e-87,0.722206539293927,0.109,0.053,1.51447855643857e-82,"6","ENSG00000247925"
3.47431074975483e-87,0.636643925963982,0.124,0.063,3.12726184896182e-82,"6","MUC20-OT1"
4.58546650260536e-87,0.532467365521208,0.24,0.148,4.12742425366011e-82,"6","LGALS8"
5.35501156127322e-87,0.521889782819604,0.164,0.091,4.82009945641764e-82,"6","ENSG00000289152"
8.27736727493827e-87,0.719905680236869,0.174,0.099,7.45054105784469e-82,"6","CCDC50"
1.72880756831237e-86,0.757127286459557,0.109,0.053,1.55611698031365e-81,"6","CD274"
3.46480764856612e-86,0.646593487047108,0.119,0.059,3.11870801255085e-81,"6","ENSG00000291175"
3.81855900141255e-86,0.470815514312314,0.298,0.196,3.43712314276145e-81,"6","BHLHE40"
9.94214772947141e-86,0.379488196576802,0.607,0.474,8.94902659277451e-81,"6","RUNX1"
9.95260466122439e-86,0.635821848223733,0.316,0.215,8.95843898161469e-81,"6","SESN1"
1.08966831197194e-85,0.550515703227477,0.148,0.079,9.80821344289065e-81,"6","H2AC25"
1.72253880424044e-85,0.567560300180577,0.131,0.068,1.55047440308486e-80,"6","DTX2P1-UPK3BP1-PMS2P11"
5.4434388691712e-85,0.355737673623416,0.61,0.471,4.89969376052969e-80,"6","LINC00513"
6.09524946866422e-85,0.495889985143167,0.262,0.167,5.48639499923935e-80,"6","TESPA1"
1.75802785830892e-84,0.362218026395656,0.637,0.504,1.58241845554244e-79,"6","SEPTIN6"
2.50216960194949e-84,0.641278062613631,0.132,0.069,2.25222788041075e-79,"6","MYO7A"
4.9191285250979e-84,0.412592080229044,0.446,0.328,4.42775677672587e-79,"6","SNHG32"
5.1065575986087e-84,0.584172288154348,0.129,0.067,4.59646356008368e-79,"6","MARS1"
7.50063285920083e-84,0.672846847294691,0.107,0.052,6.75139464289526e-79,"6","RN7SL1"
4.45727309902093e-83,0.476853822468868,0.624,0.502,4.01203608915973e-78,"6","ZEB1"
5.4211937522126e-83,0.289524804397206,0.654,0.517,4.87967070830408e-78,"6","CAPZB"
5.82006762595561e-83,0.692954009888807,0.268,0.179,5.2387010707989e-78,"6","FAAH2"
6.73355344976737e-83,0.376113390089329,0.558,0.432,6.06093879567011e-78,"6","NEK7"
8.91224188307837e-83,0.759814271358265,0.144,0.079,8.02199804137767e-78,"6","SRGAP2B"
1.24034763730694e-82,0.429534245190504,0.469,0.349,1.11644931181635e-77,"6","CRY1"
2.85522063674996e-82,0.675366829270418,0.113,0.057,2.570012647345e-77,"6","ENSG00000288064"
3.70921808135864e-82,0.452004705375966,0.607,0.5,3.33870428721173e-77,"6","NAP1L4"
5.82930398226704e-82,0.372171264657051,0.434,0.31,5.24701480747839e-77,"6","VOPP1"
6.05283840804561e-82,0.486634234699501,0.216,0.132,5.44822037946593e-77,"6","GLB1"
8.79755453868848e-82,0.477159817638465,0.321,0.218,7.91876681581889e-77,"6","SFXN1"
1.13887301380112e-81,0.661202852488919,0.115,0.058,1.02511098845252e-76,"6","ENSG00000288899"
1.911875712731e-81,0.286899340450276,0.677,0.548,1.7208984477863e-76,"6","ITK"
6.94365486941984e-81,0.601692156894925,0.142,0.077,6.25005318451349e-76,"6","ZNF37BP.1"
7.83132985432237e-81,0.750933197924111,0.113,0.057,7.04905831517411e-76,"6","MIR497HG"
1.05951827711842e-80,0.437805072212539,0.387,0.274,9.53682996417063e-76,"6","MYO5A"
1.63665005076196e-80,0.600151203469547,0.152,0.085,1.47316507719135e-75,"6","NCF4"
2.28644787166307e-80,0.586363347884766,0.123,0.063,2.05805459376265e-75,"6","RPL17P6"
4.0050413252607e-80,0.575244669738047,0.125,0.065,3.60497774728041e-75,"6","NARS1"
4.34139156818558e-80,0.438647967173743,0.24,0.15,3.90772996443952e-75,"6","USF2"
7.88218440832351e-80,0.395409866647385,0.434,0.313,7.09483300777608e-75,"6","PTPN2"
1.08109729892001e-79,0.362274918847653,0.457,0.34,9.73106489730889e-75,"6","ANKRD28"
1.12708901705541e-79,0.275216278077751,0.349,0.234,1.01450409514175e-74,"6","CD28"
4.50901761251066e-79,0.431476712990446,0.396,0.283,4.05861184319697e-74,"6","NCOA7"
7.35102386897897e-79,0.61355299252657,0.118,0.061,6.61673009470666e-74,"6","ENSG00000289017"
9.45862858507798e-79,0.584038851136065,0.303,0.207,8.51380617571454e-74,"6","SLAIN2"
1.57402754144049e-78,0.705866576263793,0.135,0.073,1.416797930326e-73,"6","RFX2"
2.32414188441657e-78,0.564487337812517,0.226,0.141,2.0919833515822e-73,"6","TRIM13"
3.24148302326148e-78,0.672030283815868,0.112,0.057,2.91769128406789e-73,"6","RPL17P18"
6.32057618774184e-78,0.401589252964581,0.392,0.279,5.68921383234831e-73,"6","PCNX2"
9.21837211865654e-78,0.498423690493833,0.273,0.181,8.29754892772394e-73,"6","DAPK2"
1.31905842129173e-77,0.49869389693611,0.295,0.198,1.1872976755889e-72,"6","NUP58"
2.56784853212532e-77,0.363060572538632,0.533,0.407,2.31134614225133e-72,"6","GLCCI1"
2.77892038061874e-77,0.324951601635594,0.795,0.698,2.50133402379873e-72,"6","EML4"
6.94125587627356e-77,0.445241092733729,0.151,0.084,6.2478938267926e-72,"6","RPL13P12"
1.57441032750067e-76,0.592363994735679,0.155,0.088,1.41714247988663e-71,"6","MSRA"
2.52662623825936e-76,0.561438311570871,0.118,0.062,2.27424154331963e-71,"6","ENSG00000290832"
2.55599336423448e-76,0.442154725670718,0.172,0.1,2.3006751870811e-71,"6","MIDEAS"
3.05576870615954e-76,0.284519712567048,0.344,0.234,2.75052797010126e-71,"6","CORO1B"
5.90327505834445e-76,0.504077142246377,0.146,0.081,5.31359691276642e-71,"6","RABGEF1P1.1"
9.36575350525879e-76,0.667411341486572,0.141,0.078,8.43020838761849e-71,"6","MTHFD1L"
9.92159701506067e-76,0.286959600872592,0.569,0.437,8.93052868922626e-71,"6","ZNF292"
1.27703390015349e-75,0.585778563508416,0.102,0.051,1.14947098386716e-70,"6","RPS6KB2"
1.69522319535178e-75,0.427882245626616,0.167,0.096,1.52588735036809e-70,"6","ENSG00000295475"
3.78936234815888e-75,0.303743907716976,0.425,0.302,3.41084294320129e-70,"6","PBXIP1"
5.85795006388939e-75,0.338281935522696,0.766,0.673,5.27279943200748e-70,"6","PDE3B"
6.03163758425755e-75,0.30132341629269,0.373,0.259,5.42913730596606e-70,"6","CD226"
1.10881703186477e-74,0.414245896244316,0.253,0.164,9.98057298551797e-70,"6","IKBKB"
2.10876273322879e-74,0.397295183899781,0.346,0.242,1.89811842380657e-69,"6","MTHFD2"
3.78504865822134e-74,0.62820756448549,0.127,0.069,3.40696014775161e-69,"6","MTERF2"
4.00822093462378e-74,0.335494922995639,0.446,0.325,3.60783974546421e-69,"6","SELENOT"
5.60793746836055e-74,0.654921763325371,0.101,0.051,5.04776059464601e-69,"6","ATP8B1-AS1"
1.07855979227005e-73,0.586621940511441,0.215,0.135,9.70822454620193e-69,"6","WDR59"
1.3219641224334e-73,0.296766223990767,0.533,0.402,1.18991312624353e-68,"6","TSPAN5"
5.61239276873408e-73,0.587347373709851,0.129,0.07,5.05177085506523e-68,"6","ENSG00000254604"
7.19772112682325e-73,0.391466142878183,0.17,0.099,6.47874076346488e-68,"6","ADI1"
9.74087720137156e-73,0.77726809766447,0.102,0.052,8.76786097772656e-68,"6","ENSG00000288891"
1.342472390919e-72,0.474346900286008,0.457,0.352,1.2083728237901e-67,"6","PRDM1"
1.6732109040211e-72,0.346831484971628,0.639,0.522,1.50607386681843e-67,"6","ITGA4"
1.99817312304961e-72,0.488977694622582,0.139,0.077,1.79857560978818e-67,"6","TXLNGY.1"
2.26606479031735e-72,0.677325342950829,0.136,0.076,2.03970757841255e-67,"6","DEAF1"
3.01566351459938e-72,0.558187712126553,0.113,0.059,2.71442888612605e-67,"6","LINC01964"
8.73470362735887e-72,0.538282876303774,0.331,0.237,7.86219408202199e-67,"6","TIAM1"
2.8086414708739e-71,0.717326967932593,0.11,0.058,2.52808627434831e-66,"6","LY96"
3.30038265017374e-71,0.661536700814843,0.111,0.058,2.97070742724789e-66,"6","USP12-AS1"
9.471771676927e-71,0.510380403699682,0.109,0.056,8.52563640411876e-66,"6","ZBTB47-AS1"
2.62239869514136e-70,0.482707583720518,0.207,0.13,2.36044728948369e-65,"6","NDFIP2"
2.73985528826974e-70,0.678694117950662,0.138,0.078,2.46617114352447e-65,"6","SLC1A4"
3.44532064891189e-70,0.619144640187054,0.111,0.058,3.10116756929208e-65,"6","ENSG00000295348"
3.60538398913827e-70,0.510237551148301,0.218,0.139,3.24524218246325e-65,"6","AGPAT4"
4.58261651542524e-70,0.384385472993052,0.18,0.108,4.12485895169942e-65,"6","IFT25"
8.50613698740381e-70,0.285516061237557,0.626,0.5,7.65645896373204e-65,"6","FXYD5"
9.12793577789701e-70,0.513046433157607,0.218,0.14,8.21614627304287e-65,"6","NFATC1"
3.08601301368399e-69,0.474152512862259,0.261,0.176,2.7777511737471e-64,"6","CD83"
3.24848690730422e-69,0.662484790287704,0.121,0.066,2.9239955501336e-64,"6","RPL29P4"
7.25982738084093e-69,0.850103631877136,0.118,0.065,6.53464322376873e-64,"6","DRAIC"
1.86339050229779e-68,0.458835583298641,0.285,0.195,1.67725642502327e-63,"6","WDFY2"
2.20195636180494e-68,0.62046079596646,0.101,0.052,1.98200294082425e-63,"6","ENSG00000233912"
2.51482888568666e-68,0.39248748729045,0.552,0.436,2.26362262829542e-63,"6","SMARCA2"
8.23401731476316e-68,0.344898992207687,0.506,0.386,7.41152132519146e-63,"6","MRTFA"
1.53928196822182e-67,0.478006598272407,0.198,0.124,1.38552309241614e-62,"6","MTM1"
4.73065588406514e-67,0.461669562677374,0.123,0.067,4.25811066780587e-62,"6","ENSG00000294598"
6.13919821013061e-67,0.316562553860583,0.658,0.543,5.52595370092066e-62,"6","AAK1"
2.9155602095407e-66,0.495509242933273,0.144,0.083,2.62432490020968e-61,"6","SKIC3"
4.60741849016075e-66,0.505418727219931,0.291,0.202,4.14718345717859e-61,"6","TMEM156"
7.35930745761785e-66,0.362967156829604,0.43,0.321,6.6241862356764e-61,"6","ZNF831"
8.83423652657317e-66,0.292525824525281,0.573,0.451,7.95178463993378e-61,"6","GPRIN3"
9.25099510208439e-66,0.523859202553886,0.184,0.114,8.32691320133718e-61,"6","POR"
9.38831498056069e-66,0.530184572112078,0.129,0.072,8.45051619715248e-61,"6","ENSG00000298748"
1.37862284666665e-65,0.336228244228898,0.541,0.42,1.24091221051312e-60,"6","MKLN1"
1.67707465312488e-65,0.475171291457162,0.122,0.067,1.50955166602424e-60,"6","KARS1"
1.88396720608776e-65,0.333527866277346,0.495,0.379,1.69577772187165e-60,"6","PTPN1"
1.99244213217399e-65,0.945866029383768,0.176,0.111,1.79341708759113e-60,"6","PGM2L1"
2.31074774093466e-65,0.623788339156536,0.17,0.104,2.0799271490927e-60,"6","IRAK2"
2.55877446809115e-65,0.417968422401653,0.139,0.079,2.30317848647353e-60,"6","ENSG00000304336"
3.51663275086494e-65,0.47184370881438,0.158,0.094,3.16535630538104e-60,"6","TIPARP-AS1"
7.07470990489327e-65,0.616601254055053,0.176,0.109,6.36801713249348e-60,"6","MSC-AS1"
7.87855598005427e-65,0.448091189221476,0.16,0.095,7.09156702320665e-60,"6","ENSG00000299264"
9.62370605219429e-65,0.571325145641605,0.118,0.065,8.6623940546406e-60,"6","ENSG00000308860"
1.49510254057602e-64,0.315278811690839,0.191,0.118,1.34575674779788e-59,"6","ENSG00000286145"
2.05988274465472e-64,0.424400123497815,0.22,0.143,1.85412105729116e-59,"6","N4BP2"
4.19220724844143e-64,0.284692276083115,0.599,0.477,3.77344766639461e-59,"6","RAPGEF1"
6.98359720917426e-64,0.327752185988217,0.465,0.354,6.28600568394984e-59,"6","PKM"
1.39451114430493e-63,0.345915997262281,0.494,0.382,1.25521342610031e-58,"6","MBNL2"
2.21758922111495e-63,0.466515694755398,0.314,0.221,1.99607423381778e-58,"6","CITED2"
3.70291048855104e-63,0.271007842531091,0.669,0.549,3.33302675984968e-58,"6","CAMK4"
3.99134116616113e-63,0.398817039149448,0.157,0.094,3.59264609707329e-58,"6","ENSG00000291154"
5.77395062369734e-63,0.640730134105694,0.111,0.06,5.19719069589622e-58,"6","ENSG00000303699"
6.95802285079026e-63,0.457760133343233,0.205,0.132,6.26298594822482e-58,"6","CASS4"
8.59112936332651e-63,0.307408478286463,0.143,0.082,7.73296145122383e-58,"6","H1-3"
9.99572150135427e-63,0.335248027222982,0.181,0.111,8.99724888058399e-58,"6","NHERF1"
1.17908803978942e-62,0.63054376582921,0.126,0.071,1.06130893549486e-57,"6","TMEM64"
1.50451502050316e-62,0.390615306301055,0.108,0.058,1.3542290151051e-57,"6","ENSG00000228509"
3.01437007201698e-62,0.370225783915947,0.321,0.229,2.7132646455232e-57,"6","PHLDA1"
4.54899486193038e-62,0.328766010293283,0.205,0.13,4.09459576517216e-57,"6","ANXA2R-OT1"
7.11473313484681e-62,0.500577578204723,0.339,0.247,6.40404244200696e-57,"6","SNX25"
1.20040770492917e-61,0.444171466812968,0.186,0.117,1.08049897928379e-56,"6","ZBED4"
1.35899069851008e-61,0.285526337859134,0.57,0.459,1.22324111763591e-56,"6","NFKBIA"
1.84594685041063e-61,0.47347384570042,0.269,0.188,1.66155521952311e-56,"6","FAM13A"
4.81657036265448e-61,0.477950805162891,0.161,0.097,4.33544314912892e-56,"6","D2HGDH"
1.34191040366855e-60,0.327255789954623,0.323,0.227,1.2078669734461e-55,"6","FAS"
1.65548055697945e-60,0.264262335554555,0.42,0.307,1.49011460414278e-55,"6","GPSM3"
1.67073110487594e-60,0.698422020963257,0.137,0.081,1.50384177480989e-55,"6","PLAGL1"
1.77053121934815e-60,0.468435471167222,0.182,0.114,1.59367285584746e-55,"6","SLC25A46"
1.98326020610274e-60,0.531393557412592,0.113,0.062,1.78515234411514e-55,"6","ENSG00000285725"
2.54120485934943e-60,0.490024508764308,0.306,0.217,2.28736390594902e-55,"6","CAPN7"
3.84818451366198e-60,0.304763093074738,0.394,0.286,3.46378936259228e-55,"6","ISCU"
6.00992517998298e-60,0.32607522225443,0.504,0.391,5.40959375375448e-55,"6","PDS5A"
1.43417682346262e-59,0.324266056030798,0.259,0.175,1.29091690056694e-54,"6","MPRIP"
1.78643958054548e-59,0.316757116871037,0.262,0.178,1.6079921308448e-54,"6","NAB1"
1.88178116412476e-59,0.353352463779982,0.269,0.184,1.69381004364034e-54,"6","GAPVD1"
3.64515413357227e-59,0.267540310312241,0.29,0.202,3.28103968716973e-54,"6","PLPP1"
5.73395924993701e-59,0.552874775838504,0.104,0.057,5.1611940604608e-54,"6","POLR1HASP.1"
7.35401850101446e-59,0.520260121165215,0.135,0.08,6.61942559294813e-54,"6","IL1R1"
8.17122174351055e-59,0.704943676323998,0.112,0.063,7.35499840355128e-54,"6","SLC41A2"
8.89158674015057e-59,0.559409386798219,0.139,0.083,8.00340614067693e-54,"6","AFAP1"
1.08968918776378e-58,0.502196742621751,0.162,0.1,9.80840134798057e-54,"6","SLC25A13"
2.25662914965681e-58,0.403766631763051,0.139,0.082,2.03121446389759e-53,"6","RPS15P4"
2.33513478208508e-58,0.255466272900581,0.183,0.115,2.1018781687026e-53,"6","RRN3P2"
2.378686814124e-58,0.440524337855988,0.239,0.162,2.14107978826116e-53,"6","LARP4"
2.92348636000378e-58,0.254276920775357,0.148,0.088,2.631459307503e-53,"6","MT-ND6"
4.40338202862325e-58,0.44280919759034,0.178,0.113,3.96352819778407e-53,"6","IRS2"
5.56652197060918e-58,0.507877295768875,0.162,0.1,5.01048209096503e-53,"6","LRRC37B"
7.85915852272507e-58,0.330322265444187,0.307,0.217,7.07410717789006e-53,"6","MIR29B2CHG"
1.00339498703047e-57,0.479396807003591,0.152,0.092,9.03165861775993e-53,"6","CFAP20"
1.83081432185224e-57,0.354738335174882,0.405,0.304,1.64793427924242e-52,"6","ODF2L"
2.94024774776685e-57,0.293603910288039,0.683,0.57,2.64654640024242e-52,"6","RAP1A"
3.32701348709488e-57,0.426550541620599,0.137,0.081,2.99467810986898e-52,"6","ZNF767P.1"
3.3568241233781e-57,0.622743885596531,0.104,0.058,3.02151096169387e-52,"6","CFL2"
3.9112551364401e-57,0.291361789337288,0.589,0.472,3.5205598608611e-52,"6","RNF149"
5.70371466412266e-57,0.440773482558942,0.236,0.16,5.13397060632345e-52,"6","GOLGA8B"
8.22368057358844e-57,0.294186281965868,0.549,0.44,7.40221712109269e-52,"6","CEP85L"
8.91486580339301e-57,0.301204119418541,0.428,0.322,8.02435985829208e-52,"6","PIK3IP1"
3.34306584815998e-56,0.361245432698156,0.451,0.347,3.00912700058728e-51,"6","RANBP9"
5.74045197478268e-56,0.319636360152635,0.388,0.29,5.16703822702164e-51,"6","KAT2B"
5.78770649794542e-56,0.701701601758265,0.21,0.143,5.20957249586565e-51,"6","UST"
2.12452926634229e-55,0.594323104052461,0.132,0.079,1.91231003792736e-50,"6","LINC02649"
2.20550045981687e-55,0.391952258211533,0.439,0.338,1.98519301888576e-50,"6","ASAP1"
2.66684905694697e-55,0.685724293606637,0.103,0.057,2.40045750464854e-50,"6","ETV7"
2.95410993197001e-55,0.56069924933871,0.111,0.063,2.65902389086553e-50,"6","ENSG00000251034"
5.65147845207819e-55,0.275002535610858,0.683,0.571,5.0869522695001e-50,"6","EPC1"
1.05697624517867e-54,0.331762190645441,0.294,0.208,9.51394888047769e-50,"6","YTHDC2"
2.61019677957648e-54,0.265330914669751,0.659,0.543,2.34946422326458e-49,"6","NFAT5"
9.52298439753633e-54,0.417347066644591,0.111,0.063,8.57173348606643e-49,"6","ENSG00000309168"
1.0594366659342e-53,0.471205203801764,0.133,0.08,9.53609537374037e-49,"6","MIR3142HG"
1.20403718728032e-53,0.312376796895649,0.559,0.454,1.08376591264289e-48,"6","BCL2"
1.33950129437928e-53,0.258034216715036,0.34,0.245,1.20569851008373e-48,"6","ZC3H7A"
1.92801758739629e-53,0.304386503469623,0.275,0.191,1.73542791059128e-48,"6","GPR137B"
2.47802610304381e-53,0.316501047679272,0.197,0.129,2.23049607561077e-48,"6","PDE12"
3.03721839023229e-53,0.363521161542535,0.139,0.083,2.73383064523198e-48,"6","ENSG00000227615"
4.79475497570052e-53,0.373174996771988,0.24,0.165,4.31580690117779e-48,"6","SPAG1"
5.49878060513292e-53,0.296117802101959,0.408,0.305,4.94950741048619e-48,"6","PGAM1"
9.63464135926879e-53,0.357586868005455,0.293,0.209,8.67223703389143e-48,"6","SIAH2"
1.30081502513647e-52,0.260788325810107,0.194,0.126,1.17087661227559e-47,"6","NUTF2"
2.76547665727477e-52,0.423135547767365,0.213,0.143,2.48923319397959e-47,"6","ZC3H8"
3.4659311588606e-52,0.52634355124014,0.129,0.078,3.11971929540201e-47,"6","SUFU"
3.84685628568504e-52,0.348309976973715,0.208,0.139,3.46259381130796e-47,"6","AP3M2"
7.71192754949692e-52,0.250722433576874,0.394,0.294,6.94158310657767e-47,"6","RNF145"
2.14726076885216e-51,0.267325292061244,0.297,0.21,1.93277089065152e-46,"6","TNIP1"
2.69422015285646e-51,0.405522805624031,0.101,0.056,2.42509450178763e-46,"6","HEXIM2-AS1"
2.92323181489612e-51,0.507130660534042,0.104,0.059,2.63123018890615e-46,"6","SETD7"
3.56809167298304e-51,0.331843320138295,0.275,0.194,3.21167499576876e-46,"6","GIT2"
4.23015120766914e-51,0.316957406533376,0.494,0.392,3.80760140353507e-46,"6","MDFIC"
5.80628406390901e-51,0.268993595635815,0.587,0.479,5.22629434876514e-46,"6","ADK"
1.23608924089091e-50,0.378641446446316,0.145,0.089,1.11261628661832e-45,"6","DCTN6-DT"
2.02442845733227e-50,0.264266646899698,0.3,0.214,1.82220829872935e-45,"6","YWHAH"
2.0323475816264e-50,0.282419487140553,0.408,0.308,1.82933638169774e-45,"6","CHCHD3"
4.25983138685758e-50,0.253229209347326,0.459,0.359,3.83431682962438e-45,"6","ERN1"
5.1983755708334e-50,0.250848761564538,0.255,0.176,4.67910983506285e-45,"6","SDF4"
7.61356967880106e-50,0.425643976780992,0.128,0.077,6.85305020358563e-45,"6","AP1AR"
1.84659486718149e-49,0.380673293440496,0.243,0.17,1.66213850589873e-44,"6","SECISBP2L"
2.60130632237841e-49,0.577435290460875,0.129,0.079,2.34146183383603e-44,"6","DCP1B"
3.6839112964282e-49,0.607177665647056,0.112,0.066,3.31592539702799e-44,"6","DENND5A"
5.0972171573185e-49,0.31948032295592,0.229,0.157,4.58805613547395e-44,"6","MTMR6"
8.0486236051689e-49,0.42920537486471,0.181,0.12,7.24464659324858e-44,"6","RMC1"
8.21692348014707e-49,0.269263567178128,0.356,0.265,7.39613499371518e-44,"6","NUTM2B-AS1"
8.30409883146676e-49,0.385059181023612,0.253,0.178,7.47460239919154e-44,"6","ZNF326"
1.08503611909219e-48,0.255963680035047,0.178,0.117,9.76651861156075e-44,"6","ENSG00000310385"
1.2525606646948e-48,0.263323088529347,0.778,0.683,1.12744237989844e-43,"6","ARID4B"
1.47033077623024e-48,0.441965731246433,0.139,0.086,1.3234594349926e-43,"6","RCL1"
1.6199846719844e-48,0.256696693150175,0.471,0.365,1.45816440309988e-43,"6","SEC11A"
2.40236887895038e-48,0.351906993631553,0.281,0.202,2.16239625163203e-43,"6","C1GALT1"
2.68571718368622e-48,0.486486513017929,0.142,0.089,2.41744089420781e-43,"6","SLC35F2"
3.18344355527832e-48,0.343441820785277,0.368,0.277,2.86544937854157e-43,"6","CAPZA2"
3.59110842597997e-48,0.714588334782777,0.114,0.068,3.23239260530883e-43,"6","FRMD4A"
4.08205532640333e-48,0.427413919968886,0.233,0.163,3.6742988198489e-43,"6","RAB9A"
5.65688228880735e-48,0.309545756338892,0.219,0.15,5.09181631697839e-43,"6","TNIP2"
9.77271441281084e-48,0.276902208973584,0.717,0.626,8.79651797011516e-43,"6","JMJD1C"
1.41745605126672e-47,0.439068283337212,0.103,0.059,1.27586636630569e-42,"6","ENSG00000298630"
1.69226740181581e-47,0.389606583704921,0.21,0.143,1.52322681104842e-42,"6","RAB28"
1.79280280270794e-47,0.31109645971709,0.503,0.404,1.61371973074544e-42,"6","USP47"
6.38551446039676e-47,0.522785394693871,0.1,0.058,5.74766542094773e-42,"6","AFDN"
6.80783254740854e-47,0.280764983029938,0.212,0.144,6.1277981542479e-42,"6","PIM2"
8.69674204347122e-47,0.398899134271673,0.19,0.128,7.82802448074888e-42,"6","PLEKHG1"
1.0027869669849e-46,0.300065259335664,0.439,0.343,9.02618576852775e-42,"6","KAT6B"
1.20519419042272e-46,0.49226131492569,0.115,0.069,1.0848073427414e-41,"6","ENSG00000299729"
1.21648446887944e-46,0.269435759478577,0.547,0.445,1.09496983528307e-41,"6","PAG1"
1.5482110401576e-46,0.322675944788586,0.218,0.15,1.39356023935626e-41,"6","ANTXR2"
1.58304521461998e-46,0.383582679088156,0.106,0.061,1.42491482813159e-41,"6","ENSG00000185641"
1.58934362031399e-46,0.432683178965656,0.211,0.146,1.43058408608083e-41,"6","LMO4"
1.84340804021333e-46,0.2864029848711,0.121,0.073,1.65927001107642e-41,"6","WSB2"
1.94356128486563e-46,0.314924702875045,0.513,0.412,1.74941894812041e-41,"6","CUL3"
1.97262560103823e-46,0.403905273680423,0.302,0.221,1.77558002975052e-41,"6","MDM2"
3.47333118434196e-46,0.279036334003427,0.243,0.171,3.12638013233804e-41,"6","EED"
5.32496225458022e-46,0.404938098845463,0.1,0.058,4.7930517749702e-41,"6","LINC00881"
9.02882007326227e-46,0.379231109843566,0.37,0.286,8.1269312361441e-41,"6","JMY"
9.29458940989437e-46,0.271681706556148,0.36,0.272,8.36615287374002e-41,"6","JAML"
1.03424800807182e-45,0.50276162550998,0.117,0.071,9.30936974545527e-41,"6","PARVB"
1.67489846439769e-45,0.509428648674398,0.103,0.06,1.50759285678901e-40,"6","ENSG00000290927"
2.19105027054744e-45,0.310829279023755,0.252,0.179,1.97218625902245e-40,"6","BNIP3L"
2.72827826513577e-45,0.351504898673724,0.333,0.25,2.45575054923135e-40,"6","ITPKB"
3.75844149410643e-45,0.367644643672813,0.106,0.062,3.38301077326014e-40,"6","HAPSTR1"
4.47329257523339e-45,0.31938746775748,0.184,0.123,4.02645537989333e-40,"6","ACADVL"
5.74846674108027e-45,0.351717515493154,0.147,0.094,5.17425239831376e-40,"6","ARRDC2"
8.57719477608629e-45,0.370458521119374,0.113,0.068,7.72041878990303e-40,"6","ENSG00000307222"
8.57761083479487e-45,0.370896985362012,0.197,0.135,7.72079328850721e-40,"6","MIATNB"
9.46350297989079e-45,0.336972321578077,0.251,0.178,8.5181936672295e-40,"6","TTC7A"
1.31959620196316e-44,0.384354842749387,0.106,0.062,1.18778173734906e-39,"6","KMT5A"
1.48395773501506e-44,0.283045248903135,0.1,0.058,1.3357251968644e-39,"6","RPS18P5"
1.60020255561516e-44,0.276941245944788,0.265,0.189,1.44035832233476e-39,"6","RANGAP1"
1.81042844903122e-44,0.514394345248521,0.112,0.068,1.6295847512575e-39,"6","NEDD4"
2.50712216918041e-44,0.285519897524782,0.117,0.071,2.25668573570098e-39,"6","FAUP4.1"
6.98367354411461e-44,0.256167533248687,0.533,0.429,6.28607439379301e-39,"6","ATP2B4"
7.06838732781456e-44,0.436297357785928,0.114,0.069,6.36232611763917e-39,"6","GCC2-AS1"
1.69048580117345e-43,0.413755396741009,0.101,0.06,1.52162317449424e-38,"6","KCNN4"
2.33965923460021e-43,0.331178036812261,0.163,0.107,2.105950673656e-38,"6","IL12RB1"
3.68034591702942e-43,0.505752407916554,0.104,0.062,3.31271616337735e-38,"6","XRCC4"
7.70760151024169e-43,0.302689390521702,0.199,0.136,6.93768919538365e-38,"6","ENTPD4"
8.02609653514551e-43,0.366283101771137,0.212,0.149,7.22436975224982e-38,"6","FBXO32"
1.22748847433713e-42,0.255668098578498,0.227,0.158,1.1048746506356e-37,"6","TCF20"
1.24009333433653e-42,0.507146322074707,0.125,0.079,1.11622041116965e-37,"6","FAR2"
1.5418132747949e-42,0.271660643380252,0.396,0.304,1.38780154677564e-37,"6","MBD2"
1.6357072737488e-42,0.389227146035231,0.127,0.08,1.47231647417404e-37,"6","P2RX4"
1.63598422931316e-42,0.254181202886744,0.174,0.115,1.47256576464707e-37,"6","KCNA3"
3.68448877706688e-42,0.351159631455958,0.117,0.072,3.31644519312567e-37,"6","EP300-AS1"
3.73044195420475e-42,0.274030690854818,0.28,0.204,3.35780810739924e-37,"6","ZNF267"
5.33508204038611e-42,0.308327931176178,0.668,0.577,4.80216069537194e-37,"6","HERC1"
5.44383672453071e-42,0.311359478213257,0.126,0.08,4.90005187411733e-37,"6","ZBTB16"
7.64647333551719e-42,0.254441855897326,0.436,0.34,6.88266711403238e-37,"6","CTNNB1"
9.5297439485217e-42,0.485348878493823,0.237,0.173,8.57781782550387e-37,"6","ARHGEF12"
1.81667748545238e-41,0.524919134701084,0.114,0.07,1.63520957143054e-36,"6","UEVLD"
2.64014862685671e-41,0.285959586253067,0.292,0.215,2.37642418051999e-36,"6","PPP1R21"
3.01408777380546e-41,0.279980088049791,0.332,0.251,2.71301054608003e-36,"6","NUMB"
3.30979201256997e-41,0.309338446811209,0.115,0.071,2.97917688843435e-36,"6","MTRFR"
5.39773995937708e-41,0.333327088158754,0.178,0.12,4.8585597148349e-36,"6","TGIF1"
5.65501410145441e-41,0.365835145174726,0.243,0.175,5.09013474286013e-36,"6","EPG5"
6.4052493142962e-41,0.333974038104347,0.359,0.274,5.76542896029115e-36,"6","ELF2"
1.00544980257607e-40,0.321839455587195,0.186,0.128,9.05015421796747e-36,"6","TACC3"
1.14382689876906e-40,0.464465964741622,0.108,0.066,1.02957002985102e-35,"6","SH3PXD2A"
1.77648460744874e-40,0.528566458553712,0.104,0.063,1.59903156001069e-35,"6","MID1IP1"
1.88142243790467e-40,0.429540799379899,0.249,0.18,1.69348715058237e-35,"6","BTD"
2.00597850926927e-40,0.32570142050035,0.223,0.158,1.80560131597836e-35,"6","MAP3K14"
6.1966872227404e-40,0.389988233124155,0.267,0.198,5.57770013606086e-35,"6","UBE2E3"
7.51955547967535e-40,0.596676556562658,0.15,0.1,6.76842708281058e-35,"6","RGS16"
1.05122052307077e-39,0.437996548304724,0.145,0.096,9.46214105021233e-35,"6","TAB3"
1.50754632185214e-39,0.431329467596563,0.104,0.063,1.35695751976233e-34,"6","KLHL42"
2.08756694670468e-39,0.347956995465965,0.222,0.159,1.87903988439835e-34,"6","CNIH1"
2.11054340906514e-39,0.258299789349157,0.136,0.088,1.89972122793362e-34,"6","PEBP1P3"
2.98607598271376e-39,0.310584282659804,0.169,0.114,2.68779685280048e-34,"6","LINC00963"
7.08039542886496e-39,0.355914056442447,0.138,0.09,6.37313472947564e-34,"6","NPIPB4"
1.14621639427907e-38,0.295766609918714,0.169,0.115,1.03172083865454e-33,"6","AQP3"
1.15540009269892e-38,0.366391365113172,0.107,0.066,1.03998717743922e-33,"6","ENSG00000255139"
1.16142830706369e-38,0.318752591886045,0.127,0.081,1.0454132334711e-33,"6","RGS14"
1.28819949998219e-38,0.62492552340451,0.111,0.069,1.15952125192897e-33,"6","SLAIN1"
1.34053804499656e-38,0.341204578770186,0.127,0.081,1.20663169968185e-33,"6","CASP4LP.1"
2.4541889186879e-38,0.321673251186961,0.161,0.109,2.20903998760017e-33,"6","NETO2"
2.87129545934089e-38,0.289381288641429,0.246,0.18,2.58448175590733e-33,"6","CDK19"
1.01605692233772e-37,0.267680935482803,0.181,0.124,9.14562996365405e-33,"6","AP3D1"
1.30843798831348e-37,0.25359820362624,0.248,0.181,1.17773811766085e-32,"6","MINDY2"
1.61539984294485e-37,0.321947082939217,0.252,0.186,1.45403755263309e-32,"6","B4GALT5"
1.71092780020915e-37,0.346159431350249,0.1,0.061,1.54002322224626e-32,"6","ENSG00000225450"
2.44510501321828e-37,0.359494385732034,0.159,0.108,2.20086347344791e-32,"6","NINJ1"
2.78445891011438e-37,0.270429350027131,0.215,0.153,2.50631930958305e-32,"6","BRD9"
3.4323191363311e-37,0.306379432969003,0.284,0.215,3.08946477780299e-32,"6","HIVEP1"
7.52993193883675e-37,0.360300943418324,0.155,0.104,6.77776703746635e-32,"6","RNF19B"
7.82399684055341e-37,0.271621101231181,0.425,0.341,7.04245779615053e-32,"6","MAN1A1"
1.38409858933131e-36,0.4046858479932,0.134,0.088,1.245840981243e-31,"6","PRKCA-AS1"
1.54334294027569e-36,0.342528099547341,0.109,0.069,1.38917841397156e-31,"6","MRTFB"
2.19272538006529e-36,0.463529118514068,0.418,0.343,1.97369404185057e-31,"6","CRYBG1"
3.35662615904481e-36,0.279663179491155,0.135,0.088,3.02133277201782e-31,"6","HOXB2"
3.39416409118764e-36,0.299805670968052,0.263,0.194,3.05512104011891e-31,"6","ZZEF1"
4.54574897071309e-36,0.339449266008795,0.106,0.066,4.09167410602856e-31,"6","MYL6B"
4.94994887134119e-36,0.357982677674528,0.238,0.176,4.45549847858292e-31,"6","BCL2L11"
5.9695395362117e-36,0.300904597577205,0.28,0.21,5.37324223193951e-31,"6","ZNF654"
6.66568354143709e-36,0.376648501028229,0.109,0.069,5.99984841248294e-31,"6","MARCHF8"
6.74911481208562e-36,0.343821089351451,0.148,0.1,6.07494573350639e-31,"6","MAST2"
2.05506268660695e-35,0.251580677621377,0.222,0.16,1.84978247484178e-30,"6","SINHCAF"
2.38454566277278e-35,0.311214835526034,0.189,0.134,2.14635339651841e-30,"6","PEAK1"
2.89663610836376e-35,0.397297737824584,0.102,0.063,2.60729112749931e-30,"6","PCBD2"
3.14236958307997e-35,0.275713234743124,0.159,0.108,2.82847828542611e-30,"6","TRIM8"
3.87104174390888e-35,0.322093379013914,0.145,0.098,3.48436338410982e-30,"6","GALC"
1.07864936852043e-34,0.386203451361087,0.146,0.099,9.70903083098924e-30,"6","ZC3H14"
1.14582892960503e-34,0.382657165050351,0.116,0.075,1.03137207782678e-29,"6","MTRR"
1.43800155279548e-34,0.280308143830961,0.439,0.356,1.29435957768674e-29,"6","HIBCH"
1.50899333270271e-34,0.364164792911717,0.175,0.123,1.35825998869903e-29,"6","ITGAV"
4.72740946541151e-34,0.602337033216167,0.105,0.067,4.25518853391155e-29,"6","ADGRG1"
7.83761429298221e-34,0.333365684985643,0.134,0.089,7.05471500125622e-29,"6","INIP"
9.02268561549949e-34,0.273267480697636,0.134,0.089,8.12140954936725e-29,"6","LINC02964"
1.09272020061739e-33,0.311812049526455,0.148,0.101,9.83568379777716e-29,"6","ZNF592"
1.94804137677688e-33,0.415712262999871,0.214,0.16,1.75345152365064e-28,"6","IGHA1"
2.3249335417343e-33,0.261876001012679,0.144,0.097,2.09269593025046e-28,"6","DSE"
2.98988313221746e-33,0.278677988944857,0.156,0.107,2.69122370614025e-28,"6","MAP1LC3A"
3.03833345693117e-33,0.255029662595046,0.299,0.228,2.73483432791832e-28,"6","TNPO3"
3.14530543182881e-33,0.356975920487179,0.154,0.106,2.83112087224343e-28,"6","ERMP1"
3.43297358879556e-33,0.412000512785696,0.156,0.109,3.09005385701077e-28,"6","CCDC134"
5.69542799797843e-33,0.482234458483305,0.107,0.069,5.12651169526036e-28,"6","ADARB2"
5.93787074465911e-33,0.299480657283103,0.578,0.49,5.34473683597511e-28,"6","UBE2H"
6.09401180864563e-33,0.308248729740006,0.463,0.385,5.48528096908002e-28,"6","AFF1"
6.31032659495729e-33,0.29360954709034,0.336,0.264,5.67998807138701e-28,"6","EZH2"
7.81446199512978e-33,0.377614506211682,0.197,0.143,7.03387538643627e-28,"6","PHF6"
1.19550264001812e-32,0.352199869259238,0.121,0.08,1.07608388130671e-27,"6","BLMH"
4.61274863719109e-32,0.277315782481071,0.241,0.18,4.15198117582207e-27,"6","MOSMO"
5.95394996105117e-32,0.351688625911582,0.178,0.127,5.35920989944177e-27,"6","SLC16A1-AS1"
3.37937760311397e-31,0.26620254487265,0.158,0.11,3.04181157433891e-26,"6","CLIC5"
4.42242249175045e-31,0.298702283044569,0.107,0.069,3.9806667090495e-26,"6","PPM1M"
6.03354567797324e-31,0.260248282877566,0.302,0.235,5.43085480020049e-26,"6","UGCG"
7.17256110092371e-31,0.307866852210609,0.104,0.067,6.45609397255245e-26,"6","RNF146"
7.57034453361883e-31,0.276991583039834,0.212,0.156,6.81414281815565e-26,"6","CERS6"
7.67669800413541e-31,0.341828183542458,0.312,0.246,6.90987264050232e-26,"6","EIF2AK3"
1.09638749491181e-30,0.391285770965895,0.111,0.073,9.86869348045065e-26,"6","TYW5"
1.43876634543075e-30,0.290560285154452,0.171,0.121,1.29504797518567e-25,"6","ACAT1"
1.92489412666271e-30,0.407284899129801,0.128,0.087,1.73261645235037e-25,"6","CHKA"
3.15376892494665e-30,0.274784962690768,0.177,0.128,2.83873894703373e-25,"6","GEM"
5.57747972292064e-30,0.333045953131551,0.144,0.1,5.0203452733981e-25,"6","TOGARAM1"
6.53859058051289e-30,0.258163484782312,0.355,0.286,5.88545076742545e-25,"6","SYTL2"
6.93091050196175e-30,0.445374883895228,0.153,0.108,6.23858185192079e-25,"6","SGK1"
8.78144906653166e-30,0.298649536726178,0.147,0.102,7.90427011927581e-25,"6","TMEM70"
9.46750058672051e-30,0.286198955521947,0.137,0.094,8.521791953113e-25,"6","INPP1"
9.90789086939262e-30,0.256656652321815,0.21,0.155,8.91819165044899e-25,"6","LINC01943"
1.43736960211063e-29,0.262564545639476,0.21,0.155,1.2937907525558e-24,"6","USP42"
2.0452924634074e-29,0.263210225606284,0.113,0.075,1.84098819923763e-24,"6","TATDN3"
2.20666131198126e-29,0.357182152445878,0.117,0.079,1.98623791352745e-24,"6","XXYLT1"
2.79824154491006e-29,0.301339336315889,0.148,0.104,2.518725196989e-24,"6","ARL17A"
1.65020370758082e-28,0.317034016088025,0.15,0.106,1.48536485923057e-23,"6","PXK"
1.30132382482361e-27,0.534509665822875,0.112,0.076,1.17133458796198e-22,"6","NFIA"
1.58243074452958e-27,0.326798861265517,0.117,0.079,1.42436173745852e-22,"6","PRAG1"
2.86386538659649e-27,0.448975476565924,0.117,0.08,2.57779387312937e-22,"6","CENPP"
3.28433758783824e-27,0.369916452547371,0.103,0.069,2.95626510618908e-22,"6","TNFRSF10D"
9.11726690480498e-27,0.278172115989767,0.154,0.11,8.20654311368401e-22,"6","PPME1"
1.07023734709119e-26,0.331066306541147,0.103,0.069,9.63331338490249e-22,"6","PIGX"
1.23376951433284e-26,0.302248232047651,0.107,0.072,1.11052827754613e-21,"6","STXBP4"
1.77943402254609e-26,0.343007344911733,0.101,0.067,1.60168635803396e-21,"6","CCDC65"
1.86880140240936e-26,0.272449509938197,0.127,0.088,1.68212683032269e-21,"6","SLC36A4"
2.27799464708779e-26,0.251917285432563,0.191,0.142,2.05044576179019e-21,"6","MXI1"
2.44574194572309e-26,0.331579265184895,0.139,0.099,2.20143678276481e-21,"6","VKORC1L1"
5.13329162539211e-26,0.356650957375553,0.102,0.069,4.62052712493169e-21,"6","ENSG00000290755"
2.61801154972801e-25,0.32550985704268,0.134,0.095,2.35649837602568e-20,"6","STK3"
6.28090677893403e-25,0.291791746490867,0.101,0.068,5.65350700078631e-20,"6","GRAMD4"
1.72395207297873e-24,0.269010480674895,0.226,0.175,1.55174650040889e-19,"6","ARHGAP10"
5.53633536310686e-24,0.257089403450234,0.186,0.14,4.98331082368612e-19,"6","YPEL2"
1.3550966528089e-23,0.298722622922953,0.126,0.089,1.21973604815982e-18,"6","LIMK2"
5.4764898396896e-22,0.288088186176753,0.121,0.086,4.92944326960301e-17,"6","NARS2"
7.94388897546707e-22,0.404839979172882,0.1,0.069,7.15037390570767e-17,"6","SDC4"
1.60364951615054e-21,0.284003157401805,0.288,0.232,1.44346096598226e-16,"6","ATF6"
1.79644965528203e-21,0.516313736527536,0.112,0.08,1.61700229921591e-16,"6","OGFRL1"
1.07503315933364e-20,0.323406869897912,0.124,0.09,9.676480970478e-16,"6","HSDL2"
3.58778404995508e-20,0.339202840056535,0.146,0.109,3.22940030120507e-15,"6","MOB1B"
2.23145909029833e-19,0.277989554759281,0.107,0.077,2.00855864176843e-14,"6","ZMAT3"
3.31230126924762e-19,0.3115216447625,0.134,0.1,2.98143549546247e-14,"6","SLC49A4"
3.52540242949483e-19,0.259244783779514,0.213,0.168,3.17324998081259e-14,"6","PIK3CA"
6.82413921405642e-19,0.259444314395769,0.455,0.393,6.14247594796432e-14,"6","CAMK2D"
3.2542878400824e-18,0.250403399144951,0.524,0.452,2.92921702773657e-13,"6","ATP11B"
1.99165562867304e-17,0.366827828701636,0.1,0.073,1.79270914792489e-12,"6","DPP4"
7.58748386820001e-17,0.307920613508994,0.105,0.076,6.82957010460552e-12,"6","APP"
8.56637890598852e-17,0.335662089120842,0.127,0.096,7.71068331706932e-12,"6","PHLDA2"
1.83136887186063e-16,0.273236640168993,0.124,0.093,1.64843343525047e-11,"6","BMP2K"
4.2603785431472e-15,0.26457845898603,0.187,0.15,3.83480933047223e-10,"6","ESR2"
3.27769591646098e-14,0.251809083113761,0.18,0.145,2.95028687136569e-09,"6","FILIP1L"
1.09128470918707e-06,0.270806083255901,0.255,0.228,0.0982276279586378,"6","CMSS1"
0.000548714408168641,0.442353887340284,0.125,0.112,1,"6","CXCL8"
