"cluster","group","n_cells","resolution","field","within_cluster_fraction"
"0","CNP0000460",9962,0.2,"dataset",0.244652373584813
"1","CNP0000460",0,0.2,"dataset",0
"2","CNP0000460",2569,0.2,"dataset",0.148617378225153
"3","CNP0000460",1272,0.2,"dataset",0.112566371681416
"4","CNP0000460",3257,0.2,"dataset",0.293080176370017
"5","CNP0000460",0,0.2,"dataset",0
"6","CNP0000460",1125,0.2,"dataset",0.190452006094464
"7","CNP0000460",0,0.2,"dataset",0
"singleton","CNP0000460",0,0.2,"dataset",0
"0","GSE326225",1514,0.2,"dataset",0.0371816596674771
"1","GSE326225",10,0.2,"dataset",0.000383670963781461
"2","GSE326225",1670,0.2,"dataset",0.0966099733888696
"3","GSE326225",355,0.2,"dataset",0.0314159292035398
"4","GSE326225",551,0.2,"dataset",0.0495815711329074
"5","GSE326225",3,0.2,"dataset",0.000324956672443674
"6","GSE326225",144,0.2,"dataset",0.0243778567800914
"7","GSE326225",0,0.2,"dataset",0
"singleton","GSE326225",0,0.2,"dataset",0
"0","HRA003620",18293,0.2,"dataset",0.449249735995481
"1","HRA003620",0,0.2,"dataset",0
"2","HRA003620",10968,0.2,"dataset",0.634501909059354
"3","HRA003620",3480,0.2,"dataset",0.307964601769912
"4","HRA003620",4363,0.2,"dataset",0.392603257446234
"5","HRA003620",0,0.2,"dataset",0
"6","HRA003620",3525,0.2,"dataset",0.596749619095988
"7","HRA003620",0,0.2,"dataset",0
"singleton","HRA003620",1,0.2,"dataset",1
"0","InhouseData",716,0.2,"dataset",0.0175839288784106
"1","InhouseData",26054,0.2,"dataset",0.999616329036219
"2","InhouseData",12,0.2,"dataset",0.000694203401596668
"3","InhouseData",4545,0.2,"dataset",0.402212389380531
"4","InhouseData",244,0.2,"dataset",0.0219562674345361
"5","InhouseData",9229,0.2,"dataset",0.999675043327556
"6","InhouseData",41,0.2,"dataset",0.00694091755544269
"7","InhouseData",3124,0.2,"dataset",1
"singleton","InhouseData",0,0.2,"dataset",0
"0","PRJNA662018",10234,0.2,"dataset",0.251332301873818
"1","PRJNA662018",0,0.2,"dataset",0
"2","PRJNA662018",2067,0.2,"dataset",0.119576535925026
"3","PRJNA662018",1648,0.2,"dataset",0.145840707964602
"4","PRJNA662018",2698,0.2,"dataset",0.242778727616305
"5","PRJNA662018",0,0.2,"dataset",0
"6","PRJNA662018",1072,0.2,"dataset",0.181479600474014
"7","PRJNA662018",0,0.2,"dataset",0
"singleton","PRJNA662018",0,0.2,"dataset",0
"0","CNP0000460_P01N",1282,0.2,"orig.ident",0.0314840737739139
"1","CNP0000460_P01N",0,0.2,"orig.ident",0
"2","CNP0000460_P01N",274,0.2,"orig.ident",0.0158509776697906
"3","CNP0000460_P01N",173,0.2,"orig.ident",0.0153097345132743
"4","CNP0000460_P01N",188,0.2,"orig.ident",0.0169171240889049
"5","CNP0000460_P01N",0,0.2,"orig.ident",0
"6","CNP0000460_P01N",63,0.2,"orig.ident",0.01066531234129
"7","CNP0000460_P01N",0,0.2,"orig.ident",0
"singleton","CNP0000460_P01N",0,0.2,"orig.ident",0
"0","CNP0000460_P01T",163,0.2,"orig.ident",0.00400304526142587
"1","CNP0000460_P01T",0,0.2,"orig.ident",0
"2","CNP0000460_P01T",273,0.2,"orig.ident",0.0157931273863242
"3","CNP0000460_P01T",40,0.2,"orig.ident",0.00353982300884956
"4","CNP0000460_P01T",71,0.2,"orig.ident",0.00638891388463961
"5","CNP0000460_P01T",0,0.2,"orig.ident",0
"6","CNP0000460_P01T",12,0.2,"orig.ident",0.00203148806500762
"7","CNP0000460_P01T",0,0.2,"orig.ident",0
"singleton","CNP0000460_P01T",0,0.2,"orig.ident",0
"0","CNP0000460_P02N",1262,0.2,"orig.ident",0.0309929025761929
"1","CNP0000460_P02N",0,0.2,"orig.ident",0
"2","CNP0000460_P02N",38,0.2,"orig.ident",0.00219831077172278
"3","CNP0000460_P02N",36,0.2,"orig.ident",0.0031858407079646
"4","CNP0000460_P02N",319,0.2,"orig.ident",0.028705120129578
"5","CNP0000460_P02N",0,0.2,"orig.ident",0
"6","CNP0000460_P02N",162,0.2,"orig.ident",0.0274250888776028
"7","CNP0000460_P02N",0,0.2,"orig.ident",0
"singleton","CNP0000460_P02N",0,0.2,"orig.ident",0
"0","CNP0000460_P02T",909,0.2,"orig.ident",0.0223237309364179
"1","CNP0000460_P02T",0,0.2,"orig.ident",0
"2","CNP0000460_P02T",89,0.2,"orig.ident",0.00514867522850862
"3","CNP0000460_P02T",65,0.2,"orig.ident",0.00575221238938053
"4","CNP0000460_P02T",573,0.2,"orig.ident",0.0515612345901197
"5","CNP0000460_P02T",0,0.2,"orig.ident",0
"6","CNP0000460_P02T",221,0.2,"orig.ident",0.037413238530557
"7","CNP0000460_P02T",0,0.2,"orig.ident",0
"singleton","CNP0000460_P02T",0,0.2,"orig.ident",0
"0","CNP0000460_P03N",1215,0.2,"orig.ident",0.0298386502615487
"1","CNP0000460_P03N",0,0.2,"orig.ident",0
"2","CNP0000460_P03N",242,0.2,"orig.ident",0.0139997685988661
"3","CNP0000460_P03N",191,0.2,"orig.ident",0.0169026548672566
"4","CNP0000460_P03N",363,0.2,"orig.ident",0.0326644470440025
"5","CNP0000460_P03N",0,0.2,"orig.ident",0
"6","CNP0000460_P03N",115,0.2,"orig.ident",0.0194684272896563
"7","CNP0000460_P03N",0,0.2,"orig.ident",0
"singleton","CNP0000460_P03N",0,0.2,"orig.ident",0
"0","CNP0000460_P03T",1557,0.2,"orig.ident",0.0382376777425772
"1","CNP0000460_P03T",0,0.2,"orig.ident",0
"2","CNP0000460_P03T",147,0.2,"orig.ident",0.00850399166955918
"3","CNP0000460_P03T",173,0.2,"orig.ident",0.0153097345132743
"4","CNP0000460_P03T",228,0.2,"orig.ident",0.0205165121929272
"5","CNP0000460_P03T",0,0.2,"orig.ident",0
"6","CNP0000460_P03T",82,0.2,"orig.ident",0.0138818351108854
"7","CNP0000460_P03T",0,0.2,"orig.ident",0
"singleton","CNP0000460_P03T",0,0.2,"orig.ident",0
"0","CNP0000460_P04T",1189,0.2,"orig.ident",0.0292001277045114
"1","CNP0000460_P04T",0,0.2,"orig.ident",0
"2","CNP0000460_P04T",547,0.2,"orig.ident",0.0316441050561148
"3","CNP0000460_P04T",148,0.2,"orig.ident",0.0130973451327434
"4","CNP0000460_P04T",365,0.2,"orig.ident",0.0328444164492036
"5","CNP0000460_P04T",0,0.2,"orig.ident",0
"6","CNP0000460_P04T",176,0.2,"orig.ident",0.0297951582867784
"7","CNP0000460_P04T",0,0.2,"orig.ident",0
"singleton","CNP0000460_P04T",0,0.2,"orig.ident",0
"0","CNP0000460_P05N",268,0.2,"orig.ident",0.00658169404946094
"1","CNP0000460_P05N",0,0.2,"orig.ident",0
"2","CNP0000460_P05N",37,0.2,"orig.ident",0.00214046048825639
"3","CNP0000460_P05N",35,0.2,"orig.ident",0.00309734513274336
"4","CNP0000460_P05N",55,0.2,"orig.ident",0.00494915864303068
"5","CNP0000460_P05N",0,0.2,"orig.ident",0
"6","CNP0000460_P05N",16,0.2,"orig.ident",0.00270865075334349
"7","CNP0000460_P05N",0,0.2,"orig.ident",0
"singleton","CNP0000460_P05N",0,0.2,"orig.ident",0
"0","CNP0000460_P05T",356,0.2,"orig.ident",0.00874284731943319
"1","CNP0000460_P05T",0,0.2,"orig.ident",0
"2","CNP0000460_P05T",66,0.2,"orig.ident",0.00381811870878167
"3","CNP0000460_P05T",38,0.2,"orig.ident",0.00336283185840708
"4","CNP0000460_P05T",244,0.2,"orig.ident",0.0219562674345361
"5","CNP0000460_P05T",0,0.2,"orig.ident",0
"6","CNP0000460_P05T",35,0.2,"orig.ident",0.00592517352293889
"7","CNP0000460_P05T",0,0.2,"orig.ident",0
"singleton","CNP0000460_P05T",0,0.2,"orig.ident",0
"0","CNP0000460_P06T",781,0.2,"orig.ident",0.0191802352710037
"1","CNP0000460_P06T",0,0.2,"orig.ident",0
"2","CNP0000460_P06T",771,0.2,"orig.ident",0.0446025685525859
"3","CNP0000460_P06T",149,0.2,"orig.ident",0.0131858407079646
"4","CNP0000460_P06T",502,0.2,"orig.ident",0.0451723207054801
"5","CNP0000460_P06T",0,0.2,"orig.ident",0
"6","CNP0000460_P06T",178,0.2,"orig.ident",0.0301337396309463
"7","CNP0000460_P06T",0,0.2,"orig.ident",0
"singleton","CNP0000460_P06T",0,0.2,"orig.ident",0
"0","CNP0000460_P07N",733,0.2,"orig.ident",0.0180014243964734
"1","CNP0000460_P07N",0,0.2,"orig.ident",0
"2","CNP0000460_P07N",70,0.2,"orig.ident",0.00404951984264723
"3","CNP0000460_P07N",138,0.2,"orig.ident",0.012212389380531
"4","CNP0000460_P07N",91,0.2,"orig.ident",0.00818860793665077
"5","CNP0000460_P07N",0,0.2,"orig.ident",0
"6","CNP0000460_P07N",41,0.2,"orig.ident",0.00694091755544269
"7","CNP0000460_P07N",0,0.2,"orig.ident",0
"singleton","CNP0000460_P07N",0,0.2,"orig.ident",0
"0","CNP0000460_P07T",247,0.2,"orig.ident",0.00606596429185393
"1","CNP0000460_P07T",0,0.2,"orig.ident",0
"2","CNP0000460_P07T",15,0.2,"orig.ident",0.000867754251995835
"3","CNP0000460_P07T",86,0.2,"orig.ident",0.00761061946902655
"4","CNP0000460_P07T",258,0.2,"orig.ident",0.0232160532709439
"5","CNP0000460_P07T",0,0.2,"orig.ident",0
"6","CNP0000460_P07T",24,0.2,"orig.ident",0.00406297613001524
"7","CNP0000460_P07T",0,0.2,"orig.ident",0
"singleton","CNP0000460_P07T",0,0.2,"orig.ident",0
"0","GSE326225_BC1",7,0.2,"orig.ident",0.000171909919202338
"1","GSE326225_BC1",0,0.2,"orig.ident",0
"2","GSE326225_BC1",7,0.2,"orig.ident",0.000404951984264723
"3","GSE326225_BC1",6,0.2,"orig.ident",0.000530973451327434
"4","GSE326225_BC1",4,0.2,"orig.ident",0.000359938810402232
"5","GSE326225_BC1",0,0.2,"orig.ident",0
"6","GSE326225_BC1",0,0.2,"orig.ident",0
"7","GSE326225_BC1",0,0.2,"orig.ident",0
"singleton","GSE326225_BC1",0,0.2,"orig.ident",0
"0","GSE326225_BC2",9,0.2,"orig.ident",0.000221027038974435
"1","GSE326225_BC2",0,0.2,"orig.ident",0
"2","GSE326225_BC2",9,0.2,"orig.ident",0.000520652551197501
"3","GSE326225_BC2",12,0.2,"orig.ident",0.00106194690265487
"4","GSE326225_BC2",2,0.2,"orig.ident",0.000179969405201116
"5","GSE326225_BC2",0,0.2,"orig.ident",0
"6","GSE326225_BC2",0,0.2,"orig.ident",0
"7","GSE326225_BC2",0,0.2,"orig.ident",0
"singleton","GSE326225_BC2",0,0.2,"orig.ident",0
"0","GSE326225_BC3",95,0.2,"orig.ident",0.00233306318917459
"1","GSE326225_BC3",8,0.2,"orig.ident",0.000306936771025169
"2","GSE326225_BC3",13,0.2,"orig.ident",0.000752053685063057
"3","GSE326225_BC3",13,0.2,"orig.ident",0.00115044247787611
"4","GSE326225_BC3",26,0.2,"orig.ident",0.00233960226761451
"5","GSE326225_BC3",0,0.2,"orig.ident",0
"6","GSE326225_BC3",3,0.2,"orig.ident",0.000507872016251904
"7","GSE326225_BC3",0,0.2,"orig.ident",0
"singleton","GSE326225_BC3",0,0.2,"orig.ident",0
"0","GSE326225_BC4",690,0.2,"orig.ident",0.0169454063213733
"1","GSE326225_BC4",0,0.2,"orig.ident",0
"2","GSE326225_BC4",1450,0.2,"orig.ident",0.083882911026264
"3","GSE326225_BC4",213,0.2,"orig.ident",0.0188495575221239
"4","GSE326225_BC4",347,0.2,"orig.ident",0.0312246918023936
"5","GSE326225_BC4",1,0.2,"orig.ident",0.000108318890814558
"6","GSE326225_BC4",99,0.2,"orig.ident",0.0167597765363128
"7","GSE326225_BC4",0,0.2,"orig.ident",0
"singleton","GSE326225_BC4",0,0.2,"orig.ident",0
"0","GSE326225_BC5",1,0.2,"orig.ident",2.45585598860483e-05
"1","GSE326225_BC5",0,0.2,"orig.ident",0
"2","GSE326225_BC5",1,0.2,"orig.ident",5.7850283466389e-05
"3","GSE326225_BC5",1,0.2,"orig.ident",8.84955752212389e-05
"4","GSE326225_BC5",0,0.2,"orig.ident",0
"5","GSE326225_BC5",0,0.2,"orig.ident",0
"6","GSE326225_BC5",0,0.2,"orig.ident",0
"7","GSE326225_BC5",0,0.2,"orig.ident",0
"singleton","GSE326225_BC5",0,0.2,"orig.ident",0
"0","GSE326225_BC6",216,0.2,"orig.ident",0.00530464893538643
"1","GSE326225_BC6",0,0.2,"orig.ident",0
"2","GSE326225_BC6",95,0.2,"orig.ident",0.00549577692930695
"3","GSE326225_BC6",43,0.2,"orig.ident",0.00380530973451327
"4","GSE326225_BC6",124,0.2,"orig.ident",0.0111581031224692
"5","GSE326225_BC6",2,0.2,"orig.ident",0.000216637781629116
"6","GSE326225_BC6",32,0.2,"orig.ident",0.00541730150668698
"7","GSE326225_BC6",0,0.2,"orig.ident",0
"singleton","GSE326225_BC6",0,0.2,"orig.ident",0
"0","GSE326225_BC7",194,0.2,"orig.ident",0.00476436061789337
"1","GSE326225_BC7",0,0.2,"orig.ident",0
"2","GSE326225_BC7",41,0.2,"orig.ident",0.00237186162212195
"3","GSE326225_BC7",13,0.2,"orig.ident",0.00115044247787611
"4","GSE326225_BC7",7,0.2,"orig.ident",0.000629892918203905
"5","GSE326225_BC7",0,0.2,"orig.ident",0
"6","GSE326225_BC7",0,0.2,"orig.ident",0
"7","GSE326225_BC7",0,0.2,"orig.ident",0
"singleton","GSE326225_BC7",0,0.2,"orig.ident",0
"0","GSE326225_BC8",302,0.2,"orig.ident",0.00741668508558658
"1","GSE326225_BC8",2,0.2,"orig.ident",7.67341927562922e-05
"2","GSE326225_BC8",54,0.2,"orig.ident",0.00312391530718501
"3","GSE326225_BC8",54,0.2,"orig.ident",0.0047787610619469
"4","GSE326225_BC8",41,0.2,"orig.ident",0.00368937280662287
"5","GSE326225_BC8",0,0.2,"orig.ident",0
"6","GSE326225_BC8",10,0.2,"orig.ident",0.00169290672083968
"7","GSE326225_BC8",0,0.2,"orig.ident",0
"singleton","GSE326225_BC8",0,0.2,"orig.ident",0
"0","HRA003620_BC-01",2286,0.2,"orig.ident",0.0561408678995064
"1","HRA003620_BC-01",0,0.2,"orig.ident",0
"2","HRA003620_BC-01",1635,0.2,"orig.ident",0.094585213467546
"3","HRA003620_BC-01",357,0.2,"orig.ident",0.0315929203539823
"4","HRA003620_BC-01",1024,0.2,"orig.ident",0.0921443354629713
"5","HRA003620_BC-01",0,0.2,"orig.ident",0
"6","HRA003620_BC-01",469,0.2,"orig.ident",0.0793973252073811
"7","HRA003620_BC-01",0,0.2,"orig.ident",0
"singleton","HRA003620_BC-01",0,0.2,"orig.ident",0
"0","HRA003620_BC-04",61,0.2,"orig.ident",0.00149807215304895
"1","HRA003620_BC-04",0,0.2,"orig.ident",0
"2","HRA003620_BC-04",12,0.2,"orig.ident",0.000694203401596668
"3","HRA003620_BC-04",32,0.2,"orig.ident",0.00283185840707965
"4","HRA003620_BC-04",27,0.2,"orig.ident",0.00242958697021506
"5","HRA003620_BC-04",0,0.2,"orig.ident",0
"6","HRA003620_BC-04",14,0.2,"orig.ident",0.00237006940917555
"7","HRA003620_BC-04",0,0.2,"orig.ident",0
"singleton","HRA003620_BC-04",0,0.2,"orig.ident",0
"0","HRA003620_BC-05",836,0.2,"orig.ident",0.0205309560647364
"1","HRA003620_BC-05",0,0.2,"orig.ident",0
"2","HRA003620_BC-05",820,0.2,"orig.ident",0.047437232442439
"3","HRA003620_BC-05",172,0.2,"orig.ident",0.0152212389380531
"4","HRA003620_BC-05",425,0.2,"orig.ident",0.0382434986052371
"5","HRA003620_BC-05",0,0.2,"orig.ident",0
"6","HRA003620_BC-05",149,0.2,"orig.ident",0.0252243101405113
"7","HRA003620_BC-05",0,0.2,"orig.ident",0
"singleton","HRA003620_BC-05",0,0.2,"orig.ident",0
"0","HRA003620_BC-11",1133,0.2,"orig.ident",0.0278248483508927
"1","HRA003620_BC-11",0,0.2,"orig.ident",0
"2","HRA003620_BC-11",3566,0.2,"orig.ident",0.206294110841143
"3","HRA003620_BC-11",256,0.2,"orig.ident",0.0226548672566372
"4","HRA003620_BC-11",813,0.2,"orig.ident",0.0731575632142536
"5","HRA003620_BC-11",0,0.2,"orig.ident",0
"6","HRA003620_BC-11",588,0.2,"orig.ident",0.0995429151853733
"7","HRA003620_BC-11",0,0.2,"orig.ident",0
"singleton","HRA003620_BC-11",0,0.2,"orig.ident",0
"0","HRA003620_BC-24",1855,0.2,"orig.ident",0.0455561285886196
"1","HRA003620_BC-24",0,0.2,"orig.ident",0
"2","HRA003620_BC-24",1357,0.2,"orig.ident",0.0785028346638899
"3","HRA003620_BC-24",376,0.2,"orig.ident",0.0332743362831858
"4","HRA003620_BC-24",62,0.2,"orig.ident",0.00557905156123459
"5","HRA003620_BC-24",0,0.2,"orig.ident",0
"6","HRA003620_BC-24",159,0.2,"orig.ident",0.0269172168613509
"7","HRA003620_BC-24",0,0.2,"orig.ident",0
"singleton","HRA003620_BC-24",0,0.2,"orig.ident",0
"0","HRA003620_BC-27",1136,0.2,"orig.ident",0.0278985240305508
"1","HRA003620_BC-27",0,0.2,"orig.ident",0
"2","HRA003620_BC-27",529,0.2,"orig.ident",0.0306027999537198
"3","HRA003620_BC-27",206,0.2,"orig.ident",0.0182300884955752
"4","HRA003620_BC-27",364,0.2,"orig.ident",0.0327544317466031
"5","HRA003620_BC-27",0,0.2,"orig.ident",0
"6","HRA003620_BC-27",309,0.2,"orig.ident",0.0523108176739462
"7","HRA003620_BC-27",0,0.2,"orig.ident",0
"singleton","HRA003620_BC-27",1,0.2,"orig.ident",1
"0","HRA003620_BC-30",2062,0.2,"orig.ident",0.0506397504850316
"1","HRA003620_BC-30",0,0.2,"orig.ident",0
"2","HRA003620_BC-30",1261,0.2,"orig.ident",0.0729492074511165
"3","HRA003620_BC-30",384,0.2,"orig.ident",0.0339823008849558
"4","HRA003620_BC-30",352,0.2,"orig.ident",0.0316746153153964
"5","HRA003620_BC-30",0,0.2,"orig.ident",0
"6","HRA003620_BC-30",385,0.2,"orig.ident",0.0651769087523277
"7","HRA003620_BC-30",0,0.2,"orig.ident",0
"singleton","HRA003620_BC-30",0,0.2,"orig.ident",0
"0","HRA003620_NC-01",343,0.2,"orig.ident",0.00842358604091456
"1","HRA003620_NC-01",0,0.2,"orig.ident",0
"2","HRA003620_NC-01",81,0.2,"orig.ident",0.00468587296077751
"3","HRA003620_NC-01",127,0.2,"orig.ident",0.0112389380530973
"4","HRA003620_NC-01",73,0.2,"orig.ident",0.00656888328984073
"5","HRA003620_NC-01",0,0.2,"orig.ident",0
"6","HRA003620_NC-01",39,0.2,"orig.ident",0.00660233621127476
"7","HRA003620_NC-01",0,0.2,"orig.ident",0
"singleton","HRA003620_NC-01",0,0.2,"orig.ident",0
"0","HRA003620_NC-04",231,0.2,"orig.ident",0.00567302733367715
"1","HRA003620_NC-04",0,0.2,"orig.ident",0
"2","HRA003620_NC-04",18,0.2,"orig.ident",0.001041305102395
"3","HRA003620_NC-04",65,0.2,"orig.ident",0.00575221238938053
"4","HRA003620_NC-04",16,0.2,"orig.ident",0.00143975524160893
"5","HRA003620_NC-04",0,0.2,"orig.ident",0
"6","HRA003620_NC-04",60,0.2,"orig.ident",0.0101574403250381
"7","HRA003620_NC-04",0,0.2,"orig.ident",0
"singleton","HRA003620_NC-04",0,0.2,"orig.ident",0
"0","HRA003620_NC-05",923,0.2,"orig.ident",0.0226675507748226
"1","HRA003620_NC-05",0,0.2,"orig.ident",0
"2","HRA003620_NC-05",456,0.2,"orig.ident",0.0263797292606734
"3","HRA003620_NC-05",180,0.2,"orig.ident",0.015929203539823
"4","HRA003620_NC-05",429,0.2,"orig.ident",0.0386034374156393
"5","HRA003620_NC-05",0,0.2,"orig.ident",0
"6","HRA003620_NC-05",210,0.2,"orig.ident",0.0355510411376333
"7","HRA003620_NC-05",0,0.2,"orig.ident",0
"singleton","HRA003620_NC-05",0,0.2,"orig.ident",0
"0","HRA003620_NC-11",1188,0.2,"orig.ident",0.0291755691446254
"1","HRA003620_NC-11",0,0.2,"orig.ident",0
"2","HRA003620_NC-11",641,0.2,"orig.ident",0.0370820317019553
"3","HRA003620_NC-11",649,0.2,"orig.ident",0.0574336283185841
"4","HRA003620_NC-11",316,0.2,"orig.ident",0.0284351660217763
"5","HRA003620_NC-11",0,0.2,"orig.ident",0
"6","HRA003620_NC-11",836,0.2,"orig.ident",0.141527001862197
"7","HRA003620_NC-11",0,0.2,"orig.ident",0
"singleton","HRA003620_NC-11",0,0.2,"orig.ident",0
"0","HRA003620_NC-24",1210,0.2,"orig.ident",0.0297158574621184
"1","HRA003620_NC-24",0,0.2,"orig.ident",0
"2","HRA003620_NC-24",218,0.2,"orig.ident",0.0126113617956728
"3","HRA003620_NC-24",50,0.2,"orig.ident",0.00442477876106195
"4","HRA003620_NC-24",8,0.2,"orig.ident",0.000719877620804463
"5","HRA003620_NC-24",0,0.2,"orig.ident",0
"6","HRA003620_NC-24",8,0.2,"orig.ident",0.00135432537667175
"7","HRA003620_NC-24",0,0.2,"orig.ident",0
"singleton","HRA003620_NC-24",0,0.2,"orig.ident",0
"0","HRA003620_NC-27",2554,0.2,"orig.ident",0.0627225619489673
"1","HRA003620_NC-27",0,0.2,"orig.ident",0
"2","HRA003620_NC-27",268,0.2,"orig.ident",0.0155038759689922
"3","HRA003620_NC-27",254,0.2,"orig.ident",0.0224778761061947
"4","HRA003620_NC-27",26,0.2,"orig.ident",0.00233960226761451
"5","HRA003620_NC-27",0,0.2,"orig.ident",0
"6","HRA003620_NC-27",35,0.2,"orig.ident",0.00592517352293889
"7","HRA003620_NC-27",0,0.2,"orig.ident",0
"singleton","HRA003620_NC-27",0,0.2,"orig.ident",0
"0","HRA003620_NC-30",2475,0.2,"orig.ident",0.0607824357179695
"1","HRA003620_NC-30",0,0.2,"orig.ident",0
"2","HRA003620_NC-30",106,0.2,"orig.ident",0.00613213004743723
"3","HRA003620_NC-30",372,0.2,"orig.ident",0.0329203539823009
"4","HRA003620_NC-30",428,0.2,"orig.ident",0.0385134527130388
"5","HRA003620_NC-30",0,0.2,"orig.ident",0
"6","HRA003620_NC-30",264,0.2,"orig.ident",0.0446927374301676
"7","HRA003620_NC-30",0,0.2,"orig.ident",0
"singleton","HRA003620_NC-30",0,0.2,"orig.ident",0
"0","PRJNA662018_PRJNA662018_P1N1",1020,0.2,"orig.ident",0.0250497310837692
"1","PRJNA662018_PRJNA662018_P1N1",0,0.2,"orig.ident",0
"2","PRJNA662018_PRJNA662018_P1N1",71,0.2,"orig.ident",0.00410737012611362
"3","PRJNA662018_PRJNA662018_P1N1",182,0.2,"orig.ident",0.0161061946902655
"4","PRJNA662018_PRJNA662018_P1N1",210,0.2,"orig.ident",0.0188967875461172
"5","PRJNA662018_PRJNA662018_P1N1",0,0.2,"orig.ident",0
"6","PRJNA662018_PRJNA662018_P1N1",101,0.2,"orig.ident",0.0170983578804808
"7","PRJNA662018_PRJNA662018_P1N1",0,0.2,"orig.ident",0
"singleton","PRJNA662018_PRJNA662018_P1N1",0,0.2,"orig.ident",0
"0","PRJNA662018_PRJNA662018_P1T1",1850,0.2,"orig.ident",0.0454333357891893
"1","PRJNA662018_PRJNA662018_P1T1",0,0.2,"orig.ident",0
"2","PRJNA662018_PRJNA662018_P1T1",268,0.2,"orig.ident",0.0155038759689922
"3","PRJNA662018_PRJNA662018_P1T1",340,0.2,"orig.ident",0.0300884955752212
"4","PRJNA662018_PRJNA662018_P1T1",262,0.2,"orig.ident",0.0235759920813462
"5","PRJNA662018_PRJNA662018_P1T1",0,0.2,"orig.ident",0
"6","PRJNA662018_PRJNA662018_P1T1",175,0.2,"orig.ident",0.0296258676146944
"7","PRJNA662018_PRJNA662018_P1T1",0,0.2,"orig.ident",0
"singleton","PRJNA662018_PRJNA662018_P1T1",0,0.2,"orig.ident",0
"0","PRJNA662018_PRJNA662018_P2T2",2045,0.2,"orig.ident",0.0502222549669687
"1","PRJNA662018_PRJNA662018_P2T2",0,0.2,"orig.ident",0
"2","PRJNA662018_PRJNA662018_P2T2",558,0.2,"orig.ident",0.0322804581742451
"3","PRJNA662018_PRJNA662018_P2T2",469,0.2,"orig.ident",0.0415044247787611
"4","PRJNA662018_PRJNA662018_P2T2",587,0.2,"orig.ident",0.0528210204265275
"5","PRJNA662018_PRJNA662018_P2T2",0,0.2,"orig.ident",0
"6","PRJNA662018_PRJNA662018_P2T2",233,0.2,"orig.ident",0.0394447265955646
"7","PRJNA662018_PRJNA662018_P2T2",0,0.2,"orig.ident",0
"singleton","PRJNA662018_PRJNA662018_P2T2",0,0.2,"orig.ident",0
"0","PRJNA662018_PRJNA662018_P3N3",1685,0.2,"orig.ident",0.0413811734079914
"1","PRJNA662018_PRJNA662018_P3N3",0,0.2,"orig.ident",0
"2","PRJNA662018_PRJNA662018_P3N3",84,0.2,"orig.ident",0.00485942381117668
"3","PRJNA662018_PRJNA662018_P3N3",105,0.2,"orig.ident",0.00929203539823009
"4","PRJNA662018_PRJNA662018_P3N3",119,0.2,"orig.ident",0.0107081796094664
"5","PRJNA662018_PRJNA662018_P3N3",0,0.2,"orig.ident",0
"6","PRJNA662018_PRJNA662018_P3N3",105,0.2,"orig.ident",0.0177755205688167
"7","PRJNA662018_PRJNA662018_P3N3",0,0.2,"orig.ident",0
"singleton","PRJNA662018_PRJNA662018_P3N3",0,0.2,"orig.ident",0
"0","PRJNA662018_PRJNA662018_P3T3",941,0.2,"orig.ident",0.0231096048527714
"1","PRJNA662018_PRJNA662018_P3T3",0,0.2,"orig.ident",0
"2","PRJNA662018_PRJNA662018_P3T3",148,0.2,"orig.ident",0.00856184195302557
"3","PRJNA662018_PRJNA662018_P3T3",136,0.2,"orig.ident",0.0120353982300885
"4","PRJNA662018_PRJNA662018_P3T3",442,0.2,"orig.ident",0.0397732385494466
"5","PRJNA662018_PRJNA662018_P3T3",0,0.2,"orig.ident",0
"6","PRJNA662018_PRJNA662018_P3T3",161,0.2,"orig.ident",0.0272557982055189
"7","PRJNA662018_PRJNA662018_P3T3",0,0.2,"orig.ident",0
"singleton","PRJNA662018_PRJNA662018_P3T3",0,0.2,"orig.ident",0
"0","PRJNA662018_PRJNA662018_P4T4",861,0.2,"orig.ident",0.0211449200618876
"1","PRJNA662018_PRJNA662018_P4T4",0,0.2,"orig.ident",0
"2","PRJNA662018_PRJNA662018_P4T4",823,0.2,"orig.ident",0.0476107832928381
"3","PRJNA662018_PRJNA662018_P4T4",271,0.2,"orig.ident",0.0239823008849558
"4","PRJNA662018_PRJNA662018_P4T4",427,0.2,"orig.ident",0.0384234680104382
"5","PRJNA662018_PRJNA662018_P4T4",0,0.2,"orig.ident",0
"6","PRJNA662018_PRJNA662018_P4T4",144,0.2,"orig.ident",0.0243778567800914
"7","PRJNA662018_PRJNA662018_P4T4",0,0.2,"orig.ident",0
"singleton","PRJNA662018_PRJNA662018_P4T4",0,0.2,"orig.ident",0
"0","PRJNA662018_PRJNA662018_P5T5",131,0.2,"orig.ident",0.00321717134507232
"1","PRJNA662018_PRJNA662018_P5T5",0,0.2,"orig.ident",0
"2","PRJNA662018_PRJNA662018_P5T5",11,0.2,"orig.ident",0.000636353118130279
"3","PRJNA662018_PRJNA662018_P5T5",3,0.2,"orig.ident",0.000265486725663717
"4","PRJNA662018_PRJNA662018_P5T5",5,0.2,"orig.ident",0.00044992351300279
"5","PRJNA662018_PRJNA662018_P5T5",0,0.2,"orig.ident",0
"6","PRJNA662018_PRJNA662018_P5T5",5,0.2,"orig.ident",0.000846453360419841
"7","PRJNA662018_PRJNA662018_P5T5",0,0.2,"orig.ident",0
"singleton","PRJNA662018_PRJNA662018_P5T5",0,0.2,"orig.ident",0
"0","PRJNA662018_PRJNA662018_P6N2",993,0.2,"orig.ident",0.0243866499668459
"1","PRJNA662018_PRJNA662018_P6N2",0,0.2,"orig.ident",0
"2","PRJNA662018_PRJNA662018_P6N2",44,0.2,"orig.ident",0.00254541247252112
"3","PRJNA662018_PRJNA662018_P6N2",95,0.2,"orig.ident",0.0084070796460177
"4","PRJNA662018_PRJNA662018_P6N2",362,0.2,"orig.ident",0.032574462341402
"5","PRJNA662018_PRJNA662018_P6N2",0,0.2,"orig.ident",0
"6","PRJNA662018_PRJNA662018_P6N2",108,0.2,"orig.ident",0.0182833925850686
"7","PRJNA662018_PRJNA662018_P6N2",0,0.2,"orig.ident",0
"singleton","PRJNA662018_PRJNA662018_P6N2",0,0.2,"orig.ident",0
"0","PRJNA662018_PRJNA662018_P6T6",24,0.2,"orig.ident",0.000589405437265159
"1","PRJNA662018_PRJNA662018_P6T6",0,0.2,"orig.ident",0
"2","PRJNA662018_PRJNA662018_P6T6",0,0.2,"orig.ident",0
"3","PRJNA662018_PRJNA662018_P6T6",3,0.2,"orig.ident",0.000265486725663717
"4","PRJNA662018_PRJNA662018_P6T6",1,0.2,"orig.ident",8.99847026005579e-05
"5","PRJNA662018_PRJNA662018_P6T6",0,0.2,"orig.ident",0
"6","PRJNA662018_PRJNA662018_P6T6",1,0.2,"orig.ident",0.000169290672083968
"7","PRJNA662018_PRJNA662018_P6T6",0,0.2,"orig.ident",0
"singleton","PRJNA662018_PRJNA662018_P6T6",0,0.2,"orig.ident",0
"0","PRJNA662018_PRJNA662018_P7T7",681,0.2,"orig.ident",0.0167243792823989
"1","PRJNA662018_PRJNA662018_P7T7",0,0.2,"orig.ident",0
"2","PRJNA662018_PRJNA662018_P7T7",60,0.2,"orig.ident",0.00347101700798334
"3","PRJNA662018_PRJNA662018_P7T7",38,0.2,"orig.ident",0.00336283185840708
"4","PRJNA662018_PRJNA662018_P7T7",273,0.2,"orig.ident",0.0245658238099523
"5","PRJNA662018_PRJNA662018_P7T7",0,0.2,"orig.ident",0
"6","PRJNA662018_PRJNA662018_P7T7",37,0.2,"orig.ident",0.00626375486710682
"7","PRJNA662018_PRJNA662018_P7T7",0,0.2,"orig.ident",0
"singleton","PRJNA662018_PRJNA662018_P7T7",0,0.2,"orig.ident",0
"0","PRJNA662018_PRJNA662018_P8T8",3,0.2,"orig.ident",7.36756796581448e-05
"1","PRJNA662018_PRJNA662018_P8T8",0,0.2,"orig.ident",0
"2","PRJNA662018_PRJNA662018_P8T8",0,0.2,"orig.ident",0
"3","PRJNA662018_PRJNA662018_P8T8",6,0.2,"orig.ident",0.000530973451327434
"4","PRJNA662018_PRJNA662018_P8T8",10,0.2,"orig.ident",0.000899847026005579
"5","PRJNA662018_PRJNA662018_P8T8",0,0.2,"orig.ident",0
"6","PRJNA662018_PRJNA662018_P8T8",2,0.2,"orig.ident",0.000338581344167936
"7","PRJNA662018_PRJNA662018_P8T8",0,0.2,"orig.ident",0
"singleton","PRJNA662018_PRJNA662018_P8T8",0,0.2,"orig.ident",0
"0","T4091568",37,0.2,"orig.ident",0.000908666715783786
"1","T4091568",1754,0.2,"orig.ident",0.0672958870472683
"2","T4091568",0,0.2,"orig.ident",0
"3","T4091568",181,0.2,"orig.ident",0.0160176991150442
"4","T4091568",8,0.2,"orig.ident",0.000719877620804463
"5","T4091568",354,0.2,"orig.ident",0.0383448873483536
"6","T4091568",0,0.2,"orig.ident",0
"7","T4091568",116,0.2,"orig.ident",0.0371318822023047
"singleton","T4091568",0,0.2,"orig.ident",0
"0","T4295396",27,0.2,"orig.ident",0.000663081116923304
"1","T4295396",2561,0.2,"orig.ident",0.0982581338244322
"2","T4295396",0,0.2,"orig.ident",0
"3","T4295396",351,0.2,"orig.ident",0.0310619469026549
"4","T4295396",6,0.2,"orig.ident",0.000539908215603347
"5","T4295396",788,0.2,"orig.ident",0.0853552859618718
"6","T4295396",12,0.2,"orig.ident",0.00203148806500762
"7","T4295396",755,0.2,"orig.ident",0.241677336747759
"singleton","T4295396",0,0.2,"orig.ident",0
"0","T4380845",14,0.2,"orig.ident",0.000343819838404676
"1","T4380845",1389,0.2,"orig.ident",0.0532918968692449
"2","T4380845",0,0.2,"orig.ident",0
"3","T4380845",164,0.2,"orig.ident",0.0145132743362832
"4","T4380845",4,0.2,"orig.ident",0.000359938810402232
"5","T4380845",302,0.2,"orig.ident",0.0327123050259965
"6","T4380845",3,0.2,"orig.ident",0.000507872016251904
"7","T4380845",169,0.2,"orig.ident",0.0540973111395647
"singleton","T4380845",0,0.2,"orig.ident",0
"0","T4398343",51,0.2,"orig.ident",0.00125248655418846
"1","T4398343",2457,0.2,"orig.ident",0.094267955801105
"2","T4398343",1,0.2,"orig.ident",5.7850283466389e-05
"3","T4398343",685,0.2,"orig.ident",0.0606194690265487
"4","T4398343",17,0.2,"orig.ident",0.00152973994420948
"5","T4398343",1664,0.2,"orig.ident",0.180242634315425
"6","T4398343",6,0.2,"orig.ident",0.00101574403250381
"7","T4398343",595,0.2,"orig.ident",0.190460947503201
"singleton","T4398343",0,0.2,"orig.ident",0
"0","T4450398",123,0.2,"orig.ident",0.00302070286598394
"1","T4450398",4315,0.2,"orig.ident",0.1655540208717
"2","T4450398",0,0.2,"orig.ident",0
"3","T4450398",278,0.2,"orig.ident",0.0246017699115044
"4","T4450398",34,0.2,"orig.ident",0.00305947988841897
"5","T4450398",926,0.2,"orig.ident",0.100303292894281
"6","T4450398",0,0.2,"orig.ident",0
"7","T4450398",295,0.2,"orig.ident",0.0944302176696543
"singleton","T4450398",0,0.2,"orig.ident",0
"0","T4463209a",29,0.2,"orig.ident",0.0007121982366954
"1","T4463209a",1922,0.2,"orig.ident",0.0737415592387968
"2","T4463209a",0,0.2,"orig.ident",0
"3","T4463209a",623,0.2,"orig.ident",0.0551327433628319
"4","T4463209a",39,0.2,"orig.ident",0.00350940340142176
"5","T4463209a",1544,0.2,"orig.ident",0.167244367417678
"6","T4463209a",8,0.2,"orig.ident",0.00135432537667175
"7","T4463209a",482,0.2,"orig.ident",0.154289372599232
"singleton","T4463209a",0,0.2,"orig.ident",0
"0","T4463209b",35,0.2,"orig.ident",0.00085954959601169
"1","T4463209b",1654,0.2,"orig.ident",0.0634591774094537
"2","T4463209b",0,0.2,"orig.ident",0
"3","T4463209b",392,0.2,"orig.ident",0.0346902654867257
"4","T4463209b",15,0.2,"orig.ident",0.00134977053900837
"5","T4463209b",486,0.2,"orig.ident",0.0526429809358752
"6","T4463209b",2,0.2,"orig.ident",0.000338581344167936
"7","T4463209b",248,0.2,"orig.ident",0.0793854033290653
"singleton","T4463209b",0,0.2,"orig.ident",0
"0","T4465219",171,0.2,"orig.ident",0.00419951374051426
"1","T4465219",454,0.2,"orig.ident",0.0174186617556783
"2","T4465219",10,0.2,"orig.ident",0.00057850283466389
"3","T4465219",571,0.2,"orig.ident",0.0505309734513274
"4","T4465219",14,0.2,"orig.ident",0.00125978583640781
"5","T4465219",126,0.2,"orig.ident",0.0136481802426343
"6","T4465219",10,0.2,"orig.ident",0.00169290672083968
"7","T4465219",16,0.2,"orig.ident",0.00512163892445583
"singleton","T4465219",0,0.2,"orig.ident",0
"0","T4465935",58,0.2,"orig.ident",0.0014243964733908
"1","T4465935",1526,0.2,"orig.ident",0.058548189073051
"2","T4465935",1,0.2,"orig.ident",5.7850283466389e-05
"3","T4465935",194,0.2,"orig.ident",0.0171681415929204
"4","T4465935",27,0.2,"orig.ident",0.00242958697021506
"5","T4465935",810,0.2,"orig.ident",0.087738301559792
"6","T4465935",0,0.2,"orig.ident",0
"7","T4465935",118,0.2,"orig.ident",0.0377720870678617
"singleton","T4465935",0,0.2,"orig.ident",0
"0","T4466585",19,0.2,"orig.ident",0.000466612637834917
"1","T4466585",816,0.2,"orig.ident",0.0313075506445672
"2","T4466585",0,0.2,"orig.ident",0
"3","T4466585",59,0.2,"orig.ident",0.0052212389380531
"4","T4466585",5,0.2,"orig.ident",0.00044992351300279
"5","T4466585",227,0.2,"orig.ident",0.0245883882149047
"6","T4466585",0,0.2,"orig.ident",0
"7","T4466585",44,0.2,"orig.ident",0.0140845070422535
"singleton","T4466585",0,0.2,"orig.ident",0
"0","T4469479",52,0.2,"orig.ident",0.00127704511407451
"1","T4469479",1698,0.2,"orig.ident",0.0651473296500921
"2","T4469479",0,0.2,"orig.ident",0
"3","T4469479",196,0.2,"orig.ident",0.0173451327433628
"4","T4469479",32,0.2,"orig.ident",0.00287951048321785
"5","T4469479",678,0.2,"orig.ident",0.0734402079722704
"6","T4469479",0,0.2,"orig.ident",0
"7","T4469479",77,0.2,"orig.ident",0.0246478873239437
"singleton","T4469479",0,0.2,"orig.ident",0
"0","T4471438",76,0.2,"orig.ident",0.00186645055133967
"1","T4471438",4373,0.2,"orig.ident",0.167779312461633
"2","T4471438",0,0.2,"orig.ident",0
"3","T4471438",542,0.2,"orig.ident",0.0479646017699115
"4","T4471438",28,0.2,"orig.ident",0.00251957167281562
"5","T4471438",946,0.2,"orig.ident",0.102469670710572
"6","T4471438",0,0.2,"orig.ident",0
"7","T4471438",110,0.2,"orig.ident",0.0352112676056338
"singleton","T4471438",0,0.2,"orig.ident",0
"0","T8009218",24,0.2,"orig.ident",0.000589405437265159
"1","T8009218",1135,0.2,"orig.ident",0.0435466543891958
"2","T8009218",0,0.2,"orig.ident",0
"3","T8009218",309,0.2,"orig.ident",0.0273451327433628
"4","T8009218",15,0.2,"orig.ident",0.00134977053900837
"5","T8009218",378,0.2,"orig.ident",0.0409445407279029
"6","T8009218",0,0.2,"orig.ident",0
"7","T8009218",99,0.2,"orig.ident",0.0316901408450704
"singleton","T8009218",0,0.2,"orig.ident",0
"0","Normal",17382,0.2,"T_stage",0.426876887939291
"1","Normal",0,0.2,"T_stage",0
"2","Normal",2648,0.2,"T_stage",0.153187550618998
"3","Normal",2652,0.2,"T_stage",0.234690265486726
"4","Normal",3003,0.2,"T_stage",0.270224061909475
"5","Normal",0,0.2,"T_stage",0
"6","Normal",2163,0.2,"T_stage",0.366175723717623
"7","Normal",0,0.2,"T_stage",0
"singleton","Normal",0,0.2,"T_stage",0
"0","T1",5576,0.2,"T_stage",0.136938529924605
"1","T1",0,0.2,"T_stage",0
"2","T1",2819,0.2,"T_stage",0.163079949091751
"3","T1",990,0.2,"T_stage",0.0876106194690266
"4","T1",1414,0.2,"T_stage",0.127238369477189
"5","T1",0,0.2,"T_stage",0
"6","T1",752,0.2,"T_stage",0.127306585407144
"7","T1",0,0.2,"T_stage",0
"singleton","T1",1,0.2,"T_stage",1
"0","T2",1955,0.2,"T_stage",0.0480119845772244
"1","T2",17094,0.2,"T_stage",0.655847145488029
"2","T2",440,0.2,"T_stage",0.0254541247252112
"3","T2",3460,0.2,"T_stage",0.306194690265487
"4","T2",1049,0.2,"T_stage",0.0943939530279852
"5","T2",6873,0.2,"T_stage",0.744475736568458
"6","T2",309,0.2,"T_stage",0.0523108176739462
"7","T2",2722,0.2,"T_stage",0.871318822023047
"singleton","T2",0,0.2,"T_stage",0
"0","T3",5561,0.2,"T_stage",0.136570151526314
"1","T3",1135,0.2,"T_stage",0.0435466543891958
"2","T3",3443,0.2,"T_stage",0.199178525974777
"3","T3",1198,0.2,"T_stage",0.106017699115044
"4","T3",1756,0.2,"T_stage",0.15801313776658
"5","T3",378,0.2,"T_stage",0.0409445407279029
"6","T3",1030,0.2,"T_stage",0.174369392246487
"7","T3",99,0.2,"T_stage",0.0316901408450704
"singleton","T3",0,0.2,"T_stage",0
"0","T4",1062,0.2,"T_stage",0.0260811905989833
"1","T4",7825,0.2,"T_stage",0.300222529158993
"2","T4",832,0.2,"T_stage",0.0481314358440356
"3","T4",1123,0.2,"T_stage",0.0993805309734513
"4","T4",520,0.2,"T_stage",0.0467920453522901
"5","T4",1978,0.2,"T_stage",0.214254766031196
"6","T4",163,0.2,"T_stage",0.0275943795496868
"7","T4",303,0.2,"T_stage",0.0969910371318822
"singleton","T4",0,0.2,"T_stage",0
"0","Ta",1133,0.2,"T_stage",0.0278248483508927
"1","Ta",0,0.2,"T_stage",0
"2","Ta",3566,0.2,"T_stage",0.206294110841143
"3","Ta",256,0.2,"T_stage",0.0226548672566372
"4","Ta",813,0.2,"T_stage",0.0731575632142536
"5","Ta",0,0.2,"T_stage",0
"6","Ta",588,0.2,"T_stage",0.0995429151853733
"7","Ta",0,0.2,"T_stage",0
"singleton","Ta",0,0.2,"T_stage",0
"0",NA,8050,0.2,"T_stage",0.197696407082689
"1",NA,10,0.2,"T_stage",0.000383670963781461
"2",NA,3538,0.2,"T_stage",0.204674302904084
"3",NA,1621,0.2,"T_stage",0.143451327433628
"4",NA,2558,0.2,"T_stage",0.230180869252227
"5",NA,3,0.2,"T_stage",0.000324956672443674
"6",NA,902,0.2,"T_stage",0.152700186219739
"7",NA,0,0.2,"T_stage",0
"singleton",NA,0,0.2,"T_stage",0
"0","N0",12546,0.2,"N_stage",0.308111692330362
"1","N0",0,0.2,"N_stage",0
"2","N0",9721,0.2,"N_stage",0.562362605576767
"3","N0",2162,0.2,"N_stage",0.191327433628319
"4","N0",4518,0.2,"N_stage",0.406550886349321
"5","N0",0,0.2,"N_stage",0
"6","N0",2476,0.2,"N_stage",0.419163704079905
"7","N0",0,0.2,"N_stage",0
"singleton","N0",1,0.2,"N_stage",1
"0","N2",836,0.2,"N_stage",0.0205309560647364
"1","N2",0,0.2,"N_stage",0
"2","N2",820,0.2,"N_stage",0.047437232442439
"3","N2",172,0.2,"N_stage",0.0152212389380531
"4","N2",425,0.2,"N_stage",0.0382434986052371
"5","N2",0,0.2,"N_stage",0
"6","N2",149,0.2,"N_stage",0.0252243101405113
"7","N2",0,0.2,"N_stage",0
"singleton","N2",0,0.2,"N_stage",0
"0","N3",1189,0.2,"N_stage",0.0292001277045114
"1","N3",0,0.2,"N_stage",0
"2","N3",547,0.2,"N_stage",0.0316441050561148
"3","N3",148,0.2,"N_stage",0.0130973451327434
"4","N3",365,0.2,"N_stage",0.0328444164492036
"5","N3",0,0.2,"N_stage",0
"6","N3",176,0.2,"N_stage",0.0297951582867784
"7","N3",0,0.2,"N_stage",0
"singleton","N3",0,0.2,"N_stage",0
"0","Normal",17382,0.2,"N_stage",0.426876887939291
"1","Normal",0,0.2,"N_stage",0
"2","Normal",2648,0.2,"N_stage",0.153187550618998
"3","Normal",2652,0.2,"N_stage",0.234690265486726
"4","Normal",3003,0.2,"N_stage",0.270224061909475
"5","Normal",0,0.2,"N_stage",0
"6","Normal",2163,0.2,"N_stage",0.366175723717623
"7","Normal",0,0.2,"N_stage",0
"singleton","Normal",0,0.2,"N_stage",0
"0",NA,8766,0.2,"N_stage",0.215280335961099
"1",NA,26064,0.2,"N_stage",1
"2",NA,3550,0.2,"N_stage",0.205368506305681
"3",NA,6166,0.2,"N_stage",0.545663716814159
"4",NA,2802,0.2,"N_stage",0.252137136686763
"5",NA,9232,0.2,"N_stage",1
"6",NA,943,0.2,"N_stage",0.159641103775182
"7",NA,3124,0.2,"N_stage",1
"singleton",NA,0,0.2,"N_stage",0
"0","M0",13735,0.2,"M_stage",0.337311820034873
"1","M0",0,0.2,"M_stage",0
"2","M0",10268,0.2,"M_stage",0.594006710632882
"3","M0",2310,0.2,"M_stage",0.204424778761062
"4","M0",4883,0.2,"M_stage",0.439395302798524
"5","M0",0,0.2,"M_stage",0
"6","M0",2652,0.2,"M_stage",0.448958862366684
"7","M0",0,0.2,"M_stage",0
"singleton","M0",1,0.2,"M_stage",1
"0","Normal",17382,0.2,"M_stage",0.426876887939291
"1","Normal",0,0.2,"M_stage",0
"2","Normal",2648,0.2,"M_stage",0.153187550618998
"3","Normal",2652,0.2,"M_stage",0.234690265486726
"4","Normal",3003,0.2,"M_stage",0.270224061909475
"5","Normal",0,0.2,"M_stage",0
"6","Normal",2163,0.2,"M_stage",0.366175723717623
"7","Normal",0,0.2,"M_stage",0
"singleton","Normal",0,0.2,"M_stage",0
"0",NA,9602,0.2,"M_stage",0.235811292025836
"1",NA,26064,0.2,"M_stage",1
"2",NA,4370,0.2,"M_stage",0.25280573874812
"3",NA,6338,0.2,"M_stage",0.560884955752212
"4",NA,3227,0.2,"M_stage",0.290380635292
"5",NA,9232,0.2,"M_stage",1
"6",NA,1092,0.2,"M_stage",0.184865413915693
"7",NA,3124,0.2,"M_stage",1
"singleton",NA,0,0.2,"M_stage",0
"0","MIBC",10931,0.2,"Type",0.268449618114394
"1","MIBC",26064,0.2,"Type",1
"2","MIBC",6456,0.2,"Type",0.373481430059007
"3","MIBC",6186,0.2,"Type",0.547433628318584
"4","MIBC",4165,0.2,"Type",0.374786286331324
"5","MIBC",9232,0.2,"Type",1
"6","MIBC",1691,0.2,"Type",0.28627052649399
"7","MIBC",3124,0.2,"Type",1
"singleton","MIBC",0,0.2,"Type",0
"0","NMIBC",12406,0.2,"Type",0.304673493946315
"1","NMIBC",0,0.2,"Type",0
"2","NMIBC",8182,0.2,"Type",0.473331019321995
"3","NMIBC",2462,0.2,"Type",0.21787610619469
"4","NMIBC",3945,0.2,"Type",0.354989651759201
"5","NMIBC",0,0.2,"Type",0
"6","NMIBC",2053,0.2,"Type",0.347553749788387
"7","NMIBC",0,0.2,"Type",0
"singleton","NMIBC",1,0.2,"Type",1
"0","Normal",17382,0.2,"Type",0.426876887939291
"1","Normal",0,0.2,"Type",0
"2","Normal",2648,0.2,"Type",0.153187550618998
"3","Normal",2652,0.2,"Type",0.234690265486726
"4","Normal",3003,0.2,"Type",0.270224061909475
"5","Normal",0,0.2,"Type",0
"6","Normal",2163,0.2,"Type",0.366175723717623
"7","Normal",0,0.2,"Type",0
"singleton","Normal",0,0.2,"Type",0
"0","CNP0000460",5520,0.4,"dataset",0.24896265560166
"1","CNP0000460",4323,0.4,"dataset",0.241832624748266
"2","CNP0000460",2664,0.4,"dataset",0.149218618719543
"3","CNP0000460",0,0.4,"dataset",0
"4","CNP0000460",1271,0.4,"dataset",0.112418185034495
"5","CNP0000460",3255,0.4,"dataset",0.293746051800379
"6","CNP0000460",0,0.4,"dataset",0
"7","CNP0000460",0,0.4,"dataset",0
"8","CNP0000460",1152,0.4,"dataset",0.190633791163329
"9","CNP0000460",0,0.4,"dataset",0
"singleton","CNP0000460",0,0.4,"dataset",0
"0","GSE326225",1213,0.4,"dataset",0.0547086415298575
"1","GSE326225",300,0.4,"dataset",0.0167822779145223
"2","GSE326225",1668,0.4,"dataset",0.0934296756847589
"3","GSE326225",3,0.4,"dataset",0.000169185653056621
"4","GSE326225",355,0.4,"dataset",0.0313992570316646
"5","GSE326225",553,0.4,"dataset",0.0499052432090967
"6","GSE326225",3,0.4,"dataset",0.000324569944823109
"7","GSE326225",7,0.4,"dataset",0.000846740050804403
"8","GSE326225",145,0.4,"dataset",0.0239947046169121
"9","GSE326225",0,0.4,"dataset",0
"singleton","GSE326225",0,0.4,"dataset",0
"0","HRA003620",9287,0.4,"dataset",0.418861627277647
"1","HRA003620",8584,0.4,"dataset",0.480196912060864
"2","HRA003620",11332,0.4,"dataset",0.634739259508206
"3","HRA003620",0,0.4,"dataset",0
"4","HRA003620",3482,0.4,"dataset",0.307978064744383
"5","HRA003620",4316,0.4,"dataset",0.389495532894143
"6","HRA003620",0,0.4,"dataset",0
"7","HRA003620",0,0.4,"dataset",0
"8","HRA003620",3628,0.4,"dataset",0.600364057587291
"9","HRA003620",0,0.4,"dataset",0
"singleton","HRA003620",1,0.4,"dataset",1
"0","InhouseData",712,0.4,"dataset",0.0321125744181851
"1","InhouseData",2,0.4,"dataset",0.000111881852763482
"2","InhouseData",13,0.4,"dataset",0.000728168935192965
"3","InhouseData",17729,0.4,"dataset",0.999830814346943
"4","InhouseData",4552,0.4,"dataset",0.402618078896161
"5","InhouseData",244,0.4,"dataset",0.0220196733146828
"6","InhouseData",9240,0.4,"dataset",0.999675430055177
"7","InhouseData",8260,0.4,"dataset",0.999153259949196
"8","InhouseData",41,0.4,"dataset",0.00678470958133377
"9","InhouseData",3172,0.4,"dataset",1
"singleton","InhouseData",0,0.4,"dataset",0
"0","PRJNA662018",5440,0.4,"dataset",0.24535450117265
"1","PRJNA662018",4667,0.4,"dataset",0.261076303423585
"2","PRJNA662018",2176,0.4,"dataset",0.121884277152299
"3","PRJNA662018",0,0.4,"dataset",0
"4","PRJNA662018",1646,0.4,"dataset",0.145586414293296
"5","PRJNA662018",2713,0.4,"dataset",0.244833498781698
"6","PRJNA662018",0,0.4,"dataset",0
"7","PRJNA662018",0,0.4,"dataset",0
"8","PRJNA662018",1077,0.4,"dataset",0.178222737051134
"9","PRJNA662018",0,0.4,"dataset",0
"singleton","PRJNA662018",0,0.4,"dataset",0
"0","CNP0000460_P01N",789,0.4,"orig.ident",0.0355854230561068
"1","CNP0000460_P01N",472,0.4,"orig.ident",0.0264041172521817
"2","CNP0000460_P01N",295,0.4,"orig.ident",0.0165238335293788
"3","CNP0000460_P01N",0,0.4,"orig.ident",0
"4","CNP0000460_P01N",173,0.4,"orig.ident",0.0153016097647267
"5","CNP0000460_P01N",187,0.4,"orig.ident",0.0168757332370725
"6","CNP0000460_P01N",0,0.4,"orig.ident",0
"7","CNP0000460_P01N",0,0.4,"orig.ident",0
"8","CNP0000460_P01N",64,0.4,"orig.ident",0.0105907661757405
"9","CNP0000460_P01N",0,0.4,"orig.ident",0
"singleton","CNP0000460_P01N",0,0.4,"orig.ident",0
"0","CNP0000460_P01T",122,0.4,"orig.ident",0.00550243550423958
"1","CNP0000460_P01T",38,0.4,"orig.ident",0.00212575520250615
"2","CNP0000460_P01T",276,0.4,"orig.ident",0.0154595866240968
"3","CNP0000460_P01T",0,0.4,"orig.ident",0
"4","CNP0000460_P01T",40,0.4,"orig.ident",0.00353794445427207
"5","CNP0000460_P01T",71,0.4,"orig.ident",0.00640736395632163
"6","CNP0000460_P01T",0,0.4,"orig.ident",0
"7","CNP0000460_P01T",0,0.4,"orig.ident",0
"8","CNP0000460_P01T",12,0.4,"orig.ident",0.00198576865795135
"9","CNP0000460_P01T",0,0.4,"orig.ident",0
"singleton","CNP0000460_P01T",0,0.4,"orig.ident",0
"0","CNP0000460_P02N",554,0.4,"orig.ident",0.0249864694208912
"1","CNP0000460_P02N",700,0.4,"orig.ident",0.0391586484672186
"2","CNP0000460_P02N",44,0.4,"orig.ident",0.00246457178065311
"3","CNP0000460_P02N",0,0.4,"orig.ident",0
"4","CNP0000460_P02N",36,0.4,"orig.ident",0.00318415000884486
"5","CNP0000460_P02N",318,0.4,"orig.ident",0.0286977709592997
"6","CNP0000460_P02N",0,0.4,"orig.ident",0
"7","CNP0000460_P02N",0,0.4,"orig.ident",0
"8","CNP0000460_P02N",165,0.4,"orig.ident",0.027304319046831
"9","CNP0000460_P02N",0,0.4,"orig.ident",0
"singleton","CNP0000460_P02N",0,0.4,"orig.ident",0
"0","CNP0000460_P02T",449,0.4,"orig.ident",0.0202507667328162
"1","CNP0000460_P02T",450,0.4,"orig.ident",0.0251734168717834
"2","CNP0000460_P02T",92,0.4,"orig.ident",0.0051531955413656
"3","CNP0000460_P02T",0,0.4,"orig.ident",0
"4","CNP0000460_P02T",65,0.4,"orig.ident",0.00574915973819211
"5","CNP0000460_P02T",569,0.4,"orig.ident",0.0513491562133381
"6","CNP0000460_P02T",0,0.4,"orig.ident",0
"7","CNP0000460_P02T",0,0.4,"orig.ident",0
"8","CNP0000460_P02T",232,0.4,"orig.ident",0.0383915273870594
"9","CNP0000460_P02T",0,0.4,"orig.ident",0
"singleton","CNP0000460_P02T",0,0.4,"orig.ident",0
"0","CNP0000460_P03N",696,0.4,"orig.ident",0.0313909435323832
"1","CNP0000460_P03N",504,0.4,"orig.ident",0.0281942268963974
"2","CNP0000460_P03N",256,0.4,"orig.ident",0.0143393267237999
"3","CNP0000460_P03N",0,0.4,"orig.ident",0
"4","CNP0000460_P03N",191,0.4,"orig.ident",0.0168936847691491
"5","CNP0000460_P03N",361,0.4,"orig.ident",0.0325782871581987
"6","CNP0000460_P03N",0,0.4,"orig.ident",0
"7","CNP0000460_P03N",0,0.4,"orig.ident",0
"8","CNP0000460_P03N",118,0.4,"orig.ident",0.0195267251365216
"9","CNP0000460_P03N",0,0.4,"orig.ident",0
"singleton","CNP0000460_P03N",0,0.4,"orig.ident",0
"0","CNP0000460_P03T",915,0.4,"orig.ident",0.0412682662817969
"1","CNP0000460_P03T",631,0.4,"orig.ident",0.0352987245468785
"2","CNP0000460_P03T",151,0.4,"orig.ident",0.00845796224724136
"3","CNP0000460_P03T",0,0.4,"orig.ident",0
"4","CNP0000460_P03T",173,0.4,"orig.ident",0.0153016097647267
"5","CNP0000460_P03T",232,0.4,"orig.ident",0.0209367385615017
"6","CNP0000460_P03T",0,0.4,"orig.ident",0
"7","CNP0000460_P03T",0,0.4,"orig.ident",0
"8","CNP0000460_P03T",85,0.4,"orig.ident",0.0140658613271554
"9","CNP0000460_P03T",0,0.4,"orig.ident",0
"singleton","CNP0000460_P03T",0,0.4,"orig.ident",0
"0","CNP0000460_P04T",598,0.4,"orig.ident",0.0269709543568465
"1","CNP0000460_P04T",566,0.4,"orig.ident",0.0316625643320653
"2","CNP0000460_P04T",570,0.4,"orig.ident",0.0319274071584608
"3","CNP0000460_P04T",0,0.4,"orig.ident",0
"4","CNP0000460_P04T",148,0.4,"orig.ident",0.0130903944808067
"5","CNP0000460_P04T",367,0.4,"orig.ident",0.0331197545347893
"6","CNP0000460_P04T",0,0.4,"orig.ident",0
"7","CNP0000460_P04T",0,0.4,"orig.ident",0
"8","CNP0000460_P04T",176,0.4,"orig.ident",0.0291246069832864
"9","CNP0000460_P04T",0,0.4,"orig.ident",0
"singleton","CNP0000460_P04T",0,0.4,"orig.ident",0
"0","CNP0000460_P05N",141,0.4,"orig.ident",0.00635937218112935
"1","CNP0000460_P05N",126,0.4,"orig.ident",0.00704855672409935
"2","CNP0000460_P05N",38,0.4,"orig.ident",0.00212849381056405
"3","CNP0000460_P05N",0,0.4,"orig.ident",0
"4","CNP0000460_P05N",35,0.4,"orig.ident",0.00309570139748806
"5","CNP0000460_P05N",55,0.4,"orig.ident",0.00496345095208014
"6","CNP0000460_P05N",0,0.4,"orig.ident",0
"7","CNP0000460_P05N",0,0.4,"orig.ident",0
"8","CNP0000460_P05N",16,0.4,"orig.ident",0.00264769154393513
"9","CNP0000460_P05N",0,0.4,"orig.ident",0
"singleton","CNP0000460_P05N",0,0.4,"orig.ident",0
"0","CNP0000460_P05T",196,0.4,"orig.ident",0.00883997835107343
"1","CNP0000460_P05T",158,0.4,"orig.ident",0.00883866636831506
"2","CNP0000460_P05T",67,0.4,"orig.ident",0.00375287066599451
"3","CNP0000460_P05T",0,0.4,"orig.ident",0
"4","CNP0000460_P05T",38,0.4,"orig.ident",0.00336104723155846
"5","CNP0000460_P05T",243,0.4,"orig.ident",0.0219294287519177
"6","CNP0000460_P05T",0,0.4,"orig.ident",0
"7","CNP0000460_P05T",0,0.4,"orig.ident",0
"8","CNP0000460_P05T",37,0.4,"orig.ident",0.00612278669534999
"9","CNP0000460_P05T",0,0.4,"orig.ident",0
"singleton","CNP0000460_P05T",0,0.4,"orig.ident",0
"0","CNP0000460_P06T",445,0.4,"orig.ident",0.0200703590113657
"1","CNP0000460_P06T",318,0.4,"orig.ident",0.0177892145893936
"2","CNP0000460_P06T",786,0.4,"orig.ident",0.0440262140816669
"3","CNP0000460_P06T",0,0.4,"orig.ident",0
"4","CNP0000460_P06T",148,0.4,"orig.ident",0.0130903944808067
"5","CNP0000460_P06T",502,0.4,"orig.ident",0.0453027705080769
"6","CNP0000460_P06T",0,0.4,"orig.ident",0
"7","CNP0000460_P06T",0,0.4,"orig.ident",0
"8","CNP0000460_P06T",182,0.4,"orig.ident",0.0301174913122621
"9","CNP0000460_P06T",0,0.4,"orig.ident",0
"singleton","CNP0000460_P06T",0,0.4,"orig.ident",0
"0","CNP0000460_P07N",465,0.4,"orig.ident",0.0209723976186181
"1","CNP0000460_P07N",265,0.4,"orig.ident",0.0148243454911613
"2","CNP0000460_P07N",73,0.4,"orig.ident",0.00408894863608357
"3","CNP0000460_P07N",0,0.4,"orig.ident",0
"4","CNP0000460_P07N",138,0.4,"orig.ident",0.0122059083672386
"5","CNP0000460_P07N",91,0.4,"orig.ident",0.0082122552116235
"6","CNP0000460_P07N",0,0.4,"orig.ident",0
"7","CNP0000460_P07N",0,0.4,"orig.ident",0
"8","CNP0000460_P07N",41,0.4,"orig.ident",0.00678470958133377
"9","CNP0000460_P07N",0,0.4,"orig.ident",0
"singleton","CNP0000460_P07N",0,0.4,"orig.ident",0
"0","CNP0000460_P07T",150,0.4,"orig.ident",0.00676528955439293
"1","CNP0000460_P07T",95,0.4,"orig.ident",0.00531438800626538
"2","CNP0000460_P07T",16,0.4,"orig.ident",0.000896207920237495
"3","CNP0000460_P07T",0,0.4,"orig.ident",0
"4","CNP0000460_P07T",86,0.4,"orig.ident",0.00760658057668495
"5","CNP0000460_P07T",259,0.4,"orig.ident",0.0233733417561592
"6","CNP0000460_P07T",0,0.4,"orig.ident",0
"7","CNP0000460_P07T",0,0.4,"orig.ident",0
"8","CNP0000460_P07T",24,0.4,"orig.ident",0.0039715373159027
"9","CNP0000460_P07T",0,0.4,"orig.ident",0
"singleton","CNP0000460_P07T",0,0.4,"orig.ident",0
"0","GSE326225_BC1",7,0.4,"orig.ident",0.000315713512538337
"1","GSE326225_BC1",0,0.4,"orig.ident",0
"2","GSE326225_BC1",7,0.4,"orig.ident",0.000392090965103904
"3","GSE326225_BC1",0,0.4,"orig.ident",0
"4","GSE326225_BC1",6,0.4,"orig.ident",0.00053069166814081
"5","GSE326225_BC1",4,0.4,"orig.ident",0.000360978251060374
"6","GSE326225_BC1",0,0.4,"orig.ident",0
"7","GSE326225_BC1",0,0.4,"orig.ident",0
"8","GSE326225_BC1",0,0.4,"orig.ident",0
"9","GSE326225_BC1",0,0.4,"orig.ident",0
"singleton","GSE326225_BC1",0,0.4,"orig.ident",0
"0","GSE326225_BC2",7,0.4,"orig.ident",0.000315713512538337
"1","GSE326225_BC2",2,0.4,"orig.ident",0.000111881852763482
"2","GSE326225_BC2",9,0.4,"orig.ident",0.000504116955133591
"3","GSE326225_BC2",0,0.4,"orig.ident",0
"4","GSE326225_BC2",12,0.4,"orig.ident",0.00106138333628162
"5","GSE326225_BC2",2,0.4,"orig.ident",0.000180489125530187
"6","GSE326225_BC2",0,0.4,"orig.ident",0
"7","GSE326225_BC2",0,0.4,"orig.ident",0
"8","GSE326225_BC2",0,0.4,"orig.ident",0
"9","GSE326225_BC2",0,0.4,"orig.ident",0
"singleton","GSE326225_BC2",0,0.4,"orig.ident",0
"0","GSE326225_BC3",68,0.4,"orig.ident",0.00306693126465813
"1","GSE326225_BC3",28,0.4,"orig.ident",0.00156634593868874
"2","GSE326225_BC3",12,0.4,"orig.ident",0.000672155940178121
"3","GSE326225_BC3",3,0.4,"orig.ident",0.000169185653056621
"4","GSE326225_BC3",13,0.4,"orig.ident",0.00114983194763842
"5","GSE326225_BC3",26,0.4,"orig.ident",0.00234635863189243
"6","GSE326225_BC3",0,0.4,"orig.ident",0
"7","GSE326225_BC3",5,0.4,"orig.ident",0.000604814322003145
"8","GSE326225_BC3",3,0.4,"orig.ident",0.000496442164487837
"9","GSE326225_BC3",0,0.4,"orig.ident",0
"singleton","GSE326225_BC3",0,0.4,"orig.ident",0
"0","GSE326225_BC4",634,0.4,"orig.ident",0.0285946238499008
"1","GSE326225_BC4",52,0.4,"orig.ident",0.00290892817185053
"2","GSE326225_BC4",1452,0.4,"orig.ident",0.0813308687615527
"3","GSE326225_BC4",0,0.4,"orig.ident",0
"4","GSE326225_BC4",213,0.4,"orig.ident",0.0188395542189988
"5","GSE326225_BC4",348,0.4,"orig.ident",0.0314051078422525
"6","GSE326225_BC4",1,0.4,"orig.ident",0.000108189981607703
"7","GSE326225_BC4",0,0.4,"orig.ident",0
"8","GSE326225_BC4",100,0.4,"orig.ident",0.0165480721495946
"9","GSE326225_BC4",0,0.4,"orig.ident",0
"singleton","GSE326225_BC4",0,0.4,"orig.ident",0
"0","GSE326225_BC5",0,0.4,"orig.ident",0
"1","GSE326225_BC5",1,0.4,"orig.ident",5.59409263817409e-05
"2","GSE326225_BC5",1,0.4,"orig.ident",5.60129950148434e-05
"3","GSE326225_BC5",0,0.4,"orig.ident",0
"4","GSE326225_BC5",1,0.4,"orig.ident",8.84486113568017e-05
"5","GSE326225_BC5",0,0.4,"orig.ident",0
"6","GSE326225_BC5",0,0.4,"orig.ident",0
"7","GSE326225_BC5",0,0.4,"orig.ident",0
"8","GSE326225_BC5",0,0.4,"orig.ident",0
"9","GSE326225_BC5",0,0.4,"orig.ident",0
"singleton","GSE326225_BC5",0,0.4,"orig.ident",0
"0","GSE326225_BC6",166,0.4,"orig.ident",0.00748692044019484
"1","GSE326225_BC6",49,0.4,"orig.ident",0.0027411053927053
"2","GSE326225_BC6",95,0.4,"orig.ident",0.00532123452641013
"3","GSE326225_BC6",0,0.4,"orig.ident",0
"4","GSE326225_BC6",43,0.4,"orig.ident",0.00380329028834247
"5","GSE326225_BC6",125,0.4,"orig.ident",0.0112805703456367
"6","GSE326225_BC6",2,0.4,"orig.ident",0.000216379963215406
"7","GSE326225_BC6",0,0.4,"orig.ident",0
"8","GSE326225_BC6",32,0.4,"orig.ident",0.00529538308787026
"9","GSE326225_BC6",0,0.4,"orig.ident",0
"singleton","GSE326225_BC6",0,0.4,"orig.ident",0
"0","GSE326225_BC7",145,0.4,"orig.ident",0.00653977990257983
"1","GSE326225_BC7",50,0.4,"orig.ident",0.00279704631908704
"2","GSE326225_BC7",40,0.4,"orig.ident",0.00224051980059374
"3","GSE326225_BC7",0,0.4,"orig.ident",0
"4","GSE326225_BC7",13,0.4,"orig.ident",0.00114983194763842
"5","GSE326225_BC7",7,0.4,"orig.ident",0.000631711939355654
"6","GSE326225_BC7",0,0.4,"orig.ident",0
"7","GSE326225_BC7",0,0.4,"orig.ident",0
"8","GSE326225_BC7",0,0.4,"orig.ident",0
"9","GSE326225_BC7",0,0.4,"orig.ident",0
"singleton","GSE326225_BC7",0,0.4,"orig.ident",0
"0","GSE326225_BC8",186,0.4,"orig.ident",0.00838895904744723
"1","GSE326225_BC8",118,0.4,"orig.ident",0.00660102931304542
"2","GSE326225_BC8",52,0.4,"orig.ident",0.00291267574077186
"3","GSE326225_BC8",0,0.4,"orig.ident",0
"4","GSE326225_BC8",54,0.4,"orig.ident",0.00477622501326729
"5","GSE326225_BC8",41,0.4,"orig.ident",0.00370002707336883
"6","GSE326225_BC8",0,0.4,"orig.ident",0
"7","GSE326225_BC8",2,0.4,"orig.ident",0.000241925728801258
"8","GSE326225_BC8",10,0.4,"orig.ident",0.00165480721495946
"9","GSE326225_BC8",0,0.4,"orig.ident",0
"singleton","GSE326225_BC8",0,0.4,"orig.ident",0
"0","HRA003620_BC-01",1086,0.4,"orig.ident",0.0489806963738048
"1","HRA003620_BC-01",1145,0.4,"orig.ident",0.0640523607070933
"2","HRA003620_BC-01",1681,0.4,"orig.ident",0.0941578446199518
"3","HRA003620_BC-01",0,0.4,"orig.ident",0
"4","HRA003620_BC-01",357,0.4,"orig.ident",0.0315761542543782
"5","HRA003620_BC-01",1024,0.4,"orig.ident",0.0924104322714557
"6","HRA003620_BC-01",0,0.4,"orig.ident",0
"7","HRA003620_BC-01",0,0.4,"orig.ident",0
"8","HRA003620_BC-01",478,0.4,"orig.ident",0.0790997848750621
"9","HRA003620_BC-01",0,0.4,"orig.ident",0
"singleton","HRA003620_BC-01",0,0.4,"orig.ident",0
"0","HRA003620_BC-04",27,0.4,"orig.ident",0.00121775211979073
"1","HRA003620_BC-04",33,0.4,"orig.ident",0.00184605057059745
"2","HRA003620_BC-04",12,0.4,"orig.ident",0.000672155940178121
"3","HRA003620_BC-04",0,0.4,"orig.ident",0
"4","HRA003620_BC-04",32,0.4,"orig.ident",0.00283035556341765
"5","HRA003620_BC-04",28,0.4,"orig.ident",0.00252684775742262
"6","HRA003620_BC-04",0,0.4,"orig.ident",0
"7","HRA003620_BC-04",0,0.4,"orig.ident",0
"8","HRA003620_BC-04",14,0.4,"orig.ident",0.00231673010094324
"9","HRA003620_BC-04",0,0.4,"orig.ident",0
"singleton","HRA003620_BC-04",0,0.4,"orig.ident",0
"0","HRA003620_BC-05",492,0.4,"orig.ident",0.0221901497384088
"1","HRA003620_BC-05",317,0.4,"orig.ident",0.0177332736630119
"2","HRA003620_BC-05",840,0.4,"orig.ident",0.0470509158124685
"3","HRA003620_BC-05",0,0.4,"orig.ident",0
"4","HRA003620_BC-05",172,0.4,"orig.ident",0.0152131611533699
"5","HRA003620_BC-05",426,0.4,"orig.ident",0.0384441837379298
"6","HRA003620_BC-05",0,0.4,"orig.ident",0
"7","HRA003620_BC-05",0,0.4,"orig.ident",0
"8","HRA003620_BC-05",155,0.4,"orig.ident",0.0256495118318716
"9","HRA003620_BC-05",0,0.4,"orig.ident",0
"singleton","HRA003620_BC-05",0,0.4,"orig.ident",0
"0","HRA003620_BC-11",613,0.4,"orig.ident",0.0276474833122858
"1","HRA003620_BC-11",480,0.4,"orig.ident",0.0268516446632356
"2","HRA003620_BC-11",3597,0.4,"orig.ident",0.201478743068392
"3","HRA003620_BC-11",0,0.4,"orig.ident",0
"4","HRA003620_BC-11",257,0.4,"orig.ident",0.022731293118698
"5","HRA003620_BC-11",812,0.4,"orig.ident",0.0732785849652558
"6","HRA003620_BC-11",0,0.4,"orig.ident",0
"7","HRA003620_BC-11",0,0.4,"orig.ident",0
"8","HRA003620_BC-11",597,0.4,"orig.ident",0.0987919907330796
"9","HRA003620_BC-11",0,0.4,"orig.ident",0
"singleton","HRA003620_BC-11",0,0.4,"orig.ident",0
"0","HRA003620_BC-24",1085,0.4,"orig.ident",0.0489355944434422
"1","HRA003620_BC-24",680,0.4,"orig.ident",0.0380398299395838
"2","HRA003620_BC-24",1442,0.4,"orig.ident",0.0807707388114042
"3","HRA003620_BC-24",0,0.4,"orig.ident",0
"4","HRA003620_BC-24",376,0.4,"orig.ident",0.0332566778701574
"5","HRA003620_BC-24",65,0.4,"orig.ident",0.00586589657973107
"6","HRA003620_BC-24",0,0.4,"orig.ident",0
"7","HRA003620_BC-24",0,0.4,"orig.ident",0
"8","HRA003620_BC-24",161,0.4,"orig.ident",0.0266423961608473
"9","HRA003620_BC-24",0,0.4,"orig.ident",0
"singleton","HRA003620_BC-24",0,0.4,"orig.ident",0
"0","HRA003620_BC-27",539,0.4,"orig.ident",0.0243099404654519
"1","HRA003620_BC-27",556,0.4,"orig.ident",0.0311031550682479
"2","HRA003620_BC-27",567,0.4,"orig.ident",0.0317593681734162
"3","HRA003620_BC-27",0,0.4,"orig.ident",0
"4","HRA003620_BC-27",206,0.4,"orig.ident",0.0182204139395011
"5","HRA003620_BC-27",328,0.4,"orig.ident",0.0296002165869506
"6","HRA003620_BC-27",0,0.4,"orig.ident",0
"7","HRA003620_BC-27",0,0.4,"orig.ident",0
"8","HRA003620_BC-27",348,0.4,"orig.ident",0.0575872910805891
"9","HRA003620_BC-27",0,0.4,"orig.ident",0
"singleton","HRA003620_BC-27",1,0.4,"orig.ident",1
"0","HRA003620_BC-30",1290,0.4,"orig.ident",0.0581814901677792
"1","HRA003620_BC-30",703,0.4,"orig.ident",0.0393264712463638
"2","HRA003620_BC-30",1324,0.4,"orig.ident",0.0741612053996527
"3","HRA003620_BC-30",0,0.4,"orig.ident",0
"4","HRA003620_BC-30",383,0.4,"orig.ident",0.033875818149655
"5","HRA003620_BC-30",332,0.4,"orig.ident",0.029961194838011
"6","HRA003620_BC-30",0,0.4,"orig.ident",0
"7","HRA003620_BC-30",0,0.4,"orig.ident",0
"8","HRA003620_BC-30",412,0.4,"orig.ident",0.0681780572563296
"9","HRA003620_BC-30",0,0.4,"orig.ident",0
"singleton","HRA003620_BC-30",0,0.4,"orig.ident",0
"0","HRA003620_NC-01",85,0.4,"orig.ident",0.00383366408082266
"1","HRA003620_NC-01",255,0.4,"orig.ident",0.0142649362273439
"2","HRA003620_NC-01",83,0.4,"orig.ident",0.00464907858623201
"3","HRA003620_NC-01",0,0.4,"orig.ident",0
"4","HRA003620_NC-01",128,0.4,"orig.ident",0.0113214222536706
"5","HRA003620_NC-01",73,0.4,"orig.ident",0.00658785308185182
"6","HRA003620_NC-01",0,0.4,"orig.ident",0
"7","HRA003620_NC-01",0,0.4,"orig.ident",0
"8","HRA003620_NC-01",39,0.4,"orig.ident",0.00645374813834188
"9","HRA003620_NC-01",0,0.4,"orig.ident",0
"singleton","HRA003620_NC-01",0,0.4,"orig.ident",0
"0","HRA003620_NC-04",92,0.4,"orig.ident",0.004149377593361
"1","HRA003620_NC-04",138,0.4,"orig.ident",0.00771984784068024
"2","HRA003620_NC-04",18,0.4,"orig.ident",0.00100823391026718
"3","HRA003620_NC-04",0,0.4,"orig.ident",0
"4","HRA003620_NC-04",65,0.4,"orig.ident",0.00574915973819211
"5","HRA003620_NC-04",17,0.4,"orig.ident",0.00153415756700659
"6","HRA003620_NC-04",0,0.4,"orig.ident",0
"7","HRA003620_NC-04",0,0.4,"orig.ident",0
"8","HRA003620_NC-04",60,0.4,"orig.ident",0.00992884328975674
"9","HRA003620_NC-04",0,0.4,"orig.ident",0
"singleton","HRA003620_NC-04",0,0.4,"orig.ident",0
"0","HRA003620_NC-05",600,0.4,"orig.ident",0.0270611582175717
"1","HRA003620_NC-05",312,0.4,"orig.ident",0.0174535690311032
"2","HRA003620_NC-05",466,0.4,"orig.ident",0.026102055676917
"3","HRA003620_NC-05",0,0.4,"orig.ident",0
"4","HRA003620_NC-05",180,0.4,"orig.ident",0.0159207500442243
"5","HRA003620_NC-05",428,0.4,"orig.ident",0.03862467286346
"6","HRA003620_NC-05",0,0.4,"orig.ident",0
"7","HRA003620_NC-05",0,0.4,"orig.ident",0
"8","HRA003620_NC-05",212,0.4,"orig.ident",0.0350819129571405
"9","HRA003620_NC-05",0,0.4,"orig.ident",0
"singleton","HRA003620_NC-05",0,0.4,"orig.ident",0
"0","HRA003620_NC-11",566,0.4,"orig.ident",0.0255276925852426
"1","HRA003620_NC-11",607,0.4,"orig.ident",0.0339561423137167
"2","HRA003620_NC-11",654,0.4,"orig.ident",0.0366324987397076
"3","HRA003620_NC-11",0,0.4,"orig.ident",0
"4","HRA003620_NC-11",648,0.4,"orig.ident",0.0573147001592075
"5","HRA003620_NC-11",314,0.4,"orig.ident",0.0283367927082393
"6","HRA003620_NC-11",0,0.4,"orig.ident",0
"7","HRA003620_NC-11",0,0.4,"orig.ident",0
"8","HRA003620_NC-11",841,0.4,"orig.ident",0.13916928677809
"9","HRA003620_NC-11",0,0.4,"orig.ident",0
"singleton","HRA003620_NC-11",0,0.4,"orig.ident",0
"0","HRA003620_NC-24",604,0.4,"orig.ident",0.0272415659390222
"1","HRA003620_NC-24",594,0.4,"orig.ident",0.0332289102707541
"2","HRA003620_NC-24",227,0.4,"orig.ident",0.0127149498683695
"3","HRA003620_NC-24",0,0.4,"orig.ident",0
"4","HRA003620_NC-24",51,0.4,"orig.ident",0.00451087917919689
"5","HRA003620_NC-24",9,0.4,"orig.ident",0.000812201064885841
"6","HRA003620_NC-24",0,0.4,"orig.ident",0
"7","HRA003620_NC-24",0,0.4,"orig.ident",0
"8","HRA003620_NC-24",9,0.4,"orig.ident",0.00148932649346351
"9","HRA003620_NC-24",0,0.4,"orig.ident",0
"singleton","HRA003620_NC-24",0,0.4,"orig.ident",0
"0","HRA003620_NC-27",1373,0.4,"orig.ident",0.0619249503878766
"1","HRA003620_NC-27",1153,0.4,"orig.ident",0.0644998881181472
"2","HRA003620_NC-27",296,0.4,"orig.ident",0.0165798465243937
"3","HRA003620_NC-27",0,0.4,"orig.ident",0
"4","HRA003620_NC-27",254,0.4,"orig.ident",0.0224659472846276
"5","HRA003620_NC-27",24,0.4,"orig.ident",0.00216586950636224
"6","HRA003620_NC-27",0,0.4,"orig.ident",0
"7","HRA003620_NC-27",0,0.4,"orig.ident",0
"8","HRA003620_NC-27",37,0.4,"orig.ident",0.00612278669534999
"9","HRA003620_NC-27",0,0.4,"orig.ident",0
"singleton","HRA003620_NC-27",0,0.4,"orig.ident",0
"0","HRA003620_NC-30",835,0.4,"orig.ident",0.0376601118527873
"1","HRA003620_NC-30",1611,0.4,"orig.ident",0.0901208324009846
"2","HRA003620_NC-30",125,0.4,"orig.ident",0.00700162437685543
"3","HRA003620_NC-30",0,0.4,"orig.ident",0
"4","HRA003620_NC-30",373,0.4,"orig.ident",0.032991332036087
"5","HRA003620_NC-30",436,0.4,"orig.ident",0.0393466293655807
"6","HRA003620_NC-30",0,0.4,"orig.ident",0
"7","HRA003620_NC-30",0,0.4,"orig.ident",0
"8","HRA003620_NC-30",265,0.4,"orig.ident",0.0438523911964256
"9","HRA003620_NC-30",0,0.4,"orig.ident",0
"singleton","HRA003620_NC-30",0,0.4,"orig.ident",0
"0","PRJNA662018_PRJNA662018_P1N1",483,0.4,"orig.ident",0.0217842323651452
"1","PRJNA662018_PRJNA662018_P1N1",536,0.4,"orig.ident",0.0299843365406131
"2","PRJNA662018_PRJNA662018_P1N1",75,0.4,"orig.ident",0.00420097462611326
"3","PRJNA662018_PRJNA662018_P1N1",0,0.4,"orig.ident",0
"4","PRJNA662018_PRJNA662018_P1N1",181,0.4,"orig.ident",0.0160091986555811
"5","PRJNA662018_PRJNA662018_P1N1",210,0.4,"orig.ident",0.0189513581806696
"6","PRJNA662018_PRJNA662018_P1N1",0,0.4,"orig.ident",0
"7","PRJNA662018_PRJNA662018_P1N1",0,0.4,"orig.ident",0
"8","PRJNA662018_PRJNA662018_P1N1",99,0.4,"orig.ident",0.0163825914280986
"9","PRJNA662018_PRJNA662018_P1N1",0,0.4,"orig.ident",0
"singleton","PRJNA662018_PRJNA662018_P1N1",0,0.4,"orig.ident",0
"0","PRJNA662018_PRJNA662018_P1T1",882,0.4,"orig.ident",0.0397799025798304
"1","PRJNA662018_PRJNA662018_P1T1",938,0.4,"orig.ident",0.0524725889460729
"2","PRJNA662018_PRJNA662018_P1T1",293,0.4,"orig.ident",0.0164118075393491
"3","PRJNA662018_PRJNA662018_P1T1",0,0.4,"orig.ident",0
"4","PRJNA662018_PRJNA662018_P1T1",339,0.4,"orig.ident",0.0299840792499558
"5","PRJNA662018_PRJNA662018_P1T1",265,0.4,"orig.ident",0.0239148091327498
"6","PRJNA662018_PRJNA662018_P1T1",0,0.4,"orig.ident",0
"7","PRJNA662018_PRJNA662018_P1T1",0,0.4,"orig.ident",0
"8","PRJNA662018_PRJNA662018_P1T1",178,0.4,"orig.ident",0.0294555684262783
"9","PRJNA662018_PRJNA662018_P1T1",0,0.4,"orig.ident",0
"singleton","PRJNA662018_PRJNA662018_P1T1",0,0.4,"orig.ident",0
"0","PRJNA662018_PRJNA662018_P2T2",1021,0.4,"orig.ident",0.0460490709002345
"1","PRJNA662018_PRJNA662018_P2T2",971,0.4,"orig.ident",0.0543186395166704
"2","PRJNA662018_PRJNA662018_P2T2",602,0.4,"orig.ident",0.0337198229989358
"3","PRJNA662018_PRJNA662018_P2T2",0,0.4,"orig.ident",0
"4","PRJNA662018_PRJNA662018_P2T2",470,0.4,"orig.ident",0.0415708473376968
"5","PRJNA662018_PRJNA662018_P2T2",591,0.4,"orig.ident",0.0533345365941702
"6","PRJNA662018_PRJNA662018_P2T2",0,0.4,"orig.ident",0
"7","PRJNA662018_PRJNA662018_P2T2",0,0.4,"orig.ident",0
"8","PRJNA662018_PRJNA662018_P2T2",237,0.4,"orig.ident",0.0392189309945391
"9","PRJNA662018_PRJNA662018_P2T2",0,0.4,"orig.ident",0
"singleton","PRJNA662018_PRJNA662018_P2T2",0,0.4,"orig.ident",0
"0","PRJNA662018_PRJNA662018_P3N3",904,0.4,"orig.ident",0.040772145047808
"1","PRJNA662018_PRJNA662018_P3N3",773,0.4,"orig.ident",0.0432423360930857
"2","PRJNA662018_PRJNA662018_P3N3",91,0.4,"orig.ident",0.00509718254635075
"3","PRJNA662018_PRJNA662018_P3N3",0,0.4,"orig.ident",0
"4","PRJNA662018_PRJNA662018_P3N3",105,0.4,"orig.ident",0.00928710419246418
"5","PRJNA662018_PRJNA662018_P3N3",120,0.4,"orig.ident",0.0108293475318112
"6","PRJNA662018_PRJNA662018_P3N3",0,0.4,"orig.ident",0
"7","PRJNA662018_PRJNA662018_P3N3",0,0.4,"orig.ident",0
"8","PRJNA662018_PRJNA662018_P3N3",105,0.4,"orig.ident",0.0173754757570743
"9","PRJNA662018_PRJNA662018_P3N3",0,0.4,"orig.ident",0
"singleton","PRJNA662018_PRJNA662018_P3N3",0,0.4,"orig.ident",0
"0","PRJNA662018_PRJNA662018_P3T3",560,0.4,"orig.ident",0.0252570810030669
"1","PRJNA662018_PRJNA662018_P3T3",368,0.4,"orig.ident",0.0205862609084806
"2","PRJNA662018_PRJNA662018_P3T3",157,0.4,"orig.ident",0.00879404021733042
"3","PRJNA662018_PRJNA662018_P3T3",0,0.4,"orig.ident",0
"4","PRJNA662018_PRJNA662018_P3T3",135,0.4,"orig.ident",0.0119405625331682
"5","PRJNA662018_PRJNA662018_P3T3",446,0.4,"orig.ident",0.0402490749932317
"6","PRJNA662018_PRJNA662018_P3T3",0,0.4,"orig.ident",0
"7","PRJNA662018_PRJNA662018_P3T3",0,0.4,"orig.ident",0
"8","PRJNA662018_PRJNA662018_P3T3",162,0.4,"orig.ident",0.0268078768823432
"9","PRJNA662018_PRJNA662018_P3T3",0,0.4,"orig.ident",0
"singleton","PRJNA662018_PRJNA662018_P3T3",0,0.4,"orig.ident",0
"0","PRJNA662018_PRJNA662018_P4T4",597,0.4,"orig.ident",0.0269258524264839
"1","PRJNA662018_PRJNA662018_P4T4",248,0.4,"orig.ident",0.0138733497426717
"2","PRJNA662018_PRJNA662018_P4T4",837,0.4,"orig.ident",0.046882876827424
"3","PRJNA662018_PRJNA662018_P4T4",0,0.4,"orig.ident",0
"4","PRJNA662018_PRJNA662018_P4T4",271,0.4,"orig.ident",0.0239695736776933
"5","PRJNA662018_PRJNA662018_P4T4",428,0.4,"orig.ident",0.03862467286346
"6","PRJNA662018_PRJNA662018_P4T4",0,0.4,"orig.ident",0
"7","PRJNA662018_PRJNA662018_P4T4",0,0.4,"orig.ident",0
"8","PRJNA662018_PRJNA662018_P4T4",145,0.4,"orig.ident",0.0239947046169121
"9","PRJNA662018_PRJNA662018_P4T4",0,0.4,"orig.ident",0
"singleton","PRJNA662018_PRJNA662018_P4T4",0,0.4,"orig.ident",0
"0","PRJNA662018_PRJNA662018_P5T5",101,0.4,"orig.ident",0.00455529496662457
"1","PRJNA662018_PRJNA662018_P5T5",30,0.4,"orig.ident",0.00167822779145223
"2","PRJNA662018_PRJNA662018_P5T5",11,0.4,"orig.ident",0.000616142945163278
"3","PRJNA662018_PRJNA662018_P5T5",0,0.4,"orig.ident",0
"4","PRJNA662018_PRJNA662018_P5T5",3,0.4,"orig.ident",0.000265345834070405
"5","PRJNA662018_PRJNA662018_P5T5",5,0.4,"orig.ident",0.000451222813825467
"6","PRJNA662018_PRJNA662018_P5T5",0,0.4,"orig.ident",0
"7","PRJNA662018_PRJNA662018_P5T5",0,0.4,"orig.ident",0
"8","PRJNA662018_PRJNA662018_P5T5",5,0.4,"orig.ident",0.000827403607479729
"9","PRJNA662018_PRJNA662018_P5T5",0,0.4,"orig.ident",0
"singleton","PRJNA662018_PRJNA662018_P5T5",0,0.4,"orig.ident",0
"0","PRJNA662018_PRJNA662018_P6N2",506,0.4,"orig.ident",0.0228215767634855
"1","PRJNA662018_PRJNA662018_P6N2",483,0.4,"orig.ident",0.0270194674423808
"2","PRJNA662018_PRJNA662018_P6N2",47,0.4,"orig.ident",0.00263261076569764
"3","PRJNA662018_PRJNA662018_P6N2",0,0.4,"orig.ident",0
"4","PRJNA662018_PRJNA662018_P6N2",95,0.4,"orig.ident",0.00840261807889616
"5","PRJNA662018_PRJNA662018_P6N2",365,0.4,"orig.ident",0.0329392654092591
"6","PRJNA662018_PRJNA662018_P6N2",0,0.4,"orig.ident",0
"7","PRJNA662018_PRJNA662018_P6N2",0,0.4,"orig.ident",0
"8","PRJNA662018_PRJNA662018_P6N2",106,0.4,"orig.ident",0.0175409564785702
"9","PRJNA662018_PRJNA662018_P6N2",0,0.4,"orig.ident",0
"singleton","PRJNA662018_PRJNA662018_P6N2",0,0.4,"orig.ident",0
"0","PRJNA662018_PRJNA662018_P6T6",13,0.4,"orig.ident",0.000586325094714054
"1","PRJNA662018_PRJNA662018_P6T6",11,0.4,"orig.ident",0.00061535019019915
"2","PRJNA662018_PRJNA662018_P6T6",0,0.4,"orig.ident",0
"3","PRJNA662018_PRJNA662018_P6T6",0,0.4,"orig.ident",0
"4","PRJNA662018_PRJNA662018_P6T6",3,0.4,"orig.ident",0.000265345834070405
"5","PRJNA662018_PRJNA662018_P6T6",1,0.4,"orig.ident",9.02445627650934e-05
"6","PRJNA662018_PRJNA662018_P6T6",0,0.4,"orig.ident",0
"7","PRJNA662018_PRJNA662018_P6T6",0,0.4,"orig.ident",0
"8","PRJNA662018_PRJNA662018_P6T6",1,0.4,"orig.ident",0.000165480721495946
"9","PRJNA662018_PRJNA662018_P6T6",0,0.4,"orig.ident",0
"singleton","PRJNA662018_PRJNA662018_P6T6",0,0.4,"orig.ident",0
"0","PRJNA662018_PRJNA662018_P7T7",371,0.4,"orig.ident",0.0167328161645318
"1","PRJNA662018_PRJNA662018_P7T7",308,0.4,"orig.ident",0.0172298053255762
"2","PRJNA662018_PRJNA662018_P7T7",63,0.4,"orig.ident",0.00352881868593514
"3","PRJNA662018_PRJNA662018_P7T7",0,0.4,"orig.ident",0
"4","PRJNA662018_PRJNA662018_P7T7",38,0.4,"orig.ident",0.00336104723155846
"5","PRJNA662018_PRJNA662018_P7T7",272,0.4,"orig.ident",0.0245465210721054
"6","PRJNA662018_PRJNA662018_P7T7",0,0.4,"orig.ident",0
"7","PRJNA662018_PRJNA662018_P7T7",0,0.4,"orig.ident",0
"8","PRJNA662018_PRJNA662018_P7T7",37,0.4,"orig.ident",0.00612278669534999
"9","PRJNA662018_PRJNA662018_P7T7",0,0.4,"orig.ident",0
"singleton","PRJNA662018_PRJNA662018_P7T7",0,0.4,"orig.ident",0
"0","PRJNA662018_PRJNA662018_P8T8",2,0.4,"orig.ident",9.0203860725239e-05
"1","PRJNA662018_PRJNA662018_P8T8",1,0.4,"orig.ident",5.59409263817409e-05
"2","PRJNA662018_PRJNA662018_P8T8",0,0.4,"orig.ident",0
"3","PRJNA662018_PRJNA662018_P8T8",0,0.4,"orig.ident",0
"4","PRJNA662018_PRJNA662018_P8T8",6,0.4,"orig.ident",0.00053069166814081
"5","PRJNA662018_PRJNA662018_P8T8",10,0.4,"orig.ident",0.000902445627650934
"6","PRJNA662018_PRJNA662018_P8T8",0,0.4,"orig.ident",0
"7","PRJNA662018_PRJNA662018_P8T8",0,0.4,"orig.ident",0
"8","PRJNA662018_PRJNA662018_P8T8",2,0.4,"orig.ident",0.000330961442991891
"9","PRJNA662018_PRJNA662018_P8T8",0,0.4,"orig.ident",0
"singleton","PRJNA662018_PRJNA662018_P8T8",0,0.4,"orig.ident",0
"0","T4091568",37,0.4,"orig.ident",0.00166877142341692
"1","T4091568",0,0.4,"orig.ident",0
"2","T4091568",0,0.4,"orig.ident",0
"3","T4091568",1106,0.4,"orig.ident",0.0623731107602075
"4","T4091568",182,0.4,"orig.ident",0.0160976472669379
"5","T4091568",8,0.4,"orig.ident",0.000721956502120747
"6","T4091568",354,0.4,"orig.ident",0.0382992534891269
"7","T4091568",649,0.4,"orig.ident",0.0785048989960082
"8","T4091568",0,0.4,"orig.ident",0
"9","T4091568",114,0.4,"orig.ident",0.0359394703656999
"singleton","T4091568",0,0.4,"orig.ident",0
"0","T4295396",26,0.4,"orig.ident",0.00117265018942811
"1","T4295396",0,0.4,"orig.ident",0
"2","T4295396",0,0.4,"orig.ident",0
"3","T4295396",1717,0.4,"orig.ident",0.0968305887660726
"4","T4295396",351,0.4,"orig.ident",0.0310454625862374
"5","T4295396",6,0.4,"orig.ident",0.00054146737659056
"6","T4295396",787,0.4,"orig.ident",0.0851455155252624
"7","T4295396",843,0.4,"orig.ident",0.10197169468973
"8","T4295396",12,0.4,"orig.ident",0.00198576865795135
"9","T4295396",758,0.4,"orig.ident",0.238965952080706
"singleton","T4295396",0,0.4,"orig.ident",0
"0","T4380845",14,0.4,"orig.ident",0.000631427025076673
"1","T4380845",0,0.4,"orig.ident",0
"2","T4380845",0,0.4,"orig.ident",0
"3","T4380845",1106,0.4,"orig.ident",0.0623731107602075
"4","T4380845",164,0.4,"orig.ident",0.0145055722625155
"5","T4380845",4,0.4,"orig.ident",0.000360978251060374
"6","T4380845",302,0.4,"orig.ident",0.0326733744455263
"7","T4380845",280,0.4,"orig.ident",0.0338696020321761
"8","T4380845",3,0.4,"orig.ident",0.000496442164487837
"9","T4380845",172,0.4,"orig.ident",0.0542244640605296
"singleton","T4380845",0,0.4,"orig.ident",0
"0","T4398343",51,0.4,"orig.ident",0.0023001984484936
"1","T4398343",0,0.4,"orig.ident",0
"2","T4398343",2,0.4,"orig.ident",0.000112025990029687
"3","T4398343",1457,0.4,"orig.ident",0.0821678321678322
"4","T4398343",686,0.4,"orig.ident",0.060675747390766
"5","T4398343",17,0.4,"orig.ident",0.00153415756700659
"6","T4398343",1665,0.4,"orig.ident",0.180136319376826
"7","T4398343",982,0.4,"orig.ident",0.118785532841418
"8","T4398343",6,0.4,"orig.ident",0.000992884328975674
"9","T4398343",610,0.4,"orig.ident",0.192307692307692
"singleton","T4398343",0,0.4,"orig.ident",0
"0","T4450398",122,0.4,"orig.ident",0.00550243550423958
"1","T4450398",0,0.4,"orig.ident",0
"2","T4450398",0,0.4,"orig.ident",0
"3","T4450398",3049,0.4,"orig.ident",0.171949018723212
"4","T4450398",279,0.4,"orig.ident",0.0246771625685477
"5","T4450398",34,0.4,"orig.ident",0.00306831513401318
"6","T4450398",930,0.4,"orig.ident",0.100616682895164
"7","T4450398",1257,0.4,"orig.ident",0.152050320551591
"8","T4450398",0,0.4,"orig.ident",0
"9","T4450398",300,0.4,"orig.ident",0.094577553593947
"singleton","T4450398",0,0.4,"orig.ident",0
"0","T4463209a",29,0.4,"orig.ident",0.00130795598051597
"1","T4463209a",0,0.4,"orig.ident",0
"2","T4463209a",0,0.4,"orig.ident",0
"3","T4463209a",1593,0.4,"orig.ident",0.0898375817730656
"4","T4463209a",623,0.4,"orig.ident",0.0551034848752875
"5","T4463209a",39,0.4,"orig.ident",0.00351953794783864
"6","T4463209a",1550,0.4,"orig.ident",0.16769447149194
"7","T4463209a",318,0.4,"orig.ident",0.0384661908794
"8","T4463209a",8,0.4,"orig.ident",0.00132384577196757
"9","T4463209a",487,0.4,"orig.ident",0.153530895334174
"singleton","T4463209a",0,0.4,"orig.ident",0
"0","T4463209b",35,0.4,"orig.ident",0.00157856756269168
"1","T4463209b",0,0.4,"orig.ident",0
"2","T4463209b",0,0.4,"orig.ident",0
"3","T4463209b",1113,0.4,"orig.ident",0.0627678772840063
"4","T4463209b",392,0.4,"orig.ident",0.0346718556518663
"5","T4463209b",15,0.4,"orig.ident",0.0013536684414764
"6","T4463209b",486,0.4,"orig.ident",0.0525803310613437
"7","T4463209b",532,0.4,"orig.ident",0.0643522438611346
"8","T4463209b",2,0.4,"orig.ident",0.000330961442991891
"9","T4463209b",257,0.4,"orig.ident",0.0810214375788146
"singleton","T4463209b",0,0.4,"orig.ident",0
"0","T4465219",170,0.4,"orig.ident",0.00766732816164532
"1","T4465219",1,0.4,"orig.ident",5.59409263817409e-05
"2","T4465219",10,0.4,"orig.ident",0.000560129950148434
"3","T4465219",283,0.4,"orig.ident",0.0159598466050079
"4","T4465219",571,0.4,"orig.ident",0.0505041570847338
"5","T4465219",14,0.4,"orig.ident",0.00126342387871131
"6","T4465219",126,0.4,"orig.ident",0.0136319376825706
"7","T4465219",171,0.4,"orig.ident",0.0206846498125076
"8","T4465219",10,0.4,"orig.ident",0.00165480721495946
"9","T4465219",16,0.4,"orig.ident",0.00504413619167718
"singleton","T4465219",0,0.4,"orig.ident",0
"0","T4465935",58,0.4,"orig.ident",0.00261591196103193
"1","T4465935",0,0.4,"orig.ident",0
"2","T4465935",1,0.4,"orig.ident",5.60129950148434e-05
"3","T4465935",635,0.4,"orig.ident",0.0358109632303181
"4","T4465935",194,0.4,"orig.ident",0.0171590306032195
"5","T4465935",27,0.4,"orig.ident",0.00243660319465752
"6","T4465935",813,0.4,"orig.ident",0.0879584550470626
"7","T4465935",882,0.4,"orig.ident",0.106689246401355
"8","T4465935",0,0.4,"orig.ident",0
"9","T4465935",124,0.4,"orig.ident",0.0390920554854981
"singleton","T4465935",0,0.4,"orig.ident",0
"0","T4466585",18,0.4,"orig.ident",0.000811834746527151
"1","T4466585",1,0.4,"orig.ident",5.59409263817409e-05
"2","T4466585",0,0.4,"orig.ident",0
"3","T4466585",374,0.4,"orig.ident",0.0210918114143921
"4","T4466585",60,0.4,"orig.ident",0.0053069166814081
"5","T4466585",5,0.4,"orig.ident",0.000451222813825467
"6","T4466585",225,0.4,"orig.ident",0.0243427458617332
"7","T4466585",440,0.4,"orig.ident",0.0532236603362768
"8","T4466585",0,0.4,"orig.ident",0
"9","T4466585",47,0.4,"orig.ident",0.0148171500630517
"singleton","T4466585",0,0.4,"orig.ident",0
"0","T4469479",52,0.4,"orig.ident",0.00234530037885621
"1","T4469479",0,0.4,"orig.ident",0
"2","T4469479",0,0.4,"orig.ident",0
"3","T4469479",1128,0.4,"orig.ident",0.0636138055492894
"4","T4469479",196,0.4,"orig.ident",0.0173359278259331
"5","T4469479",32,0.4,"orig.ident",0.00288782600848299
"6","T4469479",678,0.4,"orig.ident",0.0733528075300227
"7","T4469479",568,0.4,"orig.ident",0.0687069069795573
"8","T4469479",0,0.4,"orig.ident",0
"9","T4469479",79,0.4,"orig.ident",0.0249054224464061
"singleton","T4469479",0,0.4,"orig.ident",0
"0","T4471438",76,0.4,"orig.ident",0.00342774670755908
"1","T4471438",0,0.4,"orig.ident",0
"2","T4471438",0,0.4,"orig.ident",0
"3","T4471438",3403,0.4,"orig.ident",0.191912925783894
"4","T4471438",544,0.4,"orig.ident",0.0481160445781001
"5","T4471438",28,0.4,"orig.ident",0.00252684775742262
"6","T4471438",946,0.4,"orig.ident",0.102347722600887
"7","T4471438",968,0.4,"orig.ident",0.117092052739809
"8","T4471438",0,0.4,"orig.ident",0
"9","T4471438",110,0.4,"orig.ident",0.0346784363177806
"singleton","T4471438",0,0.4,"orig.ident",0
"0","T8009218",24,0.4,"orig.ident",0.00108244632870287
"1","T8009218",0,0.4,"orig.ident",0
"2","T8009218",0,0.4,"orig.ident",0
"3","T8009218",765,0.4,"orig.ident",0.0431423415294383
"4","T8009218",310,0.4,"orig.ident",0.0274190695206085
"5","T8009218",15,0.4,"orig.ident",0.0013536684414764
"6","T8009218",378,0.4,"orig.ident",0.0408958130477118
"7","T8009218",370,0.4,"orig.ident",0.0447562598282327
"8","T8009218",0,0.4,"orig.ident",0
"9","T8009218",98,0.4,"orig.ident",0.0308953341740227
"singleton","T8009218",0,0.4,"orig.ident",0
"0","Normal",8693,0.4,"T_stage",0.392071080642251
"1","Normal",8529,0.4,"T_stage",0.477120161109868
"2","Normal",2788,0.4,"T_stage",0.156164230101384
"3","Normal",0,0.4,"T_stage",0
"4","Normal",2653,0.4,"T_stage",0.234654165929595
"5","Normal",3008,0.4,"T_stage",0.271455644797401
"6","Normal",0,0.4,"T_stage",0
"7","Normal",0,0.4,"T_stage",0
"8","Normal",2177,0.4,"T_stage",0.360251530696674
"9","Normal",0,0.4,"T_stage",0
"singleton","Normal",0,0.4,"T_stage",0
"0","T1",3134,0.4,"T_stage",0.14134944975645
"1","T1",2280,0.4,"T_stage",0.127545312150369
"2","T1",2962,0.4,"T_stage",0.165910491233966
"3","T1",0,0.4,"T_stage",0
"4","T1",989,0.4,"T_stage",0.0874756766318769
"5","T1",1386,0.4,"T_stage",0.125078963992419
"6","T1",0,0.4,"T_stage",0
"7","T1",0,0.4,"T_stage",0
"8","T1",800,0.4,"T_stage",0.132384577196757
"9","T1",0,0.4,"T_stage",0
"singleton","T1",1,0.4,"T_stage",1
"0","T2",1290,0.4,"T_stage",0.0581814901677792
"1","T2",648,0.4,"T_stage",0.0362497202953681
"2","T2",448,0.4,"T_stage",0.0250938217666499
"3","T2",11327,0.4,"T_stage",0.638788630724115
"4","T2",3463,0.4,"T_stage",0.306297541128604
"5","T2",1044,0.4,"T_stage",0.0942153235267575
"6","T2",6884,0.4,"T_stage",0.744779833387428
"7","T2",5705,0.4,"T_stage",0.690093141405589
"8","T2",322,0.4,"T_stage",0.0532847923216945
"9","T2",2771,0.4,"T_stage",0.873581336696091
"singleton","T2",0,0.4,"T_stage",0
"0","T3",2998,0.4,"T_stage",0.135215587227133
"1","T3",2414,0.4,"T_stage",0.135041396285522
"2","T3",3575,0.4,"T_stage",0.200246457178065
"3","T3",765,0.4,"T_stage",0.0431423415294383
"4","T3",1198,0.4,"T_stage",0.105961436405448
"5","T3",1738,0.4,"T_stage",0.156845050085732
"6","T3",378,0.4,"T_stage",0.0408958130477118
"7","T3",370,0.4,"T_stage",0.0447562598282327
"8","T3",1066,0.4,"T_stage",0.176402449114678
"9","T3",98,0.4,"T_stage",0.0308953341740227
"singleton","T3",0,0.4,"T_stage",0
"0","T4",684,0.4,"T_stage",0.0308497203680318
"1","T4",350,0.4,"T_stage",0.0195793242336093
"2","T4",852,0.4,"T_stage",0.0477230717526466
"3","T4",5637,0.4,"T_stage",0.317899842093391
"4","T4",1126,0.4,"T_stage",0.0995931363877587
"5","T4",522,0.4,"T_stage",0.0471076617633788
"6","T4",1978,0.4,"T_stage",0.213999783620037
"7","T4",2185,0.4,"T_stage",0.264303858715374
"8","T4",169,0.4,"T_stage",0.0279662419328148
"9","T4",303,0.4,"T_stage",0.0955233291298865
"singleton","T4",0,0.4,"T_stage",0
"0","Ta",613,0.4,"T_stage",0.0276474833122858
"1","Ta",480,0.4,"T_stage",0.0268516446632356
"2","Ta",3597,0.4,"T_stage",0.201478743068392
"3","Ta",0,0.4,"T_stage",0
"4","Ta",257,0.4,"T_stage",0.022731293118698
"5","Ta",812,0.4,"T_stage",0.0732785849652558
"6","Ta",0,0.4,"T_stage",0
"7","Ta",0,0.4,"T_stage",0
"8","Ta",597,0.4,"T_stage",0.0987919907330796
"9","Ta",0,0.4,"T_stage",0
"singleton","Ta",0,0.4,"T_stage",0
"0",NA,4760,0.4,"T_stage",0.214685188526069
"1",NA,3175,0.4,"T_stage",0.177612441262027
"2",NA,3631,0.4,"T_stage",0.203383184898897
"3",NA,3,0.4,"T_stage",0.000169185653056621
"4",NA,1620,0.4,"T_stage",0.143286750398019
"5",NA,2571,0.4,"T_stage",0.232018770869055
"6",NA,3,0.4,"T_stage",0.000324569944823109
"7",NA,7,0.4,"T_stage",0.000846740050804403
"8",NA,912,0.4,"T_stage",0.150918418004303
"9",NA,0,0.4,"T_stage",0
"singleton",NA,0,0.4,"T_stage",0
"0","N0",6917,0.4,"N_stage",0.311970052318239
"1","N0",5287,0.4,"N_stage",0.295759677780264
"2","N0",10011,0.4,"N_stage",0.560746093093598
"3","N0",0,0.4,"N_stage",0
"4","N0",2161,0.4,"N_stage",0.191137449142048
"5","N0",4465,0.4,"N_stage",0.402941972746142
"6","N0",0,0.4,"N_stage",0
"7","N0",0,0.4,"N_stage",0
"8","N0",2582,0.4,"N_stage",0.427271222902532
"9","N0",0,0.4,"N_stage",0
"singleton","N0",1,0.4,"N_stage",1
"0","N2",492,0.4,"N_stage",0.0221901497384088
"1","N2",317,0.4,"N_stage",0.0177332736630119
"2","N2",840,0.4,"N_stage",0.0470509158124685
"3","N2",0,0.4,"N_stage",0
"4","N2",172,0.4,"N_stage",0.0152131611533699
"5","N2",426,0.4,"N_stage",0.0384441837379298
"6","N2",0,0.4,"N_stage",0
"7","N2",0,0.4,"N_stage",0
"8","N2",155,0.4,"N_stage",0.0256495118318716
"9","N2",0,0.4,"N_stage",0
"singleton","N2",0,0.4,"N_stage",0
"0","N3",598,0.4,"N_stage",0.0269709543568465
"1","N3",566,0.4,"N_stage",0.0316625643320653
"2","N3",570,0.4,"N_stage",0.0319274071584608
"3","N3",0,0.4,"N_stage",0
"4","N3",148,0.4,"N_stage",0.0130903944808067
"5","N3",367,0.4,"N_stage",0.0331197545347893
"6","N3",0,0.4,"N_stage",0
"7","N3",0,0.4,"N_stage",0
"8","N3",176,0.4,"N_stage",0.0291246069832864
"9","N3",0,0.4,"N_stage",0
"singleton","N3",0,0.4,"N_stage",0
"0","Normal",8693,0.4,"N_stage",0.392071080642251
"1","Normal",8529,0.4,"N_stage",0.477120161109868
"2","Normal",2788,0.4,"N_stage",0.156164230101384
"3","Normal",0,0.4,"N_stage",0
"4","Normal",2653,0.4,"N_stage",0.234654165929595
"5","Normal",3008,0.4,"N_stage",0.271455644797401
"6","Normal",0,0.4,"N_stage",0
"7","Normal",0,0.4,"N_stage",0
"8","Normal",2177,0.4,"N_stage",0.360251530696674
"9","Normal",0,0.4,"N_stage",0
"singleton","Normal",0,0.4,"N_stage",0
"0",NA,5472,0.4,"N_stage",0.246797762944254
"1",NA,3177,0.4,"N_stage",0.177724323114791
"2",NA,3644,0.4,"N_stage",0.20411135383409
"3",NA,17732,0.4,"N_stage",1
"4",NA,6172,0.4,"N_stage",0.54590482929418
"5",NA,2815,0.4,"N_stage",0.254038444183738
"6",NA,9243,0.4,"N_stage",1
"7",NA,8267,0.4,"N_stage",1
"8",NA,953,0.4,"N_stage",0.157703127585636
"9",NA,3172,0.4,"N_stage",1
"singleton",NA,0,0.4,"N_stage",0
"0","M0",7515,0.4,"M_stage",0.338941006675086
"1","M0",5853,0.4,"M_stage",0.327422242112329
"2","M0",10581,0.4,"M_stage",0.592673500252058
"3","M0",0,0.4,"M_stage",0
"4","M0",2309,0.4,"M_stage",0.204227843622855
"5","M0",4832,0.4,"M_stage",0.436061727280931
"6","M0",0,0.4,"M_stage",0
"7","M0",0,0.4,"M_stage",0
"8","M0",2758,0.4,"M_stage",0.456395829885818
"9","M0",0,0.4,"M_stage",0
"singleton","M0",1,0.4,"M_stage",1
"0","Normal",8693,0.4,"M_stage",0.392071080642251
"1","Normal",8529,0.4,"M_stage",0.477120161109868
"2","Normal",2788,0.4,"M_stage",0.156164230101384
"3","Normal",0,0.4,"M_stage",0
"4","Normal",2653,0.4,"M_stage",0.234654165929595
"5","Normal",3008,0.4,"M_stage",0.271455644797401
"6","Normal",0,0.4,"M_stage",0
"7","Normal",0,0.4,"M_stage",0
"8","Normal",2177,0.4,"M_stage",0.360251530696674
"9","Normal",0,0.4,"M_stage",0
"singleton","Normal",0,0.4,"M_stage",0
"0",NA,5964,0.4,"M_stage",0.268987912682663
"1",NA,3494,0.4,"M_stage",0.195457596777803
"2",NA,4484,0.4,"M_stage",0.251162269646558
"3",NA,17732,0.4,"M_stage",1
"4",NA,6344,0.4,"M_stage",0.56111799044755
"5",NA,3241,0.4,"M_stage",0.292482627921668
"6",NA,9243,0.4,"M_stage",1
"7",NA,8267,0.4,"M_stage",1
"8",NA,1108,0.4,"M_stage",0.183352639417508
"9",NA,3172,0.4,"M_stage",1
"singleton",NA,0,0.4,"M_stage",0
"0","MIBC",6672,0.4,"Type",0.300920079379397
"1","MIBC",4062,0.4,"Type",0.227232042962631
"2","MIBC",6617,0.4,"Type",0.370637988013219
"3","MIBC",17732,0.4,"Type",1
"4","MIBC",6192,0.4,"Type",0.547673801521316
"5","MIBC",4145,0.4,"Type",0.374063712661312
"6","MIBC",9243,0.4,"Type",1
"7","MIBC",8267,0.4,"Type",1
"8","MIBC",1747,0.4,"Type",0.289094820453417
"9","MIBC",3172,0.4,"Type",1
"singleton","MIBC",0,0.4,"Type",0
"0","NMIBC",6807,0.4,"Type",0.307008839978351
"1","NMIBC",5285,0.4,"Type",0.295647795927501
"2","NMIBC",8448,0.4,"Type",0.473197781885397
"3","NMIBC",0,0.4,"Type",0
"4","NMIBC",2461,0.4,"Type",0.217672032549089
"5","NMIBC",3928,0.4,"Type",0.354480642541287
"6","NMIBC",0,0.4,"Type",0
"7","NMIBC",0,0.4,"Type",0
"8","NMIBC",2119,0.4,"Type",0.350653648849909
"9","NMIBC",0,0.4,"Type",0
"singleton","NMIBC",1,0.4,"Type",1
"0","Normal",8693,0.4,"Type",0.392071080642251
"1","Normal",8529,0.4,"Type",0.477120161109868
"2","Normal",2788,0.4,"Type",0.156164230101384
"3","Normal",0,0.4,"Type",0
"4","Normal",2653,0.4,"Type",0.234654165929595
"5","Normal",3008,0.4,"Type",0.271455644797401
"6","Normal",0,0.4,"Type",0
"7","Normal",0,0.4,"Type",0
"8","Normal",2177,0.4,"Type",0.360251530696674
"9","Normal",0,0.4,"Type",0
"singleton","Normal",0,0.4,"Type",0
"0","CNP0000460",5232,0.6,"dataset",0.257378984651712
"1","CNP0000460",4677,0.6,"dataset",0.234318637274549
"2","CNP0000460",2586,0.6,"dataset",0.147476475620188
"3","CNP0000460",3250,0.6,"dataset",0.293665853438149
"4","CNP0000460",0,0.6,"dataset",0
"5","CNP0000460",0,0.6,"dataset",0
"6","CNP0000460",0,0.6,"dataset",0
"7","CNP0000460",0,0.6,"dataset",0
"8","CNP0000460",659,0.6,"dataset",0.102154704696946
"9","CNP0000460",1168,0.6,"dataset",0.1905694240496
"10","CNP0000460",613,0.6,"dataset",0.126287597857437
"11","CNP0000460",0,0.6,"dataset",0
"singleton","CNP0000460",0,0.6,"dataset",0
"0","GSE326225",1237,0.6,"dataset",0.0608520267611177
"1","GSE326225",310,0.6,"dataset",0.0155310621242485
"2","GSE326225",1633,0.6,"dataset",0.0931280296549758
"3","GSE326225",553,0.6,"dataset",0.0499683744465528
"4","GSE326225",3,0.6,"dataset",0.000317191795305561
"5","GSE326225",3,0.6,"dataset",0.00032439446366782
"6","GSE326225",0,0.6,"dataset",0
"7","GSE326225",7,0.6,"dataset",0.000914196160376126
"8","GSE326225",213,0.6,"dataset",0.0330181367229887
"9","GSE326225",146,0.6,"dataset",0.0238211780062
"10","GSE326225",142,0.6,"dataset",0.0292542233209724
"11","GSE326225",0,0.6,"dataset",0
"singleton","GSE326225",0,0.6,"dataset",0
"0","HRA003620",8223,0.6,"dataset",0.404515938606848
"1","HRA003620",9730,0.6,"dataset",0.4874749498998
"2","HRA003620",11213,0.6,"dataset",0.639463929284289
"3","HRA003620",4302,0.6,"dataset",0.388723231227975
"4","HRA003620",0,0.6,"dataset",0
"5","HRA003620",0,0.6,"dataset",0
"6","HRA003620",0,0.6,"dataset",0
"7","HRA003620",0,0.6,"dataset",0
"8","HRA003620",1971,0.6,"dataset",0.305534025732445
"9","HRA003620",3673,0.6,"dataset",0.599282101484745
"10","HRA003620",1517,0.6,"dataset",0.312525751957149
"11","HRA003620",0,0.6,"dataset",0
"singleton","HRA003620",1,0.6,"dataset",1
"0","InhouseData",716,0.6,"dataset",0.0352223534041716
"1","InhouseData",2,0.6,"dataset",0.000100200400801603
"2","InhouseData",8,0.6,"dataset",0.000456230396350157
"3","InhouseData",248,0.6,"dataset",0.0224089635854342
"4","InhouseData",9455,0.6,"dataset",0.999682808204694
"5","InhouseData",9245,0.6,"dataset",0.999675605536332
"6","InhouseData",8799,0.6,"dataset",1
"7","InhouseData",7650,0.6,"dataset",0.999085803839624
"8","InhouseData",2612,0.6,"dataset",0.404898465354209
"9","InhouseData",41,0.6,"dataset",0.00668950889215206
"10","InhouseData",1930,0.6,"dataset",0.397610218376597
"11","InhouseData",3259,0.6,"dataset",1
"singleton","InhouseData",0,0.6,"dataset",0
"0","PRJNA662018",4920,0.6,"dataset",0.242030696576151
"1","PRJNA662018",5241,0.6,"dataset",0.262575150300601
"2","PRJNA662018",2095,0.6,"dataset",0.119475335044197
"3","PRJNA662018",2714,0.6,"dataset",0.245233577301888
"4","PRJNA662018",0,0.6,"dataset",0
"5","PRJNA662018",0,0.6,"dataset",0
"6","PRJNA662018",0,0.6,"dataset",0
"7","PRJNA662018",0,0.6,"dataset",0
"8","PRJNA662018",996,0.6,"dataset",0.154394667493412
"9","PRJNA662018",1101,0.6,"dataset",0.179637787567303
"10","PRJNA662018",652,0.6,"dataset",0.134322208487845
"11","PRJNA662018",0,0.6,"dataset",0
"singleton","PRJNA662018",0,0.6,"dataset",0
"0","CNP0000460_P01N",767,0.6,"orig.ident",0.0377312081857536
"1","CNP0000460_P01N",512,0.6,"orig.ident",0.0256513026052104
"2","CNP0000460_P01N",276,0.6,"orig.ident",0.0157399486740804
"3","CNP0000460_P01N",187,0.6,"orig.ident",0.0168970814132104
"4","CNP0000460_P01N",0,0.6,"orig.ident",0
"5","CNP0000460_P01N",0,0.6,"orig.ident",0
"6","CNP0000460_P01N",0,0.6,"orig.ident",0
"7","CNP0000460_P01N",0,0.6,"orig.ident",0
"8","CNP0000460_P01N",50,0.6,"orig.ident",0.0077507363199504
"9","CNP0000460_P01N",65,0.6,"orig.ident",0.010605318975363
"10","CNP0000460_P01N",123,0.6,"orig.ident",0.0253399258343634
"11","CNP0000460_P01N",0,0.6,"orig.ident",0
"singleton","CNP0000460_P01N",0,0.6,"orig.ident",0
"0","CNP0000460_P01T",117,0.6,"orig.ident",0.0057556080283353
"1","CNP0000460_P01T",49,0.6,"orig.ident",0.00245490981963928
"2","CNP0000460_P01T",270,0.6,"orig.ident",0.0153977758768178
"3","CNP0000460_P01T",71,0.6,"orig.ident",0.00641546941357188
"4","CNP0000460_P01T",0,0.6,"orig.ident",0
"5","CNP0000460_P01T",0,0.6,"orig.ident",0
"6","CNP0000460_P01T",0,0.6,"orig.ident",0
"7","CNP0000460_P01T",0,0.6,"orig.ident",0
"8","CNP0000460_P01T",31,0.6,"orig.ident",0.00480545651836924
"9","CNP0000460_P01T",12,0.6,"orig.ident",0.00195790504160548
"10","CNP0000460_P01T",9,0.6,"orig.ident",0.00185414091470952
"11","CNP0000460_P01T",0,0.6,"orig.ident",0
"singleton","CNP0000460_P01T",0,0.6,"orig.ident",0
"0","CNP0000460_P02N",528,0.6,"orig.ident",0.025974025974026
"1","CNP0000460_P02N",724,0.6,"orig.ident",0.0362725450901804
"2","CNP0000460_P02N",40,0.6,"orig.ident",0.00228115198175078
"3","CNP0000460_P02N",319,0.6,"orig.ident",0.0288244329990061
"4","CNP0000460_P02N",0,0.6,"orig.ident",0
"5","CNP0000460_P02N",0,0.6,"orig.ident",0
"6","CNP0000460_P02N",0,0.6,"orig.ident",0
"7","CNP0000460_P02N",0,0.6,"orig.ident",0
"8","CNP0000460_P02N",20,0.6,"orig.ident",0.00310029452798016
"9","CNP0000460_P02N",170,0.6,"orig.ident",0.027736988089411
"10","CNP0000460_P02N",16,0.6,"orig.ident",0.00329625051503914
"11","CNP0000460_P02N",0,0.6,"orig.ident",0
"singleton","CNP0000460_P02N",0,0.6,"orig.ident",0
"0","CNP0000460_P02T",455,0.6,"orig.ident",0.0223829201101928
"1","CNP0000460_P02T",453,0.6,"orig.ident",0.0226953907815631
"2","CNP0000460_P02T",82,0.6,"orig.ident",0.00467636156258911
"3","CNP0000460_P02T",568,0.6,"orig.ident",0.051323755308575
"4","CNP0000460_P02T",0,0.6,"orig.ident",0
"5","CNP0000460_P02T",0,0.6,"orig.ident",0
"6","CNP0000460_P02T",0,0.6,"orig.ident",0
"7","CNP0000460_P02T",0,0.6,"orig.ident",0
"8","CNP0000460_P02T",31,0.6,"orig.ident",0.00480545651836924
"9","CNP0000460_P02T",234,0.6,"orig.ident",0.0381791483113069
"10","CNP0000460_P02T",34,0.6,"orig.ident",0.00700453234445818
"11","CNP0000460_P02T",0,0.6,"orig.ident",0
"singleton","CNP0000460_P02T",0,0.6,"orig.ident",0
"0","CNP0000460_P03N",686,0.6,"orig.ident",0.0337465564738292
"1","CNP0000460_P03N",534,0.6,"orig.ident",0.0267535070140281
"2","CNP0000460_P03N",236,0.6,"orig.ident",0.0134587966923296
"3","CNP0000460_P03N",360,0.6,"orig.ident",0.0325291406885335
"4","CNP0000460_P03N",0,0.6,"orig.ident",0
"5","CNP0000460_P03N",0,0.6,"orig.ident",0
"6","CNP0000460_P03N",0,0.6,"orig.ident",0
"7","CNP0000460_P03N",0,0.6,"orig.ident",0
"8","CNP0000460_P03N",119,0.6,"orig.ident",0.0184467524414819
"9","CNP0000460_P03N",119,0.6,"orig.ident",0.0194158916625877
"10","CNP0000460_P03N",72,0.6,"orig.ident",0.0148331273176761
"11","CNP0000460_P03N",0,0.6,"orig.ident",0
"singleton","CNP0000460_P03N",0,0.6,"orig.ident",0
"0","CNP0000460_P03T",891,0.6,"orig.ident",0.0438311688311688
"1","CNP0000460_P03T",663,0.6,"orig.ident",0.0332164328657315
"2","CNP0000460_P03T",144,0.6,"orig.ident",0.00821214713430282
"3","CNP0000460_P03T",230,0.6,"orig.ident",0.0207825065510075
"4","CNP0000460_P03T",0,0.6,"orig.ident",0
"5","CNP0000460_P03T",0,0.6,"orig.ident",0
"6","CNP0000460_P03T",0,0.6,"orig.ident",0
"7","CNP0000460_P03T",0,0.6,"orig.ident",0
"8","CNP0000460_P03T",70,0.6,"orig.ident",0.0108510308479306
"9","CNP0000460_P03T",86,0.6,"orig.ident",0.0140316527981726
"10","CNP0000460_P03T",103,0.6,"orig.ident",0.0212196126905645
"11","CNP0000460_P03T",0,0.6,"orig.ident",0
"singleton","CNP0000460_P03T",0,0.6,"orig.ident",0
"0","CNP0000460_P04T",483,0.6,"orig.ident",0.0237603305785124
"1","CNP0000460_P04T",681,0.6,"orig.ident",0.0341182364729459
"2","CNP0000460_P04T",566,0.6,"orig.ident",0.0322783005417736
"3","CNP0000460_P04T",367,0.6,"orig.ident",0.0331616517574772
"4","CNP0000460_P04T",0,0.6,"orig.ident",0
"5","CNP0000460_P04T",0,0.6,"orig.ident",0
"6","CNP0000460_P04T",0,0.6,"orig.ident",0
"7","CNP0000460_P04T",0,0.6,"orig.ident",0
"8","CNP0000460_P04T",82,0.6,"orig.ident",0.0127112075647186
"9","CNP0000460_P04T",180,0.6,"orig.ident",0.0293685756240822
"10","CNP0000460_P04T",66,0.6,"orig.ident",0.0135970333745365
"11","CNP0000460_P04T",0,0.6,"orig.ident",0
"singleton","CNP0000460_P04T",0,0.6,"orig.ident",0
"0","CNP0000460_P05N",128,0.6,"orig.ident",0.00629673356946084
"1","CNP0000460_P05N",140,0.6,"orig.ident",0.00701402805611222
"2","CNP0000460_P05N",37,0.6,"orig.ident",0.00211006558311948
"3","CNP0000460_P05N",55,0.6,"orig.ident",0.00496972982741484
"4","CNP0000460_P05N",0,0.6,"orig.ident",0
"5","CNP0000460_P05N",0,0.6,"orig.ident",0
"6","CNP0000460_P05N",0,0.6,"orig.ident",0
"7","CNP0000460_P05N",0,0.6,"orig.ident",0
"8","CNP0000460_P05N",7,0.6,"orig.ident",0.00108510308479306
"9","CNP0000460_P05N",16,0.6,"orig.ident",0.00261054005547398
"10","CNP0000460_P05N",28,0.6,"orig.ident",0.0057684384013185
"11","CNP0000460_P05N",0,0.6,"orig.ident",0
"singleton","CNP0000460_P05N",0,0.6,"orig.ident",0
"0","CNP0000460_P05T",186,0.6,"orig.ident",0.00914994096812279
"1","CNP0000460_P05T",168,0.6,"orig.ident",0.00841683366733467
"2","CNP0000460_P05T",66,0.6,"orig.ident",0.00376390076988879
"3","CNP0000460_P05T",243,0.6,"orig.ident",0.0219571699647601
"4","CNP0000460_P05T",0,0.6,"orig.ident",0
"5","CNP0000460_P05T",0,0.6,"orig.ident",0
"6","CNP0000460_P05T",0,0.6,"orig.ident",0
"7","CNP0000460_P05T",0,0.6,"orig.ident",0
"8","CNP0000460_P05T",15,0.6,"orig.ident",0.00232522089598512
"9","CNP0000460_P05T",38,0.6,"orig.ident",0.00620003263175069
"10","CNP0000460_P05T",23,0.6,"orig.ident",0.00473836011536877
"11","CNP0000460_P05T",0,0.6,"orig.ident",0
"singleton","CNP0000460_P05T",0,0.6,"orig.ident",0
"0","CNP0000460_P06T",388,0.6,"orig.ident",0.0190869736324282
"1","CNP0000460_P06T",379,0.6,"orig.ident",0.0189879759519038
"2","CNP0000460_P06T",783,0.6,"orig.ident",0.0446535500427716
"3","CNP0000460_P06T",500,0.6,"orig.ident",0.0451793620674076
"4","CNP0000460_P06T",0,0.6,"orig.ident",0
"5","CNP0000460_P06T",0,0.6,"orig.ident",0
"6","CNP0000460_P06T",0,0.6,"orig.ident",0
"7","CNP0000460_P06T",0,0.6,"orig.ident",0
"8","CNP0000460_P06T",122,0.6,"orig.ident",0.018911796620679
"9","CNP0000460_P06T",182,0.6,"orig.ident",0.0296948931310165
"10","CNP0000460_P06T",27,0.6,"orig.ident",0.00556242274412855
"11","CNP0000460_P06T",0,0.6,"orig.ident",0
"singleton","CNP0000460_P06T",0,0.6,"orig.ident",0
"0","CNP0000460_P07N",454,0.6,"orig.ident",0.0223337268791814
"1","CNP0000460_P07N",278,0.6,"orig.ident",0.0139278557114228
"2","CNP0000460_P07N",70,0.6,"orig.ident",0.00399201596806387
"3","CNP0000460_P07N",91,0.6,"orig.ident",0.00822264389626818
"4","CNP0000460_P07N",0,0.6,"orig.ident",0
"5","CNP0000460_P07N",0,0.6,"orig.ident",0
"6","CNP0000460_P07N",0,0.6,"orig.ident",0
"7","CNP0000460_P07N",0,0.6,"orig.ident",0
"8","CNP0000460_P07N",58,0.6,"orig.ident",0.00899085413114246
"9","CNP0000460_P07N",42,0.6,"orig.ident",0.00685266764561919
"10","CNP0000460_P07N",80,0.6,"orig.ident",0.0164812525751957
"11","CNP0000460_P07N",0,0.6,"orig.ident",0
"singleton","CNP0000460_P07N",0,0.6,"orig.ident",0
"0","CNP0000460_P07T",149,0.6,"orig.ident",0.00732979142070051
"1","CNP0000460_P07T",96,0.6,"orig.ident",0.00480961923847695
"2","CNP0000460_P07T",16,0.6,"orig.ident",0.000912460792700314
"3","CNP0000460_P07T",259,0.6,"orig.ident",0.0234029095509171
"4","CNP0000460_P07T",0,0.6,"orig.ident",0
"5","CNP0000460_P07T",0,0.6,"orig.ident",0
"6","CNP0000460_P07T",0,0.6,"orig.ident",0
"7","CNP0000460_P07T",0,0.6,"orig.ident",0
"8","CNP0000460_P07T",54,0.6,"orig.ident",0.00837079522554643
"9","CNP0000460_P07T",24,0.6,"orig.ident",0.00391581008321096
"10","CNP0000460_P07T",32,0.6,"orig.ident",0.00659250103007829
"11","CNP0000460_P07T",0,0.6,"orig.ident",0
"singleton","CNP0000460_P07T",0,0.6,"orig.ident",0
"0","GSE326225_BC1",7,0.6,"orig.ident",0.00034435261707989
"1","GSE326225_BC1",0,0.6,"orig.ident",0
"2","GSE326225_BC1",7,0.6,"orig.ident",0.000399201596806387
"3","GSE326225_BC1",4,0.6,"orig.ident",0.000361434896539261
"4","GSE326225_BC1",0,0.6,"orig.ident",0
"5","GSE326225_BC1",0,0.6,"orig.ident",0
"6","GSE326225_BC1",0,0.6,"orig.ident",0
"7","GSE326225_BC1",0,0.6,"orig.ident",0
"8","GSE326225_BC1",6,0.6,"orig.ident",0.000930088358394047
"9","GSE326225_BC1",0,0.6,"orig.ident",0
"10","GSE326225_BC1",0,0.6,"orig.ident",0
"11","GSE326225_BC1",0,0.6,"orig.ident",0
"singleton","GSE326225_BC1",0,0.6,"orig.ident",0
"0","GSE326225_BC2",7,0.6,"orig.ident",0.00034435261707989
"1","GSE326225_BC2",2,0.6,"orig.ident",0.000100200400801603
"2","GSE326225_BC2",9,0.6,"orig.ident",0.000513259195893926
"3","GSE326225_BC2",2,0.6,"orig.ident",0.00018071744826963
"4","GSE326225_BC2",0,0.6,"orig.ident",0
"5","GSE326225_BC2",0,0.6,"orig.ident",0
"6","GSE326225_BC2",0,0.6,"orig.ident",0
"7","GSE326225_BC2",0,0.6,"orig.ident",0
"8","GSE326225_BC2",11,0.6,"orig.ident",0.00170516199038909
"9","GSE326225_BC2",0,0.6,"orig.ident",0
"10","GSE326225_BC2",1,0.6,"orig.ident",0.000206015657189946
"11","GSE326225_BC2",0,0.6,"orig.ident",0
"singleton","GSE326225_BC2",0,0.6,"orig.ident",0
"0","GSE326225_BC3",67,0.6,"orig.ident",0.00329594647776466
"1","GSE326225_BC3",28,0.6,"orig.ident",0.00140280561122244
"2","GSE326225_BC3",13,0.6,"orig.ident",0.000741374394069005
"3","GSE326225_BC3",26,0.6,"orig.ident",0.0023493268275052
"4","GSE326225_BC3",3,0.6,"orig.ident",0.000317191795305561
"5","GSE326225_BC3",0,0.6,"orig.ident",0
"6","GSE326225_BC3",0,0.6,"orig.ident",0
"7","GSE326225_BC3",5,0.6,"orig.ident",0.000652997257411519
"8","GSE326225_BC3",8,0.6,"orig.ident",0.00124011781119206
"9","GSE326225_BC3",3,0.6,"orig.ident",0.000489476260401371
"10","GSE326225_BC3",5,0.6,"orig.ident",0.00103007828594973
"11","GSE326225_BC3",0,0.6,"orig.ident",0
"singleton","GSE326225_BC3",0,0.6,"orig.ident",0
"0","GSE326225_BC4",659,0.6,"orig.ident",0.0324183392365211
"1","GSE326225_BC4",54,0.6,"orig.ident",0.00270541082164329
"2","GSE326225_BC4",1424,0.6,"orig.ident",0.0812090105503279
"3","GSE326225_BC4",348,0.6,"orig.ident",0.0314448359989157
"4","GSE326225_BC4",0,0.6,"orig.ident",0
"5","GSE326225_BC4",1,0.6,"orig.ident",0.000108131487889273
"6","GSE326225_BC4",0,0.6,"orig.ident",0
"7","GSE326225_BC4",0,0.6,"orig.ident",0
"8","GSE326225_BC4",154,0.6,"orig.ident",0.0238722678654472
"9","GSE326225_BC4",101,0.6,"orig.ident",0.0164790341001795
"10","GSE326225_BC4",59,0.6,"orig.ident",0.0121549237742068
"11","GSE326225_BC4",0,0.6,"orig.ident",0
"singleton","GSE326225_BC4",0,0.6,"orig.ident",0
"0","GSE326225_BC5",0,0.6,"orig.ident",0
"1","GSE326225_BC5",1,0.6,"orig.ident",5.01002004008016e-05
"2","GSE326225_BC5",1,0.6,"orig.ident",5.70287995437696e-05
"3","GSE326225_BC5",0,0.6,"orig.ident",0
"4","GSE326225_BC5",0,0.6,"orig.ident",0
"5","GSE326225_BC5",0,0.6,"orig.ident",0
"6","GSE326225_BC5",0,0.6,"orig.ident",0
"7","GSE326225_BC5",0,0.6,"orig.ident",0
"8","GSE326225_BC5",1,0.6,"orig.ident",0.000155014726399008
"9","GSE326225_BC5",0,0.6,"orig.ident",0
"10","GSE326225_BC5",0,0.6,"orig.ident",0
"11","GSE326225_BC5",0,0.6,"orig.ident",0
"singleton","GSE326225_BC5",0,0.6,"orig.ident",0
"0","GSE326225_BC6",166,0.6,"orig.ident",0.00816607634789453
"1","GSE326225_BC6",50,0.6,"orig.ident",0.00250501002004008
"2","GSE326225_BC6",94,0.6,"orig.ident",0.00536070715711434
"3","GSE326225_BC6",125,0.6,"orig.ident",0.0112948405168519
"4","GSE326225_BC6",0,0.6,"orig.ident",0
"5","GSE326225_BC6",2,0.6,"orig.ident",0.000216262975778547
"6","GSE326225_BC6",0,0.6,"orig.ident",0
"7","GSE326225_BC6",0,0.6,"orig.ident",0
"8","GSE326225_BC6",10,0.6,"orig.ident",0.00155014726399008
"9","GSE326225_BC6",32,0.6,"orig.ident",0.00522108011094795
"10","GSE326225_BC6",33,0.6,"orig.ident",0.00679851668726823
"11","GSE326225_BC6",0,0.6,"orig.ident",0
"singleton","GSE326225_BC6",0,0.6,"orig.ident",0
"0","GSE326225_BC7",141,0.6,"orig.ident",0.00693624557260921
"1","GSE326225_BC7",57,0.6,"orig.ident",0.00285571142284569
"2","GSE326225_BC7",37,0.6,"orig.ident",0.00211006558311948
"3","GSE326225_BC7",7,0.6,"orig.ident",0.000632511068943707
"4","GSE326225_BC7",0,0.6,"orig.ident",0
"5","GSE326225_BC7",0,0.6,"orig.ident",0
"6","GSE326225_BC7",0,0.6,"orig.ident",0
"7","GSE326225_BC7",0,0.6,"orig.ident",0
"8","GSE326225_BC7",5,0.6,"orig.ident",0.00077507363199504
"9","GSE326225_BC7",0,0.6,"orig.ident",0
"10","GSE326225_BC7",8,0.6,"orig.ident",0.00164812525751957
"11","GSE326225_BC7",0,0.6,"orig.ident",0
"singleton","GSE326225_BC7",0,0.6,"orig.ident",0
"0","GSE326225_BC8",190,0.6,"orig.ident",0.00934671389216844
"1","GSE326225_BC8",118,0.6,"orig.ident",0.00591182364729459
"2","GSE326225_BC8",48,0.6,"orig.ident",0.00273738237810094
"3","GSE326225_BC8",41,0.6,"orig.ident",0.00370470768952742
"4","GSE326225_BC8",0,0.6,"orig.ident",0
"5","GSE326225_BC8",0,0.6,"orig.ident",0
"6","GSE326225_BC8",0,0.6,"orig.ident",0
"7","GSE326225_BC8",2,0.6,"orig.ident",0.000261198902964608
"8","GSE326225_BC8",18,0.6,"orig.ident",0.00279026507518214
"9","GSE326225_BC8",10,0.6,"orig.ident",0.00163158753467124
"10","GSE326225_BC8",36,0.6,"orig.ident",0.00741656365883807
"11","GSE326225_BC8",0,0.6,"orig.ident",0
"singleton","GSE326225_BC8",0,0.6,"orig.ident",0
"0","HRA003620_BC-01",915,0.6,"orig.ident",0.0450118063754427
"1","HRA003620_BC-01",1308,0.6,"orig.ident",0.0655310621242485
"2","HRA003620_BC-01",1683,0.6,"orig.ident",0.0959794696321642
"3","HRA003620_BC-01",1021,0.6,"orig.ident",0.0922562573416463
"4","HRA003620_BC-01",0,0.6,"orig.ident",0
"5","HRA003620_BC-01",0,0.6,"orig.ident",0
"6","HRA003620_BC-01",0,0.6,"orig.ident",0
"7","HRA003620_BC-01",0,0.6,"orig.ident",0
"8","HRA003620_BC-01",196,0.6,"orig.ident",0.0303828863742055
"9","HRA003620_BC-01",485,0.6,"orig.ident",0.0791319954315549
"10","HRA003620_BC-01",163,0.6,"orig.ident",0.0335805521219613
"11","HRA003620_BC-01",0,0.6,"orig.ident",0
"singleton","HRA003620_BC-01",0,0.6,"orig.ident",0
"0","HRA003620_BC-04",22,0.6,"orig.ident",0.00108225108225108
"1","HRA003620_BC-04",40,0.6,"orig.ident",0.00200400801603206
"2","HRA003620_BC-04",11,0.6,"orig.ident",0.000627316794981466
"3","HRA003620_BC-04",27,0.6,"orig.ident",0.00243968555164001
"4","HRA003620_BC-04",0,0.6,"orig.ident",0
"5","HRA003620_BC-04",0,0.6,"orig.ident",0
"6","HRA003620_BC-04",0,0.6,"orig.ident",0
"7","HRA003620_BC-04",0,0.6,"orig.ident",0
"8","HRA003620_BC-04",20,0.6,"orig.ident",0.00310029452798016
"9","HRA003620_BC-04",14,0.6,"orig.ident",0.00228422254853973
"10","HRA003620_BC-04",12,0.6,"orig.ident",0.00247218788627936
"11","HRA003620_BC-04",0,0.6,"orig.ident",0
"singleton","HRA003620_BC-04",0,0.6,"orig.ident",0
"0","HRA003620_BC-05",430,0.6,"orig.ident",0.0211530893349075
"1","HRA003620_BC-05",373,0.6,"orig.ident",0.018687374749499
"2","HRA003620_BC-05",844,0.6,"orig.ident",0.0481323068149415
"3","HRA003620_BC-05",424,0.6,"orig.ident",0.0383120990331616
"4","HRA003620_BC-05",0,0.6,"orig.ident",0
"5","HRA003620_BC-05",0,0.6,"orig.ident",0
"6","HRA003620_BC-05",0,0.6,"orig.ident",0
"7","HRA003620_BC-05",0,0.6,"orig.ident",0
"8","HRA003620_BC-05",64,0.6,"orig.ident",0.00992094248953651
"9","HRA003620_BC-05",158,0.6,"orig.ident",0.0257790830478055
"10","HRA003620_BC-05",109,0.6,"orig.ident",0.0224557066337042
"11","HRA003620_BC-05",0,0.6,"orig.ident",0
"singleton","HRA003620_BC-05",0,0.6,"orig.ident",0
"0","HRA003620_BC-11",539,0.6,"orig.ident",0.0265151515151515
"1","HRA003620_BC-11",557,0.6,"orig.ident",0.0279058116232465
"2","HRA003620_BC-11",3589,0.6,"orig.ident",0.204676361562589
"3","HRA003620_BC-11",812,0.6,"orig.ident",0.0733712839974699
"4","HRA003620_BC-11",0,0.6,"orig.ident",0
"5","HRA003620_BC-11",0,0.6,"orig.ident",0
"6","HRA003620_BC-11",0,0.6,"orig.ident",0
"7","HRA003620_BC-11",0,0.6,"orig.ident",0
"8","HRA003620_BC-11",135,0.6,"orig.ident",0.0209269880638661
"9","HRA003620_BC-11",604,0.6,"orig.ident",0.0985478870941426
"10","HRA003620_BC-11",120,0.6,"orig.ident",0.0247218788627936
"11","HRA003620_BC-11",0,0.6,"orig.ident",0
"singleton","HRA003620_BC-11",0,0.6,"orig.ident",0
"0","HRA003620_BC-24",1014,0.6,"orig.ident",0.0498819362455726
"1","HRA003620_BC-24",803,0.6,"orig.ident",0.0402304609218437
"2","HRA003620_BC-24",1389,0.6,"orig.ident",0.079213002566296
"3","HRA003620_BC-24",64,0.6,"orig.ident",0.00578295834462817
"4","HRA003620_BC-24",0,0.6,"orig.ident",0
"5","HRA003620_BC-24",0,0.6,"orig.ident",0
"6","HRA003620_BC-24",0,0.6,"orig.ident",0
"7","HRA003620_BC-24",0,0.6,"orig.ident",0
"8","HRA003620_BC-24",305,0.6,"orig.ident",0.0472794915516974
"9","HRA003620_BC-24",163,0.6,"orig.ident",0.0265948768151411
"10","HRA003620_BC-24",71,0.6,"orig.ident",0.0146271116604862
"11","HRA003620_BC-24",0,0.6,"orig.ident",0
"singleton","HRA003620_BC-24",0,0.6,"orig.ident",0
"0","HRA003620_BC-27",506,0.6,"orig.ident",0.0248917748917749
"1","HRA003620_BC-27",608,0.6,"orig.ident",0.0304609218436874
"2","HRA003620_BC-27",544,0.6,"orig.ident",0.0310236669518107
"3","HRA003620_BC-27",330,0.6,"orig.ident",0.029818378964489
"4","HRA003620_BC-27",0,0.6,"orig.ident",0
"5","HRA003620_BC-27",0,0.6,"orig.ident",0
"6","HRA003620_BC-27",0,0.6,"orig.ident",0
"7","HRA003620_BC-27",0,0.6,"orig.ident",0
"8","HRA003620_BC-27",55,0.6,"orig.ident",0.00852580995194543
"9","HRA003620_BC-27",350,0.6,"orig.ident",0.0571055637134932
"10","HRA003620_BC-27",151,0.6,"orig.ident",0.0311083642356819
"11","HRA003620_BC-27",0,0.6,"orig.ident",0
"singleton","HRA003620_BC-27",1,0.6,"orig.ident",1
"0","HRA003620_BC-30",1268,0.6,"orig.ident",0.0623770169224715
"1","HRA003620_BC-30",752,0.6,"orig.ident",0.0376753507014028
"2","HRA003620_BC-30",1287,0.6,"orig.ident",0.0733960650128315
"3","HRA003620_BC-30",333,0.6,"orig.ident",0.0300894551368935
"4","HRA003620_BC-30",0,0.6,"orig.ident",0
"5","HRA003620_BC-30",0,0.6,"orig.ident",0
"6","HRA003620_BC-30",0,0.6,"orig.ident",0
"7","HRA003620_BC-30",0,0.6,"orig.ident",0
"8","HRA003620_BC-30",294,0.6,"orig.ident",0.0455743295613083
"9","HRA003620_BC-30",420,0.6,"orig.ident",0.0685266764561919
"10","HRA003620_BC-30",90,0.6,"orig.ident",0.0185414091470952
"11","HRA003620_BC-30",0,0.6,"orig.ident",0
"singleton","HRA003620_BC-30",0,0.6,"orig.ident",0
"0","HRA003620_NC-01",80,0.6,"orig.ident",0.00393545848091303
"1","HRA003620_NC-01",260,0.6,"orig.ident",0.0130260521042084
"2","HRA003620_NC-01",83,0.6,"orig.ident",0.00473339036213288
"3","HRA003620_NC-01",73,0.6,"orig.ident",0.00659618686184151
"4","HRA003620_NC-01",0,0.6,"orig.ident",0
"5","HRA003620_NC-01",0,0.6,"orig.ident",0
"6","HRA003620_NC-01",0,0.6,"orig.ident",0
"7","HRA003620_NC-01",0,0.6,"orig.ident",0
"8","HRA003620_NC-01",38,0.6,"orig.ident",0.0058905596031623
"9","HRA003620_NC-01",39,0.6,"orig.ident",0.00636319138521782
"10","HRA003620_NC-01",90,0.6,"orig.ident",0.0185414091470952
"11","HRA003620_NC-01",0,0.6,"orig.ident",0
"singleton","HRA003620_NC-01",0,0.6,"orig.ident",0
"0","HRA003620_NC-04",78,0.6,"orig.ident",0.0038370720188902
"1","HRA003620_NC-04",149,0.6,"orig.ident",0.00746492985971944
"2","HRA003620_NC-04",20,0.6,"orig.ident",0.00114057599087539
"3","HRA003620_NC-04",17,0.6,"orig.ident",0.00153609831029186
"4","HRA003620_NC-04",0,0.6,"orig.ident",0
"5","HRA003620_NC-04",0,0.6,"orig.ident",0
"6","HRA003620_NC-04",0,0.6,"orig.ident",0
"7","HRA003620_NC-04",0,0.6,"orig.ident",0
"8","HRA003620_NC-04",29,0.6,"orig.ident",0.00449542706557123
"9","HRA003620_NC-04",61,0.6,"orig.ident",0.00995268396149453
"10","HRA003620_NC-04",36,0.6,"orig.ident",0.00741656365883807
"11","HRA003620_NC-04",0,0.6,"orig.ident",0
"singleton","HRA003620_NC-04",0,0.6,"orig.ident",0
"0","HRA003620_NC-05",548,0.6,"orig.ident",0.0269578905942542
"1","HRA003620_NC-05",364,0.6,"orig.ident",0.0182364729458918
"2","HRA003620_NC-05",466,0.6,"orig.ident",0.0265754205873966
"3","HRA003620_NC-05",428,0.6,"orig.ident",0.0386735339297009
"4","HRA003620_NC-05",0,0.6,"orig.ident",0
"5","HRA003620_NC-05",0,0.6,"orig.ident",0
"6","HRA003620_NC-05",0,0.6,"orig.ident",0
"7","HRA003620_NC-05",0,0.6,"orig.ident",0
"8","HRA003620_NC-05",76,0.6,"orig.ident",0.0117811192063246
"9","HRA003620_NC-05",212,0.6,"orig.ident",0.0345896557350302
"10","HRA003620_NC-05",104,0.6,"orig.ident",0.0214256283477544
"11","HRA003620_NC-05",0,0.6,"orig.ident",0
"singleton","HRA003620_NC-05",0,0.6,"orig.ident",0
"0","HRA003620_NC-11",497,0.6,"orig.ident",0.0244490358126722
"1","HRA003620_NC-11",654,0.6,"orig.ident",0.0327655310621243
"2","HRA003620_NC-11",669,0.6,"orig.ident",0.0381522668947819
"3","HRA003620_NC-11",308,0.6,"orig.ident",0.0278304870335231
"4","HRA003620_NC-11",0,0.6,"orig.ident",0
"5","HRA003620_NC-11",0,0.6,"orig.ident",0
"6","HRA003620_NC-11",0,0.6,"orig.ident",0
"7","HRA003620_NC-11",0,0.6,"orig.ident",0
"8","HRA003620_NC-11",542,0.6,"orig.ident",0.0840179817082623
"9","HRA003620_NC-11",851,0.6,"orig.ident",0.138848099200522
"10","HRA003620_NC-11",109,0.6,"orig.ident",0.0224557066337042
"11","HRA003620_NC-11",0,0.6,"orig.ident",0
"singleton","HRA003620_NC-11",0,0.6,"orig.ident",0
"0","HRA003620_NC-24",496,0.6,"orig.ident",0.0243998425816608
"1","HRA003620_NC-24",704,0.6,"orig.ident",0.0352705410821643
"2","HRA003620_NC-24",226,0.6,"orig.ident",0.0128885086968919
"3","HRA003620_NC-24",9,0.6,"orig.ident",0.000813228517213337
"4","HRA003620_NC-24",0,0.6,"orig.ident",0
"5","HRA003620_NC-24",0,0.6,"orig.ident",0
"6","HRA003620_NC-24",0,0.6,"orig.ident",0
"7","HRA003620_NC-24",0,0.6,"orig.ident",0
"8","HRA003620_NC-24",7,0.6,"orig.ident",0.00108510308479306
"9","HRA003620_NC-24",9,0.6,"orig.ident",0.00146842878120411
"10","HRA003620_NC-24",43,0.6,"orig.ident",0.0088586732591677
"11","HRA003620_NC-24",0,0.6,"orig.ident",0
"singleton","HRA003620_NC-24",0,0.6,"orig.ident",0
"0","HRA003620_NC-27",1112,0.6,"orig.ident",0.0547028728846911
"1","HRA003620_NC-27",1425,0.6,"orig.ident",0.0713927855711423
"2","HRA003620_NC-27",285,0.6,"orig.ident",0.0162532078699743
"3","HRA003620_NC-27",24,0.6,"orig.ident",0.00216860937923556
"4","HRA003620_NC-27",0,0.6,"orig.ident",0
"5","HRA003620_NC-27",0,0.6,"orig.ident",0
"6","HRA003620_NC-27",0,0.6,"orig.ident",0
"7","HRA003620_NC-27",0,0.6,"orig.ident",0
"8","HRA003620_NC-27",33,0.6,"orig.ident",0.00511548597116726
"9","HRA003620_NC-27",37,0.6,"orig.ident",0.00603687387828357
"10","HRA003620_NC-27",221,0.6,"orig.ident",0.0455294602389782
"11","HRA003620_NC-27",0,0.6,"orig.ident",0
"singleton","HRA003620_NC-27",0,0.6,"orig.ident",0
"0","HRA003620_NC-30",718,0.6,"orig.ident",0.0353207398661944
"1","HRA003620_NC-30",1733,0.6,"orig.ident",0.0868236472945892
"2","HRA003620_NC-30",117,0.6,"orig.ident",0.00667236954662104
"3","HRA003620_NC-30",432,0.6,"orig.ident",0.0390349688262402
"4","HRA003620_NC-30",0,0.6,"orig.ident",0
"5","HRA003620_NC-30",0,0.6,"orig.ident",0
"6","HRA003620_NC-30",0,0.6,"orig.ident",0
"7","HRA003620_NC-30",0,0.6,"orig.ident",0
"8","HRA003620_NC-30",177,0.6,"orig.ident",0.0274376065726244
"9","HRA003620_NC-30",270,0.6,"orig.ident",0.0440528634361234
"10","HRA003620_NC-30",198,0.6,"orig.ident",0.0407911001236094
"11","HRA003620_NC-30",0,0.6,"orig.ident",0
"singleton","HRA003620_NC-30",0,0.6,"orig.ident",0
"0","PRJNA662018_PRJNA662018_P1N1",424,0.6,"orig.ident",0.020857929948839
"1","PRJNA662018_PRJNA662018_P1N1",586,0.6,"orig.ident",0.0293587174348697
"2","PRJNA662018_PRJNA662018_P1N1",78,0.6,"orig.ident",0.00444824636441403
"3","PRJNA662018_PRJNA662018_P1N1",210,0.6,"orig.ident",0.0189753320683112
"4","PRJNA662018_PRJNA662018_P1N1",0,0.6,"orig.ident",0
"5","PRJNA662018_PRJNA662018_P1N1",0,0.6,"orig.ident",0
"6","PRJNA662018_PRJNA662018_P1N1",0,0.6,"orig.ident",0
"7","PRJNA662018_PRJNA662018_P1N1",0,0.6,"orig.ident",0
"8","PRJNA662018_PRJNA662018_P1N1",131,0.6,"orig.ident",0.02030692915827
"9","PRJNA662018_PRJNA662018_P1N1",104,0.6,"orig.ident",0.0169685103605808
"10","PRJNA662018_PRJNA662018_P1N1",51,0.6,"orig.ident",0.0105067985166873
"11","PRJNA662018_PRJNA662018_P1N1",0,0.6,"orig.ident",0
"singleton","PRJNA662018_PRJNA662018_P1N1",0,0.6,"orig.ident",0
"0","PRJNA662018_PRJNA662018_P1T1",760,0.6,"orig.ident",0.0373868555686738
"1","PRJNA662018_PRJNA662018_P1T1",1060,0.6,"orig.ident",0.0531062124248497
"2","PRJNA662018_PRJNA662018_P1T1",288,0.6,"orig.ident",0.0164242942686056
"3","PRJNA662018_PRJNA662018_P1T1",264,0.6,"orig.ident",0.0238547031715912
"4","PRJNA662018_PRJNA662018_P1T1",0,0.6,"orig.ident",0
"5","PRJNA662018_PRJNA662018_P1T1",0,0.6,"orig.ident",0
"6","PRJNA662018_PRJNA662018_P1T1",0,0.6,"orig.ident",0
"7","PRJNA662018_PRJNA662018_P1T1",0,0.6,"orig.ident",0
"8","PRJNA662018_PRJNA662018_P1T1",222,0.6,"orig.ident",0.0344132692605798
"9","PRJNA662018_PRJNA662018_P1T1",183,0.6,"orig.ident",0.0298580518844836
"10","PRJNA662018_PRJNA662018_P1T1",118,0.6,"orig.ident",0.0243098475484137
"11","PRJNA662018_PRJNA662018_P1T1",0,0.6,"orig.ident",0
"singleton","PRJNA662018_PRJNA662018_P1T1",0,0.6,"orig.ident",0
"0","PRJNA662018_PRJNA662018_P2T2",874,0.6,"orig.ident",0.0429948839039748
"1","PRJNA662018_PRJNA662018_P2T2",1133,0.6,"orig.ident",0.0567635270541082
"2","PRJNA662018_PRJNA662018_P2T2",587,0.6,"orig.ident",0.0334759053321928
"3","PRJNA662018_PRJNA662018_P2T2",589,0.6,"orig.ident",0.0532212885154062
"4","PRJNA662018_PRJNA662018_P2T2",0,0.6,"orig.ident",0
"5","PRJNA662018_PRJNA662018_P2T2",0,0.6,"orig.ident",0
"6","PRJNA662018_PRJNA662018_P2T2",0,0.6,"orig.ident",0
"7","PRJNA662018_PRJNA662018_P2T2",0,0.6,"orig.ident",0
"8","PRJNA662018_PRJNA662018_P2T2",330,0.6,"orig.ident",0.0511548597116726
"9","PRJNA662018_PRJNA662018_P2T2",240,0.6,"orig.ident",0.0391581008321096
"10","PRJNA662018_PRJNA662018_P2T2",139,0.6,"orig.ident",0.0286361763494026
"11","PRJNA662018_PRJNA662018_P2T2",0,0.6,"orig.ident",0
"singleton","PRJNA662018_PRJNA662018_P2T2",0,0.6,"orig.ident",0
"0","PRJNA662018_PRJNA662018_P3N3",804,0.6,"orig.ident",0.0395513577331759
"1","PRJNA662018_PRJNA662018_P3N3",880,0.6,"orig.ident",0.0440881763527054
"2","PRJNA662018_PRJNA662018_P3N3",83,0.6,"orig.ident",0.00473339036213288
"3","PRJNA662018_PRJNA662018_P3N3",121,0.6,"orig.ident",0.0109334056203126
"4","PRJNA662018_PRJNA662018_P3N3",0,0.6,"orig.ident",0
"5","PRJNA662018_PRJNA662018_P3N3",0,0.6,"orig.ident",0
"6","PRJNA662018_PRJNA662018_P3N3",0,0.6,"orig.ident",0
"7","PRJNA662018_PRJNA662018_P3N3",0,0.6,"orig.ident",0
"8","PRJNA662018_PRJNA662018_P3N3",40,0.6,"orig.ident",0.00620058905596032
"9","PRJNA662018_PRJNA662018_P3N3",105,0.6,"orig.ident",0.017131669114048
"10","PRJNA662018_PRJNA662018_P3N3",65,0.6,"orig.ident",0.0133910177173465
"11","PRJNA662018_PRJNA662018_P3N3",0,0.6,"orig.ident",0
"singleton","PRJNA662018_PRJNA662018_P3N3",0,0.6,"orig.ident",0
"0","PRJNA662018_PRJNA662018_P3T3",513,0.6,"orig.ident",0.0252361275088548
"1","PRJNA662018_PRJNA662018_P3T3",419,0.6,"orig.ident",0.0209919839679359
"2","PRJNA662018_PRJNA662018_P3T3",150,0.6,"orig.ident",0.00855431993156544
"3","PRJNA662018_PRJNA662018_P3T3",444,0.6,"orig.ident",0.040119273515858
"4","PRJNA662018_PRJNA662018_P3T3",0,0.6,"orig.ident",0
"5","PRJNA662018_PRJNA662018_P3T3",0,0.6,"orig.ident",0
"6","PRJNA662018_PRJNA662018_P3T3",0,0.6,"orig.ident",0
"7","PRJNA662018_PRJNA662018_P3T3",0,0.6,"orig.ident",0
"8","PRJNA662018_PRJNA662018_P3T3",82,0.6,"orig.ident",0.0127112075647186
"9","PRJNA662018_PRJNA662018_P3T3",166,0.6,"orig.ident",0.0270843530755425
"10","PRJNA662018_PRJNA662018_P3T3",54,0.6,"orig.ident",0.0111248454882571
"11","PRJNA662018_PRJNA662018_P3T3",0,0.6,"orig.ident",0
"singleton","PRJNA662018_PRJNA662018_P3T3",0,0.6,"orig.ident",0
"0","PRJNA662018_PRJNA662018_P4T4",645,0.6,"orig.ident",0.0317296340023613
"1","PRJNA662018_PRJNA662018_P4T4",237,0.6,"orig.ident",0.01187374749499
"2","PRJNA662018_PRJNA662018_P4T4",793,0.6,"orig.ident",0.0452238380382093
"3","PRJNA662018_PRJNA662018_P4T4",432,0.6,"orig.ident",0.0390349688262402
"4","PRJNA662018_PRJNA662018_P4T4",0,0.6,"orig.ident",0
"5","PRJNA662018_PRJNA662018_P4T4",0,0.6,"orig.ident",0
"6","PRJNA662018_PRJNA662018_P4T4",0,0.6,"orig.ident",0
"7","PRJNA662018_PRJNA662018_P4T4",0,0.6,"orig.ident",0
"8","PRJNA662018_PRJNA662018_P4T4",129,0.6,"orig.ident",0.019996899705472
"9","PRJNA662018_PRJNA662018_P4T4",148,0.6,"orig.ident",0.0241474955131343
"10","PRJNA662018_PRJNA662018_P4T4",142,0.6,"orig.ident",0.0292542233209724
"11","PRJNA662018_PRJNA662018_P4T4",0,0.6,"orig.ident",0
"singleton","PRJNA662018_PRJNA662018_P4T4",0,0.6,"orig.ident",0
"0","PRJNA662018_PRJNA662018_P5T5",100,0.6,"orig.ident",0.00491932310114128
"1","PRJNA662018_PRJNA662018_P5T5",33,0.6,"orig.ident",0.00165330661322645
"2","PRJNA662018_PRJNA662018_P5T5",9,0.6,"orig.ident",0.000513259195893926
"3","PRJNA662018_PRJNA662018_P5T5",5,0.6,"orig.ident",0.000451793620674076
"4","PRJNA662018_PRJNA662018_P5T5",0,0.6,"orig.ident",0
"5","PRJNA662018_PRJNA662018_P5T5",0,0.6,"orig.ident",0
"6","PRJNA662018_PRJNA662018_P5T5",0,0.6,"orig.ident",0
"7","PRJNA662018_PRJNA662018_P5T5",0,0.6,"orig.ident",0
"8","PRJNA662018_PRJNA662018_P5T5",3,0.6,"orig.ident",0.000465044179197024
"9","PRJNA662018_PRJNA662018_P5T5",5,0.6,"orig.ident",0.000815793767335618
"10","PRJNA662018_PRJNA662018_P5T5",0,0.6,"orig.ident",0
"11","PRJNA662018_PRJNA662018_P5T5",0,0.6,"orig.ident",0
"singleton","PRJNA662018_PRJNA662018_P5T5",0,0.6,"orig.ident",0
"0","PRJNA662018_PRJNA662018_P6N2",465,0.6,"orig.ident",0.022874852420307
"1","PRJNA662018_PRJNA662018_P6N2",523,0.6,"orig.ident",0.0262024048096192
"2","PRJNA662018_PRJNA662018_P6N2",45,0.6,"orig.ident",0.00256629597946963
"3","PRJNA662018_PRJNA662018_P6N2",365,0.6,"orig.ident",0.0329809343092076
"4","PRJNA662018_PRJNA662018_P6N2",0,0.6,"orig.ident",0
"5","PRJNA662018_PRJNA662018_P6N2",0,0.6,"orig.ident",0
"6","PRJNA662018_PRJNA662018_P6N2",0,0.6,"orig.ident",0
"7","PRJNA662018_PRJNA662018_P6N2",0,0.6,"orig.ident",0
"8","PRJNA662018_PRJNA662018_P6N2",44,0.6,"orig.ident",0.00682064796155635
"9","PRJNA662018_PRJNA662018_P6N2",109,0.6,"orig.ident",0.0177843041279165
"10","PRJNA662018_PRJNA662018_P6N2",51,0.6,"orig.ident",0.0105067985166873
"11","PRJNA662018_PRJNA662018_P6N2",0,0.6,"orig.ident",0
"singleton","PRJNA662018_PRJNA662018_P6N2",0,0.6,"orig.ident",0
"0","PRJNA662018_PRJNA662018_P6T6",13,0.6,"orig.ident",0.000639512003148367
"1","PRJNA662018_PRJNA662018_P6T6",11,0.6,"orig.ident",0.000551102204408818
"2","PRJNA662018_PRJNA662018_P6T6",0,0.6,"orig.ident",0
"3","PRJNA662018_PRJNA662018_P6T6",1,0.6,"orig.ident",9.03587241348152e-05
"4","PRJNA662018_PRJNA662018_P6T6",0,0.6,"orig.ident",0
"5","PRJNA662018_PRJNA662018_P6T6",0,0.6,"orig.ident",0
"6","PRJNA662018_PRJNA662018_P6T6",0,0.6,"orig.ident",0
"7","PRJNA662018_PRJNA662018_P6T6",0,0.6,"orig.ident",0
"8","PRJNA662018_PRJNA662018_P6T6",0,0.6,"orig.ident",0
"9","PRJNA662018_PRJNA662018_P6T6",1,0.6,"orig.ident",0.000163158753467124
"10","PRJNA662018_PRJNA662018_P6T6",3,0.6,"orig.ident",0.000618046971569839
"11","PRJNA662018_PRJNA662018_P6T6",0,0.6,"orig.ident",0
"singleton","PRJNA662018_PRJNA662018_P6T6",0,0.6,"orig.ident",0
"0","PRJNA662018_PRJNA662018_P7T7",320,0.6,"orig.ident",0.0157418339236521
"1","PRJNA662018_PRJNA662018_P7T7",358,0.6,"orig.ident",0.017935871743487
"2","PRJNA662018_PRJNA662018_P7T7",62,0.6,"orig.ident",0.00353578557171372
"3","PRJNA662018_PRJNA662018_P7T7",273,0.6,"orig.ident",0.0246679316888046
"4","PRJNA662018_PRJNA662018_P7T7",0,0.6,"orig.ident",0
"5","PRJNA662018_PRJNA662018_P7T7",0,0.6,"orig.ident",0
"6","PRJNA662018_PRJNA662018_P7T7",0,0.6,"orig.ident",0
"7","PRJNA662018_PRJNA662018_P7T7",0,0.6,"orig.ident",0
"8","PRJNA662018_PRJNA662018_P7T7",9,0.6,"orig.ident",0.00139513253759107
"9","PRJNA662018_PRJNA662018_P7T7",38,0.6,"orig.ident",0.00620003263175069
"10","PRJNA662018_PRJNA662018_P7T7",29,0.6,"orig.ident",0.00597445405850845
"11","PRJNA662018_PRJNA662018_P7T7",0,0.6,"orig.ident",0
"singleton","PRJNA662018_PRJNA662018_P7T7",0,0.6,"orig.ident",0
"0","PRJNA662018_PRJNA662018_P8T8",2,0.6,"orig.ident",9.83864620228257e-05
"1","PRJNA662018_PRJNA662018_P8T8",1,0.6,"orig.ident",5.01002004008016e-05
"2","PRJNA662018_PRJNA662018_P8T8",0,0.6,"orig.ident",0
"3","PRJNA662018_PRJNA662018_P8T8",10,0.6,"orig.ident",0.000903587241348152
"4","PRJNA662018_PRJNA662018_P8T8",0,0.6,"orig.ident",0
"5","PRJNA662018_PRJNA662018_P8T8",0,0.6,"orig.ident",0
"6","PRJNA662018_PRJNA662018_P8T8",0,0.6,"orig.ident",0
"7","PRJNA662018_PRJNA662018_P8T8",0,0.6,"orig.ident",0
"8","PRJNA662018_PRJNA662018_P8T8",6,0.6,"orig.ident",0.000930088358394047
"9","PRJNA662018_PRJNA662018_P8T8",2,0.6,"orig.ident",0.000326317506934247
"10","PRJNA662018_PRJNA662018_P8T8",0,0.6,"orig.ident",0
"11","PRJNA662018_PRJNA662018_P8T8",0,0.6,"orig.ident",0
"singleton","PRJNA662018_PRJNA662018_P8T8",0,0.6,"orig.ident",0
"0","T4091568",37,0.6,"orig.ident",0.00182014954742227
"1","T4091568",0,0.6,"orig.ident",0
"2","T4091568",0,0.6,"orig.ident",0
"3","T4091568",8,0.6,"orig.ident",0.000722869793078522
"4","T4091568",756,0.6,"orig.ident",0.0799323324170015
"5","T4091568",354,0.6,"orig.ident",0.0382785467128028
"6","T4091568",375,0.6,"orig.ident",0.042618479372656
"7","T4091568",618,0.6,"orig.ident",0.0807104610160637
"8","T4091568",74,0.6,"orig.ident",0.0114710897535266
"9","T4091568",0,0.6,"orig.ident",0
"10","T4091568",106,0.6,"orig.ident",0.0218376596621343
"11","T4091568",122,0.6,"orig.ident",0.0374347959496778
"singleton","T4091568",0,0.6,"orig.ident",0
"0","T4295396",27,0.6,"orig.ident",0.00132821723730815
"1","T4295396",0,0.6,"orig.ident",0
"2","T4295396",0,0.6,"orig.ident",0
"3","T4295396",7,0.6,"orig.ident",0.000632511068943707
"4","T4295396",784,0.6,"orig.ident",0.0828927891731867
"5","T4295396",787,0.6,"orig.ident",0.0850994809688581
"6","T4295396",979,0.6,"orig.ident",0.111262643482214
"7","T4295396",770,0.6,"orig.ident",0.100561577641374
"8","T4295396",258,0.6,"orig.ident",0.039993799410944
"9","T4295396",12,0.6,"orig.ident",0.00195790504160548
"10","T4295396",93,0.6,"orig.ident",0.019159456118665
"11","T4295396",783,0.6,"orig.ident",0.240257747775391
"singleton","T4295396",0,0.6,"orig.ident",0
"0","T4380845",15,0.6,"orig.ident",0.000737898465171192
"1","T4380845",0,0.6,"orig.ident",0
"2","T4380845",0,0.6,"orig.ident",0
"3","T4380845",4,0.6,"orig.ident",0.000361434896539261
"4","T4380845",592,0.6,"orig.ident",0.0625925142736308
"5","T4380845",302,0.6,"orig.ident",0.0326557093425606
"6","T4380845",528,0.6,"orig.ident",0.0600068189566996
"7","T4380845",260,0.6,"orig.ident",0.033955857385399
"8","T4380845",58,0.6,"orig.ident",0.00899085413114246
"9","T4380845",3,0.6,"orig.ident",0.000489476260401371
"10","T4380845",106,0.6,"orig.ident",0.0218376596621343
"11","T4380845",177,0.6,"orig.ident",0.054311138386008
"singleton","T4380845",0,0.6,"orig.ident",0
"0","T4398343",51,0.6,"orig.ident",0.00250885478158205
"1","T4398343",0,0.6,"orig.ident",0
"2","T4398343",1,0.6,"orig.ident",5.70287995437696e-05
"3","T4398343",17,0.6,"orig.ident",0.00153609831029186
"4","T4398343",771,0.6,"orig.ident",0.0815182913935293
"5","T4398343",1666,0.6,"orig.ident",0.180147058823529
"6","T4398343",720,0.6,"orig.ident",0.0818274803954995
"7","T4398343",938,0.6,"orig.ident",0.122502285490401
"8","T4398343",465,0.6,"orig.ident",0.0720818477755387
"9","T4398343",6,0.6,"orig.ident",0.000978952520802741
"10","T4398343",220,0.6,"orig.ident",0.0453234445817882
"11","T4398343",621,0.6,"orig.ident",0.190549248235655
"singleton","T4398343",0,0.6,"orig.ident",0
"0","T4450398",122,0.6,"orig.ident",0.00600157418339237
"1","T4450398",0,0.6,"orig.ident",0
"2","T4450398",0,0.6,"orig.ident",0
"3","T4450398",34,0.6,"orig.ident",0.00307219662058372
"4","T4450398",1378,0.6,"orig.ident",0.145696764643688
"5","T4450398",931,0.6,"orig.ident",0.100670415224913
"6","T4450398",1733,0.6,"orig.ident",0.196954199340834
"7","T4450398",1185,0.6,"orig.ident",0.15476035000653
"8","T4450398",195,0.6,"orig.ident",0.0302278716478065
"9","T4450398",0,0.6,"orig.ident",0
"10","T4450398",83,0.6,"orig.ident",0.0170992995467656
"11","T4450398",310,0.6,"orig.ident",0.0951212028229518
"singleton","T4450398",0,0.6,"orig.ident",0
"0","T4463209a",27,0.6,"orig.ident",0.00132821723730815
"1","T4463209a",0,0.6,"orig.ident",0
"2","T4463209a",0,0.6,"orig.ident",0
"3","T4463209a",42,0.6,"orig.ident",0.00379506641366224
"4","T4463209a",485,0.6,"orig.ident",0.0512793402410658
"5","T4463209a",1548,0.6,"orig.ident",0.167387543252595
"6","T4463209a",1134,0.6,"orig.ident",0.128878281622912
"7","T4463209a",291,0.6,"orig.ident",0.0380044403813504
"8","T4463209a",358,0.6,"orig.ident",0.0554952720508448
"9","T4463209a",8,0.6,"orig.ident",0.00130527002773699
"10","T4463209a",265,0.6,"orig.ident",0.0545941491553358
"11","T4463209a",489,0.6,"orig.ident",0.150046026388463
"singleton","T4463209a",0,0.6,"orig.ident",0
"0","T4463209b",35,0.6,"orig.ident",0.00172176308539945
"1","T4463209b",0,0.6,"orig.ident",0
"2","T4463209b",0,0.6,"orig.ident",0
"3","T4463209b",15,0.6,"orig.ident",0.00135538086202223
"4","T4463209b",768,0.6,"orig.ident",0.0812010995982237
"5","T4463209b",486,0.6,"orig.ident",0.0525519031141869
"6","T4463209b",387,0.6,"orig.ident",0.043982270712581
"7","T4463209b",484,0.6,"orig.ident",0.063210134517435
"8","T4463209b",235,0.6,"orig.ident",0.0364284607037669
"9","T4463209b",2,0.6,"orig.ident",0.000326317506934247
"10","T4463209b",157,0.6,"orig.ident",0.0323444581788216
"11","T4463209b",263,0.6,"orig.ident",0.0806996011046333
"singleton","T4463209b",0,0.6,"orig.ident",0
"0","T4465219",174,0.6,"orig.ident",0.00855962219598583
"1","T4465219",1,0.6,"orig.ident",5.01002004008016e-05
"2","T4465219",6,0.6,"orig.ident",0.000342172797262618
"3","T4465219",14,0.6,"orig.ident",0.00126502213788741
"4","T4465219",220,0.6,"orig.ident",0.0232607316557412
"5","T4465219",126,0.6,"orig.ident",0.0136245674740484
"6","T4465219",68,0.6,"orig.ident",0.00772815092624162
"7","T4465219",166,0.6,"orig.ident",0.0216795089460624
"8","T4465219",413,0.6,"orig.ident",0.0640210820027903
"9","T4465219",10,0.6,"orig.ident",0.00163158753467124
"10","T4465219",158,0.6,"orig.ident",0.0325504738360115
"11","T4465219",16,0.6,"orig.ident",0.00490948143602332
"singleton","T4465219",0,0.6,"orig.ident",0
"0","T4465935",58,0.6,"orig.ident",0.00285320739866194
"1","T4465935",0,0.6,"orig.ident",0
"2","T4465935",1,0.6,"orig.ident",5.70287995437696e-05
"3","T4465935",27,0.6,"orig.ident",0.00243968555164001
"4","T4465935",391,0.6,"orig.ident",0.0413406639881582
"5","T4465935",814,0.6,"orig.ident",0.0880190311418685
"6","T4465935",272,0.6,"orig.ident",0.0309126037049665
"7","T4465935",853,0.6,"orig.ident",0.111401332114405
"8","T4465935",77,0.6,"orig.ident",0.0119361339327236
"9","T4465935",0,0.6,"orig.ident",0
"10","T4465935",116,0.6,"orig.ident",0.0238978162340338
"11","T4465935",125,0.6,"orig.ident",0.0383553237189322
"singleton","T4465935",0,0.6,"orig.ident",0
"0","T4466585",18,0.6,"orig.ident",0.000885478158205431
"1","T4466585",1,0.6,"orig.ident",5.01002004008016e-05
"2","T4466585",0,0.6,"orig.ident",0
"3","T4466585",5,0.6,"orig.ident",0.000451793620674076
"4","T4466585",274,0.6,"orig.ident",0.0289701839712413
"5","T4466585",227,0.6,"orig.ident",0.0245458477508651
"6","T4466585",135,0.6,"orig.ident",0.0153426525741562
"7","T4466585",403,0.6,"orig.ident",0.0526315789473684
"8","T4466585",31,0.6,"orig.ident",0.00480545651836924
"9","T4466585",0,0.6,"orig.ident",0
"10","T4466585",28,0.6,"orig.ident",0.0057684384013185
"11","T4466585",48,0.6,"orig.ident",0.01472844430807
"singleton","T4466585",0,0.6,"orig.ident",0
"0","T4469479",52,0.6,"orig.ident",0.00255804801259347
"1","T4469479",0,0.6,"orig.ident",0
"2","T4469479",0,0.6,"orig.ident",0
"3","T4469479",32,0.6,"orig.ident",0.00289147917231409
"4","T4469479",784,0.6,"orig.ident",0.0828927891731867
"5","T4469479",679,0.6,"orig.ident",0.0734212802768166
"6","T4469479",390,0.6,"orig.ident",0.0443232185475622
"7","T4469479",516,0.6,"orig.ident",0.0673893169648687
"8","T4469479",114,0.6,"orig.ident",0.0176716788094869
"9","T4469479",0,0.6,"orig.ident",0
"10","T4469479",81,0.6,"orig.ident",0.0166872682323857
"11","T4469479",85,0.6,"orig.ident",0.0260816201288739
"singleton","T4469479",0,0.6,"orig.ident",0
"0","T4471438",76,0.6,"orig.ident",0.00373868555686737
"1","T4471438",0,0.6,"orig.ident",0
"2","T4471438",0,0.6,"orig.ident",0
"3","T4471438",28,0.6,"orig.ident",0.00253004427577483
"4","T4471438",1883,0.6,"orig.ident",0.199090716853457
"5","T4471438",947,0.6,"orig.ident",0.102400519031142
"6","T4471438",1665,0.6,"orig.ident",0.189226048414593
"7","T4471438",819,0.6,"orig.ident",0.106960950764007
"8","T4471438",92,0.6,"orig.ident",0.0142613548287087
"9","T4471438",0,0.6,"orig.ident",0
"10","T4471438",450,0.6,"orig.ident",0.0927070457354759
"11","T4471438",115,0.6,"orig.ident",0.0352868978214176
"singleton","T4471438",0,0.6,"orig.ident",0
"0","T8009218",24,0.6,"orig.ident",0.00118063754427391
"1","T8009218",0,0.6,"orig.ident",0
"2","T8009218",0,0.6,"orig.ident",0
"3","T8009218",15,0.6,"orig.ident",0.00135538086202223
"4","T8009218",369,0.6,"orig.ident",0.0390145908225841
"5","T8009218",378,0.6,"orig.ident",0.0408737024221453
"6","T8009218",413,0.6,"orig.ident",0.0469371519490851
"7","T8009218",347,0.6,"orig.ident",0.0453180096643594
"8","T8009218",242,0.6,"orig.ident",0.0375135637885599
"9","T8009218",0,0.6,"orig.ident",0
"10","T8009218",67,0.6,"orig.ident",0.0138030490317264
"11","T8009218",105,0.6,"orig.ident",0.032218471923903
"singleton","T8009218",0,0.6,"orig.ident",0
"0","Normal",7785,0.6,"T_stage",0.382969303423849
"1","Normal",9466,0.6,"T_stage",0.474248496993988
"2","Normal",2731,0.6,"T_stage",0.155745651554035
"3","Normal",2999,0.6,"T_stage",0.270985813680311
"4","Normal",0,0.6,"T_stage",0
"5","Normal",0,0.6,"T_stage",0
"6","Normal",0,0.6,"T_stage",0
"7","Normal",0,0.6,"T_stage",0
"8","Normal",1371,0.6,"T_stage",0.21252518989304
"9","Normal",2209,0.6,"T_stage",0.360417686408876
"10","Normal",1287,0.6,"T_stage",0.265142150803461
"11","Normal",0,0.6,"T_stage",0
"singleton","Normal",0,0.6,"T_stage",0
"0","T1",2948,0.6,"T_stage",0.145021645021645
"1","T1",2549,0.6,"T_stage",0.127705410821643
"2","T1",2876,0.6,"T_stage",0.164014827487881
"3","T1",1383,0.6,"T_stage",0.124966115478449
"4","T1",0,0.6,"T_stage",0
"5","T1",0,0.6,"T_stage",0
"6","T1",0,0.6,"T_stage",0
"7","T1",0,0.6,"T_stage",0
"8","T1",606,0.6,"T_stage",0.0939389241977988
"9","T1",805,0.6,"T_stage",0.131342796541034
"10","T1",384,0.6,"T_stage",0.0791100123609394
"11","T1",0,0.6,"T_stage",0
"singleton","T1",1,0.6,"T_stage",1
"0","T2",1285,0.6,"T_stage",0.0632133018496655
"1","T2",672,0.6,"T_stage",0.0336673346693387
"2","T2",426,0.6,"T_stage",0.0242942686056459
"3","T2",1047,0.6,"T_stage",0.0946055841691515
"4","T2",5663,0.6,"T_stage",0.598752378938465
"5","T2",6887,0.6,"T_stage",0.744701557093426
"6","T2",5956,0.6,"T_stage",0.676895101716104
"7","T2",5350,0.6,"T_stage",0.698707065430325
"8","T2",2167,0.6,"T_stage",0.33591691210665
"9","T2",325,0.6,"T_stage",0.0530265948768151
"10","T2",1292,0.6,"T_stage",0.266172229089411
"11","T2",2832,0.6,"T_stage",0.868978214176128
"singleton","T2",0,0.6,"T_stage",0
"0","T3",2690,0.6,"T_stage",0.132329791420701
"1","T3",2741,0.6,"T_stage",0.137324649298597
"2","T3",3536,0.6,"T_stage",0.201653835186769
"3","T3",1736,0.6,"T_stage",0.156862745098039
"4","T3",369,0.6,"T_stage",0.0390145908225841
"5","T3",378,0.6,"T_stage",0.0408737024221453
"6","T3",413,0.6,"T_stage",0.0469371519490851
"7","T3",347,0.6,"T_stage",0.0453180096643594
"8","T3",814,0.6,"T_stage",0.126181987288792
"9","T3",1085,0.6,"T_stage",0.177027247511829
"10","T3",386,0.6,"T_stage",0.0795220436753193
"11","T3",105,0.6,"T_stage",0.032218471923903
"singleton","T3",0,0.6,"T_stage",0
"0","T4",617,0.6,"T_stage",0.0303522235340417
"1","T4",413,0.6,"T_stage",0.0206913827655311
"2","T4",855,0.6,"T_stage",0.048759623609923
"3","T4",519,0.6,"T_stage",0.0468961778259691
"4","T4",3423,0.6,"T_stage",0.361915838443646
"5","T4",1980,0.6,"T_stage",0.214100346020761
"6","T4",2430,0.6,"T_stage",0.276167746334811
"7","T4",1953,0.6,"T_stage",0.255060728744939
"8","T4",364,0.6,"T_stage",0.0564253604092389
"9","T4",172,0.6,"T_stage",0.0280633055963452
"10","T4",758,0.6,"T_stage",0.156159868149979
"11","T4",322,0.6,"T_stage",0.0988033138999693
"singleton","T4",0,0.6,"T_stage",0
"0","Ta",539,0.6,"T_stage",0.0265151515151515
"1","Ta",557,0.6,"T_stage",0.0279058116232465
"2","Ta",3589,0.6,"T_stage",0.204676361562589
"3","Ta",812,0.6,"T_stage",0.0733712839974699
"4","Ta",0,0.6,"T_stage",0
"5","Ta",0,0.6,"T_stage",0
"6","Ta",0,0.6,"T_stage",0
"7","Ta",0,0.6,"T_stage",0
"8","Ta",135,0.6,"T_stage",0.0209269880638661
"9","Ta",604,0.6,"T_stage",0.0985478870941426
"10","Ta",120,0.6,"T_stage",0.0247218788627936
"11","Ta",0,0.6,"T_stage",0
"singleton","Ta",0,0.6,"T_stage",0
"0",NA,4464,0.6,"T_stage",0.219598583234947
"1",NA,3562,0.6,"T_stage",0.178456913827655
"2",NA,3522,0.6,"T_stage",0.200855431993157
"3",NA,2571,0.6,"T_stage",0.23231227975061
"4",NA,3,0.6,"T_stage",0.000317191795305561
"5",NA,3,0.6,"T_stage",0.00032439446366782
"6",NA,0,0.6,"T_stage",0
"7",NA,7,0.6,"T_stage",0.000914196160376126
"8",NA,994,0.6,"T_stage",0.154084638040614
"9",NA,929,0.6,"T_stage",0.151574481970958
"10",NA,627,0.6,"T_stage",0.129171817058096
"11",NA,0,0.6,"T_stage",0
"singleton",NA,0,0.6,"T_stage",0
"0","N0",6450,0.6,"N_stage",0.317296340023613
"1","N0",5876,0.6,"N_stage",0.29438877755511
"2","N0",9864,0.6,"N_stage",0.562532078699743
"3","N0",4458,0.6,"N_stage",0.402819192193006
"4","N0",0,0.6,"N_stage",0
"5","N0",0,0.6,"N_stage",0
"6","N0",0,0.6,"N_stage",0
"7","N0",0,0.6,"N_stage",0
"8","N0",1328,0.6,"N_stage",0.205859556657882
"9","N0",2612,0.6,"N_stage",0.426170664056127
"10","N0",835,0.6,"N_stage",0.172023073753605
"11","N0",0,0.6,"N_stage",0
"singleton","N0",1,0.6,"N_stage",1
"0","N2",430,0.6,"N_stage",0.0211530893349075
"1","N2",373,0.6,"N_stage",0.018687374749499
"2","N2",844,0.6,"N_stage",0.0481323068149415
"3","N2",424,0.6,"N_stage",0.0383120990331616
"4","N2",0,0.6,"N_stage",0
"5","N2",0,0.6,"N_stage",0
"6","N2",0,0.6,"N_stage",0
"7","N2",0,0.6,"N_stage",0
"8","N2",64,0.6,"N_stage",0.00992094248953651
"9","N2",158,0.6,"N_stage",0.0257790830478055
"10","N2",109,0.6,"N_stage",0.0224557066337042
"11","N2",0,0.6,"N_stage",0
"singleton","N2",0,0.6,"N_stage",0
"0","N3",483,0.6,"N_stage",0.0237603305785124
"1","N3",681,0.6,"N_stage",0.0341182364729459
"2","N3",566,0.6,"N_stage",0.0322783005417736
"3","N3",367,0.6,"N_stage",0.0331616517574772
"4","N3",0,0.6,"N_stage",0
"5","N3",0,0.6,"N_stage",0
"6","N3",0,0.6,"N_stage",0
"7","N3",0,0.6,"N_stage",0
"8","N3",82,0.6,"N_stage",0.0127112075647186
"9","N3",180,0.6,"N_stage",0.0293685756240822
"10","N3",66,0.6,"N_stage",0.0135970333745365
"11","N3",0,0.6,"N_stage",0
"singleton","N3",0,0.6,"N_stage",0
"0","Normal",7785,0.6,"N_stage",0.382969303423849
"1","Normal",9466,0.6,"N_stage",0.474248496993988
"2","Normal",2731,0.6,"N_stage",0.155745651554035
"3","Normal",2999,0.6,"N_stage",0.270985813680311
"4","Normal",0,0.6,"N_stage",0
"5","Normal",0,0.6,"N_stage",0
"6","Normal",0,0.6,"N_stage",0
"7","Normal",0,0.6,"N_stage",0
"8","Normal",1371,0.6,"N_stage",0.21252518989304
"9","Normal",2209,0.6,"N_stage",0.360417686408876
"10","Normal",1287,0.6,"N_stage",0.265142150803461
"11","Normal",0,0.6,"N_stage",0
"singleton","Normal",0,0.6,"N_stage",0
"0",NA,5180,0.6,"N_stage",0.254820936639118
"1",NA,3564,0.6,"N_stage",0.178557114228457
"2",NA,3530,0.6,"N_stage",0.201311662389507
"3",NA,2819,0.6,"N_stage",0.254721243336044
"4",NA,9458,0.6,"N_stage",1
"5",NA,9248,0.6,"N_stage",1
"6",NA,8799,0.6,"N_stage",1
"7",NA,7657,0.6,"N_stage",1
"8",NA,3606,0.6,"N_stage",0.558983103394822
"9",NA,970,0.6,"N_stage",0.15826399086311
"10",NA,2557,0.6,"N_stage",0.526782035434693
"11",NA,3259,0.6,"N_stage",1
"singleton",NA,0,0.6,"N_stage",0
"0","M0",6933,0.6,"M_stage",0.341056670602125
"1","M0",6557,0.6,"M_stage",0.328507014028056
"2","M0",10430,0.6,"M_stage",0.594810379241517
"3","M0",4825,0.6,"M_stage",0.435980843950483
"4","M0",0,0.6,"M_stage",0
"5","M0",0,0.6,"M_stage",0
"6","M0",0,0.6,"M_stage",0
"7","M0",0,0.6,"M_stage",0
"8","M0",1410,0.6,"M_stage",0.218570764222601
"9","M0",2792,0.6,"M_stage",0.455539239680209
"10","M0",901,0.6,"M_stage",0.185620107128142
"11","M0",0,0.6,"M_stage",0
"singleton","M0",1,0.6,"M_stage",1
"0","Normal",7785,0.6,"M_stage",0.382969303423849
"1","Normal",9466,0.6,"M_stage",0.474248496993988
"2","Normal",2731,0.6,"M_stage",0.155745651554035
"3","Normal",2999,0.6,"M_stage",0.270985813680311
"4","Normal",0,0.6,"M_stage",0
"5","Normal",0,0.6,"M_stage",0
"6","Normal",0,0.6,"M_stage",0
"7","Normal",0,0.6,"M_stage",0
"8","Normal",1371,0.6,"M_stage",0.21252518989304
"9","Normal",2209,0.6,"M_stage",0.360417686408876
"10","Normal",1287,0.6,"M_stage",0.265142150803461
"11","Normal",0,0.6,"M_stage",0
"singleton","Normal",0,0.6,"M_stage",0
"0",NA,5610,0.6,"M_stage",0.275974025974026
"1",NA,3937,0.6,"M_stage",0.197244488977956
"2",NA,4374,0.6,"M_stage",0.249443969204448
"3",NA,3243,0.6,"M_stage",0.293033342369206
"4",NA,9458,0.6,"M_stage",1
"5",NA,9248,0.6,"M_stage",1
"6",NA,8799,0.6,"M_stage",1
"7",NA,7657,0.6,"M_stage",1
"8",NA,3670,0.6,"M_stage",0.568904045884359
"9",NA,1128,0.6,"M_stage",0.184043073910915
"10",NA,2666,0.6,"M_stage",0.549237742068397
"11",NA,3259,0.6,"M_stage",1
"singleton",NA,0,0.6,"M_stage",0
"0","MIBC",6264,0.6,"Type",0.30814639905549
"1","MIBC",4539,0.6,"Type",0.227404809619238
"2","MIBC",6521,0.6,"Type",0.371884801824922
"3","MIBC",4144,0.6,"Type",0.374446552814674
"4","MIBC",9458,0.6,"Type",1
"5","MIBC",9248,0.6,"Type",1
"6","MIBC",8799,0.6,"Type",1
"7","MIBC",7657,0.6,"Type",1
"8","MIBC",3576,0.6,"Type",0.554332661602852
"9","MIBC",1774,0.6,"Type",0.289443628650677
"10","MIBC",2610,0.6,"Type",0.53770086526576
"11","MIBC",3259,0.6,"Type",1
"singleton","MIBC",0,0.6,"Type",0
"0","NMIBC",6279,0.6,"Type",0.308884297520661
"1","NMIBC",5955,0.6,"Type",0.298346693386774
"2","NMIBC",8283,0.6,"Type",0.472369546621044
"3","NMIBC",3924,0.6,"Type",0.354567633505015
"4","NMIBC",0,0.6,"Type",0
"5","NMIBC",0,0.6,"Type",0
"6","NMIBC",0,0.6,"Type",0
"7","NMIBC",0,0.6,"Type",0
"8","NMIBC",1504,0.6,"Type",0.233142148504108
"9","NMIBC",2146,0.6,"Type",0.350138684940447
"10","NMIBC",957,0.6,"Type",0.197156983930779
"11","NMIBC",0,0.6,"Type",0
"singleton","NMIBC",1,0.6,"Type",1
"0","Normal",7785,0.6,"Type",0.382969303423849
"1","Normal",9466,0.6,"Type",0.474248496993988
"2","Normal",2731,0.6,"Type",0.155745651554035
"3","Normal",2999,0.6,"Type",0.270985813680311
"4","Normal",0,0.6,"Type",0
"5","Normal",0,0.6,"Type",0
"6","Normal",0,0.6,"Type",0
"7","Normal",0,0.6,"Type",0
"8","Normal",1371,0.6,"Type",0.21252518989304
"9","Normal",2209,0.6,"Type",0.360417686408876
"10","Normal",1287,0.6,"Type",0.265142150803461
"11","Normal",0,0.6,"Type",0
"singleton","Normal",0,0.6,"Type",0
"0","CNP0000460",2078,0.8,"dataset",0.14230927270237
"1","CNP0000460",3192,0.8,"dataset",0.276483326115201
"2","CNP0000460",3347,0.8,"dataset",0.294837914023961
"3","CNP0000460",3245,0.8,"dataset",0.294224317707861
"4","CNP0000460",2530,0.8,"dataset",0.238454288407163
"5","CNP0000460",0,0.8,"dataset",0
"6","CNP0000460",0,0.8,"dataset",0
"7","CNP0000460",1345,0.8,"dataset",0.150145121678946
"8","CNP0000460",0,0.8,"dataset",0
"9","CNP0000460",0,0.8,"dataset",0
"10","CNP0000460",654,0.8,"dataset",0.104206500956023
"11","CNP0000460",617,0.8,"dataset",0.122566547477155
"12","CNP0000460",911,0.8,"dataset",0.189791666666667
"13","CNP0000460",0,0.8,"dataset",0
"14","CNP0000460",263,0.8,"dataset",0.192251461988304
"15","CNP0000460",3,0.8,"dataset",0.00397350993377483
"singleton","CNP0000460",0,0.8,"dataset",0
"0","GSE326225",860,0.8,"dataset",0.0588960416381318
"1","GSE326225",890,0.8,"dataset",0.0770896491987874
"2","GSE326225",239,0.8,"dataset",0.0210535588442565
"3","GSE326225",553,0.8,"dataset",0.050140538580107
"4","GSE326225",423,0.8,"dataset",0.0398680490103676
"5","GSE326225",3,0.8,"dataset",0.000324675324675325
"6","GSE326225",3,0.8,"dataset",0.000325874429719748
"7","GSE326225",36,0.8,"dataset",0.00401875418620228
"8","GSE326225",0,0.8,"dataset",0
"9","GSE326225",7,0.8,"dataset",0.000861114528232255
"10","GSE326225",212,0.8,"dataset",0.0337794773741236
"11","GSE326225",143,0.8,"dataset",0.0284068335319825
"12","GSE326225",112,0.8,"dataset",0.0233333333333333
"13","GSE326225",0,0.8,"dataset",0
"14","GSE326225",34,0.8,"dataset",0.0248538011695906
"15","GSE326225",732,0.8,"dataset",0.96953642384106
"singleton","GSE326225",0,0.8,"dataset",0
"0","HRA003620",10024,0.8,"dataset",0.686481303930968
"1","HRA003620",4058,0.8,"dataset",0.351494153313123
"2","HRA003620",4693,0.8,"dataset",0.413407329105003
"3","HRA003620",4285,0.8,"dataset",0.388521171457068
"4","HRA003620",5014,0.8,"dataset",0.472573044297832
"5","HRA003620",0,0.8,"dataset",0
"6","HRA003620",0,0.8,"dataset",0
"7","HRA003620",5358,0.8,"dataset",0.598124581379772
"8","HRA003620",0,0.8,"dataset",0
"9","HRA003620",0,0.8,"dataset",0
"10","HRA003620",1937,0.8,"dataset",0.308636073932441
"11","HRA003620",1548,0.8,"dataset",0.307508939213349
"12","HRA003620",3048,0.8,"dataset",0.635
"13","HRA003620",0,0.8,"dataset",0
"14","HRA003620",652,0.8,"dataset",0.476608187134503
"15","HRA003620",12,0.8,"dataset",0.0158940397350993
"singleton","HRA003620",1,0.8,"dataset",1
"0","InhouseData",1,0.8,"dataset",6.84837693466648e-05
"1","InhouseData",715,0.8,"dataset",0.0619315721091382
"2","InhouseData",1,0.8,"dataset",8.80902043692741e-05
"3","InhouseData",244,0.8,"dataset",0.0221234926103908
"4","InhouseData",9,0.8,"dataset",0.000848256361922714
"5","InhouseData",9237,0.8,"dataset",0.999675324675325
"6","InhouseData",9203,0.8,"dataset",0.99967412557028
"7","InhouseData",0,0.8,"dataset",0
"8","InhouseData",8717,0.8,"dataset",1
"9","InhouseData",8122,0.8,"dataset",0.999138885471768
"10","InhouseData",2486,0.8,"dataset",0.396112173358827
"11","InhouseData",2063,0.8,"dataset",0.409813269765594
"12","InhouseData",11,0.8,"dataset",0.00229166666666667
"13","InhouseData",3124,0.8,"dataset",1
"14","InhouseData",32,0.8,"dataset",0.0233918128654971
"15","InhouseData",0,0.8,"dataset",0
"singleton","InhouseData",0,0.8,"dataset",0
"0","PRJNA662018",1639,0.8,"dataset",0.112244897959184
"1","PRJNA662018",2690,0.8,"dataset",0.233001299263751
"2","PRJNA662018",3072,0.8,"dataset",0.27061310782241
"3","PRJNA662018",2702,0.8,"dataset",0.244990479644573
"4","PRJNA662018",2634,0.8,"dataset",0.248256361922714
"5","PRJNA662018",0,0.8,"dataset",0
"6","PRJNA662018",0,0.8,"dataset",0
"7","PRJNA662018",2219,0.8,"dataset",0.247711542755079
"8","PRJNA662018",0,0.8,"dataset",0
"9","PRJNA662018",0,0.8,"dataset",0
"10","PRJNA662018",987,0.8,"dataset",0.157265774378585
"11","PRJNA662018",663,0.8,"dataset",0.131704410011919
"12","PRJNA662018",718,0.8,"dataset",0.149583333333333
"13","PRJNA662018",0,0.8,"dataset",0
"14","PRJNA662018",387,0.8,"dataset",0.282894736842105
"15","PRJNA662018",8,0.8,"dataset",0.0105960264900662
"singleton","PRJNA662018",0,0.8,"dataset",0
"0","CNP0000460_P01N",181,0.8,"orig.ident",0.0123955622517463
"1","CNP0000460_P01N",550,0.8,"orig.ident",0.0476396708531832
"2","CNP0000460_P01N",354,0.8,"orig.ident",0.031183932346723
"3","CNP0000460_P01N",187,0.8,"orig.ident",0.0169552996645208
"4","CNP0000460_P01N",311,0.8,"orig.ident",0.0293119698397738
"5","CNP0000460_P01N",0,0.8,"orig.ident",0
"6","CNP0000460_P01N",0,0.8,"orig.ident",0
"7","CNP0000460_P01N",159,0.8,"orig.ident",0.0177494976557267
"8","CNP0000460_P01N",0,0.8,"orig.ident",0
"9","CNP0000460_P01N",0,0.8,"orig.ident",0
"10","CNP0000460_P01N",49,0.8,"orig.ident",0.00780752071383047
"11","CNP0000460_P01N",124,0.8,"orig.ident",0.0246324990067541
"12","CNP0000460_P01N",61,0.8,"orig.ident",0.0127083333333333
"13","CNP0000460_P01N",0,0.8,"orig.ident",0
"14","CNP0000460_P01N",4,0.8,"orig.ident",0.00292397660818713
"15","CNP0000460_P01N",0,0.8,"orig.ident",0
"singleton","CNP0000460_P01N",0,0.8,"orig.ident",0
"0","CNP0000460_P01T",216,0.8,"orig.ident",0.0147924941788796
"1","CNP0000460_P01T",134,0.8,"orig.ident",0.0116067561715028
"2","CNP0000460_P01T",29,0.8,"orig.ident",0.00255461592670895
"3","CNP0000460_P01T",71,0.8,"orig.ident",0.00643757366941699
"4","CNP0000460_P01T",35,0.8,"orig.ident",0.00329877474081056
"5","CNP0000460_P01T",0,0.8,"orig.ident",0
"6","CNP0000460_P01T",0,0.8,"orig.ident",0
"7","CNP0000460_P01T",20,0.8,"orig.ident",0.00223264121455682
"8","CNP0000460_P01T",0,0.8,"orig.ident",0
"9","CNP0000460_P01T",0,0.8,"orig.ident",0
"10","CNP0000460_P01T",31,0.8,"orig.ident",0.00493945188017846
"11","CNP0000460_P01T",9,0.8,"orig.ident",0.00178784266984505
"12","CNP0000460_P01T",11,0.8,"orig.ident",0.00229166666666667
"13","CNP0000460_P01T",0,0.8,"orig.ident",0
"14","CNP0000460_P01T",2,0.8,"orig.ident",0.00146198830409357
"15","CNP0000460_P01T",1,0.8,"orig.ident",0.00132450331125828
"singleton","CNP0000460_P01T",0,0.8,"orig.ident",0
"0","CNP0000460_P02N",27,0.8,"orig.ident",0.00184906177235995
"1","CNP0000460_P02N",199,0.8,"orig.ident",0.0172368990905154
"2","CNP0000460_P02N",572,0.8,"orig.ident",0.0503875968992248
"3","CNP0000460_P02N",318,0.8,"orig.ident",0.0288330764348536
"4","CNP0000460_P02N",343,0.8,"orig.ident",0.0323279924599435
"5","CNP0000460_P02N",0,0.8,"orig.ident",0
"6","CNP0000460_P02N",0,0.8,"orig.ident",0
"7","CNP0000460_P02N",152,0.8,"orig.ident",0.0169680732306318
"8","CNP0000460_P02N",0,0.8,"orig.ident",0
"9","CNP0000460_P02N",0,0.8,"orig.ident",0
"10","CNP0000460_P02N",20,0.8,"orig.ident",0.00318674314850223
"11","CNP0000460_P02N",16,0.8,"orig.ident",0.00317838696861343
"12","CNP0000460_P02N",103,0.8,"orig.ident",0.0214583333333333
"13","CNP0000460_P02N",0,0.8,"orig.ident",0
"14","CNP0000460_P02N",67,0.8,"orig.ident",0.0489766081871345
"15","CNP0000460_P02N",0,0.8,"orig.ident",0
"singleton","CNP0000460_P02N",0,0.8,"orig.ident",0
"0","CNP0000460_P02T",50,0.8,"orig.ident",0.00342418846733324
"1","CNP0000460_P02T",319,0.8,"orig.ident",0.0276310090948463
"2","CNP0000460_P02T",401,0.8,"orig.ident",0.0353241719520789
"3","CNP0000460_P02T",568,0.8,"orig.ident",0.0515005893553359
"4","CNP0000460_P02T",180,0.8,"orig.ident",0.0169651272384543
"5","CNP0000460_P02T",0,0.8,"orig.ident",0
"6","CNP0000460_P02T",0,0.8,"orig.ident",0
"7","CNP0000460_P02T",38,0.8,"orig.ident",0.00424201830765796
"8","CNP0000460_P02T",0,0.8,"orig.ident",0
"9","CNP0000460_P02T",0,0.8,"orig.ident",0
"10","CNP0000460_P02T",31,0.8,"orig.ident",0.00493945188017846
"11","CNP0000460_P02T",34,0.8,"orig.ident",0.00675407230830354
"12","CNP0000460_P02T",199,0.8,"orig.ident",0.0414583333333333
"13","CNP0000460_P02T",0,0.8,"orig.ident",0
"14","CNP0000460_P02T",37,0.8,"orig.ident",0.027046783625731
"15","CNP0000460_P02T",0,0.8,"orig.ident",0
"singleton","CNP0000460_P02T",0,0.8,"orig.ident",0
"0","CNP0000460_P03N",141,0.8,"orig.ident",0.00965621147787974
"1","CNP0000460_P03N",493,0.8,"orig.ident",0.042702468601126
"2","CNP0000460_P03N",419,0.8,"orig.ident",0.0369097956307259
"3","CNP0000460_P03N",359,0.8,"orig.ident",0.0325505485538127
"4","CNP0000460_P03N",279,0.8,"orig.ident",0.0262959472196041
"5","CNP0000460_P03N",0,0.8,"orig.ident",0
"6","CNP0000460_P03N",0,0.8,"orig.ident",0
"7","CNP0000460_P03N",123,0.8,"orig.ident",0.0137307434695244
"8","CNP0000460_P03N",0,0.8,"orig.ident",0
"9","CNP0000460_P03N",0,0.8,"orig.ident",0
"10","CNP0000460_P03N",119,0.8,"orig.ident",0.0189611217335883
"11","CNP0000460_P03N",72,0.8,"orig.ident",0.0143027413587604
"12","CNP0000460_P03N",107,0.8,"orig.ident",0.0222916666666667
"13","CNP0000460_P03N",0,0.8,"orig.ident",0
"14","CNP0000460_P03N",14,0.8,"orig.ident",0.010233918128655
"15","CNP0000460_P03N",0,0.8,"orig.ident",0
"singleton","CNP0000460_P03N",0,0.8,"orig.ident",0
"0","CNP0000460_P03T",87,0.8,"orig.ident",0.00595808793315984
"1","CNP0000460_P03T",423,0.8,"orig.ident",0.0366392377652663
"2","CNP0000460_P03T",526,0.8,"orig.ident",0.0463354474982382
"3","CNP0000460_P03T",228,0.8,"orig.ident",0.0206727717834799
"4","CNP0000460_P03T",528,0.8,"orig.ident",0.0497643732327992
"5","CNP0000460_P03T",0,0.8,"orig.ident",0
"6","CNP0000460_P03T",0,0.8,"orig.ident",0
"7","CNP0000460_P03T",136,0.8,"orig.ident",0.0151819602589864
"8","CNP0000460_P03T",0,0.8,"orig.ident",0
"9","CNP0000460_P03T",0,0.8,"orig.ident",0
"10","CNP0000460_P03T",70,0.8,"orig.ident",0.0111536010197578
"11","CNP0000460_P03T",103,0.8,"orig.ident",0.0204608661104489
"12","CNP0000460_P03T",81,0.8,"orig.ident",0.016875
"13","CNP0000460_P03T",0,0.8,"orig.ident",0
"14","CNP0000460_P03T",4,0.8,"orig.ident",0.00292397660818713
"15","CNP0000460_P03T",1,0.8,"orig.ident",0.00132450331125828
"singleton","CNP0000460_P03T",0,0.8,"orig.ident",0
"0","CNP0000460_P04T",535,0.8,"orig.ident",0.0366388166004657
"1","CNP0000460_P04T",241,0.8,"orig.ident",0.0208748375920312
"2","CNP0000460_P04T",326,0.8,"orig.ident",0.0287174066243834
"3","CNP0000460_P04T",367,0.8,"orig.ident",0.0332759089672681
"4","CNP0000460_P04T",262,0.8,"orig.ident",0.024693685202639
"5","CNP0000460_P04T",0,0.8,"orig.ident",0
"6","CNP0000460_P04T",0,0.8,"orig.ident",0
"7","CNP0000460_P04T",365,0.8,"orig.ident",0.040745702165662
"8","CNP0000460_P04T",0,0.8,"orig.ident",0
"9","CNP0000460_P04T",0,0.8,"orig.ident",0
"10","CNP0000460_P04T",82,0.8,"orig.ident",0.0130656469088591
"11","CNP0000460_P04T",66,0.8,"orig.ident",0.0131108462455304
"12","CNP0000460_P04T",129,0.8,"orig.ident",0.026875
"13","CNP0000460_P04T",0,0.8,"orig.ident",0
"14","CNP0000460_P04T",52,0.8,"orig.ident",0.0380116959064327
"15","CNP0000460_P04T",0,0.8,"orig.ident",0
"singleton","CNP0000460_P04T",0,0.8,"orig.ident",0
"0","CNP0000460_P05N",28,0.8,"orig.ident",0.00191754554170662
"1","CNP0000460_P05N",70,0.8,"orig.ident",0.00606323083585968
"2","CNP0000460_P05N",89,0.8,"orig.ident",0.0078400281888654
"3","CNP0000460_P05N",55,0.8,"orig.ident",0.00498685284250612
"4","CNP0000460_P05N",63,0.8,"orig.ident",0.005937794533459
"5","CNP0000460_P05N",0,0.8,"orig.ident",0
"6","CNP0000460_P05N",0,0.8,"orig.ident",0
"7","CNP0000460_P05N",55,0.8,"orig.ident",0.00613976334003126
"8","CNP0000460_P05N",0,0.8,"orig.ident",0
"9","CNP0000460_P05N",0,0.8,"orig.ident",0
"10","CNP0000460_P05N",7,0.8,"orig.ident",0.00111536010197578
"11","CNP0000460_P05N",28,0.8,"orig.ident",0.0055621771950735
"12","CNP0000460_P05N",13,0.8,"orig.ident",0.00270833333333333
"13","CNP0000460_P05N",0,0.8,"orig.ident",0
"14","CNP0000460_P05N",3,0.8,"orig.ident",0.00219298245614035
"15","CNP0000460_P05N",0,0.8,"orig.ident",0
"singleton","CNP0000460_P05N",0,0.8,"orig.ident",0
"0","CNP0000460_P05T",62,0.8,"orig.ident",0.00424599369949322
"1","CNP0000460_P05T",108,0.8,"orig.ident",0.00935469900389779
"2","CNP0000460_P05T",109,0.8,"orig.ident",0.00960183227625088
"3","CNP0000460_P05T",242,0.8,"orig.ident",0.0219421525070269
"4","CNP0000460_P05T",83,0.8,"orig.ident",0.00782280867106503
"5","CNP0000460_P05T",0,0.8,"orig.ident",0
"6","CNP0000460_P05T",0,0.8,"orig.ident",0
"7","CNP0000460_P05T",60,0.8,"orig.ident",0.00669792364367046
"8","CNP0000460_P05T",0,0.8,"orig.ident",0
"9","CNP0000460_P05T",0,0.8,"orig.ident",0
"10","CNP0000460_P05T",15,0.8,"orig.ident",0.00239005736137667
"11","CNP0000460_P05T",23,0.8,"orig.ident",0.0045689312673818
"12","CNP0000460_P05T",23,0.8,"orig.ident",0.00479166666666667
"13","CNP0000460_P05T",0,0.8,"orig.ident",0
"14","CNP0000460_P05T",14,0.8,"orig.ident",0.010233918128655
"15","CNP0000460_P05T",0,0.8,"orig.ident",0
"singleton","CNP0000460_P05T",0,0.8,"orig.ident",0
"0","CNP0000460_P06T",712,0.8,"orig.ident",0.0487604437748254
"1","CNP0000460_P06T",282,0.8,"orig.ident",0.0244261585101776
"2","CNP0000460_P06T",209,0.8,"orig.ident",0.0184108527131783
"3","CNP0000460_P06T",500,0.8,"orig.ident",0.0453350258409647
"4","CNP0000460_P06T",167,0.8,"orig.ident",0.0157398680490104
"5","CNP0000460_P06T",0,0.8,"orig.ident",0
"6","CNP0000460_P06T",0,0.8,"orig.ident",0
"7","CNP0000460_P06T",178,0.8,"orig.ident",0.0198705068095557
"8","CNP0000460_P06T",0,0.8,"orig.ident",0
"9","CNP0000460_P06T",0,0.8,"orig.ident",0
"10","CNP0000460_P06T",118,0.8,"orig.ident",0.0188017845761632
"11","CNP0000460_P06T",30,0.8,"orig.ident",0.00595947556615018
"12","CNP0000460_P06T",127,0.8,"orig.ident",0.0264583333333333
"13","CNP0000460_P06T",0,0.8,"orig.ident",0
"14","CNP0000460_P06T",57,0.8,"orig.ident",0.0416666666666667
"15","CNP0000460_P06T",1,0.8,"orig.ident",0.00132450331125828
"singleton","CNP0000460_P06T",0,0.8,"orig.ident",0
"0","CNP0000460_P07N",29,0.8,"orig.ident",0.00198602931105328
"1","CNP0000460_P07N",287,0.8,"orig.ident",0.0248592464270247
"2","CNP0000460_P07N",234,0.8,"orig.ident",0.0206131078224101
"3","CNP0000460_P07N",91,0.8,"orig.ident",0.00825097470305558
"4","CNP0000460_P07N",207,0.8,"orig.ident",0.0195098963242224
"5","CNP0000460_P07N",0,0.8,"orig.ident",0
"6","CNP0000460_P07N",0,0.8,"orig.ident",0
"7","CNP0000460_P07N",46,0.8,"orig.ident",0.00513507479348069
"8","CNP0000460_P07N",0,0.8,"orig.ident",0
"9","CNP0000460_P07N",0,0.8,"orig.ident",0
"10","CNP0000460_P07N",58,0.8,"orig.ident",0.00924155513065647
"11","CNP0000460_P07N",80,0.8,"orig.ident",0.0158919348430671
"12","CNP0000460_P07N",38,0.8,"orig.ident",0.00791666666666667
"13","CNP0000460_P07N",0,0.8,"orig.ident",0
"14","CNP0000460_P07N",3,0.8,"orig.ident",0.00219298245614035
"15","CNP0000460_P07N",0,0.8,"orig.ident",0
"singleton","CNP0000460_P07N",0,0.8,"orig.ident",0
"0","CNP0000460_P07T",10,0.8,"orig.ident",0.000684837693466648
"1","CNP0000460_P07T",86,0.8,"orig.ident",0.00744911216977046
"2","CNP0000460_P07T",79,0.8,"orig.ident",0.00695912614517266
"3","CNP0000460_P07T",259,0.8,"orig.ident",0.0234835433856197
"4","CNP0000460_P07T",72,0.8,"orig.ident",0.00678605089538172
"5","CNP0000460_P07T",0,0.8,"orig.ident",0
"6","CNP0000460_P07T",0,0.8,"orig.ident",0
"7","CNP0000460_P07T",13,0.8,"orig.ident",0.00145121678946193
"8","CNP0000460_P07T",0,0.8,"orig.ident",0
"9","CNP0000460_P07T",0,0.8,"orig.ident",0
"10","CNP0000460_P07T",54,0.8,"orig.ident",0.00860420650095602
"11","CNP0000460_P07T",32,0.8,"orig.ident",0.00635677393722686
"12","CNP0000460_P07T",19,0.8,"orig.ident",0.00395833333333333
"13","CNP0000460_P07T",0,0.8,"orig.ident",0
"14","CNP0000460_P07T",6,0.8,"orig.ident",0.0043859649122807
"15","CNP0000460_P07T",0,0.8,"orig.ident",0
"singleton","CNP0000460_P07T",0,0.8,"orig.ident",0
"0","GSE326225_BC1",4,0.8,"orig.ident",0.000273935077386659
"1","GSE326225_BC1",6,0.8,"orig.ident",0.000519705500216544
"2","GSE326225_BC1",0,0.8,"orig.ident",0
"3","GSE326225_BC1",4,0.8,"orig.ident",0.000362680206727718
"4","GSE326225_BC1",0,0.8,"orig.ident",0
"5","GSE326225_BC1",0,0.8,"orig.ident",0
"6","GSE326225_BC1",0,0.8,"orig.ident",0
"7","GSE326225_BC1",0,0.8,"orig.ident",0
"8","GSE326225_BC1",0,0.8,"orig.ident",0
"9","GSE326225_BC1",0,0.8,"orig.ident",0
"10","GSE326225_BC1",6,0.8,"orig.ident",0.000956022944550669
"11","GSE326225_BC1",0,0.8,"orig.ident",0
"12","GSE326225_BC1",0,0.8,"orig.ident",0
"13","GSE326225_BC1",0,0.8,"orig.ident",0
"14","GSE326225_BC1",0,0.8,"orig.ident",0
"15","GSE326225_BC1",4,0.8,"orig.ident",0.00529801324503311
"singleton","GSE326225_BC1",0,0.8,"orig.ident",0
"0","GSE326225_BC2",5,0.8,"orig.ident",0.000342418846733324
"1","GSE326225_BC2",8,0.8,"orig.ident",0.000692940666955392
"2","GSE326225_BC2",1,0.8,"orig.ident",8.80902043692741e-05
"3","GSE326225_BC2",2,0.8,"orig.ident",0.000181340103363859
"4","GSE326225_BC2",2,0.8,"orig.ident",0.000188501413760603
"5","GSE326225_BC2",0,0.8,"orig.ident",0
"6","GSE326225_BC2",0,0.8,"orig.ident",0
"7","GSE326225_BC2",0,0.8,"orig.ident",0
"8","GSE326225_BC2",0,0.8,"orig.ident",0
"9","GSE326225_BC2",0,0.8,"orig.ident",0
"10","GSE326225_BC2",11,0.8,"orig.ident",0.00175270873167623
"11","GSE326225_BC2",1,0.8,"orig.ident",0.000198649185538339
"12","GSE326225_BC2",0,0.8,"orig.ident",0
"13","GSE326225_BC2",0,0.8,"orig.ident",0
"14","GSE326225_BC2",0,0.8,"orig.ident",0
"15","GSE326225_BC2",2,0.8,"orig.ident",0.00264900662251656
"singleton","GSE326225_BC2",0,0.8,"orig.ident",0
"0","GSE326225_BC3",3,0.8,"orig.ident",0.000205451308039995
"1","GSE326225_BC3",57,0.8,"orig.ident",0.00493720225205717
"2","GSE326225_BC3",16,0.8,"orig.ident",0.00140944326990839
"3","GSE326225_BC3",26,0.8,"orig.ident",0.00235742134373017
"4","GSE326225_BC3",16,0.8,"orig.ident",0.00150801131008483
"5","GSE326225_BC3",0,0.8,"orig.ident",0
"6","GSE326225_BC3",3,0.8,"orig.ident",0.000325874429719748
"7","GSE326225_BC3",10,0.8,"orig.ident",0.00111632060727841
"8","GSE326225_BC3",0,0.8,"orig.ident",0
"9","GSE326225_BC3",5,0.8,"orig.ident",0.000615081805880182
"10","GSE326225_BC3",8,0.8,"orig.ident",0.00127469725940089
"11","GSE326225_BC3",5,0.8,"orig.ident",0.000993245927691696
"12","GSE326225_BC3",3,0.8,"orig.ident",0.000625
"13","GSE326225_BC3",0,0.8,"orig.ident",0
"14","GSE326225_BC3",0,0.8,"orig.ident",0
"15","GSE326225_BC3",6,0.8,"orig.ident",0.00794701986754967
"singleton","GSE326225_BC3",0,0.8,"orig.ident",0
"0","GSE326225_BC4",750,0.8,"orig.ident",0.0513628270099986
"1","GSE326225_BC4",497,0.8,"orig.ident",0.0430489389346037
"2","GSE326225_BC4",31,0.8,"orig.ident",0.0027307963354475
"3","GSE326225_BC4",348,0.8,"orig.ident",0.0315531779853115
"4","GSE326225_BC4",227,0.8,"orig.ident",0.0213949104618285
"5","GSE326225_BC4",1,0.8,"orig.ident",0.000108225108225108
"6","GSE326225_BC4",0,0.8,"orig.ident",0
"7","GSE326225_BC4",10,0.8,"orig.ident",0.00111632060727841
"8","GSE326225_BC4",0,0.8,"orig.ident",0
"9","GSE326225_BC4",0,0.8,"orig.ident",0
"10","GSE326225_BC4",153,0.8,"orig.ident",0.0243785850860421
"11","GSE326225_BC4",60,0.8,"orig.ident",0.0119189511323004
"12","GSE326225_BC4",80,0.8,"orig.ident",0.0166666666666667
"13","GSE326225_BC4",0,0.8,"orig.ident",0
"14","GSE326225_BC4",21,0.8,"orig.ident",0.0153508771929825
"15","GSE326225_BC4",622,0.8,"orig.ident",0.823841059602649
"singleton","GSE326225_BC4",0,0.8,"orig.ident",0
"0","GSE326225_BC5",1,0.8,"orig.ident",6.84837693466648e-05
"1","GSE326225_BC5",0,0.8,"orig.ident",0
"2","GSE326225_BC5",1,0.8,"orig.ident",8.80902043692741e-05
"3","GSE326225_BC5",0,0.8,"orig.ident",0
"4","GSE326225_BC5",0,0.8,"orig.ident",0
"5","GSE326225_BC5",0,0.8,"orig.ident",0
"6","GSE326225_BC5",0,0.8,"orig.ident",0
"7","GSE326225_BC5",0,0.8,"orig.ident",0
"8","GSE326225_BC5",0,0.8,"orig.ident",0
"9","GSE326225_BC5",0,0.8,"orig.ident",0
"10","GSE326225_BC5",1,0.8,"orig.ident",0.000159337157425112
"11","GSE326225_BC5",0,0.8,"orig.ident",0
"12","GSE326225_BC5",0,0.8,"orig.ident",0
"13","GSE326225_BC5",0,0.8,"orig.ident",0
"14","GSE326225_BC5",0,0.8,"orig.ident",0
"15","GSE326225_BC5",0,0.8,"orig.ident",0
"singleton","GSE326225_BC5",0,0.8,"orig.ident",0
"0","GSE326225_BC6",71,0.8,"orig.ident",0.0048623476236132
"1","GSE326225_BC6",62,0.8,"orig.ident",0.00537029016890429
"2","GSE326225_BC6",41,0.8,"orig.ident",0.00361169837914024
"3","GSE326225_BC6",125,0.8,"orig.ident",0.0113337564602412
"4","GSE326225_BC6",78,0.8,"orig.ident",0.00735155513666353
"5","GSE326225_BC6",2,0.8,"orig.ident",0.000216450216450216
"6","GSE326225_BC6",0,0.8,"orig.ident",0
"7","GSE326225_BC6",3,0.8,"orig.ident",0.000334896182183523
"8","GSE326225_BC6",0,0.8,"orig.ident",0
"9","GSE326225_BC6",0,0.8,"orig.ident",0
"10","GSE326225_BC6",10,0.8,"orig.ident",0.00159337157425112
"11","GSE326225_BC6",33,0.8,"orig.ident",0.0065554231227652
"12","GSE326225_BC6",19,0.8,"orig.ident",0.00395833333333333
"13","GSE326225_BC6",0,0.8,"orig.ident",0
"14","GSE326225_BC6",13,0.8,"orig.ident",0.00950292397660819
"15","GSE326225_BC6",55,0.8,"orig.ident",0.0728476821192053
"singleton","GSE326225_BC6",0,0.8,"orig.ident",0
"0","GSE326225_BC7",15,0.8,"orig.ident",0.00102725654019997
"1","GSE326225_BC7",102,0.8,"orig.ident",0.00883499350368125
"2","GSE326225_BC7",45,0.8,"orig.ident",0.00396405919661734
"3","GSE326225_BC7",7,0.8,"orig.ident",0.000634690361773506
"4","GSE326225_BC7",42,0.8,"orig.ident",0.00395852968897267
"5","GSE326225_BC7",0,0.8,"orig.ident",0
"6","GSE326225_BC7",0,0.8,"orig.ident",0
"7","GSE326225_BC7",8,0.8,"orig.ident",0.000893056485822728
"8","GSE326225_BC7",0,0.8,"orig.ident",0
"9","GSE326225_BC7",0,0.8,"orig.ident",0
"10","GSE326225_BC7",5,0.8,"orig.ident",0.000796685787125558
"11","GSE326225_BC7",8,0.8,"orig.ident",0.00158919348430671
"12","GSE326225_BC7",0,0.8,"orig.ident",0
"13","GSE326225_BC7",0,0.8,"orig.ident",0
"14","GSE326225_BC7",0,0.8,"orig.ident",0
"15","GSE326225_BC7",23,0.8,"orig.ident",0.0304635761589404
"singleton","GSE326225_BC7",0,0.8,"orig.ident",0
"0","GSE326225_BC8",11,0.8,"orig.ident",0.000753321462813313
"1","GSE326225_BC8",158,0.8,"orig.ident",0.013685578172369
"2","GSE326225_BC8",104,0.8,"orig.ident",0.00916138125440451
"3","GSE326225_BC8",41,0.8,"orig.ident",0.00371747211895911
"4","GSE326225_BC8",58,0.8,"orig.ident",0.00546654099905749
"5","GSE326225_BC8",0,0.8,"orig.ident",0
"6","GSE326225_BC8",0,0.8,"orig.ident",0
"7","GSE326225_BC8",5,0.8,"orig.ident",0.000558160303639205
"8","GSE326225_BC8",0,0.8,"orig.ident",0
"9","GSE326225_BC8",2,0.8,"orig.ident",0.000246032722352073
"10","GSE326225_BC8",18,0.8,"orig.ident",0.00286806883365201
"11","GSE326225_BC8",36,0.8,"orig.ident",0.00715137067938021
"12","GSE326225_BC8",10,0.8,"orig.ident",0.00208333333333333
"13","GSE326225_BC8",0,0.8,"orig.ident",0
"14","GSE326225_BC8",0,0.8,"orig.ident",0
"15","GSE326225_BC8",20,0.8,"orig.ident",0.0264900662251656
"singleton","GSE326225_BC8",0,0.8,"orig.ident",0
"0","HRA003620_BC-01",1590,0.8,"orig.ident",0.108889193261197
"1","HRA003620_BC-01",203,0.8,"orig.ident",0.0175833694239931
"2","HRA003620_BC-01",463,0.8,"orig.ident",0.0407857646229739
"3","HRA003620_BC-01",1015,0.8,"orig.ident",0.0920301024571584
"4","HRA003620_BC-01",754,0.8,"orig.ident",0.0710650329877474
"5","HRA003620_BC-01",0,0.8,"orig.ident",0
"6","HRA003620_BC-01",0,0.8,"orig.ident",0
"7","HRA003620_BC-01",898,0.8,"orig.ident",0.100245590533601
"8","HRA003620_BC-01",0,0.8,"orig.ident",0
"9","HRA003620_BC-01",0,0.8,"orig.ident",0
"10","HRA003620_BC-01",189,0.8,"orig.ident",0.0301147227533461
"11","HRA003620_BC-01",170,0.8,"orig.ident",0.0337703615415177
"12","HRA003620_BC-01",321,0.8,"orig.ident",0.066875
"13","HRA003620_BC-01",0,0.8,"orig.ident",0
"14","HRA003620_BC-01",166,0.8,"orig.ident",0.121345029239766
"15","HRA003620_BC-01",2,0.8,"orig.ident",0.00264900662251656
"singleton","HRA003620_BC-01",0,0.8,"orig.ident",0
"0","HRA003620_BC-04",10,0.8,"orig.ident",0.000684837693466648
"1","HRA003620_BC-04",11,0.8,"orig.ident",0.000952793417063664
"2","HRA003620_BC-04",14,0.8,"orig.ident",0.00123326286116984
"3","HRA003620_BC-04",27,0.8,"orig.ident",0.0024480913954121
"4","HRA003620_BC-04",11,0.8,"orig.ident",0.00103675777568332
"5","HRA003620_BC-04",0,0.8,"orig.ident",0
"6","HRA003620_BC-04",0,0.8,"orig.ident",0
"7","HRA003620_BC-04",27,0.8,"orig.ident",0.00301406563965171
"8","HRA003620_BC-04",0,0.8,"orig.ident",0
"9","HRA003620_BC-04",0,0.8,"orig.ident",0
"10","HRA003620_BC-04",20,0.8,"orig.ident",0.00318674314850223
"11","HRA003620_BC-04",12,0.8,"orig.ident",0.00238379022646007
"12","HRA003620_BC-04",14,0.8,"orig.ident",0.00291666666666667
"13","HRA003620_BC-04",0,0.8,"orig.ident",0
"14","HRA003620_BC-04",0,0.8,"orig.ident",0
"15","HRA003620_BC-04",0,0.8,"orig.ident",0
"singleton","HRA003620_BC-04",0,0.8,"orig.ident",0
"0","HRA003620_BC-05",777,0.8,"orig.ident",0.0532118887823586
"1","HRA003620_BC-05",155,0.8,"orig.ident",0.0134257254222607
"2","HRA003620_BC-05",166,0.8,"orig.ident",0.0146229739252995
"3","HRA003620_BC-05",424,0.8,"orig.ident",0.0384441019131381
"4","HRA003620_BC-05",325,0.8,"orig.ident",0.030631479736098
"5","HRA003620_BC-05",0,0.8,"orig.ident",0
"6","HRA003620_BC-05",0,0.8,"orig.ident",0
"7","HRA003620_BC-05",220,0.8,"orig.ident",0.024559053360125
"8","HRA003620_BC-05",0,0.8,"orig.ident",0
"9","HRA003620_BC-05",0,0.8,"orig.ident",0
"10","HRA003620_BC-05",61,0.8,"orig.ident",0.0097195666029318
"11","HRA003620_BC-05",111,0.8,"orig.ident",0.0220500595947557
"12","HRA003620_BC-05",121,0.8,"orig.ident",0.0252083333333333
"13","HRA003620_BC-05",0,0.8,"orig.ident",0
"14","HRA003620_BC-05",41,0.8,"orig.ident",0.0299707602339181
"15","HRA003620_BC-05",1,0.8,"orig.ident",0.00132450331125828
"singleton","HRA003620_BC-05",0,0.8,"orig.ident",0
"0","HRA003620_BC-11",3309,0.8,"orig.ident",0.226612792768114
"1","HRA003620_BC-11",355,0.8,"orig.ident",0.0307492420961455
"2","HRA003620_BC-11",254,0.8,"orig.ident",0.0223749119097956
"3","HRA003620_BC-11",808,0.8,"orig.ident",0.073261401758999
"4","HRA003620_BC-11",406,0.8,"orig.ident",0.0382657869934025
"5","HRA003620_BC-11",0,0.8,"orig.ident",0
"6","HRA003620_BC-11",0,0.8,"orig.ident",0
"7","HRA003620_BC-11",359,0.8,"orig.ident",0.0400759098012949
"8","HRA003620_BC-11",0,0.8,"orig.ident",0
"9","HRA003620_BC-11",0,0.8,"orig.ident",0
"10","HRA003620_BC-11",131,0.8,"orig.ident",0.0208731676226896
"11","HRA003620_BC-11",124,0.8,"orig.ident",0.0246324990067541
"12","HRA003620_BC-11",479,0.8,"orig.ident",0.0997916666666667
"13","HRA003620_BC-11",0,0.8,"orig.ident",0
"14","HRA003620_BC-11",127,0.8,"orig.ident",0.0928362573099415
"15","HRA003620_BC-11",4,0.8,"orig.ident",0.00529801324503311
"singleton","HRA003620_BC-11",0,0.8,"orig.ident",0
"0","HRA003620_BC-24",1121,0.8,"orig.ident",0.0767703054376113
"1","HRA003620_BC-24",857,0.8,"orig.ident",0.0742312689475964
"2","HRA003620_BC-24",345,0.8,"orig.ident",0.0303911205073996
"3","HRA003620_BC-24",66,0.8,"orig.ident",0.00598422341100734
"4","HRA003620_BC-24",383,0.8,"orig.ident",0.0360980207351555
"5","HRA003620_BC-24",0,0.8,"orig.ident",0
"6","HRA003620_BC-24",0,0.8,"orig.ident",0
"7","HRA003620_BC-24",498,0.8,"orig.ident",0.0555927662424648
"8","HRA003620_BC-24",0,0.8,"orig.ident",0
"9","HRA003620_BC-24",0,0.8,"orig.ident",0
"10","HRA003620_BC-24",305,0.8,"orig.ident",0.048597833014659
"11","HRA003620_BC-24",71,0.8,"orig.ident",0.0141040921732221
"12","HRA003620_BC-24",158,0.8,"orig.ident",0.0329166666666667
"13","HRA003620_BC-24",0,0.8,"orig.ident",0
"14","HRA003620_BC-24",5,0.8,"orig.ident",0.00365497076023392
"15","HRA003620_BC-24",0,0.8,"orig.ident",0
"singleton","HRA003620_BC-24",0,0.8,"orig.ident",0
"0","HRA003620_BC-27",460,0.8,"orig.ident",0.0315025338994658
"1","HRA003620_BC-27",276,0.8,"orig.ident",0.023906453009961
"2","HRA003620_BC-27",323,0.8,"orig.ident",0.0284531360112755
"3","HRA003620_BC-27",324,0.8,"orig.ident",0.0293770967449451
"4","HRA003620_BC-27",313,0.8,"orig.ident",0.0295004712535344
"5","HRA003620_BC-27",0,0.8,"orig.ident",0
"6","HRA003620_BC-27",0,0.8,"orig.ident",0
"7","HRA003620_BC-27",288,0.8,"orig.ident",0.0321500334896182
"8","HRA003620_BC-27",0,0.8,"orig.ident",0
"9","HRA003620_BC-27",0,0.8,"orig.ident",0
"10","HRA003620_BC-27",55,0.8,"orig.ident",0.00876354365838113
"11","HRA003620_BC-27",151,0.8,"orig.ident",0.0299960270162892
"12","HRA003620_BC-27",318,0.8,"orig.ident",0.06625
"13","HRA003620_BC-27",0,0.8,"orig.ident",0
"14","HRA003620_BC-27",36,0.8,"orig.ident",0.0263157894736842
"15","HRA003620_BC-27",0,0.8,"orig.ident",0
"singleton","HRA003620_BC-27",1,0.8,"orig.ident",1
"0","HRA003620_BC-30",1098,0.8,"orig.ident",0.075195178742638
"1","HRA003620_BC-30",578,0.8,"orig.ident",0.0500649631875271
"2","HRA003620_BC-30",559,0.8,"orig.ident",0.0492424242424242
"3","HRA003620_BC-30",329,0.8,"orig.ident",0.0298304470033548
"4","HRA003620_BC-30",860,0.8,"orig.ident",0.0810556079170594
"5","HRA003620_BC-30",0,0.8,"orig.ident",0
"6","HRA003620_BC-30",0,0.8,"orig.ident",0
"7","HRA003620_BC-30",208,0.8,"orig.ident",0.0232194686313909
"8","HRA003620_BC-30",0,0.8,"orig.ident",0
"9","HRA003620_BC-30",0,0.8,"orig.ident",0
"10","HRA003620_BC-30",292,0.8,"orig.ident",0.0465264499681326
"11","HRA003620_BC-30",92,0.8,"orig.ident",0.0182757250695272
"12","HRA003620_BC-30",402,0.8,"orig.ident",0.08375
"13","HRA003620_BC-30",0,0.8,"orig.ident",0
"14","HRA003620_BC-30",23,0.8,"orig.ident",0.016812865497076
"15","HRA003620_BC-30",3,0.8,"orig.ident",0.00397350993377483
"singleton","HRA003620_BC-30",0,0.8,"orig.ident",0
"0","HRA003620_NC-01",78,0.8,"orig.ident",0.00534173400903986
"1","HRA003620_NC-01",29,0.8,"orig.ident",0.0025119099177133
"2","HRA003620_NC-01",204,0.8,"orig.ident",0.0179704016913319
"3","HRA003620_NC-01",73,0.8,"orig.ident",0.00661891377278085
"4","HRA003620_NC-01",55,0.8,"orig.ident",0.00518378887841659
"5","HRA003620_NC-01",0,0.8,"orig.ident",0
"6","HRA003620_NC-01",0,0.8,"orig.ident",0
"7","HRA003620_NC-01",57,0.8,"orig.ident",0.00636302746148694
"8","HRA003620_NC-01",0,0.8,"orig.ident",0
"9","HRA003620_NC-01",0,0.8,"orig.ident",0
"10","HRA003620_NC-01",34,0.8,"orig.ident",0.00541746335245379
"11","HRA003620_NC-01",94,0.8,"orig.ident",0.0186730234406039
"12","HRA003620_NC-01",24,0.8,"orig.ident",0.005
"13","HRA003620_NC-01",0,0.8,"orig.ident",0
"14","HRA003620_NC-01",15,0.8,"orig.ident",0.0109649122807018
"15","HRA003620_NC-01",0,0.8,"orig.ident",0
"singleton","HRA003620_NC-01",0,0.8,"orig.ident",0
"0","HRA003620_NC-04",17,0.8,"orig.ident",0.0011642240788933
"1","HRA003620_NC-04",48,0.8,"orig.ident",0.00415764400173235
"2","HRA003620_NC-04",74,0.8,"orig.ident",0.00651867512332629
"3","HRA003620_NC-04",16,0.8,"orig.ident",0.00145072082691087
"4","HRA003620_NC-04",33,0.8,"orig.ident",0.00311027332704995
"5","HRA003620_NC-04",0,0.8,"orig.ident",0
"6","HRA003620_NC-04",0,0.8,"orig.ident",0
"7","HRA003620_NC-04",75,0.8,"orig.ident",0.00837240455458808
"8","HRA003620_NC-04",0,0.8,"orig.ident",0
"9","HRA003620_NC-04",0,0.8,"orig.ident",0
"10","HRA003620_NC-04",29,0.8,"orig.ident",0.00462077756532823
"11","HRA003620_NC-04",36,0.8,"orig.ident",0.00715137067938021
"12","HRA003620_NC-04",60,0.8,"orig.ident",0.0125
"13","HRA003620_NC-04",0,0.8,"orig.ident",0
"14","HRA003620_NC-04",2,0.8,"orig.ident",0.00146198830409357
"15","HRA003620_NC-04",0,0.8,"orig.ident",0
"singleton","HRA003620_NC-04",0,0.8,"orig.ident",0
"0","HRA003620_NC-05",450,0.8,"orig.ident",0.0308176962059992
"1","HRA003620_NC-05",86,0.8,"orig.ident",0.00744911216977046
"2","HRA003620_NC-05",199,0.8,"orig.ident",0.0175299506694856
"3","HRA003620_NC-05",427,0.8,"orig.ident",0.0387161120681839
"4","HRA003620_NC-05",444,0.8,"orig.ident",0.0418473138548539
"5","HRA003620_NC-05",0,0.8,"orig.ident",0
"6","HRA003620_NC-05",0,0.8,"orig.ident",0
"7","HRA003620_NC-05",197,0.8,"orig.ident",0.0219915159633847
"8","HRA003620_NC-05",0,0.8,"orig.ident",0
"9","HRA003620_NC-05",0,0.8,"orig.ident",0
"10","HRA003620_NC-05",76,0.8,"orig.ident",0.0121096239643085
"11","HRA003620_NC-05",104,0.8,"orig.ident",0.0206595152959873
"12","HRA003620_NC-05",151,0.8,"orig.ident",0.0314583333333333
"13","HRA003620_NC-05",0,0.8,"orig.ident",0
"14","HRA003620_NC-05",63,0.8,"orig.ident",0.0460526315789474
"15","HRA003620_NC-05",1,0.8,"orig.ident",0.00132450331125828
"singleton","HRA003620_NC-05",0,0.8,"orig.ident",0
"0","HRA003620_NC-11",631,0.8,"orig.ident",0.0432132584577455
"1","HRA003620_NC-11",76,0.8,"orig.ident",0.00658293633607622
"2","HRA003620_NC-11",271,0.8,"orig.ident",0.0238724453840733
"3","HRA003620_NC-11",309,0.8,"orig.ident",0.0280170459697162
"4","HRA003620_NC-11",429,0.8,"orig.ident",0.0404335532516494
"5","HRA003620_NC-11",0,0.8,"orig.ident",0
"6","HRA003620_NC-11",0,0.8,"orig.ident",0
"7","HRA003620_NC-11",413,0.8,"orig.ident",0.0461040410805983
"8","HRA003620_NC-11",0,0.8,"orig.ident",0
"9","HRA003620_NC-11",0,0.8,"orig.ident",0
"10","HRA003620_NC-11",529,0.8,"orig.ident",0.084289356277884
"11","HRA003620_NC-11",119,0.8,"orig.ident",0.0236392530790624
"12","HRA003620_NC-11",746,0.8,"orig.ident",0.155416666666667
"13","HRA003620_NC-11",0,0.8,"orig.ident",0
"14","HRA003620_NC-11",107,0.8,"orig.ident",0.0782163742690059
"15","HRA003620_NC-11",0,0.8,"orig.ident",0
"singleton","HRA003620_NC-11",0,0.8,"orig.ident",0
"0","HRA003620_NC-24",183,0.8,"orig.ident",0.0125325297904397
"1","HRA003620_NC-24",314,0.8,"orig.ident",0.0271979211779991
"2","HRA003620_NC-24",254,0.8,"orig.ident",0.0223749119097956
"3","HRA003620_NC-24",9,0.8,"orig.ident",0.000816030465137365
"4","HRA003620_NC-24",198,0.8,"orig.ident",0.0186616399622997
"5","HRA003620_NC-24",0,0.8,"orig.ident",0
"6","HRA003620_NC-24",0,0.8,"orig.ident",0
"7","HRA003620_NC-24",477,0.8,"orig.ident",0.0532484929671802
"8","HRA003620_NC-24",0,0.8,"orig.ident",0
"9","HRA003620_NC-24",0,0.8,"orig.ident",0
"10","HRA003620_NC-24",7,0.8,"orig.ident",0.00111536010197578
"11","HRA003620_NC-24",43,0.8,"orig.ident",0.00854191497814859
"12","HRA003620_NC-24",9,0.8,"orig.ident",0.001875
"13","HRA003620_NC-24",0,0.8,"orig.ident",0
"14","HRA003620_NC-24",0,0.8,"orig.ident",0
"15","HRA003620_NC-24",0,0.8,"orig.ident",0
"singleton","HRA003620_NC-24",0,0.8,"orig.ident",0
"0","HRA003620_NC-27",198,0.8,"orig.ident",0.0135597863306396
"1","HRA003620_NC-27",779,0.8,"orig.ident",0.0674750974447813
"2","HRA003620_NC-27",493,0.8,"orig.ident",0.0434284707540522
"3","HRA003620_NC-27",24,0.8,"orig.ident",0.00217608124036631
"4","HRA003620_NC-27",368,0.8,"orig.ident",0.034684260131951
"5","HRA003620_NC-27",0,0.8,"orig.ident",0
"6","HRA003620_NC-27",0,0.8,"orig.ident",0
"7","HRA003620_NC-27",983,0.8,"orig.ident",0.109734315695468
"8","HRA003620_NC-27",0,0.8,"orig.ident",0
"9","HRA003620_NC-27",0,0.8,"orig.ident",0
"10","HRA003620_NC-27",31,0.8,"orig.ident",0.00493945188017846
"11","HRA003620_NC-27",223,0.8,"orig.ident",0.0442987683750497
"12","HRA003620_NC-27",27,0.8,"orig.ident",0.005625
"13","HRA003620_NC-27",0,0.8,"orig.ident",0
"14","HRA003620_NC-27",10,0.8,"orig.ident",0.00730994152046784
"15","HRA003620_NC-27",1,0.8,"orig.ident",0.00132450331125828
"singleton","HRA003620_NC-27",0,0.8,"orig.ident",0
"0","HRA003620_NC-30",102,0.8,"orig.ident",0.00698534447335981
"1","HRA003620_NC-30",291,0.8,"orig.ident",0.0252057167605024
"2","HRA003620_NC-30",1074,0.8,"orig.ident",0.0946088794926004
"3","HRA003620_NC-30",434,0.8,"orig.ident",0.0393508024299574
"4","HRA003620_NC-30",435,0.8,"orig.ident",0.0409990574929312
"5","HRA003620_NC-30",0,0.8,"orig.ident",0
"6","HRA003620_NC-30",0,0.8,"orig.ident",0
"7","HRA003620_NC-30",658,0.8,"orig.ident",0.0734538959589194
"8","HRA003620_NC-30",0,0.8,"orig.ident",0
"9","HRA003620_NC-30",0,0.8,"orig.ident",0
"10","HRA003620_NC-30",178,0.8,"orig.ident",0.0283620140216699
"11","HRA003620_NC-30",198,0.8,"orig.ident",0.0393325387365912
"12","HRA003620_NC-30",218,0.8,"orig.ident",0.0454166666666667
"13","HRA003620_NC-30",0,0.8,"orig.ident",0
"14","HRA003620_NC-30",57,0.8,"orig.ident",0.0416666666666667
"15","HRA003620_NC-30",0,0.8,"orig.ident",0
"singleton","HRA003620_NC-30",0,0.8,"orig.ident",0
"0","PRJNA662018_PRJNA662018_P1N1",64,0.8,"orig.ident",0.00438296123818655
"1","PRJNA662018_PRJNA662018_P1N1",150,0.8,"orig.ident",0.0129926375054136
"2","PRJNA662018_PRJNA662018_P1N1",416,0.8,"orig.ident",0.036645525017618
"3","PRJNA662018_PRJNA662018_P1N1",209,0.8,"orig.ident",0.0189500408015233
"4","PRJNA662018_PRJNA662018_P1N1",270,0.8,"orig.ident",0.0254476908576814
"5","PRJNA662018_PRJNA662018_P1N1",0,0.8,"orig.ident",0
"6","PRJNA662018_PRJNA662018_P1N1",0,0.8,"orig.ident",0
"7","PRJNA662018_PRJNA662018_P1N1",191,0.8,"orig.ident",0.0213217235990176
"8","PRJNA662018_PRJNA662018_P1N1",0,0.8,"orig.ident",0
"9","PRJNA662018_PRJNA662018_P1N1",0,0.8,"orig.ident",0
"10","PRJNA662018_PRJNA662018_P1N1",131,0.8,"orig.ident",0.0208731676226896
"11","PRJNA662018_PRJNA662018_P1N1",50,0.8,"orig.ident",0.00993245927691696
"12","PRJNA662018_PRJNA662018_P1N1",58,0.8,"orig.ident",0.0120833333333333
"13","PRJNA662018_PRJNA662018_P1N1",0,0.8,"orig.ident",0
"14","PRJNA662018_PRJNA662018_P1N1",45,0.8,"orig.ident",0.0328947368421053
"15","PRJNA662018_PRJNA662018_P1N1",0,0.8,"orig.ident",0
"singleton","PRJNA662018_PRJNA662018_P1N1",0,0.8,"orig.ident",0
"0","PRJNA662018_PRJNA662018_P1T1",257,0.8,"orig.ident",0.0176003287220929
"1","PRJNA662018_PRJNA662018_P1T1",316,0.8,"orig.ident",0.027371156344738
"2","PRJNA662018_PRJNA662018_P1T1",558,0.8,"orig.ident",0.049154334038055
"3","PRJNA662018_PRJNA662018_P1T1",264,0.8,"orig.ident",0.0239368936440294
"4","PRJNA662018_PRJNA662018_P1T1",457,0.8,"orig.ident",0.0430725730442978
"5","PRJNA662018_PRJNA662018_P1T1",0,0.8,"orig.ident",0
"6","PRJNA662018_PRJNA662018_P1T1",0,0.8,"orig.ident",0
"7","PRJNA662018_PRJNA662018_P1T1",518,0.8,"orig.ident",0.0578254074570217
"8","PRJNA662018_PRJNA662018_P1T1",0,0.8,"orig.ident",0
"9","PRJNA662018_PRJNA662018_P1T1",0,0.8,"orig.ident",0
"10","PRJNA662018_PRJNA662018_P1T1",217,0.8,"orig.ident",0.0345761631612492
"11","PRJNA662018_PRJNA662018_P1T1",125,0.8,"orig.ident",0.0248311481922924
"12","PRJNA662018_PRJNA662018_P1T1",121,0.8,"orig.ident",0.0252083333333333
"13","PRJNA662018_PRJNA662018_P1T1",0,0.8,"orig.ident",0
"14","PRJNA662018_PRJNA662018_P1T1",62,0.8,"orig.ident",0.0453216374269006
"15","PRJNA662018_PRJNA662018_P1T1",0,0.8,"orig.ident",0
"singleton","PRJNA662018_PRJNA662018_P1T1",0,0.8,"orig.ident",0
"0","PRJNA662018_PRJNA662018_P2T2",526,0.8,"orig.ident",0.0360224626763457
"1","PRJNA662018_PRJNA662018_P2T2",422,0.8,"orig.ident",0.0365526201818969
"2","PRJNA662018_PRJNA662018_P2T2",512,0.8,"orig.ident",0.0451021846370684
"3","PRJNA662018_PRJNA662018_P2T2",588,0.8,"orig.ident",0.0533139903889745
"4","PRJNA662018_PRJNA662018_P2T2",497,0.8,"orig.ident",0.0468426013195099
"5","PRJNA662018_PRJNA662018_P2T2",0,0.8,"orig.ident",0
"6","PRJNA662018_PRJNA662018_P2T2",0,0.8,"orig.ident",0
"7","PRJNA662018_PRJNA662018_P2T2",635,0.8,"orig.ident",0.0708863585621791
"8","PRJNA662018_PRJNA662018_P2T2",0,0.8,"orig.ident",0
"9","PRJNA662018_PRJNA662018_P2T2",0,0.8,"orig.ident",0
"10","PRJNA662018_PRJNA662018_P2T2",328,0.8,"orig.ident",0.0522625876354366
"11","PRJNA662018_PRJNA662018_P2T2",141,0.8,"orig.ident",0.0280095351609058
"12","PRJNA662018_PRJNA662018_P2T2",172,0.8,"orig.ident",0.0358333333333333
"13","PRJNA662018_PRJNA662018_P2T2",0,0.8,"orig.ident",0
"14","PRJNA662018_PRJNA662018_P2T2",71,0.8,"orig.ident",0.0519005847953216
"15","PRJNA662018_PRJNA662018_P2T2",0,0.8,"orig.ident",0
"singleton","PRJNA662018_PRJNA662018_P2T2",0,0.8,"orig.ident",0
"0","PRJNA662018_PRJNA662018_P3N3",42,0.8,"orig.ident",0.00287631831255992
"1","PRJNA662018_PRJNA662018_P3N3",485,0.8,"orig.ident",0.0420095279341706
"2","PRJNA662018_PRJNA662018_P3N3",510,0.8,"orig.ident",0.0449260042283298
"3","PRJNA662018_PRJNA662018_P3N3",119,0.8,"orig.ident",0.0107897361501496
"4","PRJNA662018_PRJNA662018_P3N3",364,0.8,"orig.ident",0.0343072573044298
"5","PRJNA662018_PRJNA662018_P3N3",0,0.8,"orig.ident",0
"6","PRJNA662018_PRJNA662018_P3N3",0,0.8,"orig.ident",0
"7","PRJNA662018_PRJNA662018_P3N3",367,0.8,"orig.ident",0.0409689662871177
"8","PRJNA662018_PRJNA662018_P3N3",0,0.8,"orig.ident",0
"9","PRJNA662018_PRJNA662018_P3N3",0,0.8,"orig.ident",0
"10","PRJNA662018_PRJNA662018_P3N3",40,0.8,"orig.ident",0.00637348629700446
"11","PRJNA662018_PRJNA662018_P3N3",65,0.8,"orig.ident",0.0129121970599921
"12","PRJNA662018_PRJNA662018_P3N3",75,0.8,"orig.ident",0.015625
"13","PRJNA662018_PRJNA662018_P3N3",0,0.8,"orig.ident",0
"14","PRJNA662018_PRJNA662018_P3N3",30,0.8,"orig.ident",0.0219298245614035
"15","PRJNA662018_PRJNA662018_P3N3",1,0.8,"orig.ident",0.00132450331125828
"singleton","PRJNA662018_PRJNA662018_P3N3",0,0.8,"orig.ident",0
"0","PRJNA662018_PRJNA662018_P3T3",124,0.8,"orig.ident",0.00849198739898644
"1","PRJNA662018_PRJNA662018_P3T3",174,0.8,"orig.ident",0.0150714595062798
"2","PRJNA662018_PRJNA662018_P3T3",238,0.8,"orig.ident",0.0209654686398872
"3","PRJNA662018_PRJNA662018_P3T3",441,0.8,"orig.ident",0.0399854927917309
"4","PRJNA662018_PRJNA662018_P3T3",364,0.8,"orig.ident",0.0343072573044298
"5","PRJNA662018_PRJNA662018_P3T3",0,0.8,"orig.ident",0
"6","PRJNA662018_PRJNA662018_P3T3",0,0.8,"orig.ident",0
"7","PRJNA662018_PRJNA662018_P3T3",183,0.8,"orig.ident",0.0204286671131949
"8","PRJNA662018_PRJNA662018_P3T3",0,0.8,"orig.ident",0
"9","PRJNA662018_PRJNA662018_P3T3",0,0.8,"orig.ident",0
"10","PRJNA662018_PRJNA662018_P3T3",81,0.8,"orig.ident",0.012906309751434
"11","PRJNA662018_PRJNA662018_P3T3",55,0.8,"orig.ident",0.0109257052046087
"12","PRJNA662018_PRJNA662018_P3T3",86,0.8,"orig.ident",0.0179166666666667
"13","PRJNA662018_PRJNA662018_P3T3",0,0.8,"orig.ident",0
"14","PRJNA662018_PRJNA662018_P3T3",82,0.8,"orig.ident",0.0599415204678363
"15","PRJNA662018_PRJNA662018_P3T3",0,0.8,"orig.ident",0
"singleton","PRJNA662018_PRJNA662018_P3T3",0,0.8,"orig.ident",0
"0","PRJNA662018_PRJNA662018_P4T4",544,0.8,"orig.ident",0.0372551705245857
"1","PRJNA662018_PRJNA662018_P4T4",694,0.8,"orig.ident",0.0601126028583802
"2","PRJNA662018_PRJNA662018_P4T4",219,0.8,"orig.ident",0.019291754756871
"3","PRJNA662018_PRJNA662018_P4T4",426,0.8,"orig.ident",0.0386254420165019
"4","PRJNA662018_PRJNA662018_P4T4",208,0.8,"orig.ident",0.0196041470311027
"5","PRJNA662018_PRJNA662018_P4T4",0,0.8,"orig.ident",0
"6","PRJNA662018_PRJNA662018_P4T4",0,0.8,"orig.ident",0
"7","PRJNA662018_PRJNA662018_P4T4",8,0.8,"orig.ident",0.000893056485822728
"8","PRJNA662018_PRJNA662018_P4T4",0,0.8,"orig.ident",0
"9","PRJNA662018_PRJNA662018_P4T4",0,0.8,"orig.ident",0
"10","PRJNA662018_PRJNA662018_P4T4",129,0.8,"orig.ident",0.0205544933078394
"11","PRJNA662018_PRJNA662018_P4T4",143,0.8,"orig.ident",0.0284068335319825
"12","PRJNA662018_PRJNA662018_P4T4",112,0.8,"orig.ident",0.0233333333333333
"13","PRJNA662018_PRJNA662018_P4T4",0,0.8,"orig.ident",0
"14","PRJNA662018_PRJNA662018_P4T4",37,0.8,"orig.ident",0.027046783625731
"15","PRJNA662018_PRJNA662018_P4T4",6,0.8,"orig.ident",0.00794701986754967
"singleton","PRJNA662018_PRJNA662018_P4T4",0,0.8,"orig.ident",0
"0","PRJNA662018_PRJNA662018_P5T5",3,0.8,"orig.ident",0.000205451308039995
"1","PRJNA662018_PRJNA662018_P5T5",80,0.8,"orig.ident",0.00692940666955392
"2","PRJNA662018_PRJNA662018_P5T5",24,0.8,"orig.ident",0.00211416490486258
"3","PRJNA662018_PRJNA662018_P5T5",5,0.8,"orig.ident",0.000453350258409647
"4","PRJNA662018_PRJNA662018_P5T5",27,0.8,"orig.ident",0.00254476908576814
"5","PRJNA662018_PRJNA662018_P5T5",0,0.8,"orig.ident",0
"6","PRJNA662018_PRJNA662018_P5T5",0,0.8,"orig.ident",0
"7","PRJNA662018_PRJNA662018_P5T5",8,0.8,"orig.ident",0.000893056485822728
"8","PRJNA662018_PRJNA662018_P5T5",0,0.8,"orig.ident",0
"9","PRJNA662018_PRJNA662018_P5T5",0,0.8,"orig.ident",0
"10","PRJNA662018_PRJNA662018_P5T5",3,0.8,"orig.ident",0.000478011472275335
"11","PRJNA662018_PRJNA662018_P5T5",0,0.8,"orig.ident",0
"12","PRJNA662018_PRJNA662018_P5T5",3,0.8,"orig.ident",0.000625
"13","PRJNA662018_PRJNA662018_P5T5",0,0.8,"orig.ident",0
"14","PRJNA662018_PRJNA662018_P5T5",2,0.8,"orig.ident",0.00146198830409357
"15","PRJNA662018_PRJNA662018_P5T5",0,0.8,"orig.ident",0
"singleton","PRJNA662018_PRJNA662018_P5T5",0,0.8,"orig.ident",0
"0","PRJNA662018_PRJNA662018_P6N2",29,0.8,"orig.ident",0.00198602931105328
"1","PRJNA662018_PRJNA662018_P6N2",161,0.8,"orig.ident",0.0139454309224773
"2","PRJNA662018_PRJNA662018_P6N2",384,0.8,"orig.ident",0.0338266384778013
"3","PRJNA662018_PRJNA662018_P6N2",366,0.8,"orig.ident",0.0331852389155862
"4","PRJNA662018_PRJNA662018_P6N2",309,0.8,"orig.ident",0.0291234684260132
"5","PRJNA662018_PRJNA662018_P6N2",0,0.8,"orig.ident",0
"6","PRJNA662018_PRJNA662018_P6N2",0,0.8,"orig.ident",0
"7","PRJNA662018_PRJNA662018_P6N2",148,0.8,"orig.ident",0.0165215449877205
"8","PRJNA662018_PRJNA662018_P6N2",0,0.8,"orig.ident",0
"9","PRJNA662018_PRJNA662018_P6N2",0,0.8,"orig.ident",0
"10","PRJNA662018_PRJNA662018_P6N2",43,0.8,"orig.ident",0.0068514977692798
"11","PRJNA662018_PRJNA662018_P6N2",52,0.8,"orig.ident",0.0103297576479936
"12","PRJNA662018_PRJNA662018_P6N2",63,0.8,"orig.ident",0.013125
"13","PRJNA662018_PRJNA662018_P6N2",0,0.8,"orig.ident",0
"14","PRJNA662018_PRJNA662018_P6N2",47,0.8,"orig.ident",0.0343567251461988
"15","PRJNA662018_PRJNA662018_P6N2",0,0.8,"orig.ident",0
"singleton","PRJNA662018_PRJNA662018_P6N2",0,0.8,"orig.ident",0
"0","PRJNA662018_PRJNA662018_P6T6",0,0.8,"orig.ident",0
"1","PRJNA662018_PRJNA662018_P6T6",12,0.8,"orig.ident",0.00103941100043309
"2","PRJNA662018_PRJNA662018_P6T6",7,0.8,"orig.ident",0.000616631430584919
"3","PRJNA662018_PRJNA662018_P6T6",1,0.8,"orig.ident",9.06700516819295e-05
"4","PRJNA662018_PRJNA662018_P6T6",2,0.8,"orig.ident",0.000188501413760603
"5","PRJNA662018_PRJNA662018_P6T6",0,0.8,"orig.ident",0
"6","PRJNA662018_PRJNA662018_P6T6",0,0.8,"orig.ident",0
"7","PRJNA662018_PRJNA662018_P6T6",3,0.8,"orig.ident",0.000334896182183523
"8","PRJNA662018_PRJNA662018_P6T6",0,0.8,"orig.ident",0
"9","PRJNA662018_PRJNA662018_P6T6",0,0.8,"orig.ident",0
"10","PRJNA662018_PRJNA662018_P6T6",0,0.8,"orig.ident",0
"11","PRJNA662018_PRJNA662018_P6T6",3,0.8,"orig.ident",0.000595947556615018
"12","PRJNA662018_PRJNA662018_P6T6",1,0.8,"orig.ident",0.000208333333333333
"13","PRJNA662018_PRJNA662018_P6T6",0,0.8,"orig.ident",0
"14","PRJNA662018_PRJNA662018_P6T6",0,0.8,"orig.ident",0
"15","PRJNA662018_PRJNA662018_P6T6",0,0.8,"orig.ident",0
"singleton","PRJNA662018_PRJNA662018_P6T6",0,0.8,"orig.ident",0
"0","PRJNA662018_PRJNA662018_P7T7",50,0.8,"orig.ident",0.00342418846733324
"1","PRJNA662018_PRJNA662018_P7T7",194,0.8,"orig.ident",0.0168038111736683
"2","PRJNA662018_PRJNA662018_P7T7",204,0.8,"orig.ident",0.0179704016913319
"3","PRJNA662018_PRJNA662018_P7T7",273,0.8,"orig.ident",0.0247529241091667
"4","PRJNA662018_PRJNA662018_P7T7",136,0.8,"orig.ident",0.012818096135721
"5","PRJNA662018_PRJNA662018_P7T7",0,0.8,"orig.ident",0
"6","PRJNA662018_PRJNA662018_P7T7",0,0.8,"orig.ident",0
"7","PRJNA662018_PRJNA662018_P7T7",157,0.8,"orig.ident",0.017526233534271
"8","PRJNA662018_PRJNA662018_P7T7",0,0.8,"orig.ident",0
"9","PRJNA662018_PRJNA662018_P7T7",0,0.8,"orig.ident",0
"10","PRJNA662018_PRJNA662018_P7T7",9,0.8,"orig.ident",0.001434034416826
"11","PRJNA662018_PRJNA662018_P7T7",29,0.8,"orig.ident",0.00576082638061184
"12","PRJNA662018_PRJNA662018_P7T7",26,0.8,"orig.ident",0.00541666666666667
"13","PRJNA662018_PRJNA662018_P7T7",0,0.8,"orig.ident",0
"14","PRJNA662018_PRJNA662018_P7T7",10,0.8,"orig.ident",0.00730994152046784
"15","PRJNA662018_PRJNA662018_P7T7",1,0.8,"orig.ident",0.00132450331125828
"singleton","PRJNA662018_PRJNA662018_P7T7",0,0.8,"orig.ident",0
"0","PRJNA662018_PRJNA662018_P8T8",0,0.8,"orig.ident",0
"1","PRJNA662018_PRJNA662018_P8T8",2,0.8,"orig.ident",0.000173235166738848
"2","PRJNA662018_PRJNA662018_P8T8",0,0.8,"orig.ident",0
"3","PRJNA662018_PRJNA662018_P8T8",10,0.8,"orig.ident",0.000906700516819295
"4","PRJNA662018_PRJNA662018_P8T8",0,0.8,"orig.ident",0
"5","PRJNA662018_PRJNA662018_P8T8",0,0.8,"orig.ident",0
"6","PRJNA662018_PRJNA662018_P8T8",0,0.8,"orig.ident",0
"7","PRJNA662018_PRJNA662018_P8T8",1,0.8,"orig.ident",0.000111632060727841
"8","PRJNA662018_PRJNA662018_P8T8",0,0.8,"orig.ident",0
"9","PRJNA662018_PRJNA662018_P8T8",0,0.8,"orig.ident",0
"10","PRJNA662018_PRJNA662018_P8T8",6,0.8,"orig.ident",0.000956022944550669
"11","PRJNA662018_PRJNA662018_P8T8",0,0.8,"orig.ident",0
"12","PRJNA662018_PRJNA662018_P8T8",1,0.8,"orig.ident",0.000208333333333333
"13","PRJNA662018_PRJNA662018_P8T8",0,0.8,"orig.ident",0
"14","PRJNA662018_PRJNA662018_P8T8",1,0.8,"orig.ident",0.000730994152046784
"15","PRJNA662018_PRJNA662018_P8T8",0,0.8,"orig.ident",0
"singleton","PRJNA662018_PRJNA662018_P8T8",0,0.8,"orig.ident",0
"0","T4091568",0,0.8,"orig.ident",0
"1","T4091568",37,0.8,"orig.ident",0.00320485058466869
"2","T4091568",0,0.8,"orig.ident",0
"3","T4091568",8,0.8,"orig.ident",0.000725360413455436
"4","T4091568",0,0.8,"orig.ident",0
"5","T4091568",354,0.8,"orig.ident",0.0383116883116883
"6","T4091568",752,0.8,"orig.ident",0.0816858570497502
"7","T4091568",0,0.8,"orig.ident",0
"8","T4091568",366,0.8,"orig.ident",0.0419869221062292
"9","T4091568",637,0.8,"orig.ident",0.0783614220691352
"10","T4091568",71,0.8,"orig.ident",0.0113129381771829
"11","T4091568",109,0.8,"orig.ident",0.021652761223679
"12","T4091568",0,0.8,"orig.ident",0
"13","T4091568",116,0.8,"orig.ident",0.0371318822023047
"14","T4091568",0,0.8,"orig.ident",0
"15","T4091568",0,0.8,"orig.ident",0
"singleton","T4091568",0,0.8,"orig.ident",0
"0","T4295396",0,0.8,"orig.ident",0
"1","T4295396",28,0.8,"orig.ident",0.00242529233434387
"2","T4295396",0,0.8,"orig.ident",0
"3","T4295396",6,0.8,"orig.ident",0.000544020310091577
"4","T4295396",0,0.8,"orig.ident",0
"5","T4295396",786,0.8,"orig.ident",0.0850649350649351
"6","T4295396",764,0.8,"orig.ident",0.0829893547686292
"7","T4295396",0,0.8,"orig.ident",0
"8","T4295396",968,0.8,"orig.ident",0.111047378685328
"9","T4295396",833,0.8,"orig.ident",0.102472628859638
"10","T4295396",245,0.8,"orig.ident",0.0390376035691523
"11","T4295396",106,0.8,"orig.ident",0.021056813667064
"12","T4295396",1,0.8,"orig.ident",0.000208333333333333
"13","T4295396",752,0.8,"orig.ident",0.240717029449424
"14","T4295396",11,0.8,"orig.ident",0.00804093567251462
"15","T4295396",0,0.8,"orig.ident",0
"singleton","T4295396",0,0.8,"orig.ident",0
"0","T4380845",0,0.8,"orig.ident",0
"1","T4380845",14,0.8,"orig.ident",0.00121264616717194
"2","T4380845",0,0.8,"orig.ident",0
"3","T4380845",4,0.8,"orig.ident",0.000362680206727718
"4","T4380845",0,0.8,"orig.ident",0
"5","T4380845",302,0.8,"orig.ident",0.0326839826839827
"6","T4380845",589,0.8,"orig.ident",0.0639800130349772
"7","T4380845",0,0.8,"orig.ident",0
"8","T4380845",528,0.8,"orig.ident",0.0605712974647241
"9","T4380845",271,0.8,"orig.ident",0.0333374338787059
"10","T4380845",57,0.8,"orig.ident",0.00908221797323136
"11","T4380845",108,0.8,"orig.ident",0.0214541120381406
"12","T4380845",0,0.8,"orig.ident",0
"13","T4380845",169,0.8,"orig.ident",0.0540973111395647
"14","T4380845",3,0.8,"orig.ident",0.00219298245614035
"15","T4380845",0,0.8,"orig.ident",0
"singleton","T4380845",0,0.8,"orig.ident",0
"0","T4398343",0,0.8,"orig.ident",0
"1","T4398343",52,0.8,"orig.ident",0.00450411433521005
"2","T4398343",0,0.8,"orig.ident",0
"3","T4398343",17,0.8,"orig.ident",0.0015413908785928
"4","T4398343",0,0.8,"orig.ident",0
"5","T4398343",1664,0.8,"orig.ident",0.18008658008658
"6","T4398343",754,0.8,"orig.ident",0.0819031066695633
"7","T4398343",0,0.8,"orig.ident",0
"8","T4398343",714,0.8,"orig.ident",0.0819089136170701
"9","T4398343",985,0.8,"orig.ident",0.121171115758396
"10","T4398343",444,0.8,"orig.ident",0.0707456978967495
"11","T4398343",242,0.8,"orig.ident",0.0480731029002781
"12","T4398343",0,0.8,"orig.ident",0
"13","T4398343",598,0.8,"orig.ident",0.191421254801536
"14","T4398343",6,0.8,"orig.ident",0.0043859649122807
"15","T4398343",0,0.8,"orig.ident",0
"singleton","T4398343",0,0.8,"orig.ident",0
"0","T4450398",0,0.8,"orig.ident",0
"1","T4450398",123,0.8,"orig.ident",0.0106539627544392
"2","T4450398",0,0.8,"orig.ident",0
"3","T4450398",34,0.8,"orig.ident",0.0030827817571856
"4","T4450398",0,0.8,"orig.ident",0
"5","T4450398",930,0.8,"orig.ident",0.100649350649351
"6","T4450398",1358,0.8,"orig.ident",0.147512491853139
"7","T4450398",0,0.8,"orig.ident",0
"8","T4450398",1712,0.8,"orig.ident",0.196397843294711
"9","T4450398",1242,0.8,"orig.ident",0.152786320580637
"10","T4450398",192,0.8,"orig.ident",0.0305927342256214
"11","T4450398",86,0.8,"orig.ident",0.0170838299562972
"12","T4450398",0,0.8,"orig.ident",0
"13","T4450398",293,0.8,"orig.ident",0.0937900128040973
"14","T4450398",1,0.8,"orig.ident",0.000730994152046784
"15","T4450398",0,0.8,"orig.ident",0
"singleton","T4450398",0,0.8,"orig.ident",0
"0","T4463209a",0,0.8,"orig.ident",0
"1","T4463209a",29,0.8,"orig.ident",0.0025119099177133
"2","T4463209a",0,0.8,"orig.ident",0
"3","T4463209a",39,0.8,"orig.ident",0.00353613201559525
"4","T4463209a",0,0.8,"orig.ident",0
"5","T4463209a",1549,0.8,"orig.ident",0.167640692640693
"6","T4463209a",471,0.8,"orig.ident",0.0511622854660004
"7","T4463209a",0,0.8,"orig.ident",0
"8","T4463209a",1129,0.8,"orig.ident",0.129517035677412
"9","T4463209a",315,0.8,"orig.ident",0.0387501537704515
"10","T4463209a",324,0.8,"orig.ident",0.0516252390057361
"11","T4463209a",299,0.8,"orig.ident",0.0593961064759634
"12","T4463209a",0,0.8,"orig.ident",0
"13","T4463209a",483,0.8,"orig.ident",0.15460947503201
"14","T4463209a",9,0.8,"orig.ident",0.00657894736842105
"15","T4463209a",0,0.8,"orig.ident",0
"singleton","T4463209a",0,0.8,"orig.ident",0
"0","T4463209b",0,0.8,"orig.ident",0
"1","T4463209b",34,0.8,"orig.ident",0.00294499783456042
"2","T4463209b",0,0.8,"orig.ident",0
"3","T4463209b",15,0.8,"orig.ident",0.00136005077522894
"4","T4463209b",0,0.8,"orig.ident",0
"5","T4463209b",486,0.8,"orig.ident",0.0525974025974026
"6","T4463209b",743,0.8,"orig.ident",0.0807082337605909
"7","T4463209b",0,0.8,"orig.ident",0
"8","T4463209b",385,0.8,"orig.ident",0.044166571068028
"9","T4463209b",522,0.8,"orig.ident",0.064214540533891
"10","T4463209b",212,0.8,"orig.ident",0.0337794773741236
"11","T4463209b",181,0.8,"orig.ident",0.0359555025824394
"12","T4463209b",0,0.8,"orig.ident",0
"13","T4463209b",252,0.8,"orig.ident",0.0806658130601793
"14","T4463209b",2,0.8,"orig.ident",0.00146198830409357
"15","T4463209b",0,0.8,"orig.ident",0
"singleton","T4463209b",0,0.8,"orig.ident",0
"0","T4465219",0,0.8,"orig.ident",0
"1","T4465219",168,0.8,"orig.ident",0.0145517540060632
"2","T4465219",1,0.8,"orig.ident",8.80902043692741e-05
"3","T4465219",14,0.8,"orig.ident",0.00126938072354701
"4","T4465219",9,0.8,"orig.ident",0.000848256361922714
"5","T4465219",126,0.8,"orig.ident",0.0136363636363636
"6","T4465219",219,0.8,"orig.ident",0.0237888333695416
"7","T4465219",0,0.8,"orig.ident",0
"8","T4465219",68,0.8,"orig.ident",0.00780084891591144
"9","T4465219",167,0.8,"orig.ident",0.0205437323163981
"10","T4465219",410,0.8,"orig.ident",0.0653282345442957
"11","T4465219",164,0.8,"orig.ident",0.0325784664282876
"12","T4465219",10,0.8,"orig.ident",0.00208333333333333
"13","T4465219",16,0.8,"orig.ident",0.00512163892445583
"14","T4465219",0,0.8,"orig.ident",0
"15","T4465219",0,0.8,"orig.ident",0
"singleton","T4465219",0,0.8,"orig.ident",0
"0","T4465935",1,0.8,"orig.ident",6.84837693466648e-05
"1","T4465935",58,0.8,"orig.ident",0.00502381983542659
"2","T4465935",0,0.8,"orig.ident",0
"3","T4465935",27,0.8,"orig.ident",0.0024480913954121
"4","T4465935",0,0.8,"orig.ident",0
"5","T4465935",813,0.8,"orig.ident",0.087987012987013
"6","T4465935",376,0.8,"orig.ident",0.0408429285248751
"7","T4465935",0,0.8,"orig.ident",0
"8","T4465935",270,0.8,"orig.ident",0.0309739589308248
"9","T4465935",875,0.8,"orig.ident",0.107639316029032
"10","T4465935",76,0.8,"orig.ident",0.0121096239643085
"11","T4465935",117,0.8,"orig.ident",0.0232419547079857
"12","T4465935",0,0.8,"orig.ident",0
"13","T4465935",121,0.8,"orig.ident",0.0387323943661972
"14","T4465935",0,0.8,"orig.ident",0
"15","T4465935",0,0.8,"orig.ident",0
"singleton","T4465935",0,0.8,"orig.ident",0
"0","T4466585",0,0.8,"orig.ident",0
"1","T4466585",19,0.8,"orig.ident",0.00164573408401906
"2","T4466585",0,0.8,"orig.ident",0
"3","T4466585",5,0.8,"orig.ident",0.000453350258409647
"4","T4466585",0,0.8,"orig.ident",0
"5","T4466585",225,0.8,"orig.ident",0.0243506493506494
"6","T4466585",255,0.8,"orig.ident",0.0276993265261786
"7","T4466585",0,0.8,"orig.ident",0
"8","T4466585",131,0.8,"orig.ident",0.0150281059997706
"9","T4466585",430,0.8,"orig.ident",0.0528970353056957
"10","T4466585",31,0.8,"orig.ident",0.00493945188017846
"11","T4466585",29,0.8,"orig.ident",0.00576082638061184
"12","T4466585",0,0.8,"orig.ident",0
"13","T4466585",45,0.8,"orig.ident",0.014404609475032
"14","T4466585",0,0.8,"orig.ident",0
"15","T4466585",0,0.8,"orig.ident",0
"singleton","T4466585",0,0.8,"orig.ident",0
"0","T4469479",0,0.8,"orig.ident",0
"1","T4469479",53,0.8,"orig.ident",0.00459073191857947
"2","T4469479",0,0.8,"orig.ident",0
"3","T4469479",32,0.8,"orig.ident",0.00290144165382174
"4","T4469479",0,0.8,"orig.ident",0
"5","T4469479",678,0.8,"orig.ident",0.0733766233766234
"6","T4469479",762,0.8,"orig.ident",0.082772105148816
"7","T4469479",0,0.8,"orig.ident",0
"8","T4469479",387,0.8,"orig.ident",0.0443960078008489
"9","T4469479",551,0.8,"orig.ident",0.0677820150079961
"10","T4469479",106,0.8,"orig.ident",0.0168897386870618
"11","T4469479",89,0.8,"orig.ident",0.0176797775129122
"12","T4469479",0,0.8,"orig.ident",0
"13","T4469479",75,0.8,"orig.ident",0.0240076824583867
"14","T4469479",0,0.8,"orig.ident",0
"15","T4469479",0,0.8,"orig.ident",0
"singleton","T4469479",0,0.8,"orig.ident",0
"0","T4471438",0,0.8,"orig.ident",0
"1","T4471438",76,0.8,"orig.ident",0.00658293633607622
"2","T4471438",0,0.8,"orig.ident",0
"3","T4471438",28,0.8,"orig.ident",0.00253876144709403
"4","T4471438",0,0.8,"orig.ident",0
"5","T4471438",946,0.8,"orig.ident",0.102380952380952
"6","T4471438",1802,0.8,"orig.ident",0.195741907451662
"7","T4471438",0,0.8,"orig.ident",0
"8","T4471438",1646,0.8,"orig.ident",0.188826431111621
"9","T4471438",927,0.8,"orig.ident",0.114036166810186
"10","T4471438",83,0.8,"orig.ident",0.0132249840662843
"11","T4471438",459,0.8,"orig.ident",0.0911799761620977
"12","T4471438",0,0.8,"orig.ident",0
"13","T4471438",108,0.8,"orig.ident",0.0345710627400768
"14","T4471438",0,0.8,"orig.ident",0
"15","T4471438",0,0.8,"orig.ident",0
"singleton","T4471438",0,0.8,"orig.ident",0
"0","T8009218",0,0.8,"orig.ident",0
"1","T8009218",24,0.8,"orig.ident",0.00207882200086618
"2","T8009218",0,0.8,"orig.ident",0
"3","T8009218",15,0.8,"orig.ident",0.00136005077522894
"4","T8009218",0,0.8,"orig.ident",0
"5","T8009218",378,0.8,"orig.ident",0.0409090909090909
"6","T8009218",358,0.8,"orig.ident",0.0388876819465566
"7","T8009218",0,0.8,"orig.ident",0
"8","T8009218",413,0.8,"orig.ident",0.0473786853275209
"9","T8009218",367,0.8,"orig.ident",0.0451470045516054
"10","T8009218",235,0.8,"orig.ident",0.0374442319949012
"11","T8009218",74,0.8,"orig.ident",0.0147000397298371
"12","T8009218",0,0.8,"orig.ident",0
"13","T8009218",96,0.8,"orig.ident",0.030729833546735
"14","T8009218",0,0.8,"orig.ident",0
"15","T8009218",0,0.8,"orig.ident",0
"singleton","T8009218",0,0.8,"orig.ident",0
"0","Normal",2200,0.8,"T_stage",0.150664292562663
"1","Normal",4018,0.8,"T_stage",0.348029449978346
"2","Normal",5547,0.8,"T_stage",0.488636363636364
"3","Normal",2996,0.8,"T_stage",0.271647474839061
"4","Normal",4108,0.8,"T_stage",0.387181903864279
"5","Normal",0,0.8,"T_stage",0
"6","Normal",0,0.8,"T_stage",0
"7","Normal",4101,0.8,"T_stage",0.457803081044876
"8","Normal",0,0.8,"T_stage",0
"9","Normal",0,0.8,"T_stage",0
"10","Normal",1351,0.8,"T_stage",0.215264499681326
"11","Normal",1304,0.8,"T_stage",0.259038537941994
"12","Normal",1753,0.8,"T_stage",0.365208333333333
"13","Normal",0,0.8,"T_stage",0
"14","Normal",467,0.8,"T_stage",0.341374269005848
"15","Normal",3,0.8,"T_stage",0.00397350993377483
"singleton","Normal",0,0.8,"T_stage",0
"0","T1",2390,0.8,"T_stage",0.163676208738529
"1","T1",1924,0.8,"T_stage",0.166652230402772
"2","T1",1482,0.8,"T_stage",0.130549682875264
"3","T1",1377,0.8,"T_stage",0.124852661166017
"4","T1",1463,0.8,"T_stage",0.137888784165881
"5","T1",0,0.8,"T_stage",0
"6","T1",0,0.8,"T_stage",0
"7","T1",1113,0.8,"T_stage",0.124246483590087
"8","T1",0,0.8,"T_stage",0
"9","T1",0,0.8,"T_stage",0
"10","T1",602,0.8,"T_stage",0.0959209687699171
"11","T1",387,0.8,"T_stage",0.0768772348033373
"12","T1",703,0.8,"T_stage",0.146458333333333
"13","T1",0,0.8,"T_stage",0
"14","T1",108,0.8,"T_stage",0.0789473684210526
"15","T1",2,0.8,"T_stage",0.00264900662251656
"singleton","T1",1,0.8,"T_stage",1
"0","T2",329,0.8,"T_stage",0.0225311601150527
"1","T2",1086,0.8,"T_stage",0.0940666955391945
"2","T2",540,0.8,"T_stage",0.047568710359408
"3","T2",1042,0.8,"T_stage",0.0944781938525705
"4","T2",307,0.8,"T_stage",0.0289349670122526
"5","T2",6881,0.8,"T_stage",0.74469696969697
"6","T2",5529,0.8,"T_stage",0.600586573973496
"7","T2",118,0.8,"T_stage",0.0131725831658852
"8","T2",5905,0.8,"T_stage",0.67741195365378
"9","T2",5640,0.8,"T_stage",0.693812277032845
"10","T2",2068,0.8,"T_stage",0.329509241555131
"11","T2",1398,0.8,"T_stage",0.277711561382598
"12","T2",244,0.8,"T_stage",0.0508333333333333
"13","T2",2729,0.8,"T_stage",0.873559539052497
"14","T2",85,0.8,"T_stage",0.0621345029239766
"15","T2",1,0.8,"T_stage",0.00132450331125828
"singleton","T2",0,0.8,"T_stage",0
"0","T3",3223,0.8,"T_stage",0.220723188604301
"1","T3",1046,0.8,"T_stage",0.0906019922044175
"2","T3",1348,0.8,"T_stage",0.118745595489782
"3","T3",1726,0.8,"T_stage",0.15649650920301
"4","T3",1876,0.8,"T_stage",0.176814326107446
"5","T3",378,0.8,"T_stage",0.0409090909090909
"6","T3",358,0.8,"T_stage",0.0388876819465566
"7","T3",1471,0.8,"T_stage",0.164210761330654
"8","T3",413,0.8,"T_stage",0.0473786853275209
"9","T3",367,0.8,"T_stage",0.0451470045516054
"10","T3",798,0.8,"T_stage",0.127151051625239
"11","T3",402,0.8,"T_stage",0.0798569725864124
"12","T3",852,0.8,"T_stage",0.1775
"13","T3",96,0.8,"T_stage",0.030729833546735
"14","T3",241,0.8,"T_stage",0.176169590643275
"15","T3",5,0.8,"T_stage",0.00662251655629139
"singleton","T3",0,0.8,"T_stage",0
"0","T4",787,0.8,"T_stage",0.0538967264758252
"1","T4",332,0.8,"T_stage",0.0287570376786488
"2","T4",180,0.8,"T_stage",0.0158562367864693
"3","T4",519,0.8,"T_stage",0.0470577568229214
"4","T4",336,0.8,"T_stage",0.0316682375117813
"5","T4",1978,0.8,"T_stage",0.214069264069264
"6","T4",3316,0.8,"T_stage",0.360199869650228
"7","T4",247,0.8,"T_stage",0.0275731189997767
"8","T4",2399,0.8,"T_stage",0.275209361018699
"9","T4",2115,0.8,"T_stage",0.260179603887317
"10","T4",341,0.8,"T_stage",0.054333970681963
"11","T4",780,0.8,"T_stage",0.154946364719905
"12","T4",135,0.8,"T_stage",0.028125
"13","T4",299,0.8,"T_stage",0.0957106274007682
"14","T4",41,0.8,"T_stage",0.0299707602339181
"15","T4",1,0.8,"T_stage",0.00132450331125828
"singleton","T4",0,0.8,"T_stage",0
"0","Ta",3309,0.8,"T_stage",0.226612792768114
"1","Ta",355,0.8,"T_stage",0.0307492420961455
"2","Ta",254,0.8,"T_stage",0.0223749119097956
"3","Ta",808,0.8,"T_stage",0.073261401758999
"4","Ta",406,0.8,"T_stage",0.0382657869934025
"5","Ta",0,0.8,"T_stage",0
"6","Ta",0,0.8,"T_stage",0
"7","Ta",359,0.8,"T_stage",0.0400759098012949
"8","Ta",0,0.8,"T_stage",0
"9","Ta",0,0.8,"T_stage",0
"10","Ta",131,0.8,"T_stage",0.0208731676226896
"11","Ta",124,0.8,"T_stage",0.0246324990067541
"12","Ta",479,0.8,"T_stage",0.0997916666666667
"13","Ta",0,0.8,"T_stage",0
"14","Ta",127,0.8,"T_stage",0.0928362573099415
"15","Ta",4,0.8,"T_stage",0.00529801324503311
"singleton","Ta",0,0.8,"T_stage",0
"0",NA,2364,0.8,"T_stage",0.161895630735516
"1",NA,2784,0.8,"T_stage",0.241143352100476
"2",NA,2001,0.8,"T_stage",0.176268498942918
"3",NA,2561,0.8,"T_stage",0.232206002357421
"4",NA,2114,0.8,"T_stage",0.199245994344958
"5",NA,3,0.8,"T_stage",0.000324675324675325
"6",NA,3,0.8,"T_stage",0.000325874429719748
"7",NA,1549,0.8,"T_stage",0.172918062067426
"8",NA,0,0.8,"T_stage",0
"9",NA,7,0.8,"T_stage",0.000861114528232255
"10",NA,985,0.8,"T_stage",0.156947100063735
"11",NA,639,0.8,"T_stage",0.126936829558999
"12",NA,634,0.8,"T_stage",0.132083333333333
"13",NA,0,0.8,"T_stage",0
"14",NA,299,0.8,"T_stage",0.218567251461988
"15",NA,739,0.8,"T_stage",0.978807947019868
"singleton",NA,0,0.8,"T_stage",0
"0","N0",8725,0.8,"N_stage",0.597520887549651
"1","N0",3632,0.8,"N_stage",0.314595062797748
"2","N0",3311,0.8,"N_stage",0.291666666666667
"3","N0",4437,0.8,"N_stage",0.402303019312721
"4","N0",3792,0.8,"N_stage",0.357398680490104
"5","N0",0,0.8,"N_stage",0
"6","N0",0,0.8,"N_stage",0
"7","N0",2723,0.8,"N_stage",0.303974101361911
"8","N0",0,0.8,"N_stage",0
"9","N0",0,0.8,"N_stage",0
"10","N0",1311,0.8,"N_stage",0.208891013384321
"11","N0",851,0.8,"N_stage",0.169050456893127
"12","N0",2152,0.8,"N_stage",0.448333333333333
"13","N0",0,0.8,"N_stage",0
"14","N0",477,0.8,"N_stage",0.348684210526316
"15","N0",12,0.8,"N_stage",0.0158940397350993
"singleton","N0",1,0.8,"N_stage",1
"0","N2",777,0.8,"N_stage",0.0532118887823586
"1","N2",155,0.8,"N_stage",0.0134257254222607
"2","N2",166,0.8,"N_stage",0.0146229739252995
"3","N2",424,0.8,"N_stage",0.0384441019131381
"4","N2",325,0.8,"N_stage",0.030631479736098
"5","N2",0,0.8,"N_stage",0
"6","N2",0,0.8,"N_stage",0
"7","N2",220,0.8,"N_stage",0.024559053360125
"8","N2",0,0.8,"N_stage",0
"9","N2",0,0.8,"N_stage",0
"10","N2",61,0.8,"N_stage",0.0097195666029318
"11","N2",111,0.8,"N_stage",0.0220500595947557
"12","N2",121,0.8,"N_stage",0.0252083333333333
"13","N2",0,0.8,"N_stage",0
"14","N2",41,0.8,"N_stage",0.0299707602339181
"15","N2",1,0.8,"N_stage",0.00132450331125828
"singleton","N2",0,0.8,"N_stage",0
"0","N3",535,0.8,"N_stage",0.0366388166004657
"1","N3",241,0.8,"N_stage",0.0208748375920312
"2","N3",326,0.8,"N_stage",0.0287174066243834
"3","N3",367,0.8,"N_stage",0.0332759089672681
"4","N3",262,0.8,"N_stage",0.024693685202639
"5","N3",0,0.8,"N_stage",0
"6","N3",0,0.8,"N_stage",0
"7","N3",365,0.8,"N_stage",0.040745702165662
"8","N3",0,0.8,"N_stage",0
"9","N3",0,0.8,"N_stage",0
"10","N3",82,0.8,"N_stage",0.0130656469088591
"11","N3",66,0.8,"N_stage",0.0131108462455304
"12","N3",129,0.8,"N_stage",0.026875
"13","N3",0,0.8,"N_stage",0
"14","N3",52,0.8,"N_stage",0.0380116959064327
"15","N3",0,0.8,"N_stage",0
"singleton","N3",0,0.8,"N_stage",0
"0","Normal",2200,0.8,"N_stage",0.150664292562663
"1","Normal",4018,0.8,"N_stage",0.348029449978346
"2","Normal",5547,0.8,"N_stage",0.488636363636364
"3","Normal",2996,0.8,"N_stage",0.271647474839061
"4","Normal",4108,0.8,"N_stage",0.387181903864279
"5","Normal",0,0.8,"N_stage",0
"6","Normal",0,0.8,"N_stage",0
"7","Normal",4101,0.8,"N_stage",0.457803081044876
"8","Normal",0,0.8,"N_stage",0
"9","Normal",0,0.8,"N_stage",0
"10","Normal",1351,0.8,"N_stage",0.215264499681326
"11","Normal",1304,0.8,"N_stage",0.259038537941994
"12","Normal",1753,0.8,"N_stage",0.365208333333333
"13","Normal",0,0.8,"N_stage",0
"14","Normal",467,0.8,"N_stage",0.341374269005848
"15","Normal",3,0.8,"N_stage",0.00397350993377483
"singleton","Normal",0,0.8,"N_stage",0
"0",NA,2365,0.8,"N_stage",0.161964114504862
"1",NA,3499,0.8,"N_stage",0.303074924209615
"2",NA,2002,0.8,"N_stage",0.176356589147287
"3",NA,2805,0.8,"N_stage",0.254329494967812
"4",NA,2123,0.8,"N_stage",0.20009425070688
"5",NA,9240,0.8,"N_stage",1
"6",NA,9206,0.8,"N_stage",1
"7",NA,1549,0.8,"N_stage",0.172918062067426
"8",NA,8717,0.8,"N_stage",1
"9",NA,8129,0.8,"N_stage",1
"10",NA,3471,0.8,"N_stage",0.553059273422562
"11",NA,2702,0.8,"N_stage",0.536750099324593
"12",NA,645,0.8,"N_stage",0.134375
"13",NA,3124,0.8,"N_stage",1
"14",NA,331,0.8,"N_stage",0.241959064327485
"15",NA,739,0.8,"N_stage",0.978807947019868
"singleton",NA,0,0.8,"N_stage",0
"0","M0",9260,0.8,"M_stage",0.634159704150116
"1","M0",3873,0.8,"M_stage",0.335469900389779
"2","M0",3637,0.8,"M_stage",0.32038407329105
"3","M0",4804,0.8,"M_stage",0.435578928279989
"4","M0",4054,0.8,"M_stage",0.382092365692743
"5","M0",0,0.8,"M_stage",0
"6","M0",0,0.8,"M_stage",0
"7","M0",3088,0.8,"M_stage",0.344719803527573
"8","M0",0,0.8,"M_stage",0
"9","M0",0,0.8,"M_stage",0
"10","M0",1393,0.8,"M_stage",0.22195666029318
"11","M0",917,0.8,"M_stage",0.182161303138657
"12","M0",2281,0.8,"M_stage",0.475208333333333
"13","M0",0,0.8,"M_stage",0
"14","M0",529,0.8,"M_stage",0.386695906432749
"15","M0",12,0.8,"M_stage",0.0158940397350993
"singleton","M0",1,0.8,"M_stage",1
"0","Normal",2200,0.8,"M_stage",0.150664292562663
"1","Normal",4018,0.8,"M_stage",0.348029449978346
"2","Normal",5547,0.8,"M_stage",0.488636363636364
"3","Normal",2996,0.8,"M_stage",0.271647474839061
"4","Normal",4108,0.8,"M_stage",0.387181903864279
"5","Normal",0,0.8,"M_stage",0
"6","Normal",0,0.8,"M_stage",0
"7","Normal",4101,0.8,"M_stage",0.457803081044876
"8","Normal",0,0.8,"M_stage",0
"9","Normal",0,0.8,"M_stage",0
"10","Normal",1351,0.8,"M_stage",0.215264499681326
"11","Normal",1304,0.8,"M_stage",0.259038537941994
"12","Normal",1753,0.8,"M_stage",0.365208333333333
"13","Normal",0,0.8,"M_stage",0
"14","Normal",467,0.8,"M_stage",0.341374269005848
"15","Normal",3,0.8,"M_stage",0.00397350993377483
"singleton","Normal",0,0.8,"M_stage",0
"0",NA,3142,0.8,"M_stage",0.215176003287221
"1",NA,3654,0.8,"M_stage",0.316500649631875
"2",NA,2168,0.8,"M_stage",0.190979563072586
"3",NA,3229,0.8,"M_stage",0.29277359688095
"4",NA,2448,0.8,"M_stage",0.230725730442978
"5",NA,9240,0.8,"M_stage",1
"6",NA,9206,0.8,"M_stage",1
"7",NA,1769,0.8,"M_stage",0.197477115427551
"8",NA,8717,0.8,"M_stage",1
"9",NA,8129,0.8,"M_stage",1
"10",NA,3532,0.8,"M_stage",0.562778840025494
"11",NA,2813,0.8,"M_stage",0.558800158919348
"12",NA,766,0.8,"M_stage",0.159583333333333
"13",NA,3124,0.8,"M_stage",1
"14",NA,372,0.8,"M_stage",0.271929824561404
"15",NA,740,0.8,"M_stage",0.980132450331126
"singleton",NA,0,0.8,"M_stage",0
"0","MIBC",5252,0.8,"Type",0.359676756608684
"1","MIBC",3642,0.8,"Type",0.315461238631442
"2","MIBC",2542,0.8,"Type",0.223925299506695
"3","MIBC",4129,0.8,"Type",0.374376643394687
"4","MIBC",3107,0.8,"Type",0.292836946277097
"5","MIBC",9240,0.8,"Type",1
"6","MIBC",9206,0.8,"Type",1
"7","MIBC",2041,0.8,"Type",0.227841035945524
"8","MIBC",8717,0.8,"Type",1
"9","MIBC",8129,0.8,"Type",1
"10","MIBC",3437,0.8,"Type",0.547641810070108
"11","MIBC",2755,0.8,"Type",0.547278506158125
"12","MIBC",1374,0.8,"Type",0.28625
"13","MIBC",3124,0.8,"Type",1
"14","MIBC",414,0.8,"Type",0.302631578947368
"15","MIBC",740,0.8,"Type",0.980132450331126
"singleton","MIBC",0,0.8,"Type",0
"0","NMIBC",7150,0.8,"Type",0.489658950828654
"1","NMIBC",3885,0.8,"Type",0.336509311390212
"2","NMIBC",3263,0.8,"Type",0.287438336856942
"3","NMIBC",3904,0.8,"Type",0.353975881766253
"4","NMIBC",3395,0.8,"Type",0.319981149858624
"5","NMIBC",0,0.8,"Type",0
"6","NMIBC",0,0.8,"Type",0
"7","NMIBC",2816,0.8,"Type",0.3143558830096
"8","NMIBC",0,0.8,"Type",0
"9","NMIBC",0,0.8,"Type",0
"10","NMIBC",1488,0.8,"Type",0.237093690248566
"11","NMIBC",975,0.8,"Type",0.193682955899881
"12","NMIBC",1673,0.8,"Type",0.348541666666667
"13","NMIBC",0,0.8,"Type",0
"14","NMIBC",487,0.8,"Type",0.355994152046784
"15","NMIBC",12,0.8,"Type",0.0158940397350993
"singleton","NMIBC",1,0.8,"Type",1
"0","Normal",2200,0.8,"Type",0.150664292562663
"1","Normal",4018,0.8,"Type",0.348029449978346
"2","Normal",5547,0.8,"Type",0.488636363636364
"3","Normal",2996,0.8,"Type",0.271647474839061
"4","Normal",4108,0.8,"Type",0.387181903864279
"5","Normal",0,0.8,"Type",0
"6","Normal",0,0.8,"Type",0
"7","Normal",4101,0.8,"Type",0.457803081044876
"8","Normal",0,0.8,"Type",0
"9","Normal",0,0.8,"Type",0
"10","Normal",1351,0.8,"Type",0.215264499681326
"11","Normal",1304,0.8,"Type",0.259038537941994
"12","Normal",1753,0.8,"Type",0.365208333333333
"13","Normal",0,0.8,"Type",0
"14","Normal",467,0.8,"Type",0.341374269005848
"15","Normal",3,0.8,"Type",0.00397350993377483
"singleton","Normal",0,0.8,"Type",0
