"p_val","avg_log2FC","pct.1","pct.2","p_val_adj","cluster","gene"
3.50555491873048e-280,4.05229487789039,0.146,0.008,3.15538503789849e-275,"0","GABRA2"
1.8329009744303e-263,2.92622216254929,0.268,0.047,1.64981249609446e-258,"0","SEMA3E"
3.9078518409677e-227,2.69969909665505,0.304,0.073,3.51749652057343e-222,"0","NPHS1"
0,2.58496136842432,0.747,0.228,0,"0","IL6"
5.90199039749694e-139,2.5565441005701,0.171,0.035,5.31244057669097e-134,"0","ALDH1A2"
8.87070410171629e-118,2.52646300535288,0.154,0.034,7.98460946899585e-113,"0","ENSG00000265799"
2.53687790780907e-252,2.49329242210172,0.33,0.078,2.28346917359802e-247,"0","ENSG00000288520"
1.50362503585385e-93,2.41745193950666,0.122,0.026,1.35342793102241e-88,"0","CADM3"
3.81694448584554e-72,2.41275181994176,0.112,0.028,3.43566990115443e-67,"0","ENSG00000301622"
5.69754558542633e-173,2.3933756574497,0.29,0.084,5.1284177568981e-168,"0","ENSG00000249175"
7.72841799487437e-155,2.3829533096023,0.18,0.035,6.95642632136637e-150,"0","ENSG00000228521"
2.83412839351746e-178,2.38077638400853,0.26,0.066,2.551027308289e-173,"0","ENSG00000240291"
1.04840309587865e-243,2.33254868866563,0.284,0.057,9.43678110631334e-239,"0","ENSG00000288775"
2.00977543874063e-76,2.30944356789266,0.102,0.022,1.80901897016483e-71,"0","ENSG00000286872"
1.76859183124798e-126,2.26752436013429,0.359,0.152,1.59192719322462e-121,"0","G0S2"
3.28510015596914e-82,2.25794190349589,0.177,0.058,2.95695150138938e-77,"0","ENSG00000289009"
4.11709693665031e-293,2.23998939793506,0.487,0.156,3.70584012364831e-288,"0","ENSG00000255872"
2.64100943109709e-118,2.23629521243423,0.156,0.034,2.3771989990248e-113,"0","IL12RB2"
8.09053190686425e-146,2.21782139383806,0.235,0.064,7.28236867468758e-141,"0","ENSG00000255202"
5.05818172975112e-228,2.16967362167089,0.358,0.101,4.55291995676628e-223,"0","SNHG26"
7.57356835033865e-104,2.15451895540751,0.163,0.042,6.81704460782333e-99,"0","ENSG00000305396"
7.0512605379118e-219,2.14054157897085,0.401,0.127,6.34691012277979e-214,"0","SERPINE3"
0,2.11764282007644,0.607,0.19,0,"0","CSF3"
2.59450498499458e-79,2.05501990051244,0.125,0.031,2.33533988204347e-74,"0","SNX32"
3.76315362038621e-273,2.01919686806623,0.511,0.179,3.38725220524583e-268,"0","ICAM4"
0,2.0137837861,0.584,0.204,0,"0","HLA-DQA2"
6.19804702031796e-76,1.98591457562345,0.123,0.032,5.5789241034584e-71,"0","PCDH10"
5.57829326313849e-95,1.9801587866281,0.152,0.039,5.02107754908359e-90,"0","SGMS1-AS1"
4.4967822238321e-209,1.9713945737546,0.4,0.132,4.04759864749351e-204,"0","SAMD4A-AS1"
6.54329077361813e-78,1.97138693791568,0.116,0.028,5.88968145824142e-73,"0","ENSG00000299357"
1.25113881772209e-131,1.96870200402386,0.174,0.038,1.12616256121983e-126,"0","ENSG00000302785"
3.46847679485512e-221,1.95603735325431,0.385,0.116,3.12201064781704e-216,"0","LRG1"
2.07530715919848e-273,1.94488635218636,0.467,0.141,1.86800472706615e-268,"0","CCL23"
4.40177374239841e-138,1.93789496298033,0.305,0.106,3.96208056327023e-133,"0","ERI2"
4.13604777026047e-115,1.92806354180239,0.12,0.02,3.72289795848915e-110,"0","DSG2"
0,1.90516033321189,0.975,0.471,0,"0","ACKR1"
1.71715770188599e-87,1.90244733960487,0.147,0.039,1.5456308190446e-82,"0","ENSG00000255886"
9.96194551265544e-95,1.90030763681402,0.176,0.051,8.96684677539629e-90,"0","MCF2"
3.99610714237309e-84,1.89244528732522,0.119,0.027,3.59693599992144e-79,"0","MLPH"
9.74731843029965e-61,1.86972695776868,0.102,0.027,8.77365879229701e-56,"0","EPHA7"
1.81116710840502e-81,1.83810601618048,0.119,0.028,1.63024962594645e-76,"0","PLEKHG6"
2.35265446404723e-278,1.83667555674826,0.803,0.44,2.11764780963355e-273,"0","CCL2"
5.80146389092564e-79,1.82667014421323,0.177,0.059,5.22195566286108e-74,"0","CYP2U1-AS1"
1.40141207871515e-112,1.80942718947158,0.236,0.076,1.26142502617229e-107,"0","ENSG00000259986"
6.57668399039274e-202,1.8022217723898,0.523,0.223,5.91973902659241e-197,"0","ADAMTS9-AS1"
1.12629978684707e-108,1.79414061309767,0.196,0.056,1.01379370113891e-103,"0","CPNE8-AS1"
1.39400658826386e-74,1.79349882971738,0.142,0.042,1.25475927016218e-69,"0","ICAM5"
7.07913857395402e-87,1.79007126053082,0.191,0.063,6.37200342180175e-82,"0","EPOP"
7.27228744442858e-186,1.78771726637493,0.389,0.133,6.54585865160461e-181,"0","CBR3"
3.2316593803697e-66,1.78541684172041,0.161,0.056,2.90884892486457e-61,"0","ACTR3-AS1"
0,1.78492645286674,0.941,0.443,0,"0","CLU"
1.35117166698132e-300,1.78413138884859,0.749,0.393,1.21620312916656e-295,"0","ADAMTS4"
1.09424575666227e-81,1.78306211204941,0.16,0.048,9.84941548029278e-77,"0","DEPDC1B"
3.61629786977515e-47,1.76813050341374,0.14,0.055,3.25506587556331e-42,"0","OVCH1"
0,1.76661878840745,0.567,0.161,0,"0","C7"
8.40236319810187e-137,1.75505602510189,0.332,0.125,7.56305113824347e-132,"0","ENSG00000305207"
1.48998603797554e-63,1.75108891920614,0.138,0.044,1.34115133264217e-58,"0","LINC00511"
2.06389539540805e-97,1.74470112057581,0.231,0.082,1.85773288436074e-92,"0","RPL7P18"
0,1.72926781605469,0.932,0.506,0,"0","CEBPD"
4.52526815094562e-37,1.72770438886567,0.101,0.037,4.07323911534767e-32,"0","C10orf95-AS1"
3.365410498074e-95,1.71819095241486,0.193,0.06,3.02923964342139e-90,"0","ENSG00000288109"
1.2714561943419e-49,1.71296880596378,0.131,0.047,1.14445043508909e-44,"0","TFPI2"
1.50311430840682e-314,1.71024920112312,0.692,0.311,1.35296822014006e-309,"0","NRN1"
9.70749247186104e-58,1.70971247173223,0.125,0.04,8.73781104884684e-53,"0","GBP1P1.1"
0,1.70710681318426,0.753,0.276,0,"0","HLA-DQA1"
1.30558062602861e-255,1.70346841905561,0.574,0.228,1.17516617729462e-250,"0","CCSER1"
8.49844432529657e-198,1.68978911863507,0.362,0.109,7.6495347216427e-193,"0","C1QTNF1"
1.64999610226145e-53,1.68610371032097,0.146,0.054,1.48517799160655e-48,"0","TNC"
2.03036819020267e-78,1.68557110772103,0.177,0.059,1.82755471168333e-73,"0","MLIP"
1.73641841796717e-150,1.67378688808298,0.435,0.188,1.56296758219643e-145,"0","ENSG00000270571"
9.25660803524054e-124,1.66215347189926,0.239,0.072,8.33196545860036e-119,"0","CACNB2"
0,1.64659669409378,0.955,0.629,0,"0","ADIRF"
1.26145054214388e-228,1.63725465308475,0.435,0.139,1.13544424748913e-223,"0","RYR3"
1.01082661707532e-47,1.62997453325355,0.108,0.035,9.09855146295667e-43,"0","ENSG00000299144"
7.63353981493188e-87,1.62273541478126,0.18,0.056,6.87102552281834e-82,"0","AK4"
0,1.61367590531274,0.705,0.296,0,"0","HAPLN3"
1.61588322972236e-65,1.61259502273536,0.16,0.056,1.45447265390539e-60,"0","ENSG00000303442"
2.13393964628596e-165,1.60798269665766,0.303,0.088,1.92078041501845e-160,"0","ENSG00000287092"
1.55220984737777e-79,1.57823164367628,0.279,0.123,1.3971596057232e-74,"0","TNFSF9"
2.51592637785283e-41,1.56644256591878,0.118,0.045,2.26461049196911e-36,"0","ATP13A3-DT"
4.16150393229632e-52,1.56395043993587,0.15,0.057,3.74581130449924e-47,"0","UBD"
0,1.54617584469084,0.958,0.561,0,"0","HLA-DPB1"
3.26693906029094e-214,1.54423328736264,0.607,0.289,2.94060451755848e-209,"0","TMEM70"
1.86385943276437e-41,1.53877008928344,0.106,0.038,1.67767851402554e-36,"0","ENSG00000302940"
3.89000650634546e-187,1.53832548503221,0.483,0.196,3.50143375642661e-182,"0","ENSG00000283445"
1.5551336579009e-46,1.53140711174903,0.114,0.039,1.39979135681318e-41,"0","RAB3IL1"
1.48718757863238e-55,1.52959345669102,0.169,0.066,1.33863241140279e-50,"0","DNASE1L3"
1.62917081384872e-43,1.52827957216323,0.111,0.039,1.46643294125337e-38,"0","TRIM72"
1.6380541457268e-52,1.52463875526912,0.109,0.033,1.47442891711015e-47,"0","CAPN12"
0,1.52207245524426,0.99,0.656,0,"0","HLA-DRA"
3.3093979083574e-98,1.51459332602348,0.306,0.127,2.97882215129158e-93,"0","ENSG00000289298"
5.36076118996124e-80,1.51367334718829,0.172,0.055,4.82527475469601e-75,"0","ENSG00000288826"
1.06159886904177e-66,1.50161683429319,0.188,0.071,9.55555758013188e-62,"0","IL1R1-AS1"
5.0762440526884e-98,1.49446138271127,0.311,0.132,4.56917803426536e-93,"0","ENSG00000268797"
1.21108177759353e-93,1.49387053607351,0.504,0.285,1.09010681882971e-88,"0","MT1X"
6.9097300768294e-40,1.49350668337196,0.104,0.037,6.21951713945491e-35,"0","HIVEP2-DT"
1.95502172707176e-53,1.48488071176152,0.15,0.056,1.75973460675456e-48,"0","ENSG00000305344"
1.11776636034776e-46,1.47626516927591,0.166,0.071,1.00611267861262e-41,"0","ENSG00000305656"
3.28156188870627e-70,1.47435283792043,0.221,0.09,2.9537666716434e-65,"0","PLEKHA6"
6.95929433261255e-75,1.47359622892197,0.161,0.051,6.26413042172788e-70,"0","TCEA3"
0,4.68101887092392,0.31,0.022,0,"1","MADCAM1"
0,4.63975888849579,0.153,0.006,0,"1","SLC51B"
0,3.10751981267094,0.404,0.065,0,"1","TMEM176A"
9.58684979190355e-320,2.81162647854717,0.269,0.036,8.6292193661903e-315,"1","KCNK1"
0,2.80436082649937,0.414,0.072,0,"1","TMEM176B"
1.09842814241405e-162,2.5654240909068,0.127,0.015,9.88706155268314e-158,"1","ENSG00000286791"
6.93813207884638e-200,2.50620838163823,0.156,0.018,6.24508206549041e-195,"1","SDR16C5"
2.04283597692344e-250,2.37635234738199,0.216,0.03,1.83877709118856e-245,"1","IL7R"
1.37612988134417e-190,2.36251473024455,0.158,0.02,1.2386682674967e-185,"1","CCL15"
7.36071463407859e-152,2.34633029337884,0.143,0.021,6.62545284928048e-147,"1","HS3ST3A1"
2.31901313354257e-158,2.31426467567209,0.11,0.011,2.08736691163301e-153,"1","KCNE4"
5.75314083458367e-176,2.28883113992314,0.188,0.033,5.17845959661711e-171,"1","RETREG1"
9.83047947327149e-138,2.26677846766705,0.157,0.029,8.8485128786864e-133,"1","SLC12A8"
1.65778587230102e-177,2.20676090375886,0.27,0.069,1.49218964151687e-172,"1","ENSG00000188897"
3.01382427932726e-205,2.20341605442881,0.245,0.049,2.71277337206526e-200,"1","SLAMF1"
3.97448673030343e-285,2.06731307009651,0.376,0.086,3.57747525081342e-280,"1","IL18R1"
0,2.05353137889958,0.63,0.216,0,"1","PTGDS"
9.5623644466715e-187,2.02226280689146,0.218,0.042,8.60717986209349e-182,"1","PTGES"
1.0602294829531e-271,1.99344111831055,0.482,0.152,9.54323159900912e-267,"1","CPE"
2.96040640300922e-160,1.96735293522312,0.211,0.046,2.66469140741263e-155,"1","TNIP3"
3.90163146455187e-317,1.95144697774898,0.361,0.07,3.51189749755778e-312,"1","CDH11"
9.59633706395865e-261,1.92800994582343,0.345,0.078,8.63775895463982e-256,"1","LINC02940"
1.12449938402401e-237,1.8902119879475,0.387,0.107,1.01217314055385e-232,"1","CDKN3"
0,1.86610422396146,0.896,0.391,0,"1","LITAF"
5.53813738025608e-175,1.80437139117155,0.235,0.052,4.9849328373423e-170,"1","LIPG"
8.93776419219272e-281,1.80323342131922,0.424,0.11,8.04497092703459e-276,"1","SNAP25"
4.77350635393956e-178,1.80315784000927,0.253,0.059,4.29668080424453e-173,"1","ENSG00000302750"
9.63109445662512e-107,1.78065218114417,0.164,0.04,8.66904443135283e-102,"1","TMEM217"
1.56358519156464e-242,1.73649545547284,0.315,0.068,1.40739866677924e-237,"1","TTC39A"
1.26868306958208e-280,1.71925624460653,0.455,0.126,1.14195431776152e-275,"1","TMEM54"
8.72591636386718e-137,1.70899426864203,0.192,0.043,7.85428457828048e-132,"1","OLFM2"
5.9656320388131e-193,1.70732593437367,0.442,0.155,5.36972505445606e-188,"1","LCN6"
4.08767739108373e-309,1.69892743101809,0.598,0.204,3.67935929648838e-304,"1","HMOX1"
1.23623573542272e-94,1.66655187825585,0.118,0.024,1.11274814781134e-89,"1","PRRX2"
1.06455581707127e-77,1.66226473222672,0.133,0.035,9.58217336504022e-73,"1","SLCO5A1"
3.82560808958735e-185,1.6422811158735,0.34,0.099,3.44346809751847e-180,"1","CYP7B1"
1.90805257397369e-89,1.63708370081483,0.132,0.031,1.71745720235946e-84,"1","VDR"
6.86917719092984e-63,1.62907023872118,0.101,0.025,6.18301508132785e-58,"1","ENSG00000256803"
3.52746657806485e-140,1.58610464802619,0.271,0.081,3.17510794158195e-135,"1","F3"
6.81300869162276e-102,1.55652872597634,0.145,0.033,6.13245725341657e-97,"1","RTN1"
1.17066642892985e-187,1.54836461162858,0.232,0.046,1.05372855934405e-182,"1","PCDH7"
6.79502955776386e-57,1.54106847344615,0.109,0.031,6.11627405523883e-52,"1","TXLNB"
1.10252159476376e-251,1.52533749533357,0.467,0.141,9.92390712662811e-247,"1","FAM110B"
2.19549153920166e-127,1.50753689292652,0.268,0.085,1.97618388935081e-122,"1","KCTD8"
9.72605746147113e-95,1.50543719039963,0.144,0.035,8.75452158164478e-90,"1","SLC8A3"
2.0044236584869e-248,1.50530575536404,0.47,0.142,1.80420177924064e-243,"1","CCL23"
1.05569682481137e-86,1.48679340148712,0.164,0.047,9.50243268980961e-82,"1","IL34"
1.48548889914449e-79,1.48369923512345,0.127,0.032,1.33710341300895e-74,"1","SFTA2"
1.23176112284154e-145,1.47791865081941,0.226,0.056,1.1087205042809e-140,"1","PTAFR"
1.6887576138817e-66,1.47430821849321,0.128,0.037,1.52006761583105e-61,"1","ENSG00000291250"
3.95022048150426e-69,1.46957864253908,0.104,0.024,3.5556329576068e-64,"1","CRACD"
5.49410628035633e-111,1.42307593479635,0.196,0.054,4.94530000401154e-106,"1","BASP1"
9.50021449861281e-187,1.42244557648046,0.379,0.117,8.55123807234638e-182,"1","KIF26B"
3.66037503557509e-59,1.4132841657431,0.13,0.041,3.2947401732715e-54,"1","NCR3LG1"
1.11345279819322e-74,1.40847400753786,0.112,0.026,1.0022299981817e-69,"1","CLEC7A"
4.76850687109535e-257,1.40237258501684,0.698,0.315,4.29218071974164e-252,"1","SDF2L1"
1.68037152492699e-144,1.40013992737511,0.35,0.121,1.51251921330203e-139,"1","LRG1"
9.4222865124307e-52,1.38167648859929,0.107,0.032,8.481094312704e-47,"1","EID3"
2.01398561193978e-141,1.3769387986644,0.295,0.093,1.81280858916312e-136,"1","SPP1"
1.9257703597761e-136,1.37668521997344,0.29,0.092,1.73340515853807e-131,"1","GPR68"
0,1.374126887089,0.798,0.284,0,"1","SELP"
3.82121984310891e-302,1.37131756319044,0.884,0.516,3.43951819298076e-297,"1","HERPUD1"
3.54699726183585e-93,1.36607855831715,0.2,0.062,3.19268770535106e-88,"1","EPOP"
4.54407721046742e-239,1.36088515169801,0.517,0.177,4.09016933791383e-234,"1","TNFAIP8"
8.17776156528904e-279,1.36006392087443,0.754,0.362,7.36088496253232e-274,"1","TANK"
1.73025074351516e-281,1.34868283855035,0.598,0.207,1.55741599674543e-276,"1","SNCA"
4.96402633258763e-65,1.33698561673408,0.149,0.048,4.46816974222545e-60,"1","ENSG00000301802"
4.4826181184553e-276,1.33690777545782,0.652,0.249,4.0348493946028e-271,"1","BIRC3"
9.75379175636364e-249,1.32992338066519,0.55,0.194,8.77948549782048e-244,"1","CSF2RB"
4.97392127421213e-88,1.31865758363417,0.214,0.073,4.47707627813108e-83,"1","BATF3"
1.60725639790698e-171,1.31609254470992,0.505,0.208,1.44670755632005e-166,"1","ADM5"
4.18838527387678e-120,1.31335732325717,0.168,0.037,3.77000746886923e-115,"1","TANK-AS1"
0,1.31330284136671,0.967,0.649,0,"1","NCOA7"
1.47349160726035e-81,1.30565293516226,0.166,0.049,1.32630453061111e-76,"1","STMN3"
3.29381927269854e-304,1.30400767981157,0.665,0.239,2.96479966554868e-299,"1","MEOX1"
1.23528031084899e-59,1.29960048065484,0.141,0.046,1.11188816059828e-54,"1","SNX9-AS1"
6.0334913088461e-175,1.29930305858495,0.406,0.139,5.43080586200547e-170,"1","RRAGC-DT"
7.8520627962629e-224,1.29720082864683,0.58,0.231,7.0677202435442e-219,"1","MTHFD2"
3.55482111259254e-103,1.29168179013187,0.201,0.059,3.19973003165567e-98,"1","DENND2D"
3.01721198663361e-55,1.28992541981621,0.12,0.037,2.71582268128878e-50,"1","MYH11"
2.13091211455817e-44,1.28876471971678,0.114,0.04,1.91805530343495e-39,"1","ENSG00000279981"
2.76083083987865e-110,1.28174794454854,0.267,0.092,2.48505144728318e-105,"1","SNN"
2.64038618899713e-152,1.27089270825219,0.429,0.167,2.37663801257821e-147,"1","HMGA1"
1.00467433720125e-216,1.26673878216597,0.582,0.233,9.04317417658219e-212,"1","PDLIM4"
5.37063277802234e-237,1.2651429871819,0.557,0.201,4.83416026982569e-232,"1","RBP5"
1.00747382035454e-206,1.26310444067052,0.49,0.176,9.06837260439326e-202,"1","BMP2"
3.10614864240184e-49,1.25635667945968,0.109,0.034,2.79587545451232e-44,"1","ENSG00000285909"
6.62800369766328e-65,1.25461284906697,0.157,0.052,5.9659324083037e-60,"1","ZEBTR"
1.64331020807133e-135,1.25418032524492,0.236,0.063,1.47915995138709e-130,"1","PTGFRN"
5.55459705606889e-198,1.25204230048223,0.495,0.185,4.99974835613817e-193,"1","ENSG00000308602"
0,1.24578436856119,0.925,0.418,0,"1","SELE"
6.90692410783528e-91,1.24290295119102,0.188,0.057,6.21699145870362e-86,"1","ENSG00000308605"
6.20559880553034e-269,1.24252039615668,0.613,0.219,5.58572154084591e-264,"1","MATN2"
2.77065310304881e-161,1.23660458874081,0.266,0.069,2.49389256458526e-156,"1","ADAM23"
1.04378774110438e-75,1.2353127778884,0.131,0.035,9.39523783645464e-71,"1","ENSG00000289450"
4.58006656876405e-76,1.2349856831409,0.115,0.027,4.12256371921021e-71,"1","SELENBP1"
7.26560746108268e-57,1.23100949091102,0.123,0.038,6.53984593179513e-52,"1","RIPOR3"
0,1.22469855042496,0.951,0.608,0,"1","NPC2"
2.71059137831757e-87,1.22035710694659,0.185,0.056,2.43983040553743e-82,"1","CFB"
5.49405387570247e-264,1.21697722640242,0.747,0.33,4.94525283405855e-259,"1","IL33"
5.27724547248538e-175,3.39608770143234,0.183,0.028,4.75010142223881e-170,"2","PDGFDDN"
1.06643066657701e-282,3.17576106639615,0.347,0.069,9.59904907292636e-278,"2","SLC1A4"
0,3.14983679089729,0.474,0.08,0,"2","PDE3A"
1.80255407296156e-137,3.1014112559416,0.157,0.026,1.62249694661343e-132,"2","HTR1F"
0,3.09826907179903,0.845,0.33,0,"2","IGFBP3"
1.06781604599904e-219,2.97583106138635,0.334,0.082,9.611519011642e-215,"2","SLC7A11"
0,2.97077186277459,0.59,0.133,0,"2","NHS"
2.04364660578406e-141,2.86744651779539,0.204,0.044,1.83950674633229e-136,"2","NCAL1"
8.93354154979829e-266,2.78180621814112,0.302,0.052,8.04117008438894e-261,"2","KCNMA1"
0,2.75066033900744,0.403,0.074,0,"2","SCIN"
4.33474365144567e-104,2.74359559433006,0.126,0.022,3.90174610810276e-99,"2","ENSG00000303924"
1.62500904718727e-73,2.7354308706958,0.106,0.022,1.46268689346373e-68,"2","CDS1"
0,2.70701270534675,0.434,0.088,0,"2","DGKI"
0,2.6583937656106,0.599,0.175,0,"2","APCDD1"
1.84151320593716e-63,2.59578882122249,0.108,0.026,1.6575644517961e-58,"2","ENSG00000288539"
3.8740065821107e-121,2.58910767883795,0.233,0.065,3.48703206462367e-116,"2","RP1"
0,2.55551761109148,0.62,0.142,0,"2","UNC5B"
1.0123375024759e-65,2.54307476055703,0.127,0.034,9.11215109353586e-61,"2","ENSG00000251388"
9.44407398060828e-99,2.54273927412118,0.221,0.069,8.50070543068532e-94,"2","SPOCK2"
2.35610772706641e-79,2.52655430791958,0.142,0.036,2.12075612620975e-74,"2","ENSG00000293906"
3.23000459463482e-168,2.48592569020883,0.322,0.093,2.90735943567675e-163,"2","GRAMD1B"
1.51273732018926e-87,2.4779335464299,0.126,0.026,1.36162998927555e-82,"2","P2RY1"
2.12585933568597e-193,2.45248995630838,0.31,0.076,1.9135072466443e-188,"2","ROR1"
7.80942205171413e-34,2.44003090584271,0.101,0.036,7.02933888296841e-29,"2","MTUS2"
2.28670393617501e-259,2.43989027975312,0.54,0.195,2.05828507999049e-254,"2","ANGPTL2"
0,2.37996138809121,0.725,0.171,0,"2","ESM1"
8.67611420734486e-63,2.37488854627026,0.124,0.034,7.80945715917318e-58,"2","LINC03124"
5.11430442158291e-221,2.36339331055771,0.453,0.147,4.603436552911e-216,"2","CXCR4"
0,2.34451191618138,0.884,0.405,0,"2","MIR4435-2HG"
5.26738252969244e-101,2.33931130879217,0.249,0.083,4.74122368880146e-96,"2","DEPTOR"
1.96684226935711e-129,2.31570607964272,0.243,0.066,1.77037439507102e-124,"2","SPAAR"
3.83815432560852e-66,2.31336184336817,0.114,0.028,3.45476109002348e-61,"2","ENSG00000244701"
2.54238807699319e-71,2.31218374573437,0.128,0.032,2.28842893198234e-66,"2","PCDH11Y"
1.14616777488598e-194,2.29672349385783,0.307,0.072,1.03167707585262e-189,"2","KCNE3"
9.62272131484508e-38,2.27245367100146,0.109,0.038,8.66150768270521e-33,"2","STXBP6"
0,2.23394746481139,0.502,0.123,0,"2","SNTB1"
8.3259528423122e-94,2.20682979718651,0.203,0.06,7.49427341289363e-89,"2","DKK3"
4.30786260613238e-123,2.1902756216716,0.229,0.061,3.87755021040582e-118,"2","PLLP"
1.10374412146917e-136,2.18975177655387,0.329,0.111,9.93491121175618e-132,"2","ENSG00000229308"
2.60041177962759e-216,2.17778679645815,0.391,0.107,2.34065664696059e-211,"2","NRCAM"
2.20831893422045e-88,2.15826878835452,0.258,0.097,1.98772995588117e-83,"2","NPTX2"
2.5672695743201e-73,2.14345894927474,0.162,0.048,2.31082501654127e-68,"2","ENSG00000250863"
1.61245881432594e-173,2.12687262710832,0.401,0.138,1.45139030336292e-168,"2","LRATD1"
1.17013816320594e-62,2.12519619290157,0.166,0.056,1.0532530620833e-57,"2","ARHGEF17"
2.93816598413815e-55,2.08154023029066,0.126,0.038,2.64467258398259e-50,"2","SEMA3C"
1.1378038494904e-161,2.07271723105398,0.456,0.187,1.02414862296481e-156,"2","ENSG00000229337"
0,2.06017236054322,0.991,0.698,0,"2","INSR"
7.355622063133e-147,2.04731694491876,0.353,0.119,6.62086897524664e-142,"2","CPM"
6.41308782925365e-146,2.04320569776543,0.33,0.104,5.77248448598951e-141,"2","BTNL9"
0,2.04173004137763,0.747,0.344,0,"2","ITGA1"
1.36728183755514e-137,2.04149530306256,0.343,0.118,1.23070405480176e-132,"2","KCNQ3"
1.94557235432771e-135,2.03804114043909,0.342,0.12,1.75122913185392e-130,"2","GJA4"
6.97821794749054e-148,2.02486011022138,0.336,0.108,6.28116375671571e-143,"2","ADAMTSL2"
7.92142179109998e-220,2.02120173400083,0.575,0.244,7.130150968387e-215,"2","PLD1"
2.91089075711969e-41,2.01085410362494,0.136,0.052,2.620121879391e-36,"2","MRC2"
2.08254852560483e-174,1.99791394516204,0.441,0.164,1.87452275338216e-169,"2","DENND11"
3.87612865926613e-262,1.98173894919196,0.72,0.372,3.48894216749204e-257,"2","CYTOR"
1.42364223192321e-75,1.97415038410954,0.23,0.086,1.2814346093764e-70,"2","ENSG00000280878"
7.2858117004245e-65,1.97372903830809,0.1,0.021,6.5580319696691e-60,"2","RPL29P11"
3.39497555439183e-308,1.95375131913186,0.626,0.209,3.05585144626363e-303,"2","PDGFD"
1.18731328802901e-121,1.95164598799163,0.252,0.072,1.0687125636878e-116,"2","CDHR3"
2.24018074908299e-83,1.94407317391734,0.199,0.062,2.01640909405709e-78,"2","HEY2"
1.49564545575185e-265,1.94224111048062,0.565,0.189,1.3462454311768e-260,"2","KCNQ1"
5.08310374391537e-162,1.90976356893472,0.473,0.196,4.57535251093566e-157,"2","ACE"
2.39840231694238e-292,1.8894763104089,0.712,0.323,2.15882590950301e-287,"2","DLL4"
5.26049310530831e-186,1.88737440527863,0.559,0.262,4.73502244901906e-181,"2","PTP4A3"
4.17837760372672e-260,1.87796474428726,0.786,0.475,3.76099946489046e-255,"2","ANGPT2"
5.23916555817064e-112,1.86569826903324,0.349,0.141,4.71582531056498e-107,"2","SLC45A4"
1.19202601463711e-53,1.85431101919576,0.151,0.052,1.072954536035e-48,"2","ZNF503-AS1"
1.3053518601132e-31,1.85324457376073,0.124,0.052,1.1749602628065e-26,"2","SLC35G1"
4.24697553277301e-178,1.85317499973697,0.538,0.242,3.82274514680431e-173,"2","JAG2"
1.05367493393201e-37,1.84843051849872,0.114,0.041,9.48423344781542e-33,"2","TOR4A"
1.20600550272779e-29,1.84694425745653,0.126,0.054,1.08553761306031e-24,"2","KIAA1549"
7.80086706997169e-124,1.84227033841044,0.311,0.104,7.02163845835221e-119,"2","FOLH1"
3.60115242717479e-100,1.83281251251227,0.357,0.157,3.2414333112243e-95,"2","ENSG00000248636"
2.57273815263651e-178,1.8027780749452,0.634,0.35,2.31574733856965e-173,"2","SEMA3F"
2.32528306322025e-52,1.79225513058948,0.169,0.063,2.09301053803518e-47,"2","TRERF1"
5.75973249710207e-74,1.78752045013207,0.23,0.086,5.18439281796654e-69,"2","MPPED2"
2.77739051529169e-34,1.78252829449336,0.101,0.035,2.49995697671921e-29,"2","ENSG00000251199"
1.10752761179235e-67,1.77691214710369,0.334,0.175,9.9689667865041e-63,"2","ALPL"
2.21620810086173e-28,1.76646988243647,0.106,0.043,1.99483107366665e-23,"2","GPRIN3"
2.51085181727762e-81,1.76160228033145,0.318,0.143,2.26004282924976e-76,"2","KCNK5"
9.94993030520903e-292,1.75715770838743,0.76,0.369,8.9560317670217e-287,"2","NOTCH4"
7.70618839585406e-67,1.7538118001381,0.327,0.169,6.93641723699219e-62,"2","FJX1"
5.83840221004843e-35,1.74418323105778,0.13,0.053,5.25520421328669e-30,"2","TMEM132A"
5.99955872709781e-79,1.74354401084003,0.35,0.173,5.40026280584801e-74,"2","DISP1"
2.01069108186769e-141,1.74326699090963,0.473,0.211,1.80984314969992e-136,"2","CPNE5"
1.7822716886709e-92,1.7423401121285,0.264,0.094,1.60424056968956e-87,"2","NCALD"
1.34697958678389e-53,1.74198559737143,0.191,0.076,1.21242979586005e-48,"2","IQGAP2"
6.29721821764255e-100,1.74138096937662,0.33,0.132,5.66818908988223e-95,"2","ADAMTS5"
1.26198495400293e-40,1.73536477927971,0.168,0.073,1.13592527694758e-35,"2","SORT1"
5.12316701188279e-33,1.72594218491319,0.146,0.065,4.61141385906582e-28,"2","IRAG2"
0,1.72282134728258,0.98,0.818,0,"2","FLT1"
2.020614493676e-56,1.71874377266075,0.167,0.059,1.81877531190271e-51,"2","GJA5"
1.44369117730418e-103,1.71093512467883,0.429,0.214,1.29948086560326e-98,"2","HOXD9"
1.58856842437577e-262,1.71067197204332,0.742,0.36,1.42988632446487e-257,"2","HECW2"
1.03845332580763e-42,1.69857851303008,0.196,0.09,9.3472222309271e-38,"2","ARHGAP25"
9.41853134980879e-64,1.69826873526685,0.195,0.071,8.47771425327639e-59,"2","SDC3"
3.45419925632136e-71,1.69359879726988,0.252,0.102,3.10915929260742e-66,"2","HOXD10"
4.25526278802033e-58,1.67852619047379,0.243,0.109,3.83020458812498e-53,"2","SMAD6"
3.90810478750553e-236,2.58105554048356,0.262,0.042,3.5177242002816e-231,"3","HAS2"
8.57317866522914e-155,2.42892033606479,0.167,0.026,7.7168038483594e-150,"3","KLHL13"
3.34127356741649e-164,2.11186088002565,0.283,0.069,3.00751375076726e-159,"3","SDK1"
1.81563678474911e-157,2.03846133819757,0.231,0.049,1.63427282632052e-152,"3","CHODL"
2.92032873496622e-266,2.01175714545445,0.502,0.14,2.62861709763044e-261,"3","RYR3"
2.18687087985677e-228,1.95370846898002,0.452,0.131,1.96842434766788e-223,"3","SLIT2"
4.7154407934928e-146,1.91582899450565,0.241,0.056,4.2444154126308e-141,"3","ISM1"
1.41376802280318e-249,1.84992283130809,0.314,0.057,1.27254673500537e-244,"3","PLCXD3"
0,1.84059653634261,0.867,0.387,0,"3","ENSG00000286533"
3.93422619548999e-78,1.83745044683951,0.228,0.08,3.5412363408225e-73,"3","TPO"
1.82583674417574e-103,1.82614959732709,0.163,0.036,1.64345391180003e-98,"3","SLC8A3"
0,1.80666895171655,0.996,0.749,0,"3","LINC-PINT"
0,1.80155701320831,0.816,0.301,0,"3","VCAM1"
4.01970733826138e-232,1.77835415883406,0.445,0.122,3.61817877224245e-227,"3","MEOX2"
1.63816841989008e-174,1.75917148099879,0.451,0.153,1.47453177642726e-169,"3","SGMS2"
1.94624437743775e-221,1.7580328281945,0.572,0.207,1.75183402657549e-216,"3","CSF3"
1.83389424187443e-27,1.75453921148494,0.103,0.04,1.65070654605359e-22,"3","ENTREP1"
5.15284557451419e-208,1.75162701481132,0.468,0.147,4.63812783007597e-203,"3","CA8"
3.14131695003882e-200,1.74795515874334,0.399,0.111,2.82753079989944e-195,"3","PLA1A"
1.76360107249161e-69,1.73102732028923,0.115,0.026,1.58743496136042e-64,"3","TMEM178B"
9.93003551716539e-245,1.72969310696968,0.536,0.168,8.93812426935574e-240,"3","ENSG00000271204"
1.23966450446511e-63,1.72920683481326,0.135,0.037,1.11583441711409e-58,"3","SLCO5A1"
9.38376055257869e-67,1.72902034939029,0.117,0.028,8.44641671098161e-62,"3","ENSG00000273259"
2.50097582670058e-136,1.70989751525461,0.236,0.056,2.25115335137145e-131,"3","MLIP"
9.21392146533165e-126,1.70562936307203,0.231,0.058,8.29354285015967e-121,"3","RDUR"
1.24577345347801e-56,1.7045086518358,0.114,0.03,1.12133314321009e-51,"3","HMGB1P21"
9.2382414792978e-144,1.69125420088793,0.309,0.088,8.31543353793074e-139,"3","ENSG00000288520"
6.71819083805122e-75,1.67780643463926,0.153,0.041,6.04711075523829e-70,"3","NLGN1"
4.1191991228673e-144,1.67547928022358,0.335,0.103,3.70773232248409e-139,"3","ENSG00000299699"
6.59285363089507e-82,1.66265590057119,0.184,0.053,5.93429348170496e-77,"3","ENSG00000272256"
1.37381737297419e-86,1.64606901534828,0.16,0.04,1.2365867555878e-81,"3","AGMO"
4.35859545382547e-137,1.64062740318366,0.238,0.057,3.92321535394284e-132,"3","SELL"
9.20965598560473e-269,1.63988731995792,0.526,0.149,8.28970344920268e-264,"3","RAB3C"
0,1.63223199005202,0.94,0.431,0,"3","SELE"
3.79199739908179e-266,1.62263880542733,0.531,0.152,3.41321477888751e-261,"3","MIR99AHG"
3.90405665619075e-73,1.62064407450434,0.152,0.041,3.51408043680385e-68,"3","RETREG1"
3.97596962021754e-239,1.61545897044891,0.534,0.166,3.57881001485401e-234,"3","LINC02147"
5.8369117307564e-90,1.61458182976956,0.169,0.043,5.25386261797114e-85,"3","ENSG00000290927"
3.63147676662164e-61,1.60887860952714,0.154,0.048,3.2687285524038e-56,"3","TSLP"
6.71594607838289e-169,1.60885430503224,0.394,0.122,6.04509022461322e-164,"3","SNAP25"
2.37396508405988e-95,1.60842952872492,0.172,0.042,2.13682971181314e-90,"3","ICAM5"
8.56553747600528e-118,1.60320760181848,0.261,0.075,7.70992593752711e-113,"3","ENSG00000287976"
1.39931538050583e-87,1.60294281687899,0.142,0.032,1.25953776714711e-82,"3","PAK3"
1.50004560851548e-181,1.6018830532445,0.449,0.144,1.35020605268087e-176,"3","DAPK1"
1.18917417302748e-213,1.58144469931677,0.574,0.216,1.07038756488376e-208,"3","CXCL3"
6.75398129516169e-67,1.58044206700428,0.137,0.037,6.07932610358799e-62,"3","ENSG00000290551"
1.12550063370121e-69,1.58013885894245,0.179,0.056,1.0130743754008e-64,"3","ARSJ"
3.15904527412176e-184,1.57943543178741,0.392,0.114,2.84348824168974e-179,"3","C1QTNF1"
3.06698760658682e-95,1.57297185697273,0.2,0.055,2.76062621456486e-90,"3","MCTP2"
1.15962498696187e-47,1.57224873985966,0.143,0.049,1.04379004701424e-42,"3","TMOD1"
1.35682133628218e-114,1.5671635132099,0.223,0.058,1.22128845300095e-109,"3","LIPG"
1.69747919502699e-215,1.55878574018796,0.543,0.187,1.52791799823574e-210,"3","CELF2"
5.38623837282697e-274,1.55836114551662,0.87,0.466,4.84820702176528e-269,"3","MARCHF3"
1.22980941273084e-129,1.55817969969704,0.297,0.089,1.10696375049315e-124,"3","ENSG00000301715"
8.67644317793109e-282,1.55781786112069,0.839,0.381,7.80975326888755e-277,"3","TLL1"
1.06907481366238e-79,1.53917798230691,0.116,0.024,9.62284930525641e-75,"3","KCNIP4"
1.09654953454074e-208,1.53836730131018,0.628,0.256,9.87015201535465e-204,"3","IL6"
1.80651485045745e-118,1.53465619241551,0.223,0.056,1.62606208204525e-113,"3","TRABD2B"
2.94872177240926e-179,1.51556335769762,0.679,0.324,2.6541739545633e-174,"3","PHLDB2"
7.2426016796299e-154,1.51035240918954,0.47,0.178,6.51913819785167e-149,"3","DLGAP1"
2.3630398943758e-256,1.50583116403234,0.819,0.4,2.1269958393266e-251,"3","CXCL2"
5.96095688666326e-61,1.50253901412391,0.12,0.031,5.36551690325447e-56,"3","ENSG00000305497"
7.78548715601021e-126,1.50130714742224,0.321,0.104,7.00779484399635e-121,"3","HLA-L.1"
4.06189952302385e-65,1.49147805939225,0.139,0.038,3.65615637966899e-60,"3","ENSG00000295095"
2.52912728128285e-261,1.48846265840857,0.724,0.301,2.27649275715551e-256,"3","ELOVL7"
9.84559063614716e-241,1.47760774937017,0.689,0.27,8.86211458750242e-236,"3","IL1R1"
3.98429022992535e-113,1.47398212979602,0.317,0.108,3.5862994788581e-108,"3","CYP7B1"
3.58748657473293e-86,1.46304859005379,0.187,0.052,3.22913254078286e-81,"3","RPS27P19"
5.08021860776063e-217,1.4630165916609,0.532,0.177,4.57275557103142e-212,"3","C7"
2.05641313296035e-130,1.45395832387986,0.344,0.112,1.85099802510894e-125,"3","ENSG00000227681"
1.55844363838393e-53,1.45236726459747,0.121,0.035,1.40277070334576e-48,"3","PCDH10"
3.78513707281711e-161,1.44836438072095,0.283,0.068,3.40703973061341e-156,"3","ADAMTS18"
4.93436331971226e-59,1.44747444679532,0.11,0.027,4.4414697677062e-54,"3","MROCKI"
7.7122354720959e-67,1.44624808330502,0.147,0.042,6.94186027078824e-62,"3","DPH1-AS1"
1.25770557140881e-45,1.44125743604411,0.108,0.032,1.13207336188079e-40,"3","ENSG00000299357"
5.42719805514533e-52,1.43904250021617,0.131,0.04,4.88507524141686e-47,"3","ENSG00000245025"
1.45897164453896e-158,1.4353538745125,0.413,0.139,1.31323496696596e-153,"3","GEM"
1.39159360752963e-57,1.42346357016944,0.143,0.044,1.2525873220735e-52,"3","FIRRM"
1.60608162094456e-44,1.4231481871779,0.127,0.042,1.4456501278284e-39,"3","ENSG00000258455"
9.58501047113578e-114,1.41683030515276,0.224,0.058,8.62756377517403e-109,"3","GPM6A"
9.63629403461261e-51,1.41427318311198,0.104,0.028,8.67372462349516e-46,"3","SPON1"
8.7103459759254e-46,1.40867098950962,0.1,0.028,7.84026951639021e-41,"3","PRRX2"
1.86427908190358e-241,1.40685329397428,0.528,0.156,1.67805624441223e-236,"3","CPE"
3.18199841211628e-187,1.40193194971323,0.677,0.302,2.86414859072999e-182,"3","SLC8A1"
1.12949192051002e-191,1.401419321945,0.421,0.123,1.01666697257028e-186,"3","VCAN"
1.94687356565673e-250,1.40028933772281,0.821,0.427,1.75240036518328e-245,"3","RFX2"
1.35540847426734e-115,1.38561736261073,0.271,0.08,1.22001672177277e-110,"3","TTC39A"
1.05785940360563e-78,1.37828872499442,0.134,0.031,9.52189827779465e-74,"3","ENSG00000258964"
1.08355466621371e-42,1.37298751067799,0.127,0.043,9.75318390605623e-38,"3","NCR3LG1"
3.30043177059849e-211,1.37157923999592,0.79,0.415,2.9707516410334e-206,"3","NFATC2"
2.67017186012434e-86,1.36800398475559,0.208,0.062,2.40344839301652e-81,"3","ENSG00000279917"
3.43468328800626e-83,1.36353807048849,0.2,0.06,3.09159277436732e-78,"3","CYP2U1-AS1"
7.07758933331695e-106,1.36345660819468,0.342,0.128,6.37060893481192e-101,"3","ALCAM"
1.9622313104272e-55,1.36247105795101,0.122,0.034,1.76622402482863e-50,"3","PTPN5"
3.84162995187754e-32,1.36220191522653,0.101,0.036,3.45788953598449e-27,"3","BLZF2P"
4.25315770076487e-80,1.36216584148938,0.198,0.06,3.82830977803546e-75,"3","SLC41A2"
4.3853576304224e-84,1.35995363007892,0.214,0.067,3.94730425671951e-79,"3","LONRF3"
1.05488781418019e-59,1.3561547001244,0.159,0.051,9.49515070421735e-55,"3","IL34"
4.6061686959294e-56,1.3501001799512,0.169,0.058,4.14605850489301e-51,"3","PCDH7"
1.99530722499822e-99,1.3436191423369,0.247,0.076,1.79599598629314e-94,"3","ADAM23"
5.73761070432804e-20,2.44044771414742,0.181,0.112,5.16448077107271e-15,"4","MT-TE"
8.42146444825695e-19,2.30159622829994,0.101,0.048,7.58024436452057e-14,"4","MT-TN"
2.5969158398395e-05,1.93471249200096,0.07,0.114,1,"4","ACTA2"
2.57478226178057e-05,1.93170737023978,0.12,0.093,1,"4","MT-TV"
2.99217835812377e-05,1.80859769597378,0.101,0.156,1,"4","CD24"
0.000120031362614541,1.79152051811222,0.072,0.113,1,"4","COL3A1"
6.37008697051499e-08,1.74739852455906,0.052,0.102,0.00573377898303024,"4","COL1A1"
8.35636945396702e-06,1.63671867427122,0.136,0.212,0.752165170921025,"4","C1orf56"
6.7043752663582e-07,1.62163152883596,0.074,0.129,0.0603467522100168,"4","COL1A2"
0.00598767966655084,1.5794875132042,0.081,0.113,1,"4","CD52"
6.85783994834862e-06,1.53079483355711,0.294,0.465,0.617281031590808,"4","IGHG1"
1.11410127534145e-09,1.50777445604488,0.055,0.115,0.000100281369894759,"4","PHKG1"
2.93562490103518e-06,1.47159520780115,0.073,0.123,0.264238532967078,"4","AREG"
2.2869765900515e-07,1.37233287478496,0.142,0.233,0.0205853049847126,"4","CLDN4"
0.000964738926087354,1.34423115574164,0.186,0.268,1,"4","KRT19"
0.000883915385536784,1.33374562405632,0.21,0.303,1,"4","S100P"
1.02687100312601e-36,1.33143655902701,0.682,0.801,9.24296858623751e-32,"4","IGKC"
8.34051293415135e-06,1.32164619401537,0.099,0.156,0.750737909715897,"4","PSCA"
0.000108643853123315,1.31156436153753,0.109,0.164,1,"4","SPINK1"
0.000976559283974472,1.29138860120741,0.092,0.133,1,"4","WIPI1"
3.56925405551259e-18,1.28222838729339,0.051,0.142,3.21272126790744e-13,"4","FBLN1"
2.84082942030415e-08,1.27317124133853,0.056,0.109,0.00255705896950997,"4","TPSB2"
5.91275320551155e-06,1.27132966122906,0.101,0.16,0.5322128287813,"4","KRT7"
0.0066190750094914,1.26569539218117,0.096,0.132,1,"4","CCL5"
8.28127803335151e-16,1.26350920169141,0.07,0.162,7.45406117060003e-11,"4","APOE"
4.20426041693024e-11,1.24047479715216,0.061,0.13,3.78429684388308e-06,"4","TPM2"
4.87070010837652e-08,1.23661681500184,0.226,0.369,0.00438416587455079,"4","SNHG25"
3.95747648949801e-06,1.22466124252883,0.474,0.606,0.356216416296205,"4","IGLC2"
2.85230297774817e-07,1.19406894348334,0.192,0.306,0.025673864333009,"4","S100A2"
1.64898307716804e-06,1.18505041322078,0.062,0.109,0.148426615758973,"4","SFN"
2.02909151897555e-20,1.18313446813266,0.055,0.156,1.82640556714508e-15,"4","LUM"
4.18512770844493e-05,1.17578876059313,0.095,0.147,1,"4","FHOD1"
0.00299271973494588,1.1751883926639,0.121,0.168,1,"4","LRATD1"
0.000515543242893006,1.16895170643008,0.153,0.13,1,"4","ENSG00000229308"
0.00268862196693546,1.16040462235062,0.354,0.542,1,"4","IGHG3"
9.45682293811447e-07,1.15187048735831,0.09,0.151,0.0851218089482621,"4","JCHAIN"
0.00142552207041575,1.11849667613575,0.171,0.241,1,"4","HOXD9"
2.90958012266532e-07,1.10342029190028,0.083,0.143,0.0261894216421228,"4","GDF15"
6.45587987732674e-07,1.09462153735223,0.096,0.16,0.0581100203638057,"4","ENSG00000300109"
1.78818981409052e-07,1.09300505028628,0.247,0.4,0.0160956753356102,"4","MYL9"
6.25268179952052e-07,1.08711310121128,0.066,0.117,0.0562810141456642,"4","KCTD15"
2.95416829167495e-11,1.07511855565249,0.057,0.124,2.65907642101954e-06,"4","ATP1B1"
1.88684764956257e-09,1.05839127374665,0.062,0.125,0.000169837043784777,"4","PGAP6"
0.000165227853695291,1.05243225540099,0.089,0.134,1,"4","KRT13"
5.74559446189097e-16,1.04873836163089,0.039,0.114,5.17166703109268e-11,"4","POLR2M"
0.00182407154143113,1.0460160586424,0.235,0.334,1,"4","NREP"
0.000172925056823294,1.03416410061734,0.07,0.109,1,"4","PTPRG-AS1"
1.27153380073623e-10,1.03366929152988,0.051,0.112,1.14452028938069e-05,"4","MFSD12"
0.000241352485460939,1.02683643525582,0.083,0.125,1,"4","EXOC3L1"
5.66315879461998e-16,1.02380121166234,0.102,0.213,5.09746586262539e-11,"4","KRT8"
1.7869467791074e-13,1.02210975686616,0.043,0.11,1.60844866534236e-08,"4","EIF4ENIF1"
3.26162649848273e-11,1.01557838919137,0.095,0.182,2.93582262754929e-06,"4","IDH2"
2.08800117237987e-05,1.00872832200957,0.555,0.705,1,"4","LGALS1"
2.3488043446924e-07,1.00740063683595,0.066,0.119,0.0211418227870107,"4","NTHL1"
2.05065884552999e-07,0.994124111701232,0.068,0.123,0.0184581853345,"4","TLE2"
2.62549012722045e-10,0.99245546988292,0.043,0.1,2.3632299184124e-05,"4","NUP85"
1.00364284771751e-08,0.973730895663638,0.059,0.115,0.00090338896365901,"4","RAB34"
0.00673416906217357,0.972951206127563,0.175,0.237,1,"4","CCND1"
1.65070697186112e-10,0.967867301925852,0.05,0.109,1.48581785244191e-05,"4","PIGX"
5.56819899318541e-11,0.9677661564519,0.076,0.15,5.01199159575612e-06,"4","CCDC167"
2.84728561339732e-10,0.956948870962569,0.065,0.131,2.56287025347506e-05,"4","USHBP1"
4.54949492715423e-12,0.947480757287434,0.068,0.145,4.09504587888079e-07,"4","MBD3"
3.30937228302851e-09,0.947082168267268,0.115,0.197,0.00029787990856768,"4","DISP1"
6.11424768375593e-12,0.943903331532555,0.057,0.126,5.50349548262555e-07,"4","S100A9"
7.34273282760129e-14,0.943349541579333,0.04,0.108,6.6092672454522e-09,"4","ENSG00000291046"
9.57194961257321e-14,0.924995863364798,0.049,0.122,8.61580756577327e-09,"4","C12orf76"
1.09936352602203e-05,0.916450528881478,0.059,0.101,0.989548103407692,"4","RHOBTB1"
2.15527864244644e-16,0.911903396819535,0.031,0.102,1.93998785885246e-11,"4","TMEM150A"
2.69894593344336e-07,0.902570570062739,0.178,0.281,0.0242934822415171,"4","JUP"
8.39130429288207e-11,0.901354645787325,0.046,0.106,7.55309690706608e-06,"4","P3H4"
0.00104480396384589,0.894622317374866,0.168,0.235,1,"4","ANGPTL2"
2.10863410008208e-05,0.89390322341204,0.186,0.279,1,"4","JAG2"
6.19527347730161e-14,0.891384859257308,0.07,0.156,5.57642760965395e-09,"4","FHL3"
8.5704467145395e-22,0.889652387179393,0.04,0.135,7.71434479222415e-17,"4","DCN"
1.89793102567227e-08,0.887919071523378,0.122,0.205,0.00170834669551787,"4","LAPTM5"
2.30378674016651e-12,0.886453103486014,0.068,0.145,2.07366148269128e-07,"4","MAN1B1"
5.12200502743615e-09,0.883504888351704,0.171,0.281,0.000461036794524555,"4","SORBS2"
2.20536439731995e-07,0.883404804181646,0.068,0.122,0.0198507054767166,"4","GRAP"
6.88782849141871e-05,0.877641614708959,0.074,0.116,1,"4","NPTX2"
4.44025465169449e-10,0.876780386233225,0.082,0.156,3.99671761453672e-05,"4","AGO4"
7.3841935125013e-09,0.875924678033405,0.065,0.125,0.000664658642253754,"4","ITGB5"
6.32546758247602e-15,0.872453000745023,0.038,0.109,5.6936166256625e-10,"4","BMI1"
4.36980388948978e-16,0.871061789595833,0.123,0.246,3.93330417896864e-11,"4","COLGALT1"
5.87140498778166e-09,0.86979403341472,0.068,0.129,0.000528491034355215,"4","TNK2"
1.01230538585773e-06,0.865215770187242,0.065,0.114,0.0911186200864397,"4","MMP15"
2.52688952139889e-06,0.860249875928576,0.119,0.189,0.227447852710636,"4","IGLC3"
2.33204810482542e-14,0.851383465047437,0.141,0.266,2.09909981963441e-09,"4","TNFAIP8L1"
1.54706039622202e-09,0.851105104657672,0.167,0.28,0.00013925245332434,"4","SH2D3C"
1.99319696516856e-34,0.849883853512221,0.709,0.728,1.79409652031787e-29,"4","INSR"
3.87914906271512e-14,0.849361317604353,0.037,0.105,3.49166086284051e-09,"4","ADISSP"
3.8479180001376e-12,0.849109358159903,0.142,0.255,3.46354947110386e-07,"4","ZNF532"
1.14232965307847e-10,0.84886617195938,0.058,0.123,1.02822234403246e-05,"4","CCDC57"
5.4144296533637e-10,0.848751137548144,0.048,0.106,4.8735822752892e-05,"4","ARHGEF6"
1.13189437681075e-05,0.845918201418935,0.091,0.144,1,"4","MT-ND6"
0.000836968978363653,0.844958572709555,0.164,0.229,1,"4","ACE"
1.93676981724775e-14,0.843832339013157,0.046,0.119,1.74330588020288e-09,"4","TRIP6"
7.62077270317021e-13,0.843670004149197,0.066,0.145,6.85953371785053e-08,"4","MTMR9LP.1"
2.87816153585134e-14,0.84333815406679,0.052,0.128,2.59066198003515e-09,"4","H1-2"
5.15481562898399e-30,0.840742768213499,0.042,0.165,4.63990109580478e-25,"4","PPIL3"
3.05584775634662e-07,0.840388389661614,0.112,0.183,0.0275059912396516,"4","ENSG00000248636"
9.92926923573354e-146,3.373072923377,0.106,0.008,8.93743453177612e-141,"5","C16orf89"
8.41071911520648e-175,3.22862002016742,0.134,0.011,7.57057238278851e-170,"5","FIBCD1"
1.48389395573617e-164,2.87146518054416,0.134,0.013,1.33566778849768e-159,"5","BMP7"
0,2.75193079477406,0.45,0.077,0,"5","HAPLN1"
0,2.70809597273394,0.506,0.104,0,"5","COL13A1"
3.54532517242322e-241,2.35218203881587,0.404,0.089,3.19118264094986e-236,"5","FCN3"
8.35889010266255e-87,2.31032191849702,0.119,0.02,7.52392057030759e-82,"5","ENSG00000286891"
2.10441743474091e-175,2.28002083572227,0.233,0.039,1.89420717718464e-170,"5","ENSG00000302423"
5.37055353261761e-175,2.09283214505777,0.457,0.152,4.83408894024443e-170,"5","P2RY6"
5.8803254453267e-62,2.08793932779828,0.262,0.106,5.29293973659302e-57,"5","SPP1"
1.71188784758105e-283,2.02756311167364,0.551,0.145,1.54088737048618e-278,"5","ENSG00000248636"
3.89952080983429e-92,2.02478328956723,0.157,0.032,3.50999767613994e-87,"5","CRMP1"
2.53939848123272e-124,2.00006131888667,0.216,0.046,2.28573796694239e-119,"5","ENSG00000250863"
1.07866524894255e-224,1.94406752312519,0.497,0.143,9.70917377225681e-220,"5","THY1"
2.42138330845415e-102,1.94195030678524,0.237,0.065,2.17951132977266e-97,"5","TMEM121"
3.11471019961849e-81,1.90294507964757,0.145,0.031,2.8035817977786e-76,"5","PASK"
1.55207247254214e-89,1.84258399790664,0.198,0.051,1.39703595325991e-84,"5","EDIL3-DT"
3.33074549789236e-127,1.83814975158926,0.21,0.042,2.99803733010789e-122,"5","TMEM37"
9.50451039738576e-109,1.83734011154566,0.222,0.054,8.5551048537909e-104,"5","CABP1"
5.64942456788335e-204,1.8232705259713,0.52,0.165,5.08510354779748e-199,"5","TMEM233"
4.81186266220203e-82,1.80677387396681,0.228,0.07,4.33120570087467e-77,"5","CLEC11A"
5.73058556931962e-228,1.78665030237018,0.574,0.182,5.15815737680029e-223,"5","ITIH5"
4.65120800219142e-247,1.76700636658266,0.454,0.103,4.18659883485252e-242,"5","ADAMTSL2"
7.95912694662409e-46,1.76256650509714,0.108,0.029,7.16408975592581e-41,"5","PTGS1"
1.28161656921876e-64,1.75852522755387,0.137,0.034,1.1535958901195e-59,"5","ENSG00000251199"
4.14280513847872e-32,1.7027350228971,0.108,0.037,3.72898033319608e-27,"5","LOXL2-AS1"
6.60998827789374e-39,1.68867345267664,0.111,0.034,5.94971654881493e-34,"5","TPPP3"
4.9177782049986e-86,1.68820505654368,0.185,0.046,4.42654134010129e-81,"5","ENSG00000305357"
6.49653412498362e-115,1.68513337160218,0.303,0.092,5.84759533123901e-110,"5","HAGLROS"
4.38299394297853e-40,1.67116945770703,0.105,0.03,3.9451766780144e-35,"5","ENSG00000228302"
7.51537758895376e-258,1.6683627485003,0.534,0.138,6.76466652159317e-253,"5","PIEZO2"
9.73762817791395e-78,1.66160019414449,0.253,0.085,8.76493649922213e-73,"5","CRISPLD1"
1.8403389304466e-78,1.64816372074126,0.27,0.096,1.65650747468429e-73,"5","DNM3OS"
6.11395021788515e-54,1.63122109113731,0.157,0.049,5.5032277306206e-49,"5","ENSG00000287306"
2.50339067133215e-198,1.62847204326582,0.569,0.194,2.25332697717278e-193,"5","ACE"
5.4935627928336e-164,1.61341800607134,0.479,0.162,4.94481080545745e-159,"5","PLAU"
2.90364110432908e-240,1.61235320692469,0.679,0.25,2.61359639441764e-235,"5","RAB31"
1.59792442427588e-50,1.58582469490388,0.114,0.029,1.43830775353496e-45,"5","LRP4"
5.29555514638087e-37,1.58129354168243,0.123,0.041,4.76658214280889e-32,"5","ENSG00000290045"
3.68359940724359e-205,1.56424783719506,0.6,0.219,3.31564466245402e-200,"5","APLNR"
1.28186919749418e-114,1.5608215730953,0.271,0.074,1.15382328335649e-109,"5","ENSG00000308547"
4.75192489296811e-123,1.55779177436672,0.604,0.323,4.27725511540952e-118,"5","CFAP20"
4.2419925700844e-50,1.55552848036095,0.14,0.043,3.81825993225867e-45,"5","ZFTA"
1.40661001682436e-114,1.55250191472758,0.28,0.077,1.26610374224378e-109,"5","GABRD"
1.22469045963454e-47,1.54197889505013,0.117,0.032,1.10235612962165e-42,"5","KIF5C"
3.98231054729472e-94,1.53987274348243,0.328,0.12,3.58451754672545e-89,"5","MDFI"
1.63972727365277e-69,1.53865496765923,0.231,0.08,1.4759349162876e-64,"5","SNHG33.1"
2.66736160864657e-56,1.53572655404369,0.255,0.106,2.40091885755887e-51,"5","GP6-AS1"
3.78300102231374e-159,1.53006421993722,0.377,0.103,3.40511705019482e-154,"5","FOLH1"
2.98673028876525e-256,1.5240236592426,0.685,0.228,2.68838580022049e-251,"5","ITGA8"
2.00436894299777e-29,1.52260514050218,0.108,0.039,1.80415252928172e-24,"5","LINC01684"
1.17942401608594e-267,1.52015801263047,0.938,0.549,1.06161135111911e-262,"5","RGCC"
1.50154960345785e-166,1.51398978328157,0.494,0.169,1.35155981356845e-161,"5","COL21A1"
4.86461200658787e-214,1.5084097717012,0.569,0.179,4.3786859132498e-209,"5","CA2"
7.27344236643341e-66,1.49981062079387,0.138,0.034,6.54689820845038e-61,"5","ENSG00000267009"
9.7032352632642e-247,1.48979948749236,0.777,0.308,8.73397909281674e-242,"5","EDIL3"
2.23964628065673e-38,1.48908991496587,0.129,0.043,2.01592801368193e-33,"5","CCDC194"
1.30190235583522e-85,1.48488931344516,0.298,0.106,1.17185532951084e-80,"5","RARG"
8.15535358995213e-118,1.48048712588794,0.551,0.27,7.34071531985181e-113,"5","SKIC8"
2.03317138316359e-296,1.46605218467174,0.942,0.595,1.83007789369938e-291,"5","VWA1"
1.97411962565161e-32,1.46393215243783,0.185,0.083,1.77692481624527e-27,"5","ENSG00000310471"
4.12928679419824e-144,1.46336455476865,0.358,0.101,3.71681233632578e-139,"5","EXOC3L1"
1.8094301003272e-158,1.45731171656129,0.626,0.292,1.62868612760551e-153,"5","LBH"
7.28187010492871e-92,1.42712516196203,0.408,0.174,6.55448410014738e-87,"5","CXCL12"
4.52271347935873e-102,1.42462047559182,0.376,0.144,4.07093962990559e-97,"5","SMOX"
5.78007196205857e-66,1.42253369961938,0.227,0.079,5.20270057376854e-61,"5","KLHL6"
2.49355558158453e-81,1.42209427719439,0.26,0.087,2.24447431454005e-76,"5","ELFN1"
5.00614293210031e-37,1.40264602318075,0.129,0.045,4.50607931461281e-32,"5","ENSG00000289562"
3.28846935369967e-56,1.39769676199419,0.207,0.074,2.95998414995861e-51,"5","FAM110A"
3.9894243971339e-209,1.39601416496374,0.586,0.191,3.59092079410419e-204,"5","RCAN2"
6.48585285243761e-41,1.39509770943278,0.14,0.048,5.83798101100762e-36,"5","ENSG00000294647"
2.27800517761169e-110,1.39145494447175,0.42,0.165,2.05045524042005e-105,"5","FJX1"
2.09617757395096e-53,1.3896112190069,0.195,0.07,1.886790396089e-48,"5","ENSG00000245008"
2.5484298784918e-159,1.38423118987962,0.546,0.205,2.29386721792925e-154,"5","CCND1"
6.50472054656809e-45,1.36399820666209,0.151,0.051,5.8549640111714e-40,"5","ANKRD33B"
6.00258654186679e-247,1.36383755527884,0.63,0.192,5.40298817219972e-242,"5","KCNQ1"
3.90361357355081e-55,1.36014197443363,0.229,0.088,3.51368161368882e-50,"5","QPCT"
1.88865295976144e-177,1.34722532034966,0.648,0.266,1.69999541561087e-172,"5","EXOC3L2"
8.24952264611508e-75,1.34055451539273,0.263,0.093,7.42547782899464e-70,"5","TBXA2R"
1.16350832703417e-122,1.33015836986613,0.448,0.17,1.04728548024673e-117,"5","CD276"
1.80379597944766e-170,1.32801582623558,0.727,0.373,1.62361479906063e-165,"5","TM4SF18"
1.89079593911853e-218,1.32383342128364,0.825,0.421,1.70192433275998e-213,"5","MLEC"
1.19547907480866e-68,1.32201350668143,0.247,0.089,1.07606267002602e-63,"5","EFEMP2"
3.23448946039598e-247,1.32199589586115,0.896,0.48,2.91139630819702e-242,"5","NHERF2"
1.39302302304198e-51,1.32041716450499,0.169,0.056,1.25387395327031e-46,"5","INKA1"
8.52930231185483e-41,1.3109137278016,0.129,0.042,7.67731030392365e-36,"5","ENSG00000300996"
2.10330127551201e-57,1.30664744841987,0.331,0.158,1.89320251110112e-52,"5","GPR89A"
1.62663724108995e-154,1.30079855257771,0.672,0.327,1.46415244707748e-149,"5","ENSG00000288765"
2.45927585346467e-24,1.28572226056933,0.107,0.042,2.21361878846208e-19,"5","NXT2"
6.88206382931246e-39,1.2856567444811,0.166,0.064,6.19461447340244e-34,"5","HOXA9"
8.69825650359153e-53,1.28350217307172,0.132,0.036,7.82938766144777e-48,"5","PDGFDDN"
1.64084577937564e-115,1.27939975887363,0.523,0.24,1.4769416944738e-110,"5","CDC42EP1"
7.49090213407233e-149,1.2792586852242,0.734,0.43,6.74263591989985e-144,"5","TAX1BP3"
3.18374213617957e-20,1.27279336747619,0.102,0.043,2.86571813419659e-15,"5","SEMA7A"
2.63026932825918e-88,1.27204178268074,0.249,0.074,2.36753172505937e-83,"5","IQGAP2"
1.90008887704588e-31,1.26795491285239,0.117,0.042,1.71028899911777e-26,"5","SLC26A6"
5.76400080147445e-75,1.267642130467,0.276,0.099,5.18823476141517e-70,"5","NPTX2"
1.1528512745728e-65,1.26163148074295,0.292,0.118,1.03769296075572e-60,"5","GPR137C"
1.12177838181813e-135,1.2609169245495,0.549,0.234,1.00972393925832e-130,"5","GPR4"
1.37084265222628e-54,1.25961233327709,0.146,0.042,1.2339091796954e-49,"5","CETP"
0,6.55477567976725,0.158,0.002,0,"6","AC114757.1"
6.77006015362955e-298,6.00856369733626,0.109,0.001,6.09379884488349e-293,"6","AC080132.1"
0,6.0077658118805,0.195,0.003,0,"6","AC093817.2"
0,5.77186800766885,0.231,0.004,0,"6","AP002989.1"
0,5.37808004505319,0.401,0.01,0,"6","AC017002.5"
0,5.34649329049438,0.137,0.002,0,"6","AC022126.1"
0,5.2498558875149,0.181,0.005,0,"6","AC011476.3"
0,5.10704037573955,0.593,0.017,0,"6","AC002070.1"
2.18151558669829e-229,5.02764930468114,0.102,0.002,1.963603994743e-224,"6","AC015631.1"
0,4.98901424864979,0.595,0.02,0,"6","AC119674.1"
0,4.95527819122962,0.223,0.006,0,"6","AL365214.2"
0,4.95221454690811,0.169,0.004,0,"6","AL138689.2"
0,4.94245570826494,0.157,0.004,0,"6","AL645608.7"
0,4.93518848617936,0.307,0.008,0,"6","AL356124.1"
0,4.93074365122108,0.167,0.004,0,"6","AC015923.1"
1.79896105058942e-230,4.88002243561606,0.101,0.002,1.61926283124605e-225,"6","AC016821.1"
2.99336770633256e-271,4.77858851777757,0.128,0.004,2.694360206147e-266,"6","AC012063.1"
2.06829193091062e-262,4.76394198290204,0.119,0.003,1.86169024993196e-257,"6","AC079380.1"
0,4.74815449803751,0.387,0.012,0,"6","AP001528.1"
0,4.71051830120577,0.368,0.012,0,"6","P2RY8"
0,4.69063332139292,0.252,0.009,0,"6","AC018816.1"
0,4.67375106046923,0.228,0.008,0,"6","AC008892.1"
3.5671539629738e-321,4.66757936800008,0.155,0.005,3.21083095361235e-316,"6","AL390728.6"
0,4.66390087522397,0.467,0.015,0,"6","AC083855.2"
7.43933537631669e-271,4.64811346008842,0.124,0.003,6.69622016557641e-266,"6","AL513327.1"
0,4.6225428576706,0.593,0.024,0,"6","FAM214A"
0,4.61454995373744,0.189,0.007,0,"6","AL049828.1"
0,4.58547572795874,0.384,0.011,0,"6","ST5"
2.96439387504748e-323,4.5757290751079,0.152,0.004,2.66828057086899e-318,"6","AC025569.1"
0,4.56823243638824,0.422,0.016,0,"6","AC018362.1"
4.01525566611467e-229,4.55061984122467,0.117,0.004,3.61417177762647e-224,"6","LINC01163"
0,4.5322396203158,0.21,0.007,0,"6","AC023424.3"
2.47760261983393e-210,4.52755490738283,0.101,0.003,2.23011489413872e-205,"6","AP000695.2"
2.16314421560882e-256,4.51620849602558,0.122,0.004,1.94706773991166e-251,"6","AC079921.1"
0,4.50540419744179,0.419,0.016,0,"6","AC010737.1"
4.89137404384077e-234,4.50044486539744,0.11,0.003,4.40277469060151e-229,"6","AC007364.1"
0,4.49827223420917,0.222,0.009,0,"6","AC008050.1"
0,4.49246868173887,0.208,0.007,0,"6","AL021937.3"
0,4.49065825792907,0.181,0.006,0,"6","AP001442.1"
0,4.47520748030071,0.246,0.009,0,"6","AC243964.3"
1.34143772434641e-239,4.45047068982085,0.117,0.004,1.20744151006144e-234,"6","AC097459.1"
0,4.43865175579192,0.341,0.012,0,"6","C11orf49"
1.91790678501895e-292,4.42281877146613,0.146,0.005,1.72632707626341e-287,"6","AC007376.2"
0,4.40728238340072,0.342,0.013,0,"6","WDR61"
2.39524246132823e-208,4.40071984269865,0.107,0.004,2.15598169186616e-203,"6","AC004918.1"
0,4.39841916917525,0.238,0.008,0,"6","TMEM8A"
0,4.3963150355316,0.186,0.006,0,"6","MARS"
0,4.39571264431949,0.162,0.004,0,"6","AP001439.1"
0,4.393683961308,0.165,0.006,0,"6","KIAA0895L"
0,4.38661300038535,0.392,0.016,0,"6","WDR60"
1.21729753982253e-271,4.38657829063798,0.131,0.004,1.09570168856966e-266,"6","AL512662.2"
1.3281705622356e-246,4.38655084330212,0.136,0.006,1.19549960477388e-241,"6","AL078459.1"
0,4.38043051766095,0.337,0.012,0,"6","AC087286.2"
0,4.37403059775841,0.193,0.007,0,"6","AC074032.1"
1.43029811720709e-255,4.37331947581519,0.128,0.004,1.28742563827927e-250,"6","AC068282.1"
7.49609382840226e-305,4.3668141692167,0.152,0.005,6.74730901588316e-300,"6","AC073167.1"
1.21553774952117e-255,4.35561448916407,0.132,0.005,1.0941176837215e-250,"6","AC004594.1"
0,4.33344414719297,0.151,0.004,0,"6","AC007780.1"
1.42296795316419e-283,4.31611915894347,0.142,0.005,1.28082768432262e-278,"6","AL592183.1"
1.60015433519391e-183,4.30605619869395,0.1,0.004,1.44031491865139e-178,"6","AC018797.3"
0,4.30381778983117,0.288,0.012,0,"6","AC074286.1"
0,4.29762203203213,0.193,0.007,0,"6","ZNF720"
2.54334862084737e-300,4.28504031678694,0.157,0.006,2.28929352711093e-295,"6","ARNTL"
0,4.2824680975508,0.479,0.021,0,"6","C20orf194"
0,4.27314812325104,0.453,0.017,0,"6","C22orf34"
2.35187304612022e-236,4.26940168462735,0.117,0.004,2.11694444754327e-231,"6","AL008633.1"
0,4.26516050078023,0.212,0.009,0,"6","AL139317.5"
1.57376654986953e-225,4.24910764753467,0.117,0.004,1.41656300920306e-220,"6","FAM92A"
0,4.24768214860276,0.697,0.033,0,"6","SLC9A3R2"
0,4.24245762729469,0.505,0.021,0,"6","TMEM173"
0,4.24019238727985,0.224,0.007,0,"6","FAM49A"
0,4.23324904925921,0.633,0.03,0,"6","IQCJ-SCHIP1"
5.09115567529994e-240,4.23251843243353,0.116,0.004,4.58260013489423e-235,"6","C5orf51"
0,4.23042601481094,0.425,0.019,0,"6","AL139807.1"
0,4.21870460021182,0.194,0.007,0,"6","UHRF1BP1L"
0,4.21761505301951,0.288,0.011,0,"6","FAM126B"
0,4.21451561652329,0.195,0.007,0,"6","AP001011.1"
8.95636350793328e-244,4.20921883787353,0.118,0.004,8.06171235712582e-239,"6","AL137186.2"
0,4.19446719670449,0.249,0.009,0,"6","LINC01184"
3.12105541198155e-235,4.1851583854816,0.13,0.006,2.80929318687872e-230,"6","RFX3-AS1"
6.29154516037755e-271,4.1774921612751,0.157,0.008,5.66308271430744e-266,"6","AL731577.2"
2.04640792114038e-308,4.17711819154591,0.163,0.006,1.84199223389767e-303,"6","AC004889.1"
0,4.1766778128037,0.39,0.017,0,"6","MARCH5"
0,4.17398178406665,0.446,0.017,0,"6","PRKY"
0,4.17284724634349,0.414,0.017,0,"6","DARS"
0,4.16348071450151,0.589,0.034,0,"6","FAM155A"
1.03458698551986e-217,4.16291010439586,0.114,0.004,9.31242091536278e-213,"6","CBWD2"
0,4.15836229308255,0.225,0.008,0,"6","CCDC130"
0,4.1567758186646,0.432,0.028,0,"6","ADAMTSL4-AS1"
4.70035981718692e-233,4.15497731998743,0.109,0.003,4.23084087504812e-228,"6","CMTM1"
0,4.1543340078062,0.562,0.027,0,"6","AC007319.1"
2.45828484127163e-255,4.15337067073154,0.132,0.005,2.21272676847701e-250,"6","AC078883.1"
6.91618135630134e-221,4.14677363310856,0.11,0.004,6.2253240006204e-216,"6","AC004797.1"
3.94505988113125e-239,4.14520748602644,0.13,0.006,3.55098784960505e-234,"6","C12orf73"
0,4.13478091370374,0.253,0.011,0,"6","TMEM189"
8.63490479814818e-187,4.13143778960987,0.105,0.005,7.77236415786116e-182,"6","AL445524.1"
2.77670737584928e-188,4.12981165061219,0.103,0.004,2.49934207607569e-183,"6","AC097376.3"
0,4.12411690434853,0.201,0.008,0,"6","AC083870.1"
0,4.10419751098637,0.31,0.012,0,"6","C16orf72"
1.1996141226218e-210,4.08866232151065,0.114,0.005,1.07978466791311e-205,"6","ADORA2A"
0,6.50305535800301,0.158,0.001,0,"7","ENSG00000300553"
0,5.93244094590139,0.407,0.017,0,"7","NKAIN2"
1.81857492377157e-278,5.76482811679947,0.103,0.001,1.63691747463603e-273,"7","LINC03095"
0,5.7041480766647,0.177,0.006,0,"7","ENSG00000285572"
0,5.20919845216873,0.174,0.002,0,"7","CLDN10"
0,5.15945521770443,0.209,0.007,0,"7","EPHA3"
0,5.11245704972731,0.273,0.006,0,"7","TMEM178A"
0,4.95531295980436,0.12,0.001,0,"7","PRDM16-DT"
5.7236936813691e-257,4.8998249489493,0.105,0.002,5.15195391953714e-252,"7","SSTR1"
0,4.81712453782812,0.341,0.008,0,"7","PRDM16"
1.06323399396917e-251,4.81531156013647,0.115,0.003,9.57027550311586e-247,"7","LINC00841"
0,4.79097835721197,0.283,0.01,0,"7","CP"
0,4.78634466565313,0.195,0.008,0,"7","SH3RF2"
0,4.77846729016415,0.655,0.026,0,"7","FBLN5"
0,4.75403787261033,0.596,0.025,0,"7","TSPAN2"
3.09595516410465e-218,4.67102108553657,0.116,0.005,2.78670020276223e-213,"7","LINC01697"
7.49613005113161e-185,4.65771495636653,0.149,0.012,6.74734162032408e-180,"7","CCL8"
0,4.56037702556334,0.296,0.008,0,"7","ENSG00000298578"
0,4.55758683675279,0.21,0.012,0,"7","ENSG00000303397"
0,4.54071599624458,0.23,0.01,0,"7","TMEM100"
7.47930307436639e-250,4.41415428717572,0.128,0.004,6.73219549026793e-245,"7","ENSG00000299691"
0,4.3117295948074,0.367,0.034,0,"7","LINC01695"
0,4.23369676051157,0.376,0.032,0,"7","ABI3BP"
0,4.18191633784851,0.462,0.053,0,"7","SYT1"
0,3.98712804856932,0.442,0.044,0,"7","GUCY1A1"
0,3.94126457666774,0.261,0.016,0,"7","LINC00840"
0,3.90807824539597,0.632,0.047,0,"7","SEMA3G"
0,3.85945803334342,0.61,0.091,0,"7","SULF1"
2.87575157296032e-210,3.75253868515659,0.166,0.013,2.58849274833731e-205,"7","PCDH11X"
0,3.71696841592938,0.269,0.016,0,"7","ANXA3"
2.22403671590622e-132,3.69571086057744,0.201,0.036,2.00187768835435e-127,"7","ERBB4"
1.63510336493861e-214,3.69350401954616,0.15,0.01,1.47177288981489e-209,"7","ENSG00000280035"
4.57670936842363e-258,3.59918283063693,0.22,0.02,4.1195418696118e-253,"7","LINC00639"
6.87076065450664e-162,3.58952855613879,0.12,0.009,6.18444037272797e-157,"7","STEAP1"
1.33614836096965e-220,3.57339073688371,0.217,0.024,1.20268050119239e-215,"7","MEG3"
5.20559945509096e-83,3.53026898687434,0.101,0.014,4.68561212552192e-78,"7","SSUH2"
8.64152408753805e-259,3.51343870425331,0.228,0.021,7.77832224643387e-254,"7","LAMA2"
0,3.50835191134941,0.377,0.046,0,"7","ENSG00000289355"
0,3.45314569280018,0.514,0.039,0,"7","GJA5"
1.39098992985887e-177,3.40237673667935,0.187,0.022,1.25204394576526e-172,"7","DNAJC12"
1.88559100011364e-161,3.40161034085676,0.12,0.009,1.69723931511229e-156,"7","ENSG00000308410"
0,3.38684586581393,0.403,0.046,0,"7","SPECC1"
0,3.3833057401346,0.505,0.084,0,"7","LTBP4"
9.82936444164191e-143,3.38210036528567,0.217,0.038,8.8475092275663e-138,"7","ENSG00000243081"
1.14889253829909e-91,3.37145395468609,0.116,0.017,1.03412966264839e-86,"7","ENSG00000309713"
8.81198252988837e-136,3.35345755321884,0.146,0.017,7.93175359497782e-131,"7","PTHLH"
1.02064931874243e-208,3.34676440320541,0.165,0.013,9.18696658293248e-204,"7","DKK2"
3.29250196132812e-301,3.21542831433015,0.311,0.036,2.96361394041106e-296,"7","ENSG00000298014"
7.18544712635653e-118,3.18949874308734,0.129,0.015,6.46769281290478e-113,"7","ENSG00000294461"
4.39211133474512e-200,3.18376910213531,0.163,0.013,3.95338333351743e-195,"7","PPP1R9A"
6.73464785412396e-168,3.16724258014514,0.201,0.027,6.06192387997552e-163,"7","COL8A1"
8.15293870369745e-113,3.1642775274859,0.123,0.015,7.33854165658511e-108,"7","DCLK1"
8.21680165090839e-202,3.1540041901721,0.146,0.01,7.39602533399915e-197,"7","MOCOS"
0,3.14526978459234,0.521,0.07,0,"7","IGF2"
1.63028956462955e-192,3.12198622963355,0.143,0.01,1.4674399400187e-187,"7","SLC25A34-AS1"
0,3.11476057272899,0.482,0.087,0,"7","BMX"
0,3.08312102087778,0.408,0.048,0,"7","ATP2A3"
2.19317674788444e-224,3.06077282510704,0.266,0.036,1.97410032253826e-219,"7","ID4"
2.9586741770006e-150,3.05824149550497,0.104,0.007,2.66313221346001e-145,"7","ENSG00000253348"
3.71890583971834e-248,3.0477350436614,0.367,0.066,3.34742433538888e-243,"7","PTGER4"
0,3.047058250026,0.573,0.131,0,"7","FBLN2"
5.11208513038034e-150,3.03737261205964,0.186,0.026,4.60143894670665e-145,"7","IMPG2"
6.35102200164648e-128,2.94791898359691,0.161,0.023,5.71661841390202e-123,"7","TOX"
1.44902062256127e-257,2.90823984939941,0.403,0.077,1.30427795257362e-252,"7","RSPO3"
4.68117207265755e-237,2.90412413377537,0.322,0.051,4.21356979431979e-232,"7","FGL2"
1.66834614170031e-47,2.90037174142069,0.107,0.025,1.50169504560586e-42,"7","ENSG00000298331"
7.85487506487603e-279,2.88435300007641,0.44,0.086,7.07025159464556e-274,"7","SERPINE2"
1.9249249645198e-101,2.8628858159056,0.119,0.016,1.73264420981391e-96,"7","LRRK2"
4.77459930758591e-265,2.82729658396964,0.442,0.089,4.29766458275115e-260,"7","ELN"
1.20470487338172e-302,2.82723682328813,0.33,0.041,1.08436690357962e-297,"7","ARHGEF35-AS1"
0,2.82689606125657,0.418,0.06,0,"7","AIF1L"
4.53965452987187e-87,2.76499712301125,0.112,0.016,4.08618843888297e-82,"7","SLC4A4"
0,2.76423713772603,0.377,0.049,0,"7","PPP1R14A"
4.76819025772966e-82,2.74468730781612,0.136,0.025,4.29189573288504e-77,"7","LSAMP"
4.97452651627028e-240,2.73639068036326,0.733,0.316,4.47762106256004e-235,"7","DEPP1"
2.13212171938084e-161,2.71197390554453,0.293,0.06,1.91914408083188e-156,"7","NOS1AP"
2.26129541680431e-68,2.7100397527364,0.106,0.018,2.03541461761973e-63,"7","GPM6B"
2.19823693696802e-133,2.70293886979898,0.121,0.012,1.97865504933428e-128,"7","ENSG00000249328"
2.56491127630899e-132,2.69906797995378,0.139,0.016,2.30870228891849e-127,"7","ANK1"
3.6129975783353e-162,2.68403187896709,0.144,0.013,3.25209525023538e-157,"7","IRF6"
2.19511902360043e-138,2.67417270363325,0.304,0.074,1.97584858433299e-133,"7","EGR2"
3.35203151131204e-125,2.65783197603911,0.181,0.03,3.01719708364708e-120,"7","NPR3"
1.55984669969273e-293,2.65018327936869,0.797,0.377,1.40403361286042e-288,"7","KCTD12"
2.96490833893534e-128,2.63189980426724,0.106,0.009,2.66874364495909e-123,"7","CASC8"
4.21814484107472e-196,2.62879179323239,0.296,0.051,3.79679435289977e-191,"7","ENPP4"
1.09833423491128e-229,2.62062341030443,0.595,0.206,9.88621628185991e-225,"7","LTC4S"
4.17583834297473e-278,2.61610797093199,0.72,0.261,3.75871385089498e-273,"7","PCSK5"
0,2.60038678329213,0.698,0.163,0,"7","HEY1"
2.36285128556613e-77,2.59237705682597,0.128,0.023,2.12682607065093e-72,"7","SPOCK1"
1.27436314896422e-217,2.58608133986411,0.515,0.146,1.14706701401418e-212,"7","NEBL"
3.56990237661999e-186,2.57031990036799,0.28,0.048,3.21330482821942e-181,"7","SNX10-AS1"
0,2.56071651440106,0.607,0.109,0,"7","GJA4"
0,2.51233912600627,0.405,0.055,0,"7","PLLP"
8.85223969849283e-174,2.45380113591729,0.374,0.092,7.96798947501038e-169,"7","FGF2"
5.41297022442082e-122,2.43555802292686,0.177,0.029,4.87226862870343e-117,"7","GPR176"
1.87801348875403e-135,2.42909399390169,0.201,0.033,1.69041872136239e-130,"7","OR2A1-AS1"
6.07070178836678e-78,2.39769835335424,0.14,0.027,5.46429938672682e-73,"7","WNT5B"
6.91510852668148e-91,2.38503712785012,0.133,0.022,6.22435833595127e-86,"7","AADACL2-AS1"
1.38495418418242e-89,2.37630895936283,0.176,0.038,1.24661111072444e-84,"7","ENSG00000289450"
3.16134760727354e-73,2.35965614082079,0.116,0.02,2.84556059478298e-68,"7","ENSG00000295594"
2.82633689115649e-07,1.96866409281182,0.393,0.607,0.0254401409909887,"8","IGLC2"
9.37871842537535e-06,1.52057315464576,0.172,0.131,0.844187824186461,"8","MT-ATP8"
0.00127840432140205,1.46658758054762,0.187,0.165,1,"8","7SK.4"
2.2936246621488e-06,1.44497715790865,0.066,0.127,0.206451449464676,"8","RPL13AP25"
8.83248063259194e-07,1.42872672800072,0.374,0.368,0.0795020414220233,"8","ENSG00000310376"
1.65620731466737e-06,1.24027901773339,0.049,0.102,0.149076876600525,"8","TTC39A"
2.96245528762159e-08,1.16693247641,0.123,0.22,0.00266653562894107,"8","RPS18P5"
0.0049809936305819,1.15406949743883,0.095,0.137,1,"8","ADGRG6"
1.64423130163023e-06,1.09268748511977,0.049,0.101,0.147998903691039,"8","COL1A1"
5.80040905771593e-12,1.09122025135682,0.117,0.238,5.22100619694069e-07,"8","ENSG00000294598"
5.81035923324263e-16,1.08104871515887,0.087,0.21,5.22996244943403e-11,"8","AHCYL2"
1.8494535869912e-09,1.05500338037905,0.063,0.141,0.000166471166818665,"8","RPS23P8"
1.23100095415916e-09,1.05110279102649,0.144,0.263,0.000110803626884821,"8","RPL13P12"
1.32702973515432e-09,1.01953527168881,0.447,0.423,0.000119447273490976,"8","TLL1"
1.4329445670479e-09,1.00436352140826,0.053,0.126,0.000128980773424548,"8","ENSG00000297649"
1.94137851633984e-25,0.997765352448268,0.754,0.827,1.74745421634266e-20,"8","MT-ND3"
6.25690420728614e-09,0.99693575828448,0.082,0.166,0.000563190204602032,"8","ENSG00000293320"
7.73210124220237e-12,0.985638412715976,0.062,0.153,6.95974164911878e-07,"8","RPL15P3"
7.92773329787788e-07,0.963373961927558,0.065,0.128,0.0713583201875286,"8","COL1A2"
7.48690885754552e-12,0.960749307266865,0.033,0.108,6.7390415317653e-07,"8","RPL32P18"
2.6855341943893e-08,0.959327530124611,0.062,0.132,0.00241727618371175,"8","RPL10AP6"
9.03033386670632e-06,0.952779772145606,0.09,0.153,0.812829381676103,"8","KIF26B"
0.00812149472313356,0.944271654478633,0.338,0.347,1,"8","SELP"
8.10205254891921e-07,0.937772374911069,0.062,0.123,0.0729273851980767,"8","VEGFB"
1.62816329260669e-11,0.936407690766862,0.049,0.129,1.46552606130821e-06,"8","URB1"
2.19015977987017e-06,0.922969341984403,0.15,0.243,0.197138471945894,"8","CSF2RB"
5.44122758194777e-07,0.921195200523342,0.081,0.151,0.0489770335878701,"8","LUM"
4.83651903508709e-05,0.920910705619262,0.093,0.152,1,"8","DDB2"
1.52854579938842e-07,0.91852241630911,0.064,0.131,0.0137585935948751,"8","DCN"
7.83760186686365e-06,0.918008790556671,0.081,0.142,0.705470381638264,"8","ENSG00000288928"
4.40947915848658e-09,0.915795904908435,0.044,0.11,0.000396901628534535,"8","ENSG00000293016"
4.85524009736079e-56,0.913976501596734,0.886,0.837,4.37025016403542e-51,"8","MT-ATP6"
1.15403722931969e-10,0.91201855885342,0.074,0.165,1.03876045048295e-05,"8","RPL21P16"
5.57574813362648e-11,0.905604910646099,0.107,0.215,5.01878665255853e-06,"8","ENSG00000227615"
0.00448395831453716,0.900975974764843,0.33,0.336,1,"8","HLA-DQA1"
1.87724399163337e-69,0.897317467301356,0.784,0.518,1.68972608930911e-64,"8","ACKR1"
0.00294707028558381,0.890409292868705,0.095,0.141,1,"8","ENSG00000305939"
0.00530672792874441,0.888689723809805,0.073,0.107,1,"8","ENSG00000290039"
7.42952744858225e-06,0.886460828882722,0.083,0.144,0.668739195174337,"8","C1QTNF1"
2.07348248159269e-68,0.878157705526387,0.885,0.84,1.8663623165064e-63,"8","MT-CYB"
1.09285662508424e-22,0.868146253129394,0.71,0.772,9.83691176804572e-18,"8","MT-ND5"
0.000159241431632768,0.861207972419902,0.093,0.148,1,"8","CCDC178"
1.30033518732444e-07,0.860752257950325,0.079,0.15,0.011704447054626,"8","DSP"
6.74953843479817e-11,0.851024342813842,0.065,0.153,6.07532704054618e-06,"8","ENSG00000234026"
0.00532861684026217,0.845994769624397,0.096,0.138,1,"8","LRATD2"
0.000145649749094058,0.844397766696947,0.156,0.236,1,"8","NEURL1B"
4.53071101863841e-06,0.843248884241043,0.091,0.157,0.407813829498662,"8","TEX14"
7.17205629154361e-67,0.834623997923702,0.903,0.852,6.45563958858132e-62,"8","MT-CO3"
4.36142574785895e-05,0.834249865466998,0.141,0.219,1,"8","HLA-DMB"
1.47834053450621e-38,0.833177353082811,0.885,0.838,1.33066909851439e-33,"8","MT-RNR2"
1.07469235977617e-06,0.827247843075006,0.064,0.124,0.0967341339958129,"8","ERAP1"
0.007054150598149,0.826327033881042,0.466,0.558,1,"8","DUSP23"
7.2689331096857e-43,0.824197231618321,0.827,0.818,6.54283938135919e-38,"8","MT-ND1"
3.24005509506841e-09,0.824160519689124,0.132,0.24,0.000291640599162203,"8","RPS15P4"
5.22240715499466e-07,0.821756869351202,0.497,0.505,0.0470074090428224,"8","CLU"
5.7790079877533e-70,0.815927430952759,0.927,0.847,5.20174287985662e-65,"8","MT-ND4"
3.07057871969659e-06,0.811828553261417,0.087,0.155,0.276385861138609,"8","ECHDC2"
4.00489520381755e-58,0.809725380963806,0.935,0.853,3.60484622190822e-53,"8","MT-CO2"
0.00306233945192827,0.807171064896974,0.483,0.569,1,"8","PRCP"
7.81954849102613e-06,0.803718515785711,0.122,0.199,0.703845379225753,"8","C1orf115"
0.00738754038765822,0.799384544023868,0.227,0.308,1,"8","PDK4"
1.45582423302074e-09,0.798614288879667,0.049,0.119,0.00013104019503843,"8","CKAP5"
6.69254829848463e-07,0.795102673625398,0.138,0.23,0.06024029648949,"8","CLDN4"
7.37324837904222e-08,0.788482564797217,0.049,0.109,0.0066367345984597,"8","FAM124A"
0.000137906222203991,0.778774287234727,0.101,0.158,1,"8","KRT7"
1.94543773827824e-06,0.774943936610059,0.19,0.304,0.175110796260162,"8","CLEC1A"
7.01438420950212e-13,0.774296078360492,0.054,0.147,6.31371737081495e-08,"8","SOCS3-DT"
2.11333297318752e-16,0.7735304646552,0.777,0.823,1.90223214249582e-11,"8","MT-RNR1"
0.00393446654591738,0.771945767321399,0.081,0.119,1,"8","KLHL3"
1.57445928520684e-06,0.767722174130923,0.069,0.13,0.141718654720752,"8","CASZ1"
1.34132622325078e-06,0.766913045704481,0.049,0.102,0.120734114681026,"8","MLH3"
0.000311950718981486,0.76347011540666,0.184,0.272,1,"8","MATN2"
2.68746547786713e-06,0.763046361554944,0.073,0.133,0.241901455128298,"8","BLVRA"
0.00053629333176829,0.760103218515344,0.167,0.241,1,"8","CYTL1"
6.18854075107673e-08,0.759815243409888,0.138,0.24,0.00557036741545168,"8","NUDCD1"
3.0211942000354e-54,0.75701350955535,0.898,0.835,2.71940711139386e-49,"8","MT-ND2"
1.65924087038341e-55,0.7483462845506,0.935,0.851,1.49349929984081e-50,"8","MT-CO1"
1.02575980254811e-06,0.747832807195717,0.056,0.114,0.0923296655871579,"8","ACTA2"
3.90042840991875e-07,0.741245811409546,0.062,0.124,0.0351081461605197,"8","GOT1"
3.75483190036297e-10,0.740622255088678,0.076,0.164,3.37976174183571e-05,"8","CFD"
0.00185040625674002,0.736491607416353,0.104,0.151,1,"8","DIXDC1"
1.5251957356262e-05,0.735486762271792,0.076,0.133,1,"8","ENSG00000291203"
0.00247999422504538,0.730436661270374,0.218,0.306,1,"8","SESN3"
6.8155416673399e-08,0.730198372752846,0.128,0.224,0.00613473721018932,"8","TESC"
1.92353059045841e-06,0.729141087064432,0.051,0.104,0.173138911977752,"8","DOCK7"
6.46602188620562e-05,0.727749310621013,0.078,0.129,1,"8","PIGL"
3.4980783485374e-11,0.725299634015099,0.037,0.11,3.148655302302e-06,"8","FLCN"
1.76254195294247e-06,0.724718397722791,0.146,0.238,0.158648163726305,"8","LPCAT4"
0.00487421219480269,0.720865242031053,0.296,0.411,1,"8","LIFR"
7.42632512682652e-10,0.71779408931094,0.037,0.102,6.68450950990782e-05,"8","TMSB4XP4"
2.94700243997806e-07,0.717477916408114,0.185,0.301,0.0265262636624865,"8","SPNS2"
0.000158266058866447,0.715032979110991,0.071,0.116,1,"8","DDX60"
2.83259573887248e-09,0.712907454805116,0.064,0.14,0.000254964775051651,"8","SIRPA"
7.42631217884689e-09,0.712700891493031,0.185,0.311,0.000668449785530188,"8","CHN1"
7.15362233096165e-10,0.710948385785402,0.055,0.131,6.43904699632189e-05,"8","THAP11"
0.00020850052387224,0.710605723762921,0.089,0.141,1,"8","MTMR9LP.1"
8.69623161972817e-05,0.709388763122727,0.084,0.137,1,"8","ENSG00000227681"
1.1946744437942e-10,0.707770044442201,0.051,0.128,1.07533841360359e-05,"8","GPSM3"
6.79167603012526e-05,0.707220980927751,0.097,0.157,1,"8","SLC1A1"
3.07779206916757e-08,0.705506993245238,0.072,0.146,0.00277035141937842,"8","CDKN3"
4.62534327481212e-40,2.18922185190981,0.12,0.032,4.16331773509113e-35,"9","HIPK4"
0.00745628775516139,1.78131055892144,0.111,0.083,1,"9","CPSF4"
7.214125250062e-34,1.73924317745097,0.131,0.041,6.49350627883331e-29,"9","LMTK3"
1.53299067958588e-51,1.73702923874099,0.288,0.115,1.37986024060205e-46,"9","ENSG00000240553"
4.67331769139267e-25,1.73370256379834,0.115,0.04,4.20649998719945e-20,"9","ENSG00000299144"
1.09664064716136e-69,1.71508372966495,0.207,0.055,9.8709721291641e-65,"9","ENSG00000287814"
3.03190832896657e-37,1.71200293137308,0.145,0.046,2.7290510059861e-32,"9","ENSG00000287494"
6.45226958416883e-17,1.71083473645426,0.109,0.046,5.8077523754062e-12,"9","DNAH17"
2.45304695398415e-28,1.69676180074818,0.153,0.059,2.20801209375067e-23,"9","PRX"
2.93468959429504e-24,1.69629734750203,0.12,0.044,2.64154345072091e-19,"9","ACAD9-DT"
2.65414311021227e-52,1.69486483072025,0.222,0.075,2.38902075493317e-47,"9","PPP1R35-AS1"
2.30410045107594e-29,1.69062452646058,0.125,0.041,2.07394385701796e-24,"9","TENM2"
7.53413959129322e-45,1.68415236182059,0.136,0.036,6.78155438751894e-40,"9","KRT222"
3.22540573072424e-26,1.68149675218133,0.14,0.053,2.9032199522822e-21,"9","FALEC"
6.89852104866051e-24,1.64954407545571,0.124,0.046,6.20942778110981e-19,"9","SPACDR"
3.19030542019745e-32,1.63494301896334,0.14,0.047,2.87162581177393e-27,"9","PRKCG"
1.79824485107275e-55,1.61171487389261,0.333,0.139,1.61861817289909e-50,"9","ENSG00000289298"
1.23166690865562e-41,1.60502100352184,0.138,0.039,1.10863570115001e-36,"9","CNFN"
6.79000946005606e-46,1.59590043985326,0.184,0.059,6.11175541509106e-41,"9","ENSG00000307112"
1.96128480865486e-38,1.56282687592055,0.224,0.09,1.76537206911832e-33,"9","ENSG00000304130"
5.60169367515685e-28,1.56097200021901,0.128,0.045,5.04214049394543e-23,"9","POU2F2"
4.0927407565193e-42,1.53202800293225,0.184,0.062,3.68391688235058e-37,"9","ENSG00000303442"
5.32665773052665e-129,1.53135153447621,0.635,0.276,4.79457788982434e-124,"9","ENSG00000249240"
9.55351243469152e-45,1.52604656451513,0.312,0.139,8.59921207759018e-40,"9","MRNIP"
1.16413268827284e-31,1.52013463070148,0.14,0.047,1.04784747404126e-26,"9","ENSG00000303222"
3.59701845065686e-25,1.50781070848803,0.124,0.044,3.23771227762075e-20,"9","ENSG00000280046"
2.06260784482679e-41,1.4983861406733,0.206,0.076,1.85657394720704e-36,"9","ENSG00000305656"
1.1465643039203e-27,1.49531815263184,0.109,0.035,1.0320339956017e-22,"9","C1QTNF9"
3.37603565677464e-24,1.48867189363692,0.148,0.061,3.03880345501942e-19,"9","ENSG00000286186"
7.65021207543689e-39,1.48544256406091,0.239,0.099,6.8860323912215e-34,"9","ENSG00000299115"
2.76347076697561e-19,1.45121726699802,0.104,0.04,2.48742767206241e-14,"9","SNX32"
1.14483326668193e-71,1.43887184675344,0.292,0.095,1.03047587167307e-66,"9","GPIHBP1"
8.39898598577787e-22,1.43756952452443,0.104,0.037,7.56001127565852e-17,"9","ENSG00000289254"
5.84926112844721e-18,1.43367084950036,0.136,0.062,5.26497843432662e-13,"9","ULBP2"
3.30339684989371e-24,1.42520473179569,0.211,0.102,2.97342053855782e-19,"9","HEXIM2-AS1"
6.41417151087588e-74,1.42092836301944,0.328,0.114,5.77345991865449e-69,"9","FAM13C"
3.83803291242498e-18,1.40588652645266,0.125,0.053,3.45465180480285e-13,"9","GSTO2"
7.3512351053233e-13,1.38698219926878,0.106,0.049,6.61692023065255e-08,"9","ENSG00000290241"
1.10173191983678e-32,1.38055541983707,0.166,0.061,9.9167991836428e-28,"9","TM4SF1-AS1"
6.91801601071331e-23,1.37690334634904,0.176,0.08,6.22697539140316e-18,"9","ENSG00000287454"
7.43935229000349e-31,1.37343597180611,0.144,0.05,6.69623538975504e-26,"9","PTCH2"
8.30425689180722e-35,1.37339752275019,0.226,0.095,7.47474467088459e-30,"9","ENSG00000300496"
2.00583233800344e-113,1.3729747933329,0.632,0.286,1.80546974576028e-108,"9","SEMA4A"
1.45222531674982e-20,1.37121138287929,0.111,0.042,1.30716252985968e-15,"9","LINGO3"
9.25998919338607e-20,1.36002219584198,0.106,0.04,8.33500887285873e-15,"9","ENSG00000301063"
2.36453984552546e-41,1.3476612188435,0.193,0.068,2.12834596035592e-36,"9","ENSG00000293738"
3.1151024968787e-53,1.33258993196615,0.445,0.224,2.80393490846549e-48,"9","CYTL1"
4.75457639550857e-25,1.32211318981756,0.122,0.044,4.27964175936122e-20,"9","TRIM72"
1.36421631095121e-20,1.30234001478861,0.114,0.044,1.2279447436503e-15,"9","RAB44"
2.4111014747532e-18,1.29780491272623,0.125,0.053,2.17025654844011e-13,"9","TTC21A"
8.16847389076815e-39,1.29244351918646,0.271,0.118,7.35252503381932e-34,"9","ENSG00000297155"
1.71718077849308e-31,1.29100594466388,0.155,0.056,1.5456515905294e-26,"9","ENSG00000278607"
5.13845464811678e-14,1.28974637031711,0.121,0.058,4.6251744133164e-09,"9","ENSG00000308112"
1.4669559117603e-31,1.28731599049274,0.255,0.119,1.32042168573456e-26,"9","APOD"
1.07262452320981e-92,1.27647217216062,0.661,0.346,9.65480059586384e-88,"9","HEXIM1"
4.24042151050958e-19,1.27519687643634,0.113,0.045,3.81684580582478e-14,"9","ENSG00000259536"
1.77989507598801e-14,1.2665547147946,0.142,0.072,1.60210135684756e-09,"9","ETS2-AS1"
1.84215657220788e-17,1.26415722170003,0.138,0.063,1.65814355221004e-12,"9","ENSG00000283360"
1.02381424953938e-20,1.25519310570724,0.178,0.085,9.21545444152895e-16,"9","ENSG00000288093"
9.68621192978006e-27,1.24343881110773,0.161,0.064,8.71865622011433e-22,"9","EMILIN2"
6.31479063107791e-15,1.232142453589,0.105,0.046,5.68400619493954e-10,"9","ENSG00000267737"
2.16341253822717e-23,1.22748084869995,0.167,0.073,1.94730925978366e-18,"9","ENSG00000289852"
6.42349195483331e-48,1.22490586492538,0.348,0.158,5.78184934346501e-43,"9","TULP2"
3.81287586347932e-40,1.21929737255481,0.345,0.167,3.43200769347637e-35,"9","LINC00910"
1.49101771680108e-20,1.2171628936027,0.107,0.04,1.34207995706982e-15,"9","CCDC157"
1.09791283362603e-18,1.21340523310555,0.119,0.049,9.88242320675124e-14,"9","ENSG00000307101"
1.77885358526152e-17,1.21034082186962,0.135,0.061,1.60116390062975e-12,"9","ZEBTR"
2.89966070777005e-25,1.20934164728758,0.22,0.106,2.6100135996709e-20,"9","NOP53-AS1"
1.19302429919932e-33,1.205815109922,0.252,0.113,1.0738531019523e-28,"9","DARS2"
1.20101247878076e-29,1.20499000947913,0.24,0.112,1.08104334227535e-24,"9","ENSG00000289997"
4.21118784019564e-23,1.20421228677591,0.134,0.053,3.7905322868385e-18,"9","SNED1-AS1"
2.39853041627526e-31,1.20100176272783,0.209,0.089,2.15894121299352e-26,"9","ENSG00000256448"
1.06370154590248e-34,1.19165595988098,0.308,0.152,9.57448398482278e-30,"9","SERPINE3"
1.71341868378434e-39,1.18950749394404,0.255,0.107,1.54226529146112e-34,"9","ENSG00000287092"
0.000270494709684361,1.18472056942515,0.111,0.076,1,"9","BCYRN1"
1.4395015193467e-46,1.18440489735829,0.329,0.144,1.29570971257915e-41,"9","IQCN"
9.61944157253879e-101,1.17788809435594,0.732,0.395,8.65855555385789e-96,"9","NFE2L3"
3.37736057336149e-56,1.17750773921733,0.445,0.219,3.03999602568841e-51,"9","ENSG00000249870"
4.09567519389924e-12,1.17749907435279,0.145,0.078,3.68655819878064e-07,"9","ENSG00000283696"
4.41427959600711e-17,1.17454240564386,0.102,0.041,3.97333720716196e-12,"9","MGAT3"
5.12876681539619e-16,1.1734624574236,0.104,0.043,4.61645429820626e-11,"9","ENSG00000290047"
1.70072019564769e-65,1.17156607232987,0.281,0.093,1.53083525530444e-60,"9","FXYD6"
1.90923365734016e-22,1.16010757866146,0.134,0.054,1.71852030730845e-17,"9","PHYHD1"
5.26736659364366e-21,1.1549636928763,0.138,0.058,4.74120934460459e-16,"9","ENSG00000297286"
4.08661430254465e-32,1.14979919881614,0.287,0.141,3.67840239986346e-27,"9","USP3-AS1"
2.98647562543833e-21,1.14731092705909,0.187,0.09,2.68815657521329e-16,"9","ENSG00000308860"
3.50694279618542e-34,1.14463369878439,0.313,0.155,3.15663428027446e-29,"9","ENSG00000289341"
2.47382353897207e-47,1.14451508651622,0.233,0.083,2.22671330566415e-42,"9","LINC01235"
3.04300405891859e-19,1.14091966907177,0.235,0.13,2.73903838347321e-14,"9","RPL10P9"
9.51426165389152e-20,1.14065482737771,0.114,0.045,8.56388205728429e-15,"9","CKMT2"
1.11208368358763e-23,1.14011426593148,0.112,0.039,1.00099764443406e-18,"9","LIPE"
5.26530790097006e-38,1.13406260898201,0.306,0.144,4.73935629474216e-33,"9","MILR1"
1.19448364851399e-30,1.1259667929557,0.231,0.103,1.07516667686393e-25,"9","RAB26"
1.03808941665418e-60,1.1215908281745,0.373,0.156,9.34394664824595e-56,"9","ASS1"
1.21189204099971e-15,1.12062424714977,0.195,0.107,1.09083614502425e-10,"9","NUP210L"
2.20206061974945e-30,1.11822942998053,0.154,0.056,1.98209678444268e-25,"9","ENSG00000284657"
9.67591986430494e-24,1.10385006248035,0.153,0.063,8.70939222905952e-19,"9","ENSG00000305344"
9.11370492362725e-31,1.1034510992564,0.278,0.136,8.20333693880612e-26,"9","ENSG00000307181"
7.05599798697259e-50,1.09845467191,0.171,0.049,6.3511743480539e-45,"9","SLCO2B1"
1.19744163240559e-28,1.09608494850483,0.265,0.132,1.0778291877446e-23,"9","ENSG00000297780"
0,10.9630820821481,0.115,0,0,"10","ENSG00000287785"
0,10.3824669574076,0.882,0.032,0,"10","CCL21"
0,9.16523227461358,0.133,0.001,0,"10","TSPEAR"
0,9.16159440669366,0.796,0.006,0,"10","RELN"
0,8.78502298937838,0.785,0.02,0,"10","TFF3"
0,8.62802206279103,0.264,0.001,0,"10","ACKR2"
0,8.56146724174184,0.204,0.001,0,"10","ART4"
0,8.45157675563473,0.355,0.002,0,"10","SCN3A"
0,8.27191207780301,0.789,0.012,0,"10","PDPN"
0,8.16168605910139,0.483,0.005,0,"10","PKHD1L1"
0,7.43386267792216,0.184,0.002,0,"10","LINC00923"
0,7.36953389610021,0.271,0.004,0,"10","STAB2"
0,7.30075749625973,0.191,0.001,0,"10","CHRDL1"
0,7.18440591874452,0.264,0.004,0,"10","DTX1"
0,7.16251749877734,0.732,0.011,0,"10","COLEC12"
0,7.12431797326562,0.758,0.032,0,"10","EFEMP1"
0,6.98961678099697,0.286,0.003,0,"10","KCNIP1"
0,6.96400088579035,0.627,0.011,0,"10","MRC1"
0,6.95492431546273,0.605,0.014,0,"10","TBX1"
0,6.76733502176415,0.415,0.011,0,"10","IGF1"
3.75489890839347e-322,6.60585286233857,0.162,0.003,3.37982205643405e-317,"10","B3GNT7"
0,6.56890661213708,0.472,0.019,0,"10","NRXN3"
2.05166532821069e-278,6.30978886811669,0.14,0.002,1.84672447857572e-273,"10","NALCN"
0,6.23469475273773,0.392,0.014,0,"10","ENSG00000223786"
0,6.1645540683128,0.328,0.008,0,"10","CATSPERB"
0,6.13500089036823,0.554,0.016,0,"10","SEMA3D"
0,6.1034537918381,0.231,0.006,0,"10","PTX3"
0,6.09817946632317,0.503,0.013,0,"10","STON2"
0,6.04455005881595,0.481,0.015,0,"10","MPP7"
0,6.00812049971719,0.177,0.003,0,"10","PTPN3"
8.75899281506016e-266,5.98238153120483,0.166,0.005,7.8840570227638e-261,"10","PROX1-AS1"
0,5.98171358323584,0.322,0.009,0,"10","FOXP2"
3.77627252608694e-254,5.91988812641138,0.133,0.003,3.39906066345612e-249,"10","LRRN4CL"
1.33644096270553e-267,5.90454740222308,0.155,0.004,1.20294387494088e-262,"10","FOXC2"
0,5.90348858449335,0.339,0.01,0,"10","PCLO"
1.18075845041976e-285,5.89719220307573,0.151,0.003,1.06281248880733e-280,"10","ENSG00000255240"
3.60525149837852e-141,5.89308977257108,0.126,0.006,3.24512292620549e-136,"10","NTS"
4.67967406112181e-83,5.87737457130302,0.106,0.009,4.21222141915635e-78,"10","AL357507.1"
5.24850233404713e-145,5.82424330262689,0.106,0.004,4.72422943589916e-140,"10","AC083837.1"
6.96501653798306e-206,5.79003275769936,0.14,0.005,6.26928103600393e-201,"10","ANKRD36BP2.1"
0,5.74679010282473,0.228,0.007,0,"10","SRGAP3"
0,5.73673153978903,0.497,0.017,0,"10","PARD6G"
1.20094571864278e-155,5.73597378627446,0.122,0.005,1.08098325080755e-150,"10","ENSG00000285876"
1.66953155636898e-300,5.73347647800956,0.155,0.003,1.50276204920329e-295,"10","HPSE"
0,5.72743534441793,0.718,0.033,0,"10","EFNA5"
1.53764501824732e-150,5.71798629015416,0.113,0.004,1.38404965737459e-145,"10","MMP17"
0,5.68211391906438,0.217,0.007,0,"10","KBTBD11"
0,5.63198997510987,0.581,0.029,0,"10","NR2F1"
2.68887056399961e-292,5.61162499802211,0.204,0.007,2.42027928336169e-287,"10","SMOC1"
4.10519547206008e-231,5.60755006027814,0.113,0.002,3.695127496356e-226,"10","ZFHX4"
0,5.5942120023626,0.399,0.011,0,"10","NRG3"
0,5.5617335630323,0.794,0.084,0,"10","SEMA3A"
1.31955142719662e-192,5.54831680675705,0.146,0.006,1.18774143513395e-187,"10","NCAM1"
0,5.46915607071362,0.366,0.014,0,"10","TENM3"
6.17483057270848e-221,5.41711033977273,0.146,0.005,5.55802674680063e-216,"10","EPHB2"
0,5.40765292620925,0.275,0.01,0,"10","EMILIN1"
1.13949336964024e-209,5.4066393138159,0.109,0.002,1.02566937694687e-204,"10","ENSG00000231252"
7.71605120275827e-216,5.37655083600627,0.146,0.005,6.94529484811475e-211,"10","BHMT2"
2.25141201975178e-216,5.37493369562482,0.251,0.018,2.02651847309878e-211,"10","DLGAP2"
0,5.33955059191438,0.242,0.006,0,"10","FAM162B"
1.40925367056499e-183,5.32123525602829,0.166,0.009,1.26848332141225e-178,"10","NFIA-AS2"
1.12849324875941e-184,5.27114303861915,0.109,0.003,1.01576805814083e-179,"10","ADAMTS12"
0,5.2515065630287,0.339,0.016,0,"10","ADAMTSL3"
0,5.18137328078132,0.592,0.037,0,"10","DOCK5"
0,5.16171396722687,0.344,0.02,0,"10","ADGRG3"
4.0041229381821e-180,5.14848083175509,0.151,0.007,3.60415109788709e-175,"10","RADIL"
5.7460098431299e-239,5.12245501959008,0.173,0.006,5.17204091989965e-234,"10","APBA2"
4.54195878289649e-167,5.11618758130306,0.133,0.006,4.08826252007296e-162,"10","ST8SIA1"
9.05018922846544e-118,5.1140500518548,0.104,0.005,8.14616582643403e-113,"10","KIAA1324L"
0,5.08231779533314,0.404,0.02,0,"10","PDE1A"
4.07650226837115e-124,5.06115362275944,0.104,0.005,3.66930045678356e-119,"10","UNC5A"
0,5.05636391893689,0.576,0.039,0,"10","PRKG1"
1.60084319139401e-208,4.98016406228822,0.144,0.005,1.44093496500566e-203,"10","PRKCQ-AS1"
0,4.96480618562904,0.255,0.009,0,"10","RGS17"
3.28895959823286e-166,4.95756083425415,0.118,0.004,2.96042542396538e-161,"10","PRDM8"
1.8250026731847e-223,4.93283332132253,0.164,0.006,1.64270315616028e-218,"10","TRPC6"
3.77822960622315e-124,4.87893079853791,0.104,0.005,3.40082225085752e-119,"10","CCDC141"
1.82661829522567e-174,4.87624569016991,0.197,0.014,1.64415739371558e-169,"10","NEO1"
8.19499328891991e-51,4.87354868216448,0.106,0.014,7.3763954092897e-46,"10","PGM5-AS1"
1.44545693452193e-287,4.82529240269121,0.596,0.095,1.30107024133253e-282,"10","LYVE1"
1.00552423594064e-303,4.80824657741327,0.217,0.008,9.05082420012529e-299,"10","ADGRE2"
1.90827321692564e-217,4.78931499313828,0.248,0.018,1.71765580528694e-212,"10","ENSG00000230074"
2.0037121156971e-160,4.77041372795414,0.1,0.003,1.80356131246012e-155,"10","ENSG00000294133"
1.97168154124016e-186,4.7453175873617,0.217,0.016,1.77473027208568e-181,"10","MSR1"
3.75656890381928e-229,4.70857390037275,0.248,0.017,3.38132523601677e-224,"10","PLIN5"
1.64976751100379e-236,4.67767604219505,0.244,0.015,1.48497223432962e-231,"10","DENND2A"
0,4.67275717821103,0.647,0.061,0,"10","CD36"
0,4.65932019692582,0.364,0.026,0,"10","MITA1"
0,4.60253022596957,0.392,0.026,0,"10","TGFB2"
5.79884142603465e-231,4.54524441474373,0.242,0.015,5.21959515598805e-226,"10","ZNF24TR"
1.07823590986063e-205,4.46318977697107,0.18,0.009,9.70530924824652e-201,"10","ADD3-AS1"
1.40429011675209e-244,4.45189679765049,0.339,0.031,1.26401557698972e-239,"10","IRF8"
2.00168212254625e-224,4.43804883182696,0.271,0.021,1.80173409532511e-219,"10","TNIK"
0,4.43792650437367,0.459,0.034,0,"10","TC2N"
9.71363410585052e-305,4.37727278043566,0.765,0.157,8.74333919501711e-300,"10","FABP4"
4.62489874502983e-133,4.37121295604696,0.169,0.013,4.1629176093888e-128,"10","TSPAN11"
2.70747973921003e-321,4.35328308765522,0.69,0.119,2.43702958806034e-316,"10","PROX1"
1.3832437648553e-313,4.32030518679132,0.408,0.035,1.2450715451839e-308,"10","NR2F1-AS1"
2.88229102222798e-140,4.30294059776786,0.115,0.005,2.59437897201763e-135,"10","IGSF3"
9.22813280134876e-138,4.2747768583527,0.14,0.008,8.30633461582203e-133,"10","PRKAA2"
0,5.68546034325424,0.318,0.011,0,"11","LY6H"
5.47974516906169e-284,4.22632320910932,0.295,0.018,4.93237342412412e-279,"11","KIT"
5.57671947922907e-169,3.8939423090609,0.179,0.011,5.01966097044888e-164,"11","CREB3L1"
8.54517588666309e-102,3.88855839327433,0.153,0.014,7.69159826734432e-97,"11","COBL"
2.79378822350739e-192,3.82203697682383,0.233,0.017,2.51471671786124e-187,"11","KCNB1"
9.00568615719925e-75,3.63955543073529,0.262,0.054,8.10610816695662e-70,"11","APLN"
1.13264937796027e-67,3.62569780553443,0.151,0.021,1.01950903159582e-62,"11","ENSG00000289871"
1.57736657921457e-256,3.49356230385387,0.752,0.168,1.41980343161683e-251,"11","PGF"
1.28062663367047e-196,3.456705095815,0.347,0.038,1.15270483923313e-191,"11","LOX"
1.66556156561651e-184,3.39765111282093,0.512,0.095,1.49918862082708e-179,"11","GPIHBP1"
1.28897828692368e-126,3.28911927568928,0.189,0.017,1.16022224584287e-121,"11","MSR1"
1.46983693359463e-83,3.20674118506968,0.417,0.118,1.32301492229786e-78,"11","APOD"
6.51295224002479e-92,3.1643978789202,0.165,0.018,5.86237344076871e-87,"11","ZNF24TR"
3.716163169819e-122,3.15479469383409,0.422,0.09,3.34495563078578e-117,"11","IGF2"
1.22861322392319e-80,3.1423387379604,0.318,0.073,1.1058870489855e-75,"11","CHST1"
4.0639477257636e-119,3.07395208503207,0.255,0.033,3.65799998743708e-114,"11","CYP46A1"
1.97296101537622e-127,3.05523834027667,0.255,0.031,1.77588193955029e-122,"11","SV2B"
2.25749490813143e-64,3.04672249772261,0.106,0.011,2.03199374175818e-59,"11","NFIA-AS2"
1.49459851747001e-102,2.99079232963439,0.269,0.042,1.34530307155993e-97,"11","WSCD1"
1.14061388152498e-183,2.95393056296499,0.533,0.1,1.02667796089945e-178,"11","STK32B"
5.9241004282038e-109,2.90749274300866,0.25,0.035,5.33234203643052e-104,"11","N4BP3"
1.9891690265465e-80,2.86983578655499,0.236,0.041,1.79047093248477e-75,"11","LOXHD1"
2.33240431361173e-88,2.81567547555083,0.189,0.024,2.09942044672506e-83,"11","TTYH2"
2.10362423649275e-31,2.55978437659926,0.101,0.019,1.89349321150949e-26,"11","ENSG00000254802"
1.79270475561803e-33,2.53254027073933,0.108,0.02,1.61363147757935e-28,"11","ENSG00000289327"
1.5952746487303e-79,2.44213655193151,0.337,0.079,1.43592266406863e-74,"11","ENSG00000226149"
1.0215391496156e-39,2.44101728896055,0.163,0.036,9.19497603960498e-35,"11","COL12A1"
1.48384646133323e-62,2.33110877474466,0.222,0.044,1.33562503831065e-57,"11","GPRIN3"
3.98566716321798e-48,2.32935999062924,0.269,0.076,3.58753887028414e-43,"11","NID2"
1.36581312583149e-53,2.30194562661656,0.208,0.044,1.22938205269218e-48,"11","DAPK2"
2.26240098016985e-74,2.28634147625077,0.382,0.105,2.03640974626068e-69,"11","CCN3"
9.46080057599106e-36,2.28488941431951,0.108,0.019,8.51576120645532e-31,"11","SERPINA5"
1.57602397114877e-53,2.21131799542858,0.302,0.087,1.41859493667072e-48,"11","GAS2L3"
3.94960244148751e-105,2.19512505124214,0.483,0.125,3.55507665360732e-100,"11","GNG2"
3.65770812048715e-71,2.19032112789274,0.29,0.065,3.29233965633168e-66,"11","WFS1"
2.53218843067145e-22,2.17552954768284,0.149,0.046,2.27924812833168e-17,"11","ENSG00000243081"
8.28707912233054e-43,2.11183883935691,0.208,0.052,7.45928278880094e-38,"11","HIF3A"
1.9266270795501e-101,2.10489131773051,0.566,0.171,1.73417630057384e-96,"11","TP53I11"
6.66609482621989e-41,2.10229472008465,0.108,0.017,6.00021861402879e-36,"11","ENSG00000237760"
2.16295052691679e-34,2.0948767188622,0.127,0.026,1.94689339878307e-29,"11","PLXDC1"
5.56295498145059e-112,2.0839341887348,0.625,0.194,5.00727140835349e-107,"11","TNFRSF4"
6.11872919745799e-82,2.06698389125528,0.349,0.081,5.50752933792391e-77,"11","BCL2"
3.21098156518028e-39,2.04731227031948,0.198,0.051,2.89023661663442e-34,"11","CLIC5"
6.31438471933047e-65,2.01841397579028,0.323,0.085,5.68364082971655e-60,"11","CYRIA"
4.01052900176198e-38,1.99465997972857,0.116,0.02,3.60991725977598e-33,"11","ENSG00000308000"
5.09555819344888e-36,1.97987850859508,0.193,0.052,4.58656288550528e-31,"11","LNCTSI"
6.81540035891762e-55,1.97676937260713,0.321,0.093,6.13461001706534e-50,"11","GALNT15"
4.00891781861076e-71,1.94917268583717,0.483,0.157,3.60846701770973e-66,"11","PALD1"
1.95875022867053e-31,1.92118032751412,0.165,0.044,1.76309066832863e-26,"11","COL5A1"
3.79042376885199e-21,1.9141381580549,0.101,0.025,3.41179833858137e-16,"11","LINC02861"
2.95892154714877e-71,1.90116604657731,0.458,0.148,2.66335487380408e-66,"11","NIBAN1"
1.83845862668503e-94,1.89932547781057,0.762,0.405,1.65481499446547e-89,"11","MGLL"
2.70638094394338e-67,1.86409339427129,0.399,0.118,2.43604055145287e-62,"11","CHST15"
1.34719672305959e-46,1.85010101556499,0.606,0.333,1.21262524239317e-41,"11","ADM"
7.0317071098878e-73,1.82413622262413,0.436,0.132,6.32930988668111e-68,"11","KCNQ3"
1.18203037137644e-46,1.81246614833297,0.493,0.229,1.06395735757965e-41,"11","CYTL1"
1.34755673035041e-52,1.7946417912128,0.302,0.085,1.2129492885557e-47,"11","LINC01235"
1.05094749571831e-50,1.77436639062525,0.425,0.162,9.4596835037101e-46,"11","GFUS"
3.29549612320527e-20,1.77003992554807,0.156,0.053,2.9663090154583e-15,"11","EPHX4"
1.95731522337814e-25,1.76667405147461,0.233,0.087,1.7617990057149e-20,"11","DOCK8"
3.36175453586268e-46,1.74530193649761,0.257,0.071,3.02594887527536e-41,"11","PPM1H"
2.00065082557916e-28,1.74196500846208,0.179,0.053,1.80080581461206e-23,"11","PCSK6"
1.19677874103461e-75,1.73249025805662,0.762,0.4,1.07723251259266e-70,"11","PXDN"
3.59311102003899e-35,1.72477540592953,0.184,0.048,3.23419516024729e-30,"11","COL27A1"
2.73425427621552e-65,1.67454372265015,0.483,0.168,2.46112961656435e-60,"11","CXCR4"
2.08521809247378e-87,1.66577555434094,0.618,0.225,1.87692565721658e-82,"11","FILIP1"
3.64824854301069e-15,1.66230483054165,0.113,0.038,3.28382499604935e-10,"11","MTSS2"
8.03659191045185e-39,1.66193269237349,0.283,0.093,7.23381674451682e-34,"11","ADAM19"
3.10030969712555e-54,1.65515381134235,0.531,0.22,2.79061976147968e-49,"11","ANGPTL2"
5.84038848523253e-16,1.65389831043012,0.106,0.033,5.25699207944265e-11,"11","TRG-AS1"
1.03299522088012e-17,1.64813174240429,0.163,0.061,9.29809328266401e-13,"11","SMAD1-AS2"
2.38486376479363e-17,1.63998428157886,0.193,0.08,2.14663972332839e-12,"11","ENSG00000288853"
9.967368017829e-74,1.63773878829292,0.833,0.521,8.97172762652807e-69,"11","IL32"
1.40250522112734e-26,1.63562251612742,0.351,0.17,1.26240897458893e-21,"11","FABP4"
9.30743897206935e-14,1.63385894021399,0.146,0.059,8.37771889314934e-09,"11","ENSG00000289131"
4.59753789152234e-12,1.63261698297481,0.118,0.046,4.13828983153817e-07,"11","SEMA7A"
8.29769904991588e-59,1.63195129318831,0.384,0.118,7.46884189181979e-54,"11","BTNL9"
3.4636245184208e-21,1.60773829306611,0.134,0.04,3.11764306527575e-16,"11","CD82"
2.55912990177758e-16,1.60077838584807,0.177,0.072,2.30349841588901e-11,"11","YIPF1"
1.34569142230142e-11,1.5989315136984,0.108,0.041,1.21127030612773e-06,"11","ENSG00000304140"
2.28404351882902e-38,1.57940744436838,0.285,0.095,2.05589041173319e-33,"11","RRN3P2"
4.09193864877693e-22,1.5639670502325,0.101,0.024,3.6831948971506e-17,"11","ENSG00000280381"
8.03966556534298e-68,1.55902694403668,0.653,0.291,7.23658337202087e-63,"11","ARHGAP18"
1.27051941957285e-13,1.55546098050701,0.149,0.06,1.14360723475171e-08,"11","MOB3C"
9.46573788870597e-20,1.55202977557505,0.108,0.03,8.52020533100313e-15,"11","SCN9A"
4.3052083735678e-21,1.55071897737003,0.182,0.064,3.87516110913212e-16,"11","C1orf198"
7.46516325889204e-47,1.54703966577678,0.41,0.155,6.71946810096131e-42,"11","USP31"
9.10718761683913e-45,1.54247052801313,0.384,0.142,8.19747064579307e-40,"11","FHL3"
1.56550031720366e-16,1.53655400301658,0.116,0.037,1.40912249051818e-11,"11","C1QTNF9"
9.64438004941787e-23,1.53521612775592,0.167,0.054,8.68100292628152e-18,"11","SOX6"
2.09886867751999e-59,1.53009226765596,0.722,0.389,1.88921268532252e-54,"11","DACH1"
3.47557359308902e-45,1.52012584586273,0.465,0.198,3.12839854687536e-40,"11","RNF144A"
6.72269798559574e-16,1.51774943714387,0.21,0.093,6.05116768381458e-11,"11","IQCA1"
5.15001159928122e-25,1.51610310465234,0.453,0.254,4.63557694062902e-20,"11","RBP7"
5.65470349871084e-43,1.50672991638873,0.547,0.255,5.08985516622461e-38,"11","PDGFB"
2.35955490387131e-42,1.50161758598648,0.42,0.168,2.1238589645236e-37,"11","PCDH12"
7.19807716290911e-40,1.49987921926397,0.392,0.159,6.47906123510612e-35,"11","CTNNBIP1"
6.11631471910719e-47,1.49923476300593,0.469,0.201,5.50535604181557e-42,"11","FADS3"
4.98632757701917e-28,1.49562099459443,0.264,0.1,4.48824331535073e-23,"11","RHBDF2"
9.49736362581679e-37,1.48573339355861,0.366,0.145,8.54867197323395e-32,"11","EFNB1"
6.06069169737127e-214,6.21055814038487,0.103,0.002,5.45528920372085e-209,"12","AL136985.3"
0,6.10372540766668,0.182,0.003,0,"12","AL133268.4"
0,5.95136992800576,0.201,0.005,0,"12","C1orf112"
7.61286317175888e-245,5.54726113778059,0.225,0.011,6.85241426953189e-240,"12","AL078604.4"
1.32771057115557e-149,5.13807129709428,0.122,0.005,1.19508556220284e-144,"12","AL157871.4"
5.82580115979023e-172,4.95752838849291,0.125,0.004,5.24386188193879e-167,"12","AL445123.2"
0,4.83477189175797,0.309,0.015,0,"12","AC011511.2"
2.58156823116411e-295,4.81663072256271,0.278,0.014,2.32369538055312e-290,"12","AL033504.1"
9.74737977785024e-266,4.72024051006604,0.235,0.011,8.77371401184078e-261,"12","ARNTL2"
4.09923325630425e-194,4.64100528136709,0.122,0.003,3.68976084633202e-189,"12","AL589693.1"
1.19458807200979e-146,4.57124160909265,0.163,0.01,1.07526066949673e-141,"12","AC005920.2"
2.86600340430201e-215,4.55695983860581,0.225,0.013,2.57971832424628e-210,"12","FAM102B"
2.72876796660174e-154,4.5268257606101,0.106,0.003,2.45619133441789e-149,"12","LINC01197"
0,4.52538726688935,0.369,0.019,0,"12","DDX58"
2.17875570941423e-174,4.47766093481171,0.18,0.01,1.96111980160084e-169,"12","AP000787.1"
7.46768278480872e-138,4.45373743787001,0.122,0.006,6.72173595143418e-133,"12","AF165147.1"
0,4.42144974641715,0.324,0.018,0,"12","AL109930.1"
4.73363604791835e-277,4.38133848837943,0.264,0.014,4.26079314309178e-272,"12","TNFRSF6B"
1.66226027861066e-56,4.36968597191583,0.165,0.029,1.49621709938024e-51,"12","KCNIP4"
3.02625336651242e-104,4.3342690118933,0.108,0.006,2.72396091773149e-99,"12","AC007681.1"
8.53558407921701e-144,4.3284217850913,0.115,0.005,7.68296458554403e-139,"12","METTL7A"
3.16739712291587e-139,4.3279748819857,0.139,0.008,2.85100582430781e-134,"12","AP001037.1"
0,4.31543254338058,0.492,0.036,0,"12","WARS"
8.64103804698089e-154,4.2178998631681,0.177,0.012,7.77788475646797e-149,"12","AC008014.1"
6.46248592088134e-186,4.17973271995651,0.24,0.018,5.81694820224451e-181,"12","AC016831.7"
1.9489945357677e-263,4.16719551829399,0.324,0.024,1.75430947158987e-258,"12","AL365295.1"
3.78032594662588e-117,4.04254193537046,0.144,0.01,3.40270918781742e-112,"12","MARCH8"
3.98747738984532e-112,4.0370172410396,0.106,0.005,3.58916827337367e-107,"12","AL031602.2"
6.55396546327885e-116,4.00726032384561,0.158,0.013,5.89928985315192e-111,"12","ALOX12-AS1"
5.91592583022189e-102,4.00377374304603,0.125,0.009,5.32498399904103e-97,"12","AC006059.1"
2.0752527382406e-73,3.99573899582524,0.101,0.008,1.86795574221775e-68,"12","AC018797.3"
4.77164631043829e-85,3.99132571225226,0.103,0.007,4.29500656048861e-80,"12","AC016831.5"
8.19124694735554e-114,3.9722036632545,0.134,0.009,7.37302328978419e-109,"12","AC015912.3"
1.4529138340035e-110,3.97105726830762,0.139,0.01,1.30778227112489e-105,"12","AC104695.4"
1.62413251876611e-213,3.94819167543026,0.254,0.018,1.46189792146657e-208,"12","AL359220.1"
5.33704823368093e-79,3.92282246929756,0.103,0.008,4.80393048561854e-74,"12","WDYHV1"
9.03898651770323e-106,3.92000714574886,0.139,0.011,8.13608215444985e-101,"12","RFX3-AS1"
8.62495820256666e-107,3.91653973232419,0.127,0.009,7.76341112771227e-102,"12","AC025171.2"
0,3.90644356476529,0.77,0.078,0,"12","PALM2-AKAP2"
4.25976021117792e-93,3.89255956055902,0.139,0.012,3.83425276368336e-88,"12","C15orf41"
9.00339750185428e-156,3.88481281838843,0.211,0.017,8.10404812539405e-151,"12","AL353138.1"
2.04123787447368e-140,3.87330108448742,0.165,0.011,1.8373386231925e-135,"12","MARC2"
9.74285102528644e-182,3.85746927080871,0.266,0.024,8.76963763637058e-177,"12","AC027097.2"
2.16656103111758e-150,3.80310172623888,0.225,0.02,1.95014324971925e-145,"12","ELMSAN1"
0,3.74465682955942,0.537,0.053,0,"12","LINC01578"
6.18479925776844e-92,3.72333557234019,0.168,0.019,5.56699965990995e-87,"12","LRP11"
2.89873207455331e-91,3.70064375281791,0.146,0.014,2.60917772762618e-86,"12","AL138828.1"
1.18959901221916e-117,3.67881394800063,0.175,0.016,1.07076996688859e-112,"12","AC008875.3"
1.32680868245251e-59,3.64995072445986,0.153,0.024,1.19427376316233e-54,"12","CALML4"
2.22246175715374e-78,3.6405939434144,0.11,0.009,2.00046005223166e-73,"12","TCTEX1D1"
6.46016329036173e-40,3.63640176136745,0.118,0.02,5.8148575792875e-35,"12","UNC5C"
0,3.62068133927151,0.616,0.057,0,"12","FAM155A"
5.65690967647327e-63,3.61254241580509,0.103,0.01,5.09184096889035e-58,"12","AC005332.6"
6.37334725424709e-103,3.56492716681418,0.175,0.018,5.73671359702035e-98,"12","AC022217.3"
2.21050507940647e-106,3.56357572146753,0.18,0.018,1.98969772702456e-101,"12","AL139317.5"
2.87652400511122e-225,3.56249440222229,0.408,0.046,2.58918802224066e-220,"12","ADAMTSL4-AS1"
1.86183291704692e-63,3.55442436488667,0.113,0.012,1.6758544269631e-58,"12","AL139383.1"
4.17177565188582e-106,3.55255530895757,0.18,0.018,3.75505698201895e-101,"12","C5orf56"
0,3.5500762788592,0.559,0.055,0,"12","AC020916.1"
9.23082146207872e-70,3.54735861454054,0.113,0.011,8.30875470623168e-65,"12","Z93930.2"
5.50010758640241e-266,3.54197731286154,0.482,0.055,4.95070183959668e-261,"12","MARCH3"
3.37665104953151e-206,3.53217417218828,0.312,0.028,3.0393573761938e-201,"12","FAM126A"
2.59647786086635e-83,3.52974471084827,0.108,0.008,2.33711568734441e-78,"12","AL691403.1"
3.23591072336911e-76,3.52351704137899,0.127,0.013,2.91267560121177e-71,"12","TAZ"
3.15670069475931e-67,3.52123786443419,0.101,0.009,2.8413778623598e-62,"12","AL445524.1"
5.31106973076679e-235,3.5140490137398,0.379,0.038,4.7805469753605e-230,"12","AL139807.1"
2.65446715697351e-83,3.50876852488858,0.127,0.012,2.38931243266343e-78,"12","AC017101.1"
9.82692719001216e-279,3.50782669847129,0.48,0.052,8.84531543300184e-274,"12","GRASP"
4.71345343773414e-127,3.50503320612532,0.201,0.019,4.24262657383888e-122,"12","AC009120.2"
2.81582424888067e-71,3.49120306214851,0.113,0.011,2.53455156465998e-66,"12","Z82215.1"
5.12879633747698e-87,3.47541409397039,0.153,0.016,4.6164808713264e-82,"12","AC110611.2"
1.90696972917865e-102,3.47014674130081,0.173,0.018,1.716482522931e-97,"12","AARS"
3.34826318756973e-88,3.45419856285858,0.149,0.015,3.01380517776339e-83,"12","AC090517.5"
6.87006254625476e-118,3.42826820453101,0.165,0.014,6.18381199850937e-113,"12","AL731577.2"
5.29463390153248e-87,3.42092996098626,0.158,0.017,4.7657529211084e-82,"12","CYHR1"
3.7733981017796e-87,3.41767748163314,0.134,0.012,3.39647336539283e-82,"12","COQ8A"
1.21151345968471e-80,3.41691119978446,0.132,0.013,1.0904953801968e-75,"12","FAM160B2"
3.02061181223052e-296,3.41020426233427,0.52,0.058,2.71888289830682e-291,"12","MARCH6"
1.8868440826978e-87,3.38310459327824,0.118,0.009,1.69836722727712e-82,"12","AC025171.1"
4.20627956442217e-96,3.37911191438149,0.17,0.018,3.78611429873204e-91,"12","CCDC84"
3.48187119686127e-116,3.37827031081973,0.23,0.028,3.13406708300679e-111,"12","NARS"
3.79901499895137e-58,3.37245513410239,0.137,0.019,3.41953139070612e-53,"12","CMKLR1"
1.2168953791503e-157,3.37207660809638,0.388,0.061,1.09533969972697e-152,"12","MALL"
4.44422680022232e-69,3.35365205604876,0.192,0.032,4.00029298514811e-64,"12","LTBP2"
1.76930211706346e-51,3.34440337889857,0.115,0.015,1.59256652858999e-46,"12","AC008771.1"
2.20096265601749e-53,3.34305008178913,0.103,0.012,1.9811084963079e-48,"12","RMRP"
1.79429793972921e-191,3.33788078359484,0.326,0.034,1.61506551852966e-186,"12","ADSS"
1.07899524651866e-65,3.33004441022024,0.129,0.015,9.71214411343913e-61,"12","KIAA1841"
1.73896311973842e-124,3.32256874649972,0.242,0.029,1.56525809370775e-119,"12","AC087286.2"
0,3.31874958705504,0.635,0.071,0,"12","KIAA0355"
1.03109009431304e-261,3.31709266051755,0.448,0.048,9.28094504792107e-257,"12","C9orf16"
2.3282972779374e-58,3.30856963051729,0.106,0.011,2.09572366284423e-53,"12","C12orf73"
3.51073497048725e-104,3.29132509074429,0.182,0.019,3.16004765428528e-99,"12","GARS-DT"
2.62466317975064e-268,3.29083565100716,0.482,0.054,2.36248557472535e-263,"12","MARCH7"
0,3.28143512470382,0.825,0.092,0,"12","H3F3B"
7.72310056476632e-70,3.27330845471618,0.144,0.018,6.95164004935181e-65,"12","AC083870.1"
3.90272670072916e-182,3.2713071170036,0.324,0.035,3.51288333059333e-177,"12","MARCH5"
2.69717407300444e-82,3.26672125726066,0.158,0.018,2.42775335485203e-77,"12","H2AFX"
8.12179238439832e-77,3.25380082333217,0.134,0.014,7.31050654312077e-72,"12","AC105052.4"
1.08348968224632e-59,3.2526054554712,0.129,0.017,9.75259897886735e-55,"12","UHRF1BP1L"
1.06681131372696e-30,2.90384916477265,0.241,0.078,9.60247531598777e-26,"13","PLCXD3"
2.79674484368266e-17,2.68293513071505,0.125,0.037,2.5173780012472e-12,"13","MTND1P23"
2.53335178792558e-12,2.62216251867116,0.131,0.049,2.28029527782969e-07,"13","AGMO"
1.23758359811357e-28,2.53033529948016,0.25,0.085,1.11396137249801e-23,"13","ADAMTS18"
5.55551641197129e-77,2.41181895960744,0.542,0.181,5.00057587757947e-72,"13","MIR99AHG"
3.77802828485168e-42,2.40322523294309,0.354,0.124,3.40064103947785e-37,"13","NR2F2-AS1"
1.48658067014535e-23,2.4003942409966,0.244,0.093,1.33808612700453e-18,"13","CADM3-AS1"
8.36212019074093e-10,2.36987470673408,0.113,0.045,7.52682800488782e-05,"13","CAVIN2-AS1"
4.87364223620903e-22,2.3686807174958,0.238,0.091,4.38681411323411e-17,"13","TPO"
1.04829062350989e-09,2.30419127482851,0.107,0.041,9.43576873127486e-05,"13","PTPN5"
2.10327066168286e-10,2.23744809531662,0.104,0.038,1.89317495528736e-05,"13","ENSG00000305497"
1.26179669809454e-07,2.23115745797176,0.128,0.061,0.0113575582592187,"13","LETR1"
4.70372807533053e-06,2.16930767696746,0.155,0.091,0.423387267788576,"13","ADAM23"
5.44495369200796e-36,2.16384873623917,0.414,0.18,4.90105726771328e-31,"13","RAB3C"
1.03277341202647e-09,2.15645692051913,0.152,0.07,9.29609675899143e-05,"13","TRABD2B"
4.88986695718544e-80,2.13455608180332,0.804,0.416,4.40141814683219e-75,"13","TLL1"
5.41605724446633e-27,2.12795457849073,0.339,0.147,4.87504728631659e-22,"13","VCAN"
0.000440307910899632,2.10786735361404,0.119,0.073,1,"13","LIPG"
9.10942615005411e-14,2.05327162008287,0.208,0.097,8.19948557192521e-09,"13","DOCK11"
6.53314864764363e-11,2.05293870813981,0.262,0.15,5.88055242923051e-06,"13","MEOX2"
2.10084845478675e-27,2.04474827025568,0.411,0.197,1.8909947026381e-22,"13","LINC02147"
1.80253481854826e-12,1.98608714468197,0.17,0.072,1.62247961552347e-07,"13","GPM6A"
1.75711752033661e-13,1.95258040272809,0.211,0.099,1.58159905123018e-08,"13","ENSG00000232855"
4.67889904550587e-38,1.95087609332207,0.494,0.242,4.21152381985028e-33,"13","LRRC1"
6.86607006419084e-39,1.94125594620969,0.423,0.17,6.18021832547882e-34,"13","RYR3"
2.0741368873186e-10,1.87818522077463,0.196,0.1,1.86695135364435e-05,"13","DISC1FP1"
4.85242586886526e-06,1.87003850048597,0.173,0.104,0.436771704882431,"13","FRMD3"
2.10447060230239e-07,1.8672532481468,0.143,0.073,0.018942550338384,"13","SELL"
9.96725603894764e-35,1.86315513599655,0.607,0.345,8.97162683321716e-30,"13","VCAM1"
5.55372251239122e-08,1.86276460227562,0.208,0.122,0.00499896117062846,"13","SYBU"
2.39063796887975e-10,1.86054118758632,0.101,0.036,2.15183714216835e-05,"13","ENSG00000303117"
4.74379485141929e-12,1.84626061533857,0.25,0.136,4.26993718371102e-07,"13","PLA1A"
1.52483241408688e-06,1.83169710927435,0.173,0.102,0.137251690424374,"13","LAMA3"
2.19892002304573e-20,1.82927144872606,0.408,0.228,1.97926990194369e-15,"13","ADAMTSL1"
0.00447126414567366,1.82782145741737,0.104,0.068,1,"13","PCDH7"
5.7753612807651e-28,1.81732216770163,0.467,0.254,5.19846044242947e-23,"13","MYRIP"
3.68026707861635e-38,1.8142714103642,0.56,0.305,3.31264520013336e-33,"13","IL1R1"
6.08508559833908e-07,1.81276051616306,0.155,0.084,0.0547724639792099,"13","ENSG00000288775"
0.000104726199474276,1.80132466957278,0.119,0.069,1,"13","ZBTB7C"
1.05868475054949e-05,1.80065011037876,0.182,0.115,0.952932730817104,"13","COL23A1"
2.40184335330341e-06,1.79816962229223,0.125,0.065,0.216192322074193,"13","ASAP3"
3.76407650530369e-06,1.79690473850329,0.119,0.061,0.338808290318891,"13","KLHL14"
7.93705637778478e-22,1.78324180638743,0.402,0.224,7.14422381620785e-17,"13","PLEKHA7"
1.72753074094792e-32,1.76906651034498,0.497,0.257,1.55496769523463e-27,"13","EPB41L3"
1.52391525011139e-14,1.76062090389776,0.259,0.131,1.37169135577776e-09,"13","ADGRG6"
6.03308016763292e-08,1.760531721745,0.17,0.091,0.00543043578968807,"13","ENSG00000287976"
8.19767215639642e-11,1.70984618052715,0.217,0.113,7.37880668469398e-06,"13","ENSG00000287092"
8.71005840275159e-44,1.7094521191589,0.702,0.426,7.84001066890073e-39,"13","TMTC2"
2.47826523224362e-31,1.70653115955063,0.604,0.376,2.2307113181948e-26,"13","HDAC9"
1.46421143157995e-09,1.70511452311614,0.14,0.062,0.000131795135167943,"13","HAS2"
2.84304856685751e-10,1.68686558894197,0.173,0.082,2.55905644551412e-05,"13","LINC01515"
1.22435773778203e-05,1.68524920355834,0.128,0.071,1,"13","KLF8"
7.41944999535148e-06,1.66664220356661,0.131,0.072,0.667832113531582,"13","CTTNBP2"
2.86460416473263e-39,1.66647684067457,0.628,0.39,2.57845885471748e-34,"13","ST6GAL1"
8.69181823352103e-09,1.65278756885184,0.14,0.065,0.000782359251017462,"13","CHODL"
9.2398992797352e-09,1.63931276816297,0.214,0.12,0.000831692574068245,"13","LINC01876"
1.67980010151032e-14,1.63369691079142,0.375,0.234,1.51200486937045e-09,"13","PLSCR4"
2.20802729083498e-26,1.62902536957899,0.473,0.267,1.98746744475347e-21,"13","PCAT1"
6.86525130369983e-11,1.6245669256593,0.25,0.14,6.17948135097325e-06,"13","PRKCH-AS1"
4.8752808100725e-05,1.61528753355416,0.125,0.071,1,"13","DNAH14"
2.48912998707186e-58,1.61383495624615,0.693,0.339,2.24049079266325e-53,"13","SELP"
1.20121194384795e-05,1.61281894966181,0.146,0.084,1,"13","IL1R1-AS1"
5.24226518295118e-37,1.6094010789822,0.702,0.481,4.71861531382619e-32,"13","TMTC1"
6.95885234278863e-05,1.60710507061298,0.101,0.054,1,"13","DANT2"
2.26201858231892e-46,1.60418026362077,0.658,0.362,2.03606554613109e-41,"13","ENSG00000310376"
0.00161012167991636,1.58688655478355,0.113,0.072,1,"13","MLIP"
0.000134825003888937,1.58500238579693,0.17,0.111,1,"13","BOC"
3.49864387702723e-15,1.5806474871018,0.283,0.145,3.14916434015098e-10,"13","DIXDC1"
3.96113119617212e-06,1.57864852081903,0.155,0.088,0.356545380098649,"13","ENSG00000270640"
2.13393550596345e-19,1.56018122497377,0.464,0.303,1.92077668827276e-14,"13","IL15"
1.53096883640696e-05,1.55612645929442,0.137,0.078,1,"13","TMT1A"
0.000958049677449715,1.55596377903227,0.11,0.068,1,"13","IRX3"
1.72331392037084e-19,1.54534457652861,0.461,0.3,1.55117209286499e-14,"13","CHN1"
5.35878231887873e-12,1.54301458624517,0.417,0.298,4.82349355304593e-07,"13","SESN3"
7.26831479848564e-06,1.53842052604933,0.208,0.137,0.654228283326491,"13","ENSG00000288928"
6.82218159565206e-07,1.53630872580169,0.265,0.182,0.0614071387606237,"13","NPAS3"
3.98948373321633e-05,1.53354795091877,0.101,0.052,1,"13","PLA2R1"
0.000286587802628305,1.52580413648503,0.14,0.089,1,"13","SDK1"
3.39551012714797e-07,1.51362359556353,0.229,0.146,0.0305633262054715,"13","ENSG00000308157"
1.03352731342194e-09,1.51028258625537,0.238,0.131,9.30288270084226e-05,"13","MT-ATP8"
2.87396435799851e-13,1.50696247480319,0.301,0.17,2.58688405827804e-08,"13","DAPK1"
2.08634939022196e-54,1.50515023940371,0.812,0.541,1.87794394963269e-49,"13","PLCB4"
2.86597317559013e-33,1.49944046879967,0.545,0.301,2.57969111508043e-28,"13","STOX2"
0.00185494577612395,1.49788939012312,0.146,0.101,1,"13","RFX3-DT"
2.0354461611025e-06,1.4904704126846,0.146,0.079,0.183212544406997,"13","ENSG00000298766"
1.05853308419764e-44,1.48406494762065,0.833,0.586,9.5279621441714e-40,"13","SLCO2A1"
1.10250998036323e-11,1.48201349148932,0.336,0.208,9.9238025842475e-07,"13","POSTN"
2.49464352832248e-16,1.47331517526991,0.414,0.26,2.24545358627834e-11,"13","SAMD5"
0.00125587808023739,1.46115512495174,0.14,0.094,1,"13","INMT"
6.47328524346066e-10,1.45842224311412,0.235,0.132,5.82666878049138e-05,"13","ENSG00000227681"
0.00562418324626617,1.45311680585125,0.113,0.077,1,"13","HOXA5"
0.00182880885620488,1.44740460594305,0.113,0.072,1,"13","ENSG00000272501"
0.000956232463380203,1.44419574665215,0.11,0.068,1,"13","MCTP2"
5.81077956707241e-24,1.44291952385395,0.589,0.4,5.23034079611755e-19,"13","LIFR"
3.22804502595653e-09,1.44237440668751,0.205,0.111,0.000290559560831373,"13","MMP16"
2.32432654463516e-15,1.42626832670814,0.512,0.373,2.09214956609156e-10,"13","PDE7B"
3.82748296971673e-21,1.425730241163,0.476,0.297,3.44515569587173e-16,"13","FRY"
1.47697082166796e-10,1.42222607120703,0.268,0.154,1.32943620629155e-05,"13","FLRT2"
8.46534663483673e-05,1.4199583625696,0.134,0.079,1,"13","ENSG00000287292"
0.000417615623472158,1.41585609492063,0.14,0.091,1,"13","ACTR3B"
0,7.78024218769284,0.5,0.002,0,"14","PBK"
0,7.42480964262713,0.137,0,0,"14","H2AC14"
0,7.33992340789034,0.17,0.001,0,"14","NEIL3"
0,7.2009556272242,0.5,0.003,0,"14","CEP55"
0,7.02993317928237,0.679,0.007,0,"14","DIAPH3"
0,7.0214966675507,0.354,0.002,0,"14","TROAP"
0,6.92795213875817,0.245,0.001,0,"14","NEK2"
0,6.92670811546173,0.373,0.002,0,"14","BUB1B"
0,6.9227610254346,0.288,0.001,0,"14","DEPDC1"
0,6.883156231899,0.462,0.003,0,"14","DLGAP5"
1.2334739178001e-253,6.87105046740174,0.123,0.001,1.11026220815105e-248,"14","TICRR"
0,6.76960614759943,0.325,0.002,0,"14","KIF18B"
0,6.66709481817177,0.269,0.001,0,"14","HJURP"
0,6.60615440689847,0.203,0.001,0,"14","H1-5"
0,6.56938326584268,0.316,0.003,0,"14","SHCBP1"
0,6.51283926532054,0.373,0.004,0,"14","ESCO2"
0,6.50120692107849,0.274,0.003,0,"14","POLQ"
0,6.47742485602433,0.458,0.003,0,"14","MELK"
0,6.43420989602525,0.311,0.003,0,"14","KIF15"
0,6.42884050688075,0.274,0.002,0,"14","IQGAP3"
0,6.37106897981138,0.241,0.003,0,"14","H2BC9"
0,6.33316198747918,0.325,0.004,0,"14","CDC25C"
0,6.27489129220938,0.552,0.009,0,"14","KNL1"
0,6.10026332890772,0.552,0.01,0,"14","FOXM1"
0,6.09989366131926,0.34,0.004,0,"14","SGO1"
0,6.05054501554042,0.448,0.006,0,"14","NUF2"
0,6.03923175099274,0.528,0.009,0,"14","ANLN"
0,6.0275414628834,0.41,0.005,0,"14","NCAPG"
0,6.02145497323016,0.264,0.002,0,"14","PKMYT1"
0,6.0153449485139,0.491,0.007,0,"14","GTSE1"
0,5.98946946389659,0.354,0.006,0,"14","KIF23"
0,5.98177833773311,0.226,0.002,0,"14","TTK"
0,5.93286917390258,0.335,0.003,0,"14","BUB1"
0,5.88693958106729,0.514,0.009,0,"14","CENPM"
0,5.84803852409694,0.524,0.011,0,"14","PRC1"
0,5.83460412770563,0.278,0.004,0,"14","PLK1"
0,5.81741199001968,0.292,0.002,0,"14","CKAP2L"
0,5.77770762125286,0.274,0.004,0,"14","FAM111B"
0,5.6803724306548,0.363,0.004,0,"14","MYBL2"
0,5.6593832109269,0.566,0.014,0,"14","ZWINT"
0,5.62853634790358,0.278,0.005,0,"14","CDT1"
0,5.56570744112882,0.255,0.004,0,"14","SKA3"
0,5.55797578914825,0.278,0.005,0,"14","E2F1"
0,5.53176969141156,0.226,0.001,0,"14","SKA1"
6.24279293945128e-284,5.51037219724031,0.226,0.005,5.61920035272949e-279,"14","RAD51"
1.35554211035546e-260,5.49707768154573,0.203,0.004,1.22013700895206e-255,"14","H2AC17"
0,5.48378701029216,0.288,0.005,0,"14","TRIP13"
6.11178408451287e-233,5.47681320773958,0.17,0.003,5.50127797231088e-228,"14","EXO1"
0,5.42063026100632,0.349,0.008,0,"14","BRIP1"
0,5.41561999089909,0.462,0.012,0,"14","PRR11"
0,5.37704523984783,0.519,0.012,0,"14","MAD2L1"
0,5.36994846493086,0.34,0.005,0,"14","RAD51AP1"
1.27728872204004e-227,5.3653384956806,0.292,0.012,1.14970035159546e-222,"14","H1-3"
1.10649304252133e-171,5.35622394374558,0.113,0.002,9.95965452503873e-167,"14","TRAIP"
1.01111583588348e-209,5.32717529248423,0.127,0.002,9.10115475037083e-205,"14","SAPCD2"
0,5.32398370018327,0.274,0.006,0,"14","PLK4"
0,5.29013891789774,0.203,0.002,0,"14","PIMREG"
0,5.21582146115254,0.269,0.004,0,"14","ARHGAP11A"
0,5.17515098014354,0.368,0.01,0,"14","MIR924HG"
0,5.12854587975526,0.302,0.008,0,"14","ORC6"
3.24809224019141e-215,5.12126527855222,0.151,0.003,2.92364030631869e-210,"14","APOBEC3B"
0,5.09671010390884,0.245,0.004,0,"14","OIP5"
4.00201410354417e-170,5.07840702780568,0.165,0.005,3.60225291474115e-165,"14","ARHGAP11B"
3.70171094094302e-287,5.06486621251492,0.198,0.003,3.33194703505223e-282,"14","RECQL4"
0,4.98079145814601,0.429,0.016,0,"14","ASF1B"
1.21719985131112e-255,4.8371616706879,0.151,0.002,1.09561375816365e-250,"14","PSRC1"
0,4.82462943066995,0.354,0.008,0,"14","ENSG00000305512"
4.51179399656196e-235,4.82181541797604,0.208,0.005,4.06111089424539e-230,"14","MCM10"
2.94535940316267e-316,4.78577617161858,0.387,0.015,2.65114745238075e-311,"14","HMMR"
2.21212018311966e-312,4.76944377710258,0.292,0.008,1.99115149802784e-307,"14","NDC80"
0,4.76385749254812,0.311,0.007,0,"14","NCAPH"
1.5797194706649e-231,4.74956921425745,0.392,0.023,1.42192129274019e-226,"14","KIF14"
1.5913277743077e-284,4.74112879360692,0.708,0.069,1.43237004293211e-279,"14","PTTG1"
0,4.7324136250396,0.368,0.012,0,"14","TCF19"
0,4.72453308359156,0.519,0.025,0,"14","UBE2T"
0,4.67663866583593,0.425,0.016,0,"14","CLSPN"
2.31182135385843e-137,4.67603112271933,0.108,0.002,2.08089351882151e-132,"14","XRCC2"
0,4.65498942972872,0.547,0.023,0,"14","CENPK"
1.04056295711943e-250,4.6336655503269,0.226,0.006,9.36621123332771e-246,"14","ENSG00000227598"
6.21298651337898e-255,4.62405743522035,0.236,0.006,5.59237129055755e-250,"14","GINS1"
5.58455727297564e-312,4.62403069189292,0.316,0.01,5.02671584697811e-307,"14","UHRF1"
0,4.60824215486068,0.5,0.022,0,"14","KIF20B"
1.13781059405463e-146,4.56728124920649,0.104,0.002,1.02415469381451e-141,"14","TEDC2"
9.15809948384926e-252,4.56340209823568,0.283,0.01,8.24329692640755e-247,"14","C21orf58"
3.6198016163911e-295,4.54229547646906,0.325,0.011,3.25821963292979e-290,"14","RACGAP1"
2.21722501660364e-281,4.42242054474522,0.425,0.022,1.99574640969511e-276,"14","CIT"
6.99474639915893e-210,4.38941355077085,0.259,0.01,6.29604118134694e-205,"14","CDC6"
1.51650751938073e-229,4.37489805348304,0.344,0.017,1.36502358326979e-224,"14","MXD3"
9.86619401399654e-316,4.36387314769056,0.608,0.042,8.88065989393843e-311,"14","GGH"
0,4.27283255555344,0.396,0.015,0,"14","PARPBP"
1.67560413537209e-176,4.25700389234903,0.274,0.014,1.50822803828978e-171,"14","FANCD2"
8.24783926921876e-311,4.25587899890247,0.594,0.041,7.4239626046165e-306,"14","CENPW"
1.99708850009243e-91,4.25113532124294,0.108,0.004,1.79759932981819e-86,"14","KIF24"
2.04983060236723e-308,4.22598570485007,0.325,0.01,1.84507302349677e-303,"14","SPC24"
1.4323062689091e-166,4.20940267434738,0.184,0.006,1.28923319570777e-161,"14","CENPI"
1.36866126051109e-142,4.20290161687549,0.108,0.002,1.23194568719864e-137,"14","H2AC12"
2.88910661582381e-171,4.17693945676899,0.274,0.015,2.60051375596917e-166,"14","KNSTRN"
7.24594698813206e-166,4.17254819242754,0.231,0.011,6.52214934348755e-161,"14","BLM"
2.41860467071152e-246,4.16816533562613,0.439,0.027,2.17701025015415e-241,"14","FANCI"
1.12585847433126e-163,4.07288301691132,0.274,0.016,1.01339647133031e-158,"14","FEN1"
5.44154982882708e-60,4.83110597008036,0.29,0.036,4.89799341642554e-55,"15","SLC2A14"
5.43730980580839e-21,4.52005594823144,0.193,0.041,4.89417692930619e-16,"15","ENSG00000259135"
4.73888187190538e-24,3.89410047425934,0.29,0.077,4.26551496172075e-19,"15","ENSG00000297373"
2.00705532111237e-28,3.85739293791517,0.159,0.022,1.80657056508645e-23,"15","ENSG00000309014"
1.27904748817193e-18,3.73232628553977,0.166,0.034,1.15128343457844e-13,"15","ENSG00000289375"
3.84466957109664e-17,3.72495619374502,0.103,0.016,3.4606255276398e-12,"15","ENSG00000295498"
1.00489939183928e-41,3.70380412159881,0.324,0.061,9.04519991588457e-37,"15","ENSG00000293472"
3.69758531573028e-22,3.66757995875838,0.207,0.044,3.32823351854198e-17,"15","LINGO3"
1.14625927254653e-37,3.64828202096479,0.241,0.038,1.03175943381185e-32,"15","ENSG00000273149"
2.34009833478543e-12,3.60800816718252,0.117,0.026,2.10634591212371e-07,"15","ENSG00000259076"
1.23932509985654e-21,3.54984030266759,0.324,0.103,1.11552891563187e-16,"15","ENSG00000290039"
1.29382489292492e-24,3.53221361979634,0.283,0.073,1.16458472437065e-19,"15","RDUR"
1.32359312854633e-10,3.52187234565726,0.103,0.023,1.19137941093584e-05,"15","ENSG00000306297"
4.24137929835224e-21,3.51068533980355,0.207,0.046,3.81770792023984e-16,"15","RAB44"
2.11762305080264e-21,3.49969726724225,0.152,0.026,1.90609368425797e-16,"15","ENSG00000228950"
2.14065712246809e-11,3.49125376345641,0.214,0.077,1.92682688250475e-06,"15","ENSG00000273702"
4.52870489244545e-15,3.44983306499076,0.179,0.046,4.07633256073907e-10,"15","ENSG00000295914"
4.63862745839753e-19,3.42889191225454,0.193,0.044,4.1752749615782e-14,"15","ENSG00000294563"
1.22432810159499e-19,3.38190065449718,0.214,0.052,1.10202996752667e-14,"15","LDHC"
2.38247290142222e-11,3.35545154531722,0.11,0.025,2.14448768329916e-06,"15","LINC01220"
1.66719087767536e-17,3.35390998345405,0.166,0.036,1.50065518090437e-12,"15","HIPK4"
5.15811837328637e-14,3.35168898902158,0.152,0.036,4.6428739289788e-09,"15","ENSG00000296268"
3.57641667129826e-10,3.31072490089983,0.159,0.05,3.21916841000228e-05,"15","ENSG00000298773"
3.22554467537136e-07,3.30612379632308,0.103,0.031,0.0290334501774852,"15","SDAD1P1.1"
8.26821312513264e-19,3.2803472585084,0.248,0.07,7.44230131606314e-14,"15","ENSG00000303469"
4.34278763325605e-15,3.2695065477474,0.241,0.078,3.9089865765701e-10,"15","ENSG00000258740"
5.51357537794099e-11,3.26550628859567,0.131,0.034,4.96282433343846e-06,"15","ENSG00000237614"
2.19338487313191e-14,3.22418709521557,0.186,0.051,1.97428765815477e-09,"15","PRKCG"
3.3465468925044e-38,3.21774568994247,0.503,0.161,3.01226032341213e-33,"15","ENSG00000289341"
1.32614246305194e-10,3.20892100137002,0.103,0.023,1.19367409241768e-05,"15","ENSG00000272426"
7.37021800160922e-09,3.17054872811116,0.145,0.047,0.000663400692542848,"15","ENSG00000295095"
3.72236014903243e-06,3.12465552261847,0.11,0.039,0.335053359374558,"15","GSK3B-DT"
1.23001130657285e-08,3.1173501113295,0.131,0.04,0.00110714547715929,"15","ENSG00000298853"
1.52882832988604e-19,3.07121232277498,0.241,0.065,1.37611366801372e-14,"15","PPP1R36"
5.65238342458111e-06,3.03729339324009,0.138,0.056,0.50877668442997,"15","TTC21A"
2.85714573714816e-35,3.03506932381122,0.497,0.166,2.57174544946443e-30,"15","TULP2"
4.15964509871408e-06,3.03444129047169,0.11,0.039,0.374413814980353,"15","ENSG00000298060"
1.96530217704363e-13,3.0280330760237,0.172,0.047,1.76898814257874e-08,"15","TRIM72"
0.000794997434653344,3.0133084171229,0.11,0.052,1,"15","ENSG00000307101"
1.27817925699507e-07,3.0084891028592,0.103,0.03,0.0115050193101383,"15","ENSG00000297883"
7.58019439235801e-06,2.99350076575805,0.103,0.036,0.682300877450536,"15","ENSG00000310474"
4.02673472503282e-15,2.98296537493778,0.214,0.063,3.62450419334929e-10,"15","PRX"
3.49076534541073e-14,2.98267596655911,0.179,0.048,3.14207279505765e-09,"15","TMEM72-AS1"
1.35538592832464e-13,2.97552290807153,0.2,0.06,1.21999642794429e-08,"15","ENSG00000284657"
1.74386415424233e-26,2.97242028414976,0.359,0.108,1.56966956387507e-21,"15","RAB26"
6.55404339675205e-17,2.96355437823368,0.359,0.151,5.89936000185048e-12,"15","MILR1"
5.36387581662507e-18,2.95873109287998,0.172,0.037,4.82807826130239e-13,"15","ENSG00000229983"
1.1385707714877e-08,2.92767705786448,0.131,0.04,0.00102483893712379,"15","ENSG00000270022"
0.00124492072782226,2.90506462949828,0.131,0.07,1,"15","ENSG00000288755"
3.20044420798156e-17,2.90332241665337,0.359,0.147,2.88075183604628e-12,"15","MRNIP"
6.04305451480936e-07,2.8812495762051,0.124,0.043,0.0543941379932505,"15","ENSG00000287625"
2.88245416641562e-12,2.86877231668972,0.241,0.089,2.59452581973236e-07,"15","LINC01504"
0.00548020655053681,2.86850797060154,0.11,0.061,1,"15","ENSG00000308112"
6.5692500290357e-09,2.86348510104217,0.179,0.067,0.000591304764363532,"15","KLF2-DT"
3.69721546681654e-09,2.84919090019845,0.138,0.042,0.000332790061383624,"15","SNX32"
0.00103340480300476,2.83096974081279,0.145,0.08,1,"15","ENSG00000287292"
9.35022158171293e-11,2.82543110093941,0.159,0.048,8.41622794791562e-06,"15","ENSG00000267737"
1.99233253148356e-10,2.81553886437584,0.124,0.032,1.79331843491367e-05,"15","ENSG00000285646"
2.9617822790951e-14,2.78502765289317,0.345,0.152,2.66592984723629e-09,"15","TEX14"
1.98459487798977e-06,2.7831143681368,0.179,0.081,0.178635369562737,"15","ENSG00000289340"
9.03542997444273e-07,2.72800947074877,0.124,0.044,0.0813288087429564,"15","RN7SL832P"
4.85121054188596e-14,2.72530073344919,0.214,0.065,4.36662312085697e-09,"15","TTLL1-AS1"
1.91040954619091e-14,2.71923011196687,0.29,0.11,1.7195787366219e-09,"15","NUP210L"
0.000110704856783468,2.71855824579703,0.11,0.046,1,"15","LINC02916"
0.0030112371823307,2.70940624679209,0.11,0.058,1,"15","FALEC"
0.000153523052936216,2.6999495873509,0.103,0.043,1,"15","ENSG00000289259"
3.33969201076405e-15,2.68741200023055,0.4,0.195,3.00609017580883e-10,"15","TRIM69"
1.74939913323759e-07,2.68490869316322,0.138,0.048,0.0157465165381848,"15","ENSG00000293676"
4.26067011085121e-05,2.68042038187842,0.2,0.111,1,"15","NOP53-AS1"
3.63348099713571e-13,2.67443524095088,0.269,0.102,3.27053258033182e-08,"15","FAUP4.1"
7.12113231136106e-06,2.66935342438849,0.228,0.124,0.64098024047792,"15","ENSG00000286861"
4.05499743903112e-13,2.66854953425253,0.29,0.119,3.6499437448463e-08,"15","DARS2"
6.96720591483919e-07,2.65255775513994,0.31,0.194,0.062712517160059,"15","LINC00881"
2.03205786272126e-11,2.64408043403723,0.262,0.108,1.82907560281404e-06,"15","ENSG00000288000"
3.75067194609093e-05,2.62464422543911,0.124,0.052,1,"15","LINC01816"
2.14198633797086e-10,2.61770052879949,0.331,0.165,1.92802332267095e-05,"15","7SK.4"
7.4777006356013e-05,2.61368969098431,0.138,0.063,1,"15","ENSG00000295480"
3.56323381364983e-18,2.59764760604049,0.303,0.103,3.20730238800435e-13,"15","SLC10A1"
3.90328900018587e-06,2.59479221803196,0.124,0.047,0.35133894619573,"15","PATL2"
0.000771270545193708,2.55885610519937,0.138,0.073,1,"15","TTI2"
0.00106498525912593,2.54800501256035,0.103,0.048,1,"15","ENSG00000296943"
0.00476969248053355,2.53538591373334,0.103,0.054,1,"15","ENSG00000300428"
5.5355712819367e-06,2.52876962333172,0.103,0.035,0.498262306658404,"15","PMEL"
4.58680834614906e-07,2.52603889945217,0.166,0.068,0.0412863206045223,"15","ENSG00000273734"
1.68797991545682e-06,2.51989403351966,0.186,0.085,0.151936760170184,"15","ENSG00000289152"
2.34461550857636e-16,2.50878864954154,0.345,0.14,2.11041186542467e-11,"15","GALM"
0.00140235864365836,2.5067690304343,0.159,0.093,1,"15","CFAP96"
7.77014477384063e-06,2.50608640880716,0.152,0.066,0.699398501238169,"15","ENSG00000296756"
0.00755562750155223,2.50009363644416,0.11,0.062,1,"15","FOSL2-AS1"
0.00180341965551698,2.49984822576109,0.103,0.05,1,"15","ENSG00000303740"
0.00151963824618857,2.46307812551431,0.11,0.055,1,"15","LINC01476"
6.13955913177271e-06,2.44096192115379,0.214,0.114,0.552627857009994,"15","ENSG00000305830"
6.09393028444697e-08,2.41949231365496,0.31,0.176,0.00548520758833356,"15","LINC00910"
3.94790423364376e-06,2.4078559167841,0.159,0.069,0.355354807974508,"15","ENSG00000288009"
2.88870537010557e-07,2.38783455693894,0.221,0.106,0.0260015259068573,"15","BATF"
0.000475206939212701,2.38644645305652,0.103,0.045,1,"15","TENM2"
7.11389659938833e-06,2.37252832981566,0.117,0.044,0.640328946807543,"15","ENSG00000299144"
9.27794248276167e-08,2.36987120826292,0.255,0.127,0.00835116880815861,"15","MAFB"
3.96047100942066e-09,2.36780148546777,0.241,0.106,0.000356485956028963,"15","HEXIM2-AS1"
0.00011550163480288,2.35488837018573,0.145,0.07,1,"15","PANK2-AS1"
1.69693059256517e-16,4.34035542726943,0.13,0.024,1.52742419567384e-11,"16","TMEM100"
4.66615224779367e-18,4.14615457682501,0.13,0.022,4.20005029976156e-13,"16","DKK2"
3.16759265520495e-05,3.86982048193054,0.13,0.055,1,"16","LINC01695"
4.99729815715731e-09,3.85770002454913,0.159,0.053,0.000449811804423887,"16","ABI3BP"
1.27474510072762e-05,3.67792756528994,0.145,0.063,1,"16","SNX10-AS1"
2.7634401737428e-08,3.66598840787561,0.167,0.061,0.00248740013478763,"16","TSPAN2"
4.2058737120285e-05,3.65025174335953,0.167,0.083,1,"16","AIF1L"
8.76376190325899e-31,3.64908103133133,0.232,0.04,7.88834972674245e-26,"16","NKAIN2"
6.58416747810109e-21,3.58718819386147,0.254,0.065,5.92647498871358e-16,"16","FBLN5"
1.23684534935793e-14,3.58651581983608,0.225,0.068,1.11329686741056e-09,"16","GJA5"
2.42653803578647e-08,3.23288370286219,0.203,0.084,0.00218415115139176,"16","SEMA3G"
2.2995921845393e-26,3.20315324262758,0.609,0.341,2.06988592122567e-21,"16","DEPP1"
6.19956788551786e-31,3.15317056394321,0.413,0.122,5.58029304943348e-26,"16","SULF1"
7.28516340863244e-05,3.06372773146367,0.196,0.108,1,"16","SERPINE2"
1.22237624352789e-07,2.96027339446602,0.188,0.078,0.0110027308056189,"16","SYT1"
1.26905499174568e-05,2.86705348287035,0.261,0.159,1,"16","FBLN2"
3.39850941818823e-09,2.80635030696878,0.355,0.205,0.000305903231240541,"16","EDN1"
0.00527524956209012,2.70967342436342,0.123,0.069,1,"16","PPP1R14A"
0.000633472553916832,2.6365968410882,0.138,0.071,1,"16","ATP2A3"
0.000129543934403622,2.59191570510071,0.42,0.404,1,"16","KCTD12"
1.36282546203391e-06,2.43661194926112,0.312,0.197,0.122669282663134,"16","HEY1"
2.00745857793484e-06,2.33493342126737,0.022,0.183,0.180693354058493,"16","ZDHHC5"
0.000112018461965193,1.95911049088633,0.406,0.354,1,"16","ENPP2"
4.62535365248443e-24,1.93142538058921,0.841,0.882,4.16332707613776e-19,"16","SRP14"
1.67034723915068e-12,1.91619313566228,0.659,0.686,1.50349625343192e-07,"16","SRGN"
2.19925092872387e-12,1.89584842217857,0.652,0.587,1.97956775345365e-07,"16","PLPP1"
0.00543094398995347,1.86377165002508,0.101,0.223,1,"16","MEX3C"
9.75706321506176e-30,1.85717405620926,0.855,0.742,8.78243017050924e-25,"16","ARL15"
0.00919340936454916,1.76882969002025,0.043,0.121,1,"16","DNAJB2"
1.58626069416031e-09,1.73713396421677,0.609,0.608,0.000142780911342063,"16","RHOB"
0.00896403592363013,1.72359183025708,0.051,0.133,1,"16","FBXO22"
0.00570757518439319,1.71648597163917,0.043,0.128,1,"16","MED8"
0.00857096727515382,1.64712804227112,0.072,0.168,1,"16","MOCS2"
0.00865436769921354,1.64354835951383,0.051,0.134,1,"16","MARS1"
0.00461316948684206,1.64267651422099,0.08,0.189,1,"16","TMEM18"
0.0071059737791856,1.6380540340989,0.036,0.113,1,"16","CD99L2"
0.00788939813819167,1.61786341638595,0.065,0.158,1,"16","ERG28"
0.00624120012272424,1.60012697237724,0.087,0.197,1,"16","TPD52L2"
0.00533039249196129,1.59675168300835,0.036,0.117,1,"16","BORCS8"
0.00121317624153345,1.58785303859037,0.094,0.234,1,"16","ZNF22"
0.00622065970662819,1.57688161671464,0.152,0.304,1,"16","GABARAPL1"
0.00280094726158528,1.56557964450005,0.341,0.289,1,"16","FN1"
0.00660771106672349,1.55155146988182,0.043,0.126,1,"16","LYSMD3"
0.00739301088878439,1.54844950394127,0.116,0.241,1,"16","CMC2"
0.000192368326956921,1.53591512782839,0.08,0.234,1,"16","TIMM9"
0.000519209879130137,1.52973997318638,0.051,0.172,1,"16","BPNT2"
0.00789824240709979,1.52784283267606,0.043,0.123,1,"16","CGRRF1"
0.00898669302548589,1.50241274660137,0.138,0.274,1,"16","CD58"
0.00147598560555363,1.46906287910342,0.101,0.243,1,"16","CDK4"
0.00894120862338954,1.45681201765214,0.036,0.11,1,"16","EDEM1"
4.22076141095678e-06,1.45545984705826,0.543,0.512,0.379914955361631,"16","NHERF2"
0.00221040760269023,1.45175310027788,0.051,0.152,1,"16","ECHDC2"
0.0054998387276252,1.45157581270724,0.029,0.104,1,"16","RPL32P18"
0.00463551940703754,1.45076135530459,0.058,0.154,1,"16","UCHL3"
0.00203334727321526,1.44137205961808,0.022,0.105,1,"16","ZNF862"
0.000684329135543216,1.4335677489387,0.043,0.155,1,"16","RBMX2"
0.000794348603410516,1.42725892170149,0.109,0.26,1,"16","TM2D3"
0.00884904860594014,1.42385873052028,0.036,0.11,1,"16","C2orf69"
0.00715080011347664,1.42034620834568,0.087,0.193,1,"16","NKAP"
0.00427660910933189,1.41460634925667,0.159,0.323,1,"16","CRBN"
0.00995130612331726,1.40945091757954,0.051,0.132,1,"16","LETMD1"
0.00398574900436481,1.4093796975848,0.058,0.156,1,"16","TM7SF3"
0.00128991577507588,1.39585128390776,0.087,0.22,1,"16","GTF2E2"
0.00507262282277345,1.39482400617995,0.065,0.163,1,"16","H1-0"
0.00493168814577181,1.3895927796162,0.065,0.163,1,"16","GSTM3"
0.00460053570528962,1.38399204939884,0.123,0.26,1,"16","CLNS1A"
0.00633772904724693,1.37986995363128,0.051,0.138,1,"16","PYCR2"
0.00675162088456209,1.3789809157685,0.072,0.172,1,"16","COA5"
0.00843364883574593,1.37632007026628,0.036,0.11,1,"16","UBE2Q2P1.1"
0.00871512787539744,1.36256866445113,0.043,0.122,1,"16","NFKBIL1"
0.000480818964454684,1.36252069818318,0.072,0.208,1,"16","IL15RA"
0.000520827913308697,1.36109470147933,0.072,0.209,1,"16","ARL3"
0.00564971769008211,1.35099427653022,0.072,0.175,1,"16","TRIM52-AS1"
0.00218409961104576,1.34979317341768,0.051,0.151,1,"16","ZNHIT3"
0.00138870532070947,1.3406233618905,0.094,0.231,1,"16","AIG1"
1.42052794273635e-08,1.3387149685806,0.696,0.768,0.00127863140653642,"16","DUSP1"
0.00162729142278208,1.32734087842936,0.174,0.367,1,"16","SESTD1"
0.00751307660993374,1.32398908177917,0.152,0.299,1,"16","PRXL2C"
0.00141598635352724,1.32113775938243,0.087,0.219,1,"16","MRPS18B"
0.00157356504945516,1.31853521978336,0.043,0.145,1,"16","MIR1244-2"
0.00561378172000446,1.31791883269627,0.565,0.733,1,"16","CAV1"
0.00696456730981818,1.31791296349449,0.116,0.241,1,"16","TNFRSF14"
0.00409714187202469,1.31736603825899,0.065,0.168,1,"16","PIGP"
0.00243539165130404,1.31022527984693,0.123,0.27,1,"16","CDIPT"
0.00132398933667628,1.30699058485683,0.145,0.317,1,"16","ENSG00000291214"
0.00443297128659344,1.303200469687,0.051,0.143,1,"16","MRPS31"
0.00261022644703067,1.29949243517857,0.522,0.606,1,"16","THSD7A"
0.000589380069660249,1.29226069912519,0.043,0.158,1,"16","SCRN2"
0.000935161835744399,1.29079330617888,0.116,0.271,1,"16","MEAF6"
0.00492021084818178,1.2828309940437,0.029,0.105,1,"16","GTF3C5"
0.00193540502571306,1.28205516166004,0.022,0.105,1,"16","MTF1"
0.00941004421724654,1.2811930958552,0.058,0.144,1,"16","ALDOA"
0.000715517588613487,1.27897865423585,0.043,0.155,1,"16","BLMH"
0.000729058584475697,1.27203146967378,0.159,0.348,1,"16","MDH2"
0.00333100715285404,1.27100937397739,0.174,0.353,1,"16","SDF2"
0.00827128639837846,1.25979758494964,0.043,0.123,1,"16","PDCD11"
0.00182022215899246,1.25545489071058,0.051,0.155,1,"16","PDZD11"
0.00356972350343474,1.2540586037781,0.051,0.146,1,"16","PLEKHF2"
0.00247896332300405,1.25303425862239,0.022,0.102,1,"16","CHMP7"
0.00163102834532261,1.25126706346396,0.101,0.241,1,"16","BCL6"
2.21816385443218e-23,3.03951057959964,0.449,0.144,1.99659146701295e-18,"17","IGFBP5"
8.62679429823215e-11,2.61246135318821,0.11,0.022,7.76506381578174e-06,"17","CMKLR1"
1.59250797901714e-39,2.30424845614263,0.551,0.145,1.43343235699311e-34,"17","SLC6A6"
4.22899445566127e-11,2.11318590777813,0.144,0.034,3.80656019948526e-06,"17","ECM1"
6.01670700386948e-06,2.0896080757155,0.195,0.086,0.541569814125296,"17","S100A3"
9.03921524032668e-08,2.03135552514727,0.153,0.048,0.00813628802997045,"17","ENSG00000243081"
0.000173665785854627,1.9213191487872,0.136,0.058,1,"17","NHSL3"
7.65536728377288e-05,1.87411099599453,0.153,0.067,1,"17","ENSG00000255252"
0.00015084044262282,1.79673861382329,0.11,0.042,1,"17","LOXL2-AS1"
0.000515510408500917,1.75777737121564,0.161,0.081,1,"17","MPV17L2"
0.000963280849194388,1.7330981308004,0.102,0.042,1,"17","SPINK5"
0.00760856809367275,1.72638965819695,0.102,0.05,1,"17","ENSG00000267364"
7.11085941367161e-07,1.71470257784935,0.178,0.067,0.0640055566683995,"17","ANKMY2"
2.11483641775896e-05,1.69727575735134,0.119,0.041,1,"17","CLIC3"
0.00476726183863846,1.69551078405434,0.195,0.124,1,"17","CSF1"
0.00626907907456457,1.66205210573491,0.119,0.061,1,"17","BAK1"
6.71313459487895e-07,1.58505009400928,0.381,0.221,0.0604255958019649,"17","EMP3"
5.02352300542101e-06,1.54633081385429,0.415,0.265,0.452172329240951,"17","PTGDS"
0.00133693332352748,1.54403183970734,0.119,0.054,1,"17","ENSG00000302423"
3.63422766224216e-05,1.50813039646316,0.212,0.103,1,"17","ARL4D"
1.63146888551883e-13,1.49322069841031,0.517,0.246,1.46850145854435e-08,"17","APLNR"
0.00330974798613423,1.48940472478351,0.136,0.07,1,"17","FADD"
1.0528190533415e-09,1.46644201712697,0.373,0.174,9.47652958103217e-05,"17","P2RY6"
1.93857037504804e-08,1.44951310674671,0.441,0.242,0.00174492658028449,"17","CRIP1"
0.00250224467462509,1.44795144964523,0.22,0.138,1,"17","MOSPD1"
5.89059892762164e-09,1.41446903923275,0.347,0.167,0.000530218700074151,"17","ASS1"
9.6544693178382e-05,1.41224247606524,0.178,0.084,1,"17","DHH"
0.00301740815218274,1.39294366847422,0.11,0.051,1,"17","FCSK"
0.000261604089334751,1.38617238346,0.169,0.082,1,"17","ERAL1"
0.00668123316622971,1.37239597406724,0.136,0.074,1,"17","CRYBB2P1.1"
0.00919947618853657,1.31748538197256,0.246,0.175,1,"17","SLC35E4"
0.00200550953887153,1.28470314267438,0.153,0.08,1,"17","SOWAHC"
1.12615991546884e-19,1.2715331587559,0.805,0.562,1.01366780151266e-14,"17","PRCP"
5.43382706020655e-09,1.26686097566217,0.619,0.433,0.000489104207516252,"17","DDIT4"
2.53157418596468e-10,1.24725732222159,0.449,0.23,2.27869524052866e-05,"17","ADAMTSL1"
0.000572803519555707,1.24608032563757,0.144,0.067,1,"17","SLC35B2"
0.00362679738033475,1.22775749935303,0.11,0.052,1,"17","FGD1"
0.000259943350933776,1.22019503076183,0.186,0.094,1,"17","ROM1"
2.70511103823478e-05,1.20950114380096,0.644,0.496,1,"17","TCIM"
0.000736688676750145,1.19326599070541,0.22,0.127,1,"17","CTCF-DT"
4.63495863294569e-05,1.18549421015876,0.212,0.103,1,"17","FXYD6"
6.38659264328119e-05,1.1740869238112,0.331,0.205,1,"17","SERTAD4-AS1"
0.00253904206539655,1.15597038262004,0.212,0.129,1,"17","PSMD10"
4.42432842124592e-07,1.14834142541205,0.525,0.352,0.0398238225524767,"17","ENSG00000288765"
0.00273485740412144,1.14485511249636,0.153,0.081,1,"17","C1QTNF6"
0.00548072508861853,1.12879244586463,0.246,0.165,1,"17","IFFO2"
0.00561483242439407,1.12598745273169,0.271,0.192,1,"17","TENT4B"
0.00946663570803584,1.12257443671386,0.161,0.095,1,"17","INMT"
9.74817148360506e-11,1.11075090034072,0.627,0.379,8.77442663410775e-06,"17","HDAC9"
3.02918103029323e-09,1.08301176803262,0.568,0.343,0.000272659613717724,"17","CFAP20"
0.00100738172649957,1.0747956555074,0.398,0.314,1,"17","TPST2"
0.00379473449546455,1.06907972620492,0.339,0.248,1,"17","IFI44L"
5.33070152293379e-14,1.06711212335407,0.729,0.465,4.79821774780794e-09,"17","CAVIN3"
0.0001395793959658,1.06574375871776,0.898,0.79,1,"17","IGKC"
0.00568830422103373,1.06436727091213,0.102,0.048,1,"17","FIRRE"
1.01618759900787e-10,1.05712960465153,0.763,0.568,9.14680619742976e-06,"17","HYAL2"
8.73807870958305e-05,1.05587853487289,0.398,0.273,1,"17","LGALS9"
0.00424102571578132,1.04263378280807,0.203,0.124,1,"17","ENSG00000286861"
0.0021493312585572,1.04067000951771,0.22,0.136,1,"17","ITGA10"
9.09009317119168e-17,1.03190020775174,0.881,0.688,8.18208376432135e-12,"17","HSPA1B"
6.83574450829139e-12,1.02191799679363,0.712,0.508,6.15292198935816e-07,"17","C1orf54"
0.0070019774142244,1.02002969627999,0.322,0.241,1,"17","USPL1"
0.000406795256100997,1.01376523720359,0.254,0.149,1,"17","ENSG00000270099"
2.33066510315175e-15,1.01180285940712,0.898,0.748,2.09785496599792e-10,"17","RNASE1"
0.00433072340525885,1.01170265590475,0.119,0.059,1,"17","ENSG00000262370"
0.00858203973224388,1.0077951482457,0.186,0.116,1,"17","COL23A1"
6.98879471587549e-08,1.00167615189635,0.517,0.323,0.00629068401170669,"17","NICOL1"
0.000121673738929746,0.999390708329272,0.576,0.449,1,"17","IGHG1"
2.41409983085141e-10,0.998231465186685,0.61,0.37,2.17295539874767e-05,"17","RGS16"
0.00694300787158575,0.994776210682398,0.314,0.237,1,"17","CDC42EP4"
0.000723898082517651,0.992674206913214,0.492,0.387,1,"17","WARS1"
2.08418963687942e-07,0.989827861177392,0.602,0.444,0.0187599993405154,"17","LY96"
0.00522727226203876,0.986608557940473,0.178,0.105,1,"17","TLR4"
0.0040602989845874,0.980773245736142,0.212,0.132,1,"17","MIER2"
0.000348916508445476,0.96963935275557,0.695,0.612,1,"17","IGHG4"
0.00469185640506027,0.967621919157067,0.186,0.112,1,"17","RPSA2"
2.63134882971438e-05,0.954787161902297,0.39,0.253,1,"17","SMAGP"
0.00578257085634779,0.945312865778334,0.322,0.243,1,"17","MRPL9"
1.32342615506963e-05,0.944198042561845,0.576,0.444,1,"17","SGK1"
3.98184005351568e-10,0.938761070824986,0.695,0.495,3.58409405056999e-05,"17","ITM2A"
1.93799619440904e-05,0.936341015294009,0.695,0.55,1,"17","ISG15"
0.006916599009715,0.918392102181882,0.263,0.184,1,"17","RPA3"
1.91248775456878e-06,0.917124919080274,0.331,0.174,0.172144935276491,"17","GADD45G"
0.000142515280725666,0.914459102686242,0.39,0.267,1,"17","MIRLET7BHG"
0.00556711661246386,0.908446711310108,0.136,0.072,1,"17","MN1"
3.94544450107563e-06,0.899887510009445,0.466,0.29,0.355133404986319,"17","MEOX1"
3.35862749698912e-13,0.894619112534888,0.78,0.527,3.02313419631488e-08,"17","CARHSP1"
0.00631564610721649,0.892693943355536,0.28,0.2,1,"17","MIR497HG"
0.00507782261873853,0.886228360567184,0.39,0.288,1,"17","FN1"
0.00266898015065888,0.88278844394222,0.364,0.279,1,"17","ENSG00000287382"
0.000194000082114322,0.876998012323849,0.449,0.343,1,"17","NDUFA8"
0.000603302073875979,0.871216118285576,0.339,0.23,1,"17","SYCE1L"
3.33812361021935e-07,0.869857935540247,0.703,0.533,0.0300467844279454,"17","FAM167B"
0.00501447252715963,0.862648986624227,0.229,0.148,1,"17","CCNB1IP1"
9.96709978207473e-07,0.861401840637586,0.246,0.109,0.0897148618484328,"17","LYVE1"
0.00508545887535452,0.854617834834137,0.246,0.162,1,"17","DLL1"
3.70545633488982e-05,0.852085029574499,0.534,0.409,1,"17","CD320"
0.0065275282953439,0.851364656130557,0.237,0.158,1,"17","AHDC1"
0.00277787860325471,0.848628054669315,0.415,0.327,1,"17","BUD23"
4.33437280993714e-05,0.843791810279721,0.364,0.224,1,"17","TTYH3"
