"cluster","group","n_cells","resolution","role","field","within_cluster_fraction"
"0","CNP0000460",2482,0.2,"dataset","dataset",0.160315204753908
"1","CNP0000460",2099,0.2,"dataset","dataset",0.179172001707213
"2","CNP0000460",1185,0.2,"dataset","dataset",0.301296720061022
"3","CNP0000460",437,0.2,"dataset","dataset",0.163731734732109
"4","CNP0000460",0,0.2,"dataset","dataset",0
"5","CNP0000460",819,0.2,"dataset","dataset",0.461668545659526
"6","CNP0000460",251,0.2,"dataset","dataset",0.249751243781095
"7","CNP0000460",231,0.2,"dataset","dataset",0.279322853688029
"8","CNP0000460",134,0.2,"dataset","dataset",0.17562254259502
"9","CNP0000460",103,0.2,"dataset","dataset",0.228888888888889
"0","GSE326225",283,0.2,"dataset","dataset",0.0182792920811265
"1","GSE326225",590,0.2,"dataset","dataset",0.050362782757149
"2","GSE326225",92,0.2,"dataset","dataset",0.0233918128654971
"3","GSE326225",122,0.2,"dataset","dataset",0.0457100037467216
"4","GSE326225",15,0.2,"dataset","dataset",0.00845070422535211
"5","GSE326225",175,0.2,"dataset","dataset",0.0986471251409245
"6","GSE326225",30,0.2,"dataset","dataset",0.0298507462686567
"7","GSE326225",52,0.2,"dataset","dataset",0.0628778718258767
"8","GSE326225",16,0.2,"dataset","dataset",0.0209698558322412
"9","GSE326225",21,0.2,"dataset","dataset",0.0466666666666667
"0","HRA003620",8160,0.2,"dataset","dataset",0.527063686862163
"1","HRA003620",3479,0.2,"dataset","dataset",0.296969696969697
"2","HRA003620",1549,0.2,"dataset","dataset",0.393846936181032
"3","HRA003620",478,0.2,"dataset","dataset",0.179093293368303
"4","HRA003620",0,0.2,"dataset","dataset",0
"5","HRA003620",191,0.2,"dataset","dataset",0.107666290868095
"6","HRA003620",275,0.2,"dataset","dataset",0.27363184079602
"7","HRA003620",231,0.2,"dataset","dataset",0.279322853688029
"8","HRA003620",308,0.2,"dataset","dataset",0.403669724770642
"9","HRA003620",152,0.2,"dataset","dataset",0.337777777777778
"0","InhouseData",3226,0.2,"dataset","dataset",0.208371011497223
"1","InhouseData",3753,0.2,"dataset","dataset",0.320358514724712
"2","InhouseData",569,0.2,"dataset","dataset",0.14467327739639
"3","InhouseData",1195,0.2,"dataset","dataset",0.447733233420757
"4","InhouseData",1760,0.2,"dataset","dataset",0.991549295774648
"5","InhouseData",413,0.2,"dataset","dataset",0.232807215332582
"6","InhouseData",283,0.2,"dataset","dataset",0.281592039800995
"7","InhouseData",123,0.2,"dataset","dataset",0.148730350665054
"8","InhouseData",124,0.2,"dataset","dataset",0.162516382699869
"9","InhouseData",127,0.2,"dataset","dataset",0.282222222222222
"0","PRJNA662018",1331,0.2,"dataset","dataset",0.0859708048055807
"1","PRJNA662018",1794,0.2,"dataset","dataset",0.153137003841229
"2","PRJNA662018",538,0.2,"dataset","dataset",0.136791253496059
"3","PRJNA662018",437,0.2,"dataset","dataset",0.163731734732109
"4","PRJNA662018",0,0.2,"dataset","dataset",0
"5","PRJNA662018",176,0.2,"dataset","dataset",0.0992108229988726
"6","PRJNA662018",166,0.2,"dataset","dataset",0.165174129353234
"7","PRJNA662018",190,0.2,"dataset","dataset",0.229746070133011
"8","PRJNA662018",181,0.2,"dataset","dataset",0.237221494102228
"9","PRJNA662018",47,0.2,"dataset","dataset",0.104444444444444
"0","CNP0000460_P01N",271,0.2,"specimen_orig_ident","orig.ident",0.0175041984239762
"1","CNP0000460_P01N",198,0.2,"specimen_orig_ident","orig.ident",0.0169014084507042
"2","CNP0000460_P01N",85,0.2,"specimen_orig_ident","orig.ident",0.0216120010170353
"3","CNP0000460_P01N",95,0.2,"specimen_orig_ident","orig.ident",0.0355938553765455
"4","CNP0000460_P01N",0,0.2,"specimen_orig_ident","orig.ident",0
"5","CNP0000460_P01N",225,0.2,"specimen_orig_ident","orig.ident",0.126832018038331
"6","CNP0000460_P01N",7,0.2,"specimen_orig_ident","orig.ident",0.00696517412935323
"7","CNP0000460_P01N",7,0.2,"specimen_orig_ident","orig.ident",0.00846432889963724
"8","CNP0000460_P01N",13,0.2,"specimen_orig_ident","orig.ident",0.0170380078636959
"9","CNP0000460_P01N",2,0.2,"specimen_orig_ident","orig.ident",0.00444444444444444
"0","CNP0000460_P01T",143,0.2,"specimen_orig_ident","orig.ident",0.00923653274770701
"1","CNP0000460_P01T",141,0.2,"specimen_orig_ident","orig.ident",0.0120358514724712
"2","CNP0000460_P01T",29,0.2,"specimen_orig_ident","orig.ident",0.00737350622934147
"3","CNP0000460_P01T",8,0.2,"specimen_orig_ident","orig.ident",0.00299737729486699
"4","CNP0000460_P01T",0,0.2,"specimen_orig_ident","orig.ident",0
"5","CNP0000460_P01T",36,0.2,"specimen_orig_ident","orig.ident",0.020293122886133
"6","CNP0000460_P01T",8,0.2,"specimen_orig_ident","orig.ident",0.00796019900497512
"7","CNP0000460_P01T",10,0.2,"specimen_orig_ident","orig.ident",0.0120918984280532
"8","CNP0000460_P01T",5,0.2,"specimen_orig_ident","orig.ident",0.00655307994757536
"9","CNP0000460_P01T",1,0.2,"specimen_orig_ident","orig.ident",0.00222222222222222
"0","CNP0000460_P02N",109,0.2,"specimen_orig_ident","orig.ident",0.007040434052448
"1","CNP0000460_P02N",36,0.2,"specimen_orig_ident","orig.ident",0.0030729833546735
"2","CNP0000460_P02N",38,0.2,"specimen_orig_ident","orig.ident",0.00966183574879227
"3","CNP0000460_P02N",14,0.2,"specimen_orig_ident","orig.ident",0.00524541026601723
"4","CNP0000460_P02N",0,0.2,"specimen_orig_ident","orig.ident",0
"5","CNP0000460_P02N",2,0.2,"specimen_orig_ident","orig.ident",0.00112739571589628
"6","CNP0000460_P02N",8,0.2,"specimen_orig_ident","orig.ident",0.00796019900497512
"7","CNP0000460_P02N",2,0.2,"specimen_orig_ident","orig.ident",0.00241837968561064
"8","CNP0000460_P02N",4,0.2,"specimen_orig_ident","orig.ident",0.00524246395806029
"9","CNP0000460_P02N",24,0.2,"specimen_orig_ident","orig.ident",0.0533333333333333
"0","CNP0000460_P02T",186,0.2,"specimen_orig_ident","orig.ident",0.0120139516858287
"1","CNP0000460_P02T",134,0.2,"specimen_orig_ident","orig.ident",0.0114383269312847
"2","CNP0000460_P02T",84,0.2,"specimen_orig_ident","orig.ident",0.0213577421815408
"3","CNP0000460_P02T",38,0.2,"specimen_orig_ident","orig.ident",0.0142375421506182
"4","CNP0000460_P02T",0,0.2,"specimen_orig_ident","orig.ident",0
"5","CNP0000460_P02T",56,0.2,"specimen_orig_ident","orig.ident",0.0315670800450958
"6","CNP0000460_P02T",80,0.2,"specimen_orig_ident","orig.ident",0.0796019900497512
"7","CNP0000460_P02T",16,0.2,"specimen_orig_ident","orig.ident",0.0193470374848851
"8","CNP0000460_P02T",17,0.2,"specimen_orig_ident","orig.ident",0.0222804718217562
"9","CNP0000460_P02T",10,0.2,"specimen_orig_ident","orig.ident",0.0222222222222222
"0","CNP0000460_P03N",313,0.2,"specimen_orig_ident","orig.ident",0.0202170262240021
"1","CNP0000460_P03N",189,0.2,"specimen_orig_ident","orig.ident",0.0161331626120359
"2","CNP0000460_P03N",171,0.2,"specimen_orig_ident","orig.ident",0.0434782608695652
"3","CNP0000460_P03N",55,0.2,"specimen_orig_ident","orig.ident",0.0206069689022106
"4","CNP0000460_P03N",0,0.2,"specimen_orig_ident","orig.ident",0
"5","CNP0000460_P03N",19,0.2,"specimen_orig_ident","orig.ident",0.0107102593010147
"6","CNP0000460_P03N",13,0.2,"specimen_orig_ident","orig.ident",0.0129353233830846
"7","CNP0000460_P03N",9,0.2,"specimen_orig_ident","orig.ident",0.0108827085852479
"8","CNP0000460_P03N",10,0.2,"specimen_orig_ident","orig.ident",0.0131061598951507
"9","CNP0000460_P03N",14,0.2,"specimen_orig_ident","orig.ident",0.0311111111111111
"0","CNP0000460_P03T",396,0.2,"specimen_orig_ident","orig.ident",0.0255780906859579
"1","CNP0000460_P03T",409,0.2,"specimen_orig_ident","orig.ident",0.0349125053350405
"2","CNP0000460_P03T",302,0.2,"specimen_orig_ident","orig.ident",0.0767861683193491
"3","CNP0000460_P03T",27,0.2,"specimen_orig_ident","orig.ident",0.0101161483701761
"4","CNP0000460_P03T",0,0.2,"specimen_orig_ident","orig.ident",0
"5","CNP0000460_P03T",23,0.2,"specimen_orig_ident","orig.ident",0.0129650507328072
"6","CNP0000460_P03T",31,0.2,"specimen_orig_ident","orig.ident",0.0308457711442786
"7","CNP0000460_P03T",58,0.2,"specimen_orig_ident","orig.ident",0.0701330108827086
"8","CNP0000460_P03T",16,0.2,"specimen_orig_ident","orig.ident",0.0209698558322412
"9","CNP0000460_P03T",5,0.2,"specimen_orig_ident","orig.ident",0.0111111111111111
"0","CNP0000460_P04T",117,0.2,"specimen_orig_ident","orig.ident",0.00755716315721483
"1","CNP0000460_P04T",178,0.2,"specimen_orig_ident","orig.ident",0.0151941954758856
"2","CNP0000460_P04T",94,0.2,"specimen_orig_ident","orig.ident",0.0239003305364861
"3","CNP0000460_P04T",41,0.2,"specimen_orig_ident","orig.ident",0.0153615586361933
"4","CNP0000460_P04T",0,0.2,"specimen_orig_ident","orig.ident",0
"5","CNP0000460_P04T",144,0.2,"specimen_orig_ident","orig.ident",0.0811724915445321
"6","CNP0000460_P04T",21,0.2,"specimen_orig_ident","orig.ident",0.0208955223880597
"7","CNP0000460_P04T",39,0.2,"specimen_orig_ident","orig.ident",0.0471584038694075
"8","CNP0000460_P04T",13,0.2,"specimen_orig_ident","orig.ident",0.0170380078636959
"9","CNP0000460_P04T",3,0.2,"specimen_orig_ident","orig.ident",0.00666666666666667
"0","CNP0000460_P05N",135,0.2,"specimen_orig_ident","orig.ident",0.00871980364294019
"1","CNP0000460_P05N",79,0.2,"specimen_orig_ident","orig.ident",0.0067434912505335
"2","CNP0000460_P05N",96,0.2,"specimen_orig_ident","orig.ident",0.0244088482074752
"3","CNP0000460_P05N",42,0.2,"specimen_orig_ident","orig.ident",0.0157362307980517
"4","CNP0000460_P05N",0,0.2,"specimen_orig_ident","orig.ident",0
"5","CNP0000460_P05N",168,0.2,"specimen_orig_ident","orig.ident",0.0947012401352875
"6","CNP0000460_P05N",6,0.2,"specimen_orig_ident","orig.ident",0.00597014925373134
"7","CNP0000460_P05N",0,0.2,"specimen_orig_ident","orig.ident",0
"8","CNP0000460_P05N",6,0.2,"specimen_orig_ident","orig.ident",0.00786369593709043
"9","CNP0000460_P05N",19,0.2,"specimen_orig_ident","orig.ident",0.0422222222222222
"0","CNP0000460_P05T",44,0.2,"specimen_orig_ident","orig.ident",0.00284201007621754
"1","CNP0000460_P05T",35,0.2,"specimen_orig_ident","orig.ident",0.00298762270593257
"2","CNP0000460_P05T",30,0.2,"specimen_orig_ident","orig.ident",0.007627765064836
"3","CNP0000460_P05T",6,0.2,"specimen_orig_ident","orig.ident",0.00224803297115024
"4","CNP0000460_P05T",0,0.2,"specimen_orig_ident","orig.ident",0
"5","CNP0000460_P05T",30,0.2,"specimen_orig_ident","orig.ident",0.0169109357384442
"6","CNP0000460_P05T",5,0.2,"specimen_orig_ident","orig.ident",0.00497512437810945
"7","CNP0000460_P05T",5,0.2,"specimen_orig_ident","orig.ident",0.0060459492140266
"8","CNP0000460_P05T",4,0.2,"specimen_orig_ident","orig.ident",0.00524246395806029
"9","CNP0000460_P05T",3,0.2,"specimen_orig_ident","orig.ident",0.00666666666666667
"0","CNP0000460_P06T",108,0.2,"specimen_orig_ident","orig.ident",0.00697584291435215
"1","CNP0000460_P06T",391,0.2,"specimen_orig_ident","orig.ident",0.0333760136577038
"2","CNP0000460_P06T",100,0.2,"specimen_orig_ident","orig.ident",0.0254258835494533
"3","CNP0000460_P06T",77,0.2,"specimen_orig_ident","orig.ident",0.0288497564630948
"4","CNP0000460_P06T",0,0.2,"specimen_orig_ident","orig.ident",0
"5","CNP0000460_P06T",60,0.2,"specimen_orig_ident","orig.ident",0.0338218714768884
"6","CNP0000460_P06T",59,0.2,"specimen_orig_ident","orig.ident",0.0587064676616915
"7","CNP0000460_P06T",76,0.2,"specimen_orig_ident","orig.ident",0.0918984280532043
"8","CNP0000460_P06T",29,0.2,"specimen_orig_ident","orig.ident",0.0380078636959371
"9","CNP0000460_P06T",7,0.2,"specimen_orig_ident","orig.ident",0.0155555555555556
"0","CNP0000460_P07N",561,0.2,"specimen_orig_ident","orig.ident",0.0362356284717737
"1","CNP0000460_P07N",160,0.2,"specimen_orig_ident","orig.ident",0.0136577037985489
"2","CNP0000460_P07N",105,0.2,"specimen_orig_ident","orig.ident",0.026697177726926
"3","CNP0000460_P07N",28,0.2,"specimen_orig_ident","orig.ident",0.0104908205320345
"4","CNP0000460_P07N",0,0.2,"specimen_orig_ident","orig.ident",0
"5","CNP0000460_P07N",38,0.2,"specimen_orig_ident","orig.ident",0.0214205186020293
"6","CNP0000460_P07N",5,0.2,"specimen_orig_ident","orig.ident",0.00497512437810945
"7","CNP0000460_P07N",1,0.2,"specimen_orig_ident","orig.ident",0.00120918984280532
"8","CNP0000460_P07N",12,0.2,"specimen_orig_ident","orig.ident",0.0157273918741809
"9","CNP0000460_P07N",6,0.2,"specimen_orig_ident","orig.ident",0.0133333333333333
"0","CNP0000460_P07T",99,0.2,"specimen_orig_ident","orig.ident",0.00639452267148947
"1","CNP0000460_P07T",149,0.2,"specimen_orig_ident","orig.ident",0.0127187366623986
"2","CNP0000460_P07T",51,0.2,"specimen_orig_ident","orig.ident",0.0129672006102212
"3","CNP0000460_P07T",6,0.2,"specimen_orig_ident","orig.ident",0.00224803297115024
"4","CNP0000460_P07T",0,0.2,"specimen_orig_ident","orig.ident",0
"5","CNP0000460_P07T",18,0.2,"specimen_orig_ident","orig.ident",0.0101465614430665
"6","CNP0000460_P07T",8,0.2,"specimen_orig_ident","orig.ident",0.00796019900497512
"7","CNP0000460_P07T",8,0.2,"specimen_orig_ident","orig.ident",0.00967351874244256
"8","CNP0000460_P07T",5,0.2,"specimen_orig_ident","orig.ident",0.00655307994757536
"9","CNP0000460_P07T",9,0.2,"specimen_orig_ident","orig.ident",0.02
"0","GSE326225_BC1",19,0.2,"specimen_orig_ident","orig.ident",0.00122723162382121
"1","GSE326225_BC1",19,0.2,"specimen_orig_ident","orig.ident",0.00162185232607768
"2","GSE326225_BC1",2,0.2,"specimen_orig_ident","orig.ident",0.000508517670989067
"3","GSE326225_BC1",21,0.2,"specimen_orig_ident","orig.ident",0.00786811539902585
"4","GSE326225_BC1",0,0.2,"specimen_orig_ident","orig.ident",0
"5","GSE326225_BC1",83,0.2,"specimen_orig_ident","orig.ident",0.0467869222096956
"6","GSE326225_BC1",0,0.2,"specimen_orig_ident","orig.ident",0
"7","GSE326225_BC1",12,0.2,"specimen_orig_ident","orig.ident",0.0145102781136638
"8","GSE326225_BC1",2,0.2,"specimen_orig_ident","orig.ident",0.00262123197903014
"9","GSE326225_BC1",2,0.2,"specimen_orig_ident","orig.ident",0.00444444444444444
"0","GSE326225_BC2",0,0.2,"specimen_orig_ident","orig.ident",0
"1","GSE326225_BC2",9,0.2,"specimen_orig_ident","orig.ident",0.000768245838668374
"2","GSE326225_BC2",0,0.2,"specimen_orig_ident","orig.ident",0
"3","GSE326225_BC2",0,0.2,"specimen_orig_ident","orig.ident",0
"4","GSE326225_BC2",0,0.2,"specimen_orig_ident","orig.ident",0
"5","GSE326225_BC2",4,0.2,"specimen_orig_ident","orig.ident",0.00225479143179256
"6","GSE326225_BC2",0,0.2,"specimen_orig_ident","orig.ident",0
"7","GSE326225_BC2",0,0.2,"specimen_orig_ident","orig.ident",0
"8","GSE326225_BC2",0,0.2,"specimen_orig_ident","orig.ident",0
"9","GSE326225_BC2",0,0.2,"specimen_orig_ident","orig.ident",0
"0","GSE326225_BC3",8,0.2,"specimen_orig_ident","orig.ident",0.000516729104766826
"1","GSE326225_BC3",97,0.2,"specimen_orig_ident","orig.ident",0.00827998292787025
"2","GSE326225_BC3",17,0.2,"specimen_orig_ident","orig.ident",0.00432240020340707
"3","GSE326225_BC3",0,0.2,"specimen_orig_ident","orig.ident",0
"4","GSE326225_BC3",2,0.2,"specimen_orig_ident","orig.ident",0.00112676056338028
"5","GSE326225_BC3",18,0.2,"specimen_orig_ident","orig.ident",0.0101465614430665
"6","GSE326225_BC3",3,0.2,"specimen_orig_ident","orig.ident",0.00298507462686567
"7","GSE326225_BC3",6,0.2,"specimen_orig_ident","orig.ident",0.00725513905683192
"8","GSE326225_BC3",2,0.2,"specimen_orig_ident","orig.ident",0.00262123197903014
"9","GSE326225_BC3",1,0.2,"specimen_orig_ident","orig.ident",0.00222222222222222
"0","GSE326225_BC4",63,0.2,"specimen_orig_ident","orig.ident",0.00406924170003875
"1","GSE326225_BC4",148,0.2,"specimen_orig_ident","orig.ident",0.0126333760136577
"2","GSE326225_BC4",8,0.2,"specimen_orig_ident","orig.ident",0.00203407068395627
"3","GSE326225_BC4",64,0.2,"specimen_orig_ident","orig.ident",0.0239790183589359
"4","GSE326225_BC4",0,0.2,"specimen_orig_ident","orig.ident",0
"5","GSE326225_BC4",37,0.2,"specimen_orig_ident","orig.ident",0.0208568207440812
"6","GSE326225_BC4",3,0.2,"specimen_orig_ident","orig.ident",0.00298507462686567
"7","GSE326225_BC4",10,0.2,"specimen_orig_ident","orig.ident",0.0120918984280532
"8","GSE326225_BC4",1,0.2,"specimen_orig_ident","orig.ident",0.00131061598951507
"9","GSE326225_BC4",5,0.2,"specimen_orig_ident","orig.ident",0.0111111111111111
"0","GSE326225_BC5",5,0.2,"specimen_orig_ident","orig.ident",0.000322955690479266
"1","GSE326225_BC5",31,0.2,"specimen_orig_ident","orig.ident",0.00264618011096884
"2","GSE326225_BC5",0,0.2,"specimen_orig_ident","orig.ident",0
"3","GSE326225_BC5",16,0.2,"specimen_orig_ident","orig.ident",0.00599475458973398
"4","GSE326225_BC5",0,0.2,"specimen_orig_ident","orig.ident",0
"5","GSE326225_BC5",17,0.2,"specimen_orig_ident","orig.ident",0.00958286358511838
"6","GSE326225_BC5",0,0.2,"specimen_orig_ident","orig.ident",0
"7","GSE326225_BC5",16,0.2,"specimen_orig_ident","orig.ident",0.0193470374848851
"8","GSE326225_BC5",0,0.2,"specimen_orig_ident","orig.ident",0
"9","GSE326225_BC5",0,0.2,"specimen_orig_ident","orig.ident",0
"0","GSE326225_BC6",165,0.2,"specimen_orig_ident","orig.ident",0.0106575377858158
"1","GSE326225_BC6",242,0.2,"specimen_orig_ident","orig.ident",0.0206572769953052
"2","GSE326225_BC6",48,0.2,"specimen_orig_ident","orig.ident",0.0122044241037376
"3","GSE326225_BC6",18,0.2,"specimen_orig_ident","orig.ident",0.00674409891345073
"4","GSE326225_BC6",13,0.2,"specimen_orig_ident","orig.ident",0.00732394366197183
"5","GSE326225_BC6",14,0.2,"specimen_orig_ident","orig.ident",0.00789177001127396
"6","GSE326225_BC6",16,0.2,"specimen_orig_ident","orig.ident",0.0159203980099502
"7","GSE326225_BC6",8,0.2,"specimen_orig_ident","orig.ident",0.00967351874244256
"8","GSE326225_BC6",10,0.2,"specimen_orig_ident","orig.ident",0.0131061598951507
"9","GSE326225_BC6",5,0.2,"specimen_orig_ident","orig.ident",0.0111111111111111
"0","GSE326225_BC7",16,0.2,"specimen_orig_ident","orig.ident",0.00103345820953365
"1","GSE326225_BC7",28,0.2,"specimen_orig_ident","orig.ident",0.00239009816474605
"2","GSE326225_BC7",9,0.2,"specimen_orig_ident","orig.ident",0.0022883295194508
"3","GSE326225_BC7",3,0.2,"specimen_orig_ident","orig.ident",0.00112401648557512
"4","GSE326225_BC7",0,0.2,"specimen_orig_ident","orig.ident",0
"5","GSE326225_BC7",1,0.2,"specimen_orig_ident","orig.ident",0.00056369785794814
"6","GSE326225_BC7",0,0.2,"specimen_orig_ident","orig.ident",0
"7","GSE326225_BC7",0,0.2,"specimen_orig_ident","orig.ident",0
"8","GSE326225_BC7",1,0.2,"specimen_orig_ident","orig.ident",0.00131061598951507
"9","GSE326225_BC7",5,0.2,"specimen_orig_ident","orig.ident",0.0111111111111111
"0","GSE326225_BC8",7,0.2,"specimen_orig_ident","orig.ident",0.000452137966670973
"1","GSE326225_BC8",16,0.2,"specimen_orig_ident","orig.ident",0.00136577037985489
"2","GSE326225_BC8",8,0.2,"specimen_orig_ident","orig.ident",0.00203407068395627
"3","GSE326225_BC8",0,0.2,"specimen_orig_ident","orig.ident",0
"4","GSE326225_BC8",0,0.2,"specimen_orig_ident","orig.ident",0
"5","GSE326225_BC8",1,0.2,"specimen_orig_ident","orig.ident",0.00056369785794814
"6","GSE326225_BC8",8,0.2,"specimen_orig_ident","orig.ident",0.00796019900497512
"7","GSE326225_BC8",0,0.2,"specimen_orig_ident","orig.ident",0
"8","GSE326225_BC8",0,0.2,"specimen_orig_ident","orig.ident",0
"9","GSE326225_BC8",3,0.2,"specimen_orig_ident","orig.ident",0.00666666666666667
"0","HRA003620_BC-01",62,0.2,"specimen_orig_ident","orig.ident",0.0040046505619429
"1","HRA003620_BC-01",82,0.2,"specimen_orig_ident","orig.ident",0.0069995731967563
"2","HRA003620_BC-01",41,0.2,"specimen_orig_ident","orig.ident",0.0104246122552759
"3","HRA003620_BC-01",11,0.2,"specimen_orig_ident","orig.ident",0.00412139378044211
"4","HRA003620_BC-01",0,0.2,"specimen_orig_ident","orig.ident",0
"5","HRA003620_BC-01",0,0.2,"specimen_orig_ident","orig.ident",0
"6","HRA003620_BC-01",13,0.2,"specimen_orig_ident","orig.ident",0.0129353233830846
"7","HRA003620_BC-01",3,0.2,"specimen_orig_ident","orig.ident",0.00362756952841596
"8","HRA003620_BC-01",7,0.2,"specimen_orig_ident","orig.ident",0.00917431192660551
"9","HRA003620_BC-01",10,0.2,"specimen_orig_ident","orig.ident",0.0222222222222222
"0","HRA003620_BC-04",275,0.2,"specimen_orig_ident","orig.ident",0.0177625629763596
"1","HRA003620_BC-04",412,0.2,"specimen_orig_ident","orig.ident",0.0351685872812633
"2","HRA003620_BC-04",42,0.2,"specimen_orig_ident","orig.ident",0.0106788710907704
"3","HRA003620_BC-04",7,0.2,"specimen_orig_ident","orig.ident",0.00262270513300862
"4","HRA003620_BC-04",0,0.2,"specimen_orig_ident","orig.ident",0
"5","HRA003620_BC-04",6,0.2,"specimen_orig_ident","orig.ident",0.00338218714768884
"6","HRA003620_BC-04",6,0.2,"specimen_orig_ident","orig.ident",0.00597014925373134
"7","HRA003620_BC-04",76,0.2,"specimen_orig_ident","orig.ident",0.0918984280532043
"8","HRA003620_BC-04",7,0.2,"specimen_orig_ident","orig.ident",0.00917431192660551
"9","HRA003620_BC-04",0,0.2,"specimen_orig_ident","orig.ident",0
"0","HRA003620_BC-05",218,0.2,"specimen_orig_ident","orig.ident",0.014080868104896
"1","HRA003620_BC-05",130,0.2,"specimen_orig_ident","orig.ident",0.011096884336321
"2","HRA003620_BC-05",74,0.2,"specimen_orig_ident","orig.ident",0.0188151538265955
"3","HRA003620_BC-05",20,0.2,"specimen_orig_ident","orig.ident",0.00749344323716748
"4","HRA003620_BC-05",0,0.2,"specimen_orig_ident","orig.ident",0
"5","HRA003620_BC-05",8,0.2,"specimen_orig_ident","orig.ident",0.00450958286358512
"6","HRA003620_BC-05",31,0.2,"specimen_orig_ident","orig.ident",0.0308457711442786
"7","HRA003620_BC-05",5,0.2,"specimen_orig_ident","orig.ident",0.0060459492140266
"8","HRA003620_BC-05",15,0.2,"specimen_orig_ident","orig.ident",0.0196592398427261
"9","HRA003620_BC-05",15,0.2,"specimen_orig_ident","orig.ident",0.0333333333333333
"0","HRA003620_BC-11",252,0.2,"specimen_orig_ident","orig.ident",0.016276966800155
"1","HRA003620_BC-11",187,0.2,"specimen_orig_ident","orig.ident",0.015962441314554
"2","HRA003620_BC-11",48,0.2,"specimen_orig_ident","orig.ident",0.0122044241037376
"3","HRA003620_BC-11",50,0.2,"specimen_orig_ident","orig.ident",0.0187336080929187
"4","HRA003620_BC-11",0,0.2,"specimen_orig_ident","orig.ident",0
"5","HRA003620_BC-11",7,0.2,"specimen_orig_ident","orig.ident",0.00394588500563698
"6","HRA003620_BC-11",26,0.2,"specimen_orig_ident","orig.ident",0.0258706467661692
"7","HRA003620_BC-11",9,0.2,"specimen_orig_ident","orig.ident",0.0108827085852479
"8","HRA003620_BC-11",19,0.2,"specimen_orig_ident","orig.ident",0.0249017038007864
"9","HRA003620_BC-11",4,0.2,"specimen_orig_ident","orig.ident",0.00888888888888889
"0","HRA003620_BC-24",160,0.2,"specimen_orig_ident","orig.ident",0.0103345820953365
"1","HRA003620_BC-24",225,0.2,"specimen_orig_ident","orig.ident",0.0192061459667093
"2","HRA003620_BC-24",18,0.2,"specimen_orig_ident","orig.ident",0.0045766590389016
"3","HRA003620_BC-24",46,0.2,"specimen_orig_ident","orig.ident",0.0172349194454852
"4","HRA003620_BC-24",0,0.2,"specimen_orig_ident","orig.ident",0
"5","HRA003620_BC-24",20,0.2,"specimen_orig_ident","orig.ident",0.0112739571589628
"6","HRA003620_BC-24",1,0.2,"specimen_orig_ident","orig.ident",0.00099502487562189
"7","HRA003620_BC-24",9,0.2,"specimen_orig_ident","orig.ident",0.0108827085852479
"8","HRA003620_BC-24",3,0.2,"specimen_orig_ident","orig.ident",0.00393184796854522
"9","HRA003620_BC-24",0,0.2,"specimen_orig_ident","orig.ident",0
"0","HRA003620_BC-27",98,0.2,"specimen_orig_ident","orig.ident",0.00632993153339362
"1","HRA003620_BC-27",128,0.2,"specimen_orig_ident","orig.ident",0.0109261630388391
"2","HRA003620_BC-27",52,0.2,"specimen_orig_ident","orig.ident",0.0132214594457157
"3","HRA003620_BC-27",13,0.2,"specimen_orig_ident","orig.ident",0.00487073810415886
"4","HRA003620_BC-27",0,0.2,"specimen_orig_ident","orig.ident",0
"5","HRA003620_BC-27",1,0.2,"specimen_orig_ident","orig.ident",0.00056369785794814
"6","HRA003620_BC-27",5,0.2,"specimen_orig_ident","orig.ident",0.00497512437810945
"7","HRA003620_BC-27",6,0.2,"specimen_orig_ident","orig.ident",0.00725513905683192
"8","HRA003620_BC-27",3,0.2,"specimen_orig_ident","orig.ident",0.00393184796854522
"9","HRA003620_BC-27",2,0.2,"specimen_orig_ident","orig.ident",0.00444444444444444
"0","HRA003620_BC-30",544,0.2,"specimen_orig_ident","orig.ident",0.0351375791241442
"1","HRA003620_BC-30",867,0.2,"specimen_orig_ident","orig.ident",0.0740076824583867
"2","HRA003620_BC-30",191,0.2,"specimen_orig_ident","orig.ident",0.0485634375794559
"3","HRA003620_BC-30",28,0.2,"specimen_orig_ident","orig.ident",0.0104908205320345
"4","HRA003620_BC-30",0,0.2,"specimen_orig_ident","orig.ident",0
"5","HRA003620_BC-30",5,0.2,"specimen_orig_ident","orig.ident",0.0028184892897407
"6","HRA003620_BC-30",25,0.2,"specimen_orig_ident","orig.ident",0.0248756218905473
"7","HRA003620_BC-30",56,0.2,"specimen_orig_ident","orig.ident",0.0677146311970979
"8","HRA003620_BC-30",23,0.2,"specimen_orig_ident","orig.ident",0.0301441677588467
"9","HRA003620_BC-30",1,0.2,"specimen_orig_ident","orig.ident",0.00222222222222222
"0","HRA003620_NC-01",664,0.2,"specimen_orig_ident","orig.ident",0.0428885156956466
"1","HRA003620_NC-01",49,0.2,"specimen_orig_ident","orig.ident",0.00418267178830559
"2","HRA003620_NC-01",129,0.2,"specimen_orig_ident","orig.ident",0.0327993897787948
"3","HRA003620_NC-01",18,0.2,"specimen_orig_ident","orig.ident",0.00674409891345073
"4","HRA003620_NC-01",0,0.2,"specimen_orig_ident","orig.ident",0
"5","HRA003620_NC-01",0,0.2,"specimen_orig_ident","orig.ident",0
"6","HRA003620_NC-01",55,0.2,"specimen_orig_ident","orig.ident",0.054726368159204
"7","HRA003620_NC-01",0,0.2,"specimen_orig_ident","orig.ident",0
"8","HRA003620_NC-01",15,0.2,"specimen_orig_ident","orig.ident",0.0196592398427261
"9","HRA003620_NC-01",11,0.2,"specimen_orig_ident","orig.ident",0.0244444444444444
"0","HRA003620_NC-04",2070,0.2,"specimen_orig_ident","orig.ident",0.133703655858416
"1","HRA003620_NC-04",74,0.2,"specimen_orig_ident","orig.ident",0.00631668800682885
"2","HRA003620_NC-04",73,0.2,"specimen_orig_ident","orig.ident",0.0185608949911009
"3","HRA003620_NC-04",53,0.2,"specimen_orig_ident","orig.ident",0.0198576245784938
"4","HRA003620_NC-04",0,0.2,"specimen_orig_ident","orig.ident",0
"5","HRA003620_NC-04",88,0.2,"specimen_orig_ident","orig.ident",0.0496054114994363
"6","HRA003620_NC-04",7,0.2,"specimen_orig_ident","orig.ident",0.00696517412935323
"7","HRA003620_NC-04",0,0.2,"specimen_orig_ident","orig.ident",0
"8","HRA003620_NC-04",10,0.2,"specimen_orig_ident","orig.ident",0.0131061598951507
"9","HRA003620_NC-04",2,0.2,"specimen_orig_ident","orig.ident",0.00444444444444444
"0","HRA003620_NC-05",1050,0.2,"specimen_orig_ident","orig.ident",0.0678206950006459
"1","HRA003620_NC-05",446,0.2,"specimen_orig_ident","orig.ident",0.038070849338455
"2","HRA003620_NC-05",308,0.2,"specimen_orig_ident","orig.ident",0.0783117213323163
"3","HRA003620_NC-05",63,0.2,"specimen_orig_ident","orig.ident",0.0236043461970776
"4","HRA003620_NC-05",0,0.2,"specimen_orig_ident","orig.ident",0
"5","HRA003620_NC-05",12,0.2,"specimen_orig_ident","orig.ident",0.00676437429537768
"6","HRA003620_NC-05",36,0.2,"specimen_orig_ident","orig.ident",0.0358208955223881
"7","HRA003620_NC-05",62,0.2,"specimen_orig_ident","orig.ident",0.0749697702539299
"8","HRA003620_NC-05",49,0.2,"specimen_orig_ident","orig.ident",0.0642201834862385
"9","HRA003620_NC-05",38,0.2,"specimen_orig_ident","orig.ident",0.0844444444444444
"0","HRA003620_NC-11",663,0.2,"specimen_orig_ident","orig.ident",0.0428239245575507
"1","HRA003620_NC-11",84,0.2,"specimen_orig_ident","orig.ident",0.00717029449423816
"2","HRA003620_NC-11",97,0.2,"specimen_orig_ident","orig.ident",0.0246631070429697
"3","HRA003620_NC-11",36,0.2,"specimen_orig_ident","orig.ident",0.0134881978269015
"4","HRA003620_NC-11",0,0.2,"specimen_orig_ident","orig.ident",0
"5","HRA003620_NC-11",1,0.2,"specimen_orig_ident","orig.ident",0.00056369785794814
"6","HRA003620_NC-11",37,0.2,"specimen_orig_ident","orig.ident",0.03681592039801
"7","HRA003620_NC-11",1,0.2,"specimen_orig_ident","orig.ident",0.00120918984280532
"8","HRA003620_NC-11",70,0.2,"specimen_orig_ident","orig.ident",0.0917431192660551
"9","HRA003620_NC-11",12,0.2,"specimen_orig_ident","orig.ident",0.0266666666666667
"0","HRA003620_NC-24",102,0.2,"specimen_orig_ident","orig.ident",0.00658829608577703
"1","HRA003620_NC-24",237,0.2,"specimen_orig_ident","orig.ident",0.0202304737516005
"2","HRA003620_NC-24",86,0.2,"specimen_orig_ident","orig.ident",0.0218662598525299
"3","HRA003620_NC-24",48,0.2,"specimen_orig_ident","orig.ident",0.0179842637692019
"4","HRA003620_NC-24",0,0.2,"specimen_orig_ident","orig.ident",0
"5","HRA003620_NC-24",10,0.2,"specimen_orig_ident","orig.ident",0.0056369785794814
"6","HRA003620_NC-24",2,0.2,"specimen_orig_ident","orig.ident",0.00199004975124378
"7","HRA003620_NC-24",0,0.2,"specimen_orig_ident","orig.ident",0
"8","HRA003620_NC-24",6,0.2,"specimen_orig_ident","orig.ident",0.00786369593709043
"9","HRA003620_NC-24",0,0.2,"specimen_orig_ident","orig.ident",0
"0","HRA003620_NC-27",174,0.2,"specimen_orig_ident","orig.ident",0.0112388580286785
"1","HRA003620_NC-27",165,0.2,"specimen_orig_ident","orig.ident",0.0140845070422535
"2","HRA003620_NC-27",43,0.2,"specimen_orig_ident","orig.ident",0.0109331299262649
"3","HRA003620_NC-27",27,0.2,"specimen_orig_ident","orig.ident",0.0101161483701761
"4","HRA003620_NC-27",0,0.2,"specimen_orig_ident","orig.ident",0
"5","HRA003620_NC-27",30,0.2,"specimen_orig_ident","orig.ident",0.0169109357384442
"6","HRA003620_NC-27",1,0.2,"specimen_orig_ident","orig.ident",0.00099502487562189
"7","HRA003620_NC-27",2,0.2,"specimen_orig_ident","orig.ident",0.00241837968561064
"8","HRA003620_NC-27",5,0.2,"specimen_orig_ident","orig.ident",0.00655307994757536
"9","HRA003620_NC-27",5,0.2,"specimen_orig_ident","orig.ident",0.0111111111111111
"0","HRA003620_NC-30",1828,0.2,"specimen_orig_ident","orig.ident",0.11807260043922
"1","HRA003620_NC-30",393,0.2,"specimen_orig_ident","orig.ident",0.0335467349551857
"2","HRA003620_NC-30",347,0.2,"specimen_orig_ident","orig.ident",0.0882278159166031
"3","HRA003620_NC-30",58,0.2,"specimen_orig_ident","orig.ident",0.0217309853877857
"4","HRA003620_NC-30",0,0.2,"specimen_orig_ident","orig.ident",0
"5","HRA003620_NC-30",3,0.2,"specimen_orig_ident","orig.ident",0.00169109357384442
"6","HRA003620_NC-30",30,0.2,"specimen_orig_ident","orig.ident",0.0298507462686567
"7","HRA003620_NC-30",2,0.2,"specimen_orig_ident","orig.ident",0.00241837968561064
"8","HRA003620_NC-30",76,0.2,"specimen_orig_ident","orig.ident",0.0996068152031455
"9","HRA003620_NC-30",52,0.2,"specimen_orig_ident","orig.ident",0.115555555555556
"0","PRJNA662018_PRJNA662018_P1N1",421,0.2,"specimen_orig_ident","orig.ident",0.0271928691383542
"1","PRJNA662018_PRJNA662018_P1N1",142,0.2,"specimen_orig_ident","orig.ident",0.0121212121212121
"2","PRJNA662018_PRJNA662018_P1N1",81,0.2,"specimen_orig_ident","orig.ident",0.0205949656750572
"3","PRJNA662018_PRJNA662018_P1N1",81,0.2,"specimen_orig_ident","orig.ident",0.0303484451105283
"4","PRJNA662018_PRJNA662018_P1N1",0,0.2,"specimen_orig_ident","orig.ident",0
"5","PRJNA662018_PRJNA662018_P1N1",12,0.2,"specimen_orig_ident","orig.ident",0.00676437429537768
"6","PRJNA662018_PRJNA662018_P1N1",8,0.2,"specimen_orig_ident","orig.ident",0.00796019900497512
"7","PRJNA662018_PRJNA662018_P1N1",7,0.2,"specimen_orig_ident","orig.ident",0.00846432889963724
"8","PRJNA662018_PRJNA662018_P1N1",19,0.2,"specimen_orig_ident","orig.ident",0.0249017038007864
"9","PRJNA662018_PRJNA662018_P1N1",8,0.2,"specimen_orig_ident","orig.ident",0.0177777777777778
"0","PRJNA662018_PRJNA662018_P1T1",199,0.2,"specimen_orig_ident","orig.ident",0.0128536364810748
"1","PRJNA662018_PRJNA662018_P1T1",550,0.2,"specimen_orig_ident","orig.ident",0.0469483568075117
"2","PRJNA662018_PRJNA662018_P1T1",92,0.2,"specimen_orig_ident","orig.ident",0.0233918128654971
"3","PRJNA662018_PRJNA662018_P1T1",79,0.2,"specimen_orig_ident","orig.ident",0.0295991007868115
"4","PRJNA662018_PRJNA662018_P1T1",0,0.2,"specimen_orig_ident","orig.ident",0
"5","PRJNA662018_PRJNA662018_P1T1",41,0.2,"specimen_orig_ident","orig.ident",0.0231116121758737
"6","PRJNA662018_PRJNA662018_P1T1",15,0.2,"specimen_orig_ident","orig.ident",0.0149253731343284
"7","PRJNA662018_PRJNA662018_P1T1",63,0.2,"specimen_orig_ident","orig.ident",0.0761789600967352
"8","PRJNA662018_PRJNA662018_P1T1",68,0.2,"specimen_orig_ident","orig.ident",0.0891218872870249
"9","PRJNA662018_PRJNA662018_P1T1",10,0.2,"specimen_orig_ident","orig.ident",0.0222222222222222
"0","PRJNA662018_PRJNA662018_P2T2",100,0.2,"specimen_orig_ident","orig.ident",0.00645911380958532
"1","PRJNA662018_PRJNA662018_P2T2",92,0.2,"specimen_orig_ident","orig.ident",0.0078531796841656
"2","PRJNA662018_PRJNA662018_P2T2",77,0.2,"specimen_orig_ident","orig.ident",0.0195779303330791
"3","PRJNA662018_PRJNA662018_P2T2",99,0.2,"specimen_orig_ident","orig.ident",0.037092544023979
"4","PRJNA662018_PRJNA662018_P2T2",0,0.2,"specimen_orig_ident","orig.ident",0
"5","PRJNA662018_PRJNA662018_P2T2",10,0.2,"specimen_orig_ident","orig.ident",0.0056369785794814
"6","PRJNA662018_PRJNA662018_P2T2",2,0.2,"specimen_orig_ident","orig.ident",0.00199004975124378
"7","PRJNA662018_PRJNA662018_P2T2",8,0.2,"specimen_orig_ident","orig.ident",0.00967351874244256
"8","PRJNA662018_PRJNA662018_P2T2",17,0.2,"specimen_orig_ident","orig.ident",0.0222804718217562
"9","PRJNA662018_PRJNA662018_P2T2",5,0.2,"specimen_orig_ident","orig.ident",0.0111111111111111
"0","PRJNA662018_PRJNA662018_P3N3",55,0.2,"specimen_orig_ident","orig.ident",0.00355251259527193
"1","PRJNA662018_PRJNA662018_P3N3",90,0.2,"specimen_orig_ident","orig.ident",0.00768245838668374
"2","PRJNA662018_PRJNA662018_P3N3",45,0.2,"specimen_orig_ident","orig.ident",0.011441647597254
"3","PRJNA662018_PRJNA662018_P3N3",18,0.2,"specimen_orig_ident","orig.ident",0.00674409891345073
"4","PRJNA662018_PRJNA662018_P3N3",0,0.2,"specimen_orig_ident","orig.ident",0
"5","PRJNA662018_PRJNA662018_P3N3",7,0.2,"specimen_orig_ident","orig.ident",0.00394588500563698
"6","PRJNA662018_PRJNA662018_P3N3",0,0.2,"specimen_orig_ident","orig.ident",0
"7","PRJNA662018_PRJNA662018_P3N3",5,0.2,"specimen_orig_ident","orig.ident",0.0060459492140266
"8","PRJNA662018_PRJNA662018_P3N3",5,0.2,"specimen_orig_ident","orig.ident",0.00655307994757536
"9","PRJNA662018_PRJNA662018_P3N3",1,0.2,"specimen_orig_ident","orig.ident",0.00222222222222222
"0","PRJNA662018_PRJNA662018_P3T3",37,0.2,"specimen_orig_ident","orig.ident",0.00238987210954657
"1","PRJNA662018_PRJNA662018_P3T3",67,0.2,"specimen_orig_ident","orig.ident",0.00571916346564234
"2","PRJNA662018_PRJNA662018_P3T3",21,0.2,"specimen_orig_ident","orig.ident",0.0053394355453852
"3","PRJNA662018_PRJNA662018_P3T3",14,0.2,"specimen_orig_ident","orig.ident",0.00524541026601723
"4","PRJNA662018_PRJNA662018_P3T3",0,0.2,"specimen_orig_ident","orig.ident",0
"5","PRJNA662018_PRJNA662018_P3T3",5,0.2,"specimen_orig_ident","orig.ident",0.0028184892897407
"6","PRJNA662018_PRJNA662018_P3T3",7,0.2,"specimen_orig_ident","orig.ident",0.00696517412935323
"7","PRJNA662018_PRJNA662018_P3T3",7,0.2,"specimen_orig_ident","orig.ident",0.00846432889963724
"8","PRJNA662018_PRJNA662018_P3T3",7,0.2,"specimen_orig_ident","orig.ident",0.00917431192660551
"9","PRJNA662018_PRJNA662018_P3T3",5,0.2,"specimen_orig_ident","orig.ident",0.0111111111111111
"0","PRJNA662018_PRJNA662018_P4T4",210,0.2,"specimen_orig_ident","orig.ident",0.0135641390001292
"1","PRJNA662018_PRJNA662018_P4T4",402,0.2,"specimen_orig_ident","orig.ident",0.034314980793854
"2","PRJNA662018_PRJNA662018_P4T4",42,0.2,"specimen_orig_ident","orig.ident",0.0106788710907704
"3","PRJNA662018_PRJNA662018_P4T4",105,0.2,"specimen_orig_ident","orig.ident",0.0393405769951293
"4","PRJNA662018_PRJNA662018_P4T4",0,0.2,"specimen_orig_ident","orig.ident",0
"5","PRJNA662018_PRJNA662018_P4T4",16,0.2,"specimen_orig_ident","orig.ident",0.00901916572717024
"6","PRJNA662018_PRJNA662018_P4T4",91,0.2,"specimen_orig_ident","orig.ident",0.090547263681592
"7","PRJNA662018_PRJNA662018_P4T4",35,0.2,"specimen_orig_ident","orig.ident",0.0423216444981862
"8","PRJNA662018_PRJNA662018_P4T4",34,0.2,"specimen_orig_ident","orig.ident",0.0445609436435125
"9","PRJNA662018_PRJNA662018_P4T4",4,0.2,"specimen_orig_ident","orig.ident",0.00888888888888889
"0","PRJNA662018_PRJNA662018_P5T5",24,0.2,"specimen_orig_ident","orig.ident",0.00155018731430048
"1","PRJNA662018_PRJNA662018_P5T5",82,0.2,"specimen_orig_ident","orig.ident",0.0069995731967563
"2","PRJNA662018_PRJNA662018_P5T5",28,0.2,"specimen_orig_ident","orig.ident",0.00711924739384694
"3","PRJNA662018_PRJNA662018_P5T5",0,0.2,"specimen_orig_ident","orig.ident",0
"4","PRJNA662018_PRJNA662018_P5T5",0,0.2,"specimen_orig_ident","orig.ident",0
"5","PRJNA662018_PRJNA662018_P5T5",11,0.2,"specimen_orig_ident","orig.ident",0.00620067643742954
"6","PRJNA662018_PRJNA662018_P5T5",6,0.2,"specimen_orig_ident","orig.ident",0.00597014925373134
"7","PRJNA662018_PRJNA662018_P5T5",25,0.2,"specimen_orig_ident","orig.ident",0.030229746070133
"8","PRJNA662018_PRJNA662018_P5T5",2,0.2,"specimen_orig_ident","orig.ident",0.00262123197903014
"9","PRJNA662018_PRJNA662018_P5T5",0,0.2,"specimen_orig_ident","orig.ident",0
"0","PRJNA662018_PRJNA662018_P6N2",210,0.2,"specimen_orig_ident","orig.ident",0.0135641390001292
"1","PRJNA662018_PRJNA662018_P6N2",113,0.2,"specimen_orig_ident","orig.ident",0.00964575330772514
"2","PRJNA662018_PRJNA662018_P6N2",59,0.2,"specimen_orig_ident","orig.ident",0.0150012712941775
"3","PRJNA662018_PRJNA662018_P6N2",26,0.2,"specimen_orig_ident","orig.ident",0.00974147620831772
"4","PRJNA662018_PRJNA662018_P6N2",0,0.2,"specimen_orig_ident","orig.ident",0
"5","PRJNA662018_PRJNA662018_P6N2",7,0.2,"specimen_orig_ident","orig.ident",0.00394588500563698
"6","PRJNA662018_PRJNA662018_P6N2",7,0.2,"specimen_orig_ident","orig.ident",0.00696517412935323
"7","PRJNA662018_PRJNA662018_P6N2",1,0.2,"specimen_orig_ident","orig.ident",0.00120918984280532
"8","PRJNA662018_PRJNA662018_P6N2",15,0.2,"specimen_orig_ident","orig.ident",0.0196592398427261
"9","PRJNA662018_PRJNA662018_P6N2",13,0.2,"specimen_orig_ident","orig.ident",0.0288888888888889
"0","PRJNA662018_PRJNA662018_P6T6",0,0.2,"specimen_orig_ident","orig.ident",0
"1","PRJNA662018_PRJNA662018_P6T6",35,0.2,"specimen_orig_ident","orig.ident",0.00298762270593257
"2","PRJNA662018_PRJNA662018_P6T6",6,0.2,"specimen_orig_ident","orig.ident",0.0015255530129672
"3","PRJNA662018_PRJNA662018_P6T6",0,0.2,"specimen_orig_ident","orig.ident",0
"4","PRJNA662018_PRJNA662018_P6T6",0,0.2,"specimen_orig_ident","orig.ident",0
"5","PRJNA662018_PRJNA662018_P6T6",10,0.2,"specimen_orig_ident","orig.ident",0.0056369785794814
"6","PRJNA662018_PRJNA662018_P6T6",0,0.2,"specimen_orig_ident","orig.ident",0
"7","PRJNA662018_PRJNA662018_P6T6",8,0.2,"specimen_orig_ident","orig.ident",0.00967351874244256
"8","PRJNA662018_PRJNA662018_P6T6",1,0.2,"specimen_orig_ident","orig.ident",0.00131061598951507
"9","PRJNA662018_PRJNA662018_P6T6",0,0.2,"specimen_orig_ident","orig.ident",0
"0","PRJNA662018_PRJNA662018_P7T7",53,0.2,"specimen_orig_ident","orig.ident",0.00342333031908022
"1","PRJNA662018_PRJNA662018_P7T7",162,0.2,"specimen_orig_ident","orig.ident",0.0138284250960307
"2","PRJNA662018_PRJNA662018_P7T7",46,0.2,"specimen_orig_ident","orig.ident",0.0116959064327485
"3","PRJNA662018_PRJNA662018_P7T7",12,0.2,"specimen_orig_ident","orig.ident",0.00449606594230049
"4","PRJNA662018_PRJNA662018_P7T7",0,0.2,"specimen_orig_ident","orig.ident",0
"5","PRJNA662018_PRJNA662018_P7T7",16,0.2,"specimen_orig_ident","orig.ident",0.00901916572717024
"6","PRJNA662018_PRJNA662018_P7T7",20,0.2,"specimen_orig_ident","orig.ident",0.0199004975124378
"7","PRJNA662018_PRJNA662018_P7T7",16,0.2,"specimen_orig_ident","orig.ident",0.0193470374848851
"8","PRJNA662018_PRJNA662018_P7T7",5,0.2,"specimen_orig_ident","orig.ident",0.00655307994757536
"9","PRJNA662018_PRJNA662018_P7T7",1,0.2,"specimen_orig_ident","orig.ident",0.00222222222222222
"0","PRJNA662018_PRJNA662018_P8T8",22,0.2,"specimen_orig_ident","orig.ident",0.00142100503810877
"1","PRJNA662018_PRJNA662018_P8T8",59,0.2,"specimen_orig_ident","orig.ident",0.0050362782757149
"2","PRJNA662018_PRJNA662018_P8T8",41,0.2,"specimen_orig_ident","orig.ident",0.0104246122552759
"3","PRJNA662018_PRJNA662018_P8T8",3,0.2,"specimen_orig_ident","orig.ident",0.00112401648557512
"4","PRJNA662018_PRJNA662018_P8T8",0,0.2,"specimen_orig_ident","orig.ident",0
"5","PRJNA662018_PRJNA662018_P8T8",41,0.2,"specimen_orig_ident","orig.ident",0.0231116121758737
"6","PRJNA662018_PRJNA662018_P8T8",10,0.2,"specimen_orig_ident","orig.ident",0.00995024875621891
"7","PRJNA662018_PRJNA662018_P8T8",15,0.2,"specimen_orig_ident","orig.ident",0.0181378476420798
"8","PRJNA662018_PRJNA662018_P8T8",8,0.2,"specimen_orig_ident","orig.ident",0.0104849279161206
"9","PRJNA662018_PRJNA662018_P8T8",0,0.2,"specimen_orig_ident","orig.ident",0
"0","T4091568",403,0.2,"specimen_orig_ident","orig.ident",0.0260302286526289
"1","T4091568",340,0.2,"specimen_orig_ident","orig.ident",0.0290226205719163
"2","T4091568",77,0.2,"specimen_orig_ident","orig.ident",0.0195779303330791
"3","T4091568",161,0.2,"specimen_orig_ident","orig.ident",0.0603222180591982
"4","T4091568",298,0.2,"specimen_orig_ident","orig.ident",0.167887323943662
"5","T4091568",37,0.2,"specimen_orig_ident","orig.ident",0.0208568207440812
"6","T4091568",8,0.2,"specimen_orig_ident","orig.ident",0.00796019900497512
"7","T4091568",10,0.2,"specimen_orig_ident","orig.ident",0.0120918984280532
"8","T4091568",15,0.2,"specimen_orig_ident","orig.ident",0.0196592398427261
"9","T4091568",17,0.2,"specimen_orig_ident","orig.ident",0.0377777777777778
"0","T4295396",29,0.2,"specimen_orig_ident","orig.ident",0.00187314300477974
"1","T4295396",98,0.2,"specimen_orig_ident","orig.ident",0.00836534357661118
"2","T4295396",9,0.2,"specimen_orig_ident","orig.ident",0.0022883295194508
"3","T4295396",154,0.2,"specimen_orig_ident","orig.ident",0.0576995129261896
"4","T4295396",58,0.2,"specimen_orig_ident","orig.ident",0.0326760563380282
"5","T4295396",12,0.2,"specimen_orig_ident","orig.ident",0.00676437429537768
"6","T4295396",13,0.2,"specimen_orig_ident","orig.ident",0.0129353233830846
"7","T4295396",1,0.2,"specimen_orig_ident","orig.ident",0.00120918984280532
"8","T4295396",5,0.2,"specimen_orig_ident","orig.ident",0.00655307994757536
"9","T4295396",6,0.2,"specimen_orig_ident","orig.ident",0.0133333333333333
"0","T4380845",84,0.2,"specimen_orig_ident","orig.ident",0.00542565560005167
"1","T4380845",284,0.2,"specimen_orig_ident","orig.ident",0.0242424242424242
"2","T4380845",39,0.2,"specimen_orig_ident","orig.ident",0.0099160945842868
"3","T4380845",34,0.2,"specimen_orig_ident","orig.ident",0.0127388535031847
"4","T4380845",133,0.2,"specimen_orig_ident","orig.ident",0.0749295774647887
"5","T4380845",3,0.2,"specimen_orig_ident","orig.ident",0.00169109357384442
"6","T4380845",18,0.2,"specimen_orig_ident","orig.ident",0.017910447761194
"7","T4380845",5,0.2,"specimen_orig_ident","orig.ident",0.0060459492140266
"8","T4380845",11,0.2,"specimen_orig_ident","orig.ident",0.0144167758846658
"9","T4380845",1,0.2,"specimen_orig_ident","orig.ident",0.00222222222222222
"0","T4398343",116,0.2,"specimen_orig_ident","orig.ident",0.00749257201911898
"1","T4398343",758,0.2,"specimen_orig_ident","orig.ident",0.0647033717456253
"2","T4398343",107,0.2,"specimen_orig_ident","orig.ident",0.0272056953979151
"3","T4398343",143,0.2,"specimen_orig_ident","orig.ident",0.0535781191457475
"4","T4398343",242,0.2,"specimen_orig_ident","orig.ident",0.136338028169014
"5","T4398343",6,0.2,"specimen_orig_ident","orig.ident",0.00338218714768884
"6","T4398343",106,0.2,"specimen_orig_ident","orig.ident",0.10547263681592
"7","T4398343",28,0.2,"specimen_orig_ident","orig.ident",0.033857315598549
"8","T4398343",31,0.2,"specimen_orig_ident","orig.ident",0.0406290956749672
"9","T4398343",36,0.2,"specimen_orig_ident","orig.ident",0.08
"0","T4450398",11,0.2,"specimen_orig_ident","orig.ident",0.000710502519054386
"1","T4450398",133,0.2,"specimen_orig_ident","orig.ident",0.0113529662825437
"2","T4450398",38,0.2,"specimen_orig_ident","orig.ident",0.00966183574879227
"3","T4450398",41,0.2,"specimen_orig_ident","orig.ident",0.0153615586361933
"4","T4450398",49,0.2,"specimen_orig_ident","orig.ident",0.0276056338028169
"5","T4450398",0,0.2,"specimen_orig_ident","orig.ident",0
"6","T4450398",33,0.2,"specimen_orig_ident","orig.ident",0.0328358208955224
"7","T4450398",4,0.2,"specimen_orig_ident","orig.ident",0.00483675937122128
"8","T4450398",6,0.2,"specimen_orig_ident","orig.ident",0.00786369593709043
"9","T4450398",7,0.2,"specimen_orig_ident","orig.ident",0.0155555555555556
"0","T4463209a",23,0.2,"specimen_orig_ident","orig.ident",0.00148559617620462
"1","T4463209a",283,0.2,"specimen_orig_ident","orig.ident",0.0241570635936833
"2","T4463209a",16,0.2,"specimen_orig_ident","orig.ident",0.00406814136791253
"3","T4463209a",55,0.2,"specimen_orig_ident","orig.ident",0.0206069689022106
"4","T4463209a",76,0.2,"specimen_orig_ident","orig.ident",0.0428169014084507
"5","T4463209a",7,0.2,"specimen_orig_ident","orig.ident",0.00394588500563698
"6","T4463209a",23,0.2,"specimen_orig_ident","orig.ident",0.0228855721393035
"7","T4463209a",6,0.2,"specimen_orig_ident","orig.ident",0.00725513905683192
"8","T4463209a",6,0.2,"specimen_orig_ident","orig.ident",0.00786369593709043
"9","T4463209a",3,0.2,"specimen_orig_ident","orig.ident",0.00666666666666667
"0","T4463209b",27,0.2,"specimen_orig_ident","orig.ident",0.00174396072858804
"1","T4463209b",103,0.2,"specimen_orig_ident","orig.ident",0.00879214682031584
"2","T4463209b",40,0.2,"specimen_orig_ident","orig.ident",0.0101703534197813
"3","T4463209b",47,0.2,"specimen_orig_ident","orig.ident",0.0176095916073436
"4","T4463209b",78,0.2,"specimen_orig_ident","orig.ident",0.043943661971831
"5","T4463209b",5,0.2,"specimen_orig_ident","orig.ident",0.0028184892897407
"6","T4463209b",13,0.2,"specimen_orig_ident","orig.ident",0.0129353233830846
"7","T4463209b",2,0.2,"specimen_orig_ident","orig.ident",0.00241837968561064
"8","T4463209b",16,0.2,"specimen_orig_ident","orig.ident",0.0209698558322412
"9","T4463209b",8,0.2,"specimen_orig_ident","orig.ident",0.0177777777777778
"0","T4465219",73,0.2,"specimen_orig_ident","orig.ident",0.00471515308099729
"1","T4465219",353,0.2,"specimen_orig_ident","orig.ident",0.0301323090055484
"2","T4465219",27,0.2,"specimen_orig_ident","orig.ident",0.0068649885583524
"3","T4465219",61,0.2,"specimen_orig_ident","orig.ident",0.0228550018733608
"4","T4465219",48,0.2,"specimen_orig_ident","orig.ident",0.0270422535211268
"5","T4465219",272,0.2,"specimen_orig_ident","orig.ident",0.153325817361894
"6","T4465219",8,0.2,"specimen_orig_ident","orig.ident",0.00796019900497512
"7","T4465219",29,0.2,"specimen_orig_ident","orig.ident",0.0350665054413543
"8","T4465219",9,0.2,"specimen_orig_ident","orig.ident",0.0117955439056356
"9","T4465219",3,0.2,"specimen_orig_ident","orig.ident",0.00666666666666667
"0","T4465935",58,0.2,"specimen_orig_ident","orig.ident",0.00374628600955949
"1","T4465935",106,0.2,"specimen_orig_ident","orig.ident",0.00904822876653863
"2","T4465935",10,0.2,"specimen_orig_ident","orig.ident",0.00254258835494533
"3","T4465935",59,0.2,"specimen_orig_ident","orig.ident",0.0221056575496441
"4","T4465935",50,0.2,"specimen_orig_ident","orig.ident",0.028169014084507
"5","T4465935",3,0.2,"specimen_orig_ident","orig.ident",0.00169109357384442
"6","T4465935",26,0.2,"specimen_orig_ident","orig.ident",0.0258706467661692
"7","T4465935",2,0.2,"specimen_orig_ident","orig.ident",0.00241837968561064
"8","T4465935",3,0.2,"specimen_orig_ident","orig.ident",0.00393184796854522
"9","T4465935",6,0.2,"specimen_orig_ident","orig.ident",0.0133333333333333
"0","T4466585",1149,0.2,"specimen_orig_ident","orig.ident",0.0742152176721354
"1","T4466585",296,0.2,"specimen_orig_ident","orig.ident",0.0252667520273154
"2","T4466585",27,0.2,"specimen_orig_ident","orig.ident",0.0068649885583524
"3","T4466585",44,0.2,"specimen_orig_ident","orig.ident",0.0164855751217685
"4","T4466585",281,0.2,"specimen_orig_ident","orig.ident",0.15830985915493
"5","T4466585",5,0.2,"specimen_orig_ident","orig.ident",0.0028184892897407
"6","T4466585",5,0.2,"specimen_orig_ident","orig.ident",0.00497512437810945
"7","T4466585",2,0.2,"specimen_orig_ident","orig.ident",0.00241837968561064
"8","T4466585",5,0.2,"specimen_orig_ident","orig.ident",0.00655307994757536
"9","T4466585",22,0.2,"specimen_orig_ident","orig.ident",0.0488888888888889
"0","T4469479",1072,0.2,"specimen_orig_ident","orig.ident",0.0692417000387547
"1","T4469479",119,0.2,"specimen_orig_ident","orig.ident",0.0101579172001707
"2","T4469479",6,0.2,"specimen_orig_ident","orig.ident",0.0015255530129672
"3","T4469479",201,0.2,"specimen_orig_ident","orig.ident",0.0753091045335332
"4","T4469479",53,0.2,"specimen_orig_ident","orig.ident",0.0298591549295775
"5","T4469479",20,0.2,"specimen_orig_ident","orig.ident",0.0112739571589628
"6","T4469479",9,0.2,"specimen_orig_ident","orig.ident",0.00895522388059702
"7","T4469479",1,0.2,"specimen_orig_ident","orig.ident",0.00120918984280532
"8","T4469479",6,0.2,"specimen_orig_ident","orig.ident",0.00786369593709043
"9","T4469479",11,0.2,"specimen_orig_ident","orig.ident",0.0244444444444444
"0","T4471438",119,0.2,"specimen_orig_ident","orig.ident",0.00768634543340654
"1","T4471438",418,0.2,"specimen_orig_ident","orig.ident",0.0356807511737089
"2","T4471438",44,0.2,"specimen_orig_ident","orig.ident",0.0111873887617595
"3","T4471438",131,0.2,"specimen_orig_ident","orig.ident",0.049082053203447
"4","T4471438",230,0.2,"specimen_orig_ident","orig.ident",0.129577464788732
"5","T4471438",13,0.2,"specimen_orig_ident","orig.ident",0.00732807215332582
"6","T4471438",9,0.2,"specimen_orig_ident","orig.ident",0.00895522388059702
"7","T4471438",8,0.2,"specimen_orig_ident","orig.ident",0.00967351874244256
"8","T4471438",4,0.2,"specimen_orig_ident","orig.ident",0.00524246395806029
"9","T4471438",4,0.2,"specimen_orig_ident","orig.ident",0.00888888888888889
"0","T8009218",62,0.2,"specimen_orig_ident","orig.ident",0.0040046505619429
"1","T8009218",462,0.2,"specimen_orig_ident","orig.ident",0.0394366197183099
"2","T8009218",129,0.2,"specimen_orig_ident","orig.ident",0.0327993897787948
"3","T8009218",64,0.2,"specimen_orig_ident","orig.ident",0.0239790183589359
"4","T8009218",164,0.2,"specimen_orig_ident","orig.ident",0.0923943661971831
"5","T8009218",30,0.2,"specimen_orig_ident","orig.ident",0.0169109357384442
"6","T8009218",12,0.2,"specimen_orig_ident","orig.ident",0.0119402985074627
"7","T8009218",25,0.2,"specimen_orig_ident","orig.ident",0.030229746070133
"8","T8009218",7,0.2,"specimen_orig_ident","orig.ident",0.00917431192660551
"9","T8009218",3,0.2,"specimen_orig_ident","orig.ident",0.00666666666666667
"0","PRJNA662018_PRJNA662018_P1N1",421,0.2,"specimen_sample_id","sample_id",0.0271928691383542
"1","PRJNA662018_PRJNA662018_P1N1",142,0.2,"specimen_sample_id","sample_id",0.0121212121212121
"2","PRJNA662018_PRJNA662018_P1N1",81,0.2,"specimen_sample_id","sample_id",0.0205949656750572
"3","PRJNA662018_PRJNA662018_P1N1",81,0.2,"specimen_sample_id","sample_id",0.0303484451105283
"4","PRJNA662018_PRJNA662018_P1N1",0,0.2,"specimen_sample_id","sample_id",0
"5","PRJNA662018_PRJNA662018_P1N1",12,0.2,"specimen_sample_id","sample_id",0.00676437429537768
"6","PRJNA662018_PRJNA662018_P1N1",8,0.2,"specimen_sample_id","sample_id",0.00796019900497512
"7","PRJNA662018_PRJNA662018_P1N1",7,0.2,"specimen_sample_id","sample_id",0.00846432889963724
"8","PRJNA662018_PRJNA662018_P1N1",19,0.2,"specimen_sample_id","sample_id",0.0249017038007864
"9","PRJNA662018_PRJNA662018_P1N1",8,0.2,"specimen_sample_id","sample_id",0.0177777777777778
"0","PRJNA662018_PRJNA662018_P1T1",199,0.2,"specimen_sample_id","sample_id",0.0128536364810748
"1","PRJNA662018_PRJNA662018_P1T1",550,0.2,"specimen_sample_id","sample_id",0.0469483568075117
"2","PRJNA662018_PRJNA662018_P1T1",92,0.2,"specimen_sample_id","sample_id",0.0233918128654971
"3","PRJNA662018_PRJNA662018_P1T1",79,0.2,"specimen_sample_id","sample_id",0.0295991007868115
"4","PRJNA662018_PRJNA662018_P1T1",0,0.2,"specimen_sample_id","sample_id",0
"5","PRJNA662018_PRJNA662018_P1T1",41,0.2,"specimen_sample_id","sample_id",0.0231116121758737
"6","PRJNA662018_PRJNA662018_P1T1",15,0.2,"specimen_sample_id","sample_id",0.0149253731343284
"7","PRJNA662018_PRJNA662018_P1T1",63,0.2,"specimen_sample_id","sample_id",0.0761789600967352
"8","PRJNA662018_PRJNA662018_P1T1",68,0.2,"specimen_sample_id","sample_id",0.0891218872870249
"9","PRJNA662018_PRJNA662018_P1T1",10,0.2,"specimen_sample_id","sample_id",0.0222222222222222
"0","PRJNA662018_PRJNA662018_P2T2",100,0.2,"specimen_sample_id","sample_id",0.00645911380958532
"1","PRJNA662018_PRJNA662018_P2T2",92,0.2,"specimen_sample_id","sample_id",0.0078531796841656
"2","PRJNA662018_PRJNA662018_P2T2",77,0.2,"specimen_sample_id","sample_id",0.0195779303330791
"3","PRJNA662018_PRJNA662018_P2T2",99,0.2,"specimen_sample_id","sample_id",0.037092544023979
"4","PRJNA662018_PRJNA662018_P2T2",0,0.2,"specimen_sample_id","sample_id",0
"5","PRJNA662018_PRJNA662018_P2T2",10,0.2,"specimen_sample_id","sample_id",0.0056369785794814
"6","PRJNA662018_PRJNA662018_P2T2",2,0.2,"specimen_sample_id","sample_id",0.00199004975124378
"7","PRJNA662018_PRJNA662018_P2T2",8,0.2,"specimen_sample_id","sample_id",0.00967351874244256
"8","PRJNA662018_PRJNA662018_P2T2",17,0.2,"specimen_sample_id","sample_id",0.0222804718217562
"9","PRJNA662018_PRJNA662018_P2T2",5,0.2,"specimen_sample_id","sample_id",0.0111111111111111
"0","PRJNA662018_PRJNA662018_P3N3",55,0.2,"specimen_sample_id","sample_id",0.00355251259527193
"1","PRJNA662018_PRJNA662018_P3N3",90,0.2,"specimen_sample_id","sample_id",0.00768245838668374
"2","PRJNA662018_PRJNA662018_P3N3",45,0.2,"specimen_sample_id","sample_id",0.011441647597254
"3","PRJNA662018_PRJNA662018_P3N3",18,0.2,"specimen_sample_id","sample_id",0.00674409891345073
"4","PRJNA662018_PRJNA662018_P3N3",0,0.2,"specimen_sample_id","sample_id",0
"5","PRJNA662018_PRJNA662018_P3N3",7,0.2,"specimen_sample_id","sample_id",0.00394588500563698
"6","PRJNA662018_PRJNA662018_P3N3",0,0.2,"specimen_sample_id","sample_id",0
"7","PRJNA662018_PRJNA662018_P3N3",5,0.2,"specimen_sample_id","sample_id",0.0060459492140266
"8","PRJNA662018_PRJNA662018_P3N3",5,0.2,"specimen_sample_id","sample_id",0.00655307994757536
"9","PRJNA662018_PRJNA662018_P3N3",1,0.2,"specimen_sample_id","sample_id",0.00222222222222222
"0","PRJNA662018_PRJNA662018_P3T3",37,0.2,"specimen_sample_id","sample_id",0.00238987210954657
"1","PRJNA662018_PRJNA662018_P3T3",67,0.2,"specimen_sample_id","sample_id",0.00571916346564234
"2","PRJNA662018_PRJNA662018_P3T3",21,0.2,"specimen_sample_id","sample_id",0.0053394355453852
"3","PRJNA662018_PRJNA662018_P3T3",14,0.2,"specimen_sample_id","sample_id",0.00524541026601723
"4","PRJNA662018_PRJNA662018_P3T3",0,0.2,"specimen_sample_id","sample_id",0
"5","PRJNA662018_PRJNA662018_P3T3",5,0.2,"specimen_sample_id","sample_id",0.0028184892897407
"6","PRJNA662018_PRJNA662018_P3T3",7,0.2,"specimen_sample_id","sample_id",0.00696517412935323
"7","PRJNA662018_PRJNA662018_P3T3",7,0.2,"specimen_sample_id","sample_id",0.00846432889963724
"8","PRJNA662018_PRJNA662018_P3T3",7,0.2,"specimen_sample_id","sample_id",0.00917431192660551
"9","PRJNA662018_PRJNA662018_P3T3",5,0.2,"specimen_sample_id","sample_id",0.0111111111111111
"0","PRJNA662018_PRJNA662018_P4T4",210,0.2,"specimen_sample_id","sample_id",0.0135641390001292
"1","PRJNA662018_PRJNA662018_P4T4",402,0.2,"specimen_sample_id","sample_id",0.034314980793854
"2","PRJNA662018_PRJNA662018_P4T4",42,0.2,"specimen_sample_id","sample_id",0.0106788710907704
"3","PRJNA662018_PRJNA662018_P4T4",105,0.2,"specimen_sample_id","sample_id",0.0393405769951293
"4","PRJNA662018_PRJNA662018_P4T4",0,0.2,"specimen_sample_id","sample_id",0
"5","PRJNA662018_PRJNA662018_P4T4",16,0.2,"specimen_sample_id","sample_id",0.00901916572717024
"6","PRJNA662018_PRJNA662018_P4T4",91,0.2,"specimen_sample_id","sample_id",0.090547263681592
"7","PRJNA662018_PRJNA662018_P4T4",35,0.2,"specimen_sample_id","sample_id",0.0423216444981862
"8","PRJNA662018_PRJNA662018_P4T4",34,0.2,"specimen_sample_id","sample_id",0.0445609436435125
"9","PRJNA662018_PRJNA662018_P4T4",4,0.2,"specimen_sample_id","sample_id",0.00888888888888889
"0","PRJNA662018_PRJNA662018_P5T5",24,0.2,"specimen_sample_id","sample_id",0.00155018731430048
"1","PRJNA662018_PRJNA662018_P5T5",82,0.2,"specimen_sample_id","sample_id",0.0069995731967563
"2","PRJNA662018_PRJNA662018_P5T5",28,0.2,"specimen_sample_id","sample_id",0.00711924739384694
"3","PRJNA662018_PRJNA662018_P5T5",0,0.2,"specimen_sample_id","sample_id",0
"4","PRJNA662018_PRJNA662018_P5T5",0,0.2,"specimen_sample_id","sample_id",0
"5","PRJNA662018_PRJNA662018_P5T5",11,0.2,"specimen_sample_id","sample_id",0.00620067643742954
"6","PRJNA662018_PRJNA662018_P5T5",6,0.2,"specimen_sample_id","sample_id",0.00597014925373134
"7","PRJNA662018_PRJNA662018_P5T5",25,0.2,"specimen_sample_id","sample_id",0.030229746070133
"8","PRJNA662018_PRJNA662018_P5T5",2,0.2,"specimen_sample_id","sample_id",0.00262123197903014
"9","PRJNA662018_PRJNA662018_P5T5",0,0.2,"specimen_sample_id","sample_id",0
"0","PRJNA662018_PRJNA662018_P6N2",210,0.2,"specimen_sample_id","sample_id",0.0135641390001292
"1","PRJNA662018_PRJNA662018_P6N2",113,0.2,"specimen_sample_id","sample_id",0.00964575330772514
"2","PRJNA662018_PRJNA662018_P6N2",59,0.2,"specimen_sample_id","sample_id",0.0150012712941775
"3","PRJNA662018_PRJNA662018_P6N2",26,0.2,"specimen_sample_id","sample_id",0.00974147620831772
"4","PRJNA662018_PRJNA662018_P6N2",0,0.2,"specimen_sample_id","sample_id",0
"5","PRJNA662018_PRJNA662018_P6N2",7,0.2,"specimen_sample_id","sample_id",0.00394588500563698
"6","PRJNA662018_PRJNA662018_P6N2",7,0.2,"specimen_sample_id","sample_id",0.00696517412935323
"7","PRJNA662018_PRJNA662018_P6N2",1,0.2,"specimen_sample_id","sample_id",0.00120918984280532
"8","PRJNA662018_PRJNA662018_P6N2",15,0.2,"specimen_sample_id","sample_id",0.0196592398427261
"9","PRJNA662018_PRJNA662018_P6N2",13,0.2,"specimen_sample_id","sample_id",0.0288888888888889
"0","PRJNA662018_PRJNA662018_P6T6",0,0.2,"specimen_sample_id","sample_id",0
"1","PRJNA662018_PRJNA662018_P6T6",35,0.2,"specimen_sample_id","sample_id",0.00298762270593257
"2","PRJNA662018_PRJNA662018_P6T6",6,0.2,"specimen_sample_id","sample_id",0.0015255530129672
"3","PRJNA662018_PRJNA662018_P6T6",0,0.2,"specimen_sample_id","sample_id",0
"4","PRJNA662018_PRJNA662018_P6T6",0,0.2,"specimen_sample_id","sample_id",0
"5","PRJNA662018_PRJNA662018_P6T6",10,0.2,"specimen_sample_id","sample_id",0.0056369785794814
"6","PRJNA662018_PRJNA662018_P6T6",0,0.2,"specimen_sample_id","sample_id",0
"7","PRJNA662018_PRJNA662018_P6T6",8,0.2,"specimen_sample_id","sample_id",0.00967351874244256
"8","PRJNA662018_PRJNA662018_P6T6",1,0.2,"specimen_sample_id","sample_id",0.00131061598951507
"9","PRJNA662018_PRJNA662018_P6T6",0,0.2,"specimen_sample_id","sample_id",0
"0","PRJNA662018_PRJNA662018_P7T7",53,0.2,"specimen_sample_id","sample_id",0.00342333031908022
"1","PRJNA662018_PRJNA662018_P7T7",162,0.2,"specimen_sample_id","sample_id",0.0138284250960307
"2","PRJNA662018_PRJNA662018_P7T7",46,0.2,"specimen_sample_id","sample_id",0.0116959064327485
"3","PRJNA662018_PRJNA662018_P7T7",12,0.2,"specimen_sample_id","sample_id",0.00449606594230049
"4","PRJNA662018_PRJNA662018_P7T7",0,0.2,"specimen_sample_id","sample_id",0
"5","PRJNA662018_PRJNA662018_P7T7",16,0.2,"specimen_sample_id","sample_id",0.00901916572717024
"6","PRJNA662018_PRJNA662018_P7T7",20,0.2,"specimen_sample_id","sample_id",0.0199004975124378
"7","PRJNA662018_PRJNA662018_P7T7",16,0.2,"specimen_sample_id","sample_id",0.0193470374848851
"8","PRJNA662018_PRJNA662018_P7T7",5,0.2,"specimen_sample_id","sample_id",0.00655307994757536
"9","PRJNA662018_PRJNA662018_P7T7",1,0.2,"specimen_sample_id","sample_id",0.00222222222222222
"0","PRJNA662018_PRJNA662018_P8T8",22,0.2,"specimen_sample_id","sample_id",0.00142100503810877
"1","PRJNA662018_PRJNA662018_P8T8",59,0.2,"specimen_sample_id","sample_id",0.0050362782757149
"2","PRJNA662018_PRJNA662018_P8T8",41,0.2,"specimen_sample_id","sample_id",0.0104246122552759
"3","PRJNA662018_PRJNA662018_P8T8",3,0.2,"specimen_sample_id","sample_id",0.00112401648557512
"4","PRJNA662018_PRJNA662018_P8T8",0,0.2,"specimen_sample_id","sample_id",0
"5","PRJNA662018_PRJNA662018_P8T8",41,0.2,"specimen_sample_id","sample_id",0.0231116121758737
"6","PRJNA662018_PRJNA662018_P8T8",10,0.2,"specimen_sample_id","sample_id",0.00995024875621891
"7","PRJNA662018_PRJNA662018_P8T8",15,0.2,"specimen_sample_id","sample_id",0.0181378476420798
"8","PRJNA662018_PRJNA662018_P8T8",8,0.2,"specimen_sample_id","sample_id",0.0104849279161206
"9","PRJNA662018_PRJNA662018_P8T8",0,0.2,"specimen_sample_id","sample_id",0
"0",NA,14151,0.2,"specimen_sample_id","sample_id",0.914029195194419
"1",NA,9921,0.2,"specimen_sample_id","sample_id",0.846862996158771
"2",NA,3395,0.2,"specimen_sample_id","sample_id",0.863208746503941
"3",NA,2232,0.2,"specimen_sample_id","sample_id",0.836268265267891
"4",NA,1775,0.2,"specimen_sample_id","sample_id",1
"5",NA,1598,0.2,"specimen_sample_id","sample_id",0.900789177001127
"6",NA,839,0.2,"specimen_sample_id","sample_id",0.834825870646766
"7",NA,637,0.2,"specimen_sample_id","sample_id",0.770253929866989
"8",NA,582,0.2,"specimen_sample_id","sample_id",0.762778505897772
"9",NA,403,0.2,"specimen_sample_id","sample_id",0.895555555555556
"0","Normal",8626,0.2,"stage_T","T_stage",0.55716315721483
"1","Normal",2455,0.2,"stage_T","T_stage",0.209560392658984
"2","Normal",1763,0.2,"stage_T","T_stage",0.448258326976862
"3","Normal",662,0.2,"stage_T","T_stage",0.248032971150244
"4","Normal",0,0.2,"stage_T","T_stage",0
"5","Normal",622,0.2,"stage_T","T_stage",0.350620067643743
"6","Normal",222,0.2,"stage_T","T_stage",0.22089552238806
"7","Normal",99,0.2,"stage_T","T_stage",0.119709794437727
"8","Normal",315,0.2,"stage_T","T_stage",0.412844036697248
"9","Normal",207,0.2,"stage_T","T_stage",0.46
"0","T1",861,0.2,"stage_T","T_stage",0.0556129699005296
"1","T1",1302,0.2,"stage_T","T_stage",0.111139564660691
"2","T1",523,0.2,"stage_T","T_stage",0.132977370963641
"3","T1",169,0.2,"stage_T","T_stage",0.0633195953540652
"4","T1",0,0.2,"stage_T","T_stage",0
"5","T1",122,0.2,"stage_T","T_stage",0.068771138669673
"6","T1",104,0.2,"stage_T","T_stage",0.103482587064677
"7","T1",157,0.2,"stage_T","T_stage",0.189842805320435
"8","T1",56,0.2,"stage_T","T_stage",0.073394495412844
"9","T1",23,0.2,"stage_T","T_stage",0.0511111111111111
"0","T2",1943,0.2,"stage_T","T_stage",0.125500581320243
"1","T2",2724,0.2,"stage_T","T_stage",0.232522407170294
"2","T2",456,0.2,"stage_T","T_stage",0.115942028985507
"3","T2",690,0.2,"stage_T","T_stage",0.258523791682278
"4","T2",1015,0.2,"stage_T","T_stage",0.571830985915493
"5","T2",435,0.2,"stage_T","T_stage",0.245208568207441
"6","T2",338,0.2,"stage_T","T_stage",0.336318407960199
"7","T2",110,0.2,"stage_T","T_stage",0.133010882708585
"8","T2",118,0.2,"stage_T","T_stage",0.154652686762779
"9","T2",106,0.2,"stage_T","T_stage",0.235555555555556
"0","T3",785,0.2,"stage_T","T_stage",0.0507040434052448
"1","T3",1589,0.2,"stage_T","T_stage",0.135638070849338
"2","T3",455,0.2,"stage_T","T_stage",0.115687770150013
"3","T3",144,0.2,"stage_T","T_stage",0.0539527913076058
"4","T3",164,0.2,"stage_T","T_stage",0.0923943661971831
"5","T3",179,0.2,"stage_T","T_stage",0.100901916572717
"6","T3",71,0.2,"stage_T","T_stage",0.0706467661691542
"7","T3",123,0.2,"stage_T","T_stage",0.148730350665054
"8","T3",50,0.2,"stage_T","T_stage",0.0655307994757536
"9","T3",17,0.2,"stage_T","T_stage",0.0377777777777778
"0","T4",2087,0.2,"stage_T","T_stage",0.134801705206046
"1","T4",1419,0.2,"stage_T","T_stage",0.12112676056338
"2","T4",243,0.2,"stage_T","T_stage",0.0617848970251716
"3","T4",520,0.2,"stage_T","T_stage",0.194829524166354
"4","T4",581,0.2,"stage_T","T_stage",0.327323943661972
"5","T4",84,0.2,"stage_T","T_stage",0.0473506200676437
"6","T4",63,0.2,"stage_T","T_stage",0.0626865671641791
"7","T4",100,0.2,"stage_T","T_stage",0.120918984280532
"8","T4",47,0.2,"stage_T","T_stage",0.0615989515072084
"9","T4",47,0.2,"stage_T","T_stage",0.104444444444444
"0","Ta",252,0.2,"stage_T","T_stage",0.016276966800155
"1","Ta",187,0.2,"stage_T","T_stage",0.015962441314554
"2","Ta",48,0.2,"stage_T","T_stage",0.0122044241037376
"3","Ta",50,0.2,"stage_T","T_stage",0.0187336080929187
"4","Ta",0,0.2,"stage_T","T_stage",0
"5","Ta",7,0.2,"stage_T","T_stage",0.00394588500563698
"6","Ta",26,0.2,"stage_T","T_stage",0.0258706467661692
"7","Ta",9,0.2,"stage_T","T_stage",0.0108827085852479
"8","Ta",19,0.2,"stage_T","T_stage",0.0249017038007864
"9","Ta",4,0.2,"stage_T","T_stage",0.00888888888888889
"0",NA,928,0.2,"stage_T","T_stage",0.0599405761529518
"1",NA,2039,0.2,"stage_T","T_stage",0.174050362782757
"2",NA,445,0.2,"stage_T","T_stage",0.113145181795067
"3",NA,434,0.2,"stage_T","T_stage",0.162607718246534
"4",NA,15,0.2,"stage_T","T_stage",0.00845070422535211
"5",NA,325,0.2,"stage_T","T_stage",0.183201803833145
"6",NA,181,0.2,"stage_T","T_stage",0.180099502487562
"7",NA,229,0.2,"stage_T","T_stage",0.276904474002418
"8",NA,158,0.2,"stage_T","T_stage",0.207077326343381
"9",NA,46,0.2,"stage_T","T_stage",0.102222222222222
"0","N0",2367,0.2,"stage_N","N_stage",0.152887223872885
"1","N0",3160,0.2,"stage_N","N_stage",0.26973965002134
"2","N0",988,0.2,"stage_N","N_stage",0.251207729468599
"3","N0",317,0.2,"stage_N","N_stage",0.118771075309105
"4","N0",0,0.2,"stage_N","N_stage",0
"5","N0",262,0.2,"stage_N","N_stage",0.147688838782413
"6","N0",267,0.2,"stage_N","N_stage",0.265671641791045
"7","N0",332,0.2,"stage_N","N_stage",0.401451027811366
"8","N0",138,0.2,"stage_N","N_stage",0.18086500655308
"9","N0",52,0.2,"stage_N","N_stage",0.115555555555556
"0","N2",218,0.2,"stage_N","N_stage",0.014080868104896
"1","N2",130,0.2,"stage_N","N_stage",0.011096884336321
"2","N2",74,0.2,"stage_N","N_stage",0.0188151538265955
"3","N2",20,0.2,"stage_N","N_stage",0.00749344323716748
"4","N2",0,0.2,"stage_N","N_stage",0
"5","N2",8,0.2,"stage_N","N_stage",0.00450958286358512
"6","N2",31,0.2,"stage_N","N_stage",0.0308457711442786
"7","N2",5,0.2,"stage_N","N_stage",0.0060459492140266
"8","N2",15,0.2,"stage_N","N_stage",0.0196592398427261
"9","N2",15,0.2,"stage_N","N_stage",0.0333333333333333
"0","N3",117,0.2,"stage_N","N_stage",0.00755716315721483
"1","N3",178,0.2,"stage_N","N_stage",0.0151941954758856
"2","N3",94,0.2,"stage_N","N_stage",0.0239003305364861
"3","N3",41,0.2,"stage_N","N_stage",0.0153615586361933
"4","N3",0,0.2,"stage_N","N_stage",0
"5","N3",144,0.2,"stage_N","N_stage",0.0811724915445321
"6","N3",21,0.2,"stage_N","N_stage",0.0208955223880597
"7","N3",39,0.2,"stage_N","N_stage",0.0471584038694075
"8","N3",13,0.2,"stage_N","N_stage",0.0170380078636959
"9","N3",3,0.2,"stage_N","N_stage",0.00666666666666667
"0","Normal",8626,0.2,"stage_N","N_stage",0.55716315721483
"1","Normal",2455,0.2,"stage_N","N_stage",0.209560392658984
"2","Normal",1763,0.2,"stage_N","N_stage",0.448258326976862
"3","Normal",662,0.2,"stage_N","N_stage",0.248032971150244
"4","Normal",0,0.2,"stage_N","N_stage",0
"5","Normal",622,0.2,"stage_N","N_stage",0.350620067643743
"6","Normal",222,0.2,"stage_N","N_stage",0.22089552238806
"7","Normal",99,0.2,"stage_N","N_stage",0.119709794437727
"8","Normal",315,0.2,"stage_N","N_stage",0.412844036697248
"9","Normal",207,0.2,"stage_N","N_stage",0.46
"0",NA,4154,0.2,"stage_N","N_stage",0.268311587650174
"1",NA,5792,0.2,"stage_N","N_stage",0.494408877507469
"2",NA,1014,0.2,"stage_N","N_stage",0.257818459191457
"3",NA,1629,0.2,"stage_N","N_stage",0.610340951667291
"4",NA,1775,0.2,"stage_N","N_stage",1
"5",NA,738,0.2,"stage_N","N_stage",0.416009019165727
"6",NA,464,0.2,"stage_N","N_stage",0.461691542288557
"7",NA,352,0.2,"stage_N","N_stage",0.425634824667473
"8",NA,282,0.2,"stage_N","N_stage",0.36959370904325
"9",NA,173,0.2,"stage_N","N_stage",0.384444444444444
"0","M0",2484,0.2,"stage_M","M_stage",0.160444387030099
"1","M0",3338,0.2,"stage_M","M_stage",0.284933845497226
"2","M0",1082,0.2,"stage_M","M_stage",0.275108060005085
"3","M0",358,0.2,"stage_M","M_stage",0.134132633945298
"4","M0",0,0.2,"stage_M","M_stage",0
"5","M0",406,0.2,"stage_M","M_stage",0.228861330326945
"6","M0",288,0.2,"stage_M","M_stage",0.286567164179104
"7","M0",371,0.2,"stage_M","M_stage",0.448609431680774
"8","M0",151,0.2,"stage_M","M_stage",0.197903014416776
"9","M0",55,0.2,"stage_M","M_stage",0.122222222222222
"0","Normal",8626,0.2,"stage_M","M_stage",0.55716315721483
"1","Normal",2455,0.2,"stage_M","M_stage",0.209560392658984
"2","Normal",1763,0.2,"stage_M","M_stage",0.448258326976862
"3","Normal",662,0.2,"stage_M","M_stage",0.248032971150244
"4","Normal",0,0.2,"stage_M","M_stage",0
"5","Normal",622,0.2,"stage_M","M_stage",0.350620067643743
"6","Normal",222,0.2,"stage_M","M_stage",0.22089552238806
"7","Normal",99,0.2,"stage_M","M_stage",0.119709794437727
"8","Normal",315,0.2,"stage_M","M_stage",0.412844036697248
"9","Normal",207,0.2,"stage_M","M_stage",0.46
"0",NA,4372,0.2,"stage_M","M_stage",0.28239245575507
"1",NA,5922,0.2,"stage_M","M_stage",0.50550576184379
"2",NA,1088,0.2,"stage_M","M_stage",0.276633613018052
"3",NA,1649,0.2,"stage_M","M_stage",0.617834394904459
"4",NA,1775,0.2,"stage_M","M_stage",1
"5",NA,746,0.2,"stage_M","M_stage",0.420518602029312
"6",NA,495,0.2,"stage_M","M_stage",0.492537313432836
"7",NA,357,0.2,"stage_M","M_stage",0.431680773881499
"8",NA,297,0.2,"stage_M","M_stage",0.389252948885976
"9",NA,188,0.2,"stage_M","M_stage",0.417777777777778
"0","MIBC",5197,0.2,"clinical_type","Type",0.335680144684149
"1","MIBC",6660,0.2,"clinical_type","Type",0.568501920614597
"2","MIBC",1367,0.2,"clinical_type","Type",0.347571828121027
"3","MIBC",1491,0.2,"clinical_type","Type",0.558636193330835
"4","MIBC",1775,0.2,"clinical_type","Type",1
"5","MIBC",951,0.2,"clinical_type","Type",0.536076662908681
"6","MIBC",538,0.2,"clinical_type","Type",0.535323383084577
"7","MIBC",449,0.2,"clinical_type","Type",0.542926239419589
"8","MIBC",247,0.2,"clinical_type","Type",0.323722149410223
"9","MIBC",192,0.2,"clinical_type","Type",0.426666666666667
"0","NMIBC",1659,0.2,"clinical_type","Type",0.107156698101021
"1","NMIBC",2600,0.2,"clinical_type","Type",0.221937686726419
"2","NMIBC",803,0.2,"clinical_type","Type",0.20416984490211
"3","NMIBC",516,0.2,"clinical_type","Type",0.193330835518921
"4","NMIBC",0,0.2,"clinical_type","Type",0
"5","NMIBC",201,0.2,"clinical_type","Type",0.113303269447576
"6","NMIBC",245,0.2,"clinical_type","Type",0.243781094527363
"7","NMIBC",279,0.2,"clinical_type","Type",0.337363966142684
"8","NMIBC",201,0.2,"clinical_type","Type",0.26343381389253
"9","NMIBC",51,0.2,"clinical_type","Type",0.113333333333333
"0","Normal",8626,0.2,"clinical_type","Type",0.55716315721483
"1","Normal",2455,0.2,"clinical_type","Type",0.209560392658984
"2","Normal",1763,0.2,"clinical_type","Type",0.448258326976862
"3","Normal",662,0.2,"clinical_type","Type",0.248032971150244
"4","Normal",0,0.2,"clinical_type","Type",0
"5","Normal",622,0.2,"clinical_type","Type",0.350620067643743
"6","Normal",222,0.2,"clinical_type","Type",0.22089552238806
"7","Normal",99,0.2,"clinical_type","Type",0.119709794437727
"8","Normal",315,0.2,"clinical_type","Type",0.412844036697248
"9","Normal",207,0.2,"clinical_type","Type",0.46
"0","CNP0000460",1708,0.4,"dataset","dataset",0.1787920025123
"1","CNP0000460",1878,0.4,"dataset","dataset",0.220785328003762
"2","CNP0000460",488,0.4,"dataset","dataset",0.113435611343561
"3","CNP0000460",884,0.4,"dataset","dataset",0.277029144468819
"4","CNP0000460",111,0.4,"dataset","dataset",0.0417450169236555
"5","CNP0000460",389,0.4,"dataset","dataset",0.166168304143528
"6","CNP0000460",552,0.4,"dataset","dataset",0.280203045685279
"7","CNP0000460",825,0.4,"dataset","dataset",0.462703309029725
"8","CNP0000460",0,0.4,"dataset","dataset",0
"9","CNP0000460",251,0.4,"dataset","dataset",0.249007936507937
"10","CNP0000460",136,0.4,"dataset","dataset",0.147186147186147
"11","CNP0000460",233,0.4,"dataset","dataset",0.276722090261283
"12","CNP0000460",134,0.4,"dataset","dataset",0.17562254259502
"13","CNP0000460",103,0.4,"dataset","dataset",0.228888888888889
"14","CNP0000460",49,0.4,"dataset","dataset",0.147147147147147
"0","GSE326225",429,0.4,"dataset","dataset",0.0449073589448341
"1","GSE326225",60,0.4,"dataset","dataset",0.00705384434516812
"2","GSE326225",184,0.4,"dataset","dataset",0.0427708042770804
"3","GSE326225",87,0.4,"dataset","dataset",0.0272641805076778
"4","GSE326225",36,0.4,"dataset","dataset",0.0135389244076721
"5","GSE326225",103,0.4,"dataset","dataset",0.0439982913284921
"6","GSE326225",66,0.4,"dataset","dataset",0.033502538071066
"7","GSE326225",176,0.4,"dataset","dataset",0.0987100392596747
"8","GSE326225",15,0.4,"dataset","dataset",0.0084841628959276
"9","GSE326225",30,0.4,"dataset","dataset",0.0297619047619048
"10","GSE326225",100,0.4,"dataset","dataset",0.108225108225108
"11","GSE326225",54,0.4,"dataset","dataset",0.0641330166270784
"12","GSE326225",16,0.4,"dataset","dataset",0.0209698558322412
"13","GSE326225",21,0.4,"dataset","dataset",0.0466666666666667
"14","GSE326225",19,0.4,"dataset","dataset",0.0570570570570571
"0","HRA003620",2864,0.4,"dataset","dataset",0.299801109599079
"1","HRA003620",5100,0.4,"dataset","dataset",0.59957676933929
"2","HRA003620",2775,0.4,"dataset","dataset",0.645048814504881
"3","HRA003620",1224,0.4,"dataset","dataset",0.383578815418364
"4","HRA003620",278,0.4,"dataset","dataset",0.104550582925912
"5","HRA003620",432,0.4,"dataset","dataset",0.184536522853481
"6","HRA003620",777,0.4,"dataset","dataset",0.394416243654822
"7","HRA003620",192,0.4,"dataset","dataset",0.107683679192372
"8","HRA003620",0,0.4,"dataset","dataset",0
"9","HRA003620",275,0.4,"dataset","dataset",0.27281746031746
"10","HRA003620",163,0.4,"dataset","dataset",0.176406926406926
"11","HRA003620",235,0.4,"dataset","dataset",0.279097387173397
"12","HRA003620",308,0.4,"dataset","dataset",0.403669724770642
"13","HRA003620",152,0.4,"dataset","dataset",0.337777777777778
"14","HRA003620",48,0.4,"dataset","dataset",0.144144144144144
"0","InhouseData",3006,0.4,"dataset","dataset",0.314665550088977
"1","InhouseData",793,0.4,"dataset","dataset",0.0932283094286386
"2","InhouseData",433,0.4,"dataset","dataset",0.100650860065086
"3","InhouseData",543,0.4,"dataset","dataset",0.170166092134127
"4","InhouseData",2002,0.4,"dataset","dataset",0.752914629559985
"5","InhouseData",1054,0.4,"dataset","dataset",0.450234942332337
"6","InhouseData",388,0.4,"dataset","dataset",0.196954314720812
"7","InhouseData",414,0.4,"dataset","dataset",0.232192933258553
"8","InhouseData",1753,0.4,"dataset","dataset",0.991515837104072
"9","InhouseData",286,0.4,"dataset","dataset",0.283730158730159
"10","InhouseData",379,0.4,"dataset","dataset",0.41017316017316
"11","InhouseData",129,0.4,"dataset","dataset",0.153206650831354
"12","InhouseData",124,0.4,"dataset","dataset",0.162516382699869
"13","InhouseData",127,0.4,"dataset","dataset",0.282222222222222
"14","InhouseData",142,0.4,"dataset","dataset",0.426426426426426
"0","PRJNA662018",1546,0.4,"dataset","dataset",0.16183397885481
"1","PRJNA662018",675,0.4,"dataset","dataset",0.0793557488831413
"2","PRJNA662018",422,0.4,"dataset","dataset",0.098093909809391
"3","PRJNA662018",453,0.4,"dataset","dataset",0.141961767471012
"4","PRJNA662018",232,0.4,"dataset","dataset",0.0872508461827755
"5","PRJNA662018",363,0.4,"dataset","dataset",0.155061939342161
"6","PRJNA662018",187,0.4,"dataset","dataset",0.0949238578680203
"7","PRJNA662018",176,0.4,"dataset","dataset",0.0987100392596747
"8","PRJNA662018",0,0.4,"dataset","dataset",0
"9","PRJNA662018",166,0.4,"dataset","dataset",0.16468253968254
"10","PRJNA662018",146,0.4,"dataset","dataset",0.158008658008658
"11","PRJNA662018",191,0.4,"dataset","dataset",0.226840855106888
"12","PRJNA662018",181,0.4,"dataset","dataset",0.237221494102228
"13","PRJNA662018",47,0.4,"dataset","dataset",0.104444444444444
"14","PRJNA662018",75,0.4,"dataset","dataset",0.225225225225225
"0","CNP0000460_P01N",172,0.4,"specimen_orig_ident","orig.ident",0.0180048152412855
"1","CNP0000460_P01N",216,0.4,"specimen_orig_ident","orig.ident",0.0253938396426052
"2","CNP0000460_P01N",49,0.4,"specimen_orig_ident","orig.ident",0.0113900511390051
"3","CNP0000460_P01N",62,0.4,"specimen_orig_ident","orig.ident",0.0194296458790348
"4","CNP0000460_P01N",5,0.4,"specimen_orig_ident","orig.ident",0.00188040616773223
"5","CNP0000460_P01N",90,0.4,"specimen_orig_ident","orig.ident",0.0384451089278086
"6","CNP0000460_P01N",39,0.4,"specimen_orig_ident","orig.ident",0.0197969543147208
"7","CNP0000460_P01N",228,0.4,"specimen_orig_ident","orig.ident",0.127874369040942
"8","CNP0000460_P01N",0,0.4,"specimen_orig_ident","orig.ident",0
"9","CNP0000460_P01N",7,0.4,"specimen_orig_ident","orig.ident",0.00694444444444444
"10","CNP0000460_P01N",7,0.4,"specimen_orig_ident","orig.ident",0.00757575757575758
"11","CNP0000460_P01N",7,0.4,"specimen_orig_ident","orig.ident",0.00831353919239905
"12","CNP0000460_P01N",13,0.4,"specimen_orig_ident","orig.ident",0.0170380078636959
"13","CNP0000460_P01N",2,0.4,"specimen_orig_ident","orig.ident",0.00444444444444444
"14","CNP0000460_P01N",6,0.4,"specimen_orig_ident","orig.ident",0.018018018018018
"0","CNP0000460_P01T",109,0.4,"specimen_orig_ident","orig.ident",0.0114100282633728
"1","CNP0000460_P01T",111,0.4,"specimen_orig_ident","orig.ident",0.013049612038561
"2","CNP0000460_P01T",28,0.4,"specimen_orig_ident","orig.ident",0.00650860065086007
"3","CNP0000460_P01T",12,0.4,"specimen_orig_ident","orig.ident",0.00376057662174867
"4","CNP0000460_P01T",4,0.4,"specimen_orig_ident","orig.ident",0.00150432493418578
"5","CNP0000460_P01T",8,0.4,"specimen_orig_ident","orig.ident",0.00341734301580521
"6","CNP0000460_P01T",40,0.4,"specimen_orig_ident","orig.ident",0.0203045685279188
"7","CNP0000460_P01T",36,0.4,"specimen_orig_ident","orig.ident",0.0201906898485698
"8","CNP0000460_P01T",0,0.4,"specimen_orig_ident","orig.ident",0
"9","CNP0000460_P01T",8,0.4,"specimen_orig_ident","orig.ident",0.00793650793650794
"10","CNP0000460_P01T",9,0.4,"specimen_orig_ident","orig.ident",0.00974025974025974
"11","CNP0000460_P01T",10,0.4,"specimen_orig_ident","orig.ident",0.0118764845605701
"12","CNP0000460_P01T",5,0.4,"specimen_orig_ident","orig.ident",0.00655307994757536
"13","CNP0000460_P01T",1,0.4,"specimen_orig_ident","orig.ident",0.00222222222222222
"14","CNP0000460_P01T",0,0.4,"specimen_orig_ident","orig.ident",0
"0","CNP0000460_P02N",28,0.4,"specimen_orig_ident","orig.ident",0.00293101643462787
"1","CNP0000460_P02N",77,0.4,"specimen_orig_ident","orig.ident",0.00905243357629908
"2","CNP0000460_P02N",26,0.4,"specimen_orig_ident","orig.ident",0.00604370060437006
"3","CNP0000460_P02N",29,0.4,"specimen_orig_ident","orig.ident",0.00908806016922595
"4","CNP0000460_P02N",6,0.4,"specimen_orig_ident","orig.ident",0.00225648740127868
"5","CNP0000460_P02N",10,0.4,"specimen_orig_ident","orig.ident",0.00427167876975651
"6","CNP0000460_P02N",12,0.4,"specimen_orig_ident","orig.ident",0.00609137055837563
"7","CNP0000460_P02N",2,0.4,"specimen_orig_ident","orig.ident",0.00112170499158721
"8","CNP0000460_P02N",0,0.4,"specimen_orig_ident","orig.ident",0
"9","CNP0000460_P02N",8,0.4,"specimen_orig_ident","orig.ident",0.00793650793650794
"10","CNP0000460_P02N",5,0.4,"specimen_orig_ident","orig.ident",0.00541125541125541
"11","CNP0000460_P02N",2,0.4,"specimen_orig_ident","orig.ident",0.00237529691211401
"12","CNP0000460_P02N",4,0.4,"specimen_orig_ident","orig.ident",0.00524246395806029
"13","CNP0000460_P02N",24,0.4,"specimen_orig_ident","orig.ident",0.0533333333333333
"14","CNP0000460_P02N",4,0.4,"specimen_orig_ident","orig.ident",0.012012012012012
"0","CNP0000460_P02T",97,0.4,"specimen_orig_ident","orig.ident",0.010153878362818
"1","CNP0000460_P02T",140,0.4,"specimen_orig_ident","orig.ident",0.0164589701387256
"2","CNP0000460_P02T",38,0.4,"specimen_orig_ident","orig.ident",0.00883310088331009
"3","CNP0000460_P02T",52,0.4,"specimen_orig_ident","orig.ident",0.0162958320275776
"4","CNP0000460_P02T",9,0.4,"specimen_orig_ident","orig.ident",0.00338473110191801
"5","CNP0000460_P02T",34,0.4,"specimen_orig_ident","orig.ident",0.0145237078171721
"6","CNP0000460_P02T",59,0.4,"specimen_orig_ident","orig.ident",0.0299492385786802
"7","CNP0000460_P02T",56,0.4,"specimen_orig_ident","orig.ident",0.031407739764442
"8","CNP0000460_P02T",0,0.4,"specimen_orig_ident","orig.ident",0
"9","CNP0000460_P02T",80,0.4,"specimen_orig_ident","orig.ident",0.0793650793650794
"10","CNP0000460_P02T",8,0.4,"specimen_orig_ident","orig.ident",0.00865800865800866
"11","CNP0000460_P02T",17,0.4,"specimen_orig_ident","orig.ident",0.0201900237529691
"12","CNP0000460_P02T",17,0.4,"specimen_orig_ident","orig.ident",0.0222804718217562
"13","CNP0000460_P02T",10,0.4,"specimen_orig_ident","orig.ident",0.0222222222222222
"14","CNP0000460_P02T",4,0.4,"specimen_orig_ident","orig.ident",0.012012012012012
"0","CNP0000460_P03N",157,0.4,"specimen_orig_ident","orig.ident",0.016434627865592
"1","CNP0000460_P03N",249,0.4,"specimen_orig_ident","orig.ident",0.0292734540324477
"2","CNP0000460_P03N",51,0.4,"specimen_orig_ident","orig.ident",0.0118549511854951
"3","CNP0000460_P03N",123,0.4,"specimen_orig_ident","orig.ident",0.0385459103729238
"4","CNP0000460_P03N",11,0.4,"specimen_orig_ident","orig.ident",0.00413689356901091
"5","CNP0000460_P03N",42,0.4,"specimen_orig_ident","orig.ident",0.0179410508329774
"6","CNP0000460_P03N",69,0.4,"specimen_orig_ident","orig.ident",0.0350253807106599
"7","CNP0000460_P03N",19,0.4,"specimen_orig_ident","orig.ident",0.0106561974200785
"8","CNP0000460_P03N",0,0.4,"specimen_orig_ident","orig.ident",0
"9","CNP0000460_P03N",13,0.4,"specimen_orig_ident","orig.ident",0.0128968253968254
"10","CNP0000460_P03N",13,0.4,"specimen_orig_ident","orig.ident",0.0140692640692641
"11","CNP0000460_P03N",9,0.4,"specimen_orig_ident","orig.ident",0.0106888361045131
"12","CNP0000460_P03N",10,0.4,"specimen_orig_ident","orig.ident",0.0131061598951507
"13","CNP0000460_P03N",14,0.4,"specimen_orig_ident","orig.ident",0.0311111111111111
"14","CNP0000460_P03N",13,0.4,"specimen_orig_ident","orig.ident",0.039039039039039
"0","CNP0000460_P03T",323,0.4,"specimen_orig_ident","orig.ident",0.0338113681566
"1","CNP0000460_P03T",300,0.4,"specimen_orig_ident","orig.ident",0.0352692217258406
"2","CNP0000460_P03T",74,0.4,"specimen_orig_ident","orig.ident",0.0172013017201302
"3","CNP0000460_P03T",231,0.4,"specimen_orig_ident","orig.ident",0.0723910999686619
"4","CNP0000460_P03T",20,0.4,"specimen_orig_ident","orig.ident",0.00752162467092892
"5","CNP0000460_P03T",27,0.4,"specimen_orig_ident","orig.ident",0.0115335326783426
"6","CNP0000460_P03T",128,0.4,"specimen_orig_ident","orig.ident",0.0649746192893401
"7","CNP0000460_P03T",24,0.4,"specimen_orig_ident","orig.ident",0.0134604598990466
"8","CNP0000460_P03T",0,0.4,"specimen_orig_ident","orig.ident",0
"9","CNP0000460_P03T",31,0.4,"specimen_orig_ident","orig.ident",0.0307539682539683
"10","CNP0000460_P03T",29,0.4,"specimen_orig_ident","orig.ident",0.0313852813852814
"11","CNP0000460_P03T",59,0.4,"specimen_orig_ident","orig.ident",0.0700712589073634
"12","CNP0000460_P03T",16,0.4,"specimen_orig_ident","orig.ident",0.0209698558322412
"13","CNP0000460_P03T",5,0.4,"specimen_orig_ident","orig.ident",0.0111111111111111
"14","CNP0000460_P03T",0,0.4,"specimen_orig_ident","orig.ident",0
"0","CNP0000460_P04T",140,0.4,"specimen_orig_ident","orig.ident",0.0146550821731393
"1","CNP0000460_P04T",59,0.4,"specimen_orig_ident","orig.ident",0.00693628027274865
"2","CNP0000460_P04T",46,0.4,"specimen_orig_ident","orig.ident",0.0106927010692701
"3","CNP0000460_P04T",85,0.4,"specimen_orig_ident","orig.ident",0.0266374177373864
"4","CNP0000460_P04T",12,0.4,"specimen_orig_ident","orig.ident",0.00451297480255735
"5","CNP0000460_P04T",37,0.4,"specimen_orig_ident","orig.ident",0.0158052114480991
"6","CNP0000460_P04T",31,0.4,"specimen_orig_ident","orig.ident",0.0157360406091371
"7","CNP0000460_P04T",144,0.4,"specimen_orig_ident","orig.ident",0.0807627593942793
"8","CNP0000460_P04T",0,0.4,"specimen_orig_ident","orig.ident",0
"9","CNP0000460_P04T",21,0.4,"specimen_orig_ident","orig.ident",0.0208333333333333
"10","CNP0000460_P04T",16,0.4,"specimen_orig_ident","orig.ident",0.0173160173160173
"11","CNP0000460_P04T",39,0.4,"specimen_orig_ident","orig.ident",0.0463182897862233
"12","CNP0000460_P04T",13,0.4,"specimen_orig_ident","orig.ident",0.0170380078636959
"13","CNP0000460_P04T",3,0.4,"specimen_orig_ident","orig.ident",0.00666666666666667
"14","CNP0000460_P04T",4,0.4,"specimen_orig_ident","orig.ident",0.012012012012012
"0","CNP0000460_P05N",64,0.4,"specimen_orig_ident","orig.ident",0.00669946613629226
"1","CNP0000460_P05N",99,0.4,"specimen_orig_ident","orig.ident",0.0116388431695274
"2","CNP0000460_P05N",29,0.4,"specimen_orig_ident","orig.ident",0.00674105067410507
"3","CNP0000460_P05N",75,0.4,"specimen_orig_ident","orig.ident",0.0235036038859292
"4","CNP0000460_P05N",8,0.4,"specimen_orig_ident","orig.ident",0.00300864986837157
"5","CNP0000460_P05N",38,0.4,"specimen_orig_ident","orig.ident",0.0162323793250748
"6","CNP0000460_P05N",25,0.4,"specimen_orig_ident","orig.ident",0.0126903553299492
"7","CNP0000460_P05N",169,0.4,"specimen_orig_ident","orig.ident",0.0947840717891195
"8","CNP0000460_P05N",0,0.4,"specimen_orig_ident","orig.ident",0
"9","CNP0000460_P05N",6,0.4,"specimen_orig_ident","orig.ident",0.00595238095238095
"10","CNP0000460_P05N",9,0.4,"specimen_orig_ident","orig.ident",0.00974025974025974
"11","CNP0000460_P05N",0,0.4,"specimen_orig_ident","orig.ident",0
"12","CNP0000460_P05N",6,0.4,"specimen_orig_ident","orig.ident",0.00786369593709043
"13","CNP0000460_P05N",19,0.4,"specimen_orig_ident","orig.ident",0.0422222222222222
"14","CNP0000460_P05N",4,0.4,"specimen_orig_ident","orig.ident",0.012012012012012
"0","CNP0000460_P05T",31,0.4,"specimen_orig_ident","orig.ident",0.00324505390976657
"1","CNP0000460_P05T",37,0.4,"specimen_orig_ident","orig.ident",0.00434987067952034
"2","CNP0000460_P05T",6,0.4,"specimen_orig_ident","orig.ident",0.00139470013947001
"3","CNP0000460_P05T",26,0.4,"specimen_orig_ident","orig.ident",0.00814791601378878
"4","CNP0000460_P05T",1,0.4,"specimen_orig_ident","orig.ident",0.000376081233546446
"5","CNP0000460_P05T",5,0.4,"specimen_orig_ident","orig.ident",0.00213583938487826
"6","CNP0000460_P05T",7,0.4,"specimen_orig_ident","orig.ident",0.00355329949238579
"7","CNP0000460_P05T",30,0.4,"specimen_orig_ident","orig.ident",0.0168255748738082
"8","CNP0000460_P05T",0,0.4,"specimen_orig_ident","orig.ident",0
"9","CNP0000460_P05T",5,0.4,"specimen_orig_ident","orig.ident",0.00496031746031746
"10","CNP0000460_P05T",1,0.4,"specimen_orig_ident","orig.ident",0.00108225108225108
"11","CNP0000460_P05T",5,0.4,"specimen_orig_ident","orig.ident",0.00593824228028504
"12","CNP0000460_P05T",4,0.4,"specimen_orig_ident","orig.ident",0.00524246395806029
"13","CNP0000460_P05T",3,0.4,"specimen_orig_ident","orig.ident",0.00666666666666667
"14","CNP0000460_P05T",1,0.4,"specimen_orig_ident","orig.ident",0.003003003003003
"0","CNP0000460_P06T",342,0.4,"specimen_orig_ident","orig.ident",0.0358002721658118
"1","CNP0000460_P06T",56,0.4,"specimen_orig_ident","orig.ident",0.00658358805549024
"2","CNP0000460_P06T",46,0.4,"specimen_orig_ident","orig.ident",0.0106927010692701
"3","CNP0000460_P06T",84,0.4,"specimen_orig_ident","orig.ident",0.0263240363522407
"4","CNP0000460_P06T",5,0.4,"specimen_orig_ident","orig.ident",0.00188040616773223
"5","CNP0000460_P06T",70,0.4,"specimen_orig_ident","orig.ident",0.0299017513882956
"6","CNP0000460_P06T",47,0.4,"specimen_orig_ident","orig.ident",0.0238578680203046
"7","CNP0000460_P06T",60,0.4,"specimen_orig_ident","orig.ident",0.0336511497476164
"8","CNP0000460_P06T",0,0.4,"specimen_orig_ident","orig.ident",0
"9","CNP0000460_P06T",59,0.4,"specimen_orig_ident","orig.ident",0.058531746031746
"10","CNP0000460_P06T",19,0.4,"specimen_orig_ident","orig.ident",0.0205627705627706
"11","CNP0000460_P06T",76,0.4,"specimen_orig_ident","orig.ident",0.0902612826603325
"12","CNP0000460_P06T",29,0.4,"specimen_orig_ident","orig.ident",0.0380078636959371
"13","CNP0000460_P06T",7,0.4,"specimen_orig_ident","orig.ident",0.0155555555555556
"14","CNP0000460_P06T",7,0.4,"specimen_orig_ident","orig.ident",0.021021021021021
"0","CNP0000460_P07N",129,0.4,"specimen_orig_ident","orig.ident",0.0135036114309641
"1","CNP0000460_P07N",461,0.4,"specimen_orig_ident","orig.ident",0.054197037385375
"2","CNP0000460_P07N",78,0.4,"specimen_orig_ident","orig.ident",0.0181311018131102
"3","CNP0000460_P07N",69,0.4,"specimen_orig_ident","orig.ident",0.0216233155750548
"4","CNP0000460_P07N",21,0.4,"specimen_orig_ident","orig.ident",0.00789770590447537
"5","CNP0000460_P07N",23,0.4,"specimen_orig_ident","orig.ident",0.00982486117043998
"6","CNP0000460_P07N",61,0.4,"specimen_orig_ident","orig.ident",0.0309644670050761
"7","CNP0000460_P07N",39,0.4,"specimen_orig_ident","orig.ident",0.0218732473359506
"8","CNP0000460_P07N",0,0.4,"specimen_orig_ident","orig.ident",0
"9","CNP0000460_P07N",5,0.4,"specimen_orig_ident","orig.ident",0.00496031746031746
"10","CNP0000460_P07N",6,0.4,"specimen_orig_ident","orig.ident",0.00649350649350649
"11","CNP0000460_P07N",1,0.4,"specimen_orig_ident","orig.ident",0.00118764845605701
"12","CNP0000460_P07N",12,0.4,"specimen_orig_ident","orig.ident",0.0157273918741809
"13","CNP0000460_P07N",6,0.4,"specimen_orig_ident","orig.ident",0.0133333333333333
"14","CNP0000460_P07N",5,0.4,"specimen_orig_ident","orig.ident",0.015015015015015
"0","CNP0000460_P07T",116,0.4,"specimen_orig_ident","orig.ident",0.0121427823720297
"1","CNP0000460_P07T",73,0.4,"specimen_orig_ident","orig.ident",0.00858217728662121
"2","CNP0000460_P07T",17,0.4,"specimen_orig_ident","orig.ident",0.00395165039516504
"3","CNP0000460_P07T",36,0.4,"specimen_orig_ident","orig.ident",0.011281729865246
"4","CNP0000460_P07T",9,0.4,"specimen_orig_ident","orig.ident",0.00338473110191801
"5","CNP0000460_P07T",5,0.4,"specimen_orig_ident","orig.ident",0.00213583938487826
"6","CNP0000460_P07T",34,0.4,"specimen_orig_ident","orig.ident",0.017258883248731
"7","CNP0000460_P07T",18,0.4,"specimen_orig_ident","orig.ident",0.0100953449242849
"8","CNP0000460_P07T",0,0.4,"specimen_orig_ident","orig.ident",0
"9","CNP0000460_P07T",8,0.4,"specimen_orig_ident","orig.ident",0.00793650793650794
"10","CNP0000460_P07T",14,0.4,"specimen_orig_ident","orig.ident",0.0151515151515152
"11","CNP0000460_P07T",8,0.4,"specimen_orig_ident","orig.ident",0.00950118764845606
"12","CNP0000460_P07T",5,0.4,"specimen_orig_ident","orig.ident",0.00655307994757536
"13","CNP0000460_P07T",9,0.4,"specimen_orig_ident","orig.ident",0.02
"14","CNP0000460_P07T",1,0.4,"specimen_orig_ident","orig.ident",0.003003003003003
"0","GSE326225_BC1",14,0.4,"specimen_orig_ident","orig.ident",0.00146550821731393
"1","GSE326225_BC1",0,0.4,"specimen_orig_ident","orig.ident",0
"2","GSE326225_BC1",10,0.4,"specimen_orig_ident","orig.ident",0.00232450023245002
"3","GSE326225_BC1",2,0.4,"specimen_orig_ident","orig.ident",0.000626762770291445
"4","GSE326225_BC1",7,0.4,"specimen_orig_ident","orig.ident",0.00263256863482512
"5","GSE326225_BC1",19,0.4,"specimen_orig_ident","orig.ident",0.00811618966253738
"6","GSE326225_BC1",1,0.4,"specimen_orig_ident","orig.ident",0.00050761421319797
"7","GSE326225_BC1",84,0.4,"specimen_orig_ident","orig.ident",0.0471116096466629
"8","GSE326225_BC1",0,0.4,"specimen_orig_ident","orig.ident",0
"9","GSE326225_BC1",0,0.4,"specimen_orig_ident","orig.ident",0
"10","GSE326225_BC1",5,0.4,"specimen_orig_ident","orig.ident",0.00541125541125541
"11","GSE326225_BC1",12,0.4,"specimen_orig_ident","orig.ident",0.0142517814726841
"12","GSE326225_BC1",2,0.4,"specimen_orig_ident","orig.ident",0.00262123197903014
"13","GSE326225_BC1",2,0.4,"specimen_orig_ident","orig.ident",0.00444444444444444
"14","GSE326225_BC1",2,0.4,"specimen_orig_ident","orig.ident",0.00600600600600601
"0","GSE326225_BC2",7,0.4,"specimen_orig_ident","orig.ident",0.000732754108656966
"1","GSE326225_BC2",0,0.4,"specimen_orig_ident","orig.ident",0
"2","GSE326225_BC2",0,0.4,"specimen_orig_ident","orig.ident",0
"3","GSE326225_BC2",0,0.4,"specimen_orig_ident","orig.ident",0
"4","GSE326225_BC2",0,0.4,"specimen_orig_ident","orig.ident",0
"5","GSE326225_BC2",0,0.4,"specimen_orig_ident","orig.ident",0
"6","GSE326225_BC2",1,0.4,"specimen_orig_ident","orig.ident",0.00050761421319797
"7","GSE326225_BC2",4,0.4,"specimen_orig_ident","orig.ident",0.00224340998317443
"8","GSE326225_BC2",0,0.4,"specimen_orig_ident","orig.ident",0
"9","GSE326225_BC2",0,0.4,"specimen_orig_ident","orig.ident",0
"10","GSE326225_BC2",1,0.4,"specimen_orig_ident","orig.ident",0.00108225108225108
"11","GSE326225_BC2",0,0.4,"specimen_orig_ident","orig.ident",0
"12","GSE326225_BC2",0,0.4,"specimen_orig_ident","orig.ident",0
"13","GSE326225_BC2",0,0.4,"specimen_orig_ident","orig.ident",0
"14","GSE326225_BC2",0,0.4,"specimen_orig_ident","orig.ident",0
"0","GSE326225_BC3",77,0.4,"specimen_orig_ident","orig.ident",0.00806029519522663
"1","GSE326225_BC3",1,0.4,"specimen_orig_ident","orig.ident",0.000117564072419469
"2","GSE326225_BC3",7,0.4,"specimen_orig_ident","orig.ident",0.00162715016271502
"3","GSE326225_BC3",15,0.4,"specimen_orig_ident","orig.ident",0.00470072077718584
"4","GSE326225_BC3",0,0.4,"specimen_orig_ident","orig.ident",0
"5","GSE326225_BC3",0,0.4,"specimen_orig_ident","orig.ident",0
"6","GSE326225_BC3",6,0.4,"specimen_orig_ident","orig.ident",0.00304568527918782
"7","GSE326225_BC3",18,0.4,"specimen_orig_ident","orig.ident",0.0100953449242849
"8","GSE326225_BC3",2,0.4,"specimen_orig_ident","orig.ident",0.00113122171945701
"9","GSE326225_BC3",3,0.4,"specimen_orig_ident","orig.ident",0.00297619047619048
"10","GSE326225_BC3",16,0.4,"specimen_orig_ident","orig.ident",0.0173160173160173
"11","GSE326225_BC3",6,0.4,"specimen_orig_ident","orig.ident",0.00712589073634204
"12","GSE326225_BC3",2,0.4,"specimen_orig_ident","orig.ident",0.00262123197903014
"13","GSE326225_BC3",1,0.4,"specimen_orig_ident","orig.ident",0.00222222222222222
"14","GSE326225_BC3",0,0.4,"specimen_orig_ident","orig.ident",0
"0","GSE326225_BC4",103,0.4,"specimen_orig_ident","orig.ident",0.0107819533130954
"1","GSE326225_BC4",7,0.4,"specimen_orig_ident","orig.ident",0.00082294850693628
"2","GSE326225_BC4",43,0.4,"specimen_orig_ident","orig.ident",0.0099953509995351
"3","GSE326225_BC4",8,0.4,"specimen_orig_ident","orig.ident",0.00250705108116578
"4","GSE326225_BC4",13,0.4,"specimen_orig_ident","orig.ident",0.0048890560361038
"5","GSE326225_BC4",52,0.4,"specimen_orig_ident","orig.ident",0.0222127296027339
"6","GSE326225_BC4",10,0.4,"specimen_orig_ident","orig.ident",0.0050761421319797
"7","GSE326225_BC4",37,0.4,"specimen_orig_ident","orig.ident",0.0207515423443634
"8","GSE326225_BC4",0,0.4,"specimen_orig_ident","orig.ident",0
"9","GSE326225_BC4",3,0.4,"specimen_orig_ident","orig.ident",0.00297619047619048
"10","GSE326225_BC4",35,0.4,"specimen_orig_ident","orig.ident",0.0378787878787879
"11","GSE326225_BC4",10,0.4,"specimen_orig_ident","orig.ident",0.0118764845605701
"12","GSE326225_BC4",1,0.4,"specimen_orig_ident","orig.ident",0.00131061598951507
"13","GSE326225_BC4",5,0.4,"specimen_orig_ident","orig.ident",0.0111111111111111
"14","GSE326225_BC4",12,0.4,"specimen_orig_ident","orig.ident",0.036036036036036
"0","GSE326225_BC5",21,0.4,"specimen_orig_ident","orig.ident",0.0021982623259709
"1","GSE326225_BC5",0,0.4,"specimen_orig_ident","orig.ident",0
"2","GSE326225_BC5",5,0.4,"specimen_orig_ident","orig.ident",0.00116225011622501
"3","GSE326225_BC5",0,0.4,"specimen_orig_ident","orig.ident",0
"4","GSE326225_BC5",0,0.4,"specimen_orig_ident","orig.ident",0
"5","GSE326225_BC5",13,0.4,"specimen_orig_ident","orig.ident",0.00555318240068347
"6","GSE326225_BC5",2,0.4,"specimen_orig_ident","orig.ident",0.00101522842639594
"7","GSE326225_BC5",17,0.4,"specimen_orig_ident","orig.ident",0.00953449242849131
"8","GSE326225_BC5",0,0.4,"specimen_orig_ident","orig.ident",0
"9","GSE326225_BC5",0,0.4,"specimen_orig_ident","orig.ident",0
"10","GSE326225_BC5",6,0.4,"specimen_orig_ident","orig.ident",0.00649350649350649
"11","GSE326225_BC5",18,0.4,"specimen_orig_ident","orig.ident",0.0213776722090261
"12","GSE326225_BC5",0,0.4,"specimen_orig_ident","orig.ident",0
"13","GSE326225_BC5",0,0.4,"specimen_orig_ident","orig.ident",0
"14","GSE326225_BC5",3,0.4,"specimen_orig_ident","orig.ident",0.00900900900900901
"0","GSE326225_BC6",172,0.4,"specimen_orig_ident","orig.ident",0.0180048152412855
"1","GSE326225_BC6",47,0.4,"specimen_orig_ident","orig.ident",0.00552551140371502
"2","GSE326225_BC6",106,0.4,"specimen_orig_ident","orig.ident",0.0246397024639702
"3","GSE326225_BC6",45,0.4,"specimen_orig_ident","orig.ident",0.0141021623315575
"4","GSE326225_BC6",11,0.4,"specimen_orig_ident","orig.ident",0.00413689356901091
"5","GSE326225_BC6",17,0.4,"specimen_orig_ident","orig.ident",0.00726185390858607
"6","GSE326225_BC6",44,0.4,"specimen_orig_ident","orig.ident",0.0223350253807107
"7","GSE326225_BC6",14,0.4,"specimen_orig_ident","orig.ident",0.00785193494111049
"8","GSE326225_BC6",13,0.4,"specimen_orig_ident","orig.ident",0.00735294117647059
"9","GSE326225_BC6",16,0.4,"specimen_orig_ident","orig.ident",0.0158730158730159
"10","GSE326225_BC6",30,0.4,"specimen_orig_ident","orig.ident",0.0324675324675325
"11","GSE326225_BC6",8,0.4,"specimen_orig_ident","orig.ident",0.00950118764845606
"12","GSE326225_BC6",10,0.4,"specimen_orig_ident","orig.ident",0.0131061598951507
"13","GSE326225_BC6",5,0.4,"specimen_orig_ident","orig.ident",0.0111111111111111
"14","GSE326225_BC6",1,0.4,"specimen_orig_ident","orig.ident",0.003003003003003
"0","GSE326225_BC7",23,0.4,"specimen_orig_ident","orig.ident",0.00240762064273003
"1","GSE326225_BC7",4,0.4,"specimen_orig_ident","orig.ident",0.000470256289677874
"2","GSE326225_BC7",8,0.4,"specimen_orig_ident","orig.ident",0.00185960018596002
"3","GSE326225_BC7",9,0.4,"specimen_orig_ident","orig.ident",0.0028204324663115
"4","GSE326225_BC7",4,0.4,"specimen_orig_ident","orig.ident",0.00150432493418578
"5","GSE326225_BC7",2,0.4,"specimen_orig_ident","orig.ident",0.000854335753951303
"6","GSE326225_BC7",1,0.4,"specimen_orig_ident","orig.ident",0.00050761421319797
"7","GSE326225_BC7",1,0.4,"specimen_orig_ident","orig.ident",0.000560852495793606
"8","GSE326225_BC7",0,0.4,"specimen_orig_ident","orig.ident",0
"9","GSE326225_BC7",0,0.4,"specimen_orig_ident","orig.ident",0
"10","GSE326225_BC7",4,0.4,"specimen_orig_ident","orig.ident",0.00432900432900433
"11","GSE326225_BC7",0,0.4,"specimen_orig_ident","orig.ident",0
"12","GSE326225_BC7",1,0.4,"specimen_orig_ident","orig.ident",0.00131061598951507
"13","GSE326225_BC7",5,0.4,"specimen_orig_ident","orig.ident",0.0111111111111111
"14","GSE326225_BC7",1,0.4,"specimen_orig_ident","orig.ident",0.003003003003003
"0","GSE326225_BC8",12,0.4,"specimen_orig_ident","orig.ident",0.0012561499005548
"1","GSE326225_BC8",1,0.4,"specimen_orig_ident","orig.ident",0.000117564072419469
"2","GSE326225_BC8",5,0.4,"specimen_orig_ident","orig.ident",0.00116225011622501
"3","GSE326225_BC8",8,0.4,"specimen_orig_ident","orig.ident",0.00250705108116578
"4","GSE326225_BC8",1,0.4,"specimen_orig_ident","orig.ident",0.000376081233546446
"5","GSE326225_BC8",0,0.4,"specimen_orig_ident","orig.ident",0
"6","GSE326225_BC8",1,0.4,"specimen_orig_ident","orig.ident",0.00050761421319797
"7","GSE326225_BC8",1,0.4,"specimen_orig_ident","orig.ident",0.000560852495793606
"8","GSE326225_BC8",0,0.4,"specimen_orig_ident","orig.ident",0
"9","GSE326225_BC8",8,0.4,"specimen_orig_ident","orig.ident",0.00793650793650794
"10","GSE326225_BC8",3,0.4,"specimen_orig_ident","orig.ident",0.00324675324675325
"11","GSE326225_BC8",0,0.4,"specimen_orig_ident","orig.ident",0
"12","GSE326225_BC8",0,0.4,"specimen_orig_ident","orig.ident",0
"13","GSE326225_BC8",3,0.4,"specimen_orig_ident","orig.ident",0.00666666666666667
"14","GSE326225_BC8",0,0.4,"specimen_orig_ident","orig.ident",0
"0","HRA003620_BC-01",72,0.4,"specimen_orig_ident","orig.ident",0.0075368994033288
"1","HRA003620_BC-01",19,0.4,"specimen_orig_ident","orig.ident",0.0022337173759699
"2","HRA003620_BC-01",42,0.4,"specimen_orig_ident","orig.ident",0.0097629009762901
"3","HRA003620_BC-01",37,0.4,"specimen_orig_ident","orig.ident",0.0115951112503917
"4","HRA003620_BC-01",1,0.4,"specimen_orig_ident","orig.ident",0.000376081233546446
"5","HRA003620_BC-01",11,0.4,"specimen_orig_ident","orig.ident",0.00469884664673217
"6","HRA003620_BC-01",9,0.4,"specimen_orig_ident","orig.ident",0.00456852791878173
"7","HRA003620_BC-01",0,0.4,"specimen_orig_ident","orig.ident",0
"8","HRA003620_BC-01",0,0.4,"specimen_orig_ident","orig.ident",0
"9","HRA003620_BC-01",13,0.4,"specimen_orig_ident","orig.ident",0.0128968253968254
"10","HRA003620_BC-01",5,0.4,"specimen_orig_ident","orig.ident",0.00541125541125541
"11","HRA003620_BC-01",3,0.4,"specimen_orig_ident","orig.ident",0.00356294536817102
"12","HRA003620_BC-01",7,0.4,"specimen_orig_ident","orig.ident",0.00917431192660551
"13","HRA003620_BC-01",10,0.4,"specimen_orig_ident","orig.ident",0.0222222222222222
"14","HRA003620_BC-01",0,0.4,"specimen_orig_ident","orig.ident",0
"0","HRA003620_BC-04",367,0.4,"specimen_orig_ident","orig.ident",0.0384172511253009
"1","HRA003620_BC-04",186,0.4,"specimen_orig_ident","orig.ident",0.0218669174700212
"2","HRA003620_BC-04",79,0.4,"specimen_orig_ident","orig.ident",0.0183635518363552
"3","HRA003620_BC-04",30,0.4,"specimen_orig_ident","orig.ident",0.00940144155437167
"4","HRA003620_BC-04",9,0.4,"specimen_orig_ident","orig.ident",0.00338473110191801
"5","HRA003620_BC-04",7,0.4,"specimen_orig_ident","orig.ident",0.00299017513882956
"6","HRA003620_BC-04",42,0.4,"specimen_orig_ident","orig.ident",0.0213197969543147
"7","HRA003620_BC-04",6,0.4,"specimen_orig_ident","orig.ident",0.00336511497476164
"8","HRA003620_BC-04",0,0.4,"specimen_orig_ident","orig.ident",0
"9","HRA003620_BC-04",6,0.4,"specimen_orig_ident","orig.ident",0.00595238095238095
"10","HRA003620_BC-04",15,0.4,"specimen_orig_ident","orig.ident",0.0162337662337662
"11","HRA003620_BC-04",77,0.4,"specimen_orig_ident","orig.ident",0.0914489311163895
"12","HRA003620_BC-04",7,0.4,"specimen_orig_ident","orig.ident",0.00917431192660551
"13","HRA003620_BC-04",0,0.4,"specimen_orig_ident","orig.ident",0
"14","HRA003620_BC-04",0,0.4,"specimen_orig_ident","orig.ident",0
"0","HRA003620_BC-05",100,0.4,"specimen_orig_ident","orig.ident",0.0104679158379567
"1","HRA003620_BC-05",102,0.4,"specimen_orig_ident","orig.ident",0.0119915353867858
"2","HRA003620_BC-05",111,0.4,"specimen_orig_ident","orig.ident",0.0258019525801953
"3","HRA003620_BC-05",61,0.4,"specimen_orig_ident","orig.ident",0.0191162644938891
"4","HRA003620_BC-05",5,0.4,"specimen_orig_ident","orig.ident",0.00188040616773223
"5","HRA003620_BC-05",18,0.4,"specimen_orig_ident","orig.ident",0.00768902178556173
"6","HRA003620_BC-05",32,0.4,"specimen_orig_ident","orig.ident",0.016243654822335
"7","HRA003620_BC-05",8,0.4,"specimen_orig_ident","orig.ident",0.00448681996634885
"8","HRA003620_BC-05",0,0.4,"specimen_orig_ident","orig.ident",0
"9","HRA003620_BC-05",31,0.4,"specimen_orig_ident","orig.ident",0.0307539682539683
"10","HRA003620_BC-05",11,0.4,"specimen_orig_ident","orig.ident",0.0119047619047619
"11","HRA003620_BC-05",5,0.4,"specimen_orig_ident","orig.ident",0.00593824228028504
"12","HRA003620_BC-05",15,0.4,"specimen_orig_ident","orig.ident",0.0196592398427261
"13","HRA003620_BC-05",15,0.4,"specimen_orig_ident","orig.ident",0.0333333333333333
"14","HRA003620_BC-05",2,0.4,"specimen_orig_ident","orig.ident",0.00600600600600601
"0","HRA003620_BC-11",138,0.4,"specimen_orig_ident","orig.ident",0.0144457238563802
"1","HRA003620_BC-11",72,0.4,"specimen_orig_ident","orig.ident",0.00846461321420174
"2","HRA003620_BC-11",168,0.4,"specimen_orig_ident","orig.ident",0.0390516039051604
"3","HRA003620_BC-11",40,0.4,"specimen_orig_ident","orig.ident",0.0125352554058289
"4","HRA003620_BC-11",12,0.4,"specimen_orig_ident","orig.ident",0.00451297480255735
"5","HRA003620_BC-11",47,0.4,"specimen_orig_ident","orig.ident",0.0200768902178556
"6","HRA003620_BC-11",45,0.4,"specimen_orig_ident","orig.ident",0.0228426395939086
"7","HRA003620_BC-11",7,0.4,"specimen_orig_ident","orig.ident",0.00392596747055524
"8","HRA003620_BC-11",0,0.4,"specimen_orig_ident","orig.ident",0
"9","HRA003620_BC-11",26,0.4,"specimen_orig_ident","orig.ident",0.0257936507936508
"10","HRA003620_BC-11",11,0.4,"specimen_orig_ident","orig.ident",0.0119047619047619
"11","HRA003620_BC-11",10,0.4,"specimen_orig_ident","orig.ident",0.0118764845605701
"12","HRA003620_BC-11",19,0.4,"specimen_orig_ident","orig.ident",0.0249017038007864
"13","HRA003620_BC-11",4,0.4,"specimen_orig_ident","orig.ident",0.00888888888888889
"14","HRA003620_BC-11",3,0.4,"specimen_orig_ident","orig.ident",0.00900900900900901
"0","HRA003620_BC-24",203,0.4,"specimen_orig_ident","orig.ident",0.021249869151052
"1","HRA003620_BC-24",59,0.4,"specimen_orig_ident","orig.ident",0.00693628027274865
"2","HRA003620_BC-24",93,0.4,"specimen_orig_ident","orig.ident",0.0216178521617852
"3","HRA003620_BC-24",13,0.4,"specimen_orig_ident","orig.ident",0.00407395800689439
"4","HRA003620_BC-24",8,0.4,"specimen_orig_ident","orig.ident",0.00300864986837157
"5","HRA003620_BC-24",42,0.4,"specimen_orig_ident","orig.ident",0.0179410508329774
"6","HRA003620_BC-24",17,0.4,"specimen_orig_ident","orig.ident",0.00862944162436548
"7","HRA003620_BC-24",21,0.4,"specimen_orig_ident","orig.ident",0.0117779024116657
"8","HRA003620_BC-24",0,0.4,"specimen_orig_ident","orig.ident",0
"9","HRA003620_BC-24",1,0.4,"specimen_orig_ident","orig.ident",0.000992063492063492
"10","HRA003620_BC-24",9,0.4,"specimen_orig_ident","orig.ident",0.00974025974025974
"11","HRA003620_BC-24",9,0.4,"specimen_orig_ident","orig.ident",0.0106888361045131
"12","HRA003620_BC-24",3,0.4,"specimen_orig_ident","orig.ident",0.00393184796854522
"13","HRA003620_BC-24",0,0.4,"specimen_orig_ident","orig.ident",0
"14","HRA003620_BC-24",4,0.4,"specimen_orig_ident","orig.ident",0.012012012012012
"0","HRA003620_BC-27",107,0.4,"specimen_orig_ident","orig.ident",0.0112006699466136
"1","HRA003620_BC-27",37,0.4,"specimen_orig_ident","orig.ident",0.00434987067952034
"2","HRA003620_BC-27",59,0.4,"specimen_orig_ident","orig.ident",0.0137145513714551
"3","HRA003620_BC-27",44,0.4,"specimen_orig_ident","orig.ident",0.0137887809464118
"4","HRA003620_BC-27",2,0.4,"specimen_orig_ident","orig.ident",0.000752162467092892
"5","HRA003620_BC-27",10,0.4,"specimen_orig_ident","orig.ident",0.00427167876975651
"6","HRA003620_BC-27",26,0.4,"specimen_orig_ident","orig.ident",0.0131979695431472
"7","HRA003620_BC-27",1,0.4,"specimen_orig_ident","orig.ident",0.000560852495793606
"8","HRA003620_BC-27",0,0.4,"specimen_orig_ident","orig.ident",0
"9","HRA003620_BC-27",5,0.4,"specimen_orig_ident","orig.ident",0.00496031746031746
"10","HRA003620_BC-27",3,0.4,"specimen_orig_ident","orig.ident",0.00324675324675325
"11","HRA003620_BC-27",6,0.4,"specimen_orig_ident","orig.ident",0.00712589073634204
"12","HRA003620_BC-27",3,0.4,"specimen_orig_ident","orig.ident",0.00393184796854522
"13","HRA003620_BC-27",2,0.4,"specimen_orig_ident","orig.ident",0.00444444444444444
"14","HRA003620_BC-27",3,0.4,"specimen_orig_ident","orig.ident",0.00900900900900901
"0","HRA003620_BC-30",704,0.4,"specimen_orig_ident","orig.ident",0.0736941274992149
"1","HRA003620_BC-30",176,0.4,"specimen_orig_ident","orig.ident",0.0206912767458265
"2","HRA003620_BC-30",320,0.4,"specimen_orig_ident","orig.ident",0.0743840074384007
"3","HRA003620_BC-30",161,0.4,"specimen_orig_ident","orig.ident",0.0504544030084613
"4","HRA003620_BC-30",45,0.4,"specimen_orig_ident","orig.ident",0.0169236555095901
"5","HRA003620_BC-30",25,0.4,"specimen_orig_ident","orig.ident",0.0106791969243913
"6","HRA003620_BC-30",140,0.4,"specimen_orig_ident","orig.ident",0.0710659898477157
"7","HRA003620_BC-30",5,0.4,"specimen_orig_ident","orig.ident",0.00280426247896803
"8","HRA003620_BC-30",0,0.4,"specimen_orig_ident","orig.ident",0
"9","HRA003620_BC-30",25,0.4,"specimen_orig_ident","orig.ident",0.0248015873015873
"10","HRA003620_BC-30",55,0.4,"specimen_orig_ident","orig.ident",0.0595238095238095
"11","HRA003620_BC-30",56,0.4,"specimen_orig_ident","orig.ident",0.0665083135391924
"12","HRA003620_BC-30",23,0.4,"specimen_orig_ident","orig.ident",0.0301441677588467
"13","HRA003620_BC-30",1,0.4,"specimen_orig_ident","orig.ident",0.00222222222222222
"14","HRA003620_BC-30",4,0.4,"specimen_orig_ident","orig.ident",0.012012012012012
"0","HRA003620_NC-01",37,0.4,"specimen_orig_ident","orig.ident",0.00387312886004397
"1","HRA003620_NC-01",472,0.4,"specimen_orig_ident","orig.ident",0.0554902421819892
"2","HRA003620_NC-01",177,0.4,"specimen_orig_ident","orig.ident",0.0411436541143654
"3","HRA003620_NC-01",106,0.4,"specimen_orig_ident","orig.ident",0.0332184268254466
"4","HRA003620_NC-01",16,0.4,"specimen_orig_ident","orig.ident",0.00601729973674314
"5","HRA003620_NC-01",17,0.4,"specimen_orig_ident","orig.ident",0.00726185390858607
"6","HRA003620_NC-01",27,0.4,"specimen_orig_ident","orig.ident",0.0137055837563452
"7","HRA003620_NC-01",0,0.4,"specimen_orig_ident","orig.ident",0
"8","HRA003620_NC-01",0,0.4,"specimen_orig_ident","orig.ident",0
"9","HRA003620_NC-01",55,0.4,"specimen_orig_ident","orig.ident",0.0545634920634921
"10","HRA003620_NC-01",7,0.4,"specimen_orig_ident","orig.ident",0.00757575757575758
"11","HRA003620_NC-01",0,0.4,"specimen_orig_ident","orig.ident",0
"12","HRA003620_NC-01",15,0.4,"specimen_orig_ident","orig.ident",0.0196592398427261
"13","HRA003620_NC-01",11,0.4,"specimen_orig_ident","orig.ident",0.0244444444444444
"14","HRA003620_NC-01",1,0.4,"specimen_orig_ident","orig.ident",0.003003003003003
"0","HRA003620_NC-04",46,0.4,"specimen_orig_ident","orig.ident",0.00481524128546006
"1","HRA003620_NC-04",1552,0.4,"specimen_orig_ident","orig.ident",0.182459440395015
"2","HRA003620_NC-04",396,0.4,"specimen_orig_ident","orig.ident",0.0920502092050209
"3","HRA003620_NC-04",44,0.4,"specimen_orig_ident","orig.ident",0.0137887809464118
"4","HRA003620_NC-04",122,0.4,"specimen_orig_ident","orig.ident",0.0458819104926664
"5","HRA003620_NC-04",53,0.4,"specimen_orig_ident","orig.ident",0.0226398974797095
"6","HRA003620_NC-04",54,0.4,"specimen_orig_ident","orig.ident",0.0274111675126904
"7","HRA003620_NC-04",88,0.4,"specimen_orig_ident","orig.ident",0.0493550196298374
"8","HRA003620_NC-04",0,0.4,"specimen_orig_ident","orig.ident",0
"9","HRA003620_NC-04",7,0.4,"specimen_orig_ident","orig.ident",0.00694444444444444
"10","HRA003620_NC-04",3,0.4,"specimen_orig_ident","orig.ident",0.00324675324675325
"11","HRA003620_NC-04",0,0.4,"specimen_orig_ident","orig.ident",0
"12","HRA003620_NC-04",10,0.4,"specimen_orig_ident","orig.ident",0.0131061598951507
"13","HRA003620_NC-04",2,0.4,"specimen_orig_ident","orig.ident",0.00444444444444444
"14","HRA003620_NC-04",0,0.4,"specimen_orig_ident","orig.ident",0
"0","HRA003620_NC-05",347,0.4,"specimen_orig_ident","orig.ident",0.0363236679577096
"1","HRA003620_NC-05",660,0.4,"specimen_orig_ident","orig.ident",0.0775922877968493
"2","HRA003620_NC-05",372,0.4,"specimen_orig_ident","orig.ident",0.0864714086471409
"3","HRA003620_NC-05",233,0.4,"specimen_orig_ident","orig.ident",0.0730178627389533
"4","HRA003620_NC-05",17,0.4,"specimen_orig_ident","orig.ident",0.00639338097028958
"5","HRA003620_NC-05",55,0.4,"specimen_orig_ident","orig.ident",0.0234942332336608
"6","HRA003620_NC-05",157,0.4,"specimen_orig_ident","orig.ident",0.0796954314720812
"7","HRA003620_NC-05",12,0.4,"specimen_orig_ident","orig.ident",0.00673022994952328
"8","HRA003620_NC-05",0,0.4,"specimen_orig_ident","orig.ident",0
"9","HRA003620_NC-05",36,0.4,"specimen_orig_ident","orig.ident",0.0357142857142857
"10","HRA003620_NC-05",16,0.4,"specimen_orig_ident","orig.ident",0.0173160173160173
"11","HRA003620_NC-05",64,0.4,"specimen_orig_ident","orig.ident",0.0760095011876485
"12","HRA003620_NC-05",49,0.4,"specimen_orig_ident","orig.ident",0.0642201834862385
"13","HRA003620_NC-05",38,0.4,"specimen_orig_ident","orig.ident",0.0844444444444444
"14","HRA003620_NC-05",8,0.4,"specimen_orig_ident","orig.ident",0.024024024024024
"0","HRA003620_NC-11",64,0.4,"specimen_orig_ident","orig.ident",0.00669946613629226
"1","HRA003620_NC-11",414,0.4,"specimen_orig_ident","orig.ident",0.04867152598166
"2","HRA003620_NC-11",234,0.4,"specimen_orig_ident","orig.ident",0.0543933054393305
"3","HRA003620_NC-11",83,0.4,"specimen_orig_ident","orig.ident",0.026010654967095
"4","HRA003620_NC-11",16,0.4,"specimen_orig_ident","orig.ident",0.00601729973674314
"5","HRA003620_NC-11",23,0.4,"specimen_orig_ident","orig.ident",0.00982486117043998
"6","HRA003620_NC-11",32,0.4,"specimen_orig_ident","orig.ident",0.016243654822335
"7","HRA003620_NC-11",1,0.4,"specimen_orig_ident","orig.ident",0.000560852495793606
"8","HRA003620_NC-11",0,0.4,"specimen_orig_ident","orig.ident",0
"9","HRA003620_NC-11",37,0.4,"specimen_orig_ident","orig.ident",0.0367063492063492
"10","HRA003620_NC-11",1,0.4,"specimen_orig_ident","orig.ident",0.00108225108225108
"11","HRA003620_NC-11",1,0.4,"specimen_orig_ident","orig.ident",0.00118764845605701
"12","HRA003620_NC-11",70,0.4,"specimen_orig_ident","orig.ident",0.0917431192660551
"13","HRA003620_NC-11",12,0.4,"specimen_orig_ident","orig.ident",0.0266666666666667
"14","HRA003620_NC-11",13,0.4,"specimen_orig_ident","orig.ident",0.039039039039039
"0","HRA003620_NC-24",219,0.4,"specimen_orig_ident","orig.ident",0.0229247356851251
"1","HRA003620_NC-24",67,0.4,"specimen_orig_ident","orig.ident",0.0078767928521044
"2","HRA003620_NC-24",33,0.4,"specimen_orig_ident","orig.ident",0.00767085076708508
"3","HRA003620_NC-24",69,0.4,"specimen_orig_ident","orig.ident",0.0216233155750548
"4","HRA003620_NC-24",1,0.4,"specimen_orig_ident","orig.ident",0.000376081233546446
"5","HRA003620_NC-24",48,0.4,"specimen_orig_ident","orig.ident",0.0205040580948313
"6","HRA003620_NC-24",28,0.4,"specimen_orig_ident","orig.ident",0.0142131979695431
"7","HRA003620_NC-24",10,0.4,"specimen_orig_ident","orig.ident",0.00560852495793606
"8","HRA003620_NC-24",0,0.4,"specimen_orig_ident","orig.ident",0
"9","HRA003620_NC-24",2,0.4,"specimen_orig_ident","orig.ident",0.00198412698412698
"10","HRA003620_NC-24",7,0.4,"specimen_orig_ident","orig.ident",0.00757575757575758
"11","HRA003620_NC-24",0,0.4,"specimen_orig_ident","orig.ident",0
"12","HRA003620_NC-24",6,0.4,"specimen_orig_ident","orig.ident",0.00786369593709043
"13","HRA003620_NC-24",0,0.4,"specimen_orig_ident","orig.ident",0
"14","HRA003620_NC-24",1,0.4,"specimen_orig_ident","orig.ident",0.003003003003003
"0","HRA003620_NC-27",148,0.4,"specimen_orig_ident","orig.ident",0.0154925154401759
"1","HRA003620_NC-27",107,0.4,"specimen_orig_ident","orig.ident",0.0125793557488831
"2","HRA003620_NC-27",65,0.4,"specimen_orig_ident","orig.ident",0.0151092515109252
"3","HRA003620_NC-27",32,0.4,"specimen_orig_ident","orig.ident",0.0100282043246631
"4","HRA003620_NC-27",3,0.4,"specimen_orig_ident","orig.ident",0.00112824370063934
"5","HRA003620_NC-27",26,0.4,"specimen_orig_ident","orig.ident",0.0111063648013669
"6","HRA003620_NC-27",21,0.4,"specimen_orig_ident","orig.ident",0.0106598984771574
"7","HRA003620_NC-27",30,0.4,"specimen_orig_ident","orig.ident",0.0168255748738082
"8","HRA003620_NC-27",0,0.4,"specimen_orig_ident","orig.ident",0
"9","HRA003620_NC-27",1,0.4,"specimen_orig_ident","orig.ident",0.000992063492063492
"10","HRA003620_NC-27",6,0.4,"specimen_orig_ident","orig.ident",0.00649350649350649
"11","HRA003620_NC-27",2,0.4,"specimen_orig_ident","orig.ident",0.00237529691211401
"12","HRA003620_NC-27",5,0.4,"specimen_orig_ident","orig.ident",0.00655307994757536
"13","HRA003620_NC-27",5,0.4,"specimen_orig_ident","orig.ident",0.0111111111111111
"14","HRA003620_NC-27",1,0.4,"specimen_orig_ident","orig.ident",0.003003003003003
"0","HRA003620_NC-30",312,0.4,"specimen_orig_ident","orig.ident",0.0326598974144248
"1","HRA003620_NC-30",1177,0.4,"specimen_orig_ident","orig.ident",0.138372913237715
"2","HRA003620_NC-30",626,0.4,"specimen_orig_ident","orig.ident",0.145513714551371
"3","HRA003620_NC-30",271,0.4,"specimen_orig_ident","orig.ident",0.0849263553744908
"4","HRA003620_NC-30",21,0.4,"specimen_orig_ident","orig.ident",0.00789770590447537
"5","HRA003620_NC-30",50,0.4,"specimen_orig_ident","orig.ident",0.0213583938487826
"6","HRA003620_NC-30",147,0.4,"specimen_orig_ident","orig.ident",0.0746192893401015
"7","HRA003620_NC-30",3,0.4,"specimen_orig_ident","orig.ident",0.00168255748738082
"8","HRA003620_NC-30",0,0.4,"specimen_orig_ident","orig.ident",0
"9","HRA003620_NC-30",30,0.4,"specimen_orig_ident","orig.ident",0.0297619047619048
"10","HRA003620_NC-30",14,0.4,"specimen_orig_ident","orig.ident",0.0151515151515152
"11","HRA003620_NC-30",2,0.4,"specimen_orig_ident","orig.ident",0.00237529691211401
"12","HRA003620_NC-30",76,0.4,"specimen_orig_ident","orig.ident",0.0996068152031455
"13","HRA003620_NC-30",52,0.4,"specimen_orig_ident","orig.ident",0.115555555555556
"14","HRA003620_NC-30",8,0.4,"specimen_orig_ident","orig.ident",0.024024024024024
"0","PRJNA662018_PRJNA662018_P1N1",116,0.4,"specimen_orig_ident","orig.ident",0.0121427823720297
"1","PRJNA662018_PRJNA662018_P1N1",260,0.4,"specimen_orig_ident","orig.ident",0.0305666588290618
"2","PRJNA662018_PRJNA662018_P1N1",100,0.4,"specimen_orig_ident","orig.ident",0.0232450023245002
"3","PRJNA662018_PRJNA662018_P1N1",63,0.4,"specimen_orig_ident","orig.ident",0.0197430272641805
"4","PRJNA662018_PRJNA662018_P1N1",61,0.4,"specimen_orig_ident","orig.ident",0.0229409552463332
"5","PRJNA662018_PRJNA662018_P1N1",39,0.4,"specimen_orig_ident","orig.ident",0.0166595472020504
"6","PRJNA662018_PRJNA662018_P1N1",30,0.4,"specimen_orig_ident","orig.ident",0.0152284263959391
"7","PRJNA662018_PRJNA662018_P1N1",12,0.4,"specimen_orig_ident","orig.ident",0.00673022994952328
"8","PRJNA662018_PRJNA662018_P1N1",0,0.4,"specimen_orig_ident","orig.ident",0
"9","PRJNA662018_PRJNA662018_P1N1",8,0.4,"specimen_orig_ident","orig.ident",0.00793650793650794
"10","PRJNA662018_PRJNA662018_P1N1",14,0.4,"specimen_orig_ident","orig.ident",0.0151515151515152
"11","PRJNA662018_PRJNA662018_P1N1",7,0.4,"specimen_orig_ident","orig.ident",0.00831353919239905
"12","PRJNA662018_PRJNA662018_P1N1",19,0.4,"specimen_orig_ident","orig.ident",0.0249017038007864
"13","PRJNA662018_PRJNA662018_P1N1",8,0.4,"specimen_orig_ident","orig.ident",0.0177777777777778
"14","PRJNA662018_PRJNA662018_P1N1",42,0.4,"specimen_orig_ident","orig.ident",0.126126126126126
"0","PRJNA662018_PRJNA662018_P1T1",504,0.4,"specimen_orig_ident","orig.ident",0.0527582958233016
"1","PRJNA662018_PRJNA662018_P1T1",113,0.4,"specimen_orig_ident","orig.ident",0.0132847401834
"2","PRJNA662018_PRJNA662018_P1T1",68,0.4,"specimen_orig_ident","orig.ident",0.0158066015806602
"3","PRJNA662018_PRJNA662018_P1T1",73,0.4,"specimen_orig_ident","orig.ident",0.0228768411156377
"4","PRJNA662018_PRJNA662018_P1T1",18,0.4,"specimen_orig_ident","orig.ident",0.00676946220383603
"5","PRJNA662018_PRJNA662018_P1T1",75,0.4,"specimen_orig_ident","orig.ident",0.0320375907731739
"6","PRJNA662018_PRJNA662018_P1T1",37,0.4,"specimen_orig_ident","orig.ident",0.0187817258883249
"7","PRJNA662018_PRJNA662018_P1T1",41,0.4,"specimen_orig_ident","orig.ident",0.0229949523275379
"8","PRJNA662018_PRJNA662018_P1T1",0,0.4,"specimen_orig_ident","orig.ident",0
"9","PRJNA662018_PRJNA662018_P1T1",15,0.4,"specimen_orig_ident","orig.ident",0.0148809523809524
"10","PRJNA662018_PRJNA662018_P1T1",28,0.4,"specimen_orig_ident","orig.ident",0.0303030303030303
"11","PRJNA662018_PRJNA662018_P1T1",63,0.4,"specimen_orig_ident","orig.ident",0.0748218527315914
"12","PRJNA662018_PRJNA662018_P1T1",68,0.4,"specimen_orig_ident","orig.ident",0.0891218872870249
"13","PRJNA662018_PRJNA662018_P1T1",10,0.4,"specimen_orig_ident","orig.ident",0.0222222222222222
"14","PRJNA662018_PRJNA662018_P1T1",4,0.4,"specimen_orig_ident","orig.ident",0.012012012012012
"0","PRJNA662018_PRJNA662018_P2T2",75,0.4,"specimen_orig_ident","orig.ident",0.0078509368784675
"1","PRJNA662018_PRJNA662018_P2T2",40,0.4,"specimen_orig_ident","orig.ident",0.00470256289677874
"2","PRJNA662018_PRJNA662018_P2T2",32,0.4,"specimen_orig_ident","orig.ident",0.00743840074384007
"3","PRJNA662018_PRJNA662018_P2T2",67,0.4,"specimen_orig_ident","orig.ident",0.0209965528047634
"4","PRJNA662018_PRJNA662018_P2T2",28,0.4,"specimen_orig_ident","orig.ident",0.0105302745393005
"5","PRJNA662018_PRJNA662018_P2T2",86,0.4,"specimen_orig_ident","orig.ident",0.036736437419906
"6","PRJNA662018_PRJNA662018_P2T2",17,0.4,"specimen_orig_ident","orig.ident",0.00862944162436548
"7","PRJNA662018_PRJNA662018_P2T2",10,0.4,"specimen_orig_ident","orig.ident",0.00560852495793606
"8","PRJNA662018_PRJNA662018_P2T2",0,0.4,"specimen_orig_ident","orig.ident",0
"9","PRJNA662018_PRJNA662018_P2T2",2,0.4,"specimen_orig_ident","orig.ident",0.00198412698412698
"10","PRJNA662018_PRJNA662018_P2T2",10,0.4,"specimen_orig_ident","orig.ident",0.0108225108225108
"11","PRJNA662018_PRJNA662018_P2T2",8,0.4,"specimen_orig_ident","orig.ident",0.00950118764845606
"12","PRJNA662018_PRJNA662018_P2T2",17,0.4,"specimen_orig_ident","orig.ident",0.0222804718217562
"13","PRJNA662018_PRJNA662018_P2T2",5,0.4,"specimen_orig_ident","orig.ident",0.0111111111111111
"14","PRJNA662018_PRJNA662018_P2T2",13,0.4,"specimen_orig_ident","orig.ident",0.039039039039039
"0","PRJNA662018_PRJNA662018_P3N3",83,0.4,"specimen_orig_ident","orig.ident",0.00868837014550403
"1","PRJNA662018_PRJNA662018_P3N3",20,0.4,"specimen_orig_ident","orig.ident",0.00235128144838937
"2","PRJNA662018_PRJNA662018_P3N3",11,0.4,"specimen_orig_ident","orig.ident",0.00255695025569503
"3","PRJNA662018_PRJNA662018_P3N3",38,0.4,"specimen_orig_ident","orig.ident",0.0119084926355374
"4","PRJNA662018_PRJNA662018_P3N3",24,0.4,"specimen_orig_ident","orig.ident",0.0090259496051147
"5","PRJNA662018_PRJNA662018_P3N3",17,0.4,"specimen_orig_ident","orig.ident",0.00726185390858607
"6","PRJNA662018_PRJNA662018_P3N3",10,0.4,"specimen_orig_ident","orig.ident",0.0050761421319797
"7","PRJNA662018_PRJNA662018_P3N3",7,0.4,"specimen_orig_ident","orig.ident",0.00392596747055524
"8","PRJNA662018_PRJNA662018_P3N3",0,0.4,"specimen_orig_ident","orig.ident",0
"9","PRJNA662018_PRJNA662018_P3N3",0,0.4,"specimen_orig_ident","orig.ident",0
"10","PRJNA662018_PRJNA662018_P3N3",4,0.4,"specimen_orig_ident","orig.ident",0.00432900432900433
"11","PRJNA662018_PRJNA662018_P3N3",5,0.4,"specimen_orig_ident","orig.ident",0.00593824228028504
"12","PRJNA662018_PRJNA662018_P3N3",5,0.4,"specimen_orig_ident","orig.ident",0.00655307994757536
"13","PRJNA662018_PRJNA662018_P3N3",1,0.4,"specimen_orig_ident","orig.ident",0.00222222222222222
"14","PRJNA662018_PRJNA662018_P3N3",1,0.4,"specimen_orig_ident","orig.ident",0.003003003003003
"0","PRJNA662018_PRJNA662018_P3T3",54,0.4,"specimen_orig_ident","orig.ident",0.0056526745524966
"1","PRJNA662018_PRJNA662018_P3T3",6,0.4,"specimen_orig_ident","orig.ident",0.000705384434516812
"2","PRJNA662018_PRJNA662018_P3T3",22,0.4,"specimen_orig_ident","orig.ident",0.00511390051139005
"3","PRJNA662018_PRJNA662018_P3T3",20,0.4,"specimen_orig_ident","orig.ident",0.00626762770291445
"4","PRJNA662018_PRJNA662018_P3T3",9,0.4,"specimen_orig_ident","orig.ident",0.00338473110191801
"5","PRJNA662018_PRJNA662018_P3T3",10,0.4,"specimen_orig_ident","orig.ident",0.00427167876975651
"6","PRJNA662018_PRJNA662018_P3T3",6,0.4,"specimen_orig_ident","orig.ident",0.00304568527918782
"7","PRJNA662018_PRJNA662018_P3T3",5,0.4,"specimen_orig_ident","orig.ident",0.00280426247896803
"8","PRJNA662018_PRJNA662018_P3T3",0,0.4,"specimen_orig_ident","orig.ident",0
"9","PRJNA662018_PRJNA662018_P3T3",7,0.4,"specimen_orig_ident","orig.ident",0.00694444444444444
"10","PRJNA662018_PRJNA662018_P3T3",8,0.4,"specimen_orig_ident","orig.ident",0.00865800865800866
"11","PRJNA662018_PRJNA662018_P3T3",7,0.4,"specimen_orig_ident","orig.ident",0.00831353919239905
"12","PRJNA662018_PRJNA662018_P3T3",7,0.4,"specimen_orig_ident","orig.ident",0.00917431192660551
"13","PRJNA662018_PRJNA662018_P3T3",5,0.4,"specimen_orig_ident","orig.ident",0.0111111111111111
"14","PRJNA662018_PRJNA662018_P3T3",4,0.4,"specimen_orig_ident","orig.ident",0.012012012012012
"0","PRJNA662018_PRJNA662018_P4T4",336,0.4,"specimen_orig_ident","orig.ident",0.0351721972155344
"1","PRJNA662018_PRJNA662018_P4T4",80,0.4,"specimen_orig_ident","orig.ident",0.00940512579355749
"2","PRJNA662018_PRJNA662018_P4T4",66,0.4,"specimen_orig_ident","orig.ident",0.0153417015341702
"3","PRJNA662018_PRJNA662018_P4T4",39,0.4,"specimen_orig_ident","orig.ident",0.0122218740206832
"4","PRJNA662018_PRJNA662018_P4T4",62,0.4,"specimen_orig_ident","orig.ident",0.0233170364798797
"5","PRJNA662018_PRJNA662018_P4T4",99,0.4,"specimen_orig_ident","orig.ident",0.0422896198205895
"6","PRJNA662018_PRJNA662018_P4T4",27,0.4,"specimen_orig_ident","orig.ident",0.0137055837563452
"7","PRJNA662018_PRJNA662018_P4T4",16,0.4,"specimen_orig_ident","orig.ident",0.0089736399326977
"8","PRJNA662018_PRJNA662018_P4T4",0,0.4,"specimen_orig_ident","orig.ident",0
"9","PRJNA662018_PRJNA662018_P4T4",91,0.4,"specimen_orig_ident","orig.ident",0.0902777777777778
"10","PRJNA662018_PRJNA662018_P4T4",43,0.4,"specimen_orig_ident","orig.ident",0.0465367965367965
"11","PRJNA662018_PRJNA662018_P4T4",35,0.4,"specimen_orig_ident","orig.ident",0.0415676959619952
"12","PRJNA662018_PRJNA662018_P4T4",34,0.4,"specimen_orig_ident","orig.ident",0.0445609436435125
"13","PRJNA662018_PRJNA662018_P4T4",4,0.4,"specimen_orig_ident","orig.ident",0.00888888888888889
"14","PRJNA662018_PRJNA662018_P4T4",7,0.4,"specimen_orig_ident","orig.ident",0.021021021021021
"0","PRJNA662018_PRJNA662018_P5T5",67,0.4,"specimen_orig_ident","orig.ident",0.00701350361143096
"1","PRJNA662018_PRJNA662018_P5T5",4,0.4,"specimen_orig_ident","orig.ident",0.000470256289677874
"2","PRJNA662018_PRJNA662018_P5T5",13,0.4,"specimen_orig_ident","orig.ident",0.00302185030218503
"3","PRJNA662018_PRJNA662018_P5T5",27,0.4,"specimen_orig_ident","orig.ident",0.0084612973989345
"4","PRJNA662018_PRJNA662018_P5T5",7,0.4,"specimen_orig_ident","orig.ident",0.00263256863482512
"5","PRJNA662018_PRJNA662018_P5T5",0,0.4,"specimen_orig_ident","orig.ident",0
"6","PRJNA662018_PRJNA662018_P5T5",6,0.4,"specimen_orig_ident","orig.ident",0.00304568527918782
"7","PRJNA662018_PRJNA662018_P5T5",11,0.4,"specimen_orig_ident","orig.ident",0.00616937745372967
"8","PRJNA662018_PRJNA662018_P5T5",0,0.4,"specimen_orig_ident","orig.ident",0
"9","PRJNA662018_PRJNA662018_P5T5",6,0.4,"specimen_orig_ident","orig.ident",0.00595238095238095
"10","PRJNA662018_PRJNA662018_P5T5",10,0.4,"specimen_orig_ident","orig.ident",0.0108225108225108
"11","PRJNA662018_PRJNA662018_P5T5",25,0.4,"specimen_orig_ident","orig.ident",0.0296912114014252
"12","PRJNA662018_PRJNA662018_P5T5",2,0.4,"specimen_orig_ident","orig.ident",0.00262123197903014
"13","PRJNA662018_PRJNA662018_P5T5",0,0.4,"specimen_orig_ident","orig.ident",0
"14","PRJNA662018_PRJNA662018_P5T5",0,0.4,"specimen_orig_ident","orig.ident",0
"0","PRJNA662018_PRJNA662018_P6N2",94,0.4,"specimen_orig_ident","orig.ident",0.00983984088767926
"1","PRJNA662018_PRJNA662018_P6N2",117,0.4,"specimen_orig_ident","orig.ident",0.0137549964730778
"2","PRJNA662018_PRJNA662018_P6N2",74,0.4,"specimen_orig_ident","orig.ident",0.0172013017201302
"3","PRJNA662018_PRJNA662018_P6N2",44,0.4,"specimen_orig_ident","orig.ident",0.0137887809464118
"4","PRJNA662018_PRJNA662018_P6N2",19,0.4,"specimen_orig_ident","orig.ident",0.00714554343738247
"5","PRJNA662018_PRJNA662018_P6N2",23,0.4,"specimen_orig_ident","orig.ident",0.00982486117043998
"6","PRJNA662018_PRJNA662018_P6N2",22,0.4,"specimen_orig_ident","orig.ident",0.0111675126903553
"7","PRJNA662018_PRJNA662018_P6N2",7,0.4,"specimen_orig_ident","orig.ident",0.00392596747055524
"8","PRJNA662018_PRJNA662018_P6N2",0,0.4,"specimen_orig_ident","orig.ident",0
"9","PRJNA662018_PRJNA662018_P6N2",7,0.4,"specimen_orig_ident","orig.ident",0.00694444444444444
"10","PRJNA662018_PRJNA662018_P6N2",12,0.4,"specimen_orig_ident","orig.ident",0.012987012987013
"11","PRJNA662018_PRJNA662018_P6N2",1,0.4,"specimen_orig_ident","orig.ident",0.00118764845605701
"12","PRJNA662018_PRJNA662018_P6N2",15,0.4,"specimen_orig_ident","orig.ident",0.0196592398427261
"13","PRJNA662018_PRJNA662018_P6N2",13,0.4,"specimen_orig_ident","orig.ident",0.0288888888888889
"14","PRJNA662018_PRJNA662018_P6N2",3,0.4,"specimen_orig_ident","orig.ident",0.00900900900900901
"0","PRJNA662018_PRJNA662018_P6T6",34,0.4,"specimen_orig_ident","orig.ident",0.00355909138490527
"1","PRJNA662018_PRJNA662018_P6T6",0,0.4,"specimen_orig_ident","orig.ident",0
"2","PRJNA662018_PRJNA662018_P6T6",0,0.4,"specimen_orig_ident","orig.ident",0
"3","PRJNA662018_PRJNA662018_P6T6",4,0.4,"specimen_orig_ident","orig.ident",0.00125352554058289
"4","PRJNA662018_PRJNA662018_P6T6",0,0.4,"specimen_orig_ident","orig.ident",0
"5","PRJNA662018_PRJNA662018_P6T6",0,0.4,"specimen_orig_ident","orig.ident",0
"6","PRJNA662018_PRJNA662018_P6T6",3,0.4,"specimen_orig_ident","orig.ident",0.00152284263959391
"7","PRJNA662018_PRJNA662018_P6T6",10,0.4,"specimen_orig_ident","orig.ident",0.00560852495793606
"8","PRJNA662018_PRJNA662018_P6T6",0,0.4,"specimen_orig_ident","orig.ident",0
"9","PRJNA662018_PRJNA662018_P6T6",0,0.4,"specimen_orig_ident","orig.ident",0
"10","PRJNA662018_PRJNA662018_P6T6",0,0.4,"specimen_orig_ident","orig.ident",0
"11","PRJNA662018_PRJNA662018_P6T6",8,0.4,"specimen_orig_ident","orig.ident",0.00950118764845606
"12","PRJNA662018_PRJNA662018_P6T6",1,0.4,"specimen_orig_ident","orig.ident",0.00131061598951507
"13","PRJNA662018_PRJNA662018_P6T6",0,0.4,"specimen_orig_ident","orig.ident",0
"14","PRJNA662018_PRJNA662018_P6T6",0,0.4,"specimen_orig_ident","orig.ident",0
"0","PRJNA662018_PRJNA662018_P7T7",138,0.4,"specimen_orig_ident","orig.ident",0.0144457238563802
"1","PRJNA662018_PRJNA662018_P7T7",23,0.4,"specimen_orig_ident","orig.ident",0.00270397366564778
"2","PRJNA662018_PRJNA662018_P7T7",27,0.4,"specimen_orig_ident","orig.ident",0.00627615062761506
"3","PRJNA662018_PRJNA662018_P7T7",42,0.4,"specimen_orig_ident","orig.ident",0.0131620181761203
"4","PRJNA662018_PRJNA662018_P7T7",3,0.4,"specimen_orig_ident","orig.ident",0.00112824370063934
"5","PRJNA662018_PRJNA662018_P7T7",12,0.4,"specimen_orig_ident","orig.ident",0.00512601452370782
"6","PRJNA662018_PRJNA662018_P7T7",18,0.4,"specimen_orig_ident","orig.ident",0.00913705583756345
"7","PRJNA662018_PRJNA662018_P7T7",16,0.4,"specimen_orig_ident","orig.ident",0.0089736399326977
"8","PRJNA662018_PRJNA662018_P7T7",0,0.4,"specimen_orig_ident","orig.ident",0
"9","PRJNA662018_PRJNA662018_P7T7",20,0.4,"specimen_orig_ident","orig.ident",0.0198412698412698
"10","PRJNA662018_PRJNA662018_P7T7",10,0.4,"specimen_orig_ident","orig.ident",0.0108225108225108
"11","PRJNA662018_PRJNA662018_P7T7",16,0.4,"specimen_orig_ident","orig.ident",0.0190023752969121
"12","PRJNA662018_PRJNA662018_P7T7",5,0.4,"specimen_orig_ident","orig.ident",0.00655307994757536
"13","PRJNA662018_PRJNA662018_P7T7",1,0.4,"specimen_orig_ident","orig.ident",0.00222222222222222
"14","PRJNA662018_PRJNA662018_P7T7",0,0.4,"specimen_orig_ident","orig.ident",0
"0","PRJNA662018_PRJNA662018_P8T8",45,0.4,"specimen_orig_ident","orig.ident",0.0047105621270805
"1","PRJNA662018_PRJNA662018_P8T8",12,0.4,"specimen_orig_ident","orig.ident",0.00141076886903362
"2","PRJNA662018_PRJNA662018_P8T8",9,0.4,"specimen_orig_ident","orig.ident",0.00209205020920502
"3","PRJNA662018_PRJNA662018_P8T8",36,0.4,"specimen_orig_ident","orig.ident",0.011281729865246
"4","PRJNA662018_PRJNA662018_P8T8",1,0.4,"specimen_orig_ident","orig.ident",0.000376081233546446
"5","PRJNA662018_PRJNA662018_P8T8",2,0.4,"specimen_orig_ident","orig.ident",0.000854335753951303
"6","PRJNA662018_PRJNA662018_P8T8",11,0.4,"specimen_orig_ident","orig.ident",0.00558375634517766
"7","PRJNA662018_PRJNA662018_P8T8",41,0.4,"specimen_orig_ident","orig.ident",0.0229949523275379
"8","PRJNA662018_PRJNA662018_P8T8",0,0.4,"specimen_orig_ident","orig.ident",0
"9","PRJNA662018_PRJNA662018_P8T8",10,0.4,"specimen_orig_ident","orig.ident",0.00992063492063492
"10","PRJNA662018_PRJNA662018_P8T8",7,0.4,"specimen_orig_ident","orig.ident",0.00757575757575758
"11","PRJNA662018_PRJNA662018_P8T8",16,0.4,"specimen_orig_ident","orig.ident",0.0190023752969121
"12","PRJNA662018_PRJNA662018_P8T8",8,0.4,"specimen_orig_ident","orig.ident",0.0104849279161206
"13","PRJNA662018_PRJNA662018_P8T8",0,0.4,"specimen_orig_ident","orig.ident",0
"14","PRJNA662018_PRJNA662018_P8T8",1,0.4,"specimen_orig_ident","orig.ident",0.003003003003003
"0","T4091568",293,0.4,"specimen_orig_ident","orig.ident",0.030670993405213
"1","T4091568",73,0.4,"specimen_orig_ident","orig.ident",0.00858217728662121
"2","T4091568",38,0.4,"specimen_orig_ident","orig.ident",0.00883310088331009
"3","T4091568",72,0.4,"specimen_orig_ident","orig.ident",0.022563459730492
"4","T4091568",295,0.4,"specimen_orig_ident","orig.ident",0.110943963896202
"5","T4091568",128,0.4,"specimen_orig_ident","orig.ident",0.0546774882528834
"6","T4091568",32,0.4,"specimen_orig_ident","orig.ident",0.016243654822335
"7","T4091568",37,0.4,"specimen_orig_ident","orig.ident",0.0207515423443634
"8","T4091568",295,0.4,"specimen_orig_ident","orig.ident",0.166855203619909
"9","T4091568",8,0.4,"specimen_orig_ident","orig.ident",0.00793650793650794
"10","T4091568",19,0.4,"specimen_orig_ident","orig.ident",0.0205627705627706
"11","T4091568",11,0.4,"specimen_orig_ident","orig.ident",0.0130641330166271
"12","T4091568",15,0.4,"specimen_orig_ident","orig.ident",0.0196592398427261
"13","T4091568",17,0.4,"specimen_orig_ident","orig.ident",0.0377777777777778
"14","T4091568",33,0.4,"specimen_orig_ident","orig.ident",0.0990990990990991
"0","T4295396",67,0.4,"specimen_orig_ident","orig.ident",0.00701350361143096
"1","T4295396",0,0.4,"specimen_orig_ident","orig.ident",0
"2","T4295396",5,0.4,"specimen_orig_ident","orig.ident",0.00116225011622501
"3","T4295396",9,0.4,"specimen_orig_ident","orig.ident",0.0028204324663115
"4","T4295396",24,0.4,"specimen_orig_ident","orig.ident",0.0090259496051147
"5","T4295396",130,0.4,"specimen_orig_ident","orig.ident",0.0555318240068347
"6","T4295396",5,0.4,"specimen_orig_ident","orig.ident",0.00253807106598985
"7","T4295396",12,0.4,"specimen_orig_ident","orig.ident",0.00673022994952328
"8","T4295396",58,0.4,"specimen_orig_ident","orig.ident",0.0328054298642534
"9","T4295396",13,0.4,"specimen_orig_ident","orig.ident",0.0128968253968254
"10","T4295396",26,0.4,"specimen_orig_ident","orig.ident",0.0281385281385281
"11","T4295396",1,0.4,"specimen_orig_ident","orig.ident",0.00118764845605701
"12","T4295396",5,0.4,"specimen_orig_ident","orig.ident",0.00655307994757536
"13","T4295396",6,0.4,"specimen_orig_ident","orig.ident",0.0133333333333333
"14","T4295396",24,0.4,"specimen_orig_ident","orig.ident",0.0720720720720721
"0","T4380845",217,0.4,"specimen_orig_ident","orig.ident",0.022715377368366
"1","T4380845",10,0.4,"specimen_orig_ident","orig.ident",0.00117564072419469
"2","T4380845",56,0.4,"specimen_orig_ident","orig.ident",0.0130172013017201
"3","T4380845",39,0.4,"specimen_orig_ident","orig.ident",0.0122218740206832
"4","T4380845",19,0.4,"specimen_orig_ident","orig.ident",0.00714554343738247
"5","T4380845",31,0.4,"specimen_orig_ident","orig.ident",0.0132422041862452
"6","T4380845",55,0.4,"specimen_orig_ident","orig.ident",0.0279187817258883
"7","T4380845",3,0.4,"specimen_orig_ident","orig.ident",0.00168255748738082
"8","T4380845",133,0.4,"specimen_orig_ident","orig.ident",0.0752262443438914
"9","T4380845",18,0.4,"specimen_orig_ident","orig.ident",0.0178571428571429
"10","T4380845",11,0.4,"specimen_orig_ident","orig.ident",0.0119047619047619
"11","T4380845",5,0.4,"specimen_orig_ident","orig.ident",0.00593824228028504
"12","T4380845",11,0.4,"specimen_orig_ident","orig.ident",0.0144167758846658
"13","T4380845",1,0.4,"specimen_orig_ident","orig.ident",0.00222222222222222
"14","T4380845",3,0.4,"specimen_orig_ident","orig.ident",0.00900900900900901
"0","T4398343",645,0.4,"specimen_orig_ident","orig.ident",0.0675180571548205
"1","T4398343",18,0.4,"specimen_orig_ident","orig.ident",0.00211615330355044
"2","T4398343",72,0.4,"specimen_orig_ident","orig.ident",0.0167364016736402
"3","T4398343",102,0.4,"specimen_orig_ident","orig.ident",0.0319649012848637
"4","T4398343",27,0.4,"specimen_orig_ident","orig.ident",0.010154193305754
"5","T4398343",139,0.4,"specimen_orig_ident","orig.ident",0.0593763348996156
"6","T4398343",69,0.4,"specimen_orig_ident","orig.ident",0.0350253807106599
"7","T4398343",6,0.4,"specimen_orig_ident","orig.ident",0.00336511497476164
"8","T4398343",241,0.4,"specimen_orig_ident","orig.ident",0.13631221719457
"9","T4398343",106,0.4,"specimen_orig_ident","orig.ident",0.10515873015873
"10","T4398343",45,0.4,"specimen_orig_ident","orig.ident",0.0487012987012987
"11","T4398343",32,0.4,"specimen_orig_ident","orig.ident",0.0380047505938242
"12","T4398343",31,0.4,"specimen_orig_ident","orig.ident",0.0406290956749672
"13","T4398343",36,0.4,"specimen_orig_ident","orig.ident",0.08
"14","T4398343",4,0.4,"specimen_orig_ident","orig.ident",0.012012012012012
"0","T4450398",114,0.4,"specimen_orig_ident","orig.ident",0.0119334240552706
"1","T4450398",0,0.4,"specimen_orig_ident","orig.ident",0
"2","T4450398",6,0.4,"specimen_orig_ident","orig.ident",0.00139470013947001
"3","T4450398",36,0.4,"specimen_orig_ident","orig.ident",0.011281729865246
"4","T4450398",5,0.4,"specimen_orig_ident","orig.ident",0.00188040616773223
"5","T4450398",37,0.4,"specimen_orig_ident","orig.ident",0.0158052114480991
"6","T4450398",4,0.4,"specimen_orig_ident","orig.ident",0.00203045685279188
"7","T4450398",0,0.4,"specimen_orig_ident","orig.ident",0
"8","T4450398",49,0.4,"specimen_orig_ident","orig.ident",0.0277149321266968
"9","T4450398",35,0.4,"specimen_orig_ident","orig.ident",0.0347222222222222
"10","T4450398",14,0.4,"specimen_orig_ident","orig.ident",0.0151515151515152
"11","T4450398",4,0.4,"specimen_orig_ident","orig.ident",0.00475059382422803
"12","T4450398",6,0.4,"specimen_orig_ident","orig.ident",0.00786369593709043
"13","T4450398",7,0.4,"specimen_orig_ident","orig.ident",0.0155555555555556
"14","T4450398",5,0.4,"specimen_orig_ident","orig.ident",0.015015015015015
"0","T4463209a",237,0.4,"specimen_orig_ident","orig.ident",0.0248089605359573
"1","T4463209a",1,0.4,"specimen_orig_ident","orig.ident",0.000117564072419469
"2","T4463209a",20,0.4,"specimen_orig_ident","orig.ident",0.00464900046490005
"3","T4463209a",16,0.4,"specimen_orig_ident","orig.ident",0.00501410216233156
"4","T4463209a",2,0.4,"specimen_orig_ident","orig.ident",0.000752162467092892
"5","T4463209a",52,0.4,"specimen_orig_ident","orig.ident",0.0222127296027339
"6","T4463209a",28,0.4,"specimen_orig_ident","orig.ident",0.0142131979695431
"7","T4463209a",7,0.4,"specimen_orig_ident","orig.ident",0.00392596747055524
"8","T4463209a",76,0.4,"specimen_orig_ident","orig.ident",0.0429864253393665
"9","T4463209a",23,0.4,"specimen_orig_ident","orig.ident",0.0228174603174603
"10","T4463209a",18,0.4,"specimen_orig_ident","orig.ident",0.0194805194805195
"11","T4463209a",6,0.4,"specimen_orig_ident","orig.ident",0.00712589073634204
"12","T4463209a",6,0.4,"specimen_orig_ident","orig.ident",0.00786369593709043
"13","T4463209a",3,0.4,"specimen_orig_ident","orig.ident",0.00666666666666667
"14","T4463209a",3,0.4,"specimen_orig_ident","orig.ident",0.00900900900900901
"0","T4463209b",81,0.4,"specimen_orig_ident","orig.ident",0.0084790118287449
"1","T4463209b",2,0.4,"specimen_orig_ident","orig.ident",0.000235128144838937
"2","T4463209b",10,0.4,"specimen_orig_ident","orig.ident",0.00232450023245002
"3","T4463209b",37,0.4,"specimen_orig_ident","orig.ident",0.0115951112503917
"4","T4463209b",15,0.4,"specimen_orig_ident","orig.ident",0.00564121850319669
"5","T4463209b",30,0.4,"specimen_orig_ident","orig.ident",0.0128150363092695
"6","T4463209b",11,0.4,"specimen_orig_ident","orig.ident",0.00558375634517766
"7","T4463209b",5,0.4,"specimen_orig_ident","orig.ident",0.00280426247896803
"8","T4463209b",78,0.4,"specimen_orig_ident","orig.ident",0.0441176470588235
"9","T4463209b",13,0.4,"specimen_orig_ident","orig.ident",0.0128968253968254
"10","T4463209b",14,0.4,"specimen_orig_ident","orig.ident",0.0151515151515152
"11","T4463209b",2,0.4,"specimen_orig_ident","orig.ident",0.00237529691211401
"12","T4463209b",16,0.4,"specimen_orig_ident","orig.ident",0.0209698558322412
"13","T4463209b",8,0.4,"specimen_orig_ident","orig.ident",0.0177777777777778
"14","T4463209b",17,0.4,"specimen_orig_ident","orig.ident",0.0510510510510511
"0","T4465219",286,0.4,"specimen_orig_ident","orig.ident",0.0299382392965561
"1","T4465219",2,0.4,"specimen_orig_ident","orig.ident",0.000235128144838937
"2","T4465219",32,0.4,"specimen_orig_ident","orig.ident",0.00743840074384007
"3","T4465219",27,0.4,"specimen_orig_ident","orig.ident",0.0084612973989345
"4","T4465219",38,0.4,"specimen_orig_ident","orig.ident",0.0142910868747649
"5","T4465219",58,0.4,"specimen_orig_ident","orig.ident",0.0247757368645878
"6","T4465219",26,0.4,"specimen_orig_ident","orig.ident",0.0131979695431472
"7","T4465219",272,0.4,"specimen_orig_ident","orig.ident",0.152551878855861
"8","T4465219",48,0.4,"specimen_orig_ident","orig.ident",0.0271493212669683
"9","T4465219",8,0.4,"specimen_orig_ident","orig.ident",0.00793650793650794
"10","T4465219",42,0.4,"specimen_orig_ident","orig.ident",0.0454545454545455
"11","T4465219",29,0.4,"specimen_orig_ident","orig.ident",0.0344418052256532
"12","T4465219",9,0.4,"specimen_orig_ident","orig.ident",0.0117955439056356
"13","T4465219",3,0.4,"specimen_orig_ident","orig.ident",0.00666666666666667
"14","T4465219",3,0.4,"specimen_orig_ident","orig.ident",0.00900900900900901
"0","T4465935",69,0.4,"specimen_orig_ident","orig.ident",0.0072228619281901
"1","T4465935",4,0.4,"specimen_orig_ident","orig.ident",0.000470256289677874
"2","T4465935",14,0.4,"specimen_orig_ident","orig.ident",0.00325430032543003
"3","T4465935",9,0.4,"specimen_orig_ident","orig.ident",0.0028204324663115
"4","T4465935",40,0.4,"specimen_orig_ident","orig.ident",0.0150432493418578
"5","T4465935",49,0.4,"specimen_orig_ident","orig.ident",0.0209312259718069
"6","T4465935",18,0.4,"specimen_orig_ident","orig.ident",0.00913705583756345
"7","T4465935",3,0.4,"specimen_orig_ident","orig.ident",0.00168255748738082
"8","T4465935",50,0.4,"specimen_orig_ident","orig.ident",0.0282805429864253
"9","T4465935",26,0.4,"specimen_orig_ident","orig.ident",0.0257936507936508
"10","T4465935",20,0.4,"specimen_orig_ident","orig.ident",0.0216450216450216
"11","T4465935",2,0.4,"specimen_orig_ident","orig.ident",0.00237529691211401
"12","T4465935",3,0.4,"specimen_orig_ident","orig.ident",0.00393184796854522
"13","T4465935",6,0.4,"specimen_orig_ident","orig.ident",0.0133333333333333
"14","T4465935",10,0.4,"specimen_orig_ident","orig.ident",0.03003003003003
"0","T4466585",207,0.4,"specimen_orig_ident","orig.ident",0.0216685857845703
"1","T4466585",349,0.4,"specimen_orig_ident","orig.ident",0.0410298612743945
"2","T4466585",57,0.4,"specimen_orig_ident","orig.ident",0.0132496513249651
"3","T4466585",25,0.4,"specimen_orig_ident","orig.ident",0.00783453462864306
"4","T4466585",741,0.4,"specimen_orig_ident","orig.ident",0.278676194057916
"5","T4466585",39,0.4,"specimen_orig_ident","orig.ident",0.0166595472020504
"6","T4466585",59,0.4,"specimen_orig_ident","orig.ident",0.0299492385786802
"7","T4466585",5,0.4,"specimen_orig_ident","orig.ident",0.00280426247896803
"8","T4466585",280,0.4,"specimen_orig_ident","orig.ident",0.158371040723982
"9","T4466585",5,0.4,"specimen_orig_ident","orig.ident",0.00496031746031746
"10","T4466585",35,0.4,"specimen_orig_ident","orig.ident",0.0378787878787879
"11","T4466585",2,0.4,"specimen_orig_ident","orig.ident",0.00237529691211401
"12","T4466585",5,0.4,"specimen_orig_ident","orig.ident",0.00655307994757536
"13","T4466585",22,0.4,"specimen_orig_ident","orig.ident",0.0488888888888889
"14","T4466585",5,0.4,"specimen_orig_ident","orig.ident",0.015015015015015
"0","T4469479",59,0.4,"specimen_orig_ident","orig.ident",0.00617607034439443
"1","T4469479",323,0.4,"specimen_orig_ident","orig.ident",0.0379731953914884
"2","T4469479",109,0.4,"specimen_orig_ident","orig.ident",0.0253370525337053
"3","T4469479",6,0.4,"specimen_orig_ident","orig.ident",0.00188028831087433
"4","T4469479",638,0.4,"specimen_orig_ident","orig.ident",0.239939827002633
"5","T4469479",179,0.4,"specimen_orig_ident","orig.ident",0.0764630499786416
"6","T4469479",12,0.4,"specimen_orig_ident","orig.ident",0.00609137055837563
"7","T4469479",21,0.4,"specimen_orig_ident","orig.ident",0.0117779024116657
"8","T4469479",53,0.4,"specimen_orig_ident","orig.ident",0.0299773755656109
"9","T4469479",9,0.4,"specimen_orig_ident","orig.ident",0.00892857142857143
"10","T4469479",49,0.4,"specimen_orig_ident","orig.ident",0.053030303030303
"11","T4469479",1,0.4,"specimen_orig_ident","orig.ident",0.00118764845605701
"12","T4469479",6,0.4,"specimen_orig_ident","orig.ident",0.00786369593709043
"13","T4469479",11,0.4,"specimen_orig_ident","orig.ident",0.0244444444444444
"14","T4469479",22,0.4,"specimen_orig_ident","orig.ident",0.0660660660660661
"0","T4471438",353,0.4,"specimen_orig_ident","orig.ident",0.036951742907987
"1","T4471438",9,0.4,"specimen_orig_ident","orig.ident",0.00105807665177522
"2","T4471438",10,0.4,"specimen_orig_ident","orig.ident",0.00232450023245002
"3","T4471438",41,0.4,"specimen_orig_ident","orig.ident",0.0128486367909746
"4","T4471438",102,0.4,"specimen_orig_ident","orig.ident",0.0383602858217375
"5","T4471438",121,0.4,"specimen_orig_ident","orig.ident",0.0516873131140538
"6","T4471438",19,0.4,"specimen_orig_ident","orig.ident",0.00964467005076142
"7","T4471438",13,0.4,"specimen_orig_ident","orig.ident",0.00729108244531688
"8","T4471438",228,0.4,"specimen_orig_ident","orig.ident",0.1289592760181
"9","T4471438",9,0.4,"specimen_orig_ident","orig.ident",0.00892857142857143
"10","T4471438",49,0.4,"specimen_orig_ident","orig.ident",0.053030303030303
"11","T4471438",8,0.4,"specimen_orig_ident","orig.ident",0.00950118764845606
"12","T4471438",4,0.4,"specimen_orig_ident","orig.ident",0.00524246395806029
"13","T4471438",4,0.4,"specimen_orig_ident","orig.ident",0.00888888888888889
"14","T4471438",10,0.4,"specimen_orig_ident","orig.ident",0.03003003003003
"0","T8009218",378,0.4,"specimen_orig_ident","orig.ident",0.0395687218674762
"1","T8009218",2,0.4,"specimen_orig_ident","orig.ident",0.000235128144838937
"2","T8009218",4,0.4,"specimen_orig_ident","orig.ident",0.000929800092980009
"3","T8009218",124,0.4,"specimen_orig_ident","orig.ident",0.0388592917580696
"4","T8009218",56,0.4,"specimen_orig_ident","orig.ident",0.021060549078601
"5","T8009218",61,0.4,"specimen_orig_ident","orig.ident",0.0260572404955147
"6","T8009218",50,0.4,"specimen_orig_ident","orig.ident",0.0253807106598985
"7","T8009218",30,0.4,"specimen_orig_ident","orig.ident",0.0168255748738082
"8","T8009218",164,0.4,"specimen_orig_ident","orig.ident",0.0927601809954751
"9","T8009218",13,0.4,"specimen_orig_ident","orig.ident",0.0128968253968254
"10","T8009218",37,0.4,"specimen_orig_ident","orig.ident",0.04004329004329
"11","T8009218",26,0.4,"specimen_orig_ident","orig.ident",0.0308788598574822
"12","T8009218",7,0.4,"specimen_orig_ident","orig.ident",0.00917431192660551
"13","T8009218",3,0.4,"specimen_orig_ident","orig.ident",0.00666666666666667
"14","T8009218",3,0.4,"specimen_orig_ident","orig.ident",0.00900900900900901
"0","PRJNA662018_PRJNA662018_P1N1",116,0.4,"specimen_sample_id","sample_id",0.0121427823720297
"1","PRJNA662018_PRJNA662018_P1N1",260,0.4,"specimen_sample_id","sample_id",0.0305666588290618
"2","PRJNA662018_PRJNA662018_P1N1",100,0.4,"specimen_sample_id","sample_id",0.0232450023245002
"3","PRJNA662018_PRJNA662018_P1N1",63,0.4,"specimen_sample_id","sample_id",0.0197430272641805
"4","PRJNA662018_PRJNA662018_P1N1",61,0.4,"specimen_sample_id","sample_id",0.0229409552463332
"5","PRJNA662018_PRJNA662018_P1N1",39,0.4,"specimen_sample_id","sample_id",0.0166595472020504
"6","PRJNA662018_PRJNA662018_P1N1",30,0.4,"specimen_sample_id","sample_id",0.0152284263959391
"7","PRJNA662018_PRJNA662018_P1N1",12,0.4,"specimen_sample_id","sample_id",0.00673022994952328
"8","PRJNA662018_PRJNA662018_P1N1",0,0.4,"specimen_sample_id","sample_id",0
"9","PRJNA662018_PRJNA662018_P1N1",8,0.4,"specimen_sample_id","sample_id",0.00793650793650794
"10","PRJNA662018_PRJNA662018_P1N1",14,0.4,"specimen_sample_id","sample_id",0.0151515151515152
"11","PRJNA662018_PRJNA662018_P1N1",7,0.4,"specimen_sample_id","sample_id",0.00831353919239905
"12","PRJNA662018_PRJNA662018_P1N1",19,0.4,"specimen_sample_id","sample_id",0.0249017038007864
"13","PRJNA662018_PRJNA662018_P1N1",8,0.4,"specimen_sample_id","sample_id",0.0177777777777778
"14","PRJNA662018_PRJNA662018_P1N1",42,0.4,"specimen_sample_id","sample_id",0.126126126126126
"0","PRJNA662018_PRJNA662018_P1T1",504,0.4,"specimen_sample_id","sample_id",0.0527582958233016
"1","PRJNA662018_PRJNA662018_P1T1",113,0.4,"specimen_sample_id","sample_id",0.0132847401834
"2","PRJNA662018_PRJNA662018_P1T1",68,0.4,"specimen_sample_id","sample_id",0.0158066015806602
"3","PRJNA662018_PRJNA662018_P1T1",73,0.4,"specimen_sample_id","sample_id",0.0228768411156377
"4","PRJNA662018_PRJNA662018_P1T1",18,0.4,"specimen_sample_id","sample_id",0.00676946220383603
"5","PRJNA662018_PRJNA662018_P1T1",75,0.4,"specimen_sample_id","sample_id",0.0320375907731739
"6","PRJNA662018_PRJNA662018_P1T1",37,0.4,"specimen_sample_id","sample_id",0.0187817258883249
"7","PRJNA662018_PRJNA662018_P1T1",41,0.4,"specimen_sample_id","sample_id",0.0229949523275379
"8","PRJNA662018_PRJNA662018_P1T1",0,0.4,"specimen_sample_id","sample_id",0
"9","PRJNA662018_PRJNA662018_P1T1",15,0.4,"specimen_sample_id","sample_id",0.0148809523809524
"10","PRJNA662018_PRJNA662018_P1T1",28,0.4,"specimen_sample_id","sample_id",0.0303030303030303
"11","PRJNA662018_PRJNA662018_P1T1",63,0.4,"specimen_sample_id","sample_id",0.0748218527315914
"12","PRJNA662018_PRJNA662018_P1T1",68,0.4,"specimen_sample_id","sample_id",0.0891218872870249
"13","PRJNA662018_PRJNA662018_P1T1",10,0.4,"specimen_sample_id","sample_id",0.0222222222222222
"14","PRJNA662018_PRJNA662018_P1T1",4,0.4,"specimen_sample_id","sample_id",0.012012012012012
"0","PRJNA662018_PRJNA662018_P2T2",75,0.4,"specimen_sample_id","sample_id",0.0078509368784675
"1","PRJNA662018_PRJNA662018_P2T2",40,0.4,"specimen_sample_id","sample_id",0.00470256289677874
"2","PRJNA662018_PRJNA662018_P2T2",32,0.4,"specimen_sample_id","sample_id",0.00743840074384007
"3","PRJNA662018_PRJNA662018_P2T2",67,0.4,"specimen_sample_id","sample_id",0.0209965528047634
"4","PRJNA662018_PRJNA662018_P2T2",28,0.4,"specimen_sample_id","sample_id",0.0105302745393005
"5","PRJNA662018_PRJNA662018_P2T2",86,0.4,"specimen_sample_id","sample_id",0.036736437419906
"6","PRJNA662018_PRJNA662018_P2T2",17,0.4,"specimen_sample_id","sample_id",0.00862944162436548
"7","PRJNA662018_PRJNA662018_P2T2",10,0.4,"specimen_sample_id","sample_id",0.00560852495793606
"8","PRJNA662018_PRJNA662018_P2T2",0,0.4,"specimen_sample_id","sample_id",0
"9","PRJNA662018_PRJNA662018_P2T2",2,0.4,"specimen_sample_id","sample_id",0.00198412698412698
"10","PRJNA662018_PRJNA662018_P2T2",10,0.4,"specimen_sample_id","sample_id",0.0108225108225108
"11","PRJNA662018_PRJNA662018_P2T2",8,0.4,"specimen_sample_id","sample_id",0.00950118764845606
"12","PRJNA662018_PRJNA662018_P2T2",17,0.4,"specimen_sample_id","sample_id",0.0222804718217562
"13","PRJNA662018_PRJNA662018_P2T2",5,0.4,"specimen_sample_id","sample_id",0.0111111111111111
"14","PRJNA662018_PRJNA662018_P2T2",13,0.4,"specimen_sample_id","sample_id",0.039039039039039
"0","PRJNA662018_PRJNA662018_P3N3",83,0.4,"specimen_sample_id","sample_id",0.00868837014550403
"1","PRJNA662018_PRJNA662018_P3N3",20,0.4,"specimen_sample_id","sample_id",0.00235128144838937
"2","PRJNA662018_PRJNA662018_P3N3",11,0.4,"specimen_sample_id","sample_id",0.00255695025569503
"3","PRJNA662018_PRJNA662018_P3N3",38,0.4,"specimen_sample_id","sample_id",0.0119084926355374
"4","PRJNA662018_PRJNA662018_P3N3",24,0.4,"specimen_sample_id","sample_id",0.0090259496051147
"5","PRJNA662018_PRJNA662018_P3N3",17,0.4,"specimen_sample_id","sample_id",0.00726185390858607
"6","PRJNA662018_PRJNA662018_P3N3",10,0.4,"specimen_sample_id","sample_id",0.0050761421319797
"7","PRJNA662018_PRJNA662018_P3N3",7,0.4,"specimen_sample_id","sample_id",0.00392596747055524
"8","PRJNA662018_PRJNA662018_P3N3",0,0.4,"specimen_sample_id","sample_id",0
"9","PRJNA662018_PRJNA662018_P3N3",0,0.4,"specimen_sample_id","sample_id",0
"10","PRJNA662018_PRJNA662018_P3N3",4,0.4,"specimen_sample_id","sample_id",0.00432900432900433
"11","PRJNA662018_PRJNA662018_P3N3",5,0.4,"specimen_sample_id","sample_id",0.00593824228028504
"12","PRJNA662018_PRJNA662018_P3N3",5,0.4,"specimen_sample_id","sample_id",0.00655307994757536
"13","PRJNA662018_PRJNA662018_P3N3",1,0.4,"specimen_sample_id","sample_id",0.00222222222222222
"14","PRJNA662018_PRJNA662018_P3N3",1,0.4,"specimen_sample_id","sample_id",0.003003003003003
"0","PRJNA662018_PRJNA662018_P3T3",54,0.4,"specimen_sample_id","sample_id",0.0056526745524966
"1","PRJNA662018_PRJNA662018_P3T3",6,0.4,"specimen_sample_id","sample_id",0.000705384434516812
"2","PRJNA662018_PRJNA662018_P3T3",22,0.4,"specimen_sample_id","sample_id",0.00511390051139005
"3","PRJNA662018_PRJNA662018_P3T3",20,0.4,"specimen_sample_id","sample_id",0.00626762770291445
"4","PRJNA662018_PRJNA662018_P3T3",9,0.4,"specimen_sample_id","sample_id",0.00338473110191801
"5","PRJNA662018_PRJNA662018_P3T3",10,0.4,"specimen_sample_id","sample_id",0.00427167876975651
"6","PRJNA662018_PRJNA662018_P3T3",6,0.4,"specimen_sample_id","sample_id",0.00304568527918782
"7","PRJNA662018_PRJNA662018_P3T3",5,0.4,"specimen_sample_id","sample_id",0.00280426247896803
"8","PRJNA662018_PRJNA662018_P3T3",0,0.4,"specimen_sample_id","sample_id",0
"9","PRJNA662018_PRJNA662018_P3T3",7,0.4,"specimen_sample_id","sample_id",0.00694444444444444
"10","PRJNA662018_PRJNA662018_P3T3",8,0.4,"specimen_sample_id","sample_id",0.00865800865800866
"11","PRJNA662018_PRJNA662018_P3T3",7,0.4,"specimen_sample_id","sample_id",0.00831353919239905
"12","PRJNA662018_PRJNA662018_P3T3",7,0.4,"specimen_sample_id","sample_id",0.00917431192660551
"13","PRJNA662018_PRJNA662018_P3T3",5,0.4,"specimen_sample_id","sample_id",0.0111111111111111
"14","PRJNA662018_PRJNA662018_P3T3",4,0.4,"specimen_sample_id","sample_id",0.012012012012012
"0","PRJNA662018_PRJNA662018_P4T4",336,0.4,"specimen_sample_id","sample_id",0.0351721972155344
"1","PRJNA662018_PRJNA662018_P4T4",80,0.4,"specimen_sample_id","sample_id",0.00940512579355749
"2","PRJNA662018_PRJNA662018_P4T4",66,0.4,"specimen_sample_id","sample_id",0.0153417015341702
"3","PRJNA662018_PRJNA662018_P4T4",39,0.4,"specimen_sample_id","sample_id",0.0122218740206832
"4","PRJNA662018_PRJNA662018_P4T4",62,0.4,"specimen_sample_id","sample_id",0.0233170364798797
"5","PRJNA662018_PRJNA662018_P4T4",99,0.4,"specimen_sample_id","sample_id",0.0422896198205895
"6","PRJNA662018_PRJNA662018_P4T4",27,0.4,"specimen_sample_id","sample_id",0.0137055837563452
"7","PRJNA662018_PRJNA662018_P4T4",16,0.4,"specimen_sample_id","sample_id",0.0089736399326977
"8","PRJNA662018_PRJNA662018_P4T4",0,0.4,"specimen_sample_id","sample_id",0
"9","PRJNA662018_PRJNA662018_P4T4",91,0.4,"specimen_sample_id","sample_id",0.0902777777777778
"10","PRJNA662018_PRJNA662018_P4T4",43,0.4,"specimen_sample_id","sample_id",0.0465367965367965
"11","PRJNA662018_PRJNA662018_P4T4",35,0.4,"specimen_sample_id","sample_id",0.0415676959619952
"12","PRJNA662018_PRJNA662018_P4T4",34,0.4,"specimen_sample_id","sample_id",0.0445609436435125
"13","PRJNA662018_PRJNA662018_P4T4",4,0.4,"specimen_sample_id","sample_id",0.00888888888888889
"14","PRJNA662018_PRJNA662018_P4T4",7,0.4,"specimen_sample_id","sample_id",0.021021021021021
"0","PRJNA662018_PRJNA662018_P5T5",67,0.4,"specimen_sample_id","sample_id",0.00701350361143096
"1","PRJNA662018_PRJNA662018_P5T5",4,0.4,"specimen_sample_id","sample_id",0.000470256289677874
"2","PRJNA662018_PRJNA662018_P5T5",13,0.4,"specimen_sample_id","sample_id",0.00302185030218503
"3","PRJNA662018_PRJNA662018_P5T5",27,0.4,"specimen_sample_id","sample_id",0.0084612973989345
"4","PRJNA662018_PRJNA662018_P5T5",7,0.4,"specimen_sample_id","sample_id",0.00263256863482512
"5","PRJNA662018_PRJNA662018_P5T5",0,0.4,"specimen_sample_id","sample_id",0
"6","PRJNA662018_PRJNA662018_P5T5",6,0.4,"specimen_sample_id","sample_id",0.00304568527918782
"7","PRJNA662018_PRJNA662018_P5T5",11,0.4,"specimen_sample_id","sample_id",0.00616937745372967
"8","PRJNA662018_PRJNA662018_P5T5",0,0.4,"specimen_sample_id","sample_id",0
"9","PRJNA662018_PRJNA662018_P5T5",6,0.4,"specimen_sample_id","sample_id",0.00595238095238095
"10","PRJNA662018_PRJNA662018_P5T5",10,0.4,"specimen_sample_id","sample_id",0.0108225108225108
"11","PRJNA662018_PRJNA662018_P5T5",25,0.4,"specimen_sample_id","sample_id",0.0296912114014252
"12","PRJNA662018_PRJNA662018_P5T5",2,0.4,"specimen_sample_id","sample_id",0.00262123197903014
"13","PRJNA662018_PRJNA662018_P5T5",0,0.4,"specimen_sample_id","sample_id",0
"14","PRJNA662018_PRJNA662018_P5T5",0,0.4,"specimen_sample_id","sample_id",0
"0","PRJNA662018_PRJNA662018_P6N2",94,0.4,"specimen_sample_id","sample_id",0.00983984088767926
"1","PRJNA662018_PRJNA662018_P6N2",117,0.4,"specimen_sample_id","sample_id",0.0137549964730778
"2","PRJNA662018_PRJNA662018_P6N2",74,0.4,"specimen_sample_id","sample_id",0.0172013017201302
"3","PRJNA662018_PRJNA662018_P6N2",44,0.4,"specimen_sample_id","sample_id",0.0137887809464118
"4","PRJNA662018_PRJNA662018_P6N2",19,0.4,"specimen_sample_id","sample_id",0.00714554343738247
"5","PRJNA662018_PRJNA662018_P6N2",23,0.4,"specimen_sample_id","sample_id",0.00982486117043998
"6","PRJNA662018_PRJNA662018_P6N2",22,0.4,"specimen_sample_id","sample_id",0.0111675126903553
"7","PRJNA662018_PRJNA662018_P6N2",7,0.4,"specimen_sample_id","sample_id",0.00392596747055524
"8","PRJNA662018_PRJNA662018_P6N2",0,0.4,"specimen_sample_id","sample_id",0
"9","PRJNA662018_PRJNA662018_P6N2",7,0.4,"specimen_sample_id","sample_id",0.00694444444444444
"10","PRJNA662018_PRJNA662018_P6N2",12,0.4,"specimen_sample_id","sample_id",0.012987012987013
"11","PRJNA662018_PRJNA662018_P6N2",1,0.4,"specimen_sample_id","sample_id",0.00118764845605701
"12","PRJNA662018_PRJNA662018_P6N2",15,0.4,"specimen_sample_id","sample_id",0.0196592398427261
"13","PRJNA662018_PRJNA662018_P6N2",13,0.4,"specimen_sample_id","sample_id",0.0288888888888889
"14","PRJNA662018_PRJNA662018_P6N2",3,0.4,"specimen_sample_id","sample_id",0.00900900900900901
"0","PRJNA662018_PRJNA662018_P6T6",34,0.4,"specimen_sample_id","sample_id",0.00355909138490527
"1","PRJNA662018_PRJNA662018_P6T6",0,0.4,"specimen_sample_id","sample_id",0
"2","PRJNA662018_PRJNA662018_P6T6",0,0.4,"specimen_sample_id","sample_id",0
"3","PRJNA662018_PRJNA662018_P6T6",4,0.4,"specimen_sample_id","sample_id",0.00125352554058289
"4","PRJNA662018_PRJNA662018_P6T6",0,0.4,"specimen_sample_id","sample_id",0
"5","PRJNA662018_PRJNA662018_P6T6",0,0.4,"specimen_sample_id","sample_id",0
"6","PRJNA662018_PRJNA662018_P6T6",3,0.4,"specimen_sample_id","sample_id",0.00152284263959391
"7","PRJNA662018_PRJNA662018_P6T6",10,0.4,"specimen_sample_id","sample_id",0.00560852495793606
"8","PRJNA662018_PRJNA662018_P6T6",0,0.4,"specimen_sample_id","sample_id",0
"9","PRJNA662018_PRJNA662018_P6T6",0,0.4,"specimen_sample_id","sample_id",0
"10","PRJNA662018_PRJNA662018_P6T6",0,0.4,"specimen_sample_id","sample_id",0
"11","PRJNA662018_PRJNA662018_P6T6",8,0.4,"specimen_sample_id","sample_id",0.00950118764845606
"12","PRJNA662018_PRJNA662018_P6T6",1,0.4,"specimen_sample_id","sample_id",0.00131061598951507
"13","PRJNA662018_PRJNA662018_P6T6",0,0.4,"specimen_sample_id","sample_id",0
"14","PRJNA662018_PRJNA662018_P6T6",0,0.4,"specimen_sample_id","sample_id",0
"0","PRJNA662018_PRJNA662018_P7T7",138,0.4,"specimen_sample_id","sample_id",0.0144457238563802
"1","PRJNA662018_PRJNA662018_P7T7",23,0.4,"specimen_sample_id","sample_id",0.00270397366564778
"2","PRJNA662018_PRJNA662018_P7T7",27,0.4,"specimen_sample_id","sample_id",0.00627615062761506
"3","PRJNA662018_PRJNA662018_P7T7",42,0.4,"specimen_sample_id","sample_id",0.0131620181761203
"4","PRJNA662018_PRJNA662018_P7T7",3,0.4,"specimen_sample_id","sample_id",0.00112824370063934
"5","PRJNA662018_PRJNA662018_P7T7",12,0.4,"specimen_sample_id","sample_id",0.00512601452370782
"6","PRJNA662018_PRJNA662018_P7T7",18,0.4,"specimen_sample_id","sample_id",0.00913705583756345
"7","PRJNA662018_PRJNA662018_P7T7",16,0.4,"specimen_sample_id","sample_id",0.0089736399326977
"8","PRJNA662018_PRJNA662018_P7T7",0,0.4,"specimen_sample_id","sample_id",0
"9","PRJNA662018_PRJNA662018_P7T7",20,0.4,"specimen_sample_id","sample_id",0.0198412698412698
"10","PRJNA662018_PRJNA662018_P7T7",10,0.4,"specimen_sample_id","sample_id",0.0108225108225108
"11","PRJNA662018_PRJNA662018_P7T7",16,0.4,"specimen_sample_id","sample_id",0.0190023752969121
"12","PRJNA662018_PRJNA662018_P7T7",5,0.4,"specimen_sample_id","sample_id",0.00655307994757536
"13","PRJNA662018_PRJNA662018_P7T7",1,0.4,"specimen_sample_id","sample_id",0.00222222222222222
"14","PRJNA662018_PRJNA662018_P7T7",0,0.4,"specimen_sample_id","sample_id",0
"0","PRJNA662018_PRJNA662018_P8T8",45,0.4,"specimen_sample_id","sample_id",0.0047105621270805
"1","PRJNA662018_PRJNA662018_P8T8",12,0.4,"specimen_sample_id","sample_id",0.00141076886903362
"2","PRJNA662018_PRJNA662018_P8T8",9,0.4,"specimen_sample_id","sample_id",0.00209205020920502
"3","PRJNA662018_PRJNA662018_P8T8",36,0.4,"specimen_sample_id","sample_id",0.011281729865246
"4","PRJNA662018_PRJNA662018_P8T8",1,0.4,"specimen_sample_id","sample_id",0.000376081233546446
"5","PRJNA662018_PRJNA662018_P8T8",2,0.4,"specimen_sample_id","sample_id",0.000854335753951303
"6","PRJNA662018_PRJNA662018_P8T8",11,0.4,"specimen_sample_id","sample_id",0.00558375634517766
"7","PRJNA662018_PRJNA662018_P8T8",41,0.4,"specimen_sample_id","sample_id",0.0229949523275379
"8","PRJNA662018_PRJNA662018_P8T8",0,0.4,"specimen_sample_id","sample_id",0
"9","PRJNA662018_PRJNA662018_P8T8",10,0.4,"specimen_sample_id","sample_id",0.00992063492063492
"10","PRJNA662018_PRJNA662018_P8T8",7,0.4,"specimen_sample_id","sample_id",0.00757575757575758
"11","PRJNA662018_PRJNA662018_P8T8",16,0.4,"specimen_sample_id","sample_id",0.0190023752969121
"12","PRJNA662018_PRJNA662018_P8T8",8,0.4,"specimen_sample_id","sample_id",0.0104849279161206
"13","PRJNA662018_PRJNA662018_P8T8",0,0.4,"specimen_sample_id","sample_id",0
"14","PRJNA662018_PRJNA662018_P8T8",1,0.4,"specimen_sample_id","sample_id",0.003003003003003
"0",NA,8007,0.4,"specimen_sample_id","sample_id",0.83816602114519
"1",NA,7831,0.4,"specimen_sample_id","sample_id",0.920644251116859
"2",NA,3880,0.4,"specimen_sample_id","sample_id",0.901906090190609
"3",NA,2738,0.4,"specimen_sample_id","sample_id",0.858038232528988
"4",NA,2427,0.4,"specimen_sample_id","sample_id",0.912749153817225
"5",NA,1978,0.4,"specimen_sample_id","sample_id",0.844938060657838
"6",NA,1783,0.4,"specimen_sample_id","sample_id",0.90507614213198
"7",NA,1607,0.4,"specimen_sample_id","sample_id",0.901289960740325
"8",NA,1768,0.4,"specimen_sample_id","sample_id",1
"9",NA,842,0.4,"specimen_sample_id","sample_id",0.83531746031746
"10",NA,778,0.4,"specimen_sample_id","sample_id",0.841991341991342
"11",NA,651,0.4,"specimen_sample_id","sample_id",0.773159144893112
"12",NA,582,0.4,"specimen_sample_id","sample_id",0.762778505897772
"13",NA,403,0.4,"specimen_sample_id","sample_id",0.895555555555556
"14",NA,258,0.4,"specimen_sample_id","sample_id",0.774774774774775
"0","Normal",2016,0.4,"stage_T","T_stage",0.211033183293206
"1","Normal",5948,0.4,"stage_T","T_stage",0.699271102750999
"2","Normal",2321,0.4,"stage_T","T_stage",0.53951650395165
"3","Normal",1341,0.4,"stage_T","T_stage",0.420244437480414
"4","Normal",351,0.4,"stage_T","T_stage",0.132004512974803
"5","Normal",554,0.4,"stage_T","T_stage",0.236651003844511
"6","Normal",734,0.4,"stage_T","T_stage",0.37258883248731
"7","Normal",627,0.4,"stage_T","T_stage",0.351654514862591
"8","Normal",0,0.4,"stage_T","T_stage",0
"9","Normal",222,0.4,"stage_T","T_stage",0.220238095238095
"10","Normal",124,0.4,"stage_T","T_stage",0.134199134199134
"11","Normal",101,0.4,"stage_T","T_stage",0.119952494061758
"12","Normal",315,0.4,"stage_T","T_stage",0.412844036697248
"13","Normal",207,0.4,"stage_T","T_stage",0.46
"14","Normal",110,0.4,"stage_T","T_stage",0.33033033033033
"0","T1",1091,0.4,"stage_T","T_stage",0.114204961792107
"1","T1",525,0.4,"stage_T","T_stage",0.061721138020221
"2","T1",289,0.4,"stage_T","T_stage",0.0671780567178057
"3","T1",408,0.4,"stage_T","T_stage",0.127859605139455
"4","T1",44,0.4,"stage_T","T_stage",0.0165475742760436
"5","T1",154,0.4,"stage_T","T_stage",0.0657838530542503
"6","T1",252,0.4,"stage_T","T_stage",0.127918781725888
"7","T1",124,0.4,"stage_T","T_stage",0.0695457094784072
"8","T1",0,0.4,"stage_T","T_stage",0
"9","T1",104,0.4,"stage_T","T_stage",0.103174603174603
"10","T1",74,0.4,"stage_T","T_stage",0.0800865800865801
"11","T1",158,0.4,"stage_T","T_stage",0.187648456057007
"12","T1",56,0.4,"stage_T","T_stage",0.073394495412844
"13","T1",23,0.4,"stage_T","T_stage",0.0511111111111111
"14","T1",15,0.4,"stage_T","T_stage",0.045045045045045
"0","T2",2160,0.4,"stage_T","T_stage",0.226106982099864
"1","T2",674,0.4,"stage_T","T_stage",0.0792381848107218
"2","T2",344,0.4,"stage_T","T_stage",0.0799628079962808
"3","T2",390,0.4,"stage_T","T_stage",0.122218740206832
"4","T2",925,0.4,"stage_T","T_stage",0.347875141030463
"5","T2",612,0.4,"stage_T","T_stage",0.261426740709099
"6","T2",381,0.4,"stage_T","T_stage",0.193401015228426
"7","T2",435,0.4,"stage_T","T_stage",0.243970835670219
"8","T2",1013,0.4,"stage_T","T_stage",0.572963800904977
"9","T2",340,0.4,"stage_T","T_stage",0.337301587301587
"10","T2",243,0.4,"stage_T","T_stage",0.262987012987013
"11","T2",115,0.4,"stage_T","T_stage",0.136579572446556
"12","T2",118,0.4,"stage_T","T_stage",0.154652686762779
"13","T2",106,0.4,"stage_T","T_stage",0.235555555555556
"14","T2",79,0.4,"stage_T","T_stage",0.237237237237237
"0","T3",1294,0.4,"stage_T","T_stage",0.135454830943159
"1","T3",256,0.4,"stage_T","T_stage",0.030096402539384
"2","T3",412,0.4,"stage_T","T_stage",0.095769409576941
"3","T3",407,0.4,"stage_T","T_stage",0.127546223754309
"4","T3",114,0.4,"stage_T","T_stage",0.0428732606242948
"5","T3",134,0.4,"stage_T","T_stage",0.0572404955147373
"6","T3",230,0.4,"stage_T","T_stage",0.116751269035533
"7","T3",179,0.4,"stage_T","T_stage",0.100392596747056
"8","T3",164,0.4,"stage_T","T_stage",0.0927601809954751
"9","T3",72,0.4,"stage_T","T_stage",0.0714285714285714
"10","T3",113,0.4,"stage_T","T_stage",0.122294372294372
"11","T3",124,0.4,"stage_T","T_stage",0.147268408551069
"12","T3",50,0.4,"stage_T","T_stage",0.0655307994757536
"13","T3",17,0.4,"stage_T","T_stage",0.0377777777777778
"14","T3",11,0.4,"stage_T","T_stage",0.033033033033033
"0","T4",1172,0.4,"stage_T","T_stage",0.122683973620852
"1","T4",693,0.4,"stage_T","T_stage",0.0814719021866917
"2","T4",347,0.4,"stage_T","T_stage",0.0806601580660158
"3","T4",210,0.4,"stage_T","T_stage",0.0658100908806017
"4","T4",1049,0.4,"stage_T","T_stage",0.394509213990222
"5","T4",453,0.4,"stage_T","T_stage",0.19350704826997
"6","T4",137,0.4,"stage_T","T_stage",0.0695431472081218
"7","T4",85,0.4,"stage_T","T_stage",0.0476724621424565
"8","T4",576,0.4,"stage_T","T_stage",0.32579185520362
"9","T4",63,0.4,"stage_T","T_stage",0.0625
"10","T4",143,0.4,"stage_T","T_stage",0.154761904761905
"11","T4",102,0.4,"stage_T","T_stage",0.121140142517815
"12","T4",47,0.4,"stage_T","T_stage",0.0615989515072084
"13","T4",47,0.4,"stage_T","T_stage",0.104444444444444
"14","T4",67,0.4,"stage_T","T_stage",0.201201201201201
"0","Ta",138,0.4,"stage_T","T_stage",0.0144457238563802
"1","Ta",72,0.4,"stage_T","T_stage",0.00846461321420174
"2","Ta",168,0.4,"stage_T","T_stage",0.0390516039051604
"3","Ta",40,0.4,"stage_T","T_stage",0.0125352554058289
"4","Ta",12,0.4,"stage_T","T_stage",0.00451297480255735
"5","Ta",47,0.4,"stage_T","T_stage",0.0200768902178556
"6","Ta",45,0.4,"stage_T","T_stage",0.0228426395939086
"7","Ta",7,0.4,"stage_T","T_stage",0.00392596747055524
"8","Ta",0,0.4,"stage_T","T_stage",0
"9","Ta",26,0.4,"stage_T","T_stage",0.0257936507936508
"10","Ta",11,0.4,"stage_T","T_stage",0.0119047619047619
"11","Ta",10,0.4,"stage_T","T_stage",0.0118764845605701
"12","Ta",19,0.4,"stage_T","T_stage",0.0249017038007864
"13","Ta",4,0.4,"stage_T","T_stage",0.00888888888888889
"14","Ta",3,0.4,"stage_T","T_stage",0.00900900900900901
"0",NA,1682,0.4,"stage_T","T_stage",0.176070344394431
"1",NA,338,0.4,"stage_T","T_stage",0.0397366564777804
"2",NA,421,0.4,"stage_T","T_stage",0.097861459786146
"3",NA,395,0.4,"stage_T","T_stage",0.12378564713256
"4",NA,164,0.4,"stage_T","T_stage",0.0616773223016171
"5",NA,387,0.4,"stage_T","T_stage",0.165313968389577
"6",NA,191,0.4,"stage_T","T_stage",0.0969543147208122
"7",NA,326,0.4,"stage_T","T_stage",0.182837913628716
"8",NA,15,0.4,"stage_T","T_stage",0.0084841628959276
"9",NA,181,0.4,"stage_T","T_stage",0.179563492063492
"10",NA,216,0.4,"stage_T","T_stage",0.233766233766234
"11",NA,232,0.4,"stage_T","T_stage",0.275534441805226
"12",NA,158,0.4,"stage_T","T_stage",0.207077326343381
"13",NA,46,0.4,"stage_T","T_stage",0.102222222222222
"14",NA,48,0.4,"stage_T","T_stage",0.144144144144144
"0","N0",2609,0.4,"stage_N","N_stage",0.273107924212289
"1","N0",1266,0.4,"stage_N","N_stage",0.148836115683047
"2","N0",970,0.4,"stage_N","N_stage",0.225476522547652
"3","N0",766,0.4,"stage_N","N_stage",0.240050141021623
"4","N0",125,0.4,"stage_N","N_stage",0.0470101541933058
"5","N0",291,0.4,"stage_N","N_stage",0.124305852199915
"6","N0",594,0.4,"stage_N","N_stage",0.301522842639594
"7","N0",264,0.4,"stage_N","N_stage",0.148065058889512
"8","N0",0,0.4,"stage_N","N_stage",0
"9","N0",267,0.4,"stage_N","N_stage",0.264880952380952
"10","N0",178,0.4,"stage_N","N_stage",0.192640692640693
"11","N0",336,0.4,"stage_N","N_stage",0.399049881235154
"12","N0",138,0.4,"stage_N","N_stage",0.18086500655308
"13","N0",52,0.4,"stage_N","N_stage",0.115555555555556
"14","N0",27,0.4,"stage_N","N_stage",0.0810810810810811
"0","N2",100,0.4,"stage_N","N_stage",0.0104679158379567
"1","N2",102,0.4,"stage_N","N_stage",0.0119915353867858
"2","N2",111,0.4,"stage_N","N_stage",0.0258019525801953
"3","N2",61,0.4,"stage_N","N_stage",0.0191162644938891
"4","N2",5,0.4,"stage_N","N_stage",0.00188040616773223
"5","N2",18,0.4,"stage_N","N_stage",0.00768902178556173
"6","N2",32,0.4,"stage_N","N_stage",0.016243654822335
"7","N2",8,0.4,"stage_N","N_stage",0.00448681996634885
"8","N2",0,0.4,"stage_N","N_stage",0
"9","N2",31,0.4,"stage_N","N_stage",0.0307539682539683
"10","N2",11,0.4,"stage_N","N_stage",0.0119047619047619
"11","N2",5,0.4,"stage_N","N_stage",0.00593824228028504
"12","N2",15,0.4,"stage_N","N_stage",0.0196592398427261
"13","N2",15,0.4,"stage_N","N_stage",0.0333333333333333
"14","N2",2,0.4,"stage_N","N_stage",0.00600600600600601
"0","N3",140,0.4,"stage_N","N_stage",0.0146550821731393
"1","N3",59,0.4,"stage_N","N_stage",0.00693628027274865
"2","N3",46,0.4,"stage_N","N_stage",0.0106927010692701
"3","N3",85,0.4,"stage_N","N_stage",0.0266374177373864
"4","N3",12,0.4,"stage_N","N_stage",0.00451297480255735
"5","N3",37,0.4,"stage_N","N_stage",0.0158052114480991
"6","N3",31,0.4,"stage_N","N_stage",0.0157360406091371
"7","N3",144,0.4,"stage_N","N_stage",0.0807627593942793
"8","N3",0,0.4,"stage_N","N_stage",0
"9","N3",21,0.4,"stage_N","N_stage",0.0208333333333333
"10","N3",16,0.4,"stage_N","N_stage",0.0173160173160173
"11","N3",39,0.4,"stage_N","N_stage",0.0463182897862233
"12","N3",13,0.4,"stage_N","N_stage",0.0170380078636959
"13","N3",3,0.4,"stage_N","N_stage",0.00666666666666667
"14","N3",4,0.4,"stage_N","N_stage",0.012012012012012
"0","Normal",2016,0.4,"stage_N","N_stage",0.211033183293206
"1","Normal",5948,0.4,"stage_N","N_stage",0.699271102750999
"2","Normal",2321,0.4,"stage_N","N_stage",0.53951650395165
"3","Normal",1341,0.4,"stage_N","N_stage",0.420244437480414
"4","Normal",351,0.4,"stage_N","N_stage",0.132004512974803
"5","Normal",554,0.4,"stage_N","N_stage",0.236651003844511
"6","Normal",734,0.4,"stage_N","N_stage",0.37258883248731
"7","Normal",627,0.4,"stage_N","N_stage",0.351654514862591
"8","Normal",0,0.4,"stage_N","N_stage",0
"9","Normal",222,0.4,"stage_N","N_stage",0.220238095238095
"10","Normal",124,0.4,"stage_N","N_stage",0.134199134199134
"11","Normal",101,0.4,"stage_N","N_stage",0.119952494061758
"12","Normal",315,0.4,"stage_N","N_stage",0.412844036697248
"13","Normal",207,0.4,"stage_N","N_stage",0.46
"14","Normal",110,0.4,"stage_N","N_stage",0.33033033033033
"0",NA,4688,0.4,"stage_N","N_stage",0.490735894483408
"1",NA,1131,0.4,"stage_N","N_stage",0.132964965906419
"2",NA,854,0.4,"stage_N","N_stage",0.198512319851232
"3",NA,938,0.4,"stage_N","N_stage",0.293951739266688
"4",NA,2166,0.4,"stage_N","N_stage",0.814591951861602
"5",NA,1441,0.4,"stage_N","N_stage",0.615548910721914
"6",NA,579,0.4,"stage_N","N_stage",0.293908629441624
"7",NA,740,0.4,"stage_N","N_stage",0.415030846887269
"8",NA,1768,0.4,"stage_N","N_stage",1
"9",NA,467,0.4,"stage_N","N_stage",0.463293650793651
"10",NA,595,0.4,"stage_N","N_stage",0.643939393939394
"11",NA,361,0.4,"stage_N","N_stage",0.42874109263658
"12",NA,282,0.4,"stage_N","N_stage",0.36959370904325
"13",NA,173,0.4,"stage_N","N_stage",0.384444444444444
"14",NA,190,0.4,"stage_N","N_stage",0.570570570570571
"0","M0",2749,0.4,"stage_M","M_stage",0.287763006385429
"1","M0",1325,0.4,"stage_M","M_stage",0.155772395955796
"2","M0",1016,0.4,"stage_M","M_stage",0.236169223616922
"3","M0",851,0.4,"stage_M","M_stage",0.26668755875901
"4","M0",137,0.4,"stage_M","M_stage",0.0515231289958631
"5","M0",328,0.4,"stage_M","M_stage",0.140111063648014
"6","M0",625,0.4,"stage_M","M_stage",0.317258883248731
"7","M0",408,0.4,"stage_M","M_stage",0.228827818283791
"8","M0",0,0.4,"stage_M","M_stage",0
"9","M0",288,0.4,"stage_M","M_stage",0.285714285714286
"10","M0",194,0.4,"stage_M","M_stage",0.20995670995671
"11","M0",375,0.4,"stage_M","M_stage",0.445368171021378
"12","M0",151,0.4,"stage_M","M_stage",0.197903014416776
"13","M0",55,0.4,"stage_M","M_stage",0.122222222222222
"14","M0",31,0.4,"stage_M","M_stage",0.0930930930930931
"0","Normal",2016,0.4,"stage_M","M_stage",0.211033183293206
"1","Normal",5948,0.4,"stage_M","M_stage",0.699271102750999
"2","Normal",2321,0.4,"stage_M","M_stage",0.53951650395165
"3","Normal",1341,0.4,"stage_M","M_stage",0.420244437480414
"4","Normal",351,0.4,"stage_M","M_stage",0.132004512974803
"5","Normal",554,0.4,"stage_M","M_stage",0.236651003844511
"6","Normal",734,0.4,"stage_M","M_stage",0.37258883248731
"7","Normal",627,0.4,"stage_M","M_stage",0.351654514862591
"8","Normal",0,0.4,"stage_M","M_stage",0
"9","Normal",222,0.4,"stage_M","M_stage",0.220238095238095
"10","Normal",124,0.4,"stage_M","M_stage",0.134199134199134
"11","Normal",101,0.4,"stage_M","M_stage",0.119952494061758
"12","Normal",315,0.4,"stage_M","M_stage",0.412844036697248
"13","Normal",207,0.4,"stage_M","M_stage",0.46
"14","Normal",110,0.4,"stage_M","M_stage",0.33033033033033
"0",NA,4788,0.4,"stage_M","M_stage",0.501203810321365
"1",NA,1233,0.4,"stage_M","M_stage",0.144956501293205
"2",NA,965,0.4,"stage_M","M_stage",0.224314272431427
"3",NA,999,0.4,"stage_M","M_stage",0.313068003760577
"4",NA,2171,0.4,"stage_M","M_stage",0.816472358029334
"5",NA,1459,0.4,"stage_M","M_stage",0.623237932507475
"6",NA,611,0.4,"stage_M","M_stage",0.310152284263959
"7",NA,748,0.4,"stage_M","M_stage",0.419517666853618
"8",NA,1768,0.4,"stage_M","M_stage",1
"9",NA,498,0.4,"stage_M","M_stage",0.494047619047619
"10",NA,606,0.4,"stage_M","M_stage",0.655844155844156
"11",NA,366,0.4,"stage_M","M_stage",0.434679334916865
"12",NA,297,0.4,"stage_M","M_stage",0.389252948885976
"13",NA,188,0.4,"stage_M","M_stage",0.417777777777778
"14",NA,192,0.4,"stage_M","M_stage",0.576576576576577
"0","MIBC",5339,0.4,"clinical_type","Type",0.558882026588506
"1","MIBC",1722,0.4,"clinical_type","Type",0.202445332706325
"2","MIBC",1336,0.4,"clinical_type","Type",0.310553231055323
"3","MIBC",1203,0.4,"clinical_type","Type",0.376997806330304
"4","MIBC",2135,0.4,"clinical_type","Type",0.802933433621662
"5","MIBC",1316,0.4,"clinical_type","Type",0.562152926099957
"6","MIBC",852,0.4,"clinical_type","Type",0.43248730964467
"7","MIBC",953,0.4,"clinical_type","Type",0.534492428491307
"8","MIBC",1768,0.4,"clinical_type","Type",1
"9","MIBC",541,0.4,"clinical_type","Type",0.536706349206349
"10","MIBC",626,0.4,"clinical_type","Type",0.677489177489177
"11","MIBC",460,0.4,"clinical_type","Type",0.546318289786223
"12","MIBC",247,0.4,"clinical_type","Type",0.323722149410223
"13","MIBC",192,0.4,"clinical_type","Type",0.426666666666667
"14","MIBC",177,0.4,"clinical_type","Type",0.531531531531532
"0","NMIBC",2198,0.4,"clinical_type","Type",0.230084790118287
"1","NMIBC",836,0.4,"clinical_type","Type",0.0982835645426758
"2","NMIBC",645,0.4,"clinical_type","Type",0.149930264993027
"3","NMIBC",647,0.4,"clinical_type","Type",0.202757756189282
"4","NMIBC",173,0.4,"clinical_type","Type",0.0650620534035352
"5","NMIBC",471,0.4,"clinical_type","Type",0.201196070055532
"6","NMIBC",384,0.4,"clinical_type","Type",0.19492385786802
"7","NMIBC",203,0.4,"clinical_type","Type",0.113853056646102
"8","NMIBC",0,0.4,"clinical_type","Type",0
"9","NMIBC",245,0.4,"clinical_type","Type",0.243055555555556
"10","NMIBC",174,0.4,"clinical_type","Type",0.188311688311688
"11","NMIBC",281,0.4,"clinical_type","Type",0.333729216152019
"12","NMIBC",201,0.4,"clinical_type","Type",0.26343381389253
"13","NMIBC",51,0.4,"clinical_type","Type",0.113333333333333
"14","NMIBC",46,0.4,"clinical_type","Type",0.138138138138138
"0","Normal",2016,0.4,"clinical_type","Type",0.211033183293206
"1","Normal",5948,0.4,"clinical_type","Type",0.699271102750999
"2","Normal",2321,0.4,"clinical_type","Type",0.53951650395165
"3","Normal",1341,0.4,"clinical_type","Type",0.420244437480414
"4","Normal",351,0.4,"clinical_type","Type",0.132004512974803
"5","Normal",554,0.4,"clinical_type","Type",0.236651003844511
"6","Normal",734,0.4,"clinical_type","Type",0.37258883248731
"7","Normal",627,0.4,"clinical_type","Type",0.351654514862591
"8","Normal",0,0.4,"clinical_type","Type",0
"9","Normal",222,0.4,"clinical_type","Type",0.220238095238095
"10","Normal",124,0.4,"clinical_type","Type",0.134199134199134
"11","Normal",101,0.4,"clinical_type","Type",0.119952494061758
"12","Normal",315,0.4,"clinical_type","Type",0.412844036697248
"13","Normal",207,0.4,"clinical_type","Type",0.46
"14","Normal",110,0.4,"clinical_type","Type",0.33033033033033
"0","CNP0000460",1877,0.6,"dataset","dataset",0.222683592359711
"1","CNP0000460",1504,0.6,"dataset","dataset",0.182812689923423
"2","CNP0000460",584,0.6,"dataset","dataset",0.137185811604416
"3","CNP0000460",885,0.6,"dataset","dataset",0.277342525853964
"4","CNP0000460",112,0.6,"dataset","dataset",0.0411764705882353
"5","CNP0000460",389,0.6,"dataset","dataset",0.166168304143528
"6","CNP0000460",572,0.6,"dataset","dataset",0.245072836332476
"7","CNP0000460",827,0.6,"dataset","dataset",0.462269424259363
"8","CNP0000460",0,0.6,"dataset","dataset",0
"9","CNP0000460",251,0.6,"dataset","dataset",0.249007936507937
"10","CNP0000460",140,0.6,"dataset","dataset",0.149732620320856
"11","CNP0000460",233,0.6,"dataset","dataset",0.277380952380952
"12","CNP0000460",134,0.6,"dataset","dataset",0.17562254259502
"13","CNP0000460",42,0.6,"dataset","dataset",0.0574555403556772
"14","CNP0000460",103,0.6,"dataset","dataset",0.228888888888889
"15","CNP0000460",49,0.6,"dataset","dataset",0.147147147147147
"16","CNP0000460",39,0.6,"dataset","dataset",0.142335766423358
"0","GSE326225",60,0.6,"dataset","dataset",0.00711828212124807
"1","GSE326225",396,0.6,"dataset","dataset",0.0481341922936672
"2","GSE326225",174,0.6,"dataset","dataset",0.0408738548273432
"3","GSE326225",87,0.6,"dataset","dataset",0.0272641805076778
"4","GSE326225",35,0.6,"dataset","dataset",0.0128676470588235
"5","GSE326225",103,0.6,"dataset","dataset",0.0439982913284921
"6","GSE326225",45,0.6,"dataset","dataset",0.019280205655527
"7","GSE326225",176,0.6,"dataset","dataset",0.0983789826718837
"8","GSE326225",15,0.6,"dataset","dataset",0.00846979107848673
"9","GSE326225",30,0.6,"dataset","dataset",0.0297619047619048
"10","GSE326225",100,0.6,"dataset","dataset",0.106951871657754
"11","GSE326225",54,0.6,"dataset","dataset",0.0642857142857143
"12","GSE326225",16,0.6,"dataset","dataset",0.0209698558322412
"13","GSE326225",38,0.6,"dataset","dataset",0.0519835841313269
"14","GSE326225",21,0.6,"dataset","dataset",0.0466666666666667
"15","GSE326225",19,0.6,"dataset","dataset",0.0570570570570571
"16","GSE326225",27,0.6,"dataset","dataset",0.0985401459854015
"0","HRA003620",5070,0.6,"dataset","dataset",0.601494839245462
"1","HRA003620",2275,0.6,"dataset","dataset",0.276528503707305
"2","HRA003620",2675,0.6,"dataset","dataset",0.628376791167489
"3","HRA003620",1225,0.6,"dataset","dataset",0.38389219680351
"4","HRA003620",296,0.6,"dataset","dataset",0.108823529411765
"5","HRA003620",432,0.6,"dataset","dataset",0.184536522853481
"6","HRA003620",1038,0.6,"dataset","dataset",0.444730077120823
"7","HRA003620",193,0.6,"dataset","dataset",0.1078814980436
"8","HRA003620",0,0.6,"dataset","dataset",0
"9","HRA003620",275,0.6,"dataset","dataset",0.27281746031746
"10","HRA003620",165,0.6,"dataset","dataset",0.176470588235294
"11","HRA003620",235,0.6,"dataset","dataset",0.279761904761905
"12","HRA003620",308,0.6,"dataset","dataset",0.403669724770642
"13","HRA003620",333,0.6,"dataset","dataset",0.455540355677155
"14","HRA003620",152,0.6,"dataset","dataset",0.337777777777778
"15","HRA003620",48,0.6,"dataset","dataset",0.144144144144144
"16","HRA003620",103,0.6,"dataset","dataset",0.375912408759124
"0","InhouseData",748,0.6,"dataset","dataset",0.0887412504448926
"1","InhouseData",2649,0.6,"dataset","dataset",0.32198857420688
"2","InhouseData",396,0.6,"dataset","dataset",0.0930232558139535
"3","InhouseData",542,0.6,"dataset","dataset",0.169852710748982
"4","InhouseData",2043,0.6,"dataset","dataset",0.751102941176471
"5","InhouseData",1054,0.6,"dataset","dataset",0.450234942332337
"6","InhouseData",439,0.6,"dataset","dataset",0.18808911739503
"7","InhouseData",416,0.6,"dataset","dataset",0.232532140860816
"8","InhouseData",1756,0.6,"dataset","dataset",0.991530208921513
"9","InhouseData",286,0.6,"dataset","dataset",0.283730158730159
"10","InhouseData",381,0.6,"dataset","dataset",0.407486631016043
"11","InhouseData",127,0.6,"dataset","dataset",0.151190476190476
"12","InhouseData",124,0.6,"dataset","dataset",0.162516382699869
"13","InhouseData",258,0.6,"dataset","dataset",0.352941176470588
"14","InhouseData",127,0.6,"dataset","dataset",0.282222222222222
"15","InhouseData",142,0.6,"dataset","dataset",0.426426426426426
"16","InhouseData",85,0.6,"dataset","dataset",0.31021897810219
"0","PRJNA662018",674,0.6,"dataset","dataset",0.0799620358286867
"1","PRJNA662018",1403,0.6,"dataset","dataset",0.170536039868725
"2","PRJNA662018",428,0.6,"dataset","dataset",0.100540286586798
"3","PRJNA662018",452,0.6,"dataset","dataset",0.141648386085866
"4","PRJNA662018",234,0.6,"dataset","dataset",0.0860294117647059
"5","PRJNA662018",363,0.6,"dataset","dataset",0.155061939342161
"6","PRJNA662018",240,0.6,"dataset","dataset",0.102827763496144
"7","PRJNA662018",177,0.6,"dataset","dataset",0.0989379541643376
"8","PRJNA662018",0,0.6,"dataset","dataset",0
"9","PRJNA662018",166,0.6,"dataset","dataset",0.16468253968254
"10","PRJNA662018",149,0.6,"dataset","dataset",0.159358288770053
"11","PRJNA662018",191,0.6,"dataset","dataset",0.227380952380952
"12","PRJNA662018",181,0.6,"dataset","dataset",0.237221494102228
"13","PRJNA662018",60,0.6,"dataset","dataset",0.0820793433652531
"14","PRJNA662018",47,0.6,"dataset","dataset",0.104444444444444
"15","PRJNA662018",75,0.6,"dataset","dataset",0.225225225225225
"16","PRJNA662018",20,0.6,"dataset","dataset",0.072992700729927
"0","CNP0000460_P01N",216,0.6,"specimen_orig_ident","orig.ident",0.0256258156364931
"1","CNP0000460_P01N",148,0.6,"specimen_orig_ident","orig.ident",0.0179895466148049
"2","CNP0000460_P01N",51,0.6,"specimen_orig_ident","orig.ident",0.0119802677942213
"3","CNP0000460_P01N",62,0.6,"specimen_orig_ident","orig.ident",0.0194296458790348
"4","CNP0000460_P01N",5,0.6,"specimen_orig_ident","orig.ident",0.00183823529411765
"5","CNP0000460_P01N",90,0.6,"specimen_orig_ident","orig.ident",0.0384451089278086
"6","CNP0000460_P01N",53,0.6,"specimen_orig_ident","orig.ident",0.0227077977720651
"7","CNP0000460_P01N",230,0.6,"specimen_orig_ident","orig.ident",0.128563443264394
"8","CNP0000460_P01N",0,0.6,"specimen_orig_ident","orig.ident",0
"9","CNP0000460_P01N",7,0.6,"specimen_orig_ident","orig.ident",0.00694444444444444
"10","CNP0000460_P01N",7,0.6,"specimen_orig_ident","orig.ident",0.00748663101604278
"11","CNP0000460_P01N",7,0.6,"specimen_orig_ident","orig.ident",0.00833333333333333
"12","CNP0000460_P01N",13,0.6,"specimen_orig_ident","orig.ident",0.0170380078636959
"13","CNP0000460_P01N",4,0.6,"specimen_orig_ident","orig.ident",0.00547195622435021
"14","CNP0000460_P01N",2,0.6,"specimen_orig_ident","orig.ident",0.00444444444444444
"15","CNP0000460_P01N",6,0.6,"specimen_orig_ident","orig.ident",0.018018018018018
"16","CNP0000460_P01N",2,0.6,"specimen_orig_ident","orig.ident",0.0072992700729927
"0","CNP0000460_P01T",114,0.6,"specimen_orig_ident","orig.ident",0.0135247360303713
"1","CNP0000460_P01T",100,0.6,"specimen_orig_ident","orig.ident",0.0121550990640574
"2","CNP0000460_P01T",29,0.6,"specimen_orig_ident","orig.ident",0.00681230913789053
"3","CNP0000460_P01T",13,0.6,"specimen_orig_ident","orig.ident",0.00407395800689439
"4","CNP0000460_P01T",4,0.6,"specimen_orig_ident","orig.ident",0.00147058823529412
"5","CNP0000460_P01T",8,0.6,"specimen_orig_ident","orig.ident",0.00341734301580521
"6","CNP0000460_P01T",36,0.6,"specimen_orig_ident","orig.ident",0.0154241645244216
"7","CNP0000460_P01T",36,0.6,"specimen_orig_ident","orig.ident",0.0201229737283399
"8","CNP0000460_P01T",0,0.6,"specimen_orig_ident","orig.ident",0
"9","CNP0000460_P01T",8,0.6,"specimen_orig_ident","orig.ident",0.00793650793650794
"10","CNP0000460_P01T",11,0.6,"specimen_orig_ident","orig.ident",0.0117647058823529
"11","CNP0000460_P01T",10,0.6,"specimen_orig_ident","orig.ident",0.0119047619047619
"12","CNP0000460_P01T",5,0.6,"specimen_orig_ident","orig.ident",0.00655307994757536
"13","CNP0000460_P01T",2,0.6,"specimen_orig_ident","orig.ident",0.0027359781121751
"14","CNP0000460_P01T",1,0.6,"specimen_orig_ident","orig.ident",0.00222222222222222
"15","CNP0000460_P01T",0,0.6,"specimen_orig_ident","orig.ident",0
"16","CNP0000460_P01T",4,0.6,"specimen_orig_ident","orig.ident",0.0145985401459854
"0","CNP0000460_P02N",77,0.6,"specimen_orig_ident","orig.ident",0.00913512872226836
"1","CNP0000460_P02N",24,0.6,"specimen_orig_ident","orig.ident",0.00291722377537377
"2","CNP0000460_P02N",29,0.6,"specimen_orig_ident","orig.ident",0.00681230913789053
"3","CNP0000460_P02N",29,0.6,"specimen_orig_ident","orig.ident",0.00908806016922595
"4","CNP0000460_P02N",6,0.6,"specimen_orig_ident","orig.ident",0.00220588235294118
"5","CNP0000460_P02N",10,0.6,"specimen_orig_ident","orig.ident",0.00427167876975651
"6","CNP0000460_P02N",11,0.6,"specimen_orig_ident","orig.ident",0.00471293916023993
"7","CNP0000460_P02N",2,0.6,"specimen_orig_ident","orig.ident",0.00111794298490777
"8","CNP0000460_P02N",0,0.6,"specimen_orig_ident","orig.ident",0
"9","CNP0000460_P02N",8,0.6,"specimen_orig_ident","orig.ident",0.00793650793650794
"10","CNP0000460_P02N",5,0.6,"specimen_orig_ident","orig.ident",0.0053475935828877
"11","CNP0000460_P02N",2,0.6,"specimen_orig_ident","orig.ident",0.00238095238095238
"12","CNP0000460_P02N",4,0.6,"specimen_orig_ident","orig.ident",0.00524246395806029
"13","CNP0000460_P02N",1,0.6,"specimen_orig_ident","orig.ident",0.00136798905608755
"14","CNP0000460_P02N",24,0.6,"specimen_orig_ident","orig.ident",0.0533333333333333
"15","CNP0000460_P02N",4,0.6,"specimen_orig_ident","orig.ident",0.012012012012012
"16","CNP0000460_P02N",1,0.6,"specimen_orig_ident","orig.ident",0.00364963503649635
"0","CNP0000460_P02T",139,0.6,"specimen_orig_ident","orig.ident",0.0164906869142247
"1","CNP0000460_P02T",83,0.6,"specimen_orig_ident","orig.ident",0.0100887322231676
"2","CNP0000460_P02T",48,0.6,"specimen_orig_ident","orig.ident",0.0112755461592671
"3","CNP0000460_P02T",52,0.6,"specimen_orig_ident","orig.ident",0.0162958320275776
"4","CNP0000460_P02T",10,0.6,"specimen_orig_ident","orig.ident",0.00367647058823529
"5","CNP0000460_P02T",34,0.6,"specimen_orig_ident","orig.ident",0.0145237078171721
"6","CNP0000460_P02T",52,0.6,"specimen_orig_ident","orig.ident",0.0222793487574979
"7","CNP0000460_P02T",56,0.6,"specimen_orig_ident","orig.ident",0.0313024035774176
"8","CNP0000460_P02T",0,0.6,"specimen_orig_ident","orig.ident",0
"9","CNP0000460_P02T",80,0.6,"specimen_orig_ident","orig.ident",0.0793650793650794
"10","CNP0000460_P02T",9,0.6,"specimen_orig_ident","orig.ident",0.00962566844919786
"11","CNP0000460_P02T",17,0.6,"specimen_orig_ident","orig.ident",0.0202380952380952
"12","CNP0000460_P02T",17,0.6,"specimen_orig_ident","orig.ident",0.0222804718217562
"13","CNP0000460_P02T",6,0.6,"specimen_orig_ident","orig.ident",0.00820793433652531
"14","CNP0000460_P02T",10,0.6,"specimen_orig_ident","orig.ident",0.0222222222222222
"15","CNP0000460_P02T",4,0.6,"specimen_orig_ident","orig.ident",0.012012012012012
"16","CNP0000460_P02T",4,0.6,"specimen_orig_ident","orig.ident",0.0145985401459854
"0","CNP0000460_P03N",249,0.6,"specimen_orig_ident","orig.ident",0.0295408708031795
"1","CNP0000460_P03N",146,0.6,"specimen_orig_ident","orig.ident",0.0177464446335238
"2","CNP0000460_P03N",65,0.6,"specimen_orig_ident","orig.ident",0.0152689687573409
"3","CNP0000460_P03N",123,0.6,"specimen_orig_ident","orig.ident",0.0385459103729238
"4","CNP0000460_P03N",11,0.6,"specimen_orig_ident","orig.ident",0.00404411764705882
"5","CNP0000460_P03N",42,0.6,"specimen_orig_ident","orig.ident",0.0179410508329774
"6","CNP0000460_P03N",60,0.6,"specimen_orig_ident","orig.ident",0.025706940874036
"7","CNP0000460_P03N",19,0.6,"specimen_orig_ident","orig.ident",0.0106204583566238
"8","CNP0000460_P03N",0,0.6,"specimen_orig_ident","orig.ident",0
"9","CNP0000460_P03N",13,0.6,"specimen_orig_ident","orig.ident",0.0128968253968254
"10","CNP0000460_P03N",13,0.6,"specimen_orig_ident","orig.ident",0.013903743315508
"11","CNP0000460_P03N",9,0.6,"specimen_orig_ident","orig.ident",0.0107142857142857
"12","CNP0000460_P03N",10,0.6,"specimen_orig_ident","orig.ident",0.0131061598951507
"13","CNP0000460_P03N",3,0.6,"specimen_orig_ident","orig.ident",0.00410396716826265
"14","CNP0000460_P03N",14,0.6,"specimen_orig_ident","orig.ident",0.0311111111111111
"15","CNP0000460_P03N",13,0.6,"specimen_orig_ident","orig.ident",0.039039039039039
"16","CNP0000460_P03N",3,0.6,"specimen_orig_ident","orig.ident",0.0109489051094891
"0","CNP0000460_P03T",299,0.6,"specimen_orig_ident","orig.ident",0.0354727725708862
"1","CNP0000460_P03T",299,0.6,"specimen_orig_ident","orig.ident",0.0363437462015315
"2","CNP0000460_P03T",107,0.6,"specimen_orig_ident","orig.ident",0.0251350716466996
"3","CNP0000460_P03T",231,0.6,"specimen_orig_ident","orig.ident",0.0723910999686619
"4","CNP0000460_P03T",19,0.6,"specimen_orig_ident","orig.ident",0.00698529411764706
"5","CNP0000460_P03T",27,0.6,"specimen_orig_ident","orig.ident",0.0115335326783426
"6","CNP0000460_P03T",111,0.6,"specimen_orig_ident","orig.ident",0.0475578406169666
"7","CNP0000460_P03T",24,0.6,"specimen_orig_ident","orig.ident",0.0134153158188932
"8","CNP0000460_P03T",0,0.6,"specimen_orig_ident","orig.ident",0
"9","CNP0000460_P03T",31,0.6,"specimen_orig_ident","orig.ident",0.0307539682539683
"10","CNP0000460_P03T",29,0.6,"specimen_orig_ident","orig.ident",0.0310160427807487
"11","CNP0000460_P03T",59,0.6,"specimen_orig_ident","orig.ident",0.0702380952380952
"12","CNP0000460_P03T",16,0.6,"specimen_orig_ident","orig.ident",0.0209698558322412
"13","CNP0000460_P03T",3,0.6,"specimen_orig_ident","orig.ident",0.00410396716826265
"14","CNP0000460_P03T",5,0.6,"specimen_orig_ident","orig.ident",0.0111111111111111
"15","CNP0000460_P03T",0,0.6,"specimen_orig_ident","orig.ident",0
"16","CNP0000460_P03T",7,0.6,"specimen_orig_ident","orig.ident",0.0255474452554745
"0","CNP0000460_P04T",59,0.6,"specimen_orig_ident","orig.ident",0.00699964408589394
"1","CNP0000460_P04T",109,0.6,"specimen_orig_ident","orig.ident",0.0132490579798225
"2","CNP0000460_P04T",46,0.6,"specimen_orig_ident","orig.ident",0.0108057317359643
"3","CNP0000460_P04T",85,0.6,"specimen_orig_ident","orig.ident",0.0266374177373864
"4","CNP0000460_P04T",12,0.6,"specimen_orig_ident","orig.ident",0.00441176470588235
"5","CNP0000460_P04T",37,0.6,"specimen_orig_ident","orig.ident",0.0158052114480991
"6","CNP0000460_P04T",53,0.6,"specimen_orig_ident","orig.ident",0.0227077977720651
"7","CNP0000460_P04T",144,0.6,"specimen_orig_ident","orig.ident",0.0804918949133594
"8","CNP0000460_P04T",0,0.6,"specimen_orig_ident","orig.ident",0
"9","CNP0000460_P04T",21,0.6,"specimen_orig_ident","orig.ident",0.0208333333333333
"10","CNP0000460_P04T",16,0.6,"specimen_orig_ident","orig.ident",0.0171122994652406
"11","CNP0000460_P04T",39,0.6,"specimen_orig_ident","orig.ident",0.0464285714285714
"12","CNP0000460_P04T",13,0.6,"specimen_orig_ident","orig.ident",0.0170380078636959
"13","CNP0000460_P04T",6,0.6,"specimen_orig_ident","orig.ident",0.00820793433652531
"14","CNP0000460_P04T",3,0.6,"specimen_orig_ident","orig.ident",0.00666666666666667
"15","CNP0000460_P04T",4,0.6,"specimen_orig_ident","orig.ident",0.012012012012012
"16","CNP0000460_P04T",3,0.6,"specimen_orig_ident","orig.ident",0.0109489051094891
"0","CNP0000460_P05N",99,0.6,"specimen_orig_ident","orig.ident",0.0117451655000593
"1","CNP0000460_P05N",55,0.6,"specimen_orig_ident","orig.ident",0.00668530448523156
"2","CNP0000460_P05N",36,0.6,"specimen_orig_ident","orig.ident",0.00845665961945032
"3","CNP0000460_P05N",75,0.6,"specimen_orig_ident","orig.ident",0.0235036038859292
"4","CNP0000460_P05N",8,0.6,"specimen_orig_ident","orig.ident",0.00294117647058824
"5","CNP0000460_P05N",38,0.6,"specimen_orig_ident","orig.ident",0.0162323793250748
"6","CNP0000460_P05N",24,0.6,"specimen_orig_ident","orig.ident",0.0102827763496144
"7","CNP0000460_P05N",169,0.6,"specimen_orig_ident","orig.ident",0.0944661822247065
"8","CNP0000460_P05N",0,0.6,"specimen_orig_ident","orig.ident",0
"9","CNP0000460_P05N",6,0.6,"specimen_orig_ident","orig.ident",0.00595238095238095
"10","CNP0000460_P05N",9,0.6,"specimen_orig_ident","orig.ident",0.00962566844919786
"11","CNP0000460_P05N",0,0.6,"specimen_orig_ident","orig.ident",0
"12","CNP0000460_P05N",6,0.6,"specimen_orig_ident","orig.ident",0.00786369593709043
"13","CNP0000460_P05N",3,0.6,"specimen_orig_ident","orig.ident",0.00410396716826265
"14","CNP0000460_P05N",19,0.6,"specimen_orig_ident","orig.ident",0.0422222222222222
"15","CNP0000460_P05N",4,0.6,"specimen_orig_ident","orig.ident",0.012012012012012
"16","CNP0000460_P05N",0,0.6,"specimen_orig_ident","orig.ident",0
"0","CNP0000460_P05T",37,0.6,"specimen_orig_ident","orig.ident",0.00438960730810298
"1","CNP0000460_P05T",25,0.6,"specimen_orig_ident","orig.ident",0.00303877476601434
"2","CNP0000460_P05T",6,0.6,"specimen_orig_ident","orig.ident",0.00140944326990839
"3","CNP0000460_P05T",26,0.6,"specimen_orig_ident","orig.ident",0.00814791601378878
"4","CNP0000460_P05T",1,0.6,"specimen_orig_ident","orig.ident",0.000367647058823529
"5","CNP0000460_P05T",5,0.6,"specimen_orig_ident","orig.ident",0.00213583938487826
"6","CNP0000460_P05T",12,0.6,"specimen_orig_ident","orig.ident",0.0051413881748072
"7","CNP0000460_P05T",30,0.6,"specimen_orig_ident","orig.ident",0.0167691447736165
"8","CNP0000460_P05T",0,0.6,"specimen_orig_ident","orig.ident",0
"9","CNP0000460_P05T",5,0.6,"specimen_orig_ident","orig.ident",0.00496031746031746
"10","CNP0000460_P05T",1,0.6,"specimen_orig_ident","orig.ident",0.00106951871657754
"11","CNP0000460_P05T",5,0.6,"specimen_orig_ident","orig.ident",0.00595238095238095
"12","CNP0000460_P05T",4,0.6,"specimen_orig_ident","orig.ident",0.00524246395806029
"13","CNP0000460_P05T",1,0.6,"specimen_orig_ident","orig.ident",0.00136798905608755
"14","CNP0000460_P05T",3,0.6,"specimen_orig_ident","orig.ident",0.00666666666666667
"15","CNP0000460_P05T",1,0.6,"specimen_orig_ident","orig.ident",0.003003003003003
"16","CNP0000460_P05T",0,0.6,"specimen_orig_ident","orig.ident",0
"0","CNP0000460_P06T",56,0.6,"specimen_orig_ident","orig.ident",0.00664372997983153
"1","CNP0000460_P06T",297,0.6,"specimen_orig_ident","orig.ident",0.0361006442202504
"2","CNP0000460_P06T",54,0.6,"specimen_orig_ident","orig.ident",0.0126849894291755
"3","CNP0000460_P06T",84,0.6,"specimen_orig_ident","orig.ident",0.0263240363522407
"4","CNP0000460_P06T",5,0.6,"specimen_orig_ident","orig.ident",0.00183823529411765
"5","CNP0000460_P06T",70,0.6,"specimen_orig_ident","orig.ident",0.0299017513882956
"6","CNP0000460_P06T",69,0.6,"specimen_orig_ident","orig.ident",0.0295629820051414
"7","CNP0000460_P06T",60,0.6,"specimen_orig_ident","orig.ident",0.0335382895472331
"8","CNP0000460_P06T",0,0.6,"specimen_orig_ident","orig.ident",0
"9","CNP0000460_P06T",59,0.6,"specimen_orig_ident","orig.ident",0.058531746031746
"10","CNP0000460_P06T",19,0.6,"specimen_orig_ident","orig.ident",0.0203208556149733
"11","CNP0000460_P06T",76,0.6,"specimen_orig_ident","orig.ident",0.0904761904761905
"12","CNP0000460_P06T",29,0.6,"specimen_orig_ident","orig.ident",0.0380078636959371
"13","CNP0000460_P06T",4,0.6,"specimen_orig_ident","orig.ident",0.00547195622435021
"14","CNP0000460_P06T",7,0.6,"specimen_orig_ident","orig.ident",0.0155555555555556
"15","CNP0000460_P06T",7,0.6,"specimen_orig_ident","orig.ident",0.021021021021021
"16","CNP0000460_P06T",11,0.6,"specimen_orig_ident","orig.ident",0.0401459854014599
"0","CNP0000460_P07N",460,0.6,"specimen_orig_ident","orig.ident",0.0545734962629019
"1","CNP0000460_P07N",114,0.6,"specimen_orig_ident","orig.ident",0.0138568129330254
"2","CNP0000460_P07N",88,0.6,"specimen_orig_ident","orig.ident",0.020671834625323
"3","CNP0000460_P07N",69,0.6,"specimen_orig_ident","orig.ident",0.0216233155750548
"4","CNP0000460_P07N",22,0.6,"specimen_orig_ident","orig.ident",0.00808823529411765
"5","CNP0000460_P07N",23,0.6,"specimen_orig_ident","orig.ident",0.00982486117043998
"6","CNP0000460_P07N",56,0.6,"specimen_orig_ident","orig.ident",0.0239931448157669
"7","CNP0000460_P07N",39,0.6,"specimen_orig_ident","orig.ident",0.0217998882057015
"8","CNP0000460_P07N",0,0.6,"specimen_orig_ident","orig.ident",0
"9","CNP0000460_P07N",5,0.6,"specimen_orig_ident","orig.ident",0.00496031746031746
"10","CNP0000460_P07N",6,0.6,"specimen_orig_ident","orig.ident",0.00641711229946524
"11","CNP0000460_P07N",1,0.6,"specimen_orig_ident","orig.ident",0.00119047619047619
"12","CNP0000460_P07N",12,0.6,"specimen_orig_ident","orig.ident",0.0157273918741809
"13","CNP0000460_P07N",7,0.6,"specimen_orig_ident","orig.ident",0.00957592339261286
"14","CNP0000460_P07N",6,0.6,"specimen_orig_ident","orig.ident",0.0133333333333333
"15","CNP0000460_P07N",5,0.6,"specimen_orig_ident","orig.ident",0.015015015015015
"16","CNP0000460_P07N",3,0.6,"specimen_orig_ident","orig.ident",0.0109489051094891
"0","CNP0000460_P07T",72,0.6,"specimen_orig_ident","orig.ident",0.00854193854549769
"1","CNP0000460_P07T",104,0.6,"specimen_orig_ident","orig.ident",0.0126413030266197
"2","CNP0000460_P07T",25,0.6,"specimen_orig_ident","orig.ident",0.00587268029128494
"3","CNP0000460_P07T",36,0.6,"specimen_orig_ident","orig.ident",0.011281729865246
"4","CNP0000460_P07T",9,0.6,"specimen_orig_ident","orig.ident",0.00330882352941176
"5","CNP0000460_P07T",5,0.6,"specimen_orig_ident","orig.ident",0.00213583938487826
"6","CNP0000460_P07T",35,0.6,"specimen_orig_ident","orig.ident",0.0149957155098543
"7","CNP0000460_P07T",18,0.6,"specimen_orig_ident","orig.ident",0.0100614868641699
"8","CNP0000460_P07T",0,0.6,"specimen_orig_ident","orig.ident",0
"9","CNP0000460_P07T",8,0.6,"specimen_orig_ident","orig.ident",0.00793650793650794
"10","CNP0000460_P07T",15,0.6,"specimen_orig_ident","orig.ident",0.0160427807486631
"11","CNP0000460_P07T",8,0.6,"specimen_orig_ident","orig.ident",0.00952380952380952
"12","CNP0000460_P07T",5,0.6,"specimen_orig_ident","orig.ident",0.00655307994757536
"13","CNP0000460_P07T",2,0.6,"specimen_orig_ident","orig.ident",0.0027359781121751
"14","CNP0000460_P07T",9,0.6,"specimen_orig_ident","orig.ident",0.02
"15","CNP0000460_P07T",1,0.6,"specimen_orig_ident","orig.ident",0.003003003003003
"16","CNP0000460_P07T",1,0.6,"specimen_orig_ident","orig.ident",0.00364963503649635
"0","GSE326225_BC1",0,0.6,"specimen_orig_ident","orig.ident",0
"1","GSE326225_BC1",14,0.6,"specimen_orig_ident","orig.ident",0.00170171386896803
"2","GSE326225_BC1",10,0.6,"specimen_orig_ident","orig.ident",0.00234907211651398
"3","GSE326225_BC1",2,0.6,"specimen_orig_ident","orig.ident",0.000626762770291445
"4","GSE326225_BC1",7,0.6,"specimen_orig_ident","orig.ident",0.00257352941176471
"5","GSE326225_BC1",19,0.6,"specimen_orig_ident","orig.ident",0.00811618966253738
"6","GSE326225_BC1",0,0.6,"specimen_orig_ident","orig.ident",0
"7","GSE326225_BC1",84,0.6,"specimen_orig_ident","orig.ident",0.0469536053661263
"8","GSE326225_BC1",0,0.6,"specimen_orig_ident","orig.ident",0
"9","GSE326225_BC1",0,0.6,"specimen_orig_ident","orig.ident",0
"10","GSE326225_BC1",5,0.6,"specimen_orig_ident","orig.ident",0.0053475935828877
"11","GSE326225_BC1",12,0.6,"specimen_orig_ident","orig.ident",0.0142857142857143
"12","GSE326225_BC1",2,0.6,"specimen_orig_ident","orig.ident",0.00262123197903014
"13","GSE326225_BC1",0,0.6,"specimen_orig_ident","orig.ident",0
"14","GSE326225_BC1",2,0.6,"specimen_orig_ident","orig.ident",0.00444444444444444
"15","GSE326225_BC1",2,0.6,"specimen_orig_ident","orig.ident",0.00600600600600601
"16","GSE326225_BC1",1,0.6,"specimen_orig_ident","orig.ident",0.00364963503649635
"0","GSE326225_BC2",0,0.6,"specimen_orig_ident","orig.ident",0
"1","GSE326225_BC2",7,0.6,"specimen_orig_ident","orig.ident",0.000850856934484016
"2","GSE326225_BC2",0,0.6,"specimen_orig_ident","orig.ident",0
"3","GSE326225_BC2",0,0.6,"specimen_orig_ident","orig.ident",0
"4","GSE326225_BC2",0,0.6,"specimen_orig_ident","orig.ident",0
"5","GSE326225_BC2",0,0.6,"specimen_orig_ident","orig.ident",0
"6","GSE326225_BC2",0,0.6,"specimen_orig_ident","orig.ident",0
"7","GSE326225_BC2",4,0.6,"specimen_orig_ident","orig.ident",0.00223588596981554
"8","GSE326225_BC2",0,0.6,"specimen_orig_ident","orig.ident",0
"9","GSE326225_BC2",0,0.6,"specimen_orig_ident","orig.ident",0
"10","GSE326225_BC2",1,0.6,"specimen_orig_ident","orig.ident",0.00106951871657754
"11","GSE326225_BC2",0,0.6,"specimen_orig_ident","orig.ident",0
"12","GSE326225_BC2",0,0.6,"specimen_orig_ident","orig.ident",0
"13","GSE326225_BC2",0,0.6,"specimen_orig_ident","orig.ident",0
"14","GSE326225_BC2",0,0.6,"specimen_orig_ident","orig.ident",0
"15","GSE326225_BC2",0,0.6,"specimen_orig_ident","orig.ident",0
"16","GSE326225_BC2",1,0.6,"specimen_orig_ident","orig.ident",0.00364963503649635
"0","GSE326225_BC3",1,0.6,"specimen_orig_ident","orig.ident",0.000118638035354135
"1","GSE326225_BC3",70,0.6,"specimen_orig_ident","orig.ident",0.00850856934484016
"2","GSE326225_BC3",8,0.6,"specimen_orig_ident","orig.ident",0.00187925769321118
"3","GSE326225_BC3",15,0.6,"specimen_orig_ident","orig.ident",0.00470072077718584
"4","GSE326225_BC3",0,0.6,"specimen_orig_ident","orig.ident",0
"5","GSE326225_BC3",0,0.6,"specimen_orig_ident","orig.ident",0
"6","GSE326225_BC3",6,0.6,"specimen_orig_ident","orig.ident",0.0025706940874036
"7","GSE326225_BC3",18,0.6,"specimen_orig_ident","orig.ident",0.0100614868641699
"8","GSE326225_BC3",2,0.6,"specimen_orig_ident","orig.ident",0.00112930547713156
"9","GSE326225_BC3",3,0.6,"specimen_orig_ident","orig.ident",0.00297619047619048
"10","GSE326225_BC3",16,0.6,"specimen_orig_ident","orig.ident",0.0171122994652406
"11","GSE326225_BC3",6,0.6,"specimen_orig_ident","orig.ident",0.00714285714285714
"12","GSE326225_BC3",2,0.6,"specimen_orig_ident","orig.ident",0.00262123197903014
"13","GSE326225_BC3",4,0.6,"specimen_orig_ident","orig.ident",0.00547195622435021
"14","GSE326225_BC3",1,0.6,"specimen_orig_ident","orig.ident",0.00222222222222222
"15","GSE326225_BC3",0,0.6,"specimen_orig_ident","orig.ident",0
"16","GSE326225_BC3",2,0.6,"specimen_orig_ident","orig.ident",0.0072992700729927
"0","GSE326225_BC4",7,0.6,"specimen_orig_ident","orig.ident",0.000830466247478942
"1","GSE326225_BC4",93,0.6,"specimen_orig_ident","orig.ident",0.0113042421295734
"2","GSE326225_BC4",36,0.6,"specimen_orig_ident","orig.ident",0.00845665961945032
"3","GSE326225_BC4",8,0.6,"specimen_orig_ident","orig.ident",0.00250705108116578
"4","GSE326225_BC4",13,0.6,"specimen_orig_ident","orig.ident",0.00477941176470588
"5","GSE326225_BC4",52,0.6,"specimen_orig_ident","orig.ident",0.0222127296027339
"6","GSE326225_BC4",6,0.6,"specimen_orig_ident","orig.ident",0.0025706940874036
"7","GSE326225_BC4",37,0.6,"specimen_orig_ident","orig.ident",0.0206819452207937
"8","GSE326225_BC4",0,0.6,"specimen_orig_ident","orig.ident",0
"9","GSE326225_BC4",3,0.6,"specimen_orig_ident","orig.ident",0.00297619047619048
"10","GSE326225_BC4",35,0.6,"specimen_orig_ident","orig.ident",0.0374331550802139
"11","GSE326225_BC4",10,0.6,"specimen_orig_ident","orig.ident",0.0119047619047619
"12","GSE326225_BC4",1,0.6,"specimen_orig_ident","orig.ident",0.00131061598951507
"13","GSE326225_BC4",17,0.6,"specimen_orig_ident","orig.ident",0.0232558139534884
"14","GSE326225_BC4",5,0.6,"specimen_orig_ident","orig.ident",0.0111111111111111
"15","GSE326225_BC4",12,0.6,"specimen_orig_ident","orig.ident",0.036036036036036
"16","GSE326225_BC4",4,0.6,"specimen_orig_ident","orig.ident",0.0145985401459854
"0","GSE326225_BC5",0,0.6,"specimen_orig_ident","orig.ident",0
"1","GSE326225_BC5",19,0.6,"specimen_orig_ident","orig.ident",0.0023094688221709
"2","GSE326225_BC5",5,0.6,"specimen_orig_ident","orig.ident",0.00117453605825699
"3","GSE326225_BC5",0,0.6,"specimen_orig_ident","orig.ident",0
"4","GSE326225_BC5",0,0.6,"specimen_orig_ident","orig.ident",0
"5","GSE326225_BC5",13,0.6,"specimen_orig_ident","orig.ident",0.00555318240068347
"6","GSE326225_BC5",1,0.6,"specimen_orig_ident","orig.ident",0.000428449014567267
"7","GSE326225_BC5",17,0.6,"specimen_orig_ident","orig.ident",0.00950251537171604
"8","GSE326225_BC5",0,0.6,"specimen_orig_ident","orig.ident",0
"9","GSE326225_BC5",0,0.6,"specimen_orig_ident","orig.ident",0
"10","GSE326225_BC5",6,0.6,"specimen_orig_ident","orig.ident",0.00641711229946524
"11","GSE326225_BC5",18,0.6,"specimen_orig_ident","orig.ident",0.0214285714285714
"12","GSE326225_BC5",0,0.6,"specimen_orig_ident","orig.ident",0
"13","GSE326225_BC5",2,0.6,"specimen_orig_ident","orig.ident",0.0027359781121751
"14","GSE326225_BC5",0,0.6,"specimen_orig_ident","orig.ident",0
"15","GSE326225_BC5",3,0.6,"specimen_orig_ident","orig.ident",0.00900900900900901
"16","GSE326225_BC5",1,0.6,"specimen_orig_ident","orig.ident",0.00364963503649635
"0","GSE326225_BC6",47,0.6,"specimen_orig_ident","orig.ident",0.00557598766164432
"1","GSE326225_BC6",158,0.6,"specimen_orig_ident","orig.ident",0.0192050565212106
"2","GSE326225_BC6",102,0.6,"specimen_orig_ident","orig.ident",0.0239605355884426
"3","GSE326225_BC6",45,0.6,"specimen_orig_ident","orig.ident",0.0141021623315575
"4","GSE326225_BC6",10,0.6,"specimen_orig_ident","orig.ident",0.00367647058823529
"5","GSE326225_BC6",17,0.6,"specimen_orig_ident","orig.ident",0.00726185390858607
"6","GSE326225_BC6",32,0.6,"specimen_orig_ident","orig.ident",0.0137103684661525
"7","GSE326225_BC6",14,0.6,"specimen_orig_ident","orig.ident",0.00782560089435439
"8","GSE326225_BC6",13,0.6,"specimen_orig_ident","orig.ident",0.00734048560135517
"9","GSE326225_BC6",16,0.6,"specimen_orig_ident","orig.ident",0.0158730158730159
"10","GSE326225_BC6",30,0.6,"specimen_orig_ident","orig.ident",0.0320855614973262
"11","GSE326225_BC6",8,0.6,"specimen_orig_ident","orig.ident",0.00952380952380952
"12","GSE326225_BC6",10,0.6,"specimen_orig_ident","orig.ident",0.0131061598951507
"13","GSE326225_BC6",15,0.6,"specimen_orig_ident","orig.ident",0.0205198358413133
"14","GSE326225_BC6",5,0.6,"specimen_orig_ident","orig.ident",0.0111111111111111
"15","GSE326225_BC6",1,0.6,"specimen_orig_ident","orig.ident",0.003003003003003
"16","GSE326225_BC6",16,0.6,"specimen_orig_ident","orig.ident",0.0583941605839416
"0","GSE326225_BC7",4,0.6,"specimen_orig_ident","orig.ident",0.000474552141416538
"1","GSE326225_BC7",23,0.6,"specimen_orig_ident","orig.ident",0.0027956727847332
"2","GSE326225_BC7",8,0.6,"specimen_orig_ident","orig.ident",0.00187925769321118
"3","GSE326225_BC7",9,0.6,"specimen_orig_ident","orig.ident",0.0028204324663115
"4","GSE326225_BC7",4,0.6,"specimen_orig_ident","orig.ident",0.00147058823529412
"5","GSE326225_BC7",2,0.6,"specimen_orig_ident","orig.ident",0.000854335753951303
"6","GSE326225_BC7",0,0.6,"specimen_orig_ident","orig.ident",0
"7","GSE326225_BC7",1,0.6,"specimen_orig_ident","orig.ident",0.000558971492453885
"8","GSE326225_BC7",0,0.6,"specimen_orig_ident","orig.ident",0
"9","GSE326225_BC7",0,0.6,"specimen_orig_ident","orig.ident",0
"10","GSE326225_BC7",4,0.6,"specimen_orig_ident","orig.ident",0.00427807486631016
"11","GSE326225_BC7",0,0.6,"specimen_orig_ident","orig.ident",0
"12","GSE326225_BC7",1,0.6,"specimen_orig_ident","orig.ident",0.00131061598951507
"13","GSE326225_BC7",0,0.6,"specimen_orig_ident","orig.ident",0
"14","GSE326225_BC7",5,0.6,"specimen_orig_ident","orig.ident",0.0111111111111111
"15","GSE326225_BC7",1,0.6,"specimen_orig_ident","orig.ident",0.003003003003003
"16","GSE326225_BC7",1,0.6,"specimen_orig_ident","orig.ident",0.00364963503649635
"0","GSE326225_BC8",1,0.6,"specimen_orig_ident","orig.ident",0.000118638035354135
"1","GSE326225_BC8",12,0.6,"specimen_orig_ident","orig.ident",0.00145861188768688
"2","GSE326225_BC8",5,0.6,"specimen_orig_ident","orig.ident",0.00117453605825699
"3","GSE326225_BC8",8,0.6,"specimen_orig_ident","orig.ident",0.00250705108116578
"4","GSE326225_BC8",1,0.6,"specimen_orig_ident","orig.ident",0.000367647058823529
"5","GSE326225_BC8",0,0.6,"specimen_orig_ident","orig.ident",0
"6","GSE326225_BC8",0,0.6,"specimen_orig_ident","orig.ident",0
"7","GSE326225_BC8",1,0.6,"specimen_orig_ident","orig.ident",0.000558971492453885
"8","GSE326225_BC8",0,0.6,"specimen_orig_ident","orig.ident",0
"9","GSE326225_BC8",8,0.6,"specimen_orig_ident","orig.ident",0.00793650793650794
"10","GSE326225_BC8",3,0.6,"specimen_orig_ident","orig.ident",0.00320855614973262
"11","GSE326225_BC8",0,0.6,"specimen_orig_ident","orig.ident",0
"12","GSE326225_BC8",0,0.6,"specimen_orig_ident","orig.ident",0
"13","GSE326225_BC8",0,0.6,"specimen_orig_ident","orig.ident",0
"14","GSE326225_BC8",3,0.6,"specimen_orig_ident","orig.ident",0.00666666666666667
"15","GSE326225_BC8",0,0.6,"specimen_orig_ident","orig.ident",0
"16","GSE326225_BC8",1,0.6,"specimen_orig_ident","orig.ident",0.00364963503649635
"0","HRA003620_BC-01",18,0.6,"specimen_orig_ident","orig.ident",0.00213548463637442
"1","HRA003620_BC-01",51,0.6,"specimen_orig_ident","orig.ident",0.00619910052266926
"2","HRA003620_BC-01",43,0.6,"specimen_orig_ident","orig.ident",0.0101010101010101
"3","HRA003620_BC-01",37,0.6,"specimen_orig_ident","orig.ident",0.0115951112503917
"4","HRA003620_BC-01",2,0.6,"specimen_orig_ident","orig.ident",0.000735294117647059
"5","HRA003620_BC-01",11,0.6,"specimen_orig_ident","orig.ident",0.00469884664673217
"6","HRA003620_BC-01",21,0.6,"specimen_orig_ident","orig.ident",0.0089974293059126
"7","HRA003620_BC-01",0,0.6,"specimen_orig_ident","orig.ident",0
"8","HRA003620_BC-01",0,0.6,"specimen_orig_ident","orig.ident",0
"9","HRA003620_BC-01",13,0.6,"specimen_orig_ident","orig.ident",0.0128968253968254
"10","HRA003620_BC-01",5,0.6,"specimen_orig_ident","orig.ident",0.0053475935828877
"11","HRA003620_BC-01",3,0.6,"specimen_orig_ident","orig.ident",0.00357142857142857
"12","HRA003620_BC-01",7,0.6,"specimen_orig_ident","orig.ident",0.00917431192660551
"13","HRA003620_BC-01",6,0.6,"specimen_orig_ident","orig.ident",0.00820793433652531
"14","HRA003620_BC-01",10,0.6,"specimen_orig_ident","orig.ident",0.0222222222222222
"15","HRA003620_BC-01",0,0.6,"specimen_orig_ident","orig.ident",0
"16","HRA003620_BC-01",2,0.6,"specimen_orig_ident","orig.ident",0.0072992700729927
"0","HRA003620_BC-04",182,0.6,"specimen_orig_ident","orig.ident",0.0215921224344525
"1","HRA003620_BC-04",332,0.6,"specimen_orig_ident","orig.ident",0.0403549288926705
"2","HRA003620_BC-04",77,0.6,"specimen_orig_ident","orig.ident",0.0180878552971576
"3","HRA003620_BC-04",31,0.6,"specimen_orig_ident","orig.ident",0.00971482293951739
"4","HRA003620_BC-04",11,0.6,"specimen_orig_ident","orig.ident",0.00404411764705882
"5","HRA003620_BC-04",7,0.6,"specimen_orig_ident","orig.ident",0.00299017513882956
"6","HRA003620_BC-04",68,0.6,"specimen_orig_ident","orig.ident",0.0291345329905741
"7","HRA003620_BC-04",6,0.6,"specimen_orig_ident","orig.ident",0.00335382895472331
"8","HRA003620_BC-04",0,0.6,"specimen_orig_ident","orig.ident",0
"9","HRA003620_BC-04",6,0.6,"specimen_orig_ident","orig.ident",0.00595238095238095
"10","HRA003620_BC-04",15,0.6,"specimen_orig_ident","orig.ident",0.0160427807486631
"11","HRA003620_BC-04",77,0.6,"specimen_orig_ident","orig.ident",0.0916666666666667
"12","HRA003620_BC-04",7,0.6,"specimen_orig_ident","orig.ident",0.00917431192660551
"13","HRA003620_BC-04",5,0.6,"specimen_orig_ident","orig.ident",0.00683994528043776
"14","HRA003620_BC-04",0,0.6,"specimen_orig_ident","orig.ident",0
"15","HRA003620_BC-04",0,0.6,"specimen_orig_ident","orig.ident",0
"16","HRA003620_BC-04",7,0.6,"specimen_orig_ident","orig.ident",0.0255474452554745
"0","HRA003620_BC-05",102,0.6,"specimen_orig_ident","orig.ident",0.0121010796061217
"1","HRA003620_BC-05",70,0.6,"specimen_orig_ident","orig.ident",0.00850856934484016
"2","HRA003620_BC-05",111,0.6,"specimen_orig_ident","orig.ident",0.0260747004933051
"3","HRA003620_BC-05",61,0.6,"specimen_orig_ident","orig.ident",0.0191162644938891
"4","HRA003620_BC-05",6,0.6,"specimen_orig_ident","orig.ident",0.00220588235294118
"5","HRA003620_BC-05",18,0.6,"specimen_orig_ident","orig.ident",0.00768902178556173
"6","HRA003620_BC-05",47,0.6,"specimen_orig_ident","orig.ident",0.0201371036846615
"7","HRA003620_BC-05",8,0.6,"specimen_orig_ident","orig.ident",0.00447177193963108
"8","HRA003620_BC-05",0,0.6,"specimen_orig_ident","orig.ident",0
"9","HRA003620_BC-05",31,0.6,"specimen_orig_ident","orig.ident",0.0307539682539683
"10","HRA003620_BC-05",11,0.6,"specimen_orig_ident","orig.ident",0.0117647058823529
"11","HRA003620_BC-05",5,0.6,"specimen_orig_ident","orig.ident",0.00595238095238095
"12","HRA003620_BC-05",15,0.6,"specimen_orig_ident","orig.ident",0.0196592398427261
"13","HRA003620_BC-05",10,0.6,"specimen_orig_ident","orig.ident",0.0136798905608755
"14","HRA003620_BC-05",15,0.6,"specimen_orig_ident","orig.ident",0.0333333333333333
"15","HRA003620_BC-05",2,0.6,"specimen_orig_ident","orig.ident",0.00600600600600601
"16","HRA003620_BC-05",4,0.6,"specimen_orig_ident","orig.ident",0.0145985401459854
"0","HRA003620_BC-11",71,0.6,"specimen_orig_ident","orig.ident",0.00842330051014355
"1","HRA003620_BC-11",85,0.6,"specimen_orig_ident","orig.ident",0.0103318342044488
"2","HRA003620_BC-11",161,0.6,"specimen_orig_ident","orig.ident",0.037820061075875
"3","HRA003620_BC-11",40,0.6,"specimen_orig_ident","orig.ident",0.0125352554058289
"4","HRA003620_BC-11",13,0.6,"specimen_orig_ident","orig.ident",0.00477941176470588
"5","HRA003620_BC-11",47,0.6,"specimen_orig_ident","orig.ident",0.0200768902178556
"6","HRA003620_BC-11",83,0.6,"specimen_orig_ident","orig.ident",0.0355612682090831
"7","HRA003620_BC-11",7,0.6,"specimen_orig_ident","orig.ident",0.00391280044717719
"8","HRA003620_BC-11",0,0.6,"specimen_orig_ident","orig.ident",0
"9","HRA003620_BC-11",26,0.6,"specimen_orig_ident","orig.ident",0.0257936507936508
"10","HRA003620_BC-11",11,0.6,"specimen_orig_ident","orig.ident",0.0117647058823529
"11","HRA003620_BC-11",10,0.6,"specimen_orig_ident","orig.ident",0.0119047619047619
"12","HRA003620_BC-11",19,0.6,"specimen_orig_ident","orig.ident",0.0249017038007864
"13","HRA003620_BC-11",16,0.6,"specimen_orig_ident","orig.ident",0.0218878248974008
"14","HRA003620_BC-11",4,0.6,"specimen_orig_ident","orig.ident",0.00888888888888889
"15","HRA003620_BC-11",3,0.6,"specimen_orig_ident","orig.ident",0.00900900900900901
"16","HRA003620_BC-11",6,0.6,"specimen_orig_ident","orig.ident",0.0218978102189781
"0","HRA003620_BC-24",58,0.6,"specimen_orig_ident","orig.ident",0.0068810060505398
"1","HRA003620_BC-24",174,0.6,"specimen_orig_ident","orig.ident",0.0211498723714598
"2","HRA003620_BC-24",92,0.6,"specimen_orig_ident","orig.ident",0.0216114634719286
"3","HRA003620_BC-24",13,0.6,"specimen_orig_ident","orig.ident",0.00407395800689439
"4","HRA003620_BC-24",9,0.6,"specimen_orig_ident","orig.ident",0.00330882352941176
"5","HRA003620_BC-24",42,0.6,"specimen_orig_ident","orig.ident",0.0179410508329774
"6","HRA003620_BC-24",40,0.6,"specimen_orig_ident","orig.ident",0.0171379605826907
"7","HRA003620_BC-24",21,0.6,"specimen_orig_ident","orig.ident",0.0117384013415316
"8","HRA003620_BC-24",0,0.6,"specimen_orig_ident","orig.ident",0
"9","HRA003620_BC-24",1,0.6,"specimen_orig_ident","orig.ident",0.000992063492063492
"10","HRA003620_BC-24",9,0.6,"specimen_orig_ident","orig.ident",0.00962566844919786
"11","HRA003620_BC-24",9,0.6,"specimen_orig_ident","orig.ident",0.0107142857142857
"12","HRA003620_BC-24",3,0.6,"specimen_orig_ident","orig.ident",0.00393184796854522
"13","HRA003620_BC-24",3,0.6,"specimen_orig_ident","orig.ident",0.00410396716826265
"14","HRA003620_BC-24",0,0.6,"specimen_orig_ident","orig.ident",0
"15","HRA003620_BC-24",4,0.6,"specimen_orig_ident","orig.ident",0.012012012012012
"16","HRA003620_BC-24",4,0.6,"specimen_orig_ident","orig.ident",0.0145985401459854
"0","HRA003620_BC-27",36,0.6,"specimen_orig_ident","orig.ident",0.00427096927274884
"1","HRA003620_BC-27",92,0.6,"specimen_orig_ident","orig.ident",0.0111826911389328
"2","HRA003620_BC-27",60,0.6,"specimen_orig_ident","orig.ident",0.0140944326990839
"3","HRA003620_BC-27",44,0.6,"specimen_orig_ident","orig.ident",0.0137887809464118
"4","HRA003620_BC-27",2,0.6,"specimen_orig_ident","orig.ident",0.000735294117647059
"5","HRA003620_BC-27",10,0.6,"specimen_orig_ident","orig.ident",0.00427167876975651
"6","HRA003620_BC-27",31,0.6,"specimen_orig_ident","orig.ident",0.0132819194515853
"7","HRA003620_BC-27",1,0.6,"specimen_orig_ident","orig.ident",0.000558971492453885
"8","HRA003620_BC-27",0,0.6,"specimen_orig_ident","orig.ident",0
"9","HRA003620_BC-27",5,0.6,"specimen_orig_ident","orig.ident",0.00496031746031746
"10","HRA003620_BC-27",3,0.6,"specimen_orig_ident","orig.ident",0.00320855614973262
"11","HRA003620_BC-27",6,0.6,"specimen_orig_ident","orig.ident",0.00714285714285714
"12","HRA003620_BC-27",3,0.6,"specimen_orig_ident","orig.ident",0.00393184796854522
"13","HRA003620_BC-27",3,0.6,"specimen_orig_ident","orig.ident",0.00410396716826265
"14","HRA003620_BC-27",2,0.6,"specimen_orig_ident","orig.ident",0.00444444444444444
"15","HRA003620_BC-27",3,0.6,"specimen_orig_ident","orig.ident",0.00900900900900901
"16","HRA003620_BC-27",7,0.6,"specimen_orig_ident","orig.ident",0.0255474452554745
"0","HRA003620_BC-30",173,0.6,"specimen_orig_ident","orig.ident",0.0205243801162653
"1","HRA003620_BC-30",599,0.6,"specimen_orig_ident","orig.ident",0.0728090433937037
"2","HRA003620_BC-30",307,0.6,"specimen_orig_ident","orig.ident",0.0721165139769791
"3","HRA003620_BC-30",159,0.6,"specimen_orig_ident","orig.ident",0.0498276402381699
"4","HRA003620_BC-30",45,0.6,"specimen_orig_ident","orig.ident",0.0165441176470588
"5","HRA003620_BC-30",25,0.6,"specimen_orig_ident","orig.ident",0.0106791969243913
"6","HRA003620_BC-30",173,0.6,"specimen_orig_ident","orig.ident",0.0741216795201371
"7","HRA003620_BC-30",5,0.6,"specimen_orig_ident","orig.ident",0.00279485746226942
"8","HRA003620_BC-30",0,0.6,"specimen_orig_ident","orig.ident",0
"9","HRA003620_BC-30",25,0.6,"specimen_orig_ident","orig.ident",0.0248015873015873
"10","HRA003620_BC-30",56,0.6,"specimen_orig_ident","orig.ident",0.0598930481283422
"11","HRA003620_BC-30",56,0.6,"specimen_orig_ident","orig.ident",0.0666666666666667
"12","HRA003620_BC-30",23,0.6,"specimen_orig_ident","orig.ident",0.0301441677588467
"13","HRA003620_BC-30",55,0.6,"specimen_orig_ident","orig.ident",0.0752393980848153
"14","HRA003620_BC-30",1,0.6,"specimen_orig_ident","orig.ident",0.00222222222222222
"15","HRA003620_BC-30",4,0.6,"specimen_orig_ident","orig.ident",0.012012012012012
"16","HRA003620_BC-30",34,0.6,"specimen_orig_ident","orig.ident",0.124087591240876
"0","HRA003620_NC-01",470,0.6,"specimen_orig_ident","orig.ident",0.0557598766164432
"1","HRA003620_NC-01",26,0.6,"specimen_orig_ident","orig.ident",0.00316032575665492
"2","HRA003620_NC-01",187,0.6,"specimen_orig_ident","orig.ident",0.0439276485788114
"3","HRA003620_NC-01",106,0.6,"specimen_orig_ident","orig.ident",0.0332184268254466
"4","HRA003620_NC-01",17,0.6,"specimen_orig_ident","orig.ident",0.00625
"5","HRA003620_NC-01",17,0.6,"specimen_orig_ident","orig.ident",0.00726185390858607
"6","HRA003620_NC-01",16,0.6,"specimen_orig_ident","orig.ident",0.00685518423307626
"7","HRA003620_NC-01",0,0.6,"specimen_orig_ident","orig.ident",0
"8","HRA003620_NC-01",0,0.6,"specimen_orig_ident","orig.ident",0
"9","HRA003620_NC-01",55,0.6,"specimen_orig_ident","orig.ident",0.0545634920634921
"10","HRA003620_NC-01",7,0.6,"specimen_orig_ident","orig.ident",0.00748663101604278
"11","HRA003620_NC-01",0,0.6,"specimen_orig_ident","orig.ident",0
"12","HRA003620_NC-01",15,0.6,"specimen_orig_ident","orig.ident",0.0196592398427261
"13","HRA003620_NC-01",11,0.6,"specimen_orig_ident","orig.ident",0.0150478796169631
"14","HRA003620_NC-01",11,0.6,"specimen_orig_ident","orig.ident",0.0244444444444444
"15","HRA003620_NC-01",1,0.6,"specimen_orig_ident","orig.ident",0.003003003003003
"16","HRA003620_NC-01",2,0.6,"specimen_orig_ident","orig.ident",0.0072992700729927
"0","HRA003620_NC-04",1546,0.6,"specimen_orig_ident","orig.ident",0.183414402657492
"1","HRA003620_NC-04",22,0.6,"specimen_orig_ident","orig.ident",0.00267412179409262
"2","HRA003620_NC-04",374,0.6,"specimen_orig_ident","orig.ident",0.0878552971576227
"3","HRA003620_NC-04",44,0.6,"specimen_orig_ident","orig.ident",0.0137887809464118
"4","HRA003620_NC-04",125,0.6,"specimen_orig_ident","orig.ident",0.0459558823529412
"5","HRA003620_NC-04",53,0.6,"specimen_orig_ident","orig.ident",0.0226398974797095
"6","HRA003620_NC-04",58,0.6,"specimen_orig_ident","orig.ident",0.0248500428449015
"7","HRA003620_NC-04",88,0.6,"specimen_orig_ident","orig.ident",0.0491894913359419
"8","HRA003620_NC-04",0,0.6,"specimen_orig_ident","orig.ident",0
"9","HRA003620_NC-04",7,0.6,"specimen_orig_ident","orig.ident",0.00694444444444444
"10","HRA003620_NC-04",3,0.6,"specimen_orig_ident","orig.ident",0.00320855614973262
"11","HRA003620_NC-04",0,0.6,"specimen_orig_ident","orig.ident",0
"12","HRA003620_NC-04",10,0.6,"specimen_orig_ident","orig.ident",0.0131061598951507
"13","HRA003620_NC-04",40,0.6,"specimen_orig_ident","orig.ident",0.0547195622435021
"14","HRA003620_NC-04",2,0.6,"specimen_orig_ident","orig.ident",0.00444444444444444
"15","HRA003620_NC-04",0,0.6,"specimen_orig_ident","orig.ident",0
"16","HRA003620_NC-04",5,0.6,"specimen_orig_ident","orig.ident",0.0182481751824818
"0","HRA003620_NC-05",660,0.6,"specimen_orig_ident","orig.ident",0.0783011033337288
"1","HRA003620_NC-05",276,0.6,"specimen_orig_ident","orig.ident",0.0335480734167983
"2","HRA003620_NC-05",373,0.6,"specimen_orig_ident","orig.ident",0.0876203899459713
"3","HRA003620_NC-05",234,0.6,"specimen_orig_ident","orig.ident",0.073331244124099
"4","HRA003620_NC-05",18,0.6,"specimen_orig_ident","orig.ident",0.00661764705882353
"5","HRA003620_NC-05",55,0.6,"specimen_orig_ident","orig.ident",0.0234942332336608
"6","HRA003620_NC-05",173,0.6,"specimen_orig_ident","orig.ident",0.0741216795201371
"7","HRA003620_NC-05",12,0.6,"specimen_orig_ident","orig.ident",0.00670765790944662
"8","HRA003620_NC-05",0,0.6,"specimen_orig_ident","orig.ident",0
"9","HRA003620_NC-05",36,0.6,"specimen_orig_ident","orig.ident",0.0357142857142857
"10","HRA003620_NC-05",17,0.6,"specimen_orig_ident","orig.ident",0.0181818181818182
"11","HRA003620_NC-05",64,0.6,"specimen_orig_ident","orig.ident",0.0761904761904762
"12","HRA003620_NC-05",49,0.6,"specimen_orig_ident","orig.ident",0.0642201834862385
"13","HRA003620_NC-05",39,0.6,"specimen_orig_ident","orig.ident",0.0533515731874145
"14","HRA003620_NC-05",38,0.6,"specimen_orig_ident","orig.ident",0.0844444444444444
"15","HRA003620_NC-05",8,0.6,"specimen_orig_ident","orig.ident",0.024024024024024
"16","HRA003620_NC-05",12,0.6,"specimen_orig_ident","orig.ident",0.0437956204379562
"0","HRA003620_NC-11",409,0.6,"specimen_orig_ident","orig.ident",0.048522956459841
"1","HRA003620_NC-11",35,0.6,"specimen_orig_ident","orig.ident",0.00425428467242008
"2","HRA003620_NC-11",208,0.6,"specimen_orig_ident","orig.ident",0.0488607000234907
"3","HRA003620_NC-11",84,0.6,"specimen_orig_ident","orig.ident",0.0263240363522407
"4","HRA003620_NC-11",18,0.6,"specimen_orig_ident","orig.ident",0.00661764705882353
"5","HRA003620_NC-11",23,0.6,"specimen_orig_ident","orig.ident",0.00982486117043998
"6","HRA003620_NC-11",49,0.6,"specimen_orig_ident","orig.ident",0.0209940017137961
"7","HRA003620_NC-11",1,0.6,"specimen_orig_ident","orig.ident",0.000558971492453885
"8","HRA003620_NC-11",0,0.6,"specimen_orig_ident","orig.ident",0
"9","HRA003620_NC-11",37,0.6,"specimen_orig_ident","orig.ident",0.0367063492063492
"10","HRA003620_NC-11",1,0.6,"specimen_orig_ident","orig.ident",0.00106951871657754
"11","HRA003620_NC-11",1,0.6,"specimen_orig_ident","orig.ident",0.00119047619047619
"12","HRA003620_NC-11",70,0.6,"specimen_orig_ident","orig.ident",0.0917431192660551
"13","HRA003620_NC-11",39,0.6,"specimen_orig_ident","orig.ident",0.0533515731874145
"14","HRA003620_NC-11",12,0.6,"specimen_orig_ident","orig.ident",0.0266666666666667
"15","HRA003620_NC-11",13,0.6,"specimen_orig_ident","orig.ident",0.039039039039039
"16","HRA003620_NC-11",1,0.6,"specimen_orig_ident","orig.ident",0.00364963503649635
"0","HRA003620_NC-24",67,0.6,"specimen_orig_ident","orig.ident",0.00794874836872701
"1","HRA003620_NC-24",153,0.6,"specimen_orig_ident","orig.ident",0.0185973015680078
"2","HRA003620_NC-24",35,0.6,"specimen_orig_ident","orig.ident",0.00822175240779892
"3","HRA003620_NC-24",69,0.6,"specimen_orig_ident","orig.ident",0.0216233155750548
"4","HRA003620_NC-24",1,0.6,"specimen_orig_ident","orig.ident",0.000367647058823529
"5","HRA003620_NC-24",48,0.6,"specimen_orig_ident","orig.ident",0.0205040580948313
"6","HRA003620_NC-24",86,0.6,"specimen_orig_ident","orig.ident",0.0368466152527849
"7","HRA003620_NC-24",11,0.6,"specimen_orig_ident","orig.ident",0.00614868641699273
"8","HRA003620_NC-24",0,0.6,"specimen_orig_ident","orig.ident",0
"9","HRA003620_NC-24",2,0.6,"specimen_orig_ident","orig.ident",0.00198412698412698
"10","HRA003620_NC-24",7,0.6,"specimen_orig_ident","orig.ident",0.00748663101604278
"11","HRA003620_NC-24",0,0.6,"specimen_orig_ident","orig.ident",0
"12","HRA003620_NC-24",6,0.6,"specimen_orig_ident","orig.ident",0.00786369593709043
"13","HRA003620_NC-24",3,0.6,"specimen_orig_ident","orig.ident",0.00410396716826265
"14","HRA003620_NC-24",0,0.6,"specimen_orig_ident","orig.ident",0
"15","HRA003620_NC-24",1,0.6,"specimen_orig_ident","orig.ident",0.003003003003003
"16","HRA003620_NC-24",2,0.6,"specimen_orig_ident","orig.ident",0.0072992700729927
"0","HRA003620_NC-27",106,0.6,"specimen_orig_ident","orig.ident",0.0125756317475383
"1","HRA003620_NC-27",135,0.6,"specimen_orig_ident","orig.ident",0.0164093837364775
"2","HRA003620_NC-27",58,0.6,"specimen_orig_ident","orig.ident",0.0136246182757811
"3","HRA003620_NC-27",32,0.6,"specimen_orig_ident","orig.ident",0.0100282043246631
"4","HRA003620_NC-27",3,0.6,"specimen_orig_ident","orig.ident",0.00110294117647059
"5","HRA003620_NC-27",26,0.6,"specimen_orig_ident","orig.ident",0.0111063648013669
"6","HRA003620_NC-27",28,0.6,"specimen_orig_ident","orig.ident",0.0119965724078835
"7","HRA003620_NC-27",30,0.6,"specimen_orig_ident","orig.ident",0.0167691447736165
"8","HRA003620_NC-27",0,0.6,"specimen_orig_ident","orig.ident",0
"9","HRA003620_NC-27",1,0.6,"specimen_orig_ident","orig.ident",0.000992063492063492
"10","HRA003620_NC-27",6,0.6,"specimen_orig_ident","orig.ident",0.00641711229946524
"11","HRA003620_NC-27",2,0.6,"specimen_orig_ident","orig.ident",0.00238095238095238
"12","HRA003620_NC-27",5,0.6,"specimen_orig_ident","orig.ident",0.00655307994757536
"13","HRA003620_NC-27",11,0.6,"specimen_orig_ident","orig.ident",0.0150478796169631
"14","HRA003620_NC-27",5,0.6,"specimen_orig_ident","orig.ident",0.0111111111111111
"15","HRA003620_NC-27",1,0.6,"specimen_orig_ident","orig.ident",0.003003003003003
"16","HRA003620_NC-27",3,0.6,"specimen_orig_ident","orig.ident",0.0109489051094891
"0","HRA003620_NC-30",1172,0.6,"specimen_orig_ident","orig.ident",0.139043777435046
"1","HRA003620_NC-30",225,0.6,"specimen_orig_ident","orig.ident",0.0273489728941291
"2","HRA003620_NC-30",589,0.6,"specimen_orig_ident","orig.ident",0.138360347662673
"3","HRA003620_NC-30",271,0.6,"specimen_orig_ident","orig.ident",0.0849263553744908
"4","HRA003620_NC-30",26,0.6,"specimen_orig_ident","orig.ident",0.00955882352941177
"5","HRA003620_NC-30",50,0.6,"specimen_orig_ident","orig.ident",0.0213583938487826
"6","HRA003620_NC-30",165,0.6,"specimen_orig_ident","orig.ident",0.070694087403599
"7","HRA003620_NC-30",3,0.6,"specimen_orig_ident","orig.ident",0.00167691447736165
"8","HRA003620_NC-30",0,0.6,"specimen_orig_ident","orig.ident",0
"9","HRA003620_NC-30",30,0.6,"specimen_orig_ident","orig.ident",0.0297619047619048
"10","HRA003620_NC-30",14,0.6,"specimen_orig_ident","orig.ident",0.0149732620320856
"11","HRA003620_NC-30",2,0.6,"specimen_orig_ident","orig.ident",0.00238095238095238
"12","HRA003620_NC-30",76,0.6,"specimen_orig_ident","orig.ident",0.0996068152031455
"13","HRA003620_NC-30",92,0.6,"specimen_orig_ident","orig.ident",0.125854993160055
"14","HRA003620_NC-30",52,0.6,"specimen_orig_ident","orig.ident",0.115555555555556
"15","HRA003620_NC-30",8,0.6,"specimen_orig_ident","orig.ident",0.024024024024024
"16","HRA003620_NC-30",14,0.6,"specimen_orig_ident","orig.ident",0.0510948905109489
"0","PRJNA662018_PRJNA662018_P1N1",260,0.6,"specimen_orig_ident","orig.ident",0.030845889192075
"1","PRJNA662018_PRJNA662018_P1N1",96,0.6,"specimen_orig_ident","orig.ident",0.0116688951014951
"2","PRJNA662018_PRJNA662018_P1N1",101,0.6,"specimen_orig_ident","orig.ident",0.0237256283767912
"3","PRJNA662018_PRJNA662018_P1N1",63,0.6,"specimen_orig_ident","orig.ident",0.0197430272641805
"4","PRJNA662018_PRJNA662018_P1N1",61,0.6,"specimen_orig_ident","orig.ident",0.0224264705882353
"5","PRJNA662018_PRJNA662018_P1N1",39,0.6,"specimen_orig_ident","orig.ident",0.0166595472020504
"6","PRJNA662018_PRJNA662018_P1N1",40,0.6,"specimen_orig_ident","orig.ident",0.0171379605826907
"7","PRJNA662018_PRJNA662018_P1N1",12,0.6,"specimen_orig_ident","orig.ident",0.00670765790944662
"8","PRJNA662018_PRJNA662018_P1N1",0,0.6,"specimen_orig_ident","orig.ident",0
"9","PRJNA662018_PRJNA662018_P1N1",8,0.6,"specimen_orig_ident","orig.ident",0.00793650793650794
"10","PRJNA662018_PRJNA662018_P1N1",14,0.6,"specimen_orig_ident","orig.ident",0.0149732620320856
"11","PRJNA662018_PRJNA662018_P1N1",7,0.6,"specimen_orig_ident","orig.ident",0.00833333333333333
"12","PRJNA662018_PRJNA662018_P1N1",19,0.6,"specimen_orig_ident","orig.ident",0.0249017038007864
"13","PRJNA662018_PRJNA662018_P1N1",9,0.6,"specimen_orig_ident","orig.ident",0.012311901504788
"14","PRJNA662018_PRJNA662018_P1N1",8,0.6,"specimen_orig_ident","orig.ident",0.0177777777777778
"15","PRJNA662018_PRJNA662018_P1N1",42,0.6,"specimen_orig_ident","orig.ident",0.126126126126126
"16","PRJNA662018_PRJNA662018_P1N1",0,0.6,"specimen_orig_ident","orig.ident",0
"0","PRJNA662018_PRJNA662018_P1T1",113,0.6,"specimen_orig_ident","orig.ident",0.0134060979950172
"1","PRJNA662018_PRJNA662018_P1T1",459,0.6,"specimen_orig_ident","orig.ident",0.0557919047040233
"2","PRJNA662018_PRJNA662018_P1T1",73,0.6,"specimen_orig_ident","orig.ident",0.017148226450552
"3","PRJNA662018_PRJNA662018_P1T1",73,0.6,"specimen_orig_ident","orig.ident",0.0228768411156377
"4","PRJNA662018_PRJNA662018_P1T1",18,0.6,"specimen_orig_ident","orig.ident",0.00661764705882353
"5","PRJNA662018_PRJNA662018_P1T1",75,0.6,"specimen_orig_ident","orig.ident",0.0320375907731739
"6","PRJNA662018_PRJNA662018_P1T1",59,0.6,"specimen_orig_ident","orig.ident",0.0252784918594687
"7","PRJNA662018_PRJNA662018_P1T1",41,0.6,"specimen_orig_ident","orig.ident",0.0229178311906093
"8","PRJNA662018_PRJNA662018_P1T1",0,0.6,"specimen_orig_ident","orig.ident",0
"9","PRJNA662018_PRJNA662018_P1T1",15,0.6,"specimen_orig_ident","orig.ident",0.0148809523809524
"10","PRJNA662018_PRJNA662018_P1T1",28,0.6,"specimen_orig_ident","orig.ident",0.0299465240641711
"11","PRJNA662018_PRJNA662018_P1T1",63,0.6,"specimen_orig_ident","orig.ident",0.075
"12","PRJNA662018_PRJNA662018_P1T1",68,0.6,"specimen_orig_ident","orig.ident",0.0891218872870249
"13","PRJNA662018_PRJNA662018_P1T1",15,0.6,"specimen_orig_ident","orig.ident",0.0205198358413133
"14","PRJNA662018_PRJNA662018_P1T1",10,0.6,"specimen_orig_ident","orig.ident",0.0222222222222222
"15","PRJNA662018_PRJNA662018_P1T1",4,0.6,"specimen_orig_ident","orig.ident",0.012012012012012
"16","PRJNA662018_PRJNA662018_P1T1",3,0.6,"specimen_orig_ident","orig.ident",0.0109489051094891
"0","PRJNA662018_PRJNA662018_P2T2",38,0.6,"specimen_orig_ident","orig.ident",0.00450824534345711
"1","PRJNA662018_PRJNA662018_P2T2",66,0.6,"specimen_orig_ident","orig.ident",0.00802236538227787
"2","PRJNA662018_PRJNA662018_P2T2",38,0.6,"specimen_orig_ident","orig.ident",0.00892647404275311
"3","PRJNA662018_PRJNA662018_P2T2",65,0.6,"specimen_orig_ident","orig.ident",0.020369790034472
"4","PRJNA662018_PRJNA662018_P2T2",29,0.6,"specimen_orig_ident","orig.ident",0.0106617647058824
"5","PRJNA662018_PRJNA662018_P2T2",86,0.6,"specimen_orig_ident","orig.ident",0.036736437419906
"6","PRJNA662018_PRJNA662018_P2T2",19,0.6,"specimen_orig_ident","orig.ident",0.00814053127677806
"7","PRJNA662018_PRJNA662018_P2T2",10,0.6,"specimen_orig_ident","orig.ident",0.00558971492453885
"8","PRJNA662018_PRJNA662018_P2T2",0,0.6,"specimen_orig_ident","orig.ident",0
"9","PRJNA662018_PRJNA662018_P2T2",2,0.6,"specimen_orig_ident","orig.ident",0.00198412698412698
"10","PRJNA662018_PRJNA662018_P2T2",11,0.6,"specimen_orig_ident","orig.ident",0.0117647058823529
"11","PRJNA662018_PRJNA662018_P2T2",8,0.6,"specimen_orig_ident","orig.ident",0.00952380952380952
"12","PRJNA662018_PRJNA662018_P2T2",17,0.6,"specimen_orig_ident","orig.ident",0.0222804718217562
"13","PRJNA662018_PRJNA662018_P2T2",3,0.6,"specimen_orig_ident","orig.ident",0.00410396716826265
"14","PRJNA662018_PRJNA662018_P2T2",5,0.6,"specimen_orig_ident","orig.ident",0.0111111111111111
"15","PRJNA662018_PRJNA662018_P2T2",13,0.6,"specimen_orig_ident","orig.ident",0.039039039039039
"16","PRJNA662018_PRJNA662018_P2T2",0,0.6,"specimen_orig_ident","orig.ident",0
"0","PRJNA662018_PRJNA662018_P3N3",20,0.6,"specimen_orig_ident","orig.ident",0.00237276070708269
"1","PRJNA662018_PRJNA662018_P3N3",75,0.6,"specimen_orig_ident","orig.ident",0.00911632429804303
"2","PRJNA662018_PRJNA662018_P3N3",11,0.6,"specimen_orig_ident","orig.ident",0.00258397932816537
"3","PRJNA662018_PRJNA662018_P3N3",38,0.6,"specimen_orig_ident","orig.ident",0.0119084926355374
"4","PRJNA662018_PRJNA662018_P3N3",24,0.6,"specimen_orig_ident","orig.ident",0.00882352941176471
"5","PRJNA662018_PRJNA662018_P3N3",17,0.6,"specimen_orig_ident","orig.ident",0.00726185390858607
"6","PRJNA662018_PRJNA662018_P3N3",15,0.6,"specimen_orig_ident","orig.ident",0.006426735218509
"7","PRJNA662018_PRJNA662018_P3N3",7,0.6,"specimen_orig_ident","orig.ident",0.00391280044717719
"8","PRJNA662018_PRJNA662018_P3N3",0,0.6,"specimen_orig_ident","orig.ident",0
"9","PRJNA662018_PRJNA662018_P3N3",0,0.6,"specimen_orig_ident","orig.ident",0
"10","PRJNA662018_PRJNA662018_P3N3",5,0.6,"specimen_orig_ident","orig.ident",0.0053475935828877
"11","PRJNA662018_PRJNA662018_P3N3",5,0.6,"specimen_orig_ident","orig.ident",0.00595238095238095
"12","PRJNA662018_PRJNA662018_P3N3",5,0.6,"specimen_orig_ident","orig.ident",0.00655307994757536
"13","PRJNA662018_PRJNA662018_P3N3",1,0.6,"specimen_orig_ident","orig.ident",0.00136798905608755
"14","PRJNA662018_PRJNA662018_P3N3",1,0.6,"specimen_orig_ident","orig.ident",0.00222222222222222
"15","PRJNA662018_PRJNA662018_P3N3",1,0.6,"specimen_orig_ident","orig.ident",0.003003003003003
"16","PRJNA662018_PRJNA662018_P3N3",1,0.6,"specimen_orig_ident","orig.ident",0.00364963503649635
"0","PRJNA662018_PRJNA662018_P3T3",7,0.6,"specimen_orig_ident","orig.ident",0.000830466247478942
"1","PRJNA662018_PRJNA662018_P3T3",46,0.6,"specimen_orig_ident","orig.ident",0.00559134556946639
"2","PRJNA662018_PRJNA662018_P3T3",21,0.6,"specimen_orig_ident","orig.ident",0.00493305144467935
"3","PRJNA662018_PRJNA662018_P3T3",20,0.6,"specimen_orig_ident","orig.ident",0.00626762770291445
"4","PRJNA662018_PRJNA662018_P3T3",9,0.6,"specimen_orig_ident","orig.ident",0.00330882352941176
"5","PRJNA662018_PRJNA662018_P3T3",10,0.6,"specimen_orig_ident","orig.ident",0.00427167876975651
"6","PRJNA662018_PRJNA662018_P3T3",10,0.6,"specimen_orig_ident","orig.ident",0.00428449014567267
"7","PRJNA662018_PRJNA662018_P3T3",5,0.6,"specimen_orig_ident","orig.ident",0.00279485746226942
"8","PRJNA662018_PRJNA662018_P3T3",0,0.6,"specimen_orig_ident","orig.ident",0
"9","PRJNA662018_PRJNA662018_P3T3",7,0.6,"specimen_orig_ident","orig.ident",0.00694444444444444
"10","PRJNA662018_PRJNA662018_P3T3",8,0.6,"specimen_orig_ident","orig.ident",0.00855614973262032
"11","PRJNA662018_PRJNA662018_P3T3",7,0.6,"specimen_orig_ident","orig.ident",0.00833333333333333
"12","PRJNA662018_PRJNA662018_P3T3",7,0.6,"specimen_orig_ident","orig.ident",0.00917431192660551
"13","PRJNA662018_PRJNA662018_P3T3",3,0.6,"specimen_orig_ident","orig.ident",0.00410396716826265
"14","PRJNA662018_PRJNA662018_P3T3",5,0.6,"specimen_orig_ident","orig.ident",0.0111111111111111
"15","PRJNA662018_PRJNA662018_P3T3",4,0.6,"specimen_orig_ident","orig.ident",0.012012012012012
"16","PRJNA662018_PRJNA662018_P3T3",1,0.6,"specimen_orig_ident","orig.ident",0.00364963503649635
"0","PRJNA662018_PRJNA662018_P4T4",80,0.6,"specimen_orig_ident","orig.ident",0.00949104282833076
"1","PRJNA662018_PRJNA662018_P4T4",323,0.6,"specimen_orig_ident","orig.ident",0.0392609699769053
"2","PRJNA662018_PRJNA662018_P4T4",62,0.6,"specimen_orig_ident","orig.ident",0.0145642471223867
"3","PRJNA662018_PRJNA662018_P4T4",39,0.6,"specimen_orig_ident","orig.ident",0.0122218740206832
"4","PRJNA662018_PRJNA662018_P4T4",63,0.6,"specimen_orig_ident","orig.ident",0.0231617647058824
"5","PRJNA662018_PRJNA662018_P4T4",99,0.6,"specimen_orig_ident","orig.ident",0.0422896198205895
"6","PRJNA662018_PRJNA662018_P4T4",18,0.6,"specimen_orig_ident","orig.ident",0.0077120822622108
"7","PRJNA662018_PRJNA662018_P4T4",16,0.6,"specimen_orig_ident","orig.ident",0.00894354387926216
"8","PRJNA662018_PRJNA662018_P4T4",0,0.6,"specimen_orig_ident","orig.ident",0
"9","PRJNA662018_PRJNA662018_P4T4",91,0.6,"specimen_orig_ident","orig.ident",0.0902777777777778
"10","PRJNA662018_PRJNA662018_P4T4",44,0.6,"specimen_orig_ident","orig.ident",0.0470588235294118
"11","PRJNA662018_PRJNA662018_P4T4",35,0.6,"specimen_orig_ident","orig.ident",0.0416666666666667
"12","PRJNA662018_PRJNA662018_P4T4",34,0.6,"specimen_orig_ident","orig.ident",0.0445609436435125
"13","PRJNA662018_PRJNA662018_P4T4",16,0.6,"specimen_orig_ident","orig.ident",0.0218878248974008
"14","PRJNA662018_PRJNA662018_P4T4",4,0.6,"specimen_orig_ident","orig.ident",0.00888888888888889
"15","PRJNA662018_PRJNA662018_P4T4",7,0.6,"specimen_orig_ident","orig.ident",0.021021021021021
"16","PRJNA662018_PRJNA662018_P4T4",8,0.6,"specimen_orig_ident","orig.ident",0.0291970802919708
"0","PRJNA662018_PRJNA662018_P5T5",4,0.6,"specimen_orig_ident","orig.ident",0.000474552141416538
"1","PRJNA662018_PRJNA662018_P5T5",62,0.6,"specimen_orig_ident","orig.ident",0.00753616141971557
"2","PRJNA662018_PRJNA662018_P5T5",14,0.6,"specimen_orig_ident","orig.ident",0.00328870096311957
"3","PRJNA662018_PRJNA662018_P5T5",27,0.6,"specimen_orig_ident","orig.ident",0.0084612973989345
"4","PRJNA662018_PRJNA662018_P5T5",7,0.6,"specimen_orig_ident","orig.ident",0.00257352941176471
"5","PRJNA662018_PRJNA662018_P5T5",0,0.6,"specimen_orig_ident","orig.ident",0
"6","PRJNA662018_PRJNA662018_P5T5",7,0.6,"specimen_orig_ident","orig.ident",0.00299914310197087
"7","PRJNA662018_PRJNA662018_P5T5",11,0.6,"specimen_orig_ident","orig.ident",0.00614868641699273
"8","PRJNA662018_PRJNA662018_P5T5",0,0.6,"specimen_orig_ident","orig.ident",0
"9","PRJNA662018_PRJNA662018_P5T5",6,0.6,"specimen_orig_ident","orig.ident",0.00595238095238095
"10","PRJNA662018_PRJNA662018_P5T5",10,0.6,"specimen_orig_ident","orig.ident",0.0106951871657754
"11","PRJNA662018_PRJNA662018_P5T5",25,0.6,"specimen_orig_ident","orig.ident",0.0297619047619048
"12","PRJNA662018_PRJNA662018_P5T5",2,0.6,"specimen_orig_ident","orig.ident",0.00262123197903014
"13","PRJNA662018_PRJNA662018_P5T5",1,0.6,"specimen_orig_ident","orig.ident",0.00136798905608755
"14","PRJNA662018_PRJNA662018_P5T5",0,0.6,"specimen_orig_ident","orig.ident",0
"15","PRJNA662018_PRJNA662018_P5T5",0,0.6,"specimen_orig_ident","orig.ident",0
"16","PRJNA662018_PRJNA662018_P5T5",2,0.6,"specimen_orig_ident","orig.ident",0.0072992700729927
"0","PRJNA662018_PRJNA662018_P6N2",117,0.6,"specimen_orig_ident","orig.ident",0.0138806501364337
"1","PRJNA662018_PRJNA662018_P6N2",83,0.6,"specimen_orig_ident","orig.ident",0.0100887322231676
"2","PRJNA662018_PRJNA662018_P6N2",72,0.6,"specimen_orig_ident","orig.ident",0.0169133192389006
"3","PRJNA662018_PRJNA662018_P6N2",45,0.6,"specimen_orig_ident","orig.ident",0.0141021623315575
"4","PRJNA662018_PRJNA662018_P6N2",19,0.6,"specimen_orig_ident","orig.ident",0.00698529411764706
"5","PRJNA662018_PRJNA662018_P6N2",23,0.6,"specimen_orig_ident","orig.ident",0.00982486117043998
"6","PRJNA662018_PRJNA662018_P6N2",25,0.6,"specimen_orig_ident","orig.ident",0.0107112253641817
"7","PRJNA662018_PRJNA662018_P6N2",7,0.6,"specimen_orig_ident","orig.ident",0.00391280044717719
"8","PRJNA662018_PRJNA662018_P6N2",0,0.6,"specimen_orig_ident","orig.ident",0
"9","PRJNA662018_PRJNA662018_P6N2",7,0.6,"specimen_orig_ident","orig.ident",0.00694444444444444
"10","PRJNA662018_PRJNA662018_P6N2",12,0.6,"specimen_orig_ident","orig.ident",0.0128342245989305
"11","PRJNA662018_PRJNA662018_P6N2",1,0.6,"specimen_orig_ident","orig.ident",0.00119047619047619
"12","PRJNA662018_PRJNA662018_P6N2",15,0.6,"specimen_orig_ident","orig.ident",0.0196592398427261
"13","PRJNA662018_PRJNA662018_P6N2",8,0.6,"specimen_orig_ident","orig.ident",0.0109439124487004
"14","PRJNA662018_PRJNA662018_P6N2",13,0.6,"specimen_orig_ident","orig.ident",0.0288888888888889
"15","PRJNA662018_PRJNA662018_P6N2",3,0.6,"specimen_orig_ident","orig.ident",0.00900900900900901
"16","PRJNA662018_PRJNA662018_P6N2",1,0.6,"specimen_orig_ident","orig.ident",0.00364963503649635
"0","PRJNA662018_PRJNA662018_P6T6",0,0.6,"specimen_orig_ident","orig.ident",0
"1","PRJNA662018_PRJNA662018_P6T6",27,0.6,"specimen_orig_ident","orig.ident",0.00328187674729549
"2","PRJNA662018_PRJNA662018_P6T6",1,0.6,"specimen_orig_ident","orig.ident",0.000234907211651398
"3","PRJNA662018_PRJNA662018_P6T6",4,0.6,"specimen_orig_ident","orig.ident",0.00125352554058289
"4","PRJNA662018_PRJNA662018_P6T6",0,0.6,"specimen_orig_ident","orig.ident",0
"5","PRJNA662018_PRJNA662018_P6T6",0,0.6,"specimen_orig_ident","orig.ident",0
"6","PRJNA662018_PRJNA662018_P6T6",8,0.6,"specimen_orig_ident","orig.ident",0.00342759211653813
"7","PRJNA662018_PRJNA662018_P6T6",11,0.6,"specimen_orig_ident","orig.ident",0.00614868641699273
"8","PRJNA662018_PRJNA662018_P6T6",0,0.6,"specimen_orig_ident","orig.ident",0
"9","PRJNA662018_PRJNA662018_P6T6",0,0.6,"specimen_orig_ident","orig.ident",0
"10","PRJNA662018_PRJNA662018_P6T6",0,0.6,"specimen_orig_ident","orig.ident",0
"11","PRJNA662018_PRJNA662018_P6T6",8,0.6,"specimen_orig_ident","orig.ident",0.00952380952380952
"12","PRJNA662018_PRJNA662018_P6T6",1,0.6,"specimen_orig_ident","orig.ident",0.00131061598951507
"13","PRJNA662018_PRJNA662018_P6T6",0,0.6,"specimen_orig_ident","orig.ident",0
"14","PRJNA662018_PRJNA662018_P6T6",0,0.6,"specimen_orig_ident","orig.ident",0
"15","PRJNA662018_PRJNA662018_P6T6",0,0.6,"specimen_orig_ident","orig.ident",0
"16","PRJNA662018_PRJNA662018_P6T6",0,0.6,"specimen_orig_ident","orig.ident",0
"0","PRJNA662018_PRJNA662018_P7T7",23,0.6,"specimen_orig_ident","orig.ident",0.00272867481314509
"1","PRJNA662018_PRJNA662018_P7T7",125,0.6,"specimen_orig_ident","orig.ident",0.0151938738300717
"2","PRJNA662018_PRJNA662018_P7T7",26,0.6,"specimen_orig_ident","orig.ident",0.00610758750293634
"3","PRJNA662018_PRJNA662018_P7T7",42,0.6,"specimen_orig_ident","orig.ident",0.0131620181761203
"4","PRJNA662018_PRJNA662018_P7T7",3,0.6,"specimen_orig_ident","orig.ident",0.00110294117647059
"5","PRJNA662018_PRJNA662018_P7T7",12,0.6,"specimen_orig_ident","orig.ident",0.00512601452370782
"6","PRJNA662018_PRJNA662018_P7T7",27,0.6,"specimen_orig_ident","orig.ident",0.0115681233933162
"7","PRJNA662018_PRJNA662018_P7T7",16,0.6,"specimen_orig_ident","orig.ident",0.00894354387926216
"8","PRJNA662018_PRJNA662018_P7T7",0,0.6,"specimen_orig_ident","orig.ident",0
"9","PRJNA662018_PRJNA662018_P7T7",20,0.6,"specimen_orig_ident","orig.ident",0.0198412698412698
"10","PRJNA662018_PRJNA662018_P7T7",10,0.6,"specimen_orig_ident","orig.ident",0.0106951871657754
"11","PRJNA662018_PRJNA662018_P7T7",16,0.6,"specimen_orig_ident","orig.ident",0.019047619047619
"12","PRJNA662018_PRJNA662018_P7T7",5,0.6,"specimen_orig_ident","orig.ident",0.00655307994757536
"13","PRJNA662018_PRJNA662018_P7T7",2,0.6,"specimen_orig_ident","orig.ident",0.0027359781121751
"14","PRJNA662018_PRJNA662018_P7T7",1,0.6,"specimen_orig_ident","orig.ident",0.00222222222222222
"15","PRJNA662018_PRJNA662018_P7T7",0,0.6,"specimen_orig_ident","orig.ident",0
"16","PRJNA662018_PRJNA662018_P7T7",3,0.6,"specimen_orig_ident","orig.ident",0.0109489051094891
"0","PRJNA662018_PRJNA662018_P8T8",12,0.6,"specimen_orig_ident","orig.ident",0.00142365642424961
"1","PRJNA662018_PRJNA662018_P8T8",41,0.6,"specimen_orig_ident","orig.ident",0.00498359061626352
"2","PRJNA662018_PRJNA662018_P8T8",9,0.6,"specimen_orig_ident","orig.ident",0.00211416490486258
"3","PRJNA662018_PRJNA662018_P8T8",36,0.6,"specimen_orig_ident","orig.ident",0.011281729865246
"4","PRJNA662018_PRJNA662018_P8T8",1,0.6,"specimen_orig_ident","orig.ident",0.000367647058823529
"5","PRJNA662018_PRJNA662018_P8T8",2,0.6,"specimen_orig_ident","orig.ident",0.000854335753951303
"6","PRJNA662018_PRJNA662018_P8T8",12,0.6,"specimen_orig_ident","orig.ident",0.0051413881748072
"7","PRJNA662018_PRJNA662018_P8T8",41,0.6,"specimen_orig_ident","orig.ident",0.0229178311906093
"8","PRJNA662018_PRJNA662018_P8T8",0,0.6,"specimen_orig_ident","orig.ident",0
"9","PRJNA662018_PRJNA662018_P8T8",10,0.6,"specimen_orig_ident","orig.ident",0.00992063492063492
"10","PRJNA662018_PRJNA662018_P8T8",7,0.6,"specimen_orig_ident","orig.ident",0.00748663101604278
"11","PRJNA662018_PRJNA662018_P8T8",16,0.6,"specimen_orig_ident","orig.ident",0.019047619047619
"12","PRJNA662018_PRJNA662018_P8T8",8,0.6,"specimen_orig_ident","orig.ident",0.0104849279161206
"13","PRJNA662018_PRJNA662018_P8T8",2,0.6,"specimen_orig_ident","orig.ident",0.0027359781121751
"14","PRJNA662018_PRJNA662018_P8T8",0,0.6,"specimen_orig_ident","orig.ident",0
"15","PRJNA662018_PRJNA662018_P8T8",1,0.6,"specimen_orig_ident","orig.ident",0.003003003003003
"16","PRJNA662018_PRJNA662018_P8T8",1,0.6,"specimen_orig_ident","orig.ident",0.00364963503649635
"0","T4091568",72,0.6,"specimen_orig_ident","orig.ident",0.00854193854549769
"1","T4091568",265,0.6,"specimen_orig_ident","orig.ident",0.032211012519752
"2","T4091568",37,0.6,"specimen_orig_ident","orig.ident",0.00869156683110171
"3","T4091568",72,0.6,"specimen_orig_ident","orig.ident",0.022563459730492
"4","T4091568",296,0.6,"specimen_orig_ident","orig.ident",0.108823529411765
"5","T4091568",128,0.6,"specimen_orig_ident","orig.ident",0.0546774882528834
"6","T4091568",46,0.6,"specimen_orig_ident","orig.ident",0.0197086546700943
"7","T4091568",39,0.6,"specimen_orig_ident","orig.ident",0.0217998882057015
"8","T4091568",296,0.6,"specimen_orig_ident","orig.ident",0.167137210615471
"9","T4091568",8,0.6,"specimen_orig_ident","orig.ident",0.00793650793650794
"10","T4091568",19,0.6,"specimen_orig_ident","orig.ident",0.0203208556149733
"11","T4091568",11,0.6,"specimen_orig_ident","orig.ident",0.0130952380952381
"12","T4091568",15,0.6,"specimen_orig_ident","orig.ident",0.0196592398427261
"13","T4091568",5,0.6,"specimen_orig_ident","orig.ident",0.00683994528043776
"14","T4091568",17,0.6,"specimen_orig_ident","orig.ident",0.0377777777777778
"15","T4091568",33,0.6,"specimen_orig_ident","orig.ident",0.0990990990990991
"16","T4091568",7,0.6,"specimen_orig_ident","orig.ident",0.0255474452554745
"0","T4295396",0,0.6,"specimen_orig_ident","orig.ident",0
"1","T4295396",52,0.6,"specimen_orig_ident","orig.ident",0.00632065151330983
"2","T4295396",4,0.6,"specimen_orig_ident","orig.ident",0.000939628846605591
"3","T4295396",9,0.6,"specimen_orig_ident","orig.ident",0.0028204324663115
"4","T4295396",24,0.6,"specimen_orig_ident","orig.ident",0.00882352941176471
"5","T4295396",130,0.6,"specimen_orig_ident","orig.ident",0.0555318240068347
"6","T4295396",8,0.6,"specimen_orig_ident","orig.ident",0.00342759211653813
"7","T4295396",12,0.6,"specimen_orig_ident","orig.ident",0.00670765790944662
"8","T4295396",58,0.6,"specimen_orig_ident","orig.ident",0.0327498588368154
"9","T4295396",13,0.6,"specimen_orig_ident","orig.ident",0.0128968253968254
"10","T4295396",26,0.6,"specimen_orig_ident","orig.ident",0.027807486631016
"11","T4295396",1,0.6,"specimen_orig_ident","orig.ident",0.00119047619047619
"12","T4295396",5,0.6,"specimen_orig_ident","orig.ident",0.00655307994757536
"13","T4295396",13,0.6,"specimen_orig_ident","orig.ident",0.0177838577291382
"14","T4295396",6,0.6,"specimen_orig_ident","orig.ident",0.0133333333333333
"15","T4295396",24,0.6,"specimen_orig_ident","orig.ident",0.0720720720720721
"16","T4295396",0,0.6,"specimen_orig_ident","orig.ident",0
"0","T4380845",10,0.6,"specimen_orig_ident","orig.ident",0.00118638035354135
"1","T4380845",166,0.6,"specimen_orig_ident","orig.ident",0.0201774644463352
"2","T4380845",50,0.6,"specimen_orig_ident","orig.ident",0.0117453605825699
"3","T4380845",38,0.6,"specimen_orig_ident","orig.ident",0.0119084926355374
"4","T4380845",19,0.6,"specimen_orig_ident","orig.ident",0.00698529411764706
"5","T4380845",31,0.6,"specimen_orig_ident","orig.ident",0.0132422041862452
"6","T4380845",54,0.6,"specimen_orig_ident","orig.ident",0.0231362467866324
"7","T4380845",3,0.6,"specimen_orig_ident","orig.ident",0.00167691447736165
"8","T4380845",133,0.6,"specimen_orig_ident","orig.ident",0.075098814229249
"9","T4380845",18,0.6,"specimen_orig_ident","orig.ident",0.0178571428571429
"10","T4380845",11,0.6,"specimen_orig_ident","orig.ident",0.0117647058823529
"11","T4380845",5,0.6,"specimen_orig_ident","orig.ident",0.00595238095238095
"12","T4380845",11,0.6,"specimen_orig_ident","orig.ident",0.0144167758846658
"13","T4380845",43,0.6,"specimen_orig_ident","orig.ident",0.0588235294117647
"14","T4380845",1,0.6,"specimen_orig_ident","orig.ident",0.00222222222222222
"15","T4380845",3,0.6,"specimen_orig_ident","orig.ident",0.00900900900900901
"16","T4380845",16,0.6,"specimen_orig_ident","orig.ident",0.0583941605839416
"0","T4398343",15,0.6,"specimen_orig_ident","orig.ident",0.00177957053031202
"1","T4398343",564,0.6,"specimen_orig_ident","orig.ident",0.0685547587212836
"2","T4398343",60,0.6,"specimen_orig_ident","orig.ident",0.0140944326990839
"3","T4398343",101,0.6,"specimen_orig_ident","orig.ident",0.031651519899718
"4","T4398343",26,0.6,"specimen_orig_ident","orig.ident",0.00955882352941177
"5","T4398343",140,0.6,"specimen_orig_ident","orig.ident",0.0598035027765912
"6","T4398343",74,0.6,"specimen_orig_ident","orig.ident",0.0317052270779777
"7","T4398343",6,0.6,"specimen_orig_ident","orig.ident",0.00335382895472331
"8","T4398343",242,0.6,"specimen_orig_ident","orig.ident",0.136645962732919
"9","T4398343",106,0.6,"specimen_orig_ident","orig.ident",0.10515873015873
"10","T4398343",47,0.6,"specimen_orig_ident","orig.ident",0.0502673796791444
"11","T4398343",30,0.6,"specimen_orig_ident","orig.ident",0.0357142857142857
"12","T4398343",31,0.6,"specimen_orig_ident","orig.ident",0.0406290956749672
"13","T4398343",78,0.6,"specimen_orig_ident","orig.ident",0.106703146374829
"14","T4398343",36,0.6,"specimen_orig_ident","orig.ident",0.08
"15","T4398343",4,0.6,"specimen_orig_ident","orig.ident",0.012012012012012
"16","T4398343",13,0.6,"specimen_orig_ident","orig.ident",0.0474452554744526
"0","T4450398",0,0.6,"specimen_orig_ident","orig.ident",0
"1","T4450398",107,0.6,"specimen_orig_ident","orig.ident",0.0130059559985414
"2","T4450398",6,0.6,"specimen_orig_ident","orig.ident",0.00140944326990839
"3","T4450398",36,0.6,"specimen_orig_ident","orig.ident",0.011281729865246
"4","T4450398",5,0.6,"specimen_orig_ident","orig.ident",0.00183823529411765
"5","T4450398",36,0.6,"specimen_orig_ident","orig.ident",0.0153780435711235
"6","T4450398",5,0.6,"specimen_orig_ident","orig.ident",0.00214224507283633
"7","T4450398",0,0.6,"specimen_orig_ident","orig.ident",0
"8","T4450398",49,0.6,"specimen_orig_ident","orig.ident",0.0276679841897233
"9","T4450398",35,0.6,"specimen_orig_ident","orig.ident",0.0347222222222222
"10","T4450398",14,0.6,"specimen_orig_ident","orig.ident",0.0149732620320856
"11","T4450398",4,0.6,"specimen_orig_ident","orig.ident",0.00476190476190476
"12","T4450398",6,0.6,"specimen_orig_ident","orig.ident",0.00786369593709043
"13","T4450398",5,0.6,"specimen_orig_ident","orig.ident",0.00683994528043776
"14","T4450398",7,0.6,"specimen_orig_ident","orig.ident",0.0155555555555556
"15","T4450398",5,0.6,"specimen_orig_ident","orig.ident",0.015015015015015
"16","T4450398",2,0.6,"specimen_orig_ident","orig.ident",0.0072992700729927
"0","T4463209a",0,0.6,"specimen_orig_ident","orig.ident",0
"1","T4463209a",189,0.6,"specimen_orig_ident","orig.ident",0.0229731372310684
"2","T4463209a",20,0.6,"specimen_orig_ident","orig.ident",0.00469814423302795
"3","T4463209a",16,0.6,"specimen_orig_ident","orig.ident",0.00501410216233156
"4","T4463209a",2,0.6,"specimen_orig_ident","orig.ident",0.000735294117647059
"5","T4463209a",52,0.6,"specimen_orig_ident","orig.ident",0.0222127296027339
"6","T4463209a",20,0.6,"specimen_orig_ident","orig.ident",0.00856898029134533
"7","T4463209a",7,0.6,"specimen_orig_ident","orig.ident",0.00391280044717719
"8","T4463209a",76,0.6,"specimen_orig_ident","orig.ident",0.0429136081309994
"9","T4463209a",23,0.6,"specimen_orig_ident","orig.ident",0.0228174603174603
"10","T4463209a",18,0.6,"specimen_orig_ident","orig.ident",0.0192513368983957
"11","T4463209a",6,0.6,"specimen_orig_ident","orig.ident",0.00714285714285714
"12","T4463209a",6,0.6,"specimen_orig_ident","orig.ident",0.00786369593709043
"13","T4463209a",41,0.6,"specimen_orig_ident","orig.ident",0.0560875512995896
"14","T4463209a",3,0.6,"specimen_orig_ident","orig.ident",0.00666666666666667
"15","T4463209a",3,0.6,"specimen_orig_ident","orig.ident",0.00900900900900901
"16","T4463209a",16,0.6,"specimen_orig_ident","orig.ident",0.0583941605839416
"0","T4463209b",2,0.6,"specimen_orig_ident","orig.ident",0.000237276070708269
"1","T4463209b",55,0.6,"specimen_orig_ident","orig.ident",0.00668530448523156
"2","T4463209b",9,0.6,"specimen_orig_ident","orig.ident",0.00211416490486258
"3","T4463209b",38,0.6,"specimen_orig_ident","orig.ident",0.0119084926355374
"4","T4463209b",15,0.6,"specimen_orig_ident","orig.ident",0.00551470588235294
"5","T4463209b",30,0.6,"specimen_orig_ident","orig.ident",0.0128150363092695
"6","T4463209b",18,0.6,"specimen_orig_ident","orig.ident",0.0077120822622108
"7","T4463209b",5,0.6,"specimen_orig_ident","orig.ident",0.00279485746226942
"8","T4463209b",79,0.6,"specimen_orig_ident","orig.ident",0.0446075663466968
"9","T4463209b",13,0.6,"specimen_orig_ident","orig.ident",0.0128968253968254
"10","T4463209b",14,0.6,"specimen_orig_ident","orig.ident",0.0149732620320856
"11","T4463209b",2,0.6,"specimen_orig_ident","orig.ident",0.00238095238095238
"12","T4463209b",16,0.6,"specimen_orig_ident","orig.ident",0.0209698558322412
"13","T4463209b",13,0.6,"specimen_orig_ident","orig.ident",0.0177838577291382
"14","T4463209b",8,0.6,"specimen_orig_ident","orig.ident",0.0177777777777778
"15","T4463209b",17,0.6,"specimen_orig_ident","orig.ident",0.0510510510510511
"16","T4463209b",5,0.6,"specimen_orig_ident","orig.ident",0.0182481751824818
"0","T4465219",2,0.6,"specimen_orig_ident","orig.ident",0.000237276070708269
"1","T4465219",277,0.6,"specimen_orig_ident","orig.ident",0.0336696244074389
"2","T4465219",32,0.6,"specimen_orig_ident","orig.ident",0.00751703077284473
"3","T4465219",27,0.6,"specimen_orig_ident","orig.ident",0.0084612973989345
"4","T4465219",38,0.6,"specimen_orig_ident","orig.ident",0.0139705882352941
"5","T4465219",58,0.6,"specimen_orig_ident","orig.ident",0.0247757368645878
"6","T4465219",22,0.6,"specimen_orig_ident","orig.ident",0.00942587832047986
"7","T4465219",272,0.6,"specimen_orig_ident","orig.ident",0.152040245947457
"8","T4465219",48,0.6,"specimen_orig_ident","orig.ident",0.0271033314511575
"9","T4465219",8,0.6,"specimen_orig_ident","orig.ident",0.00793650793650794
"10","T4465219",42,0.6,"specimen_orig_ident","orig.ident",0.0449197860962567
"11","T4465219",29,0.6,"specimen_orig_ident","orig.ident",0.0345238095238095
"12","T4465219",9,0.6,"specimen_orig_ident","orig.ident",0.0117955439056356
"13","T4465219",2,0.6,"specimen_orig_ident","orig.ident",0.0027359781121751
"14","T4465219",3,0.6,"specimen_orig_ident","orig.ident",0.00666666666666667
"15","T4465219",3,0.6,"specimen_orig_ident","orig.ident",0.00900900900900901
"16","T4465219",11,0.6,"specimen_orig_ident","orig.ident",0.0401459854014599
"0","T4465935",4,0.6,"specimen_orig_ident","orig.ident",0.000474552141416538
"1","T4465935",61,0.6,"specimen_orig_ident","orig.ident",0.007414610429075
"2","T4465935",13,0.6,"specimen_orig_ident","orig.ident",0.00305379375146817
"3","T4465935",9,0.6,"specimen_orig_ident","orig.ident",0.0028204324663115
"4","T4465935",40,0.6,"specimen_orig_ident","orig.ident",0.0147058823529412
"5","T4465935",49,0.6,"specimen_orig_ident","orig.ident",0.0209312259718069
"6","T4465935",15,0.6,"specimen_orig_ident","orig.ident",0.006426735218509
"7","T4465935",3,0.6,"specimen_orig_ident","orig.ident",0.00167691447736165
"8","T4465935",50,0.6,"specimen_orig_ident","orig.ident",0.0282326369282891
"9","T4465935",26,0.6,"specimen_orig_ident","orig.ident",0.0257936507936508
"10","T4465935",20,0.6,"specimen_orig_ident","orig.ident",0.0213903743315508
"11","T4465935",2,0.6,"specimen_orig_ident","orig.ident",0.00238095238095238
"12","T4465935",3,0.6,"specimen_orig_ident","orig.ident",0.00393184796854522
"13","T4465935",9,0.6,"specimen_orig_ident","orig.ident",0.012311901504788
"14","T4465935",6,0.6,"specimen_orig_ident","orig.ident",0.0133333333333333
"15","T4465935",10,0.6,"specimen_orig_ident","orig.ident",0.03003003003003
"16","T4465935",3,0.6,"specimen_orig_ident","orig.ident",0.0109489051094891
"0","T4466585",339,0.6,"specimen_orig_ident","orig.ident",0.0402182939850516
"1","T4466585",205,0.6,"specimen_orig_ident","orig.ident",0.0249179530813176
"2","T4466585",57,0.6,"specimen_orig_ident","orig.ident",0.0133897110641297
"3","T4466585",25,0.6,"specimen_orig_ident","orig.ident",0.00783453462864306
"4","T4466585",751,0.6,"specimen_orig_ident","orig.ident",0.276102941176471
"5","T4466585",39,0.6,"specimen_orig_ident","orig.ident",0.0166595472020504
"6","T4466585",58,0.6,"specimen_orig_ident","orig.ident",0.0248500428449015
"7","T4466585",5,0.6,"specimen_orig_ident","orig.ident",0.00279485746226942
"8","T4466585",280,0.6,"specimen_orig_ident","orig.ident",0.158102766798419
"9","T4466585",5,0.6,"specimen_orig_ident","orig.ident",0.00496031746031746
"10","T4466585",34,0.6,"specimen_orig_ident","orig.ident",0.0363636363636364
"11","T4466585",2,0.6,"specimen_orig_ident","orig.ident",0.00238095238095238
"12","T4466585",5,0.6,"specimen_orig_ident","orig.ident",0.00655307994757536
"13","T4466585",0,0.6,"specimen_orig_ident","orig.ident",0
"14","T4466585",22,0.6,"specimen_orig_ident","orig.ident",0.0488888888888889
"15","T4466585",5,0.6,"specimen_orig_ident","orig.ident",0.015015015015015
"16","T4466585",4,0.6,"specimen_orig_ident","orig.ident",0.0145985401459854
"0","T4469479",293,0.6,"specimen_orig_ident","orig.ident",0.0347609443587614
"1","T4469479",51,0.6,"specimen_orig_ident","orig.ident",0.00619910052266926
"2","T4469479",96,0.6,"specimen_orig_ident","orig.ident",0.0225510923185342
"3","T4469479",6,0.6,"specimen_orig_ident","orig.ident",0.00188028831087433
"4","T4469479",669,0.6,"specimen_orig_ident","orig.ident",0.245955882352941
"5","T4469479",179,0.6,"specimen_orig_ident","orig.ident",0.0764630499786416
"6","T4469479",10,0.6,"specimen_orig_ident","orig.ident",0.00428449014567267
"7","T4469479",21,0.6,"specimen_orig_ident","orig.ident",0.0117384013415316
"8","T4469479",53,0.6,"specimen_orig_ident","orig.ident",0.0299265951439864
"9","T4469479",9,0.6,"specimen_orig_ident","orig.ident",0.00892857142857143
"10","T4469479",49,0.6,"specimen_orig_ident","orig.ident",0.0524064171122995
"11","T4469479",1,0.6,"specimen_orig_ident","orig.ident",0.00119047619047619
"12","T4469479",6,0.6,"specimen_orig_ident","orig.ident",0.00786369593709043
"13","T4469479",19,0.6,"specimen_orig_ident","orig.ident",0.0259917920656635
"14","T4469479",11,0.6,"specimen_orig_ident","orig.ident",0.0244444444444444
"15","T4469479",22,0.6,"specimen_orig_ident","orig.ident",0.0660660660660661
"16","T4469479",3,0.6,"specimen_orig_ident","orig.ident",0.0109489051094891
"0","T4471438",9,0.6,"specimen_orig_ident","orig.ident",0.00106774231818721
"1","T4471438",315,0.6,"specimen_orig_ident","orig.ident",0.0382885620517807
"2","T4471438",9,0.6,"specimen_orig_ident","orig.ident",0.00211416490486258
"3","T4471438",41,0.6,"specimen_orig_ident","orig.ident",0.0128486367909746
"4","T4471438",102,0.6,"specimen_orig_ident","orig.ident",0.0375
"5","T4471438",121,0.6,"specimen_orig_ident","orig.ident",0.0516873131140538
"6","T4471438",35,0.6,"specimen_orig_ident","orig.ident",0.0149957155098543
"7","T4471438",13,0.6,"specimen_orig_ident","orig.ident",0.0072666294019005
"8","T4471438",228,0.6,"specimen_orig_ident","orig.ident",0.128740824392998
"9","T4471438",9,0.6,"specimen_orig_ident","orig.ident",0.00892857142857143
"10","T4471438",50,0.6,"specimen_orig_ident","orig.ident",0.053475935828877
"11","T4471438",8,0.6,"specimen_orig_ident","orig.ident",0.00952380952380952
"12","T4471438",4,0.6,"specimen_orig_ident","orig.ident",0.00524246395806029
"13","T4471438",19,0.6,"specimen_orig_ident","orig.ident",0.0259917920656635
"14","T4471438",4,0.6,"specimen_orig_ident","orig.ident",0.00888888888888889
"15","T4471438",10,0.6,"specimen_orig_ident","orig.ident",0.03003003003003
"16","T4471438",3,0.6,"specimen_orig_ident","orig.ident",0.0109489051094891
"0","T8009218",2,0.6,"specimen_orig_ident","orig.ident",0.000237276070708269
"1","T8009218",342,0.6,"specimen_orig_ident","orig.ident",0.0415704387990762
"2","T8009218",3,0.6,"specimen_orig_ident","orig.ident",0.000704721634954193
"3","T8009218",124,0.6,"specimen_orig_ident","orig.ident",0.0388592917580696
"4","T8009218",56,0.6,"specimen_orig_ident","orig.ident",0.0205882352941176
"5","T8009218",61,0.6,"specimen_orig_ident","orig.ident",0.0260572404955147
"6","T8009218",74,0.6,"specimen_orig_ident","orig.ident",0.0317052270779777
"7","T8009218",30,0.6,"specimen_orig_ident","orig.ident",0.0167691447736165
"8","T8009218",164,0.6,"specimen_orig_ident","orig.ident",0.0926030491247883
"9","T8009218",13,0.6,"specimen_orig_ident","orig.ident",0.0128968253968254
"10","T8009218",37,0.6,"specimen_orig_ident","orig.ident",0.039572192513369
"11","T8009218",26,0.6,"specimen_orig_ident","orig.ident",0.030952380952381
"12","T8009218",7,0.6,"specimen_orig_ident","orig.ident",0.00917431192660551
"13","T8009218",11,0.6,"specimen_orig_ident","orig.ident",0.0150478796169631
"14","T8009218",3,0.6,"specimen_orig_ident","orig.ident",0.00666666666666667
"15","T8009218",3,0.6,"specimen_orig_ident","orig.ident",0.00900900900900901
"16","T8009218",2,0.6,"specimen_orig_ident","orig.ident",0.0072992700729927
"0","PRJNA662018_PRJNA662018_P1N1",260,0.6,"specimen_sample_id","sample_id",0.030845889192075
"1","PRJNA662018_PRJNA662018_P1N1",96,0.6,"specimen_sample_id","sample_id",0.0116688951014951
"2","PRJNA662018_PRJNA662018_P1N1",101,0.6,"specimen_sample_id","sample_id",0.0237256283767912
"3","PRJNA662018_PRJNA662018_P1N1",63,0.6,"specimen_sample_id","sample_id",0.0197430272641805
"4","PRJNA662018_PRJNA662018_P1N1",61,0.6,"specimen_sample_id","sample_id",0.0224264705882353
"5","PRJNA662018_PRJNA662018_P1N1",39,0.6,"specimen_sample_id","sample_id",0.0166595472020504
"6","PRJNA662018_PRJNA662018_P1N1",40,0.6,"specimen_sample_id","sample_id",0.0171379605826907
"7","PRJNA662018_PRJNA662018_P1N1",12,0.6,"specimen_sample_id","sample_id",0.00670765790944662
"8","PRJNA662018_PRJNA662018_P1N1",0,0.6,"specimen_sample_id","sample_id",0
"9","PRJNA662018_PRJNA662018_P1N1",8,0.6,"specimen_sample_id","sample_id",0.00793650793650794
"10","PRJNA662018_PRJNA662018_P1N1",14,0.6,"specimen_sample_id","sample_id",0.0149732620320856
"11","PRJNA662018_PRJNA662018_P1N1",7,0.6,"specimen_sample_id","sample_id",0.00833333333333333
"12","PRJNA662018_PRJNA662018_P1N1",19,0.6,"specimen_sample_id","sample_id",0.0249017038007864
"13","PRJNA662018_PRJNA662018_P1N1",9,0.6,"specimen_sample_id","sample_id",0.012311901504788
"14","PRJNA662018_PRJNA662018_P1N1",8,0.6,"specimen_sample_id","sample_id",0.0177777777777778
"15","PRJNA662018_PRJNA662018_P1N1",42,0.6,"specimen_sample_id","sample_id",0.126126126126126
"16","PRJNA662018_PRJNA662018_P1N1",0,0.6,"specimen_sample_id","sample_id",0
"0","PRJNA662018_PRJNA662018_P1T1",113,0.6,"specimen_sample_id","sample_id",0.0134060979950172
"1","PRJNA662018_PRJNA662018_P1T1",459,0.6,"specimen_sample_id","sample_id",0.0557919047040233
"2","PRJNA662018_PRJNA662018_P1T1",73,0.6,"specimen_sample_id","sample_id",0.017148226450552
"3","PRJNA662018_PRJNA662018_P1T1",73,0.6,"specimen_sample_id","sample_id",0.0228768411156377
"4","PRJNA662018_PRJNA662018_P1T1",18,0.6,"specimen_sample_id","sample_id",0.00661764705882353
"5","PRJNA662018_PRJNA662018_P1T1",75,0.6,"specimen_sample_id","sample_id",0.0320375907731739
"6","PRJNA662018_PRJNA662018_P1T1",59,0.6,"specimen_sample_id","sample_id",0.0252784918594687
"7","PRJNA662018_PRJNA662018_P1T1",41,0.6,"specimen_sample_id","sample_id",0.0229178311906093
"8","PRJNA662018_PRJNA662018_P1T1",0,0.6,"specimen_sample_id","sample_id",0
"9","PRJNA662018_PRJNA662018_P1T1",15,0.6,"specimen_sample_id","sample_id",0.0148809523809524
"10","PRJNA662018_PRJNA662018_P1T1",28,0.6,"specimen_sample_id","sample_id",0.0299465240641711
"11","PRJNA662018_PRJNA662018_P1T1",63,0.6,"specimen_sample_id","sample_id",0.075
"12","PRJNA662018_PRJNA662018_P1T1",68,0.6,"specimen_sample_id","sample_id",0.0891218872870249
"13","PRJNA662018_PRJNA662018_P1T1",15,0.6,"specimen_sample_id","sample_id",0.0205198358413133
"14","PRJNA662018_PRJNA662018_P1T1",10,0.6,"specimen_sample_id","sample_id",0.0222222222222222
"15","PRJNA662018_PRJNA662018_P1T1",4,0.6,"specimen_sample_id","sample_id",0.012012012012012
"16","PRJNA662018_PRJNA662018_P1T1",3,0.6,"specimen_sample_id","sample_id",0.0109489051094891
"0","PRJNA662018_PRJNA662018_P2T2",38,0.6,"specimen_sample_id","sample_id",0.00450824534345711
"1","PRJNA662018_PRJNA662018_P2T2",66,0.6,"specimen_sample_id","sample_id",0.00802236538227787
"2","PRJNA662018_PRJNA662018_P2T2",38,0.6,"specimen_sample_id","sample_id",0.00892647404275311
"3","PRJNA662018_PRJNA662018_P2T2",65,0.6,"specimen_sample_id","sample_id",0.020369790034472
"4","PRJNA662018_PRJNA662018_P2T2",29,0.6,"specimen_sample_id","sample_id",0.0106617647058824
"5","PRJNA662018_PRJNA662018_P2T2",86,0.6,"specimen_sample_id","sample_id",0.036736437419906
"6","PRJNA662018_PRJNA662018_P2T2",19,0.6,"specimen_sample_id","sample_id",0.00814053127677806
"7","PRJNA662018_PRJNA662018_P2T2",10,0.6,"specimen_sample_id","sample_id",0.00558971492453885
"8","PRJNA662018_PRJNA662018_P2T2",0,0.6,"specimen_sample_id","sample_id",0
"9","PRJNA662018_PRJNA662018_P2T2",2,0.6,"specimen_sample_id","sample_id",0.00198412698412698
"10","PRJNA662018_PRJNA662018_P2T2",11,0.6,"specimen_sample_id","sample_id",0.0117647058823529
"11","PRJNA662018_PRJNA662018_P2T2",8,0.6,"specimen_sample_id","sample_id",0.00952380952380952
"12","PRJNA662018_PRJNA662018_P2T2",17,0.6,"specimen_sample_id","sample_id",0.0222804718217562
"13","PRJNA662018_PRJNA662018_P2T2",3,0.6,"specimen_sample_id","sample_id",0.00410396716826265
"14","PRJNA662018_PRJNA662018_P2T2",5,0.6,"specimen_sample_id","sample_id",0.0111111111111111
"15","PRJNA662018_PRJNA662018_P2T2",13,0.6,"specimen_sample_id","sample_id",0.039039039039039
"16","PRJNA662018_PRJNA662018_P2T2",0,0.6,"specimen_sample_id","sample_id",0
"0","PRJNA662018_PRJNA662018_P3N3",20,0.6,"specimen_sample_id","sample_id",0.00237276070708269
"1","PRJNA662018_PRJNA662018_P3N3",75,0.6,"specimen_sample_id","sample_id",0.00911632429804303
"2","PRJNA662018_PRJNA662018_P3N3",11,0.6,"specimen_sample_id","sample_id",0.00258397932816537
"3","PRJNA662018_PRJNA662018_P3N3",38,0.6,"specimen_sample_id","sample_id",0.0119084926355374
"4","PRJNA662018_PRJNA662018_P3N3",24,0.6,"specimen_sample_id","sample_id",0.00882352941176471
"5","PRJNA662018_PRJNA662018_P3N3",17,0.6,"specimen_sample_id","sample_id",0.00726185390858607
"6","PRJNA662018_PRJNA662018_P3N3",15,0.6,"specimen_sample_id","sample_id",0.006426735218509
"7","PRJNA662018_PRJNA662018_P3N3",7,0.6,"specimen_sample_id","sample_id",0.00391280044717719
"8","PRJNA662018_PRJNA662018_P3N3",0,0.6,"specimen_sample_id","sample_id",0
"9","PRJNA662018_PRJNA662018_P3N3",0,0.6,"specimen_sample_id","sample_id",0
"10","PRJNA662018_PRJNA662018_P3N3",5,0.6,"specimen_sample_id","sample_id",0.0053475935828877
"11","PRJNA662018_PRJNA662018_P3N3",5,0.6,"specimen_sample_id","sample_id",0.00595238095238095
"12","PRJNA662018_PRJNA662018_P3N3",5,0.6,"specimen_sample_id","sample_id",0.00655307994757536
"13","PRJNA662018_PRJNA662018_P3N3",1,0.6,"specimen_sample_id","sample_id",0.00136798905608755
"14","PRJNA662018_PRJNA662018_P3N3",1,0.6,"specimen_sample_id","sample_id",0.00222222222222222
"15","PRJNA662018_PRJNA662018_P3N3",1,0.6,"specimen_sample_id","sample_id",0.003003003003003
"16","PRJNA662018_PRJNA662018_P3N3",1,0.6,"specimen_sample_id","sample_id",0.00364963503649635
"0","PRJNA662018_PRJNA662018_P3T3",7,0.6,"specimen_sample_id","sample_id",0.000830466247478942
"1","PRJNA662018_PRJNA662018_P3T3",46,0.6,"specimen_sample_id","sample_id",0.00559134556946639
"2","PRJNA662018_PRJNA662018_P3T3",21,0.6,"specimen_sample_id","sample_id",0.00493305144467935
"3","PRJNA662018_PRJNA662018_P3T3",20,0.6,"specimen_sample_id","sample_id",0.00626762770291445
"4","PRJNA662018_PRJNA662018_P3T3",9,0.6,"specimen_sample_id","sample_id",0.00330882352941176
"5","PRJNA662018_PRJNA662018_P3T3",10,0.6,"specimen_sample_id","sample_id",0.00427167876975651
"6","PRJNA662018_PRJNA662018_P3T3",10,0.6,"specimen_sample_id","sample_id",0.00428449014567267
"7","PRJNA662018_PRJNA662018_P3T3",5,0.6,"specimen_sample_id","sample_id",0.00279485746226942
"8","PRJNA662018_PRJNA662018_P3T3",0,0.6,"specimen_sample_id","sample_id",0
"9","PRJNA662018_PRJNA662018_P3T3",7,0.6,"specimen_sample_id","sample_id",0.00694444444444444
"10","PRJNA662018_PRJNA662018_P3T3",8,0.6,"specimen_sample_id","sample_id",0.00855614973262032
"11","PRJNA662018_PRJNA662018_P3T3",7,0.6,"specimen_sample_id","sample_id",0.00833333333333333
"12","PRJNA662018_PRJNA662018_P3T3",7,0.6,"specimen_sample_id","sample_id",0.00917431192660551
"13","PRJNA662018_PRJNA662018_P3T3",3,0.6,"specimen_sample_id","sample_id",0.00410396716826265
"14","PRJNA662018_PRJNA662018_P3T3",5,0.6,"specimen_sample_id","sample_id",0.0111111111111111
"15","PRJNA662018_PRJNA662018_P3T3",4,0.6,"specimen_sample_id","sample_id",0.012012012012012
"16","PRJNA662018_PRJNA662018_P3T3",1,0.6,"specimen_sample_id","sample_id",0.00364963503649635
"0","PRJNA662018_PRJNA662018_P4T4",80,0.6,"specimen_sample_id","sample_id",0.00949104282833076
"1","PRJNA662018_PRJNA662018_P4T4",323,0.6,"specimen_sample_id","sample_id",0.0392609699769053
"2","PRJNA662018_PRJNA662018_P4T4",62,0.6,"specimen_sample_id","sample_id",0.0145642471223867
"3","PRJNA662018_PRJNA662018_P4T4",39,0.6,"specimen_sample_id","sample_id",0.0122218740206832
"4","PRJNA662018_PRJNA662018_P4T4",63,0.6,"specimen_sample_id","sample_id",0.0231617647058824
"5","PRJNA662018_PRJNA662018_P4T4",99,0.6,"specimen_sample_id","sample_id",0.0422896198205895
"6","PRJNA662018_PRJNA662018_P4T4",18,0.6,"specimen_sample_id","sample_id",0.0077120822622108
"7","PRJNA662018_PRJNA662018_P4T4",16,0.6,"specimen_sample_id","sample_id",0.00894354387926216
"8","PRJNA662018_PRJNA662018_P4T4",0,0.6,"specimen_sample_id","sample_id",0
"9","PRJNA662018_PRJNA662018_P4T4",91,0.6,"specimen_sample_id","sample_id",0.0902777777777778
"10","PRJNA662018_PRJNA662018_P4T4",44,0.6,"specimen_sample_id","sample_id",0.0470588235294118
"11","PRJNA662018_PRJNA662018_P4T4",35,0.6,"specimen_sample_id","sample_id",0.0416666666666667
"12","PRJNA662018_PRJNA662018_P4T4",34,0.6,"specimen_sample_id","sample_id",0.0445609436435125
"13","PRJNA662018_PRJNA662018_P4T4",16,0.6,"specimen_sample_id","sample_id",0.0218878248974008
"14","PRJNA662018_PRJNA662018_P4T4",4,0.6,"specimen_sample_id","sample_id",0.00888888888888889
"15","PRJNA662018_PRJNA662018_P4T4",7,0.6,"specimen_sample_id","sample_id",0.021021021021021
"16","PRJNA662018_PRJNA662018_P4T4",8,0.6,"specimen_sample_id","sample_id",0.0291970802919708
"0","PRJNA662018_PRJNA662018_P5T5",4,0.6,"specimen_sample_id","sample_id",0.000474552141416538
"1","PRJNA662018_PRJNA662018_P5T5",62,0.6,"specimen_sample_id","sample_id",0.00753616141971557
"2","PRJNA662018_PRJNA662018_P5T5",14,0.6,"specimen_sample_id","sample_id",0.00328870096311957
"3","PRJNA662018_PRJNA662018_P5T5",27,0.6,"specimen_sample_id","sample_id",0.0084612973989345
"4","PRJNA662018_PRJNA662018_P5T5",7,0.6,"specimen_sample_id","sample_id",0.00257352941176471
"5","PRJNA662018_PRJNA662018_P5T5",0,0.6,"specimen_sample_id","sample_id",0
"6","PRJNA662018_PRJNA662018_P5T5",7,0.6,"specimen_sample_id","sample_id",0.00299914310197087
"7","PRJNA662018_PRJNA662018_P5T5",11,0.6,"specimen_sample_id","sample_id",0.00614868641699273
"8","PRJNA662018_PRJNA662018_P5T5",0,0.6,"specimen_sample_id","sample_id",0
"9","PRJNA662018_PRJNA662018_P5T5",6,0.6,"specimen_sample_id","sample_id",0.00595238095238095
"10","PRJNA662018_PRJNA662018_P5T5",10,0.6,"specimen_sample_id","sample_id",0.0106951871657754
"11","PRJNA662018_PRJNA662018_P5T5",25,0.6,"specimen_sample_id","sample_id",0.0297619047619048
"12","PRJNA662018_PRJNA662018_P5T5",2,0.6,"specimen_sample_id","sample_id",0.00262123197903014
"13","PRJNA662018_PRJNA662018_P5T5",1,0.6,"specimen_sample_id","sample_id",0.00136798905608755
"14","PRJNA662018_PRJNA662018_P5T5",0,0.6,"specimen_sample_id","sample_id",0
"15","PRJNA662018_PRJNA662018_P5T5",0,0.6,"specimen_sample_id","sample_id",0
"16","PRJNA662018_PRJNA662018_P5T5",2,0.6,"specimen_sample_id","sample_id",0.0072992700729927
"0","PRJNA662018_PRJNA662018_P6N2",117,0.6,"specimen_sample_id","sample_id",0.0138806501364337
"1","PRJNA662018_PRJNA662018_P6N2",83,0.6,"specimen_sample_id","sample_id",0.0100887322231676
"2","PRJNA662018_PRJNA662018_P6N2",72,0.6,"specimen_sample_id","sample_id",0.0169133192389006
"3","PRJNA662018_PRJNA662018_P6N2",45,0.6,"specimen_sample_id","sample_id",0.0141021623315575
"4","PRJNA662018_PRJNA662018_P6N2",19,0.6,"specimen_sample_id","sample_id",0.00698529411764706
"5","PRJNA662018_PRJNA662018_P6N2",23,0.6,"specimen_sample_id","sample_id",0.00982486117043998
"6","PRJNA662018_PRJNA662018_P6N2",25,0.6,"specimen_sample_id","sample_id",0.0107112253641817
"7","PRJNA662018_PRJNA662018_P6N2",7,0.6,"specimen_sample_id","sample_id",0.00391280044717719
"8","PRJNA662018_PRJNA662018_P6N2",0,0.6,"specimen_sample_id","sample_id",0
"9","PRJNA662018_PRJNA662018_P6N2",7,0.6,"specimen_sample_id","sample_id",0.00694444444444444
"10","PRJNA662018_PRJNA662018_P6N2",12,0.6,"specimen_sample_id","sample_id",0.0128342245989305
"11","PRJNA662018_PRJNA662018_P6N2",1,0.6,"specimen_sample_id","sample_id",0.00119047619047619
"12","PRJNA662018_PRJNA662018_P6N2",15,0.6,"specimen_sample_id","sample_id",0.0196592398427261
"13","PRJNA662018_PRJNA662018_P6N2",8,0.6,"specimen_sample_id","sample_id",0.0109439124487004
"14","PRJNA662018_PRJNA662018_P6N2",13,0.6,"specimen_sample_id","sample_id",0.0288888888888889
"15","PRJNA662018_PRJNA662018_P6N2",3,0.6,"specimen_sample_id","sample_id",0.00900900900900901
"16","PRJNA662018_PRJNA662018_P6N2",1,0.6,"specimen_sample_id","sample_id",0.00364963503649635
"0","PRJNA662018_PRJNA662018_P6T6",0,0.6,"specimen_sample_id","sample_id",0
"1","PRJNA662018_PRJNA662018_P6T6",27,0.6,"specimen_sample_id","sample_id",0.00328187674729549
"2","PRJNA662018_PRJNA662018_P6T6",1,0.6,"specimen_sample_id","sample_id",0.000234907211651398
"3","PRJNA662018_PRJNA662018_P6T6",4,0.6,"specimen_sample_id","sample_id",0.00125352554058289
"4","PRJNA662018_PRJNA662018_P6T6",0,0.6,"specimen_sample_id","sample_id",0
"5","PRJNA662018_PRJNA662018_P6T6",0,0.6,"specimen_sample_id","sample_id",0
"6","PRJNA662018_PRJNA662018_P6T6",8,0.6,"specimen_sample_id","sample_id",0.00342759211653813
"7","PRJNA662018_PRJNA662018_P6T6",11,0.6,"specimen_sample_id","sample_id",0.00614868641699273
"8","PRJNA662018_PRJNA662018_P6T6",0,0.6,"specimen_sample_id","sample_id",0
"9","PRJNA662018_PRJNA662018_P6T6",0,0.6,"specimen_sample_id","sample_id",0
"10","PRJNA662018_PRJNA662018_P6T6",0,0.6,"specimen_sample_id","sample_id",0
"11","PRJNA662018_PRJNA662018_P6T6",8,0.6,"specimen_sample_id","sample_id",0.00952380952380952
"12","PRJNA662018_PRJNA662018_P6T6",1,0.6,"specimen_sample_id","sample_id",0.00131061598951507
"13","PRJNA662018_PRJNA662018_P6T6",0,0.6,"specimen_sample_id","sample_id",0
"14","PRJNA662018_PRJNA662018_P6T6",0,0.6,"specimen_sample_id","sample_id",0
"15","PRJNA662018_PRJNA662018_P6T6",0,0.6,"specimen_sample_id","sample_id",0
"16","PRJNA662018_PRJNA662018_P6T6",0,0.6,"specimen_sample_id","sample_id",0
"0","PRJNA662018_PRJNA662018_P7T7",23,0.6,"specimen_sample_id","sample_id",0.00272867481314509
"1","PRJNA662018_PRJNA662018_P7T7",125,0.6,"specimen_sample_id","sample_id",0.0151938738300717
"2","PRJNA662018_PRJNA662018_P7T7",26,0.6,"specimen_sample_id","sample_id",0.00610758750293634
"3","PRJNA662018_PRJNA662018_P7T7",42,0.6,"specimen_sample_id","sample_id",0.0131620181761203
"4","PRJNA662018_PRJNA662018_P7T7",3,0.6,"specimen_sample_id","sample_id",0.00110294117647059
"5","PRJNA662018_PRJNA662018_P7T7",12,0.6,"specimen_sample_id","sample_id",0.00512601452370782
"6","PRJNA662018_PRJNA662018_P7T7",27,0.6,"specimen_sample_id","sample_id",0.0115681233933162
"7","PRJNA662018_PRJNA662018_P7T7",16,0.6,"specimen_sample_id","sample_id",0.00894354387926216
"8","PRJNA662018_PRJNA662018_P7T7",0,0.6,"specimen_sample_id","sample_id",0
"9","PRJNA662018_PRJNA662018_P7T7",20,0.6,"specimen_sample_id","sample_id",0.0198412698412698
"10","PRJNA662018_PRJNA662018_P7T7",10,0.6,"specimen_sample_id","sample_id",0.0106951871657754
"11","PRJNA662018_PRJNA662018_P7T7",16,0.6,"specimen_sample_id","sample_id",0.019047619047619
"12","PRJNA662018_PRJNA662018_P7T7",5,0.6,"specimen_sample_id","sample_id",0.00655307994757536
"13","PRJNA662018_PRJNA662018_P7T7",2,0.6,"specimen_sample_id","sample_id",0.0027359781121751
"14","PRJNA662018_PRJNA662018_P7T7",1,0.6,"specimen_sample_id","sample_id",0.00222222222222222
"15","PRJNA662018_PRJNA662018_P7T7",0,0.6,"specimen_sample_id","sample_id",0
"16","PRJNA662018_PRJNA662018_P7T7",3,0.6,"specimen_sample_id","sample_id",0.0109489051094891
"0","PRJNA662018_PRJNA662018_P8T8",12,0.6,"specimen_sample_id","sample_id",0.00142365642424961
"1","PRJNA662018_PRJNA662018_P8T8",41,0.6,"specimen_sample_id","sample_id",0.00498359061626352
"2","PRJNA662018_PRJNA662018_P8T8",9,0.6,"specimen_sample_id","sample_id",0.00211416490486258
"3","PRJNA662018_PRJNA662018_P8T8",36,0.6,"specimen_sample_id","sample_id",0.011281729865246
"4","PRJNA662018_PRJNA662018_P8T8",1,0.6,"specimen_sample_id","sample_id",0.000367647058823529
"5","PRJNA662018_PRJNA662018_P8T8",2,0.6,"specimen_sample_id","sample_id",0.000854335753951303
"6","PRJNA662018_PRJNA662018_P8T8",12,0.6,"specimen_sample_id","sample_id",0.0051413881748072
"7","PRJNA662018_PRJNA662018_P8T8",41,0.6,"specimen_sample_id","sample_id",0.0229178311906093
"8","PRJNA662018_PRJNA662018_P8T8",0,0.6,"specimen_sample_id","sample_id",0
"9","PRJNA662018_PRJNA662018_P8T8",10,0.6,"specimen_sample_id","sample_id",0.00992063492063492
"10","PRJNA662018_PRJNA662018_P8T8",7,0.6,"specimen_sample_id","sample_id",0.00748663101604278
"11","PRJNA662018_PRJNA662018_P8T8",16,0.6,"specimen_sample_id","sample_id",0.019047619047619
"12","PRJNA662018_PRJNA662018_P8T8",8,0.6,"specimen_sample_id","sample_id",0.0104849279161206
"13","PRJNA662018_PRJNA662018_P8T8",2,0.6,"specimen_sample_id","sample_id",0.0027359781121751
"14","PRJNA662018_PRJNA662018_P8T8",0,0.6,"specimen_sample_id","sample_id",0
"15","PRJNA662018_PRJNA662018_P8T8",1,0.6,"specimen_sample_id","sample_id",0.003003003003003
"16","PRJNA662018_PRJNA662018_P8T8",1,0.6,"specimen_sample_id","sample_id",0.00364963503649635
"0",NA,7755,0.6,"specimen_sample_id","sample_id",0.920037964171313
"1",NA,6824,0.6,"specimen_sample_id","sample_id",0.829463960131275
"2",NA,3829,0.6,"specimen_sample_id","sample_id",0.899459713413202
"3",NA,2739,0.6,"specimen_sample_id","sample_id",0.858351613914134
"4",NA,2486,0.6,"specimen_sample_id","sample_id",0.913970588235294
"5",NA,1978,0.6,"specimen_sample_id","sample_id",0.844938060657838
"6",NA,2094,0.6,"specimen_sample_id","sample_id",0.897172236503856
"7",NA,1612,0.6,"specimen_sample_id","sample_id",0.901062045835662
"8",NA,1771,0.6,"specimen_sample_id","sample_id",1
"9",NA,842,0.6,"specimen_sample_id","sample_id",0.83531746031746
"10",NA,786,0.6,"specimen_sample_id","sample_id",0.840641711229947
"11",NA,649,0.6,"specimen_sample_id","sample_id",0.772619047619048
"12",NA,582,0.6,"specimen_sample_id","sample_id",0.762778505897772
"13",NA,671,0.6,"specimen_sample_id","sample_id",0.917920656634747
"14",NA,403,0.6,"specimen_sample_id","sample_id",0.895555555555556
"15",NA,258,0.6,"specimen_sample_id","sample_id",0.774774774774775
"16",NA,254,0.6,"specimen_sample_id","sample_id",0.927007299270073
"0","Normal",5928,0.6,"stage_T","T_stage",0.70328627357931
"1","Normal",1613,0.6,"stage_T","T_stage",0.196061747903245
"2","Normal",2277,0.6,"stage_T","T_stage",0.534883720930233
"3","Normal",1344,0.6,"stage_T","T_stage",0.421184581635851
"4","Normal",364,0.6,"stage_T","T_stage",0.133823529411765
"5","Normal",554,0.6,"stage_T","T_stage",0.236651003844511
"6","Normal",859,0.6,"stage_T","T_stage",0.368037703513282
"7","Normal",630,0.6,"stage_T","T_stage",0.352152040245947
"8","Normal",0,0.6,"stage_T","T_stage",0
"9","Normal",222,0.6,"stage_T","T_stage",0.220238095238095
"10","Normal",126,0.6,"stage_T","T_stage",0.13475935828877
"11","Normal",101,0.6,"stage_T","T_stage",0.120238095238095
"12","Normal",315,0.6,"stage_T","T_stage",0.412844036697248
"13","Normal",271,0.6,"stage_T","T_stage",0.370725034199726
"14","Normal",207,0.6,"stage_T","T_stage",0.46
"15","Normal",110,0.6,"stage_T","T_stage",0.33033033033033
"16","Normal",50,0.6,"stage_T","T_stage",0.182481751824818
"0","T1",521,0.6,"stage_T","T_stage",0.0618104164195041
"1","T1",966,0.6,"stage_T","T_stage",0.117418256958794
"2","T1",338,0.6,"stage_T","T_stage",0.0793986375381724
"3","T1",408,0.6,"stage_T","T_stage",0.127859605139455
"4","T1",44,0.6,"stage_T","T_stage",0.0161764705882353
"5","T1",154,0.6,"stage_T","T_stage",0.0657838530542503
"6","T1",286,0.6,"stage_T","T_stage",0.122536418166238
"7","T1",124,0.6,"stage_T","T_stage",0.0693124650642817
"8","T1",0,0.6,"stage_T","T_stage",0
"9","T1",104,0.6,"stage_T","T_stage",0.103174603174603
"10","T1",75,0.6,"stage_T","T_stage",0.0802139037433155
"11","T1",158,0.6,"stage_T","T_stage",0.188095238095238
"12","T1",56,0.6,"stage_T","T_stage",0.073394495412844
"13","T1",15,0.6,"stage_T","T_stage",0.0205198358413133
"14","T1",23,0.6,"stage_T","T_stage",0.0511111111111111
"15","T1",15,0.6,"stage_T","T_stage",0.045045045045045
"16","T1",30,0.6,"stage_T","T_stage",0.109489051094891
"0","T2",662,0.6,"stage_T","T_stage",0.0785383794044371
"1","T2",1884,0.6,"stage_T","T_stage",0.229002066366841
"2","T2",334,0.6,"stage_T","T_stage",0.0784590086915668
"3","T2",390,0.6,"stage_T","T_stage",0.122218740206832
"4","T2",935,0.6,"stage_T","T_stage",0.34375
"5","T2",612,0.6,"stage_T","T_stage",0.261426740709099
"6","T2",374,0.6,"stage_T","T_stage",0.160239931448158
"7","T2",435,0.6,"stage_T","T_stage",0.24315259921744
"8","T2",1015,0.6,"stage_T","T_stage",0.573122529644269
"9","T2",340,0.6,"stage_T","T_stage",0.337301587301587
"10","T2",247,0.6,"stage_T","T_stage",0.264171122994652
"11","T2",113,0.6,"stage_T","T_stage",0.13452380952381
"12","T2",118,0.6,"stage_T","T_stage",0.154652686762779
"13","T2",213,0.6,"stage_T","T_stage",0.291381668946648
"14","T2",106,0.6,"stage_T","T_stage",0.235555555555556
"15","T2",79,0.6,"stage_T","T_stage",0.237237237237237
"16","T2",78,0.6,"stage_T","T_stage",0.284671532846715
"0","T3",252,0.6,"stage_T","T_stage",0.0298967849092419
"1","T3",1101,0.6,"stage_T","T_stage",0.133827640695272
"2","T3",399,0.6,"stage_T","T_stage",0.0937279774489077
"3","T3",405,0.6,"stage_T","T_stage",0.126919460984018
"4","T3",115,0.6,"stage_T","T_stage",0.0422794117647059
"5","T3",134,0.6,"stage_T","T_stage",0.0572404955147373
"6","T3",321,0.6,"stage_T","T_stage",0.137532133676093
"7","T3",179,0.6,"stage_T","T_stage",0.100055897149245
"8","T3",164,0.6,"stage_T","T_stage",0.0926030491247883
"9","T3",72,0.6,"stage_T","T_stage",0.0714285714285714
"10","T3",114,0.6,"stage_T","T_stage",0.12192513368984
"11","T3",124,0.6,"stage_T","T_stage",0.147619047619048
"12","T3",50,0.6,"stage_T","T_stage",0.0655307994757536
"13","T3",78,0.6,"stage_T","T_stage",0.106703146374829
"14","T3",17,0.6,"stage_T","T_stage",0.0377777777777778
"15","T3",11,0.6,"stage_T","T_stage",0.033033033033033
"16","T3",41,0.6,"stage_T","T_stage",0.14963503649635
"0","T4",658,0.6,"stage_T","T_stage",0.0780638272630205
"1","T4",1033,0.6,"stage_T","T_stage",0.125562173331713
"2","T4",330,0.6,"stage_T","T_stage",0.0775193798449612
"3","T4",211,0.6,"stage_T","T_stage",0.0661234722657474
"4","T4",1084,0.6,"stage_T","T_stage",0.398529411764706
"5","T4",453,0.6,"stage_T","T_stage",0.19350704826997
"6","T4",206,0.6,"stage_T","T_stage",0.0882604970008569
"7","T4",87,0.6,"stage_T","T_stage",0.048630519843488
"8","T4",577,0.6,"stage_T","T_stage",0.325804630152456
"9","T4",63,0.6,"stage_T","T_stage",0.0625
"10","T4",144,0.6,"stage_T","T_stage",0.154010695187166
"11","T4",102,0.6,"stage_T","T_stage",0.121428571428571
"12","T4",47,0.6,"stage_T","T_stage",0.0615989515072084
"13","T4",58,0.6,"stage_T","T_stage",0.079343365253078
"14","T4",47,0.6,"stage_T","T_stage",0.104444444444444
"15","T4",67,0.6,"stage_T","T_stage",0.201201201201201
"16","T4",24,0.6,"stage_T","T_stage",0.0875912408759124
"0","Ta",71,0.6,"stage_T","T_stage",0.00842330051014355
"1","Ta",85,0.6,"stage_T","T_stage",0.0103318342044488
"2","Ta",161,0.6,"stage_T","T_stage",0.037820061075875
"3","Ta",40,0.6,"stage_T","T_stage",0.0125352554058289
"4","Ta",13,0.6,"stage_T","T_stage",0.00477941176470588
"5","Ta",47,0.6,"stage_T","T_stage",0.0200768902178556
"6","Ta",83,0.6,"stage_T","T_stage",0.0355612682090831
"7","Ta",7,0.6,"stage_T","T_stage",0.00391280044717719
"8","Ta",0,0.6,"stage_T","T_stage",0
"9","Ta",26,0.6,"stage_T","T_stage",0.0257936507936508
"10","Ta",11,0.6,"stage_T","T_stage",0.0117647058823529
"11","Ta",10,0.6,"stage_T","T_stage",0.0119047619047619
"12","Ta",19,0.6,"stage_T","T_stage",0.0249017038007864
"13","Ta",16,0.6,"stage_T","T_stage",0.0218878248974008
"14","Ta",4,0.6,"stage_T","T_stage",0.00888888888888889
"15","Ta",3,0.6,"stage_T","T_stage",0.00900900900900901
"16","Ta",6,0.6,"stage_T","T_stage",0.0218978102189781
"0",NA,337,0.6,"stage_T","T_stage",0.0399810179143433
"1",NA,1545,0.6,"stage_T","T_stage",0.187796280539686
"2",NA,418,0.6,"stage_T","T_stage",0.0981912144702842
"3",NA,393,0.6,"stage_T","T_stage",0.123158884362269
"4",NA,165,0.6,"stage_T","T_stage",0.0606617647058824
"5",NA,387,0.6,"stage_T","T_stage",0.165313968389577
"6",NA,205,0.6,"stage_T","T_stage",0.0878320479862896
"7",NA,327,0.6,"stage_T","T_stage",0.18278367803242
"8",NA,15,0.6,"stage_T","T_stage",0.00846979107848673
"9",NA,181,0.6,"stage_T","T_stage",0.179563492063492
"10",NA,218,0.6,"stage_T","T_stage",0.233155080213904
"11",NA,232,0.6,"stage_T","T_stage",0.276190476190476
"12",NA,158,0.6,"stage_T","T_stage",0.207077326343381
"13",NA,80,0.6,"stage_T","T_stage",0.109439124487004
"14",NA,46,0.6,"stage_T","T_stage",0.102222222222222
"15",NA,48,0.6,"stage_T","T_stage",0.144144144144144
"16",NA,45,0.6,"stage_T","T_stage",0.164233576642336
"0","N0",1255,0.6,"stage_N","N_stage",0.148890734369439
"1","N0",2241,0.6,"stage_N","N_stage",0.272395770025526
"2","N0",1009,0.6,"stage_N","N_stage",0.23702137655626
"3","N0",766,0.6,"stage_N","N_stage",0.240050141021623
"4","N0",130,0.6,"stage_N","N_stage",0.0477941176470588
"5","N0",291,0.6,"stage_N","N_stage",0.124305852199915
"6","N0",731,0.6,"stage_N","N_stage",0.313196229648672
"7","N0",264,0.6,"stage_N","N_stage",0.147568474007826
"8","N0",0,0.6,"stage_N","N_stage",0
"9","N0",267,0.6,"stage_N","N_stage",0.264880952380952
"10","N0",183,0.6,"stage_N","N_stage",0.19572192513369
"11","N0",336,0.6,"stage_N","N_stage",0.4
"12","N0",138,0.6,"stage_N","N_stage",0.18086500655308
"13","N0",106,0.6,"stage_N","N_stage",0.14500683994528
"14","N0",52,0.6,"stage_N","N_stage",0.115555555555556
"15","N0",27,0.6,"stage_N","N_stage",0.0810810810810811
"16","N0",87,0.6,"stage_N","N_stage",0.317518248175182
"0","N2",102,0.6,"stage_N","N_stage",0.0121010796061217
"1","N2",70,0.6,"stage_N","N_stage",0.00850856934484016
"2","N2",111,0.6,"stage_N","N_stage",0.0260747004933051
"3","N2",61,0.6,"stage_N","N_stage",0.0191162644938891
"4","N2",6,0.6,"stage_N","N_stage",0.00220588235294118
"5","N2",18,0.6,"stage_N","N_stage",0.00768902178556173
"6","N2",47,0.6,"stage_N","N_stage",0.0201371036846615
"7","N2",8,0.6,"stage_N","N_stage",0.00447177193963108
"8","N2",0,0.6,"stage_N","N_stage",0
"9","N2",31,0.6,"stage_N","N_stage",0.0307539682539683
"10","N2",11,0.6,"stage_N","N_stage",0.0117647058823529
"11","N2",5,0.6,"stage_N","N_stage",0.00595238095238095
"12","N2",15,0.6,"stage_N","N_stage",0.0196592398427261
"13","N2",10,0.6,"stage_N","N_stage",0.0136798905608755
"14","N2",15,0.6,"stage_N","N_stage",0.0333333333333333
"15","N2",2,0.6,"stage_N","N_stage",0.00600600600600601
"16","N2",4,0.6,"stage_N","N_stage",0.0145985401459854
"0","N3",59,0.6,"stage_N","N_stage",0.00699964408589394
"1","N3",109,0.6,"stage_N","N_stage",0.0132490579798225
"2","N3",46,0.6,"stage_N","N_stage",0.0108057317359643
"3","N3",85,0.6,"stage_N","N_stage",0.0266374177373864
"4","N3",12,0.6,"stage_N","N_stage",0.00441176470588235
"5","N3",37,0.6,"stage_N","N_stage",0.0158052114480991
"6","N3",53,0.6,"stage_N","N_stage",0.0227077977720651
"7","N3",144,0.6,"stage_N","N_stage",0.0804918949133594
"8","N3",0,0.6,"stage_N","N_stage",0
"9","N3",21,0.6,"stage_N","N_stage",0.0208333333333333
"10","N3",16,0.6,"stage_N","N_stage",0.0171122994652406
"11","N3",39,0.6,"stage_N","N_stage",0.0464285714285714
"12","N3",13,0.6,"stage_N","N_stage",0.0170380078636959
"13","N3",6,0.6,"stage_N","N_stage",0.00820793433652531
"14","N3",3,0.6,"stage_N","N_stage",0.00666666666666667
"15","N3",4,0.6,"stage_N","N_stage",0.012012012012012
"16","N3",3,0.6,"stage_N","N_stage",0.0109489051094891
"0","Normal",5928,0.6,"stage_N","N_stage",0.70328627357931
"1","Normal",1613,0.6,"stage_N","N_stage",0.196061747903245
"2","Normal",2277,0.6,"stage_N","N_stage",0.534883720930233
"3","Normal",1344,0.6,"stage_N","N_stage",0.421184581635851
"4","Normal",364,0.6,"stage_N","N_stage",0.133823529411765
"5","Normal",554,0.6,"stage_N","N_stage",0.236651003844511
"6","Normal",859,0.6,"stage_N","N_stage",0.368037703513282
"7","Normal",630,0.6,"stage_N","N_stage",0.352152040245947
"8","Normal",0,0.6,"stage_N","N_stage",0
"9","Normal",222,0.6,"stage_N","N_stage",0.220238095238095
"10","Normal",126,0.6,"stage_N","N_stage",0.13475935828877
"11","Normal",101,0.6,"stage_N","N_stage",0.120238095238095
"12","Normal",315,0.6,"stage_N","N_stage",0.412844036697248
"13","Normal",271,0.6,"stage_N","N_stage",0.370725034199726
"14","Normal",207,0.6,"stage_N","N_stage",0.46
"15","Normal",110,0.6,"stage_N","N_stage",0.33033033033033
"16","Normal",50,0.6,"stage_N","N_stage",0.182481751824818
"0",NA,1085,0.6,"stage_N","N_stage",0.128722268359236
"1",NA,4194,0.6,"stage_N","N_stage",0.509784854746566
"2",NA,814,0.6,"stage_N","N_stage",0.191214470284238
"3",NA,935,0.6,"stage_N","N_stage",0.29301159511125
"4",NA,2208,0.6,"stage_N","N_stage",0.811764705882353
"5",NA,1441,0.6,"stage_N","N_stage",0.615548910721914
"6",NA,644,0.6,"stage_N","N_stage",0.27592116538132
"7",NA,743,0.6,"stage_N","N_stage",0.415315818893236
"8",NA,1771,0.6,"stage_N","N_stage",1
"9",NA,467,0.6,"stage_N","N_stage",0.463293650793651
"10",NA,599,0.6,"stage_N","N_stage",0.640641711229947
"11",NA,359,0.6,"stage_N","N_stage",0.427380952380952
"12",NA,282,0.6,"stage_N","N_stage",0.36959370904325
"13",NA,338,0.6,"stage_N","N_stage",0.462380300957592
"14",NA,173,0.6,"stage_N","N_stage",0.384444444444444
"15",NA,190,0.6,"stage_N","N_stage",0.570570570570571
"16",NA,130,0.6,"stage_N","N_stage",0.474452554744526
"0","M0",1314,0.6,"stage_M","M_stage",0.155890378455333
"1","M0",2350,0.6,"stage_M","M_stage",0.285644828005348
"2","M0",1055,0.6,"stage_M","M_stage",0.247827108292225
"3","M0",851,0.6,"stage_M","M_stage",0.26668755875901
"4","M0",142,0.6,"stage_M","M_stage",0.0522058823529412
"5","M0",328,0.6,"stage_M","M_stage",0.140111063648014
"6","M0",784,0.6,"stage_M","M_stage",0.335904027420737
"7","M0",408,0.6,"stage_M","M_stage",0.228060368921185
"8","M0",0,0.6,"stage_M","M_stage",0
"9","M0",288,0.6,"stage_M","M_stage",0.285714285714286
"10","M0",199,0.6,"stage_M","M_stage",0.21283422459893
"11","M0",375,0.6,"stage_M","M_stage",0.446428571428571
"12","M0",151,0.6,"stage_M","M_stage",0.197903014416776
"13","M0",112,0.6,"stage_M","M_stage",0.153214774281806
"14","M0",55,0.6,"stage_M","M_stage",0.122222222222222
"15","M0",31,0.6,"stage_M","M_stage",0.0930930930930931
"16","M0",90,0.6,"stage_M","M_stage",0.328467153284672
"0","Normal",5928,0.6,"stage_M","M_stage",0.70328627357931
"1","Normal",1613,0.6,"stage_M","M_stage",0.196061747903245
"2","Normal",2277,0.6,"stage_M","M_stage",0.534883720930233
"3","Normal",1344,0.6,"stage_M","M_stage",0.421184581635851
"4","Normal",364,0.6,"stage_M","M_stage",0.133823529411765
"5","Normal",554,0.6,"stage_M","M_stage",0.236651003844511
"6","Normal",859,0.6,"stage_M","M_stage",0.368037703513282
"7","Normal",630,0.6,"stage_M","M_stage",0.352152040245947
"8","Normal",0,0.6,"stage_M","M_stage",0
"9","Normal",222,0.6,"stage_M","M_stage",0.220238095238095
"10","Normal",126,0.6,"stage_M","M_stage",0.13475935828877
"11","Normal",101,0.6,"stage_M","M_stage",0.120238095238095
"12","Normal",315,0.6,"stage_M","M_stage",0.412844036697248
"13","Normal",271,0.6,"stage_M","M_stage",0.370725034199726
"14","Normal",207,0.6,"stage_M","M_stage",0.46
"15","Normal",110,0.6,"stage_M","M_stage",0.33033033033033
"16","Normal",50,0.6,"stage_M","M_stage",0.182481751824818
"0",NA,1187,0.6,"stage_M","M_stage",0.140823347965358
"1",NA,4264,0.6,"stage_M","M_stage",0.518293424091406
"2",NA,925,0.6,"stage_M","M_stage",0.217289170777543
"3",NA,996,0.6,"stage_M","M_stage",0.312127859605139
"4",NA,2214,0.6,"stage_M","M_stage",0.813970588235294
"5",NA,1459,0.6,"stage_M","M_stage",0.623237932507475
"6",NA,691,0.6,"stage_M","M_stage",0.296058269065981
"7",NA,751,0.6,"stage_M","M_stage",0.419787590832868
"8",NA,1771,0.6,"stage_M","M_stage",1
"9",NA,498,0.6,"stage_M","M_stage",0.494047619047619
"10",NA,610,0.6,"stage_M","M_stage",0.6524064171123
"11",NA,364,0.6,"stage_M","M_stage",0.433333333333333
"12",NA,297,0.6,"stage_M","M_stage",0.389252948885976
"13",NA,348,0.6,"stage_M","M_stage",0.476060191518468
"14",NA,188,0.6,"stage_M","M_stage",0.417777777777778
"15",NA,192,0.6,"stage_M","M_stage",0.576576576576577
"16",NA,134,0.6,"stage_M","M_stage",0.489051094890511
"0","MIBC",1671,0.6,"clinical_type","Type",0.198244157076759
"1","MIBC",4669,0.6,"clinical_type","Type",0.567521575300839
"2","MIBC",1287,0.6,"clinical_type","Type",0.302325581395349
"3","MIBC",1202,0.6,"clinical_type","Type",0.376684424945158
"4","MIBC",2180,0.6,"clinical_type","Type",0.801470588235294
"5","MIBC",1316,0.6,"clinical_type","Type",0.562152926099957
"6","MIBC",1000,0.6,"clinical_type","Type",0.428449014567266
"7","MIBC",956,0.6,"clinical_type","Type",0.534376746785914
"8","MIBC",1771,0.6,"clinical_type","Type",1
"9","MIBC",541,0.6,"clinical_type","Type",0.536706349206349
"10","MIBC",632,0.6,"clinical_type","Type",0.675935828877005
"11","MIBC",458,0.6,"clinical_type","Type",0.545238095238095
"12","MIBC",247,0.6,"clinical_type","Type",0.323722149410223
"13","MIBC",392,0.6,"clinical_type","Type",0.53625170998632
"14","MIBC",192,0.6,"clinical_type","Type",0.426666666666667
"15","MIBC",177,0.6,"clinical_type","Type",0.531531531531532
"16","MIBC",176,0.6,"clinical_type","Type",0.642335766423358
"0","NMIBC",830,0.6,"clinical_type","Type",0.0984695693439317
"1","NMIBC",1945,0.6,"clinical_type","Type",0.236416676795916
"2","NMIBC",693,0.6,"clinical_type","Type",0.162790697674419
"3","NMIBC",645,0.6,"clinical_type","Type",0.202130993418991
"4","NMIBC",176,0.6,"clinical_type","Type",0.0647058823529412
"5","NMIBC",471,0.6,"clinical_type","Type",0.201196070055532
"6","NMIBC",475,0.6,"clinical_type","Type",0.203513281919452
"7","NMIBC",203,0.6,"clinical_type","Type",0.113471212968139
"8","NMIBC",0,0.6,"clinical_type","Type",0
"9","NMIBC",245,0.6,"clinical_type","Type",0.243055555555556
"10","NMIBC",177,0.6,"clinical_type","Type",0.189304812834225
"11","NMIBC",281,0.6,"clinical_type","Type",0.33452380952381
"12","NMIBC",201,0.6,"clinical_type","Type",0.26343381389253
"13","NMIBC",68,0.6,"clinical_type","Type",0.0930232558139535
"14","NMIBC",51,0.6,"clinical_type","Type",0.113333333333333
"15","NMIBC",46,0.6,"clinical_type","Type",0.138138138138138
"16","NMIBC",48,0.6,"clinical_type","Type",0.175182481751825
"0","Normal",5928,0.6,"clinical_type","Type",0.70328627357931
"1","Normal",1613,0.6,"clinical_type","Type",0.196061747903245
"2","Normal",2277,0.6,"clinical_type","Type",0.534883720930233
"3","Normal",1344,0.6,"clinical_type","Type",0.421184581635851
"4","Normal",364,0.6,"clinical_type","Type",0.133823529411765
"5","Normal",554,0.6,"clinical_type","Type",0.236651003844511
"6","Normal",859,0.6,"clinical_type","Type",0.368037703513282
"7","Normal",630,0.6,"clinical_type","Type",0.352152040245947
"8","Normal",0,0.6,"clinical_type","Type",0
"9","Normal",222,0.6,"clinical_type","Type",0.220238095238095
"10","Normal",126,0.6,"clinical_type","Type",0.13475935828877
"11","Normal",101,0.6,"clinical_type","Type",0.120238095238095
"12","Normal",315,0.6,"clinical_type","Type",0.412844036697248
"13","Normal",271,0.6,"clinical_type","Type",0.370725034199726
"14","Normal",207,0.6,"clinical_type","Type",0.46
"15","Normal",110,0.6,"clinical_type","Type",0.33033033033033
"16","Normal",50,0.6,"clinical_type","Type",0.182481751824818
"0","CNP0000460",1088,0.8,"dataset","dataset",0.184469311631061
"1","CNP0000460",994,0.8,"dataset","dataset",0.18737040527804
"2","CNP0000460",1113,0.8,"dataset","dataset",0.24195652173913
"3","CNP0000460",881,0.8,"dataset","dataset",0.276956931782458
"4","CNP0000460",498,0.8,"dataset","dataset",0.203265306122449
"5","CNP0000460",165,0.8,"dataset","dataset",0.0686356073211314
"6","CNP0000460",16,0.8,"dataset","dataset",0.0081383519837233
"7","CNP0000460",287,0.8,"dataset","dataset",0.151611199154781
"8","CNP0000460",821,0.8,"dataset","dataset",0.460459899046551
"9","CNP0000460",0,0.8,"dataset","dataset",0
"10","CNP0000460",445,0.8,"dataset","dataset",0.256780150028852
"11","CNP0000460",251,0.8,"dataset","dataset",0.249255213505462
"12","CNP0000460",143,0.8,"dataset","dataset",0.148494288681205
"13","CNP0000460",234,0.8,"dataset","dataset",0.276269185360094
"14","CNP0000460",245,0.8,"dataset","dataset",0.29482551143201
"15","CNP0000460",51,0.8,"dataset","dataset",0.0615942028985507
"16","CNP0000460",134,0.8,"dataset","dataset",0.17562254259502
"17","CNP0000460",79,0.8,"dataset","dataset",0.120060790273556
"18","CNP0000460",103,0.8,"dataset","dataset",0.228888888888889
"19","CNP0000460",104,0.8,"dataset","dataset",0.23162583518931
"20","CNP0000460",49,0.8,"dataset","dataset",0.147147147147147
"21","CNP0000460",40,0.8,"dataset","dataset",0.142857142857143
"0","GSE326225",237,0.8,"dataset","dataset",0.0401831129196338
"1","GSE326225",142,0.8,"dataset","dataset",0.0267672007540057
"2","GSE326225",33,0.8,"dataset","dataset",0.00717391304347826
"3","GSE326225",87,0.8,"dataset","dataset",0.027349889971707
"4","GSE326225",142,0.8,"dataset","dataset",0.0579591836734694
"5","GSE326225",61,0.8,"dataset","dataset",0.0253743760399334
"6","GSE326225",19,0.8,"dataset","dataset",0.00966429298067141
"7","GSE326225",92,0.8,"dataset","dataset",0.0486001056524036
"8","GSE326225",176,0.8,"dataset","dataset",0.0987100392596747
"9","GSE326225",15,0.8,"dataset","dataset",0.00846979107848673
"10","GSE326225",15,0.8,"dataset","dataset",0.00865551067512983
"11","GSE326225",30,0.8,"dataset","dataset",0.0297914597815293
"12","GSE326225",101,0.8,"dataset","dataset",0.104880581516096
"13","GSE326225",54,0.8,"dataset","dataset",0.063754427390791
"14","GSE326225",9,0.8,"dataset","dataset",0.0108303249097473
"15","GSE326225",71,0.8,"dataset","dataset",0.0857487922705314
"16","GSE326225",16,0.8,"dataset","dataset",0.0209698558322412
"17","GSE326225",17,0.8,"dataset","dataset",0.0258358662613982
"18","GSE326225",21,0.8,"dataset","dataset",0.0466666666666667
"19","GSE326225",11,0.8,"dataset","dataset",0.0244988864142539
"20","GSE326225",19,0.8,"dataset","dataset",0.0570570570570571
"21","GSE326225",28,0.8,"dataset","dataset",0.1
"0","HRA003620",1751,0.8,"dataset","dataset",0.296880298406239
"1","HRA003620",2679,0.8,"dataset","dataset",0.504995287464656
"2","HRA003620",2956,0.8,"dataset","dataset",0.642608695652174
"3","HRA003620",1223,0.8,"dataset","dataset",0.384470292360893
"4","HRA003620",583,0.8,"dataset","dataset",0.237959183673469
"5","HRA003620",1705,0.8,"dataset","dataset",0.709234608985025
"6","HRA003620",69,0.8,"dataset","dataset",0.0350966429298067
"7","HRA003620",307,0.8,"dataset","dataset",0.162176439513999
"8","HRA003620",193,0.8,"dataset","dataset",0.108244531688166
"9","HRA003620",0,0.8,"dataset","dataset",0
"10","HRA003620",866,0.8,"dataset","dataset",0.499711482977496
"11","HRA003620",275,0.8,"dataset","dataset",0.273088381330685
"12","HRA003620",170,0.8,"dataset","dataset",0.176531671858775
"13","HRA003620",238,0.8,"dataset","dataset",0.28099173553719
"14","HRA003620",476,0.8,"dataset","dataset",0.57280385078219
"15","HRA003620",191,0.8,"dataset","dataset",0.230676328502415
"16","HRA003620",308,0.8,"dataset","dataset",0.403669724770642
"17","HRA003620",402,0.8,"dataset","dataset",0.610942249240122
"18","HRA003620",152,0.8,"dataset","dataset",0.337777777777778
"19","HRA003620",123,0.8,"dataset","dataset",0.273942093541203
"20","HRA003620",48,0.8,"dataset","dataset",0.144144144144144
"21","HRA003620",108,0.8,"dataset","dataset",0.385714285714286
"0","InhouseData",1713,0.8,"dataset","dataset",0.290437436419125
"1","InhouseData",1040,0.8,"dataset","dataset",0.196041470311027
"2","InhouseData",121,0.8,"dataset","dataset",0.026304347826087
"3","InhouseData",539,0.8,"dataset","dataset",0.169443571204024
"4","InhouseData",972,0.8,"dataset","dataset",0.396734693877551
"5","InhouseData",236,0.8,"dataset","dataset",0.0981697171381032
"6","InhouseData",1721,0.8,"dataset","dataset",0.875381485249237
"7","InhouseData",931,0.8,"dataset","dataset",0.491811938721606
"8","InhouseData",416,0.8,"dataset","dataset",0.23331463825014
"9","InhouseData",1756,0.8,"dataset","dataset",0.991530208921513
"10","InhouseData",202,0.8,"dataset","dataset",0.116560877091748
"11","InhouseData",285,0.8,"dataset","dataset",0.283018867924528
"12","InhouseData",397,0.8,"dataset","dataset",0.412253374870197
"13","InhouseData",129,0.8,"dataset","dataset",0.152302243211334
"14","InhouseData",22,0.8,"dataset","dataset",0.02647412755716
"15","InhouseData",416,0.8,"dataset","dataset",0.502415458937198
"16","InhouseData",124,0.8,"dataset","dataset",0.162516382699869
"17","InhouseData",76,0.8,"dataset","dataset",0.115501519756839
"18","InhouseData",127,0.8,"dataset","dataset",0.282222222222222
"19","InhouseData",124,0.8,"dataset","dataset",0.276169265033408
"20","InhouseData",142,0.8,"dataset","dataset",0.426426426426426
"21","InhouseData",84,0.8,"dataset","dataset",0.3
"0","PRJNA662018",1109,0.8,"dataset","dataset",0.18802984062394
"1","PRJNA662018",450,0.8,"dataset","dataset",0.0848256361922714
"2","PRJNA662018",377,0.8,"dataset","dataset",0.0819565217391304
"3","PRJNA662018",451,0.8,"dataset","dataset",0.141779314680918
"4","PRJNA662018",255,0.8,"dataset","dataset",0.104081632653061
"5","PRJNA662018",237,0.8,"dataset","dataset",0.098585690515807
"6","PRJNA662018",141,0.8,"dataset","dataset",0.0717192268565615
"7","PRJNA662018",276,0.8,"dataset","dataset",0.145800316957211
"8","PRJNA662018",177,0.8,"dataset","dataset",0.0992708917554683
"9","PRJNA662018",0,0.8,"dataset","dataset",0
"10","PRJNA662018",205,0.8,"dataset","dataset",0.118291979226774
"11","PRJNA662018",166,0.8,"dataset","dataset",0.164846077457795
"12","PRJNA662018",152,0.8,"dataset","dataset",0.157840083073728
"13","PRJNA662018",192,0.8,"dataset","dataset",0.22668240850059
"14","PRJNA662018",79,0.8,"dataset","dataset",0.0950661853188929
"15","PRJNA662018",99,0.8,"dataset","dataset",0.119565217391304
"16","PRJNA662018",181,0.8,"dataset","dataset",0.237221494102228
"17","PRJNA662018",84,0.8,"dataset","dataset",0.127659574468085
"18","PRJNA662018",47,0.8,"dataset","dataset",0.104444444444444
"19","PRJNA662018",87,0.8,"dataset","dataset",0.193763919821826
"20","PRJNA662018",75,0.8,"dataset","dataset",0.225225225225225
"21","PRJNA662018",20,0.8,"dataset","dataset",0.0714285714285714
"0","CNP0000460_P01N",133,0.8,"specimen_orig_ident","orig.ident",0.0225500169549
"1","CNP0000460_P01N",112,0.8,"specimen_orig_ident","orig.ident",0.0211121583411876
"2","CNP0000460_P01N",132,0.8,"specimen_orig_ident","orig.ident",0.028695652173913
"3","CNP0000460_P01N",62,0.8,"specimen_orig_ident","orig.ident",0.0194907261867337
"4","CNP0000460_P01N",24,0.8,"specimen_orig_ident","orig.ident",0.00979591836734694
"5","CNP0000460_P01N",13,0.8,"specimen_orig_ident","orig.ident",0.00540765391014975
"6","CNP0000460_P01N",1,0.8,"specimen_orig_ident","orig.ident",0.000508646998982706
"7","CNP0000460_P01N",73,0.8,"specimen_orig_ident","orig.ident",0.0385631273111463
"8","CNP0000460_P01N",227,0.8,"specimen_orig_ident","orig.ident",0.127313516545149
"9","CNP0000460_P01N",0,0.8,"specimen_orig_ident","orig.ident",0
"10","CNP0000460_P01N",44,0.8,"specimen_orig_ident","orig.ident",0.0253894979803808
"11","CNP0000460_P01N",7,0.8,"specimen_orig_ident","orig.ident",0.00695134061569017
"12","CNP0000460_P01N",7,0.8,"specimen_orig_ident","orig.ident",0.00726895119418484
"13","CNP0000460_P01N",7,0.8,"specimen_orig_ident","orig.ident",0.00826446280991736
"14","CNP0000460_P01N",12,0.8,"specimen_orig_ident","orig.ident",0.0144404332129964
"15","CNP0000460_P01N",1,0.8,"specimen_orig_ident","orig.ident",0.00120772946859903
"16","CNP0000460_P01N",13,0.8,"specimen_orig_ident","orig.ident",0.0170380078636959
"17","CNP0000460_P01N",8,0.8,"specimen_orig_ident","orig.ident",0.0121580547112462
"18","CNP0000460_P01N",2,0.8,"specimen_orig_ident","orig.ident",0.00444444444444444
"19","CNP0000460_P01N",17,0.8,"specimen_orig_ident","orig.ident",0.0378619153674833
"20","CNP0000460_P01N",6,0.8,"specimen_orig_ident","orig.ident",0.018018018018018
"21","CNP0000460_P01N",2,0.8,"specimen_orig_ident","orig.ident",0.00714285714285714
"0","CNP0000460_P01T",58,0.8,"specimen_orig_ident","orig.ident",0.00983384198033232
"1","CNP0000460_P01T",45,0.8,"specimen_orig_ident","orig.ident",0.00848256361922714
"2","CNP0000460_P01T",77,0.8,"specimen_orig_ident","orig.ident",0.0167391304347826
"3","CNP0000460_P01T",12,0.8,"specimen_orig_ident","orig.ident",0.00377239861678717
"4","CNP0000460_P01T",50,0.8,"specimen_orig_ident","orig.ident",0.0204081632653061
"5","CNP0000460_P01T",7,0.8,"specimen_orig_ident","orig.ident",0.00291181364392679
"6","CNP0000460_P01T",0,0.8,"specimen_orig_ident","orig.ident",0
"7","CNP0000460_P01T",6,0.8,"specimen_orig_ident","orig.ident",0.00316957210776545
"8","CNP0000460_P01T",36,0.8,"specimen_orig_ident","orig.ident",0.0201906898485698
"9","CNP0000460_P01T",0,0.8,"specimen_orig_ident","orig.ident",0
"10","CNP0000460_P01T",24,0.8,"specimen_orig_ident","orig.ident",0.0138488170802077
"11","CNP0000460_P01T",8,0.8,"specimen_orig_ident","orig.ident",0.00794438927507448
"12","CNP0000460_P01T",11,0.8,"specimen_orig_ident","orig.ident",0.0114226375908619
"13","CNP0000460_P01T",10,0.8,"specimen_orig_ident","orig.ident",0.0118063754427391
"14","CNP0000460_P01T",17,0.8,"specimen_orig_ident","orig.ident",0.0204572803850782
"15","CNP0000460_P01T",4,0.8,"specimen_orig_ident","orig.ident",0.00483091787439614
"16","CNP0000460_P01T",5,0.8,"specimen_orig_ident","orig.ident",0.00655307994757536
"17","CNP0000460_P01T",4,0.8,"specimen_orig_ident","orig.ident",0.0060790273556231
"18","CNP0000460_P01T",1,0.8,"specimen_orig_ident","orig.ident",0.00222222222222222
"19","CNP0000460_P01T",2,0.8,"specimen_orig_ident","orig.ident",0.0044543429844098
"20","CNP0000460_P01T",0,0.8,"specimen_orig_ident","orig.ident",0
"21","CNP0000460_P01T",4,0.8,"specimen_orig_ident","orig.ident",0.0142857142857143
"0","CNP0000460_P02N",19,0.8,"specimen_orig_ident","orig.ident",0.00322143099355714
"1","CNP0000460_P02N",44,0.8,"specimen_orig_ident","orig.ident",0.00829406220546654
"2","CNP0000460_P02N",45,0.8,"specimen_orig_ident","orig.ident",0.00978260869565217
"3","CNP0000460_P02N",29,0.8,"specimen_orig_ident","orig.ident",0.009116629990569
"4","CNP0000460_P02N",5,0.8,"specimen_orig_ident","orig.ident",0.00204081632653061
"5","CNP0000460_P02N",14,0.8,"specimen_orig_ident","orig.ident",0.00582362728785358
"6","CNP0000460_P02N",1,0.8,"specimen_orig_ident","orig.ident",0.000508646998982706
"7","CNP0000460_P02N",9,0.8,"specimen_orig_ident","orig.ident",0.00475435816164818
"8","CNP0000460_P02N",2,0.8,"specimen_orig_ident","orig.ident",0.00112170499158721
"9","CNP0000460_P02N",0,0.8,"specimen_orig_ident","orig.ident",0
"10","CNP0000460_P02N",11,0.8,"specimen_orig_ident","orig.ident",0.00634737449509521
"11","CNP0000460_P02N",8,0.8,"specimen_orig_ident","orig.ident",0.00794438927507448
"12","CNP0000460_P02N",5,0.8,"specimen_orig_ident","orig.ident",0.00519210799584631
"13","CNP0000460_P02N",2,0.8,"specimen_orig_ident","orig.ident",0.00236127508854782
"14","CNP0000460_P02N",7,0.8,"specimen_orig_ident","orig.ident",0.00842358604091456
"15","CNP0000460_P02N",0,0.8,"specimen_orig_ident","orig.ident",0
"16","CNP0000460_P02N",4,0.8,"specimen_orig_ident","orig.ident",0.00524246395806029
"17","CNP0000460_P02N",2,0.8,"specimen_orig_ident","orig.ident",0.00303951367781155
"18","CNP0000460_P02N",24,0.8,"specimen_orig_ident","orig.ident",0.0533333333333333
"19","CNP0000460_P02N",1,0.8,"specimen_orig_ident","orig.ident",0.0022271714922049
"20","CNP0000460_P02N",4,0.8,"specimen_orig_ident","orig.ident",0.012012012012012
"21","CNP0000460_P02N",1,0.8,"specimen_orig_ident","orig.ident",0.00357142857142857
"0","CNP0000460_P02T",44,0.8,"specimen_orig_ident","orig.ident",0.00746015598507969
"1","CNP0000460_P02T",57,0.8,"specimen_orig_ident","orig.ident",0.0107445805843544
"2","CNP0000460_P02T",96,0.8,"specimen_orig_ident","orig.ident",0.0208695652173913
"3","CNP0000460_P02T",52,0.8,"specimen_orig_ident","orig.ident",0.0163470606727444
"4","CNP0000460_P02T",55,0.8,"specimen_orig_ident","orig.ident",0.0224489795918367
"5","CNP0000460_P02T",4,0.8,"specimen_orig_ident","orig.ident",0.00166389351081531
"6","CNP0000460_P02T",4,0.8,"specimen_orig_ident","orig.ident",0.00203458799593082
"7","CNP0000460_P02T",23,0.8,"specimen_orig_ident","orig.ident",0.0121500264131009
"8","CNP0000460_P02T",55,0.8,"specimen_orig_ident","orig.ident",0.0308468872686483
"9","CNP0000460_P02T",0,0.8,"specimen_orig_ident","orig.ident",0
"10","CNP0000460_P02T",36,0.8,"specimen_orig_ident","orig.ident",0.0207732256203116
"11","CNP0000460_P02T",80,0.8,"specimen_orig_ident","orig.ident",0.0794438927507448
"12","CNP0000460_P02T",9,0.8,"specimen_orig_ident","orig.ident",0.00934579439252336
"13","CNP0000460_P02T",17,0.8,"specimen_orig_ident","orig.ident",0.0200708382526564
"14","CNP0000460_P02T",36,0.8,"specimen_orig_ident","orig.ident",0.0433212996389892
"15","CNP0000460_P02T",1,0.8,"specimen_orig_ident","orig.ident",0.00120772946859903
"16","CNP0000460_P02T",17,0.8,"specimen_orig_ident","orig.ident",0.0222804718217562
"17","CNP0000460_P02T",6,0.8,"specimen_orig_ident","orig.ident",0.00911854103343465
"18","CNP0000460_P02T",10,0.8,"specimen_orig_ident","orig.ident",0.0222222222222222
"19","CNP0000460_P02T",11,0.8,"specimen_orig_ident","orig.ident",0.0244988864142539
"20","CNP0000460_P02T",4,0.8,"specimen_orig_ident","orig.ident",0.012012012012012
"21","CNP0000460_P02T",4,0.8,"specimen_orig_ident","orig.ident",0.0142857142857143
"0","CNP0000460_P03N",98,0.8,"specimen_orig_ident","orig.ident",0.0166158019667684
"1","CNP0000460_P03N",146,0.8,"specimen_orig_ident","orig.ident",0.0275212064090481
"2","CNP0000460_P03N",129,0.8,"specimen_orig_ident","orig.ident",0.0280434782608696
"3","CNP0000460_P03N",121,0.8,"specimen_orig_ident","orig.ident",0.0380383527192707
"4","CNP0000460_P03N",53,0.8,"specimen_orig_ident","orig.ident",0.0216326530612245
"5","CNP0000460_P03N",11,0.8,"specimen_orig_ident","orig.ident",0.0045757071547421
"6","CNP0000460_P03N",0,0.8,"specimen_orig_ident","orig.ident",0
"7","CNP0000460_P03N",34,0.8,"specimen_orig_ident","orig.ident",0.0179609086106709
"8","CNP0000460_P03N",20,0.8,"specimen_orig_ident","orig.ident",0.0112170499158721
"9","CNP0000460_P03N",0,0.8,"specimen_orig_ident","orig.ident",0
"10","CNP0000460_P03N",53,0.8,"specimen_orig_ident","orig.ident",0.0305828043854587
"11","CNP0000460_P03N",13,0.8,"specimen_orig_ident","orig.ident",0.012909632571996
"12","CNP0000460_P03N",13,0.8,"specimen_orig_ident","orig.ident",0.0134994807892004
"13","CNP0000460_P03N",9,0.8,"specimen_orig_ident","orig.ident",0.0106257378984652
"14","CNP0000460_P03N",33,0.8,"specimen_orig_ident","orig.ident",0.0397111913357401
"15","CNP0000460_P03N",3,0.8,"specimen_orig_ident","orig.ident",0.0036231884057971
"16","CNP0000460_P03N",10,0.8,"specimen_orig_ident","orig.ident",0.0131061598951507
"17","CNP0000460_P03N",9,0.8,"specimen_orig_ident","orig.ident",0.013677811550152
"18","CNP0000460_P03N",14,0.8,"specimen_orig_ident","orig.ident",0.0311111111111111
"19","CNP0000460_P03N",8,0.8,"specimen_orig_ident","orig.ident",0.0178173719376392
"20","CNP0000460_P03N",13,0.8,"specimen_orig_ident","orig.ident",0.039039039039039
"21","CNP0000460_P03N",3,0.8,"specimen_orig_ident","orig.ident",0.0107142857142857
"0","CNP0000460_P03T",185,0.8,"specimen_orig_ident","orig.ident",0.0313665649372669
"1","CNP0000460_P03T",170,0.8,"specimen_orig_ident","orig.ident",0.0320452403393025
"2","CNP0000460_P03T",176,0.8,"specimen_orig_ident","orig.ident",0.0382608695652174
"3","CNP0000460_P03T",231,0.8,"specimen_orig_ident","orig.ident",0.0726186733731531
"4","CNP0000460_P03T",128,0.8,"specimen_orig_ident","orig.ident",0.0522448979591837
"5","CNP0000460_P03T",20,0.8,"specimen_orig_ident","orig.ident",0.00831946755407654
"6","CNP0000460_P03T",1,0.8,"specimen_orig_ident","orig.ident",0.000508646998982706
"7","CNP0000460_P03T",15,0.8,"specimen_orig_ident","orig.ident",0.00792393026941363
"8","CNP0000460_P03T",22,0.8,"specimen_orig_ident","orig.ident",0.0123387549074593
"9","CNP0000460_P03T",0,0.8,"specimen_orig_ident","orig.ident",0
"10","CNP0000460_P03T",81,0.8,"specimen_orig_ident","orig.ident",0.0467397576457011
"11","CNP0000460_P03T",31,0.8,"specimen_orig_ident","orig.ident",0.0307845084409136
"12","CNP0000460_P03T",31,0.8,"specimen_orig_ident","orig.ident",0.0321910695742471
"13","CNP0000460_P03T",60,0.8,"specimen_orig_ident","orig.ident",0.0708382526564345
"14","CNP0000460_P03T",54,0.8,"specimen_orig_ident","orig.ident",0.0649819494584837
"15","CNP0000460_P03T",16,0.8,"specimen_orig_ident","orig.ident",0.0193236714975845
"16","CNP0000460_P03T",16,0.8,"specimen_orig_ident","orig.ident",0.0209698558322412
"17","CNP0000460_P03T",5,0.8,"specimen_orig_ident","orig.ident",0.00759878419452888
"18","CNP0000460_P03T",5,0.8,"specimen_orig_ident","orig.ident",0.0111111111111111
"19","CNP0000460_P03T",13,0.8,"specimen_orig_ident","orig.ident",0.0289532293986637
"20","CNP0000460_P03T",0,0.8,"specimen_orig_ident","orig.ident",0
"21","CNP0000460_P03T",7,0.8,"specimen_orig_ident","orig.ident",0.025
"0","CNP0000460_P04T",81,0.8,"specimen_orig_ident","orig.ident",0.0137334689725331
"1","CNP0000460_P04T",27,0.8,"specimen_orig_ident","orig.ident",0.00508953817153629
"2","CNP0000460_P04T",44,0.8,"specimen_orig_ident","orig.ident",0.00956521739130435
"3","CNP0000460_P04T",84,0.8,"specimen_orig_ident","orig.ident",0.0264067903175102
"4","CNP0000460_P04T",38,0.8,"specimen_orig_ident","orig.ident",0.0155102040816327
"5","CNP0000460_P04T",38,0.8,"specimen_orig_ident","orig.ident",0.0158069883527454
"6","CNP0000460_P04T",1,0.8,"specimen_orig_ident","orig.ident",0.000508646998982706
"7","CNP0000460_P04T",28,0.8,"specimen_orig_ident","orig.ident",0.0147913365029054
"8","CNP0000460_P04T",145,0.8,"specimen_orig_ident","orig.ident",0.0813236118900729
"9","CNP0000460_P04T",0,0.8,"specimen_orig_ident","orig.ident",0
"10","CNP0000460_P04T",41,0.8,"specimen_orig_ident","orig.ident",0.0236583958453549
"11","CNP0000460_P04T",21,0.8,"specimen_orig_ident","orig.ident",0.0208540218470705
"12","CNP0000460_P04T",16,0.8,"specimen_orig_ident","orig.ident",0.0166147455867082
"13","CNP0000460_P04T",39,0.8,"specimen_orig_ident","orig.ident",0.0460448642266824
"14","CNP0000460_P04T",4,0.8,"specimen_orig_ident","orig.ident",0.00481347773766546
"15","CNP0000460_P04T",5,0.8,"specimen_orig_ident","orig.ident",0.00603864734299517
"16","CNP0000460_P04T",13,0.8,"specimen_orig_ident","orig.ident",0.0170380078636959
"17","CNP0000460_P04T",5,0.8,"specimen_orig_ident","orig.ident",0.00759878419452888
"18","CNP0000460_P04T",3,0.8,"specimen_orig_ident","orig.ident",0.00666666666666667
"19","CNP0000460_P04T",10,0.8,"specimen_orig_ident","orig.ident",0.022271714922049
"20","CNP0000460_P04T",4,0.8,"specimen_orig_ident","orig.ident",0.012012012012012
"21","CNP0000460_P04T",3,0.8,"specimen_orig_ident","orig.ident",0.0107142857142857
"0","CNP0000460_P05N",43,0.8,"specimen_orig_ident","orig.ident",0.00729060698541879
"1","CNP0000460_P05N",53,0.8,"specimen_orig_ident","orig.ident",0.00999057492931197
"2","CNP0000460_P05N",62,0.8,"specimen_orig_ident","orig.ident",0.0134782608695652
"3","CNP0000460_P05N",75,0.8,"specimen_orig_ident","orig.ident",0.0235774913549198
"4","CNP0000460_P05N",12,0.8,"specimen_orig_ident","orig.ident",0.00489795918367347
"5","CNP0000460_P05N",4,0.8,"specimen_orig_ident","orig.ident",0.00166389351081531
"6","CNP0000460_P05N",1,0.8,"specimen_orig_ident","orig.ident",0.000508646998982706
"7","CNP0000460_P05N",33,0.8,"specimen_orig_ident","orig.ident",0.01743264659271
"8","CNP0000460_P05N",168,0.8,"specimen_orig_ident","orig.ident",0.0942232192933259
"9","CNP0000460_P05N",0,0.8,"specimen_orig_ident","orig.ident",0
"10","CNP0000460_P05N",22,0.8,"specimen_orig_ident","orig.ident",0.0126947489901904
"11","CNP0000460_P05N",6,0.8,"specimen_orig_ident","orig.ident",0.00595829195630586
"12","CNP0000460_P05N",9,0.8,"specimen_orig_ident","orig.ident",0.00934579439252336
"13","CNP0000460_P05N",0,0.8,"specimen_orig_ident","orig.ident",0
"14","CNP0000460_P05N",21,0.8,"specimen_orig_ident","orig.ident",0.0252707581227437
"15","CNP0000460_P05N",2,0.8,"specimen_orig_ident","orig.ident",0.00241545893719807
"16","CNP0000460_P05N",6,0.8,"specimen_orig_ident","orig.ident",0.00786369593709043
"17","CNP0000460_P05N",6,0.8,"specimen_orig_ident","orig.ident",0.00911854103343465
"18","CNP0000460_P05N",19,0.8,"specimen_orig_ident","orig.ident",0.0422222222222222
"19","CNP0000460_P05N",5,0.8,"specimen_orig_ident","orig.ident",0.0111358574610245
"20","CNP0000460_P05N",4,0.8,"specimen_orig_ident","orig.ident",0.012012012012012
"21","CNP0000460_P05N",0,0.8,"specimen_orig_ident","orig.ident",0
"0","CNP0000460_P05T",21,0.8,"specimen_orig_ident","orig.ident",0.00356052899287894
"1","CNP0000460_P05T",19,0.8,"specimen_orig_ident","orig.ident",0.00358152686145146
"2","CNP0000460_P05T",20,0.8,"specimen_orig_ident","orig.ident",0.00434782608695652
"3","CNP0000460_P05T",26,0.8,"specimen_orig_ident","orig.ident",0.00817353033637221
"4","CNP0000460_P05T",4,0.8,"specimen_orig_ident","orig.ident",0.00163265306122449
"5","CNP0000460_P05T",3,0.8,"specimen_orig_ident","orig.ident",0.00124792013311148
"6","CNP0000460_P05T",0,0.8,"specimen_orig_ident","orig.ident",0
"7","CNP0000460_P05T",2,0.8,"specimen_orig_ident","orig.ident",0.00105652403592182
"8","CNP0000460_P05T",30,0.8,"specimen_orig_ident","orig.ident",0.0168255748738082
"9","CNP0000460_P05T",0,0.8,"specimen_orig_ident","orig.ident",0
"10","CNP0000460_P05T",11,0.8,"specimen_orig_ident","orig.ident",0.00634737449509521
"11","CNP0000460_P05T",5,0.8,"specimen_orig_ident","orig.ident",0.00496524329692155
"12","CNP0000460_P05T",1,0.8,"specimen_orig_ident","orig.ident",0.00103842159916926
"13","CNP0000460_P05T",5,0.8,"specimen_orig_ident","orig.ident",0.00590318772136954
"14","CNP0000460_P05T",1,0.8,"specimen_orig_ident","orig.ident",0.00120336943441637
"15","CNP0000460_P05T",1,0.8,"specimen_orig_ident","orig.ident",0.00120772946859903
"16","CNP0000460_P05T",4,0.8,"specimen_orig_ident","orig.ident",0.00524246395806029
"17","CNP0000460_P05T",2,0.8,"specimen_orig_ident","orig.ident",0.00303951367781155
"18","CNP0000460_P05T",3,0.8,"specimen_orig_ident","orig.ident",0.00666666666666667
"19","CNP0000460_P05T",3,0.8,"specimen_orig_ident","orig.ident",0.0066815144766147
"20","CNP0000460_P05T",1,0.8,"specimen_orig_ident","orig.ident",0.003003003003003
"21","CNP0000460_P05T",0,0.8,"specimen_orig_ident","orig.ident",0
"0","CNP0000460_P06T",236,0.8,"specimen_orig_ident","orig.ident",0.0400135639199729
"1","CNP0000460_P06T",32,0.8,"specimen_orig_ident","orig.ident",0.0060320452403393
"2","CNP0000460_P06T",37,0.8,"specimen_orig_ident","orig.ident",0.00804347826086957
"3","CNP0000460_P06T",84,0.8,"specimen_orig_ident","orig.ident",0.0264067903175102
"4","CNP0000460_P06T",60,0.8,"specimen_orig_ident","orig.ident",0.0244897959183673
"5","CNP0000460_P06T",28,0.8,"specimen_orig_ident","orig.ident",0.0116472545757072
"6","CNP0000460_P06T",0,0.8,"specimen_orig_ident","orig.ident",0
"7","CNP0000460_P06T",43,0.8,"specimen_orig_ident","orig.ident",0.0227152667723191
"8","CNP0000460_P06T",59,0.8,"specimen_orig_ident","orig.ident",0.0330902972518228
"9","CNP0000460_P06T",0,0.8,"specimen_orig_ident","orig.ident",0
"10","CNP0000460_P06T",54,0.8,"specimen_orig_ident","orig.ident",0.0311598384304674
"11","CNP0000460_P06T",59,0.8,"specimen_orig_ident","orig.ident",0.0585898709036743
"12","CNP0000460_P06T",19,0.8,"specimen_orig_ident","orig.ident",0.019730010384216
"13","CNP0000460_P06T",76,0.8,"specimen_orig_ident","orig.ident",0.089728453364817
"14","CNP0000460_P06T",16,0.8,"specimen_orig_ident","orig.ident",0.0192539109506619
"15","CNP0000460_P06T",16,0.8,"specimen_orig_ident","orig.ident",0.0193236714975845
"16","CNP0000460_P06T",29,0.8,"specimen_orig_ident","orig.ident",0.0380078636959371
"17","CNP0000460_P06T",6,0.8,"specimen_orig_ident","orig.ident",0.00911854103343465
"18","CNP0000460_P06T",7,0.8,"specimen_orig_ident","orig.ident",0.0155555555555556
"19","CNP0000460_P06T",27,0.8,"specimen_orig_ident","orig.ident",0.0601336302895323
"20","CNP0000460_P06T",7,0.8,"specimen_orig_ident","orig.ident",0.021021021021021
"21","CNP0000460_P06T",12,0.8,"specimen_orig_ident","orig.ident",0.0428571428571429
"0","CNP0000460_P07N",92,0.8,"specimen_orig_ident","orig.ident",0.015598507968803
"1","CNP0000460_P07N",261,0.8,"specimen_orig_ident","orig.ident",0.0491988689915174
"2","CNP0000460_P07N",241,0.8,"specimen_orig_ident","orig.ident",0.0523913043478261
"3","CNP0000460_P07N",69,0.8,"specimen_orig_ident","orig.ident",0.0216912920465262
"4","CNP0000460_P07N",31,0.8,"specimen_orig_ident","orig.ident",0.0126530612244898
"5","CNP0000460_P07N",18,0.8,"specimen_orig_ident","orig.ident",0.00748752079866889
"6","CNP0000460_P07N",5,0.8,"specimen_orig_ident","orig.ident",0.00254323499491353
"7","CNP0000460_P07N",18,0.8,"specimen_orig_ident","orig.ident",0.00950871632329636
"8","CNP0000460_P07N",39,0.8,"specimen_orig_ident","orig.ident",0.0218732473359506
"9","CNP0000460_P07N",0,0.8,"specimen_orig_ident","orig.ident",0
"10","CNP0000460_P07N",46,0.8,"specimen_orig_ident","orig.ident",0.0265435660703982
"11","CNP0000460_P07N",5,0.8,"specimen_orig_ident","orig.ident",0.00496524329692155
"12","CNP0000460_P07N",6,0.8,"specimen_orig_ident","orig.ident",0.00623052959501558
"13","CNP0000460_P07N",1,0.8,"specimen_orig_ident","orig.ident",0.00118063754427391
"14","CNP0000460_P07N",29,0.8,"specimen_orig_ident","orig.ident",0.0348977135980746
"15","CNP0000460_P07N",1,0.8,"specimen_orig_ident","orig.ident",0.00120772946859903
"16","CNP0000460_P07N",12,0.8,"specimen_orig_ident","orig.ident",0.0157273918741809
"17","CNP0000460_P07N",23,0.8,"specimen_orig_ident","orig.ident",0.0349544072948328
"18","CNP0000460_P07N",6,0.8,"specimen_orig_ident","orig.ident",0.0133333333333333
"19","CNP0000460_P07N",5,0.8,"specimen_orig_ident","orig.ident",0.0111358574610245
"20","CNP0000460_P07N",5,0.8,"specimen_orig_ident","orig.ident",0.015015015015015
"21","CNP0000460_P07N",3,0.8,"specimen_orig_ident","orig.ident",0.0107142857142857
"0","CNP0000460_P07T",78,0.8,"specimen_orig_ident","orig.ident",0.0132248219735504
"1","CNP0000460_P07T",28,0.8,"specimen_orig_ident","orig.ident",0.00527803958529689
"2","CNP0000460_P07T",54,0.8,"specimen_orig_ident","orig.ident",0.0117391304347826
"3","CNP0000460_P07T",36,0.8,"specimen_orig_ident","orig.ident",0.0113171958503615
"4","CNP0000460_P07T",38,0.8,"specimen_orig_ident","orig.ident",0.0155102040816327
"5","CNP0000460_P07T",5,0.8,"specimen_orig_ident","orig.ident",0.00207986688851913
"6","CNP0000460_P07T",2,0.8,"specimen_orig_ident","orig.ident",0.00101729399796541
"7","CNP0000460_P07T",3,0.8,"specimen_orig_ident","orig.ident",0.00158478605388273
"8","CNP0000460_P07T",18,0.8,"specimen_orig_ident","orig.ident",0.0100953449242849
"9","CNP0000460_P07T",0,0.8,"specimen_orig_ident","orig.ident",0
"10","CNP0000460_P07T",22,0.8,"specimen_orig_ident","orig.ident",0.0126947489901904
"11","CNP0000460_P07T",8,0.8,"specimen_orig_ident","orig.ident",0.00794438927507448
"12","CNP0000460_P07T",16,0.8,"specimen_orig_ident","orig.ident",0.0166147455867082
"13","CNP0000460_P07T",8,0.8,"specimen_orig_ident","orig.ident",0.00944510035419126
"14","CNP0000460_P07T",15,0.8,"specimen_orig_ident","orig.ident",0.0180505415162455
"15","CNP0000460_P07T",1,0.8,"specimen_orig_ident","orig.ident",0.00120772946859903
"16","CNP0000460_P07T",5,0.8,"specimen_orig_ident","orig.ident",0.00655307994757536
"17","CNP0000460_P07T",3,0.8,"specimen_orig_ident","orig.ident",0.00455927051671732
"18","CNP0000460_P07T",9,0.8,"specimen_orig_ident","orig.ident",0.02
"19","CNP0000460_P07T",2,0.8,"specimen_orig_ident","orig.ident",0.0044543429844098
"20","CNP0000460_P07T",1,0.8,"specimen_orig_ident","orig.ident",0.003003003003003
"21","CNP0000460_P07T",1,0.8,"specimen_orig_ident","orig.ident",0.00357142857142857
"0","GSE326225_BC1",8,0.8,"specimen_orig_ident","orig.ident",0.00135639199728722
"1","GSE326225_BC1",9,0.8,"specimen_orig_ident","orig.ident",0.00169651272384543
"2","GSE326225_BC1",0,0.8,"specimen_orig_ident","orig.ident",0
"3","GSE326225_BC1",2,0.8,"specimen_orig_ident","orig.ident",0.000628733102797862
"4","GSE326225_BC1",5,0.8,"specimen_orig_ident","orig.ident",0.00204081632653061
"5","GSE326225_BC1",1,0.8,"specimen_orig_ident","orig.ident",0.000415973377703827
"6","GSE326225_BC1",7,0.8,"specimen_orig_ident","orig.ident",0.00356052899287894
"7","GSE326225_BC1",18,0.8,"specimen_orig_ident","orig.ident",0.00950871632329636
"8","GSE326225_BC1",84,0.8,"specimen_orig_ident","orig.ident",0.0471116096466629
"9","GSE326225_BC1",0,0.8,"specimen_orig_ident","orig.ident",0
"10","GSE326225_BC1",0,0.8,"specimen_orig_ident","orig.ident",0
"11","GSE326225_BC1",0,0.8,"specimen_orig_ident","orig.ident",0
"12","GSE326225_BC1",5,0.8,"specimen_orig_ident","orig.ident",0.00519210799584631
"13","GSE326225_BC1",12,0.8,"specimen_orig_ident","orig.ident",0.0141676505312869
"14","GSE326225_BC1",0,0.8,"specimen_orig_ident","orig.ident",0
"15","GSE326225_BC1",1,0.8,"specimen_orig_ident","orig.ident",0.00120772946859903
"16","GSE326225_BC1",2,0.8,"specimen_orig_ident","orig.ident",0.00262123197903014
"17","GSE326225_BC1",0,0.8,"specimen_orig_ident","orig.ident",0
"18","GSE326225_BC1",2,0.8,"specimen_orig_ident","orig.ident",0.00444444444444444
"19","GSE326225_BC1",1,0.8,"specimen_orig_ident","orig.ident",0.0022271714922049
"20","GSE326225_BC1",2,0.8,"specimen_orig_ident","orig.ident",0.00600600600600601
"21","GSE326225_BC1",1,0.8,"specimen_orig_ident","orig.ident",0.00357142857142857
"0","GSE326225_BC2",5,0.8,"specimen_orig_ident","orig.ident",0.00084774499830451
"1","GSE326225_BC2",0,0.8,"specimen_orig_ident","orig.ident",0
"2","GSE326225_BC2",0,0.8,"specimen_orig_ident","orig.ident",0
"3","GSE326225_BC2",0,0.8,"specimen_orig_ident","orig.ident",0
"4","GSE326225_BC2",1,0.8,"specimen_orig_ident","orig.ident",0.000408163265306122
"5","GSE326225_BC2",0,0.8,"specimen_orig_ident","orig.ident",0
"6","GSE326225_BC2",0,0.8,"specimen_orig_ident","orig.ident",0
"7","GSE326225_BC2",0,0.8,"specimen_orig_ident","orig.ident",0
"8","GSE326225_BC2",4,0.8,"specimen_orig_ident","orig.ident",0.00224340998317443
"9","GSE326225_BC2",0,0.8,"specimen_orig_ident","orig.ident",0
"10","GSE326225_BC2",0,0.8,"specimen_orig_ident","orig.ident",0
"11","GSE326225_BC2",0,0.8,"specimen_orig_ident","orig.ident",0
"12","GSE326225_BC2",1,0.8,"specimen_orig_ident","orig.ident",0.00103842159916926
"13","GSE326225_BC2",0,0.8,"specimen_orig_ident","orig.ident",0
"14","GSE326225_BC2",0,0.8,"specimen_orig_ident","orig.ident",0
"15","GSE326225_BC2",1,0.8,"specimen_orig_ident","orig.ident",0.00120772946859903
"16","GSE326225_BC2",0,0.8,"specimen_orig_ident","orig.ident",0
"17","GSE326225_BC2",0,0.8,"specimen_orig_ident","orig.ident",0
"18","GSE326225_BC2",0,0.8,"specimen_orig_ident","orig.ident",0
"19","GSE326225_BC2",0,0.8,"specimen_orig_ident","orig.ident",0
"20","GSE326225_BC2",0,0.8,"specimen_orig_ident","orig.ident",0
"21","GSE326225_BC2",1,0.8,"specimen_orig_ident","orig.ident",0.00357142857142857
"0","GSE326225_BC3",44,0.8,"specimen_orig_ident","orig.ident",0.00746015598507969
"1","GSE326225_BC3",2,0.8,"specimen_orig_ident","orig.ident",0.000377002827521206
"2","GSE326225_BC3",1,0.8,"specimen_orig_ident","orig.ident",0.000217391304347826
"3","GSE326225_BC3",15,0.8,"specimen_orig_ident","orig.ident",0.00471549827098397
"4","GSE326225_BC3",21,0.8,"specimen_orig_ident","orig.ident",0.00857142857142857
"5","GSE326225_BC3",3,0.8,"specimen_orig_ident","orig.ident",0.00124792013311148
"6","GSE326225_BC3",0,0.8,"specimen_orig_ident","orig.ident",0
"7","GSE326225_BC3",0,0.8,"specimen_orig_ident","orig.ident",0
"8","GSE326225_BC3",18,0.8,"specimen_orig_ident","orig.ident",0.0100953449242849
"9","GSE326225_BC3",2,0.8,"specimen_orig_ident","orig.ident",0.00112930547713156
"10","GSE326225_BC3",5,0.8,"specimen_orig_ident","orig.ident",0.00288517022504328
"11","GSE326225_BC3",3,0.8,"specimen_orig_ident","orig.ident",0.00297914597815293
"12","GSE326225_BC3",16,0.8,"specimen_orig_ident","orig.ident",0.0166147455867082
"13","GSE326225_BC3",6,0.8,"specimen_orig_ident","orig.ident",0.00708382526564345
"14","GSE326225_BC3",2,0.8,"specimen_orig_ident","orig.ident",0.00240673886883273
"15","GSE326225_BC3",10,0.8,"specimen_orig_ident","orig.ident",0.0120772946859903
"16","GSE326225_BC3",2,0.8,"specimen_orig_ident","orig.ident",0.00262123197903014
"17","GSE326225_BC3",1,0.8,"specimen_orig_ident","orig.ident",0.00151975683890578
"18","GSE326225_BC3",1,0.8,"specimen_orig_ident","orig.ident",0.00222222222222222
"19","GSE326225_BC3",0,0.8,"specimen_orig_ident","orig.ident",0
"20","GSE326225_BC3",0,0.8,"specimen_orig_ident","orig.ident",0
"21","GSE326225_BC3",2,0.8,"specimen_orig_ident","orig.ident",0.00714285714285714
"0","GSE326225_BC4",62,0.8,"specimen_orig_ident","orig.ident",0.0105120379789759
"1","GSE326225_BC4",33,0.8,"specimen_orig_ident","orig.ident",0.00622054665409991
"2","GSE326225_BC4",3,0.8,"specimen_orig_ident","orig.ident",0.000652173913043478
"3","GSE326225_BC4",8,0.8,"specimen_orig_ident","orig.ident",0.00251493241119145
"4","GSE326225_BC4",20,0.8,"specimen_orig_ident","orig.ident",0.00816326530612245
"5","GSE326225_BC4",11,0.8,"specimen_orig_ident","orig.ident",0.0045757071547421
"6","GSE326225_BC4",8,0.8,"specimen_orig_ident","orig.ident",0.00406917599186165
"7","GSE326225_BC4",47,0.8,"specimen_orig_ident","orig.ident",0.0248283148441627
"8","GSE326225_BC4",37,0.8,"specimen_orig_ident","orig.ident",0.0207515423443634
"9","GSE326225_BC4",0,0.8,"specimen_orig_ident","orig.ident",0
"10","GSE326225_BC4",0,0.8,"specimen_orig_ident","orig.ident",0
"11","GSE326225_BC4",3,0.8,"specimen_orig_ident","orig.ident",0.00297914597815293
"12","GSE326225_BC4",36,0.8,"specimen_orig_ident","orig.ident",0.0373831775700935
"13","GSE326225_BC4",10,0.8,"specimen_orig_ident","orig.ident",0.0118063754427391
"14","GSE326225_BC4",0,0.8,"specimen_orig_ident","orig.ident",0
"15","GSE326225_BC4",25,0.8,"specimen_orig_ident","orig.ident",0.0301932367149758
"16","GSE326225_BC4",1,0.8,"specimen_orig_ident","orig.ident",0.00131061598951507
"17","GSE326225_BC4",8,0.8,"specimen_orig_ident","orig.ident",0.0121580547112462
"18","GSE326225_BC4",5,0.8,"specimen_orig_ident","orig.ident",0.0111111111111111
"19","GSE326225_BC4",5,0.8,"specimen_orig_ident","orig.ident",0.0111358574610245
"20","GSE326225_BC4",12,0.8,"specimen_orig_ident","orig.ident",0.036036036036036
"21","GSE326225_BC4",5,0.8,"specimen_orig_ident","orig.ident",0.0178571428571429
"0","GSE326225_BC5",9,0.8,"specimen_orig_ident","orig.ident",0.00152594099694812
"1","GSE326225_BC5",4,0.8,"specimen_orig_ident","orig.ident",0.000754005655042413
"2","GSE326225_BC5",0,0.8,"specimen_orig_ident","orig.ident",0
"3","GSE326225_BC5",0,0.8,"specimen_orig_ident","orig.ident",0
"4","GSE326225_BC5",10,0.8,"specimen_orig_ident","orig.ident",0.00408163265306122
"5","GSE326225_BC5",1,0.8,"specimen_orig_ident","orig.ident",0.000415973377703827
"6","GSE326225_BC5",0,0.8,"specimen_orig_ident","orig.ident",0
"7","GSE326225_BC5",13,0.8,"specimen_orig_ident","orig.ident",0.00686740623349181
"8","GSE326225_BC5",17,0.8,"specimen_orig_ident","orig.ident",0.00953449242849131
"9","GSE326225_BC5",0,0.8,"specimen_orig_ident","orig.ident",0
"10","GSE326225_BC5",0,0.8,"specimen_orig_ident","orig.ident",0
"11","GSE326225_BC5",0,0.8,"specimen_orig_ident","orig.ident",0
"12","GSE326225_BC5",6,0.8,"specimen_orig_ident","orig.ident",0.00623052959501558
"13","GSE326225_BC5",18,0.8,"specimen_orig_ident","orig.ident",0.0212514757969303
"14","GSE326225_BC5",0,0.8,"specimen_orig_ident","orig.ident",0
"15","GSE326225_BC5",3,0.8,"specimen_orig_ident","orig.ident",0.0036231884057971
"16","GSE326225_BC5",0,0.8,"specimen_orig_ident","orig.ident",0
"17","GSE326225_BC5",0,0.8,"specimen_orig_ident","orig.ident",0
"18","GSE326225_BC5",0,0.8,"specimen_orig_ident","orig.ident",0
"19","GSE326225_BC5",0,0.8,"specimen_orig_ident","orig.ident",0
"20","GSE326225_BC5",3,0.8,"specimen_orig_ident","orig.ident",0.00900900900900901
"21","GSE326225_BC5",1,0.8,"specimen_orig_ident","orig.ident",0.00357142857142857
"0","GSE326225_BC6",84,0.8,"specimen_orig_ident","orig.ident",0.0142421159715158
"1","GSE326225_BC6",78,0.8,"specimen_orig_ident","orig.ident",0.0147031102733271
"2","GSE326225_BC6",29,0.8,"specimen_orig_ident","orig.ident",0.00630434782608696
"3","GSE326225_BC6",45,0.8,"specimen_orig_ident","orig.ident",0.0141464948129519
"4","GSE326225_BC6",79,0.8,"specimen_orig_ident","orig.ident",0.0322448979591837
"5","GSE326225_BC6",39,0.8,"specimen_orig_ident","orig.ident",0.0162229617304493
"6","GSE326225_BC6",4,0.8,"specimen_orig_ident","orig.ident",0.00203458799593082
"7","GSE326225_BC6",12,0.8,"specimen_orig_ident","orig.ident",0.0063391442155309
"8","GSE326225_BC6",14,0.8,"specimen_orig_ident","orig.ident",0.00785193494111049
"9","GSE326225_BC6",13,0.8,"specimen_orig_ident","orig.ident",0.00734048560135517
"10","GSE326225_BC6",10,0.8,"specimen_orig_ident","orig.ident",0.00577034045008656
"11","GSE326225_BC6",16,0.8,"specimen_orig_ident","orig.ident",0.015888778550149
"12","GSE326225_BC6",30,0.8,"specimen_orig_ident","orig.ident",0.0311526479750779
"13","GSE326225_BC6",8,0.8,"specimen_orig_ident","orig.ident",0.00944510035419126
"14","GSE326225_BC6",6,0.8,"specimen_orig_ident","orig.ident",0.0072202166064982
"15","GSE326225_BC6",27,0.8,"specimen_orig_ident","orig.ident",0.0326086956521739
"16","GSE326225_BC6",10,0.8,"specimen_orig_ident","orig.ident",0.0131061598951507
"17","GSE326225_BC6",8,0.8,"specimen_orig_ident","orig.ident",0.0121580547112462
"18","GSE326225_BC6",5,0.8,"specimen_orig_ident","orig.ident",0.0111111111111111
"19","GSE326225_BC6",5,0.8,"specimen_orig_ident","orig.ident",0.0111358574610245
"20","GSE326225_BC6",1,0.8,"specimen_orig_ident","orig.ident",0.003003003003003
"21","GSE326225_BC6",16,0.8,"specimen_orig_ident","orig.ident",0.0571428571428571
"0","GSE326225_BC7",17,0.8,"specimen_orig_ident","orig.ident",0.00288233299423533
"1","GSE326225_BC7",11,0.8,"specimen_orig_ident","orig.ident",0.00207351555136664
"2","GSE326225_BC7",0,0.8,"specimen_orig_ident","orig.ident",0
"3","GSE326225_BC7",9,0.8,"specimen_orig_ident","orig.ident",0.00282929896259038
"4","GSE326225_BC7",4,0.8,"specimen_orig_ident","orig.ident",0.00163265306122449
"5","GSE326225_BC7",4,0.8,"specimen_orig_ident","orig.ident",0.00166389351081531
"6","GSE326225_BC7",0,0.8,"specimen_orig_ident","orig.ident",0
"7","GSE326225_BC7",2,0.8,"specimen_orig_ident","orig.ident",0.00105652403592182
"8","GSE326225_BC7",1,0.8,"specimen_orig_ident","orig.ident",0.000560852495793606
"9","GSE326225_BC7",0,0.8,"specimen_orig_ident","orig.ident",0
"10","GSE326225_BC7",0,0.8,"specimen_orig_ident","orig.ident",0
"11","GSE326225_BC7",0,0.8,"specimen_orig_ident","orig.ident",0
"12","GSE326225_BC7",4,0.8,"specimen_orig_ident","orig.ident",0.00415368639667705
"13","GSE326225_BC7",0,0.8,"specimen_orig_ident","orig.ident",0
"14","GSE326225_BC7",1,0.8,"specimen_orig_ident","orig.ident",0.00120336943441637
"15","GSE326225_BC7",2,0.8,"specimen_orig_ident","orig.ident",0.00241545893719807
"16","GSE326225_BC7",1,0.8,"specimen_orig_ident","orig.ident",0.00131061598951507
"17","GSE326225_BC7",0,0.8,"specimen_orig_ident","orig.ident",0
"18","GSE326225_BC7",5,0.8,"specimen_orig_ident","orig.ident",0.0111111111111111
"19","GSE326225_BC7",0,0.8,"specimen_orig_ident","orig.ident",0
"20","GSE326225_BC7",1,0.8,"specimen_orig_ident","orig.ident",0.003003003003003
"21","GSE326225_BC7",1,0.8,"specimen_orig_ident","orig.ident",0.00357142857142857
"0","GSE326225_BC8",8,0.8,"specimen_orig_ident","orig.ident",0.00135639199728722
"1","GSE326225_BC8",5,0.8,"specimen_orig_ident","orig.ident",0.000942507068803016
"2","GSE326225_BC8",0,0.8,"specimen_orig_ident","orig.ident",0
"3","GSE326225_BC8",8,0.8,"specimen_orig_ident","orig.ident",0.00251493241119145
"4","GSE326225_BC8",2,0.8,"specimen_orig_ident","orig.ident",0.000816326530612245
"5","GSE326225_BC8",2,0.8,"specimen_orig_ident","orig.ident",0.000831946755407654
"6","GSE326225_BC8",0,0.8,"specimen_orig_ident","orig.ident",0
"7","GSE326225_BC8",0,0.8,"specimen_orig_ident","orig.ident",0
"8","GSE326225_BC8",1,0.8,"specimen_orig_ident","orig.ident",0.000560852495793606
"9","GSE326225_BC8",0,0.8,"specimen_orig_ident","orig.ident",0
"10","GSE326225_BC8",0,0.8,"specimen_orig_ident","orig.ident",0
"11","GSE326225_BC8",8,0.8,"specimen_orig_ident","orig.ident",0.00794438927507448
"12","GSE326225_BC8",3,0.8,"specimen_orig_ident","orig.ident",0.00311526479750779
"13","GSE326225_BC8",0,0.8,"specimen_orig_ident","orig.ident",0
"14","GSE326225_BC8",0,0.8,"specimen_orig_ident","orig.ident",0
"15","GSE326225_BC8",2,0.8,"specimen_orig_ident","orig.ident",0.00241545893719807
"16","GSE326225_BC8",0,0.8,"specimen_orig_ident","orig.ident",0
"17","GSE326225_BC8",0,0.8,"specimen_orig_ident","orig.ident",0
"18","GSE326225_BC8",3,0.8,"specimen_orig_ident","orig.ident",0.00666666666666667
"19","GSE326225_BC8",0,0.8,"specimen_orig_ident","orig.ident",0
"20","GSE326225_BC8",0,0.8,"specimen_orig_ident","orig.ident",0
"21","GSE326225_BC8",1,0.8,"specimen_orig_ident","orig.ident",0.00357142857142857
"0","HRA003620_BC-01",37,0.8,"specimen_orig_ident","orig.ident",0.00627331298745337
"1","HRA003620_BC-01",8,0.8,"specimen_orig_ident","orig.ident",0.00150801131008483
"2","HRA003620_BC-01",14,0.8,"specimen_orig_ident","orig.ident",0.00304347826086957
"3","HRA003620_BC-01",37,0.8,"specimen_orig_ident","orig.ident",0.0116315624017605
"4","HRA003620_BC-01",9,0.8,"specimen_orig_ident","orig.ident",0.0036734693877551
"5","HRA003620_BC-01",32,0.8,"specimen_orig_ident","orig.ident",0.0133111480865225
"6","HRA003620_BC-01",1,0.8,"specimen_orig_ident","orig.ident",0.000508646998982706
"7","HRA003620_BC-01",8,0.8,"specimen_orig_ident","orig.ident",0.00422609614368727
"8","HRA003620_BC-01",0,0.8,"specimen_orig_ident","orig.ident",0
"9","HRA003620_BC-01",0,0.8,"specimen_orig_ident","orig.ident",0
"10","HRA003620_BC-01",21,0.8,"specimen_orig_ident","orig.ident",0.0121177149451818
"11","HRA003620_BC-01",13,0.8,"specimen_orig_ident","orig.ident",0.012909632571996
"12","HRA003620_BC-01",5,0.8,"specimen_orig_ident","orig.ident",0.00519210799584631
"13","HRA003620_BC-01",3,0.8,"specimen_orig_ident","orig.ident",0.00354191263282172
"14","HRA003620_BC-01",7,0.8,"specimen_orig_ident","orig.ident",0.00842358604091456
"15","HRA003620_BC-01",10,0.8,"specimen_orig_ident","orig.ident",0.0120772946859903
"16","HRA003620_BC-01",7,0.8,"specimen_orig_ident","orig.ident",0.00917431192660551
"17","HRA003620_BC-01",2,0.8,"specimen_orig_ident","orig.ident",0.00303951367781155
"18","HRA003620_BC-01",10,0.8,"specimen_orig_ident","orig.ident",0.0222222222222222
"19","HRA003620_BC-01",3,0.8,"specimen_orig_ident","orig.ident",0.0066815144766147
"20","HRA003620_BC-01",0,0.8,"specimen_orig_ident","orig.ident",0
"21","HRA003620_BC-01",2,0.8,"specimen_orig_ident","orig.ident",0.00714285714285714
"0","HRA003620_BC-04",253,0.8,"specimen_orig_ident","orig.ident",0.0428958969142082
"1","HRA003620_BC-04",99,0.8,"specimen_orig_ident","orig.ident",0.0186616399622997
"2","HRA003620_BC-04",105,0.8,"specimen_orig_ident","orig.ident",0.0228260869565217
"3","HRA003620_BC-04",30,0.8,"specimen_orig_ident","orig.ident",0.00943099654196793
"4","HRA003620_BC-04",83,0.8,"specimen_orig_ident","orig.ident",0.0338775510204082
"5","HRA003620_BC-04",56,0.8,"specimen_orig_ident","orig.ident",0.0232945091514143
"6","HRA003620_BC-04",0,0.8,"specimen_orig_ident","orig.ident",0
"7","HRA003620_BC-04",3,0.8,"specimen_orig_ident","orig.ident",0.00158478605388273
"8","HRA003620_BC-04",6,0.8,"specimen_orig_ident","orig.ident",0.00336511497476164
"9","HRA003620_BC-04",0,0.8,"specimen_orig_ident","orig.ident",0
"10","HRA003620_BC-04",58,0.8,"specimen_orig_ident","orig.ident",0.033467974610502
"11","HRA003620_BC-04",6,0.8,"specimen_orig_ident","orig.ident",0.00595829195630586
"12","HRA003620_BC-04",14,0.8,"specimen_orig_ident","orig.ident",0.0145379023883697
"13","HRA003620_BC-04",78,0.8,"specimen_orig_ident","orig.ident",0.0920897284533648
"14","HRA003620_BC-04",10,0.8,"specimen_orig_ident","orig.ident",0.0120336943441637
"15","HRA003620_BC-04",7,0.8,"specimen_orig_ident","orig.ident",0.00845410628019324
"16","HRA003620_BC-04",7,0.8,"specimen_orig_ident","orig.ident",0.00917431192660551
"17","HRA003620_BC-04",5,0.8,"specimen_orig_ident","orig.ident",0.00759878419452888
"18","HRA003620_BC-04",0,0.8,"specimen_orig_ident","orig.ident",0
"19","HRA003620_BC-04",4,0.8,"specimen_orig_ident","orig.ident",0.0089086859688196
"20","HRA003620_BC-04",0,0.8,"specimen_orig_ident","orig.ident",0
"21","HRA003620_BC-04",7,0.8,"specimen_orig_ident","orig.ident",0.025
"0","HRA003620_BC-05",41,0.8,"specimen_orig_ident","orig.ident",0.00695150898609698
"1","HRA003620_BC-05",46,0.8,"specimen_orig_ident","orig.ident",0.00867106503298775
"2","HRA003620_BC-05",69,0.8,"specimen_orig_ident","orig.ident",0.015
"3","HRA003620_BC-05",61,0.8,"specimen_orig_ident","orig.ident",0.0191763596353348
"4","HRA003620_BC-05",35,0.8,"specimen_orig_ident","orig.ident",0.0142857142857143
"5","HRA003620_BC-05",86,0.8,"specimen_orig_ident","orig.ident",0.0357737104825291
"6","HRA003620_BC-05",2,0.8,"specimen_orig_ident","orig.ident",0.00101729399796541
"7","HRA003620_BC-05",12,0.8,"specimen_orig_ident","orig.ident",0.0063391442155309
"8","HRA003620_BC-05",8,0.8,"specimen_orig_ident","orig.ident",0.00448681996634885
"9","HRA003620_BC-05",0,0.8,"specimen_orig_ident","orig.ident",0
"10","HRA003620_BC-05",35,0.8,"specimen_orig_ident","orig.ident",0.0201961915753029
"11","HRA003620_BC-05",31,0.8,"specimen_orig_ident","orig.ident",0.0307845084409136
"12","HRA003620_BC-05",12,0.8,"specimen_orig_ident","orig.ident",0.0124610591900312
"13","HRA003620_BC-05",5,0.8,"specimen_orig_ident","orig.ident",0.00590318772136954
"14","HRA003620_BC-05",11,0.8,"specimen_orig_ident","orig.ident",0.01323706377858
"15","HRA003620_BC-05",11,0.8,"specimen_orig_ident","orig.ident",0.0132850241545894
"16","HRA003620_BC-05",15,0.8,"specimen_orig_ident","orig.ident",0.0196592398427261
"17","HRA003620_BC-05",9,0.8,"specimen_orig_ident","orig.ident",0.013677811550152
"18","HRA003620_BC-05",15,0.8,"specimen_orig_ident","orig.ident",0.0333333333333333
"19","HRA003620_BC-05",6,0.8,"specimen_orig_ident","orig.ident",0.0133630289532294
"20","HRA003620_BC-05",2,0.8,"specimen_orig_ident","orig.ident",0.00600600600600601
"21","HRA003620_BC-05",4,0.8,"specimen_orig_ident","orig.ident",0.0142857142857143
"0","HRA003620_BC-11",59,0.8,"specimen_orig_ident","orig.ident",0.0100033909799932
"1","HRA003620_BC-11",26,0.8,"specimen_orig_ident","orig.ident",0.00490103675777568
"2","HRA003620_BC-11",52,0.8,"specimen_orig_ident","orig.ident",0.011304347826087
"3","HRA003620_BC-11",40,0.8,"specimen_orig_ident","orig.ident",0.0125746620559572
"4","HRA003620_BC-11",42,0.8,"specimen_orig_ident","orig.ident",0.0171428571428571
"5","HRA003620_BC-11",139,0.8,"specimen_orig_ident","orig.ident",0.0578202995008319
"6","HRA003620_BC-11",15,0.8,"specimen_orig_ident","orig.ident",0.00762970498474059
"7","HRA003620_BC-11",35,0.8,"specimen_orig_ident","orig.ident",0.0184891706286318
"8","HRA003620_BC-11",7,0.8,"specimen_orig_ident","orig.ident",0.00392596747055524
"9","HRA003620_BC-11",0,0.8,"specimen_orig_ident","orig.ident",0
"10","HRA003620_BC-11",62,0.8,"specimen_orig_ident","orig.ident",0.0357761107905366
"11","HRA003620_BC-11",26,0.8,"specimen_orig_ident","orig.ident",0.0258192651439921
"12","HRA003620_BC-11",11,0.8,"specimen_orig_ident","orig.ident",0.0114226375908619
"13","HRA003620_BC-11",10,0.8,"specimen_orig_ident","orig.ident",0.0118063754427391
"14","HRA003620_BC-11",12,0.8,"specimen_orig_ident","orig.ident",0.0144404332129964
"15","HRA003620_BC-11",13,0.8,"specimen_orig_ident","orig.ident",0.0157004830917874
"16","HRA003620_BC-11",19,0.8,"specimen_orig_ident","orig.ident",0.0249017038007864
"17","HRA003620_BC-11",10,0.8,"specimen_orig_ident","orig.ident",0.0151975683890578
"18","HRA003620_BC-11",4,0.8,"specimen_orig_ident","orig.ident",0.00888888888888889
"19","HRA003620_BC-11",11,0.8,"specimen_orig_ident","orig.ident",0.0244988864142539
"20","HRA003620_BC-11",3,0.8,"specimen_orig_ident","orig.ident",0.00900900900900901
"21","HRA003620_BC-11",6,0.8,"specimen_orig_ident","orig.ident",0.0214285714285714
"0","HRA003620_BC-24",146,0.8,"specimen_orig_ident","orig.ident",0.0247541539504917
"1","HRA003620_BC-24",32,0.8,"specimen_orig_ident","orig.ident",0.0060320452403393
"2","HRA003620_BC-24",42,0.8,"specimen_orig_ident","orig.ident",0.0091304347826087
"3","HRA003620_BC-24",13,0.8,"specimen_orig_ident","orig.ident",0.0040867651681861
"4","HRA003620_BC-24",23,0.8,"specimen_orig_ident","orig.ident",0.00938775510204082
"5","HRA003620_BC-24",79,0.8,"specimen_orig_ident","orig.ident",0.0328618968386023
"6","HRA003620_BC-24",1,0.8,"specimen_orig_ident","orig.ident",0.000508646998982706
"7","HRA003620_BC-24",31,0.8,"specimen_orig_ident","orig.ident",0.0163761225567882
"8","HRA003620_BC-24",21,0.8,"specimen_orig_ident","orig.ident",0.0117779024116657
"9","HRA003620_BC-24",0,0.8,"specimen_orig_ident","orig.ident",0
"10","HRA003620_BC-24",40,0.8,"specimen_orig_ident","orig.ident",0.0230813618003462
"11","HRA003620_BC-24",1,0.8,"specimen_orig_ident","orig.ident",0.00099304865938431
"12","HRA003620_BC-24",9,0.8,"specimen_orig_ident","orig.ident",0.00934579439252336
"13","HRA003620_BC-24",9,0.8,"specimen_orig_ident","orig.ident",0.0106257378984652
"14","HRA003620_BC-24",2,0.8,"specimen_orig_ident","orig.ident",0.00240673886883273
"15","HRA003620_BC-24",6,0.8,"specimen_orig_ident","orig.ident",0.0072463768115942
"16","HRA003620_BC-24",3,0.8,"specimen_orig_ident","orig.ident",0.00393184796854522
"17","HRA003620_BC-24",5,0.8,"specimen_orig_ident","orig.ident",0.00759878419452888
"18","HRA003620_BC-24",0,0.8,"specimen_orig_ident","orig.ident",0
"19","HRA003620_BC-24",11,0.8,"specimen_orig_ident","orig.ident",0.0244988864142539
"20","HRA003620_BC-24",4,0.8,"specimen_orig_ident","orig.ident",0.012012012012012
"21","HRA003620_BC-24",4,0.8,"specimen_orig_ident","orig.ident",0.0142857142857143
"0","HRA003620_BC-27",75,0.8,"specimen_orig_ident","orig.ident",0.0127161749745677
"1","HRA003620_BC-27",24,0.8,"specimen_orig_ident","orig.ident",0.00452403393025448
"2","HRA003620_BC-27",21,0.8,"specimen_orig_ident","orig.ident",0.00456521739130435
"3","HRA003620_BC-27",44,0.8,"specimen_orig_ident","orig.ident",0.013832128261553
"4","HRA003620_BC-27",18,0.8,"specimen_orig_ident","orig.ident",0.0073469387755102
"5","HRA003620_BC-27",41,0.8,"specimen_orig_ident","orig.ident",0.0170549084858569
"6","HRA003620_BC-27",0,0.8,"specimen_orig_ident","orig.ident",0
"7","HRA003620_BC-27",4,0.8,"specimen_orig_ident","orig.ident",0.00211304807184363
"8","HRA003620_BC-27",1,0.8,"specimen_orig_ident","orig.ident",0.000560852495793606
"9","HRA003620_BC-27",0,0.8,"specimen_orig_ident","orig.ident",0
"10","HRA003620_BC-27",25,0.8,"specimen_orig_ident","orig.ident",0.0144258511252164
"11","HRA003620_BC-27",5,0.8,"specimen_orig_ident","orig.ident",0.00496524329692155
"12","HRA003620_BC-27",3,0.8,"specimen_orig_ident","orig.ident",0.00311526479750779
"13","HRA003620_BC-27",6,0.8,"specimen_orig_ident","orig.ident",0.00708382526564345
"14","HRA003620_BC-27",9,0.8,"specimen_orig_ident","orig.ident",0.0108303249097473
"15","HRA003620_BC-27",5,0.8,"specimen_orig_ident","orig.ident",0.00603864734299517
"16","HRA003620_BC-27",3,0.8,"specimen_orig_ident","orig.ident",0.00393184796854522
"17","HRA003620_BC-27",5,0.8,"specimen_orig_ident","orig.ident",0.00759878419452888
"18","HRA003620_BC-27",2,0.8,"specimen_orig_ident","orig.ident",0.00444444444444444
"19","HRA003620_BC-27",6,0.8,"specimen_orig_ident","orig.ident",0.0133630289532294
"20","HRA003620_BC-27",3,0.8,"specimen_orig_ident","orig.ident",0.00900900900900901
"21","HRA003620_BC-27",8,0.8,"specimen_orig_ident","orig.ident",0.0285714285714286
"0","HRA003620_BC-30",427,0.8,"specimen_orig_ident","orig.ident",0.0723974228552052
"1","HRA003620_BC-30",159,0.8,"specimen_orig_ident","orig.ident",0.0299717247879359
"2","HRA003620_BC-30",115,0.8,"specimen_orig_ident","orig.ident",0.025
"3","HRA003620_BC-30",159,0.8,"specimen_orig_ident","orig.ident",0.0499842816724301
"4","HRA003620_BC-30",183,0.8,"specimen_orig_ident","orig.ident",0.0746938775510204
"5","HRA003620_BC-30",171,0.8,"specimen_orig_ident","orig.ident",0.0711314475873544
"6","HRA003620_BC-30",9,0.8,"specimen_orig_ident","orig.ident",0.00457782299084435
"7","HRA003620_BC-30",16,0.8,"specimen_orig_ident","orig.ident",0.00845219228737454
"8","HRA003620_BC-30",5,0.8,"specimen_orig_ident","orig.ident",0.00280426247896803
"9","HRA003620_BC-30",0,0.8,"specimen_orig_ident","orig.ident",0
"10","HRA003620_BC-30",110,0.8,"specimen_orig_ident","orig.ident",0.0634737449509521
"11","HRA003620_BC-30",25,0.8,"specimen_orig_ident","orig.ident",0.0248262164846077
"12","HRA003620_BC-30",57,0.8,"specimen_orig_ident","orig.ident",0.059190031152648
"13","HRA003620_BC-30",56,0.8,"specimen_orig_ident","orig.ident",0.0661157024793388
"14","HRA003620_BC-30",60,0.8,"specimen_orig_ident","orig.ident",0.0722021660649819
"15","HRA003620_BC-30",83,0.8,"specimen_orig_ident","orig.ident",0.10024154589372
"16","HRA003620_BC-30",23,0.8,"specimen_orig_ident","orig.ident",0.0301441677588467
"17","HRA003620_BC-30",34,0.8,"specimen_orig_ident","orig.ident",0.0516717325227964
"18","HRA003620_BC-30",1,0.8,"specimen_orig_ident","orig.ident",0.00222222222222222
"19","HRA003620_BC-30",8,0.8,"specimen_orig_ident","orig.ident",0.0178173719376392
"20","HRA003620_BC-30",4,0.8,"specimen_orig_ident","orig.ident",0.012012012012012
"21","HRA003620_BC-30",35,0.8,"specimen_orig_ident","orig.ident",0.125
"0","HRA003620_NC-01",19,0.8,"specimen_orig_ident","orig.ident",0.00322143099355714
"1","HRA003620_NC-01",339,0.8,"specimen_orig_ident","orig.ident",0.0639019792648445
"2","HRA003620_NC-01",190,0.8,"specimen_orig_ident","orig.ident",0.041304347826087
"3","HRA003620_NC-01",106,0.8,"specimen_orig_ident","orig.ident",0.0333228544482867
"4","HRA003620_NC-01",5,0.8,"specimen_orig_ident","orig.ident",0.00204081632653061
"5","HRA003620_NC-01",83,0.8,"specimen_orig_ident","orig.ident",0.0345257903494176
"6","HRA003620_NC-01",1,0.8,"specimen_orig_ident","orig.ident",0.000508646998982706
"7","HRA003620_NC-01",15,0.8,"specimen_orig_ident","orig.ident",0.00792393026941363
"8","HRA003620_NC-01",0,0.8,"specimen_orig_ident","orig.ident",0
"9","HRA003620_NC-01",0,0.8,"specimen_orig_ident","orig.ident",0
"10","HRA003620_NC-01",15,0.8,"specimen_orig_ident","orig.ident",0.00865551067512983
"11","HRA003620_NC-01",55,0.8,"specimen_orig_ident","orig.ident",0.054617676266137
"12","HRA003620_NC-01",7,0.8,"specimen_orig_ident","orig.ident",0.00726895119418484
"13","HRA003620_NC-01",0,0.8,"specimen_orig_ident","orig.ident",0
"14","HRA003620_NC-01",55,0.8,"specimen_orig_ident","orig.ident",0.0661853188929001
"15","HRA003620_NC-01",10,0.8,"specimen_orig_ident","orig.ident",0.0120772946859903
"16","HRA003620_NC-01",15,0.8,"specimen_orig_ident","orig.ident",0.0196592398427261
"17","HRA003620_NC-01",10,0.8,"specimen_orig_ident","orig.ident",0.0151975683890578
"18","HRA003620_NC-01",11,0.8,"specimen_orig_ident","orig.ident",0.0244444444444444
"19","HRA003620_NC-01",2,0.8,"specimen_orig_ident","orig.ident",0.0044543429844098
"20","HRA003620_NC-01",1,0.8,"specimen_orig_ident","orig.ident",0.003003003003003
"21","HRA003620_NC-01",2,0.8,"specimen_orig_ident","orig.ident",0.00714285714285714
"0","HRA003620_NC-04",19,0.8,"specimen_orig_ident","orig.ident",0.00322143099355714
"1","HRA003620_NC-04",998,0.8,"specimen_orig_ident","orig.ident",0.188124410933082
"2","HRA003620_NC-04",730,0.8,"specimen_orig_ident","orig.ident",0.158695652173913
"3","HRA003620_NC-04",44,0.8,"specimen_orig_ident","orig.ident",0.013832128261553
"4","HRA003620_NC-04",6,0.8,"specimen_orig_ident","orig.ident",0.00244897959183673
"5","HRA003620_NC-04",203,0.8,"specimen_orig_ident","orig.ident",0.0844425956738769
"6","HRA003620_NC-04",19,0.8,"specimen_orig_ident","orig.ident",0.00966429298067141
"7","HRA003620_NC-04",48,0.8,"specimen_orig_ident","orig.ident",0.0253565768621236
"8","HRA003620_NC-04",88,0.8,"specimen_orig_ident","orig.ident",0.0493550196298374
"9","HRA003620_NC-04",0,0.8,"specimen_orig_ident","orig.ident",0
"10","HRA003620_NC-04",54,0.8,"specimen_orig_ident","orig.ident",0.0311598384304674
"11","HRA003620_NC-04",7,0.8,"specimen_orig_ident","orig.ident",0.00695134061569017
"12","HRA003620_NC-04",3,0.8,"specimen_orig_ident","orig.ident",0.00311526479750779
"13","HRA003620_NC-04",0,0.8,"specimen_orig_ident","orig.ident",0
"14","HRA003620_NC-04",86,0.8,"specimen_orig_ident","orig.ident",0.103489771359807
"15","HRA003620_NC-04",0,0.8,"specimen_orig_ident","orig.ident",0
"16","HRA003620_NC-04",10,0.8,"specimen_orig_ident","orig.ident",0.0131061598951507
"17","HRA003620_NC-04",49,0.8,"specimen_orig_ident","orig.ident",0.074468085106383
"18","HRA003620_NC-04",2,0.8,"specimen_orig_ident","orig.ident",0.00444444444444444
"19","HRA003620_NC-04",5,0.8,"specimen_orig_ident","orig.ident",0.0111358574610245
"20","HRA003620_NC-04",0,0.8,"specimen_orig_ident","orig.ident",0
"21","HRA003620_NC-04",6,0.8,"specimen_orig_ident","orig.ident",0.0214285714285714
"0","HRA003620_NC-05",195,0.8,"specimen_orig_ident","orig.ident",0.0330620549338759
"1","HRA003620_NC-05",284,0.8,"specimen_orig_ident","orig.ident",0.0535344015080113
"2","HRA003620_NC-05",428,0.8,"specimen_orig_ident","orig.ident",0.0930434782608696
"3","HRA003620_NC-05",234,0.8,"specimen_orig_ident","orig.ident",0.0735617730273499
"4","HRA003620_NC-05",106,0.8,"specimen_orig_ident","orig.ident",0.043265306122449
"5","HRA003620_NC-05",208,0.8,"specimen_orig_ident","orig.ident",0.086522462562396
"6","HRA003620_NC-05",1,0.8,"specimen_orig_ident","orig.ident",0.000508646998982706
"7","HRA003620_NC-05",28,0.8,"specimen_orig_ident","orig.ident",0.0147913365029054
"8","HRA003620_NC-05",12,0.8,"specimen_orig_ident","orig.ident",0.00673022994952328
"9","HRA003620_NC-05",0,0.8,"specimen_orig_ident","orig.ident",0
"10","HRA003620_NC-05",139,0.8,"specimen_orig_ident","orig.ident",0.0802077322562031
"11","HRA003620_NC-05",36,0.8,"specimen_orig_ident","orig.ident",0.0357497517378352
"12","HRA003620_NC-05",19,0.8,"specimen_orig_ident","orig.ident",0.019730010384216
"13","HRA003620_NC-05",66,0.8,"specimen_orig_ident","orig.ident",0.0779220779220779
"14","HRA003620_NC-05",94,0.8,"specimen_orig_ident","orig.ident",0.113116726835138
"15","HRA003620_NC-05",11,0.8,"specimen_orig_ident","orig.ident",0.0132850241545894
"16","HRA003620_NC-05",49,0.8,"specimen_orig_ident","orig.ident",0.0642201834862385
"17","HRA003620_NC-05",69,0.8,"specimen_orig_ident","orig.ident",0.104863221884498
"18","HRA003620_NC-05",38,0.8,"specimen_orig_ident","orig.ident",0.0844444444444444
"19","HRA003620_NC-05",27,0.8,"specimen_orig_ident","orig.ident",0.0601336302895323
"20","HRA003620_NC-05",8,0.8,"specimen_orig_ident","orig.ident",0.024024024024024
"21","HRA003620_NC-05",12,0.8,"specimen_orig_ident","orig.ident",0.0428571428571429
"0","HRA003620_NC-11",29,0.8,"specimen_orig_ident","orig.ident",0.00491692099016616
"1","HRA003620_NC-11",189,0.8,"specimen_orig_ident","orig.ident",0.035626767200754
"2","HRA003620_NC-11",254,0.8,"specimen_orig_ident","orig.ident",0.0552173913043478
"3","HRA003620_NC-11",84,0.8,"specimen_orig_ident","orig.ident",0.0264067903175102
"4","HRA003620_NC-11",13,0.8,"specimen_orig_ident","orig.ident",0.00530612244897959
"5","HRA003620_NC-11",141,0.8,"specimen_orig_ident","orig.ident",0.0586522462562396
"6","HRA003620_NC-11",11,0.8,"specimen_orig_ident","orig.ident",0.00559511698880977
"7","HRA003620_NC-11",17,0.8,"specimen_orig_ident","orig.ident",0.00898045430533545
"8","HRA003620_NC-11",1,0.8,"specimen_orig_ident","orig.ident",0.000560852495793606
"9","HRA003620_NC-11",0,0.8,"specimen_orig_ident","orig.ident",0
"10","HRA003620_NC-11",39,0.8,"specimen_orig_ident","orig.ident",0.0225043277553376
"11","HRA003620_NC-11",37,0.8,"specimen_orig_ident","orig.ident",0.0367428003972195
"12","HRA003620_NC-11",1,0.8,"specimen_orig_ident","orig.ident",0.00103842159916926
"13","HRA003620_NC-11",1,0.8,"specimen_orig_ident","orig.ident",0.00118063754427391
"14","HRA003620_NC-11",23,0.8,"specimen_orig_ident","orig.ident",0.0276774969915764
"15","HRA003620_NC-11",8,0.8,"specimen_orig_ident","orig.ident",0.00966183574879227
"16","HRA003620_NC-11",70,0.8,"specimen_orig_ident","orig.ident",0.0917431192660551
"17","HRA003620_NC-11",51,0.8,"specimen_orig_ident","orig.ident",0.0775075987841945
"18","HRA003620_NC-11",12,0.8,"specimen_orig_ident","orig.ident",0.0266666666666667
"19","HRA003620_NC-11",6,0.8,"specimen_orig_ident","orig.ident",0.0133630289532294
"20","HRA003620_NC-11",13,0.8,"specimen_orig_ident","orig.ident",0.039039039039039
"21","HRA003620_NC-11",1,0.8,"specimen_orig_ident","orig.ident",0.00357142857142857
"0","HRA003620_NC-24",140,0.8,"specimen_orig_ident","orig.ident",0.0237368599525263
"1","HRA003620_NC-24",18,0.8,"specimen_orig_ident","orig.ident",0.00339302544769086
"2","HRA003620_NC-24",52,0.8,"specimen_orig_ident","orig.ident",0.011304347826087
"3","HRA003620_NC-24",69,0.8,"specimen_orig_ident","orig.ident",0.0216912920465262
"4","HRA003620_NC-24",13,0.8,"specimen_orig_ident","orig.ident",0.00530612244897959
"5","HRA003620_NC-24",19,0.8,"specimen_orig_ident","orig.ident",0.00790349417637271
"6","HRA003620_NC-24",0,0.8,"specimen_orig_ident","orig.ident",0
"7","HRA003620_NC-24",29,0.8,"specimen_orig_ident","orig.ident",0.0153195985208664
"8","HRA003620_NC-24",11,0.8,"specimen_orig_ident","orig.ident",0.00616937745372967
"9","HRA003620_NC-24",0,0.8,"specimen_orig_ident","orig.ident",0
"10","HRA003620_NC-24",84,0.8,"specimen_orig_ident","orig.ident",0.0484708597807271
"11","HRA003620_NC-24",2,0.8,"specimen_orig_ident","orig.ident",0.00198609731876862
"12","HRA003620_NC-24",8,0.8,"specimen_orig_ident","orig.ident",0.0083073727933541
"13","HRA003620_NC-24",0,0.8,"specimen_orig_ident","orig.ident",0
"14","HRA003620_NC-24",7,0.8,"specimen_orig_ident","orig.ident",0.00842358604091456
"15","HRA003620_NC-24",2,0.8,"specimen_orig_ident","orig.ident",0.00241545893719807
"16","HRA003620_NC-24",6,0.8,"specimen_orig_ident","orig.ident",0.00786369593709043
"17","HRA003620_NC-24",9,0.8,"specimen_orig_ident","orig.ident",0.013677811550152
"18","HRA003620_NC-24",0,0.8,"specimen_orig_ident","orig.ident",0
"19","HRA003620_NC-24",19,0.8,"specimen_orig_ident","orig.ident",0.0423162583518931
"20","HRA003620_NC-24",1,0.8,"specimen_orig_ident","orig.ident",0.003003003003003
"21","HRA003620_NC-24",2,0.8,"specimen_orig_ident","orig.ident",0.00714285714285714
"0","HRA003620_NC-27",120,0.8,"specimen_orig_ident","orig.ident",0.0203458799593082
"1","HRA003620_NC-27",39,0.8,"specimen_orig_ident","orig.ident",0.00735155513666353
"2","HRA003620_NC-27",71,0.8,"specimen_orig_ident","orig.ident",0.0154347826086957
"3","HRA003620_NC-27",32,0.8,"specimen_orig_ident","orig.ident",0.0100597296447658
"4","HRA003620_NC-27",14,0.8,"specimen_orig_ident","orig.ident",0.00571428571428571
"5","HRA003620_NC-27",36,0.8,"specimen_orig_ident","orig.ident",0.0149750415973378
"6","HRA003620_NC-27",0,0.8,"specimen_orig_ident","orig.ident",0
"7","HRA003620_NC-27",17,0.8,"specimen_orig_ident","orig.ident",0.00898045430533545
"8","HRA003620_NC-27",30,0.8,"specimen_orig_ident","orig.ident",0.0168255748738082
"9","HRA003620_NC-27",0,0.8,"specimen_orig_ident","orig.ident",0
"10","HRA003620_NC-27",24,0.8,"specimen_orig_ident","orig.ident",0.0138488170802077
"11","HRA003620_NC-27",1,0.8,"specimen_orig_ident","orig.ident",0.00099304865938431
"12","HRA003620_NC-27",6,0.8,"specimen_orig_ident","orig.ident",0.00623052959501558
"13","HRA003620_NC-27",2,0.8,"specimen_orig_ident","orig.ident",0.00236127508854782
"14","HRA003620_NC-27",9,0.8,"specimen_orig_ident","orig.ident",0.0108303249097473
"15","HRA003620_NC-27",5,0.8,"specimen_orig_ident","orig.ident",0.00603864734299517
"16","HRA003620_NC-27",5,0.8,"specimen_orig_ident","orig.ident",0.00655307994757536
"17","HRA003620_NC-27",23,0.8,"specimen_orig_ident","orig.ident",0.0349544072948328
"18","HRA003620_NC-27",5,0.8,"specimen_orig_ident","orig.ident",0.0111111111111111
"19","HRA003620_NC-27",9,0.8,"specimen_orig_ident","orig.ident",0.0200445434298441
"20","HRA003620_NC-27",1,0.8,"specimen_orig_ident","orig.ident",0.003003003003003
"21","HRA003620_NC-27",3,0.8,"specimen_orig_ident","orig.ident",0.0107142857142857
"0","HRA003620_NC-30",191,0.8,"specimen_orig_ident","orig.ident",0.0323838589352323
"1","HRA003620_NC-30",418,0.8,"specimen_orig_ident","orig.ident",0.0787935909519321
"2","HRA003620_NC-30",813,0.8,"specimen_orig_ident","orig.ident",0.176739130434783
"3","HRA003620_NC-30",270,0.8,"specimen_orig_ident","orig.ident",0.0848789688777114
"4","HRA003620_NC-30",33,0.8,"specimen_orig_ident","orig.ident",0.013469387755102
"5","HRA003620_NC-30",411,0.8,"specimen_orig_ident","orig.ident",0.170965058236273
"6","HRA003620_NC-30",9,0.8,"specimen_orig_ident","orig.ident",0.00457782299084435
"7","HRA003620_NC-30",44,0.8,"specimen_orig_ident","orig.ident",0.02324352879028
"8","HRA003620_NC-30",3,0.8,"specimen_orig_ident","orig.ident",0.00168255748738082
"9","HRA003620_NC-30",0,0.8,"specimen_orig_ident","orig.ident",0
"10","HRA003620_NC-30",160,0.8,"specimen_orig_ident","orig.ident",0.0923254472013849
"11","HRA003620_NC-30",30,0.8,"specimen_orig_ident","orig.ident",0.0297914597815293
"12","HRA003620_NC-30",15,0.8,"specimen_orig_ident","orig.ident",0.0155763239875389
"13","HRA003620_NC-30",2,0.8,"specimen_orig_ident","orig.ident",0.00236127508854782
"14","HRA003620_NC-30",91,0.8,"specimen_orig_ident","orig.ident",0.109506618531889
"15","HRA003620_NC-30",20,0.8,"specimen_orig_ident","orig.ident",0.0241545893719807
"16","HRA003620_NC-30",76,0.8,"specimen_orig_ident","orig.ident",0.0996068152031455
"17","HRA003620_NC-30",121,0.8,"specimen_orig_ident","orig.ident",0.183890577507599
"18","HRA003620_NC-30",52,0.8,"specimen_orig_ident","orig.ident",0.115555555555556
"19","HRA003620_NC-30",6,0.8,"specimen_orig_ident","orig.ident",0.0133630289532294
"20","HRA003620_NC-30",8,0.8,"specimen_orig_ident","orig.ident",0.024024024024024
"21","HRA003620_NC-30",16,0.8,"specimen_orig_ident","orig.ident",0.0571428571428571
"0","PRJNA662018_PRJNA662018_P1N1",90,0.8,"specimen_orig_ident","orig.ident",0.0152594099694812
"1","PRJNA662018_PRJNA662018_P1N1",145,0.8,"specimen_orig_ident","orig.ident",0.0273327049952875
"2","PRJNA662018_PRJNA662018_P1N1",139,0.8,"specimen_orig_ident","orig.ident",0.0302173913043478
"3","PRJNA662018_PRJNA662018_P1N1",63,0.8,"specimen_orig_ident","orig.ident",0.0198050927381327
"4","PRJNA662018_PRJNA662018_P1N1",9,0.8,"specimen_orig_ident","orig.ident",0.0036734693877551
"5","PRJNA662018_PRJNA662018_P1N1",53,0.8,"specimen_orig_ident","orig.ident",0.0220465890183028
"6","PRJNA662018_PRJNA662018_P1N1",50,0.8,"specimen_orig_ident","orig.ident",0.0254323499491353
"7","PRJNA662018_PRJNA662018_P1N1",33,0.8,"specimen_orig_ident","orig.ident",0.01743264659271
"8","PRJNA662018_PRJNA662018_P1N1",12,0.8,"specimen_orig_ident","orig.ident",0.00673022994952328
"9","PRJNA662018_PRJNA662018_P1N1",0,0.8,"specimen_orig_ident","orig.ident",0
"10","PRJNA662018_PRJNA662018_P1N1",36,0.8,"specimen_orig_ident","orig.ident",0.0207732256203116
"11","PRJNA662018_PRJNA662018_P1N1",8,0.8,"specimen_orig_ident","orig.ident",0.00794438927507448
"12","PRJNA662018_PRJNA662018_P1N1",14,0.8,"specimen_orig_ident","orig.ident",0.0145379023883697
"13","PRJNA662018_PRJNA662018_P1N1",7,0.8,"specimen_orig_ident","orig.ident",0.00826446280991736
"14","PRJNA662018_PRJNA662018_P1N1",24,0.8,"specimen_orig_ident","orig.ident",0.0288808664259928
"15","PRJNA662018_PRJNA662018_P1N1",2,0.8,"specimen_orig_ident","orig.ident",0.00241545893719807
"16","PRJNA662018_PRJNA662018_P1N1",19,0.8,"specimen_orig_ident","orig.ident",0.0249017038007864
"17","PRJNA662018_PRJNA662018_P1N1",19,0.8,"specimen_orig_ident","orig.ident",0.0288753799392097
"18","PRJNA662018_PRJNA662018_P1N1",8,0.8,"specimen_orig_ident","orig.ident",0.0177777777777778
"19","PRJNA662018_PRJNA662018_P1N1",6,0.8,"specimen_orig_ident","orig.ident",0.0133630289532294
"20","PRJNA662018_PRJNA662018_P1N1",42,0.8,"specimen_orig_ident","orig.ident",0.126126126126126
"21","PRJNA662018_PRJNA662018_P1N1",0,0.8,"specimen_orig_ident","orig.ident",0
"0","PRJNA662018_PRJNA662018_P1T1",386,0.8,"specimen_orig_ident","orig.ident",0.0654459138691082
"1","PRJNA662018_PRJNA662018_P1T1",71,0.8,"specimen_orig_ident","orig.ident",0.0133836003770028
"2","PRJNA662018_PRJNA662018_P1T1",52,0.8,"specimen_orig_ident","orig.ident",0.011304347826087
"3","PRJNA662018_PRJNA662018_P1T1",73,0.8,"specimen_orig_ident","orig.ident",0.022948758252122
"4","PRJNA662018_PRJNA662018_P1T1",42,0.8,"specimen_orig_ident","orig.ident",0.0171428571428571
"5","PRJNA662018_PRJNA662018_P1T1",46,0.8,"specimen_orig_ident","orig.ident",0.019134775374376
"6","PRJNA662018_PRJNA662018_P1T1",12,0.8,"specimen_orig_ident","orig.ident",0.00610376398779247
"7","PRJNA662018_PRJNA662018_P1T1",44,0.8,"specimen_orig_ident","orig.ident",0.02324352879028
"8","PRJNA662018_PRJNA662018_P1T1",41,0.8,"specimen_orig_ident","orig.ident",0.0229949523275379
"9","PRJNA662018_PRJNA662018_P1T1",0,0.8,"specimen_orig_ident","orig.ident",0
"10","PRJNA662018_PRJNA662018_P1T1",63,0.8,"specimen_orig_ident","orig.ident",0.0363531448355453
"11","PRJNA662018_PRJNA662018_P1T1",15,0.8,"specimen_orig_ident","orig.ident",0.0148957298907646
"12","PRJNA662018_PRJNA662018_P1T1",29,0.8,"specimen_orig_ident","orig.ident",0.0301142263759086
"13","PRJNA662018_PRJNA662018_P1T1",63,0.8,"specimen_orig_ident","orig.ident",0.0743801652892562
"14","PRJNA662018_PRJNA662018_P1T1",13,0.8,"specimen_orig_ident","orig.ident",0.0156438026474128
"15","PRJNA662018_PRJNA662018_P1T1",37,0.8,"specimen_orig_ident","orig.ident",0.0446859903381642
"16","PRJNA662018_PRJNA662018_P1T1",68,0.8,"specimen_orig_ident","orig.ident",0.0891218872870249
"17","PRJNA662018_PRJNA662018_P1T1",14,0.8,"specimen_orig_ident","orig.ident",0.0212765957446809
"18","PRJNA662018_PRJNA662018_P1T1",10,0.8,"specimen_orig_ident","orig.ident",0.0222222222222222
"19","PRJNA662018_PRJNA662018_P1T1",31,0.8,"specimen_orig_ident","orig.ident",0.0690423162583519
"20","PRJNA662018_PRJNA662018_P1T1",4,0.8,"specimen_orig_ident","orig.ident",0.012012012012012
"21","PRJNA662018_PRJNA662018_P1T1",3,0.8,"specimen_orig_ident","orig.ident",0.0107142857142857
"0","PRJNA662018_PRJNA662018_P2T2",52,0.8,"specimen_orig_ident","orig.ident",0.0088165479823669
"1","PRJNA662018_PRJNA662018_P2T2",25,0.8,"specimen_orig_ident","orig.ident",0.00471253534401508
"2","PRJNA662018_PRJNA662018_P2T2",24,0.8,"specimen_orig_ident","orig.ident",0.00521739130434783
"3","PRJNA662018_PRJNA662018_P2T2",65,0.8,"specimen_orig_ident","orig.ident",0.0204338258409305
"4","PRJNA662018_PRJNA662018_P2T2",14,0.8,"specimen_orig_ident","orig.ident",0.00571428571428571
"5","PRJNA662018_PRJNA662018_P2T2",24,0.8,"specimen_orig_ident","orig.ident",0.00998336106489185
"6","PRJNA662018_PRJNA662018_P2T2",21,0.8,"specimen_orig_ident","orig.ident",0.0106815869786368
"7","PRJNA662018_PRJNA662018_P2T2",76,0.8,"specimen_orig_ident","orig.ident",0.0401479133650291
"8","PRJNA662018_PRJNA662018_P2T2",10,0.8,"specimen_orig_ident","orig.ident",0.00560852495793606
"9","PRJNA662018_PRJNA662018_P2T2",0,0.8,"specimen_orig_ident","orig.ident",0
"10","PRJNA662018_PRJNA662018_P2T2",14,0.8,"specimen_orig_ident","orig.ident",0.00807847663012118
"11","PRJNA662018_PRJNA662018_P2T2",2,0.8,"specimen_orig_ident","orig.ident",0.00198609731876862
"12","PRJNA662018_PRJNA662018_P2T2",11,0.8,"specimen_orig_ident","orig.ident",0.0114226375908619
"13","PRJNA662018_PRJNA662018_P2T2",8,0.8,"specimen_orig_ident","orig.ident",0.00944510035419126
"14","PRJNA662018_PRJNA662018_P2T2",9,0.8,"specimen_orig_ident","orig.ident",0.0108303249097473
"15","PRJNA662018_PRJNA662018_P2T2",7,0.8,"specimen_orig_ident","orig.ident",0.00845410628019324
"16","PRJNA662018_PRJNA662018_P2T2",17,0.8,"specimen_orig_ident","orig.ident",0.0222804718217562
"17","PRJNA662018_PRJNA662018_P2T2",3,0.8,"specimen_orig_ident","orig.ident",0.00455927051671732
"18","PRJNA662018_PRJNA662018_P2T2",5,0.8,"specimen_orig_ident","orig.ident",0.0111111111111111
"19","PRJNA662018_PRJNA662018_P2T2",10,0.8,"specimen_orig_ident","orig.ident",0.022271714922049
"20","PRJNA662018_PRJNA662018_P2T2",13,0.8,"specimen_orig_ident","orig.ident",0.039039039039039
"21","PRJNA662018_PRJNA662018_P2T2",0,0.8,"specimen_orig_ident","orig.ident",0
"0","PRJNA662018_PRJNA662018_P3N3",66,0.8,"specimen_orig_ident","orig.ident",0.0111902339776195
"1","PRJNA662018_PRJNA662018_P3N3",21,0.8,"specimen_orig_ident","orig.ident",0.00395852968897267
"2","PRJNA662018_PRJNA662018_P3N3",8,0.8,"specimen_orig_ident","orig.ident",0.00173913043478261
"3","PRJNA662018_PRJNA662018_P3N3",38,0.8,"specimen_orig_ident","orig.ident",0.0119459289531594
"4","PRJNA662018_PRJNA662018_P3N3",8,0.8,"specimen_orig_ident","orig.ident",0.00326530612244898
"5","PRJNA662018_PRJNA662018_P3N3",6,0.8,"specimen_orig_ident","orig.ident",0.00249584026622296
"6","PRJNA662018_PRJNA662018_P3N3",15,0.8,"specimen_orig_ident","orig.ident",0.00762970498474059
"7","PRJNA662018_PRJNA662018_P3N3",15,0.8,"specimen_orig_ident","orig.ident",0.00792393026941363
"8","PRJNA662018_PRJNA662018_P3N3",7,0.8,"specimen_orig_ident","orig.ident",0.00392596747055524
"9","PRJNA662018_PRJNA662018_P3N3",0,0.8,"specimen_orig_ident","orig.ident",0
"10","PRJNA662018_PRJNA662018_P3N3",15,0.8,"specimen_orig_ident","orig.ident",0.00865551067512983
"11","PRJNA662018_PRJNA662018_P3N3",0,0.8,"specimen_orig_ident","orig.ident",0
"12","PRJNA662018_PRJNA662018_P3N3",5,0.8,"specimen_orig_ident","orig.ident",0.00519210799584631
"13","PRJNA662018_PRJNA662018_P3N3",5,0.8,"specimen_orig_ident","orig.ident",0.00590318772136954
"14","PRJNA662018_PRJNA662018_P3N3",3,0.8,"specimen_orig_ident","orig.ident",0.0036101083032491
"15","PRJNA662018_PRJNA662018_P3N3",1,0.8,"specimen_orig_ident","orig.ident",0.00120772946859903
"16","PRJNA662018_PRJNA662018_P3N3",5,0.8,"specimen_orig_ident","orig.ident",0.00655307994757536
"17","PRJNA662018_PRJNA662018_P3N3",3,0.8,"specimen_orig_ident","orig.ident",0.00455927051671732
"18","PRJNA662018_PRJNA662018_P3N3",1,0.8,"specimen_orig_ident","orig.ident",0.00222222222222222
"19","PRJNA662018_PRJNA662018_P3N3",2,0.8,"specimen_orig_ident","orig.ident",0.0044543429844098
"20","PRJNA662018_PRJNA662018_P3N3",1,0.8,"specimen_orig_ident","orig.ident",0.003003003003003
"21","PRJNA662018_PRJNA662018_P3N3",1,0.8,"specimen_orig_ident","orig.ident",0.00357142857142857
"0","PRJNA662018_PRJNA662018_P3T3",33,0.8,"specimen_orig_ident","orig.ident",0.00559511698880977
"1","PRJNA662018_PRJNA662018_P3T3",6,0.8,"specimen_orig_ident","orig.ident",0.00113100848256362
"2","PRJNA662018_PRJNA662018_P3T3",4,0.8,"specimen_orig_ident","orig.ident",0.000869565217391304
"3","PRJNA662018_PRJNA662018_P3T3",20,0.8,"specimen_orig_ident","orig.ident",0.00628733102797862
"4","PRJNA662018_PRJNA662018_P3T3",13,0.8,"specimen_orig_ident","orig.ident",0.00530612244897959
"5","PRJNA662018_PRJNA662018_P3T3",18,0.8,"specimen_orig_ident","orig.ident",0.00748752079866889
"6","PRJNA662018_PRJNA662018_P3T3",7,0.8,"specimen_orig_ident","orig.ident",0.00356052899287894
"7","PRJNA662018_PRJNA662018_P3T3",10,0.8,"specimen_orig_ident","orig.ident",0.00528262017960909
"8","PRJNA662018_PRJNA662018_P3T3",5,0.8,"specimen_orig_ident","orig.ident",0.00280426247896803
"9","PRJNA662018_PRJNA662018_P3T3",0,0.8,"specimen_orig_ident","orig.ident",0
"10","PRJNA662018_PRJNA662018_P3T3",7,0.8,"specimen_orig_ident","orig.ident",0.00403923831506059
"11","PRJNA662018_PRJNA662018_P3T3",7,0.8,"specimen_orig_ident","orig.ident",0.00695134061569017
"12","PRJNA662018_PRJNA662018_P3T3",8,0.8,"specimen_orig_ident","orig.ident",0.0083073727933541
"13","PRJNA662018_PRJNA662018_P3T3",7,0.8,"specimen_orig_ident","orig.ident",0.00826446280991736
"14","PRJNA662018_PRJNA662018_P3T3",1,0.8,"specimen_orig_ident","orig.ident",0.00120336943441637
"15","PRJNA662018_PRJNA662018_P3T3",5,0.8,"specimen_orig_ident","orig.ident",0.00603864734299517
"16","PRJNA662018_PRJNA662018_P3T3",7,0.8,"specimen_orig_ident","orig.ident",0.00917431192660551
"17","PRJNA662018_PRJNA662018_P3T3",2,0.8,"specimen_orig_ident","orig.ident",0.00303951367781155
"18","PRJNA662018_PRJNA662018_P3T3",5,0.8,"specimen_orig_ident","orig.ident",0.0111111111111111
"19","PRJNA662018_PRJNA662018_P3T3",0,0.8,"specimen_orig_ident","orig.ident",0
"20","PRJNA662018_PRJNA662018_P3T3",4,0.8,"specimen_orig_ident","orig.ident",0.012012012012012
"21","PRJNA662018_PRJNA662018_P3T3",1,0.8,"specimen_orig_ident","orig.ident",0.00357142857142857
"0","PRJNA662018_PRJNA662018_P4T4",226,0.8,"specimen_orig_ident","orig.ident",0.0383180739233639
"1","PRJNA662018_PRJNA662018_P4T4",106,0.8,"specimen_orig_ident","orig.ident",0.0199811498586239
"2","PRJNA662018_PRJNA662018_P4T4",46,0.8,"specimen_orig_ident","orig.ident",0.01
"3","PRJNA662018_PRJNA662018_P4T4",39,0.8,"specimen_orig_ident","orig.ident",0.0122602955045583
"4","PRJNA662018_PRJNA662018_P4T4",86,0.8,"specimen_orig_ident","orig.ident",0.0351020408163265
"5","PRJNA662018_PRJNA662018_P4T4",27,0.8,"specimen_orig_ident","orig.ident",0.0112312811980033
"6","PRJNA662018_PRJNA662018_P4T4",15,0.8,"specimen_orig_ident","orig.ident",0.00762970498474059
"7","PRJNA662018_PRJNA662018_P4T4",68,0.8,"specimen_orig_ident","orig.ident",0.0359218172213418
"8","PRJNA662018_PRJNA662018_P4T4",16,0.8,"specimen_orig_ident","orig.ident",0.0089736399326977
"9","PRJNA662018_PRJNA662018_P4T4",0,0.8,"specimen_orig_ident","orig.ident",0
"10","PRJNA662018_PRJNA662018_P4T4",4,0.8,"specimen_orig_ident","orig.ident",0.00230813618003462
"11","PRJNA662018_PRJNA662018_P4T4",91,0.8,"specimen_orig_ident","orig.ident",0.0903674280039722
"12","PRJNA662018_PRJNA662018_P4T4",43,0.8,"specimen_orig_ident","orig.ident",0.0446521287642783
"13","PRJNA662018_PRJNA662018_P4T4",35,0.8,"specimen_orig_ident","orig.ident",0.0413223140495868
"14","PRJNA662018_PRJNA662018_P4T4",3,0.8,"specimen_orig_ident","orig.ident",0.0036101083032491
"15","PRJNA662018_PRJNA662018_P4T4",36,0.8,"specimen_orig_ident","orig.ident",0.0434782608695652
"16","PRJNA662018_PRJNA662018_P4T4",34,0.8,"specimen_orig_ident","orig.ident",0.0445609436435125
"17","PRJNA662018_PRJNA662018_P4T4",14,0.8,"specimen_orig_ident","orig.ident",0.0212765957446809
"18","PRJNA662018_PRJNA662018_P4T4",4,0.8,"specimen_orig_ident","orig.ident",0.00888888888888889
"19","PRJNA662018_PRJNA662018_P4T4",31,0.8,"specimen_orig_ident","orig.ident",0.0690423162583519
"20","PRJNA662018_PRJNA662018_P4T4",7,0.8,"specimen_orig_ident","orig.ident",0.021021021021021
"21","PRJNA662018_PRJNA662018_P4T4",8,0.8,"specimen_orig_ident","orig.ident",0.0285714285714286
"0","PRJNA662018_PRJNA662018_P5T5",42,0.8,"specimen_orig_ident","orig.ident",0.00712105798575788
"1","PRJNA662018_PRJNA662018_P5T5",10,0.8,"specimen_orig_ident","orig.ident",0.00188501413760603
"2","PRJNA662018_PRJNA662018_P5T5",0,0.8,"specimen_orig_ident","orig.ident",0
"3","PRJNA662018_PRJNA662018_P5T5",27,0.8,"specimen_orig_ident","orig.ident",0.00848789688777114
"4","PRJNA662018_PRJNA662018_P5T5",20,0.8,"specimen_orig_ident","orig.ident",0.00816326530612245
"5","PRJNA662018_PRJNA662018_P5T5",11,0.8,"specimen_orig_ident","orig.ident",0.0045757071547421
"6","PRJNA662018_PRJNA662018_P5T5",2,0.8,"specimen_orig_ident","orig.ident",0.00101729399796541
"7","PRJNA662018_PRJNA662018_P5T5",0,0.8,"specimen_orig_ident","orig.ident",0
"8","PRJNA662018_PRJNA662018_P5T5",11,0.8,"specimen_orig_ident","orig.ident",0.00616937745372967
"9","PRJNA662018_PRJNA662018_P5T5",0,0.8,"specimen_orig_ident","orig.ident",0
"10","PRJNA662018_PRJNA662018_P5T5",4,0.8,"specimen_orig_ident","orig.ident",0.00230813618003462
"11","PRJNA662018_PRJNA662018_P5T5",6,0.8,"specimen_orig_ident","orig.ident",0.00595829195630586
"12","PRJNA662018_PRJNA662018_P5T5",10,0.8,"specimen_orig_ident","orig.ident",0.0103842159916926
"13","PRJNA662018_PRJNA662018_P5T5",25,0.8,"specimen_orig_ident","orig.ident",0.0295159386068477
"14","PRJNA662018_PRJNA662018_P5T5",1,0.8,"specimen_orig_ident","orig.ident",0.00120336943441637
"15","PRJNA662018_PRJNA662018_P5T5",4,0.8,"specimen_orig_ident","orig.ident",0.00483091787439614
"16","PRJNA662018_PRJNA662018_P5T5",2,0.8,"specimen_orig_ident","orig.ident",0.00262123197903014
"17","PRJNA662018_PRJNA662018_P5T5",1,0.8,"specimen_orig_ident","orig.ident",0.00151975683890578
"18","PRJNA662018_PRJNA662018_P5T5",0,0.8,"specimen_orig_ident","orig.ident",0
"19","PRJNA662018_PRJNA662018_P5T5",0,0.8,"specimen_orig_ident","orig.ident",0
"20","PRJNA662018_PRJNA662018_P5T5",0,0.8,"specimen_orig_ident","orig.ident",0
"21","PRJNA662018_PRJNA662018_P5T5",2,0.8,"specimen_orig_ident","orig.ident",0.00714285714285714
"0","PRJNA662018_PRJNA662018_P6N2",64,0.8,"specimen_orig_ident","orig.ident",0.0108511359782977
"1","PRJNA662018_PRJNA662018_P6N2",48,0.8,"specimen_orig_ident","orig.ident",0.00904806786050895
"2","PRJNA662018_PRJNA662018_P6N2",78,0.8,"specimen_orig_ident","orig.ident",0.0169565217391304
"3","PRJNA662018_PRJNA662018_P6N2",44,0.8,"specimen_orig_ident","orig.ident",0.013832128261553
"4","PRJNA662018_PRJNA662018_P6N2",17,0.8,"specimen_orig_ident","orig.ident",0.00693877551020408
"5","PRJNA662018_PRJNA662018_P6N2",32,0.8,"specimen_orig_ident","orig.ident",0.0133111480865225
"6","PRJNA662018_PRJNA662018_P6N2",19,0.8,"specimen_orig_ident","orig.ident",0.00966429298067141
"7","PRJNA662018_PRJNA662018_P6N2",20,0.8,"specimen_orig_ident","orig.ident",0.0105652403592182
"8","PRJNA662018_PRJNA662018_P6N2",7,0.8,"specimen_orig_ident","orig.ident",0.00392596747055524
"9","PRJNA662018_PRJNA662018_P6N2",0,0.8,"specimen_orig_ident","orig.ident",0
"10","PRJNA662018_PRJNA662018_P6N2",25,0.8,"specimen_orig_ident","orig.ident",0.0144258511252164
"11","PRJNA662018_PRJNA662018_P6N2",7,0.8,"specimen_orig_ident","orig.ident",0.00695134061569017
"12","PRJNA662018_PRJNA662018_P6N2",13,0.8,"specimen_orig_ident","orig.ident",0.0134994807892004
"13","PRJNA662018_PRJNA662018_P6N2",1,0.8,"specimen_orig_ident","orig.ident",0.00118063754427391
"14","PRJNA662018_PRJNA662018_P6N2",19,0.8,"specimen_orig_ident","orig.ident",0.022864019253911
"15","PRJNA662018_PRJNA662018_P6N2",2,0.8,"specimen_orig_ident","orig.ident",0.00241545893719807
"16","PRJNA662018_PRJNA662018_P6N2",15,0.8,"specimen_orig_ident","orig.ident",0.0196592398427261
"17","PRJNA662018_PRJNA662018_P6N2",20,0.8,"specimen_orig_ident","orig.ident",0.0303951367781155
"18","PRJNA662018_PRJNA662018_P6N2",13,0.8,"specimen_orig_ident","orig.ident",0.0288888888888889
"19","PRJNA662018_PRJNA662018_P6N2",3,0.8,"specimen_orig_ident","orig.ident",0.0066815144766147
"20","PRJNA662018_PRJNA662018_P6N2",3,0.8,"specimen_orig_ident","orig.ident",0.00900900900900901
"21","PRJNA662018_PRJNA662018_P6N2",1,0.8,"specimen_orig_ident","orig.ident",0.00357142857142857
"0","PRJNA662018_PRJNA662018_P6T6",23,0.8,"specimen_orig_ident","orig.ident",0.00389962699220075
"1","PRJNA662018_PRJNA662018_P6T6",0,0.8,"specimen_orig_ident","orig.ident",0
"2","PRJNA662018_PRJNA662018_P6T6",0,0.8,"specimen_orig_ident","orig.ident",0
"3","PRJNA662018_PRJNA662018_P6T6",4,0.8,"specimen_orig_ident","orig.ident",0.00125746620559572
"4","PRJNA662018_PRJNA662018_P6T6",4,0.8,"specimen_orig_ident","orig.ident",0.00163265306122449
"5","PRJNA662018_PRJNA662018_P6T6",0,0.8,"specimen_orig_ident","orig.ident",0
"6","PRJNA662018_PRJNA662018_P6T6",0,0.8,"specimen_orig_ident","orig.ident",0
"7","PRJNA662018_PRJNA662018_P6T6",0,0.8,"specimen_orig_ident","orig.ident",0
"8","PRJNA662018_PRJNA662018_P6T6",11,0.8,"specimen_orig_ident","orig.ident",0.00616937745372967
"9","PRJNA662018_PRJNA662018_P6T6",0,0.8,"specimen_orig_ident","orig.ident",0
"10","PRJNA662018_PRJNA662018_P6T6",8,0.8,"specimen_orig_ident","orig.ident",0.00461627236006924
"11","PRJNA662018_PRJNA662018_P6T6",0,0.8,"specimen_orig_ident","orig.ident",0
"12","PRJNA662018_PRJNA662018_P6T6",0,0.8,"specimen_orig_ident","orig.ident",0
"13","PRJNA662018_PRJNA662018_P6T6",8,0.8,"specimen_orig_ident","orig.ident",0.00944510035419126
"14","PRJNA662018_PRJNA662018_P6T6",1,0.8,"specimen_orig_ident","orig.ident",0.00120336943441637
"15","PRJNA662018_PRJNA662018_P6T6",0,0.8,"specimen_orig_ident","orig.ident",0
"16","PRJNA662018_PRJNA662018_P6T6",1,0.8,"specimen_orig_ident","orig.ident",0.00131061598951507
"17","PRJNA662018_PRJNA662018_P6T6",0,0.8,"specimen_orig_ident","orig.ident",0
"18","PRJNA662018_PRJNA662018_P6T6",0,0.8,"specimen_orig_ident","orig.ident",0
"19","PRJNA662018_PRJNA662018_P6T6",0,0.8,"specimen_orig_ident","orig.ident",0
"20","PRJNA662018_PRJNA662018_P6T6",0,0.8,"specimen_orig_ident","orig.ident",0
"21","PRJNA662018_PRJNA662018_P6T6",0,0.8,"specimen_orig_ident","orig.ident",0
"0","PRJNA662018_PRJNA662018_P7T7",100,0.8,"specimen_orig_ident","orig.ident",0.0169548999660902
"1","PRJNA662018_PRJNA662018_P7T7",11,0.8,"specimen_orig_ident","orig.ident",0.00207351555136664
"2","PRJNA662018_PRJNA662018_P7T7",17,0.8,"specimen_orig_ident","orig.ident",0.00369565217391304
"3","PRJNA662018_PRJNA662018_P7T7",42,0.8,"specimen_orig_ident","orig.ident",0.0132033951587551
"4","PRJNA662018_PRJNA662018_P7T7",30,0.8,"specimen_orig_ident","orig.ident",0.0122448979591837
"5","PRJNA662018_PRJNA662018_P7T7",19,0.8,"specimen_orig_ident","orig.ident",0.00790349417637271
"6","PRJNA662018_PRJNA662018_P7T7",0,0.8,"specimen_orig_ident","orig.ident",0
"7","PRJNA662018_PRJNA662018_P7T7",8,0.8,"specimen_orig_ident","orig.ident",0.00422609614368727
"8","PRJNA662018_PRJNA662018_P7T7",16,0.8,"specimen_orig_ident","orig.ident",0.0089736399326977
"9","PRJNA662018_PRJNA662018_P7T7",0,0.8,"specimen_orig_ident","orig.ident",0
"10","PRJNA662018_PRJNA662018_P7T7",18,0.8,"specimen_orig_ident","orig.ident",0.0103866128101558
"11","PRJNA662018_PRJNA662018_P7T7",20,0.8,"specimen_orig_ident","orig.ident",0.0198609731876862
"12","PRJNA662018_PRJNA662018_P7T7",12,0.8,"specimen_orig_ident","orig.ident",0.0124610591900312
"13","PRJNA662018_PRJNA662018_P7T7",17,0.8,"specimen_orig_ident","orig.ident",0.0200708382526564
"14","PRJNA662018_PRJNA662018_P7T7",1,0.8,"specimen_orig_ident","orig.ident",0.00120336943441637
"15","PRJNA662018_PRJNA662018_P7T7",2,0.8,"specimen_orig_ident","orig.ident",0.00241545893719807
"16","PRJNA662018_PRJNA662018_P7T7",5,0.8,"specimen_orig_ident","orig.ident",0.00655307994757536
"17","PRJNA662018_PRJNA662018_P7T7",5,0.8,"specimen_orig_ident","orig.ident",0.00759878419452888
"18","PRJNA662018_PRJNA662018_P7T7",1,0.8,"specimen_orig_ident","orig.ident",0.00222222222222222
"19","PRJNA662018_PRJNA662018_P7T7",4,0.8,"specimen_orig_ident","orig.ident",0.0089086859688196
"20","PRJNA662018_PRJNA662018_P7T7",0,0.8,"specimen_orig_ident","orig.ident",0
"21","PRJNA662018_PRJNA662018_P7T7",3,0.8,"specimen_orig_ident","orig.ident",0.0107142857142857
"0","PRJNA662018_PRJNA662018_P8T8",27,0.8,"specimen_orig_ident","orig.ident",0.00457782299084435
"1","PRJNA662018_PRJNA662018_P8T8",7,0.8,"specimen_orig_ident","orig.ident",0.00131950989632422
"2","PRJNA662018_PRJNA662018_P8T8",9,0.8,"specimen_orig_ident","orig.ident",0.00195652173913043
"3","PRJNA662018_PRJNA662018_P8T8",36,0.8,"specimen_orig_ident","orig.ident",0.0113171958503615
"4","PRJNA662018_PRJNA662018_P8T8",12,0.8,"specimen_orig_ident","orig.ident",0.00489795918367347
"5","PRJNA662018_PRJNA662018_P8T8",1,0.8,"specimen_orig_ident","orig.ident",0.000415973377703827
"6","PRJNA662018_PRJNA662018_P8T8",0,0.8,"specimen_orig_ident","orig.ident",0
"7","PRJNA662018_PRJNA662018_P8T8",2,0.8,"specimen_orig_ident","orig.ident",0.00105652403592182
"8","PRJNA662018_PRJNA662018_P8T8",41,0.8,"specimen_orig_ident","orig.ident",0.0229949523275379
"9","PRJNA662018_PRJNA662018_P8T8",0,0.8,"specimen_orig_ident","orig.ident",0
"10","PRJNA662018_PRJNA662018_P8T8",11,0.8,"specimen_orig_ident","orig.ident",0.00634737449509521
"11","PRJNA662018_PRJNA662018_P8T8",10,0.8,"specimen_orig_ident","orig.ident",0.0099304865938431
"12","PRJNA662018_PRJNA662018_P8T8",7,0.8,"specimen_orig_ident","orig.ident",0.00726895119418484
"13","PRJNA662018_PRJNA662018_P8T8",16,0.8,"specimen_orig_ident","orig.ident",0.0188902007083825
"14","PRJNA662018_PRJNA662018_P8T8",4,0.8,"specimen_orig_ident","orig.ident",0.00481347773766546
"15","PRJNA662018_PRJNA662018_P8T8",3,0.8,"specimen_orig_ident","orig.ident",0.0036231884057971
"16","PRJNA662018_PRJNA662018_P8T8",8,0.8,"specimen_orig_ident","orig.ident",0.0104849279161206
"17","PRJNA662018_PRJNA662018_P8T8",3,0.8,"specimen_orig_ident","orig.ident",0.00455927051671732
"18","PRJNA662018_PRJNA662018_P8T8",0,0.8,"specimen_orig_ident","orig.ident",0
"19","PRJNA662018_PRJNA662018_P8T8",0,0.8,"specimen_orig_ident","orig.ident",0
"20","PRJNA662018_PRJNA662018_P8T8",1,0.8,"specimen_orig_ident","orig.ident",0.003003003003003
"21","PRJNA662018_PRJNA662018_P8T8",1,0.8,"specimen_orig_ident","orig.ident",0.00357142857142857
"0","T4091568",185,0.8,"specimen_orig_ident","orig.ident",0.0313665649372669
"1","T4091568",119,0.8,"specimen_orig_ident","orig.ident",0.0224316682375118
"2","T4091568",8,0.8,"specimen_orig_ident","orig.ident",0.00173913043478261
"3","T4091568",71,0.8,"specimen_orig_ident","orig.ident",0.0223200251493241
"4","T4091568",88,0.8,"specimen_orig_ident","orig.ident",0.0359183673469388
"5","T4091568",18,0.8,"specimen_orig_ident","orig.ident",0.00748752079866889
"6","T4091568",244,0.8,"specimen_orig_ident","orig.ident",0.12410986775178
"7","T4091568",122,0.8,"specimen_orig_ident","orig.ident",0.0644479661912308
"8","T4091568",39,0.8,"specimen_orig_ident","orig.ident",0.0218732473359506
"9","T4091568",297,0.8,"specimen_orig_ident","orig.ident",0.167701863354037
"10","T4091568",35,0.8,"specimen_orig_ident","orig.ident",0.0201961915753029
"11","T4091568",8,0.8,"specimen_orig_ident","orig.ident",0.00794438927507448
"12","T4091568",19,0.8,"specimen_orig_ident","orig.ident",0.019730010384216
"13","T4091568",11,0.8,"specimen_orig_ident","orig.ident",0.012987012987013
"14","T4091568",9,0.8,"specimen_orig_ident","orig.ident",0.0108303249097473
"15","T4091568",8,0.8,"specimen_orig_ident","orig.ident",0.00966183574879227
"16","T4091568",15,0.8,"specimen_orig_ident","orig.ident",0.0196592398427261
"17","T4091568",6,0.8,"specimen_orig_ident","orig.ident",0.00911854103343465
"18","T4091568",17,0.8,"specimen_orig_ident","orig.ident",0.0377777777777778
"19","T4091568",6,0.8,"specimen_orig_ident","orig.ident",0.0133630289532294
"20","T4091568",33,0.8,"specimen_orig_ident","orig.ident",0.0990990990990991
"21","T4091568",8,0.8,"specimen_orig_ident","orig.ident",0.0285714285714286
"0","T4295396",30,0.8,"specimen_orig_ident","orig.ident",0.00508646998982706
"1","T4295396",0,0.8,"specimen_orig_ident","orig.ident",0
"2","T4295396",0,0.8,"specimen_orig_ident","orig.ident",0
"3","T4295396",9,0.8,"specimen_orig_ident","orig.ident",0.00282929896259038
"4","T4295396",22,0.8,"specimen_orig_ident","orig.ident",0.00897959183673469
"5","T4295396",4,0.8,"specimen_orig_ident","orig.ident",0.00166389351081531
"6","T4295396",24,0.8,"specimen_orig_ident","orig.ident",0.0122075279755849
"7","T4295396",127,0.8,"specimen_orig_ident","orig.ident",0.0670892762810354
"8","T4295396",12,0.8,"specimen_orig_ident","orig.ident",0.00673022994952328
"9","T4295396",58,0.8,"specimen_orig_ident","orig.ident",0.0327498588368154
"10","T4295396",3,0.8,"specimen_orig_ident","orig.ident",0.00173110213502597
"11","T4295396",13,0.8,"specimen_orig_ident","orig.ident",0.012909632571996
"12","T4295396",26,0.8,"specimen_orig_ident","orig.ident",0.0269989615784008
"13","T4295396",1,0.8,"specimen_orig_ident","orig.ident",0.00118063754427391
"14","T4295396",0,0.8,"specimen_orig_ident","orig.ident",0
"15","T4295396",17,0.8,"specimen_orig_ident","orig.ident",0.0205314009661836
"16","T4295396",5,0.8,"specimen_orig_ident","orig.ident",0.00655307994757536
"17","T4295396",1,0.8,"specimen_orig_ident","orig.ident",0.00151975683890578
"18","T4295396",6,0.8,"specimen_orig_ident","orig.ident",0.0133333333333333
"19","T4295396",3,0.8,"specimen_orig_ident","orig.ident",0.0066815144766147
"20","T4295396",24,0.8,"specimen_orig_ident","orig.ident",0.0720720720720721
"21","T4295396",0,0.8,"specimen_orig_ident","orig.ident",0
"0","T4380845",95,0.8,"specimen_orig_ident","orig.ident",0.0161071549677857
"1","T4380845",2,0.8,"specimen_orig_ident","orig.ident",0.000377002827521206
"2","T4380845",12,0.8,"specimen_orig_ident","orig.ident",0.00260869565217391
"3","T4380845",38,0.8,"specimen_orig_ident","orig.ident",0.0119459289531594
"4","T4380845",79,0.8,"specimen_orig_ident","orig.ident",0.0322448979591837
"5","T4380845",45,0.8,"specimen_orig_ident","orig.ident",0.0187188019966722
"6","T4380845",19,0.8,"specimen_orig_ident","orig.ident",0.00966429298067141
"7","T4380845",29,0.8,"specimen_orig_ident","orig.ident",0.0153195985208664
"8","T4380845",3,0.8,"specimen_orig_ident","orig.ident",0.00168255748738082
"9","T4380845",133,0.8,"specimen_orig_ident","orig.ident",0.075098814229249
"10","T4380845",15,0.8,"specimen_orig_ident","orig.ident",0.00865551067512983
"11","T4380845",18,0.8,"specimen_orig_ident","orig.ident",0.0178748758689176
"12","T4380845",12,0.8,"specimen_orig_ident","orig.ident",0.0124610591900312
"13","T4380845",5,0.8,"specimen_orig_ident","orig.ident",0.00590318772136954
"14","T4380845",1,0.8,"specimen_orig_ident","orig.ident",0.00120336943441637
"15","T4380845",66,0.8,"specimen_orig_ident","orig.ident",0.0797101449275362
"16","T4380845",11,0.8,"specimen_orig_ident","orig.ident",0.0144167758846658
"17","T4380845",6,0.8,"specimen_orig_ident","orig.ident",0.00911854103343465
"18","T4380845",1,0.8,"specimen_orig_ident","orig.ident",0.00222222222222222
"19","T4380845",2,0.8,"specimen_orig_ident","orig.ident",0.0044543429844098
"20","T4380845",3,0.8,"specimen_orig_ident","orig.ident",0.00900900900900901
"21","T4380845",17,0.8,"specimen_orig_ident","orig.ident",0.0607142857142857
"0","T4398343",371,0.8,"specimen_orig_ident","orig.ident",0.0629026788741946
"1","T4398343",5,0.8,"specimen_orig_ident","orig.ident",0.000942507068803016
"2","T4398343",17,0.8,"specimen_orig_ident","orig.ident",0.00369565217391304
"3","T4398343",100,0.8,"specimen_orig_ident","orig.ident",0.0314366551398931
"4","T4398343",187,0.8,"specimen_orig_ident","orig.ident",0.0763265306122449
"5","T4398343",52,0.8,"specimen_orig_ident","orig.ident",0.021630615640599
"6","T4398343",26,0.8,"specimen_orig_ident","orig.ident",0.0132248219735504
"7","T4398343",102,0.8,"specimen_orig_ident","orig.ident",0.0538827258320127
"8","T4398343",6,0.8,"specimen_orig_ident","orig.ident",0.00336511497476164
"9","T4398343",241,0.8,"specimen_orig_ident","orig.ident",0.136081309994353
"10","T4398343",26,0.8,"specimen_orig_ident","orig.ident",0.015002885170225
"11","T4398343",107,0.8,"specimen_orig_ident","orig.ident",0.106256206554121
"12","T4398343",50,0.8,"specimen_orig_ident","orig.ident",0.0519210799584631
"13","T4398343",32,0.8,"specimen_orig_ident","orig.ident",0.0377804014167651
"14","T4398343",2,0.8,"specimen_orig_ident","orig.ident",0.00240673886883273
"15","T4398343",113,0.8,"specimen_orig_ident","orig.ident",0.136473429951691
"16","T4398343",31,0.8,"specimen_orig_ident","orig.ident",0.0406290956749672
"17","T4398343",13,0.8,"specimen_orig_ident","orig.ident",0.0197568389057751
"18","T4398343",36,0.8,"specimen_orig_ident","orig.ident",0.08
"19","T4398343",38,0.8,"specimen_orig_ident","orig.ident",0.0846325167037862
"20","T4398343",4,0.8,"specimen_orig_ident","orig.ident",0.012012012012012
"21","T4398343",14,0.8,"specimen_orig_ident","orig.ident",0.05
"0","T4450398",74,0.8,"specimen_orig_ident","orig.ident",0.0125466259749067
"1","T4450398",1,0.8,"specimen_orig_ident","orig.ident",0.000188501413760603
"2","T4450398",0,0.8,"specimen_orig_ident","orig.ident",0
"3","T4450398",35,0.8,"specimen_orig_ident","orig.ident",0.0110028292989626
"4","T4450398",21,0.8,"specimen_orig_ident","orig.ident",0.00857142857142857
"5","T4450398",4,0.8,"specimen_orig_ident","orig.ident",0.00166389351081531
"6","T4450398",4,0.8,"specimen_orig_ident","orig.ident",0.00203458799593082
"7","T4450398",26,0.8,"specimen_orig_ident","orig.ident",0.0137348124669836
"8","T4450398",0,0.8,"specimen_orig_ident","orig.ident",0
"9","T4450398",50,0.8,"specimen_orig_ident","orig.ident",0.0282326369282891
"10","T4450398",7,0.8,"specimen_orig_ident","orig.ident",0.00403923831506059
"11","T4450398",33,0.8,"specimen_orig_ident","orig.ident",0.0327706057596822
"12","T4450398",18,0.8,"specimen_orig_ident","orig.ident",0.0186915887850467
"13","T4450398",4,0.8,"specimen_orig_ident","orig.ident",0.00472255017709563
"14","T4450398",0,0.8,"specimen_orig_ident","orig.ident",0
"15","T4450398",13,0.8,"specimen_orig_ident","orig.ident",0.0157004830917874
"16","T4450398",6,0.8,"specimen_orig_ident","orig.ident",0.00786369593709043
"17","T4450398",1,0.8,"specimen_orig_ident","orig.ident",0.00151975683890578
"18","T4450398",7,0.8,"specimen_orig_ident","orig.ident",0.0155555555555556
"19","T4450398",11,0.8,"specimen_orig_ident","orig.ident",0.0244988864142539
"20","T4450398",5,0.8,"specimen_orig_ident","orig.ident",0.015015015015015
"21","T4450398",2,0.8,"specimen_orig_ident","orig.ident",0.00714285714285714
"0","T4463209a",118,0.8,"specimen_orig_ident","orig.ident",0.0200067819599864
"1","T4463209a",0,0.8,"specimen_orig_ident","orig.ident",0
"2","T4463209a",1,0.8,"specimen_orig_ident","orig.ident",0.000217391304347826
"3","T4463209a",16,0.8,"specimen_orig_ident","orig.ident",0.0050298648223829
"4","T4463209a",55,0.8,"specimen_orig_ident","orig.ident",0.0224489795918367
"5","T4463209a",20,0.8,"specimen_orig_ident","orig.ident",0.00831946755407654
"6","T4463209a",2,0.8,"specimen_orig_ident","orig.ident",0.00101729399796541
"7","T4463209a",43,0.8,"specimen_orig_ident","orig.ident",0.0227152667723191
"8","T4463209a",7,0.8,"specimen_orig_ident","orig.ident",0.00392596747055524
"9","T4463209a",76,0.8,"specimen_orig_ident","orig.ident",0.0429136081309994
"10","T4463209a",8,0.8,"specimen_orig_ident","orig.ident",0.00461627236006924
"11","T4463209a",23,0.8,"specimen_orig_ident","orig.ident",0.0228401191658391
"12","T4463209a",18,0.8,"specimen_orig_ident","orig.ident",0.0186915887850467
"13","T4463209a",6,0.8,"specimen_orig_ident","orig.ident",0.00708382526564345
"14","T4463209a",0,0.8,"specimen_orig_ident","orig.ident",0
"15","T4463209a",71,0.8,"specimen_orig_ident","orig.ident",0.0857487922705314
"16","T4463209a",6,0.8,"specimen_orig_ident","orig.ident",0.00786369593709043
"17","T4463209a",0,0.8,"specimen_orig_ident","orig.ident",0
"18","T4463209a",3,0.8,"specimen_orig_ident","orig.ident",0.00666666666666667
"19","T4463209a",8,0.8,"specimen_orig_ident","orig.ident",0.0178173719376392
"20","T4463209a",3,0.8,"specimen_orig_ident","orig.ident",0.00900900900900901
"21","T4463209a",14,0.8,"specimen_orig_ident","orig.ident",0.05
"0","T4463209b",45,0.8,"specimen_orig_ident","orig.ident",0.00762970498474059
"1","T4463209b",0,0.8,"specimen_orig_ident","orig.ident",0
"2","T4463209b",2,0.8,"specimen_orig_ident","orig.ident",0.000434782608695652
"3","T4463209b",38,0.8,"specimen_orig_ident","orig.ident",0.0119459289531594
"4","T4463209b",10,0.8,"specimen_orig_ident","orig.ident",0.00408163265306122
"5","T4463209b",9,0.8,"specimen_orig_ident","orig.ident",0.00374376039933444
"6","T4463209b",15,0.8,"specimen_orig_ident","orig.ident",0.00762970498474059
"7","T4463209b",28,0.8,"specimen_orig_ident","orig.ident",0.0147913365029054
"8","T4463209b",5,0.8,"specimen_orig_ident","orig.ident",0.00280426247896803
"9","T4463209b",78,0.8,"specimen_orig_ident","orig.ident",0.044042913608131
"10","T4463209b",15,0.8,"specimen_orig_ident","orig.ident",0.00865551067512983
"11","T4463209b",13,0.8,"specimen_orig_ident","orig.ident",0.012909632571996
"12","T4463209b",15,0.8,"specimen_orig_ident","orig.ident",0.0155763239875389
"13","T4463209b",2,0.8,"specimen_orig_ident","orig.ident",0.00236127508854782
"14","T4463209b",0,0.8,"specimen_orig_ident","orig.ident",0
"15","T4463209b",15,0.8,"specimen_orig_ident","orig.ident",0.0181159420289855
"16","T4463209b",16,0.8,"specimen_orig_ident","orig.ident",0.0209698558322412
"17","T4463209b",1,0.8,"specimen_orig_ident","orig.ident",0.00151975683890578
"18","T4463209b",8,0.8,"specimen_orig_ident","orig.ident",0.0177777777777778
"19","T4463209b",2,0.8,"specimen_orig_ident","orig.ident",0.0044543429844098
"20","T4463209b",17,0.8,"specimen_orig_ident","orig.ident",0.0510510510510511
"21","T4463209b",5,0.8,"specimen_orig_ident","orig.ident",0.0178571428571429
"0","T4465219",201,0.8,"specimen_orig_ident","orig.ident",0.0340793489318413
"1","T4465219",5,0.8,"specimen_orig_ident","orig.ident",0.000942507068803016
"2","T4465219",1,0.8,"specimen_orig_ident","orig.ident",0.000217391304347826
"3","T4465219",27,0.8,"specimen_orig_ident","orig.ident",0.00848789688777114
"4","T4465219",76,0.8,"specimen_orig_ident","orig.ident",0.0310204081632653
"5","T4465219",29,0.8,"specimen_orig_ident","orig.ident",0.012063227953411
"6","T4465219",36,0.8,"specimen_orig_ident","orig.ident",0.0183112919633774
"7","T4465219",46,0.8,"specimen_orig_ident","orig.ident",0.0243000528262018
"8","T4465219",272,0.8,"specimen_orig_ident","orig.ident",0.152551878855861
"9","T4465219",48,0.8,"specimen_orig_ident","orig.ident",0.0271033314511575
"10","T4465219",9,0.8,"specimen_orig_ident","orig.ident",0.0051933064050779
"11","T4465219",8,0.8,"specimen_orig_ident","orig.ident",0.00794438927507448
"12","T4465219",43,0.8,"specimen_orig_ident","orig.ident",0.0446521287642783
"13","T4465219",29,0.8,"specimen_orig_ident","orig.ident",0.0342384887839433
"14","T4465219",0,0.8,"specimen_orig_ident","orig.ident",0
"15","T4465219",15,0.8,"specimen_orig_ident","orig.ident",0.0181159420289855
"16","T4465219",9,0.8,"specimen_orig_ident","orig.ident",0.0117955439056356
"17","T4465219",1,0.8,"specimen_orig_ident","orig.ident",0.00151975683890578
"18","T4465219",3,0.8,"specimen_orig_ident","orig.ident",0.00666666666666667
"19","T4465219",12,0.8,"specimen_orig_ident","orig.ident",0.0267260579064588
"20","T4465219",3,0.8,"specimen_orig_ident","orig.ident",0.00900900900900901
"21","T4465219",10,0.8,"specimen_orig_ident","orig.ident",0.0357142857142857
"0","T4465935",32,0.8,"specimen_orig_ident","orig.ident",0.00542556798914886
"1","T4465935",3,0.8,"specimen_orig_ident","orig.ident",0.00056550424128181
"2","T4465935",3,0.8,"specimen_orig_ident","orig.ident",0.000652173913043478
"3","T4465935",9,0.8,"specimen_orig_ident","orig.ident",0.00282929896259038
"4","T4465935",31,0.8,"specimen_orig_ident","orig.ident",0.0126530612244898
"5","T4465935",12,0.8,"specimen_orig_ident","orig.ident",0.00499168053244592
"6","T4465935",38,0.8,"specimen_orig_ident","orig.ident",0.0193285859613428
"7","T4465935",46,0.8,"specimen_orig_ident","orig.ident",0.0243000528262018
"8","T4465935",3,0.8,"specimen_orig_ident","orig.ident",0.00168255748738082
"9","T4465935",50,0.8,"specimen_orig_ident","orig.ident",0.0282326369282891
"10","T4465935",6,0.8,"specimen_orig_ident","orig.ident",0.00346220427005193
"11","T4465935",26,0.8,"specimen_orig_ident","orig.ident",0.0258192651439921
"12","T4465935",20,0.8,"specimen_orig_ident","orig.ident",0.0207684319833853
"13","T4465935",2,0.8,"specimen_orig_ident","orig.ident",0.00236127508854782
"14","T4465935",1,0.8,"specimen_orig_ident","orig.ident",0.00120336943441637
"15","T4465935",15,0.8,"specimen_orig_ident","orig.ident",0.0181159420289855
"16","T4465935",3,0.8,"specimen_orig_ident","orig.ident",0.00393184796854522
"17","T4465935",1,0.8,"specimen_orig_ident","orig.ident",0.00151975683890578
"18","T4465935",6,0.8,"specimen_orig_ident","orig.ident",0.0133333333333333
"19","T4465935",3,0.8,"specimen_orig_ident","orig.ident",0.0066815144766147
"20","T4465935",10,0.8,"specimen_orig_ident","orig.ident",0.03003003003003
"21","T4465935",3,0.8,"specimen_orig_ident","orig.ident",0.0107142857142857
"0","T4466585",93,0.8,"specimen_orig_ident","orig.ident",0.0157680569684639
"1","T4466585",456,0.8,"specimen_orig_ident","orig.ident",0.0859566446748351
"2","T4466585",44,0.8,"specimen_orig_ident","orig.ident",0.00956521739130435
"3","T4466585",25,0.8,"specimen_orig_ident","orig.ident",0.00785916378497328
"4","T4466585",156,0.8,"specimen_orig_ident","orig.ident",0.0636734693877551
"5","T4466585",11,0.8,"specimen_orig_ident","orig.ident",0.0045757071547421
"6","T4466585",622,0.8,"specimen_orig_ident","orig.ident",0.316378433367243
"7","T4466585",38,0.8,"specimen_orig_ident","orig.ident",0.0200739566825145
"8","T4466585",5,0.8,"specimen_orig_ident","orig.ident",0.00280426247896803
"9","T4466585",279,0.8,"specimen_orig_ident","orig.ident",0.157538114059853
"10","T4466585",12,0.8,"specimen_orig_ident","orig.ident",0.00692440854010387
"11","T4466585",5,0.8,"specimen_orig_ident","orig.ident",0.00496524329692155
"12","T4466585",37,0.8,"specimen_orig_ident","orig.ident",0.0384215991692627
"13","T4466585",2,0.8,"specimen_orig_ident","orig.ident",0.00236127508854782
"14","T4466585",5,0.8,"specimen_orig_ident","orig.ident",0.00601684717208183
"15","T4466585",4,0.8,"specimen_orig_ident","orig.ident",0.00483091787439614
"16","T4466585",5,0.8,"specimen_orig_ident","orig.ident",0.00655307994757536
"17","T4466585",6,0.8,"specimen_orig_ident","orig.ident",0.00911854103343465
"18","T4466585",22,0.8,"specimen_orig_ident","orig.ident",0.0488888888888889
"19","T4466585",1,0.8,"specimen_orig_ident","orig.ident",0.0022271714922049
"20","T4466585",5,0.8,"specimen_orig_ident","orig.ident",0.015015015015015
"21","T4466585",3,0.8,"specimen_orig_ident","orig.ident",0.0107142857142857
"0","T4469479",30,0.8,"specimen_orig_ident","orig.ident",0.00508646998982706
"1","T4469479",434,0.8,"specimen_orig_ident","orig.ident",0.0818096135721018
"2","T4469479",27,0.8,"specimen_orig_ident","orig.ident",0.0058695652173913
"3","T4469479",6,0.8,"specimen_orig_ident","orig.ident",0.00188619930839359
"4","T4469479",23,0.8,"specimen_orig_ident","orig.ident",0.00938775510204082
"5","T4469479",27,0.8,"specimen_orig_ident","orig.ident",0.0112312811980033
"6","T4469479",540,0.8,"specimen_orig_ident","orig.ident",0.274669379450661
"7","T4469479",176,0.8,"specimen_orig_ident","orig.ident",0.0929741151611199
"8","T4469479",21,0.8,"specimen_orig_ident","orig.ident",0.0117779024116657
"9","T4469479",53,0.8,"specimen_orig_ident","orig.ident",0.0299265951439864
"10","T4469479",3,0.8,"specimen_orig_ident","orig.ident",0.00173110213502597
"11","T4469479",9,0.8,"specimen_orig_ident","orig.ident",0.00893743793445879
"12","T4469479",52,0.8,"specimen_orig_ident","orig.ident",0.0539979231568017
"13","T4469479",1,0.8,"specimen_orig_ident","orig.ident",0.00118063754427391
"14","T4469479",4,0.8,"specimen_orig_ident","orig.ident",0.00481347773766546
"15","T4469479",11,0.8,"specimen_orig_ident","orig.ident",0.0132850241545894
"16","T4469479",6,0.8,"specimen_orig_ident","orig.ident",0.00786369593709043
"17","T4469479",36,0.8,"specimen_orig_ident","orig.ident",0.0547112462006079
"18","T4469479",11,0.8,"specimen_orig_ident","orig.ident",0.0244444444444444
"19","T4469479",3,0.8,"specimen_orig_ident","orig.ident",0.0066815144766147
"20","T4469479",22,0.8,"specimen_orig_ident","orig.ident",0.0660660660660661
"21","T4469479",3,0.8,"specimen_orig_ident","orig.ident",0.0107142857142857
"0","T4471438",228,0.8,"specimen_orig_ident","orig.ident",0.0386571719226857
"1","T4471438",14,0.8,"specimen_orig_ident","orig.ident",0.00263901979264844
"2","T4471438",4,0.8,"specimen_orig_ident","orig.ident",0.000869565217391304
"3","T4471438",41,0.8,"specimen_orig_ident","orig.ident",0.0128890286073562
"4","T4471438",72,0.8,"specimen_orig_ident","orig.ident",0.0293877551020408
"5","T4471438",3,0.8,"specimen_orig_ident","orig.ident",0.00124792013311148
"6","T4471438",96,0.8,"specimen_orig_ident","orig.ident",0.0488301119023398
"7","T4471438",102,0.8,"specimen_orig_ident","orig.ident",0.0538827258320127
"8","T4471438",13,0.8,"specimen_orig_ident","orig.ident",0.00729108244531688
"9","T4471438",229,0.8,"specimen_orig_ident","orig.ident",0.129305477131564
"10","T4471438",29,0.8,"specimen_orig_ident","orig.ident",0.016733987305251
"11","T4471438",9,0.8,"specimen_orig_ident","orig.ident",0.00893743793445879
"12","T4471438",50,0.8,"specimen_orig_ident","orig.ident",0.0519210799584631
"13","T4471438",8,0.8,"specimen_orig_ident","orig.ident",0.00944510035419126
"14","T4471438",0,0.8,"specimen_orig_ident","orig.ident",0
"15","T4471438",39,0.8,"specimen_orig_ident","orig.ident",0.0471014492753623
"16","T4471438",4,0.8,"specimen_orig_ident","orig.ident",0.00524246395806029
"17","T4471438",3,0.8,"specimen_orig_ident","orig.ident",0.00455927051671732
"18","T4471438",4,0.8,"specimen_orig_ident","orig.ident",0.00888888888888889
"19","T4471438",19,0.8,"specimen_orig_ident","orig.ident",0.0423162583518931
"20","T4471438",10,0.8,"specimen_orig_ident","orig.ident",0.03003003003003
"21","T4471438",3,0.8,"specimen_orig_ident","orig.ident",0.0107142857142857
"0","T8009218",211,0.8,"specimen_orig_ident","orig.ident",0.0357748389284503
"1","T8009218",1,0.8,"specimen_orig_ident","orig.ident",0.000188501413760603
"2","T8009218",2,0.8,"specimen_orig_ident","orig.ident",0.000434782608695652
"3","T8009218",124,0.8,"specimen_orig_ident","orig.ident",0.0389814523734675
"4","T8009218",152,0.8,"specimen_orig_ident","orig.ident",0.0620408163265306
"5","T8009218",2,0.8,"specimen_orig_ident","orig.ident",0.000831946755407654
"6","T8009218",55,0.8,"specimen_orig_ident","orig.ident",0.0279755849440488
"7","T8009218",46,0.8,"specimen_orig_ident","orig.ident",0.0243000528262018
"8","T8009218",30,0.8,"specimen_orig_ident","orig.ident",0.0168255748738082
"9","T8009218",164,0.8,"specimen_orig_ident","orig.ident",0.0926030491247883
"10","T8009218",34,0.8,"specimen_orig_ident","orig.ident",0.0196191575302943
"11","T8009218",13,0.8,"specimen_orig_ident","orig.ident",0.012909632571996
"12","T8009218",37,0.8,"specimen_orig_ident","orig.ident",0.0384215991692627
"13","T8009218",26,0.8,"specimen_orig_ident","orig.ident",0.0306965761511216
"14","T8009218",0,0.8,"specimen_orig_ident","orig.ident",0
"15","T8009218",29,0.8,"specimen_orig_ident","orig.ident",0.035024154589372
"16","T8009218",7,0.8,"specimen_orig_ident","orig.ident",0.00917431192660551
"17","T8009218",1,0.8,"specimen_orig_ident","orig.ident",0.00151975683890578
"18","T8009218",3,0.8,"specimen_orig_ident","orig.ident",0.00666666666666667
"19","T8009218",16,0.8,"specimen_orig_ident","orig.ident",0.0356347438752784
"20","T8009218",3,0.8,"specimen_orig_ident","orig.ident",0.00900900900900901
"21","T8009218",2,0.8,"specimen_orig_ident","orig.ident",0.00714285714285714
"0","PRJNA662018_PRJNA662018_P1N1",90,0.8,"specimen_sample_id","sample_id",0.0152594099694812
"1","PRJNA662018_PRJNA662018_P1N1",145,0.8,"specimen_sample_id","sample_id",0.0273327049952875
"2","PRJNA662018_PRJNA662018_P1N1",139,0.8,"specimen_sample_id","sample_id",0.0302173913043478
"3","PRJNA662018_PRJNA662018_P1N1",63,0.8,"specimen_sample_id","sample_id",0.0198050927381327
"4","PRJNA662018_PRJNA662018_P1N1",9,0.8,"specimen_sample_id","sample_id",0.0036734693877551
"5","PRJNA662018_PRJNA662018_P1N1",53,0.8,"specimen_sample_id","sample_id",0.0220465890183028
"6","PRJNA662018_PRJNA662018_P1N1",50,0.8,"specimen_sample_id","sample_id",0.0254323499491353
"7","PRJNA662018_PRJNA662018_P1N1",33,0.8,"specimen_sample_id","sample_id",0.01743264659271
"8","PRJNA662018_PRJNA662018_P1N1",12,0.8,"specimen_sample_id","sample_id",0.00673022994952328
"9","PRJNA662018_PRJNA662018_P1N1",0,0.8,"specimen_sample_id","sample_id",0
"10","PRJNA662018_PRJNA662018_P1N1",36,0.8,"specimen_sample_id","sample_id",0.0207732256203116
"11","PRJNA662018_PRJNA662018_P1N1",8,0.8,"specimen_sample_id","sample_id",0.00794438927507448
"12","PRJNA662018_PRJNA662018_P1N1",14,0.8,"specimen_sample_id","sample_id",0.0145379023883697
"13","PRJNA662018_PRJNA662018_P1N1",7,0.8,"specimen_sample_id","sample_id",0.00826446280991736
"14","PRJNA662018_PRJNA662018_P1N1",24,0.8,"specimen_sample_id","sample_id",0.0288808664259928
"15","PRJNA662018_PRJNA662018_P1N1",2,0.8,"specimen_sample_id","sample_id",0.00241545893719807
"16","PRJNA662018_PRJNA662018_P1N1",19,0.8,"specimen_sample_id","sample_id",0.0249017038007864
"17","PRJNA662018_PRJNA662018_P1N1",19,0.8,"specimen_sample_id","sample_id",0.0288753799392097
"18","PRJNA662018_PRJNA662018_P1N1",8,0.8,"specimen_sample_id","sample_id",0.0177777777777778
"19","PRJNA662018_PRJNA662018_P1N1",6,0.8,"specimen_sample_id","sample_id",0.0133630289532294
"20","PRJNA662018_PRJNA662018_P1N1",42,0.8,"specimen_sample_id","sample_id",0.126126126126126
"21","PRJNA662018_PRJNA662018_P1N1",0,0.8,"specimen_sample_id","sample_id",0
"0","PRJNA662018_PRJNA662018_P1T1",386,0.8,"specimen_sample_id","sample_id",0.0654459138691082
"1","PRJNA662018_PRJNA662018_P1T1",71,0.8,"specimen_sample_id","sample_id",0.0133836003770028
"2","PRJNA662018_PRJNA662018_P1T1",52,0.8,"specimen_sample_id","sample_id",0.011304347826087
"3","PRJNA662018_PRJNA662018_P1T1",73,0.8,"specimen_sample_id","sample_id",0.022948758252122
"4","PRJNA662018_PRJNA662018_P1T1",42,0.8,"specimen_sample_id","sample_id",0.0171428571428571
"5","PRJNA662018_PRJNA662018_P1T1",46,0.8,"specimen_sample_id","sample_id",0.019134775374376
"6","PRJNA662018_PRJNA662018_P1T1",12,0.8,"specimen_sample_id","sample_id",0.00610376398779247
"7","PRJNA662018_PRJNA662018_P1T1",44,0.8,"specimen_sample_id","sample_id",0.02324352879028
"8","PRJNA662018_PRJNA662018_P1T1",41,0.8,"specimen_sample_id","sample_id",0.0229949523275379
"9","PRJNA662018_PRJNA662018_P1T1",0,0.8,"specimen_sample_id","sample_id",0
"10","PRJNA662018_PRJNA662018_P1T1",63,0.8,"specimen_sample_id","sample_id",0.0363531448355453
"11","PRJNA662018_PRJNA662018_P1T1",15,0.8,"specimen_sample_id","sample_id",0.0148957298907646
"12","PRJNA662018_PRJNA662018_P1T1",29,0.8,"specimen_sample_id","sample_id",0.0301142263759086
"13","PRJNA662018_PRJNA662018_P1T1",63,0.8,"specimen_sample_id","sample_id",0.0743801652892562
"14","PRJNA662018_PRJNA662018_P1T1",13,0.8,"specimen_sample_id","sample_id",0.0156438026474128
"15","PRJNA662018_PRJNA662018_P1T1",37,0.8,"specimen_sample_id","sample_id",0.0446859903381642
"16","PRJNA662018_PRJNA662018_P1T1",68,0.8,"specimen_sample_id","sample_id",0.0891218872870249
"17","PRJNA662018_PRJNA662018_P1T1",14,0.8,"specimen_sample_id","sample_id",0.0212765957446809
"18","PRJNA662018_PRJNA662018_P1T1",10,0.8,"specimen_sample_id","sample_id",0.0222222222222222
"19","PRJNA662018_PRJNA662018_P1T1",31,0.8,"specimen_sample_id","sample_id",0.0690423162583519
"20","PRJNA662018_PRJNA662018_P1T1",4,0.8,"specimen_sample_id","sample_id",0.012012012012012
"21","PRJNA662018_PRJNA662018_P1T1",3,0.8,"specimen_sample_id","sample_id",0.0107142857142857
"0","PRJNA662018_PRJNA662018_P2T2",52,0.8,"specimen_sample_id","sample_id",0.0088165479823669
"1","PRJNA662018_PRJNA662018_P2T2",25,0.8,"specimen_sample_id","sample_id",0.00471253534401508
"2","PRJNA662018_PRJNA662018_P2T2",24,0.8,"specimen_sample_id","sample_id",0.00521739130434783
"3","PRJNA662018_PRJNA662018_P2T2",65,0.8,"specimen_sample_id","sample_id",0.0204338258409305
"4","PRJNA662018_PRJNA662018_P2T2",14,0.8,"specimen_sample_id","sample_id",0.00571428571428571
"5","PRJNA662018_PRJNA662018_P2T2",24,0.8,"specimen_sample_id","sample_id",0.00998336106489185
"6","PRJNA662018_PRJNA662018_P2T2",21,0.8,"specimen_sample_id","sample_id",0.0106815869786368
"7","PRJNA662018_PRJNA662018_P2T2",76,0.8,"specimen_sample_id","sample_id",0.0401479133650291
"8","PRJNA662018_PRJNA662018_P2T2",10,0.8,"specimen_sample_id","sample_id",0.00560852495793606
"9","PRJNA662018_PRJNA662018_P2T2",0,0.8,"specimen_sample_id","sample_id",0
"10","PRJNA662018_PRJNA662018_P2T2",14,0.8,"specimen_sample_id","sample_id",0.00807847663012118
"11","PRJNA662018_PRJNA662018_P2T2",2,0.8,"specimen_sample_id","sample_id",0.00198609731876862
"12","PRJNA662018_PRJNA662018_P2T2",11,0.8,"specimen_sample_id","sample_id",0.0114226375908619
"13","PRJNA662018_PRJNA662018_P2T2",8,0.8,"specimen_sample_id","sample_id",0.00944510035419126
"14","PRJNA662018_PRJNA662018_P2T2",9,0.8,"specimen_sample_id","sample_id",0.0108303249097473
"15","PRJNA662018_PRJNA662018_P2T2",7,0.8,"specimen_sample_id","sample_id",0.00845410628019324
"16","PRJNA662018_PRJNA662018_P2T2",17,0.8,"specimen_sample_id","sample_id",0.0222804718217562
"17","PRJNA662018_PRJNA662018_P2T2",3,0.8,"specimen_sample_id","sample_id",0.00455927051671732
"18","PRJNA662018_PRJNA662018_P2T2",5,0.8,"specimen_sample_id","sample_id",0.0111111111111111
"19","PRJNA662018_PRJNA662018_P2T2",10,0.8,"specimen_sample_id","sample_id",0.022271714922049
"20","PRJNA662018_PRJNA662018_P2T2",13,0.8,"specimen_sample_id","sample_id",0.039039039039039
"21","PRJNA662018_PRJNA662018_P2T2",0,0.8,"specimen_sample_id","sample_id",0
"0","PRJNA662018_PRJNA662018_P3N3",66,0.8,"specimen_sample_id","sample_id",0.0111902339776195
"1","PRJNA662018_PRJNA662018_P3N3",21,0.8,"specimen_sample_id","sample_id",0.00395852968897267
"2","PRJNA662018_PRJNA662018_P3N3",8,0.8,"specimen_sample_id","sample_id",0.00173913043478261
"3","PRJNA662018_PRJNA662018_P3N3",38,0.8,"specimen_sample_id","sample_id",0.0119459289531594
"4","PRJNA662018_PRJNA662018_P3N3",8,0.8,"specimen_sample_id","sample_id",0.00326530612244898
"5","PRJNA662018_PRJNA662018_P3N3",6,0.8,"specimen_sample_id","sample_id",0.00249584026622296
"6","PRJNA662018_PRJNA662018_P3N3",15,0.8,"specimen_sample_id","sample_id",0.00762970498474059
"7","PRJNA662018_PRJNA662018_P3N3",15,0.8,"specimen_sample_id","sample_id",0.00792393026941363
"8","PRJNA662018_PRJNA662018_P3N3",7,0.8,"specimen_sample_id","sample_id",0.00392596747055524
"9","PRJNA662018_PRJNA662018_P3N3",0,0.8,"specimen_sample_id","sample_id",0
"10","PRJNA662018_PRJNA662018_P3N3",15,0.8,"specimen_sample_id","sample_id",0.00865551067512983
"11","PRJNA662018_PRJNA662018_P3N3",0,0.8,"specimen_sample_id","sample_id",0
"12","PRJNA662018_PRJNA662018_P3N3",5,0.8,"specimen_sample_id","sample_id",0.00519210799584631
"13","PRJNA662018_PRJNA662018_P3N3",5,0.8,"specimen_sample_id","sample_id",0.00590318772136954
"14","PRJNA662018_PRJNA662018_P3N3",3,0.8,"specimen_sample_id","sample_id",0.0036101083032491
"15","PRJNA662018_PRJNA662018_P3N3",1,0.8,"specimen_sample_id","sample_id",0.00120772946859903
"16","PRJNA662018_PRJNA662018_P3N3",5,0.8,"specimen_sample_id","sample_id",0.00655307994757536
"17","PRJNA662018_PRJNA662018_P3N3",3,0.8,"specimen_sample_id","sample_id",0.00455927051671732
"18","PRJNA662018_PRJNA662018_P3N3",1,0.8,"specimen_sample_id","sample_id",0.00222222222222222
"19","PRJNA662018_PRJNA662018_P3N3",2,0.8,"specimen_sample_id","sample_id",0.0044543429844098
"20","PRJNA662018_PRJNA662018_P3N3",1,0.8,"specimen_sample_id","sample_id",0.003003003003003
"21","PRJNA662018_PRJNA662018_P3N3",1,0.8,"specimen_sample_id","sample_id",0.00357142857142857
"0","PRJNA662018_PRJNA662018_P3T3",33,0.8,"specimen_sample_id","sample_id",0.00559511698880977
"1","PRJNA662018_PRJNA662018_P3T3",6,0.8,"specimen_sample_id","sample_id",0.00113100848256362
"2","PRJNA662018_PRJNA662018_P3T3",4,0.8,"specimen_sample_id","sample_id",0.000869565217391304
"3","PRJNA662018_PRJNA662018_P3T3",20,0.8,"specimen_sample_id","sample_id",0.00628733102797862
"4","PRJNA662018_PRJNA662018_P3T3",13,0.8,"specimen_sample_id","sample_id",0.00530612244897959
"5","PRJNA662018_PRJNA662018_P3T3",18,0.8,"specimen_sample_id","sample_id",0.00748752079866889
"6","PRJNA662018_PRJNA662018_P3T3",7,0.8,"specimen_sample_id","sample_id",0.00356052899287894
"7","PRJNA662018_PRJNA662018_P3T3",10,0.8,"specimen_sample_id","sample_id",0.00528262017960909
"8","PRJNA662018_PRJNA662018_P3T3",5,0.8,"specimen_sample_id","sample_id",0.00280426247896803
"9","PRJNA662018_PRJNA662018_P3T3",0,0.8,"specimen_sample_id","sample_id",0
"10","PRJNA662018_PRJNA662018_P3T3",7,0.8,"specimen_sample_id","sample_id",0.00403923831506059
"11","PRJNA662018_PRJNA662018_P3T3",7,0.8,"specimen_sample_id","sample_id",0.00695134061569017
"12","PRJNA662018_PRJNA662018_P3T3",8,0.8,"specimen_sample_id","sample_id",0.0083073727933541
"13","PRJNA662018_PRJNA662018_P3T3",7,0.8,"specimen_sample_id","sample_id",0.00826446280991736
"14","PRJNA662018_PRJNA662018_P3T3",1,0.8,"specimen_sample_id","sample_id",0.00120336943441637
"15","PRJNA662018_PRJNA662018_P3T3",5,0.8,"specimen_sample_id","sample_id",0.00603864734299517
"16","PRJNA662018_PRJNA662018_P3T3",7,0.8,"specimen_sample_id","sample_id",0.00917431192660551
"17","PRJNA662018_PRJNA662018_P3T3",2,0.8,"specimen_sample_id","sample_id",0.00303951367781155
"18","PRJNA662018_PRJNA662018_P3T3",5,0.8,"specimen_sample_id","sample_id",0.0111111111111111
"19","PRJNA662018_PRJNA662018_P3T3",0,0.8,"specimen_sample_id","sample_id",0
"20","PRJNA662018_PRJNA662018_P3T3",4,0.8,"specimen_sample_id","sample_id",0.012012012012012
"21","PRJNA662018_PRJNA662018_P3T3",1,0.8,"specimen_sample_id","sample_id",0.00357142857142857
"0","PRJNA662018_PRJNA662018_P4T4",226,0.8,"specimen_sample_id","sample_id",0.0383180739233639
"1","PRJNA662018_PRJNA662018_P4T4",106,0.8,"specimen_sample_id","sample_id",0.0199811498586239
"2","PRJNA662018_PRJNA662018_P4T4",46,0.8,"specimen_sample_id","sample_id",0.01
"3","PRJNA662018_PRJNA662018_P4T4",39,0.8,"specimen_sample_id","sample_id",0.0122602955045583
"4","PRJNA662018_PRJNA662018_P4T4",86,0.8,"specimen_sample_id","sample_id",0.0351020408163265
"5","PRJNA662018_PRJNA662018_P4T4",27,0.8,"specimen_sample_id","sample_id",0.0112312811980033
"6","PRJNA662018_PRJNA662018_P4T4",15,0.8,"specimen_sample_id","sample_id",0.00762970498474059
"7","PRJNA662018_PRJNA662018_P4T4",68,0.8,"specimen_sample_id","sample_id",0.0359218172213418
"8","PRJNA662018_PRJNA662018_P4T4",16,0.8,"specimen_sample_id","sample_id",0.0089736399326977
"9","PRJNA662018_PRJNA662018_P4T4",0,0.8,"specimen_sample_id","sample_id",0
"10","PRJNA662018_PRJNA662018_P4T4",4,0.8,"specimen_sample_id","sample_id",0.00230813618003462
"11","PRJNA662018_PRJNA662018_P4T4",91,0.8,"specimen_sample_id","sample_id",0.0903674280039722
"12","PRJNA662018_PRJNA662018_P4T4",43,0.8,"specimen_sample_id","sample_id",0.0446521287642783
"13","PRJNA662018_PRJNA662018_P4T4",35,0.8,"specimen_sample_id","sample_id",0.0413223140495868
"14","PRJNA662018_PRJNA662018_P4T4",3,0.8,"specimen_sample_id","sample_id",0.0036101083032491
"15","PRJNA662018_PRJNA662018_P4T4",36,0.8,"specimen_sample_id","sample_id",0.0434782608695652
"16","PRJNA662018_PRJNA662018_P4T4",34,0.8,"specimen_sample_id","sample_id",0.0445609436435125
"17","PRJNA662018_PRJNA662018_P4T4",14,0.8,"specimen_sample_id","sample_id",0.0212765957446809
"18","PRJNA662018_PRJNA662018_P4T4",4,0.8,"specimen_sample_id","sample_id",0.00888888888888889
"19","PRJNA662018_PRJNA662018_P4T4",31,0.8,"specimen_sample_id","sample_id",0.0690423162583519
"20","PRJNA662018_PRJNA662018_P4T4",7,0.8,"specimen_sample_id","sample_id",0.021021021021021
"21","PRJNA662018_PRJNA662018_P4T4",8,0.8,"specimen_sample_id","sample_id",0.0285714285714286
"0","PRJNA662018_PRJNA662018_P5T5",42,0.8,"specimen_sample_id","sample_id",0.00712105798575788
"1","PRJNA662018_PRJNA662018_P5T5",10,0.8,"specimen_sample_id","sample_id",0.00188501413760603
"2","PRJNA662018_PRJNA662018_P5T5",0,0.8,"specimen_sample_id","sample_id",0
"3","PRJNA662018_PRJNA662018_P5T5",27,0.8,"specimen_sample_id","sample_id",0.00848789688777114
"4","PRJNA662018_PRJNA662018_P5T5",20,0.8,"specimen_sample_id","sample_id",0.00816326530612245
"5","PRJNA662018_PRJNA662018_P5T5",11,0.8,"specimen_sample_id","sample_id",0.0045757071547421
"6","PRJNA662018_PRJNA662018_P5T5",2,0.8,"specimen_sample_id","sample_id",0.00101729399796541
"7","PRJNA662018_PRJNA662018_P5T5",0,0.8,"specimen_sample_id","sample_id",0
"8","PRJNA662018_PRJNA662018_P5T5",11,0.8,"specimen_sample_id","sample_id",0.00616937745372967
"9","PRJNA662018_PRJNA662018_P5T5",0,0.8,"specimen_sample_id","sample_id",0
"10","PRJNA662018_PRJNA662018_P5T5",4,0.8,"specimen_sample_id","sample_id",0.00230813618003462
"11","PRJNA662018_PRJNA662018_P5T5",6,0.8,"specimen_sample_id","sample_id",0.00595829195630586
"12","PRJNA662018_PRJNA662018_P5T5",10,0.8,"specimen_sample_id","sample_id",0.0103842159916926
"13","PRJNA662018_PRJNA662018_P5T5",25,0.8,"specimen_sample_id","sample_id",0.0295159386068477
"14","PRJNA662018_PRJNA662018_P5T5",1,0.8,"specimen_sample_id","sample_id",0.00120336943441637
"15","PRJNA662018_PRJNA662018_P5T5",4,0.8,"specimen_sample_id","sample_id",0.00483091787439614
"16","PRJNA662018_PRJNA662018_P5T5",2,0.8,"specimen_sample_id","sample_id",0.00262123197903014
"17","PRJNA662018_PRJNA662018_P5T5",1,0.8,"specimen_sample_id","sample_id",0.00151975683890578
"18","PRJNA662018_PRJNA662018_P5T5",0,0.8,"specimen_sample_id","sample_id",0
"19","PRJNA662018_PRJNA662018_P5T5",0,0.8,"specimen_sample_id","sample_id",0
"20","PRJNA662018_PRJNA662018_P5T5",0,0.8,"specimen_sample_id","sample_id",0
"21","PRJNA662018_PRJNA662018_P5T5",2,0.8,"specimen_sample_id","sample_id",0.00714285714285714
"0","PRJNA662018_PRJNA662018_P6N2",64,0.8,"specimen_sample_id","sample_id",0.0108511359782977
"1","PRJNA662018_PRJNA662018_P6N2",48,0.8,"specimen_sample_id","sample_id",0.00904806786050895
"2","PRJNA662018_PRJNA662018_P6N2",78,0.8,"specimen_sample_id","sample_id",0.0169565217391304
"3","PRJNA662018_PRJNA662018_P6N2",44,0.8,"specimen_sample_id","sample_id",0.013832128261553
"4","PRJNA662018_PRJNA662018_P6N2",17,0.8,"specimen_sample_id","sample_id",0.00693877551020408
"5","PRJNA662018_PRJNA662018_P6N2",32,0.8,"specimen_sample_id","sample_id",0.0133111480865225
"6","PRJNA662018_PRJNA662018_P6N2",19,0.8,"specimen_sample_id","sample_id",0.00966429298067141
"7","PRJNA662018_PRJNA662018_P6N2",20,0.8,"specimen_sample_id","sample_id",0.0105652403592182
"8","PRJNA662018_PRJNA662018_P6N2",7,0.8,"specimen_sample_id","sample_id",0.00392596747055524
"9","PRJNA662018_PRJNA662018_P6N2",0,0.8,"specimen_sample_id","sample_id",0
"10","PRJNA662018_PRJNA662018_P6N2",25,0.8,"specimen_sample_id","sample_id",0.0144258511252164
"11","PRJNA662018_PRJNA662018_P6N2",7,0.8,"specimen_sample_id","sample_id",0.00695134061569017
"12","PRJNA662018_PRJNA662018_P6N2",13,0.8,"specimen_sample_id","sample_id",0.0134994807892004
"13","PRJNA662018_PRJNA662018_P6N2",1,0.8,"specimen_sample_id","sample_id",0.00118063754427391
"14","PRJNA662018_PRJNA662018_P6N2",19,0.8,"specimen_sample_id","sample_id",0.022864019253911
"15","PRJNA662018_PRJNA662018_P6N2",2,0.8,"specimen_sample_id","sample_id",0.00241545893719807
"16","PRJNA662018_PRJNA662018_P6N2",15,0.8,"specimen_sample_id","sample_id",0.0196592398427261
"17","PRJNA662018_PRJNA662018_P6N2",20,0.8,"specimen_sample_id","sample_id",0.0303951367781155
"18","PRJNA662018_PRJNA662018_P6N2",13,0.8,"specimen_sample_id","sample_id",0.0288888888888889
"19","PRJNA662018_PRJNA662018_P6N2",3,0.8,"specimen_sample_id","sample_id",0.0066815144766147
"20","PRJNA662018_PRJNA662018_P6N2",3,0.8,"specimen_sample_id","sample_id",0.00900900900900901
"21","PRJNA662018_PRJNA662018_P6N2",1,0.8,"specimen_sample_id","sample_id",0.00357142857142857
"0","PRJNA662018_PRJNA662018_P6T6",23,0.8,"specimen_sample_id","sample_id",0.00389962699220075
"1","PRJNA662018_PRJNA662018_P6T6",0,0.8,"specimen_sample_id","sample_id",0
"2","PRJNA662018_PRJNA662018_P6T6",0,0.8,"specimen_sample_id","sample_id",0
"3","PRJNA662018_PRJNA662018_P6T6",4,0.8,"specimen_sample_id","sample_id",0.00125746620559572
"4","PRJNA662018_PRJNA662018_P6T6",4,0.8,"specimen_sample_id","sample_id",0.00163265306122449
"5","PRJNA662018_PRJNA662018_P6T6",0,0.8,"specimen_sample_id","sample_id",0
"6","PRJNA662018_PRJNA662018_P6T6",0,0.8,"specimen_sample_id","sample_id",0
"7","PRJNA662018_PRJNA662018_P6T6",0,0.8,"specimen_sample_id","sample_id",0
"8","PRJNA662018_PRJNA662018_P6T6",11,0.8,"specimen_sample_id","sample_id",0.00616937745372967
"9","PRJNA662018_PRJNA662018_P6T6",0,0.8,"specimen_sample_id","sample_id",0
"10","PRJNA662018_PRJNA662018_P6T6",8,0.8,"specimen_sample_id","sample_id",0.00461627236006924
"11","PRJNA662018_PRJNA662018_P6T6",0,0.8,"specimen_sample_id","sample_id",0
"12","PRJNA662018_PRJNA662018_P6T6",0,0.8,"specimen_sample_id","sample_id",0
"13","PRJNA662018_PRJNA662018_P6T6",8,0.8,"specimen_sample_id","sample_id",0.00944510035419126
"14","PRJNA662018_PRJNA662018_P6T6",1,0.8,"specimen_sample_id","sample_id",0.00120336943441637
"15","PRJNA662018_PRJNA662018_P6T6",0,0.8,"specimen_sample_id","sample_id",0
"16","PRJNA662018_PRJNA662018_P6T6",1,0.8,"specimen_sample_id","sample_id",0.00131061598951507
"17","PRJNA662018_PRJNA662018_P6T6",0,0.8,"specimen_sample_id","sample_id",0
"18","PRJNA662018_PRJNA662018_P6T6",0,0.8,"specimen_sample_id","sample_id",0
"19","PRJNA662018_PRJNA662018_P6T6",0,0.8,"specimen_sample_id","sample_id",0
"20","PRJNA662018_PRJNA662018_P6T6",0,0.8,"specimen_sample_id","sample_id",0
"21","PRJNA662018_PRJNA662018_P6T6",0,0.8,"specimen_sample_id","sample_id",0
"0","PRJNA662018_PRJNA662018_P7T7",100,0.8,"specimen_sample_id","sample_id",0.0169548999660902
"1","PRJNA662018_PRJNA662018_P7T7",11,0.8,"specimen_sample_id","sample_id",0.00207351555136664
"2","PRJNA662018_PRJNA662018_P7T7",17,0.8,"specimen_sample_id","sample_id",0.00369565217391304
"3","PRJNA662018_PRJNA662018_P7T7",42,0.8,"specimen_sample_id","sample_id",0.0132033951587551
"4","PRJNA662018_PRJNA662018_P7T7",30,0.8,"specimen_sample_id","sample_id",0.0122448979591837
"5","PRJNA662018_PRJNA662018_P7T7",19,0.8,"specimen_sample_id","sample_id",0.00790349417637271
"6","PRJNA662018_PRJNA662018_P7T7",0,0.8,"specimen_sample_id","sample_id",0
"7","PRJNA662018_PRJNA662018_P7T7",8,0.8,"specimen_sample_id","sample_id",0.00422609614368727
"8","PRJNA662018_PRJNA662018_P7T7",16,0.8,"specimen_sample_id","sample_id",0.0089736399326977
"9","PRJNA662018_PRJNA662018_P7T7",0,0.8,"specimen_sample_id","sample_id",0
"10","PRJNA662018_PRJNA662018_P7T7",18,0.8,"specimen_sample_id","sample_id",0.0103866128101558
"11","PRJNA662018_PRJNA662018_P7T7",20,0.8,"specimen_sample_id","sample_id",0.0198609731876862
"12","PRJNA662018_PRJNA662018_P7T7",12,0.8,"specimen_sample_id","sample_id",0.0124610591900312
"13","PRJNA662018_PRJNA662018_P7T7",17,0.8,"specimen_sample_id","sample_id",0.0200708382526564
"14","PRJNA662018_PRJNA662018_P7T7",1,0.8,"specimen_sample_id","sample_id",0.00120336943441637
"15","PRJNA662018_PRJNA662018_P7T7",2,0.8,"specimen_sample_id","sample_id",0.00241545893719807
"16","PRJNA662018_PRJNA662018_P7T7",5,0.8,"specimen_sample_id","sample_id",0.00655307994757536
"17","PRJNA662018_PRJNA662018_P7T7",5,0.8,"specimen_sample_id","sample_id",0.00759878419452888
"18","PRJNA662018_PRJNA662018_P7T7",1,0.8,"specimen_sample_id","sample_id",0.00222222222222222
"19","PRJNA662018_PRJNA662018_P7T7",4,0.8,"specimen_sample_id","sample_id",0.0089086859688196
"20","PRJNA662018_PRJNA662018_P7T7",0,0.8,"specimen_sample_id","sample_id",0
"21","PRJNA662018_PRJNA662018_P7T7",3,0.8,"specimen_sample_id","sample_id",0.0107142857142857
"0","PRJNA662018_PRJNA662018_P8T8",27,0.8,"specimen_sample_id","sample_id",0.00457782299084435
"1","PRJNA662018_PRJNA662018_P8T8",7,0.8,"specimen_sample_id","sample_id",0.00131950989632422
"2","PRJNA662018_PRJNA662018_P8T8",9,0.8,"specimen_sample_id","sample_id",0.00195652173913043
"3","PRJNA662018_PRJNA662018_P8T8",36,0.8,"specimen_sample_id","sample_id",0.0113171958503615
"4","PRJNA662018_PRJNA662018_P8T8",12,0.8,"specimen_sample_id","sample_id",0.00489795918367347
"5","PRJNA662018_PRJNA662018_P8T8",1,0.8,"specimen_sample_id","sample_id",0.000415973377703827
"6","PRJNA662018_PRJNA662018_P8T8",0,0.8,"specimen_sample_id","sample_id",0
"7","PRJNA662018_PRJNA662018_P8T8",2,0.8,"specimen_sample_id","sample_id",0.00105652403592182
"8","PRJNA662018_PRJNA662018_P8T8",41,0.8,"specimen_sample_id","sample_id",0.0229949523275379
"9","PRJNA662018_PRJNA662018_P8T8",0,0.8,"specimen_sample_id","sample_id",0
"10","PRJNA662018_PRJNA662018_P8T8",11,0.8,"specimen_sample_id","sample_id",0.00634737449509521
"11","PRJNA662018_PRJNA662018_P8T8",10,0.8,"specimen_sample_id","sample_id",0.0099304865938431
"12","PRJNA662018_PRJNA662018_P8T8",7,0.8,"specimen_sample_id","sample_id",0.00726895119418484
"13","PRJNA662018_PRJNA662018_P8T8",16,0.8,"specimen_sample_id","sample_id",0.0188902007083825
"14","PRJNA662018_PRJNA662018_P8T8",4,0.8,"specimen_sample_id","sample_id",0.00481347773766546
"15","PRJNA662018_PRJNA662018_P8T8",3,0.8,"specimen_sample_id","sample_id",0.0036231884057971
"16","PRJNA662018_PRJNA662018_P8T8",8,0.8,"specimen_sample_id","sample_id",0.0104849279161206
"17","PRJNA662018_PRJNA662018_P8T8",3,0.8,"specimen_sample_id","sample_id",0.00455927051671732
"18","PRJNA662018_PRJNA662018_P8T8",0,0.8,"specimen_sample_id","sample_id",0
"19","PRJNA662018_PRJNA662018_P8T8",0,0.8,"specimen_sample_id","sample_id",0
"20","PRJNA662018_PRJNA662018_P8T8",1,0.8,"specimen_sample_id","sample_id",0.003003003003003
"21","PRJNA662018_PRJNA662018_P8T8",1,0.8,"specimen_sample_id","sample_id",0.00357142857142857
"0",NA,4789,0.8,"specimen_sample_id","sample_id",0.81197015937606
"1",NA,4855,0.8,"specimen_sample_id","sample_id",0.915174363807729
"2",NA,4223,0.8,"specimen_sample_id","sample_id",0.91804347826087
"3",NA,2730,0.8,"specimen_sample_id","sample_id",0.858220685319082
"4",NA,2195,0.8,"specimen_sample_id","sample_id",0.895918367346939
"5",NA,2167,0.8,"specimen_sample_id","sample_id",0.901414309484193
"6",NA,1825,0.8,"specimen_sample_id","sample_id",0.928280773143438
"7",NA,1617,0.8,"specimen_sample_id","sample_id",0.854199683042789
"8",NA,1606,0.8,"specimen_sample_id","sample_id",0.900729108244532
"9",NA,1771,0.8,"specimen_sample_id","sample_id",1
"10",NA,1528,0.8,"specimen_sample_id","sample_id",0.881708020773226
"11",NA,841,0.8,"specimen_sample_id","sample_id",0.835153922542205
"12",NA,811,0.8,"specimen_sample_id","sample_id",0.842159916926272
"13",NA,655,0.8,"specimen_sample_id","sample_id",0.77331759149941
"14",NA,752,0.8,"specimen_sample_id","sample_id",0.904933814681107
"15",NA,729,0.8,"specimen_sample_id","sample_id",0.880434782608696
"16",NA,582,0.8,"specimen_sample_id","sample_id",0.762778505897772
"17",NA,574,0.8,"specimen_sample_id","sample_id",0.872340425531915
"18",NA,403,0.8,"specimen_sample_id","sample_id",0.895555555555556
"19",NA,362,0.8,"specimen_sample_id","sample_id",0.806236080178174
"20",NA,258,0.8,"specimen_sample_id","sample_id",0.774774774774775
"21",NA,260,0.8,"specimen_sample_id","sample_id",0.928571428571429
"0","Normal",1318,0.8,"stage_T","T_stage",0.223465581553069
"1","Normal",3115,0.8,"stage_T","T_stage",0.587181903864279
"2","Normal",3372,0.8,"stage_T","T_stage",0.73304347826087
"3","Normal",1340,0.8,"stage_T","T_stage",0.421251178874568
"4","Normal",349,0.8,"stage_T","T_stage",0.142448979591837
"5","Normal",1252,0.8,"stage_T","T_stage",0.520798668885191
"6","Normal",133,0.8,"stage_T","T_stage",0.0676500508646999
"7","Normal",433,0.8,"stage_T","T_stage",0.228737453777073
"8","Normal",627,0.8,"stage_T","T_stage",0.351654514862591
"9","Normal",0,0.8,"stage_T","T_stage",0
"10","Normal",767,0.8,"stage_T","T_stage",0.442585112521639
"11","Normal",222,0.8,"stage_T","T_stage",0.220456802383317
"12","Normal",131,0.8,"stage_T","T_stage",0.136033229491173
"13","Normal",103,0.8,"stage_T","T_stage",0.121605667060213
"14","Normal",513,0.8,"stage_T","T_stage",0.617328519855596
"15","Normal",68,0.8,"stage_T","T_stage",0.0821256038647343
"16","Normal",315,0.8,"stage_T","T_stage",0.412844036697248
"17","Normal",422,0.8,"stage_T","T_stage",0.641337386018237
"18","Normal",207,0.8,"stage_T","T_stage",0.46
"19","Normal",121,0.8,"stage_T","T_stage",0.269487750556793
"20","Normal",110,0.8,"stage_T","T_stage",0.33033033033033
"21","Normal",53,0.8,"stage_T","T_stage",0.189285714285714
"0","T1",720,0.8,"stage_T","T_stage",0.122075279755849
"1","T1",286,0.8,"stage_T","T_stage",0.0539114043355325
"2","T1",330,0.8,"stage_T","T_stage",0.0717391304347826
"3","T1",408,0.8,"stage_T","T_stage",0.128261552970764
"4","T1",267,0.8,"stage_T","T_stage",0.108979591836735
"5","T1",173,0.8,"stage_T","T_stage",0.0719633943427621
"6","T1",4,0.8,"stage_T","T_stage",0.00203458799593082
"7","T1",96,0.8,"stage_T","T_stage",0.0507131537242472
"8","T1",121,0.8,"stage_T","T_stage",0.0678631519910264
"9","T1",0,0.8,"stage_T","T_stage",0
"10","T1",222,0.8,"stage_T","T_stage",0.128101557991922
"11","T1",104,0.8,"stage_T","T_stage",0.103277060575968
"12","T1",78,0.8,"stage_T","T_stage",0.0809968847352025
"13","T1",159,0.8,"stage_T","T_stage",0.187721369539551
"14","T1",96,0.8,"stage_T","T_stage",0.115523465703971
"15","T1",44,0.8,"stage_T","T_stage",0.0531400966183575
"16","T1",56,0.8,"stage_T","T_stage",0.073394495412844
"17","T1",24,0.8,"stage_T","T_stage",0.0364741641337386
"18","T1",23,0.8,"stage_T","T_stage",0.0511111111111111
"19","T1",59,0.8,"stage_T","T_stage",0.131403118040089
"20","T1",15,0.8,"stage_T","T_stage",0.045045045045045
"21","T1",32,0.8,"stage_T","T_stage",0.114285714285714
"0","T2",1182,0.8,"stage_T","T_stage",0.200406917599186
"1","T2",593,0.8,"stage_T","T_stage",0.111781338360038
"2","T2",273,0.8,"stage_T","T_stage",0.0593478260869565
"3","T2",387,0.8,"stage_T","T_stage",0.121659855391386
"4","T2",746,0.8,"stage_T","T_stage",0.304489795918367
"5","T2",200,0.8,"stage_T","T_stage",0.0831946755407654
"6","T2",790,0.8,"stage_T","T_stage",0.401831129196338
"7","T2",516,0.8,"stage_T","T_stage",0.272583201267829
"8","T2",434,0.8,"stage_T","T_stage",0.243409983174425
"9","T2",1013,0.8,"stage_T","T_stage",0.571993224167137
"10","T2",172,0.8,"stage_T","T_stage",0.0992498557414887
"11","T2",339,0.8,"stage_T","T_stage",0.336643495531281
"12","T2",260,0.8,"stage_T","T_stage",0.269989615784008
"13","T2",115,0.8,"stage_T","T_stage",0.135773317591499
"14","T2",63,0.8,"stage_T","T_stage",0.075812274368231
"15","T2",335,0.8,"stage_T","T_stage",0.404589371980676
"16","T2",118,0.8,"stage_T","T_stage",0.154652686762779
"17","T2",42,0.8,"stage_T","T_stage",0.0638297872340425
"18","T2",106,0.8,"stage_T","T_stage",0.235555555555556
"19","T2",96,0.8,"stage_T","T_stage",0.21380846325167
"20","T2",79,0.8,"stage_T","T_stage",0.237237237237237
"21","T2",76,0.8,"stage_T","T_stage",0.271428571428571
"0","T3",756,0.8,"stage_T","T_stage",0.128179043743642
"1","T3",195,0.8,"stage_T","T_stage",0.0367577756833176
"2","T3",175,0.8,"stage_T","T_stage",0.0380434782608696
"3","T3",404,0.8,"stage_T","T_stage",0.127004086765168
"4","T3",382,0.8,"stage_T","T_stage",0.155918367346939
"5","T3",243,0.8,"stage_T","T_stage",0.10108153078203
"6","T3",66,0.8,"stage_T","T_stage",0.0335707019328586
"7","T3",98,0.8,"stage_T","T_stage",0.051769677760169
"8","T3",180,0.8,"stage_T","T_stage",0.100953449242849
"9","T3",164,0.8,"stage_T","T_stage",0.0926030491247883
"10","T3",206,0.8,"stage_T","T_stage",0.118869013271783
"11","T3",72,0.8,"stage_T","T_stage",0.0714995034756703
"12","T3",115,0.8,"stage_T","T_stage",0.119418483904465
"13","T3",124,0.8,"stage_T","T_stage",0.146399055489965
"14","T3",71,0.8,"stage_T","T_stage",0.085439229843562
"15","T3",127,0.8,"stage_T","T_stage",0.153381642512077
"16","T3",50,0.8,"stage_T","T_stage",0.0655307994757536
"17","T3",42,0.8,"stage_T","T_stage",0.0638297872340425
"18","T3",17,0.8,"stage_T","T_stage",0.0377777777777778
"19","T3",37,0.8,"stage_T","T_stage",0.0824053452115813
"20","T3",11,0.8,"stage_T","T_stage",0.033033033033033
"21","T3",42,0.8,"stage_T","T_stage",0.15
"0","T4",737,0.8,"stage_T","T_stage",0.124957612750085
"1","T4",712,0.8,"stage_T","T_stage",0.134213006597549
"2","T4",213,0.8,"stage_T","T_stage",0.046304347826087
"3","T4",209,0.8,"stage_T","T_stage",0.0657026092423766
"4","T4",301,0.8,"stage_T","T_stage",0.122857142857143
"5","T4",190,0.8,"stage_T","T_stage",0.0790349417637271
"6","T4",882,0.8,"stage_T","T_stage",0.448626653102747
"7","T4",415,0.8,"stage_T","T_stage",0.219228737453777
"8","T4",87,0.8,"stage_T","T_stage",0.0487941671340437
"9","T4",579,0.8,"stage_T","T_stage",0.326933935629588
"10","T4",160,0.8,"stage_T","T_stage",0.0923254472013849
"11","T4",63,0.8,"stage_T","T_stage",0.0625620655412115
"12","T4",147,0.8,"stage_T","T_stage",0.152647975077882
"13","T4",103,0.8,"stage_T","T_stage",0.121605667060213
"14","T4",34,0.8,"stage_T","T_stage",0.0409145607701564
"15","T4",76,0.8,"stage_T","T_stage",0.0917874396135266
"16","T4",47,0.8,"stage_T","T_stage",0.0615989515072084
"17","T4",59,0.8,"stage_T","T_stage",0.0896656534954407
"18","T4",47,0.8,"stage_T","T_stage",0.104444444444444
"19","T4",38,0.8,"stage_T","T_stage",0.0846325167037862
"20","T4",67,0.8,"stage_T","T_stage",0.201201201201201
"21","T4",25,0.8,"stage_T","T_stage",0.0892857142857143
"0","Ta",59,0.8,"stage_T","T_stage",0.0100033909799932
"1","Ta",26,0.8,"stage_T","T_stage",0.00490103675777568
"2","Ta",52,0.8,"stage_T","T_stage",0.011304347826087
"3","Ta",40,0.8,"stage_T","T_stage",0.0125746620559572
"4","Ta",42,0.8,"stage_T","T_stage",0.0171428571428571
"5","Ta",139,0.8,"stage_T","T_stage",0.0578202995008319
"6","Ta",15,0.8,"stage_T","T_stage",0.00762970498474059
"7","Ta",35,0.8,"stage_T","T_stage",0.0184891706286318
"8","Ta",7,0.8,"stage_T","T_stage",0.00392596747055524
"9","Ta",0,0.8,"stage_T","T_stage",0
"10","Ta",62,0.8,"stage_T","T_stage",0.0357761107905366
"11","Ta",26,0.8,"stage_T","T_stage",0.0258192651439921
"12","Ta",11,0.8,"stage_T","T_stage",0.0114226375908619
"13","Ta",10,0.8,"stage_T","T_stage",0.0118063754427391
"14","Ta",12,0.8,"stage_T","T_stage",0.0144404332129964
"15","Ta",13,0.8,"stage_T","T_stage",0.0157004830917874
"16","Ta",19,0.8,"stage_T","T_stage",0.0249017038007864
"17","Ta",10,0.8,"stage_T","T_stage",0.0151975683890578
"18","Ta",4,0.8,"stage_T","T_stage",0.00888888888888889
"19","Ta",11,0.8,"stage_T","T_stage",0.0244988864142539
"20","Ta",3,0.8,"stage_T","T_stage",0.00900900900900901
"21","Ta",6,0.8,"stage_T","T_stage",0.0214285714285714
"0",NA,1126,0.8,"stage_T","T_stage",0.190912173618176
"1",NA,378,0.8,"stage_T","T_stage",0.071253534401508
"2",NA,185,0.8,"stage_T","T_stage",0.0402173913043478
"3",NA,393,0.8,"stage_T","T_stage",0.12354605469978
"4",NA,363,0.8,"stage_T","T_stage",0.148163265306122
"5",NA,207,0.8,"stage_T","T_stage",0.0861064891846922
"6",NA,76,0.8,"stage_T","T_stage",0.0386571719226857
"7",NA,300,0.8,"stage_T","T_stage",0.158478605388273
"8",NA,327,0.8,"stage_T","T_stage",0.183398766124509
"9",NA,15,0.8,"stage_T","T_stage",0.00846979107848673
"10",NA,144,0.8,"stage_T","T_stage",0.0830929024812464
"11",NA,181,0.8,"stage_T","T_stage",0.17974180734856
"12",NA,221,0.8,"stage_T","T_stage",0.229491173416407
"13",NA,233,0.8,"stage_T","T_stage",0.275088547815821
"14",NA,42,0.8,"stage_T","T_stage",0.0505415162454874
"15",NA,165,0.8,"stage_T","T_stage",0.199275362318841
"16",NA,158,0.8,"stage_T","T_stage",0.207077326343381
"17",NA,59,0.8,"stage_T","T_stage",0.0896656534954407
"18",NA,46,0.8,"stage_T","T_stage",0.102222222222222
"19",NA,87,0.8,"stage_T","T_stage",0.193763919821826
"20",NA,48,0.8,"stage_T","T_stage",0.144144144144144
"21",NA,46,0.8,"stage_T","T_stage",0.164285714285714
"0","N0",1619,0.8,"stage_N","N_stage",0.274499830451
"1","N0",699,0.8,"stage_N","N_stage",0.131762488218662
"2","N0",809,0.8,"stage_N","N_stage",0.175869565217391
"3","N0",764,0.8,"stage_N","N_stage",0.240176045268783
"4","N0",693,0.8,"stage_N","N_stage",0.282857142857143
"5","N0",585,0.8,"stage_N","N_stage",0.243344425956739
"6","N0",33,0.8,"stage_N","N_stage",0.0167853509664293
"7","N0",189,0.8,"stage_N","N_stage",0.0998415213946117
"8","N0",260,0.8,"stage_N","N_stage",0.145821648906338
"9","N0",0,0.8,"stage_N","N_stage",0
"10","N0",544,0.8,"stage_N","N_stage",0.313906520484709
"11","N0",267,0.8,"stage_N","N_stage",0.265143992055611
"12","N0",186,0.8,"stage_N","N_stage",0.193146417445483
"13","N0",338,0.8,"stage_N","N_stage",0.399055489964581
"14","N0",239,0.8,"stage_N","N_stage",0.287605294825511
"15","N0",163,0.8,"stage_N","N_stage",0.196859903381643
"16","N0",138,0.8,"stage_N","N_stage",0.18086500655308
"17","N0",87,0.8,"stage_N","N_stage",0.132218844984802
"18","N0",52,0.8,"stage_N","N_stage",0.115555555555556
"19","N0",101,0.8,"stage_N","N_stage",0.224944320712695
"20","N0",27,0.8,"stage_N","N_stage",0.0810810810810811
"21","N0",90,0.8,"stage_N","N_stage",0.321428571428571
"0","N2",41,0.8,"stage_N","N_stage",0.00695150898609698
"1","N2",46,0.8,"stage_N","N_stage",0.00867106503298775
"2","N2",69,0.8,"stage_N","N_stage",0.015
"3","N2",61,0.8,"stage_N","N_stage",0.0191763596353348
"4","N2",35,0.8,"stage_N","N_stage",0.0142857142857143
"5","N2",86,0.8,"stage_N","N_stage",0.0357737104825291
"6","N2",2,0.8,"stage_N","N_stage",0.00101729399796541
"7","N2",12,0.8,"stage_N","N_stage",0.0063391442155309
"8","N2",8,0.8,"stage_N","N_stage",0.00448681996634885
"9","N2",0,0.8,"stage_N","N_stage",0
"10","N2",35,0.8,"stage_N","N_stage",0.0201961915753029
"11","N2",31,0.8,"stage_N","N_stage",0.0307845084409136
"12","N2",12,0.8,"stage_N","N_stage",0.0124610591900312
"13","N2",5,0.8,"stage_N","N_stage",0.00590318772136954
"14","N2",11,0.8,"stage_N","N_stage",0.01323706377858
"15","N2",11,0.8,"stage_N","N_stage",0.0132850241545894
"16","N2",15,0.8,"stage_N","N_stage",0.0196592398427261
"17","N2",9,0.8,"stage_N","N_stage",0.013677811550152
"18","N2",15,0.8,"stage_N","N_stage",0.0333333333333333
"19","N2",6,0.8,"stage_N","N_stage",0.0133630289532294
"20","N2",2,0.8,"stage_N","N_stage",0.00600600600600601
"21","N2",4,0.8,"stage_N","N_stage",0.0142857142857143
"0","N3",81,0.8,"stage_N","N_stage",0.0137334689725331
"1","N3",27,0.8,"stage_N","N_stage",0.00508953817153629
"2","N3",44,0.8,"stage_N","N_stage",0.00956521739130435
"3","N3",84,0.8,"stage_N","N_stage",0.0264067903175102
"4","N3",38,0.8,"stage_N","N_stage",0.0155102040816327
"5","N3",38,0.8,"stage_N","N_stage",0.0158069883527454
"6","N3",1,0.8,"stage_N","N_stage",0.000508646998982706
"7","N3",28,0.8,"stage_N","N_stage",0.0147913365029054
"8","N3",145,0.8,"stage_N","N_stage",0.0813236118900729
"9","N3",0,0.8,"stage_N","N_stage",0
"10","N3",41,0.8,"stage_N","N_stage",0.0236583958453549
"11","N3",21,0.8,"stage_N","N_stage",0.0208540218470705
"12","N3",16,0.8,"stage_N","N_stage",0.0166147455867082
"13","N3",39,0.8,"stage_N","N_stage",0.0460448642266824
"14","N3",4,0.8,"stage_N","N_stage",0.00481347773766546
"15","N3",5,0.8,"stage_N","N_stage",0.00603864734299517
"16","N3",13,0.8,"stage_N","N_stage",0.0170380078636959
"17","N3",5,0.8,"stage_N","N_stage",0.00759878419452888
"18","N3",3,0.8,"stage_N","N_stage",0.00666666666666667
"19","N3",10,0.8,"stage_N","N_stage",0.022271714922049
"20","N3",4,0.8,"stage_N","N_stage",0.012012012012012
"21","N3",3,0.8,"stage_N","N_stage",0.0107142857142857
"0","Normal",1318,0.8,"stage_N","N_stage",0.223465581553069
"1","Normal",3115,0.8,"stage_N","N_stage",0.587181903864279
"2","Normal",3372,0.8,"stage_N","N_stage",0.73304347826087
"3","Normal",1340,0.8,"stage_N","N_stage",0.421251178874568
"4","Normal",349,0.8,"stage_N","N_stage",0.142448979591837
"5","Normal",1252,0.8,"stage_N","N_stage",0.520798668885191
"6","Normal",133,0.8,"stage_N","N_stage",0.0676500508646999
"7","Normal",433,0.8,"stage_N","N_stage",0.228737453777073
"8","Normal",627,0.8,"stage_N","N_stage",0.351654514862591
"9","Normal",0,0.8,"stage_N","N_stage",0
"10","Normal",767,0.8,"stage_N","N_stage",0.442585112521639
"11","Normal",222,0.8,"stage_N","N_stage",0.220456802383317
"12","Normal",131,0.8,"stage_N","N_stage",0.136033229491173
"13","Normal",103,0.8,"stage_N","N_stage",0.121605667060213
"14","Normal",513,0.8,"stage_N","N_stage",0.617328519855596
"15","Normal",68,0.8,"stage_N","N_stage",0.0821256038647343
"16","Normal",315,0.8,"stage_N","N_stage",0.412844036697248
"17","Normal",422,0.8,"stage_N","N_stage",0.641337386018237
"18","Normal",207,0.8,"stage_N","N_stage",0.46
"19","Normal",121,0.8,"stage_N","N_stage",0.269487750556793
"20","Normal",110,0.8,"stage_N","N_stage",0.33033033033033
"21","Normal",53,0.8,"stage_N","N_stage",0.189285714285714
"0",NA,2839,0.8,"stage_N","N_stage",0.481349610037301
"1",NA,1418,0.8,"stage_N","N_stage",0.267295004712535
"2",NA,306,0.8,"stage_N","N_stage",0.0665217391304348
"3",NA,932,0.8,"stage_N","N_stage",0.292989625903804
"4",NA,1335,0.8,"stage_N","N_stage",0.544897959183673
"5",NA,443,0.8,"stage_N","N_stage",0.184276206322795
"6",NA,1797,0.8,"stage_N","N_stage",0.914038657171923
"7",NA,1231,0.8,"stage_N","N_stage",0.650290544109879
"8",NA,743,0.8,"stage_N","N_stage",0.416713404374649
"9",NA,1771,0.8,"stage_N","N_stage",1
"10",NA,346,0.8,"stage_N","N_stage",0.199653779572995
"11",NA,466,0.8,"stage_N","N_stage",0.462760675273088
"12",NA,618,0.8,"stage_N","N_stage",0.641744548286604
"13",NA,362,0.8,"stage_N","N_stage",0.427390791027155
"14",NA,64,0.8,"stage_N","N_stage",0.0770156438026474
"15",NA,581,0.8,"stage_N","N_stage",0.701690821256039
"16",NA,282,0.8,"stage_N","N_stage",0.36959370904325
"17",NA,135,0.8,"stage_N","N_stage",0.20516717325228
"18",NA,173,0.8,"stage_N","N_stage",0.384444444444444
"19",NA,211,0.8,"stage_N","N_stage",0.469933184855234
"20",NA,190,0.8,"stage_N","N_stage",0.570570570570571
"21",NA,130,0.8,"stage_N","N_stage",0.464285714285714
"0","M0",1700,0.8,"stage_M","M_stage",0.288233299423533
"1","M0",726,0.8,"stage_M","M_stage",0.136852026390198
"2","M0",853,0.8,"stage_M","M_stage",0.185434782608696
"3","M0",848,0.8,"stage_M","M_stage",0.266582835586294
"4","M0",731,0.8,"stage_M","M_stage",0.298367346938776
"5","M0",623,0.8,"stage_M","M_stage",0.259151414309484
"6","M0",34,0.8,"stage_M","M_stage",0.017293997965412
"7","M0",217,0.8,"stage_M","M_stage",0.114632857897517
"8","M0",405,0.8,"stage_M","M_stage",0.227145260796411
"9","M0",0,0.8,"stage_M","M_stage",0
"10","M0",585,0.8,"stage_M","M_stage",0.337564916330063
"11","M0",288,0.8,"stage_M","M_stage",0.285998013902681
"12","M0",202,0.8,"stage_M","M_stage",0.209761163032191
"13","M0",377,0.8,"stage_M","M_stage",0.445100354191263
"14","M0",243,0.8,"stage_M","M_stage",0.292418772563177
"15","M0",168,0.8,"stage_M","M_stage",0.202898550724638
"16","M0",151,0.8,"stage_M","M_stage",0.197903014416776
"17","M0",92,0.8,"stage_M","M_stage",0.139817629179331
"18","M0",55,0.8,"stage_M","M_stage",0.122222222222222
"19","M0",111,0.8,"stage_M","M_stage",0.247216035634744
"20","M0",31,0.8,"stage_M","M_stage",0.0930930930930931
"21","M0",93,0.8,"stage_M","M_stage",0.332142857142857
"0","Normal",1318,0.8,"stage_M","M_stage",0.223465581553069
"1","Normal",3115,0.8,"stage_M","M_stage",0.587181903864279
"2","Normal",3372,0.8,"stage_M","M_stage",0.73304347826087
"3","Normal",1340,0.8,"stage_M","M_stage",0.421251178874568
"4","Normal",349,0.8,"stage_M","M_stage",0.142448979591837
"5","Normal",1252,0.8,"stage_M","M_stage",0.520798668885191
"6","Normal",133,0.8,"stage_M","M_stage",0.0676500508646999
"7","Normal",433,0.8,"stage_M","M_stage",0.228737453777073
"8","Normal",627,0.8,"stage_M","M_stage",0.351654514862591
"9","Normal",0,0.8,"stage_M","M_stage",0
"10","Normal",767,0.8,"stage_M","M_stage",0.442585112521639
"11","Normal",222,0.8,"stage_M","M_stage",0.220456802383317
"12","Normal",131,0.8,"stage_M","M_stage",0.136033229491173
"13","Normal",103,0.8,"stage_M","M_stage",0.121605667060213
"14","Normal",513,0.8,"stage_M","M_stage",0.617328519855596
"15","Normal",68,0.8,"stage_M","M_stage",0.0821256038647343
"16","Normal",315,0.8,"stage_M","M_stage",0.412844036697248
"17","Normal",422,0.8,"stage_M","M_stage",0.641337386018237
"18","Normal",207,0.8,"stage_M","M_stage",0.46
"19","Normal",121,0.8,"stage_M","M_stage",0.269487750556793
"20","Normal",110,0.8,"stage_M","M_stage",0.33033033033033
"21","Normal",53,0.8,"stage_M","M_stage",0.189285714285714
"0",NA,2880,0.8,"stage_M","M_stage",0.488301119023398
"1",NA,1464,0.8,"stage_M","M_stage",0.275966069745523
"2",NA,375,0.8,"stage_M","M_stage",0.0815217391304348
"3",NA,993,0.8,"stage_M","M_stage",0.312165985539139
"4",NA,1370,0.8,"stage_M","M_stage",0.559183673469388
"5",NA,529,0.8,"stage_M","M_stage",0.220049916805324
"6",NA,1799,0.8,"stage_M","M_stage",0.915055951169888
"7",NA,1243,0.8,"stage_M","M_stage",0.656629688325409
"8",NA,751,0.8,"stage_M","M_stage",0.421200224340998
"9",NA,1771,0.8,"stage_M","M_stage",1
"10",NA,381,0.8,"stage_M","M_stage",0.219849971148298
"11",NA,497,0.8,"stage_M","M_stage",0.493545183714002
"12",NA,630,0.8,"stage_M","M_stage",0.654205607476635
"13",NA,367,0.8,"stage_M","M_stage",0.433293978748524
"14",NA,75,0.8,"stage_M","M_stage",0.0902527075812274
"15",NA,592,0.8,"stage_M","M_stage",0.714975845410628
"16",NA,297,0.8,"stage_M","M_stage",0.389252948885976
"17",NA,144,0.8,"stage_M","M_stage",0.218844984802432
"18",NA,188,0.8,"stage_M","M_stage",0.417777777777778
"19",NA,217,0.8,"stage_M","M_stage",0.483296213808463
"20",NA,192,0.8,"stage_M","M_stage",0.576576576576577
"21",NA,134,0.8,"stage_M","M_stage",0.478571428571429
"0","MIBC",3104,0.8,"clinical_type","Type",0.52628009494744
"1","MIBC",1670,0.8,"clinical_type","Type",0.314797360980207
"2","MIBC",720,0.8,"clinical_type","Type",0.156521739130435
"3","MIBC",1196,0.8,"clinical_type","Type",0.375982395473122
"4","MIBC",1637,0.8,"clinical_type","Type",0.668163265306122
"5","MIBC",725,0.8,"clinical_type","Type",0.301580698835275
"6","MIBC",1759,0.8,"clinical_type","Type",0.89471007121058
"7","MIBC",1131,0.8,"clinical_type","Type",0.597464342313788
"8","MIBC",956,0.8,"clinical_type","Type",0.536174985978688
"9","MIBC",1771,0.8,"clinical_type","Type",1
"10","MIBC",594,0.8,"clinical_type","Type",0.342758222735141
"11","MIBC",540,0.8,"clinical_type","Type",0.536246276067527
"12","MIBC",652,0.8,"clinical_type","Type",0.677050882658359
"13","MIBC",462,0.8,"clinical_type","Type",0.545454545454545
"14","MIBC",184,0.8,"clinical_type","Type",0.221419975932611
"15","MIBC",618,0.8,"clinical_type","Type",0.746376811594203
"16","MIBC",247,0.8,"clinical_type","Type",0.323722149410223
"17","MIBC",169,0.8,"clinical_type","Type",0.256838905775076
"18","MIBC",192,0.8,"clinical_type","Type",0.426666666666667
"19","MIBC",186,0.8,"clinical_type","Type",0.414253897550111
"20","MIBC",177,0.8,"clinical_type","Type",0.531531531531532
"21","MIBC",177,0.8,"clinical_type","Type",0.632142857142857
"0","NMIBC",1476,0.8,"clinical_type","Type",0.250254323499491
"1","NMIBC",520,0.8,"clinical_type","Type",0.0980207351555137
"2","NMIBC",508,0.8,"clinical_type","Type",0.110434782608696
"3","NMIBC",645,0.8,"clinical_type","Type",0.202766425652311
"4","NMIBC",464,0.8,"clinical_type","Type",0.189387755102041
"5","NMIBC",427,0.8,"clinical_type","Type",0.177620632279534
"6","NMIBC",74,0.8,"clinical_type","Type",0.0376398779247202
"7","NMIBC",329,0.8,"clinical_type","Type",0.173798203909139
"8","NMIBC",200,0.8,"clinical_type","Type",0.112170499158721
"9","NMIBC",0,0.8,"clinical_type","Type",0
"10","NMIBC",372,0.8,"clinical_type","Type",0.21465666474322
"11","NMIBC",245,0.8,"clinical_type","Type",0.243296921549156
"12","NMIBC",180,0.8,"clinical_type","Type",0.186915887850467
"13","NMIBC",282,0.8,"clinical_type","Type",0.332939787485242
"14","NMIBC",134,0.8,"clinical_type","Type",0.161251504211793
"15","NMIBC",142,0.8,"clinical_type","Type",0.171497584541063
"16","NMIBC",201,0.8,"clinical_type","Type",0.26343381389253
"17","NMIBC",67,0.8,"clinical_type","Type",0.101823708206687
"18","NMIBC",51,0.8,"clinical_type","Type",0.113333333333333
"19","NMIBC",142,0.8,"clinical_type","Type",0.316258351893096
"20","NMIBC",46,0.8,"clinical_type","Type",0.138138138138138
"21","NMIBC",50,0.8,"clinical_type","Type",0.178571428571429
"0","Normal",1318,0.8,"clinical_type","Type",0.223465581553069
"1","Normal",3115,0.8,"clinical_type","Type",0.587181903864279
"2","Normal",3372,0.8,"clinical_type","Type",0.73304347826087
"3","Normal",1340,0.8,"clinical_type","Type",0.421251178874568
"4","Normal",349,0.8,"clinical_type","Type",0.142448979591837
"5","Normal",1252,0.8,"clinical_type","Type",0.520798668885191
"6","Normal",133,0.8,"clinical_type","Type",0.0676500508646999
"7","Normal",433,0.8,"clinical_type","Type",0.228737453777073
"8","Normal",627,0.8,"clinical_type","Type",0.351654514862591
"9","Normal",0,0.8,"clinical_type","Type",0
"10","Normal",767,0.8,"clinical_type","Type",0.442585112521639
"11","Normal",222,0.8,"clinical_type","Type",0.220456802383317
"12","Normal",131,0.8,"clinical_type","Type",0.136033229491173
"13","Normal",103,0.8,"clinical_type","Type",0.121605667060213
"14","Normal",513,0.8,"clinical_type","Type",0.617328519855596
"15","Normal",68,0.8,"clinical_type","Type",0.0821256038647343
"16","Normal",315,0.8,"clinical_type","Type",0.412844036697248
"17","Normal",422,0.8,"clinical_type","Type",0.641337386018237
"18","Normal",207,0.8,"clinical_type","Type",0.46
"19","Normal",121,0.8,"clinical_type","Type",0.269487750556793
"20","Normal",110,0.8,"clinical_type","Type",0.33033033033033
"21","Normal",53,0.8,"clinical_type","Type",0.189285714285714
