"cluster","group","n_cells","resolution","field","within_cluster_fraction"
"0","CNP0000460",197,0.4,"dataset",0.128506196999348
"1","CNP0000460",6,0.4,"dataset",0.00432900432900433
"2","CNP0000460",10,0.4,"dataset",0.0131926121372032
"3","CNP0000460",0,0.4,"dataset",0
"4","CNP0000460",20,0.4,"dataset",0.0851063829787234
"5","CNP0000460",33,0.4,"dataset",0.147321428571429
"6","CNP0000460",15,0.4,"dataset",0.0694444444444444
"7","CNP0000460",6,0.4,"dataset",0.0320855614973262
"8","CNP0000460",2,0.4,"dataset",0.0217391304347826
"9","CNP0000460",13,0.4,"dataset",0.228070175438596
"10","CNP0000460",0,0.4,"dataset",0
"0","GSE326225",119,0.4,"dataset",0.0776255707762557
"1","GSE326225",11,0.4,"dataset",0.00793650793650794
"2","GSE326225",30,0.4,"dataset",0.0395778364116095
"3","GSE326225",4,0.4,"dataset",0.00921658986175115
"4","GSE326225",35,0.4,"dataset",0.148936170212766
"5","GSE326225",29,0.4,"dataset",0.129464285714286
"6","GSE326225",3,0.4,"dataset",0.0138888888888889
"7","GSE326225",13,0.4,"dataset",0.0695187165775401
"8","GSE326225",4,0.4,"dataset",0.0434782608695652
"9","GSE326225",5,0.4,"dataset",0.087719298245614
"10","GSE326225",1,0.4,"dataset",0.0434782608695652
"0","HRA003620",3,0.4,"dataset",0.00195694716242661
"1","HRA003620",29,0.4,"dataset",0.0209235209235209
"2","HRA003620",35,0.4,"dataset",0.0461741424802111
"3","HRA003620",0,0.4,"dataset",0
"4","HRA003620",10,0.4,"dataset",0.0425531914893617
"5","HRA003620",0,0.4,"dataset",0
"6","HRA003620",0,0.4,"dataset",0
"7","HRA003620",11,0.4,"dataset",0.0588235294117647
"8","HRA003620",0,0.4,"dataset",0
"9","HRA003620",0,0.4,"dataset",0
"10","HRA003620",2,0.4,"dataset",0.0869565217391304
"0","InhouseData",86,0.4,"dataset",0.0560991519895629
"1","InhouseData",1,0.4,"dataset",0.000721500721500722
"2","InhouseData",1,0.4,"dataset",0.00131926121372032
"3","InhouseData",430,0.4,"dataset",0.990783410138249
"4","InhouseData",8,0.4,"dataset",0.0340425531914894
"5","InhouseData",4,0.4,"dataset",0.0178571428571429
"6","InhouseData",0,0.4,"dataset",0
"7","InhouseData",28,0.4,"dataset",0.149732620320856
"8","InhouseData",35,0.4,"dataset",0.380434782608696
"9","InhouseData",2,0.4,"dataset",0.0350877192982456
"10","InhouseData",1,0.4,"dataset",0.0434782608695652
"0","PRJNA662018",1128,0.4,"dataset",0.735812133072407
"1","PRJNA662018",1339,0.4,"dataset",0.966089466089466
"2","PRJNA662018",682,0.4,"dataset",0.899736147757256
"3","PRJNA662018",0,0.4,"dataset",0
"4","PRJNA662018",162,0.4,"dataset",0.68936170212766
"5","PRJNA662018",158,0.4,"dataset",0.705357142857143
"6","PRJNA662018",198,0.4,"dataset",0.916666666666667
"7","PRJNA662018",129,0.4,"dataset",0.689839572192513
"8","PRJNA662018",51,0.4,"dataset",0.554347826086957
"9","PRJNA662018",37,0.4,"dataset",0.649122807017544
"10","PRJNA662018",19,0.4,"dataset",0.826086956521739
"0","CNP0000460_P01N",0,0.4,"orig.ident",0
"1","CNP0000460_P01N",3,0.4,"orig.ident",0.00216450216450216
"2","CNP0000460_P01N",2,0.4,"orig.ident",0.00263852242744063
"3","CNP0000460_P01N",0,0.4,"orig.ident",0
"4","CNP0000460_P01N",0,0.4,"orig.ident",0
"5","CNP0000460_P01N",1,0.4,"orig.ident",0.00446428571428571
"6","CNP0000460_P01N",0,0.4,"orig.ident",0
"7","CNP0000460_P01N",1,0.4,"orig.ident",0.0053475935828877
"8","CNP0000460_P01N",1,0.4,"orig.ident",0.0108695652173913
"9","CNP0000460_P01N",0,0.4,"orig.ident",0
"10","CNP0000460_P01N",0,0.4,"orig.ident",0
"0","CNP0000460_P01T",11,0.4,"orig.ident",0.00717547292889759
"1","CNP0000460_P01T",0,0.4,"orig.ident",0
"2","CNP0000460_P01T",0,0.4,"orig.ident",0
"3","CNP0000460_P01T",0,0.4,"orig.ident",0
"4","CNP0000460_P01T",0,0.4,"orig.ident",0
"5","CNP0000460_P01T",1,0.4,"orig.ident",0.00446428571428571
"6","CNP0000460_P01T",0,0.4,"orig.ident",0
"7","CNP0000460_P01T",0,0.4,"orig.ident",0
"8","CNP0000460_P01T",0,0.4,"orig.ident",0
"9","CNP0000460_P01T",0,0.4,"orig.ident",0
"10","CNP0000460_P01T",0,0.4,"orig.ident",0
"0","CNP0000460_P02T",12,0.4,"orig.ident",0.00782778864970646
"1","CNP0000460_P02T",0,0.4,"orig.ident",0
"2","CNP0000460_P02T",0,0.4,"orig.ident",0
"3","CNP0000460_P02T",0,0.4,"orig.ident",0
"4","CNP0000460_P02T",2,0.4,"orig.ident",0.00851063829787234
"5","CNP0000460_P02T",2,0.4,"orig.ident",0.00892857142857143
"6","CNP0000460_P02T",1,0.4,"orig.ident",0.00462962962962963
"7","CNP0000460_P02T",1,0.4,"orig.ident",0.0053475935828877
"8","CNP0000460_P02T",0,0.4,"orig.ident",0
"9","CNP0000460_P02T",0,0.4,"orig.ident",0
"10","CNP0000460_P02T",0,0.4,"orig.ident",0
"0","CNP0000460_P03N",0,0.4,"orig.ident",0
"1","CNP0000460_P03N",1,0.4,"orig.ident",0.000721500721500722
"2","CNP0000460_P03N",1,0.4,"orig.ident",0.00131926121372032
"3","CNP0000460_P03N",0,0.4,"orig.ident",0
"4","CNP0000460_P03N",0,0.4,"orig.ident",0
"5","CNP0000460_P03N",0,0.4,"orig.ident",0
"6","CNP0000460_P03N",0,0.4,"orig.ident",0
"7","CNP0000460_P03N",0,0.4,"orig.ident",0
"8","CNP0000460_P03N",0,0.4,"orig.ident",0
"9","CNP0000460_P03N",0,0.4,"orig.ident",0
"10","CNP0000460_P03N",0,0.4,"orig.ident",0
"0","CNP0000460_P03T",0,0.4,"orig.ident",0
"1","CNP0000460_P03T",1,0.4,"orig.ident",0.000721500721500722
"2","CNP0000460_P03T",0,0.4,"orig.ident",0
"3","CNP0000460_P03T",0,0.4,"orig.ident",0
"4","CNP0000460_P03T",0,0.4,"orig.ident",0
"5","CNP0000460_P03T",0,0.4,"orig.ident",0
"6","CNP0000460_P03T",0,0.4,"orig.ident",0
"7","CNP0000460_P03T",0,0.4,"orig.ident",0
"8","CNP0000460_P03T",0,0.4,"orig.ident",0
"9","CNP0000460_P03T",0,0.4,"orig.ident",0
"10","CNP0000460_P03T",0,0.4,"orig.ident",0
"0","CNP0000460_P04T",9,0.4,"orig.ident",0.00587084148727984
"1","CNP0000460_P04T",0,0.4,"orig.ident",0
"2","CNP0000460_P04T",3,0.4,"orig.ident",0.00395778364116095
"3","CNP0000460_P04T",0,0.4,"orig.ident",0
"4","CNP0000460_P04T",2,0.4,"orig.ident",0.00851063829787234
"5","CNP0000460_P04T",2,0.4,"orig.ident",0.00892857142857143
"6","CNP0000460_P04T",1,0.4,"orig.ident",0.00462962962962963
"7","CNP0000460_P04T",0,0.4,"orig.ident",0
"8","CNP0000460_P04T",0,0.4,"orig.ident",0
"9","CNP0000460_P04T",1,0.4,"orig.ident",0.0175438596491228
"10","CNP0000460_P04T",0,0.4,"orig.ident",0
"0","CNP0000460_P05T",42,0.4,"orig.ident",0.0273972602739726
"1","CNP0000460_P05T",0,0.4,"orig.ident",0
"2","CNP0000460_P05T",0,0.4,"orig.ident",0
"3","CNP0000460_P05T",0,0.4,"orig.ident",0
"4","CNP0000460_P05T",1,0.4,"orig.ident",0.00425531914893617
"5","CNP0000460_P05T",6,0.4,"orig.ident",0.0267857142857143
"6","CNP0000460_P05T",4,0.4,"orig.ident",0.0185185185185185
"7","CNP0000460_P05T",1,0.4,"orig.ident",0.0053475935828877
"8","CNP0000460_P05T",0,0.4,"orig.ident",0
"9","CNP0000460_P05T",3,0.4,"orig.ident",0.0526315789473684
"10","CNP0000460_P05T",0,0.4,"orig.ident",0
"0","CNP0000460_P06T",26,0.4,"orig.ident",0.0169602087410307
"1","CNP0000460_P06T",0,0.4,"orig.ident",0
"2","CNP0000460_P06T",1,0.4,"orig.ident",0.00131926121372032
"3","CNP0000460_P06T",0,0.4,"orig.ident",0
"4","CNP0000460_P06T",3,0.4,"orig.ident",0.0127659574468085
"5","CNP0000460_P06T",4,0.4,"orig.ident",0.0178571428571429
"6","CNP0000460_P06T",2,0.4,"orig.ident",0.00925925925925926
"7","CNP0000460_P06T",0,0.4,"orig.ident",0
"8","CNP0000460_P06T",0,0.4,"orig.ident",0
"9","CNP0000460_P06T",1,0.4,"orig.ident",0.0175438596491228
"10","CNP0000460_P06T",0,0.4,"orig.ident",0
"0","CNP0000460_P07T",97,0.4,"orig.ident",0.0632746249184605
"1","CNP0000460_P07T",1,0.4,"orig.ident",0.000721500721500722
"2","CNP0000460_P07T",3,0.4,"orig.ident",0.00395778364116095
"3","CNP0000460_P07T",0,0.4,"orig.ident",0
"4","CNP0000460_P07T",12,0.4,"orig.ident",0.051063829787234
"5","CNP0000460_P07T",17,0.4,"orig.ident",0.0758928571428571
"6","CNP0000460_P07T",7,0.4,"orig.ident",0.0324074074074074
"7","CNP0000460_P07T",3,0.4,"orig.ident",0.0160427807486631
"8","CNP0000460_P07T",1,0.4,"orig.ident",0.0108695652173913
"9","CNP0000460_P07T",8,0.4,"orig.ident",0.140350877192982
"10","CNP0000460_P07T",0,0.4,"orig.ident",0
"0","GSE326225_BC1",31,0.4,"orig.ident",0.020221787345075
"1","GSE326225_BC1",0,0.4,"orig.ident",0
"2","GSE326225_BC1",0,0.4,"orig.ident",0
"3","GSE326225_BC1",0,0.4,"orig.ident",0
"4","GSE326225_BC1",2,0.4,"orig.ident",0.00851063829787234
"5","GSE326225_BC1",5,0.4,"orig.ident",0.0223214285714286
"6","GSE326225_BC1",0,0.4,"orig.ident",0
"7","GSE326225_BC1",0,0.4,"orig.ident",0
"8","GSE326225_BC1",0,0.4,"orig.ident",0
"9","GSE326225_BC1",2,0.4,"orig.ident",0.0350877192982456
"10","GSE326225_BC1",1,0.4,"orig.ident",0.0434782608695652
"0","GSE326225_BC2",8,0.4,"orig.ident",0.00521852576647097
"1","GSE326225_BC2",0,0.4,"orig.ident",0
"2","GSE326225_BC2",0,0.4,"orig.ident",0
"3","GSE326225_BC2",0,0.4,"orig.ident",0
"4","GSE326225_BC2",1,0.4,"orig.ident",0.00425531914893617
"5","GSE326225_BC2",4,0.4,"orig.ident",0.0178571428571429
"6","GSE326225_BC2",0,0.4,"orig.ident",0
"7","GSE326225_BC2",0,0.4,"orig.ident",0
"8","GSE326225_BC2",0,0.4,"orig.ident",0
"9","GSE326225_BC2",1,0.4,"orig.ident",0.0175438596491228
"10","GSE326225_BC2",0,0.4,"orig.ident",0
"0","GSE326225_BC3",24,0.4,"orig.ident",0.0156555772994129
"1","GSE326225_BC3",0,0.4,"orig.ident",0
"2","GSE326225_BC3",0,0.4,"orig.ident",0
"3","GSE326225_BC3",0,0.4,"orig.ident",0
"4","GSE326225_BC3",0,0.4,"orig.ident",0
"5","GSE326225_BC3",2,0.4,"orig.ident",0.00892857142857143
"6","GSE326225_BC3",0,0.4,"orig.ident",0
"7","GSE326225_BC3",0,0.4,"orig.ident",0
"8","GSE326225_BC3",0,0.4,"orig.ident",0
"9","GSE326225_BC3",1,0.4,"orig.ident",0.0175438596491228
"10","GSE326225_BC3",0,0.4,"orig.ident",0
"0","GSE326225_BC4",4,0.4,"orig.ident",0.00260926288323549
"1","GSE326225_BC4",0,0.4,"orig.ident",0
"2","GSE326225_BC4",0,0.4,"orig.ident",0
"3","GSE326225_BC4",0,0.4,"orig.ident",0
"4","GSE326225_BC4",0,0.4,"orig.ident",0
"5","GSE326225_BC4",0,0.4,"orig.ident",0
"6","GSE326225_BC4",0,0.4,"orig.ident",0
"7","GSE326225_BC4",0,0.4,"orig.ident",0
"8","GSE326225_BC4",0,0.4,"orig.ident",0
"9","GSE326225_BC4",0,0.4,"orig.ident",0
"10","GSE326225_BC4",0,0.4,"orig.ident",0
"0","GSE326225_BC5",8,0.4,"orig.ident",0.00521852576647097
"1","GSE326225_BC5",0,0.4,"orig.ident",0
"2","GSE326225_BC5",0,0.4,"orig.ident",0
"3","GSE326225_BC5",0,0.4,"orig.ident",0
"4","GSE326225_BC5",2,0.4,"orig.ident",0.00851063829787234
"5","GSE326225_BC5",0,0.4,"orig.ident",0
"6","GSE326225_BC5",0,0.4,"orig.ident",0
"7","GSE326225_BC5",0,0.4,"orig.ident",0
"8","GSE326225_BC5",0,0.4,"orig.ident",0
"9","GSE326225_BC5",0,0.4,"orig.ident",0
"10","GSE326225_BC5",0,0.4,"orig.ident",0
"0","GSE326225_BC6",8,0.4,"orig.ident",0.00521852576647097
"1","GSE326225_BC6",0,0.4,"orig.ident",0
"2","GSE326225_BC6",1,0.4,"orig.ident",0.00131926121372032
"3","GSE326225_BC6",0,0.4,"orig.ident",0
"4","GSE326225_BC6",3,0.4,"orig.ident",0.0127659574468085
"5","GSE326225_BC6",2,0.4,"orig.ident",0.00892857142857143
"6","GSE326225_BC6",0,0.4,"orig.ident",0
"7","GSE326225_BC6",0,0.4,"orig.ident",0
"8","GSE326225_BC6",0,0.4,"orig.ident",0
"9","GSE326225_BC6",0,0.4,"orig.ident",0
"10","GSE326225_BC6",0,0.4,"orig.ident",0
"0","GSE326225_BC7",36,0.4,"orig.ident",0.0234833659491194
"1","GSE326225_BC7",11,0.4,"orig.ident",0.00793650793650794
"2","GSE326225_BC7",29,0.4,"orig.ident",0.0382585751978892
"3","GSE326225_BC7",4,0.4,"orig.ident",0.00921658986175115
"4","GSE326225_BC7",27,0.4,"orig.ident",0.114893617021277
"5","GSE326225_BC7",16,0.4,"orig.ident",0.0714285714285714
"6","GSE326225_BC7",3,0.4,"orig.ident",0.0138888888888889
"7","GSE326225_BC7",13,0.4,"orig.ident",0.0695187165775401
"8","GSE326225_BC7",4,0.4,"orig.ident",0.0434782608695652
"9","GSE326225_BC7",1,0.4,"orig.ident",0.0175438596491228
"10","GSE326225_BC7",0,0.4,"orig.ident",0
"0","HRA003620_BC-04",3,0.4,"orig.ident",0.00195694716242661
"1","HRA003620_BC-04",1,0.4,"orig.ident",0.000721500721500722
"2","HRA003620_BC-04",0,0.4,"orig.ident",0
"3","HRA003620_BC-04",0,0.4,"orig.ident",0
"4","HRA003620_BC-04",0,0.4,"orig.ident",0
"5","HRA003620_BC-04",0,0.4,"orig.ident",0
"6","HRA003620_BC-04",0,0.4,"orig.ident",0
"7","HRA003620_BC-04",0,0.4,"orig.ident",0
"8","HRA003620_BC-04",0,0.4,"orig.ident",0
"9","HRA003620_BC-04",0,0.4,"orig.ident",0
"10","HRA003620_BC-04",0,0.4,"orig.ident",0
"0","HRA003620_BC-27",0,0.4,"orig.ident",0
"1","HRA003620_BC-27",0,0.4,"orig.ident",0
"2","HRA003620_BC-27",1,0.4,"orig.ident",0.00131926121372032
"3","HRA003620_BC-27",0,0.4,"orig.ident",0
"4","HRA003620_BC-27",0,0.4,"orig.ident",0
"5","HRA003620_BC-27",0,0.4,"orig.ident",0
"6","HRA003620_BC-27",0,0.4,"orig.ident",0
"7","HRA003620_BC-27",2,0.4,"orig.ident",0.0106951871657754
"8","HRA003620_BC-27",0,0.4,"orig.ident",0
"9","HRA003620_BC-27",0,0.4,"orig.ident",0
"10","HRA003620_BC-27",0,0.4,"orig.ident",0
"0","HRA003620_NC-04",0,0.4,"orig.ident",0
"1","HRA003620_NC-04",2,0.4,"orig.ident",0.00144300144300144
"2","HRA003620_NC-04",0,0.4,"orig.ident",0
"3","HRA003620_NC-04",0,0.4,"orig.ident",0
"4","HRA003620_NC-04",0,0.4,"orig.ident",0
"5","HRA003620_NC-04",0,0.4,"orig.ident",0
"6","HRA003620_NC-04",0,0.4,"orig.ident",0
"7","HRA003620_NC-04",0,0.4,"orig.ident",0
"8","HRA003620_NC-04",0,0.4,"orig.ident",0
"9","HRA003620_NC-04",0,0.4,"orig.ident",0
"10","HRA003620_NC-04",0,0.4,"orig.ident",0
"0","HRA003620_NC-05",0,0.4,"orig.ident",0
"1","HRA003620_NC-05",2,0.4,"orig.ident",0.00144300144300144
"2","HRA003620_NC-05",2,0.4,"orig.ident",0.00263852242744063
"3","HRA003620_NC-05",0,0.4,"orig.ident",0
"4","HRA003620_NC-05",0,0.4,"orig.ident",0
"5","HRA003620_NC-05",0,0.4,"orig.ident",0
"6","HRA003620_NC-05",0,0.4,"orig.ident",0
"7","HRA003620_NC-05",0,0.4,"orig.ident",0
"8","HRA003620_NC-05",0,0.4,"orig.ident",0
"9","HRA003620_NC-05",0,0.4,"orig.ident",0
"10","HRA003620_NC-05",0,0.4,"orig.ident",0
"0","HRA003620_NC-11",0,0.4,"orig.ident",0
"1","HRA003620_NC-11",0,0.4,"orig.ident",0
"2","HRA003620_NC-11",1,0.4,"orig.ident",0.00131926121372032
"3","HRA003620_NC-11",0,0.4,"orig.ident",0
"4","HRA003620_NC-11",0,0.4,"orig.ident",0
"5","HRA003620_NC-11",0,0.4,"orig.ident",0
"6","HRA003620_NC-11",0,0.4,"orig.ident",0
"7","HRA003620_NC-11",0,0.4,"orig.ident",0
"8","HRA003620_NC-11",0,0.4,"orig.ident",0
"9","HRA003620_NC-11",0,0.4,"orig.ident",0
"10","HRA003620_NC-11",0,0.4,"orig.ident",0
"0","HRA003620_NC-24",0,0.4,"orig.ident",0
"1","HRA003620_NC-24",1,0.4,"orig.ident",0.000721500721500722
"2","HRA003620_NC-24",2,0.4,"orig.ident",0.00263852242744063
"3","HRA003620_NC-24",0,0.4,"orig.ident",0
"4","HRA003620_NC-24",0,0.4,"orig.ident",0
"5","HRA003620_NC-24",0,0.4,"orig.ident",0
"6","HRA003620_NC-24",0,0.4,"orig.ident",0
"7","HRA003620_NC-24",1,0.4,"orig.ident",0.0053475935828877
"8","HRA003620_NC-24",0,0.4,"orig.ident",0
"9","HRA003620_NC-24",0,0.4,"orig.ident",0
"10","HRA003620_NC-24",1,0.4,"orig.ident",0.0434782608695652
"0","HRA003620_NC-27",0,0.4,"orig.ident",0
"1","HRA003620_NC-27",15,0.4,"orig.ident",0.0108225108225108
"2","HRA003620_NC-27",15,0.4,"orig.ident",0.0197889182058048
"3","HRA003620_NC-27",0,0.4,"orig.ident",0
"4","HRA003620_NC-27",9,0.4,"orig.ident",0.0382978723404255
"5","HRA003620_NC-27",0,0.4,"orig.ident",0
"6","HRA003620_NC-27",0,0.4,"orig.ident",0
"7","HRA003620_NC-27",5,0.4,"orig.ident",0.0267379679144385
"8","HRA003620_NC-27",0,0.4,"orig.ident",0
"9","HRA003620_NC-27",0,0.4,"orig.ident",0
"10","HRA003620_NC-27",1,0.4,"orig.ident",0.0434782608695652
"0","HRA003620_NC-30",0,0.4,"orig.ident",0
"1","HRA003620_NC-30",8,0.4,"orig.ident",0.00577200577200577
"2","HRA003620_NC-30",14,0.4,"orig.ident",0.0184696569920844
"3","HRA003620_NC-30",0,0.4,"orig.ident",0
"4","HRA003620_NC-30",1,0.4,"orig.ident",0.00425531914893617
"5","HRA003620_NC-30",0,0.4,"orig.ident",0
"6","HRA003620_NC-30",0,0.4,"orig.ident",0
"7","HRA003620_NC-30",3,0.4,"orig.ident",0.0160427807486631
"8","HRA003620_NC-30",0,0.4,"orig.ident",0
"9","HRA003620_NC-30",0,0.4,"orig.ident",0
"10","HRA003620_NC-30",0,0.4,"orig.ident",0
"0","PRJNA662018_PRJNA662018_P1N1",20,0.4,"orig.ident",0.0130463144161774
"1","PRJNA662018_PRJNA662018_P1N1",470,0.4,"orig.ident",0.339105339105339
"2","PRJNA662018_PRJNA662018_P1N1",150,0.4,"orig.ident",0.197889182058047
"3","PRJNA662018_PRJNA662018_P1N1",0,0.4,"orig.ident",0
"4","PRJNA662018_PRJNA662018_P1N1",28,0.4,"orig.ident",0.119148936170213
"5","PRJNA662018_PRJNA662018_P1N1",5,0.4,"orig.ident",0.0223214285714286
"6","PRJNA662018_PRJNA662018_P1N1",59,0.4,"orig.ident",0.273148148148148
"7","PRJNA662018_PRJNA662018_P1N1",71,0.4,"orig.ident",0.379679144385027
"8","PRJNA662018_PRJNA662018_P1N1",24,0.4,"orig.ident",0.260869565217391
"9","PRJNA662018_PRJNA662018_P1N1",0,0.4,"orig.ident",0
"10","PRJNA662018_PRJNA662018_P1N1",0,0.4,"orig.ident",0
"0","PRJNA662018_PRJNA662018_P1T1",84,0.4,"orig.ident",0.0547945205479452
"1","PRJNA662018_PRJNA662018_P1T1",64,0.4,"orig.ident",0.0461760461760462
"2","PRJNA662018_PRJNA662018_P1T1",29,0.4,"orig.ident",0.0382585751978892
"3","PRJNA662018_PRJNA662018_P1T1",0,0.4,"orig.ident",0
"4","PRJNA662018_PRJNA662018_P1T1",10,0.4,"orig.ident",0.0425531914893617
"5","PRJNA662018_PRJNA662018_P1T1",3,0.4,"orig.ident",0.0133928571428571
"6","PRJNA662018_PRJNA662018_P1T1",7,0.4,"orig.ident",0.0324074074074074
"7","PRJNA662018_PRJNA662018_P1T1",6,0.4,"orig.ident",0.0320855614973262
"8","PRJNA662018_PRJNA662018_P1T1",0,0.4,"orig.ident",0
"9","PRJNA662018_PRJNA662018_P1T1",2,0.4,"orig.ident",0.0350877192982456
"10","PRJNA662018_PRJNA662018_P1T1",0,0.4,"orig.ident",0
"0","PRJNA662018_PRJNA662018_P2T2",121,0.4,"orig.ident",0.0789302022178734
"1","PRJNA662018_PRJNA662018_P2T2",58,0.4,"orig.ident",0.0418470418470418
"2","PRJNA662018_PRJNA662018_P2T2",80,0.4,"orig.ident",0.105540897097625
"3","PRJNA662018_PRJNA662018_P2T2",0,0.4,"orig.ident",0
"4","PRJNA662018_PRJNA662018_P2T2",4,0.4,"orig.ident",0.0170212765957447
"5","PRJNA662018_PRJNA662018_P2T2",8,0.4,"orig.ident",0.0357142857142857
"6","PRJNA662018_PRJNA662018_P2T2",26,0.4,"orig.ident",0.12037037037037
"7","PRJNA662018_PRJNA662018_P2T2",8,0.4,"orig.ident",0.0427807486631016
"8","PRJNA662018_PRJNA662018_P2T2",2,0.4,"orig.ident",0.0217391304347826
"9","PRJNA662018_PRJNA662018_P2T2",4,0.4,"orig.ident",0.0701754385964912
"10","PRJNA662018_PRJNA662018_P2T2",6,0.4,"orig.ident",0.260869565217391
"0","PRJNA662018_PRJNA662018_P3N3",1,0.4,"orig.ident",0.000652315720808871
"1","PRJNA662018_PRJNA662018_P3N3",279,0.4,"orig.ident",0.201298701298701
"2","PRJNA662018_PRJNA662018_P3N3",129,0.4,"orig.ident",0.170184696569921
"3","PRJNA662018_PRJNA662018_P3N3",0,0.4,"orig.ident",0
"4","PRJNA662018_PRJNA662018_P3N3",37,0.4,"orig.ident",0.157446808510638
"5","PRJNA662018_PRJNA662018_P3N3",26,0.4,"orig.ident",0.116071428571429
"6","PRJNA662018_PRJNA662018_P3N3",13,0.4,"orig.ident",0.0601851851851852
"7","PRJNA662018_PRJNA662018_P3N3",11,0.4,"orig.ident",0.0588235294117647
"8","PRJNA662018_PRJNA662018_P3N3",2,0.4,"orig.ident",0.0217391304347826
"9","PRJNA662018_PRJNA662018_P3N3",0,0.4,"orig.ident",0
"10","PRJNA662018_PRJNA662018_P3N3",1,0.4,"orig.ident",0.0434782608695652
"0","PRJNA662018_PRJNA662018_P3T3",110,0.4,"orig.ident",0.0717547292889759
"1","PRJNA662018_PRJNA662018_P3T3",171,0.4,"orig.ident",0.123376623376623
"2","PRJNA662018_PRJNA662018_P3T3",162,0.4,"orig.ident",0.213720316622691
"3","PRJNA662018_PRJNA662018_P3T3",0,0.4,"orig.ident",0
"4","PRJNA662018_PRJNA662018_P3T3",41,0.4,"orig.ident",0.174468085106383
"5","PRJNA662018_PRJNA662018_P3T3",14,0.4,"orig.ident",0.0625
"6","PRJNA662018_PRJNA662018_P3T3",20,0.4,"orig.ident",0.0925925925925926
"7","PRJNA662018_PRJNA662018_P3T3",17,0.4,"orig.ident",0.0909090909090909
"8","PRJNA662018_PRJNA662018_P3T3",20,0.4,"orig.ident",0.217391304347826
"9","PRJNA662018_PRJNA662018_P3T3",4,0.4,"orig.ident",0.0701754385964912
"10","PRJNA662018_PRJNA662018_P3T3",4,0.4,"orig.ident",0.173913043478261
"0","PRJNA662018_PRJNA662018_P4T4",379,0.4,"orig.ident",0.247227658186562
"1","PRJNA662018_PRJNA662018_P4T4",0,0.4,"orig.ident",0
"2","PRJNA662018_PRJNA662018_P4T4",0,0.4,"orig.ident",0
"3","PRJNA662018_PRJNA662018_P4T4",0,0.4,"orig.ident",0
"4","PRJNA662018_PRJNA662018_P4T4",14,0.4,"orig.ident",0.0595744680851064
"5","PRJNA662018_PRJNA662018_P4T4",61,0.4,"orig.ident",0.272321428571429
"6","PRJNA662018_PRJNA662018_P4T4",5,0.4,"orig.ident",0.0231481481481481
"7","PRJNA662018_PRJNA662018_P4T4",2,0.4,"orig.ident",0.0106951871657754
"8","PRJNA662018_PRJNA662018_P4T4",0,0.4,"orig.ident",0
"9","PRJNA662018_PRJNA662018_P4T4",17,0.4,"orig.ident",0.298245614035088
"10","PRJNA662018_PRJNA662018_P4T4",1,0.4,"orig.ident",0.0434782608695652
"0","PRJNA662018_PRJNA662018_P5T5",148,0.4,"orig.ident",0.096542726679713
"1","PRJNA662018_PRJNA662018_P5T5",0,0.4,"orig.ident",0
"2","PRJNA662018_PRJNA662018_P5T5",0,0.4,"orig.ident",0
"3","PRJNA662018_PRJNA662018_P5T5",0,0.4,"orig.ident",0
"4","PRJNA662018_PRJNA662018_P5T5",3,0.4,"orig.ident",0.0127659574468085
"5","PRJNA662018_PRJNA662018_P5T5",12,0.4,"orig.ident",0.0535714285714286
"6","PRJNA662018_PRJNA662018_P5T5",2,0.4,"orig.ident",0.00925925925925926
"7","PRJNA662018_PRJNA662018_P5T5",0,0.4,"orig.ident",0
"8","PRJNA662018_PRJNA662018_P5T5",0,0.4,"orig.ident",0
"9","PRJNA662018_PRJNA662018_P5T5",5,0.4,"orig.ident",0.087719298245614
"10","PRJNA662018_PRJNA662018_P5T5",2,0.4,"orig.ident",0.0869565217391304
"0","PRJNA662018_PRJNA662018_P6N2",104,0.4,"orig.ident",0.0678408349641226
"1","PRJNA662018_PRJNA662018_P6N2",292,0.4,"orig.ident",0.210678210678211
"2","PRJNA662018_PRJNA662018_P6N2",129,0.4,"orig.ident",0.170184696569921
"3","PRJNA662018_PRJNA662018_P6N2",0,0.4,"orig.ident",0
"4","PRJNA662018_PRJNA662018_P6N2",16,0.4,"orig.ident",0.0680851063829787
"5","PRJNA662018_PRJNA662018_P6N2",8,0.4,"orig.ident",0.0357142857142857
"6","PRJNA662018_PRJNA662018_P6N2",58,0.4,"orig.ident",0.268518518518519
"7","PRJNA662018_PRJNA662018_P6N2",13,0.4,"orig.ident",0.0695187165775401
"8","PRJNA662018_PRJNA662018_P6N2",3,0.4,"orig.ident",0.0326086956521739
"9","PRJNA662018_PRJNA662018_P6N2",1,0.4,"orig.ident",0.0175438596491228
"10","PRJNA662018_PRJNA662018_P6N2",3,0.4,"orig.ident",0.130434782608696
"0","PRJNA662018_PRJNA662018_P6T6",7,0.4,"orig.ident",0.0045662100456621
"1","PRJNA662018_PRJNA662018_P6T6",1,0.4,"orig.ident",0.000721500721500722
"2","PRJNA662018_PRJNA662018_P6T6",0,0.4,"orig.ident",0
"3","PRJNA662018_PRJNA662018_P6T6",0,0.4,"orig.ident",0
"4","PRJNA662018_PRJNA662018_P6T6",0,0.4,"orig.ident",0
"5","PRJNA662018_PRJNA662018_P6T6",0,0.4,"orig.ident",0
"6","PRJNA662018_PRJNA662018_P6T6",2,0.4,"orig.ident",0.00925925925925926
"7","PRJNA662018_PRJNA662018_P6T6",0,0.4,"orig.ident",0
"8","PRJNA662018_PRJNA662018_P6T6",0,0.4,"orig.ident",0
"9","PRJNA662018_PRJNA662018_P6T6",0,0.4,"orig.ident",0
"10","PRJNA662018_PRJNA662018_P6T6",0,0.4,"orig.ident",0
"0","PRJNA662018_PRJNA662018_P7T7",122,0.4,"orig.ident",0.0795825179386823
"1","PRJNA662018_PRJNA662018_P7T7",4,0.4,"orig.ident",0.00288600288600289
"2","PRJNA662018_PRJNA662018_P7T7",2,0.4,"orig.ident",0.00263852242744063
"3","PRJNA662018_PRJNA662018_P7T7",0,0.4,"orig.ident",0
"4","PRJNA662018_PRJNA662018_P7T7",9,0.4,"orig.ident",0.0382978723404255
"5","PRJNA662018_PRJNA662018_P7T7",19,0.4,"orig.ident",0.0848214285714286
"6","PRJNA662018_PRJNA662018_P7T7",6,0.4,"orig.ident",0.0277777777777778
"7","PRJNA662018_PRJNA662018_P7T7",1,0.4,"orig.ident",0.0053475935828877
"8","PRJNA662018_PRJNA662018_P7T7",0,0.4,"orig.ident",0
"9","PRJNA662018_PRJNA662018_P7T7",3,0.4,"orig.ident",0.0526315789473684
"10","PRJNA662018_PRJNA662018_P7T7",2,0.4,"orig.ident",0.0869565217391304
"0","PRJNA662018_PRJNA662018_P8T8",32,0.4,"orig.ident",0.0208741030658839
"1","PRJNA662018_PRJNA662018_P8T8",0,0.4,"orig.ident",0
"2","PRJNA662018_PRJNA662018_P8T8",1,0.4,"orig.ident",0.00131926121372032
"3","PRJNA662018_PRJNA662018_P8T8",0,0.4,"orig.ident",0
"4","PRJNA662018_PRJNA662018_P8T8",0,0.4,"orig.ident",0
"5","PRJNA662018_PRJNA662018_P8T8",2,0.4,"orig.ident",0.00892857142857143
"6","PRJNA662018_PRJNA662018_P8T8",0,0.4,"orig.ident",0
"7","PRJNA662018_PRJNA662018_P8T8",0,0.4,"orig.ident",0
"8","PRJNA662018_PRJNA662018_P8T8",0,0.4,"orig.ident",0
"9","PRJNA662018_PRJNA662018_P8T8",1,0.4,"orig.ident",0.0175438596491228
"10","PRJNA662018_PRJNA662018_P8T8",0,0.4,"orig.ident",0
"0","T4091568",2,0.4,"orig.ident",0.00130463144161774
"1","T4091568",0,0.4,"orig.ident",0
"2","T4091568",0,0.4,"orig.ident",0
"3","T4091568",44,0.4,"orig.ident",0.101382488479263
"4","T4091568",3,0.4,"orig.ident",0.0127659574468085
"5","T4091568",1,0.4,"orig.ident",0.00446428571428571
"6","T4091568",0,0.4,"orig.ident",0
"7","T4091568",8,0.4,"orig.ident",0.0427807486631016
"8","T4091568",22,0.4,"orig.ident",0.239130434782609
"9","T4091568",0,0.4,"orig.ident",0
"10","T4091568",1,0.4,"orig.ident",0.0434782608695652
"0","T4295396",2,0.4,"orig.ident",0.00130463144161774
"1","T4295396",0,0.4,"orig.ident",0
"2","T4295396",0,0.4,"orig.ident",0
"3","T4295396",9,0.4,"orig.ident",0.0207373271889401
"4","T4295396",0,0.4,"orig.ident",0
"5","T4295396",0,0.4,"orig.ident",0
"6","T4295396",0,0.4,"orig.ident",0
"7","T4295396",0,0.4,"orig.ident",0
"8","T4295396",0,0.4,"orig.ident",0
"9","T4295396",0,0.4,"orig.ident",0
"10","T4295396",0,0.4,"orig.ident",0
"0","T4380845",2,0.4,"orig.ident",0.00130463144161774
"1","T4380845",0,0.4,"orig.ident",0
"2","T4380845",0,0.4,"orig.ident",0
"3","T4380845",9,0.4,"orig.ident",0.0207373271889401
"4","T4380845",0,0.4,"orig.ident",0
"5","T4380845",0,0.4,"orig.ident",0
"6","T4380845",0,0.4,"orig.ident",0
"7","T4380845",0,0.4,"orig.ident",0
"8","T4380845",0,0.4,"orig.ident",0
"9","T4380845",0,0.4,"orig.ident",0
"10","T4380845",0,0.4,"orig.ident",0
"0","T4398343",12,0.4,"orig.ident",0.00782778864970646
"1","T4398343",0,0.4,"orig.ident",0
"2","T4398343",0,0.4,"orig.ident",0
"3","T4398343",35,0.4,"orig.ident",0.0806451612903226
"4","T4398343",0,0.4,"orig.ident",0
"5","T4398343",0,0.4,"orig.ident",0
"6","T4398343",0,0.4,"orig.ident",0
"7","T4398343",3,0.4,"orig.ident",0.0160427807486631
"8","T4398343",0,0.4,"orig.ident",0
"9","T4398343",0,0.4,"orig.ident",0
"10","T4398343",0,0.4,"orig.ident",0
"0","T4450398",1,0.4,"orig.ident",0.000652315720808871
"1","T4450398",0,0.4,"orig.ident",0
"2","T4450398",0,0.4,"orig.ident",0
"3","T4450398",6,0.4,"orig.ident",0.0138248847926267
"4","T4450398",0,0.4,"orig.ident",0
"5","T4450398",0,0.4,"orig.ident",0
"6","T4450398",0,0.4,"orig.ident",0
"7","T4450398",0,0.4,"orig.ident",0
"8","T4450398",0,0.4,"orig.ident",0
"9","T4450398",0,0.4,"orig.ident",0
"10","T4450398",0,0.4,"orig.ident",0
"0","T4463209a",3,0.4,"orig.ident",0.00195694716242661
"1","T4463209a",0,0.4,"orig.ident",0
"2","T4463209a",0,0.4,"orig.ident",0
"3","T4463209a",25,0.4,"orig.ident",0.0576036866359447
"4","T4463209a",0,0.4,"orig.ident",0
"5","T4463209a",0,0.4,"orig.ident",0
"6","T4463209a",0,0.4,"orig.ident",0
"7","T4463209a",1,0.4,"orig.ident",0.0053475935828877
"8","T4463209a",0,0.4,"orig.ident",0
"9","T4463209a",0,0.4,"orig.ident",0
"10","T4463209a",0,0.4,"orig.ident",0
"0","T4463209b",8,0.4,"orig.ident",0.00521852576647097
"1","T4463209b",1,0.4,"orig.ident",0.000721500721500722
"2","T4463209b",1,0.4,"orig.ident",0.00131926121372032
"3","T4463209b",45,0.4,"orig.ident",0.1036866359447
"4","T4463209b",2,0.4,"orig.ident",0.00851063829787234
"5","T4463209b",1,0.4,"orig.ident",0.00446428571428571
"6","T4463209b",0,0.4,"orig.ident",0
"7","T4463209b",1,0.4,"orig.ident",0.0053475935828877
"8","T4463209b",5,0.4,"orig.ident",0.0543478260869565
"9","T4463209b",0,0.4,"orig.ident",0
"10","T4463209b",0,0.4,"orig.ident",0
"0","T4465219",14,0.4,"orig.ident",0.0091324200913242
"1","T4465219",0,0.4,"orig.ident",0
"2","T4465219",0,0.4,"orig.ident",0
"3","T4465219",67,0.4,"orig.ident",0.154377880184332
"4","T4465219",0,0.4,"orig.ident",0
"5","T4465219",0,0.4,"orig.ident",0
"6","T4465219",0,0.4,"orig.ident",0
"7","T4465219",1,0.4,"orig.ident",0.0053475935828877
"8","T4465219",0,0.4,"orig.ident",0
"9","T4465219",0,0.4,"orig.ident",0
"10","T4465219",0,0.4,"orig.ident",0
"0","T4465935",3,0.4,"orig.ident",0.00195694716242661
"1","T4465935",0,0.4,"orig.ident",0
"2","T4465935",0,0.4,"orig.ident",0
"3","T4465935",17,0.4,"orig.ident",0.0391705069124424
"4","T4465935",0,0.4,"orig.ident",0
"5","T4465935",0,0.4,"orig.ident",0
"6","T4465935",0,0.4,"orig.ident",0
"7","T4465935",0,0.4,"orig.ident",0
"8","T4465935",0,0.4,"orig.ident",0
"9","T4465935",0,0.4,"orig.ident",0
"10","T4465935",0,0.4,"orig.ident",0
"0","T4466585",3,0.4,"orig.ident",0.00195694716242661
"1","T4466585",0,0.4,"orig.ident",0
"2","T4466585",0,0.4,"orig.ident",0
"3","T4466585",23,0.4,"orig.ident",0.0529953917050691
"4","T4466585",1,0.4,"orig.ident",0.00425531914893617
"5","T4466585",0,0.4,"orig.ident",0
"6","T4466585",0,0.4,"orig.ident",0
"7","T4466585",1,0.4,"orig.ident",0.0053475935828877
"8","T4466585",1,0.4,"orig.ident",0.0108695652173913
"9","T4466585",0,0.4,"orig.ident",0
"10","T4466585",0,0.4,"orig.ident",0
"0","T4469479",9,0.4,"orig.ident",0.00587084148727984
"1","T4469479",0,0.4,"orig.ident",0
"2","T4469479",0,0.4,"orig.ident",0
"3","T4469479",42,0.4,"orig.ident",0.0967741935483871
"4","T4469479",0,0.4,"orig.ident",0
"5","T4469479",0,0.4,"orig.ident",0
"6","T4469479",0,0.4,"orig.ident",0
"7","T4469479",4,0.4,"orig.ident",0.0213903743315508
"8","T4469479",0,0.4,"orig.ident",0
"9","T4469479",0,0.4,"orig.ident",0
"10","T4469479",0,0.4,"orig.ident",0
"0","T4471438",24,0.4,"orig.ident",0.0156555772994129
"1","T4471438",0,0.4,"orig.ident",0
"2","T4471438",0,0.4,"orig.ident",0
"3","T4471438",90,0.4,"orig.ident",0.207373271889401
"4","T4471438",1,0.4,"orig.ident",0.00425531914893617
"5","T4471438",2,0.4,"orig.ident",0.00892857142857143
"6","T4471438",0,0.4,"orig.ident",0
"7","T4471438",6,0.4,"orig.ident",0.0320855614973262
"8","T4471438",0,0.4,"orig.ident",0
"9","T4471438",2,0.4,"orig.ident",0.0350877192982456
"10","T4471438",0,0.4,"orig.ident",0
"0","T8009218",3,0.4,"orig.ident",0.00195694716242661
"1","T8009218",0,0.4,"orig.ident",0
"2","T8009218",0,0.4,"orig.ident",0
"3","T8009218",18,0.4,"orig.ident",0.0414746543778802
"4","T8009218",1,0.4,"orig.ident",0.00425531914893617
"5","T8009218",0,0.4,"orig.ident",0
"6","T8009218",0,0.4,"orig.ident",0
"7","T8009218",3,0.4,"orig.ident",0.0160427807486631
"8","T8009218",7,0.4,"orig.ident",0.0760869565217391
"9","T8009218",0,0.4,"orig.ident",0
"10","T8009218",0,0.4,"orig.ident",0
"0","MIBC",591,0.4,"Type",0.385518590998043
"1","MIBC",18,0.4,"Type",0.012987012987013
"2","MIBC",37,0.4,"Type",0.0488126649076517
"3","MIBC",434,0.4,"Type",1
"4","MIBC",60,0.4,"Type",0.25531914893617
"5","MIBC",77,0.4,"Type",0.34375
"6","MIBC",19,0.4,"Type",0.087962962962963
"7","MIBC",44,0.4,"Type",0.235294117647059
"8","MIBC",39,0.4,"Type",0.423913043478261
"9","MIBC",20,0.4,"Type",0.350877192982456
"10","MIBC",6,0.4,"Type",0.260869565217391
"0","NMIBC",817,0.4,"Type",0.532941943900848
"1","NMIBC",295,0.4,"Type",0.212842712842713
"2","NMIBC",276,0.4,"Type",0.364116094986807
"3","NMIBC",0,0.4,"Type",0
"4","NMIBC",84,0.4,"Type",0.357446808510638
"5","NMIBC",107,0.4,"Type",0.477678571428571
"6","NMIBC",67,0.4,"Type",0.310185185185185
"7","NMIBC",38,0.4,"Type",0.203208556149733
"8","NMIBC",23,0.4,"Type",0.25
"9","NMIBC",36,0.4,"Type",0.631578947368421
"10","NMIBC",11,0.4,"Type",0.478260869565217
"0","Normal",125,0.4,"Type",0.0815394651011089
"1","Normal",1073,0.4,"Type",0.774170274170274
"2","Normal",445,0.4,"Type",0.587071240105541
"3","Normal",0,0.4,"Type",0
"4","Normal",91,0.4,"Type",0.387234042553191
"5","Normal",40,0.4,"Type",0.178571428571429
"6","Normal",130,0.4,"Type",0.601851851851852
"7","Normal",105,0.4,"Type",0.561497326203209
"8","Normal",30,0.4,"Type",0.326086956521739
"9","Normal",1,0.4,"Type",0.0175438596491228
"10","Normal",6,0.4,"Type",0.260869565217391
"0","Normal",125,0.4,"T_stage",0.0815394651011089
"1","Normal",1073,0.4,"T_stage",0.774170274170274
"2","Normal",445,0.4,"T_stage",0.587071240105541
"3","Normal",0,0.4,"T_stage",0
"4","Normal",91,0.4,"T_stage",0.387234042553191
"5","Normal",40,0.4,"T_stage",0.178571428571429
"6","Normal",130,0.4,"T_stage",0.601851851851852
"7","Normal",105,0.4,"T_stage",0.561497326203209
"8","Normal",30,0.4,"T_stage",0.326086956521739
"9","Normal",1,0.4,"T_stage",0.0175438596491228
"10","Normal",6,0.4,"T_stage",0.260869565217391
"0","T1",123,0.4,"T_stage",0.0802348336594912
"1","T1",2,0.4,"T_stage",0.00144300144300144
"2","T1",5,0.4,"T_stage",0.00659630606860158
"3","T1",0,0.4,"T_stage",0
"4","T1",15,0.4,"T_stage",0.0638297872340425
"5","T1",21,0.4,"T_stage",0.09375
"6","T1",9,0.4,"T_stage",0.0416666666666667
"7","T1",5,0.4,"T_stage",0.0267379679144385
"8","T1",1,0.4,"T_stage",0.0108695652173913
"9","T1",9,0.4,"T_stage",0.157894736842105
"10","T1",0,0.4,"T_stage",0
"0","T2",113,0.4,"T_stage",0.0737116764514025
"1","T2",1,0.4,"T_stage",0.000721500721500722
"2","T2",1,0.4,"T_stage",0.00131926121372032
"3","T2",236,0.4,"T_stage",0.543778801843318
"4","T2",6,0.4,"T_stage",0.025531914893617
"5","T2",10,0.4,"T_stage",0.0446428571428571
"6","T2",5,0.4,"T_stage",0.0231481481481481
"7","T2",9,0.4,"T_stage",0.0481283422459893
"8","T2",6,0.4,"T_stage",0.0652173913043478
"9","T2",3,0.4,"T_stage",0.0526315789473684
"10","T2",0,0.4,"T_stage",0
"0","T3",12,0.4,"T_stage",0.00782778864970646
"1","T3",0,0.4,"T_stage",0
"2","T3",3,0.4,"T_stage",0.00395778364116095
"3","T3",18,0.4,"T_stage",0.0414746543778802
"4","T3",3,0.4,"T_stage",0.0127659574468085
"5","T3",2,0.4,"T_stage",0.00892857142857143
"6","T3",1,0.4,"T_stage",0.00462962962962963
"7","T3",3,0.4,"T_stage",0.0160427807486631
"8","T3",7,0.4,"T_stage",0.0760869565217391
"9","T3",1,0.4,"T_stage",0.0175438596491228
"10","T3",0,0.4,"T_stage",0
"0","T4",38,0.4,"T_stage",0.0247879973907371
"1","T4",1,0.4,"T_stage",0.000721500721500722
"2","T4",0,0.4,"T_stage",0
"3","T4",176,0.4,"T_stage",0.405529953917051
"4","T4",4,0.4,"T_stage",0.0170212765957447
"5","T4",3,0.4,"T_stage",0.0133928571428571
"6","T4",0,0.4,"T_stage",0
"7","T4",18,0.4,"T_stage",0.0962566844919786
"8","T4",22,0.4,"T_stage",0.239130434782609
"9","T4",2,0.4,"T_stage",0.0350877192982456
"10","T4",1,0.4,"T_stage",0.0434782608695652
"0",NA,1122,0.4,"T_stage",0.731898238747554
"1",NA,309,0.4,"T_stage",0.222943722943723
"2",NA,304,0.4,"T_stage",0.401055408970976
"3",NA,4,0.4,"T_stage",0.00921658986175115
"4",NA,116,0.4,"T_stage",0.493617021276596
"5",NA,148,0.4,"T_stage",0.660714285714286
"6",NA,71,0.4,"T_stage",0.328703703703704
"7",NA,47,0.4,"T_stage",0.251336898395722
"8",NA,26,0.4,"T_stage",0.282608695652174
"9",NA,41,0.4,"T_stage",0.719298245614035
"10",NA,16,0.4,"T_stage",0.695652173913043
"0","N0",191,0.4,"N_stage",0.124592302674494
"1","N0",3,0.4,"N_stage",0.00216450216450216
"2","N0",5,0.4,"N_stage",0.00659630606860158
"3","N0",0,0.4,"N_stage",0
"4","N0",18,0.4,"N_stage",0.0765957446808511
"5","N0",30,0.4,"N_stage",0.133928571428571
"6","N0",14,0.4,"N_stage",0.0648148148148148
"7","N0",7,0.4,"N_stage",0.0374331550802139
"8","N0",1,0.4,"N_stage",0.0108695652173913
"9","N0",12,0.4,"N_stage",0.210526315789474
"10","N0",0,0.4,"N_stage",0
"0","N3",9,0.4,"N_stage",0.00587084148727984
"1","N3",0,0.4,"N_stage",0
"2","N3",3,0.4,"N_stage",0.00395778364116095
"3","N3",0,0.4,"N_stage",0
"4","N3",2,0.4,"N_stage",0.00851063829787234
"5","N3",2,0.4,"N_stage",0.00892857142857143
"6","N3",1,0.4,"N_stage",0.00462962962962963
"7","N3",0,0.4,"N_stage",0
"8","N3",0,0.4,"N_stage",0
"9","N3",1,0.4,"N_stage",0.0175438596491228
"10","N3",0,0.4,"N_stage",0
"0","Normal",125,0.4,"N_stage",0.0815394651011089
"1","Normal",1073,0.4,"N_stage",0.774170274170274
"2","Normal",445,0.4,"N_stage",0.587071240105541
"3","Normal",0,0.4,"N_stage",0
"4","Normal",91,0.4,"N_stage",0.387234042553191
"5","Normal",40,0.4,"N_stage",0.178571428571429
"6","Normal",130,0.4,"N_stage",0.601851851851852
"7","Normal",105,0.4,"N_stage",0.561497326203209
"8","Normal",30,0.4,"N_stage",0.326086956521739
"9","Normal",1,0.4,"N_stage",0.0175438596491228
"10","Normal",6,0.4,"N_stage",0.260869565217391
"0",NA,1208,0.4,"N_stage",0.787997390737117
"1",NA,310,0.4,"N_stage",0.223665223665224
"2",NA,305,0.4,"N_stage",0.402374670184697
"3",NA,434,0.4,"N_stage",1
"4",NA,124,0.4,"N_stage",0.527659574468085
"5",NA,152,0.4,"N_stage",0.678571428571429
"6",NA,71,0.4,"N_stage",0.328703703703704
"7",NA,75,0.4,"N_stage",0.401069518716578
"8",NA,61,0.4,"N_stage",0.66304347826087
"9",NA,43,0.4,"N_stage",0.754385964912281
"10",NA,17,0.4,"N_stage",0.739130434782609
"0","M0",200,0.4,"M_stage",0.130463144161774
"1","M0",3,0.4,"M_stage",0.00216450216450216
"2","M0",8,0.4,"M_stage",0.0105540897097625
"3","M0",0,0.4,"M_stage",0
"4","M0",20,0.4,"M_stage",0.0851063829787234
"5","M0",32,0.4,"M_stage",0.142857142857143
"6","M0",15,0.4,"M_stage",0.0694444444444444
"7","M0",7,0.4,"M_stage",0.0374331550802139
"8","M0",1,0.4,"M_stage",0.0108695652173913
"9","M0",13,0.4,"M_stage",0.228070175438596
"10","M0",0,0.4,"M_stage",0
"0","Normal",125,0.4,"M_stage",0.0815394651011089
"1","Normal",1073,0.4,"M_stage",0.774170274170274
"2","Normal",445,0.4,"M_stage",0.587071240105541
"3","Normal",0,0.4,"M_stage",0
"4","Normal",91,0.4,"M_stage",0.387234042553191
"5","Normal",40,0.4,"M_stage",0.178571428571429
"6","Normal",130,0.4,"M_stage",0.601851851851852
"7","Normal",105,0.4,"M_stage",0.561497326203209
"8","Normal",30,0.4,"M_stage",0.326086956521739
"9","Normal",1,0.4,"M_stage",0.0175438596491228
"10","Normal",6,0.4,"M_stage",0.260869565217391
"0",NA,1208,0.4,"M_stage",0.787997390737117
"1",NA,310,0.4,"M_stage",0.223665223665224
"2",NA,305,0.4,"M_stage",0.402374670184697
"3",NA,434,0.4,"M_stage",1
"4",NA,124,0.4,"M_stage",0.527659574468085
"5",NA,152,0.4,"M_stage",0.678571428571429
"6",NA,71,0.4,"M_stage",0.328703703703704
"7",NA,75,0.4,"M_stage",0.401069518716578
"8",NA,61,0.4,"M_stage",0.66304347826087
"9",NA,43,0.4,"M_stage",0.754385964912281
"10",NA,17,0.4,"M_stage",0.739130434782609
"0","CNP0000460",142,0.8,"dataset",0.135755258126195
"1","CNP0000460",3,0.8,"dataset",0.00328227571115974
"2","CNP0000460",10,0.8,"dataset",0.016
"3","CNP0000460",3,0.8,"dataset",0.00495867768595041
"4","CNP0000460",58,0.8,"dataset",0.123404255319149
"5","CNP0000460",0,0.8,"dataset",0
"6","CNP0000460",24,0.8,"dataset",0.0836236933797909
"7","CNP0000460",20,0.8,"dataset",0.0851063829787234
"8","CNP0000460",34,0.8,"dataset",0.148471615720524
"9","CNP0000460",6,0.8,"dataset",0.0324324324324324
"10","CNP0000460",2,0.8,"dataset",0.0217391304347826
"11","CNP0000460",0,0.8,"dataset",0
"0","GSE326225",77,0.8,"dataset",0.0736137667304015
"1","GSE326225",13,0.8,"dataset",0.0142231947483589
"2","GSE326225",28,0.8,"dataset",0.0448
"3","GSE326225",0,0.8,"dataset",0
"4","GSE326225",44,0.8,"dataset",0.0936170212765957
"5","GSE326225",4,0.8,"dataset",0.00921658986175115
"6","GSE326225",5,0.8,"dataset",0.0174216027874564
"7","GSE326225",35,0.8,"dataset",0.148936170212766
"8","GSE326225",30,0.8,"dataset",0.131004366812227
"9","GSE326225",13,0.8,"dataset",0.0702702702702703
"10","GSE326225",4,0.8,"dataset",0.0434782608695652
"11","GSE326225",1,0.8,"dataset",0.0434782608695652
"0","HRA003620",2,0.8,"dataset",0.00191204588910134
"1","HRA003620",15,0.8,"dataset",0.0164113785557987
"2","HRA003620",31,0.8,"dataset",0.0496
"3","HRA003620",18,0.8,"dataset",0.0297520661157025
"4","HRA003620",1,0.8,"dataset",0.00212765957446809
"5","HRA003620",0,0.8,"dataset",0
"6","HRA003620",0,0.8,"dataset",0
"7","HRA003620",10,0.8,"dataset",0.0425531914893617
"8","HRA003620",0,0.8,"dataset",0
"9","HRA003620",11,0.8,"dataset",0.0594594594594595
"10","HRA003620",0,0.8,"dataset",0
"11","HRA003620",2,0.8,"dataset",0.0869565217391304
"0","InhouseData",75,0.8,"dataset",0.0717017208413002
"1","InhouseData",0,0.8,"dataset",0
"2","InhouseData",1,0.8,"dataset",0.0016
"3","InhouseData",1,0.8,"dataset",0.00165289256198347
"4","InhouseData",13,0.8,"dataset",0.0276595744680851
"5","InhouseData",430,0.8,"dataset",0.990783410138249
"6","InhouseData",0,0.8,"dataset",0
"7","InhouseData",8,0.8,"dataset",0.0340425531914894
"8","InhouseData",4,0.8,"dataset",0.0174672489082969
"9","InhouseData",28,0.8,"dataset",0.151351351351351
"10","InhouseData",35,0.8,"dataset",0.380434782608696
"11","InhouseData",1,0.8,"dataset",0.0434782608695652
"0","PRJNA662018",750,0.8,"dataset",0.717017208413002
"1","PRJNA662018",883,0.8,"dataset",0.966083150984683
"2","PRJNA662018",555,0.8,"dataset",0.888
"3","PRJNA662018",583,0.8,"dataset",0.963636363636364
"4","PRJNA662018",354,0.8,"dataset",0.753191489361702
"5","PRJNA662018",0,0.8,"dataset",0
"6","PRJNA662018",258,0.8,"dataset",0.898954703832753
"7","PRJNA662018",162,0.8,"dataset",0.68936170212766
"8","PRJNA662018",161,0.8,"dataset",0.703056768558952
"9","PRJNA662018",127,0.8,"dataset",0.686486486486486
"10","PRJNA662018",51,0.8,"dataset",0.554347826086957
"11","PRJNA662018",19,0.8,"dataset",0.826086956521739
"0","CNP0000460_P01N",0,0.8,"orig.ident",0
"1","CNP0000460_P01N",2,0.8,"orig.ident",0.00218818380743982
"2","CNP0000460_P01N",2,0.8,"orig.ident",0.0032
"3","CNP0000460_P01N",1,0.8,"orig.ident",0.00165289256198347
"4","CNP0000460_P01N",0,0.8,"orig.ident",0
"5","CNP0000460_P01N",0,0.8,"orig.ident",0
"6","CNP0000460_P01N",0,0.8,"orig.ident",0
"7","CNP0000460_P01N",0,0.8,"orig.ident",0
"8","CNP0000460_P01N",1,0.8,"orig.ident",0.00436681222707424
"9","CNP0000460_P01N",1,0.8,"orig.ident",0.00540540540540541
"10","CNP0000460_P01N",1,0.8,"orig.ident",0.0108695652173913
"11","CNP0000460_P01N",0,0.8,"orig.ident",0
"0","CNP0000460_P01T",7,0.8,"orig.ident",0.00669216061185468
"1","CNP0000460_P01T",0,0.8,"orig.ident",0
"2","CNP0000460_P01T",0,0.8,"orig.ident",0
"3","CNP0000460_P01T",0,0.8,"orig.ident",0
"4","CNP0000460_P01T",4,0.8,"orig.ident",0.00851063829787234
"5","CNP0000460_P01T",0,0.8,"orig.ident",0
"6","CNP0000460_P01T",0,0.8,"orig.ident",0
"7","CNP0000460_P01T",0,0.8,"orig.ident",0
"8","CNP0000460_P01T",1,0.8,"orig.ident",0.00436681222707424
"9","CNP0000460_P01T",0,0.8,"orig.ident",0
"10","CNP0000460_P01T",0,0.8,"orig.ident",0
"11","CNP0000460_P01T",0,0.8,"orig.ident",0
"0","CNP0000460_P02T",9,0.8,"orig.ident",0.00860420650095602
"1","CNP0000460_P02T",0,0.8,"orig.ident",0
"2","CNP0000460_P02T",0,0.8,"orig.ident",0
"3","CNP0000460_P02T",0,0.8,"orig.ident",0
"4","CNP0000460_P02T",3,0.8,"orig.ident",0.00638297872340425
"5","CNP0000460_P02T",0,0.8,"orig.ident",0
"6","CNP0000460_P02T",1,0.8,"orig.ident",0.00348432055749129
"7","CNP0000460_P02T",2,0.8,"orig.ident",0.00851063829787234
"8","CNP0000460_P02T",2,0.8,"orig.ident",0.00873362445414847
"9","CNP0000460_P02T",1,0.8,"orig.ident",0.00540540540540541
"10","CNP0000460_P02T",0,0.8,"orig.ident",0
"11","CNP0000460_P02T",0,0.8,"orig.ident",0
"0","CNP0000460_P03N",0,0.8,"orig.ident",0
"1","CNP0000460_P03N",0,0.8,"orig.ident",0
"2","CNP0000460_P03N",1,0.8,"orig.ident",0.0016
"3","CNP0000460_P03N",1,0.8,"orig.ident",0.00165289256198347
"4","CNP0000460_P03N",0,0.8,"orig.ident",0
"5","CNP0000460_P03N",0,0.8,"orig.ident",0
"6","CNP0000460_P03N",0,0.8,"orig.ident",0
"7","CNP0000460_P03N",0,0.8,"orig.ident",0
"8","CNP0000460_P03N",0,0.8,"orig.ident",0
"9","CNP0000460_P03N",0,0.8,"orig.ident",0
"10","CNP0000460_P03N",0,0.8,"orig.ident",0
"11","CNP0000460_P03N",0,0.8,"orig.ident",0
"0","CNP0000460_P03T",0,0.8,"orig.ident",0
"1","CNP0000460_P03T",0,0.8,"orig.ident",0
"2","CNP0000460_P03T",0,0.8,"orig.ident",0
"3","CNP0000460_P03T",1,0.8,"orig.ident",0.00165289256198347
"4","CNP0000460_P03T",0,0.8,"orig.ident",0
"5","CNP0000460_P03T",0,0.8,"orig.ident",0
"6","CNP0000460_P03T",0,0.8,"orig.ident",0
"7","CNP0000460_P03T",0,0.8,"orig.ident",0
"8","CNP0000460_P03T",0,0.8,"orig.ident",0
"9","CNP0000460_P03T",0,0.8,"orig.ident",0
"10","CNP0000460_P03T",0,0.8,"orig.ident",0
"11","CNP0000460_P03T",0,0.8,"orig.ident",0
"0","CNP0000460_P04T",6,0.8,"orig.ident",0.00573613766730402
"1","CNP0000460_P04T",0,0.8,"orig.ident",0
"2","CNP0000460_P04T",3,0.8,"orig.ident",0.0048
"3","CNP0000460_P04T",0,0.8,"orig.ident",0
"4","CNP0000460_P04T",4,0.8,"orig.ident",0.00851063829787234
"5","CNP0000460_P04T",0,0.8,"orig.ident",0
"6","CNP0000460_P04T",1,0.8,"orig.ident",0.00348432055749129
"7","CNP0000460_P04T",2,0.8,"orig.ident",0.00851063829787234
"8","CNP0000460_P04T",2,0.8,"orig.ident",0.00873362445414847
"9","CNP0000460_P04T",0,0.8,"orig.ident",0
"10","CNP0000460_P04T",0,0.8,"orig.ident",0
"11","CNP0000460_P04T",0,0.8,"orig.ident",0
"0","CNP0000460_P05T",29,0.8,"orig.ident",0.0277246653919694
"1","CNP0000460_P05T",0,0.8,"orig.ident",0
"2","CNP0000460_P05T",0,0.8,"orig.ident",0
"3","CNP0000460_P05T",0,0.8,"orig.ident",0
"4","CNP0000460_P05T",14,0.8,"orig.ident",0.0297872340425532
"5","CNP0000460_P05T",0,0.8,"orig.ident",0
"6","CNP0000460_P05T",6,0.8,"orig.ident",0.0209059233449477
"7","CNP0000460_P05T",1,0.8,"orig.ident",0.00425531914893617
"8","CNP0000460_P05T",6,0.8,"orig.ident",0.0262008733624454
"9","CNP0000460_P05T",1,0.8,"orig.ident",0.00540540540540541
"10","CNP0000460_P05T",0,0.8,"orig.ident",0
"11","CNP0000460_P05T",0,0.8,"orig.ident",0
"0","CNP0000460_P06T",19,0.8,"orig.ident",0.0181644359464627
"1","CNP0000460_P06T",0,0.8,"orig.ident",0
"2","CNP0000460_P06T",1,0.8,"orig.ident",0.0016
"3","CNP0000460_P06T",0,0.8,"orig.ident",0
"4","CNP0000460_P06T",7,0.8,"orig.ident",0.0148936170212766
"5","CNP0000460_P06T",0,0.8,"orig.ident",0
"6","CNP0000460_P06T",3,0.8,"orig.ident",0.0104529616724739
"7","CNP0000460_P06T",3,0.8,"orig.ident",0.0127659574468085
"8","CNP0000460_P06T",4,0.8,"orig.ident",0.0174672489082969
"9","CNP0000460_P06T",0,0.8,"orig.ident",0
"10","CNP0000460_P06T",0,0.8,"orig.ident",0
"11","CNP0000460_P06T",0,0.8,"orig.ident",0
"0","CNP0000460_P07T",72,0.8,"orig.ident",0.0688336520076482
"1","CNP0000460_P07T",1,0.8,"orig.ident",0.00109409190371991
"2","CNP0000460_P07T",3,0.8,"orig.ident",0.0048
"3","CNP0000460_P07T",0,0.8,"orig.ident",0
"4","CNP0000460_P07T",26,0.8,"orig.ident",0.0553191489361702
"5","CNP0000460_P07T",0,0.8,"orig.ident",0
"6","CNP0000460_P07T",13,0.8,"orig.ident",0.0452961672473868
"7","CNP0000460_P07T",12,0.8,"orig.ident",0.051063829787234
"8","CNP0000460_P07T",18,0.8,"orig.ident",0.0786026200873362
"9","CNP0000460_P07T",3,0.8,"orig.ident",0.0162162162162162
"10","CNP0000460_P07T",1,0.8,"orig.ident",0.0108695652173913
"11","CNP0000460_P07T",0,0.8,"orig.ident",0
"0","GSE326225_BC1",12,0.8,"orig.ident",0.011472275334608
"1","GSE326225_BC1",0,0.8,"orig.ident",0
"2","GSE326225_BC1",0,0.8,"orig.ident",0
"3","GSE326225_BC1",0,0.8,"orig.ident",0
"4","GSE326225_BC1",21,0.8,"orig.ident",0.0446808510638298
"5","GSE326225_BC1",0,0.8,"orig.ident",0
"6","GSE326225_BC1",0,0.8,"orig.ident",0
"7","GSE326225_BC1",2,0.8,"orig.ident",0.00851063829787234
"8","GSE326225_BC1",5,0.8,"orig.ident",0.0218340611353712
"9","GSE326225_BC1",0,0.8,"orig.ident",0
"10","GSE326225_BC1",0,0.8,"orig.ident",0
"11","GSE326225_BC1",1,0.8,"orig.ident",0.0434782608695652
"0","GSE326225_BC2",6,0.8,"orig.ident",0.00573613766730402
"1","GSE326225_BC2",0,0.8,"orig.ident",0
"2","GSE326225_BC2",0,0.8,"orig.ident",0
"3","GSE326225_BC2",0,0.8,"orig.ident",0
"4","GSE326225_BC2",3,0.8,"orig.ident",0.00638297872340425
"5","GSE326225_BC2",0,0.8,"orig.ident",0
"6","GSE326225_BC2",0,0.8,"orig.ident",0
"7","GSE326225_BC2",1,0.8,"orig.ident",0.00425531914893617
"8","GSE326225_BC2",4,0.8,"orig.ident",0.0174672489082969
"9","GSE326225_BC2",0,0.8,"orig.ident",0
"10","GSE326225_BC2",0,0.8,"orig.ident",0
"11","GSE326225_BC2",0,0.8,"orig.ident",0
"0","GSE326225_BC3",16,0.8,"orig.ident",0.0152963671128107
"1","GSE326225_BC3",0,0.8,"orig.ident",0
"2","GSE326225_BC3",0,0.8,"orig.ident",0
"3","GSE326225_BC3",0,0.8,"orig.ident",0
"4","GSE326225_BC3",9,0.8,"orig.ident",0.0191489361702128
"5","GSE326225_BC3",0,0.8,"orig.ident",0
"6","GSE326225_BC3",0,0.8,"orig.ident",0
"7","GSE326225_BC3",0,0.8,"orig.ident",0
"8","GSE326225_BC3",2,0.8,"orig.ident",0.00873362445414847
"9","GSE326225_BC3",0,0.8,"orig.ident",0
"10","GSE326225_BC3",0,0.8,"orig.ident",0
"11","GSE326225_BC3",0,0.8,"orig.ident",0
"0","GSE326225_BC4",2,0.8,"orig.ident",0.00191204588910134
"1","GSE326225_BC4",0,0.8,"orig.ident",0
"2","GSE326225_BC4",0,0.8,"orig.ident",0
"3","GSE326225_BC4",0,0.8,"orig.ident",0
"4","GSE326225_BC4",2,0.8,"orig.ident",0.00425531914893617
"5","GSE326225_BC4",0,0.8,"orig.ident",0
"6","GSE326225_BC4",0,0.8,"orig.ident",0
"7","GSE326225_BC4",0,0.8,"orig.ident",0
"8","GSE326225_BC4",0,0.8,"orig.ident",0
"9","GSE326225_BC4",0,0.8,"orig.ident",0
"10","GSE326225_BC4",0,0.8,"orig.ident",0
"11","GSE326225_BC4",0,0.8,"orig.ident",0
"0","GSE326225_BC5",5,0.8,"orig.ident",0.00478011472275335
"1","GSE326225_BC5",0,0.8,"orig.ident",0
"2","GSE326225_BC5",0,0.8,"orig.ident",0
"3","GSE326225_BC5",0,0.8,"orig.ident",0
"4","GSE326225_BC5",3,0.8,"orig.ident",0.00638297872340425
"5","GSE326225_BC5",0,0.8,"orig.ident",0
"6","GSE326225_BC5",0,0.8,"orig.ident",0
"7","GSE326225_BC5",2,0.8,"orig.ident",0.00851063829787234
"8","GSE326225_BC5",0,0.8,"orig.ident",0
"9","GSE326225_BC5",0,0.8,"orig.ident",0
"10","GSE326225_BC5",0,0.8,"orig.ident",0
"11","GSE326225_BC5",0,0.8,"orig.ident",0
"0","GSE326225_BC6",6,0.8,"orig.ident",0.00573613766730402
"1","GSE326225_BC6",0,0.8,"orig.ident",0
"2","GSE326225_BC6",1,0.8,"orig.ident",0.0016
"3","GSE326225_BC6",0,0.8,"orig.ident",0
"4","GSE326225_BC6",1,0.8,"orig.ident",0.00212765957446809
"5","GSE326225_BC6",0,0.8,"orig.ident",0
"6","GSE326225_BC6",1,0.8,"orig.ident",0.00348432055749129
"7","GSE326225_BC6",3,0.8,"orig.ident",0.0127659574468085
"8","GSE326225_BC6",2,0.8,"orig.ident",0.00873362445414847
"9","GSE326225_BC6",0,0.8,"orig.ident",0
"10","GSE326225_BC6",0,0.8,"orig.ident",0
"11","GSE326225_BC6",0,0.8,"orig.ident",0
"0","GSE326225_BC7",30,0.8,"orig.ident",0.0286806883365201
"1","GSE326225_BC7",13,0.8,"orig.ident",0.0142231947483589
"2","GSE326225_BC7",27,0.8,"orig.ident",0.0432
"3","GSE326225_BC7",0,0.8,"orig.ident",0
"4","GSE326225_BC7",5,0.8,"orig.ident",0.0106382978723404
"5","GSE326225_BC7",4,0.8,"orig.ident",0.00921658986175115
"6","GSE326225_BC7",4,0.8,"orig.ident",0.0139372822299652
"7","GSE326225_BC7",27,0.8,"orig.ident",0.114893617021277
"8","GSE326225_BC7",17,0.8,"orig.ident",0.074235807860262
"9","GSE326225_BC7",13,0.8,"orig.ident",0.0702702702702703
"10","GSE326225_BC7",4,0.8,"orig.ident",0.0434782608695652
"11","GSE326225_BC7",0,0.8,"orig.ident",0
"0","HRA003620_BC-04",2,0.8,"orig.ident",0.00191204588910134
"1","HRA003620_BC-04",1,0.8,"orig.ident",0.00109409190371991
"2","HRA003620_BC-04",0,0.8,"orig.ident",0
"3","HRA003620_BC-04",0,0.8,"orig.ident",0
"4","HRA003620_BC-04",1,0.8,"orig.ident",0.00212765957446809
"5","HRA003620_BC-04",0,0.8,"orig.ident",0
"6","HRA003620_BC-04",0,0.8,"orig.ident",0
"7","HRA003620_BC-04",0,0.8,"orig.ident",0
"8","HRA003620_BC-04",0,0.8,"orig.ident",0
"9","HRA003620_BC-04",0,0.8,"orig.ident",0
"10","HRA003620_BC-04",0,0.8,"orig.ident",0
"11","HRA003620_BC-04",0,0.8,"orig.ident",0
"0","HRA003620_BC-27",0,0.8,"orig.ident",0
"1","HRA003620_BC-27",0,0.8,"orig.ident",0
"2","HRA003620_BC-27",1,0.8,"orig.ident",0.0016
"3","HRA003620_BC-27",0,0.8,"orig.ident",0
"4","HRA003620_BC-27",0,0.8,"orig.ident",0
"5","HRA003620_BC-27",0,0.8,"orig.ident",0
"6","HRA003620_BC-27",0,0.8,"orig.ident",0
"7","HRA003620_BC-27",0,0.8,"orig.ident",0
"8","HRA003620_BC-27",0,0.8,"orig.ident",0
"9","HRA003620_BC-27",2,0.8,"orig.ident",0.0108108108108108
"10","HRA003620_BC-27",0,0.8,"orig.ident",0
"11","HRA003620_BC-27",0,0.8,"orig.ident",0
"0","HRA003620_NC-04",0,0.8,"orig.ident",0
"1","HRA003620_NC-04",1,0.8,"orig.ident",0.00109409190371991
"2","HRA003620_NC-04",0,0.8,"orig.ident",0
"3","HRA003620_NC-04",1,0.8,"orig.ident",0.00165289256198347
"4","HRA003620_NC-04",0,0.8,"orig.ident",0
"5","HRA003620_NC-04",0,0.8,"orig.ident",0
"6","HRA003620_NC-04",0,0.8,"orig.ident",0
"7","HRA003620_NC-04",0,0.8,"orig.ident",0
"8","HRA003620_NC-04",0,0.8,"orig.ident",0
"9","HRA003620_NC-04",0,0.8,"orig.ident",0
"10","HRA003620_NC-04",0,0.8,"orig.ident",0
"11","HRA003620_NC-04",0,0.8,"orig.ident",0
"0","HRA003620_NC-05",0,0.8,"orig.ident",0
"1","HRA003620_NC-05",0,0.8,"orig.ident",0
"2","HRA003620_NC-05",2,0.8,"orig.ident",0.0032
"3","HRA003620_NC-05",2,0.8,"orig.ident",0.00330578512396694
"4","HRA003620_NC-05",0,0.8,"orig.ident",0
"5","HRA003620_NC-05",0,0.8,"orig.ident",0
"6","HRA003620_NC-05",0,0.8,"orig.ident",0
"7","HRA003620_NC-05",0,0.8,"orig.ident",0
"8","HRA003620_NC-05",0,0.8,"orig.ident",0
"9","HRA003620_NC-05",0,0.8,"orig.ident",0
"10","HRA003620_NC-05",0,0.8,"orig.ident",0
"11","HRA003620_NC-05",0,0.8,"orig.ident",0
"0","HRA003620_NC-11",0,0.8,"orig.ident",0
"1","HRA003620_NC-11",0,0.8,"orig.ident",0
"2","HRA003620_NC-11",1,0.8,"orig.ident",0.0016
"3","HRA003620_NC-11",0,0.8,"orig.ident",0
"4","HRA003620_NC-11",0,0.8,"orig.ident",0
"5","HRA003620_NC-11",0,0.8,"orig.ident",0
"6","HRA003620_NC-11",0,0.8,"orig.ident",0
"7","HRA003620_NC-11",0,0.8,"orig.ident",0
"8","HRA003620_NC-11",0,0.8,"orig.ident",0
"9","HRA003620_NC-11",0,0.8,"orig.ident",0
"10","HRA003620_NC-11",0,0.8,"orig.ident",0
"11","HRA003620_NC-11",0,0.8,"orig.ident",0
"0","HRA003620_NC-24",0,0.8,"orig.ident",0
"1","HRA003620_NC-24",0,0.8,"orig.ident",0
"2","HRA003620_NC-24",2,0.8,"orig.ident",0.0032
"3","HRA003620_NC-24",1,0.8,"orig.ident",0.00165289256198347
"4","HRA003620_NC-24",0,0.8,"orig.ident",0
"5","HRA003620_NC-24",0,0.8,"orig.ident",0
"6","HRA003620_NC-24",0,0.8,"orig.ident",0
"7","HRA003620_NC-24",0,0.8,"orig.ident",0
"8","HRA003620_NC-24",0,0.8,"orig.ident",0
"9","HRA003620_NC-24",1,0.8,"orig.ident",0.00540540540540541
"10","HRA003620_NC-24",0,0.8,"orig.ident",0
"11","HRA003620_NC-24",1,0.8,"orig.ident",0.0434782608695652
"0","HRA003620_NC-27",0,0.8,"orig.ident",0
"1","HRA003620_NC-27",8,0.8,"orig.ident",0.0087527352297593
"2","HRA003620_NC-27",12,0.8,"orig.ident",0.0192
"3","HRA003620_NC-27",10,0.8,"orig.ident",0.0165289256198347
"4","HRA003620_NC-27",0,0.8,"orig.ident",0
"5","HRA003620_NC-27",0,0.8,"orig.ident",0
"6","HRA003620_NC-27",0,0.8,"orig.ident",0
"7","HRA003620_NC-27",9,0.8,"orig.ident",0.0382978723404255
"8","HRA003620_NC-27",0,0.8,"orig.ident",0
"9","HRA003620_NC-27",5,0.8,"orig.ident",0.027027027027027
"10","HRA003620_NC-27",0,0.8,"orig.ident",0
"11","HRA003620_NC-27",1,0.8,"orig.ident",0.0434782608695652
"0","HRA003620_NC-30",0,0.8,"orig.ident",0
"1","HRA003620_NC-30",5,0.8,"orig.ident",0.00547045951859956
"2","HRA003620_NC-30",13,0.8,"orig.ident",0.0208
"3","HRA003620_NC-30",4,0.8,"orig.ident",0.00661157024793388
"4","HRA003620_NC-30",0,0.8,"orig.ident",0
"5","HRA003620_NC-30",0,0.8,"orig.ident",0
"6","HRA003620_NC-30",0,0.8,"orig.ident",0
"7","HRA003620_NC-30",1,0.8,"orig.ident",0.00425531914893617
"8","HRA003620_NC-30",0,0.8,"orig.ident",0
"9","HRA003620_NC-30",3,0.8,"orig.ident",0.0162162162162162
"10","HRA003620_NC-30",0,0.8,"orig.ident",0
"11","HRA003620_NC-30",0,0.8,"orig.ident",0
"0","PRJNA662018_PRJNA662018_P1N1",16,0.8,"orig.ident",0.0152963671128107
"1","PRJNA662018_PRJNA662018_P1N1",263,0.8,"orig.ident",0.287746170678337
"2","PRJNA662018_PRJNA662018_P1N1",107,0.8,"orig.ident",0.1712
"3","PRJNA662018_PRJNA662018_P1N1",251,0.8,"orig.ident",0.414876033057851
"4","PRJNA662018_PRJNA662018_P1N1",1,0.8,"orig.ident",0.00212765957446809
"5","PRJNA662018_PRJNA662018_P1N1",0,0.8,"orig.ident",0
"6","PRJNA662018_PRJNA662018_P1N1",63,0.8,"orig.ident",0.219512195121951
"7","PRJNA662018_PRJNA662018_P1N1",28,0.8,"orig.ident",0.119148936170213
"8","PRJNA662018_PRJNA662018_P1N1",5,0.8,"orig.ident",0.0218340611353712
"9","PRJNA662018_PRJNA662018_P1N1",69,0.8,"orig.ident",0.372972972972973
"10","PRJNA662018_PRJNA662018_P1N1",24,0.8,"orig.ident",0.260869565217391
"11","PRJNA662018_PRJNA662018_P1N1",0,0.8,"orig.ident",0
"0","PRJNA662018_PRJNA662018_P1T1",58,0.8,"orig.ident",0.0554493307839388
"1","PRJNA662018_PRJNA662018_P1T1",37,0.8,"orig.ident",0.0404814004376368
"2","PRJNA662018_PRJNA662018_P1T1",25,0.8,"orig.ident",0.04
"3","PRJNA662018_PRJNA662018_P1T1",31,0.8,"orig.ident",0.0512396694214876
"4","PRJNA662018_PRJNA662018_P1T1",27,0.8,"orig.ident",0.0574468085106383
"5","PRJNA662018_PRJNA662018_P1T1",0,0.8,"orig.ident",0
"6","PRJNA662018_PRJNA662018_P1T1",8,0.8,"orig.ident",0.0278745644599303
"7","PRJNA662018_PRJNA662018_P1T1",10,0.8,"orig.ident",0.0425531914893617
"8","PRJNA662018_PRJNA662018_P1T1",3,0.8,"orig.ident",0.0131004366812227
"9","PRJNA662018_PRJNA662018_P1T1",6,0.8,"orig.ident",0.0324324324324324
"10","PRJNA662018_PRJNA662018_P1T1",0,0.8,"orig.ident",0
"11","PRJNA662018_PRJNA662018_P1T1",0,0.8,"orig.ident",0
"0","PRJNA662018_PRJNA662018_P2T2",77,0.8,"orig.ident",0.0736137667304015
"1","PRJNA662018_PRJNA662018_P2T2",49,0.8,"orig.ident",0.0536105032822757
"2","PRJNA662018_PRJNA662018_P2T2",73,0.8,"orig.ident",0.1168
"3","PRJNA662018_PRJNA662018_P2T2",16,0.8,"orig.ident",0.0264462809917355
"4","PRJNA662018_PRJNA662018_P2T2",37,0.8,"orig.ident",0.0787234042553192
"5","PRJNA662018_PRJNA662018_P2T2",0,0.8,"orig.ident",0
"6","PRJNA662018_PRJNA662018_P2T2",37,0.8,"orig.ident",0.128919860627178
"7","PRJNA662018_PRJNA662018_P2T2",4,0.8,"orig.ident",0.0170212765957447
"8","PRJNA662018_PRJNA662018_P2T2",8,0.8,"orig.ident",0.0349344978165939
"9","PRJNA662018_PRJNA662018_P2T2",8,0.8,"orig.ident",0.0432432432432432
"10","PRJNA662018_PRJNA662018_P2T2",2,0.8,"orig.ident",0.0217391304347826
"11","PRJNA662018_PRJNA662018_P2T2",6,0.8,"orig.ident",0.260869565217391
"0","PRJNA662018_PRJNA662018_P3N3",1,0.8,"orig.ident",0.000956022944550669
"1","PRJNA662018_PRJNA662018_P3N3",175,0.8,"orig.ident",0.191466083150985
"2","PRJNA662018_PRJNA662018_P3N3",105,0.8,"orig.ident",0.168
"3","PRJNA662018_PRJNA662018_P3N3",128,0.8,"orig.ident",0.211570247933884
"4","PRJNA662018_PRJNA662018_P3N3",0,0.8,"orig.ident",0
"5","PRJNA662018_PRJNA662018_P3N3",0,0.8,"orig.ident",0
"6","PRJNA662018_PRJNA662018_P3N3",13,0.8,"orig.ident",0.0452961672473868
"7","PRJNA662018_PRJNA662018_P3N3",37,0.8,"orig.ident",0.157446808510638
"8","PRJNA662018_PRJNA662018_P3N3",26,0.8,"orig.ident",0.11353711790393
"9","PRJNA662018_PRJNA662018_P3N3",11,0.8,"orig.ident",0.0594594594594595
"10","PRJNA662018_PRJNA662018_P3N3",2,0.8,"orig.ident",0.0217391304347826
"11","PRJNA662018_PRJNA662018_P3N3",1,0.8,"orig.ident",0.0434782608695652
"0","PRJNA662018_PRJNA662018_P3T3",68,0.8,"orig.ident",0.0650095602294455
"1","PRJNA662018_PRJNA662018_P3T3",159,0.8,"orig.ident",0.173960612691466
"2","PRJNA662018_PRJNA662018_P3T3",128,0.8,"orig.ident",0.2048
"3","PRJNA662018_PRJNA662018_P3T3",45,0.8,"orig.ident",0.0743801652892562
"4","PRJNA662018_PRJNA662018_P3T3",29,0.8,"orig.ident",0.0617021276595745
"5","PRJNA662018_PRJNA662018_P3T3",0,0.8,"orig.ident",0
"6","PRJNA662018_PRJNA662018_P3T3",38,0.8,"orig.ident",0.132404181184669
"7","PRJNA662018_PRJNA662018_P3T3",41,0.8,"orig.ident",0.174468085106383
"8","PRJNA662018_PRJNA662018_P3T3",14,0.8,"orig.ident",0.0611353711790393
"9","PRJNA662018_PRJNA662018_P3T3",17,0.8,"orig.ident",0.0918918918918919
"10","PRJNA662018_PRJNA662018_P3T3",20,0.8,"orig.ident",0.217391304347826
"11","PRJNA662018_PRJNA662018_P3T3",4,0.8,"orig.ident",0.173913043478261
"0","PRJNA662018_PRJNA662018_P4T4",240,0.8,"orig.ident",0.229445506692161
"1","PRJNA662018_PRJNA662018_P4T4",0,0.8,"orig.ident",0
"2","PRJNA662018_PRJNA662018_P4T4",0,0.8,"orig.ident",0
"3","PRJNA662018_PRJNA662018_P4T4",0,0.8,"orig.ident",0
"4","PRJNA662018_PRJNA662018_P4T4",151,0.8,"orig.ident",0.321276595744681
"5","PRJNA662018_PRJNA662018_P4T4",0,0.8,"orig.ident",0
"6","PRJNA662018_PRJNA662018_P4T4",9,0.8,"orig.ident",0.0313588850174216
"7","PRJNA662018_PRJNA662018_P4T4",14,0.8,"orig.ident",0.0595744680851064
"8","PRJNA662018_PRJNA662018_P4T4",62,0.8,"orig.ident",0.270742358078603
"9","PRJNA662018_PRJNA662018_P4T4",2,0.8,"orig.ident",0.0108108108108108
"10","PRJNA662018_PRJNA662018_P4T4",0,0.8,"orig.ident",0
"11","PRJNA662018_PRJNA662018_P4T4",1,0.8,"orig.ident",0.0434782608695652
"0","PRJNA662018_PRJNA662018_P5T5",107,0.8,"orig.ident",0.102294455066922
"1","PRJNA662018_PRJNA662018_P5T5",0,0.8,"orig.ident",0
"2","PRJNA662018_PRJNA662018_P5T5",0,0.8,"orig.ident",0
"3","PRJNA662018_PRJNA662018_P5T5",0,0.8,"orig.ident",0
"4","PRJNA662018_PRJNA662018_P5T5",42,0.8,"orig.ident",0.0893617021276596
"5","PRJNA662018_PRJNA662018_P5T5",0,0.8,"orig.ident",0
"6","PRJNA662018_PRJNA662018_P5T5",5,0.8,"orig.ident",0.0174216027874564
"7","PRJNA662018_PRJNA662018_P5T5",3,0.8,"orig.ident",0.0127659574468085
"8","PRJNA662018_PRJNA662018_P5T5",13,0.8,"orig.ident",0.0567685589519651
"9","PRJNA662018_PRJNA662018_P5T5",0,0.8,"orig.ident",0
"10","PRJNA662018_PRJNA662018_P5T5",0,0.8,"orig.ident",0
"11","PRJNA662018_PRJNA662018_P5T5",2,0.8,"orig.ident",0.0869565217391304
"0","PRJNA662018_PRJNA662018_P6N2",72,0.8,"orig.ident",0.0688336520076482
"1","PRJNA662018_PRJNA662018_P6N2",195,0.8,"orig.ident",0.213347921225383
"2","PRJNA662018_PRJNA662018_P6N2",114,0.8,"orig.ident",0.1824
"3","PRJNA662018_PRJNA662018_P6N2",112,0.8,"orig.ident",0.185123966942149
"4","PRJNA662018_PRJNA662018_P6N2",20,0.8,"orig.ident",0.0425531914893617
"5","PRJNA662018_PRJNA662018_P6N2",0,0.8,"orig.ident",0
"6","PRJNA662018_PRJNA662018_P6N2",71,0.8,"orig.ident",0.247386759581882
"7","PRJNA662018_PRJNA662018_P6N2",16,0.8,"orig.ident",0.0680851063829787
"8","PRJNA662018_PRJNA662018_P6N2",8,0.8,"orig.ident",0.0349344978165939
"9","PRJNA662018_PRJNA662018_P6N2",13,0.8,"orig.ident",0.0702702702702703
"10","PRJNA662018_PRJNA662018_P6N2",3,0.8,"orig.ident",0.0326086956521739
"11","PRJNA662018_PRJNA662018_P6N2",3,0.8,"orig.ident",0.130434782608696
"0","PRJNA662018_PRJNA662018_P6T6",5,0.8,"orig.ident",0.00478011472275335
"1","PRJNA662018_PRJNA662018_P6T6",1,0.8,"orig.ident",0.00109409190371991
"2","PRJNA662018_PRJNA662018_P6T6",0,0.8,"orig.ident",0
"3","PRJNA662018_PRJNA662018_P6T6",0,0.8,"orig.ident",0
"4","PRJNA662018_PRJNA662018_P6T6",1,0.8,"orig.ident",0.00212765957446809
"5","PRJNA662018_PRJNA662018_P6T6",0,0.8,"orig.ident",0
"6","PRJNA662018_PRJNA662018_P6T6",3,0.8,"orig.ident",0.0104529616724739
"7","PRJNA662018_PRJNA662018_P6T6",0,0.8,"orig.ident",0
"8","PRJNA662018_PRJNA662018_P6T6",0,0.8,"orig.ident",0
"9","PRJNA662018_PRJNA662018_P6T6",0,0.8,"orig.ident",0
"10","PRJNA662018_PRJNA662018_P6T6",0,0.8,"orig.ident",0
"11","PRJNA662018_PRJNA662018_P6T6",0,0.8,"orig.ident",0
"0","PRJNA662018_PRJNA662018_P7T7",84,0.8,"orig.ident",0.0803059273422562
"1","PRJNA662018_PRJNA662018_P7T7",4,0.8,"orig.ident",0.00437636761487965
"2","PRJNA662018_PRJNA662018_P7T7",2,0.8,"orig.ident",0.0032
"3","PRJNA662018_PRJNA662018_P7T7",0,0.8,"orig.ident",0
"4","PRJNA662018_PRJNA662018_P7T7",37,0.8,"orig.ident",0.0787234042553192
"5","PRJNA662018_PRJNA662018_P7T7",0,0.8,"orig.ident",0
"6","PRJNA662018_PRJNA662018_P7T7",9,0.8,"orig.ident",0.0313588850174216
"7","PRJNA662018_PRJNA662018_P7T7",9,0.8,"orig.ident",0.0382978723404255
"8","PRJNA662018_PRJNA662018_P7T7",20,0.8,"orig.ident",0.0873362445414847
"9","PRJNA662018_PRJNA662018_P7T7",1,0.8,"orig.ident",0.00540540540540541
"10","PRJNA662018_PRJNA662018_P7T7",0,0.8,"orig.ident",0
"11","PRJNA662018_PRJNA662018_P7T7",2,0.8,"orig.ident",0.0869565217391304
"0","PRJNA662018_PRJNA662018_P8T8",22,0.8,"orig.ident",0.0210325047801147
"1","PRJNA662018_PRJNA662018_P8T8",0,0.8,"orig.ident",0
"2","PRJNA662018_PRJNA662018_P8T8",1,0.8,"orig.ident",0.0016
"3","PRJNA662018_PRJNA662018_P8T8",0,0.8,"orig.ident",0
"4","PRJNA662018_PRJNA662018_P8T8",9,0.8,"orig.ident",0.0191489361702128
"5","PRJNA662018_PRJNA662018_P8T8",0,0.8,"orig.ident",0
"6","PRJNA662018_PRJNA662018_P8T8",2,0.8,"orig.ident",0.00696864111498258
"7","PRJNA662018_PRJNA662018_P8T8",0,0.8,"orig.ident",0
"8","PRJNA662018_PRJNA662018_P8T8",2,0.8,"orig.ident",0.00873362445414847
"9","PRJNA662018_PRJNA662018_P8T8",0,0.8,"orig.ident",0
"10","PRJNA662018_PRJNA662018_P8T8",0,0.8,"orig.ident",0
"11","PRJNA662018_PRJNA662018_P8T8",0,0.8,"orig.ident",0
"0","T4091568",2,0.8,"orig.ident",0.00191204588910134
"1","T4091568",0,0.8,"orig.ident",0
"2","T4091568",0,0.8,"orig.ident",0
"3","T4091568",0,0.8,"orig.ident",0
"4","T4091568",0,0.8,"orig.ident",0
"5","T4091568",44,0.8,"orig.ident",0.101382488479263
"6","T4091568",0,0.8,"orig.ident",0
"7","T4091568",3,0.8,"orig.ident",0.0127659574468085
"8","T4091568",1,0.8,"orig.ident",0.00436681222707424
"9","T4091568",8,0.8,"orig.ident",0.0432432432432432
"10","T4091568",22,0.8,"orig.ident",0.239130434782609
"11","T4091568",1,0.8,"orig.ident",0.0434782608695652
"0","T4295396",2,0.8,"orig.ident",0.00191204588910134
"1","T4295396",0,0.8,"orig.ident",0
"2","T4295396",0,0.8,"orig.ident",0
"3","T4295396",0,0.8,"orig.ident",0
"4","T4295396",0,0.8,"orig.ident",0
"5","T4295396",9,0.8,"orig.ident",0.0207373271889401
"6","T4295396",0,0.8,"orig.ident",0
"7","T4295396",0,0.8,"orig.ident",0
"8","T4295396",0,0.8,"orig.ident",0
"9","T4295396",0,0.8,"orig.ident",0
"10","T4295396",0,0.8,"orig.ident",0
"11","T4295396",0,0.8,"orig.ident",0
"0","T4380845",2,0.8,"orig.ident",0.00191204588910134
"1","T4380845",0,0.8,"orig.ident",0
"2","T4380845",0,0.8,"orig.ident",0
"3","T4380845",0,0.8,"orig.ident",0
"4","T4380845",0,0.8,"orig.ident",0
"5","T4380845",9,0.8,"orig.ident",0.0207373271889401
"6","T4380845",0,0.8,"orig.ident",0
"7","T4380845",0,0.8,"orig.ident",0
"8","T4380845",0,0.8,"orig.ident",0
"9","T4380845",0,0.8,"orig.ident",0
"10","T4380845",0,0.8,"orig.ident",0
"11","T4380845",0,0.8,"orig.ident",0
"0","T4398343",10,0.8,"orig.ident",0.00956022944550669
"1","T4398343",0,0.8,"orig.ident",0
"2","T4398343",0,0.8,"orig.ident",0
"3","T4398343",0,0.8,"orig.ident",0
"4","T4398343",2,0.8,"orig.ident",0.00425531914893617
"5","T4398343",35,0.8,"orig.ident",0.0806451612903226
"6","T4398343",0,0.8,"orig.ident",0
"7","T4398343",0,0.8,"orig.ident",0
"8","T4398343",0,0.8,"orig.ident",0
"9","T4398343",3,0.8,"orig.ident",0.0162162162162162
"10","T4398343",0,0.8,"orig.ident",0
"11","T4398343",0,0.8,"orig.ident",0
"0","T4450398",1,0.8,"orig.ident",0.000956022944550669
"1","T4450398",0,0.8,"orig.ident",0
"2","T4450398",0,0.8,"orig.ident",0
"3","T4450398",0,0.8,"orig.ident",0
"4","T4450398",0,0.8,"orig.ident",0
"5","T4450398",6,0.8,"orig.ident",0.0138248847926267
"6","T4450398",0,0.8,"orig.ident",0
"7","T4450398",0,0.8,"orig.ident",0
"8","T4450398",0,0.8,"orig.ident",0
"9","T4450398",0,0.8,"orig.ident",0
"10","T4450398",0,0.8,"orig.ident",0
"11","T4450398",0,0.8,"orig.ident",0
"0","T4463209a",3,0.8,"orig.ident",0.00286806883365201
"1","T4463209a",0,0.8,"orig.ident",0
"2","T4463209a",0,0.8,"orig.ident",0
"3","T4463209a",0,0.8,"orig.ident",0
"4","T4463209a",0,0.8,"orig.ident",0
"5","T4463209a",25,0.8,"orig.ident",0.0576036866359447
"6","T4463209a",0,0.8,"orig.ident",0
"7","T4463209a",0,0.8,"orig.ident",0
"8","T4463209a",0,0.8,"orig.ident",0
"9","T4463209a",1,0.8,"orig.ident",0.00540540540540541
"10","T4463209a",0,0.8,"orig.ident",0
"11","T4463209a",0,0.8,"orig.ident",0
"0","T4463209b",8,0.8,"orig.ident",0.00764818355640535
"1","T4463209b",0,0.8,"orig.ident",0
"2","T4463209b",1,0.8,"orig.ident",0.0016
"3","T4463209b",1,0.8,"orig.ident",0.00165289256198347
"4","T4463209b",0,0.8,"orig.ident",0
"5","T4463209b",45,0.8,"orig.ident",0.1036866359447
"6","T4463209b",0,0.8,"orig.ident",0
"7","T4463209b",2,0.8,"orig.ident",0.00851063829787234
"8","T4463209b",1,0.8,"orig.ident",0.00436681222707424
"9","T4463209b",1,0.8,"orig.ident",0.00540540540540541
"10","T4463209b",5,0.8,"orig.ident",0.0543478260869565
"11","T4463209b",0,0.8,"orig.ident",0
"0","T4465219",13,0.8,"orig.ident",0.0124282982791587
"1","T4465219",0,0.8,"orig.ident",0
"2","T4465219",0,0.8,"orig.ident",0
"3","T4465219",0,0.8,"orig.ident",0
"4","T4465219",1,0.8,"orig.ident",0.00212765957446809
"5","T4465219",67,0.8,"orig.ident",0.154377880184332
"6","T4465219",0,0.8,"orig.ident",0
"7","T4465219",0,0.8,"orig.ident",0
"8","T4465219",0,0.8,"orig.ident",0
"9","T4465219",1,0.8,"orig.ident",0.00540540540540541
"10","T4465219",0,0.8,"orig.ident",0
"11","T4465219",0,0.8,"orig.ident",0
"0","T4465935",1,0.8,"orig.ident",0.000956022944550669
"1","T4465935",0,0.8,"orig.ident",0
"2","T4465935",0,0.8,"orig.ident",0
"3","T4465935",0,0.8,"orig.ident",0
"4","T4465935",2,0.8,"orig.ident",0.00425531914893617
"5","T4465935",17,0.8,"orig.ident",0.0391705069124424
"6","T4465935",0,0.8,"orig.ident",0
"7","T4465935",0,0.8,"orig.ident",0
"8","T4465935",0,0.8,"orig.ident",0
"9","T4465935",0,0.8,"orig.ident",0
"10","T4465935",0,0.8,"orig.ident",0
"11","T4465935",0,0.8,"orig.ident",0
"0","T4466585",3,0.8,"orig.ident",0.00286806883365201
"1","T4466585",0,0.8,"orig.ident",0
"2","T4466585",0,0.8,"orig.ident",0
"3","T4466585",0,0.8,"orig.ident",0
"4","T4466585",0,0.8,"orig.ident",0
"5","T4466585",23,0.8,"orig.ident",0.0529953917050691
"6","T4466585",0,0.8,"orig.ident",0
"7","T4466585",1,0.8,"orig.ident",0.00425531914893617
"8","T4466585",0,0.8,"orig.ident",0
"9","T4466585",1,0.8,"orig.ident",0.00540540540540541
"10","T4466585",1,0.8,"orig.ident",0.0108695652173913
"11","T4466585",0,0.8,"orig.ident",0
"0","T4469479",8,0.8,"orig.ident",0.00764818355640535
"1","T4469479",0,0.8,"orig.ident",0
"2","T4469479",0,0.8,"orig.ident",0
"3","T4469479",0,0.8,"orig.ident",0
"4","T4469479",1,0.8,"orig.ident",0.00212765957446809
"5","T4469479",42,0.8,"orig.ident",0.0967741935483871
"6","T4469479",0,0.8,"orig.ident",0
"7","T4469479",0,0.8,"orig.ident",0
"8","T4469479",0,0.8,"orig.ident",0
"9","T4469479",4,0.8,"orig.ident",0.0216216216216216
"10","T4469479",0,0.8,"orig.ident",0
"11","T4469479",0,0.8,"orig.ident",0
"0","T4471438",20,0.8,"orig.ident",0.0191204588910134
"1","T4471438",0,0.8,"orig.ident",0
"2","T4471438",0,0.8,"orig.ident",0
"3","T4471438",0,0.8,"orig.ident",0
"4","T4471438",6,0.8,"orig.ident",0.0127659574468085
"5","T4471438",90,0.8,"orig.ident",0.207373271889401
"6","T4471438",0,0.8,"orig.ident",0
"7","T4471438",1,0.8,"orig.ident",0.00425531914893617
"8","T4471438",2,0.8,"orig.ident",0.00873362445414847
"9","T4471438",6,0.8,"orig.ident",0.0324324324324324
"10","T4471438",0,0.8,"orig.ident",0
"11","T4471438",0,0.8,"orig.ident",0
"0","T8009218",2,0.8,"orig.ident",0.00191204588910134
"1","T8009218",0,0.8,"orig.ident",0
"2","T8009218",0,0.8,"orig.ident",0
"3","T8009218",0,0.8,"orig.ident",0
"4","T8009218",1,0.8,"orig.ident",0.00212765957446809
"5","T8009218",18,0.8,"orig.ident",0.0414746543778802
"6","T8009218",0,0.8,"orig.ident",0
"7","T8009218",1,0.8,"orig.ident",0.00425531914893617
"8","T8009218",0,0.8,"orig.ident",0
"9","T8009218",3,0.8,"orig.ident",0.0162162162162162
"10","T8009218",7,0.8,"orig.ident",0.0760869565217391
"11","T8009218",0,0.8,"orig.ident",0
"0","MIBC",423,0.8,"Type",0.404397705544933
"1","MIBC",19,0.8,"Type",0.0207877461706783
"2","MIBC",35,0.8,"Type",0.056
"3","MIBC",1,0.8,"Type",0.00165289256198347
"4","MIBC",172,0.8,"Type",0.365957446808511
"5","MIBC",434,0.8,"Type",1
"6","MIBC",32,0.8,"Type",0.111498257839721
"7","MIBC",60,0.8,"Type",0.25531914893617
"8","MIBC",80,0.8,"Type",0.349344978165939
"9","MIBC",44,0.8,"Type",0.237837837837838
"10","MIBC",39,0.8,"Type",0.423913043478261
"11","MIBC",6,0.8,"Type",0.260869565217391
"0","NMIBC",534,0.8,"Type",0.510516252390057
"1","NMIBC",246,0.8,"Type",0.269146608315098
"2","NMIBC",231,0.8,"Type",0.3696
"3","NMIBC",93,0.8,"Type",0.153719008264463
"4","NMIBC",277,0.8,"Type",0.58936170212766
"5","NMIBC",0,0.8,"Type",0
"6","NMIBC",108,0.8,"Type",0.376306620209059
"7","NMIBC",84,0.8,"Type",0.357446808510638
"8","NMIBC",109,0.8,"Type",0.475982532751092
"9","NMIBC",38,0.8,"Type",0.205405405405405
"10","NMIBC",23,0.8,"Type",0.25
"11","NMIBC",11,0.8,"Type",0.478260869565217
"0","Normal",89,0.8,"Type",0.0850860420650096
"1","Normal",649,0.8,"Type",0.710065645514223
"2","Normal",359,0.8,"Type",0.5744
"3","Normal",511,0.8,"Type",0.844628099173554
"4","Normal",21,0.8,"Type",0.0446808510638298
"5","Normal",0,0.8,"Type",0
"6","Normal",147,0.8,"Type",0.51219512195122
"7","Normal",91,0.8,"Type",0.387234042553191
"8","Normal",40,0.8,"Type",0.174672489082969
"9","Normal",103,0.8,"Type",0.556756756756757
"10","Normal",30,0.8,"Type",0.326086956521739
"11","Normal",6,0.8,"Type",0.260869565217391
"0","Normal",89,0.8,"T_stage",0.0850860420650096
"1","Normal",649,0.8,"T_stage",0.710065645514223
"2","Normal",359,0.8,"T_stage",0.5744
"3","Normal",511,0.8,"T_stage",0.844628099173554
"4","Normal",21,0.8,"T_stage",0.0446808510638298
"5","Normal",0,0.8,"T_stage",0
"6","Normal",147,0.8,"T_stage",0.51219512195122
"7","Normal",91,0.8,"T_stage",0.387234042553191
"8","Normal",40,0.8,"T_stage",0.174672489082969
"9","Normal",103,0.8,"T_stage",0.556756756756757
"10","Normal",30,0.8,"T_stage",0.326086956521739
"11","Normal",6,0.8,"T_stage",0.260869565217391
"0","T1",91,0.8,"T_stage",0.0869980879541109
"1","T1",1,0.8,"T_stage",0.00109409190371991
"2","T1",5,0.8,"T_stage",0.008
"3","T1",1,0.8,"T_stage",0.00165289256198347
"4","T1",33,0.8,"T_stage",0.0702127659574468
"5","T1",0,0.8,"T_stage",0
"6","T1",16,0.8,"T_stage",0.0557491289198606
"7","T1",15,0.8,"T_stage",0.0638297872340425
"8","T1",22,0.8,"T_stage",0.0960698689956332
"9","T1",5,0.8,"T_stage",0.027027027027027
"10","T1",1,0.8,"T_stage",0.0108695652173913
"11","T1",0,0.8,"T_stage",0
"0","T2",88,0.8,"T_stage",0.0841300191204589
"1","T2",0,0.8,"T_stage",0
"2","T2",1,0.8,"T_stage",0.0016
"3","T2",1,0.8,"T_stage",0.00165289256198347
"4","T2",26,0.8,"T_stage",0.0553191489361702
"5","T2",236,0.8,"T_stage",0.543778801843318
"6","T2",7,0.8,"T_stage",0.024390243902439
"7","T2",6,0.8,"T_stage",0.025531914893617
"8","T2",10,0.8,"T_stage",0.0436681222707424
"9","T2",9,0.8,"T_stage",0.0486486486486487
"10","T2",6,0.8,"T_stage",0.0652173913043478
"11","T2",0,0.8,"T_stage",0
"0","T3",8,0.8,"T_stage",0.00764818355640535
"1","T3",0,0.8,"T_stage",0
"2","T3",3,0.8,"T_stage",0.0048
"3","T3",0,0.8,"T_stage",0
"4","T3",5,0.8,"T_stage",0.0106382978723404
"5","T3",18,0.8,"T_stage",0.0414746543778802
"6","T3",1,0.8,"T_stage",0.00348432055749129
"7","T3",3,0.8,"T_stage",0.0127659574468085
"8","T3",2,0.8,"T_stage",0.00873362445414847
"9","T3",3,0.8,"T_stage",0.0162162162162162
"10","T3",7,0.8,"T_stage",0.0760869565217391
"11","T3",0,0.8,"T_stage",0
"0","T4",32,0.8,"T_stage",0.0305927342256214
"1","T4",1,0.8,"T_stage",0.00109409190371991
"2","T4",0,0.8,"T_stage",0
"3","T4",0,0.8,"T_stage",0
"4","T4",8,0.8,"T_stage",0.0170212765957447
"5","T4",176,0.8,"T_stage",0.405529953917051
"6","T4",0,0.8,"T_stage",0
"7","T4",4,0.8,"T_stage",0.0170212765957447
"8","T4",3,0.8,"T_stage",0.0131004366812227
"9","T4",18,0.8,"T_stage",0.0972972972972973
"10","T4",22,0.8,"T_stage",0.239130434782609
"11","T4",1,0.8,"T_stage",0.0434782608695652
"0",NA,738,0.8,"T_stage",0.705544933078394
"1",NA,263,0.8,"T_stage",0.287746170678337
"2",NA,257,0.8,"T_stage",0.4112
"3",NA,92,0.8,"T_stage",0.152066115702479
"4",NA,377,0.8,"T_stage",0.802127659574468
"5",NA,4,0.8,"T_stage",0.00921658986175115
"6",NA,116,0.8,"T_stage",0.40418118466899
"7",NA,116,0.8,"T_stage",0.493617021276596
"8",NA,152,0.8,"T_stage",0.663755458515284
"9",NA,47,0.8,"T_stage",0.254054054054054
"10",NA,26,0.8,"T_stage",0.282608695652174
"11",NA,16,0.8,"T_stage",0.695652173913043
"0","N0",138,0.8,"N_stage",0.131931166347992
"1","N0",2,0.8,"N_stage",0.00218818380743982
"2","N0",5,0.8,"N_stage",0.008
"3","N0",1,0.8,"N_stage",0.00165289256198347
"4","N0",55,0.8,"N_stage",0.117021276595745
"5","N0",0,0.8,"N_stage",0
"6","N0",23,0.8,"N_stage",0.0801393728222996
"7","N0",18,0.8,"N_stage",0.0765957446808511
"8","N0",31,0.8,"N_stage",0.135371179039301
"9","N0",7,0.8,"N_stage",0.0378378378378378
"10","N0",1,0.8,"N_stage",0.0108695652173913
"11","N0",0,0.8,"N_stage",0
"0","N3",6,0.8,"N_stage",0.00573613766730402
"1","N3",0,0.8,"N_stage",0
"2","N3",3,0.8,"N_stage",0.0048
"3","N3",0,0.8,"N_stage",0
"4","N3",4,0.8,"N_stage",0.00851063829787234
"5","N3",0,0.8,"N_stage",0
"6","N3",1,0.8,"N_stage",0.00348432055749129
"7","N3",2,0.8,"N_stage",0.00851063829787234
"8","N3",2,0.8,"N_stage",0.00873362445414847
"9","N3",0,0.8,"N_stage",0
"10","N3",0,0.8,"N_stage",0
"11","N3",0,0.8,"N_stage",0
"0","Normal",89,0.8,"N_stage",0.0850860420650096
"1","Normal",649,0.8,"N_stage",0.710065645514223
"2","Normal",359,0.8,"N_stage",0.5744
"3","Normal",511,0.8,"N_stage",0.844628099173554
"4","Normal",21,0.8,"N_stage",0.0446808510638298
"5","Normal",0,0.8,"N_stage",0
"6","Normal",147,0.8,"N_stage",0.51219512195122
"7","Normal",91,0.8,"N_stage",0.387234042553191
"8","Normal",40,0.8,"N_stage",0.174672489082969
"9","Normal",103,0.8,"N_stage",0.556756756756757
"10","Normal",30,0.8,"N_stage",0.326086956521739
"11","Normal",6,0.8,"N_stage",0.260869565217391
"0",NA,813,0.8,"N_stage",0.777246653919694
"1",NA,263,0.8,"N_stage",0.287746170678337
"2",NA,258,0.8,"N_stage",0.4128
"3",NA,93,0.8,"N_stage",0.153719008264463
"4",NA,390,0.8,"N_stage",0.829787234042553
"5",NA,434,0.8,"N_stage",1
"6",NA,116,0.8,"N_stage",0.40418118466899
"7",NA,124,0.8,"N_stage",0.527659574468085
"8",NA,156,0.8,"N_stage",0.681222707423581
"9",NA,75,0.8,"N_stage",0.405405405405405
"10",NA,61,0.8,"N_stage",0.66304347826087
"11",NA,17,0.8,"N_stage",0.739130434782609
"0","M0",144,0.8,"M_stage",0.137667304015296
"1","M0",2,0.8,"M_stage",0.00218818380743982
"2","M0",8,0.8,"M_stage",0.0128
"3","M0",1,0.8,"M_stage",0.00165289256198347
"4","M0",59,0.8,"M_stage",0.125531914893617
"5","M0",0,0.8,"M_stage",0
"6","M0",24,0.8,"M_stage",0.0836236933797909
"7","M0",20,0.8,"M_stage",0.0851063829787234
"8","M0",33,0.8,"M_stage",0.14410480349345
"9","M0",7,0.8,"M_stage",0.0378378378378378
"10","M0",1,0.8,"M_stage",0.0108695652173913
"11","M0",0,0.8,"M_stage",0
"0","Normal",89,0.8,"M_stage",0.0850860420650096
"1","Normal",649,0.8,"M_stage",0.710065645514223
"2","Normal",359,0.8,"M_stage",0.5744
"3","Normal",511,0.8,"M_stage",0.844628099173554
"4","Normal",21,0.8,"M_stage",0.0446808510638298
"5","Normal",0,0.8,"M_stage",0
"6","Normal",147,0.8,"M_stage",0.51219512195122
"7","Normal",91,0.8,"M_stage",0.387234042553191
"8","Normal",40,0.8,"M_stage",0.174672489082969
"9","Normal",103,0.8,"M_stage",0.556756756756757
"10","Normal",30,0.8,"M_stage",0.326086956521739
"11","Normal",6,0.8,"M_stage",0.260869565217391
"0",NA,813,0.8,"M_stage",0.777246653919694
"1",NA,263,0.8,"M_stage",0.287746170678337
"2",NA,258,0.8,"M_stage",0.4128
"3",NA,93,0.8,"M_stage",0.153719008264463
"4",NA,390,0.8,"M_stage",0.829787234042553
"5",NA,434,0.8,"M_stage",1
"6",NA,116,0.8,"M_stage",0.40418118466899
"7",NA,124,0.8,"M_stage",0.527659574468085
"8",NA,156,0.8,"M_stage",0.681222707423581
"9",NA,75,0.8,"M_stage",0.405405405405405
"10",NA,61,0.8,"M_stage",0.66304347826087
"11",NA,17,0.8,"M_stage",0.739130434782609
"0","CNP0000460",90,1.2,"dataset",0.119205298013245
"1","CNP0000460",3,1.2,"dataset",0.00405405405405405
"2","CNP0000460",10,1.2,"dataset",0.0162337662337662
"3","CNP0000460",3,1.2,"dataset",0.00498338870431894
"4","CNP0000460",48,1.2,"dataset",0.107142857142857
"5","CNP0000460",0,1.2,"dataset",0
"6","CNP0000460",58,1.2,"dataset",0.178461538461538
"7","CNP0000460",19,1.2,"dataset",0.0811965811965812
"8","CNP0000460",14,1.2,"dataset",0.0645161290322581
"9","CNP0000460",0,1.2,"dataset",0
"10","CNP0000460",6,1.2,"dataset",0.0324324324324324
"11","CNP0000460",23,1.2,"dataset",0.186991869918699
"12","CNP0000460",12,1.2,"dataset",0.113207547169811
"13","CNP0000460",2,1.2,"dataset",0.0217391304347826
"14","CNP0000460",14,1.2,"dataset",0.241379310344828
"15","CNP0000460",0,1.2,"dataset",0
"0","GSE326225",72,1.2,"dataset",0.095364238410596
"1","GSE326225",14,1.2,"dataset",0.0189189189189189
"2","GSE326225",28,1.2,"dataset",0.0454545454545455
"3","GSE326225",0,1.2,"dataset",0
"4","GSE326225",39,1.2,"dataset",0.0870535714285714
"5","GSE326225",4,1.2,"dataset",0.00921658986175115
"6","GSE326225",6,1.2,"dataset",0.0184615384615385
"7","GSE326225",34,1.2,"dataset",0.145299145299145
"8","GSE326225",4,1.2,"dataset",0.0184331797235023
"9","GSE326225",0,1.2,"dataset",0
"10","GSE326225",13,1.2,"dataset",0.0702702702702703
"11","GSE326225",16,1.2,"dataset",0.130081300813008
"12","GSE326225",14,1.2,"dataset",0.132075471698113
"13","GSE326225",4,1.2,"dataset",0.0434782608695652
"14","GSE326225",5,1.2,"dataset",0.0862068965517241
"15","GSE326225",1,1.2,"dataset",0.0434782608695652
"0","HRA003620",2,1.2,"dataset",0.00264900662251656
"1","HRA003620",13,1.2,"dataset",0.0175675675675676
"2","HRA003620",31,1.2,"dataset",0.0503246753246753
"3","HRA003620",18,1.2,"dataset",0.0299003322259136
"4","HRA003620",1,1.2,"dataset",0.00223214285714286
"5","HRA003620",0,1.2,"dataset",0
"6","HRA003620",0,1.2,"dataset",0
"7","HRA003620",10,1.2,"dataset",0.0427350427350427
"8","HRA003620",0,1.2,"dataset",0
"9","HRA003620",2,1.2,"dataset",0.0106951871657754
"10","HRA003620",11,1.2,"dataset",0.0594594594594595
"11","HRA003620",0,1.2,"dataset",0
"12","HRA003620",0,1.2,"dataset",0
"13","HRA003620",0,1.2,"dataset",0
"14","HRA003620",0,1.2,"dataset",0
"15","HRA003620",2,1.2,"dataset",0.0869565217391304
"0","InhouseData",64,1.2,"dataset",0.0847682119205298
"1","InhouseData",0,1.2,"dataset",0
"2","InhouseData",1,1.2,"dataset",0.00162337662337662
"3","InhouseData",1,1.2,"dataset",0.00166112956810631
"4","InhouseData",13,1.2,"dataset",0.0290178571428571
"5","InhouseData",430,1.2,"dataset",0.990783410138249
"6","InhouseData",9,1.2,"dataset",0.0276923076923077
"7","InhouseData",8,1.2,"dataset",0.0341880341880342
"8","InhouseData",0,1.2,"dataset",0
"9","InhouseData",0,1.2,"dataset",0
"10","InhouseData",28,1.2,"dataset",0.151351351351351
"11","InhouseData",1,1.2,"dataset",0.00813008130081301
"12","InhouseData",3,1.2,"dataset",0.0283018867924528
"13","InhouseData",35,1.2,"dataset",0.380434782608696
"14","InhouseData",2,1.2,"dataset",0.0344827586206897
"15","InhouseData",1,1.2,"dataset",0.0434782608695652
"0","PRJNA662018",527,1.2,"dataset",0.698013245033113
"1","PRJNA662018",710,1.2,"dataset",0.959459459459459
"2","PRJNA662018",546,1.2,"dataset",0.886363636363636
"3","PRJNA662018",580,1.2,"dataset",0.963455149501661
"4","PRJNA662018",347,1.2,"dataset",0.774553571428571
"5","PRJNA662018",0,1.2,"dataset",0
"6","PRJNA662018",252,1.2,"dataset",0.775384615384615
"7","PRJNA662018",163,1.2,"dataset",0.696581196581197
"8","PRJNA662018",199,1.2,"dataset",0.91705069124424
"9","PRJNA662018",185,1.2,"dataset",0.989304812834225
"10","PRJNA662018",127,1.2,"dataset",0.686486486486486
"11","PRJNA662018",83,1.2,"dataset",0.67479674796748
"12","PRJNA662018",77,1.2,"dataset",0.726415094339623
"13","PRJNA662018",51,1.2,"dataset",0.554347826086957
"14","PRJNA662018",37,1.2,"dataset",0.637931034482759
"15","PRJNA662018",19,1.2,"dataset",0.826086956521739
"0","CNP0000460_P01N",0,1.2,"orig.ident",0
"1","CNP0000460_P01N",2,1.2,"orig.ident",0.0027027027027027
"2","CNP0000460_P01N",2,1.2,"orig.ident",0.00324675324675325
"3","CNP0000460_P01N",1,1.2,"orig.ident",0.00166112956810631
"4","CNP0000460_P01N",0,1.2,"orig.ident",0
"5","CNP0000460_P01N",0,1.2,"orig.ident",0
"6","CNP0000460_P01N",0,1.2,"orig.ident",0
"7","CNP0000460_P01N",0,1.2,"orig.ident",0
"8","CNP0000460_P01N",0,1.2,"orig.ident",0
"9","CNP0000460_P01N",0,1.2,"orig.ident",0
"10","CNP0000460_P01N",1,1.2,"orig.ident",0.00540540540540541
"11","CNP0000460_P01N",1,1.2,"orig.ident",0.00813008130081301
"12","CNP0000460_P01N",0,1.2,"orig.ident",0
"13","CNP0000460_P01N",1,1.2,"orig.ident",0.0108695652173913
"14","CNP0000460_P01N",0,1.2,"orig.ident",0
"15","CNP0000460_P01N",0,1.2,"orig.ident",0
"0","CNP0000460_P01T",5,1.2,"orig.ident",0.00662251655629139
"1","CNP0000460_P01T",0,1.2,"orig.ident",0
"2","CNP0000460_P01T",0,1.2,"orig.ident",0
"3","CNP0000460_P01T",0,1.2,"orig.ident",0
"4","CNP0000460_P01T",4,1.2,"orig.ident",0.00892857142857143
"5","CNP0000460_P01T",0,1.2,"orig.ident",0
"6","CNP0000460_P01T",2,1.2,"orig.ident",0.00615384615384615
"7","CNP0000460_P01T",0,1.2,"orig.ident",0
"8","CNP0000460_P01T",0,1.2,"orig.ident",0
"9","CNP0000460_P01T",0,1.2,"orig.ident",0
"10","CNP0000460_P01T",0,1.2,"orig.ident",0
"11","CNP0000460_P01T",1,1.2,"orig.ident",0.00813008130081301
"12","CNP0000460_P01T",0,1.2,"orig.ident",0
"13","CNP0000460_P01T",0,1.2,"orig.ident",0
"14","CNP0000460_P01T",0,1.2,"orig.ident",0
"15","CNP0000460_P01T",0,1.2,"orig.ident",0
"0","CNP0000460_P02T",8,1.2,"orig.ident",0.0105960264900662
"1","CNP0000460_P02T",0,1.2,"orig.ident",0
"2","CNP0000460_P02T",0,1.2,"orig.ident",0
"3","CNP0000460_P02T",0,1.2,"orig.ident",0
"4","CNP0000460_P02T",3,1.2,"orig.ident",0.00669642857142857
"5","CNP0000460_P02T",0,1.2,"orig.ident",0
"6","CNP0000460_P02T",1,1.2,"orig.ident",0.00307692307692308
"7","CNP0000460_P02T",2,1.2,"orig.ident",0.00854700854700855
"8","CNP0000460_P02T",1,1.2,"orig.ident",0.00460829493087558
"9","CNP0000460_P02T",0,1.2,"orig.ident",0
"10","CNP0000460_P02T",1,1.2,"orig.ident",0.00540540540540541
"11","CNP0000460_P02T",1,1.2,"orig.ident",0.00813008130081301
"12","CNP0000460_P02T",1,1.2,"orig.ident",0.00943396226415094
"13","CNP0000460_P02T",0,1.2,"orig.ident",0
"14","CNP0000460_P02T",0,1.2,"orig.ident",0
"15","CNP0000460_P02T",0,1.2,"orig.ident",0
"0","CNP0000460_P03N",0,1.2,"orig.ident",0
"1","CNP0000460_P03N",0,1.2,"orig.ident",0
"2","CNP0000460_P03N",1,1.2,"orig.ident",0.00162337662337662
"3","CNP0000460_P03N",1,1.2,"orig.ident",0.00166112956810631
"4","CNP0000460_P03N",0,1.2,"orig.ident",0
"5","CNP0000460_P03N",0,1.2,"orig.ident",0
"6","CNP0000460_P03N",0,1.2,"orig.ident",0
"7","CNP0000460_P03N",0,1.2,"orig.ident",0
"8","CNP0000460_P03N",0,1.2,"orig.ident",0
"9","CNP0000460_P03N",0,1.2,"orig.ident",0
"10","CNP0000460_P03N",0,1.2,"orig.ident",0
"11","CNP0000460_P03N",0,1.2,"orig.ident",0
"12","CNP0000460_P03N",0,1.2,"orig.ident",0
"13","CNP0000460_P03N",0,1.2,"orig.ident",0
"14","CNP0000460_P03N",0,1.2,"orig.ident",0
"15","CNP0000460_P03N",0,1.2,"orig.ident",0
"0","CNP0000460_P03T",0,1.2,"orig.ident",0
"1","CNP0000460_P03T",0,1.2,"orig.ident",0
"2","CNP0000460_P03T",0,1.2,"orig.ident",0
"3","CNP0000460_P03T",1,1.2,"orig.ident",0.00166112956810631
"4","CNP0000460_P03T",0,1.2,"orig.ident",0
"5","CNP0000460_P03T",0,1.2,"orig.ident",0
"6","CNP0000460_P03T",0,1.2,"orig.ident",0
"7","CNP0000460_P03T",0,1.2,"orig.ident",0
"8","CNP0000460_P03T",0,1.2,"orig.ident",0
"9","CNP0000460_P03T",0,1.2,"orig.ident",0
"10","CNP0000460_P03T",0,1.2,"orig.ident",0
"11","CNP0000460_P03T",0,1.2,"orig.ident",0
"12","CNP0000460_P03T",0,1.2,"orig.ident",0
"13","CNP0000460_P03T",0,1.2,"orig.ident",0
"14","CNP0000460_P03T",0,1.2,"orig.ident",0
"15","CNP0000460_P03T",0,1.2,"orig.ident",0
"0","CNP0000460_P04T",5,1.2,"orig.ident",0.00662251655629139
"1","CNP0000460_P04T",0,1.2,"orig.ident",0
"2","CNP0000460_P04T",3,1.2,"orig.ident",0.00487012987012987
"3","CNP0000460_P04T",0,1.2,"orig.ident",0
"4","CNP0000460_P04T",3,1.2,"orig.ident",0.00669642857142857
"5","CNP0000460_P04T",0,1.2,"orig.ident",0
"6","CNP0000460_P04T",1,1.2,"orig.ident",0.00307692307692308
"7","CNP0000460_P04T",2,1.2,"orig.ident",0.00854700854700855
"8","CNP0000460_P04T",1,1.2,"orig.ident",0.00460829493087558
"9","CNP0000460_P04T",0,1.2,"orig.ident",0
"10","CNP0000460_P04T",0,1.2,"orig.ident",0
"11","CNP0000460_P04T",2,1.2,"orig.ident",0.016260162601626
"12","CNP0000460_P04T",0,1.2,"orig.ident",0
"13","CNP0000460_P04T",0,1.2,"orig.ident",0
"14","CNP0000460_P04T",1,1.2,"orig.ident",0.0172413793103448
"15","CNP0000460_P04T",0,1.2,"orig.ident",0
"0","CNP0000460_P05T",19,1.2,"orig.ident",0.0251655629139073
"1","CNP0000460_P05T",0,1.2,"orig.ident",0
"2","CNP0000460_P05T",0,1.2,"orig.ident",0
"3","CNP0000460_P05T",0,1.2,"orig.ident",0
"4","CNP0000460_P05T",13,1.2,"orig.ident",0.0290178571428571
"5","CNP0000460_P05T",0,1.2,"orig.ident",0
"6","CNP0000460_P05T",10,1.2,"orig.ident",0.0307692307692308
"7","CNP0000460_P05T",1,1.2,"orig.ident",0.00427350427350427
"8","CNP0000460_P05T",3,1.2,"orig.ident",0.0138248847926267
"9","CNP0000460_P05T",0,1.2,"orig.ident",0
"10","CNP0000460_P05T",1,1.2,"orig.ident",0.00540540540540541
"11","CNP0000460_P05T",4,1.2,"orig.ident",0.032520325203252
"12","CNP0000460_P05T",2,1.2,"orig.ident",0.0188679245283019
"13","CNP0000460_P05T",0,1.2,"orig.ident",0
"14","CNP0000460_P05T",4,1.2,"orig.ident",0.0689655172413793
"15","CNP0000460_P05T",0,1.2,"orig.ident",0
"0","CNP0000460_P06T",12,1.2,"orig.ident",0.0158940397350993
"1","CNP0000460_P06T",0,1.2,"orig.ident",0
"2","CNP0000460_P06T",1,1.2,"orig.ident",0.00162337662337662
"3","CNP0000460_P06T",0,1.2,"orig.ident",0
"4","CNP0000460_P06T",6,1.2,"orig.ident",0.0133928571428571
"5","CNP0000460_P06T",0,1.2,"orig.ident",0
"6","CNP0000460_P06T",8,1.2,"orig.ident",0.0246153846153846
"7","CNP0000460_P06T",3,1.2,"orig.ident",0.0128205128205128
"8","CNP0000460_P06T",2,1.2,"orig.ident",0.00921658986175115
"9","CNP0000460_P06T",0,1.2,"orig.ident",0
"10","CNP0000460_P06T",0,1.2,"orig.ident",0
"11","CNP0000460_P06T",2,1.2,"orig.ident",0.016260162601626
"12","CNP0000460_P06T",2,1.2,"orig.ident",0.0188679245283019
"13","CNP0000460_P06T",0,1.2,"orig.ident",0
"14","CNP0000460_P06T",1,1.2,"orig.ident",0.0172413793103448
"15","CNP0000460_P06T",0,1.2,"orig.ident",0
"0","CNP0000460_P07T",41,1.2,"orig.ident",0.0543046357615894
"1","CNP0000460_P07T",1,1.2,"orig.ident",0.00135135135135135
"2","CNP0000460_P07T",3,1.2,"orig.ident",0.00487012987012987
"3","CNP0000460_P07T",0,1.2,"orig.ident",0
"4","CNP0000460_P07T",19,1.2,"orig.ident",0.0424107142857143
"5","CNP0000460_P07T",0,1.2,"orig.ident",0
"6","CNP0000460_P07T",36,1.2,"orig.ident",0.110769230769231
"7","CNP0000460_P07T",11,1.2,"orig.ident",0.047008547008547
"8","CNP0000460_P07T",7,1.2,"orig.ident",0.032258064516129
"9","CNP0000460_P07T",0,1.2,"orig.ident",0
"10","CNP0000460_P07T",3,1.2,"orig.ident",0.0162162162162162
"11","CNP0000460_P07T",12,1.2,"orig.ident",0.0975609756097561
"12","CNP0000460_P07T",7,1.2,"orig.ident",0.0660377358490566
"13","CNP0000460_P07T",1,1.2,"orig.ident",0.0108695652173913
"14","CNP0000460_P07T",8,1.2,"orig.ident",0.137931034482759
"15","CNP0000460_P07T",0,1.2,"orig.ident",0
"0","GSE326225_BC1",12,1.2,"orig.ident",0.0158940397350993
"1","GSE326225_BC1",0,1.2,"orig.ident",0
"2","GSE326225_BC1",0,1.2,"orig.ident",0
"3","GSE326225_BC1",0,1.2,"orig.ident",0
"4","GSE326225_BC1",19,1.2,"orig.ident",0.0424107142857143
"5","GSE326225_BC1",0,1.2,"orig.ident",0
"6","GSE326225_BC1",0,1.2,"orig.ident",0
"7","GSE326225_BC1",2,1.2,"orig.ident",0.00854700854700855
"8","GSE326225_BC1",0,1.2,"orig.ident",0
"9","GSE326225_BC1",0,1.2,"orig.ident",0
"10","GSE326225_BC1",0,1.2,"orig.ident",0
"11","GSE326225_BC1",3,1.2,"orig.ident",0.024390243902439
"12","GSE326225_BC1",2,1.2,"orig.ident",0.0188679245283019
"13","GSE326225_BC1",0,1.2,"orig.ident",0
"14","GSE326225_BC1",2,1.2,"orig.ident",0.0344827586206897
"15","GSE326225_BC1",1,1.2,"orig.ident",0.0434782608695652
"0","GSE326225_BC2",6,1.2,"orig.ident",0.00794701986754967
"1","GSE326225_BC2",0,1.2,"orig.ident",0
"2","GSE326225_BC2",0,1.2,"orig.ident",0
"3","GSE326225_BC2",0,1.2,"orig.ident",0
"4","GSE326225_BC2",2,1.2,"orig.ident",0.00446428571428571
"5","GSE326225_BC2",0,1.2,"orig.ident",0
"6","GSE326225_BC2",0,1.2,"orig.ident",0
"7","GSE326225_BC2",1,1.2,"orig.ident",0.00427350427350427
"8","GSE326225_BC2",0,1.2,"orig.ident",0
"9","GSE326225_BC2",0,1.2,"orig.ident",0
"10","GSE326225_BC2",0,1.2,"orig.ident",0
"11","GSE326225_BC2",3,1.2,"orig.ident",0.024390243902439
"12","GSE326225_BC2",1,1.2,"orig.ident",0.00943396226415094
"13","GSE326225_BC2",0,1.2,"orig.ident",0
"14","GSE326225_BC2",1,1.2,"orig.ident",0.0172413793103448
"15","GSE326225_BC2",0,1.2,"orig.ident",0
"0","GSE326225_BC3",14,1.2,"orig.ident",0.0185430463576159
"1","GSE326225_BC3",0,1.2,"orig.ident",0
"2","GSE326225_BC3",0,1.2,"orig.ident",0
"3","GSE326225_BC3",0,1.2,"orig.ident",0
"4","GSE326225_BC3",9,1.2,"orig.ident",0.0200892857142857
"5","GSE326225_BC3",0,1.2,"orig.ident",0
"6","GSE326225_BC3",1,1.2,"orig.ident",0.00307692307692308
"7","GSE326225_BC3",0,1.2,"orig.ident",0
"8","GSE326225_BC3",0,1.2,"orig.ident",0
"9","GSE326225_BC3",0,1.2,"orig.ident",0
"10","GSE326225_BC3",0,1.2,"orig.ident",0
"11","GSE326225_BC3",1,1.2,"orig.ident",0.00813008130081301
"12","GSE326225_BC3",1,1.2,"orig.ident",0.00943396226415094
"13","GSE326225_BC3",0,1.2,"orig.ident",0
"14","GSE326225_BC3",1,1.2,"orig.ident",0.0172413793103448
"15","GSE326225_BC3",0,1.2,"orig.ident",0
"0","GSE326225_BC4",2,1.2,"orig.ident",0.00264900662251656
"1","GSE326225_BC4",0,1.2,"orig.ident",0
"2","GSE326225_BC4",0,1.2,"orig.ident",0
"3","GSE326225_BC4",0,1.2,"orig.ident",0
"4","GSE326225_BC4",2,1.2,"orig.ident",0.00446428571428571
"5","GSE326225_BC4",0,1.2,"orig.ident",0
"6","GSE326225_BC4",0,1.2,"orig.ident",0
"7","GSE326225_BC4",0,1.2,"orig.ident",0
"8","GSE326225_BC4",0,1.2,"orig.ident",0
"9","GSE326225_BC4",0,1.2,"orig.ident",0
"10","GSE326225_BC4",0,1.2,"orig.ident",0
"11","GSE326225_BC4",0,1.2,"orig.ident",0
"12","GSE326225_BC4",0,1.2,"orig.ident",0
"13","GSE326225_BC4",0,1.2,"orig.ident",0
"14","GSE326225_BC4",0,1.2,"orig.ident",0
"15","GSE326225_BC4",0,1.2,"orig.ident",0
"0","GSE326225_BC5",5,1.2,"orig.ident",0.00662251655629139
"1","GSE326225_BC5",0,1.2,"orig.ident",0
"2","GSE326225_BC5",0,1.2,"orig.ident",0
"3","GSE326225_BC5",0,1.2,"orig.ident",0
"4","GSE326225_BC5",3,1.2,"orig.ident",0.00669642857142857
"5","GSE326225_BC5",0,1.2,"orig.ident",0
"6","GSE326225_BC5",0,1.2,"orig.ident",0
"7","GSE326225_BC5",2,1.2,"orig.ident",0.00854700854700855
"8","GSE326225_BC5",0,1.2,"orig.ident",0
"9","GSE326225_BC5",0,1.2,"orig.ident",0
"10","GSE326225_BC5",0,1.2,"orig.ident",0
"11","GSE326225_BC5",0,1.2,"orig.ident",0
"12","GSE326225_BC5",0,1.2,"orig.ident",0
"13","GSE326225_BC5",0,1.2,"orig.ident",0
"14","GSE326225_BC5",0,1.2,"orig.ident",0
"15","GSE326225_BC5",0,1.2,"orig.ident",0
"0","GSE326225_BC6",4,1.2,"orig.ident",0.00529801324503311
"1","GSE326225_BC6",0,1.2,"orig.ident",0
"2","GSE326225_BC6",1,1.2,"orig.ident",0.00162337662337662
"3","GSE326225_BC6",0,1.2,"orig.ident",0
"4","GSE326225_BC6",1,1.2,"orig.ident",0.00223214285714286
"5","GSE326225_BC6",0,1.2,"orig.ident",0
"6","GSE326225_BC6",2,1.2,"orig.ident",0.00615384615384615
"7","GSE326225_BC6",3,1.2,"orig.ident",0.0128205128205128
"8","GSE326225_BC6",1,1.2,"orig.ident",0.00460829493087558
"9","GSE326225_BC6",0,1.2,"orig.ident",0
"10","GSE326225_BC6",0,1.2,"orig.ident",0
"11","GSE326225_BC6",1,1.2,"orig.ident",0.00813008130081301
"12","GSE326225_BC6",1,1.2,"orig.ident",0.00943396226415094
"13","GSE326225_BC6",0,1.2,"orig.ident",0
"14","GSE326225_BC6",0,1.2,"orig.ident",0
"15","GSE326225_BC6",0,1.2,"orig.ident",0
"0","GSE326225_BC7",29,1.2,"orig.ident",0.0384105960264901
"1","GSE326225_BC7",14,1.2,"orig.ident",0.0189189189189189
"2","GSE326225_BC7",27,1.2,"orig.ident",0.0438311688311688
"3","GSE326225_BC7",0,1.2,"orig.ident",0
"4","GSE326225_BC7",3,1.2,"orig.ident",0.00669642857142857
"5","GSE326225_BC7",4,1.2,"orig.ident",0.00921658986175115
"6","GSE326225_BC7",3,1.2,"orig.ident",0.00923076923076923
"7","GSE326225_BC7",26,1.2,"orig.ident",0.111111111111111
"8","GSE326225_BC7",3,1.2,"orig.ident",0.0138248847926267
"9","GSE326225_BC7",0,1.2,"orig.ident",0
"10","GSE326225_BC7",13,1.2,"orig.ident",0.0702702702702703
"11","GSE326225_BC7",8,1.2,"orig.ident",0.0650406504065041
"12","GSE326225_BC7",9,1.2,"orig.ident",0.0849056603773585
"13","GSE326225_BC7",4,1.2,"orig.ident",0.0434782608695652
"14","GSE326225_BC7",1,1.2,"orig.ident",0.0172413793103448
"15","GSE326225_BC7",0,1.2,"orig.ident",0
"0","HRA003620_BC-04",2,1.2,"orig.ident",0.00264900662251656
"1","HRA003620_BC-04",0,1.2,"orig.ident",0
"2","HRA003620_BC-04",0,1.2,"orig.ident",0
"3","HRA003620_BC-04",0,1.2,"orig.ident",0
"4","HRA003620_BC-04",1,1.2,"orig.ident",0.00223214285714286
"5","HRA003620_BC-04",0,1.2,"orig.ident",0
"6","HRA003620_BC-04",0,1.2,"orig.ident",0
"7","HRA003620_BC-04",0,1.2,"orig.ident",0
"8","HRA003620_BC-04",0,1.2,"orig.ident",0
"9","HRA003620_BC-04",1,1.2,"orig.ident",0.0053475935828877
"10","HRA003620_BC-04",0,1.2,"orig.ident",0
"11","HRA003620_BC-04",0,1.2,"orig.ident",0
"12","HRA003620_BC-04",0,1.2,"orig.ident",0
"13","HRA003620_BC-04",0,1.2,"orig.ident",0
"14","HRA003620_BC-04",0,1.2,"orig.ident",0
"15","HRA003620_BC-04",0,1.2,"orig.ident",0
"0","HRA003620_BC-27",0,1.2,"orig.ident",0
"1","HRA003620_BC-27",0,1.2,"orig.ident",0
"2","HRA003620_BC-27",1,1.2,"orig.ident",0.00162337662337662
"3","HRA003620_BC-27",0,1.2,"orig.ident",0
"4","HRA003620_BC-27",0,1.2,"orig.ident",0
"5","HRA003620_BC-27",0,1.2,"orig.ident",0
"6","HRA003620_BC-27",0,1.2,"orig.ident",0
"7","HRA003620_BC-27",0,1.2,"orig.ident",0
"8","HRA003620_BC-27",0,1.2,"orig.ident",0
"9","HRA003620_BC-27",0,1.2,"orig.ident",0
"10","HRA003620_BC-27",2,1.2,"orig.ident",0.0108108108108108
"11","HRA003620_BC-27",0,1.2,"orig.ident",0
"12","HRA003620_BC-27",0,1.2,"orig.ident",0
"13","HRA003620_BC-27",0,1.2,"orig.ident",0
"14","HRA003620_BC-27",0,1.2,"orig.ident",0
"15","HRA003620_BC-27",0,1.2,"orig.ident",0
"0","HRA003620_NC-04",0,1.2,"orig.ident",0
"1","HRA003620_NC-04",1,1.2,"orig.ident",0.00135135135135135
"2","HRA003620_NC-04",0,1.2,"orig.ident",0
"3","HRA003620_NC-04",1,1.2,"orig.ident",0.00166112956810631
"4","HRA003620_NC-04",0,1.2,"orig.ident",0
"5","HRA003620_NC-04",0,1.2,"orig.ident",0
"6","HRA003620_NC-04",0,1.2,"orig.ident",0
"7","HRA003620_NC-04",0,1.2,"orig.ident",0
"8","HRA003620_NC-04",0,1.2,"orig.ident",0
"9","HRA003620_NC-04",0,1.2,"orig.ident",0
"10","HRA003620_NC-04",0,1.2,"orig.ident",0
"11","HRA003620_NC-04",0,1.2,"orig.ident",0
"12","HRA003620_NC-04",0,1.2,"orig.ident",0
"13","HRA003620_NC-04",0,1.2,"orig.ident",0
"14","HRA003620_NC-04",0,1.2,"orig.ident",0
"15","HRA003620_NC-04",0,1.2,"orig.ident",0
"0","HRA003620_NC-05",0,1.2,"orig.ident",0
"1","HRA003620_NC-05",0,1.2,"orig.ident",0
"2","HRA003620_NC-05",2,1.2,"orig.ident",0.00324675324675325
"3","HRA003620_NC-05",2,1.2,"orig.ident",0.00332225913621262
"4","HRA003620_NC-05",0,1.2,"orig.ident",0
"5","HRA003620_NC-05",0,1.2,"orig.ident",0
"6","HRA003620_NC-05",0,1.2,"orig.ident",0
"7","HRA003620_NC-05",0,1.2,"orig.ident",0
"8","HRA003620_NC-05",0,1.2,"orig.ident",0
"9","HRA003620_NC-05",0,1.2,"orig.ident",0
"10","HRA003620_NC-05",0,1.2,"orig.ident",0
"11","HRA003620_NC-05",0,1.2,"orig.ident",0
"12","HRA003620_NC-05",0,1.2,"orig.ident",0
"13","HRA003620_NC-05",0,1.2,"orig.ident",0
"14","HRA003620_NC-05",0,1.2,"orig.ident",0
"15","HRA003620_NC-05",0,1.2,"orig.ident",0
"0","HRA003620_NC-11",0,1.2,"orig.ident",0
"1","HRA003620_NC-11",0,1.2,"orig.ident",0
"2","HRA003620_NC-11",1,1.2,"orig.ident",0.00162337662337662
"3","HRA003620_NC-11",0,1.2,"orig.ident",0
"4","HRA003620_NC-11",0,1.2,"orig.ident",0
"5","HRA003620_NC-11",0,1.2,"orig.ident",0
"6","HRA003620_NC-11",0,1.2,"orig.ident",0
"7","HRA003620_NC-11",0,1.2,"orig.ident",0
"8","HRA003620_NC-11",0,1.2,"orig.ident",0
"9","HRA003620_NC-11",0,1.2,"orig.ident",0
"10","HRA003620_NC-11",0,1.2,"orig.ident",0
"11","HRA003620_NC-11",0,1.2,"orig.ident",0
"12","HRA003620_NC-11",0,1.2,"orig.ident",0
"13","HRA003620_NC-11",0,1.2,"orig.ident",0
"14","HRA003620_NC-11",0,1.2,"orig.ident",0
"15","HRA003620_NC-11",0,1.2,"orig.ident",0
"0","HRA003620_NC-24",0,1.2,"orig.ident",0
"1","HRA003620_NC-24",0,1.2,"orig.ident",0
"2","HRA003620_NC-24",2,1.2,"orig.ident",0.00324675324675325
"3","HRA003620_NC-24",1,1.2,"orig.ident",0.00166112956810631
"4","HRA003620_NC-24",0,1.2,"orig.ident",0
"5","HRA003620_NC-24",0,1.2,"orig.ident",0
"6","HRA003620_NC-24",0,1.2,"orig.ident",0
"7","HRA003620_NC-24",0,1.2,"orig.ident",0
"8","HRA003620_NC-24",0,1.2,"orig.ident",0
"9","HRA003620_NC-24",0,1.2,"orig.ident",0
"10","HRA003620_NC-24",1,1.2,"orig.ident",0.00540540540540541
"11","HRA003620_NC-24",0,1.2,"orig.ident",0
"12","HRA003620_NC-24",0,1.2,"orig.ident",0
"13","HRA003620_NC-24",0,1.2,"orig.ident",0
"14","HRA003620_NC-24",0,1.2,"orig.ident",0
"15","HRA003620_NC-24",1,1.2,"orig.ident",0.0434782608695652
"0","HRA003620_NC-27",0,1.2,"orig.ident",0
"1","HRA003620_NC-27",8,1.2,"orig.ident",0.0108108108108108
"2","HRA003620_NC-27",12,1.2,"orig.ident",0.0194805194805195
"3","HRA003620_NC-27",10,1.2,"orig.ident",0.0166112956810631
"4","HRA003620_NC-27",0,1.2,"orig.ident",0
"5","HRA003620_NC-27",0,1.2,"orig.ident",0
"6","HRA003620_NC-27",0,1.2,"orig.ident",0
"7","HRA003620_NC-27",9,1.2,"orig.ident",0.0384615384615385
"8","HRA003620_NC-27",0,1.2,"orig.ident",0
"9","HRA003620_NC-27",0,1.2,"orig.ident",0
"10","HRA003620_NC-27",5,1.2,"orig.ident",0.027027027027027
"11","HRA003620_NC-27",0,1.2,"orig.ident",0
"12","HRA003620_NC-27",0,1.2,"orig.ident",0
"13","HRA003620_NC-27",0,1.2,"orig.ident",0
"14","HRA003620_NC-27",0,1.2,"orig.ident",0
"15","HRA003620_NC-27",1,1.2,"orig.ident",0.0434782608695652
"0","HRA003620_NC-30",0,1.2,"orig.ident",0
"1","HRA003620_NC-30",4,1.2,"orig.ident",0.00540540540540541
"2","HRA003620_NC-30",13,1.2,"orig.ident",0.0211038961038961
"3","HRA003620_NC-30",4,1.2,"orig.ident",0.00664451827242525
"4","HRA003620_NC-30",0,1.2,"orig.ident",0
"5","HRA003620_NC-30",0,1.2,"orig.ident",0
"6","HRA003620_NC-30",0,1.2,"orig.ident",0
"7","HRA003620_NC-30",1,1.2,"orig.ident",0.00427350427350427
"8","HRA003620_NC-30",0,1.2,"orig.ident",0
"9","HRA003620_NC-30",1,1.2,"orig.ident",0.0053475935828877
"10","HRA003620_NC-30",3,1.2,"orig.ident",0.0162162162162162
"11","HRA003620_NC-30",0,1.2,"orig.ident",0
"12","HRA003620_NC-30",0,1.2,"orig.ident",0
"13","HRA003620_NC-30",0,1.2,"orig.ident",0
"14","HRA003620_NC-30",0,1.2,"orig.ident",0
"15","HRA003620_NC-30",0,1.2,"orig.ident",0
"0","PRJNA662018_PRJNA662018_P1N1",2,1.2,"orig.ident",0.00264900662251656
"1","PRJNA662018_PRJNA662018_P1N1",197,1.2,"orig.ident",0.266216216216216
"2","PRJNA662018_PRJNA662018_P1N1",101,1.2,"orig.ident",0.163961038961039
"3","PRJNA662018_PRJNA662018_P1N1",249,1.2,"orig.ident",0.413621262458472
"4","PRJNA662018_PRJNA662018_P1N1",1,1.2,"orig.ident",0.00223214285714286
"5","PRJNA662018_PRJNA662018_P1N1",0,1.2,"orig.ident",0
"6","PRJNA662018_PRJNA662018_P1N1",18,1.2,"orig.ident",0.0553846153846154
"7","PRJNA662018_PRJNA662018_P1N1",31,1.2,"orig.ident",0.132478632478632
"8","PRJNA662018_PRJNA662018_P1N1",58,1.2,"orig.ident",0.267281105990783
"9","PRJNA662018_PRJNA662018_P1N1",72,1.2,"orig.ident",0.385026737967914
"10","PRJNA662018_PRJNA662018_P1N1",69,1.2,"orig.ident",0.372972972972973
"11","PRJNA662018_PRJNA662018_P1N1",1,1.2,"orig.ident",0.00813008130081301
"12","PRJNA662018_PRJNA662018_P1N1",4,1.2,"orig.ident",0.0377358490566038
"13","PRJNA662018_PRJNA662018_P1N1",24,1.2,"orig.ident",0.260869565217391
"14","PRJNA662018_PRJNA662018_P1N1",0,1.2,"orig.ident",0
"15","PRJNA662018_PRJNA662018_P1N1",0,1.2,"orig.ident",0
"0","PRJNA662018_PRJNA662018_P1T1",39,1.2,"orig.ident",0.0516556291390728
"1","PRJNA662018_PRJNA662018_P1T1",27,1.2,"orig.ident",0.0364864864864865
"2","PRJNA662018_PRJNA662018_P1T1",25,1.2,"orig.ident",0.0405844155844156
"3","PRJNA662018_PRJNA662018_P1T1",31,1.2,"orig.ident",0.0514950166112957
"4","PRJNA662018_PRJNA662018_P1T1",27,1.2,"orig.ident",0.0602678571428571
"5","PRJNA662018_PRJNA662018_P1T1",0,1.2,"orig.ident",0
"6","PRJNA662018_PRJNA662018_P1T1",18,1.2,"orig.ident",0.0553846153846154
"7","PRJNA662018_PRJNA662018_P1T1",10,1.2,"orig.ident",0.0427350427350427
"8","PRJNA662018_PRJNA662018_P1T1",6,1.2,"orig.ident",0.0276497695852535
"9","PRJNA662018_PRJNA662018_P1T1",11,1.2,"orig.ident",0.0588235294117647
"10","PRJNA662018_PRJNA662018_P1T1",6,1.2,"orig.ident",0.0324324324324324
"11","PRJNA662018_PRJNA662018_P1T1",1,1.2,"orig.ident",0.00813008130081301
"12","PRJNA662018_PRJNA662018_P1T1",2,1.2,"orig.ident",0.0188679245283019
"13","PRJNA662018_PRJNA662018_P1T1",0,1.2,"orig.ident",0
"14","PRJNA662018_PRJNA662018_P1T1",2,1.2,"orig.ident",0.0344827586206897
"15","PRJNA662018_PRJNA662018_P1T1",0,1.2,"orig.ident",0
"0","PRJNA662018_PRJNA662018_P2T2",42,1.2,"orig.ident",0.0556291390728477
"1","PRJNA662018_PRJNA662018_P2T2",33,1.2,"orig.ident",0.0445945945945946
"2","PRJNA662018_PRJNA662018_P2T2",72,1.2,"orig.ident",0.116883116883117
"3","PRJNA662018_PRJNA662018_P2T2",16,1.2,"orig.ident",0.026578073089701
"4","PRJNA662018_PRJNA662018_P2T2",36,1.2,"orig.ident",0.0803571428571429
"5","PRJNA662018_PRJNA662018_P2T2",0,1.2,"orig.ident",0
"6","PRJNA662018_PRJNA662018_P2T2",43,1.2,"orig.ident",0.132307692307692
"7","PRJNA662018_PRJNA662018_P2T2",4,1.2,"orig.ident",0.0170940170940171
"8","PRJNA662018_PRJNA662018_P2T2",26,1.2,"orig.ident",0.119815668202765
"9","PRJNA662018_PRJNA662018_P2T2",17,1.2,"orig.ident",0.0909090909090909
"10","PRJNA662018_PRJNA662018_P2T2",8,1.2,"orig.ident",0.0432432432432432
"11","PRJNA662018_PRJNA662018_P2T2",2,1.2,"orig.ident",0.016260162601626
"12","PRJNA662018_PRJNA662018_P2T2",6,1.2,"orig.ident",0.0566037735849057
"13","PRJNA662018_PRJNA662018_P2T2",2,1.2,"orig.ident",0.0217391304347826
"14","PRJNA662018_PRJNA662018_P2T2",4,1.2,"orig.ident",0.0689655172413793
"15","PRJNA662018_PRJNA662018_P2T2",6,1.2,"orig.ident",0.260869565217391
"0","PRJNA662018_PRJNA662018_P3N3",1,1.2,"orig.ident",0.00132450331125828
"1","PRJNA662018_PRJNA662018_P3N3",153,1.2,"orig.ident",0.206756756756757
"2","PRJNA662018_PRJNA662018_P3N3",103,1.2,"orig.ident",0.167207792207792
"3","PRJNA662018_PRJNA662018_P3N3",127,1.2,"orig.ident",0.210963455149502
"4","PRJNA662018_PRJNA662018_P3N3",0,1.2,"orig.ident",0
"5","PRJNA662018_PRJNA662018_P3N3",0,1.2,"orig.ident",0
"6","PRJNA662018_PRJNA662018_P3N3",0,1.2,"orig.ident",0
"7","PRJNA662018_PRJNA662018_P3N3",36,1.2,"orig.ident",0.153846153846154
"8","PRJNA662018_PRJNA662018_P3N3",13,1.2,"orig.ident",0.0599078341013825
"9","PRJNA662018_PRJNA662018_P3N3",26,1.2,"orig.ident",0.13903743315508
"10","PRJNA662018_PRJNA662018_P3N3",11,1.2,"orig.ident",0.0594594594594595
"11","PRJNA662018_PRJNA662018_P3N3",15,1.2,"orig.ident",0.121951219512195
"12","PRJNA662018_PRJNA662018_P3N3",11,1.2,"orig.ident",0.10377358490566
"13","PRJNA662018_PRJNA662018_P3N3",2,1.2,"orig.ident",0.0217391304347826
"14","PRJNA662018_PRJNA662018_P3N3",0,1.2,"orig.ident",0
"15","PRJNA662018_PRJNA662018_P3N3",1,1.2,"orig.ident",0.0434782608695652
"0","PRJNA662018_PRJNA662018_P3T3",40,1.2,"orig.ident",0.0529801324503311
"1","PRJNA662018_PRJNA662018_P3T3",145,1.2,"orig.ident",0.195945945945946
"2","PRJNA662018_PRJNA662018_P3T3",128,1.2,"orig.ident",0.207792207792208
"3","PRJNA662018_PRJNA662018_P3T3",44,1.2,"orig.ident",0.0730897009966777
"4","PRJNA662018_PRJNA662018_P3T3",29,1.2,"orig.ident",0.0647321428571429
"5","PRJNA662018_PRJNA662018_P3T3",0,1.2,"orig.ident",0
"6","PRJNA662018_PRJNA662018_P3T3",39,1.2,"orig.ident",0.12
"7","PRJNA662018_PRJNA662018_P3T3",41,1.2,"orig.ident",0.175213675213675
"8","PRJNA662018_PRJNA662018_P3T3",23,1.2,"orig.ident",0.105990783410138
"9","PRJNA662018_PRJNA662018_P3T3",15,1.2,"orig.ident",0.0802139037433155
"10","PRJNA662018_PRJNA662018_P3T3",17,1.2,"orig.ident",0.0918918918918919
"11","PRJNA662018_PRJNA662018_P3T3",5,1.2,"orig.ident",0.040650406504065
"12","PRJNA662018_PRJNA662018_P3T3",9,1.2,"orig.ident",0.0849056603773585
"13","PRJNA662018_PRJNA662018_P3T3",20,1.2,"orig.ident",0.217391304347826
"14","PRJNA662018_PRJNA662018_P3T3",4,1.2,"orig.ident",0.0689655172413793
"15","PRJNA662018_PRJNA662018_P3T3",4,1.2,"orig.ident",0.173913043478261
"0","PRJNA662018_PRJNA662018_P4T4",195,1.2,"orig.ident",0.258278145695364
"1","PRJNA662018_PRJNA662018_P4T4",0,1.2,"orig.ident",0
"2","PRJNA662018_PRJNA662018_P4T4",0,1.2,"orig.ident",0
"3","PRJNA662018_PRJNA662018_P4T4",0,1.2,"orig.ident",0
"4","PRJNA662018_PRJNA662018_P4T4",152,1.2,"orig.ident",0.339285714285714
"5","PRJNA662018_PRJNA662018_P4T4",0,1.2,"orig.ident",0
"6","PRJNA662018_PRJNA662018_P4T4",32,1.2,"orig.ident",0.0984615384615385
"7","PRJNA662018_PRJNA662018_P4T4",14,1.2,"orig.ident",0.0598290598290598
"8","PRJNA662018_PRJNA662018_P4T4",4,1.2,"orig.ident",0.0184331797235023
"9","PRJNA662018_PRJNA662018_P4T4",0,1.2,"orig.ident",0
"10","PRJNA662018_PRJNA662018_P4T4",2,1.2,"orig.ident",0.0108108108108108
"11","PRJNA662018_PRJNA662018_P4T4",35,1.2,"orig.ident",0.284552845528455
"12","PRJNA662018_PRJNA662018_P4T4",27,1.2,"orig.ident",0.254716981132075
"13","PRJNA662018_PRJNA662018_P4T4",0,1.2,"orig.ident",0
"14","PRJNA662018_PRJNA662018_P4T4",17,1.2,"orig.ident",0.293103448275862
"15","PRJNA662018_PRJNA662018_P4T4",1,1.2,"orig.ident",0.0434782608695652
"0","PRJNA662018_PRJNA662018_P5T5",89,1.2,"orig.ident",0.117880794701987
"1","PRJNA662018_PRJNA662018_P5T5",0,1.2,"orig.ident",0
"2","PRJNA662018_PRJNA662018_P5T5",0,1.2,"orig.ident",0
"3","PRJNA662018_PRJNA662018_P5T5",0,1.2,"orig.ident",0
"4","PRJNA662018_PRJNA662018_P5T5",37,1.2,"orig.ident",0.0825892857142857
"5","PRJNA662018_PRJNA662018_P5T5",0,1.2,"orig.ident",0
"6","PRJNA662018_PRJNA662018_P5T5",21,1.2,"orig.ident",0.0646153846153846
"7","PRJNA662018_PRJNA662018_P5T5",3,1.2,"orig.ident",0.0128205128205128
"8","PRJNA662018_PRJNA662018_P5T5",2,1.2,"orig.ident",0.00921658986175115
"9","PRJNA662018_PRJNA662018_P5T5",0,1.2,"orig.ident",0
"10","PRJNA662018_PRJNA662018_P5T5",0,1.2,"orig.ident",0
"11","PRJNA662018_PRJNA662018_P5T5",7,1.2,"orig.ident",0.0569105691056911
"12","PRJNA662018_PRJNA662018_P5T5",6,1.2,"orig.ident",0.0566037735849057
"13","PRJNA662018_PRJNA662018_P5T5",0,1.2,"orig.ident",0
"14","PRJNA662018_PRJNA662018_P5T5",5,1.2,"orig.ident",0.0862068965517241
"15","PRJNA662018_PRJNA662018_P5T5",2,1.2,"orig.ident",0.0869565217391304
"0","PRJNA662018_PRJNA662018_P6N2",34,1.2,"orig.ident",0.0450331125827815
"1","PRJNA662018_PRJNA662018_P6N2",152,1.2,"orig.ident",0.205405405405405
"2","PRJNA662018_PRJNA662018_P6N2",114,1.2,"orig.ident",0.185064935064935
"3","PRJNA662018_PRJNA662018_P6N2",113,1.2,"orig.ident",0.187707641196013
"4","PRJNA662018_PRJNA662018_P6N2",17,1.2,"orig.ident",0.0379464285714286
"5","PRJNA662018_PRJNA662018_P6N2",0,1.2,"orig.ident",0
"6","PRJNA662018_PRJNA662018_P6N2",53,1.2,"orig.ident",0.163076923076923
"7","PRJNA662018_PRJNA662018_P6N2",15,1.2,"orig.ident",0.0641025641025641
"8","PRJNA662018_PRJNA662018_P6N2",59,1.2,"orig.ident",0.271889400921659
"9","PRJNA662018_PRJNA662018_P6N2",42,1.2,"orig.ident",0.224598930481283
"10","PRJNA662018_PRJNA662018_P6N2",13,1.2,"orig.ident",0.0702702702702703
"11","PRJNA662018_PRJNA662018_P6N2",5,1.2,"orig.ident",0.040650406504065
"12","PRJNA662018_PRJNA662018_P6N2",3,1.2,"orig.ident",0.0283018867924528
"13","PRJNA662018_PRJNA662018_P6N2",3,1.2,"orig.ident",0.0326086956521739
"14","PRJNA662018_PRJNA662018_P6N2",1,1.2,"orig.ident",0.0172413793103448
"15","PRJNA662018_PRJNA662018_P6N2",3,1.2,"orig.ident",0.130434782608696
"0","PRJNA662018_PRJNA662018_P6T6",4,1.2,"orig.ident",0.00529801324503311
"1","PRJNA662018_PRJNA662018_P6T6",1,1.2,"orig.ident",0.00135135135135135
"2","PRJNA662018_PRJNA662018_P6T6",0,1.2,"orig.ident",0
"3","PRJNA662018_PRJNA662018_P6T6",0,1.2,"orig.ident",0
"4","PRJNA662018_PRJNA662018_P6T6",0,1.2,"orig.ident",0
"5","PRJNA662018_PRJNA662018_P6T6",0,1.2,"orig.ident",0
"6","PRJNA662018_PRJNA662018_P6T6",3,1.2,"orig.ident",0.00923076923076923
"7","PRJNA662018_PRJNA662018_P6T6",0,1.2,"orig.ident",0
"8","PRJNA662018_PRJNA662018_P6T6",2,1.2,"orig.ident",0.00921658986175115
"9","PRJNA662018_PRJNA662018_P6T6",0,1.2,"orig.ident",0
"10","PRJNA662018_PRJNA662018_P6T6",0,1.2,"orig.ident",0
"11","PRJNA662018_PRJNA662018_P6T6",0,1.2,"orig.ident",0
"12","PRJNA662018_PRJNA662018_P6T6",0,1.2,"orig.ident",0
"13","PRJNA662018_PRJNA662018_P6T6",0,1.2,"orig.ident",0
"14","PRJNA662018_PRJNA662018_P6T6",0,1.2,"orig.ident",0
"15","PRJNA662018_PRJNA662018_P6T6",0,1.2,"orig.ident",0
"0","PRJNA662018_PRJNA662018_P7T7",61,1.2,"orig.ident",0.080794701986755
"1","PRJNA662018_PRJNA662018_P7T7",2,1.2,"orig.ident",0.0027027027027027
"2","PRJNA662018_PRJNA662018_P7T7",2,1.2,"orig.ident",0.00324675324675325
"3","PRJNA662018_PRJNA662018_P7T7",0,1.2,"orig.ident",0
"4","PRJNA662018_PRJNA662018_P7T7",39,1.2,"orig.ident",0.0870535714285714
"5","PRJNA662018_PRJNA662018_P7T7",0,1.2,"orig.ident",0
"6","PRJNA662018_PRJNA662018_P7T7",22,1.2,"orig.ident",0.0676923076923077
"7","PRJNA662018_PRJNA662018_P7T7",9,1.2,"orig.ident",0.0384615384615385
"8","PRJNA662018_PRJNA662018_P7T7",6,1.2,"orig.ident",0.0276497695852535
"9","PRJNA662018_PRJNA662018_P7T7",2,1.2,"orig.ident",0.0106951871657754
"10","PRJNA662018_PRJNA662018_P7T7",1,1.2,"orig.ident",0.00540540540540541
"11","PRJNA662018_PRJNA662018_P7T7",10,1.2,"orig.ident",0.0813008130081301
"12","PRJNA662018_PRJNA662018_P7T7",9,1.2,"orig.ident",0.0849056603773585
"13","PRJNA662018_PRJNA662018_P7T7",0,1.2,"orig.ident",0
"14","PRJNA662018_PRJNA662018_P7T7",3,1.2,"orig.ident",0.0517241379310345
"15","PRJNA662018_PRJNA662018_P7T7",2,1.2,"orig.ident",0.0869565217391304
"0","PRJNA662018_PRJNA662018_P8T8",20,1.2,"orig.ident",0.0264900662251656
"1","PRJNA662018_PRJNA662018_P8T8",0,1.2,"orig.ident",0
"2","PRJNA662018_PRJNA662018_P8T8",1,1.2,"orig.ident",0.00162337662337662
"3","PRJNA662018_PRJNA662018_P8T8",0,1.2,"orig.ident",0
"4","PRJNA662018_PRJNA662018_P8T8",9,1.2,"orig.ident",0.0200892857142857
"5","PRJNA662018_PRJNA662018_P8T8",0,1.2,"orig.ident",0
"6","PRJNA662018_PRJNA662018_P8T8",3,1.2,"orig.ident",0.00923076923076923
"7","PRJNA662018_PRJNA662018_P8T8",0,1.2,"orig.ident",0
"8","PRJNA662018_PRJNA662018_P8T8",0,1.2,"orig.ident",0
"9","PRJNA662018_PRJNA662018_P8T8",0,1.2,"orig.ident",0
"10","PRJNA662018_PRJNA662018_P8T8",0,1.2,"orig.ident",0
"11","PRJNA662018_PRJNA662018_P8T8",2,1.2,"orig.ident",0.016260162601626
"12","PRJNA662018_PRJNA662018_P8T8",0,1.2,"orig.ident",0
"13","PRJNA662018_PRJNA662018_P8T8",0,1.2,"orig.ident",0
"14","PRJNA662018_PRJNA662018_P8T8",1,1.2,"orig.ident",0.0172413793103448
"15","PRJNA662018_PRJNA662018_P8T8",0,1.2,"orig.ident",0
"0","T4091568",2,1.2,"orig.ident",0.00264900662251656
"1","T4091568",0,1.2,"orig.ident",0
"2","T4091568",0,1.2,"orig.ident",0
"3","T4091568",0,1.2,"orig.ident",0
"4","T4091568",0,1.2,"orig.ident",0
"5","T4091568",44,1.2,"orig.ident",0.101382488479263
"6","T4091568",0,1.2,"orig.ident",0
"7","T4091568",3,1.2,"orig.ident",0.0128205128205128
"8","T4091568",0,1.2,"orig.ident",0
"9","T4091568",0,1.2,"orig.ident",0
"10","T4091568",8,1.2,"orig.ident",0.0432432432432432
"11","T4091568",0,1.2,"orig.ident",0
"12","T4091568",1,1.2,"orig.ident",0.00943396226415094
"13","T4091568",22,1.2,"orig.ident",0.239130434782609
"14","T4091568",0,1.2,"orig.ident",0
"15","T4091568",1,1.2,"orig.ident",0.0434782608695652
"0","T4295396",1,1.2,"orig.ident",0.00132450331125828
"1","T4295396",0,1.2,"orig.ident",0
"2","T4295396",0,1.2,"orig.ident",0
"3","T4295396",0,1.2,"orig.ident",0
"4","T4295396",0,1.2,"orig.ident",0
"5","T4295396",9,1.2,"orig.ident",0.0207373271889401
"6","T4295396",1,1.2,"orig.ident",0.00307692307692308
"7","T4295396",0,1.2,"orig.ident",0
"8","T4295396",0,1.2,"orig.ident",0
"9","T4295396",0,1.2,"orig.ident",0
"10","T4295396",0,1.2,"orig.ident",0
"11","T4295396",0,1.2,"orig.ident",0
"12","T4295396",0,1.2,"orig.ident",0
"13","T4295396",0,1.2,"orig.ident",0
"14","T4295396",0,1.2,"orig.ident",0
"15","T4295396",0,1.2,"orig.ident",0
"0","T4380845",2,1.2,"orig.ident",0.00264900662251656
"1","T4380845",0,1.2,"orig.ident",0
"2","T4380845",0,1.2,"orig.ident",0
"3","T4380845",0,1.2,"orig.ident",0
"4","T4380845",0,1.2,"orig.ident",0
"5","T4380845",9,1.2,"orig.ident",0.0207373271889401
"6","T4380845",0,1.2,"orig.ident",0
"7","T4380845",0,1.2,"orig.ident",0
"8","T4380845",0,1.2,"orig.ident",0
"9","T4380845",0,1.2,"orig.ident",0
"10","T4380845",0,1.2,"orig.ident",0
"11","T4380845",0,1.2,"orig.ident",0
"12","T4380845",0,1.2,"orig.ident",0
"13","T4380845",0,1.2,"orig.ident",0
"14","T4380845",0,1.2,"orig.ident",0
"15","T4380845",0,1.2,"orig.ident",0
"0","T4398343",7,1.2,"orig.ident",0.00927152317880795
"1","T4398343",0,1.2,"orig.ident",0
"2","T4398343",0,1.2,"orig.ident",0
"3","T4398343",0,1.2,"orig.ident",0
"4","T4398343",2,1.2,"orig.ident",0.00446428571428571
"5","T4398343",35,1.2,"orig.ident",0.0806451612903226
"6","T4398343",3,1.2,"orig.ident",0.00923076923076923
"7","T4398343",0,1.2,"orig.ident",0
"8","T4398343",0,1.2,"orig.ident",0
"9","T4398343",0,1.2,"orig.ident",0
"10","T4398343",3,1.2,"orig.ident",0.0162162162162162
"11","T4398343",0,1.2,"orig.ident",0
"12","T4398343",0,1.2,"orig.ident",0
"13","T4398343",0,1.2,"orig.ident",0
"14","T4398343",0,1.2,"orig.ident",0
"15","T4398343",0,1.2,"orig.ident",0
"0","T4450398",1,1.2,"orig.ident",0.00132450331125828
"1","T4450398",0,1.2,"orig.ident",0
"2","T4450398",0,1.2,"orig.ident",0
"3","T4450398",0,1.2,"orig.ident",0
"4","T4450398",0,1.2,"orig.ident",0
"5","T4450398",6,1.2,"orig.ident",0.0138248847926267
"6","T4450398",0,1.2,"orig.ident",0
"7","T4450398",0,1.2,"orig.ident",0
"8","T4450398",0,1.2,"orig.ident",0
"9","T4450398",0,1.2,"orig.ident",0
"10","T4450398",0,1.2,"orig.ident",0
"11","T4450398",0,1.2,"orig.ident",0
"12","T4450398",0,1.2,"orig.ident",0
"13","T4450398",0,1.2,"orig.ident",0
"14","T4450398",0,1.2,"orig.ident",0
"15","T4450398",0,1.2,"orig.ident",0
"0","T4463209a",3,1.2,"orig.ident",0.00397350993377483
"1","T4463209a",0,1.2,"orig.ident",0
"2","T4463209a",0,1.2,"orig.ident",0
"3","T4463209a",0,1.2,"orig.ident",0
"4","T4463209a",0,1.2,"orig.ident",0
"5","T4463209a",25,1.2,"orig.ident",0.0576036866359447
"6","T4463209a",0,1.2,"orig.ident",0
"7","T4463209a",0,1.2,"orig.ident",0
"8","T4463209a",0,1.2,"orig.ident",0
"9","T4463209a",0,1.2,"orig.ident",0
"10","T4463209a",1,1.2,"orig.ident",0.00540540540540541
"11","T4463209a",0,1.2,"orig.ident",0
"12","T4463209a",0,1.2,"orig.ident",0
"13","T4463209a",0,1.2,"orig.ident",0
"14","T4463209a",0,1.2,"orig.ident",0
"15","T4463209a",0,1.2,"orig.ident",0
"0","T4463209b",7,1.2,"orig.ident",0.00927152317880795
"1","T4463209b",0,1.2,"orig.ident",0
"2","T4463209b",1,1.2,"orig.ident",0.00162337662337662
"3","T4463209b",1,1.2,"orig.ident",0.00166112956810631
"4","T4463209b",0,1.2,"orig.ident",0
"5","T4463209b",45,1.2,"orig.ident",0.1036866359447
"6","T4463209b",1,1.2,"orig.ident",0.00307692307692308
"7","T4463209b",2,1.2,"orig.ident",0.00854700854700855
"8","T4463209b",0,1.2,"orig.ident",0
"9","T4463209b",0,1.2,"orig.ident",0
"10","T4463209b",1,1.2,"orig.ident",0.00540540540540541
"11","T4463209b",0,1.2,"orig.ident",0
"12","T4463209b",1,1.2,"orig.ident",0.00943396226415094
"13","T4463209b",5,1.2,"orig.ident",0.0543478260869565
"14","T4463209b",0,1.2,"orig.ident",0
"15","T4463209b",0,1.2,"orig.ident",0
"0","T4465219",11,1.2,"orig.ident",0.0145695364238411
"1","T4465219",0,1.2,"orig.ident",0
"2","T4465219",0,1.2,"orig.ident",0
"3","T4465219",0,1.2,"orig.ident",0
"4","T4465219",1,1.2,"orig.ident",0.00223214285714286
"5","T4465219",67,1.2,"orig.ident",0.154377880184332
"6","T4465219",2,1.2,"orig.ident",0.00615384615384615
"7","T4465219",0,1.2,"orig.ident",0
"8","T4465219",0,1.2,"orig.ident",0
"9","T4465219",0,1.2,"orig.ident",0
"10","T4465219",1,1.2,"orig.ident",0.00540540540540541
"11","T4465219",0,1.2,"orig.ident",0
"12","T4465219",0,1.2,"orig.ident",0
"13","T4465219",0,1.2,"orig.ident",0
"14","T4465219",0,1.2,"orig.ident",0
"15","T4465219",0,1.2,"orig.ident",0
"0","T4465935",1,1.2,"orig.ident",0.00132450331125828
"1","T4465935",0,1.2,"orig.ident",0
"2","T4465935",0,1.2,"orig.ident",0
"3","T4465935",0,1.2,"orig.ident",0
"4","T4465935",2,1.2,"orig.ident",0.00446428571428571
"5","T4465935",17,1.2,"orig.ident",0.0391705069124424
"6","T4465935",0,1.2,"orig.ident",0
"7","T4465935",0,1.2,"orig.ident",0
"8","T4465935",0,1.2,"orig.ident",0
"9","T4465935",0,1.2,"orig.ident",0
"10","T4465935",0,1.2,"orig.ident",0
"11","T4465935",0,1.2,"orig.ident",0
"12","T4465935",0,1.2,"orig.ident",0
"13","T4465935",0,1.2,"orig.ident",0
"14","T4465935",0,1.2,"orig.ident",0
"15","T4465935",0,1.2,"orig.ident",0
"0","T4466585",3,1.2,"orig.ident",0.00397350993377483
"1","T4466585",0,1.2,"orig.ident",0
"2","T4466585",0,1.2,"orig.ident",0
"3","T4466585",0,1.2,"orig.ident",0
"4","T4466585",0,1.2,"orig.ident",0
"5","T4466585",23,1.2,"orig.ident",0.0529953917050691
"6","T4466585",0,1.2,"orig.ident",0
"7","T4466585",1,1.2,"orig.ident",0.00427350427350427
"8","T4466585",0,1.2,"orig.ident",0
"9","T4466585",0,1.2,"orig.ident",0
"10","T4466585",1,1.2,"orig.ident",0.00540540540540541
"11","T4466585",0,1.2,"orig.ident",0
"12","T4466585",0,1.2,"orig.ident",0
"13","T4466585",1,1.2,"orig.ident",0.0108695652173913
"14","T4466585",0,1.2,"orig.ident",0
"15","T4466585",0,1.2,"orig.ident",0
"0","T4469479",6,1.2,"orig.ident",0.00794701986754967
"1","T4469479",0,1.2,"orig.ident",0
"2","T4469479",0,1.2,"orig.ident",0
"3","T4469479",0,1.2,"orig.ident",0
"4","T4469479",1,1.2,"orig.ident",0.00223214285714286
"5","T4469479",42,1.2,"orig.ident",0.0967741935483871
"6","T4469479",2,1.2,"orig.ident",0.00615384615384615
"7","T4469479",0,1.2,"orig.ident",0
"8","T4469479",0,1.2,"orig.ident",0
"9","T4469479",0,1.2,"orig.ident",0
"10","T4469479",4,1.2,"orig.ident",0.0216216216216216
"11","T4469479",0,1.2,"orig.ident",0
"12","T4469479",0,1.2,"orig.ident",0
"13","T4469479",0,1.2,"orig.ident",0
"14","T4469479",0,1.2,"orig.ident",0
"15","T4469479",0,1.2,"orig.ident",0
"0","T4471438",18,1.2,"orig.ident",0.023841059602649
"1","T4471438",0,1.2,"orig.ident",0
"2","T4471438",0,1.2,"orig.ident",0
"3","T4471438",0,1.2,"orig.ident",0
"4","T4471438",6,1.2,"orig.ident",0.0133928571428571
"5","T4471438",90,1.2,"orig.ident",0.207373271889401
"6","T4471438",0,1.2,"orig.ident",0
"7","T4471438",1,1.2,"orig.ident",0.00427350427350427
"8","T4471438",0,1.2,"orig.ident",0
"9","T4471438",0,1.2,"orig.ident",0
"10","T4471438",6,1.2,"orig.ident",0.0324324324324324
"11","T4471438",1,1.2,"orig.ident",0.00813008130081301
"12","T4471438",1,1.2,"orig.ident",0.00943396226415094
"13","T4471438",0,1.2,"orig.ident",0
"14","T4471438",2,1.2,"orig.ident",0.0344827586206897
"15","T4471438",0,1.2,"orig.ident",0
"0","T8009218",2,1.2,"orig.ident",0.00264900662251656
"1","T8009218",0,1.2,"orig.ident",0
"2","T8009218",0,1.2,"orig.ident",0
"3","T8009218",0,1.2,"orig.ident",0
"4","T8009218",1,1.2,"orig.ident",0.00223214285714286
"5","T8009218",18,1.2,"orig.ident",0.0414746543778802
"6","T8009218",0,1.2,"orig.ident",0
"7","T8009218",1,1.2,"orig.ident",0.00427350427350427
"8","T8009218",0,1.2,"orig.ident",0
"9","T8009218",0,1.2,"orig.ident",0
"10","T8009218",3,1.2,"orig.ident",0.0162162162162162
"11","T8009218",0,1.2,"orig.ident",0
"12","T8009218",0,1.2,"orig.ident",0
"13","T8009218",7,1.2,"orig.ident",0.0760869565217391
"14","T8009218",0,1.2,"orig.ident",0
"15","T8009218",0,1.2,"orig.ident",0
"0","MIBC",349,1.2,"Type",0.462251655629139
"1","MIBC",17,1.2,"Type",0.022972972972973
"2","MIBC",35,1.2,"Type",0.0568181818181818
"3","MIBC",1,1.2,"Type",0.00166112956810631
"4","MIBC",161,1.2,"Type",0.359375
"5","MIBC",434,1.2,"Type",1
"6","MIBC",78,1.2,"Type",0.24
"7","MIBC",59,1.2,"Type",0.252136752136752
"8","MIBC",19,1.2,"Type",0.0875576036866359
"9","MIBC",3,1.2,"Type",0.0160427807486631
"10","MIBC",44,1.2,"Type",0.237837837837838
"11","MIBC",44,1.2,"Type",0.357723577235772
"12","MIBC",35,1.2,"Type",0.330188679245283
"13","MIBC",39,1.2,"Type",0.423913043478261
"14","MIBC",21,1.2,"Type",0.362068965517241
"15","MIBC",6,1.2,"Type",0.260869565217391
"0","NMIBC",369,1.2,"Type",0.488741721854305
"1","NMIBC",206,1.2,"Type",0.278378378378378
"2","NMIBC",230,1.2,"Type",0.373376623376623
"3","NMIBC",92,1.2,"Type",0.152823920265781
"4","NMIBC",269,1.2,"Type",0.600446428571429
"5","NMIBC",0,1.2,"Type",0
"6","NMIBC",176,1.2,"Type",0.541538461538462
"7","NMIBC",83,1.2,"Type",0.354700854700855
"8","NMIBC",68,1.2,"Type",0.313364055299539
"9","NMIBC",43,1.2,"Type",0.229946524064171
"10","NMIBC",38,1.2,"Type",0.205405405405405
"11","NMIBC",57,1.2,"Type",0.463414634146341
"12","NMIBC",53,1.2,"Type",0.5
"13","NMIBC",23,1.2,"Type",0.25
"14","NMIBC",36,1.2,"Type",0.620689655172414
"15","NMIBC",11,1.2,"Type",0.478260869565217
"0","Normal",37,1.2,"Type",0.0490066225165563
"1","Normal",517,1.2,"Type",0.698648648648649
"2","Normal",351,1.2,"Type",0.569805194805195
"3","Normal",509,1.2,"Type",0.845514950166113
"4","Normal",18,1.2,"Type",0.0401785714285714
"5","Normal",0,1.2,"Type",0
"6","Normal",71,1.2,"Type",0.218461538461538
"7","Normal",92,1.2,"Type",0.393162393162393
"8","Normal",130,1.2,"Type",0.599078341013825
"9","Normal",141,1.2,"Type",0.754010695187166
"10","Normal",103,1.2,"Type",0.556756756756757
"11","Normal",22,1.2,"Type",0.178861788617886
"12","Normal",18,1.2,"Type",0.169811320754717
"13","Normal",30,1.2,"Type",0.326086956521739
"14","Normal",1,1.2,"Type",0.0172413793103448
"15","Normal",6,1.2,"Type",0.260869565217391
"0","Normal",37,1.2,"T_stage",0.0490066225165563
"1","Normal",517,1.2,"T_stage",0.698648648648649
"2","Normal",351,1.2,"T_stage",0.569805194805195
"3","Normal",509,1.2,"T_stage",0.845514950166113
"4","Normal",18,1.2,"T_stage",0.0401785714285714
"5","Normal",0,1.2,"T_stage",0
"6","Normal",71,1.2,"T_stage",0.218461538461538
"7","Normal",92,1.2,"T_stage",0.393162393162393
"8","Normal",130,1.2,"T_stage",0.599078341013825
"9","Normal",141,1.2,"T_stage",0.754010695187166
"10","Normal",103,1.2,"T_stage",0.556756756756757
"11","Normal",22,1.2,"T_stage",0.178861788617886
"12","Normal",18,1.2,"T_stage",0.169811320754717
"13","Normal",30,1.2,"T_stage",0.326086956521739
"14","Normal",1,1.2,"T_stage",0.0172413793103448
"15","Normal",6,1.2,"T_stage",0.260869565217391
"0","T1",53,1.2,"T_stage",0.0701986754966887
"1","T1",1,1.2,"T_stage",0.00135135135135135
"2","T1",5,1.2,"T_stage",0.00811688311688312
"3","T1",1,1.2,"T_stage",0.00166112956810631
"4","T1",25,1.2,"T_stage",0.0558035714285714
"5","T1",0,1.2,"T_stage",0
"6","T1",44,1.2,"T_stage",0.135384615384615
"7","T1",14,1.2,"T_stage",0.0598290598290598
"8","T1",9,1.2,"T_stage",0.0414746543778802
"9","T1",0,1.2,"T_stage",0
"10","T1",5,1.2,"T_stage",0.027027027027027
"11","T1",14,1.2,"T_stage",0.113821138211382
"12","T1",9,1.2,"T_stage",0.0849056603773585
"13","T1",1,1.2,"T_stage",0.0108695652173913
"14","T1",9,1.2,"T_stage",0.155172413793103
"15","T1",0,1.2,"T_stage",0
"0","T2",68,1.2,"T_stage",0.0900662251655629
"1","T2",0,1.2,"T_stage",0
"2","T2",1,1.2,"T_stage",0.00162337662337662
"3","T2",1,1.2,"T_stage",0.00166112956810631
"4","T2",25,1.2,"T_stage",0.0558035714285714
"5","T2",236,1.2,"T_stage",0.543778801843318
"6","T2",20,1.2,"T_stage",0.0615384615384615
"7","T2",6,1.2,"T_stage",0.0256410256410256
"8","T2",4,1.2,"T_stage",0.0184331797235023
"9","T2",0,1.2,"T_stage",0
"10","T2",9,1.2,"T_stage",0.0486486486486487
"11","T2",6,1.2,"T_stage",0.0487804878048781
"12","T2",4,1.2,"T_stage",0.0377358490566038
"13","T2",6,1.2,"T_stage",0.0652173913043478
"14","T2",4,1.2,"T_stage",0.0689655172413793
"15","T2",0,1.2,"T_stage",0
"0","T3",7,1.2,"T_stage",0.00927152317880795
"1","T3",0,1.2,"T_stage",0
"2","T3",3,1.2,"T_stage",0.00487012987012987
"3","T3",0,1.2,"T_stage",0
"4","T3",4,1.2,"T_stage",0.00892857142857143
"5","T3",18,1.2,"T_stage",0.0414746543778802
"6","T3",1,1.2,"T_stage",0.00307692307692308
"7","T3",3,1.2,"T_stage",0.0128205128205128
"8","T3",1,1.2,"T_stage",0.00460829493087558
"9","T3",0,1.2,"T_stage",0
"10","T3",3,1.2,"T_stage",0.0162162162162162
"11","T3",2,1.2,"T_stage",0.016260162601626
"12","T3",0,1.2,"T_stage",0
"13","T3",7,1.2,"T_stage",0.0760869565217391
"14","T3",1,1.2,"T_stage",0.0172413793103448
"15","T3",0,1.2,"T_stage",0
"0","T4",28,1.2,"T_stage",0.0370860927152318
"1","T4",0,1.2,"T_stage",0
"2","T4",0,1.2,"T_stage",0
"3","T4",0,1.2,"T_stage",0
"4","T4",8,1.2,"T_stage",0.0178571428571429
"5","T4",176,1.2,"T_stage",0.405529953917051
"6","T4",2,1.2,"T_stage",0.00615384615384615
"7","T4",4,1.2,"T_stage",0.0170940170940171
"8","T4",0,1.2,"T_stage",0
"9","T4",1,1.2,"T_stage",0.0053475935828877
"10","T4",18,1.2,"T_stage",0.0972972972972973
"11","T4",1,1.2,"T_stage",0.00813008130081301
"12","T4",2,1.2,"T_stage",0.0188679245283019
"13","T4",22,1.2,"T_stage",0.239130434782609
"14","T4",2,1.2,"T_stage",0.0344827586206897
"15","T4",1,1.2,"T_stage",0.0434782608695652
"0",NA,562,1.2,"T_stage",0.744370860927152
"1",NA,222,1.2,"T_stage",0.3
"2",NA,256,1.2,"T_stage",0.415584415584416
"3",NA,91,1.2,"T_stage",0.151162790697674
"4",NA,368,1.2,"T_stage",0.821428571428571
"5",NA,4,1.2,"T_stage",0.00921658986175115
"6",NA,187,1.2,"T_stage",0.575384615384615
"7",NA,115,1.2,"T_stage",0.491452991452991
"8",NA,73,1.2,"T_stage",0.336405529953917
"9",NA,45,1.2,"T_stage",0.240641711229947
"10",NA,47,1.2,"T_stage",0.254054054054054
"11",NA,78,1.2,"T_stage",0.634146341463415
"12",NA,73,1.2,"T_stage",0.688679245283019
"13",NA,26,1.2,"T_stage",0.282608695652174
"14",NA,41,1.2,"T_stage",0.706896551724138
"15",NA,16,1.2,"T_stage",0.695652173913043
"0","N0",87,1.2,"N_stage",0.11523178807947
"1","N0",1,1.2,"N_stage",0.00135135135135135
"2","N0",5,1.2,"N_stage",0.00811688311688312
"3","N0",1,1.2,"N_stage",0.00166112956810631
"4","N0",46,1.2,"N_stage",0.102678571428571
"5","N0",0,1.2,"N_stage",0
"6","N0",57,1.2,"N_stage",0.175384615384615
"7","N0",17,1.2,"N_stage",0.0726495726495727
"8","N0",13,1.2,"N_stage",0.0599078341013825
"9","N0",1,1.2,"N_stage",0.0053475935828877
"10","N0",7,1.2,"N_stage",0.0378378378378378
"11","N0",20,1.2,"N_stage",0.16260162601626
"12","N0",12,1.2,"N_stage",0.113207547169811
"13","N0",1,1.2,"N_stage",0.0108695652173913
"14","N0",13,1.2,"N_stage",0.224137931034483
"15","N0",0,1.2,"N_stage",0
"0","N3",5,1.2,"N_stage",0.00662251655629139
"1","N3",0,1.2,"N_stage",0
"2","N3",3,1.2,"N_stage",0.00487012987012987
"3","N3",0,1.2,"N_stage",0
"4","N3",3,1.2,"N_stage",0.00669642857142857
"5","N3",0,1.2,"N_stage",0
"6","N3",1,1.2,"N_stage",0.00307692307692308
"7","N3",2,1.2,"N_stage",0.00854700854700855
"8","N3",1,1.2,"N_stage",0.00460829493087558
"9","N3",0,1.2,"N_stage",0
"10","N3",0,1.2,"N_stage",0
"11","N3",2,1.2,"N_stage",0.016260162601626
"12","N3",0,1.2,"N_stage",0
"13","N3",0,1.2,"N_stage",0
"14","N3",1,1.2,"N_stage",0.0172413793103448
"15","N3",0,1.2,"N_stage",0
"0","Normal",37,1.2,"N_stage",0.0490066225165563
"1","Normal",517,1.2,"N_stage",0.698648648648649
"2","Normal",351,1.2,"N_stage",0.569805194805195
"3","Normal",509,1.2,"N_stage",0.845514950166113
"4","Normal",18,1.2,"N_stage",0.0401785714285714
"5","Normal",0,1.2,"N_stage",0
"6","Normal",71,1.2,"N_stage",0.218461538461538
"7","Normal",92,1.2,"N_stage",0.393162393162393
"8","Normal",130,1.2,"N_stage",0.599078341013825
"9","Normal",141,1.2,"N_stage",0.754010695187166
"10","Normal",103,1.2,"N_stage",0.556756756756757
"11","Normal",22,1.2,"N_stage",0.178861788617886
"12","Normal",18,1.2,"N_stage",0.169811320754717
"13","Normal",30,1.2,"N_stage",0.326086956521739
"14","Normal",1,1.2,"N_stage",0.0172413793103448
"15","Normal",6,1.2,"N_stage",0.260869565217391
"0",NA,626,1.2,"N_stage",0.829139072847682
"1",NA,222,1.2,"N_stage",0.3
"2",NA,257,1.2,"N_stage",0.417207792207792
"3",NA,92,1.2,"N_stage",0.152823920265781
"4",NA,381,1.2,"N_stage",0.850446428571429
"5",NA,434,1.2,"N_stage",1
"6",NA,196,1.2,"N_stage",0.603076923076923
"7",NA,123,1.2,"N_stage",0.525641025641026
"8",NA,73,1.2,"N_stage",0.336405529953917
"9",NA,45,1.2,"N_stage",0.240641711229947
"10",NA,75,1.2,"N_stage",0.405405405405405
"11",NA,79,1.2,"N_stage",0.642276422764228
"12",NA,76,1.2,"N_stage",0.716981132075472
"13",NA,61,1.2,"N_stage",0.66304347826087
"14",NA,43,1.2,"N_stage",0.741379310344828
"15",NA,17,1.2,"N_stage",0.739130434782609
"0","M0",92,1.2,"M_stage",0.121854304635762
"1","M0",1,1.2,"M_stage",0.00135135135135135
"2","M0",8,1.2,"M_stage",0.012987012987013
"3","M0",1,1.2,"M_stage",0.00166112956810631
"4","M0",49,1.2,"M_stage",0.109375
"5","M0",0,1.2,"M_stage",0
"6","M0",58,1.2,"M_stage",0.178461538461538
"7","M0",19,1.2,"M_stage",0.0811965811965812
"8","M0",14,1.2,"M_stage",0.0645161290322581
"9","M0",1,1.2,"M_stage",0.0053475935828877
"10","M0",7,1.2,"M_stage",0.0378378378378378
"11","M0",22,1.2,"M_stage",0.178861788617886
"12","M0",12,1.2,"M_stage",0.113207547169811
"13","M0",1,1.2,"M_stage",0.0108695652173913
"14","M0",14,1.2,"M_stage",0.241379310344828
"15","M0",0,1.2,"M_stage",0
"0","Normal",37,1.2,"M_stage",0.0490066225165563
"1","Normal",517,1.2,"M_stage",0.698648648648649
"2","Normal",351,1.2,"M_stage",0.569805194805195
"3","Normal",509,1.2,"M_stage",0.845514950166113
"4","Normal",18,1.2,"M_stage",0.0401785714285714
"5","Normal",0,1.2,"M_stage",0
"6","Normal",71,1.2,"M_stage",0.218461538461538
"7","Normal",92,1.2,"M_stage",0.393162393162393
"8","Normal",130,1.2,"M_stage",0.599078341013825
"9","Normal",141,1.2,"M_stage",0.754010695187166
"10","Normal",103,1.2,"M_stage",0.556756756756757
"11","Normal",22,1.2,"M_stage",0.178861788617886
"12","Normal",18,1.2,"M_stage",0.169811320754717
"13","Normal",30,1.2,"M_stage",0.326086956521739
"14","Normal",1,1.2,"M_stage",0.0172413793103448
"15","Normal",6,1.2,"M_stage",0.260869565217391
"0",NA,626,1.2,"M_stage",0.829139072847682
"1",NA,222,1.2,"M_stage",0.3
"2",NA,257,1.2,"M_stage",0.417207792207792
"3",NA,92,1.2,"M_stage",0.152823920265781
"4",NA,381,1.2,"M_stage",0.850446428571429
"5",NA,434,1.2,"M_stage",1
"6",NA,196,1.2,"M_stage",0.603076923076923
"7",NA,123,1.2,"M_stage",0.525641025641026
"8",NA,73,1.2,"M_stage",0.336405529953917
"9",NA,45,1.2,"M_stage",0.240641711229947
"10",NA,75,1.2,"M_stage",0.405405405405405
"11",NA,79,1.2,"M_stage",0.642276422764228
"12",NA,76,1.2,"M_stage",0.716981132075472
"13",NA,61,1.2,"M_stage",0.66304347826087
"14",NA,43,1.2,"M_stage",0.741379310344828
"15",NA,17,1.2,"M_stage",0.739130434782609
