"p_val","avg_log2FC","pct.1","pct.2","p_val_adj","cluster","gene"
0,4.55683319444907,0.107,0.005,0,"0","ENSG00000289150"
0,3.82038373816432,0.103,0.01,0,"0","HP"
0,3.1342665571237,0.764,0.205,0,"0","S100A12"
0,2.91757586304479,0.391,0.059,0,"0","PROK2"
1.01134804494006e-243,2.905411991317,0.207,0.069,9.10324488730996e-239,"0","GPAT4-AS1"
0,2.87354752670753,0.933,0.467,0,"0","S100A8"
0,2.81292802315481,0.173,0.032,0,"0","ENSG00000301069"
0,2.78004231594421,0.948,0.644,0,"0","S100A9"
2.38139641295481e-321,2.75330943793324,0.184,0.044,2.14351872526475e-316,"0","ENSG00000287535"
0,2.73237931578825,0.615,0.147,0,"0","MCTP2"
2.52174215088921e-314,2.60465619781333,0.133,0.023,2.26984532743689e-309,"0","VNN3P.1"
0,2.56402187057784,0.38,0.091,0,"0","RBP7"
0,2.50523250845534,0.224,0.042,0,"0","STEAP4"
0,2.50412693755439,0.403,0.084,0,"0","SERPINB2"
1.52629890892329e-293,2.44410568812951,0.167,0.039,1.37383691091094e-288,"0","FOLR3"
2.57141406034535e-319,2.4050487507371,0.151,0.03,2.31455550985745e-314,"0","F5"
1.94061781113649e-282,2.39061063606421,0.231,0.076,1.74676949798207e-277,"0","ENSG00000233461"
0,2.35682014811783,0.257,0.071,0,"0","CLEC4D"
1.32334753099311e-207,2.35592123064396,0.103,0.021,1.19115834612221e-202,"0","NFE2"
1.03560211195065e-242,2.29203079070077,0.137,0.031,9.32155816987898e-238,"0","ENSG00000308579"
0,2.2680040389129,0.218,0.058,0,"0","MIR223HG"
0,2.26074783336504,0.458,0.137,0,"0","MCEMP1"
1.78996156557425e-158,2.24523971885042,0.106,0.028,1.61116230478903e-153,"0","ENSG00000296746"
0,2.21330012412746,0.392,0.107,0,"0","VNN2"
1.03309993227486e-251,2.20630486717109,0.159,0.041,9.29903580039925e-247,"0","MTND5P32"
1.68051014954767e-211,2.18035081230911,0.124,0.03,1.51264399070935e-206,"0","LIN7A"
0,2.17315075395126,0.467,0.164,0,"0","ENSG00000274213"
1.2134180913343e-188,2.13451063322472,0.174,0.06,1.09220975819092e-183,"0","ENSG00000303426"
2.71680347632162e-125,2.134176148392,0.104,0.032,2.44542197707185e-120,"0","ENSG00000294841"
0,2.12539983695593,0.269,0.076,0,"0","PTX3"
6.80971678684064e-137,2.10805096259052,0.101,0.029,6.12949417700313e-132,"0","ENSG00000299998"
7.5308127574598e-148,2.09921519980295,0.114,0.034,6.77855987111714e-143,"0","ENSG00000261596"
0,2.07590097779008,0.495,0.148,0,"0","FCAR"
0,2.06827001020459,0.279,0.087,0,"0","ENSG00000287216"
0,2.04814992344803,0.406,0.132,0,"0","LIPN"
6.24757364608863e-192,2.003338055713,0.153,0.047,5.62350351458084e-187,"0","ENSG00000310025"
0,1.99903860868559,0.352,0.102,0,"0","CDA"
2.4795967973458e-112,1.97393109546081,0.111,0.039,2.23190987325893e-107,"0","NAMPT-AS1"
0,1.97095136156816,0.568,0.193,0,"0","TNFAIP6"
3.34086782852388e-217,1.96878192986979,0.355,0.186,3.00714854113263e-212,"0","H1-2"
0,1.94301688883146,0.437,0.149,0,"0","SELL"
0,1.93135060939955,0.789,0.381,0,"0","VCAN"
0,1.92514514102352,0.284,0.09,0,"0","CATIP"
7.46807295618417e-182,1.91845293271885,0.159,0.052,6.72208714859093e-177,"0","DGAT2"
2.45123211234007e-118,1.88323784599042,0.119,0.042,2.20637853663842e-113,"0","ENSG00000289424"
0,1.88090202176245,0.781,0.327,0,"0","FCN1"
0,1.87397132696178,0.502,0.239,0,"0","LILRA5"
0,1.86633186255044,0.232,0.053,0,"0","PADI4"
4.5160654789731e-122,1.84462310375562,0.13,0.048,4.06495569827848e-117,"0","ENSG00000303865"
0,1.84393467312878,0.4,0.147,0,"0","MIR3945HG"
3.88200811975582e-175,1.8415811765969,0.158,0.053,3.49423432867342e-170,"0","ENSG00000230492"
2.83226656060798e-144,1.82830191790235,0.127,0.041,2.54935145386885e-139,"0","NLRP12"
0,1.82733889910584,0.315,0.115,0,"0","CKAP4"
0,1.8249223776846,0.561,0.281,0,"0","DUSP6"
3.46463236073925e-103,1.81585025433055,0.27,0.159,3.118550234225e-98,"0","CXCL1"
0,1.81561300305713,0.683,0.351,0,"0","NLRP3"
1.73393113872603e-109,1.80522032187675,0.147,0.061,1.56072875727869e-104,"0","F3"
0,1.79968852449032,0.728,0.446,0,"0","CXCL2"
3.93889828632949e-127,1.79905744752178,0.118,0.04,3.54544173650804e-122,"0","ENSG00000273004"
5.28899791814886e-82,1.79428149871889,0.1,0.039,4.76067991610497e-77,"0","ENSG00000302660"
2.15404624827647e-115,1.79305849704686,0.113,0.039,1.93887856853613e-110,"0","ADAMTSL4-AS2"
3.68265124641906e-307,1.78720029802714,0.351,0.151,3.31479121341426e-302,"0","GK5"
5.05889430201465e-270,1.7761473251047,0.299,0.123,4.5535613501864e-265,"0","BST1"
1.47616325284911e-228,1.76112644102627,0.158,0.044,1.32870930552201e-223,"0","ENSG00000286076"
9.36475706611715e-149,1.75820247689512,0.159,0.058,8.42931148278271e-144,"0","ENSG00000251194"
3.78270429732923e-233,1.74908175081532,0.164,0.046,3.40484996506901e-228,"0","APOBEC3B"
0,1.72944519163117,0.865,0.503,0,"0","IL1B"
0,1.72884871678532,0.825,0.557,0,"0","CD55"
0,1.68584532361564,0.497,0.276,0,"0","METTL9"
6.21156314922069e-104,1.68051127382718,0.154,0.069,5.59109010624504e-99,"0","ENSG00000283839"
6.58718162682092e-119,1.67844966296324,0.202,0.098,5.92918805411778e-114,"0","ENSG00000226824"
6.21053480769553e-174,1.6569082895233,0.292,0.147,5.59016448575482e-169,"0","HPSE"
2.9485108126658e-239,1.65040940697792,0.257,0.098,2.65398406758861e-234,"0","CYP1B1"
1.62582457783648e-243,1.6446222671138,0.303,0.132,1.4634209607564e-238,"0","ICAM3"
1.47797389045955e-156,1.64429305601236,0.15,0.051,1.33033907854155e-151,"0","FFAR2"
0,1.63714411850698,0.626,0.31,0,"0","EHD1"
2.26892585689158e-230,1.63441752675418,0.458,0.286,2.04228285304668e-225,"0","SLC39A8"
0,1.62342876639025,0.463,0.233,0,"0","ENSG00000308028"
0,1.61413495703926,0.555,0.285,0,"0","MAP3K20"
7.25089374777061e-76,1.60098515085899,0.129,0.06,6.5266019713058e-71,"0","ENSG00000299339"
0,1.60013934738441,0.643,0.356,0,"0","ANPEP"
1.82104568585207e-154,1.5964807535775,0.2,0.084,1.6391414322923e-149,"0","NRGN"
0,1.59236047602146,0.576,0.275,0,"0","CD300E"
5.14760970434468e-68,1.59040502513551,0.1,0.043,4.63341497097769e-63,"0","RNVU1-27"
1.33510718641455e-83,1.56532623909455,0.137,0.063,1.2017433295636e-78,"0","ASGR2"
1.49966095029195e-190,1.55779334161822,0.235,0.097,1.34985981796729e-185,"0","ENSG00000279602"
0,1.54970031296655,0.404,0.166,0,"0","TMEM71"
0,1.54962578807925,0.66,0.4,0,"0","ANTXR2"
3.94280607504107e-59,1.53809738743629,0.151,0.085,3.54895917620522e-54,"0","FRAT2"
8.45262830511166e-132,1.53541826033927,0.167,0.068,7.60829526371405e-127,"0","ENSG00000287937"
7.67039522285564e-98,1.53430652830418,0.131,0.054,6.90419944404459e-93,"0","SMARCD3"
5.82050103823995e-90,1.52957281609251,0.249,0.15,5.23909118953016e-85,"0","TNFSF8"
7.48176802739004e-247,1.52861418167419,0.332,0.151,6.73441421913405e-242,"0","DYSF"
1.11323469643261e-81,1.52753210214535,0.122,0.053,1.00203368260596e-76,"0","PRDM8"
5.8743142255847e-91,1.51911268191643,0.111,0.044,5.28752897759105e-86,"0","ENSG00000289931"
0,1.51661785442305,0.844,0.364,0,"0","AQP9"
2.05988229647569e-103,1.51448279451708,0.127,0.05,1.85412065388074e-98,"0","DLGAP1-AS2"
8.71068060417937e-166,1.50359071637876,0.24,0.108,7.8405707186279e-161,"0","CDKN2D"
6.97687343695405e-225,1.49733577919101,0.344,0.169,6.27995354933671e-220,"0","ENSG00000257764"
0,1.49671410498628,0.91,0.704,0,"0","ATP2B1"
0,4.46727581222593,0.192,0.02,0,"1","LYVE1"
0,3.66001881067153,0.158,0.014,0,"1","CXCL12"
0,3.6424668151322,0.726,0.11,0,"1","SELENOP"
0,3.57850028606972,0.364,0.043,0,"1","LILRB5"
0,3.32338669859291,0.267,0.033,0,"1","CD209"
0,3.31792941881154,0.216,0.026,0,"1","CCL13"
0,3.24546512484566,0.571,0.106,0,"1","SLC40A1"
0,3.14215112234983,0.693,0.208,0,"1","F13A1"
0,3.09400726317343,0.436,0.069,0,"1","ME1"
0,3.0824856883638,0.173,0.024,0,"1","EDA"
0,3.07683033157282,0.383,0.067,0,"1","CD163L1"
0,3.07325295744338,0.631,0.114,0,"1","FOLR2"
0,2.96177000865534,0.186,0.025,0,"1","IGSF21"
0,2.95658870348965,0.609,0.128,0,"1","PLTP"
3.52653015259165e-223,2.93506150199376,0.12,0.022,3.17426505564927e-218,"1","HS3ST2"
0,2.73403096205844,0.198,0.029,0,"1","TMEM37"
0,2.73039061232342,0.329,0.051,0,"1","IGF1"
0,2.72285259512654,0.176,0.031,0,"1","SPTLC3"
4.39357106562293e-214,2.66961339803185,0.106,0.018,3.95469725187785e-209,"1","PLXDC1"
0,2.59990566201998,0.696,0.168,0,"1","RNASE1"
3.24333891875162e-261,2.55785030521522,0.144,0.028,2.91936179415752e-256,"1","GFRA2"
0,2.54043117969801,0.375,0.089,0,"1","COLEC12"
0,2.53244729389475,0.568,0.126,0,"1","KCNMA1"
0,2.49622669573632,0.422,0.084,0,"1","SDC3"
3.69693480195725e-208,2.46938321842601,0.124,0.026,3.32764798458974e-203,"1","RNF150"
1.51532832579988e-277,2.44959326350882,0.153,0.029,1.36396217933573e-272,"1","CNRIP1"
0,2.43522258012711,0.662,0.189,0,"1","MAF"
0,2.41751317027047,0.311,0.073,0,"1","PRKN"
3.95618262613679e-116,2.37316181749686,0.101,0.028,3.56099954361199e-111,"1","ZNF704"
0,2.3626899904587,0.715,0.215,0,"1","DAB2"
5.61500330297666e-214,2.35862361756034,0.141,0.032,5.05412062304232e-209,"1","ENSG00000309350"
0,2.34088821269249,0.459,0.149,0,"1","FAM20A"
0,2.33535172938839,0.515,0.127,0,"1","BNC2"
0,2.33527612518659,0.271,0.067,0,"1","FARP1"
0,2.33132810204832,0.502,0.15,0,"1","PDGFC"
7.31648623591494e-175,2.30957347175831,0.118,0.027,6.5856424258094e-170,"1","TFCP2L1"
0,2.30434199712082,0.876,0.347,0,"1","LGMN"
4.73318833926345e-195,2.29296692486501,0.111,0.022,4.26039015605443e-190,"1","DIP2C"
6.04339072323865e-316,2.29206791465526,0.145,0.023,5.43971642389434e-311,"1","CCL8"
0,2.29050241309197,0.24,0.053,0,"1","EPHX1"
0,2.27329320547634,0.462,0.108,0,"1","C2"
1.72074663646097e-253,2.27038205861349,0.158,0.034,1.54886125494489e-248,"1","LINC00996"
1.37556230237704e-253,2.27013922515247,0.256,0.082,1.2381573839926e-248,"1","PDK4"
0,2.26916142568929,0.238,0.055,0,"1","CCL18"
6.97641311740278e-244,2.25749622259119,0.17,0.04,6.27953921110541e-239,"1","STON2"
3.33647609985448e-288,2.25433811827541,0.187,0.042,3.00319550224001e-283,"1","EYA2"
5.78096226028851e-136,2.25426903874482,0.119,0.033,5.20350194010829e-131,"1","KHDRBS2"
0,2.25105310415178,0.34,0.068,0,"1","SLC7A8"
2.95361519315966e-173,2.24991462818438,0.108,0.023,2.65857857151494e-168,"1","ANK2"
0,2.24874386179752,0.32,0.08,0,"1","ITGA9"
8.27145163085086e-252,2.24707027221716,0.161,0.035,7.44521632744517e-247,"1","ACE"
0,2.24547737407925,0.545,0.158,0,"1","STARD13"
1.06903684881242e-117,2.23732159365662,0.108,0.031,9.62250757984549e-113,"1","GPR85"
0,2.22751388440648,0.727,0.193,0,"1","SLCO2B1"
1.29156427033275e-198,2.22325145122496,0.144,0.035,1.16254991536921e-193,"1","CTTNBP2"
2.97208854056723e-291,2.20858903216834,0.219,0.056,2.67520661624997e-286,"1","SLC18B1"
0,2.20410959035393,0.466,0.125,0,"1","FUCA1"
5.1473052272213e-139,2.20127484083618,0.1,0.024,4.63314090807417e-134,"1","ENSG00000227531"
6.35087878561201e-161,2.19048958152121,0.122,0.03,5.71648950371722e-156,"1","PIK3R3"
0,2.18511500504291,0.466,0.114,0,"1","GPR34"
0,2.17537899878293,0.253,0.065,0,"1","ARHGAP6"
4.22143475507704e-309,2.16612899837841,0.226,0.056,3.7997556373924e-304,"1","DIRC3"
0,2.15162386123313,0.726,0.191,0,"1","FRMD4A"
0,2.15143753132485,0.772,0.282,0,"1","STAB1"
0,2.14297432355185,0.322,0.08,0,"1","TMEM117"
7.54753412296999e-257,2.126353356952,0.202,0.053,6.79361093942652e-252,"1","TGFB2"
3.44262466427563e-149,2.1204734903096,0.171,0.058,3.09874088656114e-144,"1","ALPK3"
0,2.11853546502634,0.282,0.077,0,"1","GATM"
0,2.11821000306484,0.273,0.063,0,"1","GAL3ST4"
1.483298675658e-145,2.10163024958389,0.104,0.025,1.33513197094652e-140,"1","SLC46A1"
1.14974068370916e-244,2.08501115796862,0.24,0.074,1.03489308681345e-239,"1","CABLES1"
2.23745611820045e-316,2.08373033646642,0.238,0.06,2.01395662655341e-311,"1","HSD17B14"
9.34393468424482e-155,2.08127073998506,0.187,0.065,8.4105690486356e-150,"1","GIPC2"
1.98714446058461e-237,2.07853831459947,0.184,0.047,1.78864860041681e-232,"1","HECTD2"
4.69955242324194e-320,2.07799959619961,0.248,0.065,4.2301141316843e-315,"1","PER3"
8.90819655857234e-198,2.07736647111084,0.123,0.026,8.01835680433654e-193,"1","RAB3IL1"
5.34510551549766e-305,2.07546277522242,0.343,0.126,4.8111829255546e-300,"1","GGTA1"
0,2.06542636800076,0.425,0.161,0,"1","WWP1"
0,2.06396727112395,0.943,0.356,0,"1","C1QA"
1.13454850190366e-195,2.058340234778,0.137,0.032,1.0212184520485e-190,"1","AL356124.1"
1.07056951093216e-172,2.05385328528872,0.159,0.046,9.63630322485143e-168,"1","HPGDS"
7.48540622890349e-234,2.04569012379074,0.158,0.036,6.73768900069832e-229,"1","ADORA3"
5.62179983720066e-180,2.04295768944817,0.144,0.038,5.06023825146269e-175,"1","SLC12A5"
0,2.0428281103264,0.267,0.073,0,"1","ESR1"
4.11375547566718e-233,2.0272560779395,0.165,0.039,3.70283244120278e-228,"1","ANOS1"
1.02716838758705e-137,2.02699821940399,0.102,0.025,9.24564537350982e-133,"1","PRR5"
0,2.0240585320724,0.413,0.111,0,"1","SIGLEC1"
0,2.01996684914281,0.329,0.088,0,"1","OLFML2B"
3.77955882946986e-111,2.01944119897625,0.138,0.048,3.40201869799411e-106,"1","ENSG00000253557"
7.51297014957277e-94,2.01567423112322,0.111,0.038,6.76249956133195e-89,"1","NPHS1"
1.51350847962351e-154,2.00900213869141,0.122,0.031,1.36232411759392e-149,"1","SPATA7"
0,2.00299364121469,0.373,0.116,0,"1","IL2RA"
6.20629620646885e-137,2.00163714276852,0.103,0.025,5.58634927840468e-132,"1","ECM1"
0,1.99931830472066,0.575,0.208,0,"1","AP2A2"
0,1.99798978331493,0.737,0.282,0,"1","MS4A4A"
3.52901489486114e-144,1.99388381617866,0.158,0.051,3.17650159701346e-139,"1","NAV2"
1.00759969497729e-156,1.98740774553811,0.127,0.033,9.06950561446008e-152,"1","PROS1"
2.39754514868012e-161,1.98656991400486,0.172,0.055,2.15805436377847e-156,"1","ARMC2"
0,1.98609944373472,0.552,0.176,0,"1","MERTK"
0,1.97400828389676,0.361,0.106,0,"1","GPR155"
0,5.40522358756411,0.179,0.004,0,"2","CD207"
0,5.01620671654596,0.121,0.006,0,"2","CLEC4F"
0,4.95208793611697,0.234,0.009,0,"2","CD1A"
0,4.90725350241635,0.586,0.034,0,"2","CD1C"
0,4.48043042302892,0.422,0.025,0,"2","CD1E"
0,4.45979684481142,0.526,0.032,0,"2","FCER1A"
0,3.73890803506408,0.12,0.009,0,"2","ENSG00000176320"
0,3.64562569210951,0.339,0.032,0,"2","PPP1R14A"
0,3.62198145015779,0.202,0.017,0,"2","RASAL1"
0,3.54377952094586,0.137,0.011,0,"2","CD1B"
0,3.4421240436099,0.642,0.1,0,"2","PKIB"
0,3.3298746166536,0.15,0.016,0,"2","GNAO1"
0,3.32793821909199,0.339,0.095,0,"2","S100B"
0,3.31864362776562,0.119,0.011,0,"2","ENSG00000205037"
0,3.16297582029796,0.378,0.085,0,"2","LTB"
0,3.13186866082458,0.37,0.069,0,"2","TCTN3"
0,3.02897311853668,0.181,0.021,0,"2","ENSG00000291111"
0,2.96113388426013,0.176,0.022,0,"2","ENSG00000232628"
0,2.89465658443554,0.154,0.02,0,"2","LINC02182"
0,2.81156043938394,0.182,0.023,0,"2","PARM1"
0,2.8027566419565,0.472,0.146,0,"2","PLEKHA5"
1.04751412996609e-280,2.78964321671069,0.107,0.012,9.42877943523773e-276,"2","CLEC17A"
0,2.77467099338826,0.632,0.145,0,"2","CLEC10A"
0,2.75510567247419,0.301,0.053,0,"2","ENSG00000293488"
0,2.73070045311137,0.67,0.131,0,"2","CST7"
0,2.72759559027453,0.262,0.061,0,"2","HLA-DQB2"
0,2.72381925566255,0.174,0.025,0,"2","PPP1R16A"
1.09595866838354e-274,2.68978378292319,0.144,0.024,9.8648335699871e-270,"2","TNFRSF18"
4.50249174884017e-233,2.64247934832077,0.124,0.021,4.05273784804853e-228,"2","IGLON5"
0,2.64243883210166,0.218,0.034,0,"2","ENSG00000291156"
0,2.62410496943631,0.445,0.073,0,"2","SLC38A1"
0,2.59974596200723,0.19,0.035,0,"2","ENSG00000270099"
2.5179392257208e-227,2.58795032586265,0.12,0.02,2.26642227646354e-222,"2","ENSG00000261448"
0,2.56009658428613,0.345,0.069,0,"2","NDRG2"
1.12235999117055e-149,2.54743709097423,0.101,0.021,1.01024745165252e-144,"2","ENSG00000296331"
9.74471144333489e-245,2.53280326422302,0.127,0.02,8.77131221726017e-240,"2","AKAP6"
0,2.50721734083893,0.349,0.092,0,"2","CALCRL"
0,2.48903166721352,0.174,0.022,0,"2","GIPR"
0,2.48214108287278,0.477,0.107,0,"2","AFF3"
0,2.45294046968297,0.575,0.16,0,"2","ENTPD1-AS1"
0,2.43236636793081,0.238,0.037,0,"2","SPIB"
2.19136218971843e-131,2.40530183891455,0.124,0.034,1.97246702058745e-126,"2","AKAP12"
7.61750699041167e-241,2.38017036394951,0.175,0.039,6.85659421713945e-236,"2","ENSG00000296297"
1.09583760247588e-319,2.37668920007275,0.165,0.027,9.86374384364569e-315,"2","P2RY10"
2.56927308675079e-182,2.35353880260886,0.14,0.033,2.31262839811525e-177,"2","GNG4"
0,2.32887026679541,0.279,0.052,0,"2","WFDC21P.1"
0,2.30958314469173,0.281,0.063,0,"2","RAMP1"
0,2.28889396063703,0.596,0.173,0,"2","ADAM19"
0,2.28429798330359,0.618,0.157,0,"2","MCOLN2"
1.01114918736771e-194,2.276051675702,0.121,0.024,9.10145495041548e-190,"2","EBF4"
0,2.24075186365911,0.401,0.097,0,"2","ENSG00000267476"
0,2.21238741844422,0.193,0.031,0,"2","HOMER2"
0,2.20864677807186,0.23,0.047,0,"2","BCL7A"
1.30359542525493e-159,2.20582060965215,0.135,0.034,1.17337927822621e-154,"2","PLEK2"
0,2.20247693333472,0.802,0.344,0,"2","PPA1"
0,2.18567514681847,0.216,0.027,0,"2","CCL22"
1.10139681755459e-182,2.09690693665515,0.128,0.028,9.91378289449058e-178,"2","ELAVL4"
0,2.09650289678675,0.696,0.185,0,"2","CCSER1"
0,2.08496280009051,0.731,0.311,0,"2","ENTPD1"
2.41564910095104e-165,2.07621194006642,0.137,0.034,2.17434991225704e-160,"2","ENSG00000285909"
5.6238123244516e-168,2.07457956636131,0.164,0.046,5.06204971136213e-163,"2","SUSD3"
0,2.06788610219328,0.501,0.14,0,"2","ST18"
1.12006645967431e-154,2.0331175503916,0.108,0.023,1.00818302101744e-149,"2","ENSG00000258380"
0,2.02103461936385,0.562,0.257,0,"2","HLA-DQA2"
6.07713025951005e-260,1.99273932763687,0.181,0.039,5.47008571788759e-255,"2","IL1R1-AS1"
0,1.94657748275014,0.462,0.11,0,"2","NAPSB.1"
0,1.92887817819753,0.859,0.442,0,"2","RALA"
3.83047309555824e-198,1.9183695320794,0.148,0.033,3.44784713804293e-193,"2","FHIP1A"
0,1.89546827942261,0.703,0.273,0,"2","RUNX3"
0,1.891618218692,0.324,0.083,0,"2","CYP2S1"
0,1.89099867829364,0.683,0.258,0,"2","GPAT3"
0,1.88428827314554,0.979,0.639,0,"2","HLA-DQB1"
0,1.86059355749162,0.382,0.116,0,"2","NRARP"
0,1.85784432313266,0.363,0.071,0,"2","CCR7"
0,1.85314214905684,0.42,0.117,0,"2","GPR157"
3.16652343770597e-291,1.84219162095316,0.287,0.083,2.85021941151352e-286,"2","NOPCHAP1"
3.24390319896332e-239,1.83619196378825,0.23,0.064,2.91986970841888e-234,"2","TVP23A"
0,1.82797409599005,0.411,0.147,0,"2","CD80"
2.75108348871401e-116,1.82537314595898,0.202,0.081,2.47627775902637e-111,"2","PLPP1"
1.92848012821053e-253,1.81162975393249,0.232,0.062,1.73584424820358e-248,"2","ENSG00000309943"
0,1.80957124650716,0.411,0.09,0,"2","IRF4"
5.3594224478413e-226,1.78758434833911,0.187,0.046,4.82406973952643e-221,"2","HIC1"
0,1.77889083185886,0.598,0.211,0,"2","AXL"
1.49681382658486e-158,1.77788832058431,0.13,0.032,1.3472970934473e-153,"2","TRABD2A"
3.93967906754163e-169,1.77054957137944,0.146,0.037,3.5461445254849e-164,"2","CALCRL-AS1"
1.67536179949525e-115,1.76392454769614,0.113,0.031,1.50800990934367e-110,"2","UTF1"
0,1.7541464435652,0.383,0.111,0,"2","RHOF"
3.84067055315887e-285,1.7539869508588,0.311,0.096,3.45702597160383e-280,"2","BCAR3"
0,1.7501876184337,0.643,0.277,0,"2","RRN3P2"
0,1.74108821428264,0.42,0.128,0,"2","ZBTB46"
1.57287932827445e-161,1.73349374808186,0.141,0.036,1.41576441217311e-156,"2","ENSG00000285932"
5.94631868508801e-138,1.7322871287893,0.128,0.034,5.35234091163457e-133,"2","AP4B1-AS1"
4.33064651139191e-116,1.72924519983629,0.113,0.031,3.89805823136897e-111,"2","ENSG00000295326"
1.24456365538511e-97,1.72343854828763,0.113,0.035,1.12024419184869e-92,"2","CC2D2B"
0,1.70859950317241,0.389,0.106,0,"2","CCND2"
1.10432889007664e-134,1.70639798659013,0.121,0.031,9.94017477246884e-130,"2","ZNF366"
5.6090006315014e-103,1.70273038560959,0.18,0.071,5.04871755842073e-98,"2","ACOT7"
0,1.70200786748795,0.579,0.237,0,"2","DAPP1"
4.0553319091027e-195,1.69715377157135,0.191,0.053,3.65024480470243e-190,"2","CCDC26"
0,1.69520718832982,0.989,0.73,0,"2","HLA-DPB1"
6.18691633843952e-169,2.82465884438982,0.112,0.02,5.56890526539279e-164,"3","ENSG00000308842"
0,2.56226706793217,0.391,0.102,0,"3","TNIP3"
8.41341375123483e-141,2.52903708414713,0.102,0.019,7.57299785162398e-136,"3","ITGB8-AS1"
2.68117603250225e-232,2.50083841356805,0.236,0.062,2.4133533586156e-227,"3","F3"
0,2.40063491420109,0.249,0.05,0,"3","ENSG00000287535"
1.98360604581247e-152,2.38438878602159,0.184,0.053,1.78546363789626e-147,"3","APOBEC3B"
0,2.34153136308523,0.83,0.32,0,"3","CXCL3"
2.01182667416555e-200,2.29947414801917,0.162,0.035,1.81086530768315e-195,"3","THBS1-IT1"
2.39496960243954e-143,2.24582288239754,0.108,0.021,2.15573608885185e-138,"3","UMLILO"
0,2.2419575205405,0.505,0.13,0,"3","ENSG00000304732"
1.23588722562391e-313,2.22541931179563,0.339,0.095,1.11243445065634e-308,"3","IL6"
0,2.22093207673742,0.427,0.108,0,"3","SERPINB2"
2.59029304843199e-148,2.20891233662208,0.115,0.023,2.33154867582412e-143,"3","ENSG00000308538"
0,2.17158811820299,0.425,0.12,0,"3","ITGB8"
0,2.1692927738232,0.588,0.228,0,"3","CCL3L3"
1.28087214182385e-114,2.13681031374447,0.102,0.023,1.15292582357706e-109,"3","ENSG00000253593"
5.31284969519095e-190,2.0972507343212,0.19,0.048,4.78214913913832e-185,"3","MN1"
5.92878775009496e-323,2.08883881775973,0.308,0.077,5.33656114173797e-318,"3","ENSG00000259345"
1.47922651516115e-227,2.0810099455158,0.229,0.058,1.3314665785617e-222,"3","ENSG00000299339"
2.52569571384942e-196,2.0623442424809,0.179,0.042,2.273403968993e-191,"3","ENSG00000305988"
1.38808539438661e-196,2.04143525878868,0.252,0.077,1.24942954434133e-191,"3","GPAT4-AS1"
8.24284457976256e-189,2.03296264574383,0.203,0.054,7.41946683469007e-184,"3","ENSG00000289526"
3.96382594659188e-260,2.01253110933207,0.246,0.06,3.56787937278682e-255,"3","ENSG00000251194"
0,1.97311900891641,0.363,0.096,0,"3","ENSG00000287216"
0,1.96735860332576,0.933,0.453,0,"3","CXCL2"
9.83115838158986e-220,1.96236480581602,0.21,0.051,8.84912397085285e-215,"3","ENSG00000310025"
7.0122953159203e-76,1.94248857358692,0.106,0.033,6.31183713681302e-71,"3","ENSG00000297460"
0,1.93596018611385,0.956,0.405,0,"3","EREG"
0,1.93381302402125,0.759,0.324,0,"3","THBS1"
2.77305533948356e-153,1.9239382895632,0.181,0.051,2.49605484162255e-148,"3","TMEM158"
1.26189501844412e-49,1.91851868626703,0.118,0.05,1.13584432505174e-44,"3","SLAMF1"
2.10533765790489e-184,1.90856227034937,0.224,0.065,1.89503547925677e-179,"3","ENSG00000303426"
0,1.89556943090721,0.754,0.316,0,"3","PID1"
0,1.87645098461508,0.587,0.219,0,"3","CCL20"
4.70095738585284e-121,1.86185682963621,0.135,0.036,4.23137875258e-116,"3","ENSG00000307215"
2.87891212923658e-170,1.84429694307696,0.273,0.097,2.59133759664714e-165,"3","ABTB3"
9.94269589408254e-114,1.84315531272004,0.115,0.028,8.94952000122263e-109,"3","ENSG00000299715"
0,1.84006973565256,0.573,0.207,0,"3","MAILR"
1.53409933157744e-87,1.83554739807317,0.107,0.03,1.38085814934617e-82,"3","ATXN1-AS1"
0,1.82527943313998,0.624,0.287,0,"3","SLC39A8"
1.58661733993659e-110,1.82362788486595,0.127,0.035,1.42813013385033e-105,"3","ENSG00000303647"
6.70740731004468e-188,1.82013037111206,0.191,0.048,6.03740439384431e-183,"3","MTND5P32"
6.11098809985195e-127,1.80923317733304,0.224,0.083,5.50056149855774e-122,"3","ENSG00000299949"
4.11701591132044e-93,1.80682635478884,0.105,0.028,3.70576719193865e-88,"3","ACOD1"
3.18762881759733e-130,1.80524011958263,0.188,0.061,2.86921657500753e-125,"3","ENSG00000286185"
9.6363889970746e-97,1.80316836103669,0.117,0.033,8.67381010015682e-92,"3","ENSG00000307891"
0,1.79694367279833,0.593,0.203,0,"3","SLC30A4-AS1"
8.15697597673853e-104,1.79226784075664,0.144,0.045,7.34217564642212e-99,"3","RNVU1-27"
0,1.78593648380962,0.97,0.71,0,"3","TIMP1"
1.2500249700808e-83,1.78374099489942,0.111,0.033,1.12515997581943e-78,"3","ENSG00000303204"
1.32678475752064e-85,1.77000480836206,0.109,0.032,1.1942522280919e-80,"3","ENSG00000278607"
0,1.76045267242977,0.521,0.164,0,"3","IL1A"
0,1.74958748824475,0.977,0.523,0,"3","IL1B"
1.68474095731005e-124,1.74579371950131,0.152,0.044,1.51645218308435e-119,"3","PIK3R5-DT"
8.55763997727372e-63,1.74484181170383,0.121,0.046,7.70281731994385e-58,"3","ENSG00000295151"
1.63391472705402e-99,1.7353919110941,0.159,0.054,1.47070298496859e-94,"3","SNORD3B-1"
6.44801293917712e-218,1.72451945768064,0.313,0.104,5.80392092668272e-213,"3","PTGER2"
2.32718045005608e-142,1.72016639034753,0.286,0.116,2.09471839489998e-137,"3","INHBA"
3.80846696187344e-230,1.70667657323663,0.328,0.109,3.42803919705191e-225,"3","ENSG00000303809"
1.41122687986001e-120,1.69702159534124,0.328,0.159,1.27025942683079e-115,"3","PALM2AKAP2"
8.77524651322501e-225,1.69286865899142,0.307,0.098,7.89868713901897e-220,"3","ENSG00000226824"
1.33150375163163e-172,1.67248709008905,0.222,0.066,1.19849984188114e-167,"3","ENSG00000290441"
0,1.67186113839943,0.797,0.369,0,"3","NLRP3"
1.35438040149752e-163,1.67075664600183,0.286,0.106,1.21909134319193e-158,"3","ENSG00000287979"
3.23207238981401e-210,1.66410285610308,0.313,0.105,2.90922067879549e-205,"3","ENSG00000279166"
2.32561317473941e-109,1.65237238227745,0.15,0.046,2.09330767471469e-104,"3","ENSG00000289424"
4.25241986300304e-76,1.65208982169004,0.132,0.047,3.82764564288766e-71,"3","ENSG00000295095"
2.21312518676452e-99,1.646932921154,0.154,0.051,1.99205611185861e-94,"3","ENSG00000289439"
6.45936062328055e-82,1.64085342515275,0.113,0.035,5.81413509062106e-77,"3","ENSG00000241886"
2.64324414981652e-107,1.63981574381328,0.214,0.084,2.37921049169135e-102,"3","ABHD17C"
9.01191157879569e-85,1.63936269744758,0.171,0.067,8.11171173118979e-80,"3","ENSG00000276216"
8.08747976090652e-72,1.63588000606676,0.107,0.034,7.27962140758957e-67,"3","ENSG00000296746"
3.92619269972302e-142,1.63161357552882,0.162,0.044,3.53400531094768e-137,"3","ENSG00000301069"
0,1.62915234401437,0.817,0.416,0,"3","IL1RN"
0,1.62656048582516,0.689,0.297,0,"3","MAP3K20"
4.01652785129435e-193,1.6213043170108,0.322,0.117,3.61531688422855e-188,"3","ENSG00000234261"
2.18143856577294e-20,1.61657981278846,0.107,0.062,1.96353466743788e-15,"3","TNFSF15"
3.23100743284646e-95,1.60930028886995,0.187,0.072,2.90826210037943e-90,"3","ENSG00000288818"
2.12942744151952e-55,1.59543702990263,0.111,0.042,1.91671893438614e-50,"3","ENSG00000299722"
5.10133500056401e-208,1.58793481725106,0.332,0.119,4.59176264735767e-203,"3","ELOVL7"
3.75650927219595e-92,1.58117490011234,0.11,0.031,3.3812715609963e-87,"3","LINC02458"
1.28274746178594e-64,1.57222479916136,0.115,0.041,1.15461381782814e-59,"3","KBTBD11"
1.78850950385805e-68,1.5697038570764,0.109,0.037,1.60985528951767e-63,"3","ENSG00000277969"
2.84886238472131e-142,1.56637577285138,0.346,0.156,2.5642895211115e-137,"3","MMP19"
3.0775871602652e-99,1.55575725752521,0.157,0.053,2.77016697882631e-94,"3","ENSG00000303865"
1.06327273714992e-217,1.55541230288668,0.418,0.171,9.57062423436014e-213,"3","SERPINB9P1"
2.42623848549857e-122,1.55519412424112,0.256,0.104,2.18388152318212e-117,"3","ENSG00000273338"
2.32397723688017e-153,1.54798389946192,0.255,0.09,2.09183515068821e-148,"3","ATP13A3-DT"
8.59818887982847e-108,1.5400471560896,0.216,0.085,7.7393157926224e-103,"3","TFPI"
0,1.53791562772428,0.681,0.291,0,"3","CD300E"
1.60089334326179e-79,1.52919358555813,0.126,0.042,1.44098010720337e-74,"3","ENSG00000302660"
3.05710498463927e-312,1.52886580584791,0.601,0.264,2.75173076772366e-307,"3","PLCB1"
1.37288743097565e-212,1.52556303061894,0.419,0.175,1.2357497054955e-207,"3","MAMLD1"
7.06316919931391e-65,1.51838100606644,0.122,0.045,6.35762922799445e-60,"3","ENSG00000288612"
4.82762127616344e-66,1.51122905387603,0.108,0.037,4.34539018688747e-61,"3","GJB2"
4.49676168214489e-142,1.51041935946199,0.239,0.085,4.04758015771543e-137,"3","ZNF697"
0,1.48787612137969,0.638,0.297,0,"3","DUSP6"
4.19969788925075e-46,1.48583597195279,0.106,0.043,3.78019006709349e-41,"3","ENSG00000290122"
1.5431091993786e-173,1.4857611530751,0.259,0.085,1.38896802145267e-168,"3","ENSG00000255299"
0,1.48467573059166,0.734,0.327,0,"3","EHD1"
0,6.44648529927721,0.491,0.012,0,"4","AC006369.1"
0,6.42709953874112,0.133,0.003,0,"4","AC022498.1"
0,6.22322864896606,0.534,0.021,0,"4","AC005050.3"
0,6.11840593232329,0.445,0.025,0,"4","AL049651.1"
0,6.06805562133962,0.138,0.006,0,"4","AC093425.1"
0,5.95354282750821,0.256,0.016,0,"4","FBXL13"
0,5.85906860856435,0.246,0.012,0,"4","AC004917.1"
0,5.84996202984135,0.491,0.016,0,"4","FCGR3B"
0,5.59112522027912,0.161,0.007,0,"4","DARS-AS1"
0,5.55909467109842,0.12,0.011,0,"4","AC009303.2"
0,5.4231514243048,0.105,0.005,0,"4","AC007271.1"
0,5.41572599898929,0.16,0.009,0,"4","CXCR2"
0,5.20594025602616,0.222,0.029,0,"4","AC084871.1"
0,5.18600286648082,0.179,0.015,0,"4","EPHB1"
0,5.130241027565,0.166,0.011,0,"4","PI3"
0,5.12747142826804,0.193,0.021,0,"4","AC009522.1"
0,5.10694857247864,0.126,0.005,0,"4","BTNL8"
0,5.10281385806644,0.236,0.023,0,"4","AC023157.3"
0,4.97676548770206,0.188,0.014,0,"4","AC007032.1"
0,4.95351672464038,0.474,0.038,0,"4","ADGRG3"
0,4.91103793630017,0.103,0.007,0,"4","TGM3"
0,4.8541924817824,0.174,0.013,0,"4","AC079209.1"
1.02247742356265e-181,4.81803025872708,0.104,0.016,9.20342153722979e-177,"4","EDN1"
2.40526763031592e-208,4.74246465905221,0.118,0.018,2.16500544672366e-203,"4","AC009630.1"
0,4.72095348508573,0.245,0.024,0,"4","CMTM2"
6.82797779144433e-300,4.67991533719937,0.121,0.013,6.14593108985696e-295,"4","MME"
0,4.65014285608226,0.251,0.027,0,"4","AL034397.3"
0,4.580248930597,0.135,0.014,0,"4","AC243829.1"
2.49895179193516e-224,4.53610485235599,0.108,0.014,2.24933149743876e-219,"4","AC087239.1"
0,4.5218414500837,0.267,0.041,0,"4","AC015912.3"
2.35935313539267e-297,4.46454697018523,0.463,0.227,2.1236773506983e-292,"4","KATNBL1"
1.0984078164336e-307,4.42195147060758,0.135,0.016,9.88687859650046e-303,"4","AL391832.2"
1.54620330809519e-222,4.40864201428802,0.139,0.024,1.39175305964956e-217,"4","LINC02422"
0,4.39914154446943,0.472,0.072,0,"4","CCL3L1"
0,4.36382039020986,0.451,0.084,0,"4","HSD11B1-AS1"
0,4.25979723140728,0.244,0.048,0,"4","IL18R1"
9.41377979418117e-264,4.250368423108,0.147,0.023,8.47343733054041e-259,"4","LSMEM1"
2.22153056140586e-188,4.20826471399019,0.102,0.015,1.99962187362703e-183,"4","AC079753.2"
5.27593566072705e-303,4.20294572170091,0.161,0.024,4.74892244757702e-298,"4","AL163541.1"
0,4.20177884074852,0.338,0.066,0,"4","AZIN1-AS1"
0,4.18775158509168,0.24,0.04,0,"4","AL499604.1"
1.86122524032005e-208,4.16562231183465,0.214,0.06,1.67530745106448e-203,"4","ZNF429"
0,4.15331633952065,0.53,0.086,0,"4","SMIM25"
8.32645310493765e-204,4.12910392457323,0.115,0.018,7.49472370428542e-199,"4","ADORA2A"
0,4.0903837852111,0.308,0.063,0,"4","PCBP1-AS1"
0,4.01340024303744,0.228,0.035,0,"4","AC015871.1"
4.39742607745167e-168,4.00409464635391,0.128,0.027,3.95816718657502e-163,"4","AC099489.1"
0,4.00288926526503,0.587,0.159,0,"4","ALDH1A2"
1.85607902050822e-158,4.0001319784723,0.114,0.023,1.67067528714966e-153,"4","AC106865.2"
1.07155374824672e-277,3.98808143001158,0.22,0.05,9.64516244334354e-273,"4","LINC01366"
1.45726742681283e-164,3.96166460571694,0.144,0.034,1.3117009835485e-159,"4","AC011476.3"
0,3.95056551609127,0.665,0.128,0,"4","ADAMTSL4-AS1"
1.42078426922184e-181,3.84691695340167,0.127,0.024,1.27886212856927e-176,"4","AC091271.1"
0,3.82869513330304,0.384,0.107,0,"4","KCNJ15"
0,3.80175185667242,0.673,0.316,0,"4","CPD"
1.83282632479277e-183,3.79706936954303,0.154,0.035,1.64974530320922e-178,"4","AC104695.4"
1.82589022981086e-137,3.7697771080589,0.114,0.025,1.64350205475505e-132,"4","CEACAM3"
8.54164052978334e-141,3.72908952725102,0.211,0.077,7.68841605726328e-136,"4","LINC00862"
2.84453935463998e-109,3.68405244435323,0.109,0.028,2.56039831850499e-104,"4","FGF13"
2.08703619953302e-195,3.67270986997266,0.162,0.037,1.87856215356167e-190,"4","AC005920.2"
5.24358920732179e-242,3.65130918087444,0.253,0.073,4.71980708140242e-237,"4","IFITM1"
1.37821074454343e-160,3.6380738728529,0.116,0.023,1.24054127327099e-155,"4","AC005280.2"
0,3.6314052152108,0.399,0.076,0,"4","AL078604.4"
1.36327409358432e-230,3.62959533108365,0.283,0.095,1.22709664437618e-225,"4","HCAR3"
2.68982186503919e-110,3.61771457236765,0.11,0.028,2.42113555894042e-105,"4","AL691403.1"
3.0719479917466e-144,3.60590512150528,0.138,0.035,2.76509110685103e-139,"4","AP001011.1"
1.02612651829417e-55,3.60522259321059,0.141,0.065,9.23626740381766e-51,"4","RSAD2"
0,3.59793226988854,0.913,0.639,0,"4","CXCL8"
0,3.5965930139711,0.877,0.218,0,"4","H3F3B"
0,3.59327260890513,0.326,0.089,0,"4","AP003086.1"
2.77554955623121e-159,3.5605731998596,0.2,0.064,2.49829991105928e-154,"4","MGAM"
1.48717972362787e-105,3.52090253827366,0.129,0.039,1.33862534103469e-100,"4","TBC1D30"
0,3.51571634384889,0.439,0.095,0,"4","AC022217.3"
7.05369435380123e-134,3.49675537748263,0.142,0.039,6.34910082480002e-129,"4","U62317.4"
7.5192239704951e-91,3.46458329223278,0.202,0.091,6.76812868808234e-86,"4","IFIT3"
5.70053700359576e-108,3.46352973391341,0.111,0.029,5.13111036230658e-103,"4","AL021707.1"
5.05572104697038e-315,3.46068921711721,0.414,0.166,4.55070507158851e-310,"4","PPCDC"
0,3.4516677497519,0.523,0.173,0,"4","IL1R2"
0,3.4198368042291,0.74,0.556,0,"4","IFITM2"
0,3.41559965489726,0.688,0.237,0,"4","RABGEF1"
4.53140165094447e-180,3.36290747576419,0.247,0.087,4.07875994003162e-175,"4","HCAR2"
1.13020111942575e-201,3.3508299207129,0.237,0.074,1.01730532960632e-196,"4","LINC01004"
0,3.34032624768916,0.538,0.269,0,"4","RESF1"
2.14516427718594e-95,3.31498676857334,0.416,0.291,1.93088381753784e-90,"4","CCL4L2"
1.94526409936007e-73,3.31221410203234,0.131,0.05,1.750951668475e-68,"4","ZNF493"
7.96187813024693e-65,3.30707903497094,0.115,0.043,7.16656612381656e-60,"4","IFIT1"
7.25300091518877e-169,3.29756371569203,0.277,0.11,6.52849865377057e-164,"4","BMP6"
2.89349981677678e-81,3.2759935663971,0.108,0.034,2.60446812007895e-76,"4","AC104695.2"
2.11540892148327e-234,3.27446011203157,0.333,0.13,1.9041007243163e-229,"4","TMEM154"
2.69184242487905e-59,3.2638859054885,0.237,0.146,2.42295428505788e-54,"4","RMND5A"
2.99370807456527e-173,3.23562660975564,0.22,0.071,2.69466657499694e-168,"4","AC016831.7"
0,3.23274732521848,0.803,0.437,0,"4","LUCAT1"
0,3.20943060754225,0.665,0.186,0,"4","FAM49B"
2.49589948258761e-52,3.20910054908769,0.102,0.04,2.24658408327193e-47,"4","DDX58"
1.19495463199944e-213,3.1992827369961,0.214,0.058,1.07559061380901e-208,"4","AC025580.2"
0,3.12965454189829,0.639,0.325,0,"4","NEDD9"
7.82213321362304e-99,3.12532318089877,0.139,0.046,7.04078032691424e-94,"4","AC008105.3"
4.20951166631665e-118,3.11247276258637,0.284,0.145,3.78902354596828e-113,"4","FGGY"
6.68900593682817e-315,3.097752362702,0.322,0.095,6.0208411337984e-310,"4","AC020916.1"
1.53905160432856e-55,3.08069086381447,0.195,0.109,1.38531573957218e-50,"4","TECPR2"
7.27458636624171e-254,3.37511295986944,0.194,0.039,6.54792793411783e-249,"5","APOC2"
0,3.29614591559589,0.273,0.06,0,"5","CCL18"
0,3.21191856583234,0.874,0.273,0,"5","APOE"
0,3.21190601088103,0.854,0.265,0,"5","APOC1"
2.51479807687229e-282,2.96422764026416,0.187,0.033,2.26359489697352e-277,"5","FABP3"
7.1895419459136e-259,2.90463849964059,0.179,0.033,6.47137860093629e-254,"5","RAB42"
7.14770853762894e-315,2.82188729157831,0.261,0.057,6.43372393180519e-310,"5","NUPR1"
0,2.71788478423197,0.603,0.151,0,"5","TREM2"
0,2.71393759441178,0.428,0.141,0,"5","FUCA1"
1.08596706742679e-131,2.63295269852381,0.127,0.03,9.77489817061532e-127,"5","RBP1"
6.62188115964543e-225,2.59930517734438,0.184,0.039,5.96042145060845e-220,"5","ADORA3"
0,2.58534899987737,0.747,0.228,0,"5","GPNMB"
0,2.58525764190008,0.332,0.087,0,"5","ADAMDEC1"
1.11306063088361e-264,2.55195040200686,0.215,0.046,1.00187700446464e-259,"5","OTOA"
0,2.52392356026807,0.646,0.244,0,"5","ACP5"
0,2.50372504311954,0.946,0.356,0,"5","C1QB"
0,2.48918584927097,0.309,0.068,0,"5","GAL3ST4"
0,2.48725727721399,0.923,0.321,0,"5","C1QC"
1.88350456151738e-170,2.4814069700357,0.212,0.062,1.6953612908674e-165,"5","RARRES1"
7.51957820231488e-300,2.46674909223853,0.296,0.075,6.76844753568565e-295,"5","OLFML3"
0,2.42022836699821,0.963,0.644,0,"5","CTSD"
9.2535047842938e-191,2.39923016667796,0.168,0.037,8.32917219139069e-186,"5","TMEM37"
0,2.3885299436931,0.496,0.13,0,"5","SLC40A1"
3.8815703465846e-204,2.38805993535508,0.371,0.148,3.49384028466426e-199,"5","IFI27"
0,2.33765589254839,0.952,0.378,0,"5","C1QA"
0,2.33184118053237,0.422,0.125,0,"5","C2"
0,2.31975145560174,0.696,0.332,0,"5","CD68"
0,2.3082093995759,0.446,0.143,0,"5","DNASE2"
1.62851259477796e-151,2.27911508495373,0.159,0.04,1.46584047168559e-146,"5","ACE"
1.23461643903685e-150,2.2701891620964,0.195,0.058,1.11129060294146e-145,"5","TMIGD3"
0,2.26905505733917,0.636,0.258,0,"5","LIPA"
2.69357127268426e-172,2.25953651415435,0.291,0.106,2.42451043825583e-167,"5","GCHFR"
1.2769032934759e-157,2.25344529276677,0.133,0.028,1.14935342349059e-152,"5","KLHDC8B"
0,2.24504417092148,0.587,0.197,0,"5","RNASE1"
1.54122848456848e-183,2.24000590831614,0.22,0.062,1.38727517124494e-178,"5","EPHX1"
0,2.23375214375437,0.425,0.131,0,"5","GPR34"
0,2.22306662494685,0.471,0.146,0,"5","FOLR2"
0,2.21999002409034,0.744,0.336,0,"5","PLD3"
0,2.21752485222689,0.665,0.216,0,"5","A2M"
1.43599445737241e-280,2.20642846569596,0.328,0.095,1.29255297102548e-275,"5","VAT1"
0,2.16426238534423,0.5,0.151,0,"5","SELENOP"
2.43967806123092e-127,2.14875393829971,0.178,0.055,2.19597861969457e-122,"5","TMEM35B"
1.28207373057367e-124,2.13901197721621,0.136,0.035,1.15400738562667e-119,"5","TMEM86A"
3.81149071901106e-90,2.11919034721418,0.139,0.045,3.43076091108904e-85,"5","CHCHD6"
0,2.11347954609441,0.802,0.373,0,"5","LGMN"
5.02451800166793e-175,2.1027132702715,0.278,0.098,4.52261889848132e-170,"5","TNFSF13"
0,2.08301560306963,0.811,0.421,0,"5","CD81"
6.83287822876672e-104,2.06601069498773,0.141,0.042,6.15034202249521e-99,"5","SLC12A5"
4.22769711595873e-26,2.05337575089907,0.102,0.053,3.80539245104561e-21,"5","GPX1"
0,2.04750800338291,0.498,0.155,0,"5","PLTP"
1.74429923792875e-186,2.04456248490734,0.248,0.076,1.57006118705205e-181,"5","PRXL2A"
6.05556097200919e-295,2.04018156865095,0.445,0.165,5.45067098651519e-290,"5","TSPAN4"
4.819437159402e-266,2.03706027371505,0.34,0.103,4.33802358154933e-261,"5","SDC3"
6.39018162172637e-280,2.03496210615684,0.494,0.207,5.75186637953212e-275,"5","CD59"
1.46342485832772e-245,2.02859208549758,0.334,0.106,1.31724334922937e-240,"5","SCD"
4.41946680462112e-86,2.0021405435832,0.108,0.03,3.97800626550751e-81,"5","P2RY11"
8.54723502362612e-213,1.98406514964321,0.245,0.067,7.69345171711611e-208,"5","HSD17B14"
0,1.97985812932209,0.649,0.239,0,"5","DAB2"
2.97023604652188e-237,1.95489805164023,0.339,0.111,2.67353916783481e-232,"5","ACP2"
3.61889894066384e-311,1.95407735440425,0.513,0.208,3.25740712548093e-306,"5","AKR1B1"
2.07903559962285e-219,1.93314711078045,0.417,0.171,1.87136073357652e-214,"5","SERPING1"
0,1.93041889160212,0.663,0.305,0,"5","MS4A4A"
4.67275013651483e-254,1.92808814730738,0.423,0.159,4.20598912537836e-249,"5","LGALS3BP"
3.7827650167605e-84,1.91170888245363,0.102,0.028,3.40490461923629e-79,"5","SLC46A1"
1.06757199783399e-93,1.86410806387972,0.159,0.055,9.60932230970355e-89,"5","DBNDD2"
4.31475498702875e-62,1.86341659090276,0.107,0.037,3.88375411137445e-57,"5","LINC02611"
1.36716181555638e-162,1.86227718783454,0.278,0.1,1.23059602180045e-157,"5","ALDH1A1"
5.93151173936567e-72,1.8615938902102,0.101,0.031,5.33901303172043e-67,"5","LINC01857"
4.8523768347658e-97,1.85862800686805,0.153,0.05,4.36767291274104e-92,"5","CD209"
3.75576785970946e-99,1.85708266297187,0.153,0.05,3.38060420820308e-94,"5","SLC2A8"
3.0206074800955e-104,1.84238268099139,0.188,0.068,2.71887899890876e-99,"5","HTRA1"
4.8752898386489e-88,1.83831078244682,0.128,0.04,4.38829713666626e-83,"5","HAGHL"
4.70097701158163e-98,1.83200428306016,0.178,0.064,4.23139641789474e-93,"5","NAGLU"
3.13340682724828e-55,1.79917346398381,0.138,0.058,2.82041081927445e-50,"5","MMP12"
2.8338476706722e-264,1.79381485672323,0.574,0.285,2.55077462684875e-259,"5","PLA2G7"
0,1.78392814311357,0.869,0.541,0,"5","CTSC"
1.68189800038129e-162,1.77767369970353,0.291,0.108,1.5138932091232e-157,"5","GLMP"
1.18332071061376e-107,1.77521642648272,0.219,0.085,1.06511880483055e-102,"5","C9orf16"
1.69165590492795e-133,1.77124582624555,0.28,0.114,1.5226763965847e-128,"5","CD99"
5.61918623135236e-90,1.76698144572567,0.129,0.04,5.05788571870257e-85,"5","CCL13"
2.08394314866724e-153,1.7613819867041,0.259,0.092,1.87577806754687e-148,"5","CXCL9"
0,1.75859736012768,1,0.989,0,"5","FTL"
0,1.75779319782258,0.709,0.314,0,"5","FCGR3A"
0,1.74779339585175,0.833,0.528,0,"5","CAPG"
3.21933174830156e-320,1.74003835106392,0.605,0.275,2.89775269996372e-315,"5","CD9"
7.90334693429836e-67,1.73990399157163,0.143,0.056,7.1138816090313e-62,"5","PNPO"
1.27466579276858e-193,1.73028331126995,0.399,0.17,1.14733942672893e-188,"5","DNPH1"
4.73142427075642e-158,1.71722024515341,0.342,0.143,4.25880230035056e-153,"5","TFPT"
1.16657611409416e-130,1.7168748621926,0.309,0.135,1.05004682605729e-125,"5","TCN2"
0,1.71116661509022,0.962,0.738,0,"5","CTSB"
0,1.7096647799673,0.626,0.222,0,"5","SLCO2B1"
1.1104567902553e-169,1.7082279557851,0.374,0.162,9.99533261476698e-165,"5","HLA-DOA"
4.25728487554713e-104,1.70648524286276,0.209,0.08,3.83202468932873e-99,"5","SLC35F6"
0,1.69959504301499,0.741,0.419,0,"5","CREG1"
1.40671273088514e-131,1.69886730260087,0.213,0.072,1.26619619619702e-126,"5","NR1H3"
3.8384012358874e-235,1.69728742988602,0.555,0.281,3.45498333643461e-230,"5","GM2A"
2.82803135381552e-136,1.69325521748228,0.275,0.109,2.54553930188289e-131,"5","LTC4S"
8.87470816185763e-55,1.66465656847112,0.102,0.036,7.98821356356967e-50,"5","TMEM220"
5.44417499378689e-124,1.65932062147408,0.225,0.081,4.90035635365752e-119,"5","PLA2G15"
9.54792696384966e-178,1.65682447347994,0.382,0.164,8.59418453943072e-173,"5","TNFSF12"
0,4.74533164378564,0.225,0.009,0,"6","BTBD11"
0,4.6909162792492,0.192,0.008,0,"6","AC013652.1"
0,4.37349604581073,0.167,0.011,0,"6","AL157871.4"
0,4.29401861699989,0.132,0.006,0,"6","AC037198.1"
0,4.07173707150213,0.107,0.004,0,"6","AL133330.1"
1.43970729198139e-320,3.98288620312217,0.11,0.008,1.29589493058537e-315,"6","AC253572.2"
0,3.90207661482787,0.594,0.064,0,"6","WARS"
0,3.86801083501493,0.12,0.007,0,"6","AC139099.2"
0,3.8324284701129,0.123,0.008,0,"6","IQCJ-SCHIP1"
0,3.73885273099952,0.128,0.008,0,"6","CRLF2"
0,3.68635285277318,0.22,0.014,0,"6","PLCXD1"
0,3.62216688231882,0.313,0.025,0,"6","AL138720.1"
0,3.59216497979074,0.211,0.014,0,"6","CDC42EP2"
0,3.56791490140113,0.58,0.063,0,"6","FAM102B"
8.12546096271883e-297,3.50181552543739,0.12,0.011,7.31380866715285e-292,"6","AC103591.3"
0,3.45687186332737,0.139,0.01,0,"6","AF064858.1"
0,3.43185772464208,0.316,0.038,0,"6","TWISTNB"
0,3.42998027658292,0.179,0.017,0,"6","AC012447.1"
2.32329450640001e-280,3.4183551296907,0.104,0.009,2.09122061815571e-275,"6","AL592429.2"
2.11029842028623e-241,3.40635938441813,0.113,0.013,1.89950071108384e-236,"6","AL021155.5"
0,3.35800827310735,0.158,0.017,0,"6","AC007952.4"
0,3.28270905568173,0.228,0.02,0,"6","AC020656.1"
0,3.2621226196286,0.142,0.012,0,"6","CYB5D1"
0,3.25446702259695,0.34,0.043,0,"6","AC018362.1"
0,3.22808607106133,0.614,0.06,0,"6","AC007384.1"
0,3.18033666445877,0.372,0.043,0,"6","AC009093.2"
0,3.13652043554851,0.217,0.027,0,"6","AC087286.2"
0,3.12366269950571,0.43,0.05,0,"6","GRASP"
0,3.11055948271263,0.184,0.014,0,"6","AC090617.10"
1.57444865521499e-309,3.09146619425912,0.148,0.017,1.41717697904556e-304,"6","AC018682.1"
0,3.08737244879026,0.231,0.018,0,"6","LINC00884"
0,3.08593231401718,0.189,0.023,0,"6","AC007216.4"
0,3.08477384225284,0.243,0.023,0,"6","AC004687.1"
0,3.07341382363888,0.117,0.01,0,"6","AC007686.4"
0,3.07143742001573,0.219,0.017,0,"6","AC090617.5"
0,3.06313791558461,0.163,0.017,0,"6","AL512603.2"
0,3.05700890587595,0.256,0.027,0,"6","AC025164.1"
0,3.0476098943976,0.324,0.04,0,"6","CFP"
2.3060507379402e-278,3.04268984735055,0.121,0.013,2.07569932972735e-273,"6","AC092803.1"
0,3.02766664534042,0.164,0.019,0,"6","AP000331.1"
4.91049846920289e-242,3.00448872861652,0.105,0.011,4.41998877711421e-237,"6","AL355075.4"
2.63290470749538e-38,3.0009072113136,0.106,0.045,2.36990385626366e-33,"6","CXCL5"
0,2.97265486832816,0.372,0.053,0,"6","WDR61"
0,2.97139903559718,0.747,0.101,0,"6","FAM49A"
0,2.9707428961895,0.154,0.015,0,"6","AP002381.2"
0,2.96022724988274,0.183,0.025,0,"6","TMEM189"
0,2.95264911148886,0.268,0.031,0,"6","AC006001.2"
1.53745819191121e-265,2.94703139965798,0.124,0.014,1.3838814931212e-260,"6","AL078459.1"
0,2.93919981034098,0.209,0.024,0,"6","AC026202.2"
3.07393576367401e-242,2.92374264352038,0.107,0.011,2.76688032024061e-237,"6","AC005480.1"
5.0603673203425e-313,2.90583660159708,0.151,0.018,4.55488722871349e-308,"6","ARNTL2"
1.40051541832147e-252,2.90555936402831,0.133,0.017,1.26061793318534e-247,"6","AC092120.3"
9.7785654162088e-246,2.90013874891422,0.106,0.011,8.8017845167837e-241,"6","AC005264.1"
3.23039486718915e-294,2.88707573693279,0.117,0.011,2.90771072390563e-289,"6","AL139807.1"
0,2.86177206779879,0.156,0.014,0,"6","AL445524.1"
0,2.86039533905073,0.16,0.018,0,"6","AL606489.1"
3.89282363851948e-234,2.8469672204752,0.108,0.012,3.50396948526777e-229,"6","AL031602.2"
0,2.83685948106523,0.261,0.037,0,"6","FAM126A"
0,2.82436848472518,0.348,0.05,0,"6","ADSS"
0,2.80679229930865,0.298,0.048,0,"6","PALM2-AKAP2"
0,2.79215938967217,0.193,0.021,0,"6","AC104365.1"
2.00654027234002e-211,2.79052008338854,0.149,0.026,1.80610696453598e-206,"6","AL078590.2"
0,2.77733376529255,0.367,0.056,0,"6","ZNF410"
1.27203631360484e-211,2.76987518141916,0.167,0.032,1.14497260623886e-206,"6","MEIKIN"
4.57942720154505e-131,2.76235548305315,0.101,0.019,4.12198821838271e-126,"6","KLHL25"
0,2.76096785520029,0.387,0.057,0,"6","H1FX"
0,2.76001195912553,0.205,0.024,0,"6","AC018816.1"
0,2.75923666472836,0.193,0.024,0,"6","AC090559.1"
0,2.74451089142708,0.398,0.047,0,"6","AC025580.2"
6.65051913712947e-238,2.74232431107996,0.12,0.015,5.98619878052161e-233,"6","AL450998.2"
0,2.74090721269763,0.205,0.017,0,"6","AC016831.1"
4.66425693271129e-251,2.73709308186643,0.112,0.012,4.19834430770276e-246,"6","AC006460.2"
0,2.72926946908192,0.363,0.046,0,"6","IL3RA"
0,2.69829633425329,0.221,0.034,0,"6","AC068282.1"
3.8763274299467e-231,2.6967721540621,0.127,0.017,3.48912108296932e-226,"6","AC083855.2"
0,2.68569204887095,0.207,0.017,0,"6","AC106865.2"
1.61330049576074e-206,2.6587284713594,0.122,0.018,1.4521479092392e-201,"6","AC100849.1"
4.53646455994278e-295,2.6476503413048,0.19,0.03,4.0833171150501e-290,"6","AC100810.1"
1.34628373449236e-283,2.62468007990228,0.194,0.033,1.21180345225392e-278,"6","ELMSAN1"
1.28392617298934e-153,2.60775566385179,0.253,0.088,1.15567478756944e-148,"6","SLC35F1"
6.49830833682156e-305,2.60043463902037,0.189,0.029,5.84919231705646e-300,"6","CXorf21"
0,2.59162187574678,0.418,0.052,0,"6","AF117829.1"
0,2.59000538719004,0.18,0.019,0,"6","AP000763.3"
3.69827958804629e-172,2.58837986570818,0.146,0.029,3.32885843999635e-167,"6","AC083837.1"
0,2.5760562988903,0.324,0.04,0,"6","AC011511.2"
6.19042356198335e-220,2.56155987938751,0.131,0.019,5.57206215237684e-215,"6","CBWD2"
1.04618498953153e-295,2.56098829934583,0.197,0.032,9.41681570927226e-291,"6","IMPAD1"
5.31746689999412e-181,2.54754964535391,0.126,0.021,4.78630513135371e-176,"6","LINC02785"
1.37470360312625e-227,2.53864638863486,0.145,0.023,1.23738446020997e-222,"6","C12orf10"
6.12729324553988e-179,2.53480101297304,0.117,0.019,5.5152379232429e-174,"6","TARSL2"
1.05402367293577e-199,2.53222262079752,0.152,0.028,9.48737248246219e-195,"6","TEN1"
2.59181492153147e-266,2.53163123848753,0.182,0.031,2.33291852901969e-261,"6","H2AFX"
0,2.52791218077844,0.27,0.039,0,"6","AL627171.2"
0,2.52726126231686,0.223,0.027,0,"6","STX17-AS1"
0,2.52372347528716,0.347,0.046,0,"6","C16orf72"
8.27328161495546e-187,2.51839998959274,0.107,0.015,7.44686351443756e-182,"6","AC058791.1"
0,2.50816414940302,0.459,0.058,0,"6","AC016831.7"
0,2.50644183270358,0.272,0.039,0,"6","MARCH3"
1.06480106330957e-152,2.50091988129563,0.107,0.018,9.58438085095574e-148,"6","ZADH2"
0,2.50052366759931,0.756,0.116,0,"6","H2AFY"
0,5.16150750657795,0.14,0.008,0,"7","ENSG00000296334"
0,4.39823650804641,0.148,0.014,0,"7","LDHC"
3.21432621964142e-238,4.11556276304489,0.107,0.012,2.89324717356144e-233,"7","ENSG00000286448"
1.36605028931089e-214,3.81201035276089,0.136,0.022,1.22959552591162e-209,"7","ENSG00000298390"
5.53941093818281e-173,3.4092329139355,0.138,0.027,4.98607917956773e-168,"7","CFAP96"
5.12326275111913e-177,3.30392806823739,0.131,0.024,4.61150003490984e-172,"7","ENSG00000298853"
0,3.29050760241222,0.233,0.034,0,"7","ENSG00000294533"
1.11267664047807e-243,3.27879909300738,0.174,0.031,1.00153137086072e-238,"7","ENSG00000293472"
2.1552923215465e-101,3.16601555432835,0.105,0.025,1.94000017154722e-96,"7","ENSG00000307101"
1.26725793749985e-279,3.14214085508173,0.198,0.035,1.14067154212299e-274,"7","HSPE1-MOB4"
2.80401466405617e-189,2.894080571986,0.179,0.041,2.5239216392636e-184,"7","NUP210L"
5.18898823986744e-165,2.87405738987113,0.141,0.029,4.67066020458709e-160,"7","ENSG00000291336"
7.90323757808291e-243,2.8312622201595,0.256,0.065,7.11378317640821e-238,"7","ENSG00000290563"
4.19681616033888e-94,2.8282595247375,0.115,0.031,3.77759619408263e-89,"7","ENSG00000296268"
3.15900285866916e-167,2.75621740213612,0.149,0.032,2.8434500631167e-162,"7","ENSG00000306852"
1.33378383940035e-120,2.69829578171419,0.108,0.023,1.20055217168265e-115,"7","ENSG00000289618"
3.84955267015308e-113,2.66829740252453,0.111,0.025,3.46502085393149e-108,"7","ENSG00000293712"
2.54977865162714e-108,2.62019980674813,0.171,0.055,2.2950812621161e-103,"7","RDUR"
9.10618125982297e-80,2.58243073901079,0.117,0.036,8.19656481377925e-75,"7","PLEKHA6"
1.1935240075309e-186,2.54587820298991,0.208,0.054,1.07430289441864e-181,"7","ENSG00000273112"
1.48421651717745e-66,2.50155651244025,0.109,0.035,1.33595812927659e-61,"7","CASP5"
2.04275854276943e-87,2.45551350077365,0.113,0.031,1.83870739193219e-82,"7","ENSG00000295182"
1.0462470241822e-145,2.45092172106163,0.188,0.054,9.41737408936639e-141,"7","ENSG00000273734"
4.0614020937247e-66,2.44598430169089,0.163,0.068,3.65570863858254e-61,"7","NFXL1"
3.68140561042311e-102,2.42310476252477,0.136,0.039,3.31367000399794e-97,"7","MPHOSPH6-DT"
1.62581628336347e-98,2.41327821187854,0.154,0.049,1.46341349481829e-93,"7","ENSG00000291201"
1.41456952221677e-95,2.39978788448597,0.11,0.028,1.27326817264253e-90,"7","ENSG00000303891"
3.32643775976766e-185,2.36694162466225,0.215,0.057,2.99415989194447e-180,"7","ENSG00000306779"
3.06417761789828e-64,2.34319048981582,0.123,0.044,2.75809691564642e-59,"7","ENSG00000229337"
5.16366098394569e-80,2.31156360254922,0.201,0.086,4.64786288825936e-75,"7","ENSG00000291203"
3.00228619442915e-58,2.31020343603323,0.19,0.092,2.70238782646762e-53,"7","GIPC1"
1.99758422590442e-58,2.30581166270578,0.107,0.037,1.79804553757883e-53,"7","ENSG00000250195"
1.03316834500951e-99,2.30015747004366,0.116,0.03,9.29965159026509e-95,"7","ENSG00000275479"
6.58494763184815e-286,2.29978256086478,0.444,0.157,5.92717721290284e-281,"7","ENSG00000289070"
2.35196535923965e-103,2.24988536379364,0.147,0.044,2.11702753950521e-98,"7","H2BC18"
2.79045699671257e-157,2.21056835442257,0.312,0.12,2.51171824731095e-152,"7","ENSG00000310471"
3.54213080448244e-52,2.20949259466655,0.143,0.062,3.18830735842269e-47,"7","GNAL"
1.03654387270444e-111,2.18462168197968,0.194,0.066,9.33003505259997e-107,"7","ENSG00000297373"
1.17734258503552e-174,2.15077314457244,0.253,0.078,1.05973783421632e-169,"7","ENSG00000289259"
1.27040175876155e-136,2.12686827832938,0.181,0.052,1.14350132707886e-131,"7","ENSG00000295480"
1.04546072574778e-100,2.09724431960631,0.156,0.049,9.41029653852836e-96,"7","ENSG00000289589"
1.89730245213658e-75,2.09185040346541,0.166,0.064,1.70778091019265e-70,"7","SEPTIN7P13.1"
5.42235734698309e-71,2.09073169387133,0.147,0.054,4.88071807159295e-66,"7","ENSG00000286076"
7.96116838578396e-54,2.09033632996866,0.108,0.039,7.165927275728e-49,"7","ENSG00000287697"
1.26440730122253e-101,2.07371303000771,0.141,0.041,1.13810565590341e-96,"7","ENSG00000306812"
5.83441338263011e-108,2.0639294282307,0.153,0.045,5.25161382983919e-103,"7","ENSG00000290051"
2.0041921862206e-95,2.03736207325136,0.177,0.063,1.80399342873902e-90,"7","ENSG00000287070"
1.06923187161805e-96,2.0352712447869,0.186,0.067,9.62426299962127e-92,"7","ENSG00000258740"
8.18871385905292e-65,2.03466068213346,0.12,0.042,7.37074323167213e-60,"7","LINC01220"
7.04249981355681e-58,2.00411419853863,0.106,0.037,6.33902450718062e-53,"7","LINC00654"
1.73416621694677e-192,2.00162199408781,0.425,0.189,1.56094035353596e-187,"7","CD300LB"
2.03059351742228e-164,1.98500166734422,0.321,0.123,1.82775753096697e-159,"7","FAUP4.1"
1.87728279751852e-53,1.96546283732035,0.119,0.045,1.6897610188744e-48,"7","ENSG00000278743"
7.95733581098684e-48,1.96509815206769,0.177,0.089,7.16247753682736e-43,"7","RPS6KB1"
2.27328290176948e-47,1.96021878781155,0.109,0.042,2.04620467271172e-42,"7","RPL36A-HNRNPH2"
2.18437129628933e-48,1.94777256693507,0.105,0.04,1.96617444750299e-43,"7","ENSG00000299894"
4.03058629412095e-57,1.93475188851109,0.157,0.067,3.6279710292012e-52,"7","ENSG00000258964"
5.16209038895058e-53,1.92714779758226,0.127,0.051,4.64644917999831e-48,"7","NUFIP1"
2.15716857563312e-279,1.91338169378958,0.633,0.327,1.94168900661312e-274,"7","SNHG32"
9.86754689315776e-75,1.89873931231552,0.138,0.048,8.88187763400023e-70,"7","ENSG00000289888"
2.37027267710459e-153,1.89261119523197,0.27,0.095,2.13350613938861e-148,"7","ENSG00000291046"
3.58242799954561e-62,1.87959314390519,0.139,0.054,3.224579266671e-57,"7","ENSG00000301902"
2.03143324979613e-51,1.87836565810164,0.1,0.036,1.828513382474e-46,"7","ENSG00000287733"
3.49480265702821e-74,1.86502608304679,0.158,0.059,3.14570681961766e-69,"7","KLF2-DT"
5.38365539142779e-88,1.85658239330333,0.139,0.044,4.84588205437807e-83,"7","ENSG00000291144"
1.23076297354492e-50,1.85253247236678,0.203,0.105,1.10782206011752e-45,"7","ILF3-DT"
3.50466527735189e-126,1.8474103800507,0.192,0.06,3.15458426279721e-121,"7","ENSG00000230492"
5.53199539717203e-50,1.84602061729236,0.12,0.048,4.97940437694852e-45,"7","LINGO3"
6.93557810417439e-34,1.83983482689172,0.108,0.049,6.24278320734841e-29,"7","ENSG00000291207"
3.14868853064045e-30,1.83091569610754,0.261,0.177,2.83416603331477e-25,"7","OPA3"
2.60581665139372e-42,1.82813754989202,0.11,0.046,2.345521626086e-37,"7","LINC02916"
1.80419304085061e-77,1.82713019441392,0.191,0.078,1.62397219800004e-72,"7","ENSG00000307561"
1.1393260179493e-25,1.82188770614224,0.127,0.07,1.02551874201634e-20,"7","HAUS6"
4.52047652767054e-63,1.80332381877119,0.222,0.109,4.06892612732153e-58,"7","ENSG00000310385"
2.98425334813793e-80,1.80276368203827,0.19,0.076,2.68615628119243e-75,"7","ENSG00000273702"
2.52099342760522e-31,1.78810965013996,0.103,0.047,2.26917139412173e-26,"7","TDRD9"
3.0206635224139e-63,1.78745754308123,0.259,0.139,2.71892944315997e-58,"7","CCDC138"
7.36506991181591e-144,1.77504595249554,0.296,0.115,6.62937307832462e-139,"7","ENSG00000289152"
1.54320723399371e-108,1.77326235271709,0.294,0.133,1.38905626339008e-103,"7","ENSG00000286145"
5.0846460584603e-06,1.77310619122617,0.117,0.09,0.45767407636807,"7","SERPINE1"
9.03856031874374e-39,1.76564623244003,0.111,0.048,8.13569852850443e-34,"7","ENSG00000296943"
3.5514212729725e-35,1.7451488735505,0.154,0.081,3.19666980201527e-30,"7","FCHO1"
2.4363701363432e-36,1.72854731407749,0.135,0.066,2.19300112342388e-31,"7","SUGT1P3.1"
6.50820535816032e-42,1.72758654087441,0.104,0.042,5.85810072493368e-37,"7","ENSG00000289015"
2.62723648317277e-87,1.71843566487632,0.239,0.106,2.36480183086864e-82,"7","ENSG00000285280"
1.84093572739014e-51,1.71557470909366,0.136,0.057,1.65704465758114e-46,"7","STX5-DT"
1.77074405191235e-17,1.71506918243746,0.239,0.177,1.59386442856682e-12,"7","ZC3H3"
4.39224772722721e-59,1.71454692167152,0.179,0.081,3.95350610175449e-54,"7","ENSG00000289405"
4.2927672252793e-62,1.70890835760057,0.236,0.12,3.86396270714616e-57,"7","ENSG00000289298"
6.00561845635857e-50,1.70843708558418,0.12,0.048,5.40571722875291e-45,"7","ENSG00000271780"
4.19634374589435e-31,1.69953974833022,0.116,0.056,3.77717096911696e-26,"7","ENSG00000288900"
2.16785516181314e-139,1.69950157227048,0.349,0.154,1.95130810969963e-134,"7","ENSG00000280138"
7.33516169875207e-51,1.68745938929333,0.178,0.087,6.60245239666373e-46,"7","HSD17B7"
1.62773731737477e-38,1.68595708477832,0.117,0.052,1.46514263674221e-33,"7","TIPIN"
1.38715803203329e-138,1.68105460361089,0.327,0.138,1.24859481621348e-133,"7","KCNE1"
2.19223120877933e-34,1.68065833344658,0.155,0.083,1.97324923333436e-29,"7","GPALPP1"
3.08202876409808e-56,1.67657975774078,0.146,0.061,2.77416491085232e-51,"7","ENSG00000289331"
4.27367525792423e-57,1.66536465530753,0.127,0.048,3.84677783641018e-52,"7","NLRP12"
3.74514814847491e-22,1.66068718141755,0.146,0.089,3.37104529992375e-17,"7","NUP133"
1.32395655301301e-61,1.65613967814179,0.105,0.034,1.19170653293254e-56,"7","VNN3P.1"
0,4.57727267059813,0.275,0.026,0,"8","MT1H"
0,3.96763800672521,0.187,0.014,0,"8","TM4SF19"
4.89426977247713e-211,3.76906668872307,0.114,0.014,4.40538116490439e-206,"8","CA12"
0,3.58492451410532,0.15,0.014,0,"8","CCL7"
6.38467865862453e-204,3.55452547601681,0.228,0.054,5.74691310741452e-199,"8","MMP12"
0,3.43106191829765,0.212,0.027,0,"8","MT1M"
0,3.37667486405034,0.443,0.106,0,"8","MT1G"
3.34584665434879e-192,3.35989492141466,0.105,0.013,3.01163003204589e-187,"8","ITGB3"
0,3.29071097876886,0.75,0.204,0,"8","SPP1"
3.48953652656869e-289,3.28963120822439,0.195,0.03,3.14096672292974e-284,"8","SLAMF9"
2.63679717065845e-190,3.02069245356725,0.143,0.024,2.37340750128138e-185,"8","LPL"
2.47324561081107e-277,3.01246246435803,0.148,0.017,2.22619310674715e-272,"8","ENO2"
0,3.01228143817145,0.256,0.038,0,"8","CXCL5"
9.66008393433021e-175,2.95869175978796,0.116,0.017,8.69513815012997e-170,"8","ENSG00000291105"
2.05108915337767e-265,2.9560959978547,0.27,0.06,1.84620585784678e-260,"8","NUPR1"
4.26340109671846e-265,2.89183764020147,0.176,0.026,3.83752996116726e-260,"8","MATK"
0,2.8732574320693,0.44,0.104,0,"8","MT1F"
2.62381954160146e-140,2.83474020767029,0.1,0.016,2.36172620759089e-135,"8","NT5E"
5.03590668477488e-294,2.81305566952764,0.476,0.162,4.53286996603272e-289,"8","MMP9"
1.29504141136301e-203,2.73040849821818,0.146,0.023,1.16567972478196e-198,"8","ATP6V0D2"
5.81110848604762e-196,2.69026614121517,0.131,0.019,5.23063685937633e-191,"8","JAKMIP2"
5.51214971524168e-290,2.64531577487444,0.235,0.042,4.96154108018619e-285,"8","PDPN"
2.24657223365877e-168,2.63907762699191,0.138,0.025,2.0221621332386e-163,"8","RAI14"
8.40960564022465e-251,2.52273471566733,0.356,0.104,7.56957013282261e-246,"8","MARCO"
1.86873773038934e-246,2.31313656438593,0.534,0.224,1.68206951850075e-241,"8","FBP1"
6.30243523905746e-293,2.31285617362101,0.429,0.13,5.67288498302801e-288,"8","MT1E"
2.89077532011911e-193,2.30891608714642,0.284,0.082,2.60201577339241e-188,"8","FN1"
3.61579435138663e-269,2.30479020245106,0.368,0.105,3.25461265362662e-264,"8","GCHFR"
4.97190179839161e-162,2.28890040675264,0.178,0.04,4.47525852775027e-157,"8","ANGPTL4"
0,2.24744184169812,0.814,0.232,0,"8","GPNMB"
1.15150339811066e-292,2.20153589143661,0.473,0.154,1.03647972367338e-287,"8","SEMA3C"
1.85626657037149e-134,2.18465145380237,0.126,0.025,1.67084410265708e-129,"8","GAPLINC"
1.19824760450706e-134,2.18128492617407,0.108,0.019,1.07855465129285e-129,"8","PLOD2"
7.33693725998613e-256,2.18102435443277,0.292,0.07,6.60405059708611e-251,"8","NR1H3"
5.1155220817827e-235,2.17845019226061,0.296,0.076,4.60453258103343e-230,"8","CYP27A1"
1.75009503416424e-189,2.14757176957154,0.186,0.038,1.57527804120158e-184,"8","MSC-AS1"
0,2.14650331453293,0.95,0.704,0,"8","CSTB"
3.63854704830689e-250,2.10464375355338,0.368,0.108,3.27509258365152e-245,"8","SCD"
0,2.06603900116401,0.671,0.248,0,"8","ACP5"
5.21305876135002e-108,2.06546862777756,0.107,0.022,4.69232632167876e-103,"8","AIFM2"
1.29339054706316e-155,2.06458168142427,0.142,0.027,1.16419376531702e-150,"8","ECM1"
8.43991814581777e-100,2.05230852668251,0.105,0.023,7.59685472223203e-95,"8","FLRT2"
4.7691620433819e-217,2.04011345476883,0.246,0.058,4.29277044686848e-212,"8","SLC2A5"
0,2.02391615472291,0.967,0.648,0,"8","CTSD"
2.85933930174326e-245,2.0211887180953,0.29,0.07,2.57371989889213e-240,"8","TNS1"
3.13784694340475e-119,2.01161067089898,0.149,0.037,2.82440741222805e-114,"8","BSCL2"
1.96562465841741e-236,1.98554513299141,0.326,0.09,1.76927841128809e-231,"8","BNIP3"
5.63817496066582e-270,1.9820386406257,0.333,0.084,5.07497766384491e-265,"8","TNIK"
4.86526041251274e-139,1.97625976792799,0.144,0.031,4.37926954990684e-134,"8","RBP1"
2.42211538491737e-199,1.97446319783261,0.357,0.117,2.18017027911797e-194,"8","TPRG1"
6.2607830403409e-159,1.97202520522052,0.217,0.058,5.63539342244125e-154,"8","MSANTD3"
2.32978206345803e-235,1.96879669843435,0.584,0.269,2.09706013313921e-230,"8","MT1X"
3.82093994805438e-140,1.96541181631593,0.376,0.157,3.43926625664323e-135,"8","CCL2"
0,1.95511118668245,0.896,0.484,0,"8","CTSL"
2.07923949044016e-82,1.94882366905017,0.143,0.044,1.87154425774009e-77,"8","APOC2"
1.51030025368124e-100,1.94665357577682,0.111,0.025,1.35943636134102e-95,"8","CELSR1"
1.66610508335761e-120,1.93477335776945,0.251,0.088,1.49967784658102e-115,"8","RCAN1"
0,1.93197822525436,0.766,0.372,0,"8","FABP5"
1.93781517444109e-91,1.92519278320938,0.199,0.071,1.74424681666617e-86,"8","SLC2A1"
4.80486591791375e-157,1.89766226631551,0.233,0.066,4.32490786137335e-152,"8","HSD3B7"
8.94867175419953e-264,1.89622945030259,0.355,0.097,8.05478893267254e-259,"8","VAT1"
1.07440258432188e-239,1.89058518796303,0.414,0.137,9.67080510173963e-235,"8","FAM20C"
0,1.886508465445,0.404,0.103,0,"8","COLEC12"
1.04973129882819e-287,1.88505158599036,0.557,0.214,9.44873639388242e-283,"8","SDC2"
8.99762635708518e-90,1.87807017417405,0.102,0.023,8.09885346027594e-85,"8","C12orf49"
6.72328230108226e-108,1.85712965787246,0.138,0.035,6.05169363202716e-103,"8","AC100810.1"
4.81417606709583e-158,1.84925850113139,0.199,0.05,4.33328801975363e-153,"8","GSDME"
3.38617615589449e-62,1.8307352366204,0.101,0.03,3.04793101968219e-57,"8","DNAJC5B"
0,1.82730010729253,0.539,0.181,0,"8","MMP14"
3.91885913710294e-90,1.82674565219772,0.128,0.034,3.52740429789772e-85,"8","LINC02345"
0,1.79156608404163,0.772,0.278,0,"8","APOC1"
1.36500572893813e-113,1.78239321591951,0.149,0.038,1.2286553066745e-108,"8","GBA"
0,1.76753613917313,0.983,0.741,0,"8","CTSB"
1.91796065397915e-198,1.76750669679161,0.252,0.064,1.72637556425317e-193,"8","CCL18"
1.66982478052569e-87,1.76447190806672,0.113,0.028,1.50302598319898e-82,"8","DIXDC1"
2.87804650388079e-210,1.74916514080507,0.348,0.107,2.59055843860814e-205,"8","TGM2"
1.20466402936101e-91,1.73234160156734,0.135,0.037,1.08433013946814e-86,"8","RAB42"
3.10239301360083e-155,1.72820645050851,0.39,0.155,2.79249497547224e-150,"8","CLIP4"
0,1.70675987122661,0.72,0.336,0,"8","CD68"
3.79977909405671e-259,1.699892954237,0.488,0.175,3.42021916035139e-254,"8","RAB13"
2.07396085209322e-210,1.68574814758099,0.444,0.164,1.86679290257763e-205,"8","SNTB1"
1.45553571906613e-80,1.67855252869137,0.208,0.08,1.31014225608861e-75,"8","HILPDA"
8.58143184867984e-310,1.67577054656198,0.51,0.163,7.72423262131521e-305,"8","TREM2"
5.39452850802706e-112,1.67139341185701,0.208,0.067,4.85566905536024e-107,"8","FAH"
1.82615627461696e-203,1.66563029032562,0.355,0.114,1.64374152434547e-198,"8","ACP2"
3.1736625654106e-162,1.66273076422945,0.276,0.085,2.85664541175174e-157,"8","MCRIP2"
3.51968476156091e-82,1.65669492923631,0.166,0.056,3.16810345072859e-77,"8","ACKR3"
1.20883459516901e-197,1.6383553925805,0.534,0.241,1.08808410745758e-192,"8","ADM"
6.53939185887721e-67,1.63759864668265,0.152,0.054,5.88617200609397e-62,"8","TESK2"
1.59357273698382e-297,1.6327329853442,0.487,0.152,1.4343907562865e-292,"8","MMP19"
4.29448342957778e-289,1.62829858818947,0.548,0.194,3.86550747979725e-284,"8","IL7R"
2.32684283170055e-196,1.6242452674376,0.348,0.112,2.09441450124198e-191,"8","CD99"
5.90778372202875e-155,1.62408127980543,0.257,0.078,5.3176552060353e-150,"8","CD276"
7.74931279103116e-183,1.6078573706481,0.78,0.529,6.97523393633506e-178,"8","MT2A"
1.0587176455055e-53,1.58895231063761,0.128,0.047,9.52962339895959e-49,"8","ENSG00000295151"
1.69803266467609e-78,1.58743665619496,0.128,0.038,1.52841618180159e-73,"8","IMPAD1"
6.20793342871209e-274,1.57870022902684,0.599,0.239,5.58782295851804e-269,"8","MITF"
1.64428913153023e-148,1.56775349794419,0.268,0.086,1.48004109018167e-143,"8","LRP12"
1.79237227754795e-114,1.56477574505458,0.237,0.082,1.61333221074369e-109,"8","RMDN3"
4.00082315108594e-191,1.55993190967905,0.749,0.457,3.60118092652397e-186,"8","PLIN2"
1.9330459685476e-230,2.5255267210286,0.301,0.072,1.73995400674938e-225,"9","ENSG00000258666"
3.4984436389397e-180,2.47608015661494,0.233,0.054,3.14898410384602e-175,"9","DNAAF1"
0,2.34063573869451,0.743,0.312,0,"9","WARS1"
4.79231759745594e-158,2.33351192857126,0.223,0.055,4.31361299264607e-153,"9","RDUR"
3.70796659800071e-88,2.26502651878562,0.153,0.043,3.33757781452642e-83,"9","ANO5"
0,2.24144464277243,0.697,0.234,0,"9","CCL3L3"
7.464967411457e-105,2.1763898490015,0.161,0.042,6.71929181672656e-100,"9","ENSG00000289582"
7.47868933205829e-222,2.15515167548895,0.3,0.072,6.73164305467899e-217,"9","ENSG00000287937"
3.4201663412041e-67,2.1200156941935,0.1,0.025,3.07852592538122e-62,"9","ENSG00000228863"
3.24621540002249e-69,2.07454652324854,0.113,0.03,2.92195094371424e-64,"9","ACOD1"
6.94750933653947e-144,2.07295345841262,0.297,0.095,6.25352262891254e-139,"9","PTX3"
9.75122769683707e-83,2.06087287698488,0.107,0.024,8.77717756220001e-78,"9","ENSG00000267922"
9.63876079634336e-45,2.04192227732366,0.126,0.047,8.67594498039662e-40,"9","IL23A"
2.1383027294861e-111,2.02301938351763,0.139,0.03,1.92470766983774e-106,"9","LINC00309"
2.55131478298464e-80,2.02086267442759,0.131,0.035,2.2964639493123e-75,"9","ENSG00000303204"
2.02286733658336e-79,1.95549607752422,0.13,0.035,1.82080311833205e-74,"9","ENSG00000289097"
5.09631005097184e-75,1.9090658354642,0.144,0.043,4.58723963998026e-70,"9","ENSG00000299722"
8.10490820495605e-31,1.86659829404895,0.132,0.059,7.29530892436299e-26,"9","APOBEC3B"
1.12460758954411e-78,1.84450926235686,0.169,0.054,1.01227053742455e-73,"9","ENSG00000272449"
2.70866391583004e-80,1.83258866666542,0.168,0.053,2.43809547727777e-75,"9","MN1"
3.3461646173804e-93,1.83001517362782,0.129,0.03,3.01191623375027e-88,"9","ENSG00000299715"
1.35760120566441e-91,1.82654706785978,0.259,0.099,1.22199042123059e-86,"9","LYPD3"
4.87943986930832e-57,1.82245842712243,0.141,0.048,4.39203262076311e-52,"9","PRLR"
3.14183666798724e-259,1.81622791469011,0.51,0.169,2.82799860322199e-254,"9","MIR3945HG"
2.35620418032437e-119,1.80890006804682,0.409,0.183,2.12084294475177e-114,"9","POLR1F"
1.77267808657946e-302,1.80553890547274,0.565,0.182,1.59560527251104e-297,"9","APOBEC3A"
6.70875468680986e-82,1.78664974784597,0.157,0.046,6.03861718114442e-77,"9","ENSG00000307669"
7.19013029095431e-68,1.77343261673811,0.149,0.048,6.47190817619088e-63,"9","ENSG00000297173"
3.33655794078902e-61,1.76057564531145,0.123,0.038,3.00326916808361e-56,"9","ENSG00000267737"
3.77407161002455e-127,1.75467450825221,0.199,0.051,3.3970795968992e-122,"9","MTND5P32"
2.12864805197654e-94,1.73956770530745,0.199,0.063,1.9160173980646e-89,"9","ENSG00000295862"
5.00736837281089e-271,1.73473015800206,0.591,0.217,4.50718234605081e-266,"9","MAILR"
8.30182048529651e-105,1.73313855485109,0.177,0.048,7.47255163702024e-100,"9","ENSG00000289931"
4.6493170367953e-46,1.70279310399683,0.139,0.054,4.18489675798981e-41,"9","ENSG00000293879"
9.29679364388146e-81,1.66409985576346,0.159,0.048,8.36813692679414e-76,"9","ENSG00000295095"
2.1511866018331e-129,1.66367831823514,0.314,0.111,1.93630457217599e-124,"9","ENSG00000279166"
2.84086018293217e-160,1.66150449740082,0.375,0.132,2.55708665925908e-155,"9","MEFV"
1.03358222439641e-58,1.65890631168619,0.121,0.037,9.30337696001457e-54,"9","ENSG00000289930"
4.17306665755217e-85,1.65789150962999,0.212,0.074,3.75621902912928e-80,"9","ENSG00000288818"
6.34255934230239e-171,1.65367573547817,0.665,0.369,5.7090010895998e-166,"9","ZFAND2A"
3.51699454118145e-50,1.64685195506925,0.127,0.044,3.16568195646283e-45,"9","ENSG00000274767"
1.08235549616352e-103,1.64384946777858,0.202,0.06,9.74239005651747e-99,"9","ENSG00000306779"
7.08672498058921e-66,1.63792323540494,0.147,0.048,6.37883202227815e-61,"9","ENSG00000225889"
7.50667277691046e-50,1.62668222909046,0.101,0.031,6.75683123322487e-45,"9","LINC01412"
6.02980378378298e-84,1.61309849932315,0.184,0.059,5.4274866838209e-79,"9","ENSG00000289526"
1.19309329796487e-128,1.57871463918587,0.21,0.055,1.07391520843116e-123,"9","ENSG00000310025"
9.50520941953752e-36,1.57253416450399,0.113,0.045,8.55573405061992e-31,"9","ZNF703"
7.29268456001853e-49,1.57143518242218,0.109,0.035,6.56421829931828e-44,"9","ENSG00000230526"
1.66188034688579e-57,1.56277337544507,0.161,0.06,1.49587511903537e-52,"9","ADGRE1"
4.59704592894977e-161,1.54878877615075,0.443,0.177,4.13784701110698e-156,"9","SERPINB9P1"
1.00896007526983e-67,1.53695185815422,0.214,0.085,9.0817505335113e-63,"9","NCR3LG1"
1.19500444706024e-49,1.53307260489263,0.117,0.039,1.0756354528434e-44,"9","ENSG00000294841"
2.58211720582454e-62,1.52835407917405,0.167,0.06,2.32418951813472e-57,"9","ENSG00000289854"
1.06202372427729e-230,1.51888962683264,0.804,0.469,9.55938174459229e-226,"9","SESTD1"
4.08407263324784e-73,1.51523351365728,0.27,0.119,3.67611461791271e-68,"9","ADA"
9.59808133961032e-38,1.50823305838022,0.191,0.095,8.63932899459665e-33,"9","PDSS1"
7.93190154298065e-224,1.5074632955514,0.868,0.628,7.13958389785232e-219,"9","HSPE1"
2.66603060421196e-52,1.50285456294066,0.149,0.055,2.39972080715723e-47,"9","LINC01800"
6.44335072479657e-230,1.49899821301854,0.53,0.192,5.79972442089664e-225,"9","ECE1"
7.64092906628126e-243,1.4974919892937,0.545,0.192,6.87767666185043e-238,"9","ENSG00000274213"
1.97263439497618e-36,1.4962960186414,0.119,0.048,1.775587945262e-31,"9","ENSG00000288612"
5.74985493224403e-71,1.49359004360893,0.203,0.076,5.17550192306217e-66,"9","NHERF1"
2.06027971936825e-37,1.49356844004593,0.105,0.038,1.85447837820055e-32,"9","ENSG00000303647"
2.77314413507031e-48,1.49346848869529,0.11,0.036,2.49613476741814e-43,"9","ENSG00000299998"
1.93770828433488e-46,1.48883767178558,0.135,0.05,1.74415060381267e-41,"9","ENSG00000296847"
2.74088909028328e-52,1.48647312853816,0.137,0.048,2.46710167905488e-47,"9","ICAM4"
3.92704394939652e-126,1.48606760955104,0.332,0.122,3.5347715292913e-121,"9","ENSG00000234261"
7.03300948463995e-40,1.47516562416667,0.145,0.061,6.33048216721927e-35,"9","DENND3-AS1"
2.69139670842163e-52,1.47473334873104,0.147,0.054,2.42255309121739e-47,"9","ENSG00000260805"
2.63079584895579e-75,1.47264979618456,0.217,0.082,2.3680056516036e-70,"9","CHST7"
1.24476902866358e-59,1.47166403077959,0.141,0.047,1.12042905039037e-54,"9","ENSG00000289170"
1.03659622266404e-115,1.46792852845147,0.502,0.267,9.33050625982128e-111,"9","GNG2"
1.99072873894134e-43,1.46376836238962,0.1,0.033,1.79187484520849e-38,"9","ENSG00000275202"
6.5014103496547e-27,1.45789086250654,0.105,0.045,5.85198446982769e-22,"9","ENSG00000290122"
4.57155313205389e-147,1.45654475728158,0.354,0.125,4.11490068969303e-142,"9","ENSG00000287124"
2.02988975105486e-56,1.45650162697798,0.133,0.044,1.82712406382199e-51,"9","ENSG00000302660"
1.22309894209204e-125,1.45379680751887,0.321,0.115,1.10092358876647e-120,"9","ENSG00000303809"
6.93459563142581e-36,1.45109575767935,0.109,0.042,6.24189887380269e-31,"9","MTMR11"
1.73081167374246e-50,1.44810884340833,0.235,0.114,1.55792089565233e-45,"9","GBP3"
2.88545119599922e-40,1.4478464178971,0.102,0.035,2.59722347603086e-35,"9","ENSG00000297460"
1.29955271684245e-46,1.44445462517643,0.119,0.042,1.16974039595705e-41,"9","ENSG00000306166"
4.46253824805572e-53,1.44286253342569,0.125,0.041,4.01677530245744e-48,"9","MPHOSPH6-DT"
5.4500349170849e-27,1.43294332481191,0.122,0.056,4.90563092921729e-22,"9","AK4"
2.16042858237343e-233,1.42958331884958,0.865,0.603,1.94462337128015e-228,"9","HSPD1"
2.86327578946633e-53,1.42588017877592,0.14,0.049,2.57726317085654e-48,"9","ENSG00000289424"
1.09272128846173e-89,1.42549879453979,0.2,0.064,9.83569358957285e-85,"9","ENSG00000299339"
1.53678835367486e-47,1.42143388776019,0.124,0.044,1.38327856502628e-42,"9","CD300LD-AS1"
6.52381884873074e-222,1.41732684388531,0.78,0.416,5.87215458393103e-217,"9","CCL3"
1.57562569040862e-83,1.4149583158238,0.234,0.087,1.41823644019371e-78,"9","ENSG00000299949"
2.32602098932327e-34,1.41318675524083,0.106,0.04,2.09367475269976e-29,"9","ENSG00000307215"
1.67900016529143e-58,1.39898433844788,0.182,0.071,1.51128483878047e-53,"9","RN7SL368P"
3.43222437239284e-48,1.39336256046541,0.153,0.06,3.08937947983452e-43,"9","BLM"
5.39359913894914e-166,1.39067385846323,0.804,0.548,4.85483252095951e-161,"9","PELI1"
1.84922834145742e-50,1.38229309187201,0.119,0.039,1.66450892242924e-45,"9","ENSG00000260177"
4.11152912618725e-30,1.3808789151793,0.104,0.042,3.70082848177241e-25,"9","ENSG00000294185"
4.84189606435875e-66,1.37618770841419,0.202,0.078,4.35823906648995e-61,"9","ENSG00000223446"
1.28567952822104e-55,1.37150164634461,0.25,0.116,1.15725300014704e-50,"9","TNIP3"
5.98457475388097e-99,1.37099055257082,0.31,0.125,5.3867755817158e-94,"9","SLC2A6"
1.02071815685248e-30,1.37082449923599,0.102,0.041,9.18758620164487e-26,"9","ENSG00000299894"
6.1546839836085e-137,1.36006740356373,0.485,0.217,5.53989260048585e-132,"9","PLAC8"
1.68804284807548e-291,3.49096249186129,0.205,0.027,1.51942424798122e-286,"10","ENSG00000236069"
5.80536105295178e-114,3.07007252299232,0.115,0.021,5.22546353737243e-109,"10","ENSG00000294643"
2.59648903596602e-150,2.97950098779045,0.116,0.016,2.33712574616337e-145,"10","ENSG00000297155"
2.55319683195868e-214,2.91436484231042,0.235,0.046,2.29815800041433e-209,"10","MIR3142HG"
3.37677573619903e-246,2.82396883358104,0.236,0.041,3.03946960791011e-241,"10","ENSG00000306101"
3.12107962183706e-86,2.74217604088277,0.11,0.024,2.80931497841175e-81,"10","TCHH"
2.54534729397665e-146,2.59737068017224,0.168,0.034,2.29109255278132e-141,"10","GIRGL"
1.35414536783058e-81,2.52089461592544,0.1,0.021,1.21887978703798e-76,"10","BCL2L1-AS1"
1.98815458125807e-95,2.50100724556819,0.149,0.037,1.7895578201362e-90,"10","ENSG00000261460"
1.03736782418123e-306,2.46810179648985,0.54,0.167,9.33745152223769e-302,"10","LNCAROD"
1.07919516063029e-125,2.39985096722195,0.122,0.021,9.71394356034928e-121,"10","ENSG00000284633"
7.2704943805774e-107,2.32077740300207,0.138,0.03,6.54424469690152e-102,"10","ENSG00000296449"
1.71010228367246e-110,2.31130760992918,0.129,0.026,1.53928016655642e-105,"10","MICOS10-DT"
1.02424581961768e-128,2.27971660820157,0.189,0.045,9.21933904696066e-124,"10","ENSG00000307645"
4.61238950599406e-70,2.27130812945141,0.111,0.028,4.15165791824032e-65,"10","ENSG00000250592"
5.50016743775702e-77,2.2707747716911,0.126,0.033,4.95075571239947e-72,"10","ENSG00000287636"
9.44392884956113e-109,2.25399904705128,0.154,0.036,8.50057479677847e-104,"10","ENSG00000308299"
3.98086056204678e-178,2.24720192215332,0.334,0.1,3.58321240050393e-173,"10","ENSG00000260729"
2.03467554796759e-145,2.23104583164366,0.21,0.05,1.83143180748111e-140,"10","ENSG00000295970"
4.06303506809345e-70,2.21295363344772,0.103,0.025,3.65717849514159e-65,"10","MFSD4B-DT"
3.86670769577104e-75,2.20733695309504,0.103,0.024,3.48046226404047e-70,"10","SPMIP2"
4.13580181622363e-127,2.19876834292503,0.167,0.037,3.72267657280105e-122,"10","ENSG00000305887"
1.33052541231496e-152,2.17810894396661,0.186,0.039,1.19761922887882e-147,"10","ENSG00000294185"
7.22969171898694e-88,2.1734751660661,0.137,0.034,6.50751781317733e-83,"10","HLA-L.1"
7.42682771977798e-162,2.14447683019542,0.279,0.077,6.68496189884936e-157,"10","PDGFB"
1.91078826178672e-168,2.13161196638807,0.339,0.106,1.71991962231684e-163,"10","MACC1"
1.72237776623796e-108,2.12912096398387,0.154,0.036,1.55032945116845e-103,"10","ENSG00000286887"
3.92630358827341e-81,2.11424591394821,0.107,0.023,3.53410512284078e-76,"10","ENSG00000303255"
7.14606668831862e-319,2.11028882204884,0.612,0.208,6.43224608682247e-314,"10","MIR155HG"
8.27252348798324e-79,2.08888172865964,0.118,0.029,7.44618111676859e-74,"10","ENSG00000300654"
2.97522969447928e-97,2.0887778304483,0.179,0.05,2.67803400029774e-92,"10","ENSG00000289589"
8.25208842831165e-78,2.08405720576123,0.145,0.041,7.4277873152076e-73,"10","NPHS1"
1.36622828070009e-86,2.07714550494059,0.103,0.021,1.22975573774095e-81,"10","ENSG00000306712"
9.4294898730639e-76,2.04213669906706,0.148,0.043,8.48757812964354e-71,"10","ENSG00000299722"
4.84135403992618e-126,2.0305534551331,0.23,0.065,4.35775118487795e-121,"10","NCS1"
1.62960665385101e-78,2.02920536209763,0.14,0.039,1.46682524519784e-73,"10","ENSG00000260177"
1.07122941419244e-174,2.00974062583659,0.372,0.121,9.64224308008756e-170,"10","GEM"
1.0454791087658e-68,2.00904856476567,0.172,0.058,9.41046200591185e-64,"10","P3H2"
1.14231916462505e-124,2.00451517288357,0.244,0.073,1.02821290327065e-119,"10","ENSG00000288818"
4.55405688767944e-40,1.98934613369581,0.103,0.035,4.09915214516914e-35,"10","CCL24"
6.03802003775902e-107,1.97201639306779,0.186,0.05,5.43488221618727e-102,"10","KCNQ3"
2.81453219327011e-115,1.96411048157529,0.263,0.086,2.53338857248436e-110,"10","ENSG00000299949"
3.30526110918016e-104,1.94501309498805,0.177,0.047,2.97509857698415e-99,"10","ENSG00000289029"
1.96477348857327e-90,1.89310193364639,0.182,0.054,1.76851226479968e-85,"10","ENSG00000227227"
9.3343871063908e-145,1.8821137959329,0.348,0.119,8.40197517833342e-140,"10","MITA1"
7.899651562254e-298,1.87375272013223,0.67,0.255,7.11055536770044e-293,"10","NRP2"
2.63507355345524e-90,1.86535473467315,0.235,0.083,2.3718560562006e-85,"10","ENSG00000289259"
4.31086285642454e-64,1.85213852625772,0.169,0.059,3.8802507656963e-59,"10","RRAD"
1.62651485347121e-156,1.84727691398601,0.514,0.226,1.46404228475797e-151,"10","RASGRP3"
4.38917316286359e-65,1.84491974756021,0.101,0.025,3.95073865562515e-60,"10","ENSG00000233635"
3.43500519432088e-75,1.83044991377914,0.152,0.045,3.09188252546016e-70,"10","DNAI2"
5.48635996729927e-72,1.82171011915932,0.165,0.053,4.93832747016575e-67,"10","ENSG00000293879"
1.10820355638188e-66,1.81926296395835,0.151,0.048,9.9750510313489e-62,"10","ENSG00000290051"
1.31097178832037e-100,1.81747823204604,0.258,0.09,1.18001881638505e-95,"10","ENSG00000255299"
4.39010471111635e-53,1.81356060950657,0.136,0.046,3.95157715152294e-48,"10","IL23A"
1.24495614694742e-128,1.81296617094044,0.228,0.062,1.12059747742884e-123,"10","ENSG00000295862"
4.41918457018045e-40,1.81204901148268,0.108,0.038,3.97775222346513e-35,"10","IFNLR1"
5.51464760555764e-119,1.80600944860712,0.325,0.119,4.96378945623849e-114,"10","ENSG00000188897"
5.8731449568102e-103,1.79601449239847,0.237,0.077,5.28647650707443e-98,"10","ENSG00000223446"
1.00330727812137e-63,1.79418309825504,0.182,0.066,9.03086914109822e-59,"10","WNT2B"
7.56611051877061e-63,1.79325122418177,0.108,0.029,6.81033173905061e-58,"10","LINC00472"
1.42916973735413e-169,1.78752343505534,0.436,0.161,1.28640997228983e-164,"10","ST18"
5.2621126724839e-51,1.78693493589556,0.128,0.043,4.73648023762948e-46,"10","ENSG00000289582"
4.21347925418233e-111,1.77843404199053,0.302,0.11,3.79259481148206e-106,"10","LINC01010"
5.89463557992555e-53,1.77292115738256,0.11,0.033,5.30582043184679e-48,"10","ENSG00000295266"
6.36081284148687e-105,1.76425686674453,0.281,0.101,5.72543124675075e-100,"10","GTF2IRD1"
4.98561317705426e-173,1.75692772571071,0.299,0.081,4.48760027679831e-168,"10","ENSG00000303405"
5.53382159745382e-178,1.74125805774019,0.597,0.27,4.98104815808415e-173,"10","RASAL2"
2.38130668006128e-188,1.73125672815548,0.571,0.241,2.14343795578996e-183,"10","ENSG00000290039"
1.10370750432669e-35,1.70988004022811,0.163,0.074,9.93458161719495e-31,"10","RGS16"
1.28829608860691e-80,1.70851761345764,0.277,0.114,1.15960819231596e-75,"10","HS3ST1"
7.83012636779573e-40,1.70488160453131,0.144,0.059,7.04797504491662e-35,"10","NAV2"
3.25746019098856e-74,1.70464952169842,0.286,0.126,2.93207249251072e-69,"10","ASTL"
3.35567896541318e-232,1.70374500105187,0.601,0.239,3.02048019355806e-227,"10","CCL3L3"
3.74023510733053e-63,1.70340216155715,0.171,0.06,3.36662302245929e-58,"10","ENSG00000270022"
1.34151922384119e-186,1.70318520904341,0.419,0.139,1.20751486857169e-181,"10","ENSG00000291233"
6.88342890471163e-95,1.6916719178027,0.281,0.107,6.19584319141998e-90,"10","SMOX"
2.81407481842292e-205,1.68853099278356,0.648,0.292,2.53297688481065e-200,"10","KMO"
9.45641091530186e-152,1.68577203762668,0.329,0.104,8.51181002897236e-147,"10","TANK-AS1"
1.56028714211554e-169,1.67921088370748,0.583,0.274,1.40443005948962e-164,"10","AMPD3"
1.52428651778101e-53,1.6761677594349,0.103,0.029,1.37202553751987e-48,"10","LINC02966"
1.3243194314068e-35,1.67373824645031,0.123,0.049,1.19203316340358e-30,"10","KHDRBS3"
1.19567328134949e-213,1.6586626540296,0.645,0.282,1.07623747727549e-208,"10","BCL2"
1.69514300978387e-98,1.65391557644571,0.286,0.106,1.52581517453656e-93,"10","ENSG00000285280"
7.34544712585718e-141,1.64639856256991,0.411,0.162,6.6117104124553e-136,"10","TNF"
4.77002349688393e-60,1.64623010658158,0.168,0.06,4.29354584978019e-55,"10","MREG"
7.85088866516092e-45,1.64560100293986,0.103,0.033,7.066663396398e-40,"10","C2orf92"
2.03428093268724e-54,1.63758172809087,0.109,0.032,1.83107661032111e-49,"10","ENSG00000307088"
2.74795562870258e-222,1.63702813890422,0.59,0.232,2.47346234095148e-217,"10","SDS"
5.35117699326526e-56,1.63376905082037,0.175,0.067,4.81664792340799e-51,"10","ENSG00000260911"
5.12299888953429e-69,1.629246135324,0.189,0.067,4.61126253045871e-64,"10","ENSG00000302489"
3.66025715377451e-99,1.61805111360619,0.248,0.084,3.29463406668397e-94,"10","USP12-AS1"
1.02948741173307e-81,1.61563532690886,0.278,0.113,9.26651914175055e-77,"10","CRIM1"
6.73612689275327e-63,1.61498476487371,0.169,0.059,6.06325517743614e-58,"10","TNFRSF9"
6.93639812119551e-118,1.61424506601015,0.339,0.126,6.24352131286929e-113,"10","ADAM7-AS1"
1.02242133438467e-146,1.6066223678176,0.374,0.132,9.20291667292982e-142,"10","ENSG00000254604"
1.23760644630437e-231,1.60466206374076,0.77,0.409,1.11398193838302e-226,"10","ABL2"
1.50776451975874e-117,1.60432890622371,0.398,0.165,1.35715392188004e-112,"10","ENSG00000289070"
2.35843754089816e-83,1.60053051714728,0.272,0.109,2.12285321493784e-78,"10","BCAR3"
2.2651243138938e-64,1.59986627073231,0.149,0.047,2.03886104617895e-59,"10","ENSG00000305988"
0,4.61884861182259,0.471,0.04,0,"11","KCNQ3"
0,4.38290756356947,0.225,0.015,0,"11","LINC02712"
1.20636881266299e-171,4.11117355547267,0.147,0.022,1.08586463196608e-166,"11","ENSG00000249001"
0,3.82602294310257,0.378,0.059,0,"11","NCKAP5"
0,3.66379741980872,0.331,0.044,0,"11","FCGBP"
1.21325743266241e-191,3.51773750470829,0.131,0.016,1.09206514771376e-186,"11","ENSG00000308577"
6.26875961738659e-160,3.40542034907877,0.114,0.014,5.64257321920584e-155,"11","ENSG00000254361"
1.18418912959286e-137,3.35199150904972,0.101,0.013,1.06590047743783e-132,"11","EML1"
2.40743307110257e-191,3.34174793789678,0.218,0.042,2.16695458163013e-186,"11","CX3CR1"
3.26035590123771e-136,3.3144027061728,0.148,0.027,2.93467895026307e-131,"11","ANK2"
0,3.13907288448208,0.84,0.224,0,"11","FRMD4A"
4.09022906544955e-299,3.12744654208304,0.334,0.066,3.6816560841018e-294,"11","HTRA1"
6.46020533138479e-130,3.10817948616109,0.135,0.024,5.81489542083276e-125,"11","ENSG00000255240"
2.10900889033587e-264,3.0432031710922,0.272,0.048,1.89833999228022e-259,"11","EYA2"
9.36720432431908e-249,3.01799570126329,0.253,0.045,8.43151428436284e-244,"11","ANOS1"
4.66562201098304e-273,2.93710883955389,0.523,0.176,4.19957302830595e-268,"11","C3"
1.24957246845257e-89,2.92934173569888,0.116,0.024,1.12475267457884e-84,"11","KCNIP1"
2.58287890437762e-126,2.92637396129589,0.133,0.023,2.32487513061934e-121,"11","DENND2B"
6.48602727145929e-113,2.90769987441057,0.119,0.021,5.83813800731322e-108,"11","GLDN"
2.18101495307552e-282,2.87253022851559,0.37,0.084,1.9631533694128e-277,"11","ZNF618"
4.31925129438704e-133,2.85069902933376,0.169,0.035,3.88780128259072e-128,"11","RYR1"
2.25127424744514e-195,2.8271095195374,0.252,0.054,2.02639446286785e-190,"11","HECTD2"
0,2.80611755351188,0.626,0.15,0,"11","BNC2"
1.07347529778849e-81,2.79238686575741,0.109,0.023,9.66245850292397e-77,"11","P2RY12"
6.77091259394118e-159,2.78826299302644,0.181,0.034,6.0945661349324e-154,"11","EDA"
3.08798181370892e-126,2.7723348926935,0.16,0.033,2.77952331033753e-121,"11","SYT17"
1.00407865851073e-212,2.72341893753472,0.266,0.055,9.03781241312095e-208,"11","P3H2"
3.01454381417192e-245,2.72164593118846,0.349,0.083,2.71342103257428e-240,"11","ESR1"
8.52463616246453e-71,2.69721351480009,0.113,0.028,7.67311025619595e-66,"11","TMEM26"
0,2.68335779402692,0.557,0.156,0,"11","KCNMA1"
2.62006020899106e-117,2.64269227981223,0.146,0.029,2.35834239471495e-112,"11","MTUS1"
8.11149337164171e-245,2.62852433443398,0.403,0.11,7.30123629874842e-240,"11","DTNA"
5.15568746351297e-98,2.62272830063844,0.109,0.02,4.64068584278266e-93,"11","LINC02642"
2.09118302611654e-137,2.62160436824609,0.176,0.036,1.88229475363776e-132,"11","IGSF21"
1.10109930773001e-99,2.60247417614173,0.147,0.034,9.91110497880858e-95,"11","BMPR1A"
4.11817445851249e-151,2.57254196386096,0.192,0.04,3.70681001185168e-146,"11","LINC00865"
2.95474523814015e-116,2.57087986071493,0.174,0.041,2.65959573630233e-111,"11","LPAR5"
5.79191048161236e-179,2.5569552254938,0.286,0.073,5.2133565436041e-174,"11","BLNK"
2.72087486589464e-228,2.53096088692907,0.363,0.094,2.44908667554042e-223,"11","MRC2"
4.93035523094045e-219,2.52577659533079,0.362,0.095,4.43786204692181e-214,"11","ITGA9"
0,2.50287011725264,0.577,0.167,0,"11","LNCAROD"
9.20714060036659e-283,2.49372266988772,0.577,0.2,8.28743932579598e-278,"11","MERTK"
1.40543131190613e-78,2.4924887696685,0.134,0.034,1.26504277815982e-73,"11","DEPTOR"
1.06898552661505e-112,2.48959586876744,0.18,0.044,9.6220456236147e-108,"11","APBA1"
1.03282306494648e-76,2.47626110701581,0.147,0.041,9.29654368988977e-72,"11","CCDC7"
4.44274928769405e-216,2.47071763721669,0.358,0.095,3.9989630613463e-211,"11","TMEM117"
0,2.45375197118502,0.673,0.246,0,"11","SPRED1"
1.62761321525596e-146,2.45239278102769,0.281,0.081,1.46503093118404e-141,"11","FARP1"
1.13251051916451e-141,2.43769630264424,0.25,0.067,1.01938404340517e-136,"11","DIRC3"
5.83388746035251e-127,2.42539090414118,0.263,0.079,5.2511404419379e-122,"11","ENSG00000226149"
3.35482784571608e-114,2.42056605326358,0.233,0.069,3.0197140922075e-109,"11","FAM110B"
1.1850426799808e-115,2.41856174550748,0.205,0.054,1.06666876667752e-110,"11","TLN2"
7.75367050017045e-179,2.4155270751221,0.238,0.051,6.97915635390843e-174,"11","HPGDS"
3.28414580811189e-102,2.40920516225271,0.165,0.041,2.9560924833396e-97,"11","ENSG00000304497"
9.35683907750087e-84,2.406595060547,0.144,0.037,8.42218442204931e-79,"11","LINC01684"
1.87916734553508e-262,2.3865533285258,0.354,0.079,1.69145731938958e-257,"11","OLFML3"
8.20479331629907e-84,2.38384254623212,0.113,0.024,7.38521651193395e-79,"11","PLXDC1"
7.32247614403849e-191,2.36826327156949,0.36,0.106,6.59103400201048e-186,"11","PCNX2"
1.57357905335968e-80,2.36001513069353,0.14,0.036,1.41639424171958e-75,"11","ENSG00000234147"
4.6928589434505e-98,2.34818921042712,0.185,0.051,4.22408926358923e-93,"11","CLDN1"
1.63407880687255e-188,2.33935910385707,0.376,0.114,1.47085067485405e-183,"11","ABCC5"
7.21117992384879e-166,2.33688599663913,0.312,0.09,6.49085516125554e-161,"11","SRGAP3"
1.2913271600135e-91,2.33464367758743,0.16,0.042,1.16233648999975e-86,"11","CTTNBP2"
1.09849608028395e-229,2.32384520008445,0.53,0.197,9.88767306824382e-225,"11","ST6GAL1"
3.60413395094336e-207,2.32228783777373,0.369,0.103,3.24411701058363e-202,"11","CADM1"
0,2.31285690997054,0.921,0.415,0,"11","FMNL2"
4.67127624849741e-66,2.29244316339407,0.118,0.031,4.20466246403501e-61,"11","UBE3D"
1.9748329866646e-161,2.28810189752573,0.379,0.129,1.77756691962667e-156,"11","DISP1"
1.95948169055323e-76,2.28713606316852,0.147,0.04,1.76374906448386e-71,"11","TRPV4"
1.04436802494865e-81,2.28224942994396,0.156,0.043,9.40046102936529e-77,"11","FGD5"
1.6455014350784e-152,2.28177608645208,0.3,0.089,1.48113229672842e-147,"11","MIR99AHG"
2.84106082413851e-45,2.27210072347973,0.12,0.04,2.55726725841531e-40,"11","AL356124.1"
1.29883676955841e-77,2.25642016840324,0.14,0.037,1.16909596464722e-72,"11","IFNLR1"
6.18143568504185e-179,2.25615834838479,0.366,0.113,5.56397207446302e-174,"11","PALD1"
1.20635494611968e-70,2.25316750284847,0.146,0.042,1.08585215055179e-65,"11","SPTLC3"
2.82705163609199e-59,2.24847198891591,0.114,0.031,2.54465744816277e-54,"11","ANTXR1"
4.06208644753228e-271,2.24604905770214,0.747,0.393,3.65632463228828e-266,"11","SFMBT2"
1.94663035454772e-82,2.244421030948,0.165,0.047,1.75218144843195e-77,"11","STK32B"
7.62822629253485e-77,2.24218625634774,0.13,0.033,6.86624276817354e-72,"11","TFCP2L1"
1.92253714441739e-80,2.23775046924709,0.15,0.04,1.73049490906154e-75,"11","LINC02391"
7.25134823543819e-46,2.23775002717769,0.109,0.034,6.52701106020027e-41,"11","ZNF248"
0,2.2349549640534,0.694,0.231,0,"11","SLCO2B1"
2.61853911991391e-93,2.23001569650332,0.199,0.06,2.35697324722571e-88,"11","ICA1"
1.98479197765398e-97,2.22002558013215,0.161,0.04,1.78653110700612e-92,"11","FAM149A"
3.38268367271626e-59,2.21667402496982,0.102,0.026,3.04478740064863e-54,"11","TLR3"
3.00160431985082e-157,2.2149737594185,0.34,0.107,2.70177406434092e-152,"11","MACC1"
3.45579388592037e-144,2.21216711385081,0.296,0.09,3.11059463465579e-139,"11","PRKN"
5.78437046721947e-129,2.19994411334614,0.339,0.121,5.20656970124892e-124,"11","TPRG1"
4.9251088046249e-137,2.19796383629603,0.29,0.089,4.43313968613092e-132,"11","ZDHHC21"
2.33410440592751e-220,2.19453590350458,0.594,0.25,2.10095071681941e-215,"11","ANKH"
7.92072971809836e-118,2.19379764465009,0.213,0.057,7.12952802655752e-113,"11","SDK1"
2.14914035295927e-65,2.186721440663,0.118,0.031,1.93446272310217e-60,"11","AGAP1"
1.10367334183351e-56,2.18600265071173,0.105,0.028,9.93427411717762e-52,"11","DIP2C"
6.12575459933743e-153,2.17192036957187,0.281,0.077,5.51385297240962e-148,"11","GAL3ST4"
3.42130990150684e-99,2.17113258708213,0.178,0.047,3.07955525544532e-94,"11","ADGRG6"
7.30258640453223e-175,2.16933672174079,0.38,0.123,6.57313104858351e-170,"11","APPL2"
3.1385831468371e-66,2.15472943459816,0.143,0.042,2.82507007629954e-61,"11","RHOBTB1"
7.88176754547247e-58,2.14003988072512,0.143,0.046,7.09445778535523e-53,"11","EFCAB13"
1.31924101190422e-75,2.13782229081781,0.144,0.039,1.18746202722511e-70,"11","STARD9"
1.82111149334824e-77,2.12697274091082,0.164,0.049,1.63920066627769e-72,"11","UNC5B"
2.55559794870937e-105,2.15797154989773,0.307,0.102,2.30031926961279e-100,"12","ABTB3"
5.70710787592208e-255,1.88436437765521,0.762,0.333,5.13702487019622e-250,"12","PID1"
1.54356914700192e-31,1.76748907796867,0.162,0.071,1.3893820249079e-26,"12","NFXL1"
2.88614347745354e-39,1.76107693625031,0.123,0.041,2.5978466054907e-34,"12","THBS1-IT1"
3.1029981564058e-44,1.66293281277505,0.121,0.037,2.79303967056242e-39,"12","VCAN-AS1"
1.54846154912263e-130,1.63331092624306,0.416,0.148,1.39378572498077e-125,"12","ENSG00000304732"
1.92808380933246e-75,1.5966065185605,0.512,0.284,1.73548751761824e-70,"12","HK2"
4.01012822918965e-62,1.55129654538708,0.459,0.26,3.6095565203759e-57,"12","CRADD"
8.6787574662989e-40,1.54026573173239,0.15,0.055,7.8118363829903e-35,"12","MN1"
2.34193104023498e-90,1.50574025258658,0.401,0.172,2.1079955486259e-85,"12","GK5"
1.77228982161325e-171,1.46356297602556,0.809,0.427,1.5952557913323e-166,"12","VCAN"
4.01545510289156e-63,1.45111458463424,0.308,0.131,3.61435129266372e-58,"12","NRG1"
8.59479049740816e-25,1.42054157435077,0.136,0.06,7.73625687462206e-20,"12","APOBEC3B"
4.41852109227959e-52,1.41614858535081,0.378,0.198,3.97715502037178e-47,"12","RETN"
1.55377654574056e-29,1.39687728576377,0.165,0.074,1.39856980658654e-24,"12","ENSG00000309943"
7.31537133922803e-136,1.36703761341082,0.708,0.387,6.58463889615254e-131,"12","ANPEP"
7.64838750342331e-48,1.36548572558408,0.192,0.073,6.88439007570636e-43,"12","ENSG00000290563"
4.98629700934472e-16,1.33355805960539,0.183,0.109,4.48821580108128e-11,"12","COL23A1"
1.15608081656006e-23,1.3136578328824,0.367,0.25,1.04059990379387e-18,"12","PPARG"
1.85896807982384e-86,1.29562505158437,0.536,0.279,1.67327575833024e-81,"12","PLCB1"
5.97707622194869e-50,1.29330846727332,0.352,0.182,5.38002607813824e-45,"12","SLC16A6"
7.13446708716541e-28,1.27473155464488,0.135,0.056,6.42180516982846e-23,"12","ENSG00000289439"
5.54646337550284e-162,1.25169257536513,0.943,0.721,4.99242714892386e-157,"12","TIMP1"
2.77199111374524e-22,1.25162704887566,0.109,0.045,2.49509692139323e-17,"12","CD300LD-AS1"
2.63938358541381e-58,1.23284472668582,0.482,0.284,2.37573555906683e-53,"12","RFX2"
6.90106478152956e-57,1.23139999732718,0.416,0.225,6.21171742050257e-52,"12","EMP1"
7.98570510170201e-44,1.21813148140889,0.16,0.057,7.188013019093e-39,"12","TMEM158"
3.08835587715202e-73,1.20855969009143,0.536,0.302,2.7798600085833e-68,"12","RRN3P2"
5.4364379482336e-29,1.20658234335939,0.223,0.115,4.89339216158454e-24,"12","ZNRF1"
1.05255891526201e-62,1.20462027408885,0.478,0.272,9.47418805216492e-58,"12","NIBAN2"
2.01121346860464e-49,1.18764218012242,0.412,0.235,1.81031335522572e-44,"12","VDR"
1.14571805326974e-44,1.18709750458872,0.316,0.16,1.03127227692862e-39,"12","ENSG00000280138"
9.87005969614657e-26,1.17352894241945,0.113,0.044,8.88413943309849e-21,"12","KBTBD11"
4.28568916545765e-22,1.15472763130994,0.102,0.042,3.85759167472008e-17,"12","ENSG00000299894"
8.69390073585165e-07,1.14014604870337,0.103,0.066,0.0782546699134742,"12","CLASP1-AS1"
1.04449911909338e-23,1.13631044925046,0.233,0.13,9.40164102087139e-19,"12","DPH1-AS1"
4.90482906425875e-73,1.12455914725873,0.412,0.193,4.41488568902995e-68,"12","LONRF3"
4.00669264979769e-141,1.12416558885243,0.92,0.724,3.6064641210094e-136,"12","JARID2"
6.82356113355546e-129,1.12328964481494,0.645,0.308,6.1419556119246e-124,"12","CD300E"
1.67439196528342e-14,1.11925313439796,0.126,0.067,1.50713695187126e-09,"12","APBB3"
6.87583558844102e-26,1.11692183351228,0.285,0.171,6.18900837151165e-21,"12","FLNB"
1.7960475738156e-40,1.11663646122834,0.318,0.17,1.61664038166716e-35,"12","CD300C"
3.5320296672923e-23,1.11518284110568,0.211,0.113,3.17921522382647e-18,"12","ENSG00000279602"
2.71111262899412e-46,1.10780622079196,0.464,0.274,2.4402995884839e-41,"12","ENSG00000310376"
7.89694502044126e-31,1.10589071626587,0.305,0.177,7.10811918234938e-26,"12","CDCP1"
1.90063559055516e-18,1.10303575726057,0.105,0.047,1.7107811014146e-13,"12","MAPK7"
1.09157873353333e-25,1.0988212346943,0.245,0.137,9.82540933840683e-21,"12","H2AC6"
1.07215329160021e-26,1.09738702799624,0.348,0.227,9.65055899302266e-22,"12","KCNQ1"
4.26553204882907e-80,1.09453922135151,0.588,0.338,3.83944805247153e-75,"12","EEIG2"
2.99661818751637e-30,1.07357334469079,0.29,0.165,2.69728599676536e-25,"12","MTND1P23"
4.62843009803149e-16,1.07335317789217,0.114,0.056,4.16609621553912e-11,"12","C17orf107"
4.01321766325416e-73,1.07026672678633,0.619,0.394,3.6123373508717e-68,"12","SULF2"
8.6346401168079e-26,1.07011713741946,0.236,0.129,7.77212591553996e-21,"12","ENSG00000288928"
2.39845033969126e-41,1.06974383108507,0.284,0.141,2.1588691352595e-36,"12","TRMT6"
5.67278417795725e-15,1.06608301845205,0.151,0.084,5.1061297664211e-10,"12","ATOSB"
3.25391673021222e-106,1.06497898961971,0.821,0.627,2.92888298803133e-101,"12","GPCPD1"
5.3617326634727e-13,1.06268040912016,0.122,0.067,4.82614918771842e-08,"12","ENSG00000296867"
4.41206916404597e-15,1.06021828087953,0.106,0.052,3.97134757524942e-10,"12","ENSG00000296847"
2.86895396801295e-104,1.05108578174249,0.64,0.345,2.58237415614814e-99,"12","THBS1"
1.2394223439091e-21,1.05108137342639,0.162,0.081,1.11561644597602e-16,"12","ENSG00000288827"
1.42219123303474e-58,1.04864842965967,0.488,0.274,1.2801285507669e-53,"12","SEMA6B"
1.04148769945738e-15,1.04797636189222,0.122,0.062,9.37453493158586e-11,"12","ENSG00000291175"
1.64416732546499e-18,1.0458387118467,0.116,0.054,1.47993145132429e-13,"12","ENSG00000295348"
8.76016099877406e-61,1.03867030007069,0.536,0.321,7.88510851660652e-56,"12","MIR23AHG"
1.70476171006715e-37,1.03236625217692,0.244,0.115,1.53447306284854e-32,"12","ENSG00000279166"
1.35489661844082e-34,1.02966255262048,0.444,0.293,1.21955599522477e-29,"12","CD109"
1.8830189682153e-19,1.02811749091513,0.206,0.118,1.69492420348027e-14,"12","ADARB1"
8.61286249890865e-43,1.02544040431994,0.355,0.194,7.75252366389266e-38,"12","DNMBP"
2.27398254979791e-38,1.02506366696131,0.489,0.34,2.0468344328986e-33,"12","CTNNBL1"
3.12280408531679e-49,1.0096504288047,0.327,0.159,2.8108671852345e-44,"12","GPR84-AS1"
2.35256461013758e-18,1.00659828094936,0.118,0.055,2.11756693123094e-13,"12","ENSG00000280878"
5.25541616730505e-48,1.00599342328837,0.256,0.112,4.73045264635295e-43,"12","MARCO"
2.72999125026352e-24,1.00395116863628,0.189,0.096,2.4572924242747e-19,"12","ENSG00000290755"
6.27655518513887e-11,1.00303129824196,0.131,0.078,5.64959008769534e-06,"12","ENSG00000304130"
3.16533800526644e-15,0.994218103395367,0.163,0.093,2.84915239192038e-10,"12","BPNT2"
1.04208382441177e-102,0.993227964927748,0.774,0.494,9.37990071191279e-98,"12","SLC11A1"
6.18430290737789e-18,0.990895886433236,0.142,0.073,5.56655288995991e-13,"12","H1-3"
6.14614980694521e-92,0.98844932028604,0.877,0.691,5.53221090272946e-87,"12","SLC2A3"
3.98960258906085e-30,0.988397218380057,0.19,0.089,3.59108118643956e-25,"12","ENSG00000289340"
4.80504577427741e-33,0.981421221307315,0.345,0.201,4.32506975188484e-28,"12","ENSG00000307107"
4.37205023874287e-17,0.981108770416637,0.118,0.057,3.93532614039484e-12,"12","ENSG00000297478"
3.92695008496653e-22,0.972812358214877,0.446,0.327,3.53468704097922e-17,"12","SSBP2"
5.09396057109789e-17,0.972789524091365,0.134,0.068,4.58512484965093e-12,"12","VAV3-AS1"
8.99663641043731e-08,0.971574028942594,0.116,0.074,0.00809796239939873,"12","ENSG00000304661"
1.18192545539512e-30,0.966653873376429,0.451,0.309,1.0638629216557e-25,"12","SLC44A1"
6.79584210024169e-30,0.965744886177538,0.343,0.207,6.11700543284855e-25,"12","RRP12"
6.50173855373493e-21,0.962319849495953,0.195,0.106,5.85227988960235e-16,"12","ENSG00000270640"
1.26726357247857e-24,0.961198693877555,0.218,0.116,1.14067661422368e-19,"12","TESC"
6.97003185581678e-23,0.960023055379672,0.177,0.09,6.27379537373924e-18,"12","ABHD17C"
1.17615235804269e-09,0.958068378954223,0.117,0.07,0.00010586664989978,"12","FOSL2-AS1"
1.3225855195805e-22,0.957674375853639,0.163,0.079,1.1904724520296e-17,"12","ENSG00000258666"
1.24499992607495e-49,0.955576485619961,0.507,0.325,1.12063688345932e-44,"12","CHSY1"
2.15409926758864e-31,0.951814664806304,0.31,0.177,1.93892629174921e-26,"12","AMPD2"
1.30187943155862e-14,0.948463222597211,0.16,0.092,1.17183469514023e-09,"12","PFKFB4"
4.71535002351093e-13,0.946280355114554,0.152,0.089,4.24433370966243e-08,"12","SLC16A7"
1.26113502148666e-48,0.937346709584969,0.424,0.237,1.13516024419036e-43,"12","INPP5A"
3.40065001525349e-24,0.936185429040751,0.313,0.195,3.06095908522982e-19,"12","IGF2BP2"
4.13052928485611e-13,0.936136728545253,0.122,0.066,3.71793071459183e-08,"12","CATSPER1"
2.6947993944461e-19,0.92049057210791,0.182,0.099,2.42561588293488e-14,"12","NBPF26"
1.36134337364703e-28,0.917802115957211,0.146,0.061,1.22535878405343e-23,"12","ENSG00000287535"
0,8.96277732272288,0.255,0.001,0,"13","TUBB2B"
0,8.35281152925399,0.744,0.013,0,"13","CCL19"
0,8.12982771188742,0.32,0.002,0,"13","NCCRP1"
0,7.79874307487134,0.585,0.005,0,"13","CD200"
0,7.78650991234567,0.101,0.001,0,"13","TNNT2"
0,7.76137446251074,0.183,0.002,0,"13","TNFRSF11B"
0,7.74895223946641,0.728,0.016,0,"13","ENOX1"
0,7.7260683542304,0.15,0.003,0,"13","TENM3"
0,7.72333907285708,0.198,0.002,0,"13","INSM1"
0,7.69568532911567,0.406,0.006,0,"13","DLGAP2"
0,7.43712883276472,0.138,0.001,0,"13","ENSG00000293835"
0,7.42639609568772,0.387,0.004,0,"13","ST8SIA1"
0,7.28971006366139,0.237,0.002,0,"13","LINC01170"
0,7.21092192051781,0.756,0.015,0,"13","SLCO5A1"
0,7.16616626439427,0.249,0.003,0,"13","TMEM150C"
0,7.11580303461827,0.482,0.005,0,"13","HMSD"
0,6.90753059920761,0.24,0.005,0,"13","NRG2"
0,6.8582190200387,0.716,0.014,0,"13","GPC5"
0,6.82676058467549,0.328,0.005,0,"13","EYA4"
0,6.74048609313611,0.13,0.002,0,"13","XKR4"
0,6.68491806903988,0.609,0.017,0,"13","ADAM12"
0,6.68099264862262,0.605,0.025,0,"13","ENSG00000303924"
0,6.51847950587858,0.612,0.024,0,"13","LIMCH1"
0,6.43224618916921,0.285,0.005,0,"13","AOC1"
0,6.22663259697915,0.189,0.003,0,"13","SMOC1"
0,6.1849958455023,0.107,0.003,0,"13","KIAA1211"
0,6.15042786200496,0.456,0.017,0,"13","CCL17"
0,6.11902906622614,0.513,0.023,0,"13","ENSG00000298041"
0,6.04464793096926,0.217,0.007,0,"13","TMEM178B"
0,6.00069399626686,0.213,0.005,0,"13","ENTHD1"
0,5.9981711892865,0.154,0.003,0,"13","ACVR1C"
0,5.91826012354561,0.746,0.04,0,"13","SLC22A23"
0,5.85779875719904,0.117,0.003,0,"13","LINC01388"
0,5.82133901792283,0.555,0.029,0,"13","CCL22"
0,5.77746045582645,0.361,0.009,0,"13","GCSAM"
0,5.63804719337837,0.155,0.007,0,"13","TFPI2"
0,5.57663937435305,0.213,0.009,0,"13","TREML1"
0,5.55153088999161,0.118,0.004,0,"13","CDHR3"
0,5.53556807409067,0.576,0.017,0,"13","LAD1"
0,5.53046698233102,0.297,0.01,0,"13","ROR1"
0,5.48823601479961,0.92,0.078,0,"13","LAMP3"
0,5.47964377803602,0.153,0.006,0,"13","ARNT2"
0,5.45336961905566,0.592,0.028,0,"13","PLEKHG1"
0,5.43517527492105,0.3,0.013,0,"13","CYP7B1"
0,5.42991348775516,0.134,0.002,0,"13","GRIK4"
0,5.40687653918311,0.229,0.01,0,"13","CPNE4"
0,5.38543818169059,0.142,0.004,0,"13","EDIL3"
0,5.35524173698288,0.229,0.004,0,"13","SYNPO"
0,5.29213803113671,0.832,0.103,0,"13","FSCN1"
0,5.21508623637885,0.211,0.009,0,"13","EPB41L4A"
0,5.20070771438722,0.141,0.004,0,"13","TLCD5"
0,5.11972159371381,0.495,0.026,0,"13","BCL2L14"
0,5.09963411197172,0.187,0.008,0,"13","CRACD"
0,5.08594769807575,0.34,0.014,0,"13","SYNPO2"
0,5.07918690440929,0.196,0.007,0,"13","PIEZO2"
0,5.03922716534534,0.152,0.004,0,"13","NRXN2"
0,5.00199004465392,0.355,0.031,0,"13","CASC15"
0,5.00153141743224,0.226,0.017,0,"13","ZFPM2"
0,4.97765888454281,0.365,0.019,0,"13","EDARADD"
0,4.94176532050783,0.871,0.075,0,"13","CCR7"
0,4.88473423371764,0.218,0.012,0,"13","NLGN4Y"
0,4.85511523502609,0.661,0.071,0,"13","FLT3"
0,4.85169616055024,0.129,0.004,0,"13","ENSG00000229425"
0,4.74765808384747,0.594,0.08,0,"13","LY75"
2.13412055093534e-242,4.73887504373573,0.135,0.01,1.92094324910241e-237,"13","H2AFY2"
0,4.72463005026768,0.709,0.095,0,"13","WNT5B"
0,4.71980439049091,0.351,0.017,0,"13","ACHE"
4.59780312833184e-224,4.69243015960408,0.123,0.009,4.13852857384277e-219,"13","ENSG00000224000"
0,4.67197122434396,0.254,0.014,0,"13","NPFFR1"
0,4.65311618610342,0.123,0.004,0,"13","APOBEC3H"
0,4.64831922513072,0.361,0.017,0,"13","UBD"
0,4.64636905683574,0.179,0.009,0,"13","MCF2"
0,4.59153791275591,0.723,0.142,0,"13","KIF2A"
0,4.57854436644228,0.3,0.019,0,"13","ENSG00000297177"
0,4.57578742593349,0.769,0.111,0,"13","TBC1D4"
0,4.56046835442836,0.262,0.012,0,"13","NTN1"
1.77302290203019e-273,4.52771983691339,0.136,0.009,1.59591564434639e-268,"13","ENSG00000266846"
0,4.50174912829607,0.12,0.005,0,"13","TMCC2"
0,4.48156338411541,0.219,0.017,0,"13","DEPP1"
3.27806449560907e-269,4.45267730712515,0.124,0.008,2.95061863314268e-264,"13","ENSG00000248969"
0,4.44215581606178,0.294,0.024,0,"13","STRIP2"
0,4.43072675675738,0.361,0.023,0,"13","BICDL1"
0,4.41420222538517,0.225,0.013,0,"13","LINC02362"
1.09124678262312e-300,4.39872619185734,0.19,0.017,9.82242141506894e-296,"13","PTPRG"
0,4.3578760381381,0.7,0.084,0,"13","POGLUT1"
0,4.34060669734625,0.584,0.092,0,"13","EBI3"
0,4.29658122717411,0.509,0.05,0,"13","PDCD1LG2"
0,4.27202248544918,0.963,0.311,0,"13","BIRC3"
0,4.20578919187804,0.519,0.044,0,"13","RAB30"
3.32438283375106e-236,4.1632183225481,0.229,0.032,2.99231023248767e-231,"13","DAB1"
0,4.15240242784423,0.259,0.026,0,"13","MACROH2A2"
2.78806464549162e-196,4.15207945619639,0.113,0.009,2.50956486805346e-191,"13","DNAH11"
0,4.11278365981814,0.724,0.093,0,"13","IDO1"
1.172046519254e-279,4.10931656448905,0.124,0.007,1.05497079244572e-274,"13","FBXO27"
0,4.06967226700418,0.256,0.016,0,"13","GPR153"
7.87721671025625e-234,4.06813790912955,0.119,0.008,7.09036153306875e-229,"13","DYNC1I1"
0,4.05771859572276,0.263,0.028,0,"13","ROBO1"
0,4.05086272375923,0.236,0.022,0,"13","CD70"
0,4.03944171463073,0.361,0.031,0,"13","ZNF260"
0,4.03463124117634,0.226,0.017,0,"13","BTLA"
0,6.73364766901964,0.143,0.001,0,"14","H3C2"
0,6.67851285334181,0.213,0.002,0,"14","KIF18B"
0,6.46243980541928,0.411,0.005,0,"14","GTSE1"
0,6.24841668839315,0.288,0.004,0,"14","DLGAP5"
0,5.99156559011598,0.349,0.005,0,"14","SPC25"
0,5.93452460984555,0.152,0.002,0,"14","SKA1"
0,5.84663231764486,0.515,0.011,0,"14","DIAPH3"
0,5.84370778158261,0.264,0.005,0,"14","TROAP"
0,5.7213767519372,0.124,0.002,0,"14","PIMREG"
0,5.71364709613141,0.418,0.008,0,"14","CEP55"
0,5.71121320183668,0.233,0.003,0,"14","PKMYT1"
0,5.69631715753126,0.29,0.006,0,"14","BUB1B"
0,5.61632566669062,0.218,0.007,0,"14","PLK1"
0,5.61380223577777,0.144,0.002,0,"14","DEPDC1"
0,5.46667467593231,0.215,0.005,0,"14","HJURP"
0,5.38940190398445,0.137,0.002,0,"14","NEK2"
0,5.32442188361294,0.237,0.005,0,"14","KIF15"
0,5.30632695544214,0.198,0.009,0,"14","H1-5"
0,5.26368317846404,0.4,0.012,0,"14","MELK"
0,5.25932806282357,0.327,0.008,0,"14","NUF2"
0,5.25686391142528,0.362,0.011,0,"14","CIT"
0,5.23711031092987,0.444,0.012,0,"14","CENPM"
0,5.23705041160257,0.313,0.008,0,"14","ESCO2"
0,5.17155871497744,0.41,0.014,0,"14","KNL1"
0,5.14481074716112,0.476,0.016,0,"14","ZWINT"
0,5.11907083487339,0.156,0.004,0,"14","CDC45"
0,5.08626921950523,0.191,0.005,0,"14","SPC24"
0,5.08370970738774,0.412,0.016,0,"14","ANLN"
0,4.95095675563185,0.156,0.005,0,"14","EXO1"
0,4.91847344363021,0.266,0.009,0,"14","FOXM1"
0,4.90965988180042,0.221,0.007,0,"14","CENPI"
0,4.90329733654089,0.349,0.013,0,"14","MAD2L1"
0,4.88966117277161,0.277,0.009,0,"14","NDC80"
0,4.88718855516215,0.347,0.009,0,"14","NCAPG"
0,4.87414654207483,0.325,0.011,0,"14","POLQ"
0,4.86203614166843,0.383,0.015,0,"14","HMMR"
0,4.82829673846963,0.289,0.011,0,"14","DTL"
0,4.80124387068699,0.275,0.01,0,"14","IQGAP3"
0,4.76802325489072,0.253,0.008,0,"14","TCF19"
0,4.7667509729824,0.444,0.021,0,"14","CDKN3"
0,4.75996170833045,0.243,0.009,0,"14","CDT1"
0,4.74680666805953,0.159,0.004,0,"14","MCM10"
0,4.7438524035618,0.129,0.005,0,"14","H2AC14"
0,4.73618375870572,0.215,0.007,0,"14","FAM111B"
0,4.61714385789533,0.377,0.017,0,"14","SHCBP1"
0,4.58181985489684,0.19,0.006,0,"14","TTK"
0,4.57416215812543,0.273,0.011,0,"14","NCAPH"
0,4.55669281622806,0.235,0.008,0,"14","CDC25C"
0,4.54989625281832,0.115,0.003,0,"14","E2F8"
0,4.5305514840825,0.294,0.013,0,"14","BUB1"
0,4.52509607059403,0.177,0.006,0,"14","RAD51"
2.49302748242563e-316,4.47542094762152,0.115,0.004,2.24399896720614e-311,"14","RECQL4"
0,4.47010189241284,0.41,0.02,0,"14","CENPK"
0,4.46975605969798,0.326,0.012,0,"14","KIF14"
0,4.44267678989718,0.274,0.007,0,"14","CKAP2L"
1.56741909577166e-276,4.38541460444406,0.103,0.004,1.41084960229503e-271,"14","E2F2"
0,4.35965774568534,0.15,0.006,0,"14","RAD54L"
0,4.3369959169864,0.151,0.006,0,"14","E2F1"
0,4.32951254385565,0.313,0.019,0,"14","BRIP1"
0,4.24590970410222,0.446,0.027,0,"14","RAD51AP1"
0,4.24190501603096,0.201,0.01,0,"14","GINS2"
0,4.22694238135957,0.285,0.014,0,"14","UBE2T"
0,4.21779512774798,0.262,0.016,0,"14","PARPBP"
0,4.19606563296912,0.19,0.011,0,"14","ARHGAP11A"
0,4.17995035944558,0.159,0.006,0,"14","SKA3"
0,4.16561890317897,0.161,0.008,0,"14","C21orf58"
0,4.16148643130092,0.409,0.025,0,"14","TMEM106C"
0,4.15178376663077,0.348,0.021,0,"14","PRC1"
0,4.15174316903953,0.691,0.079,0,"14","CKS1B"
0,4.14103407002878,0.175,0.008,0,"14","PLK4"
0,4.11811675958116,0.13,0.005,0,"14","CCDC150"
1.32319446450688e-279,4.11797414485202,0.112,0.005,1.19102056944728e-274,"14","DSCC1"
0,4.10104388640213,0.236,0.012,0,"14","SGO1"
0,4.05928580969084,0.227,0.013,0,"14","KIF23"
0,4.05377455833233,0.195,0.009,0,"14","DYNC2I2"
0,4.04011592739479,0.439,0.03,0,"14","CLSPN"
1.04689420122845e-309,4.0076335400596,0.157,0.009,9.42319939467743e-305,"14","CENPS"
0,3.96828452998584,0.181,0.009,0,"14","OIP5"
0,3.94717614761484,0.255,0.013,0,"14","CCDC34"
0,3.94269670520022,0.181,0.011,0,"14","POC1A"
6.00371260498882e-205,3.93799777954143,0.15,0.014,5.40400175287649e-200,"14","H2AC17"
0,3.91678396282946,0.338,0.024,0,"14","FANCI"
0,3.8951909549253,0.325,0.023,0,"14","SGO2"
0,3.86728992029022,0.276,0.016,0,"14","MIR924HG"
0,3.86203736167091,0.244,0.016,0,"14","FEN1"
0,3.82904378964271,0.311,0.013,0,"14","MYBL2"
2.41549560093291e-286,3.78513738890358,0.557,0.143,2.17421174535572e-281,"14","H4C3"
0,3.77547446033107,0.599,0.085,0,"14","PTTG1"
2.33730906046221e-288,3.74048430636397,0.155,0.01,2.10383525841264e-283,"14","CCNF"
5.56945348969943e-229,3.73843847631894,0.11,0.006,5.01312078061335e-224,"14","SAPCD2"
1.13888093220969e-304,3.73839267525987,0.128,0.006,1.02511811589126e-299,"14","CDC6"
0,3.72233854265983,0.303,0.023,0,"14","ORC6"
6.59176777847576e-258,3.71974695918317,0.12,0.006,5.93331609508381e-253,"14","ENSG00000224905"
1.77838965444631e-285,3.70793942058575,0.142,0.008,1.60074631186366e-280,"14","NEIL3"
0,3.69235827697678,0.28,0.025,0,"14","INCENP"
0,3.68804482578136,0.223,0.016,0,"14","GINS1"
0,3.67670683196644,0.205,0.014,0,"14","RPL39L"
0,3.67288245271973,0.242,0.018,0,"14","WDR76"
0,3.64874758333293,0.342,0.023,0,"14","ASF1B"
0,3.63161827679364,0.51,0.06,0,"14","DTYMK"
6.56125635700195e-06,3.1777464560818,0.148,0.104,0.590585245950102,"15","BCOR"
5.63328957426303e-54,3.03910390606165,0.1,0.02,5.07058027868989e-49,"15","CSMD1"
2.88844857134963e-177,3.00293368184583,0.181,0.022,2.59992144355752e-172,"15","ENSG00000289901"
9.65252811719142e-78,2.73536381905726,0.198,0.052,8.68833708356517e-73,"15","GPX1"
1.98874334499134e-99,2.64056435706365,0.191,0.041,1.79008777226016e-94,"15","CCR2"
5.97143807747801e-46,2.45630446131373,0.216,0.083,5.37495112791873e-41,"15","ZBTB16"
2.68415260095948e-91,2.39534620792319,0.254,0.072,2.41603259764963e-86,"15","GIMAP8"
1.29839483377784e-89,2.37125065529737,0.274,0.083,1.16869817383177e-84,"15","S100Z"
6.85847406448224e-30,2.36805924628829,0.116,0.039,6.17338109018111e-25,"15","MATR3"
1.86274371478214e-41,2.24121082016625,0.114,0.031,1.67667424511255e-36,"15","NFE2"
4.70229845960155e-34,2.21814931553371,0.115,0.035,4.23258586647195e-29,"15","LINC02432"
9.52993992291774e-90,2.20563010498791,0.282,0.087,8.57799422401748e-85,"15","GIMAP7"
2.37007385414737e-62,2.17950648415443,0.172,0.047,2.13332717685659e-57,"15","ENSG00000291144"
6.48249992115193e-52,2.14562312171215,0.198,0.067,5.83496300402806e-47,"15","SIRPB2"
1.16207333763433e-25,2.1220775150948,0.138,0.055,1.04599383193804e-20,"15","CFP"
1.9015705381174e-36,2.10392194898861,0.127,0.04,1.71162265706486e-31,"15","GPBAR1"
2.30153568205638e-104,2.10084926435534,0.103,0.012,2.07163528277577e-99,"15","IGKV3-20"
1.4531038124766e-86,2.09908538563005,0.375,0.148,1.30795327264831e-81,"15","PRAM1"
3.9615291490166e-44,2.07419288028096,0.287,0.133,3.56581200232133e-39,"15","NRG1"
1.63262717012993e-45,2.02880695980539,0.208,0.077,1.46954404210565e-40,"15","MIR223HG"
3.35103976052339e-49,2.00802719808911,0.206,0.073,3.01630439884471e-44,"15","LILRA1"
1.82804375859435e-121,1.98740502228565,0.583,0.279,1.64544046754836e-116,"15","LRRK2"
4.93869465633269e-46,1.97305394329177,0.237,0.096,4.44536844711162e-41,"15","KIAA0513"
1.95985223807287e-162,1.95283693662585,0.756,0.434,1.76408259801177e-157,"15","AOAH"
8.38982727772911e-37,1.90388196892144,0.203,0.084,7.55176743095675e-32,"15","GIMAP1"
2.10252812968622e-21,1.90364212422015,0.105,0.04,1.89250659481187e-16,"15","TSPAN32"
4.68309794913144e-94,1.90312365413516,0.445,0.189,4.2153032949927e-89,"15","TNFSF10"
2.5166883771011e-34,1.88714712240634,0.18,0.072,2.26529637511247e-29,"15","CCDC88C"
2.79747663089625e-09,1.87489243060998,0.139,0.084,0.000251803669023603,"15","CXCL10"
3.18958297389657e-28,1.87354073840367,0.133,0.049,2.87097553063405e-23,"15","IPCEF1"
3.14562717625017e-64,1.87335623307492,0.324,0.135,2.83141047761454e-59,"15","RAP1GAP2"
1.90870059057515e-30,1.85991957379226,0.139,0.051,1.7180404885826e-25,"15","NLRP12"
8.47834457558545e-43,1.84913741131743,0.206,0.079,7.63144273593022e-38,"15","MPP7"
6.30247456752607e-26,1.84458993627636,0.104,0.035,5.67292038297589e-21,"15","ENSG00000289977"
1.70662855365737e-27,1.84411210919476,0.102,0.033,1.53615342743253e-22,"15","NHSL2"
9.5628318958086e-25,1.84172504599583,0.168,0.076,8.60760061773628e-20,"15","NACC2"
1.13969314232188e-92,1.83032259201843,0.516,0.253,1.02584919433535e-87,"15","FLI1"
8.27981787782814e-75,1.81984142032574,0.618,0.385,7.45274687001189e-70,"15","FKBP5"
3.2504839020272e-73,1.8124476847806,0.458,0.231,2.92579306505371e-68,"15","FGD2"
2.17189649509183e-66,1.80876653129617,0.358,0.156,1.9549457541971e-61,"15","HRH2"
1.17329679021545e-15,1.80474399755903,0.119,0.056,1.05609617384083e-10,"15","NXPE3"
1.45491453629616e-18,1.80152260468571,0.133,0.061,1.30958312326553e-13,"15","SFXN5"
4.01332216852556e-37,1.79490728454651,0.215,0.091,3.61243141711154e-32,"15","SLC24A4"
6.1994973531183e-97,1.79075318204555,0.501,0.229,5.58022956251531e-92,"15","RIPOR2"
2.23279137615194e-56,1.78482173105875,0.319,0.14,2.00975784558812e-51,"15","ITGAL"
6.30340574060537e-76,1.78058191265759,0.473,0.238,5.6737585411763e-71,"15","MEGF9"
8.48783553678727e-22,1.77994834207994,0.108,0.041,7.63998564501759e-17,"15","DGKG"
2.14006723713813e-08,1.77900359996942,0.143,0.091,0.0019262959208204,"15","FN1"
1.59231810689881e-63,1.77089007395661,0.383,0.18,1.43326145120068e-58,"15","MAP3K3"
5.84834086804898e-20,1.76746016296831,0.105,0.041,5.26415009873957e-15,"15","ENSG00000226281"
9.17876614348605e-68,1.76500976814313,0.489,0.27,8.26189919341323e-63,"15","SPTLC2"
1.64554814089099e-23,1.75580257822195,0.149,0.064,1.48117433709739e-18,"15","ENSG00000306779"
4.82020247231284e-77,1.75446622765749,0.336,0.126,4.33871244735351e-72,"15","GLT1D1"
3.88664790308215e-23,1.73424298612101,0.105,0.038,3.49841064404327e-18,"15","GASK1B-AS1"
1.40317213437616e-40,1.7320108995469,0.224,0.092,1.26300926987332e-35,"15","FAM117B"
2.93059426099907e-19,1.73187245347248,0.108,0.044,2.63785720026787e-14,"15","LINC01410"
1.61223703853459e-23,1.70352315317367,0.168,0.078,1.45119068075537e-18,"15","CD1D"
8.86511579781737e-20,1.69391603103458,0.179,0.092,7.9795793807734e-15,"15","APOL3"
1.38185468334805e-95,1.69031989837335,0.57,0.296,1.24382121902841e-90,"15","JAK2"
1.86582605397024e-26,1.67825822268851,0.196,0.093,1.67944868943915e-21,"15","DPEP2"
4.08053889709675e-65,1.6776198129148,0.472,0.253,3.67293386666575e-60,"15","CLEC12A"
4.61642335047116e-25,1.67566810320964,0.244,0.132,4.15528882199259e-20,"15","ANKRD22"
8.34018705252982e-109,1.66273715636274,0.776,0.546,7.50708576785262e-104,"15","SSH2"
3.84104821344169e-52,1.66046005913401,0.435,0.237,3.457365907401e-47,"15","CD36"
3.09763510320318e-14,1.6493028377861,0.132,0.067,2.78821233274421e-09,"15","TTC13"
1.74512206356806e-35,1.64028114337785,0.287,0.146,1.57080182063825e-30,"15","CD300LF"
2.36838986490372e-26,1.63767334210033,0.114,0.04,2.13181140129848e-21,"15","RAB3D"
5.0809479438441e-84,1.63536213328607,0.565,0.315,4.57341205373351e-79,"15","MAP3K1"
5.39538908434304e-16,1.63190223735642,0.116,0.053,4.85644366870802e-11,"15","FRMD3"
2.71771094380246e-19,1.62034703415595,0.156,0.076,2.44623879762604e-14,"15","TEP1"
2.53765297846671e-24,1.61864194249271,0.114,0.042,2.28416682244767e-19,"15","TMTC1"
2.68163307694327e-29,1.61820977737925,0.252,0.13,2.41376474888741e-24,"15","PVT1"
1.60630258568349e-24,1.61773407286042,0.174,0.08,1.44584902039957e-19,"15","RAB24"
2.7638240805417e-27,1.59820362788883,0.181,0.081,2.48774569313639e-22,"15","ABHD15-AS1"
5.05892861201269e-38,1.59134032254328,0.519,0.365,4.55359223295874e-33,"15","MT-ATP8"
6.57298944130883e-27,1.58465673123134,0.232,0.119,5.9164135260165e-22,"15","FAR2"
9.22833452294415e-63,1.58317601212613,0.468,0.255,8.30651618744726e-58,"15","IL17RA"
1.30461636916315e-27,1.58102366925069,0.218,0.107,1.17429824004744e-22,"15","NBEAL2"
3.41259686896618e-38,1.58074118206327,0.279,0.135,3.07171256772515e-33,"15","CLMN"
7.36897589941951e-49,1.57321966763283,0.388,0.205,6.6328888968265e-44,"15","FRY"
5.63876463918345e-35,1.56476925014675,0.249,0.117,5.07550843937542e-30,"15","PIK3CD"
6.00050939754859e-16,1.56254425698269,0.149,0.077,5.40111851382746e-11,"15","H1-4"
1.32081377130836e-41,1.54719259723442,0.376,0.211,1.18887768369237e-36,"15","ARRB1"
1.65640744550714e-34,1.54510485472487,0.233,0.107,1.49094890577543e-29,"15","KLHL8"
2.553954404998e-17,1.54171670014839,0.129,0.06,2.29883989948275e-12,"15","PPARGC1B"
8.92883163027901e-54,1.53950868104894,0.438,0.236,8.03693063873044e-49,"15","ARHGAP24"
2.88387004141833e-15,1.53766748535745,0.167,0.092,2.59580026298106e-10,"15","HERC5"
4.89130801182889e-132,1.53713693748887,0.776,0.508,4.4027152545273e-127,"15","SAMHD1"
5.03292340464476e-86,1.53591778874117,0.646,0.397,4.5301846857548e-81,"15","LYST"
3.45347738321771e-66,1.53099430449351,0.482,0.265,3.10850952740809e-61,"15","CPPED1"
2.32529618586282e-10,1.52876023955676,0.102,0.053,2.09302234985698e-05,"15","STAC"
2.58245311624264e-56,1.52745395824365,0.398,0.199,2.32449187446116e-51,"15","GIMAP4"
3.43155019359981e-38,1.52720922507006,0.349,0.191,3.08877264476113e-33,"15","DNAJC13"
6.25362667773809e-26,1.52694894147243,0.243,0.13,5.62895190889883e-21,"15","FBXO9"
1.28971183960768e-19,1.51935179888951,0.162,0.079,1.16088252394927e-14,"15","SYNE3"
5.94368630365217e-11,1.51912186615842,0.129,0.073,5.34997147878036e-06,"15","NPEPL1"
1.51345811998684e-12,1.5188508452103,0.134,0.073,1.36227878838136e-07,"15","KIAA0040"
1.33068375178582e-08,1.51600055918496,0.117,0.07,0.00119776175181993,"15","GTF3C2"
9.31023870237203e-44,1.51316072147308,0.37,0.197,8.38023895839209e-39,"15","TMTC2"
2.23062284018375e-11,1.51279633931594,0.15,0.089,2.0078059246778e-06,"15","ZMYM6"
0,8.7479999993253,0.135,0,0,"16","PPY"
0,6.95729839768875,0.797,0.013,0,"16","CLEC9A"
0,6.86553117379455,0.732,0.013,0,"16","CLNK"
0,6.78212549298331,0.48,0.005,0,"16","XCR1"
0,6.35312931181461,0.116,0.001,0,"16","SMASR"
0,6.21599478668138,0.392,0.006,0,"16","ENSG00000231873"
0,6.15562892179973,0.159,0.003,0,"16","NYAP2"
0,6.12190949667585,0.194,0.002,0,"16","PAK3"
0,6.05982692732479,0.186,0.003,0,"16","SH3RF2"
0,6.03847541034012,0.52,0.01,0,"16","NCALD"
0,5.9823674353254,0.197,0.003,0,"16","SNX22"
0,5.96574257082913,0.16,0.003,0,"16","ANKRD20A1"
0,5.91815148267056,0.106,0.002,0,"16","RFPL4A"
0,5.78186868389325,0.132,0.002,0,"16","KCND3"
0,5.74116953115402,0.402,0.009,0,"16","ENPP1"
0,5.69716139443387,0.453,0.013,0,"16","MIR924HG"
0,5.586855615897,0.137,0.003,0,"16","LINC01724"
0,5.55799863551386,0.152,0.004,0,"16","ENSG00000288600"
0,5.05049482492941,0.125,0.004,0,"16","PLEKHG4B"
0,4.97421516349624,0.709,0.035,0,"16","DNASE1L3"
0,4.96266839491919,0.104,0.002,0,"16","ENSG00000291166"
0,4.76343307683792,0.235,0.009,0,"16","ENSG00000255580"
0,4.71703741096182,0.218,0.006,0,"16","FBXO27"
0,4.62530355967055,0.153,0.006,0,"16","THRB-AS2"
0,4.52393868250726,0.627,0.036,0,"16","TOX"
0,4.52066072723998,0.215,0.007,0,"16","DBN1"
0,4.50126604425341,0.686,0.053,0,"16","NEGR1"
0,4.46499848899599,0.155,0.006,0,"16","PPM1J"
0,4.42718692231036,0.432,0.026,0,"16","HLA-DOB"
0,4.38463656303495,0.203,0.007,0,"16","CYYR1"
0,4.3760914970813,0.39,0.02,0,"16","GNAO1"
0,4.25605309605877,0.192,0.01,0,"16","CLCN4"
0,4.24832924108044,0.235,0.016,0,"16","ENSG00000283445"
0,4.22399177435993,0.728,0.129,0,"16","NAPSB.1"
0,4.21827248758292,0.366,0.016,0,"16","BTLA"
0,4.15416668107584,0.962,0.214,0,"16","CCSER1"
0,4.13356503009897,0.293,0.019,0,"16","ASB2"
0,4.02199842790972,0.921,0.228,0,"16","WDFY4"
2.38681762253659e-222,3.99586008737354,0.139,0.01,2.14839841022141e-217,"16","CNR2"
0,3.98542391767031,0.598,0.06,0,"16","WFDC21P.1"
0,3.98498596607309,0.627,0.055,0,"16","THRB"
0,3.85871587656606,0.248,0.013,0,"16","ROR1"
3.57304839898796e-173,3.80296790138405,0.103,0.007,3.21613659441305e-168,"16","DST-AS1"
0,3.79025801984623,0.81,0.176,0,"16","CPNE3"
0,3.78632128693325,0.816,0.097,0,"16","CADM1"
3.03315922836736e-173,3.78535890557524,0.155,0.016,2.73017695304575e-168,"16","ENSG00000288922"
3.60146307810108e-186,3.76859193449351,0.108,0.007,3.24171293122956e-181,"16","PPP1R3G"
0,3.75826947629208,0.697,0.106,0,"16","RAB7B"
0,3.72267040355121,0.236,0.018,0,"16","MYEF2"
2.12645509286458e-183,3.69581028325174,0.131,0.01,1.91404349363833e-178,"16","ZNF462"
0,3.68121755073531,0.877,0.227,0,"16","C1orf54"
1.01042186277376e-147,3.64259479533054,0.102,0.008,9.09490822901286e-143,"16","LINC02149"
0,3.56777009426663,0.955,0.269,0,"16","HDAC9"
0,3.56758850672594,0.477,0.056,0,"16","CCDC26"
1.04025309805916e-174,3.55359756565061,0.169,0.019,9.36342216094029e-170,"16","ZNF707"
1.0358590527454e-139,3.54120584044416,0.12,0.012,9.32387091966658e-135,"16","ALG1L2"
0,3.52313573153724,0.355,0.032,0,"16","ZNF366"
0,3.50356336448815,0.219,0.015,0,"16","GCSAM"
1.42022671510354e-191,3.48673207553939,0.151,0.013,1.27836026853185e-186,"16","GPR171"
0,3.4696736971721,0.266,0.021,0,"16","FKBP1B"
0,3.4230077546497,0.306,0.031,0,"16","PARM1"
0,3.41859841153706,0.481,0.049,0,"16","P2RY14"
0,3.41284841933796,0.904,0.166,0,"16","AUTS2"
4.19533185590923e-278,3.40231503870139,0.254,0.026,3.77626015682245e-273,"16","SERPINF2"
4.95977669383739e-170,3.4012559139154,0.161,0.017,4.46434459988997e-165,"16","MYBL1"
4.61368885420733e-304,3.38356551923796,0.291,0.032,4.15282747456056e-299,"16","DMD"
0,3.37472995174403,0.277,0.027,0,"16","EBF4"
2.89583037291889e-54,3.3550751528214,0.106,0.021,2.60656587696802e-49,"16","GUCY1A1"
0,3.35440926870069,0.797,0.096,0,"16","IDO1"
1.12619796681792e-264,3.33827903596017,0.25,0.027,1.01370205191247e-259,"16","PNMA1"
0,3.30375230511663,0.384,0.036,0,"16","TMEM14A"
3.20236743450154e-118,3.29662378540482,0.12,0.014,2.88248295146918e-113,"16","ENSG00000258603"
6.76861379054925e-278,3.2904444531172,0.201,0.016,6.09249695901129e-273,"16","BIK"
1.65794335338282e-200,3.26140827369851,0.194,0.021,1.49233139181341e-195,"16","TLR10"
0,3.25197341685764,0.513,0.061,0,"16","BATF3"
3.78749576490342e-269,3.23485164728696,0.244,0.025,3.40916281294722e-264,"16","AKAP6"
4.13699195951841e-121,3.18135690175436,0.108,0.011,3.72374783268211e-116,"16","ENSG00000309490"
2.74515859735359e-252,3.17682394272945,0.258,0.03,2.47094470506394e-247,"16","ROBO1"
1.30007829282684e-164,3.17402156141704,0.129,0.011,1.17021347215637e-159,"16","MYO7B"
7.51338784484e-178,3.16256988873821,0.115,0.008,6.76287553301893e-173,"16","PDE1C"
5.66749288420855e-98,3.14711350925507,0.119,0.016,5.10136702000496e-93,"16","KIF23"
0,3.12259978181024,0.573,0.092,0,"16","NET1"
1.92167766637963e-296,3.11777997604325,0.324,0.04,1.72972128428497e-291,"16","SH3BP4"
0,3.09377659965081,0.663,0.125,0,"16","KIF16B"
0,3.0828789781688,0.555,0.095,0,"16","NUBPL"
3.85786898629525e-90,3.06379966192553,0.106,0.014,3.47250645325421e-85,"16","ENSG00000300496"
2.57591063559212e-149,3.06251232337156,0.128,0.012,2.31860292220283e-144,"16","EEIG1"
2.60206192631472e-185,3.01140904475653,0.215,0.028,2.34214196049514e-180,"16","PKP2"
9.8238985235091e-149,2.99382515570318,0.194,0.028,8.84258929999577e-144,"16","LINC02182"
0,2.98946492771995,0.489,0.083,0,"16","PLPP1"
0,2.98497611468013,0.247,0.021,0,"16","PAWR"
0,2.96601132668302,0.651,0.143,0,"16","ZBTB46"
0,2.95472255370961,0.343,0.041,0,"16","SAMD12"
7.80956720674467e-318,2.9507518240594,0.536,0.107,7.02946953846294e-313,"16","S100B"
2.64073188571487e-285,2.94935956463639,0.292,0.034,2.37694917765081e-280,"16","BCL2L14"
0,2.9454767755438,0.526,0.084,0,"16","SLC24A4"
5.35508015705588e-168,2.93559446194302,0.176,0.021,4.82016120016757e-163,"16","OSBP2"
1.63352182203058e-269,2.90504749674849,0.266,0.03,1.47034932722795e-264,"16","PLCD1"
0,2.88693317667495,0.647,0.115,0,"16","C1orf21"
5.77119656054893e-154,2.8720185887056,0.239,0.04,5.1947117361157e-149,"16","FAM149A"
0,5.34709381887986,0.41,0.019,0,"17","CXCL11"
0,4.73248597490592,0.65,0.077,0,"17","CXCL10"
0,4.40261398724931,0.668,0.094,0,"17","CXCL9"
4.56738769345976e-112,3.35235275118123,0.153,0.018,4.11115133676007e-107,"17","AL162414.1"
6.13892376633306e-69,3.31951141627032,0.171,0.033,5.52570667131405e-64,"17","CCL8"
1.02642592063745e-122,3.08506536941553,0.183,0.024,9.23896235424972e-118,"17","UBD"
1.07504563066161e-244,2.90217843542788,0.446,0.072,9.67659322614822e-240,"17","HAPLN3"
7.2791108430812e-124,2.87285577657036,0.208,0.03,6.55200046096582e-119,"17","TIFAB"
5.62126827513825e-94,2.86533895335621,0.139,0.018,5.05975978713469e-89,"17","HSD11B1"
1.91850288177907e-44,2.84721009912958,0.101,0.019,1.72686362891816e-39,"17","RIGI"
1.30238717707123e-271,2.82778915303621,0.616,0.127,1.17229172195358e-266,"17","ANKRD22"
4.15361908877261e-248,2.79416366282484,0.867,0.314,3.73871407799511e-243,"17","CALHM6"
6.47854497279428e-86,2.74827113055507,0.137,0.019,5.83140311546186e-81,"17","IL27"
3.61926999351189e-245,2.72337003867536,0.842,0.29,3.25774111385999e-240,"17","GBP1"
6.36148653688484e-210,2.69044275563983,0.671,0.187,5.72603764671542e-205,"17","TNFSF10"
1.2874329869685e-272,2.64776057180829,0.705,0.169,1.15883130590021e-267,"17","GBP4"
8.21402678864671e-166,2.57433848268435,0.32,0.052,7.39352765272879e-161,"17","APOL4"
5.02412803840035e-225,2.55729275675708,0.529,0.104,4.52226788864454e-220,"17","IDO1"
1.33230817995843e-192,2.55588839011545,0.451,0.088,1.19922391586238e-187,"17","APOL3"
1.1845008536492e-186,2.53280831314714,0.542,0.13,1.06618106337818e-181,"17","CD38"
4.69847927472428e-62,2.52621583991812,0.153,0.03,4.22914817997207e-57,"17","ENSG00000227531"
1.35564543691073e-66,2.50924535049465,0.149,0.027,1.22023001421772e-61,"17","CLEC6A"
9.02309593564146e-216,2.43693740198634,0.696,0.194,8.12177888263023e-211,"17","GBP5"
1.58711911488504e-137,2.42493185744982,0.288,0.05,1.42858178649917e-132,"17","GIMAP5"
4.86886266323066e-54,2.36045795396947,0.187,0.046,4.38251197180055e-49,"17","IFIT1"
2.24441551048718e-160,2.35559507706024,0.375,0.071,2.02022084514462e-155,"17","GIMAP8"
9.8711025294755e-79,2.2982488111824,0.156,0.025,8.8850780978062e-74,"17","GGT5"
7.78208479467962e-73,2.28806257707819,0.206,0.044,7.00473234453907e-68,"17","STAMBPL1"
3.59536063176451e-111,2.28312835442654,0.364,0.092,3.23622005825756e-106,"17","WARS"
1.19446397230273e-61,2.26384086966519,0.167,0.035,1.07514896610941e-56,"17","RUFY4"
5.06173575567418e-178,2.25225632098848,0.435,0.086,4.55611897103988e-173,"17","GIMAP7"
1.08252500257249e-35,2.22549506199455,0.153,0.043,9.74391580065526e-31,"17","TNFRSF4"
7.30135450407715e-112,2.22206290502979,0.389,0.103,6.57202220266488e-107,"17","MARCH1"
2.91064261662109e-196,2.20509007429559,0.673,0.19,2.61989852564681e-191,"17","CD40"
5.10866848344611e-49,2.19743581622352,0.123,0.024,4.59836358863468e-44,"17","CARD9"
9.64726438611201e-191,2.19418761977154,0.606,0.156,8.68359914658328e-186,"17","SLAMF8"
2.96074899984513e-153,2.19290028997807,0.647,0.208,2.6649997822506e-148,"17","RGL1"
5.04300682051492e-168,2.16801449257861,0.474,0.106,4.53926086921369e-163,"17","CMKLR1"
1.71410591794289e-65,2.13133783780076,0.19,0.042,1.54288387779958e-60,"17","STIMATE"
4.70306962450995e-64,2.12106616845905,0.151,0.028,4.23327999971765e-59,"17","PAQR8"
1.36908659826683e-76,2.10843644403405,0.204,0.042,1.23232853796595e-71,"17","CMPK2"
2.81388068463971e-174,2.07372351881088,0.622,0.175,2.53280214305105e-169,"17","SAMD9L"
2.98726391620655e-68,2.05990763835996,0.167,0.032,2.68886612361668e-63,"17","C12orf4"
6.42205236297572e-79,2.05399184067509,0.233,0.052,5.78055355243808e-74,"17","SUCNR1"
3.38429243301035e-177,2.0435210236154,0.65,0.184,3.04623546187694e-172,"17","SLAMF7"
8.36370781261237e-110,2.03194354071386,0.298,0.062,7.52825703921052e-105,"17","ASCL2"
7.49414415530437e-71,2.03061547701489,0.215,0.048,6.74555409563102e-66,"17","ATP13A2"
1.09983897028832e-82,2.02283737328454,0.256,0.059,9.89976055546216e-78,"17","PPARGC1B"
7.55866234082266e-49,2.01906268155976,0.131,0.027,6.80362755959788e-44,"17","MRM2"
1.56683858530618e-110,1.99888037028279,0.501,0.156,1.41032707901994e-105,"17","ENPP2"
1.20293958769411e-25,1.99621138546141,0.155,0.054,1.08277795227934e-20,"17","GPX1"
8.35816915269478e-179,1.99070330327745,0.918,0.493,7.5232716360321e-174,"17","STAT1"
2.96828107573862e-53,1.98486068992172,0.155,0.034,2.67177947908309e-48,"17","UHRF1BP1"
5.96575472212396e-102,1.97880069452622,0.355,0.089,5.36983548293099e-97,"17","IFIT2"
8.45230309911854e-80,1.97831498495501,0.272,0.066,7.60800254254759e-75,"17","RSAD2"
2.08136593356838e-64,1.97563037525193,0.147,0.027,1.87345829046424e-59,"17","AC005670.3"
8.63230901454933e-168,1.96461865874641,0.632,0.18,7.770027667086e-163,"17","SERPING1"
6.76619146438158e-65,1.96457196846869,0.183,0.039,6.0903165990045e-60,"17","SPATA5"
9.75079778271398e-134,1.96429629955175,0.725,0.296,8.77679059219868e-129,"17","JAK2"
8.64841723528858e-70,1.96406056113724,0.208,0.046,7.7845268376556e-65,"17","GIMAP6"
4.19094376881929e-46,1.95843732491901,0.112,0.021,3.77231039575193e-41,"17","RWDD3"
1.66584375796434e-79,1.95755731974213,0.252,0.059,1.49944262498128e-74,"17","DBNDD2"
7.99497333122716e-106,1.95098242105342,0.33,0.077,7.19635544517088e-101,"17","NR1H3"
4.12493298756391e-46,1.9349577164834,0.14,0.032,3.71289343143615e-41,"17","TMEM173"
5.85171442927202e-41,1.92779407497599,0.115,0.025,5.26718667493204e-36,"17","AC027097.2"
1.19219589796496e-67,1.92103156554531,0.162,0.03,1.07310744971724e-62,"17","ETV7"
7.75431758432609e-38,1.91774175714268,0.108,0.023,6.97973880082776e-33,"17","SCLY"
1.36740847831047e-43,1.91047284956843,0.135,0.031,1.23081804541203e-38,"17","SOGA1"
2.55264005970027e-46,1.90098573999698,0.163,0.041,2.29765684413681e-41,"17","RARS"
1.76309391663761e-36,1.8901861085917,0.103,0.022,1.58697846530468e-31,"17","TRIM34"
2.57372795606444e-88,1.88853060469299,0.417,0.133,2.31663827053316e-83,"17","SOCS1"
5.26138437923516e-116,1.88742690552493,0.41,0.105,4.73582469359336e-111,"17","TNFSF13"
1.46043812060726e-149,1.88646821776847,0.794,0.359,1.3145549567398e-144,"17","VAMP5"
6.78021968314287e-139,1.88248664264128,0.41,0.093,6.10294353899373e-134,"17","IFIT3"
1.98334978952871e-55,1.88078334536147,0.144,0.029,1.78523297905269e-50,"17","FCGR1B"
8.21172832625284e-129,1.87817022606149,0.639,0.235,7.39145878374345e-124,"17","PLAAT4"
5.66847143461496e-40,1.87714446970392,0.103,0.021,5.10224782301128e-35,"17","FAM198B-AS1"
1.71693027829489e-116,1.8748871381161,0.455,0.128,1.54542611279601e-111,"17","PSMA2"
2.91102259048601e-49,1.86534507733986,0.156,0.036,2.62024054392236e-44,"17","TICAM2"
9.73289932201563e-84,1.85439297605429,0.259,0.06,8.76068000873949e-79,"17","PALM2-AKAP2"
4.06843277602665e-110,1.85123786306705,0.375,0.092,3.66203702602935e-105,"17","CD274"
2.11307091464058e-95,1.85062750504121,0.385,0.107,1.90199626097714e-90,"17","OAS2"
1.30255662799036e-117,1.84636430821973,0.631,0.234,1.1724442464204e-112,"17","RTN1"
2.59599155974035e-74,1.84428169785532,0.252,0.061,2.33667796283788e-69,"17","RAD50"
3.6058773547016e-135,1.83472433777688,0.698,0.262,3.24568626574046e-130,"17","IL4I1"
1.25981678330049e-62,1.82782871424402,0.233,0.06,1.13397368481661e-57,"17","AC009093.2"
3.20127307229468e-41,1.81688711671503,0.108,0.022,2.88149790510316e-36,"17","CLECL1"
2.7559831664068e-48,1.81683642589692,0.156,0.036,2.48068800791442e-43,"17","HERC6"
1.21286151515363e-43,1.8098269987216,0.119,0.025,1.09170877840494e-38,"17","ENSG00000289901"
4.19451080208721e-48,1.80627098281558,0.27,0.091,3.77552111806672e-43,"17","HERC5"
2.42227179412925e-94,1.79653916321154,0.375,0.102,2.18031106461368e-89,"17","P2RY13"
7.59607945454787e-87,1.79202682950538,0.339,0.091,6.83730707783308e-82,"17","TLR8"
1.78571417885473e-31,1.79052204532255,0.105,0.025,1.60733918952893e-26,"17","C11orf49"
2.29536074760606e-153,1.78664191845607,0.858,0.436,2.06607716252769e-148,"17","LAP3"
1.10038941731689e-147,1.78501982363645,0.632,0.197,9.90471518421109e-143,"17","GIMAP4"
1.76584016680193e-122,1.78133039012526,0.492,0.14,1.58945039254008e-117,"17","ITPRIPL2"
1.40581533160554e-81,1.77807066945675,0.311,0.082,1.26538843813146e-76,"17","IL21R"
6.23467192605448e-35,1.7768910760346,0.128,0.033,5.6118905473609e-30,"17","PAOX"
5.05007442437462e-33,1.76240635572082,0.117,0.029,4.54562249012384e-28,"17","FNTB"
1.60062402729455e-88,1.76032070716908,0.558,0.218,1.4407376932081e-83,"17","MX1"
0,10.5843876847554,0.213,0,0,"18","ENSG00000290592"
0,9.95350050603237,0.651,0.001,0,"18","SCT"
0,9.71419612745282,0.576,0.002,0,"18","LINC01478"
0,9.63382541534513,0.349,0.001,0,"18","SHD"
0,9.30275904611641,0.313,0.001,0,"18","TCL1A"
0,9.23978104208077,0.129,0,0,"18","SLC32A1"
0,9.19951629184862,0.384,0.001,0,"18","PACSIN1"
0,8.70389494329554,0.491,0.002,0,"18","CLEC4C"
0,8.56455637866088,0.436,0.003,0,"18","ENSG00000293455"
0,8.39050316444527,0.231,0.001,0,"18","ENSG00000290104"
0,8.20419221504006,0.224,0.001,0,"18","VIPR2"
0,8.08448899511951,0.589,0.006,0,"18","LILRA4"
0,8.06405173875054,0.56,0.004,0,"18","NIBAN3"
0,7.9486344876447,0.182,0.001,0,"18","TTC24"
0,7.86456703225747,0.904,0.027,0,"18","GZMB"
0,7.7732920866841,0.438,0.003,0,"18","LRRC26"
0,7.7285989213342,0.162,0.001,0,"18","CYP46A1"
0,7.71670671759135,0.573,0.005,0,"18","PLXNA4"
0,7.67313986555111,0.111,0.001,0,"18","ENSG00000285578"
0,7.6580618957736,0.462,0.003,0,"18","RGS7"
0,7.45324509345106,0.151,0.001,0,"18","LTK"
0,7.43666329894233,0.487,0.005,0,"18","MAP1A"
0,7.34023255106933,0.504,0.03,0,"18","PTGDS"
0,7.33749644582109,0.371,0.006,0,"18","ENSG00000303688"
0,7.32234267301119,0.522,0.009,0,"18","RHEX"
0,7.21246859176335,0.127,0.002,0,"18","AC007381.1"
0,7.18441040659682,0.584,0.011,0,"18","PHEX"
0,6.92628360257414,0.32,0.004,0,"18","MIR4432HG"
0,6.9164546319794,0.149,0.002,0,"18","ENSG00000231424"
0,6.91248463245892,0.482,0.018,0,"18","STAP1"
0,6.83758901101597,0.193,0.003,0,"18","RET"
0,6.7785804651173,0.129,0.001,0,"18","ENSG00000258657"
0,6.76777641581424,0.242,0.003,0,"18","VASH2"
0,6.76441740826752,0.142,0.002,0,"18","ENSG00000233891"
0,6.71428175401786,0.778,0.016,0,"18","PTPRS"
0,6.5913979915632,0.236,0.004,0,"18","LINC02812"
0,6.5713619574047,0.571,0.022,0,"18","ENSG00000225885"
0,6.5323064042617,0.487,0.008,0,"18","SMPD3"
0,6.50928808860366,0.138,0.003,0,"18","BLK"
0,6.43890247044288,0.604,0.016,0,"18","COL24A1"
0,6.40262743368313,0.382,0.008,0,"18","PTCRA"
0,6.35269557123199,0.276,0.004,0,"18","ENSG00000240040"
0,6.2998770243416,0.209,0.003,0,"18","LRRC36"
0,6.27961865953573,0.107,0.002,0,"18","WNT10A"
0,6.23018702823881,0.276,0.006,0,"18","DRD4"
0,6.18064590039633,0.333,0.008,0,"18","CRYM"
0,6.15167539827182,0.233,0.011,0,"18","AC023590.1"
2.26320337756169e-206,6.1384619084811,0.1,0.003,2.03713199217705e-201,"18","CA8"
0,6.08635258281993,0.164,0.002,0,"18","TMIGD2"
0,5.96181595790706,0.258,0.008,0,"18","ENSG00000271717"
0,5.94181661318633,0.287,0.006,0,"18","NCMAP"
0,5.89925878700882,0.356,0.008,0,"18","KCNK10"
0,5.88927525676459,0.473,0.013,0,"18","DERL3"
0,5.88873833705057,0.624,0.024,0,"18","CLIC3"
0,5.80712708275322,0.849,0.055,0,"18","C12orf75"
0,5.80693555795558,0.151,0.004,0,"18","KCNK17"
0,5.79878932538232,0.424,0.015,0,"18","MYBL2"
0,5.79729736978195,0.176,0.006,0,"18","ESR2"
0,5.74856547792159,0.338,0.01,0,"18","CXCR3"
0,5.6018395083325,0.276,0.005,0,"18","CPLX1"
1.51300640359456e-304,5.59339899941818,0.116,0.003,1.3618721939395e-299,"18","ENSG00000288067"
0,5.57030563060029,0.333,0.013,0,"18","LAMP5"
0,5.55229057336539,0.796,0.05,0,"18","TSPAN13"
6.04874071164705e-295,5.52317729912955,0.133,0.004,5.44453200196062e-290,"18","ENSG00000227218"
0,5.51931089644179,0.471,0.018,0,"18","CUX2"
0,5.51282346243503,0.587,0.018,0,"18","MZB1"
1.21670086963719e-298,5.49170427994324,0.2,0.01,1.09516461976913e-293,"18","FAM160A1"
0,5.44920296519734,0.356,0.015,0,"18","SLC35F3"
0,5.44626663329565,0.211,0.007,0,"18","SLC12A3"
0,5.43044835887267,0.742,0.065,0,"18","ZFAT"
6.99572827786218e-202,5.42645143187053,0.107,0.004,6.29692498018652e-197,"18","BEND4"
0,5.38906497850333,0.364,0.017,0,"18","NEK8"
1.32193694347194e-293,5.35142488609367,0.236,0.014,1.18988866218853e-288,"18","LINC01374"
1.9301983548149e-290,5.33931792417106,0.171,0.007,1.73739084115244e-285,"18","LIME1"
1.22416650081009e-263,5.32235798687247,0.111,0.003,1.10188450904417e-258,"18","SIGLEC6"
0,5.2981689687063,0.447,0.021,0,"18","SDK2"
0,5.25597040498553,0.851,0.066,0,"18","JCHAIN"
0,5.21231649166822,0.344,0.013,0,"18","SCAMP5"
0,5.1499492629493,0.276,0.01,0,"18","MYB"
0,5.09008493039409,0.551,0.035,0,"18","COBLL1"
1.02579224003383e-237,5.08703876441219,0.149,0.007,9.23325853176847e-233,"18","COL26A1"
0,5.0716514725917,0.793,0.11,0,"18","IRF4"
0,5.06398269674771,0.311,0.014,0,"18","GPM6B"
0,5.00538483957353,0.32,0.01,0,"18","SLA2"
1.26595755323695e-219,4.9945253238912,0.158,0.008,1.13950105324411e-214,"18","ZC3H12B"
7.44945701778129e-300,4.9730344631043,0.136,0.004,6.70533075627511e-295,"18","LINC01724"
8.97525486355238e-311,4.94245695611364,0.233,0.013,8.07871665523213e-306,"18","PLCB4"
2.76721978530731e-193,4.88641899992742,0.173,0.012,2.49080220095296e-188,"18","INSYN2A"
0,4.88103059723831,0.407,0.027,0,"18","SIDT1"
0,4.87433633187221,0.411,0.022,0,"18","LINC01226"
2.57181712122287e-149,4.85538269473335,0.104,0.005,2.31491830898392e-144,"18","LINC00158"
0,4.83773957146905,0.322,0.021,0,"18","KRT5"
9.15329563616036e-203,4.80369681895462,0.107,0.004,8.2389729350643e-198,"18","CEP126"
0,4.79879306025968,0.489,0.038,0,"18","FHIP1A"
4.39921223142228e-241,4.78784689868333,0.178,0.01,3.95977492162551e-236,"18","ENSG00000279500"
0,4.76693841864485,0.647,0.047,0,"18","SPIB"
5.91074700157779e-173,4.76448457260026,0.124,0.006,5.32032248359018e-168,"18","PCDH9"
0,4.73290788820884,0.831,0.161,0,"18","SEL1L3"
0,4.70189635405956,0.236,0.01,0,"18","CIB2"
3.34570108884452e-294,4.66741112811457,0.193,0.009,3.01149900707984e-289,"18","CYYR1"
4.75652465163748e-09,2.02415845370199,0.209,0.132,0.000428139540418541,"19","TOMM6"
2.7257746051769e-08,1.65532257493563,0.285,0.209,0.00245349697986578,"19","NME2"
0.000550190237104361,1.63773396522071,0.176,0.135,1,"19","WDR83OS"
0.00274996046155427,1.51769551267633,0.121,0.085,1,"19","IFITM1"
1.01180808141016e-16,1.36648656925815,0.587,0.53,9.10738572158101e-12,"19","MIF"
0.00369196141981676,1.36130153524081,0.29,0.271,1,"19","EEF1G"
0.0026843225600296,1.3476412959785,0.429,0.407,1,"19","IGKC"
0.00179552980294641,1.30709376843211,0.262,0.228,1,"19","PLAC8"
1.00450621076149e-09,1.28493131196768,0.573,0.61,9.04166085368523e-05,"19","DYNLL1"
2.36820730386749e-07,1.27112150587733,0.374,0.322,0.0213164707628417,"19","CALHM6"
0.00364253805021493,1.26830449422664,0.392,0.417,1,"19","PFDN5"
0.0034366504961117,1.26564928549188,0.399,0.446,1,"19","ATP5PO"
3.67137247602443e-05,1.26500856537947,0.292,0.24,1,"19","ATP6V0C"
7.6399365056602e-20,1.25969977356778,0.633,0.592,6.8767832481098e-15,"19","GABARAP"
8.99188451887084e-06,1.25953822292904,0.42,0.418,0.809368517428083,"19","PSMB9"
1.98907182812511e-11,1.22761022463697,0.548,0.581,1.79038344321369e-06,"19","UQCR10"
2.10554693318096e-08,1.18972433135516,0.538,0.591,0.00189522385002551,"19","ATP5MF"
3.42991005232118e-05,1.18291543788124,0.441,0.44,1,"19","RPL17"
0.00427771390874583,1.18246147458505,0.376,0.405,1,"19","RNF181"
0.00167180865993469,1.17653919484617,0.429,0.478,1,"19","SNRPG"
0.00852670339160621,1.17031727828674,0.329,0.334,1,"19","RNASEK"
0.00215535889198314,1.16492240834738,0.441,0.514,1,"19","ATP5MC3"
3.8737069739344e-36,1.15149479970987,0.803,0.806,3.4867623843081e-31,"19","AIF1"
7.86926013954824e-05,1.14457998902338,0.415,0.415,1,"19","YWHAH"
9.43215426707417e-23,1.13457028438488,0.71,0.739,8.48997637733614e-18,"19","LST1"
0.000108474494692305,1.12820284068492,0.455,0.455,1,"19","RPS17"
1.86177226026945e-20,1.124425431899,0.654,0.674,1.67579982919114e-15,"19","UQCR11"
5.15447180233192e-06,1.12413523365439,0.501,0.574,0.463959161399699,"19","NDUFB2"
6.66502539168649e-26,1.11789911414615,0.698,0.724,5.99925600531093e-21,"19","COX6B1"
0.00813993293744926,1.10240779941956,0.385,0.43,1,"19","CORO1A"
0.00525476971368378,1.10240541198052,0.399,0.451,1,"19","COX5A"
1.60469354428022e-06,1.09737892116991,0.513,0.556,0.144440070614207,"19","GNG5"
2.16033418238283e-05,1.08806663673921,0.478,0.53,1,"19","MICOS10"
3.15650776553351e-06,1.08286527498582,0.172,0.301,0.284120420483437,"19","CCL4L2"
4.66492254641599e-10,1.0795676299065,0.564,0.62,4.1989434332545e-05,"19","VAMP8"
0.00436049418563403,1.07646489167036,0.065,0.114,1,"19","TRAPPC4"
3.0910435142087e-20,1.07541193311165,0.654,0.682,2.78227917757439e-15,"19","OST4"
0.00903027376450796,1.07449463234097,0.097,0.154,1,"19","PLGRKT"
0.00240205855950264,1.05688743589178,0.107,0.179,1,"19","BEX4"
0.00475970201099095,1.05299447950983,0.06,0.107,1,"19","POP4"
3.42550491488055e-08,1.03812132815848,0.573,0.635,0.00308333122893313,"19","ARHGDIB"
1.09944422839731e-07,1.03235116770307,0.541,0.605,0.00989620744422707,"19","COMMD6"
1.33957958737268e-05,1.02654833124953,0.506,0.546,1,"19","PSME2"
0.00961237297693106,1.02300186241076,0.097,0.153,1,"19","DERL2"
1.78332940656742e-09,1.01765080387424,0.587,0.649,0.00016051926321454,"19","ARPC1B"
6.09880122040588e-46,1.01166675649268,0.865,0.849,5.48959196649953e-41,"19","PFN1"
4.96960865269735e-05,1.0067834808649,0.483,0.537,1,"19","UQCRQ"
0.00304812601994107,1.00462952522711,0.125,0.203,1,"19","ADI1"
0.00783009186673161,0.997389580897467,0.413,0.44,1,"19","CD52"
3.39078848129772e-09,0.996064920370477,0.555,0.613,0.000305208261990089,"19","COX6A1"
0.00204674250041526,0.995439829272309,0.473,0.553,1,"19","TMEM258"
4.6405397559162e-05,0.992663461707169,0.081,0.161,1,"19","SKIC8"
0.00160516434832088,0.991429429927601,0.52,0.575,1,"19","RPL31"
0.00264351373987719,0.987003405802112,0.418,0.466,1,"19","C19orf53"
2.26554332185397e-54,0.983528766956874,0.898,0.91,2.03923819943397e-49,"19","ATP5F1E"
0.00026139857030576,0.980438694765006,0.531,0.613,1,"19","HINT1"
0.00561023709926625,0.977459222063102,0.09,0.146,1,"19","PSMD6"
0.00804643376336025,0.976352349295057,0.158,0.241,1,"19","COPZ1"
8.43354746925614e-06,0.970770810883252,0.517,0.588,0.759112041255214,"19","POLR2L"
9.25645968999051e-05,0.965166396364822,0.531,0.635,1,"19","ATP5ME"
2.941311278119e-22,0.965108827335596,0.708,0.757,2.6475036945477e-17,"19","TMA7"
0.000141074394908834,0.962380486488888,0.469,0.527,1,"19","PRELID1"
0.00903673851420334,0.961222967259184,0.432,0.502,1,"19","PYCARD"
0.00483891999006176,0.95753206999903,0.151,0.232,1,"19","ZMAT2"
4.7335727745496e-09,0.944263959532679,0.654,0.718,0.000426073619009984,"19","CSTB"
0.00563864449437386,0.944126018004834,0.07,0.119,1,"19","ARL3"
0.00266049244010921,0.941017194955272,0.081,0.141,1,"19","VBP1"
1.38705654745234e-05,0.940205246784428,0.545,0.625,1,"19","NDUFA4"
0.00153939556750779,0.933687795039785,0.466,0.545,1,"19","PSMB3"
0.000753334524363442,0.925079631646722,0.065,0.125,1,"19","ZNF511"
0.00296127532001144,0.921793518024254,0.485,0.59,1,"19","NDUFA1"
8.05226687739705e-06,0.921389654872773,0.32,0.255,0.724792593901386,"19","H3F3A"
7.91049630542205e-11,0.921182159413694,0.578,0.654,7.12031682947344e-06,"19","COX5B"
2.08564911006068e-20,0.916855528015598,0.74,0.77,1.87731362045672e-15,"19","YBX1"
0.000621782623015701,0.916566030014186,0.1,0.174,1,"19","DDRGK1"
5.02759019315131e-54,0.916019806623213,0.981,0.983,4.52538420875743e-49,"19","TMSB4X"
0.000201694507096162,0.913111192957504,0.503,0.599,1,"19","AP2S1"
0.00424587962237473,0.911166055219579,0.111,0.179,1,"19","TNFSF12"
0.000255455691389874,0.910857125373472,0.492,0.544,1,"19","RPSA"
4.59423917246259e-11,0.910686571109586,0.654,0.718,4.1353206215253e-06,"19","MYL12A"
0.0046578455025428,0.90936443168522,0.137,0.213,1,"19","CCDC59"
0.00813857441976696,0.908819434150816,0.074,0.123,1,"19","TSR3"
0.00136269351918274,0.906714792698461,0.49,0.585,1,"19","NDUFA13"
0.00214402966191524,0.902156884532626,0.07,0.125,1,"19","CBR1"
3.30530977205322e-06,0.901939125098712,0.559,0.646,0.297514237892282,"19","PSMA7"
0.00476688437947206,0.901807030909559,0.104,0.168,1,"19","PSMB5"
3.76791932956353e-19,0.896427771903474,0.698,0.754,3.39154186773343e-14,"19","ATP5MG"
0.0024282108080985,0.895603657869248,0.172,0.269,1,"19","IK"
0.00917421970649002,0.895582357172094,0.081,0.131,1,"19","CLPP"
3.79583113708355e-16,0.892089620549724,0.659,0.698,3.41666556480028e-11,"19","RPS19"
0.0093261432092924,0.889561167064913,0.155,0.233,1,"19","PAXX"
4.08548493757669e-12,0.888856758014879,0.643,0.713,3.67738584716216e-07,"19","UQCRB"
1.3181531437009e-06,0.887068487903846,0.559,0.646,0.118648282617661,"19","COX7A2"
0.000398109759823391,0.886325281819099,0.517,0.58,1,"19","RPLP0"
2.95603159141841e-35,0.885747044134734,0.958,0.961,2.66075359575163e-30,"19","ACTB"
0.00220861870086366,0.88380338889118,0.081,0.141,1,"19","ALG5"
0.00162904559245572,0.883472079612455,0.13,0.213,1,"19","MTIF3"
0.000742476759379892,0.881873665008306,0.123,0.206,1,"19","FRG1"
0.00074087609872597,0.880859044611349,0.531,0.621,1,"19","NOP10"
1.77822838397745e-05,0.878823098934272,0.543,0.638,1,"19","COX7B"
9.01633751797377e-95,3.89111889096907,0.224,0.021,8.11569556330337e-90,"20","FAM198B-AS1"
1.71674488033817e-67,3.74041540569945,0.16,0.015,1.54525923424119e-62,"20","ACPP"
2.88389195902487e-77,3.69202737782577,0.416,0.084,2.59581999123788e-72,"20","ZBTB16"
1.65994316614554e-144,3.61389815265677,0.47,0.06,1.49413144327926e-139,"20","AC009093.2"
2.26586566104595e-94,3.37054235351238,0.324,0.042,2.03952834016407e-89,"20","CCR2"
6.35752224892075e-47,3.35398716157592,0.169,0.023,5.72246935147605e-42,"20","PRKY"
7.61068199508963e-138,3.35303057817583,0.598,0.104,6.85045097060012e-133,"20","MARCH1"
6.26613588195375e-49,3.31885889553101,0.192,0.028,5.64021156870539e-44,"20","AC005670.3"
2.93059710572224e-40,3.26143918842629,0.123,0.014,2.63785976083165e-35,"20","AC105052.4"
9.38430365110478e-37,3.2570557965192,0.119,0.014,8.44690555939592e-32,"20","AC087500.1"
7.20871655748511e-60,3.25677979336549,0.183,0.021,6.48863786055792e-55,"20","AL645568.1"
2.05954882328772e-45,3.20650430988192,0.146,0.018,1.85382049132951e-40,"20","AC108134.3"
1.39174727974687e-29,3.13322961459453,0.137,0.023,1.25272564397295e-24,"20","CAPN3"
1.01474693691738e-51,3.13191665013582,0.187,0.025,9.13383865388707e-47,"20","AC027097.2"
2.71008644438858e-64,3.11365240039813,0.292,0.048,2.43937590945861e-59,"20","AC118549.1"
2.4940772240822e-106,3.08630407529786,0.47,0.078,2.24494385016863e-101,"20","C20orf194"
3.51313407124034e-61,3.05069671654102,0.292,0.05,3.16220710886414e-56,"20","IPCEF1"
7.45609857162788e-38,3.02488158554848,0.146,0.021,6.71130888530797e-33,"20","LINC00894"
2.98837664528143e-29,3.00930693154732,0.123,0.019,2.68986770218427e-24,"20","KIAA1841"
2.8429879545679e-31,2.95278871138179,0.151,0.026,2.55900188778611e-26,"20","C11orf49"
8.73636578203629e-68,2.95184993480809,0.247,0.033,7.86369020406868e-63,"20","AC090559.1"
9.42848624800024e-70,2.93487840757825,0.265,0.037,8.4866747566875e-65,"20","LRMP"
2.16514200791339e-24,2.92995739613896,0.151,0.031,1.94886597274292e-19,"20","PKP2"
5.16016125439287e-69,2.89562046543474,0.434,0.097,4.64471274669157e-64,"20","KIAA0513"
6.06470250419056e-60,2.8898315571723,0.352,0.072,5.45889937104697e-55,"20","FAM53B"
7.58134016575694e-79,2.8767344389387,0.452,0.091,6.82404009659948e-74,"20","FAM102B"
6.61802243833587e-40,2.86282189324066,0.219,0.042,5.9569481769705e-35,"20","RARS"
6.22330320141376e-55,2.85737974006038,0.187,0.024,5.60165744462454e-50,"20","AC010210.1"
1.38840576884816e-31,2.85233157849384,0.1,0.012,1.24971791659791e-26,"20","AC114763.1"
3.57099265978839e-86,2.84382274442756,0.384,0.062,3.21428620300213e-81,"20","HERC3"
8.61632025011912e-26,2.83691917180761,0.114,0.018,7.75563602033472e-21,"20","TMEM161B-AS1"
4.45994859935556e-50,2.83128467526052,0.288,0.057,4.01444433376593e-45,"20","TTC37"
3.83121471519817e-53,2.79463925124059,0.265,0.046,3.44851467729702e-48,"20","DEPDC5"
4.59757538571667e-23,2.78941879856066,0.105,0.017,4.13832358043743e-18,"20","FO393401.1"
9.50422442691428e-54,2.78405816821308,0.283,0.052,8.55484744890982e-49,"20","MFSD14C"
1.86310001433014e-59,2.78318468856105,0.292,0.051,1.6769949538987e-54,"20","C22orf34"
4.25644935549305e-19,2.77350918752404,0.11,0.021,3.83127262937285e-14,"20","BTBD11"
1.19660978626791e-31,2.76572303001839,0.132,0.02,1.07708043471761e-26,"20","AC139887.2"
6.67792822564895e-55,2.76343200070137,0.772,0.388,6.01086997518888e-50,"20","FKBP5"
1.03081825454243e-28,2.7552682565432,0.146,0.026,9.27849819096186e-24,"20","ZCWPW2"
4.64849477522202e-63,2.74174014617789,0.283,0.045,4.18415663212509e-58,"20","P2RY8"
2.48916146465539e-75,2.74161983325988,0.356,0.06,2.24051912595096e-70,"20","POLR2J3"
2.49849456921508e-20,2.74099120892603,0.114,0.022,2.24891994669618e-15,"20","LINC01184"
5.66431369249092e-62,2.74049080842246,0.301,0.052,5.098505397748e-57,"20","GARS-DT"
4.08408867612952e-41,2.73681575469209,0.192,0.032,3.67612905827095e-36,"20","AC079781.5"
4.59079199900007e-53,2.73572485663388,0.37,0.086,4.13221778621995e-48,"20","S100Z"
5.0046893747267e-62,2.72128694368183,0.365,0.074,4.50477095308525e-57,"20","GIMAP8"
9.35585766253182e-23,2.7211035241657,0.119,0.022,8.42130104062152e-18,"20","ACAD11"
5.4872723552607e-99,2.71830651370666,0.918,0.438,4.9391487196937e-94,"20","AOAH"
6.64724168008485e-18,2.71782416014535,0.1,0.019,5.98324870866117e-13,"20","C12orf65"
6.8773775935008e-49,2.71051472289202,0.279,0.055,6.190396345686e-44,"20","METTL7A"
2.96293671213125e-24,2.70313419724167,0.142,0.028,2.66696896395646e-19,"20","URB1"
3.26679771087591e-45,2.6913924749595,0.142,0.017,2.94047728753652e-40,"20","AL513327.1"
3.4708911859962e-17,2.68688168306426,0.114,0.025,3.12418386542704e-12,"20","CARD9"
1.81399612211832e-19,2.68451150637736,0.137,0.031,1.63279604947992e-14,"20","EFCAB11"
2.47416068645021e-98,2.68371651370435,0.489,0.088,2.2270167754807e-93,"20","KIAA1109"
1.013116932479e-20,2.68254462026895,0.1,0.017,9.11916682093672e-16,"20","AC092650.1"
8.53067240757634e-88,2.68060893356989,0.58,0.137,7.67854354078354e-83,"20","FAM49A"
5.403393138609e-41,2.67064999366463,0.265,0.056,4.86364819799334e-36,"20","CFP"
3.45698463203543e-30,2.66558690980035,0.192,0.04,3.11166643714141e-25,"20","AC068587.4"
1.52315025430221e-52,2.66354684349421,0.374,0.089,1.37100277539996e-47,"20","LRRC8D"
2.53820720226775e-35,2.65855935122724,0.205,0.04,2.28466568483323e-30,"20","SPATA5"
1.7651044988665e-74,2.65551166581997,0.562,0.149,1.58878821047472e-69,"20","LRRC8C"
3.97513850448733e-49,2.64159577494687,0.374,0.094,3.57806191927409e-44,"20","HDAC8"
7.4275039855273e-26,2.63320731043186,0.137,0.025,6.68557061241298e-21,"20","AL162253.2"
1.50351944534867e-51,2.63253103007242,0.237,0.038,1.35333288795279e-46,"20","IGLC1"
3.06815836966412e-22,2.63096361216768,0.128,0.025,2.76168003011837e-17,"20","TMTC4"
6.58711089787776e-32,2.63095911115128,0.228,0.053,5.92912439028875e-27,"20","PRORP"
9.33777337974416e-51,2.60886056960224,0.434,0.119,8.40502319684152e-46,"20","FAR2"
1.02041081819784e-24,2.60876688559134,0.183,0.043,9.18481981568054e-20,"20","STIMATE"
7.43343322778304e-72,2.60790335894357,0.443,0.094,6.69090758265979e-67,"20","WARS"
2.19036448437782e-19,2.6036932791104,0.119,0.024,1.97156897603332e-14,"20","C16orf70"
5.4821733818976e-15,2.58875075072394,0.1,0.022,4.93455908277985e-10,"20","ADAMTS2"
6.03701624238284e-19,2.58346361115319,0.137,0.032,5.43397868993122e-14,"20","SOGA1"
7.89903181282168e-17,2.58317943809437,0.119,0.027,7.10999752503892e-12,"20","TAZ"
1.58501678582943e-57,2.58084381935641,0.338,0.068,1.42668945909293e-52,"20","KIAA2026"
8.41922478994658e-37,2.57176508496957,0.233,0.049,7.57822842567882e-32,"20","FAM126A"
2.82593145473329e-17,2.56884043264582,0.1,0.02,2.54364916171998e-12,"20","COX10-AS1"
2.42055697162614e-18,2.56833099802684,0.123,0.027,2.1787675357304e-13,"20","LINC02785"
1.38721058809524e-79,2.56690655224591,0.671,0.208,1.24864212245041e-74,"20","CTNND1"
1.89013342293029e-20,2.56574180526445,0.192,0.053,1.70132799531378e-15,"20","STAC"
2.36506646514783e-25,2.56118862305394,0.137,0.025,2.12881997594421e-20,"20","AC074032.1"
2.85063046303461e-37,2.54305369075223,0.247,0.053,2.56588098608209e-32,"20","FRMD3"
1.40984048294323e-32,2.5425364681602,0.256,0.063,1.26901151710203e-27,"20","LRIG2"
4.85738722451761e-21,2.53676460820892,0.132,0.028,4.37218281466055e-16,"20","SULT1A1"
1.43375282549558e-17,2.52989709378293,0.137,0.033,1.29053525575683e-12,"20","C12orf4"
1.38988691922751e-69,2.51202109532955,0.594,0.179,1.25105111486587e-64,"20","SGK3"
5.89046198081515e-24,2.51070129968243,0.11,0.018,5.30206373355152e-19,"20","AL096870.8"
9.87307239367037e-18,2.50938745082314,0.315,0.136,8.88685119226663e-13,"20","NRG1"
9.70631583241073e-17,2.5030448183699,0.11,0.024,8.73675194391122e-12,"20","TSEN2"
1.63916002545732e-23,2.50289202298913,0.132,0.025,1.47542433051439e-18,"20","CBWD2"
3.52738250604149e-25,2.49718763895672,0.174,0.038,3.175032267513e-20,"20","OSBPL5"
9.47881165671607e-54,2.48070754715469,0.37,0.085,8.53197316032671e-49,"20","SPECC1L"
7.85943905371317e-29,2.47661865686157,0.187,0.04,7.07435968663776e-24,"20","AC025164.1"
2.62851625690739e-30,2.46250849967078,0.187,0.038,2.36595376800491e-25,"20","CRLS1"
1.67532488895168e-44,2.45485439822012,0.219,0.037,1.5079766857943e-39,"20","ARNTL"
1.32171785941219e-12,2.45466538837301,0.11,0.029,1.1896914624355e-07,"20","SENP3"
1.74781241600319e-17,2.45367735489197,0.114,0.025,1.57322343376863e-12,"20","RNF31"
1.03539671424236e-84,2.45119718893422,0.744,0.256,9.31970936456689e-80,"20","FLI1"
8.38168391035399e-15,2.45000821833268,0.114,0.028,7.54443750454873e-10,"20","DDX31"
2.41283460860468e-127,6.86090865651257,0.214,0.014,2.17181655955116e-122,"21","MT1A"
4.10293703094193e-273,6.17607411244156,0.474,0.033,3.69309465092114e-268,"21","MT1M"
1.84335594850531e-240,6.04995430934561,0.349,0.02,1.65922312280912e-235,"21","ENSG00000291105"
1.15639548358163e-221,5.07239171263042,0.772,0.12,1.04088313872666e-216,"21","MT1G"
7.68818161392694e-184,5.00800461930259,0.414,0.037,6.92020915251178e-179,"21","MT1H"
1.16998393279868e-219,4.56738976446711,0.833,0.141,1.05311423775142e-214,"21","MT1E"
9.18092373806904e-170,4.39020513212658,0.953,0.281,8.26384126587333e-165,"21","MT1X"
2.33354915015618e-164,4.20483717603355,0.679,0.118,2.10045092554708e-159,"21","MT1F"
1.41476279540037e-124,4.06730666120641,0.986,0.54,1.27344213976783e-119,"21","MT2A"
3.69107232813323e-14,2.58077792392125,0.181,0.061,3.322371113276e-09,"21","DNAAF1"
8.72232188870803e-15,2.46245098599777,0.167,0.052,7.85104915524498e-10,"21","RPL10P9"
9.25121756882957e-15,2.16517072567048,0.116,0.028,8.32711344587918e-10,"21","ENSG00000253593"
2.08975940977856e-25,2.03927541141884,0.465,0.202,1.88101334233578e-20,"21","RETN"
6.94218796694544e-12,1.97443068867613,0.293,0.147,6.24873281092726e-07,"21","SLC30A1"
8.17751122718919e-22,1.83688191243516,0.321,0.115,7.36065963070526e-17,"21","MARCO"
9.68082509098184e-11,1.79730272661672,0.223,0.097,8.71380747264366e-06,"21","ENSG00000233461"
3.35681111051142e-07,1.72867498298113,0.13,0.053,0.0302149924868243,"21","ENSG00000296847"
5.10891321716417e-06,1.71741482759697,0.13,0.059,0.459858387590164,"21","AK4"
3.05659471087632e-11,1.66841986464492,0.177,0.066,2.75127146520688e-06,"21","ENSG00000306779"
5.48194665293879e-06,1.57420759477895,0.144,0.068,0.493435500177673,"21","ENSG00000296867"
1.73940815198931e-06,1.5678597348971,0.121,0.05,0.15656586716871,"21","ENSG00000295151"
1.00211202886836e-16,1.55509076387796,0.302,0.121,9.02011058304699e-12,"21","TNIP3"
9.64264521015129e-09,1.52503576036145,0.158,0.063,0.000867944138010928,"21","ENSG00000287535"
2.03372700663727e-06,1.48558533308779,0.13,0.057,0.183057801594428,"21","FOLR3"
1.8049274011106e-06,1.46513303846532,0.181,0.092,0.162463320301367,"21","SLX9"
1.3521055193611e-19,1.46269127525223,0.456,0.216,1.21704369903212e-14,"21","PELATON"
0.000275560802699227,1.44965392858546,0.149,0.083,1,"21","C11orf96"
4.50432302983328e-05,1.42722700219579,0.121,0.057,1,"21","MTND5P32"
4.49027044065846e-06,1.39041847036082,0.195,0.106,0.404173732634108,"21","ENSG00000261435"
1.11132664129018e-05,1.37574260211218,0.172,0.088,1,"21","GPAT4-AS1"
3.78327273708018e-07,1.3547943471367,0.14,0.058,0.0340536162337324,"21","ENSG00000272449"
2.43201307714277e-10,1.33435367858072,0.395,0.229,2.18907929086698e-05,"21","SLC30A4-AS1"
8.4859488054522e-23,1.23959111567221,0.637,0.355,7.63828737927558e-18,"21","ENSG00000293060"
6.83282143384041e-08,1.23787969633014,0.195,0.092,0.00615029090081409,"21","ABHD17C"
1.4167669609332e-07,1.22159416074125,0.372,0.227,0.0127524610920558,"21","PLAC8"
1.70253356839304e-05,1.21004016557883,0.13,0.061,1,"21","SNORD3B-1"
2.7295350395046e-11,1.19905273764557,0.493,0.309,2.45688178440848e-06,"21","SLC39A8"
0.006398960083305,1.19436696664506,0.144,0.092,1,"21","ENSG00000299949"
0.000198279909776474,1.18763810975383,0.116,0.058,1,"21","ENSG00000297478"
1.74491303071056e-14,1.16512549301352,0.563,0.352,1.57061366807288e-09,"21","THBS1"
0.000290978817419951,1.16348678400118,0.14,0.076,1,"21","LILRA1"
9.35848605865039e-05,1.15760026991609,0.247,0.159,1,"21","GPR84"
0.00408642821448889,1.14816798378364,0.102,0.058,1,"21","ENSG00000260805"
0.00612371126780331,1.14124516504179,0.135,0.084,1,"21","KCNN4"
2.16870353527283e-25,1.12651395372832,0.916,0.726,1.95207173913443e-20,"21","TIMP1"
5.84793206398552e-10,1.12022820710163,0.242,0.113,5.26378213011401e-05,"21","SIGLEC14"
0.00097343567992755,1.1119539309483,0.149,0.088,1,"21","ZBTB2"
0.000677477746552306,1.10806298968766,0.167,0.1,1,"21","NRGN"
2.96698453468096e-14,1.09982878117431,0.381,0.181,2.67061244951168e-09,"21","MCEMP1"
7.93118846890202e-05,1.08287743168163,0.181,0.103,1,"21","GP6-AS1"
0.00164174415802869,1.0726665894764,0.126,0.072,1,"21","H2AC25"
2.05962355608838e-05,1.06227554572946,0.2,0.112,1,"21","ENSG00000226824"
0.00789837566002899,1.04191194516959,0.13,0.084,1,"21","ENSG00000185641"
2.13988537409792e-05,1.02351924444495,0.209,0.119,1,"21","ENSG00000279166"
2.57051421529582e-15,1.006806837766,0.484,0.252,2.31374555032992e-10,"21","CCL3L3"
8.29845761910995e-06,0.999893692895825,0.2,0.108,0.746952468753706,"21","ENSG00000270640"
0.00722002748974436,0.994208919641374,0.172,0.119,1,"21","TMEM120A"
0.00185341474931818,0.991384349872539,0.116,0.065,1,"21","HELZ2"
0.000201867653194309,0.986562995334251,0.121,0.061,1,"21","SLCO4A1"
0.00527486411123061,0.985980617062241,0.274,0.218,1,"21","C1orf122"
0.000353079226423326,0.984717591205575,0.191,0.117,1,"21","IL10RB-DT"
0.00187716401151398,0.97972771624012,0.233,0.168,1,"21","NUDT16"
1.94924830614106e-11,0.978228443839887,0.577,0.402,1.75453789284063e-06,"21","STXBP2"
0.000305971592119021,0.972428166670375,0.116,0.059,1,"21","DCTN6-DT"
0.000467873215758048,0.962376638771206,0.107,0.053,1,"21","ENSG00000289931"
0.000191224967253608,0.95411135911413,0.279,0.19,1,"21","SDC4"
0.00302160370791441,0.931410091096675,0.126,0.074,1,"21","ENSG00000256448"
1.39613820796547e-07,0.926293691356513,0.34,0.206,0.012566779623718,"21","TAMALIN"
2.05784671704054e-06,0.918465064325146,0.144,0.064,0.185228840847536,"21","ENSG00000289854"
0.007424186763597,0.917176491382685,0.135,0.087,1,"21","ZNF467"
0.000249181982563589,0.912072866276877,0.107,0.052,1,"21","ENSG00000301069"
0.00885044369060538,0.902493570276641,0.13,0.084,1,"21","NKG7"
1.01107426569947e-08,0.901315073097435,0.34,0.193,0.000910078057298749,"21","ENSG00000257764"
4.53286578171452e-05,0.900433660251126,0.386,0.289,1,"21","POLE4"
2.16613022137492e-10,0.896067461800747,0.377,0.197,1.94975547356178e-05,"21","APOBEC3A"
2.52733708430518e-05,0.893922204451344,0.228,0.131,1,"21","RBP7"
2.33490270528314e-05,0.892024226247914,0.186,0.101,1,"21","ATP13A3-DT"
9.08233793278035e-05,0.891715740193552,0.279,0.186,1,"21","SECTM1"
1.9152740569434e-13,0.890146789455517,0.744,0.546,1.72395733139533e-08,"21","UPP1"
5.07926297055472e-08,0.878262570335498,0.237,0.117,0.00457189539242601,"21","CATIP"
1.71223697959948e-06,0.877123538068064,0.484,0.365,0.154120162770728,"21","VAMP5"
2.1951985126551e-05,0.876321189844555,0.228,0.132,1,"21","DPH1-AS1"
1.11700532189181e-22,0.875294837651109,0.721,0.39,1.00542766028804e-17,"21","FCN1"
0.0020604657507299,0.873052825430071,0.233,0.162,1,"21","NRIP3"
5.53768566008984e-07,0.868978773593444,0.172,0.08,0.0498452623950347,"21","ENSG00000251139"
5.68861823783623e-06,0.868604606387356,0.158,0.076,0.512038216205877,"21","ENSG00000290563"
3.51782476566136e-08,0.86595724309322,0.353,0.206,0.00316642924981944,"21","ENSG00000274213"
5.85609828835968e-11,0.863797403688012,0.451,0.264,5.27113263033543e-06,"21","ENSG00000308028"
9.5426027484807e-05,0.862118257016973,0.381,0.298,1,"21","UBALD2"
0.0071447295635436,0.851609905174541,0.219,0.158,1,"21","TLNRD1"
2.9413051065324e-29,0.85068947593704,0.967,0.78,2.64749813944088e-24,"21","S100A4"
0.000495215750504472,0.846019389787675,0.209,0.134,1,"21","RPL13P12"
8.25958264418402e-06,0.841363354853579,0.498,0.379,0.743453293385648,"21","LY6E"
1.72569084895109e-17,0.840407513826886,0.828,0.632,1.55331159004937e-12,"21","GSTO1"
1.67878216591347e-05,0.837776874147283,0.465,0.359,1,"21","LILRB2"
2.70969614234778e-07,0.837435376237733,0.316,0.182,0.0243902459468866,"21","MIR3945HG"
2.84908360447187e-07,0.837063186476245,0.586,0.438,0.0256448864322117,"21","CD52"
0.000246639091829651,0.831636379928957,0.167,0.095,1,"21","RN7SL1"
0.000885287519791065,0.824542172203111,0.107,0.056,1,"21","CLU"
7.6152783964688e-07,0.812242930253878,0.279,0.155,0.0685458823744554,"21","ENSG00000304732"
