"cluster","group","n_cells","resolution","field","within_cluster_fraction"
"0","CNP0000460",2245,0.4,"dataset",0.233976029181866
"1","CNP0000460",1557,0.4,"dataset",0.168251566889994
"2","CNP0000460",348,0.4,"dataset",0.107473749227918
"3","CNP0000460",1004,0.4,"dataset",0.315723270440252
"4","CNP0000460",10,0.4,"dataset",0.00403551251008878
"5","CNP0000460",0,0.4,"dataset",0
"6","CNP0000460",480,0.4,"dataset",0.344580043072505
"7","CNP0000460",246,0.4,"dataset",0.247983870967742
"8","CNP0000460",83,0.4,"dataset",0.0881104033970276
"9","CNP0000460",226,0.4,"dataset",0.268727705112961
"10","CNP0000460",133,0.4,"dataset",0.175925925925926
"11","CNP0000460",23,0.4,"dataset",0.0442307692307692
"12","CNP0000460",104,0.4,"dataset",0.231111111111111
"13","CNP0000460",19,0.4,"dataset",0.12751677852349
"0","GSE326225",78,0.4,"dataset",0.00812923397602918
"1","GSE326225",466,0.4,"dataset",0.0503566025502485
"2","GSE326225",53,0.4,"dataset",0.0163681284743669
"3","GSE326225",81,0.4,"dataset",0.0254716981132075
"4","GSE326225",26,0.4,"dataset",0.0104923325262308
"5","GSE326225",37,0.4,"dataset",0.0172253258845438
"6","GSE326225",10,0.4,"dataset",0.00717875089734386
"7","GSE326225",26,0.4,"dataset",0.0262096774193548
"8","GSE326225",170,0.4,"dataset",0.180467091295117
"9","GSE326225",48,0.4,"dataset",0.0570749108204518
"10","GSE326225",14,0.4,"dataset",0.0185185185185185
"11","GSE326225",65,0.4,"dataset",0.125
"12","GSE326225",21,0.4,"dataset",0.0466666666666667
"13","GSE326225",3,0.4,"dataset",0.0201342281879195
"0","HRA003620",5840,0.4,"dataset",0.608650338718082
"1","HRA003620",2587,0.4,"dataset",0.279554787119084
"2","HRA003620",2377,0.4,"dataset",0.734095120444719
"3","HRA003620",1231,0.4,"dataset",0.387106918238994
"4","HRA003620",54,0.4,"dataset",0.0217917675544794
"5","HRA003620",0,0.4,"dataset",0
"6","HRA003620",696,0.4,"dataset",0.499641062455133
"7","HRA003620",276,0.4,"dataset",0.278225806451613
"8","HRA003620",162,0.4,"dataset",0.171974522292994
"9","HRA003620",243,0.4,"dataset",0.288941736028537
"10","HRA003620",309,0.4,"dataset",0.408730158730159
"11","HRA003620",131,0.4,"dataset",0.251923076923077
"12","HRA003620",152,0.4,"dataset",0.337777777777778
"13","HRA003620",93,0.4,"dataset",0.624161073825503
"0","InhouseData",592,0.4,"dataset",0.0616988014590933
"1","InhouseData",3159,0.4,"dataset",0.341365895828831
"2","InhouseData",104,0.4,"dataset",0.032118591723286
"3","InhouseData",391,0.4,"dataset",0.122955974842767
"4","InhouseData",2226,0.4,"dataset",0.898305084745763
"5","InhouseData",2111,0.4,"dataset",0.982774674115456
"6","InhouseData",39,0.4,"dataset",0.0279971284996411
"7","InhouseData",279,0.4,"dataset",0.28125
"8","InhouseData",427,0.4,"dataset",0.453290870488323
"9","InhouseData",133,0.4,"dataset",0.158145065398335
"10","InhouseData",118,0.4,"dataset",0.156084656084656
"11","InhouseData",249,0.4,"dataset",0.478846153846154
"12","InhouseData",126,0.4,"dataset",0.28
"13","InhouseData",9,0.4,"dataset",0.0604026845637584
"0","PRJNA662018",840,0.4,"dataset",0.0875455966649297
"1","PRJNA662018",1485,0.4,"dataset",0.160471147611844
"2","PRJNA662018",356,0.4,"dataset",0.10994441012971
"3","PRJNA662018",473,0.4,"dataset",0.14874213836478
"4","PRJNA662018",162,0.4,"dataset",0.0653753026634383
"5","PRJNA662018",0,0.4,"dataset",0
"6","PRJNA662018",168,0.4,"dataset",0.120603015075377
"7","PRJNA662018",165,0.4,"dataset",0.16633064516129
"8","PRJNA662018",100,0.4,"dataset",0.106157112526539
"9","PRJNA662018",191,0.4,"dataset",0.227110582639715
"10","PRJNA662018",182,0.4,"dataset",0.240740740740741
"11","PRJNA662018",52,0.4,"dataset",0.1
"12","PRJNA662018",47,0.4,"dataset",0.104444444444444
"13","PRJNA662018",25,0.4,"dataset",0.167785234899329
"0","CNP0000460_P01N",232,0.4,"orig.ident",0.0241792600312663
"1","CNP0000460_P01N",135,0.4,"orig.ident",0.0145882861465312
"2","CNP0000460_P01N",48,0.4,"orig.ident",0.0148239654107474
"3","CNP0000460_P01N",71,0.4,"orig.ident",0.0223270440251572
"4","CNP0000460_P01N",1,0.4,"orig.ident",0.000403551251008878
"5","CNP0000460_P01N",0,0.4,"orig.ident",0
"6","CNP0000460_P01N",53,0.4,"orig.ident",0.0380473797559225
"7","CNP0000460_P01N",7,0.4,"orig.ident",0.00705645161290323
"8","CNP0000460_P01N",4,0.4,"orig.ident",0.00424628450106157
"9","CNP0000460_P01N",8,0.4,"orig.ident",0.00951248513674197
"10","CNP0000460_P01N",13,0.4,"orig.ident",0.0171957671957672
"11","CNP0000460_P01N",1,0.4,"orig.ident",0.00192307692307692
"12","CNP0000460_P01N",2,0.4,"orig.ident",0.00444444444444444
"13","CNP0000460_P01N",4,0.4,"orig.ident",0.0268456375838926
"0","CNP0000460_P01T",136,0.4,"orig.ident",0.0141740489838458
"1","CNP0000460_P01T",110,0.4,"orig.ident",0.0118867516749514
"2","CNP0000460_P01T",14,0.4,"orig.ident",0.00432365657813465
"3","CNP0000460_P01T",23,0.4,"orig.ident",0.00723270440251572
"4","CNP0000460_P01T",0,0.4,"orig.ident",0
"5","CNP0000460_P01T",0,0.4,"orig.ident",0
"6","CNP0000460_P01T",21,0.4,"orig.ident",0.0150753768844221
"7","CNP0000460_P01T",7,0.4,"orig.ident",0.00705645161290323
"8","CNP0000460_P01T",4,0.4,"orig.ident",0.00424628450106157
"9","CNP0000460_P01T",11,0.4,"orig.ident",0.0130796670630202
"10","CNP0000460_P01T",5,0.4,"orig.ident",0.00661375661375661
"11","CNP0000460_P01T",3,0.4,"orig.ident",0.00576923076923077
"12","CNP0000460_P01T",1,0.4,"orig.ident",0.00222222222222222
"13","CNP0000460_P01T",2,0.4,"orig.ident",0.0134228187919463
"0","CNP0000460_P02N",93,0.4,"orig.ident",0.00969254820218864
"1","CNP0000460_P02N",28,0.4,"orig.ident",0.00302571860816944
"2","CNP0000460_P02N",21,0.4,"orig.ident",0.00648548486720198
"3","CNP0000460_P02N",28,0.4,"orig.ident",0.00880503144654088
"4","CNP0000460_P02N",0,0.4,"orig.ident",0
"5","CNP0000460_P02N",0,0.4,"orig.ident",0
"6","CNP0000460_P02N",10,0.4,"orig.ident",0.00717875089734386
"7","CNP0000460_P02N",8,0.4,"orig.ident",0.00806451612903226
"8","CNP0000460_P02N",1,0.4,"orig.ident",0.00106157112526539
"9","CNP0000460_P02N",2,0.4,"orig.ident",0.00237812128418549
"10","CNP0000460_P02N",4,0.4,"orig.ident",0.00529100529100529
"11","CNP0000460_P02N",1,0.4,"orig.ident",0.00192307692307692
"12","CNP0000460_P02N",24,0.4,"orig.ident",0.0533333333333333
"13","CNP0000460_P02N",1,0.4,"orig.ident",0.00671140939597315
"0","CNP0000460_P02T",178,0.4,"orig.ident",0.0185513288170922
"1","CNP0000460_P02T",100,0.4,"orig.ident",0.0108061378863194
"2","CNP0000460_P02T",8,0.4,"orig.ident",0.00247066090179123
"3","CNP0000460_P02T",73,0.4,"orig.ident",0.0229559748427673
"4","CNP0000460_P02T",4,0.4,"orig.ident",0.00161420500403551
"5","CNP0000460_P02T",0,0.4,"orig.ident",0
"6","CNP0000460_P02T",34,0.4,"orig.ident",0.0244077530509691
"7","CNP0000460_P02T",78,0.4,"orig.ident",0.0786290322580645
"8","CNP0000460_P02T",7,0.4,"orig.ident",0.00743099787685775
"9","CNP0000460_P02T",14,0.4,"orig.ident",0.0166468489892985
"10","CNP0000460_P02T",17,0.4,"orig.ident",0.0224867724867725
"11","CNP0000460_P02T",1,0.4,"orig.ident",0.00192307692307692
"12","CNP0000460_P02T",10,0.4,"orig.ident",0.0222222222222222
"13","CNP0000460_P02T",3,0.4,"orig.ident",0.0201342281879195
"0","CNP0000460_P03N",300,0.4,"orig.ident",0.0312662845231892
"1","CNP0000460_P03N",136,0.4,"orig.ident",0.0146963475253944
"2","CNP0000460_P03N",32,0.4,"orig.ident",0.00988264360716492
"3","CNP0000460_P03N",137,0.4,"orig.ident",0.0430817610062893
"4","CNP0000460_P03N",0,0.4,"orig.ident",0
"5","CNP0000460_P03N",0,0.4,"orig.ident",0
"6","CNP0000460_P03N",56,0.4,"orig.ident",0.0402010050251256
"7","CNP0000460_P03N",12,0.4,"orig.ident",0.0120967741935484
"8","CNP0000460_P03N",10,0.4,"orig.ident",0.0106157112526539
"9","CNP0000460_P03N",10,0.4,"orig.ident",0.0118906064209275
"10","CNP0000460_P03N",10,0.4,"orig.ident",0.0132275132275132
"11","CNP0000460_P03N",1,0.4,"orig.ident",0.00192307692307692
"12","CNP0000460_P03N",14,0.4,"orig.ident",0.0311111111111111
"13","CNP0000460_P03N",1,0.4,"orig.ident",0.00671140939597315
"0","CNP0000460_P03T",376,0.4,"orig.ident",0.0391870766023971
"1","CNP0000460_P03T",301,0.4,"orig.ident",0.0325264750378215
"2","CNP0000460_P03T",46,0.4,"orig.ident",0.0142063001852996
"3","CNP0000460_P03T",271,0.4,"orig.ident",0.0852201257861635
"4","CNP0000460_P03T",1,0.4,"orig.ident",0.000403551251008878
"5","CNP0000460_P03T",0,0.4,"orig.ident",0
"6","CNP0000460_P03T",92,0.4,"orig.ident",0.0660445082555635
"7","CNP0000460_P03T",32,0.4,"orig.ident",0.032258064516129
"8","CNP0000460_P03T",15,0.4,"orig.ident",0.0159235668789809
"9","CNP0000460_P03T",58,0.4,"orig.ident",0.0689655172413793
"10","CNP0000460_P03T",16,0.4,"orig.ident",0.0211640211640212
"11","CNP0000460_P03T",3,0.4,"orig.ident",0.00576923076923077
"12","CNP0000460_P03T",5,0.4,"orig.ident",0.0111111111111111
"13","CNP0000460_P03T",0,0.4,"orig.ident",0
"0","CNP0000460_P04T",70,0.4,"orig.ident",0.00729546638874414
"1","CNP0000460_P04T",131,0.4,"orig.ident",0.0141560406310785
"2","CNP0000460_P04T",55,0.4,"orig.ident",0.0169857936998147
"3","CNP0000460_P04T",79,0.4,"orig.ident",0.0248427672955975
"4","CNP0000460_P04T",0,0.4,"orig.ident",0
"5","CNP0000460_P04T",0,0.4,"orig.ident",0
"6","CNP0000460_P04T",39,0.4,"orig.ident",0.0279971284996411
"7","CNP0000460_P04T",20,0.4,"orig.ident",0.0201612903225806
"8","CNP0000460_P04T",13,0.4,"orig.ident",0.0138004246284501
"9","CNP0000460_P04T",34,0.4,"orig.ident",0.0404280618311534
"10","CNP0000460_P04T",13,0.4,"orig.ident",0.0171957671957672
"11","CNP0000460_P04T",7,0.4,"orig.ident",0.0134615384615385
"12","CNP0000460_P04T",3,0.4,"orig.ident",0.00666666666666667
"13","CNP0000460_P04T",1,0.4,"orig.ident",0.00671140939597315
"0","CNP0000460_P05N",120,0.4,"orig.ident",0.0125065138092757
"1","CNP0000460_P05N",56,0.4,"orig.ident",0.00605143721633888
"2","CNP0000460_P05N",13,0.4,"orig.ident",0.00401482396541075
"3","CNP0000460_P05N",84,0.4,"orig.ident",0.0264150943396226
"4","CNP0000460_P05N",0,0.4,"orig.ident",0
"5","CNP0000460_P05N",0,0.4,"orig.ident",0
"6","CNP0000460_P05N",29,0.4,"orig.ident",0.0208183776022972
"7","CNP0000460_P05N",4,0.4,"orig.ident",0.00403225806451613
"8","CNP0000460_P05N",7,0.4,"orig.ident",0.00743099787685775
"9","CNP0000460_P05N",0,0.4,"orig.ident",0
"10","CNP0000460_P05N",5,0.4,"orig.ident",0.00661375661375661
"11","CNP0000460_P05N",1,0.4,"orig.ident",0.00192307692307692
"12","CNP0000460_P05N",20,0.4,"orig.ident",0.0444444444444444
"13","CNP0000460_P05N",1,0.4,"orig.ident",0.00671140939597315
"0","CNP0000460_P05T",43,0.4,"orig.ident",0.00448150078165711
"1","CNP0000460_P05T",22,0.4,"orig.ident",0.00237735033499027
"2","CNP0000460_P05T",8,0.4,"orig.ident",0.00247066090179123
"3","CNP0000460_P05T",23,0.4,"orig.ident",0.00723270440251572
"4","CNP0000460_P05T",0,0.4,"orig.ident",0
"5","CNP0000460_P05T",0,0.4,"orig.ident",0
"6","CNP0000460_P05T",11,0.4,"orig.ident",0.00789662598707825
"7","CNP0000460_P05T",5,0.4,"orig.ident",0.00504032258064516
"8","CNP0000460_P05T",1,0.4,"orig.ident",0.00106157112526539
"9","CNP0000460_P05T",5,0.4,"orig.ident",0.00594530321046373
"10","CNP0000460_P05T",4,0.4,"orig.ident",0.00529100529100529
"11","CNP0000460_P05T",1,0.4,"orig.ident",0.00192307692307692
"12","CNP0000460_P05T",3,0.4,"orig.ident",0.00666666666666667
"13","CNP0000460_P05T",0,0.4,"orig.ident",0
"0","CNP0000460_P06T",75,0.4,"orig.ident",0.00781657113079729
"1","CNP0000460_P06T",315,0.4,"orig.ident",0.0340393343419062
"2","CNP0000460_P06T",56,0.4,"orig.ident",0.0172946263125386
"3","CNP0000460_P06T",84,0.4,"orig.ident",0.0264150943396226
"4","CNP0000460_P06T",0,0.4,"orig.ident",0
"5","CNP0000460_P06T",0,0.4,"orig.ident",0
"6","CNP0000460_P06T",61,0.4,"orig.ident",0.0437903804737976
"7","CNP0000460_P06T",60,0.4,"orig.ident",0.0604838709677419
"8","CNP0000460_P06T",7,0.4,"orig.ident",0.00743099787685775
"9","CNP0000460_P06T",75,0.4,"orig.ident",0.089179548156956
"10","CNP0000460_P06T",29,0.4,"orig.ident",0.0383597883597884
"11","CNP0000460_P06T",1,0.4,"orig.ident",0.00192307692307692
"12","CNP0000460_P06T",7,0.4,"orig.ident",0.0155555555555556
"13","CNP0000460_P06T",0,0.4,"orig.ident",0
"0","CNP0000460_P07N",530,0.4,"orig.ident",0.0552371026576342
"1","CNP0000460_P07N",106,0.4,"orig.ident",0.0114545061594986
"2","CNP0000460_P07N",29,0.4,"orig.ident",0.00895614576899321
"3","CNP0000460_P07N",90,0.4,"orig.ident",0.0283018867924528
"4","CNP0000460_P07N",1,0.4,"orig.ident",0.000403551251008878
"5","CNP0000460_P07N",0,0.4,"orig.ident",0
"6","CNP0000460_P07N",53,0.4,"orig.ident",0.0380473797559225
"7","CNP0000460_P07N",5,0.4,"orig.ident",0.00504032258064516
"8","CNP0000460_P07N",9,0.4,"orig.ident",0.00955414012738853
"9","CNP0000460_P07N",1,0.4,"orig.ident",0.00118906064209275
"10","CNP0000460_P07N",12,0.4,"orig.ident",0.0158730158730159
"11","CNP0000460_P07N",2,0.4,"orig.ident",0.00384615384615385
"12","CNP0000460_P07N",6,0.4,"orig.ident",0.0133333333333333
"13","CNP0000460_P07N",5,0.4,"orig.ident",0.0335570469798658
"0","CNP0000460_P07T",92,0.4,"orig.ident",0.00958832725377801
"1","CNP0000460_P07T",117,0.4,"orig.ident",0.0126431813269937
"2","CNP0000460_P07T",18,0.4,"orig.ident",0.00555898702903027
"3","CNP0000460_P07T",41,0.4,"orig.ident",0.0128930817610063
"4","CNP0000460_P07T",3,0.4,"orig.ident",0.00121065375302663
"5","CNP0000460_P07T",0,0.4,"orig.ident",0
"6","CNP0000460_P07T",21,0.4,"orig.ident",0.0150753768844221
"7","CNP0000460_P07T",8,0.4,"orig.ident",0.00806451612903226
"8","CNP0000460_P07T",5,0.4,"orig.ident",0.00530785562632696
"9","CNP0000460_P07T",8,0.4,"orig.ident",0.00951248513674197
"10","CNP0000460_P07T",5,0.4,"orig.ident",0.00661375661375661
"11","CNP0000460_P07T",1,0.4,"orig.ident",0.00192307692307692
"12","CNP0000460_P07T",9,0.4,"orig.ident",0.02
"13","CNP0000460_P07T",1,0.4,"orig.ident",0.00671140939597315
"0","GSE326225_BC1",2,0.4,"orig.ident",0.000208441896821261
"1","GSE326225_BC1",23,0.4,"orig.ident",0.00248541171385347
"2","GSE326225_BC1",1,0.4,"orig.ident",0.000308832612723904
"3","GSE326225_BC1",4,0.4,"orig.ident",0.00125786163522013
"4","GSE326225_BC1",2,0.4,"orig.ident",0.000807102502017756
"5","GSE326225_BC1",0,0.4,"orig.ident",0
"6","GSE326225_BC1",0,0.4,"orig.ident",0
"7","GSE326225_BC1",0,0.4,"orig.ident",0
"8","GSE326225_BC1",9,0.4,"orig.ident",0.00955414012738853
"9","GSE326225_BC1",10,0.4,"orig.ident",0.0118906064209275
"10","GSE326225_BC1",1,0.4,"orig.ident",0.00132275132275132
"11","GSE326225_BC1",2,0.4,"orig.ident",0.00384615384615385
"12","GSE326225_BC1",1,0.4,"orig.ident",0.00222222222222222
"13","GSE326225_BC1",0,0.4,"orig.ident",0
"0","GSE326225_BC2",0,0.4,"orig.ident",0
"1","GSE326225_BC2",6,0.4,"orig.ident",0.000648368273179166
"2","GSE326225_BC2",0,0.4,"orig.ident",0
"3","GSE326225_BC2",0,0.4,"orig.ident",0
"4","GSE326225_BC2",0,0.4,"orig.ident",0
"5","GSE326225_BC2",0,0.4,"orig.ident",0
"6","GSE326225_BC2",0,0.4,"orig.ident",0
"7","GSE326225_BC2",0,0.4,"orig.ident",0
"8","GSE326225_BC2",3,0.4,"orig.ident",0.00318471337579618
"9","GSE326225_BC2",0,0.4,"orig.ident",0
"10","GSE326225_BC2",0,0.4,"orig.ident",0
"11","GSE326225_BC2",0,0.4,"orig.ident",0
"12","GSE326225_BC2",0,0.4,"orig.ident",0
"13","GSE326225_BC2",0,0.4,"orig.ident",0
"0","GSE326225_BC3",2,0.4,"orig.ident",0.000208441896821261
"1","GSE326225_BC3",78,0.4,"orig.ident",0.00842878755132915
"2","GSE326225_BC3",2,0.4,"orig.ident",0.000617665225447807
"3","GSE326225_BC3",15,0.4,"orig.ident",0.00471698113207547
"4","GSE326225_BC3",0,0.4,"orig.ident",0
"5","GSE326225_BC3",3,0.4,"orig.ident",0.00139664804469274
"6","GSE326225_BC3",4,0.4,"orig.ident",0.00287150035893754
"7","GSE326225_BC3",3,0.4,"orig.ident",0.0030241935483871
"8","GSE326225_BC3",17,0.4,"orig.ident",0.0180467091295117
"9","GSE326225_BC3",6,0.4,"orig.ident",0.00713436385255648
"10","GSE326225_BC3",2,0.4,"orig.ident",0.00264550264550265
"11","GSE326225_BC3",3,0.4,"orig.ident",0.00576923076923077
"12","GSE326225_BC3",1,0.4,"orig.ident",0.00222222222222222
"13","GSE326225_BC3",0,0.4,"orig.ident",0
"0","GSE326225_BC4",15,0.4,"orig.ident",0.00156331422615946
"1","GSE326225_BC4",111,0.4,"orig.ident",0.0119948130538146
"2","GSE326225_BC4",9,0.4,"orig.ident",0.00277949351451513
"3","GSE326225_BC4",7,0.4,"orig.ident",0.00220125786163522
"4","GSE326225_BC4",15,0.4,"orig.ident",0.00605326876513317
"5","GSE326225_BC4",7,0.4,"orig.ident",0.00325884543761639
"6","GSE326225_BC4",1,0.4,"orig.ident",0.000717875089734386
"7","GSE326225_BC4",3,0.4,"orig.ident",0.0030241935483871
"8","GSE326225_BC4",33,0.4,"orig.ident",0.035031847133758
"9","GSE326225_BC4",8,0.4,"orig.ident",0.00951248513674197
"10","GSE326225_BC4",1,0.4,"orig.ident",0.00132275132275132
"11","GSE326225_BC4",20,0.4,"orig.ident",0.0384615384615385
"12","GSE326225_BC4",5,0.4,"orig.ident",0.0111111111111111
"13","GSE326225_BC4",3,0.4,"orig.ident",0.0201342281879195
"0","GSE326225_BC5",0,0.4,"orig.ident",0
"1","GSE326225_BC5",21,0.4,"orig.ident",0.00226928895612708
"2","GSE326225_BC5",2,0.4,"orig.ident",0.000617665225447807
"3","GSE326225_BC5",0,0.4,"orig.ident",0
"4","GSE326225_BC5",2,0.4,"orig.ident",0.000807102502017756
"5","GSE326225_BC5",0,0.4,"orig.ident",0
"6","GSE326225_BC5",0,0.4,"orig.ident",0
"7","GSE326225_BC5",0,0.4,"orig.ident",0
"8","GSE326225_BC5",8,0.4,"orig.ident",0.00849256900212314
"9","GSE326225_BC5",16,0.4,"orig.ident",0.0190249702734839
"10","GSE326225_BC5",0,0.4,"orig.ident",0
"11","GSE326225_BC5",3,0.4,"orig.ident",0.00576923076923077
"12","GSE326225_BC5",0,0.4,"orig.ident",0
"13","GSE326225_BC5",0,0.4,"orig.ident",0
"0","GSE326225_BC6",50,0.4,"orig.ident",0.00521104742053153
"1","GSE326225_BC6",197,0.4,"orig.ident",0.0212880916360493
"2","GSE326225_BC6",33,0.4,"orig.ident",0.0101914762198888
"3","GSE326225_BC6",42,0.4,"orig.ident",0.0132075471698113
"4","GSE326225_BC6",5,0.4,"orig.ident",0.00201775625504439
"5","GSE326225_BC6",26,0.4,"orig.ident",0.0121042830540037
"6","GSE326225_BC6",5,0.4,"orig.ident",0.00358937544867193
"7","GSE326225_BC6",13,0.4,"orig.ident",0.0131048387096774
"8","GSE326225_BC6",80,0.4,"orig.ident",0.0849256900212314
"9","GSE326225_BC6",8,0.4,"orig.ident",0.00951248513674197
"10","GSE326225_BC6",10,0.4,"orig.ident",0.0132275132275132
"11","GSE326225_BC6",32,0.4,"orig.ident",0.0615384615384615
"12","GSE326225_BC6",6,0.4,"orig.ident",0.0133333333333333
"13","GSE326225_BC6",0,0.4,"orig.ident",0
"0","GSE326225_BC7",8,0.4,"orig.ident",0.000833767587285044
"1","GSE326225_BC7",19,0.4,"orig.ident",0.00205316619840069
"2","GSE326225_BC7",4,0.4,"orig.ident",0.00123533045089561
"3","GSE326225_BC7",6,0.4,"orig.ident",0.00188679245283019
"4","GSE326225_BC7",2,0.4,"orig.ident",0.000807102502017756
"5","GSE326225_BC7",1,0.4,"orig.ident",0.000465549348230912
"6","GSE326225_BC7",0,0.4,"orig.ident",0
"7","GSE326225_BC7",0,0.4,"orig.ident",0
"8","GSE326225_BC7",11,0.4,"orig.ident",0.0116772823779193
"9","GSE326225_BC7",0,0.4,"orig.ident",0
"10","GSE326225_BC7",0,0.4,"orig.ident",0
"11","GSE326225_BC7",3,0.4,"orig.ident",0.00576923076923077
"12","GSE326225_BC7",5,0.4,"orig.ident",0.0111111111111111
"13","GSE326225_BC7",0,0.4,"orig.ident",0
"0","GSE326225_BC8",1,0.4,"orig.ident",0.000104220948410631
"1","GSE326225_BC8",11,0.4,"orig.ident",0.00118867516749514
"2","GSE326225_BC8",2,0.4,"orig.ident",0.000617665225447807
"3","GSE326225_BC8",7,0.4,"orig.ident",0.00220125786163522
"4","GSE326225_BC8",0,0.4,"orig.ident",0
"5","GSE326225_BC8",0,0.4,"orig.ident",0
"6","GSE326225_BC8",0,0.4,"orig.ident",0
"7","GSE326225_BC8",7,0.4,"orig.ident",0.00705645161290323
"8","GSE326225_BC8",9,0.4,"orig.ident",0.00955414012738853
"9","GSE326225_BC8",0,0.4,"orig.ident",0
"10","GSE326225_BC8",0,0.4,"orig.ident",0
"11","GSE326225_BC8",2,0.4,"orig.ident",0.00384615384615385
"12","GSE326225_BC8",3,0.4,"orig.ident",0.00666666666666667
"13","GSE326225_BC8",0,0.4,"orig.ident",0
"0","HRA003620_BC-01",19,0.4,"orig.ident",0.00198019801980198
"1","HRA003620_BC-01",53,0.4,"orig.ident",0.0057272530797493
"2","HRA003620_BC-01",52,0.4,"orig.ident",0.016059295861643
"3","HRA003620_BC-01",30,0.4,"orig.ident",0.00943396226415094
"4","HRA003620_BC-01",1,0.4,"orig.ident",0.000403551251008878
"5","HRA003620_BC-01",0,0.4,"orig.ident",0
"6","HRA003620_BC-01",18,0.4,"orig.ident",0.012921751615219
"7","HRA003620_BC-01",13,0.4,"orig.ident",0.0131048387096774
"8","HRA003620_BC-01",4,0.4,"orig.ident",0.00424628450106157
"9","HRA003620_BC-01",4,0.4,"orig.ident",0.00475624256837099
"10","HRA003620_BC-01",7,0.4,"orig.ident",0.00925925925925926
"11","HRA003620_BC-01",7,0.4,"orig.ident",0.0134615384615385
"12","HRA003620_BC-01",9,0.4,"orig.ident",0.02
"13","HRA003620_BC-01",1,0.4,"orig.ident",0.00671140939597315
"0","HRA003620_BC-04",203,0.4,"orig.ident",0.021156852527358
"1","HRA003620_BC-04",359,0.4,"orig.ident",0.0387940350118868
"2","HRA003620_BC-04",81,0.4,"orig.ident",0.0250154416306362
"3","HRA003620_BC-04",32,0.4,"orig.ident",0.010062893081761
"4","HRA003620_BC-04",0,0.4,"orig.ident",0
"5","HRA003620_BC-04",0,0.4,"orig.ident",0
"6","HRA003620_BC-04",43,0.4,"orig.ident",0.0308686288585786
"7","HRA003620_BC-04",6,0.4,"orig.ident",0.00604838709677419
"8","HRA003620_BC-04",2,0.4,"orig.ident",0.00212314225053079
"9","HRA003620_BC-04",83,0.4,"orig.ident",0.098692033293698
"10","HRA003620_BC-04",7,0.4,"orig.ident",0.00925925925925926
"11","HRA003620_BC-04",2,0.4,"orig.ident",0.00384615384615385
"12","HRA003620_BC-04",0,0.4,"orig.ident",0
"13","HRA003620_BC-04",0,0.4,"orig.ident",0
"0","HRA003620_BC-05",109,0.4,"orig.ident",0.0113600833767587
"1","HRA003620_BC-05",88,0.4,"orig.ident",0.0095094013399611
"2","HRA003620_BC-05",116,0.4,"orig.ident",0.0358245830759728
"3","HRA003620_BC-05",58,0.4,"orig.ident",0.0182389937106918
"4","HRA003620_BC-05",2,0.4,"orig.ident",0.000807102502017756
"5","HRA003620_BC-05",0,0.4,"orig.ident",0
"6","HRA003620_BC-05",26,0.4,"orig.ident",0.018664752333094
"7","HRA003620_BC-05",31,0.4,"orig.ident",0.03125
"8","HRA003620_BC-05",10,0.4,"orig.ident",0.0106157112526539
"9","HRA003620_BC-05",5,0.4,"orig.ident",0.00594530321046373
"10","HRA003620_BC-05",15,0.4,"orig.ident",0.0198412698412698
"11","HRA003620_BC-05",9,0.4,"orig.ident",0.0173076923076923
"12","HRA003620_BC-05",15,0.4,"orig.ident",0.0333333333333333
"13","HRA003620_BC-05",4,0.4,"orig.ident",0.0268456375838926
"0","HRA003620_BC-11",76,0.4,"orig.ident",0.00792079207920792
"1","HRA003620_BC-11",138,0.4,"orig.ident",0.0149124702831208
"2","HRA003620_BC-11",175,0.4,"orig.ident",0.0540457072266831
"3","HRA003620_BC-11",37,0.4,"orig.ident",0.0116352201257862
"4","HRA003620_BC-11",7,0.4,"orig.ident",0.00282485875706215
"5","HRA003620_BC-11",0,0.4,"orig.ident",0
"6","HRA003620_BC-11",25,0.4,"orig.ident",0.0179468772433597
"7","HRA003620_BC-11",25,0.4,"orig.ident",0.0252016129032258
"8","HRA003620_BC-11",14,0.4,"orig.ident",0.0148619957537155
"9","HRA003620_BC-11",10,0.4,"orig.ident",0.0118906064209275
"10","HRA003620_BC-11",19,0.4,"orig.ident",0.0251322751322751
"11","HRA003620_BC-11",9,0.4,"orig.ident",0.0173076923076923
"12","HRA003620_BC-11",4,0.4,"orig.ident",0.00888888888888889
"13","HRA003620_BC-11",6,0.4,"orig.ident",0.0402684563758389
"0","HRA003620_BC-24",76,0.4,"orig.ident",0.00792079207920792
"1","HRA003620_BC-24",184,0.4,"orig.ident",0.0198832937108278
"2","HRA003620_BC-24",85,0.4,"orig.ident",0.0262507720815318
"3","HRA003620_BC-24",13,0.4,"orig.ident",0.00408805031446541
"4","HRA003620_BC-24",1,0.4,"orig.ident",0.000403551251008878
"5","HRA003620_BC-24",0,0.4,"orig.ident",0
"6","HRA003620_BC-24",33,0.4,"orig.ident",0.0236898779612347
"7","HRA003620_BC-24",1,0.4,"orig.ident",0.00100806451612903
"8","HRA003620_BC-24",4,0.4,"orig.ident",0.00424628450106157
"9","HRA003620_BC-24",10,0.4,"orig.ident",0.0118906064209275
"10","HRA003620_BC-24",3,0.4,"orig.ident",0.00396825396825397
"11","HRA003620_BC-24",4,0.4,"orig.ident",0.00769230769230769
"12","HRA003620_BC-24",0,0.4,"orig.ident",0
"13","HRA003620_BC-24",1,0.4,"orig.ident",0.00671140939597315
"0","HRA003620_BC-27",48,0.4,"orig.ident",0.00500260552371027
"1","HRA003620_BC-27",106,0.4,"orig.ident",0.0114545061594986
"2","HRA003620_BC-27",53,0.4,"orig.ident",0.0163681284743669
"3","HRA003620_BC-27",46,0.4,"orig.ident",0.0144654088050314
"4","HRA003620_BC-27",1,0.4,"orig.ident",0.000403551251008878
"5","HRA003620_BC-27",0,0.4,"orig.ident",0
"6","HRA003620_BC-27",17,0.4,"orig.ident",0.0122038765254846
"7","HRA003620_BC-27",5,0.4,"orig.ident",0.00504032258064516
"8","HRA003620_BC-27",3,0.4,"orig.ident",0.00318471337579618
"9","HRA003620_BC-27",6,0.4,"orig.ident",0.00713436385255648
"10","HRA003620_BC-27",4,0.4,"orig.ident",0.00529100529100529
"11","HRA003620_BC-27",3,0.4,"orig.ident",0.00576923076923077
"12","HRA003620_BC-27",2,0.4,"orig.ident",0.00444444444444444
"13","HRA003620_BC-27",0,0.4,"orig.ident",0
"0","HRA003620_BC-30",304,0.4,"orig.ident",0.0316831683168317
"1","HRA003620_BC-30",710,0.4,"orig.ident",0.076723578992868
"2","HRA003620_BC-30",193,0.4,"orig.ident",0.0596046942557134
"3","HRA003620_BC-30",167,0.4,"orig.ident",0.0525157232704403
"4","HRA003620_BC-30",10,0.4,"orig.ident",0.00403551251008878
"5","HRA003620_BC-30",0,0.4,"orig.ident",0
"6","HRA003620_BC-30",73,0.4,"orig.ident",0.0524048815506102
"7","HRA003620_BC-30",26,0.4,"orig.ident",0.0262096774193548
"8","HRA003620_BC-30",64,0.4,"orig.ident",0.0679405520169851
"9","HRA003620_BC-30",57,0.4,"orig.ident",0.0677764565992866
"10","HRA003620_BC-30",23,0.4,"orig.ident",0.0304232804232804
"11","HRA003620_BC-30",58,0.4,"orig.ident",0.111538461538462
"12","HRA003620_BC-30",1,0.4,"orig.ident",0.00222222222222222
"13","HRA003620_BC-30",20,0.4,"orig.ident",0.134228187919463
"0","HRA003620_NC-01",567,0.4,"orig.ident",0.0590932777488275
"1","HRA003620_NC-01",24,0.4,"orig.ident",0.00259347309271666
"2","HRA003620_NC-01",106,0.4,"orig.ident",0.0327362569487338
"3","HRA003620_NC-01",103,0.4,"orig.ident",0.0323899371069182
"4","HRA003620_NC-01",1,0.4,"orig.ident",0.000403551251008878
"5","HRA003620_NC-01",0,0.4,"orig.ident",0
"6","HRA003620_NC-01",19,0.4,"orig.ident",0.0136396267049533
"7","HRA003620_NC-01",55,0.4,"orig.ident",0.0554435483870968
"8","HRA003620_NC-01",11,0.4,"orig.ident",0.0116772823779193
"9","HRA003620_NC-01",0,0.4,"orig.ident",0
"10","HRA003620_NC-01",15,0.4,"orig.ident",0.0198412698412698
"11","HRA003620_NC-01",10,0.4,"orig.ident",0.0192307692307692
"12","HRA003620_NC-01",11,0.4,"orig.ident",0.0244444444444444
"13","HRA003620_NC-01",1,0.4,"orig.ident",0.00671140939597315
"0","HRA003620_NC-04",1815,0.4,"orig.ident",0.189161021365294
"1","HRA003620_NC-04",23,0.4,"orig.ident",0.00248541171385347
"2","HRA003620_NC-04",251,0.4,"orig.ident",0.0775169857936998
"3","HRA003620_NC-04",52,0.4,"orig.ident",0.0163522012578616
"4","HRA003620_NC-04",12,0.4,"orig.ident",0.00484261501210654
"5","HRA003620_NC-04",0,0.4,"orig.ident",0
"6","HRA003620_NC-04",53,0.4,"orig.ident",0.0380473797559225
"7","HRA003620_NC-04",7,0.4,"orig.ident",0.00705645161290323
"8","HRA003620_NC-04",8,0.4,"orig.ident",0.00849256900212314
"9","HRA003620_NC-04",0,0.4,"orig.ident",0
"10","HRA003620_NC-04",10,0.4,"orig.ident",0.0132275132275132
"11","HRA003620_NC-04",1,0.4,"orig.ident",0.00192307692307692
"12","HRA003620_NC-04",2,0.4,"orig.ident",0.00444444444444444
"13","HRA003620_NC-04",2,0.4,"orig.ident",0.0134228187919463
"0","HRA003620_NC-05",739,0.4,"orig.ident",0.077019280875456
"1","HRA003620_NC-05",302,0.4,"orig.ident",0.0326345364166847
"2","HRA003620_NC-05",336,0.4,"orig.ident",0.103767757875232
"3","HRA003620_NC-05",253,0.4,"orig.ident",0.079559748427673
"4","HRA003620_NC-05",2,0.4,"orig.ident",0.000807102502017756
"5","HRA003620_NC-05",0,0.4,"orig.ident",0
"6","HRA003620_NC-05",124,0.4,"orig.ident",0.0890165111270639
"7","HRA003620_NC-05",36,0.4,"orig.ident",0.0362903225806452
"8","HRA003620_NC-05",11,0.4,"orig.ident",0.0116772823779193
"9","HRA003620_NC-05",63,0.4,"orig.ident",0.074910820451843
"10","HRA003620_NC-05",49,0.4,"orig.ident",0.0648148148148148
"11","HRA003620_NC-05",14,0.4,"orig.ident",0.0269230769230769
"12","HRA003620_NC-05",39,0.4,"orig.ident",0.0866666666666667
"13","HRA003620_NC-05",21,0.4,"orig.ident",0.140939597315436
"0","HRA003620_NC-11",439,0.4,"orig.ident",0.0457529963522668
"1","HRA003620_NC-11",47,0.4,"orig.ident",0.00507888480657013
"2","HRA003620_NC-11",197,0.4,"orig.ident",0.060840024706609
"3","HRA003620_NC-11",85,0.4,"orig.ident",0.0267295597484277
"4","HRA003620_NC-11",14,0.4,"orig.ident",0.00564971751412429
"5","HRA003620_NC-11",0,0.4,"orig.ident",0
"6","HRA003620_NC-11",27,0.4,"orig.ident",0.0193826274228284
"7","HRA003620_NC-11",38,0.4,"orig.ident",0.0383064516129032
"8","HRA003620_NC-11",9,0.4,"orig.ident",0.00955414012738853
"9","HRA003620_NC-11",1,0.4,"orig.ident",0.00118906064209275
"10","HRA003620_NC-11",70,0.4,"orig.ident",0.0925925925925926
"11","HRA003620_NC-11",3,0.4,"orig.ident",0.00576923076923077
"12","HRA003620_NC-11",12,0.4,"orig.ident",0.0266666666666667
"13","HRA003620_NC-11",22,0.4,"orig.ident",0.147651006711409
"0","HRA003620_NC-24",72,0.4,"orig.ident",0.0075039082855654
"1","HRA003620_NC-24",163,0.4,"orig.ident",0.0176140047547007
"2","HRA003620_NC-24",42,0.4,"orig.ident",0.012970969734404
"3","HRA003620_NC-24",58,0.4,"orig.ident",0.0182389937106918
"4","HRA003620_NC-24",0,0.4,"orig.ident",0
"5","HRA003620_NC-24",0,0.4,"orig.ident",0
"6","HRA003620_NC-24",82,0.4,"orig.ident",0.0588657573582197
"7","HRA003620_NC-24",2,0.4,"orig.ident",0.00201612903225806
"8","HRA003620_NC-24",4,0.4,"orig.ident",0.00424628450106157
"9","HRA003620_NC-24",0,0.4,"orig.ident",0
"10","HRA003620_NC-24",6,0.4,"orig.ident",0.00793650793650794
"11","HRA003620_NC-24",2,0.4,"orig.ident",0.00384615384615385
"12","HRA003620_NC-24",0,0.4,"orig.ident",0
"13","HRA003620_NC-24",1,0.4,"orig.ident",0.00671140939597315
"0","HRA003620_NC-27",120,0.4,"orig.ident",0.0125065138092757
"1","HRA003620_NC-27",141,0.4,"orig.ident",0.0152366544197104
"2","HRA003620_NC-27",59,0.4,"orig.ident",0.0182211241507103
"3","HRA003620_NC-27",32,0.4,"orig.ident",0.010062893081761
"4","HRA003620_NC-27",0,0.4,"orig.ident",0
"5","HRA003620_NC-27",0,0.4,"orig.ident",0
"6","HRA003620_NC-27",27,0.4,"orig.ident",0.0193826274228284
"7","HRA003620_NC-27",1,0.4,"orig.ident",0.00100806451612903
"8","HRA003620_NC-27",2,0.4,"orig.ident",0.00212314225053079
"9","HRA003620_NC-27",2,0.4,"orig.ident",0.00237812128418549
"10","HRA003620_NC-27",5,0.4,"orig.ident",0.00661375661375661
"11","HRA003620_NC-27",0,0.4,"orig.ident",0
"12","HRA003620_NC-27",5,0.4,"orig.ident",0.0111111111111111
"13","HRA003620_NC-27",1,0.4,"orig.ident",0.00671140939597315
"0","HRA003620_NC-30",1253,0.4,"orig.ident",0.13058884835852
"1","HRA003620_NC-30",249,0.4,"orig.ident",0.0269072833369354
"2","HRA003620_NC-30",631,0.4,"orig.ident",0.194873378628783
"3","HRA003620_NC-30",265,0.4,"orig.ident",0.0833333333333333
"4","HRA003620_NC-30",3,0.4,"orig.ident",0.00121065375302663
"5","HRA003620_NC-30",0,0.4,"orig.ident",0
"6","HRA003620_NC-30",129,0.4,"orig.ident",0.0926058865757358
"7","HRA003620_NC-30",30,0.4,"orig.ident",0.030241935483871
"8","HRA003620_NC-30",16,0.4,"orig.ident",0.0169851380042463
"9","HRA003620_NC-30",2,0.4,"orig.ident",0.00237812128418549
"10","HRA003620_NC-30",76,0.4,"orig.ident",0.100529100529101
"11","HRA003620_NC-30",9,0.4,"orig.ident",0.0173076923076923
"12","HRA003620_NC-30",52,0.4,"orig.ident",0.115555555555556
"13","HRA003620_NC-30",13,0.4,"orig.ident",0.087248322147651
"0","PRJNA662018_PRJNA662018_P1N1",286,0.4,"orig.ident",0.0298071912454403
"1","PRJNA662018_PRJNA662018_P1N1",100,0.4,"orig.ident",0.0108061378863194
"2","PRJNA662018_PRJNA662018_P1N1",88,0.4,"orig.ident",0.0271772699197035
"3","PRJNA662018_PRJNA662018_P1N1",68,0.4,"orig.ident",0.0213836477987421
"4","PRJNA662018_PRJNA662018_P1N1",54,0.4,"orig.ident",0.0217917675544794
"5","PRJNA662018_PRJNA662018_P1N1",0,0.4,"orig.ident",0
"6","PRJNA662018_PRJNA662018_P1N1",30,0.4,"orig.ident",0.0215362526920316
"7","PRJNA662018_PRJNA662018_P1N1",8,0.4,"orig.ident",0.00806451612903226
"8","PRJNA662018_PRJNA662018_P1N1",5,0.4,"orig.ident",0.00530785562632696
"9","PRJNA662018_PRJNA662018_P1N1",6,0.4,"orig.ident",0.00713436385255648
"10","PRJNA662018_PRJNA662018_P1N1",21,0.4,"orig.ident",0.0277777777777778
"11","PRJNA662018_PRJNA662018_P1N1",1,0.4,"orig.ident",0.00192307692307692
"12","PRJNA662018_PRJNA662018_P1N1",8,0.4,"orig.ident",0.0177777777777778
"13","PRJNA662018_PRJNA662018_P1N1",11,0.4,"orig.ident",0.0738255033557047
"0","PRJNA662018_PRJNA662018_P1T1",134,0.4,"orig.ident",0.0139656070870245
"1","PRJNA662018_PRJNA662018_P1T1",467,0.4,"orig.ident",0.0504646639291117
"2","PRJNA662018_PRJNA662018_P1T1",71,0.4,"orig.ident",0.0219271155033972
"3","PRJNA662018_PRJNA662018_P1T1",79,0.4,"orig.ident",0.0248427672955975
"4","PRJNA662018_PRJNA662018_P1T1",9,0.4,"orig.ident",0.0036319612590799
"5","PRJNA662018_PRJNA662018_P1T1",0,0.4,"orig.ident",0
"6","PRJNA662018_PRJNA662018_P1T1",51,0.4,"orig.ident",0.0366116295764537
"7","PRJNA662018_PRJNA662018_P1T1",14,0.4,"orig.ident",0.0141129032258065
"8","PRJNA662018_PRJNA662018_P1T1",17,0.4,"orig.ident",0.0180467091295117
"9","PRJNA662018_PRJNA662018_P1T1",62,0.4,"orig.ident",0.0737217598097503
"10","PRJNA662018_PRJNA662018_P1T1",68,0.4,"orig.ident",0.0899470899470899
"11","PRJNA662018_PRJNA662018_P1T1",14,0.4,"orig.ident",0.0269230769230769
"12","PRJNA662018_PRJNA662018_P1T1",11,0.4,"orig.ident",0.0244444444444444
"13","PRJNA662018_PRJNA662018_P1T1",0,0.4,"orig.ident",0
"0","PRJNA662018_PRJNA662018_P2T2",48,0.4,"orig.ident",0.00500260552371027
"1","PRJNA662018_PRJNA662018_P2T2",72,0.4,"orig.ident",0.00778041927814999
"2","PRJNA662018_PRJNA662018_P2T2",36,0.4,"orig.ident",0.0111179740580605
"3","PRJNA662018_PRJNA662018_P2T2",69,0.4,"orig.ident",0.0216981132075472
"4","PRJNA662018_PRJNA662018_P2T2",19,0.4,"orig.ident",0.00766747376916868
"5","PRJNA662018_PRJNA662018_P2T2",0,0.4,"orig.ident",0
"6","PRJNA662018_PRJNA662018_P2T2",8,0.4,"orig.ident",0.00574300071787509
"7","PRJNA662018_PRJNA662018_P2T2",2,0.4,"orig.ident",0.00201612903225806
"8","PRJNA662018_PRJNA662018_P2T2",6,0.4,"orig.ident",0.00636942675159236
"9","PRJNA662018_PRJNA662018_P2T2",10,0.4,"orig.ident",0.0118906064209275
"10","PRJNA662018_PRJNA662018_P2T2",17,0.4,"orig.ident",0.0224867724867725
"11","PRJNA662018_PRJNA662018_P2T2",6,0.4,"orig.ident",0.0115384615384615
"12","PRJNA662018_PRJNA662018_P2T2",5,0.4,"orig.ident",0.0111111111111111
"13","PRJNA662018_PRJNA662018_P2T2",3,0.4,"orig.ident",0.0201342281879195
"0","PRJNA662018_PRJNA662018_P3N3",30,0.4,"orig.ident",0.00312662845231892
"1","PRJNA662018_PRJNA662018_P3N3",73,0.4,"orig.ident",0.00788848065701318
"2","PRJNA662018_PRJNA662018_P3N3",13,0.4,"orig.ident",0.00401482396541075
"3","PRJNA662018_PRJNA662018_P3N3",38,0.4,"orig.ident",0.0119496855345912
"4","PRJNA662018_PRJNA662018_P3N3",17,0.4,"orig.ident",0.00686037126715093
"5","PRJNA662018_PRJNA662018_P3N3",0,0.4,"orig.ident",0
"6","PRJNA662018_PRJNA662018_P3N3",17,0.4,"orig.ident",0.0122038765254846
"7","PRJNA662018_PRJNA662018_P3N3",0,0.4,"orig.ident",0
"8","PRJNA662018_PRJNA662018_P3N3",3,0.4,"orig.ident",0.00318471337579618
"9","PRJNA662018_PRJNA662018_P3N3",5,0.4,"orig.ident",0.00594530321046373
"10","PRJNA662018_PRJNA662018_P3N3",4,0.4,"orig.ident",0.00529100529100529
"11","PRJNA662018_PRJNA662018_P3N3",0,0.4,"orig.ident",0
"12","PRJNA662018_PRJNA662018_P3N3",1,0.4,"orig.ident",0.00222222222222222
"13","PRJNA662018_PRJNA662018_P3N3",0,0.4,"orig.ident",0
"0","PRJNA662018_PRJNA662018_P3T3",6,0.4,"orig.ident",0.000625325690463783
"1","PRJNA662018_PRJNA662018_P3T3",50,0.4,"orig.ident",0.00540306894315971
"2","PRJNA662018_PRJNA662018_P3T3",24,0.4,"orig.ident",0.00741198270537369
"3","PRJNA662018_PRJNA662018_P3T3",20,0.4,"orig.ident",0.00628930817610063
"4","PRJNA662018_PRJNA662018_P3T3",9,0.4,"orig.ident",0.0036319612590799
"5","PRJNA662018_PRJNA662018_P3T3",0,0.4,"orig.ident",0
"6","PRJNA662018_PRJNA662018_P3T3",6,0.4,"orig.ident",0.00430725053840632
"7","PRJNA662018_PRJNA662018_P3T3",7,0.4,"orig.ident",0.00705645161290323
"8","PRJNA662018_PRJNA662018_P3T3",9,0.4,"orig.ident",0.00955414012738853
"9","PRJNA662018_PRJNA662018_P3T3",6,0.4,"orig.ident",0.00713436385255648
"10","PRJNA662018_PRJNA662018_P3T3",7,0.4,"orig.ident",0.00925925925925926
"11","PRJNA662018_PRJNA662018_P3T3",2,0.4,"orig.ident",0.00384615384615385
"12","PRJNA662018_PRJNA662018_P3T3",4,0.4,"orig.ident",0.00888888888888889
"13","PRJNA662018_PRJNA662018_P3T3",1,0.4,"orig.ident",0.00671140939597315
"0","PRJNA662018_PRJNA662018_P4T4",136,0.4,"orig.ident",0.0141740489838458
"1","PRJNA662018_PRJNA662018_P4T4",354,0.4,"orig.ident",0.0382537281175708
"2","PRJNA662018_PRJNA662018_P4T4",23,0.4,"orig.ident",0.00710315009264978
"3","PRJNA662018_PRJNA662018_P4T4",39,0.4,"orig.ident",0.0122641509433962
"4","PRJNA662018_PRJNA662018_P4T4",33,0.4,"orig.ident",0.013317191283293
"5","PRJNA662018_PRJNA662018_P4T4",0,0.4,"orig.ident",0
"6","PRJNA662018_PRJNA662018_P4T4",4,0.4,"orig.ident",0.00287150035893754
"7","PRJNA662018_PRJNA662018_P4T4",91,0.4,"orig.ident",0.0917338709677419
"8","PRJNA662018_PRJNA662018_P4T4",38,0.4,"orig.ident",0.0403397027600849
"9","PRJNA662018_PRJNA662018_P4T4",34,0.4,"orig.ident",0.0404280618311534
"10","PRJNA662018_PRJNA662018_P4T4",34,0.4,"orig.ident",0.044973544973545
"11","PRJNA662018_PRJNA662018_P4T4",21,0.4,"orig.ident",0.0403846153846154
"12","PRJNA662018_PRJNA662018_P4T4",4,0.4,"orig.ident",0.00888888888888889
"13","PRJNA662018_PRJNA662018_P4T4",6,0.4,"orig.ident",0.0402684563758389
"0","PRJNA662018_PRJNA662018_P5T5",9,0.4,"orig.ident",0.000937988535695675
"1","PRJNA662018_PRJNA662018_P5T5",73,0.4,"orig.ident",0.00788848065701318
"2","PRJNA662018_PRJNA662018_P5T5",9,0.4,"orig.ident",0.00277949351451513
"3","PRJNA662018_PRJNA662018_P5T5",28,0.4,"orig.ident",0.00880503144654088
"4","PRJNA662018_PRJNA662018_P5T5",2,0.4,"orig.ident",0.000807102502017756
"5","PRJNA662018_PRJNA662018_P5T5",0,0.4,"orig.ident",0
"6","PRJNA662018_PRJNA662018_P5T5",3,0.4,"orig.ident",0.00215362526920316
"7","PRJNA662018_PRJNA662018_P5T5",6,0.4,"orig.ident",0.00604838709677419
"8","PRJNA662018_PRJNA662018_P5T5",9,0.4,"orig.ident",0.00955414012738853
"9","PRJNA662018_PRJNA662018_P5T5",25,0.4,"orig.ident",0.0297265160523187
"10","PRJNA662018_PRJNA662018_P5T5",1,0.4,"orig.ident",0.00132275132275132
"11","PRJNA662018_PRJNA662018_P5T5",2,0.4,"orig.ident",0.00384615384615385
"12","PRJNA662018_PRJNA662018_P5T5",0,0.4,"orig.ident",0
"13","PRJNA662018_PRJNA662018_P5T5",0,0.4,"orig.ident",0
"0","PRJNA662018_PRJNA662018_P6N2",144,0.4,"orig.ident",0.0150078165711308
"1","PRJNA662018_PRJNA662018_P6N2",92,0.4,"orig.ident",0.00994164685541388
"2","PRJNA662018_PRJNA662018_P6N2",56,0.4,"orig.ident",0.0172946263125386
"3","PRJNA662018_PRJNA662018_P6N2",49,0.4,"orig.ident",0.0154088050314465
"4","PRJNA662018_PRJNA662018_P6N2",18,0.4,"orig.ident",0.00726392251815981
"5","PRJNA662018_PRJNA662018_P6N2",0,0.4,"orig.ident",0
"6","PRJNA662018_PRJNA662018_P6N2",16,0.4,"orig.ident",0.0114860014357502
"7","PRJNA662018_PRJNA662018_P6N2",7,0.4,"orig.ident",0.00705645161290323
"8","PRJNA662018_PRJNA662018_P6N2",3,0.4,"orig.ident",0.00318471337579618
"9","PRJNA662018_PRJNA662018_P6N2",1,0.4,"orig.ident",0.00118906064209275
"10","PRJNA662018_PRJNA662018_P6N2",16,0.4,"orig.ident",0.0211640211640212
"11","PRJNA662018_PRJNA662018_P6N2",1,0.4,"orig.ident",0.00192307692307692
"12","PRJNA662018_PRJNA662018_P6N2",13,0.4,"orig.ident",0.0288888888888889
"13","PRJNA662018_PRJNA662018_P6N2",2,0.4,"orig.ident",0.0134228187919463
"0","PRJNA662018_PRJNA662018_P6T6",1,0.4,"orig.ident",0.000104220948410631
"1","PRJNA662018_PRJNA662018_P6T6",24,0.4,"orig.ident",0.00259347309271666
"2","PRJNA662018_PRJNA662018_P6T6",1,0.4,"orig.ident",0.000308832612723904
"3","PRJNA662018_PRJNA662018_P6T6",4,0.4,"orig.ident",0.00125786163522013
"4","PRJNA662018_PRJNA662018_P6T6",0,0.4,"orig.ident",0
"5","PRJNA662018_PRJNA662018_P6T6",0,0.4,"orig.ident",0
"6","PRJNA662018_PRJNA662018_P6T6",11,0.4,"orig.ident",0.00789662598707825
"7","PRJNA662018_PRJNA662018_P6T6",0,0.4,"orig.ident",0
"8","PRJNA662018_PRJNA662018_P6T6",0,0.4,"orig.ident",0
"9","PRJNA662018_PRJNA662018_P6T6",8,0.4,"orig.ident",0.00951248513674197
"10","PRJNA662018_PRJNA662018_P6T6",1,0.4,"orig.ident",0.00132275132275132
"11","PRJNA662018_PRJNA662018_P6T6",0,0.4,"orig.ident",0
"12","PRJNA662018_PRJNA662018_P6T6",0,0.4,"orig.ident",0
"13","PRJNA662018_PRJNA662018_P6T6",0,0.4,"orig.ident",0
"0","PRJNA662018_PRJNA662018_P7T7",25,0.4,"orig.ident",0.00260552371026576
"1","PRJNA662018_PRJNA662018_P7T7",137,0.4,"orig.ident",0.0148044089042576
"2","PRJNA662018_PRJNA662018_P7T7",31,0.4,"orig.ident",0.00957381099444101
"3","PRJNA662018_PRJNA662018_P7T7",42,0.4,"orig.ident",0.0132075471698113
"4","PRJNA662018_PRJNA662018_P7T7",1,0.4,"orig.ident",0.000403551251008878
"5","PRJNA662018_PRJNA662018_P7T7",0,0.4,"orig.ident",0
"6","PRJNA662018_PRJNA662018_P7T7",13,0.4,"orig.ident",0.00933237616654702
"7","PRJNA662018_PRJNA662018_P7T7",20,0.4,"orig.ident",0.0201612903225806
"8","PRJNA662018_PRJNA662018_P7T7",6,0.4,"orig.ident",0.00636942675159236
"9","PRJNA662018_PRJNA662018_P7T7",17,0.4,"orig.ident",0.0202140309155767
"10","PRJNA662018_PRJNA662018_P7T7",5,0.4,"orig.ident",0.00661375661375661
"11","PRJNA662018_PRJNA662018_P7T7",3,0.4,"orig.ident",0.00576923076923077
"12","PRJNA662018_PRJNA662018_P7T7",1,0.4,"orig.ident",0.00222222222222222
"13","PRJNA662018_PRJNA662018_P7T7",2,0.4,"orig.ident",0.0134228187919463
"0","PRJNA662018_PRJNA662018_P8T8",21,0.4,"orig.ident",0.00218863991662324
"1","PRJNA662018_PRJNA662018_P8T8",43,0.4,"orig.ident",0.00464663929111735
"2","PRJNA662018_PRJNA662018_P8T8",4,0.4,"orig.ident",0.00123533045089561
"3","PRJNA662018_PRJNA662018_P8T8",37,0.4,"orig.ident",0.0116352201257862
"4","PRJNA662018_PRJNA662018_P8T8",0,0.4,"orig.ident",0
"5","PRJNA662018_PRJNA662018_P8T8",0,0.4,"orig.ident",0
"6","PRJNA662018_PRJNA662018_P8T8",9,0.4,"orig.ident",0.00646087580760948
"7","PRJNA662018_PRJNA662018_P8T8",10,0.4,"orig.ident",0.0100806451612903
"8","PRJNA662018_PRJNA662018_P8T8",4,0.4,"orig.ident",0.00424628450106157
"9","PRJNA662018_PRJNA662018_P8T8",17,0.4,"orig.ident",0.0202140309155767
"10","PRJNA662018_PRJNA662018_P8T8",8,0.4,"orig.ident",0.0105820105820106
"11","PRJNA662018_PRJNA662018_P8T8",2,0.4,"orig.ident",0.00384615384615385
"12","PRJNA662018_PRJNA662018_P8T8",0,0.4,"orig.ident",0
"13","PRJNA662018_PRJNA662018_P8T8",0,0.4,"orig.ident",0
"0","T4091568",70,0.4,"orig.ident",0.00729546638874414
"1","T4091568",306,0.4,"orig.ident",0.0330667819321375
"2","T4091568",15,0.4,"orig.ident",0.00463248919085855
"3","T4091568",36,0.4,"orig.ident",0.0113207547169811
"4","T4091568",298,0.4,"orig.ident",0.120258272800646
"5","T4091568",352,0.4,"orig.ident",0.163873370577281
"6","T4091568",8,0.4,"orig.ident",0.00574300071787509
"7","T4091568",8,0.4,"orig.ident",0.00806451612903226
"8","T4091568",24,0.4,"orig.ident",0.0254777070063694
"9","T4091568",10,0.4,"orig.ident",0.0118906064209275
"10","T4091568",15,0.4,"orig.ident",0.0198412698412698
"11","T4091568",7,0.4,"orig.ident",0.0134615384615385
"12","T4091568",17,0.4,"orig.ident",0.0377777777777778
"13","T4091568",2,0.4,"orig.ident",0.0134228187919463
"0","T4295396",0,0.4,"orig.ident",0
"1","T4295396",71,0.4,"orig.ident",0.00767235789928679
"2","T4295396",2,0.4,"orig.ident",0.000617665225447807
"3","T4295396",8,0.4,"orig.ident",0.00251572327044025
"4","T4295396",23,0.4,"orig.ident",0.0092816787732042
"5","T4295396",65,0.4,"orig.ident",0.0302607076350093
"6","T4295396",0,0.4,"orig.ident",0
"7","T4295396",13,0.4,"orig.ident",0.0131048387096774
"8","T4295396",14,0.4,"orig.ident",0.0148619957537155
"9","T4295396",1,0.4,"orig.ident",0.00118906064209275
"10","T4295396",5,0.4,"orig.ident",0.00661375661375661
"11","T4295396",10,0.4,"orig.ident",0.0192307692307692
"12","T4295396",6,0.4,"orig.ident",0.0133333333333333
"13","T4295396",1,0.4,"orig.ident",0.00671140939597315
"0","T4380845",0,0.4,"orig.ident",0
"1","T4380845",216,0.4,"orig.ident",0.02334125783445
"2","T4380845",25,0.4,"orig.ident",0.00772081531809759
"3","T4380845",29,0.4,"orig.ident",0.00911949685534591
"4","T4380845",17,0.4,"orig.ident",0.00686037126715093
"5","T4380845",157,0.4,"orig.ident",0.0730912476722533
"6","T4380845",2,0.4,"orig.ident",0.00143575017946877
"7","T4380845",18,0.4,"orig.ident",0.0181451612903226
"8","T4380845",52,0.4,"orig.ident",0.0552016985138004
"9","T4380845",6,0.4,"orig.ident",0.00713436385255648
"10","T4380845",9,0.4,"orig.ident",0.0119047619047619
"11","T4380845",43,0.4,"orig.ident",0.0826923076923077
"12","T4380845",1,0.4,"orig.ident",0.00222222222222222
"13","T4380845",0,0.4,"orig.ident",0
"0","T4398343",0,0.4,"orig.ident",0
"1","T4398343",630,0.4,"orig.ident",0.0680786686838124
"2","T4398343",19,0.4,"orig.ident",0.00586781964175417
"3","T4398343",82,0.4,"orig.ident",0.0257861635220126
"4","T4398343",19,0.4,"orig.ident",0.00766747376916868
"5","T4398343",314,0.4,"orig.ident",0.146182495344507
"6","T4398343",4,0.4,"orig.ident",0.00287150035893754
"7","T4398343",105,0.4,"orig.ident",0.105846774193548
"8","T4398343",72,0.4,"orig.ident",0.0764331210191083
"9","T4398343",37,0.4,"orig.ident",0.0439952437574316
"10","T4398343",31,0.4,"orig.ident",0.041005291005291
"11","T4398343",74,0.4,"orig.ident",0.142307692307692
"12","T4398343",36,0.4,"orig.ident",0.08
"13","T4398343",1,0.4,"orig.ident",0.00671140939597315
"0","T4450398",0,0.4,"orig.ident",0
"1","T4450398",120,0.4,"orig.ident",0.0129673654635833
"2","T4450398",4,0.4,"orig.ident",0.00123533045089561
"3","T4450398",25,0.4,"orig.ident",0.00786163522012579
"4","T4450398",2,0.4,"orig.ident",0.000807102502017756
"5","T4450398",60,0.4,"orig.ident",0.0279329608938547
"6","T4450398",2,0.4,"orig.ident",0.00143575017946877
"7","T4450398",32,0.4,"orig.ident",0.032258064516129
"8","T4450398",11,0.4,"orig.ident",0.0116772823779193
"9","T4450398",3,0.4,"orig.ident",0.00356718192627824
"10","T4450398",6,0.4,"orig.ident",0.00793650793650794
"11","T4450398",8,0.4,"orig.ident",0.0153846153846154
"12","T4450398",7,0.4,"orig.ident",0.0155555555555556
"13","T4450398",0,0.4,"orig.ident",0
"0","T4463209a",0,0.4,"orig.ident",0
"1","T4463209a",205,0.4,"orig.ident",0.0221525826669548
"2","T4463209a",7,0.4,"orig.ident",0.00216182828906733
"3","T4463209a",12,0.4,"orig.ident",0.00377358490566038
"4","T4463209a",7,0.4,"orig.ident",0.00282485875706215
"5","T4463209a",88,0.4,"orig.ident",0.0409683426443203
"6","T4463209a",3,0.4,"orig.ident",0.00215362526920316
"7","T4463209a",23,0.4,"orig.ident",0.0231854838709677
"8","T4463209a",43,0.4,"orig.ident",0.0456475583864119
"9","T4463209a",7,0.4,"orig.ident",0.00832342449464923
"10","T4463209a",6,0.4,"orig.ident",0.00793650793650794
"11","T4463209a",32,0.4,"orig.ident",0.0615384615384615
"12","T4463209a",3,0.4,"orig.ident",0.00666666666666667
"13","T4463209a",0,0.4,"orig.ident",0
"0","T4463209b",0,0.4,"orig.ident",0
"1","T4463209b",75,0.4,"orig.ident",0.00810460341473957
"2","T4463209b",4,0.4,"orig.ident",0.00123533045089561
"3","T4463209b",26,0.4,"orig.ident",0.00817610062893082
"4","T4463209b",14,0.4,"orig.ident",0.00564971751412429
"5","T4463209b",93,0.4,"orig.ident",0.0432960893854749
"6","T4463209b",5,0.4,"orig.ident",0.00358937544867193
"7","T4463209b",13,0.4,"orig.ident",0.0131048387096774
"8","T4463209b",16,0.4,"orig.ident",0.0169851380042463
"9","T4463209b",2,0.4,"orig.ident",0.00237812128418549
"10","T4463209b",16,0.4,"orig.ident",0.0211640211640212
"11","T4463209b",16,0.4,"orig.ident",0.0307692307692308
"12","T4463209b",7,0.4,"orig.ident",0.0155555555555556
"13","T4463209b",0,0.4,"orig.ident",0
"0","T4465219",5,0.4,"orig.ident",0.000521104742053153
"1","T4465219",309,0.4,"orig.ident",0.033390966068727
"2","T4465219",7,0.4,"orig.ident",0.00216182828906733
"3","T4465219",25,0.4,"orig.ident",0.00786163522012579
"4","T4465219",34,0.4,"orig.ident",0.0137207425343019
"5","T4465219",68,0.4,"orig.ident",0.031657355679702
"6","T4465219",3,0.4,"orig.ident",0.00215362526920316
"7","T4465219",8,0.4,"orig.ident",0.00806451612903226
"8","T4465219",42,0.4,"orig.ident",0.0445859872611465
"9","T4465219",29,0.4,"orig.ident",0.0344827586206897
"10","T4465219",9,0.4,"orig.ident",0.0119047619047619
"11","T4465219",8,0.4,"orig.ident",0.0153846153846154
"12","T4465219",3,0.4,"orig.ident",0.00666666666666667
"13","T4465219",0,0.4,"orig.ident",0
"0","T4465935",2,0.4,"orig.ident",0.000208441896821261
"1","T4465935",90,0.4,"orig.ident",0.00972552409768749
"2","T4465935",4,0.4,"orig.ident",0.00123533045089561
"3","T4465935",10,0.4,"orig.ident",0.00314465408805031
"4","T4465935",40,0.4,"orig.ident",0.0161420500403551
"5","T4465935",54,0.4,"orig.ident",0.0251396648044693
"6","T4465935",1,0.4,"orig.ident",0.000717875089734386
"7","T4465935",25,0.4,"orig.ident",0.0252016129032258
"8","T4465935",16,0.4,"orig.ident",0.0169851380042463
"9","T4465935",2,0.4,"orig.ident",0.00237812128418549
"10","T4465935",3,0.4,"orig.ident",0.00396825396825397
"11","T4465935",8,0.4,"orig.ident",0.0153846153846154
"12","T4465935",6,0.4,"orig.ident",0.0133333333333333
"13","T4465935",0,0.4,"orig.ident",0
"0","T4466585",224,0.4,"orig.ident",0.0233454924439812
"1","T4466585",278,0.4,"orig.ident",0.030041063323968
"2","T4466585",2,0.4,"orig.ident",0.000617665225447807
"3","T4466585",7,0.4,"orig.ident",0.00220125786163522
"4","T4466585",881,0.4,"orig.ident",0.355528652138822
"5","T4466585",325,0.4,"orig.ident",0.151303538175047
"6","T4466585",2,0.4,"orig.ident",0.00143575017946877
"7","T4466585",5,0.4,"orig.ident",0.00504032258064516
"8","T4466585",33,0.4,"orig.ident",0.035031847133758
"9","T4466585",3,0.4,"orig.ident",0.00356718192627824
"10","T4466585",5,0.4,"orig.ident",0.00661375661375661
"11","T4466585",0,0.4,"orig.ident",0
"12","T4466585",22,0.4,"orig.ident",0.0488888888888889
"13","T4466585",0,0.4,"orig.ident",0
"0","T4469479",286,0.4,"orig.ident",0.0298071912454403
"1","T4469479",72,0.4,"orig.ident",0.00778041927814999
"2","T4469479",11,0.4,"orig.ident",0.00339715873996294
"3","T4469479",2,0.4,"orig.ident",0.000628930817610063
"4","T4469479",747,0.4,"orig.ident",0.301452784503632
"5","T4469479",62,0.4,"orig.ident",0.0288640595903166
"6","T4469479",0,0.4,"orig.ident",0
"7","T4469479",9,0.4,"orig.ident",0.00907258064516129
"8","T4469479",61,0.4,"orig.ident",0.064755838641189
"9","T4469479",1,0.4,"orig.ident",0.00118906064209275
"10","T4469479",5,0.4,"orig.ident",0.00661375661375661
"11","T4469479",8,0.4,"orig.ident",0.0153846153846154
"12","T4469479",11,0.4,"orig.ident",0.0244444444444444
"13","T4469479",1,0.4,"orig.ident",0.00671140939597315
"0","T4471438",5,0.4,"orig.ident",0.000521104742053153
"1","T4471438",365,0.4,"orig.ident",0.0394424032850659
"2","T4471438",2,0.4,"orig.ident",0.000617665225447807
"3","T4471438",28,0.4,"orig.ident",0.00880503144654088
"4","T4471438",88,0.4,"orig.ident",0.0355125100887813
"5","T4471438",273,0.4,"orig.ident",0.127094972067039
"6","T4471438",4,0.4,"orig.ident",0.00287150035893754
"7","T4471438",9,0.4,"orig.ident",0.00907258064516129
"8","T4471438",23,0.4,"orig.ident",0.024416135881104
"9","T4471438",8,0.4,"orig.ident",0.00951248513674197
"10","T4471438",4,0.4,"orig.ident",0.00529100529100529
"11","T4471438",20,0.4,"orig.ident",0.0384615384615385
"12","T4471438",4,0.4,"orig.ident",0.00888888888888889
"13","T4471438",3,0.4,"orig.ident",0.0201342281879195
"0","T8009218",0,0.4,"orig.ident",0
"1","T8009218",422,0.4,"orig.ident",0.045601901880268
"2","T8009218",2,0.4,"orig.ident",0.000617665225447807
"3","T8009218",101,0.4,"orig.ident",0.0317610062893082
"4","T8009218",56,0.4,"orig.ident",0.0225988700564972
"5","T8009218",200,0.4,"orig.ident",0.0931098696461825
"6","T8009218",5,0.4,"orig.ident",0.00358937544867193
"7","T8009218",11,0.4,"orig.ident",0.0110887096774194
"8","T8009218",20,0.4,"orig.ident",0.0212314225053079
"9","T8009218",24,0.4,"orig.ident",0.0285374554102259
"10","T8009218",4,0.4,"orig.ident",0.00529100529100529
"11","T8009218",15,0.4,"orig.ident",0.0288461538461538
"12","T8009218",3,0.4,"orig.ident",0.00666666666666667
"13","T8009218",1,0.4,"orig.ident",0.00671140939597315
"0","MIBC",1788,0.4,"Type",0.186347055758207
"1","MIBC",5475,0.4,"Type",0.591636049275989
"2","MIBC",729,0.4,"Type",0.225138974675726
"3","MIBC",1068,0.4,"Type",0.335849056603774
"4","MIBC",2272,0.4,"Type",0.916868442292171
"5","MIBC",2148,0.4,"Type",1
"6","MIBC",350,0.4,"Type",0.251256281407035
"7","MIBC",527,0.4,"Type",0.53125
"8","MIBC",721,0.4,"Type",0.765392781316348
"9","MIBC",461,0.4,"Type",0.548156956004756
"10","MIBC",238,0.4,"Type",0.314814814814815
"11","MIBC",409,0.4,"Type",0.786538461538462
"12","MIBC",190,0.4,"Type",0.422222222222222
"13","MIBC",45,0.4,"Type",0.302013422818792
"0","NMIBC",1067,0.4,"Type",0.111203751954143
"1","NMIBC",2104,0.4,"Type",0.227361141128161
"2","NMIBC",587,0.4,"Type",0.181284743668931
"3","NMIBC",699,0.4,"Type",0.219811320754717
"4","NMIBC",83,0.4,"Type",0.0334947538337369
"5","NMIBC",0,0.4,"Type",0
"6","NMIBC",318,0.4,"Type",0.228284278535535
"7","NMIBC",245,0.4,"Type",0.246975806451613
"8","NMIBC",118,0.4,"Type",0.125265392781316
"9","NMIBC",279,0.4,"Type",0.331747919143876
"10","NMIBC",202,0.4,"Type",0.267195767195767
"11","NMIBC",64,0.4,"Type",0.123076923076923
"12","NMIBC",51,0.4,"Type",0.113333333333333
"13","NMIBC",18,0.4,"Type",0.120805369127517
"0","Normal",6740,0.4,"Type",0.70244919228765
"1","Normal",1675,0.4,"Type",0.18100280959585
"2","Normal",1922,0.4,"Type",0.593576281655343
"3","Normal",1413,0.4,"Type",0.444339622641509
"4","Normal",123,0.4,"Type",0.049636803874092
"5","Normal",0,0.4,"Type",0
"6","Normal",725,0.4,"Type",0.52045944005743
"7","Normal",220,0.4,"Type",0.221774193548387
"8","Normal",103,0.4,"Type",0.109341825902335
"9","Normal",101,0.4,"Type",0.120095124851367
"10","Normal",316,0.4,"Type",0.417989417989418
"11","Normal",47,0.4,"Type",0.0903846153846154
"12","Normal",209,0.4,"Type",0.464444444444444
"13","Normal",86,0.4,"Type",0.577181208053691
"0","Normal",6740,0.4,"T_stage",0.70244919228765
"1","Normal",1675,0.4,"T_stage",0.18100280959585
"2","Normal",1922,0.4,"T_stage",0.593576281655343
"3","Normal",1413,0.4,"T_stage",0.444339622641509
"4","Normal",123,0.4,"T_stage",0.049636803874092
"5","Normal",0,0.4,"T_stage",0
"6","Normal",725,0.4,"T_stage",0.52045944005743
"7","Normal",220,0.4,"T_stage",0.221774193548387
"8","Normal",103,0.4,"T_stage",0.109341825902335
"9","Normal",101,0.4,"T_stage",0.120095124851367
"10","Normal",316,0.4,"T_stage",0.417989417989418
"11","Normal",47,0.4,"T_stage",0.0903846153846154
"12","Normal",209,0.4,"T_stage",0.464444444444444
"13","Normal",86,0.4,"T_stage",0.577181208053691
"0","T1",667,0.4,"T_stage",0.0695153725898906
"1","T1",1023,0.4,"T_stage",0.110546790577048
"2","T1",258,0.4,"T_stage",0.0796788140827671
"3","T1",455,0.4,"T_stage",0.143081761006289
"4","T1",6,0.4,"T_stage",0.00242130750605327
"5","T1",0,0.4,"T_stage",0
"6","T1",224,0.4,"T_stage",0.160804020100503
"7","T1",106,0.4,"T_stage",0.106854838709677
"8","T1",34,0.4,"T_stage",0.0360934182590234
"9","T1",157,0.4,"T_stage",0.186682520808561
"10","T1",57,0.4,"T_stage",0.0753968253968254
"11","T1",12,0.4,"T_stage",0.0230769230769231
"12","T1",23,0.4,"T_stage",0.0511111111111111
"13","T1",2,0.4,"T_stage",0.0134228187919463
"0","T2",588,0.4,"T_stage",0.0612819176654508
"1","T2",2226,0.4,"T_stage",0.24054462934947
"2","T2",104,0.4,"T_stage",0.032118591723286
"3","T2",343,0.4,"T_stage",0.107861635220126
"4","T2",1041,0.4,"T_stage",0.420096852300242
"5","T2",1224,0.4,"T_stage",0.569832402234637
"6","T2",88,0.4,"T_stage",0.063173007896626
"7","T2",332,0.4,"T_stage",0.334677419354839
"8","T2",311,0.4,"T_stage",0.330148619957537
"9","T2",120,0.4,"T_stage",0.14268727705113
"10","T2",116,0.4,"T_stage",0.153439153439153
"11","T2",204,0.4,"T_stage",0.392307692307692
"12","T2",105,0.4,"T_stage",0.233333333333333
"13","T2",7,0.4,"T_stage",0.0469798657718121
"0","T3",393,0.4,"T_stage",0.0409588327253778
"1","T3",1316,0.4,"T_stage",0.142208774583964
"2","T3",302,0.4,"T_stage",0.0932674490426189
"3","T3",377,0.4,"T_stage",0.118553459119497
"4","T3",67,0.4,"T_stage",0.0270379338175948
"5","T3",200,0.4,"T_stage",0.0931098696461825
"6","T3",135,0.4,"T_stage",0.0969131371141421
"7","T3",70,0.4,"T_stage",0.0705645161290323
"8","T3",101,0.4,"T_stage",0.107218683651805
"9","T3",119,0.4,"T_stage",0.141498216409037
"10","T3",47,0.4,"T_stage",0.0621693121693122
"11","T3",87,0.4,"T_stage",0.167307692307692
"12","T3",16,0.4,"T_stage",0.0355555555555556
"13","T3",23,0.4,"T_stage",0.154362416107383
"0","T4",673,0.4,"T_stage",0.0701406982803544
"1","T4",1190,0.4,"T_stage",0.128593040847201
"2","T4",225,0.4,"T_stage",0.0694873378628783
"3","T4",156,0.4,"T_stage",0.0490566037735849
"4","T4",1135,0.4,"T_stage",0.458030669895077
"5","T4",687,0.4,"T_stage",0.319832402234637
"6","T4",81,0.4,"T_stage",0.0581478822684853
"7","T4",63,0.4,"T_stage",0.063508064516129
"8","T4",120,0.4,"T_stage",0.127388535031847
"9","T4",107,0.4,"T_stage",0.127229488703924
"10","T4",46,0.4,"T_stage",0.0608465608465608
"11","T4",46,0.4,"T_stage",0.0884615384615385
"12","T4",47,0.4,"T_stage",0.104444444444444
"13","T4",10,0.4,"T_stage",0.0671140939597315
"0","Ta",76,0.4,"T_stage",0.00792079207920792
"1","Ta",138,0.4,"T_stage",0.0149124702831208
"2","Ta",175,0.4,"T_stage",0.0540457072266831
"3","Ta",37,0.4,"T_stage",0.0116352201257862
"4","Ta",7,0.4,"T_stage",0.00282485875706215
"5","Ta",0,0.4,"T_stage",0
"6","Ta",25,0.4,"T_stage",0.0179468772433597
"7","Ta",25,0.4,"T_stage",0.0252016129032258
"8","Ta",14,0.4,"T_stage",0.0148619957537155
"9","Ta",10,0.4,"T_stage",0.0118906064209275
"10","Ta",19,0.4,"T_stage",0.0251322751322751
"11","Ta",9,0.4,"T_stage",0.0173076923076923
"12","Ta",4,0.4,"T_stage",0.00888888888888889
"13","Ta",6,0.4,"T_stage",0.0402684563758389
"0",NA,458,0.4,"T_stage",0.0477331943720688
"1",NA,1686,0.4,"T_stage",0.182191484763346
"2",NA,252,0.4,"T_stage",0.0778258184064237
"3",NA,399,0.4,"T_stage",0.125471698113208
"4",NA,99,0.4,"T_stage",0.0399515738498789
"5",NA,37,0.4,"T_stage",0.0172253258845438
"6",NA,115,0.4,"T_stage",0.0825556353194544
"7",NA,176,0.4,"T_stage",0.17741935483871
"8",NA,259,0.4,"T_stage",0.274946921443737
"9",NA,227,0.4,"T_stage",0.269916765755054
"10",NA,155,0.4,"T_stage",0.205026455026455
"11",NA,115,0.4,"T_stage",0.221153846153846
"12",NA,46,0.4,"T_stage",0.102222222222222
"13",NA,15,0.4,"T_stage",0.100671140939597
"0","N0",1626,0.4,"N_stage",0.169463262115685
"1","N0",2515,0.4,"N_stage",0.271774367840934
"2","N0",789,0.4,"N_stage",0.24366893143916
"3","N0",840,0.4,"N_stage",0.264150943396226
"4","N0",28,0.4,"N_stage",0.0112994350282486
"5","N0",0,0.4,"N_stage",0
"6","N0",449,0.4,"N_stage",0.322325915290739
"7","N0",266,0.4,"N_stage",0.268145161290323
"8","N0",130,0.4,"N_stage",0.138004246284501
"9","N0",341,0.4,"N_stage",0.405469678953627
"10","N0",139,0.4,"N_stage",0.183862433862434
"11","N0",93,0.4,"N_stage",0.178846153846154
"12","N0",51,0.4,"N_stage",0.113333333333333
"13","N0",34,0.4,"N_stage",0.228187919463087
"0","N2",109,0.4,"N_stage",0.0113600833767587
"1","N2",88,0.4,"N_stage",0.0095094013399611
"2","N2",116,0.4,"N_stage",0.0358245830759728
"3","N2",58,0.4,"N_stage",0.0182389937106918
"4","N2",2,0.4,"N_stage",0.000807102502017756
"5","N2",0,0.4,"N_stage",0
"6","N2",26,0.4,"N_stage",0.018664752333094
"7","N2",31,0.4,"N_stage",0.03125
"8","N2",10,0.4,"N_stage",0.0106157112526539
"9","N2",5,0.4,"N_stage",0.00594530321046373
"10","N2",15,0.4,"N_stage",0.0198412698412698
"11","N2",9,0.4,"N_stage",0.0173076923076923
"12","N2",15,0.4,"N_stage",0.0333333333333333
"13","N2",4,0.4,"N_stage",0.0268456375838926
"0","N3",70,0.4,"N_stage",0.00729546638874414
"1","N3",131,0.4,"N_stage",0.0141560406310785
"2","N3",55,0.4,"N_stage",0.0169857936998147
"3","N3",79,0.4,"N_stage",0.0248427672955975
"4","N3",0,0.4,"N_stage",0
"5","N3",0,0.4,"N_stage",0
"6","N3",39,0.4,"N_stage",0.0279971284996411
"7","N3",20,0.4,"N_stage",0.0201612903225806
"8","N3",13,0.4,"N_stage",0.0138004246284501
"9","N3",34,0.4,"N_stage",0.0404280618311534
"10","N3",13,0.4,"N_stage",0.0171957671957672
"11","N3",7,0.4,"N_stage",0.0134615384615385
"12","N3",3,0.4,"N_stage",0.00666666666666667
"13","N3",1,0.4,"N_stage",0.00671140939597315
"0","Normal",6740,0.4,"N_stage",0.70244919228765
"1","Normal",1675,0.4,"N_stage",0.18100280959585
"2","Normal",1922,0.4,"N_stage",0.593576281655343
"3","Normal",1413,0.4,"N_stage",0.444339622641509
"4","Normal",123,0.4,"N_stage",0.049636803874092
"5","Normal",0,0.4,"N_stage",0
"6","Normal",725,0.4,"N_stage",0.52045944005743
"7","Normal",220,0.4,"N_stage",0.221774193548387
"8","Normal",103,0.4,"N_stage",0.109341825902335
"9","Normal",101,0.4,"N_stage",0.120095124851367
"10","Normal",316,0.4,"N_stage",0.417989417989418
"11","Normal",47,0.4,"N_stage",0.0903846153846154
"12","Normal",209,0.4,"N_stage",0.464444444444444
"13","Normal",86,0.4,"N_stage",0.577181208053691
"0",NA,1050,0.4,"N_stage",0.109431995831162
"1",NA,4845,0.4,"N_stage",0.523557380592176
"2",NA,356,0.4,"N_stage",0.10994441012971
"3",NA,790,0.4,"N_stage",0.248427672955975
"4",NA,2325,0.4,"N_stage",0.938256658595642
"5",NA,2148,0.4,"N_stage",1
"6",NA,154,0.4,"N_stage",0.110552763819095
"7",NA,455,0.4,"N_stage",0.45866935483871
"8",NA,686,0.4,"N_stage",0.728237791932059
"9",NA,360,0.4,"N_stage",0.428061831153389
"10",NA,273,0.4,"N_stage",0.361111111111111
"11",NA,364,0.4,"N_stage",0.7
"12",NA,172,0.4,"N_stage",0.382222222222222
"13",NA,24,0.4,"N_stage",0.161073825503356
"0","M0",1696,0.4,"M_stage",0.176758728504429
"1","M0",2646,0.4,"M_stage",0.285930408472012
"2","M0",844,0.4,"M_stage",0.260654725138975
"3","M0",919,0.4,"M_stage",0.288993710691824
"4","M0",28,0.4,"M_stage",0.0112994350282486
"5","M0",0,0.4,"M_stage",0
"6","M0",488,0.4,"M_stage",0.35032304379038
"7","M0",286,0.4,"M_stage",0.288306451612903
"8","M0",143,0.4,"M_stage",0.151804670912951
"9","M0",375,0.4,"M_stage",0.44589774078478
"10","M0",152,0.4,"M_stage",0.201058201058201
"11","M0",100,0.4,"M_stage",0.192307692307692
"12","M0",54,0.4,"M_stage",0.12
"13","M0",35,0.4,"M_stage",0.23489932885906
"0","Normal",6740,0.4,"M_stage",0.70244919228765
"1","Normal",1675,0.4,"M_stage",0.18100280959585
"2","Normal",1922,0.4,"M_stage",0.593576281655343
"3","Normal",1413,0.4,"M_stage",0.444339622641509
"4","Normal",123,0.4,"M_stage",0.049636803874092
"5","Normal",0,0.4,"M_stage",0
"6","Normal",725,0.4,"M_stage",0.52045944005743
"7","Normal",220,0.4,"M_stage",0.221774193548387
"8","Normal",103,0.4,"M_stage",0.109341825902335
"9","Normal",101,0.4,"M_stage",0.120095124851367
"10","Normal",316,0.4,"M_stage",0.417989417989418
"11","Normal",47,0.4,"M_stage",0.0903846153846154
"12","Normal",209,0.4,"M_stage",0.464444444444444
"13","Normal",86,0.4,"M_stage",0.577181208053691
"0",NA,1159,0.4,"M_stage",0.120792079207921
"1",NA,4933,0.4,"M_stage",0.533066781932137
"2",NA,472,0.4,"M_stage",0.145768993205683
"3",NA,848,0.4,"M_stage",0.266666666666667
"4",NA,2327,0.4,"M_stage",0.939063761097659
"5",NA,2148,0.4,"M_stage",1
"6",NA,180,0.4,"M_stage",0.12921751615219
"7",NA,486,0.4,"M_stage",0.48991935483871
"8",NA,696,0.4,"M_stage",0.738853503184713
"9",NA,365,0.4,"M_stage",0.434007134363853
"10",NA,288,0.4,"M_stage",0.380952380952381
"11",NA,373,0.4,"M_stage",0.717307692307692
"12",NA,187,0.4,"M_stage",0.415555555555556
"13",NA,28,0.4,"M_stage",0.187919463087248
"0","CNP0000460",1152,0.8,"dataset",0.226950354609929
"1","CNP0000460",806,0.8,"dataset",0.16911456147713
"2","CNP0000460",741,0.8,"dataset",0.167306389704222
"3","CNP0000460",896,0.8,"dataset",0.244274809160305
"4","CNP0000460",999,0.8,"dataset",0.316139240506329
"5","CNP0000460",285,0.8,"dataset",0.114365971107544
"6","CNP0000460",12,0.8,"dataset",0.00483870967741936
"7","CNP0000460",0,0.8,"dataset",0
"8","CNP0000460",487,0.8,"dataset",0.342475386779184
"9","CNP0000460",25,0.8,"dataset",0.0238777459407832
"10","CNP0000460",225,0.8,"dataset",0.217391304347826
"11","CNP0000460",246,0.8,"dataset",0.247983870967742
"12","CNP0000460",227,0.8,"dataset",0.268321513002364
"13","CNP0000460",133,0.8,"dataset",0.175693527080581
"14","CNP0000460",24,0.8,"dataset",0.0446096654275093
"15","CNP0000460",104,0.8,"dataset",0.231111111111111
"16","CNP0000460",89,0.8,"dataset",0.211904761904762
"17","CNP0000460",27,0.8,"dataset",0.131707317073171
"0","GSE326225",29,0.8,"dataset",0.00571315996847912
"1","GSE326225",173,0.8,"dataset",0.0362987830465799
"2","GSE326225",293,0.8,"dataset",0.0661548882366223
"3","GSE326225",21,0.8,"dataset",0.00572519083969466
"4","GSE326225",81,0.8,"dataset",0.0256329113924051
"5","GSE326225",10,0.8,"dataset",0.00401284109149278
"6","GSE326225",26,0.8,"dataset",0.0104838709677419
"7","GSE326225",37,0.8,"dataset",0.0171853228053878
"8","GSE326225",10,0.8,"dataset",0.0070323488045007
"9","GSE326225",189,0.8,"dataset",0.180515759312321
"10","GSE326225",14,0.8,"dataset",0.0135265700483092
"11","GSE326225",26,0.8,"dataset",0.0262096774193548
"12","GSE326225",49,0.8,"dataset",0.057919621749409
"13","GSE326225",14,0.8,"dataset",0.0184940554821664
"14","GSE326225",65,0.8,"dataset",0.120817843866171
"15","GSE326225",21,0.8,"dataset",0.0466666666666667
"16","GSE326225",37,0.8,"dataset",0.0880952380952381
"17","GSE326225",3,0.8,"dataset",0.0146341463414634
"0","HRA003620",2899,0.8,"dataset",0.571118991331757
"1","HRA003620",1507,0.8,"dataset",0.316198069660092
"2","HRA003620",1058,0.8,"dataset",0.238880108376609
"3","HRA003620",2418,0.8,"dataset",0.659214830970556
"4","HRA003620",1224,0.8,"dataset",0.387341772151899
"5","HRA003620",1874,0.8,"dataset",0.752006420545746
"6","HRA003620",55,0.8,"dataset",0.0221774193548387
"7","HRA003620",0,0.8,"dataset",0
"8","HRA003620",715,0.8,"dataset",0.5028129395218
"9","HRA003620",396,0.8,"dataset",0.378223495702006
"10","HRA003620",696,0.8,"dataset",0.672463768115942
"11","HRA003620",276,0.8,"dataset",0.278225806451613
"12","HRA003620",245,0.8,"dataset",0.289598108747045
"13","HRA003620",309,0.8,"dataset",0.408190224570674
"14","HRA003620",134,0.8,"dataset",0.24907063197026
"15","HRA003620",152,0.8,"dataset",0.337777777777778
"16","HRA003620",78,0.8,"dataset",0.185714285714286
"17","HRA003620",115,0.8,"dataset",0.560975609756098
"0","InhouseData",561,0.8,"dataset",0.110520094562648
"1","InhouseData",1423,0.8,"dataset",0.298573227024759
"2","InhouseData",1712,0.8,"dataset",0.386543237751185
"3","InhouseData",9,0.8,"dataset",0.002453653217012
"4","InhouseData",387,0.8,"dataset",0.12246835443038
"5","InhouseData",31,0.8,"dataset",0.0124398073836276
"6","InhouseData",2225,0.8,"dataset",0.897177419354839
"7","InhouseData",2116,0.8,"dataset",0.982814677194612
"8","InhouseData",42,0.8,"dataset",0.029535864978903
"9","InhouseData",366,0.8,"dataset",0.349570200573066
"10","InhouseData",25,0.8,"dataset",0.0241545893719807
"11","InhouseData",279,0.8,"dataset",0.28125
"12","InhouseData",132,0.8,"dataset",0.156028368794326
"13","InhouseData",118,0.8,"dataset",0.155878467635403
"14","InhouseData",262,0.8,"dataset",0.486988847583643
"15","InhouseData",126,0.8,"dataset",0.28
"16","InhouseData",139,0.8,"dataset",0.330952380952381
"17","InhouseData",10,0.8,"dataset",0.0487804878048781
"0","PRJNA662018",435,0.8,"dataset",0.0856973995271868
"1","PRJNA662018",857,0.8,"dataset",0.179815358791439
"2","PRJNA662018",625,0.8,"dataset",0.141115375931361
"3","PRJNA662018",324,0.8,"dataset",0.0883315158124318
"4","PRJNA662018",469,0.8,"dataset",0.148417721518987
"5","PRJNA662018",292,0.8,"dataset",0.117174959871589
"6","PRJNA662018",162,0.8,"dataset",0.0653225806451613
"7","PRJNA662018",0,0.8,"dataset",0
"8","PRJNA662018",168,0.8,"dataset",0.118143459915612
"9","PRJNA662018",71,0.8,"dataset",0.0678127984718243
"10","PRJNA662018",75,0.8,"dataset",0.072463768115942
"11","PRJNA662018",165,0.8,"dataset",0.16633064516129
"12","PRJNA662018",193,0.8,"dataset",0.228132387706856
"13","PRJNA662018",183,0.8,"dataset",0.241743725231176
"14","PRJNA662018",53,0.8,"dataset",0.0985130111524164
"15","PRJNA662018",47,0.8,"dataset",0.104444444444444
"16","PRJNA662018",77,0.8,"dataset",0.183333333333333
"17","PRJNA662018",50,0.8,"dataset",0.24390243902439
"0","CNP0000460_P01N",121,0.8,"orig.ident",0.0238376674546887
"1","CNP0000460_P01N",93,0.8,"orig.ident",0.0195132186319765
"2","CNP0000460_P01N",42,0.8,"orig.ident",0.00948295326258749
"3","CNP0000460_P01N",98,0.8,"orig.ident",0.0267175572519084
"4","CNP0000460_P01N",70,0.8,"orig.ident",0.0221518987341772
"5","CNP0000460_P01N",41,0.8,"orig.ident",0.0164526484751204
"6","CNP0000460_P01N",1,0.8,"orig.ident",0.000403225806451613
"7","CNP0000460_P01N",0,0.8,"orig.ident",0
"8","CNP0000460_P01N",53,0.8,"orig.ident",0.0372714486638537
"9","CNP0000460_P01N",2,0.8,"orig.ident",0.00191021967526266
"10","CNP0000460_P01N",17,0.8,"orig.ident",0.0164251207729469
"11","CNP0000460_P01N",7,0.8,"orig.ident",0.00705645161290323
"12","CNP0000460_P01N",8,0.8,"orig.ident",0.00945626477541371
"13","CNP0000460_P01N",13,0.8,"orig.ident",0.0171730515191546
"14","CNP0000460_P01N",1,0.8,"orig.ident",0.00185873605947955
"15","CNP0000460_P01N",2,0.8,"orig.ident",0.00444444444444444
"16","CNP0000460_P01N",5,0.8,"orig.ident",0.0119047619047619
"17","CNP0000460_P01N",5,0.8,"orig.ident",0.024390243902439
"0","CNP0000460_P01T",55,0.8,"orig.ident",0.0108353033884949
"1","CNP0000460_P01T",42,0.8,"orig.ident",0.00881242131766681
"2","CNP0000460_P01T",67,0.8,"orig.ident",0.015127568299842
"3","CNP0000460_P01T",65,0.8,"orig.ident",0.0177208287895311
"4","CNP0000460_P01T",23,0.8,"orig.ident",0.00727848101265823
"5","CNP0000460_P01T",9,0.8,"orig.ident",0.0036115569823435
"6","CNP0000460_P01T",0,0.8,"orig.ident",0
"7","CNP0000460_P01T",0,0.8,"orig.ident",0
"8","CNP0000460_P01T",21,0.8,"orig.ident",0.0147679324894515
"9","CNP0000460_P01T",2,0.8,"orig.ident",0.00191021967526266
"10","CNP0000460_P01T",20,0.8,"orig.ident",0.0193236714975845
"11","CNP0000460_P01T",7,0.8,"orig.ident",0.00705645161290323
"12","CNP0000460_P01T",11,0.8,"orig.ident",0.0130023640661939
"13","CNP0000460_P01T",5,0.8,"orig.ident",0.00660501981505945
"14","CNP0000460_P01T",3,0.8,"orig.ident",0.00557620817843866
"15","CNP0000460_P01T",1,0.8,"orig.ident",0.00222222222222222
"16","CNP0000460_P01T",4,0.8,"orig.ident",0.00952380952380952
"17","CNP0000460_P01T",2,0.8,"orig.ident",0.00975609756097561
"0","CNP0000460_P02N",53,0.8,"orig.ident",0.010441292356186
"1","CNP0000460_P02N",15,0.8,"orig.ident",0.00314729332773815
"2","CNP0000460_P02N",12,0.8,"orig.ident",0.00270941521788214
"3","CNP0000460_P02N",32,0.8,"orig.ident",0.00872410032715376
"4","CNP0000460_P02N",28,0.8,"orig.ident",0.00886075949367089
"5","CNP0000460_P02N",17,0.8,"orig.ident",0.00682182985553772
"6","CNP0000460_P02N",0,0.8,"orig.ident",0
"7","CNP0000460_P02N",0,0.8,"orig.ident",0
"8","CNP0000460_P02N",11,0.8,"orig.ident",0.00773558368495077
"9","CNP0000460_P02N",2,0.8,"orig.ident",0.00191021967526266
"10","CNP0000460_P02N",10,0.8,"orig.ident",0.00966183574879227
"11","CNP0000460_P02N",8,0.8,"orig.ident",0.00806451612903226
"12","CNP0000460_P02N",2,0.8,"orig.ident",0.00236406619385343
"13","CNP0000460_P02N",4,0.8,"orig.ident",0.00528401585204756
"14","CNP0000460_P02N",1,0.8,"orig.ident",0.00185873605947955
"15","CNP0000460_P02N",24,0.8,"orig.ident",0.0533333333333333
"16","CNP0000460_P02N",1,0.8,"orig.ident",0.00238095238095238
"17","CNP0000460_P02N",1,0.8,"orig.ident",0.0048780487804878
"0","CNP0000460_P02T",71,0.8,"orig.ident",0.0139873916469661
"1","CNP0000460_P02T",33,0.8,"orig.ident",0.00692404532102392
"2","CNP0000460_P02T",68,0.8,"orig.ident",0.0153533529013321
"3","CNP0000460_P02T",76,0.8,"orig.ident",0.0207197382769902
"4","CNP0000460_P02T",72,0.8,"orig.ident",0.0227848101265823
"5","CNP0000460_P02T",5,0.8,"orig.ident",0.00200642054574639
"6","CNP0000460_P02T",4,0.8,"orig.ident",0.00161290322580645
"7","CNP0000460_P02T",0,0.8,"orig.ident",0
"8","CNP0000460_P02T",33,0.8,"orig.ident",0.0232067510548523
"9","CNP0000460_P02T",2,0.8,"orig.ident",0.00191021967526266
"10","CNP0000460_P02T",32,0.8,"orig.ident",0.0309178743961353
"11","CNP0000460_P02T",78,0.8,"orig.ident",0.0786290322580645
"12","CNP0000460_P02T",14,0.8,"orig.ident",0.016548463356974
"13","CNP0000460_P02T",17,0.8,"orig.ident",0.0224570673712021
"14","CNP0000460_P02T",1,0.8,"orig.ident",0.00185873605947955
"15","CNP0000460_P02T",10,0.8,"orig.ident",0.0222222222222222
"16","CNP0000460_P02T",7,0.8,"orig.ident",0.0166666666666667
"17","CNP0000460_P02T",4,0.8,"orig.ident",0.0195121951219512
"0","CNP0000460_P03N",169,0.8,"orig.ident",0.0332939322301024
"1","CNP0000460_P03N",66,0.8,"orig.ident",0.0138480906420478
"2","CNP0000460_P03N",70,0.8,"orig.ident",0.0158049221043125
"3","CNP0000460_P03N",101,0.8,"orig.ident",0.0275354416575791
"4","CNP0000460_P03N",137,0.8,"orig.ident",0.0433544303797468
"5","CNP0000460_P03N",28,0.8,"orig.ident",0.0112359550561798
"6","CNP0000460_P03N",0,0.8,"orig.ident",0
"7","CNP0000460_P03N",0,0.8,"orig.ident",0
"8","CNP0000460_P03N",56,0.8,"orig.ident",0.0393811533052039
"9","CNP0000460_P03N",0,0.8,"orig.ident",0
"10","CNP0000460_P03N",34,0.8,"orig.ident",0.0328502415458937
"11","CNP0000460_P03N",12,0.8,"orig.ident",0.0120967741935484
"12","CNP0000460_P03N",10,0.8,"orig.ident",0.0118203309692671
"13","CNP0000460_P03N",10,0.8,"orig.ident",0.0132100396301189
"14","CNP0000460_P03N",1,0.8,"orig.ident",0.00185873605947955
"15","CNP0000460_P03N",14,0.8,"orig.ident",0.0311111111111111
"16","CNP0000460_P03N",10,0.8,"orig.ident",0.0238095238095238
"17","CNP0000460_P03N",1,0.8,"orig.ident",0.0048780487804878
"0","CNP0000460_P03T",193,0.8,"orig.ident",0.0380220646178093
"1","CNP0000460_P03T",109,0.8,"orig.ident",0.0228703315148972
"2","CNP0000460_P03T",189,0.8,"orig.ident",0.0426732896816437
"3","CNP0000460_P03T",155,0.8,"orig.ident",0.042257360959651
"4","CNP0000460_P03T",271,0.8,"orig.ident",0.0857594936708861
"5","CNP0000460_P03T",33,0.8,"orig.ident",0.0132423756019262
"6","CNP0000460_P03T",2,0.8,"orig.ident",0.000806451612903226
"7","CNP0000460_P03T",0,0.8,"orig.ident",0
"8","CNP0000460_P03T",94,0.8,"orig.ident",0.0661040787623066
"9","CNP0000460_P03T",4,0.8,"orig.ident",0.00382043935052531
"10","CNP0000460_P03T",36,0.8,"orig.ident",0.0347826086956522
"11","CNP0000460_P03T",32,0.8,"orig.ident",0.032258064516129
"12","CNP0000460_P03T",59,0.8,"orig.ident",0.0697399527186761
"13","CNP0000460_P03T",16,0.8,"orig.ident",0.0211360634081902
"14","CNP0000460_P03T",3,0.8,"orig.ident",0.00557620817843866
"15","CNP0000460_P03T",5,0.8,"orig.ident",0.0111111111111111
"16","CNP0000460_P03T",15,0.8,"orig.ident",0.0357142857142857
"17","CNP0000460_P03T",0,0.8,"orig.ident",0
"0","CNP0000460_P04T",33,0.8,"orig.ident",0.00650118203309693
"1","CNP0000460_P04T",74,0.8,"orig.ident",0.0155266470835082
"2","CNP0000460_P04T",54,0.8,"orig.ident",0.0121923684804696
"3","CNP0000460_P04T",34,0.8,"orig.ident",0.00926935659760087
"4","CNP0000460_P04T",79,0.8,"orig.ident",0.025
"5","CNP0000460_P04T",49,0.8,"orig.ident",0.0196629213483146
"6","CNP0000460_P04T",0,0.8,"orig.ident",0
"7","CNP0000460_P04T",0,0.8,"orig.ident",0
"8","CNP0000460_P04T",40,0.8,"orig.ident",0.0281293952180028
"9","CNP0000460_P04T",5,0.8,"orig.ident",0.00477554918815664
"10","CNP0000460_P04T",5,0.8,"orig.ident",0.00483091787439614
"11","CNP0000460_P04T",20,0.8,"orig.ident",0.0201612903225806
"12","CNP0000460_P04T",34,0.8,"orig.ident",0.0401891252955083
"13","CNP0000460_P04T",13,0.8,"orig.ident",0.0171730515191546
"14","CNP0000460_P04T",8,0.8,"orig.ident",0.0148698884758364
"15","CNP0000460_P04T",3,0.8,"orig.ident",0.00666666666666667
"16","CNP0000460_P04T",12,0.8,"orig.ident",0.0285714285714286
"17","CNP0000460_P04T",2,0.8,"orig.ident",0.00975609756097561
"0","CNP0000460_P05N",57,0.8,"orig.ident",0.0112293144208038
"1","CNP0000460_P05N",35,0.8,"orig.ident",0.00734368443138901
"2","CNP0000460_P05N",21,0.8,"orig.ident",0.00474147663129375
"3","CNP0000460_P05N",48,0.8,"orig.ident",0.0130861504907306
"4","CNP0000460_P05N",83,0.8,"orig.ident",0.0262658227848101
"5","CNP0000460_P05N",10,0.8,"orig.ident",0.00401284109149278
"6","CNP0000460_P05N",1,0.8,"orig.ident",0.000403225806451613
"7","CNP0000460_P05N",0,0.8,"orig.ident",0
"8","CNP0000460_P05N",29,0.8,"orig.ident",0.020393811533052
"9","CNP0000460_P05N",0,0.8,"orig.ident",0
"10","CNP0000460_P05N",14,0.8,"orig.ident",0.0135265700483092
"11","CNP0000460_P05N",4,0.8,"orig.ident",0.00403225806451613
"12","CNP0000460_P05N",0,0.8,"orig.ident",0
"13","CNP0000460_P05N",5,0.8,"orig.ident",0.00660501981505945
"14","CNP0000460_P05N",1,0.8,"orig.ident",0.00185873605947955
"15","CNP0000460_P05N",20,0.8,"orig.ident",0.0444444444444444
"16","CNP0000460_P05N",9,0.8,"orig.ident",0.0214285714285714
"17","CNP0000460_P05N",3,0.8,"orig.ident",0.0146341463414634
"0","CNP0000460_P05T",20,0.8,"orig.ident",0.00394011032308905
"1","CNP0000460_P05T",16,0.8,"orig.ident",0.00335711288292069
"2","CNP0000460_P05T",5,0.8,"orig.ident",0.00112892300745089
"3","CNP0000460_P05T",20,0.8,"orig.ident",0.0054525627044711
"4","CNP0000460_P05T",23,0.8,"orig.ident",0.00727848101265823
"5","CNP0000460_P05T",8,0.8,"orig.ident",0.00321027287319422
"6","CNP0000460_P05T",0,0.8,"orig.ident",0
"7","CNP0000460_P05T",0,0.8,"orig.ident",0
"8","CNP0000460_P05T",12,0.8,"orig.ident",0.00843881856540084
"9","CNP0000460_P05T",0,0.8,"orig.ident",0
"10","CNP0000460_P05T",3,0.8,"orig.ident",0.00289855072463768
"11","CNP0000460_P05T",5,0.8,"orig.ident",0.00504032258064516
"12","CNP0000460_P05T",5,0.8,"orig.ident",0.00591016548463357
"13","CNP0000460_P05T",4,0.8,"orig.ident",0.00528401585204756
"14","CNP0000460_P05T",1,0.8,"orig.ident",0.00185873605947955
"15","CNP0000460_P05T",3,0.8,"orig.ident",0.00666666666666667
"16","CNP0000460_P05T",1,0.8,"orig.ident",0.00238095238095238
"17","CNP0000460_P05T",0,0.8,"orig.ident",0
"0","CNP0000460_P06T",24,0.8,"orig.ident",0.00472813238770686
"1","CNP0000460_P06T",186,0.8,"orig.ident",0.039026437263953
"2","CNP0000460_P06T",128,0.8,"orig.ident",0.0289004289907428
"3","CNP0000460_P06T",39,0.8,"orig.ident",0.0106324972737186
"4","CNP0000460_P06T",83,0.8,"orig.ident",0.0262658227848101
"5","CNP0000460_P06T",51,0.8,"orig.ident",0.0204654895666132
"6","CNP0000460_P06T",0,0.8,"orig.ident",0
"7","CNP0000460_P06T",0,0.8,"orig.ident",0
"8","CNP0000460_P06T",63,0.8,"orig.ident",0.0443037974683544
"9","CNP0000460_P06T",5,0.8,"orig.ident",0.00477554918815664
"10","CNP0000460_P06T",11,0.8,"orig.ident",0.0106280193236715
"11","CNP0000460_P06T",60,0.8,"orig.ident",0.0604838709677419
"12","CNP0000460_P06T",75,0.8,"orig.ident",0.0886524822695035
"13","CNP0000460_P06T",29,0.8,"orig.ident",0.0383091149273448
"14","CNP0000460_P06T",1,0.8,"orig.ident",0.00185873605947955
"15","CNP0000460_P06T",7,0.8,"orig.ident",0.0155555555555556
"16","CNP0000460_P06T",8,0.8,"orig.ident",0.019047619047619
"17","CNP0000460_P06T",0,0.8,"orig.ident",0
"0","CNP0000460_P07N",322,0.8,"orig.ident",0.0634357762017336
"1","CNP0000460_P07N",72,0.8,"orig.ident",0.0151070079731431
"2","CNP0000460_P07N",34,0.8,"orig.ident",0.00767667645066606
"3","CNP0000460_P07N",180,0.8,"orig.ident",0.0490730643402399
"4","CNP0000460_P07N",89,0.8,"orig.ident",0.0281645569620253
"5","CNP0000460_P07N",22,0.8,"orig.ident",0.00882825040128411
"6","CNP0000460_P07N",1,0.8,"orig.ident",0.000403225806451613
"7","CNP0000460_P07N",0,0.8,"orig.ident",0
"8","CNP0000460_P07N",53,0.8,"orig.ident",0.0372714486638537
"9","CNP0000460_P07N",2,0.8,"orig.ident",0.00191021967526266
"10","CNP0000460_P07N",28,0.8,"orig.ident",0.0270531400966184
"11","CNP0000460_P07N",5,0.8,"orig.ident",0.00504032258064516
"12","CNP0000460_P07N",1,0.8,"orig.ident",0.00118203309692671
"13","CNP0000460_P07N",12,0.8,"orig.ident",0.0158520475561427
"14","CNP0000460_P07N",2,0.8,"orig.ident",0.00371747211895911
"15","CNP0000460_P07N",6,0.8,"orig.ident",0.0133333333333333
"16","CNP0000460_P07N",12,0.8,"orig.ident",0.0285714285714286
"17","CNP0000460_P07N",8,0.8,"orig.ident",0.0390243902439024
"0","CNP0000460_P07T",34,0.8,"orig.ident",0.00669818754925138
"1","CNP0000460_P07T",65,0.8,"orig.ident",0.0136382710868653
"2","CNP0000460_P07T",51,0.8,"orig.ident",0.0115150146759991
"3","CNP0000460_P07T",48,0.8,"orig.ident",0.0130861504907306
"4","CNP0000460_P07T",41,0.8,"orig.ident",0.0129746835443038
"5","CNP0000460_P07T",12,0.8,"orig.ident",0.00481540930979133
"6","CNP0000460_P07T",3,0.8,"orig.ident",0.00120967741935484
"7","CNP0000460_P07T",0,0.8,"orig.ident",0
"8","CNP0000460_P07T",22,0.8,"orig.ident",0.0154711673699015
"9","CNP0000460_P07T",1,0.8,"orig.ident",0.000955109837631328
"10","CNP0000460_P07T",15,0.8,"orig.ident",0.0144927536231884
"11","CNP0000460_P07T",8,0.8,"orig.ident",0.00806451612903226
"12","CNP0000460_P07T",8,0.8,"orig.ident",0.00945626477541371
"13","CNP0000460_P07T",5,0.8,"orig.ident",0.00660501981505945
"14","CNP0000460_P07T",1,0.8,"orig.ident",0.00185873605947955
"15","CNP0000460_P07T",9,0.8,"orig.ident",0.02
"16","CNP0000460_P07T",5,0.8,"orig.ident",0.0119047619047619
"17","CNP0000460_P07T",1,0.8,"orig.ident",0.0048780487804878
"0","GSE326225_BC1",1,0.8,"orig.ident",0.000197005516154452
"1","GSE326225_BC1",8,0.8,"orig.ident",0.00167855644146034
"2","GSE326225_BC1",15,0.8,"orig.ident",0.00338676902235268
"3","GSE326225_BC1",0,0.8,"orig.ident",0
"4","GSE326225_BC1",4,0.8,"orig.ident",0.00126582278481013
"5","GSE326225_BC1",0,0.8,"orig.ident",0
"6","GSE326225_BC1",2,0.8,"orig.ident",0.000806451612903226
"7","GSE326225_BC1",0,0.8,"orig.ident",0
"8","GSE326225_BC1",0,0.8,"orig.ident",0
"9","GSE326225_BC1",8,0.8,"orig.ident",0.00764087870105062
"10","GSE326225_BC1",1,0.8,"orig.ident",0.000966183574879227
"11","GSE326225_BC1",0,0.8,"orig.ident",0
"12","GSE326225_BC1",10,0.8,"orig.ident",0.0118203309692671
"13","GSE326225_BC1",1,0.8,"orig.ident",0.00132100396301189
"14","GSE326225_BC1",2,0.8,"orig.ident",0.00371747211895911
"15","GSE326225_BC1",1,0.8,"orig.ident",0.00222222222222222
"16","GSE326225_BC1",2,0.8,"orig.ident",0.00476190476190476
"17","GSE326225_BC1",0,0.8,"orig.ident",0
"0","GSE326225_BC2",0,0.8,"orig.ident",0
"1","GSE326225_BC2",3,0.8,"orig.ident",0.000629458665547629
"2","GSE326225_BC2",3,0.8,"orig.ident",0.000677353804470535
"3","GSE326225_BC2",0,0.8,"orig.ident",0
"4","GSE326225_BC2",0,0.8,"orig.ident",0
"5","GSE326225_BC2",0,0.8,"orig.ident",0
"6","GSE326225_BC2",0,0.8,"orig.ident",0
"7","GSE326225_BC2",0,0.8,"orig.ident",0
"8","GSE326225_BC2",0,0.8,"orig.ident",0
"9","GSE326225_BC2",2,0.8,"orig.ident",0.00191021967526266
"10","GSE326225_BC2",0,0.8,"orig.ident",0
"11","GSE326225_BC2",0,0.8,"orig.ident",0
"12","GSE326225_BC2",0,0.8,"orig.ident",0
"13","GSE326225_BC2",0,0.8,"orig.ident",0
"14","GSE326225_BC2",0,0.8,"orig.ident",0
"15","GSE326225_BC2",0,0.8,"orig.ident",0
"16","GSE326225_BC2",1,0.8,"orig.ident",0.00238095238095238
"17","GSE326225_BC2",0,0.8,"orig.ident",0
"0","GSE326225_BC3",0,0.8,"orig.ident",0
"1","GSE326225_BC3",36,0.8,"orig.ident",0.00755350398657155
"2","GSE326225_BC3",42,0.8,"orig.ident",0.00948295326258749
"3","GSE326225_BC3",0,0.8,"orig.ident",0
"4","GSE326225_BC3",15,0.8,"orig.ident",0.00474683544303797
"5","GSE326225_BC3",1,0.8,"orig.ident",0.000401284109149278
"6","GSE326225_BC3",0,0.8,"orig.ident",0
"7","GSE326225_BC3",3,0.8,"orig.ident",0.0013934045517882
"8","GSE326225_BC3",4,0.8,"orig.ident",0.00281293952180028
"9","GSE326225_BC3",11,0.8,"orig.ident",0.0105062082139446
"10","GSE326225_BC3",2,0.8,"orig.ident",0.00193236714975845
"11","GSE326225_BC3",3,0.8,"orig.ident",0.0030241935483871
"12","GSE326225_BC3",7,0.8,"orig.ident",0.008274231678487
"13","GSE326225_BC3",2,0.8,"orig.ident",0.00264200792602378
"14","GSE326225_BC3",3,0.8,"orig.ident",0.00557620817843866
"15","GSE326225_BC3",1,0.8,"orig.ident",0.00222222222222222
"16","GSE326225_BC3",6,0.8,"orig.ident",0.0142857142857143
"17","GSE326225_BC3",0,0.8,"orig.ident",0
"0","GSE326225_BC4",5,0.8,"orig.ident",0.000985027580772262
"1","GSE326225_BC4",42,0.8,"orig.ident",0.00881242131766681
"2","GSE326225_BC4",69,0.8,"orig.ident",0.0155791375028223
"3","GSE326225_BC4",3,0.8,"orig.ident",0.000817884405670665
"4","GSE326225_BC4",7,0.8,"orig.ident",0.00221518987341772
"5","GSE326225_BC4",4,0.8,"orig.ident",0.00160513643659711
"6","GSE326225_BC4",15,0.8,"orig.ident",0.00604838709677419
"7","GSE326225_BC4",7,0.8,"orig.ident",0.00325127728750581
"8","GSE326225_BC4",1,0.8,"orig.ident",0.00070323488045007
"9","GSE326225_BC4",33,0.8,"orig.ident",0.0315186246418338
"10","GSE326225_BC4",2,0.8,"orig.ident",0.00193236714975845
"11","GSE326225_BC4",3,0.8,"orig.ident",0.0030241935483871
"12","GSE326225_BC4",8,0.8,"orig.ident",0.00945626477541371
"13","GSE326225_BC4",1,0.8,"orig.ident",0.00132100396301189
"14","GSE326225_BC4",20,0.8,"orig.ident",0.0371747211895911
"15","GSE326225_BC4",5,0.8,"orig.ident",0.0111111111111111
"16","GSE326225_BC4",10,0.8,"orig.ident",0.0238095238095238
"17","GSE326225_BC4",3,0.8,"orig.ident",0.0146341463414634
"0","GSE326225_BC5",0,0.8,"orig.ident",0
"1","GSE326225_BC5",9,0.8,"orig.ident",0.00188837599664289
"2","GSE326225_BC5",12,0.8,"orig.ident",0.00270941521788214
"3","GSE326225_BC5",0,0.8,"orig.ident",0
"4","GSE326225_BC5",0,0.8,"orig.ident",0
"5","GSE326225_BC5",0,0.8,"orig.ident",0
"6","GSE326225_BC5",2,0.8,"orig.ident",0.000806451612903226
"7","GSE326225_BC5",0,0.8,"orig.ident",0
"8","GSE326225_BC5",0,0.8,"orig.ident",0
"9","GSE326225_BC5",9,0.8,"orig.ident",0.00859598853868195
"10","GSE326225_BC5",0,0.8,"orig.ident",0
"11","GSE326225_BC5",0,0.8,"orig.ident",0
"12","GSE326225_BC5",16,0.8,"orig.ident",0.0189125295508274
"13","GSE326225_BC5",0,0.8,"orig.ident",0
"14","GSE326225_BC5",3,0.8,"orig.ident",0.00557620817843866
"15","GSE326225_BC5",0,0.8,"orig.ident",0
"16","GSE326225_BC5",1,0.8,"orig.ident",0.00238095238095238
"17","GSE326225_BC5",0,0.8,"orig.ident",0
"0","GSE326225_BC6",15,0.8,"orig.ident",0.00295508274231678
"1","GSE326225_BC6",60,0.8,"orig.ident",0.0125891733109526
"2","GSE326225_BC6",137,0.8,"orig.ident",0.0309324904041544
"3","GSE326225_BC6",18,0.8,"orig.ident",0.00490730643402399
"4","GSE326225_BC6",42,0.8,"orig.ident",0.0132911392405063
"5","GSE326225_BC6",3,0.8,"orig.ident",0.00120385232744783
"6","GSE326225_BC6",5,0.8,"orig.ident",0.00201612903225806
"7","GSE326225_BC6",26,0.8,"orig.ident",0.0120761727821644
"8","GSE326225_BC6",5,0.8,"orig.ident",0.00351617440225035
"9","GSE326225_BC6",108,0.8,"orig.ident",0.103151862464183
"10","GSE326225_BC6",8,0.8,"orig.ident",0.00772946859903382
"11","GSE326225_BC6",13,0.8,"orig.ident",0.0131048387096774
"12","GSE326225_BC6",8,0.8,"orig.ident",0.00945626477541371
"13","GSE326225_BC6",10,0.8,"orig.ident",0.0132100396301189
"14","GSE326225_BC6",32,0.8,"orig.ident",0.0594795539033457
"15","GSE326225_BC6",6,0.8,"orig.ident",0.0133333333333333
"16","GSE326225_BC6",11,0.8,"orig.ident",0.0261904761904762
"17","GSE326225_BC6",0,0.8,"orig.ident",0
"0","GSE326225_BC7",7,0.8,"orig.ident",0.00137903861308117
"1","GSE326225_BC7",11,0.8,"orig.ident",0.00230801510700797
"2","GSE326225_BC7",8,0.8,"orig.ident",0.00180627681192143
"3","GSE326225_BC7",0,0.8,"orig.ident",0
"4","GSE326225_BC7",6,0.8,"orig.ident",0.00189873417721519
"5","GSE326225_BC7",2,0.8,"orig.ident",0.000802568218298555
"6","GSE326225_BC7",2,0.8,"orig.ident",0.000806451612903226
"7","GSE326225_BC7",1,0.8,"orig.ident",0.000464468183929401
"8","GSE326225_BC7",0,0.8,"orig.ident",0
"9","GSE326225_BC7",10,0.8,"orig.ident",0.00955109837631328
"10","GSE326225_BC7",1,0.8,"orig.ident",0.000966183574879227
"11","GSE326225_BC7",0,0.8,"orig.ident",0
"12","GSE326225_BC7",0,0.8,"orig.ident",0
"13","GSE326225_BC7",0,0.8,"orig.ident",0
"14","GSE326225_BC7",3,0.8,"orig.ident",0.00557620817843866
"15","GSE326225_BC7",5,0.8,"orig.ident",0.0111111111111111
"16","GSE326225_BC7",3,0.8,"orig.ident",0.00714285714285714
"17","GSE326225_BC7",0,0.8,"orig.ident",0
"0","GSE326225_BC8",1,0.8,"orig.ident",0.000197005516154452
"1","GSE326225_BC8",4,0.8,"orig.ident",0.000839278220730172
"2","GSE326225_BC8",7,0.8,"orig.ident",0.00158049221043125
"3","GSE326225_BC8",0,0.8,"orig.ident",0
"4","GSE326225_BC8",7,0.8,"orig.ident",0.00221518987341772
"5","GSE326225_BC8",0,0.8,"orig.ident",0
"6","GSE326225_BC8",0,0.8,"orig.ident",0
"7","GSE326225_BC8",0,0.8,"orig.ident",0
"8","GSE326225_BC8",0,0.8,"orig.ident",0
"9","GSE326225_BC8",8,0.8,"orig.ident",0.00764087870105062
"10","GSE326225_BC8",0,0.8,"orig.ident",0
"11","GSE326225_BC8",7,0.8,"orig.ident",0.00705645161290323
"12","GSE326225_BC8",0,0.8,"orig.ident",0
"13","GSE326225_BC8",0,0.8,"orig.ident",0
"14","GSE326225_BC8",2,0.8,"orig.ident",0.00371747211895911
"15","GSE326225_BC8",3,0.8,"orig.ident",0.00666666666666667
"16","GSE326225_BC8",3,0.8,"orig.ident",0.00714285714285714
"17","GSE326225_BC8",0,0.8,"orig.ident",0
"0","HRA003620_BC-01",4,0.8,"orig.ident",0.000788022064617809
"1","HRA003620_BC-01",27,0.8,"orig.ident",0.00566512798992866
"2","HRA003620_BC-01",26,0.8,"orig.ident",0.00587039963874464
"3","HRA003620_BC-01",9,0.8,"orig.ident",0.002453653217012
"4","HRA003620_BC-01",30,0.8,"orig.ident",0.00949367088607595
"5","HRA003620_BC-01",42,0.8,"orig.ident",0.0168539325842697
"6","HRA003620_BC-01",1,0.8,"orig.ident",0.000403225806451613
"7","HRA003620_BC-01",0,0.8,"orig.ident",0
"8","HRA003620_BC-01",18,0.8,"orig.ident",0.0126582278481013
"9","HRA003620_BC-01",6,0.8,"orig.ident",0.00573065902578797
"10","HRA003620_BC-01",13,0.8,"orig.ident",0.01256038647343
"11","HRA003620_BC-01",13,0.8,"orig.ident",0.0131048387096774
"12","HRA003620_BC-01",4,0.8,"orig.ident",0.00472813238770686
"13","HRA003620_BC-01",7,0.8,"orig.ident",0.00924702774108322
"14","HRA003620_BC-01",7,0.8,"orig.ident",0.0130111524163569
"15","HRA003620_BC-01",9,0.8,"orig.ident",0.02
"16","HRA003620_BC-01",1,0.8,"orig.ident",0.00238095238095238
"17","HRA003620_BC-01",1,0.8,"orig.ident",0.0048780487804878
"0","HRA003620_BC-04",114,0.8,"orig.ident",0.0224586288416076
"1","HRA003620_BC-04",206,0.8,"orig.ident",0.0432228283676039
"2","HRA003620_BC-04",151,0.8,"orig.ident",0.0340934748250169
"3","HRA003620_BC-04",75,0.8,"orig.ident",0.0204471101417666
"4","HRA003620_BC-04",31,0.8,"orig.ident",0.00981012658227848
"5","HRA003620_BC-04",70,0.8,"orig.ident",0.0280898876404494
"6","HRA003620_BC-04",0,0.8,"orig.ident",0
"7","HRA003620_BC-04",0,0.8,"orig.ident",0
"8","HRA003620_BC-04",45,0.8,"orig.ident",0.0316455696202532
"9","HRA003620_BC-04",10,0.8,"orig.ident",0.00955109837631328
"10","HRA003620_BC-04",17,0.8,"orig.ident",0.0164251207729469
"11","HRA003620_BC-04",6,0.8,"orig.ident",0.00604838709677419
"12","HRA003620_BC-04",84,0.8,"orig.ident",0.099290780141844
"13","HRA003620_BC-04",7,0.8,"orig.ident",0.00924702774108322
"14","HRA003620_BC-04",2,0.8,"orig.ident",0.00371747211895911
"15","HRA003620_BC-04",0,0.8,"orig.ident",0
"16","HRA003620_BC-04",0,0.8,"orig.ident",0
"17","HRA003620_BC-04",0,0.8,"orig.ident",0
"0","HRA003620_BC-05",42,0.8,"orig.ident",0.008274231678487
"1","HRA003620_BC-05",36,0.8,"orig.ident",0.00755350398657155
"2","HRA003620_BC-05",51,0.8,"orig.ident",0.0115150146759991
"3","HRA003620_BC-05",55,0.8,"orig.ident",0.0149945474372955
"4","HRA003620_BC-05",58,0.8,"orig.ident",0.0183544303797468
"5","HRA003620_BC-05",94,0.8,"orig.ident",0.0377207062600321
"6","HRA003620_BC-05",2,0.8,"orig.ident",0.000806451612903226
"7","HRA003620_BC-05",0,0.8,"orig.ident",0
"8","HRA003620_BC-05",26,0.8,"orig.ident",0.0182841068917018
"9","HRA003620_BC-05",23,0.8,"orig.ident",0.0219675262655205
"10","HRA003620_BC-05",11,0.8,"orig.ident",0.0106280193236715
"11","HRA003620_BC-05",31,0.8,"orig.ident",0.03125
"12","HRA003620_BC-05",5,0.8,"orig.ident",0.00591016548463357
"13","HRA003620_BC-05",15,0.8,"orig.ident",0.0198150594451783
"14","HRA003620_BC-05",10,0.8,"orig.ident",0.0185873605947955
"15","HRA003620_BC-05",15,0.8,"orig.ident",0.0333333333333333
"16","HRA003620_BC-05",6,0.8,"orig.ident",0.0142857142857143
"17","HRA003620_BC-05",8,0.8,"orig.ident",0.0390243902439024
"0","HRA003620_BC-11",21,0.8,"orig.ident",0.0041371158392435
"1","HRA003620_BC-11",67,0.8,"orig.ident",0.0140579101972304
"2","HRA003620_BC-11",70,0.8,"orig.ident",0.0158049221043125
"3","HRA003620_BC-11",37,0.8,"orig.ident",0.0100872410032715
"4","HRA003620_BC-11",37,0.8,"orig.ident",0.0117088607594937
"5","HRA003620_BC-11",142,0.8,"orig.ident",0.0569823434991974
"6","HRA003620_BC-11",7,0.8,"orig.ident",0.00282258064516129
"7","HRA003620_BC-11",0,0.8,"orig.ident",0
"8","HRA003620_BC-11",28,0.8,"orig.ident",0.019690576652602
"9","HRA003620_BC-11",32,0.8,"orig.ident",0.0305635148042025
"10","HRA003620_BC-11",25,0.8,"orig.ident",0.0241545893719807
"11","HRA003620_BC-11",25,0.8,"orig.ident",0.0252016129032258
"12","HRA003620_BC-11",10,0.8,"orig.ident",0.0118203309692671
"13","HRA003620_BC-11",19,0.8,"orig.ident",0.0250990752972259
"14","HRA003620_BC-11",10,0.8,"orig.ident",0.0185873605947955
"15","HRA003620_BC-11",4,0.8,"orig.ident",0.00888888888888889
"16","HRA003620_BC-11",5,0.8,"orig.ident",0.0119047619047619
"17","HRA003620_BC-11",6,0.8,"orig.ident",0.0292682926829268
"0","HRA003620_BC-24",28,0.8,"orig.ident",0.00551615445232467
"1","HRA003620_BC-24",122,0.8,"orig.ident",0.0255979857322702
"2","HRA003620_BC-24",62,0.8,"orig.ident",0.0139986452923911
"3","HRA003620_BC-24",42,0.8,"orig.ident",0.0114503816793893
"4","HRA003620_BC-24",13,0.8,"orig.ident",0.00411392405063291
"5","HRA003620_BC-24",69,0.8,"orig.ident",0.0276886035313002
"6","HRA003620_BC-24",1,0.8,"orig.ident",0.000403225806451613
"7","HRA003620_BC-24",0,0.8,"orig.ident",0
"8","HRA003620_BC-24",33,0.8,"orig.ident",0.0232067510548523
"9","HRA003620_BC-24",17,0.8,"orig.ident",0.0162368672397326
"10","HRA003620_BC-24",5,0.8,"orig.ident",0.00483091787439614
"11","HRA003620_BC-24",1,0.8,"orig.ident",0.00100806451612903
"12","HRA003620_BC-24",10,0.8,"orig.ident",0.0118203309692671
"13","HRA003620_BC-24",3,0.8,"orig.ident",0.00396301188903567
"14","HRA003620_BC-24",4,0.8,"orig.ident",0.00743494423791822
"15","HRA003620_BC-24",0,0.8,"orig.ident",0
"16","HRA003620_BC-24",4,0.8,"orig.ident",0.00952380952380952
"17","HRA003620_BC-24",1,0.8,"orig.ident",0.0048780487804878
"0","HRA003620_BC-27",20,0.8,"orig.ident",0.00394011032308905
"1","HRA003620_BC-27",69,0.8,"orig.ident",0.0144775493075955
"2","HRA003620_BC-27",37,0.8,"orig.ident",0.0083540302551366
"3","HRA003620_BC-27",16,0.8,"orig.ident",0.00436205016357688
"4","HRA003620_BC-27",46,0.8,"orig.ident",0.0145569620253165
"5","HRA003620_BC-27",45,0.8,"orig.ident",0.0180577849117175
"6","HRA003620_BC-27",1,0.8,"orig.ident",0.000403225806451613
"7","HRA003620_BC-27",0,0.8,"orig.ident",0
"8","HRA003620_BC-27",17,0.8,"orig.ident",0.0119549929676512
"9","HRA003620_BC-27",10,0.8,"orig.ident",0.00955109837631328
"10","HRA003620_BC-27",11,0.8,"orig.ident",0.0106280193236715
"11","HRA003620_BC-27",5,0.8,"orig.ident",0.00504032258064516
"12","HRA003620_BC-27",6,0.8,"orig.ident",0.00709219858156028
"13","HRA003620_BC-27",4,0.8,"orig.ident",0.00528401585204756
"14","HRA003620_BC-27",3,0.8,"orig.ident",0.00557620817843866
"15","HRA003620_BC-27",2,0.8,"orig.ident",0.00444444444444444
"16","HRA003620_BC-27",1,0.8,"orig.ident",0.00238095238095238
"17","HRA003620_BC-27",1,0.8,"orig.ident",0.0048780487804878
"0","HRA003620_BC-30",116,0.8,"orig.ident",0.0228526398739165
"1","HRA003620_BC-30",347,0.8,"orig.ident",0.0728073856483424
"2","HRA003620_BC-30",362,0.8,"orig.ident",0.0817340257394446
"3","HRA003620_BC-30",105,0.8,"orig.ident",0.0286259541984733
"4","HRA003620_BC-30",167,0.8,"orig.ident",0.0528481012658228
"5","HRA003620_BC-30",119,0.8,"orig.ident",0.047752808988764
"6","HRA003620_BC-30",9,0.8,"orig.ident",0.00362903225806452
"7","HRA003620_BC-30",0,0.8,"orig.ident",0
"8","HRA003620_BC-30",73,0.8,"orig.ident",0.0513361462728551
"9","HRA003620_BC-30",103,0.8,"orig.ident",0.0983763132760267
"10","HRA003620_BC-30",87,0.8,"orig.ident",0.0840579710144927
"11","HRA003620_BC-30",26,0.8,"orig.ident",0.0262096774193548
"12","HRA003620_BC-30",57,0.8,"orig.ident",0.0673758865248227
"13","HRA003620_BC-30",23,0.8,"orig.ident",0.0303830911492734
"14","HRA003620_BC-30",59,0.8,"orig.ident",0.109665427509294
"15","HRA003620_BC-30",1,0.8,"orig.ident",0.00222222222222222
"16","HRA003620_BC-30",32,0.8,"orig.ident",0.0761904761904762
"17","HRA003620_BC-30",20,0.8,"orig.ident",0.0975609756097561
"0","HRA003620_NC-01",356,0.8,"orig.ident",0.070133963750985
"1","HRA003620_NC-01",16,0.8,"orig.ident",0.00335711288292069
"2","HRA003620_NC-01",8,0.8,"orig.ident",0.00180627681192143
"3","HRA003620_NC-01",156,0.8,"orig.ident",0.0425299890948746
"4","HRA003620_NC-01",101,0.8,"orig.ident",0.0319620253164557
"5","HRA003620_NC-01",71,0.8,"orig.ident",0.0284911717495987
"6","HRA003620_NC-01",1,0.8,"orig.ident",0.000403225806451613
"7","HRA003620_NC-01",0,0.8,"orig.ident",0
"8","HRA003620_NC-01",20,0.8,"orig.ident",0.0140646976090014
"9","HRA003620_NC-01",24,0.8,"orig.ident",0.0229226361031519
"10","HRA003620_NC-01",74,0.8,"orig.ident",0.0714975845410628
"11","HRA003620_NC-01",55,0.8,"orig.ident",0.0554435483870968
"12","HRA003620_NC-01",0,0.8,"orig.ident",0
"13","HRA003620_NC-01",15,0.8,"orig.ident",0.0198150594451783
"14","HRA003620_NC-01",10,0.8,"orig.ident",0.0185873605947955
"15","HRA003620_NC-01",11,0.8,"orig.ident",0.0244444444444444
"16","HRA003620_NC-01",4,0.8,"orig.ident",0.00952380952380952
"17","HRA003620_NC-01",1,0.8,"orig.ident",0.0048780487804878
"0","HRA003620_NC-04",1118,0.8,"orig.ident",0.220252167060678
"1","HRA003620_NC-04",13,0.8,"orig.ident",0.00272765421737306
"2","HRA003620_NC-04",8,0.8,"orig.ident",0.00180627681192143
"3","HRA003620_NC-04",586,0.8,"orig.ident",0.159760087241003
"4","HRA003620_NC-04",51,0.8,"orig.ident",0.0161392405063291
"5","HRA003620_NC-04",181,0.8,"orig.ident",0.0726324237560193
"6","HRA003620_NC-04",13,0.8,"orig.ident",0.00524193548387097
"7","HRA003620_NC-04",0,0.8,"orig.ident",0
"8","HRA003620_NC-04",55,0.8,"orig.ident",0.0386779184247539
"9","HRA003620_NC-04",41,0.8,"orig.ident",0.0391595033428844
"10","HRA003620_NC-04",142,0.8,"orig.ident",0.13719806763285
"11","HRA003620_NC-04",7,0.8,"orig.ident",0.00705645161290323
"12","HRA003620_NC-04",0,0.8,"orig.ident",0
"13","HRA003620_NC-04",10,0.8,"orig.ident",0.0132100396301189
"14","HRA003620_NC-04",1,0.8,"orig.ident",0.00185873605947955
"15","HRA003620_NC-04",2,0.8,"orig.ident",0.00444444444444444
"16","HRA003620_NC-04",6,0.8,"orig.ident",0.0142857142857143
"17","HRA003620_NC-04",2,0.8,"orig.ident",0.00975609756097561
"0","HRA003620_NC-05",307,0.8,"orig.ident",0.0604806934594169
"1","HRA003620_NC-05",151,0.8,"orig.ident",0.031682752832564
"2","HRA003620_NC-05",146,0.8,"orig.ident",0.032964551817566
"3","HRA003620_NC-05",362,0.8,"orig.ident",0.0986913849509269
"4","HRA003620_NC-05",252,0.8,"orig.ident",0.079746835443038
"5","HRA003620_NC-05",252,0.8,"orig.ident",0.101123595505618
"6","HRA003620_NC-05",2,0.8,"orig.ident",0.000806451612903226
"7","HRA003620_NC-05",0,0.8,"orig.ident",0
"8","HRA003620_NC-05",127,0.8,"orig.ident",0.0893108298171589
"9","HRA003620_NC-05",34,0.8,"orig.ident",0.0324737344794651
"10","HRA003620_NC-05",121,0.8,"orig.ident",0.116908212560386
"11","HRA003620_NC-05",36,0.8,"orig.ident",0.0362903225806452
"12","HRA003620_NC-05",64,0.8,"orig.ident",0.0756501182033097
"13","HRA003620_NC-05",49,0.8,"orig.ident",0.0647291941875826
"14","HRA003620_NC-05",14,0.8,"orig.ident",0.0260223048327138
"15","HRA003620_NC-05",39,0.8,"orig.ident",0.0866666666666667
"16","HRA003620_NC-05",7,0.8,"orig.ident",0.0166666666666667
"17","HRA003620_NC-05",26,0.8,"orig.ident",0.126829268292683
"0","HRA003620_NC-11",204,0.8,"orig.ident",0.0401891252955083
"1","HRA003620_NC-11",30,0.8,"orig.ident",0.00629458665547629
"2","HRA003620_NC-11",16,0.8,"orig.ident",0.00361255362384285
"3","HRA003620_NC-11",201,0.8,"orig.ident",0.0547982551799346
"4","HRA003620_NC-11",84,0.8,"orig.ident",0.0265822784810127
"5","HRA003620_NC-11",165,0.8,"orig.ident",0.0662118780096308
"6","HRA003620_NC-11",14,0.8,"orig.ident",0.00564516129032258
"7","HRA003620_NC-11",0,0.8,"orig.ident",0
"8","HRA003620_NC-11",28,0.8,"orig.ident",0.019690576652602
"9","HRA003620_NC-11",37,0.8,"orig.ident",0.0353390639923591
"10","HRA003620_NC-11",29,0.8,"orig.ident",0.0280193236714976
"11","HRA003620_NC-11",38,0.8,"orig.ident",0.0383064516129032
"12","HRA003620_NC-11",1,0.8,"orig.ident",0.00118203309692671
"13","HRA003620_NC-11",70,0.8,"orig.ident",0.0924702774108322
"14","HRA003620_NC-11",3,0.8,"orig.ident",0.00557620817843866
"15","HRA003620_NC-11",12,0.8,"orig.ident",0.0266666666666667
"16","HRA003620_NC-11",0,0.8,"orig.ident",0
"17","HRA003620_NC-11",32,0.8,"orig.ident",0.15609756097561
"0","HRA003620_NC-24",21,0.8,"orig.ident",0.0041371158392435
"1","HRA003620_NC-24",134,0.8,"orig.ident",0.0281158203944608
"2","HRA003620_NC-24",28,0.8,"orig.ident",0.00632196884172499
"3","HRA003620_NC-24",45,0.8,"orig.ident",0.01226826608506
"4","HRA003620_NC-24",58,0.8,"orig.ident",0.0183544303797468
"5","HRA003620_NC-24",35,0.8,"orig.ident",0.0140449438202247
"6","HRA003620_NC-24",0,0.8,"orig.ident",0
"7","HRA003620_NC-24",0,0.8,"orig.ident",0
"8","HRA003620_NC-24",84,0.8,"orig.ident",0.0590717299578059
"9","HRA003620_NC-24",3,0.8,"orig.ident",0.00286532951289398
"10","HRA003620_NC-24",9,0.8,"orig.ident",0.00869565217391304
"11","HRA003620_NC-24",2,0.8,"orig.ident",0.00201612903225806
"12","HRA003620_NC-24",0,0.8,"orig.ident",0
"13","HRA003620_NC-24",6,0.8,"orig.ident",0.00792602377807133
"14","HRA003620_NC-24",2,0.8,"orig.ident",0.00371747211895911
"15","HRA003620_NC-24",0,0.8,"orig.ident",0
"16","HRA003620_NC-24",4,0.8,"orig.ident",0.00952380952380952
"17","HRA003620_NC-24",1,0.8,"orig.ident",0.0048780487804878
"0","HRA003620_NC-27",44,0.8,"orig.ident",0.0086682427107959
"1","HRA003620_NC-27",91,0.8,"orig.ident",0.0190935795216114
"2","HRA003620_NC-27",49,0.8,"orig.ident",0.0110634454730187
"3","HRA003620_NC-27",71,0.8,"orig.ident",0.0193565976008724
"4","HRA003620_NC-27",32,0.8,"orig.ident",0.010126582278481
"5","HRA003620_NC-27",53,0.8,"orig.ident",0.0212680577849117
"6","HRA003620_NC-27",0,0.8,"orig.ident",0
"7","HRA003620_NC-27",0,0.8,"orig.ident",0
"8","HRA003620_NC-27",28,0.8,"orig.ident",0.019690576652602
"9","HRA003620_NC-27",5,0.8,"orig.ident",0.00477554918815664
"10","HRA003620_NC-27",7,0.8,"orig.ident",0.00676328502415459
"11","HRA003620_NC-27",1,0.8,"orig.ident",0.00100806451612903
"12","HRA003620_NC-27",2,0.8,"orig.ident",0.00236406619385343
"13","HRA003620_NC-27",5,0.8,"orig.ident",0.00660501981505945
"14","HRA003620_NC-27",0,0.8,"orig.ident",0
"15","HRA003620_NC-27",5,0.8,"orig.ident",0.0111111111111111
"16","HRA003620_NC-27",1,0.8,"orig.ident",0.00238095238095238
"17","HRA003620_NC-27",1,0.8,"orig.ident",0.0048780487804878
"0","HRA003620_NC-30",504,0.8,"orig.ident",0.099290780141844
"1","HRA003620_NC-30",198,0.8,"orig.ident",0.0415442719261435
"2","HRA003620_NC-30",44,0.8,"orig.ident",0.00993452246556785
"3","HRA003620_NC-30",658,0.8,"orig.ident",0.179389312977099
"4","HRA003620_NC-30",264,0.8,"orig.ident",0.0835443037974684
"5","HRA003620_NC-30",536,0.8,"orig.ident",0.215088282504013
"6","HRA003620_NC-30",4,0.8,"orig.ident",0.00161290322580645
"7","HRA003620_NC-30",0,0.8,"orig.ident",0
"8","HRA003620_NC-30",133,0.8,"orig.ident",0.0935302390998594
"9","HRA003620_NC-30",51,0.8,"orig.ident",0.0487106017191977
"10","HRA003620_NC-30",145,0.8,"orig.ident",0.140096618357488
"11","HRA003620_NC-30",30,0.8,"orig.ident",0.030241935483871
"12","HRA003620_NC-30",2,0.8,"orig.ident",0.00236406619385343
"13","HRA003620_NC-30",76,0.8,"orig.ident",0.100396301188904
"14","HRA003620_NC-30",9,0.8,"orig.ident",0.016728624535316
"15","HRA003620_NC-30",52,0.8,"orig.ident",0.115555555555556
"16","HRA003620_NC-30",7,0.8,"orig.ident",0.0166666666666667
"17","HRA003620_NC-30",15,0.8,"orig.ident",0.0731707317073171
"0","PRJNA662018_PRJNA662018_P1N1",145,0.8,"orig.ident",0.0285657998423956
"1","PRJNA662018_PRJNA662018_P1N1",80,0.8,"orig.ident",0.0167855644146034
"2","PRJNA662018_PRJNA662018_P1N1",20,0.8,"orig.ident",0.00451569202980357
"3","PRJNA662018_PRJNA662018_P1N1",103,0.8,"orig.ident",0.0280806979280262
"4","PRJNA662018_PRJNA662018_P1N1",68,0.8,"orig.ident",0.0215189873417722
"5","PRJNA662018_PRJNA662018_P1N1",77,0.8,"orig.ident",0.0308988764044944
"6","PRJNA662018_PRJNA662018_P1N1",54,0.8,"orig.ident",0.0217741935483871
"7","PRJNA662018_PRJNA662018_P1N1",0,0.8,"orig.ident",0
"8","PRJNA662018_PRJNA662018_P1N1",30,0.8,"orig.ident",0.0210970464135021
"9","PRJNA662018_PRJNA662018_P1N1",8,0.8,"orig.ident",0.00764087870105062
"10","PRJNA662018_PRJNA662018_P1N1",20,0.8,"orig.ident",0.0193236714975845
"11","PRJNA662018_PRJNA662018_P1N1",8,0.8,"orig.ident",0.00806451612903226
"12","PRJNA662018_PRJNA662018_P1N1",6,0.8,"orig.ident",0.00709219858156028
"13","PRJNA662018_PRJNA662018_P1N1",21,0.8,"orig.ident",0.0277410832232497
"14","PRJNA662018_PRJNA662018_P1N1",1,0.8,"orig.ident",0.00185873605947955
"15","PRJNA662018_PRJNA662018_P1N1",8,0.8,"orig.ident",0.0177777777777778
"16","PRJNA662018_PRJNA662018_P1N1",4,0.8,"orig.ident",0.00952380952380952
"17","PRJNA662018_PRJNA662018_P1N1",33,0.8,"orig.ident",0.160975609756098
"0","PRJNA662018_PRJNA662018_P1T1",72,0.8,"orig.ident",0.0141843971631206
"1","PRJNA662018_PRJNA662018_P1T1",299,0.8,"orig.ident",0.0627360469995804
"2","PRJNA662018_PRJNA662018_P1T1",167,0.8,"orig.ident",0.0377060284488598
"3","PRJNA662018_PRJNA662018_P1T1",56,0.8,"orig.ident",0.0152671755725191
"4","PRJNA662018_PRJNA662018_P1T1",77,0.8,"orig.ident",0.0243670886075949
"5","PRJNA662018_PRJNA662018_P1T1",64,0.8,"orig.ident",0.0256821829855538
"6","PRJNA662018_PRJNA662018_P1T1",9,0.8,"orig.ident",0.00362903225806452
"7","PRJNA662018_PRJNA662018_P1T1",0,0.8,"orig.ident",0
"8","PRJNA662018_PRJNA662018_P1T1",52,0.8,"orig.ident",0.0365682137834037
"9","PRJNA662018_PRJNA662018_P1T1",9,0.8,"orig.ident",0.00859598853868195
"10","PRJNA662018_PRJNA662018_P1T1",9,0.8,"orig.ident",0.00869565217391304
"11","PRJNA662018_PRJNA662018_P1T1",14,0.8,"orig.ident",0.0141129032258065
"12","PRJNA662018_PRJNA662018_P1T1",62,0.8,"orig.ident",0.0732860520094563
"13","PRJNA662018_PRJNA662018_P1T1",68,0.8,"orig.ident",0.0898282694848085
"14","PRJNA662018_PRJNA662018_P1T1",15,0.8,"orig.ident",0.0278810408921933
"15","PRJNA662018_PRJNA662018_P1T1",11,0.8,"orig.ident",0.0244444444444444
"16","PRJNA662018_PRJNA662018_P1T1",13,0.8,"orig.ident",0.030952380952381
"17","PRJNA662018_PRJNA662018_P1T1",0,0.8,"orig.ident",0
"0","PRJNA662018_PRJNA662018_P2T2",23,0.8,"orig.ident",0.0045311268715524
"1","PRJNA662018_PRJNA662018_P2T2",33,0.8,"orig.ident",0.00692404532102392
"2","PRJNA662018_PRJNA662018_P2T2",38,0.8,"orig.ident",0.00857981485662678
"3","PRJNA662018_PRJNA662018_P2T2",22,0.8,"orig.ident",0.00599781897491821
"4","PRJNA662018_PRJNA662018_P2T2",69,0.8,"orig.ident",0.0218354430379747
"5","PRJNA662018_PRJNA662018_P2T2",32,0.8,"orig.ident",0.0128410914927769
"6","PRJNA662018_PRJNA662018_P2T2",19,0.8,"orig.ident",0.00766129032258064
"7","PRJNA662018_PRJNA662018_P2T2",0,0.8,"orig.ident",0
"8","PRJNA662018_PRJNA662018_P2T2",8,0.8,"orig.ident",0.00562587904360056
"9","PRJNA662018_PRJNA662018_P2T2",2,0.8,"orig.ident",0.00191021967526266
"10","PRJNA662018_PRJNA662018_P2T2",6,0.8,"orig.ident",0.00579710144927536
"11","PRJNA662018_PRJNA662018_P2T2",2,0.8,"orig.ident",0.00201612903225806
"12","PRJNA662018_PRJNA662018_P2T2",10,0.8,"orig.ident",0.0118203309692671
"13","PRJNA662018_PRJNA662018_P2T2",17,0.8,"orig.ident",0.0224570673712021
"14","PRJNA662018_PRJNA662018_P2T2",6,0.8,"orig.ident",0.0111524163568773
"15","PRJNA662018_PRJNA662018_P2T2",5,0.8,"orig.ident",0.0111111111111111
"16","PRJNA662018_PRJNA662018_P2T2",6,0.8,"orig.ident",0.0142857142857143
"17","PRJNA662018_PRJNA662018_P2T2",3,0.8,"orig.ident",0.0146341463414634
"0","PRJNA662018_PRJNA662018_P3N3",21,0.8,"orig.ident",0.0041371158392435
"1","PRJNA662018_PRJNA662018_P3N3",59,0.8,"orig.ident",0.01237935375577
"2","PRJNA662018_PRJNA662018_P3N3",14,0.8,"orig.ident",0.0031609844208625
"3","PRJNA662018_PRJNA662018_P3N3",8,0.8,"orig.ident",0.00218102508178844
"4","PRJNA662018_PRJNA662018_P3N3",37,0.8,"orig.ident",0.0117088607594937
"5","PRJNA662018_PRJNA662018_P3N3",12,0.8,"orig.ident",0.00481540930979133
"6","PRJNA662018_PRJNA662018_P3N3",17,0.8,"orig.ident",0.00685483870967742
"7","PRJNA662018_PRJNA662018_P3N3",0,0.8,"orig.ident",0
"8","PRJNA662018_PRJNA662018_P3N3",17,0.8,"orig.ident",0.0119549929676512
"9","PRJNA662018_PRJNA662018_P3N3",1,0.8,"orig.ident",0.000955109837631328
"10","PRJNA662018_PRJNA662018_P3N3",2,0.8,"orig.ident",0.00193236714975845
"11","PRJNA662018_PRJNA662018_P3N3",0,0.8,"orig.ident",0
"12","PRJNA662018_PRJNA662018_P3N3",5,0.8,"orig.ident",0.00591016548463357
"13","PRJNA662018_PRJNA662018_P3N3",5,0.8,"orig.ident",0.00660501981505945
"14","PRJNA662018_PRJNA662018_P3N3",0,0.8,"orig.ident",0
"15","PRJNA662018_PRJNA662018_P3N3",1,0.8,"orig.ident",0.00222222222222222
"16","PRJNA662018_PRJNA662018_P3N3",2,0.8,"orig.ident",0.00476190476190476
"17","PRJNA662018_PRJNA662018_P3N3",0,0.8,"orig.ident",0
"0","PRJNA662018_PRJNA662018_P3T3",3,0.8,"orig.ident",0.000591016548463357
"1","PRJNA662018_PRJNA662018_P3T3",22,0.8,"orig.ident",0.00461603021401595
"2","PRJNA662018_PRJNA662018_P3T3",28,0.8,"orig.ident",0.00632196884172499
"3","PRJNA662018_PRJNA662018_P3T3",3,0.8,"orig.ident",0.000817884405670665
"4","PRJNA662018_PRJNA662018_P3T3",19,0.8,"orig.ident",0.0060126582278481
"5","PRJNA662018_PRJNA662018_P3T3",20,0.8,"orig.ident",0.00802568218298555
"6","PRJNA662018_PRJNA662018_P3T3",9,0.8,"orig.ident",0.00362903225806452
"7","PRJNA662018_PRJNA662018_P3T3",0,0.8,"orig.ident",0
"8","PRJNA662018_PRJNA662018_P3T3",6,0.8,"orig.ident",0.00421940928270042
"9","PRJNA662018_PRJNA662018_P3T3",6,0.8,"orig.ident",0.00573065902578797
"10","PRJNA662018_PRJNA662018_P3T3",2,0.8,"orig.ident",0.00193236714975845
"11","PRJNA662018_PRJNA662018_P3T3",7,0.8,"orig.ident",0.00705645161290323
"12","PRJNA662018_PRJNA662018_P3T3",6,0.8,"orig.ident",0.00709219858156028
"13","PRJNA662018_PRJNA662018_P3T3",7,0.8,"orig.ident",0.00924702774108322
"14","PRJNA662018_PRJNA662018_P3T3",2,0.8,"orig.ident",0.00371747211895911
"15","PRJNA662018_PRJNA662018_P3T3",4,0.8,"orig.ident",0.00888888888888889
"16","PRJNA662018_PRJNA662018_P3T3",6,0.8,"orig.ident",0.0142857142857143
"17","PRJNA662018_PRJNA662018_P3T3",1,0.8,"orig.ident",0.0048780487804878
"0","PRJNA662018_PRJNA662018_P4T4",93,0.8,"orig.ident",0.0183215130023641
"1","PRJNA662018_PRJNA662018_P4T4",151,0.8,"orig.ident",0.031682752832564
"2","PRJNA662018_PRJNA662018_P4T4",202,0.8,"orig.ident",0.045608489501016
"3","PRJNA662018_PRJNA662018_P4T4",29,0.8,"orig.ident",0.0079062159214831
"4","PRJNA662018_PRJNA662018_P4T4",39,0.8,"orig.ident",0.0123417721518987
"5","PRJNA662018_PRJNA662018_P4T4",11,0.8,"orig.ident",0.00441412520064205
"6","PRJNA662018_PRJNA662018_P4T4",32,0.8,"orig.ident",0.0129032258064516
"7","PRJNA662018_PRJNA662018_P4T4",0,0.8,"orig.ident",0
"8","PRJNA662018_PRJNA662018_P4T4",4,0.8,"orig.ident",0.00281293952180028
"9","PRJNA662018_PRJNA662018_P4T4",28,0.8,"orig.ident",0.0267430754536772
"10","PRJNA662018_PRJNA662018_P4T4",10,0.8,"orig.ident",0.00966183574879227
"11","PRJNA662018_PRJNA662018_P4T4",91,0.8,"orig.ident",0.0917338709677419
"12","PRJNA662018_PRJNA662018_P4T4",35,0.8,"orig.ident",0.041371158392435
"13","PRJNA662018_PRJNA662018_P4T4",34,0.8,"orig.ident",0.0449141347424042
"14","PRJNA662018_PRJNA662018_P4T4",21,0.8,"orig.ident",0.0390334572490706
"15","PRJNA662018_PRJNA662018_P4T4",4,0.8,"orig.ident",0.00888888888888889
"16","PRJNA662018_PRJNA662018_P4T4",24,0.8,"orig.ident",0.0571428571428571
"17","PRJNA662018_PRJNA662018_P4T4",9,0.8,"orig.ident",0.0439024390243902
"0","PRJNA662018_PRJNA662018_P5T5",8,0.8,"orig.ident",0.00157604412923562
"1","PRJNA662018_PRJNA662018_P5T5",36,0.8,"orig.ident",0.00755350398657155
"2","PRJNA662018_PRJNA662018_P5T5",36,0.8,"orig.ident",0.00812824565364642
"3","PRJNA662018_PRJNA662018_P5T5",0,0.8,"orig.ident",0
"4","PRJNA662018_PRJNA662018_P5T5",28,0.8,"orig.ident",0.00886075949367089
"5","PRJNA662018_PRJNA662018_P5T5",6,0.8,"orig.ident",0.00240770465489567
"6","PRJNA662018_PRJNA662018_P5T5",2,0.8,"orig.ident",0.000806451612903226
"7","PRJNA662018_PRJNA662018_P5T5",0,0.8,"orig.ident",0
"8","PRJNA662018_PRJNA662018_P5T5",3,0.8,"orig.ident",0.00210970464135021
"9","PRJNA662018_PRJNA662018_P5T5",5,0.8,"orig.ident",0.00477554918815664
"10","PRJNA662018_PRJNA662018_P5T5",1,0.8,"orig.ident",0.000966183574879227
"11","PRJNA662018_PRJNA662018_P5T5",6,0.8,"orig.ident",0.00604838709677419
"12","PRJNA662018_PRJNA662018_P5T5",26,0.8,"orig.ident",0.0307328605200946
"13","PRJNA662018_PRJNA662018_P5T5",1,0.8,"orig.ident",0.00132100396301189
"14","PRJNA662018_PRJNA662018_P5T5",2,0.8,"orig.ident",0.00371747211895911
"15","PRJNA662018_PRJNA662018_P5T5",0,0.8,"orig.ident",0
"16","PRJNA662018_PRJNA662018_P5T5",7,0.8,"orig.ident",0.0166666666666667
"17","PRJNA662018_PRJNA662018_P5T5",0,0.8,"orig.ident",0
"0","PRJNA662018_PRJNA662018_P6N2",53,0.8,"orig.ident",0.010441292356186
"1","PRJNA662018_PRJNA662018_P6N2",56,0.8,"orig.ident",0.0117498950902224
"2","PRJNA662018_PRJNA662018_P6N2",35,0.8,"orig.ident",0.00790246105215624
"3","PRJNA662018_PRJNA662018_P6N2",76,0.8,"orig.ident",0.0207197382769902
"4","PRJNA662018_PRJNA662018_P6N2",49,0.8,"orig.ident",0.015506329113924
"5","PRJNA662018_PRJNA662018_P6N2",42,0.8,"orig.ident",0.0168539325842697
"6","PRJNA662018_PRJNA662018_P6N2",19,0.8,"orig.ident",0.00766129032258064
"7","PRJNA662018_PRJNA662018_P6N2",0,0.8,"orig.ident",0
"8","PRJNA662018_PRJNA662018_P6N2",17,0.8,"orig.ident",0.0119549929676512
"9","PRJNA662018_PRJNA662018_P6N2",8,0.8,"orig.ident",0.00764087870105062
"10","PRJNA662018_PRJNA662018_P6N2",18,0.8,"orig.ident",0.0173913043478261
"11","PRJNA662018_PRJNA662018_P6N2",7,0.8,"orig.ident",0.00705645161290323
"12","PRJNA662018_PRJNA662018_P6N2",1,0.8,"orig.ident",0.00118203309692671
"13","PRJNA662018_PRJNA662018_P6N2",16,0.8,"orig.ident",0.0211360634081902
"14","PRJNA662018_PRJNA662018_P6N2",1,0.8,"orig.ident",0.00185873605947955
"15","PRJNA662018_PRJNA662018_P6N2",13,0.8,"orig.ident",0.0288888888888889
"16","PRJNA662018_PRJNA662018_P6N2",5,0.8,"orig.ident",0.0119047619047619
"17","PRJNA662018_PRJNA662018_P6N2",2,0.8,"orig.ident",0.00975609756097561
"0","PRJNA662018_PRJNA662018_P6T6",0,0.8,"orig.ident",0
"1","PRJNA662018_PRJNA662018_P6T6",15,0.8,"orig.ident",0.00314729332773815
"2","PRJNA662018_PRJNA662018_P6T6",9,0.8,"orig.ident",0.00203206141341161
"3","PRJNA662018_PRJNA662018_P6T6",1,0.8,"orig.ident",0.000272628135223555
"4","PRJNA662018_PRJNA662018_P6T6",4,0.8,"orig.ident",0.00126582278481013
"5","PRJNA662018_PRJNA662018_P6T6",0,0.8,"orig.ident",0
"6","PRJNA662018_PRJNA662018_P6T6",0,0.8,"orig.ident",0
"7","PRJNA662018_PRJNA662018_P6T6",0,0.8,"orig.ident",0
"8","PRJNA662018_PRJNA662018_P6T6",11,0.8,"orig.ident",0.00773558368495077
"9","PRJNA662018_PRJNA662018_P6T6",0,0.8,"orig.ident",0
"10","PRJNA662018_PRJNA662018_P6T6",1,0.8,"orig.ident",0.000966183574879227
"11","PRJNA662018_PRJNA662018_P6T6",0,0.8,"orig.ident",0
"12","PRJNA662018_PRJNA662018_P6T6",8,0.8,"orig.ident",0.00945626477541371
"13","PRJNA662018_PRJNA662018_P6T6",1,0.8,"orig.ident",0.00132100396301189
"14","PRJNA662018_PRJNA662018_P6T6",0,0.8,"orig.ident",0
"15","PRJNA662018_PRJNA662018_P6T6",0,0.8,"orig.ident",0
"16","PRJNA662018_PRJNA662018_P6T6",0,0.8,"orig.ident",0
"17","PRJNA662018_PRJNA662018_P6T6",0,0.8,"orig.ident",0
"0","PRJNA662018_PRJNA662018_P7T7",8,0.8,"orig.ident",0.00157604412923562
"1","PRJNA662018_PRJNA662018_P7T7",86,0.8,"orig.ident",0.0180444817456987
"2","PRJNA662018_PRJNA662018_P7T7",53,0.8,"orig.ident",0.0119665838789795
"3","PRJNA662018_PRJNA662018_P7T7",17,0.8,"orig.ident",0.00463467829880044
"4","PRJNA662018_PRJNA662018_P7T7",42,0.8,"orig.ident",0.0132911392405063
"5","PRJNA662018_PRJNA662018_P7T7",25,0.8,"orig.ident",0.0100321027287319
"6","PRJNA662018_PRJNA662018_P7T7",1,0.8,"orig.ident",0.000403225806451613
"7","PRJNA662018_PRJNA662018_P7T7",0,0.8,"orig.ident",0
"8","PRJNA662018_PRJNA662018_P7T7",11,0.8,"orig.ident",0.00773558368495077
"9","PRJNA662018_PRJNA662018_P7T7",3,0.8,"orig.ident",0.00286532951289398
"10","PRJNA662018_PRJNA662018_P7T7",3,0.8,"orig.ident",0.00289855072463768
"11","PRJNA662018_PRJNA662018_P7T7",20,0.8,"orig.ident",0.0201612903225806
"12","PRJNA662018_PRJNA662018_P7T7",17,0.8,"orig.ident",0.0200945626477541
"13","PRJNA662018_PRJNA662018_P7T7",5,0.8,"orig.ident",0.00660501981505945
"14","PRJNA662018_PRJNA662018_P7T7",3,0.8,"orig.ident",0.00557620817843866
"15","PRJNA662018_PRJNA662018_P7T7",1,0.8,"orig.ident",0.00222222222222222
"16","PRJNA662018_PRJNA662018_P7T7",6,0.8,"orig.ident",0.0142857142857143
"17","PRJNA662018_PRJNA662018_P7T7",2,0.8,"orig.ident",0.00975609756097561
"0","PRJNA662018_PRJNA662018_P8T8",9,0.8,"orig.ident",0.00177304964539007
"1","PRJNA662018_PRJNA662018_P8T8",20,0.8,"orig.ident",0.00419639110365086
"2","PRJNA662018_PRJNA662018_P8T8",23,0.8,"orig.ident",0.0051930458342741
"3","PRJNA662018_PRJNA662018_P8T8",9,0.8,"orig.ident",0.002453653217012
"4","PRJNA662018_PRJNA662018_P8T8",37,0.8,"orig.ident",0.0117088607594937
"5","PRJNA662018_PRJNA662018_P8T8",3,0.8,"orig.ident",0.00120385232744783
"6","PRJNA662018_PRJNA662018_P8T8",0,0.8,"orig.ident",0
"7","PRJNA662018_PRJNA662018_P8T8",0,0.8,"orig.ident",0
"8","PRJNA662018_PRJNA662018_P8T8",9,0.8,"orig.ident",0.00632911392405063
"9","PRJNA662018_PRJNA662018_P8T8",1,0.8,"orig.ident",0.000955109837631328
"10","PRJNA662018_PRJNA662018_P8T8",3,0.8,"orig.ident",0.00289855072463768
"11","PRJNA662018_PRJNA662018_P8T8",10,0.8,"orig.ident",0.0100806451612903
"12","PRJNA662018_PRJNA662018_P8T8",17,0.8,"orig.ident",0.0200945626477541
"13","PRJNA662018_PRJNA662018_P8T8",8,0.8,"orig.ident",0.0105680317040951
"14","PRJNA662018_PRJNA662018_P8T8",2,0.8,"orig.ident",0.00371747211895911
"15","PRJNA662018_PRJNA662018_P8T8",0,0.8,"orig.ident",0
"16","PRJNA662018_PRJNA662018_P8T8",4,0.8,"orig.ident",0.00952380952380952
"17","PRJNA662018_PRJNA662018_P8T8",0,0.8,"orig.ident",0
"0","T4091568",62,0.8,"orig.ident",0.012214342001576
"1","T4091568",182,0.8,"orig.ident",0.0381871590432228
"2","T4091568",123,0.8,"orig.ident",0.0277715059832919
"3","T4091568",1,0.8,"orig.ident",0.000272628135223555
"4","T4091568",34,0.8,"orig.ident",0.0107594936708861
"5","T4091568",7,0.8,"orig.ident",0.00280898876404494
"6","T4091568",299,0.8,"orig.ident",0.120564516129032
"7","T4091568",354,0.8,"orig.ident",0.164421737111008
"8","T4091568",8,0.8,"orig.ident",0.00562587904360056
"9","T4091568",27,0.8,"orig.ident",0.0257879656160458
"10","T4091568",5,0.8,"orig.ident",0.00483091787439614
"11","T4091568",8,0.8,"orig.ident",0.00806451612903226
"12","T4091568",10,0.8,"orig.ident",0.0118203309692671
"13","T4091568",15,0.8,"orig.ident",0.0198150594451783
"14","T4091568",7,0.8,"orig.ident",0.0130111524163569
"15","T4091568",17,0.8,"orig.ident",0.0377777777777778
"16","T4091568",6,0.8,"orig.ident",0.0142857142857143
"17","T4091568",3,0.8,"orig.ident",0.0146341463414634
"0","T4295396",0,0.8,"orig.ident",0
"1","T4295396",27,0.8,"orig.ident",0.00566512798992866
"2","T4295396",44,0.8,"orig.ident",0.00993452246556785
"3","T4295396",0,0.8,"orig.ident",0
"4","T4295396",8,0.8,"orig.ident",0.00253164556962025
"5","T4295396",1,0.8,"orig.ident",0.000401284109149278
"6","T4295396",23,0.8,"orig.ident",0.0092741935483871
"7","T4295396",65,0.8,"orig.ident",0.0301904319554111
"8","T4295396",0,0.8,"orig.ident",0
"9","T4295396",7,0.8,"orig.ident",0.00668576886341929
"10","T4295396",0,0.8,"orig.ident",0
"11","T4295396",13,0.8,"orig.ident",0.0131048387096774
"12","T4295396",1,0.8,"orig.ident",0.00118203309692671
"13","T4295396",5,0.8,"orig.ident",0.00660501981505945
"14","T4295396",10,0.8,"orig.ident",0.0185873605947955
"15","T4295396",6,0.8,"orig.ident",0.0133333333333333
"16","T4295396",8,0.8,"orig.ident",0.019047619047619
"17","T4295396",1,0.8,"orig.ident",0.0048780487804878
"0","T4380845",0,0.8,"orig.ident",0
"1","T4380845",88,0.8,"orig.ident",0.0184641208560638
"2","T4380845",125,0.8,"orig.ident",0.0282230751862723
"3","T4380845",0,0.8,"orig.ident",0
"4","T4380845",29,0.8,"orig.ident",0.00917721518987342
"5","T4380845",4,0.8,"orig.ident",0.00160513643659711
"6","T4380845",17,0.8,"orig.ident",0.00685483870967742
"7","T4380845",157,0.8,"orig.ident",0.0729215048769159
"8","T4380845",2,0.8,"orig.ident",0.00140646976090014
"9","T4380845",73,0.8,"orig.ident",0.0697230181470869
"10","T4380845",0,0.8,"orig.ident",0
"11","T4380845",18,0.8,"orig.ident",0.0181451612903226
"12","T4380845",6,0.8,"orig.ident",0.00709219858156028
"13","T4380845",9,0.8,"orig.ident",0.011889035667107
"14","T4380845",44,0.8,"orig.ident",0.0817843866171004
"15","T4380845",1,0.8,"orig.ident",0.00222222222222222
"16","T4380845",2,0.8,"orig.ident",0.00476190476190476
"17","T4380845",0,0.8,"orig.ident",0
"0","T4398343",0,0.8,"orig.ident",0
"1","T4398343",283,0.8,"orig.ident",0.0593789341166597
"2","T4398343",336,0.8,"orig.ident",0.0758636261006999
"3","T4398343",0,0.8,"orig.ident",0
"4","T4398343",81,0.8,"orig.ident",0.0256329113924051
"5","T4398343",2,0.8,"orig.ident",0.000802568218298555
"6","T4398343",19,0.8,"orig.ident",0.00766129032258064
"7","T4398343",315,0.8,"orig.ident",0.146307477937761
"8","T4398343",6,0.8,"orig.ident",0.00421940928270042
"9","T4398343",85,0.8,"orig.ident",0.0811843361986628
"10","T4398343",0,0.8,"orig.ident",0
"11","T4398343",105,0.8,"orig.ident",0.105846774193548
"12","T4398343",36,0.8,"orig.ident",0.0425531914893617
"13","T4398343",31,0.8,"orig.ident",0.0409511228533686
"14","T4398343",80,0.8,"orig.ident",0.148698884758364
"15","T4398343",36,0.8,"orig.ident",0.08
"16","T4398343",8,0.8,"orig.ident",0.019047619047619
"17","T4398343",1,0.8,"orig.ident",0.0048780487804878
"0","T4450398",0,0.8,"orig.ident",0
"1","T4450398",54,0.8,"orig.ident",0.0113302559798573
"2","T4450398",65,0.8,"orig.ident",0.0146759990968616
"3","T4450398",0,0.8,"orig.ident",0
"4","T4450398",26,0.8,"orig.ident",0.00822784810126582
"5","T4450398",2,0.8,"orig.ident",0.000802568218298555
"6","T4450398",2,0.8,"orig.ident",0.000806451612903226
"7","T4450398",60,0.8,"orig.ident",0.027868091035764
"8","T4450398",2,0.8,"orig.ident",0.00140646976090014
"9","T4450398",10,0.8,"orig.ident",0.00955109837631328
"10","T4450398",0,0.8,"orig.ident",0
"11","T4450398",32,0.8,"orig.ident",0.032258064516129
"12","T4450398",3,0.8,"orig.ident",0.00354609929078014
"13","T4450398",6,0.8,"orig.ident",0.00792602377807133
"14","T4450398",8,0.8,"orig.ident",0.0148698884758364
"15","T4450398",7,0.8,"orig.ident",0.0155555555555556
"16","T4450398",3,0.8,"orig.ident",0.00714285714285714
"17","T4450398",0,0.8,"orig.ident",0
"0","T4463209a",0,0.8,"orig.ident",0
"1","T4463209a",98,0.8,"orig.ident",0.0205623164078892
"2","T4463209a",103,0.8,"orig.ident",0.0232558139534884
"3","T4463209a",0,0.8,"orig.ident",0
"4","T4463209a",12,0.8,"orig.ident",0.00379746835443038
"5","T4463209a",0,0.8,"orig.ident",0
"6","T4463209a",7,0.8,"orig.ident",0.00282258064516129
"7","T4463209a",88,0.8,"orig.ident",0.0408732001857873
"8","T4463209a",3,0.8,"orig.ident",0.00210970464135021
"9","T4463209a",48,0.8,"orig.ident",0.0458452722063037
"10","T4463209a",0,0.8,"orig.ident",0
"11","T4463209a",23,0.8,"orig.ident",0.0231854838709677
"12","T4463209a",7,0.8,"orig.ident",0.008274231678487
"13","T4463209a",6,0.8,"orig.ident",0.00792602377807133
"14","T4463209a",35,0.8,"orig.ident",0.0650557620817844
"15","T4463209a",3,0.8,"orig.ident",0.00666666666666667
"16","T4463209a",3,0.8,"orig.ident",0.00714285714285714
"17","T4463209a",0,0.8,"orig.ident",0
"0","T4463209b",0,0.8,"orig.ident",0
"1","T4463209b",39,0.8,"orig.ident",0.00818296265211918
"2","T4463209b",36,0.8,"orig.ident",0.00812824565364642
"3","T4463209b",0,0.8,"orig.ident",0
"4","T4463209b",26,0.8,"orig.ident",0.00822784810126582
"5","T4463209b",2,0.8,"orig.ident",0.000802568218298555
"6","T4463209b",14,0.8,"orig.ident",0.00564516129032258
"7","T4463209b",93,0.8,"orig.ident",0.0431955411054343
"8","T4463209b",5,0.8,"orig.ident",0.00351617440225035
"9","T4463209b",16,0.8,"orig.ident",0.0152817574021012
"10","T4463209b",0,0.8,"orig.ident",0
"11","T4463209b",13,0.8,"orig.ident",0.0131048387096774
"12","T4463209b",2,0.8,"orig.ident",0.00236406619385343
"13","T4463209b",16,0.8,"orig.ident",0.0211360634081902
"14","T4463209b",16,0.8,"orig.ident",0.0297397769516729
"15","T4463209b",7,0.8,"orig.ident",0.0155555555555556
"16","T4463209b",2,0.8,"orig.ident",0.00476190476190476
"17","T4463209b",0,0.8,"orig.ident",0
"0","T4465219",3,0.8,"orig.ident",0.000591016548463357
"1","T4465219",157,0.8,"orig.ident",0.0329416701636593
"2","T4465219",152,0.8,"orig.ident",0.0343192594265071
"3","T4465219",0,0.8,"orig.ident",0
"4","T4465219",25,0.8,"orig.ident",0.00791139240506329
"5","T4465219",0,0.8,"orig.ident",0
"6","T4465219",36,0.8,"orig.ident",0.0145161290322581
"7","T4465219",68,0.8,"orig.ident",0.0315838365071993
"8","T4465219",3,0.8,"orig.ident",0.00210970464135021
"9","T4465219",28,0.8,"orig.ident",0.0267430754536772
"10","T4465219",1,0.8,"orig.ident",0.000966183574879227
"11","T4465219",8,0.8,"orig.ident",0.00806451612903226
"12","T4465219",29,0.8,"orig.ident",0.0342789598108747
"13","T4465219",9,0.8,"orig.ident",0.011889035667107
"14","T4465219",8,0.8,"orig.ident",0.0148698884758364
"15","T4465219",3,0.8,"orig.ident",0.00666666666666667
"16","T4465219",20,0.8,"orig.ident",0.0476190476190476
"17","T4465219",0,0.8,"orig.ident",0
"0","T4465935",0,0.8,"orig.ident",0
"1","T4465935",29,0.8,"orig.ident",0.00608476710029375
"2","T4465935",60,0.8,"orig.ident",0.0135470760894107
"3","T4465935",0,0.8,"orig.ident",0
"4","T4465935",10,0.8,"orig.ident",0.00316455696202532
"5","T4465935",1,0.8,"orig.ident",0.000401284109149278
"6","T4465935",40,0.8,"orig.ident",0.0161290322580645
"7","T4465935",54,0.8,"orig.ident",0.0250812819321876
"8","T4465935",2,0.8,"orig.ident",0.00140646976090014
"9","T4465935",13,0.8,"orig.ident",0.0124164278892073
"10","T4465935",2,0.8,"orig.ident",0.00193236714975845
"11","T4465935",25,0.8,"orig.ident",0.0252016129032258
"12","T4465935",2,0.8,"orig.ident",0.00236406619385343
"13","T4465935",3,0.8,"orig.ident",0.00396301188903567
"14","T4465935",8,0.8,"orig.ident",0.0148698884758364
"15","T4465935",6,0.8,"orig.ident",0.0133333333333333
"16","T4465935",6,0.8,"orig.ident",0.0142857142857143
"17","T4465935",0,0.8,"orig.ident",0
"0","T4466585",218,0.8,"orig.ident",0.0429472025216706
"1","T4466585",103,0.8,"orig.ident",0.0216114141838019
"2","T4466585",175,0.8,"orig.ident",0.0395123052607812
"3","T4466585",6,0.8,"orig.ident",0.00163576881134133
"4","T4466585",6,0.8,"orig.ident",0.00189873417721519
"5","T4466585",1,0.8,"orig.ident",0.000401284109149278
"6","T4466585",872,0.8,"orig.ident",0.351612903225806
"7","T4466585",326,0.8,"orig.ident",0.151416627960985
"8","T4466585",2,0.8,"orig.ident",0.00140646976090014
"9","T4466585",9,0.8,"orig.ident",0.00859598853868195
"10","T4466585",9,0.8,"orig.ident",0.00869565217391304
"11","T4466585",5,0.8,"orig.ident",0.00504032258064516
"12","T4466585",3,0.8,"orig.ident",0.00354609929078014
"13","T4466585",5,0.8,"orig.ident",0.00660501981505945
"14","T4466585",0,0.8,"orig.ident",0
"15","T4466585",22,0.8,"orig.ident",0.0488888888888889
"16","T4466585",25,0.8,"orig.ident",0.0595238095238095
"17","T4466585",0,0.8,"orig.ident",0
"0","T4469479",274,0.8,"orig.ident",0.0539795114263199
"1","T4469479",19,0.8,"orig.ident",0.00398657154846832
"2","T4469479",53,0.8,"orig.ident",0.0119665838789795
"3","T4469479",2,0.8,"orig.ident",0.00054525627044711
"4","T4469479",2,0.8,"orig.ident",0.000632911392405063
"5","T4469479",9,0.8,"orig.ident",0.0036115569823435
"6","T4469479",752,0.8,"orig.ident",0.303225806451613
"7","T4469479",62,0.8,"orig.ident",0.0287970274036229
"8","T4469479",0,0.8,"orig.ident",0
"9","T4469479",24,0.8,"orig.ident",0.0229226361031519
"10","T4469479",7,0.8,"orig.ident",0.00676328502415459
"11","T4469479",9,0.8,"orig.ident",0.00907258064516129
"12","T4469479",1,0.8,"orig.ident",0.00118203309692671
"13","T4469479",5,0.8,"orig.ident",0.00660501981505945
"14","T4469479",8,0.8,"orig.ident",0.0148698884758364
"15","T4469479",11,0.8,"orig.ident",0.0244444444444444
"16","T4469479",37,0.8,"orig.ident",0.0880952380952381
"17","T4469479",1,0.8,"orig.ident",0.0048780487804878
"0","T4471438",4,0.8,"orig.ident",0.000788022064617809
"1","T4471438",170,0.8,"orig.ident",0.0356693243810323
"2","T4471438",194,0.8,"orig.ident",0.0438022126890946
"3","T4471438",0,0.8,"orig.ident",0
"4","T4471438",27,0.8,"orig.ident",0.00854430379746835
"5","T4471438",1,0.8,"orig.ident",0.000401284109149278
"6","T4471438",88,0.8,"orig.ident",0.0354838709677419
"7","T4471438",274,0.8,"orig.ident",0.127264282396656
"8","T4471438",4,0.8,"orig.ident",0.00281293952180028
"9","T4471438",16,0.8,"orig.ident",0.0152817574021012
"10","T4471438",1,0.8,"orig.ident",0.000966183574879227
"11","T4471438",9,0.8,"orig.ident",0.00907258064516129
"12","T4471438",8,0.8,"orig.ident",0.00945626477541371
"13","T4471438",4,0.8,"orig.ident",0.00528401585204756
"14","T4471438",21,0.8,"orig.ident",0.0390334572490706
"15","T4471438",4,0.8,"orig.ident",0.00888888888888889
"16","T4471438",8,0.8,"orig.ident",0.019047619047619
"17","T4471438",3,0.8,"orig.ident",0.0146341463414634
"0","T8009218",0,0.8,"orig.ident",0
"1","T8009218",174,0.8,"orig.ident",0.0365086026017625
"2","T8009218",246,0.8,"orig.ident",0.0555430119665839
"3","T8009218",0,0.8,"orig.ident",0
"4","T8009218",101,0.8,"orig.ident",0.0319620253164557
"5","T8009218",1,0.8,"orig.ident",0.000401284109149278
"6","T8009218",56,0.8,"orig.ident",0.0225806451612903
"7","T8009218",200,0.8,"orig.ident",0.0928936367858802
"8","T8009218",5,0.8,"orig.ident",0.00351617440225035
"9","T8009218",10,0.8,"orig.ident",0.00955109837631328
"10","T8009218",0,0.8,"orig.ident",0
"11","T8009218",11,0.8,"orig.ident",0.0110887096774194
"12","T8009218",24,0.8,"orig.ident",0.0283687943262411
"13","T8009218",4,0.8,"orig.ident",0.00528401585204756
"14","T8009218",17,0.8,"orig.ident",0.0315985130111524
"15","T8009218",3,0.8,"orig.ident",0.00666666666666667
"16","T8009218",11,0.8,"orig.ident",0.0261904761904762
"17","T8009218",1,0.8,"orig.ident",0.0048780487804878
"0","MIBC",1070,0.8,"Type",0.210795902285264
"1","MIBC",2534,0.8,"Type",0.531682752832564
"2","MIBC",2910,0.8,"Type",0.657033190336419
"3","MIBC",496,0.8,"Type",0.135223555070883
"4","MIBC",1062,0.8,"Type",0.336075949367089
"5","MIBC",471,0.8,"Type",0.18900481540931
"6","MIBC",2270,0.8,"Type",0.915322580645161
"7","MIBC",2153,0.8,"Type",1
"8","MIBC",354,0.8,"Type",0.248945147679325
"9","MIBC",715,0.8,"Type",0.682903533906399
"10","MIBC",235,0.8,"Type",0.227053140096618
"11","MIBC",527,0.8,"Type",0.53125
"12","MIBC",463,0.8,"Type",0.547281323877069
"13","MIBC",238,0.8,"Type",0.31439894319683
"14","MIBC",425,0.8,"Type",0.78996282527881
"15","MIBC",190,0.8,"Type",0.422222222222222
"16","MIBC",256,0.8,"Type",0.60952380952381
"17","MIBC",52,0.8,"Type",0.253658536585366
"0","NMIBC",511,0.8,"Type",0.100669818754925
"1","NMIBC",1123,0.8,"Type",0.235627360469996
"2","NMIBC",972,0.8,"Type",0.219462632648453
"3","NMIBC",447,0.8,"Type",0.121864776444929
"4","NMIBC",695,0.8,"Type",0.21993670886076
"5","NMIBC",479,0.8,"Type",0.192215088282504
"6","NMIBC",83,0.8,"Type",0.0334677419354839
"7","NMIBC",0,0.8,"Type",0
"8","NMIBC",327,0.8,"Type",0.229957805907173
"9","NMIBC",114,0.8,"Type",0.108882521489971
"10","NMIBC",130,0.8,"Type",0.1256038647343
"11","NMIBC",245,0.8,"Type",0.246975806451613
"12","NMIBC",281,0.8,"Type",0.332151300236407
"13","NMIBC",202,0.8,"Type",0.266842800528402
"14","NMIBC",66,0.8,"Type",0.122676579925651
"15","NMIBC",51,0.8,"Type",0.113333333333333
"16","NMIBC",87,0.8,"Type",0.207142857142857
"17","NMIBC",22,0.8,"Type",0.107317073170732
"0","Normal",3495,0.8,"Type",0.688534278959811
"1","Normal",1109,0.8,"Type",0.23268988669744
"2","Normal",547,0.8,"Type",0.123504177015128
"3","Normal",2725,0.8,"Type",0.742911668484188
"4","Normal",1403,0.8,"Type",0.443987341772152
"5","Normal",1542,0.8,"Type",0.618780096308186
"6","Normal",127,0.8,"Type",0.0512096774193548
"7","Normal",0,0.8,"Type",0
"8","Normal",741,0.8,"Type",0.521097046413502
"9","Normal",218,0.8,"Type",0.208213944603629
"10","Normal",670,0.8,"Type",0.647342995169082
"11","Normal",220,0.8,"Type",0.221774193548387
"12","Normal",102,0.8,"Type",0.120567375886525
"13","Normal",317,0.8,"Type",0.418758256274769
"14","Normal",47,0.8,"Type",0.087360594795539
"15","Normal",209,0.8,"Type",0.464444444444444
"16","Normal",77,0.8,"Type",0.183333333333333
"17","Normal",131,0.8,"Type",0.639024390243902
"0","Normal",3495,0.8,"T_stage",0.688534278959811
"1","Normal",1109,0.8,"T_stage",0.23268988669744
"2","Normal",547,0.8,"T_stage",0.123504177015128
"3","Normal",2725,0.8,"T_stage",0.742911668484188
"4","Normal",1403,0.8,"T_stage",0.443987341772152
"5","Normal",1542,0.8,"T_stage",0.618780096308186
"6","Normal",127,0.8,"T_stage",0.0512096774193548
"7","Normal",0,0.8,"T_stage",0
"8","Normal",741,0.8,"T_stage",0.521097046413502
"9","Normal",218,0.8,"T_stage",0.208213944603629
"10","Normal",670,0.8,"T_stage",0.647342995169082
"11","Normal",220,0.8,"T_stage",0.221774193548387
"12","Normal",102,0.8,"T_stage",0.120567375886525
"13","Normal",317,0.8,"T_stage",0.418758256274769
"14","Normal",47,0.8,"T_stage",0.087360594795539
"15","Normal",209,0.8,"T_stage",0.464444444444444
"16","Normal",77,0.8,"T_stage",0.183333333333333
"17","Normal",131,0.8,"T_stage",0.639024390243902
"0","T1",299,0.8,"T_stage",0.0589046493301812
"1","T1",551,0.8,"T_stage",0.115610574905581
"2","T1",467,0.8,"T_stage",0.105441408895913
"3","T1",300,0.8,"T_stage",0.0817884405670665
"4","T1",454,0.8,"T_stage",0.143670886075949
"5","T1",210,0.8,"T_stage",0.0842696629213483
"6","T1",7,0.8,"T_stage",0.00282258064516129
"7","T1",0,0.8,"T_stage",0
"8","T1",229,0.8,"T_stage",0.161040787623066
"9","T1",37,0.8,"T_stage",0.0353390639923591
"10","T1",78,0.8,"T_stage",0.0753623188405797
"11","T1",106,0.8,"T_stage",0.106854838709677
"12","T1",158,0.8,"T_stage",0.186761229314421
"13","T1",57,0.8,"T_stage",0.0752972258916777
"14","T1",12,0.8,"T_stage",0.0223048327137546
"15","T1",23,0.8,"T_stage",0.0511111111111111
"16","T1",33,0.8,"T_stage",0.0785714285714286
"17","T1",3,0.8,"T_stage",0.0146341463414634
"0","T2",367,0.8,"T_stage",0.072301024428684
"1","T2",969,0.8,"T_stage",0.203315148971884
"2","T2",1236,0.8,"T_stage",0.27906976744186
"3","T2",167,0.8,"T_stage",0.0455288985823337
"4","T2",341,0.8,"T_stage",0.107911392405063
"5","T2",35,0.8,"T_stage",0.0140449438202247
"6","T2",1034,0.8,"T_stage",0.416935483870968
"7","T2",1226,0.8,"T_stage",0.569437993497445
"8","T2",91,0.8,"T_stage",0.0639943741209564
"9","T2",293,0.8,"T_stage",0.279847182425979
"10","T2",67,0.8,"T_stage",0.0647342995169082
"11","T2",332,0.8,"T_stage",0.334677419354839
"12","T2",119,0.8,"T_stage",0.140661938534279
"13","T2",116,0.8,"T_stage",0.153236459709379
"14","T2",214,0.8,"T_stage",0.397769516728625
"15","T2",105,0.8,"T_stage",0.233333333333333
"16","T2",89,0.8,"T_stage",0.211904761904762
"17","T2",8,0.8,"T_stage",0.0390243902439024
"0","T3",153,0.8,"T_stage",0.0301418439716312
"1","T3",622,0.8,"T_stage",0.130507763323542
"2","T3",688,0.8,"T_stage",0.155339805825243
"3","T3",148,0.8,"T_stage",0.0403489640130862
"4","T3",377,0.8,"T_stage",0.119303797468354
"5","T3",211,0.8,"T_stage",0.0846709470304976
"6","T3",66,0.8,"T_stage",0.0266129032258065
"7","T3",200,0.8,"T_stage",0.0928936367858802
"8","T3",136,0.8,"T_stage",0.0956399437412096
"9","T3",124,0.8,"T_stage",0.118433619866285
"10","T3",105,0.8,"T_stage",0.101449275362319
"11","T3",70,0.8,"T_stage",0.0705645161290323
"12","T3",119,0.8,"T_stage",0.140661938534279
"13","T3",47,0.8,"T_stage",0.0620871862615588
"14","T3",91,0.8,"T_stage",0.169144981412639
"15","T3",16,0.8,"T_stage",0.0355555555555556
"16","T3",56,0.8,"T_stage",0.133333333333333
"17","T3",24,0.8,"T_stage",0.117073170731707
"0","T4",496,0.8,"T_stage",0.0977147360126084
"1","T4",613,0.8,"T_stage",0.128619387326899
"2","T4",572,0.8,"T_stage",0.129148792052382
"3","T4",133,0.8,"T_stage",0.0362595419847328
"4","T4",152,0.8,"T_stage",0.0481012658227848
"5","T4",181,0.8,"T_stage",0.0726324237560193
"6","T4",1141,0.8,"T_stage",0.46008064516129
"7","T4",690,0.8,"T_stage",0.320483046911287
"8","T4",83,0.8,"T_stage",0.0583684950773558
"9","T4",100,0.8,"T_stage",0.0955109837631328
"10","T4",41,0.8,"T_stage",0.0396135265700483
"11","T4",63,0.8,"T_stage",0.063508064516129
"12","T4",108,0.8,"T_stage",0.127659574468085
"13","T4",46,0.8,"T_stage",0.0607661822985469
"14","T4",48,0.8,"T_stage",0.0892193308550186
"15","T4",47,0.8,"T_stage",0.104444444444444
"16","T4",57,0.8,"T_stage",0.135714285714286
"17","T4",15,0.8,"T_stage",0.0731707317073171
"0","Ta",21,0.8,"T_stage",0.0041371158392435
"1","Ta",67,0.8,"T_stage",0.0140579101972304
"2","Ta",70,0.8,"T_stage",0.0158049221043125
"3","Ta",37,0.8,"T_stage",0.0100872410032715
"4","Ta",37,0.8,"T_stage",0.0117088607594937
"5","Ta",142,0.8,"T_stage",0.0569823434991974
"6","Ta",7,0.8,"T_stage",0.00282258064516129
"7","Ta",0,0.8,"T_stage",0
"8","Ta",28,0.8,"T_stage",0.019690576652602
"9","Ta",32,0.8,"T_stage",0.0305635148042025
"10","Ta",25,0.8,"T_stage",0.0241545893719807
"11","Ta",25,0.8,"T_stage",0.0252016129032258
"12","Ta",10,0.8,"T_stage",0.0118203309692671
"13","Ta",19,0.8,"T_stage",0.0250990752972259
"14","Ta",10,0.8,"T_stage",0.0185873605947955
"15","Ta",4,0.8,"T_stage",0.00888888888888889
"16","Ta",5,0.8,"T_stage",0.0119047619047619
"17","Ta",6,0.8,"T_stage",0.0292682926829268
"0",NA,245,0.8,"T_stage",0.0482663514578408
"1",NA,835,0.8,"T_stage",0.175199328577423
"2",NA,849,0.8,"T_stage",0.191691126665161
"3",NA,158,0.8,"T_stage",0.0430752453653217
"4",NA,396,0.8,"T_stage",0.125316455696203
"5",NA,171,0.8,"T_stage",0.0686195826645265
"6",NA,98,0.8,"T_stage",0.0395161290322581
"7",NA,37,0.8,"T_stage",0.0171853228053878
"8",NA,114,0.8,"T_stage",0.080168776371308
"9",NA,243,0.8,"T_stage",0.232091690544413
"10",NA,49,0.8,"T_stage",0.0473429951690821
"11",NA,176,0.8,"T_stage",0.17741935483871
"12",NA,230,0.8,"T_stage",0.271867612293144
"13",NA,155,0.8,"T_stage",0.204755614266843
"14",NA,116,0.8,"T_stage",0.215613382899628
"15",NA,46,0.8,"T_stage",0.102222222222222
"16",NA,103,0.8,"T_stage",0.245238095238095
"17",NA,18,0.8,"T_stage",0.0878048780487805
"0","N0",700,0.8,"N_stage",0.137903861308117
"1","N0",1289,0.8,"N_stage",0.270457406630298
"2","N0",1216,0.8,"N_stage",0.274554075412057
"3","N0",687,0.8,"N_stage",0.187295528898582
"4","N0",837,0.8,"N_stage",0.264873417721519
"5","N0",605,0.8,"N_stage",0.242776886035313
"6","N0",28,0.8,"N_stage",0.0112903225806452
"7","N0",0,0.8,"N_stage",0
"8","N0",459,0.8,"N_stage",0.322784810126582
"9","N0",192,0.8,"N_stage",0.183381088825215
"10","N0",275,0.8,"N_stage",0.265700483091787
"11","N0",266,0.8,"N_stage",0.268145161290323
"12","N0",343,0.8,"N_stage",0.405437352245863
"13","N0",139,0.8,"N_stage",0.183619550858653
"14","N0",95,0.8,"N_stage",0.176579925650558
"15","N0",51,0.8,"N_stage",0.113333333333333
"16","N0",83,0.8,"N_stage",0.197619047619048
"17","N0",36,0.8,"N_stage",0.175609756097561
"0","N2",42,0.8,"N_stage",0.008274231678487
"1","N2",36,0.8,"N_stage",0.00755350398657155
"2","N2",51,0.8,"N_stage",0.0115150146759991
"3","N2",55,0.8,"N_stage",0.0149945474372955
"4","N2",58,0.8,"N_stage",0.0183544303797468
"5","N2",94,0.8,"N_stage",0.0377207062600321
"6","N2",2,0.8,"N_stage",0.000806451612903226
"7","N2",0,0.8,"N_stage",0
"8","N2",26,0.8,"N_stage",0.0182841068917018
"9","N2",23,0.8,"N_stage",0.0219675262655205
"10","N2",11,0.8,"N_stage",0.0106280193236715
"11","N2",31,0.8,"N_stage",0.03125
"12","N2",5,0.8,"N_stage",0.00591016548463357
"13","N2",15,0.8,"N_stage",0.0198150594451783
"14","N2",10,0.8,"N_stage",0.0185873605947955
"15","N2",15,0.8,"N_stage",0.0333333333333333
"16","N2",6,0.8,"N_stage",0.0142857142857143
"17","N2",8,0.8,"N_stage",0.0390243902439024
"0","N3",33,0.8,"N_stage",0.00650118203309693
"1","N3",74,0.8,"N_stage",0.0155266470835082
"2","N3",54,0.8,"N_stage",0.0121923684804696
"3","N3",34,0.8,"N_stage",0.00926935659760087
"4","N3",79,0.8,"N_stage",0.025
"5","N3",49,0.8,"N_stage",0.0196629213483146
"6","N3",0,0.8,"N_stage",0
"7","N3",0,0.8,"N_stage",0
"8","N3",40,0.8,"N_stage",0.0281293952180028
"9","N3",5,0.8,"N_stage",0.00477554918815664
"10","N3",5,0.8,"N_stage",0.00483091787439614
"11","N3",20,0.8,"N_stage",0.0201612903225806
"12","N3",34,0.8,"N_stage",0.0401891252955083
"13","N3",13,0.8,"N_stage",0.0171730515191546
"14","N3",8,0.8,"N_stage",0.0148698884758364
"15","N3",3,0.8,"N_stage",0.00666666666666667
"16","N3",12,0.8,"N_stage",0.0285714285714286
"17","N3",2,0.8,"N_stage",0.00975609756097561
"0","Normal",3495,0.8,"N_stage",0.688534278959811
"1","Normal",1109,0.8,"N_stage",0.23268988669744
"2","Normal",547,0.8,"N_stage",0.123504177015128
"3","Normal",2725,0.8,"N_stage",0.742911668484188
"4","Normal",1403,0.8,"N_stage",0.443987341772152
"5","Normal",1542,0.8,"N_stage",0.618780096308186
"6","Normal",127,0.8,"N_stage",0.0512096774193548
"7","Normal",0,0.8,"N_stage",0
"8","Normal",741,0.8,"N_stage",0.521097046413502
"9","Normal",218,0.8,"N_stage",0.208213944603629
"10","Normal",670,0.8,"N_stage",0.647342995169082
"11","Normal",220,0.8,"N_stage",0.221774193548387
"12","Normal",102,0.8,"N_stage",0.120567375886525
"13","Normal",317,0.8,"N_stage",0.418758256274769
"14","Normal",47,0.8,"N_stage",0.087360594795539
"15","Normal",209,0.8,"N_stage",0.464444444444444
"16","Normal",77,0.8,"N_stage",0.183333333333333
"17","Normal",131,0.8,"N_stage",0.639024390243902
"0",NA,806,0.8,"N_stage",0.158786446020489
"1",NA,2258,0.8,"N_stage",0.473772555602182
"2",NA,2561,0.8,"N_stage",0.578234364416347
"3",NA,167,0.8,"N_stage",0.0455288985823337
"4",NA,783,0.8,"N_stage",0.247784810126582
"5",NA,202,0.8,"N_stage",0.0810593900481541
"6",NA,2323,0.8,"N_stage",0.936693548387097
"7",NA,2153,0.8,"N_stage",1
"8",NA,156,0.8,"N_stage",0.109704641350211
"9",NA,609,0.8,"N_stage",0.581661891117478
"10",NA,74,0.8,"N_stage",0.0714975845410628
"11",NA,455,0.8,"N_stage",0.45866935483871
"12",NA,362,0.8,"N_stage",0.42789598108747
"13",NA,273,0.8,"N_stage",0.360634081902246
"14",NA,378,0.8,"N_stage",0.702602230483271
"15",NA,172,0.8,"N_stage",0.382222222222222
"16",NA,242,0.8,"N_stage",0.576190476190476
"17",NA,28,0.8,"N_stage",0.136585365853659
"0","M0",733,0.8,"M_stage",0.144405043341214
"1","M0",1363,0.8,"M_stage",0.285984053713806
"2","M0",1270,0.8,"M_stage",0.286746443892527
"3","M0",721,0.8,"M_stage",0.196564885496183
"4","M0",916,0.8,"M_stage",0.289873417721519
"5","M0",654,0.8,"M_stage",0.262439807383628
"6","M0",28,0.8,"M_stage",0.0112903225806452
"7","M0",0,0.8,"M_stage",0
"8","M0",499,0.8,"M_stage",0.350914205344585
"9","M0",197,0.8,"M_stage",0.188156638013372
"10","M0",280,0.8,"M_stage",0.270531400966184
"11","M0",286,0.8,"M_stage",0.288306451612903
"12","M0",377,0.8,"M_stage",0.445626477541371
"13","M0",152,0.8,"M_stage",0.200792602377807
"14","M0",103,0.8,"M_stage",0.191449814126394
"15","M0",54,0.8,"M_stage",0.12
"16","M0",95,0.8,"M_stage",0.226190476190476
"17","M0",38,0.8,"M_stage",0.185365853658537
"0","Normal",3495,0.8,"M_stage",0.688534278959811
"1","Normal",1109,0.8,"M_stage",0.23268988669744
"2","Normal",547,0.8,"M_stage",0.123504177015128
"3","Normal",2725,0.8,"M_stage",0.742911668484188
"4","Normal",1403,0.8,"M_stage",0.443987341772152
"5","Normal",1542,0.8,"M_stage",0.618780096308186
"6","Normal",127,0.8,"M_stage",0.0512096774193548
"7","Normal",0,0.8,"M_stage",0
"8","Normal",741,0.8,"M_stage",0.521097046413502
"9","Normal",218,0.8,"M_stage",0.208213944603629
"10","Normal",670,0.8,"M_stage",0.647342995169082
"11","Normal",220,0.8,"M_stage",0.221774193548387
"12","Normal",102,0.8,"M_stage",0.120567375886525
"13","Normal",317,0.8,"M_stage",0.418758256274769
"14","Normal",47,0.8,"M_stage",0.087360594795539
"15","Normal",209,0.8,"M_stage",0.464444444444444
"16","Normal",77,0.8,"M_stage",0.183333333333333
"17","Normal",131,0.8,"M_stage",0.639024390243902
"0",NA,848,0.8,"M_stage",0.167060677698976
"1",NA,2294,0.8,"M_stage",0.481326059588754
"2",NA,2612,0.8,"M_stage",0.589749379092346
"3",NA,222,0.8,"M_stage",0.0605234460196292
"4",NA,841,0.8,"M_stage",0.266139240506329
"5",NA,296,0.8,"M_stage",0.118780096308186
"6",NA,2325,0.8,"M_stage",0.9375
"7",NA,2153,0.8,"M_stage",1
"8",NA,182,0.8,"M_stage",0.127988748241913
"9",NA,632,0.8,"M_stage",0.603629417382999
"10",NA,85,0.8,"M_stage",0.0821256038647343
"11",NA,486,0.8,"M_stage",0.48991935483871
"12",NA,367,0.8,"M_stage",0.433806146572104
"13",NA,288,0.8,"M_stage",0.380449141347424
"14",NA,388,0.8,"M_stage",0.721189591078067
"15",NA,187,0.8,"M_stage",0.415555555555556
"16",NA,248,0.8,"M_stage",0.59047619047619
"17",NA,36,0.8,"M_stage",0.175609756097561
"0","CNP0000460",1140,1.2,"dataset",0.22361710474696
"1","CNP0000460",562,1.2,"dataset",0.15263443780554
"2","CNP0000460",998,1.2,"dataset",0.316523945448779
"3","CNP0000460",716,1.2,"dataset",0.290113452188006
"4","CNP0000460",12,1.2,"dataset",0.00489596083231334
"5","CNP0000460",425,1.2,"dataset",0.180620484487888
"6","CNP0000460",0,1.2,"dataset",0
"7","CNP0000460",259,1.2,"dataset",0.121825023518344
"8","CNP0000460",293,1.2,"dataset",0.159673024523161
"9","CNP0000460",201,1.2,"dataset",0.133377571333776
"10","CNP0000460",485,1.2,"dataset",0.338687150837989
"11","CNP0000460",269,1.2,"dataset",0.207561728395062
"12","CNP0000460",240,1.2,"dataset",0.221606648199446
"13","CNP0000460",246,1.2,"dataset",0.24773413897281
"14","CNP0000460",228,1.2,"dataset",0.269185360094451
"15","CNP0000460",24,1.2,"dataset",0.0290205562273277
"16","CNP0000460",133,1.2,"dataset",0.175693527080581
"17","CNP0000460",24,1.2,"dataset",0.0426287744227353
"18","CNP0000460",104,1.2,"dataset",0.231111111111111
"19","CNP0000460",88,1.2,"dataset",0.204176334106729
"20","CNP0000460",1,1.2,"dataset",0.0045662100456621
"21","CNP0000460",30,1.2,"dataset",0.13953488372093
"0","GSE326225",29,1.2,"dataset",0.00568850529619459
"1","GSE326225",113,1.2,"dataset",0.0306898424769147
"2","GSE326225",80,1.2,"dataset",0.025372660957818
"3","GSE326225",20,1.2,"dataset",0.00810372771474878
"4","GSE326225",24,1.2,"dataset",0.00979192166462668
"5","GSE326225",173,1.2,"dataset",0.073523161920952
"6","GSE326225",37,1.2,"dataset",0.0172093023255814
"7","GSE326225",9,1.2,"dataset",0.00423330197554092
"8","GSE326225",107,1.2,"dataset",0.0583106267029973
"9","GSE326225",3,1.2,"dataset",0.0019907100199071
"10","GSE326225",10,1.2,"dataset",0.00698324022346369
"11","GSE326225",66,1.2,"dataset",0.0509259259259259
"12","GSE326225",14,1.2,"dataset",0.012927054478301
"13","GSE326225",27,1.2,"dataset",0.027190332326284
"14","GSE326225",49,1.2,"dataset",0.0578512396694215
"15","GSE326225",168,1.2,"dataset",0.203143893591294
"16","GSE326225",14,1.2,"dataset",0.0184940554821664
"17","GSE326225",71,1.2,"dataset",0.126110124333925
"18","GSE326225",21,1.2,"dataset",0.0466666666666667
"19","GSE326225",38,1.2,"dataset",0.0881670533642691
"20","GSE326225",22,1.2,"dataset",0.100456621004566
"21","GSE326225",3,1.2,"dataset",0.013953488372093
"0","HRA003620",2920,1.2,"dataset",0.572773636720282
"1","HRA003620",1093,1.2,"dataset",0.296849538294405
"2","HRA003620",1221,1.2,"dataset",0.387250237868697
"3","HRA003620",1539,1.2,"dataset",0.623581847649919
"4","HRA003620",59,1.2,"dataset",0.0240718074255406
"5","HRA003620",486,1.2,"dataset",0.206544836379091
"6","HRA003620",0,1.2,"dataset",0
"7","HRA003620",1578,1.2,"dataset",0.742238946378175
"8","HRA003620",503,1.2,"dataset",0.274114441416894
"9","HRA003620",1125,1.2,"dataset",0.746516257465163
"10","HRA003620",724,1.2,"dataset",0.505586592178771
"11","HRA003620",465,1.2,"dataset",0.358796296296296
"12","HRA003620",715,1.2,"dataset",0.660203139427516
"13","HRA003620",276,1.2,"dataset",0.277945619335347
"14","HRA003620",245,1.2,"dataset",0.289256198347107
"15","HRA003620",359,1.2,"dataset",0.43409915356711
"16","HRA003620",309,1.2,"dataset",0.408190224570674
"17","HRA003620",147,1.2,"dataset",0.261101243339254
"18","HRA003620",152,1.2,"dataset",0.337777777777778
"19","HRA003620",83,1.2,"dataset",0.192575406032483
"20","HRA003620",32,1.2,"dataset",0.146118721461187
"21","HRA003620",120,1.2,"dataset",0.558139534883721
"0","InhouseData",575,1.2,"dataset",0.112789329148686
"1","InhouseData",1179,1.2,"dataset",0.320206409560022
"2","InhouseData",386,1.2,"dataset",0.122423089121472
"3","InhouseData",5,1.2,"dataset",0.0020259319286872
"4","InhouseData",2194,1.2,"dataset",0.895144838841289
"5","InhouseData",856,1.2,"dataset",0.363790905227369
"6","InhouseData",2113,1.2,"dataset",0.982790697674419
"7","InhouseData",30,1.2,"dataset",0.0141110065851364
"8","InhouseData",778,1.2,"dataset",0.423978201634877
"9","InhouseData",7,1.2,"dataset",0.0046449900464499
"10","InhouseData",43,1.2,"dataset",0.0300279329608939
"11","InhouseData",317,1.2,"dataset",0.244598765432099
"12","InhouseData",35,1.2,"dataset",0.0323176361957525
"13","InhouseData",279,1.2,"dataset",0.280966767371601
"14","InhouseData",132,1.2,"dataset",0.155844155844156
"15","InhouseData",206,1.2,"dataset",0.249093107617896
"16","InhouseData",118,1.2,"dataset",0.155878467635403
"17","InhouseData",267,1.2,"dataset",0.474245115452931
"18","InhouseData",126,1.2,"dataset",0.28
"19","InhouseData",143,1.2,"dataset",0.331786542923434
"20","InhouseData",163,1.2,"dataset",0.744292237442922
"21","InhouseData",11,1.2,"dataset",0.0511627906976744
"0","PRJNA662018",434,1.2,"dataset",0.0851314240878776
"1","PRJNA662018",735,1.2,"dataset",0.199619771863118
"2","PRJNA662018",468,1.2,"dataset",0.148430066603235
"3","PRJNA662018",188,1.2,"dataset",0.0761750405186386
"4","PRJNA662018",162,1.2,"dataset",0.0660954712362301
"5","PRJNA662018",413,1.2,"dataset",0.1755206119847
"6","PRJNA662018",0,1.2,"dataset",0
"7","PRJNA662018",250,1.2,"dataset",0.117591721542803
"8","PRJNA662018",154,1.2,"dataset",0.0839237057220708
"9","PRJNA662018",171,1.2,"dataset",0.113470471134705
"10","PRJNA662018",170,1.2,"dataset",0.118715083798883
"11","PRJNA662018",179,1.2,"dataset",0.138117283950617
"12","PRJNA662018",79,1.2,"dataset",0.0729455216989843
"13","PRJNA662018",165,1.2,"dataset",0.166163141993958
"14","PRJNA662018",193,1.2,"dataset",0.227863046044864
"15","PRJNA662018",70,1.2,"dataset",0.0846432889963724
"16","PRJNA662018",183,1.2,"dataset",0.241743725231176
"17","PRJNA662018",54,1.2,"dataset",0.0959147424511545
"18","PRJNA662018",47,1.2,"dataset",0.104444444444444
"19","PRJNA662018",79,1.2,"dataset",0.183294663573086
"20","PRJNA662018",1,1.2,"dataset",0.0045662100456621
"21","PRJNA662018",51,1.2,"dataset",0.237209302325581
"0","CNP0000460_P01N",119,1.2,"orig.ident",0.0233424872499019
"1","CNP0000460_P01N",54,1.2,"orig.ident",0.0146659424225964
"2","CNP0000460_P01N",70,1.2,"orig.ident",0.0222010783380907
"3","CNP0000460_P01N",75,1.2,"orig.ident",0.0303889789303079
"4","CNP0000460_P01N",1,1.2,"orig.ident",0.000407996736026112
"5","CNP0000460_P01N",32,1.2,"orig.ident",0.0135996600084998
"6","CNP0000460_P01N",0,1.2,"orig.ident",0
"7","CNP0000460_P01N",40,1.2,"orig.ident",0.0188146754468485
"8","CNP0000460_P01N",14,1.2,"orig.ident",0.00762942779291553
"9","CNP0000460_P01N",23,1.2,"orig.ident",0.0152621101526211
"10","CNP0000460_P01N",53,1.2,"orig.ident",0.0370111731843575
"11","CNP0000460_P01N",35,1.2,"orig.ident",0.0270061728395062
"12","CNP0000460_P01N",18,1.2,"orig.ident",0.0166204986149584
"13","CNP0000460_P01N",7,1.2,"orig.ident",0.00704934541792548
"14","CNP0000460_P01N",8,1.2,"orig.ident",0.00944510035419126
"15","CNP0000460_P01N",2,1.2,"orig.ident",0.00241837968561064
"16","CNP0000460_P01N",13,1.2,"orig.ident",0.0171730515191546
"17","CNP0000460_P01N",1,1.2,"orig.ident",0.00177619893428064
"18","CNP0000460_P01N",2,1.2,"orig.ident",0.00444444444444444
"19","CNP0000460_P01N",5,1.2,"orig.ident",0.0116009280742459
"20","CNP0000460_P01N",0,1.2,"orig.ident",0
"21","CNP0000460_P01N",7,1.2,"orig.ident",0.0325581395348837
"0","CNP0000460_P01T",53,1.2,"orig.ident",0.0103962338171832
"1","CNP0000460_P01T",25,1.2,"orig.ident",0.00678978815860945
"2","CNP0000460_P01T",23,1.2,"orig.ident",0.00729464002537266
"3","CNP0000460_P01T",57,1.2,"orig.ident",0.023095623987034
"4","CNP0000460_P01T",0,1.2,"orig.ident",0
"5","CNP0000460_P01T",29,1.2,"orig.ident",0.0123246918827029
"6","CNP0000460_P01T",0,1.2,"orig.ident",0
"7","CNP0000460_P01T",7,1.2,"orig.ident",0.00329256820319849
"8","CNP0000460_P01T",37,1.2,"orig.ident",0.0201634877384196
"9","CNP0000460_P01T",9,1.2,"orig.ident",0.0059721300597213
"10","CNP0000460_P01T",21,1.2,"orig.ident",0.0146648044692737
"11","CNP0000460_P01T",20,1.2,"orig.ident",0.0154320987654321
"12","CNP0000460_P01T",21,1.2,"orig.ident",0.0193905817174515
"13","CNP0000460_P01T",7,1.2,"orig.ident",0.00704934541792548
"14","CNP0000460_P01T",11,1.2,"orig.ident",0.012987012987013
"15","CNP0000460_P01T",2,1.2,"orig.ident",0.00241837968561064
"16","CNP0000460_P01T",5,1.2,"orig.ident",0.00660501981505945
"17","CNP0000460_P01T",3,1.2,"orig.ident",0.00532859680284192
"18","CNP0000460_P01T",1,1.2,"orig.ident",0.00222222222222222
"19","CNP0000460_P01T",4,1.2,"orig.ident",0.00928074245939675
"20","CNP0000460_P01T",0,1.2,"orig.ident",0
"21","CNP0000460_P01T",2,1.2,"orig.ident",0.00930232558139535
"0","CNP0000460_P02N",52,1.2,"orig.ident",0.010200078462142
"1","CNP0000460_P02N",9,1.2,"orig.ident",0.0024443237370994
"2","CNP0000460_P02N",28,1.2,"orig.ident",0.00888043133523628
"3","CNP0000460_P02N",29,1.2,"orig.ident",0.0117504051863857
"4","CNP0000460_P02N",0,1.2,"orig.ident",0
"5","CNP0000460_P02N",10,1.2,"orig.ident",0.00424989375265618
"6","CNP0000460_P02N",0,1.2,"orig.ident",0
"7","CNP0000460_P02N",17,1.2,"orig.ident",0.00799623706491063
"8","CNP0000460_P02N",2,1.2,"orig.ident",0.00108991825613079
"9","CNP0000460_P02N",4,1.2,"orig.ident",0.0026542800265428
"10","CNP0000460_P02N",11,1.2,"orig.ident",0.00768156424581006
"11","CNP0000460_P02N",6,1.2,"orig.ident",0.00462962962962963
"12","CNP0000460_P02N",10,1.2,"orig.ident",0.00923361034164358
"13","CNP0000460_P02N",8,1.2,"orig.ident",0.0080563947633434
"14","CNP0000460_P02N",2,1.2,"orig.ident",0.00236127508854782
"15","CNP0000460_P02N",2,1.2,"orig.ident",0.00241837968561064
"16","CNP0000460_P02N",4,1.2,"orig.ident",0.00528401585204756
"17","CNP0000460_P02N",1,1.2,"orig.ident",0.00177619893428064
"18","CNP0000460_P02N",24,1.2,"orig.ident",0.0533333333333333
"19","CNP0000460_P02N",1,1.2,"orig.ident",0.00232018561484919
"20","CNP0000460_P02N",0,1.2,"orig.ident",0
"21","CNP0000460_P02N",1,1.2,"orig.ident",0.00465116279069767
"0","CNP0000460_P02T",70,1.2,"orig.ident",0.0137308748528835
"1","CNP0000460_P02T",12,1.2,"orig.ident",0.00325909831613254
"2","CNP0000460_P02T",72,1.2,"orig.ident",0.0228353948620362
"3","CNP0000460_P02T",64,1.2,"orig.ident",0.0259319286871961
"4","CNP0000460_P02T",4,1.2,"orig.ident",0.00163198694410445
"5","CNP0000460_P02T",23,1.2,"orig.ident",0.00977475563110922
"6","CNP0000460_P02T",0,1.2,"orig.ident",0
"7","CNP0000460_P02T",3,1.2,"orig.ident",0.00141110065851364
"8","CNP0000460_P02T",45,1.2,"orig.ident",0.0245231607629428
"9","CNP0000460_P02T",13,1.2,"orig.ident",0.0086264100862641
"10","CNP0000460_P02T",33,1.2,"orig.ident",0.0230446927374302
"11","CNP0000460_P02T",21,1.2,"orig.ident",0.0162037037037037
"12","CNP0000460_P02T",34,1.2,"orig.ident",0.0313942751615882
"13","CNP0000460_P02T",78,1.2,"orig.ident",0.0785498489425982
"14","CNP0000460_P02T",14,1.2,"orig.ident",0.0165289256198347
"15","CNP0000460_P02T",2,1.2,"orig.ident",0.00241837968561064
"16","CNP0000460_P02T",17,1.2,"orig.ident",0.0224570673712021
"17","CNP0000460_P02T",1,1.2,"orig.ident",0.00177619893428064
"18","CNP0000460_P02T",10,1.2,"orig.ident",0.0222222222222222
"19","CNP0000460_P02T",7,1.2,"orig.ident",0.0162412993039443
"20","CNP0000460_P02T",0,1.2,"orig.ident",0
"21","CNP0000460_P02T",4,1.2,"orig.ident",0.0186046511627907
"0","CNP0000460_P03N",168,1.2,"orig.ident",0.0329540996469204
"1","CNP0000460_P03N",44,1.2,"orig.ident",0.0119500271591526
"2","CNP0000460_P03N",137,1.2,"orig.ident",0.0434506818902632
"3","CNP0000460_P03N",85,1.2,"orig.ident",0.0344408427876823
"4","CNP0000460_P03N",0,1.2,"orig.ident",0
"5","CNP0000460_P03N",53,1.2,"orig.ident",0.0225244368890778
"6","CNP0000460_P03N",0,1.2,"orig.ident",0
"7","CNP0000460_P03N",28,1.2,"orig.ident",0.013170272812794
"8","CNP0000460_P03N",16,1.2,"orig.ident",0.00871934604904632
"9","CNP0000460_P03N",16,1.2,"orig.ident",0.0106171201061712
"10","CNP0000460_P03N",54,1.2,"orig.ident",0.0377094972067039
"11","CNP0000460_P03N",24,1.2,"orig.ident",0.0185185185185185
"12","CNP0000460_P03N",36,1.2,"orig.ident",0.0332409972299169
"13","CNP0000460_P03N",12,1.2,"orig.ident",0.0120845921450151
"14","CNP0000460_P03N",10,1.2,"orig.ident",0.0118063754427391
"15","CNP0000460_P03N",0,1.2,"orig.ident",0
"16","CNP0000460_P03N",10,1.2,"orig.ident",0.0132100396301189
"17","CNP0000460_P03N",1,1.2,"orig.ident",0.00177619893428064
"18","CNP0000460_P03N",14,1.2,"orig.ident",0.0311111111111111
"19","CNP0000460_P03N",10,1.2,"orig.ident",0.0232018561484919
"20","CNP0000460_P03N",0,1.2,"orig.ident",0
"21","CNP0000460_P03N",1,1.2,"orig.ident",0.00465116279069767
"0","CNP0000460_P03T",194,1.2,"orig.ident",0.0380541388779914
"1","CNP0000460_P03T",57,1.2,"orig.ident",0.0154807170016295
"2","CNP0000460_P03T",271,1.2,"orig.ident",0.0859498889946083
"3","CNP0000460_P03T",132,1.2,"orig.ident",0.053484602917342
"4","CNP0000460_P03T",2,1.2,"orig.ident",0.000815993472052224
"5","CNP0000460_P03T",114,1.2,"orig.ident",0.0484487887802805
"6","CNP0000460_P03T",0,1.2,"orig.ident",0
"7","CNP0000460_P03T",32,1.2,"orig.ident",0.0150517403574788
"8","CNP0000460_P03T",72,1.2,"orig.ident",0.0392370572207085
"9","CNP0000460_P03T",21,1.2,"orig.ident",0.0139349701393497
"10","CNP0000460_P03T",94,1.2,"orig.ident",0.0656424581005587
"11","CNP0000460_P03T",55,1.2,"orig.ident",0.0424382716049383
"12","CNP0000460_P03T",38,1.2,"orig.ident",0.0350877192982456
"13","CNP0000460_P03T",32,1.2,"orig.ident",0.0322255790533736
"14","CNP0000460_P03T",59,1.2,"orig.ident",0.0696576151121606
"15","CNP0000460_P03T",4,1.2,"orig.ident",0.00483675937122128
"16","CNP0000460_P03T",16,1.2,"orig.ident",0.0211360634081902
"17","CNP0000460_P03T",3,1.2,"orig.ident",0.00532859680284192
"18","CNP0000460_P03T",5,1.2,"orig.ident",0.0111111111111111
"19","CNP0000460_P03T",15,1.2,"orig.ident",0.0348027842227378
"20","CNP0000460_P03T",0,1.2,"orig.ident",0
"21","CNP0000460_P03T",0,1.2,"orig.ident",0
"0","CNP0000460_P04T",33,1.2,"orig.ident",0.00647312671635936
"1","CNP0000460_P04T",65,1.2,"orig.ident",0.0176534492123846
"2","CNP0000460_P04T",79,1.2,"orig.ident",0.0250555026958452
"3","CNP0000460_P04T",22,1.2,"orig.ident",0.00891410048622366
"4","CNP0000460_P04T",0,1.2,"orig.ident",0
"5","CNP0000460_P04T",24,1.2,"orig.ident",0.0101997450063748
"6","CNP0000460_P04T",0,1.2,"orig.ident",0
"7","CNP0000460_P04T",40,1.2,"orig.ident",0.0188146754468485
"8","CNP0000460_P04T",24,1.2,"orig.ident",0.0130790190735695
"9","CNP0000460_P04T",21,1.2,"orig.ident",0.0139349701393497
"10","CNP0000460_P04T",41,1.2,"orig.ident",0.0286312849162011
"11","CNP0000460_P04T",14,1.2,"orig.ident",0.0108024691358025
"12","CNP0000460_P04T",5,1.2,"orig.ident",0.00461680517082179
"13","CNP0000460_P04T",20,1.2,"orig.ident",0.0201409869083585
"14","CNP0000460_P04T",34,1.2,"orig.ident",0.0401416765053129
"15","CNP0000460_P04T",4,1.2,"orig.ident",0.00483675937122128
"16","CNP0000460_P04T",13,1.2,"orig.ident",0.0171730515191546
"17","CNP0000460_P04T",8,1.2,"orig.ident",0.0142095914742451
"18","CNP0000460_P04T",3,1.2,"orig.ident",0.00666666666666667
"19","CNP0000460_P04T",12,1.2,"orig.ident",0.0278422273781903
"20","CNP0000460_P04T",1,1.2,"orig.ident",0.0045662100456621
"21","CNP0000460_P04T",2,1.2,"orig.ident",0.00930232558139535
"0","CNP0000460_P05N",58,1.2,"orig.ident",0.0113770105923892
"1","CNP0000460_P05N",27,1.2,"orig.ident",0.00733297121129821
"2","CNP0000460_P05N",84,1.2,"orig.ident",0.0266412940057088
"3","CNP0000460_P05N",32,1.2,"orig.ident",0.0129659643435981
"4","CNP0000460_P05N",1,1.2,"orig.ident",0.000407996736026112
"5","CNP0000460_P05N",16,1.2,"orig.ident",0.00679983000424989
"6","CNP0000460_P05N",0,1.2,"orig.ident",0
"7","CNP0000460_P05N",10,1.2,"orig.ident",0.00470366886171214
"8","CNP0000460_P05N",4,1.2,"orig.ident",0.00217983651226158
"9","CNP0000460_P05N",15,1.2,"orig.ident",0.0099535500995355
"10","CNP0000460_P05N",29,1.2,"orig.ident",0.0202513966480447
"11","CNP0000460_P05N",9,1.2,"orig.ident",0.00694444444444444
"12","CNP0000460_P05N",15,1.2,"orig.ident",0.0138504155124654
"13","CNP0000460_P05N",4,1.2,"orig.ident",0.0040281973816717
"14","CNP0000460_P05N",0,1.2,"orig.ident",0
"15","CNP0000460_P05N",0,1.2,"orig.ident",0
"16","CNP0000460_P05N",5,1.2,"orig.ident",0.00660501981505945
"17","CNP0000460_P05N",1,1.2,"orig.ident",0.00177619893428064
"18","CNP0000460_P05N",20,1.2,"orig.ident",0.0444444444444444
"19","CNP0000460_P05N",7,1.2,"orig.ident",0.0162412993039443
"20","CNP0000460_P05N",0,1.2,"orig.ident",0
"21","CNP0000460_P05N",3,1.2,"orig.ident",0.013953488372093
"0","CNP0000460_P05T",20,1.2,"orig.ident",0.00392310710082385
"1","CNP0000460_P05T",10,1.2,"orig.ident",0.00271591526344378
"2","CNP0000460_P05T",23,1.2,"orig.ident",0.00729464002537266
"3","CNP0000460_P05T",14,1.2,"orig.ident",0.00567260940032415
"4","CNP0000460_P05T",0,1.2,"orig.ident",0
"5","CNP0000460_P05T",2,1.2,"orig.ident",0.000849978750531237
"6","CNP0000460_P05T",0,1.2,"orig.ident",0
"7","CNP0000460_P05T",6,1.2,"orig.ident",0.00282220131702728
"8","CNP0000460_P05T",3,1.2,"orig.ident",0.00163487738419619
"9","CNP0000460_P05T",8,1.2,"orig.ident",0.0053085600530856
"10","CNP0000460_P05T",12,1.2,"orig.ident",0.00837988826815642
"11","CNP0000460_P05T",6,1.2,"orig.ident",0.00462962962962963
"12","CNP0000460_P05T",3,1.2,"orig.ident",0.00277008310249307
"13","CNP0000460_P05T",5,1.2,"orig.ident",0.00503524672708963
"14","CNP0000460_P05T",5,1.2,"orig.ident",0.00590318772136954
"15","CNP0000460_P05T",0,1.2,"orig.ident",0
"16","CNP0000460_P05T",4,1.2,"orig.ident",0.00528401585204756
"17","CNP0000460_P05T",1,1.2,"orig.ident",0.00177619893428064
"18","CNP0000460_P05T",3,1.2,"orig.ident",0.00666666666666667
"19","CNP0000460_P05T",1,1.2,"orig.ident",0.00232018561484919
"20","CNP0000460_P05T",0,1.2,"orig.ident",0
"21","CNP0000460_P05T",0,1.2,"orig.ident",0
"0","CNP0000460_P06T",24,1.2,"orig.ident",0.00470772852098862
"1","CNP0000460_P06T",151,1.2,"orig.ident",0.0410103204780011
"2","CNP0000460_P06T",82,1.2,"orig.ident",0.0260069774817634
"3","CNP0000460_P06T",23,1.2,"orig.ident",0.0093192868719611
"4","CNP0000460_P06T",0,1.2,"orig.ident",0
"5","CNP0000460_P06T",83,1.2,"orig.ident",0.0352741181470463
"6","CNP0000460_P06T",0,1.2,"orig.ident",0
"7","CNP0000460_P06T",47,1.2,"orig.ident",0.022107243650047
"8","CNP0000460_P06T",34,1.2,"orig.ident",0.0185286103542234
"9","CNP0000460_P06T",19,1.2,"orig.ident",0.0126078301260783
"10","CNP0000460_P06T",62,1.2,"orig.ident",0.0432960893854749
"11","CNP0000460_P06T",46,1.2,"orig.ident",0.0354938271604938
"12","CNP0000460_P06T",13,1.2,"orig.ident",0.0120036934441367
"13","CNP0000460_P06T",60,1.2,"orig.ident",0.0604229607250755
"14","CNP0000460_P06T",76,1.2,"orig.ident",0.089728453364817
"15","CNP0000460_P06T",5,1.2,"orig.ident",0.0060459492140266
"16","CNP0000460_P06T",29,1.2,"orig.ident",0.0383091149273448
"17","CNP0000460_P06T",1,1.2,"orig.ident",0.00177619893428064
"18","CNP0000460_P06T",7,1.2,"orig.ident",0.0155555555555556
"19","CNP0000460_P06T",8,1.2,"orig.ident",0.0185614849187935
"20","CNP0000460_P06T",0,1.2,"orig.ident",0
"21","CNP0000460_P06T",0,1.2,"orig.ident",0
"0","CNP0000460_P07N",316,1.2,"orig.ident",0.0619850921930169
"1","CNP0000460_P07N",51,1.2,"orig.ident",0.0138511678435633
"2","CNP0000460_P07N",88,1.2,"orig.ident",0.0279099270535997
"3","CNP0000460_P07N",141,1.2,"orig.ident",0.0571312803889789
"4","CNP0000460_P07N",1,1.2,"orig.ident",0.000407996736026112
"5","CNP0000460_P07N",16,1.2,"orig.ident",0.00679983000424989
"6","CNP0000460_P07N",0,1.2,"orig.ident",0
"7","CNP0000460_P07N",19,1.2,"orig.ident",0.00893697083725306
"8","CNP0000460_P07N",18,1.2,"orig.ident",0.00980926430517711
"9","CNP0000460_P07N",44,1.2,"orig.ident",0.0291970802919708
"10","CNP0000460_P07N",53,1.2,"orig.ident",0.0370111731843575
"11","CNP0000460_P07N",21,1.2,"orig.ident",0.0162037037037037
"12","CNP0000460_P07N",32,1.2,"orig.ident",0.0295475530932595
"13","CNP0000460_P07N",5,1.2,"orig.ident",0.00503524672708963
"14","CNP0000460_P07N",1,1.2,"orig.ident",0.00118063754427391
"15","CNP0000460_P07N",2,1.2,"orig.ident",0.00241837968561064
"16","CNP0000460_P07N",12,1.2,"orig.ident",0.0158520475561427
"17","CNP0000460_P07N",2,1.2,"orig.ident",0.00355239786856128
"18","CNP0000460_P07N",6,1.2,"orig.ident",0.0133333333333333
"19","CNP0000460_P07N",12,1.2,"orig.ident",0.0278422273781903
"20","CNP0000460_P07N",0,1.2,"orig.ident",0
"21","CNP0000460_P07N",9,1.2,"orig.ident",0.0418604651162791
"0","CNP0000460_P07T",33,1.2,"orig.ident",0.00647312671635936
"1","CNP0000460_P07T",57,1.2,"orig.ident",0.0154807170016295
"2","CNP0000460_P07T",41,1.2,"orig.ident",0.0130034887408817
"3","CNP0000460_P07T",42,1.2,"orig.ident",0.0170178282009724
"4","CNP0000460_P07T",3,1.2,"orig.ident",0.00122399020807834
"5","CNP0000460_P07T",23,1.2,"orig.ident",0.00977475563110922
"6","CNP0000460_P07T",0,1.2,"orig.ident",0
"7","CNP0000460_P07T",10,1.2,"orig.ident",0.00470366886171214
"8","CNP0000460_P07T",24,1.2,"orig.ident",0.0130790190735695
"9","CNP0000460_P07T",8,1.2,"orig.ident",0.0053085600530856
"10","CNP0000460_P07T",22,1.2,"orig.ident",0.0153631284916201
"11","CNP0000460_P07T",12,1.2,"orig.ident",0.00925925925925926
"12","CNP0000460_P07T",15,1.2,"orig.ident",0.0138504155124654
"13","CNP0000460_P07T",8,1.2,"orig.ident",0.0080563947633434
"14","CNP0000460_P07T",8,1.2,"orig.ident",0.00944510035419126
"15","CNP0000460_P07T",1,1.2,"orig.ident",0.00120918984280532
"16","CNP0000460_P07T",5,1.2,"orig.ident",0.00660501981505945
"17","CNP0000460_P07T",1,1.2,"orig.ident",0.00177619893428064
"18","CNP0000460_P07T",9,1.2,"orig.ident",0.02
"19","CNP0000460_P07T",6,1.2,"orig.ident",0.0139211136890951
"20","CNP0000460_P07T",0,1.2,"orig.ident",0
"21","CNP0000460_P07T",1,1.2,"orig.ident",0.00465116279069767
"0","GSE326225_BC1",1,1.2,"orig.ident",0.000196155355041193
"1","GSE326225_BC1",4,1.2,"orig.ident",0.00108636610537751
"2","GSE326225_BC1",4,1.2,"orig.ident",0.0012686330478909
"3","GSE326225_BC1",0,1.2,"orig.ident",0
"4","GSE326225_BC1",2,1.2,"orig.ident",0.000815993472052224
"5","GSE326225_BC1",12,1.2,"orig.ident",0.00509987250318742
"6","GSE326225_BC1",0,1.2,"orig.ident",0
"7","GSE326225_BC1",0,1.2,"orig.ident",0
"8","GSE326225_BC1",3,1.2,"orig.ident",0.00163487738419619
"9","GSE326225_BC1",0,1.2,"orig.ident",0
"10","GSE326225_BC1",0,1.2,"orig.ident",0
"11","GSE326225_BC1",4,1.2,"orig.ident",0.00308641975308642
"12","GSE326225_BC1",1,1.2,"orig.ident",0.000923361034164358
"13","GSE326225_BC1",0,1.2,"orig.ident",0
"14","GSE326225_BC1",10,1.2,"orig.ident",0.0118063754427391
"15","GSE326225_BC1",7,1.2,"orig.ident",0.00846432889963724
"16","GSE326225_BC1",1,1.2,"orig.ident",0.00132100396301189
"17","GSE326225_BC1",2,1.2,"orig.ident",0.00355239786856128
"18","GSE326225_BC1",1,1.2,"orig.ident",0.00222222222222222
"19","GSE326225_BC1",2,1.2,"orig.ident",0.00464037122969838
"20","GSE326225_BC1",1,1.2,"orig.ident",0.0045662100456621
"21","GSE326225_BC1",0,1.2,"orig.ident",0
"0","GSE326225_BC2",0,1.2,"orig.ident",0
"1","GSE326225_BC2",2,1.2,"orig.ident",0.000543183052688756
"2","GSE326225_BC2",0,1.2,"orig.ident",0
"3","GSE326225_BC2",0,1.2,"orig.ident",0
"4","GSE326225_BC2",0,1.2,"orig.ident",0
"5","GSE326225_BC2",3,1.2,"orig.ident",0.00127496812579686
"6","GSE326225_BC2",0,1.2,"orig.ident",0
"7","GSE326225_BC2",0,1.2,"orig.ident",0
"8","GSE326225_BC2",0,1.2,"orig.ident",0
"9","GSE326225_BC2",0,1.2,"orig.ident",0
"10","GSE326225_BC2",0,1.2,"orig.ident",0
"11","GSE326225_BC2",1,1.2,"orig.ident",0.000771604938271605
"12","GSE326225_BC2",0,1.2,"orig.ident",0
"13","GSE326225_BC2",0,1.2,"orig.ident",0
"14","GSE326225_BC2",0,1.2,"orig.ident",0
"15","GSE326225_BC2",2,1.2,"orig.ident",0.00241837968561064
"16","GSE326225_BC2",0,1.2,"orig.ident",0
"17","GSE326225_BC2",0,1.2,"orig.ident",0
"18","GSE326225_BC2",0,1.2,"orig.ident",0
"19","GSE326225_BC2",1,1.2,"orig.ident",0.00232018561484919
"20","GSE326225_BC2",0,1.2,"orig.ident",0
"21","GSE326225_BC2",0,1.2,"orig.ident",0
"0","GSE326225_BC3",0,1.2,"orig.ident",0
"1","GSE326225_BC3",16,1.2,"orig.ident",0.00434546442151005
"2","GSE326225_BC3",15,1.2,"orig.ident",0.00475737392959087
"3","GSE326225_BC3",0,1.2,"orig.ident",0
"4","GSE326225_BC3",0,1.2,"orig.ident",0
"5","GSE326225_BC3",26,1.2,"orig.ident",0.0110497237569061
"6","GSE326225_BC3",3,1.2,"orig.ident",0.0013953488372093
"7","GSE326225_BC3",1,1.2,"orig.ident",0.000470366886171214
"8","GSE326225_BC3",16,1.2,"orig.ident",0.00871934604904632
"9","GSE326225_BC3",0,1.2,"orig.ident",0
"10","GSE326225_BC3",4,1.2,"orig.ident",0.00279329608938547
"11","GSE326225_BC3",20,1.2,"orig.ident",0.0154320987654321
"12","GSE326225_BC3",2,1.2,"orig.ident",0.00184672206832872
"13","GSE326225_BC3",3,1.2,"orig.ident",0.00302114803625378
"14","GSE326225_BC3",7,1.2,"orig.ident",0.00826446280991736
"15","GSE326225_BC3",8,1.2,"orig.ident",0.00967351874244256
"16","GSE326225_BC3",2,1.2,"orig.ident",0.00264200792602378
"17","GSE326225_BC3",3,1.2,"orig.ident",0.00532859680284192
"18","GSE326225_BC3",1,1.2,"orig.ident",0.00222222222222222
"19","GSE326225_BC3",6,1.2,"orig.ident",0.0139211136890951
"20","GSE326225_BC3",3,1.2,"orig.ident",0.0136986301369863
"21","GSE326225_BC3",0,1.2,"orig.ident",0
"0","GSE326225_BC4",5,1.2,"orig.ident",0.000980776775205963
"1","GSE326225_BC4",30,1.2,"orig.ident",0.00814774579033134
"2","GSE326225_BC4",7,1.2,"orig.ident",0.00222010783380907
"3","GSE326225_BC4",2,1.2,"orig.ident",0.000810372771474878
"4","GSE326225_BC4",15,1.2,"orig.ident",0.00611995104039168
"5","GSE326225_BC4",45,1.2,"orig.ident",0.0191245218869528
"6","GSE326225_BC4",7,1.2,"orig.ident",0.00325581395348837
"7","GSE326225_BC4",3,1.2,"orig.ident",0.00141110065851364
"8","GSE326225_BC4",17,1.2,"orig.ident",0.00926430517711172
"9","GSE326225_BC4",2,1.2,"orig.ident",0.0013271400132714
"10","GSE326225_BC4",1,1.2,"orig.ident",0.000698324022346369
"11","GSE326225_BC4",16,1.2,"orig.ident",0.0123456790123457
"12","GSE326225_BC4",2,1.2,"orig.ident",0.00184672206832872
"13","GSE326225_BC4",3,1.2,"orig.ident",0.00302114803625378
"14","GSE326225_BC4",8,1.2,"orig.ident",0.00944510035419126
"15","GSE326225_BC4",28,1.2,"orig.ident",0.033857315598549
"16","GSE326225_BC4",1,1.2,"orig.ident",0.00132100396301189
"17","GSE326225_BC4",23,1.2,"orig.ident",0.0408525754884547
"18","GSE326225_BC4",5,1.2,"orig.ident",0.0111111111111111
"19","GSE326225_BC4",10,1.2,"orig.ident",0.0232018561484919
"20","GSE326225_BC4",5,1.2,"orig.ident",0.0228310502283105
"21","GSE326225_BC4",3,1.2,"orig.ident",0.013953488372093
"0","GSE326225_BC5",0,1.2,"orig.ident",0
"1","GSE326225_BC5",6,1.2,"orig.ident",0.00162954915806627
"2","GSE326225_BC5",0,1.2,"orig.ident",0
"3","GSE326225_BC5",0,1.2,"orig.ident",0
"4","GSE326225_BC5",2,1.2,"orig.ident",0.000815993472052224
"5","GSE326225_BC5",7,1.2,"orig.ident",0.00297492562685933
"6","GSE326225_BC5",0,1.2,"orig.ident",0
"7","GSE326225_BC5",0,1.2,"orig.ident",0
"8","GSE326225_BC5",5,1.2,"orig.ident",0.00272479564032698
"9","GSE326225_BC5",0,1.2,"orig.ident",0
"10","GSE326225_BC5",0,1.2,"orig.ident",0
"11","GSE326225_BC5",3,1.2,"orig.ident",0.00231481481481481
"12","GSE326225_BC5",0,1.2,"orig.ident",0
"13","GSE326225_BC5",0,1.2,"orig.ident",0
"14","GSE326225_BC5",16,1.2,"orig.ident",0.0188902007083825
"15","GSE326225_BC5",8,1.2,"orig.ident",0.00967351874244256
"16","GSE326225_BC5",0,1.2,"orig.ident",0
"17","GSE326225_BC5",3,1.2,"orig.ident",0.00532859680284192
"18","GSE326225_BC5",0,1.2,"orig.ident",0
"19","GSE326225_BC5",1,1.2,"orig.ident",0.00232018561484919
"20","GSE326225_BC5",1,1.2,"orig.ident",0.0045662100456621
"21","GSE326225_BC5",0,1.2,"orig.ident",0
"0","GSE326225_BC6",15,1.2,"orig.ident",0.00294233032561789
"1","GSE326225_BC6",45,1.2,"orig.ident",0.012221618685497
"2","GSE326225_BC6",41,1.2,"orig.ident",0.0130034887408817
"3","GSE326225_BC6",18,1.2,"orig.ident",0.00729335494327391
"4","GSE326225_BC6",4,1.2,"orig.ident",0.00163198694410445
"5","GSE326225_BC6",66,1.2,"orig.ident",0.0280492987675308
"6","GSE326225_BC6",26,1.2,"orig.ident",0.012093023255814
"7","GSE326225_BC6",3,1.2,"orig.ident",0.00141110065851364
"8","GSE326225_BC6",65,1.2,"orig.ident",0.0354223433242507
"9","GSE326225_BC6",1,1.2,"orig.ident",0.0006635700066357
"10","GSE326225_BC6",5,1.2,"orig.ident",0.00349162011173184
"11","GSE326225_BC6",17,1.2,"orig.ident",0.0131172839506173
"12","GSE326225_BC6",8,1.2,"orig.ident",0.00738688827331487
"13","GSE326225_BC6",14,1.2,"orig.ident",0.014098690835851
"14","GSE326225_BC6",8,1.2,"orig.ident",0.00944510035419126
"15","GSE326225_BC6",100,1.2,"orig.ident",0.120918984280532
"16","GSE326225_BC6",10,1.2,"orig.ident",0.0132100396301189
"17","GSE326225_BC6",35,1.2,"orig.ident",0.0621669626998224
"18","GSE326225_BC6",6,1.2,"orig.ident",0.0133333333333333
"19","GSE326225_BC6",11,1.2,"orig.ident",0.0255220417633411
"20","GSE326225_BC6",9,1.2,"orig.ident",0.0410958904109589
"21","GSE326225_BC6",0,1.2,"orig.ident",0
"0","GSE326225_BC7",7,1.2,"orig.ident",0.00137308748528835
"1","GSE326225_BC7",6,1.2,"orig.ident",0.00162954915806627
"2","GSE326225_BC7",6,1.2,"orig.ident",0.00190294957183635
"3","GSE326225_BC7",0,1.2,"orig.ident",0
"4","GSE326225_BC7",1,1.2,"orig.ident",0.000407996736026112
"5","GSE326225_BC7",8,1.2,"orig.ident",0.00339991500212495
"6","GSE326225_BC7",1,1.2,"orig.ident",0.000465116279069767
"7","GSE326225_BC7",2,1.2,"orig.ident",0.000940733772342427
"8","GSE326225_BC7",0,1.2,"orig.ident",0
"9","GSE326225_BC7",0,1.2,"orig.ident",0
"10","GSE326225_BC7",0,1.2,"orig.ident",0
"11","GSE326225_BC7",5,1.2,"orig.ident",0.00385802469135802
"12","GSE326225_BC7",1,1.2,"orig.ident",0.000923361034164358
"13","GSE326225_BC7",0,1.2,"orig.ident",0
"14","GSE326225_BC7",0,1.2,"orig.ident",0
"15","GSE326225_BC7",7,1.2,"orig.ident",0.00846432889963724
"16","GSE326225_BC7",0,1.2,"orig.ident",0
"17","GSE326225_BC7",3,1.2,"orig.ident",0.00532859680284192
"18","GSE326225_BC7",5,1.2,"orig.ident",0.0111111111111111
"19","GSE326225_BC7",4,1.2,"orig.ident",0.00928074245939675
"20","GSE326225_BC7",3,1.2,"orig.ident",0.0136986301369863
"21","GSE326225_BC7",0,1.2,"orig.ident",0
"0","GSE326225_BC8",1,1.2,"orig.ident",0.000196155355041193
"1","GSE326225_BC8",4,1.2,"orig.ident",0.00108636610537751
"2","GSE326225_BC8",7,1.2,"orig.ident",0.00222010783380907
"3","GSE326225_BC8",0,1.2,"orig.ident",0
"4","GSE326225_BC8",0,1.2,"orig.ident",0
"5","GSE326225_BC8",6,1.2,"orig.ident",0.00254993625159371
"6","GSE326225_BC8",0,1.2,"orig.ident",0
"7","GSE326225_BC8",0,1.2,"orig.ident",0
"8","GSE326225_BC8",1,1.2,"orig.ident",0.000544959128065395
"9","GSE326225_BC8",0,1.2,"orig.ident",0
"10","GSE326225_BC8",0,1.2,"orig.ident",0
"11","GSE326225_BC8",0,1.2,"orig.ident",0
"12","GSE326225_BC8",0,1.2,"orig.ident",0
"13","GSE326225_BC8",7,1.2,"orig.ident",0.00704934541792548
"14","GSE326225_BC8",0,1.2,"orig.ident",0
"15","GSE326225_BC8",8,1.2,"orig.ident",0.00967351874244256
"16","GSE326225_BC8",0,1.2,"orig.ident",0
"17","GSE326225_BC8",2,1.2,"orig.ident",0.00355239786856128
"18","GSE326225_BC8",3,1.2,"orig.ident",0.00666666666666667
"19","GSE326225_BC8",3,1.2,"orig.ident",0.00696055684454756
"20","GSE326225_BC8",0,1.2,"orig.ident",0
"21","GSE326225_BC8",0,1.2,"orig.ident",0
"0","HRA003620_BC-01",4,1.2,"orig.ident",0.00078462142016477
"1","HRA003620_BC-01",27,1.2,"orig.ident",0.00733297121129821
"2","HRA003620_BC-01",30,1.2,"orig.ident",0.00951474785918173
"3","HRA003620_BC-01",5,1.2,"orig.ident",0.0020259319286872
"4","HRA003620_BC-01",1,1.2,"orig.ident",0.000407996736026112
"5","HRA003620_BC-01",14,1.2,"orig.ident",0.00594985125371866
"6","HRA003620_BC-01",0,1.2,"orig.ident",0
"7","HRA003620_BC-01",35,1.2,"orig.ident",0.0164628410159925
"8","HRA003620_BC-01",8,1.2,"orig.ident",0.00435967302452316
"9","HRA003620_BC-01",11,1.2,"orig.ident",0.0072992700729927
"10","HRA003620_BC-01",18,1.2,"orig.ident",0.0125698324022346
"11","HRA003620_BC-01",3,1.2,"orig.ident",0.00231481481481481
"12","HRA003620_BC-01",13,1.2,"orig.ident",0.0120036934441367
"13","HRA003620_BC-01",13,1.2,"orig.ident",0.013091641490433
"14","HRA003620_BC-01",4,1.2,"orig.ident",0.00472255017709563
"15","HRA003620_BC-01",5,1.2,"orig.ident",0.0060459492140266
"16","HRA003620_BC-01",7,1.2,"orig.ident",0.00924702774108322
"17","HRA003620_BC-01",8,1.2,"orig.ident",0.0142095914742451
"18","HRA003620_BC-01",9,1.2,"orig.ident",0.02
"19","HRA003620_BC-01",1,1.2,"orig.ident",0.00232018561484919
"20","HRA003620_BC-01",1,1.2,"orig.ident",0.0045662100456621
"21","HRA003620_BC-01",1,1.2,"orig.ident",0.00465116279069767
"0","HRA003620_BC-04",114,1.2,"orig.ident",0.022361710474696
"1","HRA003620_BC-04",116,1.2,"orig.ident",0.0315046170559479
"2","HRA003620_BC-04",31,1.2,"orig.ident",0.00983190612115446
"3","HRA003620_BC-04",38,1.2,"orig.ident",0.0153970826580227
"4","HRA003620_BC-04",0,1.2,"orig.ident",0
"5","HRA003620_BC-04",89,1.2,"orig.ident",0.03782405439864
"6","HRA003620_BC-04",0,1.2,"orig.ident",0
"7","HRA003620_BC-04",58,1.2,"orig.ident",0.0272812793979304
"8","HRA003620_BC-04",58,1.2,"orig.ident",0.0316076294277929
"9","HRA003620_BC-04",49,1.2,"orig.ident",0.0325149303251493
"10","HRA003620_BC-04",46,1.2,"orig.ident",0.032122905027933
"11","HRA003620_BC-04",93,1.2,"orig.ident",0.0717592592592593
"12","HRA003620_BC-04",18,1.2,"orig.ident",0.0166204986149584
"13","HRA003620_BC-04",6,1.2,"orig.ident",0.00604229607250755
"14","HRA003620_BC-04",84,1.2,"orig.ident",0.0991735537190083
"15","HRA003620_BC-04",8,1.2,"orig.ident",0.00967351874244256
"16","HRA003620_BC-04",7,1.2,"orig.ident",0.00924702774108322
"17","HRA003620_BC-04",2,1.2,"orig.ident",0.00355239786856128
"18","HRA003620_BC-04",0,1.2,"orig.ident",0
"19","HRA003620_BC-04",0,1.2,"orig.ident",0
"20","HRA003620_BC-04",1,1.2,"orig.ident",0.0045662100456621
"21","HRA003620_BC-04",0,1.2,"orig.ident",0
"0","HRA003620_BC-05",43,1.2,"orig.ident",0.00843468026677128
"1","HRA003620_BC-05",30,1.2,"orig.ident",0.00814774579033134
"2","HRA003620_BC-05",58,1.2,"orig.ident",0.018395179194418
"3","HRA003620_BC-05",29,1.2,"orig.ident",0.0117504051863857
"4","HRA003620_BC-05",2,1.2,"orig.ident",0.000815993472052224
"5","HRA003620_BC-05",21,1.2,"orig.ident",0.00892477688057799
"6","HRA003620_BC-05",0,1.2,"orig.ident",0
"7","HRA003620_BC-05",76,1.2,"orig.ident",0.0357478833490122
"8","HRA003620_BC-05",27,1.2,"orig.ident",0.0147138964577657
"9","HRA003620_BC-05",40,1.2,"orig.ident",0.026542800265428
"10","HRA003620_BC-05",26,1.2,"orig.ident",0.0181564245810056
"11","HRA003620_BC-05",6,1.2,"orig.ident",0.00462962962962963
"12","HRA003620_BC-05",11,1.2,"orig.ident",0.0101569713758079
"13","HRA003620_BC-05",31,1.2,"orig.ident",0.0312185297079557
"14","HRA003620_BC-05",5,1.2,"orig.ident",0.00590318772136954
"15","HRA003620_BC-05",22,1.2,"orig.ident",0.026602176541717
"16","HRA003620_BC-05",15,1.2,"orig.ident",0.0198150594451783
"17","HRA003620_BC-05",13,1.2,"orig.ident",0.0230905861456483
"18","HRA003620_BC-05",15,1.2,"orig.ident",0.0333333333333333
"19","HRA003620_BC-05",6,1.2,"orig.ident",0.0139211136890951
"20","HRA003620_BC-05",2,1.2,"orig.ident",0.0091324200913242
"21","HRA003620_BC-05",10,1.2,"orig.ident",0.0465116279069767
"0","HRA003620_BC-11",22,1.2,"orig.ident",0.00431541781090624
"1","HRA003620_BC-11",55,1.2,"orig.ident",0.0149375339489408
"2","HRA003620_BC-11",37,1.2,"orig.ident",0.0117348556929908
"3","HRA003620_BC-11",19,1.2,"orig.ident",0.00769854132901134
"4","HRA003620_BC-11",10,1.2,"orig.ident",0.00407996736026112
"5","HRA003620_BC-11",27,1.2,"orig.ident",0.0114747131321717
"6","HRA003620_BC-11",0,1.2,"orig.ident",0
"7","HRA003620_BC-11",120,1.2,"orig.ident",0.0564440263405456
"8","HRA003620_BC-11",38,1.2,"orig.ident",0.020708446866485
"9","HRA003620_BC-11",37,1.2,"orig.ident",0.0245520902455209
"10","HRA003620_BC-11",28,1.2,"orig.ident",0.0195530726256983
"11","HRA003620_BC-11",16,1.2,"orig.ident",0.0123456790123457
"12","HRA003620_BC-11",25,1.2,"orig.ident",0.023084025854109
"13","HRA003620_BC-11",25,1.2,"orig.ident",0.0251762336354481
"14","HRA003620_BC-11",10,1.2,"orig.ident",0.0118063754427391
"15","HRA003620_BC-11",25,1.2,"orig.ident",0.030229746070133
"16","HRA003620_BC-11",19,1.2,"orig.ident",0.0250990752972259
"17","HRA003620_BC-11",13,1.2,"orig.ident",0.0230905861456483
"18","HRA003620_BC-11",4,1.2,"orig.ident",0.00888888888888889
"19","HRA003620_BC-11",5,1.2,"orig.ident",0.0116009280742459
"20","HRA003620_BC-11",4,1.2,"orig.ident",0.0182648401826484
"21","HRA003620_BC-11",6,1.2,"orig.ident",0.027906976744186
"0","HRA003620_BC-24",29,1.2,"orig.ident",0.00568850529619459
"1","HRA003620_BC-24",71,1.2,"orig.ident",0.0192829983704508
"2","HRA003620_BC-24",13,1.2,"orig.ident",0.00412305740564542
"3","HRA003620_BC-24",20,1.2,"orig.ident",0.00810372771474878
"4","HRA003620_BC-24",1,1.2,"orig.ident",0.000407996736026112
"5","HRA003620_BC-24",44,1.2,"orig.ident",0.0186995325116872
"6","HRA003620_BC-24",0,1.2,"orig.ident",0
"7","HRA003620_BC-24",60,1.2,"orig.ident",0.0282220131702728
"8","HRA003620_BC-24",12,1.2,"orig.ident",0.00653950953678474
"9","HRA003620_BC-24",29,1.2,"orig.ident",0.0192435301924353
"10","HRA003620_BC-24",33,1.2,"orig.ident",0.0230446927374302
"11","HRA003620_BC-24",57,1.2,"orig.ident",0.0439814814814815
"12","HRA003620_BC-24",5,1.2,"orig.ident",0.00461680517082179
"13","HRA003620_BC-24",1,1.2,"orig.ident",0.00100704934541793
"14","HRA003620_BC-24",10,1.2,"orig.ident",0.0118063754427391
"15","HRA003620_BC-24",18,1.2,"orig.ident",0.0217654171704958
"16","HRA003620_BC-24",3,1.2,"orig.ident",0.00396301188903567
"17","HRA003620_BC-24",4,1.2,"orig.ident",0.00710479573712256
"18","HRA003620_BC-24",0,1.2,"orig.ident",0
"19","HRA003620_BC-24",4,1.2,"orig.ident",0.00928074245939675
"20","HRA003620_BC-24",0,1.2,"orig.ident",0
"21","HRA003620_BC-24",1,1.2,"orig.ident",0.00465116279069767
"0","HRA003620_BC-27",20,1.2,"orig.ident",0.00392310710082385
"1","HRA003620_BC-27",38,1.2,"orig.ident",0.0103204780010864
"2","HRA003620_BC-27",46,1.2,"orig.ident",0.0145892800507453
"3","HRA003620_BC-27",11,1.2,"orig.ident",0.00445705024311183
"4","HRA003620_BC-27",1,1.2,"orig.ident",0.000407996736026112
"5","HRA003620_BC-27",20,1.2,"orig.ident",0.00849978750531237
"6","HRA003620_BC-27",0,1.2,"orig.ident",0
"7","HRA003620_BC-27",41,1.2,"orig.ident",0.0192850423330198
"8","HRA003620_BC-27",14,1.2,"orig.ident",0.00762942779291553
"9","HRA003620_BC-27",9,1.2,"orig.ident",0.0059721300597213
"10","HRA003620_BC-27",18,1.2,"orig.ident",0.0125698324022346
"11","HRA003620_BC-27",33,1.2,"orig.ident",0.025462962962963
"12","HRA003620_BC-27",11,1.2,"orig.ident",0.0101569713758079
"13","HRA003620_BC-27",5,1.2,"orig.ident",0.00503524672708963
"14","HRA003620_BC-27",6,1.2,"orig.ident",0.00708382526564345
"15","HRA003620_BC-27",10,1.2,"orig.ident",0.0120918984280532
"16","HRA003620_BC-27",4,1.2,"orig.ident",0.00528401585204756
"17","HRA003620_BC-27",3,1.2,"orig.ident",0.00532859680284192
"18","HRA003620_BC-27",2,1.2,"orig.ident",0.00444444444444444
"19","HRA003620_BC-27",1,1.2,"orig.ident",0.00232018561484919
"20","HRA003620_BC-27",0,1.2,"orig.ident",0
"21","HRA003620_BC-27",1,1.2,"orig.ident",0.00465116279069767
"0","HRA003620_BC-30",113,1.2,"orig.ident",0.0221655551196548
"1","HRA003620_BC-30",189,1.2,"orig.ident",0.0513307984790875
"2","HRA003620_BC-30",167,1.2,"orig.ident",0.052965429749445
"3","HRA003620_BC-30",73,1.2,"orig.ident",0.0295786061588331
"4","HRA003620_BC-30",9,1.2,"orig.ident",0.00367197062423501
"5","HRA003620_BC-30",150,1.2,"orig.ident",0.0637484062898428
"6","HRA003620_BC-30",0,1.2,"orig.ident",0
"7","HRA003620_BC-30",112,1.2,"orig.ident",0.0526810912511759
"8","HRA003620_BC-30",195,1.2,"orig.ident",0.106267029972752
"9","HRA003620_BC-30",37,1.2,"orig.ident",0.0245520902455209
"10","HRA003620_BC-30",79,1.2,"orig.ident",0.0551675977653631
"11","HRA003620_BC-30",163,1.2,"orig.ident",0.125771604938272
"12","HRA003620_BC-30",92,1.2,"orig.ident",0.084949215143121
"13","HRA003620_BC-30",26,1.2,"orig.ident",0.0261832829808661
"14","HRA003620_BC-30",57,1.2,"orig.ident",0.0672963400236127
"15","HRA003620_BC-30",88,1.2,"orig.ident",0.106408706166868
"16","HRA003620_BC-30",23,1.2,"orig.ident",0.0303830911492734
"17","HRA003620_BC-30",63,1.2,"orig.ident",0.11190053285968
"18","HRA003620_BC-30",1,1.2,"orig.ident",0.00222222222222222
"19","HRA003620_BC-30",33,1.2,"orig.ident",0.0765661252900232
"20","HRA003620_BC-30",16,1.2,"orig.ident",0.0730593607305936
"21","HRA003620_BC-30",20,1.2,"orig.ident",0.0930232558139535
"0","HRA003620_NC-01",355,1.2,"orig.ident",0.0696351510396234
"1","HRA003620_NC-01",16,1.2,"orig.ident",0.00434546442151005
"2","HRA003620_NC-01",100,1.2,"orig.ident",0.0317158261972724
"3","HRA003620_NC-01",124,1.2,"orig.ident",0.0502431118314425
"4","HRA003620_NC-01",1,1.2,"orig.ident",0.000407996736026112
"5","HRA003620_NC-01",3,1.2,"orig.ident",0.00127496812579686
"6","HRA003620_NC-01",0,1.2,"orig.ident",0
"7","HRA003620_NC-01",63,1.2,"orig.ident",0.0296331138287865
"8","HRA003620_NC-01",3,1.2,"orig.ident",0.00163487738419619
"9","HRA003620_NC-01",38,1.2,"orig.ident",0.0252156602521566
"10","HRA003620_NC-01",20,1.2,"orig.ident",0.0139664804469274
"11","HRA003620_NC-01",3,1.2,"orig.ident",0.00231481481481481
"12","HRA003620_NC-01",77,1.2,"orig.ident",0.0710987996306556
"13","HRA003620_NC-01",55,1.2,"orig.ident",0.0553877139979859
"14","HRA003620_NC-01",0,1.2,"orig.ident",0
"15","HRA003620_NC-01",24,1.2,"orig.ident",0.0290205562273277
"16","HRA003620_NC-01",15,1.2,"orig.ident",0.0198150594451783
"17","HRA003620_NC-01",10,1.2,"orig.ident",0.0177619893428064
"18","HRA003620_NC-01",11,1.2,"orig.ident",0.0244444444444444
"19","HRA003620_NC-01",4,1.2,"orig.ident",0.00928074245939675
"20","HRA003620_NC-01",0,1.2,"orig.ident",0
"21","HRA003620_NC-01",1,1.2,"orig.ident",0.00465116279069767
"0","HRA003620_NC-04",1123,1.2,"orig.ident",0.220282463711259
"1","HRA003620_NC-04",10,1.2,"orig.ident",0.00271591526344378
"2","HRA003620_NC-04",51,1.2,"orig.ident",0.0161750713606089
"3","HRA003620_NC-04",472,1.2,"orig.ident",0.191247974068071
"4","HRA003620_NC-04",13,1.2,"orig.ident",0.00530395756833945
"5","HRA003620_NC-04",1,1.2,"orig.ident",0.000424989375265618
"6","HRA003620_NC-04",0,1.2,"orig.ident",0
"7","HRA003620_NC-04",148,1.2,"orig.ident",0.0696142991533396
"8","HRA003620_NC-04",6,1.2,"orig.ident",0.00326975476839237
"9","HRA003620_NC-04",135,1.2,"orig.ident",0.0895819508958195
"10","HRA003620_NC-04",56,1.2,"orig.ident",0.0391061452513966
"11","HRA003620_NC-04",2,1.2,"orig.ident",0.00154320987654321
"12","HRA003620_NC-04",149,1.2,"orig.ident",0.137580794090489
"13","HRA003620_NC-04",7,1.2,"orig.ident",0.00704934541792548
"14","HRA003620_NC-04",0,1.2,"orig.ident",0
"15","HRA003620_NC-04",42,1.2,"orig.ident",0.0507859733978235
"16","HRA003620_NC-04",10,1.2,"orig.ident",0.0132100396301189
"17","HRA003620_NC-04",1,1.2,"orig.ident",0.00177619893428064
"18","HRA003620_NC-04",2,1.2,"orig.ident",0.00444444444444444
"19","HRA003620_NC-04",6,1.2,"orig.ident",0.0139211136890951
"20","HRA003620_NC-04",0,1.2,"orig.ident",0
"21","HRA003620_NC-04",2,1.2,"orig.ident",0.00930232558139535
"0","HRA003620_NC-05",312,1.2,"orig.ident",0.0612004707728521
"1","HRA003620_NC-05",136,1.2,"orig.ident",0.0369364475828354
"2","HRA003620_NC-05",251,1.2,"orig.ident",0.0796067237551538
"3","HRA003620_NC-05",223,1.2,"orig.ident",0.0903565640194489
"4","HRA003620_NC-05",2,1.2,"orig.ident",0.000815993472052224
"5","HRA003620_NC-05",37,1.2,"orig.ident",0.0157246068848279
"6","HRA003620_NC-05",0,1.2,"orig.ident",0
"7","HRA003620_NC-05",214,1.2,"orig.ident",0.10065851364064
"8","HRA003620_NC-05",99,1.2,"orig.ident",0.0539509536784741
"9","HRA003620_NC-05",167,1.2,"orig.ident",0.110816191108162
"10","HRA003620_NC-05",127,1.2,"orig.ident",0.0886871508379888
"11","HRA003620_NC-05",25,1.2,"orig.ident",0.0192901234567901
"12","HRA003620_NC-05",124,1.2,"orig.ident",0.11449676823638
"13","HRA003620_NC-05",36,1.2,"orig.ident",0.0362537764350453
"14","HRA003620_NC-05",64,1.2,"orig.ident",0.0755608028335301
"15","HRA003620_NC-05",31,1.2,"orig.ident",0.0374848851269649
"16","HRA003620_NC-05",49,1.2,"orig.ident",0.0647291941875826
"17","HRA003620_NC-05",14,1.2,"orig.ident",0.024866785079929
"18","HRA003620_NC-05",39,1.2,"orig.ident",0.0866666666666667
"19","HRA003620_NC-05",10,1.2,"orig.ident",0.0232018561484919
"20","HRA003620_NC-05",1,1.2,"orig.ident",0.0045662100456621
"21","HRA003620_NC-05",28,1.2,"orig.ident",0.130232558139535
"0","HRA003620_NC-11",201,1.2,"orig.ident",0.0394272263632797
"1","HRA003620_NC-11",34,1.2,"orig.ident",0.00923411189570885
"2","HRA003620_NC-11",84,1.2,"orig.ident",0.0266412940057088
"3","HRA003620_NC-11",83,1.2,"orig.ident",0.0336304700162075
"4","HRA003620_NC-11",14,1.2,"orig.ident",0.00571195430436556
"5","HRA003620_NC-11",4,1.2,"orig.ident",0.00169995750106247
"6","HRA003620_NC-11",0,1.2,"orig.ident",0
"7","HRA003620_NC-11",135,1.2,"orig.ident",0.0634995296331138
"8","HRA003620_NC-11",9,1.2,"orig.ident",0.00490463215258856
"9","HRA003620_NC-11",150,1.2,"orig.ident",0.099535500995355
"10","HRA003620_NC-11",28,1.2,"orig.ident",0.0195530726256983
"11","HRA003620_NC-11",0,1.2,"orig.ident",0
"12","HRA003620_NC-11",27,1.2,"orig.ident",0.0249307479224377
"13","HRA003620_NC-11",38,1.2,"orig.ident",0.0382678751258812
"14","HRA003620_NC-11",1,1.2,"orig.ident",0.00118063754427391
"15","HRA003620_NC-11",31,1.2,"orig.ident",0.0374848851269649
"16","HRA003620_NC-11",70,1.2,"orig.ident",0.0924702774108322
"17","HRA003620_NC-11",4,1.2,"orig.ident",0.00710479573712256
"18","HRA003620_NC-11",12,1.2,"orig.ident",0.0266666666666667
"19","HRA003620_NC-11",1,1.2,"orig.ident",0.00232018561484919
"20","HRA003620_NC-11",5,1.2,"orig.ident",0.0228310502283105
"21","HRA003620_NC-11",33,1.2,"orig.ident",0.153488372093023
"0","HRA003620_NC-24",22,1.2,"orig.ident",0.00431541781090624
"1","HRA003620_NC-24",112,1.2,"orig.ident",0.0304182509505703
"2","HRA003620_NC-24",57,1.2,"orig.ident",0.0180780209324453
"3","HRA003620_NC-24",20,1.2,"orig.ident",0.00810372771474878
"4","HRA003620_NC-24",0,1.2,"orig.ident",0
"5","HRA003620_NC-24",18,1.2,"orig.ident",0.00764980875478113
"6","HRA003620_NC-24",0,1.2,"orig.ident",0
"7","HRA003620_NC-24",32,1.2,"orig.ident",0.0150517403574788
"8","HRA003620_NC-24",4,1.2,"orig.ident",0.00217983651226158
"9","HRA003620_NC-24",27,1.2,"orig.ident",0.0179163901791639
"10","HRA003620_NC-24",85,1.2,"orig.ident",0.0593575418994413
"11","HRA003620_NC-24",27,1.2,"orig.ident",0.0208333333333333
"12","HRA003620_NC-24",10,1.2,"orig.ident",0.00923361034164358
"13","HRA003620_NC-24",2,1.2,"orig.ident",0.00201409869083585
"14","HRA003620_NC-24",0,1.2,"orig.ident",0
"15","HRA003620_NC-24",3,1.2,"orig.ident",0.00362756952841596
"16","HRA003620_NC-24",6,1.2,"orig.ident",0.00792602377807133
"17","HRA003620_NC-24",2,1.2,"orig.ident",0.00355239786856128
"18","HRA003620_NC-24",0,1.2,"orig.ident",0
"19","HRA003620_NC-24",4,1.2,"orig.ident",0.00928074245939675
"20","HRA003620_NC-24",0,1.2,"orig.ident",0
"21","HRA003620_NC-24",1,1.2,"orig.ident",0.00465116279069767
"0","HRA003620_NC-27",45,1.2,"orig.ident",0.00882699097685367
"1","HRA003620_NC-27",56,1.2,"orig.ident",0.0152091254752852
"2","HRA003620_NC-27",32,1.2,"orig.ident",0.0101490643831272
"3","HRA003620_NC-27",24,1.2,"orig.ident",0.00972447325769854
"4","HRA003620_NC-27",0,1.2,"orig.ident",0
"5","HRA003620_NC-27",43,1.2,"orig.ident",0.0182745431364216
"6","HRA003620_NC-27",0,1.2,"orig.ident",0
"7","HRA003620_NC-27",41,1.2,"orig.ident",0.0192850423330198
"8","HRA003620_NC-27",6,1.2,"orig.ident",0.00326975476839237
"9","HRA003620_NC-27",58,1.2,"orig.ident",0.0384870603848706
"10","HRA003620_NC-27",28,1.2,"orig.ident",0.0195530726256983
"11","HRA003620_NC-27",35,1.2,"orig.ident",0.0270061728395062
"12","HRA003620_NC-27",7,1.2,"orig.ident",0.00646352723915051
"13","HRA003620_NC-27",1,1.2,"orig.ident",0.00100704934541793
"14","HRA003620_NC-27",2,1.2,"orig.ident",0.00236127508854782
"15","HRA003620_NC-27",5,1.2,"orig.ident",0.0060459492140266
"16","HRA003620_NC-27",5,1.2,"orig.ident",0.00660501981505945
"17","HRA003620_NC-27",0,1.2,"orig.ident",0
"18","HRA003620_NC-27",5,1.2,"orig.ident",0.0111111111111111
"19","HRA003620_NC-27",1,1.2,"orig.ident",0.00232018561484919
"20","HRA003620_NC-27",0,1.2,"orig.ident",0
"21","HRA003620_NC-27",1,1.2,"orig.ident",0.00465116279069767
"0","HRA003620_NC-30",517,1.2,"orig.ident",0.101412318556297
"1","HRA003620_NC-30",203,1.2,"orig.ident",0.0551330798479087
"2","HRA003620_NC-30",264,1.2,"orig.ident",0.0837297811607992
"3","HRA003620_NC-30",398,1.2,"orig.ident",0.161264181523501
"4","HRA003620_NC-30",5,1.2,"orig.ident",0.00203998368013056
"5","HRA003620_NC-30",15,1.2,"orig.ident",0.00637484062898428
"6","HRA003620_NC-30",0,1.2,"orig.ident",0
"7","HRA003620_NC-30",443,1.2,"orig.ident",0.208372530573848
"8","HRA003620_NC-30",24,1.2,"orig.ident",0.0130790190735695
"9","HRA003620_NC-30",338,1.2,"orig.ident",0.224286662242867
"10","HRA003620_NC-30",132,1.2,"orig.ident",0.0921787709497207
"11","HRA003620_NC-30",2,1.2,"orig.ident",0.00154320987654321
"12","HRA003620_NC-30",146,1.2,"orig.ident",0.134810710987996
"13","HRA003620_NC-30",30,1.2,"orig.ident",0.0302114803625378
"14","HRA003620_NC-30",2,1.2,"orig.ident",0.00236127508854782
"15","HRA003620_NC-30",47,1.2,"orig.ident",0.0568319226118501
"16","HRA003620_NC-30",76,1.2,"orig.ident",0.100396301188904
"17","HRA003620_NC-30",10,1.2,"orig.ident",0.0177619893428064
"18","HRA003620_NC-30",52,1.2,"orig.ident",0.115555555555556
"19","HRA003620_NC-30",7,1.2,"orig.ident",0.0162412993039443
"20","HRA003620_NC-30",2,1.2,"orig.ident",0.0091324200913242
"21","HRA003620_NC-30",15,1.2,"orig.ident",0.0697674418604651
"0","PRJNA662018_PRJNA662018_P1N1",142,1.2,"orig.ident",0.0278540604158494
"1","PRJNA662018_PRJNA662018_P1N1",78,1.2,"orig.ident",0.0211841390548615
"2","PRJNA662018_PRJNA662018_P1N1",68,1.2,"orig.ident",0.0215667618141453
"3","PRJNA662018_PRJNA662018_P1N1",65,1.2,"orig.ident",0.0263371150729335
"4","PRJNA662018_PRJNA662018_P1N1",54,1.2,"orig.ident",0.02203182374541
"5","PRJNA662018_PRJNA662018_P1N1",16,1.2,"orig.ident",0.00679983000424989
"6","PRJNA662018_PRJNA662018_P1N1",0,1.2,"orig.ident",0
"7","PRJNA662018_PRJNA662018_P1N1",61,1.2,"orig.ident",0.028692380056444
"8","PRJNA662018_PRJNA662018_P1N1",4,1.2,"orig.ident",0.00217983651226158
"9","PRJNA662018_PRJNA662018_P1N1",55,1.2,"orig.ident",0.0364963503649635
"10","PRJNA662018_PRJNA662018_P1N1",30,1.2,"orig.ident",0.0209497206703911
"11","PRJNA662018_PRJNA662018_P1N1",2,1.2,"orig.ident",0.00154320987654321
"12","PRJNA662018_PRJNA662018_P1N1",20,1.2,"orig.ident",0.0184672206832872
"13","PRJNA662018_PRJNA662018_P1N1",8,1.2,"orig.ident",0.0080563947633434
"14","PRJNA662018_PRJNA662018_P1N1",6,1.2,"orig.ident",0.00708382526564345
"15","PRJNA662018_PRJNA662018_P1N1",9,1.2,"orig.ident",0.0108827085852479
"16","PRJNA662018_PRJNA662018_P1N1",21,1.2,"orig.ident",0.0277410832232497
"17","PRJNA662018_PRJNA662018_P1N1",1,1.2,"orig.ident",0.00177619893428064
"18","PRJNA662018_PRJNA662018_P1N1",8,1.2,"orig.ident",0.0177777777777778
"19","PRJNA662018_PRJNA662018_P1N1",4,1.2,"orig.ident",0.00928074245939675
"20","PRJNA662018_PRJNA662018_P1N1",0,1.2,"orig.ident",0
"21","PRJNA662018_PRJNA662018_P1N1",34,1.2,"orig.ident",0.158139534883721
"0","PRJNA662018_PRJNA662018_P1T1",72,1.2,"orig.ident",0.0141231855629659
"1","PRJNA662018_PRJNA662018_P1T1",275,1.2,"orig.ident",0.074687669744704
"2","PRJNA662018_PRJNA662018_P1T1",76,1.2,"orig.ident",0.0241040279099271
"3","PRJNA662018_PRJNA662018_P1T1",20,1.2,"orig.ident",0.00810372771474878
"4","PRJNA662018_PRJNA662018_P1T1",10,1.2,"orig.ident",0.00407996736026112
"5","PRJNA662018_PRJNA662018_P1T1",113,1.2,"orig.ident",0.0480237994050149
"6","PRJNA662018_PRJNA662018_P1T1",0,1.2,"orig.ident",0
"7","PRJNA662018_PRJNA662018_P1T1",54,1.2,"orig.ident",0.0253998118532455
"8","PRJNA662018_PRJNA662018_P1T1",24,1.2,"orig.ident",0.0130790190735695
"9","PRJNA662018_PRJNA662018_P1T1",43,1.2,"orig.ident",0.0285335102853351
"10","PRJNA662018_PRJNA662018_P1T1",52,1.2,"orig.ident",0.0363128491620112
"11","PRJNA662018_PRJNA662018_P1T1",54,1.2,"orig.ident",0.0416666666666667
"12","PRJNA662018_PRJNA662018_P1T1",11,1.2,"orig.ident",0.0101569713758079
"13","PRJNA662018_PRJNA662018_P1T1",14,1.2,"orig.ident",0.014098690835851
"14","PRJNA662018_PRJNA662018_P1T1",62,1.2,"orig.ident",0.0731995277449823
"15","PRJNA662018_PRJNA662018_P1T1",9,1.2,"orig.ident",0.0108827085852479
"16","PRJNA662018_PRJNA662018_P1T1",68,1.2,"orig.ident",0.0898282694848085
"17","PRJNA662018_PRJNA662018_P1T1",16,1.2,"orig.ident",0.0284191829484902
"18","PRJNA662018_PRJNA662018_P1T1",11,1.2,"orig.ident",0.0244444444444444
"19","PRJNA662018_PRJNA662018_P1T1",13,1.2,"orig.ident",0.0301624129930394
"20","PRJNA662018_PRJNA662018_P1T1",0,1.2,"orig.ident",0
"21","PRJNA662018_PRJNA662018_P1T1",0,1.2,"orig.ident",0
"0","PRJNA662018_PRJNA662018_P2T2",24,1.2,"orig.ident",0.00470772852098862
"1","PRJNA662018_PRJNA662018_P2T2",32,1.2,"orig.ident",0.0086909288430201
"2","PRJNA662018_PRJNA662018_P2T2",69,1.2,"orig.ident",0.021883920076118
"3","PRJNA662018_PRJNA662018_P2T2",11,1.2,"orig.ident",0.00445705024311183
"4","PRJNA662018_PRJNA662018_P2T2",19,1.2,"orig.ident",0.00775193798449612
"5","PRJNA662018_PRJNA662018_P2T2",26,1.2,"orig.ident",0.0110497237569061
"6","PRJNA662018_PRJNA662018_P2T2",0,1.2,"orig.ident",0
"7","PRJNA662018_PRJNA662018_P2T2",28,1.2,"orig.ident",0.013170272812794
"8","PRJNA662018_PRJNA662018_P2T2",12,1.2,"orig.ident",0.00653950953678474
"9","PRJNA662018_PRJNA662018_P2T2",13,1.2,"orig.ident",0.0086264100862641
"10","PRJNA662018_PRJNA662018_P2T2",8,1.2,"orig.ident",0.00558659217877095
"11","PRJNA662018_PRJNA662018_P2T2",2,1.2,"orig.ident",0.00154320987654321
"12","PRJNA662018_PRJNA662018_P2T2",6,1.2,"orig.ident",0.00554016620498615
"13","PRJNA662018_PRJNA662018_P2T2",2,1.2,"orig.ident",0.00201409869083585
"14","PRJNA662018_PRJNA662018_P2T2",10,1.2,"orig.ident",0.0118063754427391
"15","PRJNA662018_PRJNA662018_P2T2",2,1.2,"orig.ident",0.00241837968561064
"16","PRJNA662018_PRJNA662018_P2T2",17,1.2,"orig.ident",0.0224570673712021
"17","PRJNA662018_PRJNA662018_P2T2",6,1.2,"orig.ident",0.0106571936056838
"18","PRJNA662018_PRJNA662018_P2T2",5,1.2,"orig.ident",0.0111111111111111
"19","PRJNA662018_PRJNA662018_P2T2",6,1.2,"orig.ident",0.0139211136890951
"20","PRJNA662018_PRJNA662018_P2T2",0,1.2,"orig.ident",0
"21","PRJNA662018_PRJNA662018_P2T2",3,1.2,"orig.ident",0.013953488372093
"0","PRJNA662018_PRJNA662018_P3N3",20,1.2,"orig.ident",0.00392310710082385
"1","PRJNA662018_PRJNA662018_P3N3",51,1.2,"orig.ident",0.0138511678435633
"2","PRJNA662018_PRJNA662018_P3N3",37,1.2,"orig.ident",0.0117348556929908
"3","PRJNA662018_PRJNA662018_P3N3",7,1.2,"orig.ident",0.00283630470016207
"4","PRJNA662018_PRJNA662018_P3N3",17,1.2,"orig.ident",0.0069359445124439
"5","PRJNA662018_PRJNA662018_P3N3",10,1.2,"orig.ident",0.00424989375265618
"6","PRJNA662018_PRJNA662018_P3N3",0,1.2,"orig.ident",0
"7","PRJNA662018_PRJNA662018_P3N3",12,1.2,"orig.ident",0.00564440263405456
"8","PRJNA662018_PRJNA662018_P3N3",2,1.2,"orig.ident",0.00108991825613079
"9","PRJNA662018_PRJNA662018_P3N3",2,1.2,"orig.ident",0.0013271400132714
"10","PRJNA662018_PRJNA662018_P3N3",17,1.2,"orig.ident",0.0118715083798883
"11","PRJNA662018_PRJNA662018_P3N3",10,1.2,"orig.ident",0.00771604938271605
"12","PRJNA662018_PRJNA662018_P3N3",2,1.2,"orig.ident",0.00184672206832872
"13","PRJNA662018_PRJNA662018_P3N3",0,1.2,"orig.ident",0
"14","PRJNA662018_PRJNA662018_P3N3",5,1.2,"orig.ident",0.00590318772136954
"15","PRJNA662018_PRJNA662018_P3N3",1,1.2,"orig.ident",0.00120918984280532
"16","PRJNA662018_PRJNA662018_P3N3",5,1.2,"orig.ident",0.00660501981505945
"17","PRJNA662018_PRJNA662018_P3N3",0,1.2,"orig.ident",0
"18","PRJNA662018_PRJNA662018_P3N3",1,1.2,"orig.ident",0.00222222222222222
"19","PRJNA662018_PRJNA662018_P3N3",2,1.2,"orig.ident",0.00464037122969838
"20","PRJNA662018_PRJNA662018_P3N3",0,1.2,"orig.ident",0
"21","PRJNA662018_PRJNA662018_P3N3",0,1.2,"orig.ident",0
"0","PRJNA662018_PRJNA662018_P3T3",4,1.2,"orig.ident",0.00078462142016477
"1","PRJNA662018_PRJNA662018_P3T3",23,1.2,"orig.ident",0.0062466051059207
"2","PRJNA662018_PRJNA662018_P3T3",19,1.2,"orig.ident",0.00602600697748176
"3","PRJNA662018_PRJNA662018_P3T3",0,1.2,"orig.ident",0
"4","PRJNA662018_PRJNA662018_P3T3",8,1.2,"orig.ident",0.00326397388820889
"5","PRJNA662018_PRJNA662018_P3T3",16,1.2,"orig.ident",0.00679983000424989
"6","PRJNA662018_PRJNA662018_P3T3",0,1.2,"orig.ident",0
"7","PRJNA662018_PRJNA662018_P3T3",18,1.2,"orig.ident",0.00846660395108184
"8","PRJNA662018_PRJNA662018_P3T3",8,1.2,"orig.ident",0.00435967302452316
"9","PRJNA662018_PRJNA662018_P3T3",5,1.2,"orig.ident",0.0033178500331785
"10","PRJNA662018_PRJNA662018_P3T3",6,1.2,"orig.ident",0.00418994413407821
"11","PRJNA662018_PRJNA662018_P3T3",3,1.2,"orig.ident",0.00231481481481481
"12","PRJNA662018_PRJNA662018_P3T3",2,1.2,"orig.ident",0.00184672206832872
"13","PRJNA662018_PRJNA662018_P3T3",7,1.2,"orig.ident",0.00704934541792548
"14","PRJNA662018_PRJNA662018_P3T3",6,1.2,"orig.ident",0.00708382526564345
"15","PRJNA662018_PRJNA662018_P3T3",5,1.2,"orig.ident",0.0060459492140266
"16","PRJNA662018_PRJNA662018_P3T3",7,1.2,"orig.ident",0.00924702774108322
"17","PRJNA662018_PRJNA662018_P3T3",2,1.2,"orig.ident",0.00355239786856128
"18","PRJNA662018_PRJNA662018_P3T3",4,1.2,"orig.ident",0.00888888888888889
"19","PRJNA662018_PRJNA662018_P3T3",6,1.2,"orig.ident",0.0139211136890951
"20","PRJNA662018_PRJNA662018_P3T3",1,1.2,"orig.ident",0.0045662100456621
"21","PRJNA662018_PRJNA662018_P3T3",1,1.2,"orig.ident",0.00465116279069767
"0","PRJNA662018_PRJNA662018_P4T4",91,1.2,"orig.ident",0.0178501373087485
"1","PRJNA662018_PRJNA662018_P4T4",97,1.2,"orig.ident",0.0263443780554047
"2","PRJNA662018_PRJNA662018_P4T4",39,1.2,"orig.ident",0.0123691722169363
"3","PRJNA662018_PRJNA662018_P4T4",26,1.2,"orig.ident",0.0105348460291734
"4","PRJNA662018_PRJNA662018_P4T4",32,1.2,"orig.ident",0.0130558955528356
"5","PRJNA662018_PRJNA662018_P4T4",132,1.2,"orig.ident",0.0560985975350616
"6","PRJNA662018_PRJNA662018_P4T4",0,1.2,"orig.ident",0
"7","PRJNA662018_PRJNA662018_P4T4",9,1.2,"orig.ident",0.00423330197554092
"8","PRJNA662018_PRJNA662018_P4T4",54,1.2,"orig.ident",0.0294277929155313
"9","PRJNA662018_PRJNA662018_P4T4",5,1.2,"orig.ident",0.0033178500331785
"10","PRJNA662018_PRJNA662018_P4T4",4,1.2,"orig.ident",0.00279329608938547
"11","PRJNA662018_PRJNA662018_P4T4",70,1.2,"orig.ident",0.0540123456790123
"12","PRJNA662018_PRJNA662018_P4T4",10,1.2,"orig.ident",0.00923361034164358
"13","PRJNA662018_PRJNA662018_P4T4",91,1.2,"orig.ident",0.0916414904330312
"14","PRJNA662018_PRJNA662018_P4T4",35,1.2,"orig.ident",0.0413223140495868
"15","PRJNA662018_PRJNA662018_P4T4",28,1.2,"orig.ident",0.033857315598549
"16","PRJNA662018_PRJNA662018_P4T4",34,1.2,"orig.ident",0.0449141347424042
"17","PRJNA662018_PRJNA662018_P4T4",21,1.2,"orig.ident",0.0373001776198934
"18","PRJNA662018_PRJNA662018_P4T4",4,1.2,"orig.ident",0.00888888888888889
"19","PRJNA662018_PRJNA662018_P4T4",26,1.2,"orig.ident",0.0603248259860789
"20","PRJNA662018_PRJNA662018_P4T4",0,1.2,"orig.ident",0
"21","PRJNA662018_PRJNA662018_P4T4",9,1.2,"orig.ident",0.0418604651162791
"0","PRJNA662018_PRJNA662018_P5T5",8,1.2,"orig.ident",0.00156924284032954
"1","PRJNA662018_PRJNA662018_P5T5",28,1.2,"orig.ident",0.00760456273764259
"2","PRJNA662018_PRJNA662018_P5T5",28,1.2,"orig.ident",0.00888043133523628
"3","PRJNA662018_PRJNA662018_P5T5",0,1.2,"orig.ident",0
"4","PRJNA662018_PRJNA662018_P5T5",2,1.2,"orig.ident",0.000815993472052224
"5","PRJNA662018_PRJNA662018_P5T5",25,1.2,"orig.ident",0.0106247343816405
"6","PRJNA662018_PRJNA662018_P5T5",0,1.2,"orig.ident",0
"7","PRJNA662018_PRJNA662018_P5T5",6,1.2,"orig.ident",0.00282220131702728
"8","PRJNA662018_PRJNA662018_P5T5",9,1.2,"orig.ident",0.00490463215258856
"9","PRJNA662018_PRJNA662018_P5T5",0,1.2,"orig.ident",0
"10","PRJNA662018_PRJNA662018_P5T5",3,1.2,"orig.ident",0.00209497206703911
"11","PRJNA662018_PRJNA662018_P5T5",10,1.2,"orig.ident",0.00771604938271605
"12","PRJNA662018_PRJNA662018_P5T5",1,1.2,"orig.ident",0.000923361034164358
"13","PRJNA662018_PRJNA662018_P5T5",6,1.2,"orig.ident",0.00604229607250755
"14","PRJNA662018_PRJNA662018_P5T5",26,1.2,"orig.ident",0.0306965761511216
"15","PRJNA662018_PRJNA662018_P5T5",5,1.2,"orig.ident",0.0060459492140266
"16","PRJNA662018_PRJNA662018_P5T5",1,1.2,"orig.ident",0.00132100396301189
"17","PRJNA662018_PRJNA662018_P5T5",2,1.2,"orig.ident",0.00355239786856128
"18","PRJNA662018_PRJNA662018_P5T5",0,1.2,"orig.ident",0
"19","PRJNA662018_PRJNA662018_P5T5",7,1.2,"orig.ident",0.0162412993039443
"20","PRJNA662018_PRJNA662018_P5T5",0,1.2,"orig.ident",0
"21","PRJNA662018_PRJNA662018_P5T5",0,1.2,"orig.ident",0
"0","PRJNA662018_PRJNA662018_P6N2",57,1.2,"orig.ident",0.011180855237348
"1","PRJNA662018_PRJNA662018_P6N2",54,1.2,"orig.ident",0.0146659424225964
"2","PRJNA662018_PRJNA662018_P6N2",49,1.2,"orig.ident",0.0155407548366635
"3","PRJNA662018_PRJNA662018_P6N2",43,1.2,"orig.ident",0.0174230145867099
"4","PRJNA662018_PRJNA662018_P6N2",19,1.2,"orig.ident",0.00775193798449612
"5","PRJNA662018_PRJNA662018_P6N2",25,1.2,"orig.ident",0.0106247343816405
"6","PRJNA662018_PRJNA662018_P6N2",0,1.2,"orig.ident",0
"7","PRJNA662018_PRJNA662018_P6N2",39,1.2,"orig.ident",0.0183443085606773
"8","PRJNA662018_PRJNA662018_P6N2",9,1.2,"orig.ident",0.00490463215258856
"9","PRJNA662018_PRJNA662018_P6N2",31,1.2,"orig.ident",0.0205706702057067
"10","PRJNA662018_PRJNA662018_P6N2",17,1.2,"orig.ident",0.0118715083798883
"11","PRJNA662018_PRJNA662018_P6N2",3,1.2,"orig.ident",0.00231481481481481
"12","PRJNA662018_PRJNA662018_P6N2",20,1.2,"orig.ident",0.0184672206832872
"13","PRJNA662018_PRJNA662018_P6N2",7,1.2,"orig.ident",0.00704934541792548
"14","PRJNA662018_PRJNA662018_P6N2",1,1.2,"orig.ident",0.00118063754427391
"15","PRJNA662018_PRJNA662018_P6N2",7,1.2,"orig.ident",0.00846432889963724
"16","PRJNA662018_PRJNA662018_P6N2",16,1.2,"orig.ident",0.0211360634081902
"17","PRJNA662018_PRJNA662018_P6N2",1,1.2,"orig.ident",0.00177619893428064
"18","PRJNA662018_PRJNA662018_P6N2",13,1.2,"orig.ident",0.0288888888888889
"19","PRJNA662018_PRJNA662018_P6N2",5,1.2,"orig.ident",0.0116009280742459
"20","PRJNA662018_PRJNA662018_P6N2",0,1.2,"orig.ident",0
"21","PRJNA662018_PRJNA662018_P6N2",2,1.2,"orig.ident",0.00930232558139535
"0","PRJNA662018_PRJNA662018_P6T6",0,1.2,"orig.ident",0
"1","PRJNA662018_PRJNA662018_P6T6",7,1.2,"orig.ident",0.00190114068441065
"2","PRJNA662018_PRJNA662018_P6T6",4,1.2,"orig.ident",0.0012686330478909
"3","PRJNA662018_PRJNA662018_P6T6",1,1.2,"orig.ident",0.000405186385737439
"4","PRJNA662018_PRJNA662018_P6T6",0,1.2,"orig.ident",0
"5","PRJNA662018_PRJNA662018_P6T6",8,1.2,"orig.ident",0.00339991500212495
"6","PRJNA662018_PRJNA662018_P6T6",0,1.2,"orig.ident",0
"7","PRJNA662018_PRJNA662018_P6T6",0,1.2,"orig.ident",0
"8","PRJNA662018_PRJNA662018_P6T6",2,1.2,"orig.ident",0.00108991825613079
"9","PRJNA662018_PRJNA662018_P6T6",0,1.2,"orig.ident",0
"10","PRJNA662018_PRJNA662018_P6T6",11,1.2,"orig.ident",0.00768156424581006
"11","PRJNA662018_PRJNA662018_P6T6",7,1.2,"orig.ident",0.00540123456790123
"12","PRJNA662018_PRJNA662018_P6T6",1,1.2,"orig.ident",0.000923361034164358
"13","PRJNA662018_PRJNA662018_P6T6",0,1.2,"orig.ident",0
"14","PRJNA662018_PRJNA662018_P6T6",8,1.2,"orig.ident",0.00944510035419126
"15","PRJNA662018_PRJNA662018_P6T6",0,1.2,"orig.ident",0
"16","PRJNA662018_PRJNA662018_P6T6",1,1.2,"orig.ident",0.00132100396301189
"17","PRJNA662018_PRJNA662018_P6T6",0,1.2,"orig.ident",0
"18","PRJNA662018_PRJNA662018_P6T6",0,1.2,"orig.ident",0
"19","PRJNA662018_PRJNA662018_P6T6",0,1.2,"orig.ident",0
"20","PRJNA662018_PRJNA662018_P6T6",0,1.2,"orig.ident",0
"21","PRJNA662018_PRJNA662018_P6T6",0,1.2,"orig.ident",0
"0","PRJNA662018_PRJNA662018_P7T7",7,1.2,"orig.ident",0.00137308748528835
"1","PRJNA662018_PRJNA662018_P7T7",70,1.2,"orig.ident",0.0190114068441065
"2","PRJNA662018_PRJNA662018_P7T7",42,1.2,"orig.ident",0.0133206470028544
"3","PRJNA662018_PRJNA662018_P7T7",7,1.2,"orig.ident",0.00283630470016207
"4","PRJNA662018_PRJNA662018_P7T7",1,1.2,"orig.ident",0.000407996736026112
"5","PRJNA662018_PRJNA662018_P7T7",28,1.2,"orig.ident",0.0118997025074373
"6","PRJNA662018_PRJNA662018_P7T7",0,1.2,"orig.ident",0
"7","PRJNA662018_PRJNA662018_P7T7",21,1.2,"orig.ident",0.00987770460959548
"8","PRJNA662018_PRJNA662018_P7T7",23,1.2,"orig.ident",0.0125340599455041
"9","PRJNA662018_PRJNA662018_P7T7",15,1.2,"orig.ident",0.0099535500995355
"10","PRJNA662018_PRJNA662018_P7T7",13,1.2,"orig.ident",0.00907821229050279
"11","PRJNA662018_PRJNA662018_P7T7",16,1.2,"orig.ident",0.0123456790123457
"12","PRJNA662018_PRJNA662018_P7T7",3,1.2,"orig.ident",0.00277008310249307
"13","PRJNA662018_PRJNA662018_P7T7",20,1.2,"orig.ident",0.0201409869083585
"14","PRJNA662018_PRJNA662018_P7T7",17,1.2,"orig.ident",0.0200708382526564
"15","PRJNA662018_PRJNA662018_P7T7",3,1.2,"orig.ident",0.00362756952841596
"16","PRJNA662018_PRJNA662018_P7T7",5,1.2,"orig.ident",0.00660501981505945
"17","PRJNA662018_PRJNA662018_P7T7",3,1.2,"orig.ident",0.00532859680284192
"18","PRJNA662018_PRJNA662018_P7T7",1,1.2,"orig.ident",0.00222222222222222
"19","PRJNA662018_PRJNA662018_P7T7",6,1.2,"orig.ident",0.0139211136890951
"20","PRJNA662018_PRJNA662018_P7T7",0,1.2,"orig.ident",0
"21","PRJNA662018_PRJNA662018_P7T7",2,1.2,"orig.ident",0.00930232558139535
"0","PRJNA662018_PRJNA662018_P8T8",9,1.2,"orig.ident",0.00176539819537073
"1","PRJNA662018_PRJNA662018_P8T8",20,1.2,"orig.ident",0.00543183052688756
"2","PRJNA662018_PRJNA662018_P8T8",37,1.2,"orig.ident",0.0117348556929908
"3","PRJNA662018_PRJNA662018_P8T8",8,1.2,"orig.ident",0.00324149108589951
"4","PRJNA662018_PRJNA662018_P8T8",0,1.2,"orig.ident",0
"5","PRJNA662018_PRJNA662018_P8T8",14,1.2,"orig.ident",0.00594985125371866
"6","PRJNA662018_PRJNA662018_P8T8",0,1.2,"orig.ident",0
"7","PRJNA662018_PRJNA662018_P8T8",2,1.2,"orig.ident",0.000940733772342427
"8","PRJNA662018_PRJNA662018_P8T8",7,1.2,"orig.ident",0.00381471389645777
"9","PRJNA662018_PRJNA662018_P8T8",2,1.2,"orig.ident",0.0013271400132714
"10","PRJNA662018_PRJNA662018_P8T8",9,1.2,"orig.ident",0.00628491620111732
"11","PRJNA662018_PRJNA662018_P8T8",2,1.2,"orig.ident",0.00154320987654321
"12","PRJNA662018_PRJNA662018_P8T8",3,1.2,"orig.ident",0.00277008310249307
"13","PRJNA662018_PRJNA662018_P8T8",10,1.2,"orig.ident",0.0100704934541793
"14","PRJNA662018_PRJNA662018_P8T8",17,1.2,"orig.ident",0.0200708382526564
"15","PRJNA662018_PRJNA662018_P8T8",1,1.2,"orig.ident",0.00120918984280532
"16","PRJNA662018_PRJNA662018_P8T8",8,1.2,"orig.ident",0.0105680317040951
"17","PRJNA662018_PRJNA662018_P8T8",2,1.2,"orig.ident",0.00355239786856128
"18","PRJNA662018_PRJNA662018_P8T8",0,1.2,"orig.ident",0
"19","PRJNA662018_PRJNA662018_P8T8",4,1.2,"orig.ident",0.00928074245939675
"20","PRJNA662018_PRJNA662018_P8T8",0,1.2,"orig.ident",0
"21","PRJNA662018_PRJNA662018_P8T8",0,1.2,"orig.ident",0
"0","T4091568",59,1.2,"orig.ident",0.0115731659474304
"1","T4091568",157,1.2,"orig.ident",0.0426398696360674
"2","T4091568",34,1.2,"orig.ident",0.0107833809070726
"3","T4091568",0,1.2,"orig.ident",0
"4","T4091568",300,1.2,"orig.ident",0.122399020807834
"5","T4091568",55,1.2,"orig.ident",0.023374415639609
"6","T4091568",355,1.2,"orig.ident",0.165116279069767
"7","T4091568",7,1.2,"orig.ident",0.00329256820319849
"8","T4091568",64,1.2,"orig.ident",0.0348773841961853
"9","T4091568",2,1.2,"orig.ident",0.0013271400132714
"10","T4091568",8,1.2,"orig.ident",0.00558659217877095
"11","T4091568",29,1.2,"orig.ident",0.0223765432098765
"12","T4091568",6,1.2,"orig.ident",0.00554016620498615
"13","T4091568",8,1.2,"orig.ident",0.0080563947633434
"14","T4091568",10,1.2,"orig.ident",0.0118063754427391
"15","T4091568",18,1.2,"orig.ident",0.0217654171704958
"16","T4091568",15,1.2,"orig.ident",0.0198150594451783
"17","T4091568",7,1.2,"orig.ident",0.0124333925399645
"18","T4091568",17,1.2,"orig.ident",0.0377777777777778
"19","T4091568",6,1.2,"orig.ident",0.0139211136890951
"20","T4091568",8,1.2,"orig.ident",0.0365296803652968
"21","T4091568",3,1.2,"orig.ident",0.013953488372093
"0","T4295396",0,1.2,"orig.ident",0
"1","T4295396",23,1.2,"orig.ident",0.0062466051059207
"2","T4295396",8,1.2,"orig.ident",0.0025372660957818
"3","T4295396",0,1.2,"orig.ident",0
"4","T4295396",23,1.2,"orig.ident",0.00938392492860057
"5","T4295396",27,1.2,"orig.ident",0.0114747131321717
"6","T4295396",65,1.2,"orig.ident",0.0302325581395349
"7","T4295396",1,1.2,"orig.ident",0.000470366886171214
"8","T4295396",16,1.2,"orig.ident",0.00871934604904632
"9","T4295396",0,1.2,"orig.ident",0
"10","T4295396",0,1.2,"orig.ident",0
"11","T4295396",6,1.2,"orig.ident",0.00462962962962963
"12","T4295396",0,1.2,"orig.ident",0
"13","T4295396",13,1.2,"orig.ident",0.013091641490433
"14","T4295396",1,1.2,"orig.ident",0.00118063754427391
"15","T4295396",4,1.2,"orig.ident",0.00483675937122128
"16","T4295396",5,1.2,"orig.ident",0.00660501981505945
"17","T4295396",9,1.2,"orig.ident",0.0159857904085258
"18","T4295396",6,1.2,"orig.ident",0.0133333333333333
"19","T4295396",8,1.2,"orig.ident",0.0185614849187935
"20","T4295396",3,1.2,"orig.ident",0.0136986301369863
"21","T4295396",1,1.2,"orig.ident",0.00465116279069767
"0","T4380845",0,1.2,"orig.ident",0
"1","T4380845",68,1.2,"orig.ident",0.0184682237914177
"2","T4380845",28,1.2,"orig.ident",0.00888043133523628
"3","T4380845",0,1.2,"orig.ident",0
"4","T4380845",17,1.2,"orig.ident",0.0069359445124439
"5","T4380845",32,1.2,"orig.ident",0.0135996600084998
"6","T4380845",156,1.2,"orig.ident",0.0725581395348837
"7","T4380845",4,1.2,"orig.ident",0.00188146754468485
"8","T4380845",90,1.2,"orig.ident",0.0490463215258856
"9","T4380845",0,1.2,"orig.ident",0
"10","T4380845",2,1.2,"orig.ident",0.00139664804469274
"11","T4380845",23,1.2,"orig.ident",0.0177469135802469
"12","T4380845",0,1.2,"orig.ident",0
"13","T4380845",18,1.2,"orig.ident",0.0181268882175227
"14","T4380845",6,1.2,"orig.ident",0.00708382526564345
"15","T4380845",38,1.2,"orig.ident",0.0459492140266022
"16","T4380845",9,1.2,"orig.ident",0.011889035667107
"17","T4380845",44,1.2,"orig.ident",0.0781527531083481
"18","T4380845",1,1.2,"orig.ident",0.00222222222222222
"19","T4380845",3,1.2,"orig.ident",0.00696055684454756
"20","T4380845",36,1.2,"orig.ident",0.164383561643836
"21","T4380845",0,1.2,"orig.ident",0
"0","T4398343",0,1.2,"orig.ident",0
"1","T4398343",249,1.2,"orig.ident",0.0676262900597501
"2","T4398343",81,1.2,"orig.ident",0.0256898192197907
"3","T4398343",0,1.2,"orig.ident",0
"4","T4398343",18,1.2,"orig.ident",0.00734394124847001
"5","T4398343",149,1.2,"orig.ident",0.0633234169145771
"6","T4398343",315,1.2,"orig.ident",0.146511627906977
"7","T4398343",1,1.2,"orig.ident",0.000470366886171214
"8","T4398343",165,1.2,"orig.ident",0.0899182561307902
"9","T4398343",0,1.2,"orig.ident",0
"10","T4398343",6,1.2,"orig.ident",0.00418994413407821
"11","T4398343",56,1.2,"orig.ident",0.0432098765432099
"12","T4398343",1,1.2,"orig.ident",0.000923361034164358
"13","T4398343",105,1.2,"orig.ident",0.105740181268882
"14","T4398343",36,1.2,"orig.ident",0.0425029515938607
"15","T4398343",50,1.2,"orig.ident",0.060459492140266
"16","T4398343",31,1.2,"orig.ident",0.0409511228533686
"17","T4398343",80,1.2,"orig.ident",0.142095914742451
"18","T4398343",36,1.2,"orig.ident",0.08
"19","T4398343",8,1.2,"orig.ident",0.0185614849187935
"20","T4398343",36,1.2,"orig.ident",0.164383561643836
"21","T4398343",1,1.2,"orig.ident",0.00465116279069767
"0","T4450398",0,1.2,"orig.ident",0
"1","T4450398",41,1.2,"orig.ident",0.0111352525801195
"2","T4450398",26,1.2,"orig.ident",0.00824611481129083
"3","T4450398",0,1.2,"orig.ident",0
"4","T4450398",2,1.2,"orig.ident",0.000815993472052224
"5","T4450398",50,1.2,"orig.ident",0.0212494687632809
"6","T4450398",60,1.2,"orig.ident",0.027906976744186
"7","T4450398",2,1.2,"orig.ident",0.000940733772342427
"8","T4450398",11,1.2,"orig.ident",0.00599455040871935
"9","T4450398",0,1.2,"orig.ident",0
"10","T4450398",2,1.2,"orig.ident",0.00139664804469274
"11","T4450398",17,1.2,"orig.ident",0.0131172839506173
"12","T4450398",0,1.2,"orig.ident",0
"13","T4450398",32,1.2,"orig.ident",0.0322255790533736
"14","T4450398",3,1.2,"orig.ident",0.00354191263282172
"15","T4450398",7,1.2,"orig.ident",0.00846432889963724
"16","T4450398",6,1.2,"orig.ident",0.00792602377807133
"17","T4450398",8,1.2,"orig.ident",0.0142095914742451
"18","T4450398",7,1.2,"orig.ident",0.0155555555555556
"19","T4450398",3,1.2,"orig.ident",0.00696055684454756
"20","T4450398",3,1.2,"orig.ident",0.0136986301369863
"21","T4450398",0,1.2,"orig.ident",0
"0","T4463209a",0,1.2,"orig.ident",0
"1","T4463209a",60,1.2,"orig.ident",0.0162954915806627
"2","T4463209a",12,1.2,"orig.ident",0.00380589914367269
"3","T4463209a",0,1.2,"orig.ident",0
"4","T4463209a",7,1.2,"orig.ident",0.00285597715218278
"5","T4463209a",57,1.2,"orig.ident",0.0242243943901402
"6","T4463209a",88,1.2,"orig.ident",0.0409302325581395
"7","T4463209a",0,1.2,"orig.ident",0
"8","T4463209a",38,1.2,"orig.ident",0.020708446866485
"9","T4463209a",0,1.2,"orig.ident",0
"10","T4463209a",3,1.2,"orig.ident",0.00209497206703911
"11","T4463209a",43,1.2,"orig.ident",0.033179012345679
"12","T4463209a",0,1.2,"orig.ident",0
"13","T4463209a",23,1.2,"orig.ident",0.0231621349446123
"14","T4463209a",7,1.2,"orig.ident",0.00826446280991736
"15","T4463209a",23,1.2,"orig.ident",0.0278113663845224
"16","T4463209a",6,1.2,"orig.ident",0.00792602377807133
"17","T4463209a",37,1.2,"orig.ident",0.0657193605683837
"18","T4463209a",3,1.2,"orig.ident",0.00666666666666667
"19","T4463209a",3,1.2,"orig.ident",0.00696055684454756
"20","T4463209a",25,1.2,"orig.ident",0.114155251141553
"21","T4463209a",1,1.2,"orig.ident",0.00465116279069767
"0","T4463209b",0,1.2,"orig.ident",0
"1","T4463209b",35,1.2,"orig.ident",0.00950570342205323
"2","T4463209b",26,1.2,"orig.ident",0.00824611481129083
"3","T4463209b",0,1.2,"orig.ident",0
"4","T4463209b",14,1.2,"orig.ident",0.00571195430436556
"5","T4463209b",24,1.2,"orig.ident",0.0101997450063748
"6","T4463209b",93,1.2,"orig.ident",0.0432558139534884
"7","T4463209b",2,1.2,"orig.ident",0.000940733772342427
"8","T4463209b",11,1.2,"orig.ident",0.00599455040871935
"9","T4463209b",0,1.2,"orig.ident",0
"10","T4463209b",6,1.2,"orig.ident",0.00418994413407821
"11","T4463209b",4,1.2,"orig.ident",0.00308641975308642
"12","T4463209b",0,1.2,"orig.ident",0
"13","T4463209b",13,1.2,"orig.ident",0.013091641490433
"14","T4463209b",2,1.2,"orig.ident",0.00236127508854782
"15","T4463209b",8,1.2,"orig.ident",0.00967351874244256
"16","T4463209b",16,1.2,"orig.ident",0.0211360634081902
"17","T4463209b",16,1.2,"orig.ident",0.0284191829484902
"18","T4463209b",7,1.2,"orig.ident",0.0155555555555556
"19","T4463209b",2,1.2,"orig.ident",0.00464037122969838
"20","T4463209b",8,1.2,"orig.ident",0.0365296803652968
"21","T4463209b",0,1.2,"orig.ident",0
"0","T4465219",3,1.2,"orig.ident",0.000588466065123578
"1","T4465219",89,1.2,"orig.ident",0.0241716458446496
"2","T4465219",25,1.2,"orig.ident",0.00792895654931811
"3","T4465219",0,1.2,"orig.ident",0
"4","T4465219",36,1.2,"orig.ident",0.01468788249694
"5","T4465219",107,1.2,"orig.ident",0.0454738631534212
"6","T4465219",68,1.2,"orig.ident",0.0316279069767442
"7","T4465219",0,1.2,"orig.ident",0
"8","T4465219",45,1.2,"orig.ident",0.0245231607629428
"9","T4465219",0,1.2,"orig.ident",0
"10","T4465219",3,1.2,"orig.ident",0.00209497206703911
"11","T4465219",68,1.2,"orig.ident",0.0524691358024691
"12","T4465219",1,1.2,"orig.ident",0.000923361034164358
"13","T4465219",8,1.2,"orig.ident",0.0080563947633434
"14","T4465219",29,1.2,"orig.ident",0.0342384887839433
"15","T4465219",17,1.2,"orig.ident",0.0205562273276904
"16","T4465219",9,1.2,"orig.ident",0.011889035667107
"17","T4465219",8,1.2,"orig.ident",0.0142095914742451
"18","T4465219",3,1.2,"orig.ident",0.00666666666666667
"19","T4465219",20,1.2,"orig.ident",0.0464037122969838
"20","T4465219",11,1.2,"orig.ident",0.0502283105022831
"21","T4465219",0,1.2,"orig.ident",0
"0","T4465935",0,1.2,"orig.ident",0
"1","T4465935",27,1.2,"orig.ident",0.00733297121129821
"2","T4465935",10,1.2,"orig.ident",0.00317158261972724
"3","T4465935",0,1.2,"orig.ident",0
"4","T4465935",40,1.2,"orig.ident",0.0163198694410445
"5","T4465935",33,1.2,"orig.ident",0.0140246493837654
"6","T4465935",54,1.2,"orig.ident",0.0251162790697674
"7","T4465935",1,1.2,"orig.ident",0.000470366886171214
"8","T4465935",24,1.2,"orig.ident",0.0130790190735695
"9","T4465935",0,1.2,"orig.ident",0
"10","T4465935",2,1.2,"orig.ident",0.00139664804469274
"11","T4465935",5,1.2,"orig.ident",0.00385802469135802
"12","T4465935",2,1.2,"orig.ident",0.00184672206832872
"13","T4465935",25,1.2,"orig.ident",0.0251762336354481
"14","T4465935",2,1.2,"orig.ident",0.00236127508854782
"15","T4465935",5,1.2,"orig.ident",0.0060459492140266
"16","T4465935",3,1.2,"orig.ident",0.00396301188903567
"17","T4465935",8,1.2,"orig.ident",0.0142095914742451
"18","T4465935",6,1.2,"orig.ident",0.0133333333333333
"19","T4465935",6,1.2,"orig.ident",0.0139211136890951
"20","T4465935",8,1.2,"orig.ident",0.0365296803652968
"21","T4465935",0,1.2,"orig.ident",0
"0","T4466585",253,1.2,"orig.ident",0.0496273048254217
"1","T4466585",102,1.2,"orig.ident",0.0277023356871266
"2","T4466585",6,1.2,"orig.ident",0.00190294957183635
"3","T4466585",5,1.2,"orig.ident",0.0020259319286872
"4","T4466585",836,1.2,"orig.ident",0.341085271317829
"5","T4466585",51,1.2,"orig.ident",0.0216744581385465
"6","T4466585",325,1.2,"orig.ident",0.151162790697674
"7","T4466585",1,1.2,"orig.ident",0.000470366886171214
"8","T4466585",122,1.2,"orig.ident",0.0664850136239782
"9","T4466585",1,1.2,"orig.ident",0.0006635700066357
"10","T4466585",2,1.2,"orig.ident",0.00139664804469274
"11","T4466585",4,1.2,"orig.ident",0.00308641975308642
"12","T4466585",9,1.2,"orig.ident",0.00831024930747922
"13","T4466585",5,1.2,"orig.ident",0.00503524672708963
"14","T4466585",3,1.2,"orig.ident",0.00354191263282172
"15","T4466585",3,1.2,"orig.ident",0.00362756952841596
"16","T4466585",5,1.2,"orig.ident",0.00660501981505945
"17","T4466585",0,1.2,"orig.ident",0
"18","T4466585",22,1.2,"orig.ident",0.0488888888888889
"19","T4466585",26,1.2,"orig.ident",0.0603248259860789
"20","T4466585",6,1.2,"orig.ident",0.0273972602739726
"21","T4466585",0,1.2,"orig.ident",0
"0","T4469479",257,1.2,"orig.ident",0.0504119262455865
"1","T4469479",13,1.2,"orig.ident",0.00353068984247691
"2","T4469479",2,1.2,"orig.ident",0.000634316523945449
"3","T4469479",0,1.2,"orig.ident",0
"4","T4469479",756,1.2,"orig.ident",0.308445532435741
"5","T4469479",32,1.2,"orig.ident",0.0135996600084998
"6","T4469479",62,1.2,"orig.ident",0.0288372093023256
"7","T4469479",9,1.2,"orig.ident",0.00423330197554092
"8","T4469479",20,1.2,"orig.ident",0.0108991825613079
"9","T4469479",4,1.2,"orig.ident",0.0026542800265428
"10","T4469479",0,1.2,"orig.ident",0
"11","T4469479",7,1.2,"orig.ident",0.00540123456790123
"12","T4469479",15,1.2,"orig.ident",0.0138504155124654
"13","T4469479",9,1.2,"orig.ident",0.00906344410876133
"14","T4469479",1,1.2,"orig.ident",0.00118063754427391
"15","T4469479",21,1.2,"orig.ident",0.0253929866989117
"16","T4469479",5,1.2,"orig.ident",0.00660501981505945
"17","T4469479",8,1.2,"orig.ident",0.0142095914742451
"18","T4469479",11,1.2,"orig.ident",0.0244444444444444
"19","T4469479",39,1.2,"orig.ident",0.0904872389791183
"20","T4469479",4,1.2,"orig.ident",0.0182648401826484
"21","T4469479",1,1.2,"orig.ident",0.00465116279069767
"0","T4471438",3,1.2,"orig.ident",0.000588466065123578
"1","T4471438",155,1.2,"orig.ident",0.0420966865833786
"2","T4471438",27,1.2,"orig.ident",0.00856327307326356
"3","T4471438",0,1.2,"orig.ident",0
"4","T4471438",89,1.2,"orig.ident",0.036311709506324
"5","T4471438",128,1.2,"orig.ident",0.0543986400339991
"6","T4471438",274,1.2,"orig.ident",0.127441860465116
"7","T4471438",1,1.2,"orig.ident",0.000470366886171214
"8","T4471438",53,1.2,"orig.ident",0.0288828337874659
"9","T4471438",0,1.2,"orig.ident",0
"10","T4471438",4,1.2,"orig.ident",0.00279329608938547
"11","T4471438",27,1.2,"orig.ident",0.0208333333333333
"12","T4471438",1,1.2,"orig.ident",0.000923361034164358
"13","T4471438",9,1.2,"orig.ident",0.00906344410876133
"14","T4471438",8,1.2,"orig.ident",0.00944510035419126
"15","T4471438",7,1.2,"orig.ident",0.00846432889963724
"16","T4471438",4,1.2,"orig.ident",0.00528401585204756
"17","T4471438",22,1.2,"orig.ident",0.0390763765541741
"18","T4471438",4,1.2,"orig.ident",0.00888888888888889
"19","T4471438",8,1.2,"orig.ident",0.0185614849187935
"20","T4471438",9,1.2,"orig.ident",0.0410958904109589
"21","T4471438",3,1.2,"orig.ident",0.013953488372093
"0","T8009218",0,1.2,"orig.ident",0
"1","T8009218",160,1.2,"orig.ident",0.0434546442151005
"2","T8009218",101,1.2,"orig.ident",0.0320329844592452
"3","T8009218",0,1.2,"orig.ident",0
"4","T8009218",56,1.2,"orig.ident",0.0228478172174623
"5","T8009218",111,1.2,"orig.ident",0.0471738206544836
"6","T8009218",198,1.2,"orig.ident",0.0920930232558139
"7","T8009218",1,1.2,"orig.ident",0.000470366886171214
"8","T8009218",119,1.2,"orig.ident",0.064850136239782
"9","T8009218",0,1.2,"orig.ident",0
"10","T8009218",5,1.2,"orig.ident",0.00349162011173184
"11","T8009218",28,1.2,"orig.ident",0.0216049382716049
"12","T8009218",0,1.2,"orig.ident",0
"13","T8009218",11,1.2,"orig.ident",0.0110775427995972
"14","T8009218",24,1.2,"orig.ident",0.0283353010625738
"15","T8009218",5,1.2,"orig.ident",0.0060459492140266
"16","T8009218",4,1.2,"orig.ident",0.00528401585204756
"17","T8009218",20,1.2,"orig.ident",0.0355239786856128
"18","T8009218",3,1.2,"orig.ident",0.00666666666666667
"19","T8009218",11,1.2,"orig.ident",0.0255220417633411
"20","T8009218",6,1.2,"orig.ident",0.0273972602739726
"21","T8009218",1,1.2,"orig.ident",0.00465116279069767
"0","MIBC",1078,1.2,"Type",0.211455472734406
"1","MIBC",1891,1.2,"Type",0.513579576317219
"2","MIBC",1060,1.2,"Type",0.336187757691088
"3","MIBC",343,1.2,"Type",0.138978930307942
"4","MIBC",2237,1.2,"Type",0.912688698490412
"5","MIBC",1456,1.2,"Type",0.61878453038674
"6","MIBC",2150,1.2,"Type",1
"7","MIBC",405,1.2,"Type",0.190498588899341
"8","MIBC",1323,1.2,"Type",0.720980926430518
"9","MIBC",215,1.2,"Type",0.142667551426676
"10","MIBC",365,1.2,"Type",0.254888268156425
"11","MIBC",744,1.2,"Type",0.574074074074074
"12","MIBC",254,1.2,"Type",0.234533702677747
"13","MIBC",528,1.2,"Type",0.531722054380665
"14","MIBC",463,1.2,"Type",0.546635182998819
"15","MIBC",514,1.2,"Type",0.621523579201935
"16","MIBC",238,1.2,"Type",0.31439894319683
"17","MIBC",444,1.2,"Type",0.788632326820604
"18","MIBC",190,1.2,"Type",0.422222222222222
"19","MIBC",262,1.2,"Type",0.607888631090487
"20","MIBC",206,1.2,"Type",0.940639269406393
"21","MIBC",55,1.2,"Type",0.255813953488372
"0","NMIBC",513,1.2,"Type",0.100627697136132
"1","NMIBC",856,1.2,"Type",0.232482346550788
"2","NMIBC",693,1.2,"Type",0.219790675547098
"3","NMIBC",304,1.2,"Type",0.123176661264182
"4","NMIBC",86,1.2,"Type",0.0350877192982456
"5","NMIBC",598,1.2,"Type",0.25414364640884
"6","NMIBC",0,1.2,"Type",0
"7","NMIBC",419,1.2,"Type",0.197083725305738
"8","NMIBC",292,1.2,"Type",0.159128065395095
"9","NMIBC",189,1.2,"Type",0.125414731254147
"10","NMIBC",327,1.2,"Type",0.228351955307263
"11","NMIBC",348,1.2,"Type",0.268518518518519
"12","NMIBC",136,1.2,"Type",0.125577100646353
"13","NMIBC",245,1.2,"Type",0.246727089627392
"14","NMIBC",282,1.2,"Type",0.332939787485242
"15","NMIBC",107,1.2,"Type",0.129383313180169
"16","NMIBC",202,1.2,"Type",0.266842800528402
"17","NMIBC",70,1.2,"Type",0.124333925399645
"18","NMIBC",51,1.2,"Type",0.113333333333333
"19","NMIBC",90,1.2,"Type",0.208816705336427
"20","NMIBC",5,1.2,"Type",0.0228310502283105
"21","NMIBC",22,1.2,"Type",0.102325581395349
"0","Normal",3507,1.2,"Type",0.687916830129463
"1","Normal",935,1.2,"Type",0.253938077131993
"2","Normal",1400,1.2,"Type",0.444021566761814
"3","Normal",1821,1.2,"Type",0.737844408427877
"4","Normal",128,1.2,"Type",0.0522235822113423
"5","Normal",299,1.2,"Type",0.12707182320442
"6","Normal",0,1.2,"Type",0
"7","Normal",1302,1.2,"Type",0.61241768579492
"8","Normal",220,1.2,"Type",0.119891008174387
"9","Normal",1103,1.2,"Type",0.731917717319177
"10","Normal",740,1.2,"Type",0.516759776536313
"11","Normal",204,1.2,"Type",0.157407407407407
"12","Normal",693,1.2,"Type",0.6398891966759
"13","Normal",220,1.2,"Type",0.221550855991944
"14","Normal",102,1.2,"Type",0.120425029515939
"15","Normal",206,1.2,"Type",0.249093107617896
"16","Normal",317,1.2,"Type",0.418758256274769
"17","Normal",49,1.2,"Type",0.0870337477797513
"18","Normal",209,1.2,"Type",0.464444444444444
"19","Normal",79,1.2,"Type",0.183294663573086
"20","Normal",8,1.2,"Type",0.0365296803652968
"21","Normal",138,1.2,"Type",0.641860465116279
"0","Normal",3507,1.2,"T_stage",0.687916830129463
"1","Normal",935,1.2,"T_stage",0.253938077131993
"2","Normal",1400,1.2,"T_stage",0.444021566761814
"3","Normal",1821,1.2,"T_stage",0.737844408427877
"4","Normal",128,1.2,"T_stage",0.0522235822113423
"5","Normal",299,1.2,"T_stage",0.12707182320442
"6","Normal",0,1.2,"T_stage",0
"7","Normal",1302,1.2,"T_stage",0.61241768579492
"8","Normal",220,1.2,"T_stage",0.119891008174387
"9","Normal",1103,1.2,"T_stage",0.731917717319177
"10","Normal",740,1.2,"T_stage",0.516759776536313
"11","Normal",204,1.2,"T_stage",0.157407407407407
"12","Normal",693,1.2,"T_stage",0.6398891966759
"13","Normal",220,1.2,"T_stage",0.221550855991944
"14","Normal",102,1.2,"T_stage",0.120425029515939
"15","Normal",206,1.2,"T_stage",0.249093107617896
"16","Normal",317,1.2,"T_stage",0.418758256274769
"17","Normal",49,1.2,"T_stage",0.0870337477797513
"18","Normal",209,1.2,"T_stage",0.464444444444444
"19","Normal",79,1.2,"T_stage",0.183294663573086
"20","Normal",8,1.2,"T_stage",0.0365296803652968
"21","Normal",138,1.2,"T_stage",0.641860465116279
"0","T1",300,1.2,"T_stage",0.0588466065123578
"1","T1",374,1.2,"T_stage",0.101575230852797
"2","T1",453,1.2,"T_stage",0.143672692673644
"3","T1",228,1.2,"T_stage",0.0923824959481361
"4","T1",7,1.2,"T_stage",0.00285597715218278
"5","T1",284,1.2,"T_stage",0.120696982575436
"6","T1",0,1.2,"T_stage",0
"7","T1",190,1.2,"T_stage",0.0893697083725306
"8","T1",156,1.2,"T_stage",0.0850136239782016
"9","T1",86,1.2,"T_stage",0.0570670205706702
"10","T1",229,1.2,"T_stage",0.159916201117318
"11","T1",203,1.2,"T_stage",0.156635802469136
"12","T1",82,1.2,"T_stage",0.0757156048014774
"13","T1",106,1.2,"T_stage",0.1067472306143
"14","T1",159,1.2,"T_stage",0.187721369539551
"15","T1",38,1.2,"T_stage",0.0459492140266022
"16","T1",57,1.2,"T_stage",0.0752972258916777
"17","T1",12,1.2,"T_stage",0.0213143872113677
"18","T1",23,1.2,"T_stage",0.0511111111111111
"19","T1",34,1.2,"T_stage",0.0788863109048724
"20","T1",0,1.2,"T_stage",0
"21","T1",3,1.2,"T_stage",0.013953488372093
"0","T2",399,1.2,"T_stage",0.0782659866614359
"1","T2",741,1.2,"T_stage",0.201249321021184
"2","T2",340,1.2,"T_stage",0.107833809070726
"3","T2",140,1.2,"T_stage",0.0567260940032415
"4","T2",997,1.2,"T_stage",0.406772745818033
"5","T2",584,1.2,"T_stage",0.248193795155121
"6","T2",1224,1.2,"T_stage",0.569302325581395
"7","T2",28,1.2,"T_stage",0.013170272812794
"8","T2",607,1.2,"T_stage",0.330790190735695
"9","T2",31,1.2,"T_stage",0.0205706702057067
"10","T2",92,1.2,"T_stage",0.0642458100558659
"11","T2",273,1.2,"T_stage",0.210648148148148
"12","T2",71,1.2,"T_stage",0.0655586334256694
"13","T2",332,1.2,"T_stage",0.334340382678751
"14","T2",119,1.2,"T_stage",0.140495867768595
"15","T2",159,1.2,"T_stage",0.192261185006046
"16","T2",116,1.2,"T_stage",0.153236459709379
"17","T2",215,1.2,"T_stage",0.381882770870337
"18","T2",105,1.2,"T_stage",0.233333333333333
"19","T2",91,1.2,"T_stage",0.211136890951276
"20","T2",136,1.2,"T_stage",0.621004566210046
"21","T2",9,1.2,"T_stage",0.0418604651162791
"0","T3",150,1.2,"T_stage",0.0294233032561789
"1","T3",441,1.2,"T_stage",0.119771863117871
"2","T3",377,1.2,"T_stage",0.119568664763717
"3","T3",100,1.2,"T_stage",0.0405186385737439
"4","T3",66,1.2,"T_stage",0.0269277845777234
"5","T3",299,1.2,"T_stage",0.12707182320442
"6","T3",198,1.2,"T_stage",0.0920930232558139
"7","T3",188,1.2,"T_stage",0.0884289746001881
"8","T3",346,1.2,"T_stage",0.188555858310627
"9","T3",69,1.2,"T_stage",0.0457863304578633
"10","T3",143,1.2,"T_stage",0.0998603351955307
"11","T3",208,1.2,"T_stage",0.160493827160494
"12","T3",110,1.2,"T_stage",0.101569713758079
"13","T3",70,1.2,"T_stage",0.0704934541792548
"14","T3",119,1.2,"T_stage",0.140495867768595
"15","T3",102,1.2,"T_stage",0.123337363966143
"16","T3",47,1.2,"T_stage",0.0620871862615588
"17","T3",99,1.2,"T_stage",0.175843694493783
"18","T3",16,1.2,"T_stage",0.0355555555555556
"19","T3",57,1.2,"T_stage",0.132250580046404
"20","T3",24,1.2,"T_stage",0.10958904109589
"21","T3",24,1.2,"T_stage",0.111627906976744
"0","T4",476,1.2,"T_stage",0.0933699489996077
"1","T4",471,1.2,"T_stage",0.127919608908202
"2","T4",152,1.2,"T_stage",0.0482080558198541
"3","T4",67,1.2,"T_stage",0.0271474878444084
"4","T4",1147,1.2,"T_stage",0.46797225622195
"5","T4",325,1.2,"T_stage",0.138121546961326
"6","T4",691,1.2,"T_stage",0.321395348837209
"7","T4",151,1.2,"T_stage",0.0710253998118532
"8","T4",222,1.2,"T_stage",0.120980926430518
"9","T4",95,1.2,"T_stage",0.0630391506303915
"10","T4",84,1.2,"T_stage",0.058659217877095
"11","T4",162,1.2,"T_stage",0.125
"12","T4",51,1.2,"T_stage",0.0470914127423823
"13","T4",63,1.2,"T_stage",0.0634441087613293
"14","T4",108,1.2,"T_stage",0.127508854781582
"15","T4",76,1.2,"T_stage",0.0918984280532043
"16","T4",46,1.2,"T_stage",0.0607661822985469
"17","T4",52,1.2,"T_stage",0.0923623445825933
"18","T4",47,1.2,"T_stage",0.104444444444444
"19","T4",59,1.2,"T_stage",0.136890951276102
"20","T4",24,1.2,"T_stage",0.10958904109589
"21","T4",17,1.2,"T_stage",0.0790697674418605
"0","Ta",22,1.2,"T_stage",0.00431541781090624
"1","Ta",55,1.2,"T_stage",0.0149375339489408
"2","Ta",37,1.2,"T_stage",0.0117348556929908
"3","Ta",19,1.2,"T_stage",0.00769854132901134
"4","Ta",10,1.2,"T_stage",0.00407996736026112
"5","Ta",27,1.2,"T_stage",0.0114747131321717
"6","Ta",0,1.2,"T_stage",0
"7","Ta",120,1.2,"T_stage",0.0564440263405456
"8","Ta",38,1.2,"T_stage",0.020708446866485
"9","Ta",37,1.2,"T_stage",0.0245520902455209
"10","Ta",28,1.2,"T_stage",0.0195530726256983
"11","Ta",16,1.2,"T_stage",0.0123456790123457
"12","Ta",25,1.2,"T_stage",0.023084025854109
"13","Ta",25,1.2,"T_stage",0.0251762336354481
"14","Ta",10,1.2,"T_stage",0.0118063754427391
"15","Ta",25,1.2,"T_stage",0.030229746070133
"16","Ta",19,1.2,"T_stage",0.0250990752972259
"17","Ta",13,1.2,"T_stage",0.0230905861456483
"18","Ta",4,1.2,"T_stage",0.00888888888888889
"19","Ta",5,1.2,"T_stage",0.0116009280742459
"20","Ta",4,1.2,"T_stage",0.0182648401826484
"21","Ta",6,1.2,"T_stage",0.027906976744186
"0",NA,244,1.2,"T_stage",0.047861906630051
"1",NA,665,1.2,"T_stage",0.180608365019011
"2",NA,394,1.2,"T_stage",0.124960355217253
"3",NA,93,1.2,"T_stage",0.0376823338735819
"4",NA,96,1.2,"T_stage",0.0391676866585067
"5",NA,535,1.2,"T_stage",0.227369315767106
"6",NA,37,1.2,"T_stage",0.0172093023255814
"7",NA,147,1.2,"T_stage",0.0691439322671684
"8",NA,246,1.2,"T_stage",0.134059945504087
"9",NA,86,1.2,"T_stage",0.0570670205706702
"10",NA,116,1.2,"T_stage",0.0810055865921788
"11",NA,230,1.2,"T_stage",0.177469135802469
"12",NA,51,1.2,"T_stage",0.0470914127423823
"13",NA,177,1.2,"T_stage",0.178247734138973
"14",NA,230,1.2,"T_stage",0.271546635182999
"15",NA,221,1.2,"T_stage",0.267230955259976
"16",NA,155,1.2,"T_stage",0.204755614266843
"17",NA,123,1.2,"T_stage",0.218472468916519
"18",NA,46,1.2,"T_stage",0.102222222222222
"19",NA,106,1.2,"T_stage",0.245939675174014
"20",NA,23,1.2,"T_stage",0.105022831050228
"21",NA,18,1.2,"T_stage",0.0837209302325581
"0","N0",696,1.2,"N_stage",0.13652412710867
"1","N0",808,1.2,"N_stage",0.219445953286257
"2","N0",836,1.2,"N_stage",0.265144307009198
"3","N0",498,1.2,"N_stage",0.201782820097245
"4","N0",31,1.2,"N_stage",0.0126478988168095
"5","N0",618,1.2,"N_stage",0.262643433914152
"6","N0",0,1.2,"N_stage",0
"7","N0",531,1.2,"N_stage",0.249764816556914
"8","N0",540,1.2,"N_stage",0.294277929155313
"9","N0",250,1.2,"N_stage",0.165892501658925
"10","N0",466,1.2,"N_stage",0.325418994413408
"11","N0",525,1.2,"N_stage",0.405092592592593
"12","N0",288,1.2,"N_stage",0.265927977839335
"13","N0",266,1.2,"N_stage",0.267875125881168
"14","N0",344,1.2,"N_stage",0.406139315230224
"15","N0",168,1.2,"N_stage",0.203143893591294
"16","N0",139,1.2,"N_stage",0.183619550858653
"17","N0",103,1.2,"N_stage",0.182948490230906
"18","N0",51,1.2,"N_stage",0.113333333333333
"19","N0",85,1.2,"N_stage",0.197215777262181
"20","N0",22,1.2,"N_stage",0.100456621004566
"21","N0",36,1.2,"N_stage",0.167441860465116
"0","N2",43,1.2,"N_stage",0.00843468026677128
"1","N2",30,1.2,"N_stage",0.00814774579033134
"2","N2",58,1.2,"N_stage",0.018395179194418
"3","N2",29,1.2,"N_stage",0.0117504051863857
"4","N2",2,1.2,"N_stage",0.000815993472052224
"5","N2",21,1.2,"N_stage",0.00892477688057799
"6","N2",0,1.2,"N_stage",0
"7","N2",76,1.2,"N_stage",0.0357478833490122
"8","N2",27,1.2,"N_stage",0.0147138964577657
"9","N2",40,1.2,"N_stage",0.026542800265428
"10","N2",26,1.2,"N_stage",0.0181564245810056
"11","N2",6,1.2,"N_stage",0.00462962962962963
"12","N2",11,1.2,"N_stage",0.0101569713758079
"13","N2",31,1.2,"N_stage",0.0312185297079557
"14","N2",5,1.2,"N_stage",0.00590318772136954
"15","N2",22,1.2,"N_stage",0.026602176541717
"16","N2",15,1.2,"N_stage",0.0198150594451783
"17","N2",13,1.2,"N_stage",0.0230905861456483
"18","N2",15,1.2,"N_stage",0.0333333333333333
"19","N2",6,1.2,"N_stage",0.0139211136890951
"20","N2",2,1.2,"N_stage",0.0091324200913242
"21","N2",10,1.2,"N_stage",0.0465116279069767
"0","N3",33,1.2,"N_stage",0.00647312671635936
"1","N3",65,1.2,"N_stage",0.0176534492123846
"2","N3",79,1.2,"N_stage",0.0250555026958452
"3","N3",22,1.2,"N_stage",0.00891410048622366
"4","N3",0,1.2,"N_stage",0
"5","N3",24,1.2,"N_stage",0.0101997450063748
"6","N3",0,1.2,"N_stage",0
"7","N3",40,1.2,"N_stage",0.0188146754468485
"8","N3",24,1.2,"N_stage",0.0130790190735695
"9","N3",21,1.2,"N_stage",0.0139349701393497
"10","N3",41,1.2,"N_stage",0.0286312849162011
"11","N3",14,1.2,"N_stage",0.0108024691358025
"12","N3",5,1.2,"N_stage",0.00461680517082179
"13","N3",20,1.2,"N_stage",0.0201409869083585
"14","N3",34,1.2,"N_stage",0.0401416765053129
"15","N3",4,1.2,"N_stage",0.00483675937122128
"16","N3",13,1.2,"N_stage",0.0171730515191546
"17","N3",8,1.2,"N_stage",0.0142095914742451
"18","N3",3,1.2,"N_stage",0.00666666666666667
"19","N3",12,1.2,"N_stage",0.0278422273781903
"20","N3",1,1.2,"N_stage",0.0045662100456621
"21","N3",2,1.2,"N_stage",0.00930232558139535
"0","Normal",3507,1.2,"N_stage",0.687916830129463
"1","Normal",935,1.2,"N_stage",0.253938077131993
"2","Normal",1400,1.2,"N_stage",0.444021566761814
"3","Normal",1821,1.2,"N_stage",0.737844408427877
"4","Normal",128,1.2,"N_stage",0.0522235822113423
"5","Normal",299,1.2,"N_stage",0.12707182320442
"6","Normal",0,1.2,"N_stage",0
"7","Normal",1302,1.2,"N_stage",0.61241768579492
"8","Normal",220,1.2,"N_stage",0.119891008174387
"9","Normal",1103,1.2,"N_stage",0.731917717319177
"10","Normal",740,1.2,"N_stage",0.516759776536313
"11","Normal",204,1.2,"N_stage",0.157407407407407
"12","Normal",693,1.2,"N_stage",0.6398891966759
"13","Normal",220,1.2,"N_stage",0.221550855991944
"14","Normal",102,1.2,"N_stage",0.120425029515939
"15","Normal",206,1.2,"N_stage",0.249093107617896
"16","Normal",317,1.2,"N_stage",0.418758256274769
"17","Normal",49,1.2,"N_stage",0.0870337477797513
"18","Normal",209,1.2,"N_stage",0.464444444444444
"19","Normal",79,1.2,"N_stage",0.183294663573086
"20","Normal",8,1.2,"N_stage",0.0365296803652968
"21","Normal",138,1.2,"N_stage",0.641860465116279
"0",NA,819,1.2,"N_stage",0.160651235778737
"1",NA,1844,1.2,"N_stage",0.500814774579033
"2",NA,780,1.2,"N_stage",0.247383444338725
"3",NA,98,1.2,"N_stage",0.039708265802269
"4",NA,2290,1.2,"N_stage",0.934312525499796
"5",NA,1391,1.2,"N_stage",0.591160220994475
"6",NA,2150,1.2,"N_stage",1
"7",NA,177,1.2,"N_stage",0.0832549388523048
"8",NA,1024,1.2,"N_stage",0.558038147138965
"9",NA,93,1.2,"N_stage",0.0617120106171201
"10",NA,159,1.2,"N_stage",0.111033519553073
"11",NA,547,1.2,"N_stage",0.422067901234568
"12",NA,86,1.2,"N_stage",0.0794090489381348
"13",NA,456,1.2,"N_stage",0.459214501510574
"14",NA,362,1.2,"N_stage",0.427390791027155
"15",NA,427,1.2,"N_stage",0.516324062877872
"16",NA,273,1.2,"N_stage",0.360634081902246
"17",NA,390,1.2,"N_stage",0.692717584369449
"18",NA,172,1.2,"N_stage",0.382222222222222
"19",NA,249,1.2,"N_stage",0.577726218097448
"20",NA,186,1.2,"N_stage",0.849315068493151
"21",NA,29,1.2,"N_stage",0.134883720930233
"0","M0",729,1.2,"M_stage",0.142997253825029
"1","M0",873,1.2,"M_stage",0.237099402498642
"2","M0",915,1.2,"M_stage",0.290199809705043
"3","M0",520,1.2,"M_stage",0.210696920583468
"4","M0",31,1.2,"M_stage",0.0126478988168095
"5","M0",642,1.2,"M_stage",0.272843178920527
"6","M0",0,1.2,"M_stage",0
"7","M0",571,1.2,"M_stage",0.268579492003763
"8","M0",564,1.2,"M_stage",0.307356948228883
"9","M0",271,1.2,"M_stage",0.179827471798275
"10","M0",507,1.2,"M_stage",0.354050279329609
"11","M0",539,1.2,"M_stage",0.415895061728395
"12","M0",293,1.2,"M_stage",0.270544783010157
"13","M0",286,1.2,"M_stage",0.288016112789527
"14","M0",378,1.2,"M_stage",0.446280991735537
"15","M0",172,1.2,"M_stage",0.207980652962515
"16","M0",152,1.2,"M_stage",0.200792602377807
"17","M0",111,1.2,"M_stage",0.197158081705151
"18","M0",54,1.2,"M_stage",0.12
"19","M0",97,1.2,"M_stage",0.225058004640371
"20","M0",23,1.2,"M_stage",0.105022831050228
"21","M0",38,1.2,"M_stage",0.176744186046512
"0","Normal",3507,1.2,"M_stage",0.687916830129463
"1","Normal",935,1.2,"M_stage",0.253938077131993
"2","Normal",1400,1.2,"M_stage",0.444021566761814
"3","Normal",1821,1.2,"M_stage",0.737844408427877
"4","Normal",128,1.2,"M_stage",0.0522235822113423
"5","Normal",299,1.2,"M_stage",0.12707182320442
"6","Normal",0,1.2,"M_stage",0
"7","Normal",1302,1.2,"M_stage",0.61241768579492
"8","Normal",220,1.2,"M_stage",0.119891008174387
"9","Normal",1103,1.2,"M_stage",0.731917717319177
"10","Normal",740,1.2,"M_stage",0.516759776536313
"11","Normal",204,1.2,"M_stage",0.157407407407407
"12","Normal",693,1.2,"M_stage",0.6398891966759
"13","Normal",220,1.2,"M_stage",0.221550855991944
"14","Normal",102,1.2,"M_stage",0.120425029515939
"15","Normal",206,1.2,"M_stage",0.249093107617896
"16","Normal",317,1.2,"M_stage",0.418758256274769
"17","Normal",49,1.2,"M_stage",0.0870337477797513
"18","Normal",209,1.2,"M_stage",0.464444444444444
"19","Normal",79,1.2,"M_stage",0.183294663573086
"20","Normal",8,1.2,"M_stage",0.0365296803652968
"21","Normal",138,1.2,"M_stage",0.641860465116279
"0",NA,862,1.2,"M_stage",0.169085916045508
"1",NA,1874,1.2,"M_stage",0.508962520369365
"2",NA,838,1.2,"M_stage",0.265778623533143
"3",NA,127,1.2,"M_stage",0.0514586709886548
"4",NA,2292,1.2,"M_stage",0.935128518971848
"5",NA,1412,1.2,"M_stage",0.600084997875053
"6",NA,2150,1.2,"M_stage",1
"7",NA,253,1.2,"M_stage",0.119002822201317
"8",NA,1051,1.2,"M_stage",0.57275204359673
"9",NA,133,1.2,"M_stage",0.0882548108825481
"10",NA,185,1.2,"M_stage",0.129189944134078
"11",NA,553,1.2,"M_stage",0.426697530864198
"12",NA,97,1.2,"M_stage",0.0895660203139428
"13",NA,487,1.2,"M_stage",0.49043303121853
"14",NA,367,1.2,"M_stage",0.433293978748524
"15",NA,449,1.2,"M_stage",0.542926239419589
"16",NA,288,1.2,"M_stage",0.380449141347424
"17",NA,403,1.2,"M_stage",0.715808170515098
"18",NA,187,1.2,"M_stage",0.415555555555556
"19",NA,255,1.2,"M_stage",0.591647331786543
"20",NA,188,1.2,"M_stage",0.858447488584475
"21",NA,39,1.2,"M_stage",0.181395348837209
