"p_val","avg_log2FC","pct.1","pct.2","p_val_adj","cluster","gene"
0,4.54807000499079,0.106,0.006,0,"0","ENSG00000289150"
0,3.82229034541663,0.103,0.01,0,"0","HP"
0,3.11047837313224,0.76,0.206,0,"0","S100A12"
3.33583541712592e-250,3.00483105716347,0.208,0.069,3.00261881730922e-245,"0","GPAT4-AS1"
0,2.84970237028416,0.929,0.468,0,"0","S100A8"
0,2.8421630055585,0.187,0.044,0,"0","ENSG00000287535"
0,2.82429821061795,0.174,0.032,0,"0","ENSG00000301069"
0,2.77003963410744,0.946,0.645,0,"0","S100A9"
0,2.73376590839011,0.386,0.06,0,"0","PROK2"
0,2.67596218792001,0.61,0.148,0,"0","MCTP2"
0,2.572768212657,0.265,0.077,0,"0","CENPU"
4.98810125465124e-301,2.55841320202315,0.131,0.023,4.48983982032413e-296,"0","VNN3P.1"
0,2.55641529557511,0.38,0.091,0,"0","RBP7"
0,2.53861508106667,0.404,0.084,0,"0","SERPINB2"
0,2.49597484985773,0.221,0.043,0,"0","STEAP4"
9.62557483311241e-176,2.48969053971931,0.1,0.023,8.66407616303281e-171,"0","ENSG00000305512"
7.86499541933437e-286,2.44739066156548,0.165,0.039,7.07936102689706e-281,"0","FOLR3"
1.65439218752786e-280,2.40550766183546,0.231,0.076,1.4891349519157e-275,"0","ENSG00000233461"
1.65808430744322e-320,2.40005045417209,0.151,0.03,1.49245826597272e-315,"0","F5"
1.23427187501963e-204,2.34533270509865,0.103,0.021,1.11098045742392e-199,"0","NFE2"
0,2.3206334339541,0.254,0.071,0,"0","CLEC4D"
0,2.28264440493697,0.219,0.058,0,"0","MIR223HG"
0,2.25701287065236,0.457,0.138,0,"0","MCEMP1"
4.19915683847418e-233,2.25294264526659,0.135,0.032,3.779703061879e-228,"0","ENSG00000308579"
2.29405596769286e-216,2.20929144406596,0.125,0.029,2.06490271708002e-211,"0","LIN7A"
2.23776137456579e-146,2.19469745850395,0.104,0.029,2.01423139086041e-141,"0","ENSG00000296746"
6.40245578235304e-236,2.171336719691,0.156,0.041,5.7629144742538e-231,"0","MTND5P32"
0,2.14178609406305,0.465,0.164,0,"0","ENSG00000274213"
5.58645816954875e-125,2.13776546031487,0.104,0.032,5.02842686299253e-120,"0","ENSG00000294841"
8.87455007785422e-185,2.13678221323079,0.173,0.06,7.98807127057736e-180,"0","ENSG00000303426"
2.73760282383491e-149,2.12381220650636,0.114,0.034,2.46414367776205e-144,"0","ENSG00000261596"
0,2.09653387917636,0.383,0.108,0,"0","VNN2"
3.71777812752753e-133,2.08120049223779,0.1,0.029,3.3464092703688e-128,"0","ENSG00000299998"
0,2.04669856881221,0.264,0.077,0,"0","PTX3"
0,2.04433988287966,0.492,0.149,0,"0","FCAR"
0,2.03993444623162,0.276,0.088,0,"0","ENSG00000287216"
0,2.02412668193973,0.404,0.132,0,"0","LIPN"
2.98051070285257e-187,1.98526723901147,0.152,0.047,2.68278748874463e-182,"0","ENSG00000310025"
0,1.9781977402252,0.349,0.103,0,"0","CDA"
0,1.95949254410079,0.563,0.194,0,"0","TNFAIP6"
1.79251613675415e-209,1.95469483098586,0.352,0.187,1.61346169985378e-204,"0","H1-2"
0,1.94395515172848,0.789,0.381,0,"0","VCAN"
1.38918674207125e-108,1.92283110701293,0.11,0.039,1.25042087840575e-103,"0","NAMPT-AS1"
0,1.91969763072198,0.284,0.09,0,"0","CATIP"
0,1.88268884034954,0.781,0.328,0,"0","FCN1"
0,1.87356233612469,0.434,0.15,0,"0","SELL"
7.39864704411669e-176,1.86150752062432,0.158,0.052,6.65959619087987e-171,"0","DGAT2"
0,1.855116119022,0.499,0.239,0,"0","LILRA5"
6.21307532195066e-180,1.84824985741853,0.16,0.052,5.59245122804101e-175,"0","ENSG00000230492"
5.51417645117187e-148,1.84246107644212,0.128,0.04,4.96336536546431e-143,"0","NLRP12"
5.67959929006725e-110,1.82642745206418,0.117,0.043,5.11226411698243e-105,"0","ENSG00000289424"
1.47788262490178e-102,1.82604586085005,0.27,0.159,1.33025692950034e-97,"0","CXCL1"
0,1.82378345756308,0.562,0.281,0,"0","DUSP6"
0,1.82009852394753,0.23,0.053,0,"0","PADI4"
1.69185652504358e-117,1.81875997488769,0.129,0.048,1.52285697675698e-112,"0","ENSG00000303865"
0,1.8021277539794,0.726,0.446,0,"0","CXCL2"
0,1.79353499829807,0.394,0.148,0,"0","MIR3945HG"
4.41224080919201e-273,1.79209447012508,0.3,0.123,3.97150207476182e-268,"0","BST1"
0,1.78516777227787,0.313,0.115,0,"0","CKAP4"
2.0261197468687e-114,1.78262915716253,0.112,0.039,1.82373064535398e-109,"0","ADAMTSL4-AS2"
1.33093333569016e-303,1.78147972490941,0.35,0.151,1.19798640478807e-298,"0","GK5"
0,1.77659870120794,0.679,0.352,0,"0","NLRP3"
3.91568130210283e-121,1.76506598915143,0.117,0.04,3.52454389683578e-116,"0","ENSG00000273004"
8.64766463370613e-223,1.75434418583584,0.157,0.044,7.78384941344523e-218,"0","ENSG00000286076"
1.29376791556959e-231,1.75282939710549,0.164,0.046,1.16453343848334e-226,"0","APOBEC3B"
1.99703799667569e-144,1.73959002169135,0.158,0.059,1.79755387118776e-139,"0","ENSG00000251194"
3.91999917920003e-102,1.72175673890906,0.145,0.062,3.52843046118974e-97,"0","F3"
7.6927387700723e-123,1.71053443654881,0.204,0.098,6.92431109432978e-118,"0","ENSG00000226824"
0,1.70340999520988,0.86,0.504,0,"0","IL1B"
5.78614418634008e-107,1.70270570520619,0.155,0.068,5.20816624356657e-102,"0","ENSG00000283839"
0,1.69574050775072,0.822,0.558,0,"0","CD55"
5.24899195511309e-186,1.69401993144111,0.296,0.146,4.72467014871685e-181,"0","HPSE"
0,1.68369820887986,0.496,0.276,0,"0","METTL9"
1.88101449189254e-237,1.66897878297419,0.256,0.098,1.69311995429739e-232,"0","CYP1B1"
0,1.62687325338006,0.462,0.233,0,"0","ENSG00000308028"
1.849588780942e-155,1.61766145373961,0.2,0.084,1.66483335761371e-150,"0","NRGN"
2.42295285090145e-236,1.61653021233751,0.302,0.133,2.1809240906249e-231,"0","ICAM3"
2.49640862497436e-219,1.60661847746352,0.454,0.287,2.24704236742567e-214,"0","SLC39A8"
0,1.60400545611518,0.62,0.311,0,"0","EHD1"
0,1.59895707329825,0.641,0.357,0,"0","ANPEP"
0,1.59624291864016,0.552,0.286,0,"0","MAP3K20"
0,1.58739001459905,0.575,0.276,0,"0","CD300E"
2.62059147479579e-81,1.55659595106306,0.136,0.063,2.35882059237844e-76,"0","ASGR2"
1.36172164324987e-142,1.55479413303296,0.146,0.052,1.22569926830564e-137,"0","FFAR2"
9.28788595885999e-69,1.54950117023826,0.126,0.061,8.36011903042947e-64,"0","ENSG00000299339"
8.42066266084569e-97,1.54285716271744,0.13,0.054,7.57952266765381e-92,"0","SMARCD3"
2.22405206320343e-93,1.53846612528007,0.251,0.15,2.00189150261004e-88,"0","TNFSF8"
3.99342658234456e-189,1.53475542038362,0.235,0.097,3.59452320103416e-184,"0","ENSG00000279602"
0,1.53155538472982,0.659,0.401,0,"0","ANTXR2"
9.2878974350095e-235,1.53152070692236,0.348,0.168,8.3601293602264e-230,"0","ENSG00000257764"
3.37380912145644e-101,1.52705938968778,0.127,0.05,3.03679932831416e-96,"0","DLGAP1-AS2"
1.49711259667203e-57,1.52516718990666,0.151,0.085,1.34756601939046e-52,"0","FRAT2"
2.64467185195613e-122,1.50417873368617,0.164,0.068,2.38049558066423e-117,"0","ENSG00000287937"
2.34115873489519e-63,1.4985380648814,0.132,0.067,2.10730038886651e-58,"0","H2BC4"
1.21687935334326e-85,1.49636003416221,0.11,0.044,1.0953252747378e-80,"0","ENSG00000289931"
0,1.48863440414144,0.908,0.705,0,"0","ATP2B1"
4.76457857563981e-83,1.48617771863905,0.14,0.065,4.28864482171915e-78,"0","RN7SL368P"
6.55995625045205e-239,1.48436319050994,0.307,0.131,5.90468222059439e-234,"0","ENSG00000304732"
0,1.47527766151843,0.398,0.168,0,"0","TMEM71"
4.38005324942758e-231,1.46843368231811,0.327,0.152,3.94252973034226e-226,"0","DYSF"
0,4.02776804587221,0.147,0.02,0,"1","LYVE1"
0,3.90212679216477,0.182,0.018,0,"1","EDA"
0,3.81867975940324,0.107,0.01,0,"1","LINC02712"
0,3.66105163051947,0.224,0.03,0,"1","KCNQ3"
0,3.60541262900774,0.187,0.019,0,"1","IGSF21"
0,3.46608184242668,0.24,0.045,0,"1","NCKAP5"
0,3.42231691750311,0.398,0.062,0,"1","ME1"
9.39726098998573e-312,3.35277795054402,0.12,0.018,8.45856858969605e-307,"1","ANK2"
0,3.34326899693087,0.633,0.103,0,"1","SELENOP"
0,3.31643235436935,0.296,0.043,0,"1","LILRB5"
0,3.31599395999245,0.126,0.014,0,"1","CXCL12"
8.90443843086379e-227,3.26955845761196,0.108,0.021,8.0149740760048e-222,"1","HS3ST2"
0,3.19135533458813,0.213,0.033,0,"1","EYA2"
0,3.14895596021672,0.172,0.027,0,"1","SPTLC3"
0,3.1372431539868,0.76,0.168,0,"1","FRMD4A"
0,3.13109399720264,0.338,0.062,0,"1","CD163L1"
0,3.11353702255386,0.557,0.112,0,"1","KCNMA1"
0,3.09843458221431,0.641,0.199,0,"1","F13A1"
9.30250911851311e-305,3.09724561708143,0.108,0.015,8.37328148266484e-300,"1","PLXDC1"
0,3.08369875504685,0.217,0.032,0,"1","CD209"
0,3.08266822283094,0.553,0.108,0,"1","BNC2"
0,3.06037027124397,0.172,0.026,0,"1","CCL13"
0,3.04903144706335,0.514,0.099,0,"1","SLC40A1"
0,2.948018528305,0.309,0.045,0,"1","IGF1"
0,2.88617151604636,0.205,0.039,0,"1","HECTD2"
0,2.88091066557507,0.187,0.031,0,"1","ANOS1"
0,2.87633883678361,0.275,0.059,0,"1","FARP1"
0,2.84321560738066,0.543,0.109,0,"1","FOLR2"
0,2.8185436320936,0.311,0.065,0,"1","PRKN"
0,2.81622224595498,0.335,0.07,0,"1","ITGA9"
2.8401588269391e-276,2.79099175838746,0.124,0.022,2.55645536171616e-271,"1","RNF150"
2.09146918671679e-265,2.74652104627472,0.123,0.023,1.88255232965565e-260,"1","TFCP2L1"
0,2.7427064840793,0.339,0.085,0,"1","COLEC12"
0,2.74225050619307,0.289,0.063,0,"1","ESR1"
1.25503454556069e-316,2.72947807663546,0.153,0.03,1.12966914480463e-311,"1","CTTNBP2"
0,2.72290142043187,0.337,0.069,0,"1","TMEM117"
0,2.71233322146636,0.237,0.049,0,"1","DIRC3"
1.3605848595409e-266,2.70224343642199,0.112,0.018,1.22467603792136e-261,"1","DIP2C"
0,2.69175154383384,0.533,0.123,0,"1","PLTP"
3.79298691080422e-200,2.65515813756645,0.101,0.02,3.41410544828398e-195,"1","TMEM26"
0,2.63910696764102,0.185,0.038,0,"1","HPGDS"
0,2.61125969703642,0.714,0.177,0,"1","SLCO2B1"
1.03837845423991e-283,2.58725080916089,0.153,0.033,9.34654830445886e-279,"1","APBA1"
0,2.56389376575107,0.556,0.162,0,"1","MERTK"
3.76863540812564e-273,2.56180464559436,0.139,0.028,3.39218641720797e-268,"1","ENSG00000309350"
0,2.55289373367393,0.383,0.078,0,"1","SDC3"
0,2.55250349098188,0.482,0.141,0,"1","PDGFC"
3.09230250628676e-250,2.54296190490841,0.135,0.029,2.78341240893378e-245,"1","AL356124.1"
2.86492681884995e-165,2.5184017984829,0.111,0.029,2.57874927891503e-160,"1","RYR1"
0,2.51128056504866,0.645,0.158,0,"1","RNASE1"
0,2.50754940888768,0.533,0.147,0,"1","STARD13"
0,2.50623064457122,0.161,0.028,0,"1","TMEM37"
1.58230835406119e-249,2.46751011394549,0.139,0.031,1.42425157257402e-244,"1","LPAR5"
4.70825368323612e-287,2.46357310352213,0.164,0.037,4.23794622281766e-282,"1","FCGBP"
3.29733352120165e-186,2.44542135585389,0.148,0.044,2.96796287576881e-181,"1","ENSG00000253557"
0,2.44528391455214,0.272,0.055,0,"1","GAL3ST4"
0,2.43961294573643,0.615,0.18,0,"1","MAF"
1.92859341307635e-253,2.42695265797087,0.156,0.038,1.73594621704415e-248,"1","STON2"
0,2.4263712097091,0.25,0.059,0,"1","ARHGAP6"
1.96241401542841e-147,2.41603770160467,0.108,0.03,1.76638847942727e-142,"1","ENSG00000234147"
0,2.40626512585658,0.313,0.063,0,"1","SLC7A8"
0,2.39691528124859,0.267,0.068,0,"1","ZNF618"
0,2.38755503229961,0.342,0.107,0,"1","DISP1"
5.41446073358266e-257,2.36954236773583,0.134,0.028,4.87361025090509e-252,"1","CNRIP1"
3.42819094931515e-246,2.34174305874319,0.12,0.023,3.08574895538806e-241,"1","RAB3IL1"
0,2.33589301078154,0.67,0.204,0,"1","DAB2"
0,2.32935984369511,0.292,0.069,0,"1","ITGB5"
1.29167321005836e-214,2.32912167874678,0.163,0.047,1.16264797310563e-209,"1","NAV2"
4.91437305591649e-184,2.3156665460407,0.115,0.028,4.42347633136099e-179,"1","GFRA2"
3.26157777389538e-250,2.30447766085323,0.142,0.032,2.93577877006097e-245,"1","LINC00996"
0,2.29973261073128,0.435,0.106,0,"1","GPR34"
5.84030203985067e-148,2.2995929543289,0.108,0.029,5.25691426908999e-143,"1","PIK3R3"
0,2.29815122218662,0.626,0.206,0,"1","SPRED1"
0,2.2954591169794,0.338,0.091,0,"1","ABCC5"
2.63056768210566e-306,2.29419359900748,0.202,0.053,2.36780027634012e-301,"1","SLC18B1"
0,2.28965885314971,0.312,0.091,0,"1","DTNA"
8.32255478735867e-193,2.27964730260647,0.119,0.029,7.49121478964941e-188,"1","SPATA7"
0,2.27630352326406,0.413,0.145,0,"1","FAM20A"
3.05383745991169e-219,2.27006485614685,0.134,0.032,2.74878963604112e-214,"1","RHOBTB1"
9.8077391792343e-165,2.25961513106841,0.108,0.027,8.82804411262058e-160,"1","DEPTOR"
0,2.2494224610429,0.736,0.271,0,"1","STAB1"
0,2.2491030852135,0.834,0.335,0,"1","LGMN"
0,2.2471087409833,0.562,0.197,0,"1","AP2A2"
5.01528191154516e-278,2.24266763259724,0.188,0.05,4.51430540140091e-273,"1","TGFB2"
0,2.2379413499943,0.239,0.06,0,"1","PER3"
0,2.23114976776031,0.322,0.089,0,"1","LTC4S"
2.56679383950946e-237,2.22435810052336,0.207,0.067,2.31039680288086e-232,"1","ENSG00000226149"
1.34489063391258e-225,2.2171009820465,0.141,0.034,1.21054950849105e-220,"1","SLC12A5"
7.28787532755823e-257,2.21688367276952,0.196,0.057,6.55988946108844e-252,"1","HTRA1"
6.06701376695907e-221,2.20989515231388,0.139,0.034,5.46097976177753e-216,"1","ACE"
0,2.20965931693557,0.58,0.214,0,"1","ANKH"
0,2.19740683753686,0.346,0.099,0,"1","GPR155"
0,2.18112977241904,0.22,0.059,0,"1","BLNK"
5.47150269027505e-123,2.17696696561262,0.105,0.032,4.92495428654347e-118,"1","KHDRBS2"
1.44491780274565e-243,2.17354717968622,0.166,0.044,1.30058496342939e-238,"1","TLN2"
5.46641802508669e-251,2.17294894771324,0.176,0.048,4.92037752856078e-246,"1","ICA1"
0,2.17070516559609,0.627,0.238,0,"1","FCHO2"
1.54876057261654e-274,2.16964731315234,0.178,0.045,1.39405487901788e-269,"1","P3H2"
1.8993775326031e-183,2.1694927322196,0.121,0.031,1.70964871087138e-178,"1","PROS1"
0,2.16825013758659,0.41,0.104,0,"1","C2"
0,3.68603691147038,0.265,0.043,0,"2","NUPR1"
0,3.6815429951144,0.161,0.022,0,"2","MT1H"
0,3.50893244283402,0.105,0.012,0,"2","TM4SF19"
0,3.46865910511055,0.17,0.032,0,"2","APOC2"
1.06685863953296e-251,3.41710971217033,0.177,0.047,9.60290130030015e-247,"2","MMP12"
0,3.37662453156111,0.823,0.23,0,"2","APOC1"
0,3.33019054915534,0.265,0.047,0,"2","CCL18"
0,3.22996266159369,0.832,0.239,0,"2","APOE"
0,2.9818032965338,0.783,0.188,0,"2","GPNMB"
0,2.9281651677043,0.164,0.025,0,"2","RAB42"
0,2.8507512283283,0.159,0.027,0,"2","FABP3"
0,2.80605932737829,0.666,0.214,0,"2","ACP5"
2.03951262664881e-300,2.8009359194844,0.135,0.023,1.83578571037286e-295,"2","RBP1"
0,2.78356353290975,0.572,0.184,0,"2","SPP1"
0,2.75050991218814,0.566,0.126,0,"2","TREM2"
0,2.71109215561649,0.326,0.089,0,"2","GCHFR"
2.29185399056913e-229,2.69079029439706,0.108,0.019,2.06292069545118e-224,"2","GAPLINC"
0,2.68254994242308,0.966,0.622,0,"2","CTSD"
4.02146572860977e-195,2.51901154718799,0.1,0.019,3.61976151697894e-190,"2","ATP6V0D2"
0,2.46662388600871,0.307,0.075,0,"2","ADAMDEC1"
0,2.43572962729951,0.192,0.038,0,"2","OTOA"
0,2.42100871086235,0.714,0.305,0,"2","CD68"
6.58010313255903e-122,2.41303751612833,0.1,0.029,5.92281663064771e-117,"2","SLAMF9"
5.28812394430752e-300,2.40875364765342,0.167,0.036,4.75989324351064e-295,"2","PDPN"
0,2.4036343853191,0.343,0.078,0,"2","VAT1"
0,2.40082526438802,0.351,0.089,0,"2","SCD"
0,2.38398818602809,0.396,0.127,0,"2","FUCA1"
0,2.37875132034566,0.305,0.098,0,"2","MT1G"
1.56158303586107e-255,2.35711334814311,0.35,0.154,1.4055965064089e-250,"2","MMP9"
4.41599945255015e-314,2.33250165332759,0.162,0.032,3.97488526723491e-309,"2","ACE"
0,2.31177715764645,0.622,0.235,0,"2","LIPA"
2.63384871510391e-180,2.3011898433946,0.111,0.026,2.37075356695218e-175,"2","MT1M"
0,2.28367340980787,0.256,0.056,0,"2","NR1H3"
2.24306967098066e-241,2.2470054429433,0.121,0.023,2.01900944154641e-236,"2","KLHDC8B"
2.01940968773026e-254,2.24487889609223,0.146,0.032,1.81769085402288e-249,"2","TMEM37"
0,2.22530988469945,0.864,0.329,0,"2","C1QB"
8.04949639054007e-174,2.21811665367909,0.105,0.024,7.24543219608902e-169,"2","MATK"
8.95432267192996e-227,2.21678934232423,0.145,0.035,8.05987538023088e-222,"2","ADORA3"
0,2.21301084135622,0.304,0.096,0,"2","MT1F"
0,2.21084533048612,0.847,0.292,0,"2","C1QC"
0,2.19191394509273,0.573,0.173,0,"2","RNASE1"
0,2.18050577984168,0.359,0.094,0,"2","ACP2"
0,2.16577692337842,0.731,0.311,0,"2","PLD3"
0,2.14254365168339,0.408,0.128,0,"2","DNASE2"
1.65873478335818e-211,2.11106306632392,0.184,0.056,1.49304376584854e-206,"2","RARRES1"
0,2.11042555010681,0.28,0.086,0,"2","TNFSF13"
0,2.10836249265956,0.249,0.061,0,"2","GAL3ST4"
2.45392595744207e-256,2.10075902651525,0.18,0.047,2.20880329355318e-251,"2","TMEM35B"
0,2.07137199727868,0.379,0.111,0,"2","C2"
0,2.06605965681292,0.884,0.35,0,"2","C1QA"
1.79361589930865e-197,2.03443675662746,0.171,0.052,1.61445160712671e-192,"2","TMIGD3"
2.00898273446981e-231,2.02867311092399,0.324,0.14,1.80830544912362e-226,"2","IFI27"
0,2.01619334417986,0.818,0.394,0,"2","CD81"
0,1.99195647242441,0.709,0.348,0,"2","FABP5"
0,1.98824057527795,0.973,0.722,0,"2","CTSB"
0,1.96871647073256,0.851,0.456,0,"2","CTSL"
0,1.95177350598262,0.488,0.159,0,"2","MMP14"
2.09950279049913e-147,1.94843904310403,0.103,0.026,1.88978345675617e-142,"2","P2RY11"
5.91398567896232e-163,1.94030078567073,0.118,0.031,5.32323764949078e-158,"2","TMEM86A"
0,1.92377236011619,0.597,0.196,0,"2","A2M"
0,1.91760386679512,0.31,0.098,0,"2","CD99"
6.41302108914529e-235,1.91607172270673,0.219,0.071,5.77242441255057e-230,"2","OLFML3"
7.81617513885088e-311,1.88003862014778,0.221,0.058,7.03541740423107e-306,"2","HSD17B14"
0,1.87935394728507,0.641,0.248,0,"2","CD9"
0,1.87895684272754,0.482,0.134,0,"2","PLTP"
0,1.87723303765097,0.42,0.15,0,"2","TSPAN4"
0,1.87541134018786,0.309,0.093,0,"2","GLMP"
0,1.87344445173646,0.592,0.264,0,"2","PLA2G7"
2.58545545349324e-174,1.85914635235264,0.128,0.034,2.3271943082438e-169,"2","HAGHL"
0,1.85912522161085,0.765,0.35,0,"2","LGMN"
0,1.85389609589354,0.647,0.212,0,"2","DAB2"
4.94852508952132e-172,1.84491316291009,0.124,0.032,4.45421691832904e-167,"2","GBA"
2.5730274781465e-191,1.8353109268397,0.18,0.057,2.31600776335445e-186,"2","EPHX1"
0,1.83498259577982,0.909,0.69,0,"2","CSTB"
3.13493552745668e-205,1.8241512124415,0.165,0.047,2.82178681761903e-200,"2","DBNDD2"
0,1.82291881793732,0.483,0.19,0,"2","CD59"
1.5537647426727e-228,1.82187067758909,0.215,0.07,1.39855918252712e-223,"2","CYP27A1"
1.62948818716782e-44,1.82157340929434,0.1,0.05,1.46671861215163e-39,"2","GPX1"
1.9281662608743e-155,1.79767951941864,0.118,0.032,1.73556173307556e-150,"2","BSCL2"
8.39177960943474e-260,1.79693280680503,0.223,0.068,7.5535247442483e-255,"2","CD276"
5.12379067131694e-240,1.77976433276644,0.218,0.069,4.61197522115909e-235,"2","PRXL2A"
0,1.77836030295289,0.307,0.092,0,"2","SDC3"
0,1.77636450503884,0.361,0.12,0,"2","GPR34"
0,1.769828140836,0.394,0.146,0,"2","LGALS3BP"
0,1.7667048239759,1,0.988,0,"2","FTL"
1.78036543195255e-142,1.76477828870789,0.126,0.038,1.60252472895481e-137,"2","CXCL5"
5.22128313061239e-124,1.76438551602444,0.104,0.03,4.69972915869552e-119,"2","LINC02345"
0,1.75014343723714,0.843,0.507,0,"2","CAPG"
2.07624557873213e-146,1.74929748335148,0.127,0.038,1.86884940787258e-141,"2","SLC12A5"
0,1.74827619813527,0.359,0.125,0,"2","SLC40A1"
4.16958652624926e-211,1.74344674305703,0.211,0.071,3.75308652814222e-206,"2","SLC35F6"
0,1.73683726900656,0.72,0.286,0,"2","FCGR3A"
0,1.73220201337162,0.468,0.176,0,"2","VSIG4"
2.38752315424299e-204,1.7232907240343,0.187,0.059,2.14903346636566e-199,"2","HSD3B7"
1.26445203860225e-178,1.71530330849235,0.396,0.218,1.13814592446627e-173,"2","FBP1"
0,1.71061241696418,0.373,0.133,0,"2","SLAMF8"
1.88176193476405e-225,1.70577251859784,0.195,0.059,1.69379273510047e-220,"2","HTRA1"
2.6788662375238e-159,1.70497677411224,0.124,0.034,2.41127428905755e-154,"2","CCL13"
6.33458865778093e-263,1.69884901037816,0.231,0.071,5.7018265967552e-258,"2","PLA2G15"
1.21515828996629e-212,1.68350888986726,0.214,0.072,1.09377612838156e-207,"2","RMDN3"
0,2.50860121476359,0.352,0.096,0,"3","TNIP3"
0,2.48911948390056,0.619,0.211,0,"3","CCL3L3"
5.19294297946442e-177,2.43608239850661,0.168,0.05,4.67421990524572e-172,"3","APOBEC3B"
3.17586602606304e-225,2.36270348965393,0.115,0.02,2.8586287687196e-220,"3","ENSG00000308538"
9.70406567716163e-179,2.32760145523101,0.113,0.024,8.73472655666995e-174,"3","ACOD1"
1.91887095230449e-261,2.31205518906038,0.213,0.058,1.72719493287879e-256,"3","F3"
7.40871063711813e-241,2.24808100805224,0.185,0.047,6.6686545315764e-236,"3","DNAAF1"
1.13630260038687e-258,2.23678291767182,0.182,0.043,1.02279733363423e-253,"3","MN1"
0,2.19349281401622,0.322,0.088,0,"3","IL6"
0,2.15066349218958,0.224,0.052,0,"3","ENSG00000299339"
9.04178875491761e-260,2.12694036526549,0.195,0.049,8.13860447618889e-255,"3","ENSG00000289526"
5.44865030172804e-199,2.12568133419368,0.139,0.032,4.90438462308842e-194,"3","THBS1-IT1"
2.77064030510744e-200,2.12043265183724,0.121,0.025,2.49388104503026e-195,"3","ENSG00000299715"
0,2.07961570744489,0.202,0.041,0,"3","MTND5P32"
0,2.06289170544756,0.232,0.055,0,"3","ENSG00000251194"
1.44154777736613e-143,2.04735504476197,0.115,0.03,1.29755156988503e-138,"3","ENSG00000303204"
0,2.04564233886064,0.216,0.044,0,"3","ENSG00000310025"
0,2.0422697785819,0.586,0.192,0,"3","MAILR"
0,2.03843139288716,0.291,0.082,0,"3","PTX3"
1.79303731414518e-145,2.03133671224808,0.109,0.027,1.61393081683522e-140,"3","LINC00309"
0,2.02582899487287,0.377,0.115,0,"3","ITGB8"
0,1.99423988676739,0.435,0.124,0,"3","ENSG00000304732"
8.40222529803494e-155,1.99210870703263,0.123,0.032,7.56292701301423e-150,"3","ENSG00000303647"
1.43972278800549e-110,1.98379151039565,0.104,0.03,1.29590887871162e-105,"3","ENSG00000297460"
0,1.94475773876769,0.731,0.312,0,"3","CXCL3"
0,1.93663684943371,0.279,0.072,0,"3","ENSG00000259345"
1.88917147641437e-154,1.93528730658378,0.127,0.034,1.70046213763533e-149,"3","ENSG00000307215"
5.52057033015624e-220,1.93002322242334,0.233,0.077,4.96912055987693e-215,"3","ENSG00000299949"
0,1.9087151509358,0.249,0.063,0,"3","ENSG00000287937"
1.58698534958747e-72,1.90649822585824,0.117,0.047,1.42846138301718e-67,"3","SLAMF1"
0,1.90134654572451,0.334,0.089,0,"3","ENSG00000287216"
1.27824864370723e-184,1.89706742292477,0.2,0.066,1.15056438668731e-179,"3","ENSG00000288818"
0,1.88236244325664,0.937,0.387,0,"3","EREG"
0,1.87219343687844,0.333,0.1,0,"3","ENSG00000303809"
0,1.86048121921162,0.316,0.097,0,"3","ENSG00000279166"
2.0201511452301e-228,1.84632054612539,0.187,0.05,1.81835824733307e-223,"3","ENSG00000287535"
2.33021305354136e-143,1.84494306534475,0.141,0.042,2.09744807162311e-138,"3","ENSG00000295095"
3.09733735386392e-116,1.84474693907471,0.108,0.031,2.78794432558645e-111,"3","ENSG00000289097"
3.18480681324522e-105,1.83962464203481,0.118,0.039,2.86667646067016e-100,"3","ENSG00000299722"
0,1.83524203108838,0.597,0.278,0,"3","SLC39A8"
3.61326877184309e-186,1.80989432236231,0.152,0.04,3.25233935422368e-181,"3","ENSG00000305988"
9.54839511740272e-112,1.80678182776327,0.103,0.03,8.59460592912537e-107,"3","ENSG00000278607"
6.87459605214307e-119,1.78670187818956,0.109,0.031,6.1878926524945e-114,"3","ENSG00000307891"
3.23207614933063e-125,1.78624166267977,0.133,0.042,2.90922406277399e-120,"3","RNVU1-27"
2.14295899167819e-132,1.77201179563936,0.152,0.051,1.92889881799946e-127,"3","SNORD3B-1"
1.47691435661712e-163,1.77071056140758,0.149,0.042,1.32938538153464e-158,"3","ENSG00000289424"
2.46452283302752e-225,1.76887854100753,0.208,0.061,2.2183416472364e-220,"3","ENSG00000303426"
0,1.76367829613212,0.801,0.352,0,"3","NLRP3"
0,1.76249965943551,0.354,0.104,0,"3","SERPINB2"
1.27611332417717e-166,1.76071842648865,0.178,0.057,1.14864236422511e-161,"3","ENSG00000286185"
2.82938779265028e-151,1.75987371593725,0.141,0.041,2.54676024604244e-146,"3","PIK3R5-DT"
0,1.75281024175834,0.433,0.16,0,"3","SERPINB9P1"
1.0883798441816e-114,1.74214031382098,0.109,0.031,9.79661581546298e-110,"3","ENSG00000296746"
4.56089400901912e-300,1.7395931135429,0.323,0.109,4.1053063064582e-295,"3","ENSG00000234261"
1.00326147557784e-227,1.73864804575084,0.38,0.171,9.03045686782368e-223,"3","POLR1F"
5.52964193600558e-116,1.7368085658172,0.212,0.094,4.97728600301799e-111,"3","LYPD3"
0,1.72982285248361,0.9,0.438,0,"3","CXCL2"
0,1.72306848360189,0.646,0.294,0,"3","WARS1"
0,1.70581727970344,0.975,0.507,0,"3","IL1B"
6.70705044687312e-135,1.69929139453752,0.131,0.039,6.03708317773497e-130,"3","ENSG00000302660"
1.99319461337736e-117,1.69892931793837,0.112,0.033,1.7940944034471e-112,"3","ENSG00000289930"
0,1.69200783060958,0.441,0.154,0,"3","MIR3945HG"
1.19035190452944e-257,1.69003744038737,0.288,0.099,1.07144765278599e-252,"3","PTGER2"
4.94991417932998e-104,1.68046449380959,0.124,0.042,4.45546725195671e-99,"3","ENSG00000288612"
3.64537286862158e-100,1.67837525827187,0.106,0.033,3.28123657277497e-95,"3","ENSG00000241886"
1.8975434786272e-162,1.66397293337064,0.16,0.048,1.70799786054713e-157,"3","ENSG00000303865"
0,1.65280083137336,0.81,0.402,0,"3","IL1RN"
0,1.65224476856023,0.688,0.315,0,"3","THBS1"
1.33327794412136e-153,1.6467093724906,0.146,0.043,1.20009681028307e-148,"3","ENSG00000289931"
0,1.64334904035423,0.75,0.31,0,"3","EHD1"
2.79226725311185e-88,1.62758518756694,0.103,0.034,2.51334767719851e-83,"3","GJB2"
1.80271453237135e-88,1.61887310407178,0.104,0.035,1.62264137773277e-83,"3","ENSG00000277969"
0,1.61427606303482,0.522,0.171,0,"3","ENSG00000274213"
9.55171129231794e-108,1.61254488534593,0.106,0.031,8.5975908513283e-103,"3","ENSG00000299998"
6.26977961844328e-196,1.60847214678821,0.267,0.101,5.64349133235698e-191,"3","ENSG00000287979"
1.61920067022825e-249,1.60811572794921,0.278,0.094,1.45745871527915e-244,"3","ENSG00000226824"
0,1.60141736974231,0.677,0.308,0,"3","PID1"
1.44854631233707e-83,1.59127247624155,0.111,0.04,1.30385102119772e-78,"3","ENSG00000274767"
0,1.59105271660691,0.696,0.275,0,"3","CD300E"
0,1.59087495983003,0.532,0.196,0,"3","SLC30A4-AS1"
2.99600760220739e-151,1.59063715471152,0.233,0.094,2.69673640282289e-146,"3","ABTB3"
1.04130030269237e-68,1.58850892838146,0.106,0.041,9.37284815456428e-64,"3","ENSG00000290122"
2.3011302897563e-78,1.57884320212662,0.115,0.043,2.07127038511254e-73,"3","ENSG00000295151"
0,1.56552171646746,0.521,0.21,0,"3","SMAD3"
4.40403021370173e-136,1.56369806947659,0.306,0.156,3.96411163565507e-131,"3","PALM2AKAP2"
9.31352581571783e-97,1.54737308358374,0.127,0.045,8.38319772198578e-92,"3","ENSG00000296847"
9.57567396818675e-163,1.54601742720297,0.246,0.099,8.61915989550457e-158,"3","ENSG00000273338"
1.90872796752765e-155,1.53959454119954,0.195,0.069,1.71806513085132e-150,"3","ENSG00000258666"
0,1.53819961182686,0.513,0.214,0,"3","CCL20"
0,1.53760714404894,0.761,0.393,0,"3","CCL3"
0,1.51572263419912,0.448,0.173,0,"3","ENSG00000288755"
3.9507307010909e-94,1.51327899721603,0.157,0.064,3.55609221135893e-89,"3","ENSG00000276216"
3.70674329109911e-170,1.5060342640588,0.234,0.088,3.33647670375122e-165,"3","CENPU"
8.74246885020343e-197,1.50464451953286,0.201,0.062,7.86918363675661e-192,"3","ENSG00000290441"
0,1.49775824162406,0.791,0.448,0,"3","SESTD1"
2.46255956379807e-99,1.49758431908778,0.137,0.05,2.21657448897028e-94,"3","LINC01800"
1.31851462632176e-223,1.49576940755026,0.3,0.114,1.18680820029848e-218,"3","ELOVL7"
3.36608216638313e-144,1.49548501826639,0.258,0.113,3.02984421878312e-139,"3","MITA1"
0,1.4928454850028,0.468,0.157,0,"3","IL1A"
7.60717590952509e-100,1.48668844355164,0.135,0.049,6.84729510792263e-95,"3","ENSG00000289439"
0,5.40171611439448,0.178,0.004,0,"4","CD207"
0,5.01269924337633,0.121,0.006,0,"4","CLEC4F"
0,4.95637429665443,0.234,0.009,0,"4","CD1A"
0,4.90482244791218,0.585,0.034,0,"4","CD1C"
0,4.48695130507561,0.421,0.025,0,"4","CD1E"
0,4.46106330022483,0.526,0.032,0,"4","FCER1A"
0,3.74220184836195,0.12,0.009,0,"4","ENSG00000176320"
0,3.6415204883719,0.338,0.032,0,"4","PPP1R14A"
0,3.61847397698816,0.202,0.017,0,"4","RASAL1"
0,3.54810235488237,0.137,0.011,0,"4","CD1B"
0,3.44077557574073,0.641,0.1,0,"4","PKIB"
0,3.32655663163488,0.339,0.095,0,"4","S100B"
0,3.32636714348397,0.15,0.016,0,"4","GNAO1"
0,3.315136154596,0.119,0.011,0,"4","ENSG00000205037"
0,3.1605372996198,0.378,0.085,0,"4","LTB"
0,3.12922549215828,0.37,0.069,0,"4","TCTN3"
0,3.0323293442818,0.181,0.021,0,"4","ENSG00000291111"
0,2.9576264110905,0.176,0.022,0,"4","ENSG00000232628"
0,2.89575328627911,0.154,0.02,0,"4","LINC02182"
0,2.80884697412248,0.181,0.023,0,"4","PARM1"
0,2.80066700341964,0.472,0.146,0,"4","PLEKHA5"
7.41921540173146e-282,2.78757531361688,0.107,0.012,6.6781099752525e-277,"4","CLEC17A"
0,2.78246538686719,0.633,0.145,0,"4","CLEC10A"
0,2.75159819930456,0.301,0.053,0,"4","ENSG00000293488"
0,2.74938044671692,0.262,0.061,0,"4","HLA-DQB2"
0,2.7315594974663,0.669,0.131,0,"4","CST7"
0,2.72628158257448,0.174,0.025,0,"4","PPP1R16A"
9.17923463467452e-274,2.68627630975356,0.143,0.024,8.26232088701688e-269,"4","TNFRSF18"
0,2.64489895826729,0.218,0.034,0,"4","ENSG00000291156"
2.74507069244294e-232,2.63897187515114,0.123,0.021,2.47086558097481e-227,"4","IGLON5"
0,2.63097461874907,0.445,0.073,0,"4","SLC38A1"
0,2.59939248582782,0.191,0.035,0,"4","ENSG00000270099"
1.46229940698725e-226,2.58444285269302,0.12,0.02,1.31623031922329e-221,"4","ENSG00000261448"
0,2.5565891111165,0.345,0.069,0,"4","NDRG2"
3.94456863043834e-149,2.5439296178046,0.101,0.021,3.55054566994385e-144,"4","ENSG00000296331"
6.39553886265669e-244,2.52929579105339,0.126,0.021,5.75668848566591e-239,"4","AKAP6"
0,2.50422605790474,0.349,0.092,0,"4","CALCRL"
0,2.48552419404389,0.174,0.022,0,"4","GIPR"
0,2.47742596807407,0.477,0.107,0,"4","AFF3"
0,2.45657572741973,0.575,0.159,0,"4","ENTPD1-AS1"
0,2.42924637590824,0.237,0.037,0,"4","SPIB"
7.65847546837535e-132,2.40519165097389,0.124,0.034,6.89347035383934e-127,"4","AKAP12"
2.8280317567953e-320,2.3883372735254,0.165,0.027,2.54553966460901e-315,"4","P2RY10"
6.24647969510588e-240,2.37666289077988,0.175,0.039,5.62251883836176e-235,"4","ENSG00000296297"
1.29304356523703e-181,2.35003132943923,0.14,0.033,1.1638814435055e-176,"4","GNG4"
0,2.32536279362578,0.278,0.052,0,"4","WFDC21P.1"
0,2.30693407899787,0.281,0.063,0,"4","RAMP1"
0,2.2856516622345,0.596,0.173,0,"4","ADAM19"
0,2.28280094068811,0.617,0.157,0,"4","MCOLN2"
4.9819640268622e-194,2.27254420253237,0.121,0.024,4.48431564021893e-189,"4","EBF4"
0,2.24337217159545,0.401,0.097,0,"4","ENSG00000267476"
0,2.21918017303357,0.193,0.031,0,"4","HOMER2"
0,2.21351509008321,0.23,0.047,0,"4","BCL7A"
5.64979926309732e-159,2.20231313648252,0.134,0.034,5.08544081470653e-154,"4","PLEK2"
0,2.2020677978711,0.802,0.344,0,"4","PPA1"
0,2.19666189917105,0.216,0.027,0,"4","CCL22"
7.83779199209958e-166,2.107428187066,0.137,0.034,7.05487495000875e-161,"4","ENSG00000285909"
0,2.09460835507605,0.695,0.185,0,"4","CCSER1"
5.25556331453205e-182,2.09339946348552,0.128,0.028,4.73058509504344e-177,"4","ELAVL4"
0,2.08363884338496,0.73,0.311,0,"4","ENTPD1"
2.91589961369338e-167,2.07107209319168,0.164,0.046,2.62463040128154e-162,"4","SUSD3"
0,2.06496308452351,0.5,0.14,0,"4","ST18"
6.96033800163866e-153,2.02698411064538,0.107,0.023,6.26506983865497e-148,"4","ENSG00000258380"
0,2.02495536784091,0.562,0.257,0,"4","HLA-DQA2"
1.17976567016029e-257,1.977833734078,0.18,0.039,1.06191887736797e-252,"4","IL1R1-AS1"
0,1.94500803130743,0.461,0.11,0,"4","NAPSB.1"
0,1.92684494852162,0.858,0.442,0,"4","RALA"
1.49725919892258e-198,1.91650468492741,0.148,0.033,1.34769797754221e-193,"4","FHIP1A"
0,1.89504574894105,0.702,0.273,0,"4","RUNX3"
0,1.88947691144053,0.683,0.258,0,"4","GPAT3"
0,1.88938127111633,0.324,0.083,0,"4","CYP2S1"
0,1.8830866616222,0.979,0.639,0,"4","HLA-DQB1"
0,1.86136734490232,0.382,0.115,0,"4","NRARP"
0,1.86052738768362,0.363,0.071,0,"4","CCR7"
0,1.85198224981769,0.42,0.117,0,"4","GPR157"
4.73943077270726e-289,1.83794447856924,0.286,0.083,4.26600903282153e-284,"4","NOPCHAP1"
3.39182550188055e-238,1.83268449061862,0.229,0.064,3.0530160524977e-233,"4","TVP23A"
0,1.82739981322077,0.411,0.147,0,"4","CD80"
1.26910355227719e-255,1.82399772418569,0.232,0.062,1.14233279844022e-250,"4","ENSG00000309943"
1.19948272490241e-115,1.82186567278935,0.202,0.081,1.07966639551191e-110,"4","PLPP1"
0,1.80999666625418,0.411,0.09,0,"4","IRF4"
4.25841503014865e-225,1.78407687516948,0.186,0.046,3.8330419527871e-220,"4","HIC1"
0,1.77820492714698,0.597,0.211,0,"4","AXL"
1.48533060654122e-169,1.77583705303963,0.146,0.037,1.33696093225382e-164,"4","CALCRL-AS1"
6.3035071733077e-158,1.77438084741468,0.13,0.032,5.67384984176599e-153,"4","TRABD2A"
5.10025760635374e-115,1.7604702291131,0.112,0.031,4.59079287405506e-110,"4","UTF1"
1.31734772055872e-116,1.75449477729593,0.113,0.031,1.18575785675211e-111,"4","ENSG00000295326"
0,1.75316388796354,0.383,0.111,0,"4","RHOF"
0,1.75265898225893,0.642,0.277,0,"4","RRN3P2"
1.85751528484849e-286,1.7488181373149,0.312,0.096,1.67196808304497e-281,"4","BCAR3"
0,1.73758074111301,0.419,0.128,0,"4","ZBTB46"
5.51249644633348e-163,1.73673499673025,0.141,0.036,4.96185317630923e-158,"4","ENSG00000285932"
2.12949178914951e-138,1.73297782952671,0.128,0.034,1.91677685433137e-133,"4","AP4B1-AS1"
0,1.72225874976074,0.39,0.106,0,"4","CCND2"
3.42527456115761e-97,1.719931075118,0.113,0.035,3.08312388524357e-92,"4","CC2D2B"
3.88477767992329e-134,1.70308734138293,0.121,0.031,3.49672723747575e-129,"4","ZNF366"
0,1.70113637451732,0.579,0.237,0,"4","DAPP1"
2.04990501257196e-102,1.69922291243996,0.18,0.071,1.84514000086615e-97,"4","ACOT7"
0,1.69557003905986,0.989,0.73,0,"4","HLA-DPB1"
0,1.69394264628503,0.972,0.535,0,"4","HLA-DQA1"
0,4.92973519607124,0.12,0.008,0,"5","ENSG00000296334"
1.83958426309946e-318,4.17891184937231,0.129,0.014,1.65582819105846e-313,"5","LDHC"
2.97921606322799e-192,3.60222092116391,0.122,0.021,2.68162217067214e-187,"5","ENSG00000298390"
1.10852872058815e-176,3.33536970733262,0.13,0.026,9.977977866886e-172,"5","CFAP96"
0,3.20330460337614,0.22,0.032,0,"5","ENSG00000294533"
3.47790559291146e-161,3.11387405506211,0.118,0.024,3.13049760323553e-156,"5","ENSG00000298853"
2.14687077749767e-221,3.08554584918837,0.157,0.03,1.93241985553343e-216,"5","ENSG00000293472"
4.48625281494034e-278,3.04761514009384,0.185,0.034,4.03812102125595e-273,"5","HSPE1-MOB4"
4.03750707568987e-153,2.78487434711219,0.182,0.053,3.63420049389921e-148,"5","RDUR"
9.74112257402037e-241,2.69961785908287,0.242,0.064,8.76808184010147e-236,"5","ENSG00000290563"
1.97981816150883e-151,2.687982239747,0.11,0.021,1.78205412535571e-146,"5","ENSG00000289618"
1.98333728280406e-142,2.67530926425459,0.126,0.029,1.78522172162477e-137,"5","ENSG00000291336"
2.92340886182839e-152,2.65713427150184,0.156,0.041,2.63138955062035e-147,"5","NUP210L"
8.70035280578119e-86,2.63926209772712,0.106,0.031,7.8312745640117e-81,"5","ENSG00000296268"
6.13383215335058e-173,2.63859182402823,0.142,0.031,5.52112365955239e-168,"5","ENSG00000306852"
2.90693761101073e-112,2.5162079091021,0.105,0.025,2.61656361304687e-107,"5","ENSG00000293712"
1.42845402252178e-217,2.48995946906674,0.208,0.052,1.28576575021208e-212,"5","ENSG00000273112"
1.69913078109061e-105,2.42100839363916,0.114,0.03,1.52940460736747e-100,"5","ENSG00000295182"
5.59667878274193e-122,2.37378541854264,0.137,0.038,5.03762653913384e-117,"5","MPHOSPH6-DT"
1.04795168785101e-63,2.36963198281679,0.103,0.036,9.43271793751571e-59,"5","PLEKHA6"
9.56029627125098e-73,2.36697071828019,0.107,0.035,8.60531827671572e-68,"5","CASP5"
1.62161461212619e-139,2.34191149569229,0.175,0.053,1.4596315285209e-134,"5","ENSG00000273734"
1.16333470872679e-62,2.30998937315777,0.154,0.067,1.04712920467207e-57,"5","NFXL1"
3.51142541987555e-207,2.30561058666447,0.211,0.055,3.16066913468418e-202,"5","ENSG00000306779"
4.93062234997172e-99,2.30188051552422,0.105,0.027,4.43810248343304e-94,"5","ENSG00000303891"
1.30614378628448e-200,2.27377007009363,0.32,0.118,1.17567308347252e-195,"5","ENSG00000310471"
1.20213232374151e-92,2.26003922493841,0.143,0.049,1.08205132592297e-87,"5","ENSG00000291201"
0,2.23389960662532,0.445,0.154,0,"5","ENSG00000289070"
6.06287272749902e-60,2.17597871017625,0.102,0.036,5.45725237074915e-55,"5","ENSG00000250195"
2.19154331053651e-56,2.16357429583005,0.113,0.044,1.97263004924702e-51,"5","ENSG00000229337"
7.22195128582084e-137,2.14260071391324,0.197,0.065,6.5005505718802e-132,"5","ENSG00000297373"
2.82513755970495e-89,2.1232061725351,0.106,0.03,2.54293456886602e-84,"5","ENSG00000275479"
1.61555290529228e-68,2.11578670224448,0.185,0.086,1.45417532558263e-63,"5","ENSG00000291203"
9.55526029808288e-46,2.11197364421057,0.172,0.092,8.60078534690738e-41,"5","GIPC1"
9.83653058902942e-212,2.10784776123065,0.256,0.076,8.85395954849127e-207,"5","ENSG00000289259"
4.25922430717559e-95,2.09960425459508,0.135,0.044,3.83377039113182e-90,"5","H2BC18"
6.74588724297699e-157,2.05085601832102,0.179,0.05,6.07204056627602e-152,"5","ENSG00000295480"
6.89971071771913e-49,2.03651311830862,0.135,0.062,6.21049861412616e-44,"5","GNAL"
8.84631776225965e-116,2.02565622848658,0.14,0.04,7.96265908098753e-111,"5","ENSG00000306812"
3.60486200357703e-109,2.00021602993311,0.152,0.048,3.24477233803972e-104,"5","ENSG00000289589"
3.96128716723321e-108,1.98620746471097,0.175,0.062,3.56559419209828e-103,"5","ENSG00000287070"
3.1618752701345e-115,1.97477488824278,0.148,0.045,2.84603554940076e-110,"5","ENSG00000290051"
1.67748242594639e-53,1.97436423747574,0.102,0.039,1.5099187064186e-48,"5","ENSG00000287697"
3.54095618185692e-60,1.96869990416487,0.107,0.039,3.18725006885123e-55,"5","ENSG00000299894"
2.1434590047926e-221,1.96139278574042,0.425,0.187,1.92934888480386e-216,"5","CD300LB"
2.60805462357396e-63,1.93479680551039,0.113,0.041,2.34753604722515e-58,"5","LINC01220"
4.01749587968461e-71,1.93444393388038,0.14,0.054,3.61618821626291e-66,"5","ENSG00000286076"
3.4635093741626e-69,1.93020395851069,0.154,0.064,3.1175394227775e-64,"5","SEPTIN7P13.1"
4.78336561419273e-71,1.91011458141081,0.106,0.034,4.30555522299102e-66,"5","ENSG00000287733"
7.61170638999755e-91,1.90353147240284,0.174,0.067,6.85137303870069e-86,"5","ENSG00000258740"
3.72150593680557e-64,1.89293305570619,0.1,0.033,3.34976470877806e-59,"5","ENSG00000303469"
1.03797514897336e-186,1.89231263835514,0.319,0.12,9.34291811342411e-182,"5","FAUP4.1"
4.349957544231e-82,1.87421486552731,0.107,0.032,3.91544028513777e-77,"5","LINC02432"
1.89851369821071e-183,1.86458120697929,0.272,0.093,1.70887116489644e-178,"5","ENSG00000291046"
3.51760393958506e-47,1.85730360461403,0.104,0.042,3.16623048205991e-42,"5","RPL36A-HNRNPH2"
6.30302532975836e-91,1.85690292804698,0.16,0.058,5.6734161295688e-86,"5","KLF2-DT"
4.75235764038312e-56,1.83198307041269,0.115,0.045,4.27764463568525e-51,"5","ENSG00000278743"
2.6990358196633e-64,1.81849315005386,0.156,0.067,2.42942913163713e-59,"5","ENSG00000258964"
6.39888571181686e-46,1.80978085484446,0.169,0.088,5.75970101806348e-41,"5","RPS6KB1"
5.54464135551033e-75,1.80880127263915,0.132,0.047,4.9907871305084e-70,"5","ENSG00000289888"
2.06243745223159e-71,1.80639151631689,0.138,0.053,1.85642057512817e-66,"5","ENSG00000301902"
4.2011768262424e-285,1.78718640793285,0.62,0.324,3.78152127306905e-280,"5","SNHG32"
2.56689504229593e-46,1.76020045095706,0.117,0.051,2.31048789652099e-41,"5","NUFIP1"
3.81725168719724e-87,1.75281810731469,0.132,0.043,3.4359464161631e-82,"5","ENSG00000291144"
1.16173385441174e-172,1.74959807892421,0.299,0.113,1.04568825969455e-167,"5","ENSG00000289152"
5.19473477434285e-35,1.72651386794265,0.104,0.049,4.67583271773374e-30,"5","ENSG00000291207"
2.68114826353167e-84,1.72468165137451,0.187,0.078,2.41332836348749e-79,"5","ENSG00000307561"
1.65744379043006e-49,1.71495687502561,0.195,0.104,1.491881730204e-44,"5","ILF3-DT"
2.31594212085006e-35,1.71015088396879,0.263,0.176,2.08460266239835e-30,"5","OPA3"
1.39889944050875e-56,1.70364922174665,0.104,0.038,1.25916337539633e-51,"5","ENSG00000260177"
9.70211826063761e-90,1.70325441198462,0.187,0.075,8.73297366758252e-85,"5","ENSG00000273702"
1.13239885183203e-42,1.70304947079985,0.106,0.045,1.01928353052252e-37,"5","LINC02916"
3.57233566965903e-69,1.69520130998157,0.179,0.08,3.21549505961679e-64,"5","ENSG00000289405"
1.36644383028546e-63,1.67853109490879,0.133,0.053,1.22994975607824e-58,"5","ENSG00000260805"
1.68433485049283e-71,1.6759690001168,0.236,0.118,1.5160866422771e-66,"5","ENSG00000289298"
4.77169264770251e-38,1.67328905616565,0.118,0.056,4.2950482691235e-33,"5","ENSG00000288900"
7.09685897705029e-130,1.6732308507895,0.297,0.129,6.38795373383273e-125,"5","ENSG00000253736"
2.66902717435244e-44,1.6698565782531,0.111,0.048,2.40241804990638e-39,"5","LINGO3"
4.43854604562764e-112,1.66578477142993,0.285,0.132,3.9951796811299e-107,"5","ENSG00000286145"
3.4250768052658e-63,1.66473328475444,0.215,0.108,3.0829458831878e-58,"5","ENSG00000310385"
8.57730817105023e-114,1.65699026956585,0.176,0.059,7.72052085784403e-109,"5","ENSG00000230492"
9.21616261357862e-07,1.6528195977737,0.116,0.089,0.0829556013010826,"5","SERPINE1"
8.74818966300215e-275,1.64650172863238,0.623,0.32,7.87433299756486e-270,"5","HSPA6"
1.31971048429341e-39,1.63354750530474,0.153,0.08,1.18788460401734e-34,"5","FCHO1"
1.4765757603837e-21,1.63175416517425,0.118,0.07,1.32908060767897e-16,"5","HAUS6"
6.65203865055975e-53,1.6095415487436,0.241,0.139,5.98756650975533e-48,"5","CCDC138"
5.54667794173265e-147,1.60611107418913,0.319,0.136,4.99262028213298e-142,"5","KCNE1"
1.83067894751867e-38,1.60081835619912,0.107,0.048,1.64781242745103e-33,"5","ENSG00000296943"
4.74921069922613e-147,1.59811432328285,0.34,0.152,4.27481204248043e-142,"5","ENSG00000280138"
1.19915290883544e-42,1.59791320753678,0.1,0.042,1.07936952477187e-37,"5","ENSG00000289015"
1.24310398396246e-49,1.59574264359385,0.107,0.043,1.11893032700445e-44,"5","CD300LD-AS1"
5.50286067013144e-90,1.59168225939976,0.182,0.071,4.95317991779201e-85,"5","HSPA1L"
9.55492187962701e-53,1.58561197759475,0.125,0.052,8.60048073307107e-48,"5","ENSG00000299858"
2.3887953188727e-62,1.58216795445786,0.166,0.074,2.15017855447051e-57,"5","ENSG00000251139"
1.22117897896552e-62,1.5815505048257,0.144,0.06,1.09919541075665e-57,"5","ENSG00000289331"
3.36079374061004e-54,1.57658691959278,0.175,0.086,3.02508405386051e-49,"5","HSD17B7"
5.94148548209146e-49,1.57508138149552,0.114,0.048,5.34799049728535e-44,"5","ENSG00000271780"
1.08523632820716e-40,1.56625308168411,0.114,0.052,9.76832071382551e-36,"5","TIPIN"
1.5491080350496e-46,1.56217162809121,0.105,0.043,1.39436763342849e-41,"5","ENSG00000286813"
3.75104705830775e-56,1.55314492420079,0.129,0.054,3.37635496765339e-51,"5","ENSG00000272449"
0,6.47797321751176,0.491,0.012,0,"6","AC006369.1"
0,6.43613621520518,0.133,0.003,0,"6","AC022498.1"
0,6.22439925117732,0.532,0.021,0,"6","AC005050.3"
0,6.07843907873991,0.444,0.025,0,"6","AL049651.1"
0,6.02679879317835,0.502,0.015,0,"6","FCGR3B"
0,5.98341424181604,0.136,0.006,0,"6","AC093425.1"
0,5.93358400008255,0.254,0.016,0,"6","FBXL13"
0,5.88287783819751,0.244,0.012,0,"6","AC004917.1"
0,5.62951641084438,0.165,0.009,0,"6","CXCR2"
0,5.56483181931725,0.159,0.007,0,"6","DARS-AS1"
0,5.48784819509649,0.107,0.005,0,"6","AC007271.1"
0,5.48177946438313,0.119,0.011,0,"6","AC009303.2"
0,5.26855316426463,0.181,0.015,0,"6","EPHB1"
0,5.22561821798816,0.222,0.029,0,"6","AC084871.1"
0,5.16129211054346,0.129,0.005,0,"6","BTNL8"
0,5.13763175139022,0.237,0.023,0,"6","AC023157.3"
0,5.11115908358232,0.192,0.021,0,"6","AC009522.1"
0,5.07976702722569,0.481,0.037,0,"6","ADGRG3"
0,4.99832133245894,0.188,0.014,0,"6","AC007032.1"
0,4.94934211427051,0.256,0.023,0,"6","CMTM2"
0,4.94763858726862,0.164,0.012,0,"6","PI3"
0,4.89458513952759,0.128,0.012,0,"6","MME"
0,4.89106925171204,0.102,0.007,0,"6","TGM3"
0,4.82365308315878,0.173,0.013,0,"6","AC079209.1"
0,4.76859201350083,0.255,0.026,0,"6","AL034397.3"
7.36911546999384e-177,4.76223428118678,0.102,0.016,6.63301452569615e-172,"6","EDN1"
2.0274978785855e-208,4.74144384859719,0.117,0.018,1.82497111549359e-203,"6","AC009630.1"
0,4.56932319758081,0.133,0.014,0,"6","AC243829.1"
1.10817349927961e-220,4.50671919755832,0.106,0.014,9.97478048436569e-216,"6","AC087239.1"
0,4.48749197918237,0.263,0.041,0,"6","AC015912.3"
2.96970147503163e-300,4.45209055696665,0.463,0.227,2.67305799469072e-295,"6","KATNBL1"
1.86991702426936e-309,4.43916208341987,0.135,0.016,1.6831310127151e-304,"6","AL391832.2"
3.0028009784878e-220,4.37943547218674,0.138,0.024,2.70285118874666e-215,"6","LINC02422"
0,4.36803011716581,0.466,0.072,0,"6","CCL3L1"
0,4.3466735954423,0.449,0.083,0,"6","HSD11B1-AS1"
0,4.29180557175675,0.342,0.066,0,"6","AZIN1-AS1"
2.77694804685111e-315,4.28467341698371,0.162,0.024,2.49955870645115e-310,"6","AL163541.1"
4.23060105288029e-270,4.23807825819537,0.148,0.023,3.80800631370808e-265,"6","LSMEM1"
0,4.23545043470626,0.243,0.048,0,"6","IL18R1"
7.60698688664727e-191,4.22723276259044,0.102,0.015,6.84712496654007e-186,"6","AC079753.2"
2.38309474162929e-222,4.21449954219046,0.218,0.06,2.14504740788794e-217,"6","ZNF429"
0,4.1712195753286,0.238,0.04,0,"6","AL499604.1"
0,4.15662697511968,0.532,0.086,0,"6","SMIM25"
0,4.1425982790993,0.312,0.063,0,"6","PCBP1-AS1"
1.56739139777499e-207,4.13994253743923,0.116,0.018,1.41082467105124e-202,"6","ADORA2A"
1.72164714939361e-201,4.04117011180958,0.11,0.017,1.54967181564068e-196,"6","HIST1H2BC"
1.39573306494434e-170,4.02835325152912,0.128,0.026,1.25631328908705e-165,"6","AC099489.1"
0,4.00884441962643,0.587,0.159,0,"6","ALDH1A2"
1.86599666106916e-276,3.99500856452073,0.219,0.05,1.67960225459496e-271,"6","LINC01366"
0,3.99289544064917,0.395,0.106,0,"6","KCNJ15"
4.07547631617459e-154,3.97695791462167,0.112,0.023,3.66837698695191e-149,"6","AC106865.2"
0,3.97464885121635,0.225,0.035,0,"6","AC015871.1"
0,3.96291085203841,0.668,0.128,0,"6","ADAMTSL4-AS1"
4.74503197709428e-160,3.93678369001039,0.142,0.034,4.27105073290233e-155,"6","AC011476.3"
0,3.84189239074,0.678,0.316,0,"6","CPD"
3.70777334423061e-144,3.83445736063088,0.116,0.025,3.33740386487541e-139,"6","CEACAM3"
2.37484768456014e-186,3.78694339831397,0.154,0.035,2.13762414934943e-181,"6","AC104695.4"
2.78187282209177e-172,3.77802102914965,0.124,0.025,2.50399154589302e-167,"6","AC091271.1"
4.08609463153968e-174,3.73301704427369,0.119,0.022,3.67793463879518e-169,"6","AC005280.2"
5.7588597773898e-114,3.7063673307881,0.11,0.027,5.18360727422634e-109,"6","FGF13"
1.46142191481142e-122,3.70207903493751,0.135,0.038,1.31544047974091e-117,"6","TBC1D30"
1.38006518804462e-203,3.69775170302778,0.164,0.037,1.24221047641084e-198,"6","AC005920.2"
2.4406136523869e-136,3.66544729831992,0.208,0.077,2.19682075464998e-131,"6","LINC00862"
1.85097248826001e-241,3.65809252530384,0.252,0.073,1.66607884640772e-236,"6","IFITM1"
4.23734814889884e-158,3.6567580790353,0.142,0.034,3.81407944230534e-153,"6","AP001011.1"
0,3.62743533719587,0.879,0.217,0,"6","H3F3B"
3.25158055334825e-231,3.62328806171704,0.282,0.095,2.92678017187429e-226,"6","HCAR3"
2.57951693934717e-110,3.62103638170012,0.109,0.028,2.32184899227579e-105,"6","AL691403.1"
1.25783240429682e-54,3.60866008931147,0.14,0.065,1.13218752543161e-49,"6","RSAD2"
0,3.59532154373931,0.913,0.638,0,"6","CXCL8"
0,3.59396579126366,0.395,0.076,0,"6","AL078604.4"
0,3.583691214443,0.325,0.089,0,"6","AP003086.1"
2.50552379424335e-165,3.56989170812972,0.202,0.064,2.25524702243638e-160,"6","MGAM"
0,3.52736696427215,0.442,0.094,0,"6","AC022217.3"
1.00344273375282e-114,3.52638861050979,0.113,0.029,9.03208839078253e-110,"6","AL021707.1"
0,3.5134888468277,0.532,0.172,0,"6","IL1R2"
1.37796383338978e-137,3.50620755457829,0.143,0.039,1.24031902607248e-132,"6","U62317.4"
0,3.46713500686143,0.693,0.236,0,"6","RABGEF1"
1.4133065341169e-89,3.46033770257417,0.2,0.091,1.27213134442396e-84,"6","IFIT3"
0,3.45577384160052,0.746,0.555,0,"6","IFITM2"
1.0668985965889e-316,3.45185458637881,0.413,0.166,9.60326095775631e-312,"6","PPCDC"
4.29078858732657e-181,3.35213220274388,0.247,0.087,3.86218171533852e-176,"6","HCAR2"
0,3.3486467543153,0.539,0.269,0,"6","RESF1"
9.70733560507945e-254,3.34042658134573,0.34,0.129,8.73766985148806e-249,"6","TMEM154"
1.70403625229436e-77,3.33732285313814,0.133,0.05,1.53382007105267e-72,"6","ZNF493"
3.95682961481651e-197,3.3368925519574,0.234,0.074,3.56158190459248e-192,"6","LINC01004"
2.10432246046479e-65,3.32584634427918,0.115,0.043,1.89412168988896e-60,"6","IFIT1"
7.53734083442824e-94,3.30138078093573,0.414,0.291,6.78443585847721e-89,"6","CCL4L2"
0,3.28294622716769,0.67,0.185,0,"6","FAM49B"
5.6657595505778e-165,3.27212216621866,0.274,0.11,5.09980682907059e-160,"6","BMP6"
0,3.24109354019021,0.804,0.436,0,"6","LUCAT1"
2.2251070661751e-79,3.23955183307705,0.107,0.034,2.00284112133487e-74,"6","AC104695.2"
2.01276835434838e-56,3.23688732907579,0.234,0.147,1.81171292343252e-51,"6","RMND5A"
6.89006310673433e-175,3.22911101521429,0.22,0.071,6.20181470300264e-170,"6","AC016831.7"
2.81836939604547e-52,3.1977678762253,0.102,0.04,2.53684247707449e-47,"6","DDX58"
2.48140711997215e-106,3.16380773686447,0.142,0.046,2.23353936275813e-101,"6","AC008105.3"
8.88904742057745e-207,3.15796321865146,0.21,0.058,8.00112047373597e-202,"6","AC025580.2"
0,3.15755871625382,0.644,0.324,0,"6","NEDD9"
6.52319492505379e-68,3.11280245012232,0.106,0.037,5.87159298399016e-63,"6","FAM177B"
2.52516359336942e-59,3.10430890826086,0.197,0.109,2.27292500202775e-54,"6","TECPR2"
0,4.75095418755705,0.225,0.009,0,"7","BTBD11"
0,4.69887885340777,0.193,0.008,0,"7","AC013652.1"
0,4.37135627751651,0.167,0.011,0,"7","AL157871.4"
0,4.27536272965772,0.131,0.006,0,"7","AC037198.1"
0,4.08221726927334,0.107,0.004,0,"7","AL133330.1"
5.10765064670681e-320,3.98074643482794,0.11,0.008,4.59744742360726e-315,"7","AC253572.2"
0,3.89928093410935,0.594,0.064,0,"7","WARS"
0,3.8683907228817,0.12,0.007,0,"7","AC139099.2"
0,3.83028870181867,0.123,0.008,0,"7","IQCJ-SCHIP1"
0,3.73671296270529,0.128,0.008,0,"7","CRLF2"
0,3.68510080079015,0.221,0.014,0,"7","PLCXD1"
0,3.6200271140246,0.313,0.025,0,"7","AL138720.1"
0,3.59002521149652,0.21,0.014,0,"7","CDC42EP2"
0,3.57867206155185,0.58,0.063,0,"7","FAM102B"
5.10239313411008e-299,3.51707802336567,0.12,0.011,4.59271508394383e-294,"7","AC103591.3"
0,3.45473209503315,0.138,0.01,0,"7","AF064858.1"
0,3.44520358067586,0.179,0.017,0,"7","AC012447.1"
0,3.43034476517556,0.316,0.038,0,"7","TWISTNB"
9.46525521956026e-283,3.42051871100709,0.105,0.009,8.51977087567839e-278,"7","AL592429.2"
5.89091280464616e-241,3.40421961612391,0.113,0.013,5.30246952459006e-236,"7","AL021155.5"
0,3.35841668081382,0.158,0.017,0,"7","AC007952.4"
0,3.28654285890767,0.229,0.02,0,"7","AC020656.1"
0,3.26139083075666,0.143,0.012,0,"7","CYB5D1"
0,3.25456537724875,0.34,0.043,0,"7","AC018362.1"
0,3.22613653939625,0.614,0.06,0,"7","AC007384.1"
0,3.17936081208123,0.372,0.043,0,"7","AC009093.2"
0,3.13438066725428,0.217,0.027,0,"7","AC087286.2"
0,3.12291902191044,0.43,0.05,0,"7","GRASP"
0,3.1084197144184,0.183,0.014,0,"7","AC090617.10"
0,3.08996265335238,0.19,0.023,0,"7","AC007216.4"
5.93403278198443e-309,3.08932642596489,0.148,0.017,5.34128224739201e-304,"7","AC018682.1"
0,3.08263407395862,0.242,0.023,0,"7","AC004687.1"
0,3.08166076566381,0.23,0.018,0,"7","LINC00884"
0,3.07968242656356,0.257,0.027,0,"7","AC025164.1"
1.97626258336499e-323,3.07127405534465,0.117,0.01,1.77885371391266e-318,"7","AC007686.4"
0,3.0692976517215,0.219,0.017,0,"7","AC090617.5"
0,3.06253710248803,0.163,0.017,0,"7","AL512603.2"
2.14937662361704e-280,3.05080283662617,0.122,0.013,1.93467539268393e-275,"7","AC092803.1"
0,3.04657631709481,0.324,0.04,0,"7","CFP"
0,3.02552687704619,0.163,0.019,0,"7","AP000331.1"
1.3458234453852e-241,3.0023489603223,0.105,0.011,1.21138914142567e-236,"7","AL355075.4"
9.01465790004468e-39,3.00204271441911,0.106,0.045,8.11418372240922e-34,"7","CXCL5"
0,2.9740422556661,0.373,0.053,0,"7","WDR61"
0,2.97260160603351,0.747,0.101,0,"7","FAM49A"
0,2.96860312789527,0.154,0.015,0,"7","AP002381.2"
7.20473887991641e-270,2.96822693048025,0.124,0.014,6.48505751320156e-265,"7","AL078459.1"
0,2.96287222444047,0.184,0.025,0,"7","TMEM189"
1.88539493008517e-265,2.96007617273954,0.121,0.013,1.69706283051896e-260,"7","HIST3H2A"
0,2.95218567944802,0.268,0.031,0,"7","AC006001.2"
0,2.93706004204675,0.209,0.024,0,"7","AC026202.2"
8.47417524221757e-242,2.92160287522615,0.107,0.011,7.62768987727245e-237,"7","AC005480.1"
8.79823460905946e-315,2.91351161690301,0.151,0.018,7.91937895396051e-310,"7","ARNTL2"
4.24684515449139e-252,2.90341959573409,0.133,0.017,3.82262779200924e-247,"7","AC092120.3"
2.71660857572466e-245,2.89799898062,0.106,0.011,2.44524654509553e-240,"7","AC005264.1"
1.88266841955126e-296,2.89736239335547,0.117,0.011,1.69460867112229e-291,"7","AL139807.1"
0,2.8582555707565,0.16,0.018,0,"7","AL606489.1"
0,2.85370608030229,0.156,0.014,0,"7","AL445524.1"
4.61181263099304e-236,2.84664409007057,0.108,0.012,4.15113866728315e-231,"7","AL031602.2"
0,2.84479549249618,0.261,0.037,0,"7","FAM126A"
0,2.82899505919273,0.349,0.05,0,"7","ADSS"
0,2.80627038225959,0.298,0.048,0,"7","PALM2-AKAP2"
0,2.80145777521805,0.273,0.04,0,"7","HIST1H1C"
5.28009786282067e-216,2.79955164589882,0.15,0.026,4.75266888730352e-211,"7","AL078590.2"
0,2.79001962137794,0.193,0.021,0,"7","AC104365.1"
0,2.77519399699833,0.366,0.056,0,"7","ZNF410"
1.25002720056713e-212,2.76855871746535,0.167,0.032,1.12516198350248e-207,"7","MEIKIN"
0,2.76283582972448,0.387,0.057,0,"7","H1FX"
8.70467648418655e-131,2.76021571475893,0.101,0.019,7.83516635018116e-126,"7","KLHL25"
0,2.75787219083131,0.205,0.024,0,"7","AC018816.1"
0,2.75709689643414,0.193,0.024,0,"7","AC090559.1"
0,2.74916735984802,0.398,0.047,0,"7","AC025580.2"
1.2741676891121e-239,2.74198656146443,0.121,0.015,1.14689107864669e-234,"7","AL450998.2"
0,2.74055244641313,0.205,0.017,0,"7","AC016831.1"
4.72065755758251e-253,2.73968236480472,0.112,0.012,4.24911107415559e-248,"7","AC006460.2"
0,2.72866024426402,0.363,0.046,0,"7","IL3RA"
0,2.69963580960568,0.221,0.034,0,"7","AC068282.1"
1.06155883990716e-232,2.69634541499569,0.128,0.017,9.5551972738883e-228,"7","AC083855.2"
0,2.68355228057673,0.207,0.017,0,"7","AC106865.2"
2.38713199620887e-296,2.65687928233285,0.19,0.03,2.14868138110756e-291,"7","AC100810.1"
4.10686208367684e-206,2.65658870306518,0.122,0.018,3.69662763013836e-201,"7","AC100849.1"
5.19651888377258e-283,2.62254031160806,0.194,0.033,4.67743861247254e-278,"7","ELMSAN1"
7.10091755020453e-155,2.61231970096946,0.254,0.088,6.3916068961146e-150,"7","SLC35F1"
3.27348672584402e-306,2.60505604265753,0.19,0.029,2.94649813679946e-301,"7","CXorf21"
2.93381360059006e-173,2.59368123724279,0.146,0.029,2.64075496002712e-168,"7","AC083837.1"
0,2.59018760789822,0.418,0.052,0,"7","AF117829.1"
0,2.58882020819982,0.181,0.019,0,"7","AP000763.3"
2.35936856663979e-223,2.5769021779395,0.132,0.019,2.12369124051814e-218,"7","CBWD2"
0,2.57478622219999,0.324,0.04,0,"7","AC011511.2"
7.88985466022591e-297,2.56125161463824,0.197,0.032,7.10173707821594e-292,"7","IMPAD1"
5.26231638889401e-184,2.55930254301038,0.127,0.021,4.73666360480739e-179,"7","LINC02785"
3.95257002529154e-227,2.53650662034064,0.145,0.023,3.55774780546517e-222,"7","C12orf10"
1.40937959139747e-178,2.53266124467882,0.117,0.019,1.26859666401278e-173,"7","TARSL2"
8.51492422728882e-201,2.5315444309388,0.152,0.028,7.66436844622494e-196,"7","TEN1"
9.2021740487449e-266,2.5294914701933,0.182,0.031,8.28296888301577e-261,"7","H2AFX"
0,2.52749811936965,0.27,0.039,0,"7","AL627171.2"
0,2.52649231773744,0.223,0.027,0,"7","STX17-AS1"
0,2.523513984452,0.347,0.046,0,"7","C16orf72"
9.31135975620171e-156,2.51749493327113,0.107,0.018,8.38124803015472e-151,"7","ZADH2"
1.91125251217058e-186,2.51626022129851,0.107,0.015,1.72033749872986e-181,"7","AC058791.1"
0,2.50932888162607,0.459,0.058,0,"7","AC016831.7"
6.79443454437011e-292,3.50009099288796,0.205,0.027,6.11573847773298e-287,"8","ENSG00000236069"
9.39319674768964e-112,3.07466802237363,0.115,0.021,8.45491032456292e-107,"8","ENSG00000294643"
6.26129695656999e-154,2.99385913334715,0.117,0.016,5.63585600357821e-149,"8","ENSG00000297155"
1.01616521268802e-206,2.86924971073295,0.233,0.047,9.14660469592614e-202,"8","MIR3142HG"
5.33197851160716e-245,2.81677839729606,0.236,0.041,4.79936717808272e-240,"8","ENSG00000306101"
9.20209505943106e-86,2.74567596399128,0.11,0.024,8.28289778394449e-81,"8","TCHH"
7.90599700370152e-145,2.60185498677763,0.168,0.034,7.11626696300177e-140,"8","GIRGL"
5.08211706592432e-81,2.52493439484623,0.1,0.021,4.57446439220914e-76,"8","BCL2L1-AS1"
5.64696385817286e-93,2.49711763820611,0.148,0.038,5.08288863837998e-88,"8","ENSG00000261460"
1.28325778912327e-297,2.46336267709504,0.536,0.167,1.15507316856774e-292,"8","LNCAROD"
8.15064347418458e-129,2.4256752257766,0.124,0.021,7.33647569754828e-124,"8","ENSG00000284633"
1.20477280746872e-106,2.32634735696082,0.138,0.03,1.08442805173067e-101,"8","ENSG00000296449"
3.59365624249827e-110,2.31786543722356,0.129,0.026,3.23468592043512e-105,"8","MICOS10-DT"
3.67046369984885e-125,2.27867950265167,0.187,0.046,3.30382108087094e-120,"8","ENSG00000307645"
1.05192361302699e-69,2.27653950044687,0.111,0.028,9.46846963321723e-65,"8","ENSG00000250592"
1.52147225740172e-75,2.26258389033988,0.126,0.033,1.36949239360986e-70,"8","ENSG00000287636"
5.75801532316667e-110,2.25444307658725,0.155,0.036,5.18284717253556e-105,"8","ENSG00000308299"
3.85123516814314e-177,2.25086817346346,0.334,0.1,3.46653528719732e-172,"8","ENSG00000260729"
4.26244952619683e-147,2.24006625430144,0.212,0.05,3.83667344302503e-142,"8","ENSG00000295970"
1.15369018459981e-74,2.21249634527274,0.103,0.024,1.03844807206014e-69,"8","SPMIP2"
1.94615100400601e-68,2.21224002325019,0.103,0.025,1.75174998021585e-63,"8","MFSD4B-DT"
3.68827924450813e-127,2.20547682914346,0.167,0.037,3.31985703077421e-122,"8","ENSG00000305887"
8.93685686294852e-150,2.16105351637131,0.185,0.039,8.04415423090859e-145,"8","ENSG00000294185"
4.05148965545714e-111,2.15215506230723,0.155,0.036,3.64678635377352e-106,"8","ENSG00000286887"
7.03026272897265e-83,2.15141266424045,0.134,0.034,6.32800978497557e-78,"8","HLA-L.1"
1.78190522809224e-83,2.14407195441237,0.108,0.023,1.60391071485811e-78,"8","ENSG00000303255"
8.62077449579285e-170,2.14145778187176,0.34,0.106,7.7596453314081e-165,"8","MACC1"
6.41574500463532e-80,2.13014160402977,0.147,0.041,5.7748762361223e-75,"8","NPHS1"
1.48173286263939e-154,2.1131898956541,0.276,0.078,1.33372256699034e-149,"8","PDGFB"
1.27595066730888e-99,2.10719555328284,0.181,0.05,1.1484959551514e-94,"8","ENSG00000289589"
7.0404724291107e-315,2.09415536473563,0.611,0.209,6.33719963816683e-310,"8","MIR155HG"
3.43454394919136e-77,2.05596493677446,0.117,0.029,3.09146735410664e-72,"8","ENSG00000300654"
9.13406023166123e-76,2.05263649112104,0.148,0.043,8.22165895512059e-71,"8","ENSG00000299722"
1.73237839032352e-84,2.04969452775495,0.102,0.021,1.5593311129141e-79,"8","ENSG00000306712"
1.26756531136998e-80,2.04774435643271,0.142,0.039,1.14094821241723e-75,"8","ENSG00000260177"
1.95493612546671e-123,2.03779259889249,0.229,0.065,1.75965755589384e-118,"8","NCS1"
2.05452911463832e-127,2.02480071028332,0.247,0.073,1.84930220137709e-122,"8","ENSG00000288818"
5.86499111060547e-173,2.00299295054712,0.372,0.121,5.27913714856709e-168,"8","GEM"
3.22750293900226e-67,2.00201002130107,0.172,0.059,2.90510767042532e-62,"8","P3H2"
4.10119414938422e-115,1.97210793042937,0.264,0.086,3.69152586580223e-110,"8","ENSG00000299949"
3.10696888253814e-103,1.9477489521056,0.177,0.047,2.7966137608614e-98,"8","ENSG00000289029"
3.52812577180794e-97,1.92452256178602,0.181,0.051,3.17570128846205e-92,"8","KCNQ3"
3.28112096895253e-38,1.90794178065869,0.102,0.035,2.95336979536387e-33,"8","CCL24"
1.2771258278963e-89,1.89393759543647,0.181,0.054,1.14955372894774e-84,"8","ENSG00000227227"
1.71429699241381e-91,1.86653844486433,0.237,0.082,1.54305586584159e-86,"8","ENSG00000289259"
3.33110732682271e-64,1.8594629677652,0.169,0.059,2.99836301594639e-59,"8","RRAD"
5.15174604081104e-290,1.85736676282097,0.667,0.255,4.63713812879443e-285,"8","NRP2"
4.59003262181962e-143,1.84571335796759,0.348,0.119,4.13153426322606e-138,"8","MITA1"
1.41333956316221e-68,1.84117031958005,0.153,0.048,1.27216107419794e-63,"8","ENSG00000290051"
1.89940400592464e-63,1.83861767238806,0.101,0.025,1.70967253977282e-58,"8","ENSG00000233635"
3.62838970244465e-75,1.83503064792033,0.153,0.045,3.26594985506745e-70,"8","DNAI2"
5.27195341332356e-155,1.83492431856553,0.514,0.226,4.74533798686667e-150,"8","RASGRP3"
2.35952133948465e-131,1.82592728657259,0.231,0.062,2.12382875288352e-126,"8","ENSG00000295862"
3.38071974171818e-120,1.82372713642139,0.327,0.119,3.04301964671795e-115,"8","ENSG00000188897"
1.05236362117658e-103,1.82206731355158,0.261,0.09,9.47243019057253e-99,"8","ENSG00000255299"
5.21994161077758e-53,1.81985849859697,0.136,0.047,4.69852164327701e-48,"8","IL23A"
1.40570512536464e-62,1.81943360635175,0.108,0.029,1.26528924039197e-57,"8","LINC00472"
4.31260449064297e-39,1.80943261711387,0.108,0.038,3.88181842807264e-34,"8","IFNLR1"
5.95374205758471e-170,1.80013283109347,0.437,0.161,5.35902276345257e-165,"8","ST18"
6.63671162784409e-51,1.79386690012204,0.129,0.043,5.97377050333874e-46,"8","ENSG00000289582"
2.01257324481277e-110,1.78656665319737,0.302,0.11,1.81153730338842e-105,"8","LINC01010"
2.16912018572344e-103,1.78342220859309,0.238,0.077,1.95244677037152e-98,"8","ENSG00000223446"
1.02054992349691e-51,1.77116852330577,0.109,0.033,9.18607191638802e-47,"8","ENSG00000295266"
3.44058148569106e-104,1.770976043844,0.281,0.101,3.09690180108538e-99,"8","GTF2IRD1"
2.51680985531198e-68,1.77055389573757,0.162,0.053,2.26540571886486e-63,"8","ENSG00000293879"
2.54940553324437e-62,1.76642409717579,0.181,0.066,2.29474541452859e-57,"8","WNT2B"
1.00591984413923e-170,1.75604074750361,0.298,0.081,9.05438510908158e-166,"8","ENSG00000303405"
1.48709667200203e-191,1.75347987596676,0.575,0.24,1.33855058543575e-186,"8","ENSG00000290039"
3.33824107578222e-179,1.75030887255266,0.599,0.27,3.00478417472234e-174,"8","RASAL2"
1.69223898207158e-62,1.7173759074615,0.171,0.06,1.52320123015245e-57,"8","ENSG00000270022"
7.28753503284427e-40,1.71326483522966,0.144,0.059,6.55958315841345e-35,"8","NAV2"
6.1046256792643e-78,1.71221755239016,0.275,0.114,5.49483462016259e-73,"8","HS3ST1"
9.17451388707833e-186,1.70910485045796,0.419,0.139,8.25807169489808e-181,"8","ENSG00000291233"
1.28892573972701e-73,1.70124798677617,0.286,0.126,1.16017494758568e-68,"8","ASTL"
5.69469130683453e-98,1.69665562574718,0.285,0.107,5.12584859219483e-93,"8","SMOX"
2.93438275481059e-55,1.69409631185301,0.105,0.029,2.64126726143256e-50,"8","LINC02966"
2.96317578231852e-228,1.6916744635892,0.6,0.239,2.66718415342272e-223,"8","CCL3L3"
5.28603253738519e-33,1.68886585415052,0.16,0.074,4.75801074722578e-28,"8","RGS16"
8.60507938088644e-202,1.6838064950779,0.647,0.292,7.74551800152969e-197,"8","KMO"
1.68080060143346e-170,1.68297692869559,0.586,0.274,1.51290542935627e-165,"8","AMPD3"
8.65715953683114e-152,1.68216300844925,0.33,0.105,7.79239587069708e-147,"8","TANK-AS1"
4.15100891562015e-100,1.67729096725787,0.288,0.106,3.73636463503885e-95,"8","ENSG00000285280"
4.61499617492783e-213,1.66034176506538,0.645,0.282,4.15400420701429e-208,"8","BCL2"
1.63698372198661e-35,1.6594958809778,0.123,0.049,1.47346541799737e-30,"8","KHDRBS3"
1.92027253584572e-45,1.65612909400323,0.104,0.033,1.72845651224009e-40,"8","C2orf92"
1.04622790404473e-71,1.65223562928127,0.191,0.066,9.41720198709699e-67,"8","ENSG00000302489"
2.35192393311473e-225,1.65009273058337,0.594,0.232,2.1169902514359e-220,"8","SDS"
1.3067922626721e-57,1.64938695744725,0.177,0.067,1.17625678355378e-52,"8","ENSG00000260911"
4.07154329457999e-55,1.64691668566427,0.11,0.032,3.6648368348844e-50,"8","ENSG00000307088"
6.66828556397805e-138,1.64561737383911,0.409,0.162,6.00219051899228e-133,"8","TNF"
3.38476088454433e-78,1.63003976586584,0.222,0.08,3.04665711978719e-73,"8","ENSG00000226149"
3.44601070187324e-117,1.62673836065616,0.398,0.165,3.10178869286312e-112,"8","ENSG00000289070"
2.89791147078441e-56,1.62083627011256,0.165,0.06,2.60843909396775e-51,"8","MREG"
5.87089869171509e-98,1.61354969953064,0.248,0.084,5.28445462139967e-93,"8","USP12-AS1"
1.6718805962835e-119,1.61155387102531,0.342,0.126,1.50487644352074e-114,"8","ADAM7-AS1"
2.92419725122895e-65,1.61039436179567,0.15,0.047,2.63209918780369e-60,"8","ENSG00000305988"
1.93907700011952e-83,1.60986370464747,0.272,0.109,1.74538259857758e-78,"8","BCAR3"
5.44366200656633e-79,1.60964950430707,0.276,0.113,4.89989460873042e-74,"8","CRIM1"
3.45783836121825e-228,1.60640067545365,0.769,0.41,3.11243488731616e-223,"8","ABL2"
2.97841521819319e-80,1.60602198873079,0.29,0.121,2.68090132204788e-75,"8","INHBA"
4.08327957618296e-08,2.97491218054216,0.152,0.104,0.00367540077931805,"9","BCOR"
5.9419962531301e-105,2.9718020995944,0.262,0.081,5.34845024740493e-100,"9","ZBTB16"
1.47037651369958e-175,2.93696880891549,0.218,0.039,1.32350060374613e-170,"9","CCR2"
3.82857934545364e-176,2.80451739096375,0.163,0.022,3.44614255463628e-171,"9","ENSG00000289901"
2.91373075115781e-140,2.54708312673856,0.296,0.081,2.62267818642466e-135,"9","S100Z"
2.75589413654773e-68,2.5343603848905,0.174,0.052,2.48060787124797e-63,"9","GPX1"
4.17479169702379e-142,2.52666610767104,0.274,0.07,3.75777175440808e-137,"9","GIMAP8"
2.68360558450312e-56,2.33577244968606,0.166,0.054,2.4155402226671e-51,"9","CFP"
4.28854190486836e-97,2.2895914044249,0.279,0.093,3.86015945399106e-92,"9","KIAA0513"
1.53395374811425e-47,2.28958915074446,0.119,0.035,1.38072710821512e-42,"9","LINC02432"
3.58648894900312e-68,2.28163226667959,0.166,0.048,3.2282345678872e-63,"9","IPCEF1"
5.29350344449214e-59,2.22905537940313,0.29,0.132,4.76473538542182e-54,"9","NRG1"
9.79239486956466e-125,2.22767553125525,0.292,0.085,8.81423254604385e-120,"9","GIMAP7"
5.1971668670954e-255,2.21453060781751,0.791,0.431,4.67802186874124e-250,"9","AOAH"
1.33395975298492e-39,2.2090325332908,0.131,0.045,1.20071051325926e-34,"9","DEPDC5"
1.94659230189922e-69,2.19097825081957,0.202,0.066,1.75214719686251e-64,"9","SIRPB2"
2.52531846417706e-29,2.17506467182514,0.107,0.039,2.27306440279041e-24,"9","MATR3"
2.25022058737526e-122,2.14158760849509,0.649,0.382,2.02544605290234e-117,"9","FKBP5"
9.33019620400434e-35,2.12828247743848,0.111,0.037,8.39820290518635e-30,"9","OSBPL5"
2.43575514806231e-118,2.12559560425419,0.385,0.146,2.19244756632237e-113,"9","PRAM1"
7.23412587330913e-183,2.1219639197194,0.61,0.276,6.51150903982428e-178,"9","LRRK2"
1.39248318403484e-59,2.11130084526992,0.248,0.103,1.2533880387816e-54,"9","MARCH1"
4.1471694481927e-37,2.07289749833636,0.1,0.03,3.73290869201273e-32,"9","NFE2"
1.23312751397283e-47,2.06229331011499,0.129,0.039,1.10995040660209e-42,"9","GPBAR1"
2.80500802437541e-162,2.03837772536139,0.563,0.25,2.52481577282055e-157,"9","FLI1"
7.65376324632858e-120,2.00391376197836,0.489,0.229,6.88922883565282e-115,"9","FGD2"
1.82678238176087e-36,2.0032071896168,0.152,0.06,1.64430508964678e-31,"9","AC009093.2"
8.53940638080529e-116,1.99379198087751,0.394,0.154,7.68640507742665e-111,"9","HRH2"
2.55198831003648e-35,1.98440580859022,0.102,0.032,2.29707019774694e-30,"9","NHSL2"
8.75651729235273e-62,1.97648783169424,0.223,0.083,7.88182878001961e-57,"9","GIMAP1"
3.67156011482896e-28,1.96886954126051,0.107,0.039,3.30480797495869e-23,"9","TSPAN32"
6.78398962535769e-56,1.96301268010997,0.152,0.046,6.10633690168071e-51,"9","ENSG00000291144"
1.15690719732308e-65,1.95872527508698,0.28,0.116,1.04134373738247e-60,"9","FAR2"
4.29841811669014e-105,1.95163047214625,0.353,0.132,3.86904913101396e-100,"9","RAP1GAP2"
5.45827539177316e-108,1.94195629669669,0.416,0.178,4.91304826288894e-103,"9","MAP3K3"
9.24245276506872e-42,1.93882362987539,0.146,0.052,8.31922415836601e-37,"9","FRMD3"
8.49679232577048e-25,1.93644493176889,0.112,0.045,7.64804774034926e-20,"9","NUP43"
2.7138104729604e-109,1.9243834145331,0.519,0.267,2.44272794481639e-104,"9","SPTLC2"
6.74471239285316e-163,1.91799811271112,0.613,0.293,6.07098307193106e-158,"9","JAK2"
3.2785190814996e-44,1.91677117721883,0.181,0.071,2.95102781044861e-39,"9","CCDC88C"
9.39992734434702e-18,1.91276747486563,0.162,0.09,8.4609686019202e-13,"9","FN1"
8.4083568889118e-36,1.91162514182507,0.169,0.071,7.5684461192784e-31,"9","FAM53B"
4.38070964126725e-62,1.90814343468998,0.206,0.072,3.94312055520106e-57,"9","LILRA1"
2.87217239687347e-80,1.90679964754049,0.258,0.09,2.58527109614978e-75,"9","FAM117B"
2.25231321657284e-46,1.90649206566495,0.168,0.061,2.02732964936938e-41,"9","HERC3"
2.12833531304556e-90,1.90131467103753,0.343,0.138,1.91573589862544e-85,"9","ITGAL"
1.15548704985129e-117,1.89489080090284,0.5,0.235,1.04006544844164e-112,"9","MEGF9"
7.94862560161457e-30,1.87182401738767,0.111,0.04,7.15463739026929e-25,"9","DGKG"
4.27346751377165e-30,1.87168258201626,0.116,0.043,3.846590843821e-25,"9","LINC01410"
4.03668077447528e-50,1.86495558179822,0.201,0.078,3.63345673191295e-45,"9","MPP7"
3.04508911096182e-51,1.86431269190578,0.278,0.131,2.74091515966784e-46,"9","ANKRD22"
4.66025138738854e-35,1.85786136471673,0.179,0.077,4.1947388763023e-30,"9","MIR223HG"
3.12112334742335e-23,1.8572536052299,0.12,0.052,2.80935433624923e-18,"9","STAC"
1.66821166402029e-166,1.85093178590341,0.796,0.544,1.5015740009013e-161,"9","SSH2"
9.46564250850307e-25,1.8455351452513,0.127,0.055,8.52011947832869e-20,"9","NXPE3"
1.44661090662022e-61,1.84256346665172,0.29,0.128,1.30210894315792e-56,"9","PVT1"
2.64732037670125e-32,1.83090342177635,0.157,0.066,2.38287954427256e-27,"9","TTC13"
1.60132553434735e-113,1.81955125743853,0.441,0.188,1.44136912672139e-108,"9","TNFSF10"
2.94671026807908e-31,1.81070028049191,0.169,0.076,2.65236337940066e-26,"9","NACC2"
3.42766254184114e-45,1.78718941975531,0.213,0.09,3.08527333053663e-40,"9","SLC24A4"
7.91780637420368e-111,1.78339685684601,0.351,0.124,7.12689669548448e-106,"9","GLT1D1"
4.90371560508058e-132,1.78333533331866,0.514,0.227,4.41388345328908e-127,"9","RIPOR2"
4.05936634341537e-36,1.77266549757894,0.179,0.077,3.65387623937161e-31,"9","CD1D"
3.98784945429696e-183,1.76255745535233,0.793,0.507,3.58950317230724e-178,"9","UTRN"
1.17322858325504e-53,1.75567361659662,0.208,0.079,1.05603478007369e-48,"9","ABHD15-AS1"
4.91316262759221e-41,1.75355801755774,0.158,0.059,4.42238681272203e-36,"9","PPARGC1B"
7.59497940818704e-56,1.75225699900546,0.308,0.146,6.83631691510324e-51,"9","LRRC8C"
1.04903731206143e-33,1.74518218583179,0.138,0.053,9.44248974959612e-29,"9","METTL7A"
5.5248241747627e-49,1.73950756943043,0.224,0.094,4.97294948794566e-44,"9","TANGO6"
2.39866259186429e-61,1.72837716278233,0.258,0.105,2.15906018556297e-56,"9","KLHL8"
1.74210595909512e-29,1.72642924202885,0.143,0.06,1.56808699484111e-24,"9","SFXN5"
1.98479063624477e-127,1.72128908621185,0.591,0.313,1.78652989959028e-122,"9","MAP3K1"
4.42665746251028e-31,1.7108302032159,0.172,0.078,3.98447864858013e-26,"9","C20orf194"
7.23837616391632e-75,1.70225220729996,0.391,0.189,6.51533476890272e-70,"9","DNAJC13"
2.670350738136e-15,1.68477180823765,0.118,0.061,2.40360940290359e-10,"9","FAM118B"
2.16522750939674e-33,1.68258574145315,0.172,0.075,1.9489429334831e-28,"9","TEP1"
5.67152924729061e-23,1.68065601507237,0.101,0.04,5.10500019077875e-18,"9","KHDRBS2"
1.9577510574284e-28,1.67638402679625,0.186,0.091,1.76219130430188e-23,"9","APOL3"
1.9228382209971e-23,1.67451733101482,0.136,0.062,1.7307659111017e-18,"9","LRIG2"
7.77157865132355e-80,1.67431063556783,0.451,0.234,6.99527565984284e-75,"9","RTN1"
9.9719136818612e-120,1.67063519141466,0.449,0.183,8.97581922418008e-115,"9","TMEM131L"
4.92948004643732e-35,1.66797804118604,0.162,0.067,4.43707428459869e-30,"9","KIAA2026"
2.85028921178725e-74,1.66711288742764,0.399,0.195,2.56557382242182e-69,"9","TMTC2"
9.89680510026986e-31,1.66210654121622,0.13,0.05,8.9082132388039e-26,"9","NLRP12"
1.24750762344236e-17,1.66200767328626,0.136,0.069,1.1228940869367e-12,"9","HIST1H2AC"
1.01169627114359e-94,1.6607996593209,0.493,0.251,9.1063793061906e-90,"9","CLEC12A"
5.9783678688388e-29,1.66032998874624,0.143,0.061,5.3811887024205e-24,"9","PUDP"
2.15612410913211e-31,1.6590647797607,0.195,0.093,1.9407488718709e-26,"9","WARS"
5.51619745050174e-27,1.65871711216175,0.18,0.088,4.96518448717112e-22,"9","LRRC8D"
4.00380128115721e-53,1.65794444287811,0.299,0.142,3.60386157118241e-48,"9","DGLUCY"
4.57770562225613e-16,1.65715186008212,0.117,0.06,4.12043860764897e-11,"9","SLC35A1"
1.77525286140387e-73,1.65532405533802,0.411,0.209,1.59792285307824e-68,"9","ARRB1"
2.35054892071777e-25,1.65519053960455,0.175,0.087,2.11575258902727e-20,"9","ZMYM6"
2.00763425315639e-58,1.65448823994426,0.296,0.133,1.80709166760859e-53,"9","CLMN"
6.9161324593564e-70,1.65434690141206,0.373,0.18,6.22527998799129e-65,"9","RCBTB2"
1.77581525481959e-55,1.64983423884923,0.266,0.115,1.59842906901566e-50,"9","SLC22A15"
5.52884984900372e-93,1.64583855739865,0.49,0.253,4.97657303758674e-88,"9","IL17RA"
4.37380179311472e-79,1.6422912647934,0.456,0.234,3.93690273200049e-74,"9","ARHGAP24"
1.03379034592984e-19,1.64094545944047,0.108,0.048,9.30525028274907e-15,"9","ACAD10"
5.5764273782728e-196,1.63916689508789,0.799,0.506,5.01939804745713e-191,"9","SAMHD1"
5.51235133359624e-106,2.15210930175422,0.312,0.103,4.96172255888331e-101,"10","ABTB3"
2.91143705415505e-258,1.90846779532218,0.776,0.333,2.6206136068155e-253,"10","PID1"
3.09887693281468e-39,1.78951414290376,0.125,0.041,2.78933011599582e-34,"10","THBS1-IT1"
1.19851414555266e-30,1.77682954823303,0.162,0.071,1.07879456755341e-25,"10","NFXL1"
4.60475328869342e-45,1.68874422853686,0.124,0.037,4.14478448268584e-40,"10","VCAN-AS1"
6.31299689769259e-130,1.64582503837193,0.422,0.148,5.68239163758207e-125,"10","ENSG00000304732"
2.21594368735384e-77,1.63907006200388,0.52,0.284,1.99459307242406e-72,"10","HK2"
1.05595315988384e-61,1.57497250753733,0.463,0.261,9.50473998743041e-57,"10","CRADD"
1.2168901929581e-39,1.55039385446715,0.152,0.055,1.09533503158351e-34,"10","MN1"
3.49075318997221e-93,1.54403117269171,0.41,0.172,3.14206185382588e-88,"10","GK5"
1.81008263129549e-26,1.53495612560923,0.14,0.06,1.62927347725538e-21,"10","APOBEC3B"
2.36328384248647e-170,1.47359988128211,0.816,0.428,2.1272154194605e-165,"10","VCAN"
3.8061932064863e-52,1.45473384973261,0.382,0.198,3.42599256709038e-47,"10","RETN"
2.74346561831268e-61,1.44659130428729,0.31,0.132,2.46942083769943e-56,"10","NRG1"
3.25791196416541e-17,1.38867119700661,0.187,0.109,2.93247913806492e-12,"10","COL23A1"
2.69969892829915e-29,1.37012896638582,0.167,0.074,2.43002600235134e-24,"10","ENSG00000309943"
4.27270148430953e-131,1.36726853709411,0.71,0.388,3.84590133304185e-126,"10","ANPEP"
4.28404597687861e-48,1.35492906766048,0.195,0.073,3.85611262424821e-43,"10","ENSG00000290563"
1.51693420522945e-53,1.33990816095544,0.362,0.182,1.36540764746908e-48,"10","SLC16A6"
2.42170538039683e-87,1.31398411137847,0.543,0.28,2.17980122994899e-82,"10","PLCB1"
1.95759606244819e-23,1.28996910197039,0.369,0.25,1.76205179177024e-18,"10","PPARG"
8.45080842466987e-23,1.27658901424726,0.1,0.039,7.6066571711296e-18,"10","ENSG00000241886"
3.31819243852836e-163,1.27221039405509,0.951,0.721,2.98673819584376e-158,"10","TIMP1"
1.55882557807938e-27,1.26270890738343,0.136,0.056,1.40311449108503e-22,"10","ENSG00000289439"
3.35594864858773e-60,1.25982357443686,0.491,0.284,3.0207229380803e-55,"10","RFX2"
1.3351709443811e-30,1.2533430143933,0.228,0.115,1.20180071874688e-25,"10","ZNRF1"
3.62026435994435e-56,1.25019320992562,0.419,0.225,3.25863615302951e-51,"10","EMP1"
8.82319046971906e-45,1.23684127639893,0.163,0.057,7.94184197369882e-40,"10","TMEM158"
2.80093457054149e-53,1.22014974863156,0.424,0.235,2.5211492162901e-48,"10","VDR"
5.60312163580876e-76,1.21560983919535,0.547,0.302,5.04342581560783e-71,"10","RRN3P2"
1.4437868899546e-46,1.20926165813316,0.323,0.16,1.29956701751704e-41,"10","ENSG00000280138"
7.70747507785926e-62,1.20412701051748,0.482,0.272,6.9375753923319e-57,"10","NIBAN2"
2.08448341974818e-21,1.19098886925716,0.109,0.045,1.87626437094954e-16,"10","CD300LD-AS1"
4.64110410663898e-07,1.16806210056129,0.105,0.066,0.0417750421742682,"10","CLASP1-AS1"
1.72711132205884e-48,1.16356100260851,0.472,0.274,1.55459017209839e-43,"10","ENSG00000310376"
2.30057099509277e-22,1.16297809568433,0.104,0.042,2.07076695839295e-17,"10","ENSG00000299894"
5.80832764120775e-24,1.15455910233591,0.236,0.13,5.22813379312751e-19,"10","DPH1-AS1"
3.85242972532255e-18,1.1472745805793,0.119,0.056,3.46761052006008e-13,"10","C17orf107"
7.46646178818621e-140,1.13830741306453,0.927,0.724,6.72063692016429e-135,"10","JARID2"
1.70047012994685e-127,1.13432702323109,0.651,0.308,1.53061016866646e-122,"10","CD300E"
5.69762484471482e-28,1.12952895985754,0.355,0.227,5.12848909897625e-23,"10","KCNQ1"
8.10671687916561e-40,1.12929701648835,0.32,0.17,7.29693693010575e-35,"10","CD300C"
3.89295248730215e-24,1.1266560278129,0.112,0.044,3.50408546334554e-19,"10","KBTBD11"
7.87763257690934e-82,1.11573249515297,0.599,0.338,7.09073585880187e-77,"10","EEIG2"
1.18297215635432e-25,1.11401837838323,0.288,0.171,1.06480506765609e-20,"10","FLNB"
3.83634678500786e-15,1.10739025835269,0.129,0.067,3.45313410465342e-10,"10","APBB3"
5.8804934328216e-110,1.10144034349908,0.654,0.345,5.29309094381705e-105,"10","THBS1"
7.88679420855562e-71,1.09966354917585,0.414,0.193,7.098982335063e-66,"10","LONRF3"
1.6984002490461e-43,1.09929296943468,0.292,0.141,1.52874704816889e-38,"10","TRMT6"
5.88379679355684e-27,1.09773789216996,0.242,0.129,5.29606433184845e-22,"10","ENSG00000288928"
9.02642984198747e-19,1.09149080177281,0.107,0.047,8.12477976507134e-14,"10","MAPK7"
1.88905938455617e-31,1.08817107673367,0.296,0.165,1.70036124263286e-26,"10","MTND1P23"
4.08237635515478e-19,1.08205284914613,0.119,0.054,3.67458778103837e-14,"10","ENSG00000295348"
3.83565136063206e-25,1.08197741629807,0.246,0.137,3.45250814621852e-20,"10","H2AC6"
1.76370213323306e-42,1.08083876329929,0.502,0.34,1.58752592714441e-37,"10","CTNNBL1"
1.83695153819998e-15,1.08041973369179,0.108,0.052,1.65345844904918e-10,"10","ENSG00000296847"
7.92371062872022e-60,1.07995888103886,0.496,0.274,7.13221117401736e-55,"10","SEMA6B"
2.90968334093767e-62,1.0794038943389,0.543,0.321,2.6190350720114e-57,"10","MIR23AHG"
1.04821522103767e-37,1.07633244443816,0.455,0.293,9.43509002608214e-33,"10","CD109"
5.26587320456386e-28,1.07015130016114,0.301,0.178,4.73986513015997e-23,"10","CDCP1"
3.47604842854805e-15,1.06888211694783,0.153,0.084,3.12882595102038e-10,"10","ATOSB"
2.63239448257918e-19,1.0679970839165,0.124,0.057,2.36944459771434e-14,"10","ENSG00000297478"
7.1775940924265e-108,1.06676452215787,0.833,0.627,6.46062421853402e-103,"10","GPCPD1"
1.8107140922716e-71,1.05898169084218,0.624,0.394,1.62984186159459e-66,"10","SULF2"
6.58052541491797e-20,1.05355694717367,0.148,0.073,5.92319673122181e-15,"10","H1-3"
3.49940029999666e-13,1.05252849551341,0.124,0.067,3.14984520402999e-08,"10","ENSG00000296867"
3.19992076557032e-21,1.04653255446207,0.213,0.118,2.8802806802975e-16,"10","ADARB1"
4.99017609911884e-21,1.04473715667697,0.162,0.081,4.49170740857786e-16,"10","ENSG00000288827"
3.15612216914405e-21,1.03998500178703,0.21,0.114,2.84085712566825e-16,"10","ENSG00000279602"
5.62344216365501e-24,1.02626470230449,0.454,0.327,5.06171652592751e-19,"10","SSBP2"
3.43262915299653e-38,1.02328893271938,0.248,0.115,3.08974382690371e-33,"10","ENSG00000279166"
3.87052733125842e-25,1.02208638842269,0.193,0.096,3.48390035613902e-20,"10","ENSG00000290755"
2.65599779159798e-16,1.01964507826938,0.125,0.062,2.39069017219526e-11,"10","ENSG00000291175"
1.51278689124908e-10,1.01456140829646,0.121,0.07,1.36167460868221e-05,"10","FOSL2-AS1"
4.40588209157571e-49,1.01305940145,0.261,0.112,3.96577852944821e-44,"10","MARCO"
5.08219096114568e-10,1.01289925340667,0.129,0.078,4.57453090603684e-05,"10","ENSG00000304130"
1.88654206986298e-17,1.01213121037115,0.136,0.068,1.69809538250437e-12,"10","VAV3-AS1"
1.58305407114013e-08,1.01143976210863,0.12,0.073,0.00142492279997394,"10","ENSG00000304661"
2.3173765044793e-43,1.00963185691843,0.36,0.194,2.08589376544687e-38,"10","DNMBP"
1.0250510989247e-48,1.00903549341262,0.33,0.159,9.22658744653109e-44,"10","GPR84-AS1"
4.79212960139923e-24,1.00896369714292,0.167,0.079,4.31344377551546e-19,"10","ENSG00000258666"
6.6262823455653e-15,1.00830492406609,0.163,0.093,5.96438300206678e-10,"10","BPNT2"
3.21470882208454e-14,1.00785852346555,0.126,0.066,2.89359155784651e-09,"10","ENSG00000288919"
1.8295997301685e-32,1.0046173561698,0.459,0.309,1.64684101312197e-27,"10","SLC44A1"
1.01044572047584e-22,0.998977790303001,0.201,0.106,9.09512297457504e-18,"10","ENSG00000270640"
2.41694466988011e-91,0.998685825508092,0.883,0.691,2.17551606680579e-86,"10","SLC2A3"
1.9314524767172e-25,0.998678490892336,0.185,0.09,1.73851968881792e-20,"10","ABHD17C"
1.98953662102192e-14,0.997066152158341,0.157,0.089,1.79080180794804e-09,"10","SLC16A7"
6.26037051186922e-30,0.993944087763364,0.192,0.089,5.63502210143861e-25,"10","ENSG00000289340"
1.77818401060656e-74,0.992573366544646,0.575,0.323,1.60056120978708e-69,"10","WARS1"
1.92757261951331e-98,0.987812878660808,0.778,0.495,1.73502739055013e-93,"10","SLC11A1"
3.67055293695607e-14,0.982837755388855,0.126,0.066,3.30390140408353e-09,"10","CATSPER1"
6.25498888304593e-18,0.981742119331953,0.119,0.055,5.63017804351847e-13,"10","ENSG00000280878"
1.77931661452453e-31,0.979187908559542,0.528,0.382,1.60158067789967e-26,"10","SERINC5"
3.51845572219596e-51,0.978801200230211,0.515,0.325,3.1669971801058e-46,"10","CHSY1"
6.73568785949224e-31,0.967962203497443,0.35,0.207,6.06285999920756e-26,"10","RRP12"
3.55554815681211e-33,0.965186564350099,0.35,0.201,3.20038445142815e-28,"10","ENSG00000307107"
4.29930688670299e-24,0.952195941360719,0.219,0.116,3.86984912179023e-19,"10","TESC"
2.05647972902604e-54,0.941820906652737,0.391,0.192,1.85105796889363e-49,"10","FCAR"
4.24262311628859e-31,0.939185114160721,0.434,0.286,3.81882749320252e-26,"10","MPHOSPH6"
0,8.96427220637091,0.255,0.001,0,"11","TUBB2B"
0,8.35430641290202,0.745,0.013,0,"11","CCL19"
0,8.13132259553545,0.321,0.002,0,"11","NCCRP1"
0,7.80023795851937,0.586,0.005,0,"11","CD200"
0,7.7880047959937,0.101,0.001,0,"11","TNNT2"
0,7.76286934615877,0.183,0.002,0,"11","TNFRSF11B"
0,7.75044712311444,0.729,0.016,0,"11","ENOX1"
0,7.72756323787843,0.15,0.003,0,"11","TENM3"
0,7.72483395650511,0.199,0.002,0,"11","INSM1"
0,7.6971802127637,0.406,0.006,0,"11","DLGAP2"
0,7.43862371641274,0.138,0.001,0,"11","ENSG00000293835"
0,7.42789097933575,0.387,0.004,0,"11","ST8SIA1"
0,7.29120494730942,0.237,0.002,0,"11","LINC01170"
0,7.21241680416585,0.757,0.015,0,"11","SLCO5A1"
0,7.1676611480423,0.249,0.003,0,"11","TMEM150C"
0,7.1172979182663,0.483,0.005,0,"11","HMSD"
0,6.90902548285564,0.24,0.005,0,"11","NRG2"
0,6.85971390368673,0.717,0.014,0,"11","GPC5"
0,6.82825546832351,0.329,0.005,0,"11","EYA4"
0,6.74198097678414,0.13,0.002,0,"11","XKR4"
0,6.68641295268791,0.61,0.017,0,"11","ADAM12"
0,6.68248753227065,0.606,0.025,0,"11","ENSG00000303924"
0,6.5179080212457,0.612,0.024,0,"11","LIMCH1"
0,6.33643363644642,0.284,0.005,0,"11","AOC1"
0,6.22812748062718,0.19,0.003,0,"11","SMOC1"
0,6.18649072915033,0.107,0.003,0,"11","KIAA1211"
0,6.15192274565299,0.457,0.017,0,"11","CCL17"
0,6.12052394987417,0.513,0.023,0,"11","ENSG00000298041"
0,6.04614281461729,0.217,0.007,0,"11","TMEM178B"
0,6.00218887991489,0.214,0.005,0,"11","ENTHD1"
0,5.99966607293453,0.154,0.003,0,"11","ACVR1C"
0,5.91975500719364,0.747,0.04,0,"11","SLC22A23"
0,5.85929364084707,0.117,0.003,0,"11","LINC01388"
0,5.81473999123644,0.554,0.029,0,"11","CCL22"
0,5.77895533947448,0.361,0.009,0,"11","GCSAM"
0,5.6395420770264,0.155,0.007,0,"11","TFPI2"
0,5.57813425800108,0.214,0.009,0,"11","TREML1"
0,5.55302577363964,0.118,0.004,0,"11","CDHR3"
0,5.53196186597905,0.297,0.01,0,"11","ROR1"
0,5.52518513047168,0.576,0.017,0,"11","LAD1"
0,5.48574409762595,0.92,0.078,0,"11","LAMP3"
0,5.48113866168405,0.153,0.006,0,"11","ARNT2"
0,5.45486450270369,0.593,0.028,0,"11","PLEKHG1"
0,5.43667015856908,0.3,0.013,0,"11","CYP7B1"
0,5.43140837140319,0.134,0.002,0,"11","GRIK4"
0,5.40837142283114,0.229,0.01,0,"11","CPNE4"
0,5.38693306533862,0.142,0.004,0,"11","EDIL3"
0,5.35673662063091,0.229,0.004,0,"11","SYNPO"
0,5.26665600903665,0.832,0.103,0,"11","FSCN1"
0,5.21658112002688,0.212,0.009,0,"11","EPB41L4A"
0,5.20220259803525,0.141,0.004,0,"11","TLCD5"
0,5.12121647736184,0.496,0.026,0,"11","BCL2L14"
0,5.10112899561975,0.188,0.008,0,"11","CRACD"
0,5.08744258172378,0.341,0.014,0,"11","SYNPO2"
0,5.08068178805732,0.197,0.007,0,"11","PIEZO2"
0,5.04072204899337,0.152,0.004,0,"11","NRXN2"
0,5.00348492830195,0.356,0.031,0,"11","CASC15"
0,5.00302630108027,0.226,0.017,0,"11","ZFPM2"
0,4.97915376819084,0.365,0.019,0,"11","EDARADD"
0,4.94023325338642,0.871,0.075,0,"11","CCR7"
0,4.88622911736567,0.218,0.012,0,"11","NLGN4Y"
0,4.85661011867412,0.661,0.071,0,"11","FLT3"
0,4.85319104419827,0.129,0.004,0,"11","ENSG00000229425"
0,4.7491529674955,0.595,0.08,0,"11","LY75"
1.09307360474988e-242,4.74036992738376,0.135,0.01,9.83886482371417e-238,"11","H2AFY2"
0,4.72612493391571,0.71,0.095,0,"11","WNT5B"
0,4.72129927413894,0.352,0.017,0,"11","ACHE"
2.48314457013952e-224,4.69392504325211,0.123,0.009,2.23510325902829e-219,"11","ENSG00000224000"
0,4.6650893092955,0.253,0.014,0,"11","NPFFR1"
0,4.65461106975145,0.123,0.004,0,"11","APOBEC3H"
0,4.64981410877875,0.361,0.017,0,"11","UBD"
0,4.64786394048377,0.179,0.009,0,"11","MCF2"
0,4.59303279640394,0.724,0.142,0,"11","KIF2A"
0,4.58003925009031,0.3,0.019,0,"11","ENSG00000297177"
0,4.5756816921228,0.769,0.111,0,"11","TBC1D4"
0,4.56196323807638,0.262,0.012,0,"11","NTN1"
8.45188719187963e-274,4.52921472056142,0.136,0.009,7.60762818028278e-269,"11","ENSG00000266846"
0,4.5032440119441,0.12,0.005,0,"11","TMCC2"
0,4.48305826776344,0.219,0.017,0,"11","DEPP1"
1.59530724645877e-269,4.45417219077318,0.124,0.008,1.43595200561e-264,"11","ENSG00000248969"
0,4.44365069970981,0.294,0.024,0,"11","STRIP2"
0,4.43222164040541,0.361,0.023,0,"11","BICDL1"
0,4.4156971090332,0.225,0.013,0,"11","LINC02362"
4.6554698595877e-301,4.40022107550537,0.191,0.017,4.19043497531348e-296,"11","PTPRG"
0,4.35937092178613,0.701,0.084,0,"11","POGLUT1"
0,4.33227258815334,0.584,0.092,0,"11","EBI3"
0,4.29807611082215,0.509,0.05,0,"11","PDCD1LG2"
0,4.27265319789434,0.963,0.311,0,"11","BIRC3"
0,4.20728407552607,0.519,0.044,0,"11","RAB30"
1.59267383782744e-236,4.16471320619613,0.229,0.032,1.43358164816686e-231,"11","DAB1"
0,4.15389731149226,0.259,0.026,0,"11","MACROH2A2"
1.61922215464755e-196,4.15357433984442,0.113,0.009,1.45747805361981e-191,"11","DNAH11"
0,4.11427854346617,0.725,0.093,0,"11","IDO1"
5.56995108073167e-280,4.11081144813708,0.124,0.007,5.01356866727738e-275,"11","FBXO27"
0,4.07116715065222,0.256,0.016,0,"11","GPR153"
4.17523073791013e-234,4.06963279277758,0.119,0.008,3.75816693950028e-229,"11","DYNC1I1"
0,4.05921347937079,0.263,0.028,0,"11","ROBO1"
0,4.05235760740726,0.236,0.022,0,"11","CD70"
0,4.04093659827876,0.361,0.031,0,"11","ZNF260"
0,4.02913104266587,0.225,0.017,0,"11","BTLA"
0,6.73539308995398,0.143,0.001,0,"12","H3C2"
0,6.68025827427616,0.213,0.002,0,"12","KIF18B"
0,6.46418522635362,0.411,0.005,0,"12","GTSE1"
0,6.43020502697565,0.662,0.013,0,"12","MKI67"
0,6.2501621093275,0.288,0.004,0,"12","DLGAP5"
0,6.19431948806706,0.662,0.021,0,"12","TOP2A"
0,6.11026156116882,0.247,0.003,0,"12","CDCA3"
0,6.03561403511795,0.444,0.009,0,"12","ASPM"
0,5.99581255893606,0.283,0.004,0,"12","KIF4A"
0,5.99331101105033,0.35,0.005,0,"12","SPC25"
0,5.9545390522129,0.329,0.007,0,"12","CDC20"
0,5.95254621541747,0.576,0.016,0,"12","TYMS"
0,5.9362700307799,0.152,0.002,0,"12","SKA1"
0,5.91866199325866,0.534,0.011,0,"12","BIRC5"
0,5.86214308880949,0.753,0.025,0,"12","PCLAF"
0,5.8483777385792,0.515,0.011,0,"12","DIAPH3"
0,5.84545320251695,0.265,0.005,0,"12","TROAP"
0,5.81636303092726,0.56,0.02,0,"12","CENPF"
0,5.76243938926526,0.557,0.018,0,"12","UBE2C"
0,5.73355647178579,0.326,0.006,0,"12","KIF2C"
0,5.72312217287154,0.124,0.002,0,"12","PIMREG"
0,5.71539251706575,0.418,0.008,0,"12","CEP55"
0,5.71413383466762,0.106,0.001,0,"12","KIF20A"
0,5.71295862277102,0.233,0.003,0,"12","PKMYT1"
0,5.70522084800517,0.238,0.005,0,"12","CDCA5"
0,5.70004691145349,0.569,0.016,0,"12","RRM2"
0,5.69806257846561,0.291,0.006,0,"12","BUB1B"
0,5.68053760192644,0.298,0.006,0,"12","CCNA2"
0,5.61807108762496,0.219,0.007,0,"12","PLK1"
0,5.61554765671212,0.144,0.002,0,"12","DEPDC1"
0,5.51497069345614,0.404,0.009,0,"12","AURKB"
0,5.46842009686666,0.215,0.005,0,"12","HJURP"
0,5.3911473249188,0.137,0.002,0,"12","NEK2"
0,5.32616730454729,0.238,0.005,0,"12","KIF15"
0,5.32375419832442,0.453,0.015,0,"12","TPX2"
0,5.30807237637648,0.199,0.009,0,"12","H1-5"
0,5.26107348375791,0.327,0.008,0,"12","NUF2"
0,5.25860933235963,0.363,0.011,0,"12","CIT"
0,5.24440606015543,0.4,0.012,0,"12","MELK"
0,5.23885573186422,0.444,0.012,0,"12","CENPM"
0,5.23879583253692,0.313,0.008,0,"12","ESCO2"
0,5.17677868263906,0.28,0.006,0,"12","CDCA8"
0,5.17330413591179,0.41,0.014,0,"12","KNL1"
0,5.16575790219501,0.338,0.012,0,"12","CCNB2"
0,5.16460168319792,0.606,0.03,0,"12","TK1"
0,5.14655616809546,0.476,0.016,0,"12","ZWINT"
0,5.12081625580774,0.156,0.004,0,"12","CDC45"
0,5.08801464043957,0.191,0.005,0,"12","SPC24"
0,5.08545512832208,0.413,0.016,0,"12","ANLN"
0,4.95270217656619,0.156,0.005,0,"12","EXO1"
0,4.92021886456455,0.266,0.009,0,"12","FOXM1"
0,4.91140530273477,0.221,0.007,0,"12","CENPI"
0,4.90504275747524,0.35,0.013,0,"12","MAD2L1"
0,4.89140659370596,0.278,0.009,0,"12","NDC80"
0,4.88893397609649,0.348,0.009,0,"12","NCAPG"
0,4.87589196300918,0.325,0.011,0,"12","POLQ"
0,4.86378156260277,0.383,0.015,0,"12","HMMR"
0,4.86236747171876,0.303,0.015,0,"12","CCNB1"
0,4.83004215940397,0.29,0.011,0,"12","DTL"
0,4.80618872488518,0.377,0.016,0,"12","KIF11"
0,4.80298929162134,0.275,0.01,0,"12","IQGAP3"
0,4.76976867582507,0.253,0.008,0,"12","TCF19"
0,4.76849639391675,0.444,0.021,0,"12","CDKN3"
0,4.7617071292648,0.243,0.009,0,"12","CDT1"
0,4.74855208899387,0.16,0.004,0,"12","MCM10"
0,4.74559782449614,0.129,0.005,0,"12","H2AC14"
0,4.73792917964007,0.215,0.007,0,"12","FAM111B"
0,4.69983981463855,0.608,0.036,0,"12","CDK1"
0,4.61888927882967,0.377,0.017,0,"12","SHCBP1"
0,4.58356527583118,0.19,0.006,0,"12","TTK"
0,4.57590757905977,0.273,0.011,0,"12","NCAPH"
0,4.55843823716241,0.235,0.008,0,"12","CDC25C"
0,4.55164167375266,0.115,0.003,0,"12","E2F8"
0,4.53229690501684,0.294,0.013,0,"12","BUB1"
0,4.52684149152837,0.177,0.006,0,"12","RAD51"
9.68542280516792e-317,4.47716636855586,0.115,0.004,8.7179459211597e-312,"12","RECQL4"
0,4.47184731334718,0.41,0.02,0,"12","CENPK"
0,4.45309695585914,0.325,0.012,0,"12","KIF14"
0,4.44442221083152,0.274,0.007,0,"12","CKAP2L"
6.84771038689874e-277,4.38716002537841,0.103,0.004,6.16369259635142e-272,"12","E2F2"
0,4.37919107784857,0.92,0.156,0,"12","STMN1"
0,4.36140316661968,0.15,0.006,0,"12","RAD54L"
0,4.33874133792074,0.151,0.006,0,"12","E2F1"
0,4.33125796478999,0.313,0.019,0,"12","BRIP1"
0,4.30193022654863,0.353,0.023,0,"12","NUSAP1"
0,4.2830602062976,0.225,0.008,0,"12","CDCA2"
0,4.2436504369653,0.201,0.01,0,"12","GINS2"
0,4.2327929543117,0.446,0.027,0,"12","RAD51AP1"
0,4.22868780229391,0.285,0.014,0,"12","UBE2T"
0,4.21954054868233,0.262,0.016,0,"12","PARPBP"
0,4.19781105390346,0.19,0.011,0,"12","ARHGAP11A"
0,4.18169578037992,0.16,0.006,0,"12","SKA3"
0,4.16736432411332,0.161,0.008,0,"12","C21orf58"
0,4.16323185223527,0.409,0.025,0,"12","TMEM106C"
0,4.15352918756512,0.349,0.021,0,"12","PRC1"
0,4.15348858997387,0.691,0.079,0,"12","CKS1B"
0,4.14277949096313,0.175,0.008,0,"12","PLK4"
0,4.12531754900031,0.385,0.027,0,"12","CENPE"
0,4.1198621805155,0.13,0.005,0,"12","CCDC150"
5.68381832586269e-280,4.11971956578637,0.112,0.005,5.11606171329227e-275,"12","DSCC1"
0,8.7479999993253,0.135,0,0,"13","PPY"
0,6.95729839768875,0.797,0.013,0,"13","CLEC9A"
0,6.86553117379455,0.732,0.013,0,"13","CLNK"
0,6.78212549298331,0.48,0.005,0,"13","XCR1"
0,6.35312931181461,0.116,0.001,0,"13","SMASR"
0,6.21599478668138,0.392,0.006,0,"13","ENSG00000231873"
0,6.15562892179973,0.159,0.003,0,"13","NYAP2"
0,6.12190949667585,0.194,0.002,0,"13","PAK3"
0,6.05982692732479,0.186,0.003,0,"13","SH3RF2"
0,6.03847541034012,0.52,0.01,0,"13","NCALD"
0,5.9823674353254,0.197,0.003,0,"13","SNX22"
0,5.96574257082913,0.16,0.003,0,"13","ANKRD20A1"
0,5.91815148267056,0.106,0.002,0,"13","RFPL4A"
0,5.78186868389325,0.132,0.002,0,"13","KCND3"
0,5.74116953115402,0.402,0.009,0,"13","ENPP1"
0,5.69716139443387,0.453,0.013,0,"13","MIR924HG"
0,5.586855615897,0.137,0.003,0,"13","LINC01724"
0,5.55799863551386,0.152,0.004,0,"13","ENSG00000288600"
0,5.05049482492941,0.125,0.004,0,"13","PLEKHG4B"
0,4.97421516349624,0.709,0.035,0,"13","DNASE1L3"
0,4.96266839491919,0.104,0.002,0,"13","ENSG00000291166"
0,4.76343307683792,0.235,0.009,0,"13","ENSG00000255580"
0,4.71703741096182,0.218,0.006,0,"13","FBXO27"
0,4.62530355967055,0.153,0.006,0,"13","THRB-AS2"
0,4.52393868250726,0.627,0.036,0,"13","TOX"
0,4.52066072723998,0.215,0.007,0,"13","DBN1"
0,4.50126604425341,0.686,0.053,0,"13","NEGR1"
0,4.46499848899599,0.155,0.006,0,"13","PPM1J"
0,4.42718692231036,0.432,0.026,0,"13","HLA-DOB"
0,4.38463656303495,0.203,0.007,0,"13","CYYR1"
0,4.3760914970813,0.39,0.02,0,"13","GNAO1"
0,4.25605309605877,0.192,0.01,0,"13","CLCN4"
0,4.24832924108044,0.235,0.016,0,"13","ENSG00000283445"
0,4.22399177435993,0.728,0.129,0,"13","NAPSB.1"
0,4.21827248758292,0.366,0.016,0,"13","BTLA"
0,4.15416668107584,0.962,0.214,0,"13","CCSER1"
0,4.13356503009897,0.293,0.019,0,"13","ASB2"
0,4.02199842790972,0.921,0.228,0,"13","WDFY4"
2.38681762253659e-222,3.99586008737354,0.139,0.01,2.14839841022141e-217,"13","CNR2"
0,3.98542391767031,0.598,0.06,0,"13","WFDC21P.1"
0,3.98498596607309,0.627,0.055,0,"13","THRB"
0,3.85871587656606,0.248,0.013,0,"13","ROR1"
3.57304839898796e-173,3.80296790138405,0.103,0.007,3.21613659441305e-168,"13","DST-AS1"
0,3.79025801984623,0.81,0.176,0,"13","CPNE3"
0,3.78632128693325,0.816,0.097,0,"13","CADM1"
3.03315922836736e-173,3.78535890557524,0.155,0.016,2.73017695304575e-168,"13","ENSG00000288922"
3.60146307810108e-186,3.76859193449351,0.108,0.007,3.24171293122956e-181,"13","PPP1R3G"
0,3.75826947629208,0.697,0.106,0,"13","RAB7B"
0,3.72267040355121,0.236,0.018,0,"13","MYEF2"
2.12645509286458e-183,3.69581028325174,0.131,0.01,1.91404349363833e-178,"13","ZNF462"
0,3.68121755073531,0.877,0.227,0,"13","C1orf54"
1.01042186277376e-147,3.64259479533054,0.102,0.008,9.09490822901286e-143,"13","LINC02149"
0,3.56777009426663,0.955,0.269,0,"13","HDAC9"
0,3.56758850672594,0.477,0.056,0,"13","CCDC26"
1.04025309805916e-174,3.55359756565061,0.169,0.019,9.36342216094029e-170,"13","ZNF707"
1.0358590527454e-139,3.54120584044416,0.12,0.012,9.32387091966658e-135,"13","ALG1L2"
0,3.52313573153724,0.355,0.032,0,"13","ZNF366"
0,3.50356336448815,0.219,0.015,0,"13","GCSAM"
1.42022671510354e-191,3.48673207553939,0.151,0.013,1.27836026853185e-186,"13","GPR171"
0,3.4696736971721,0.266,0.021,0,"13","FKBP1B"
0,3.4230077546497,0.306,0.031,0,"13","PARM1"
0,3.41859841153706,0.481,0.049,0,"13","P2RY14"
0,3.41284841933796,0.904,0.166,0,"13","AUTS2"
4.19533185590923e-278,3.40231503870139,0.254,0.026,3.77626015682245e-273,"13","SERPINF2"
4.95977669383739e-170,3.4012559139154,0.161,0.017,4.46434459988997e-165,"13","MYBL1"
4.61368885420733e-304,3.38356551923796,0.291,0.032,4.15282747456056e-299,"13","DMD"
0,3.37472995174403,0.277,0.027,0,"13","EBF4"
2.89583037291889e-54,3.3550751528214,0.106,0.021,2.60656587696802e-49,"13","GUCY1A1"
0,3.35440926870069,0.797,0.096,0,"13","IDO1"
1.12619796681792e-264,3.33827903596017,0.25,0.027,1.01370205191247e-259,"13","PNMA1"
0,3.30375230511663,0.384,0.036,0,"13","TMEM14A"
3.20236743450154e-118,3.29662378540482,0.12,0.014,2.88248295146918e-113,"13","ENSG00000258603"
6.76861379054925e-278,3.2904444531172,0.201,0.016,6.09249695901129e-273,"13","BIK"
1.65794335338282e-200,3.26140827369851,0.194,0.021,1.49233139181341e-195,"13","TLR10"
0,3.25197341685764,0.513,0.061,0,"13","BATF3"
3.78749576490342e-269,3.23485164728696,0.244,0.025,3.40916281294722e-264,"13","AKAP6"
4.13699195951841e-121,3.18135690175436,0.108,0.011,3.72374783268211e-116,"13","ENSG00000309490"
2.74515859735359e-252,3.17682394272945,0.258,0.03,2.47094470506394e-247,"13","ROBO1"
1.30007829282684e-164,3.17402156141704,0.129,0.011,1.17021347215637e-159,"13","MYO7B"
7.51338784484e-178,3.16256988873821,0.115,0.008,6.76287553301893e-173,"13","PDE1C"
5.66749288420855e-98,3.14711350925507,0.119,0.016,5.10136702000496e-93,"13","KIF23"
0,3.12259978181024,0.573,0.092,0,"13","NET1"
1.92167766637963e-296,3.11777997604325,0.324,0.04,1.72972128428497e-291,"13","SH3BP4"
0,3.09377659965081,0.663,0.125,0,"13","KIF16B"
0,3.0828789781688,0.555,0.095,0,"13","NUBPL"
3.85786898629525e-90,3.06379966192553,0.106,0.014,3.47250645325421e-85,"13","ENSG00000300496"
2.57591063559212e-149,3.06251232337156,0.128,0.012,2.31860292220283e-144,"13","EEIG1"
2.60206192631472e-185,3.01140904475653,0.215,0.028,2.34214196049514e-180,"13","PKP2"
9.8238985235091e-149,2.99382515570318,0.194,0.028,8.84258929999577e-144,"13","LINC02182"
0,2.98946492771995,0.489,0.083,0,"13","PLPP1"
0,2.98497611468013,0.247,0.021,0,"13","PAWR"
0,2.96601132668302,0.651,0.143,0,"13","ZBTB46"
0,2.95472255370961,0.343,0.041,0,"13","SAMD12"
7.80956720674467e-318,2.9507518240594,0.536,0.107,7.02946953846294e-313,"13","S100B"
2.64073188571487e-285,2.94935956463639,0.292,0.034,2.37694917765081e-280,"13","BCL2L14"
0,2.9454767755438,0.526,0.084,0,"13","SLC24A4"
5.35508015705588e-168,2.93559446194302,0.176,0.021,4.82016120016757e-163,"13","OSBP2"
1.63352182203058e-269,2.90504749674849,0.266,0.03,1.47034932722795e-264,"13","PLCD1"
0,2.88693317667495,0.647,0.115,0,"13","C1orf21"
5.77119656054893e-154,2.8720185887056,0.239,0.04,5.1947117361157e-149,"13","FAM149A"
0,5.33409983874121,0.403,0.02,0,"14","CXCL11"
0,4.78173393984147,0.645,0.077,0,"14","CXCL10"
0,4.3707644639323,0.669,0.094,0,"14","CXCL9"
9.36465696293507e-119,3.43408459270678,0.16,0.018,8.42922137890748e-114,"14","AL162414.1"
2.68053637439385e-68,3.38594923368723,0.173,0.033,2.41277759595565e-63,"14","CCL8"
1.65109832985252e-113,3.08186321057407,0.18,0.024,1.48617011768355e-108,"14","UBD"
1.57669599100787e-236,2.90896492692115,0.448,0.072,1.4191998284661e-231,"14","HAPLN3"
9.39758217282824e-86,2.87352170818609,0.136,0.018,8.45885768958443e-81,"14","HSD11B1"
1.57755140406588e-248,2.87212833127717,0.879,0.314,1.41996979431374e-243,"14","CALHM6"
9.10453109034535e-119,2.85813806087714,0.208,0.03,8.19507947973075e-114,"14","TIFAB"
2.42670142001144e-268,2.85308214039132,0.625,0.127,2.1842982151665e-263,"14","ANKRD22"
5.30090224721364e-229,2.71179991508095,0.836,0.29,4.77139512173947e-224,"14","GBP1"
1.4139470867448e-41,2.70820218117908,0.1,0.019,1.27270791224986e-36,"14","RIGI"
3.64966499574999e-78,2.70763569287838,0.134,0.019,3.28509995932452e-73,"14","IL27"
4.92079033168522e-202,2.69415488145134,0.673,0.188,4.42925258545318e-197,"14","TNFSF10"
1.34512594754446e-252,2.62911566210545,0.697,0.169,1.21076131664425e-247,"14","GBP4"
5.9904931719126e-185,2.57816399924757,0.452,0.089,5.39210280897025e-180,"14","APOL3"
2.44063628103752e-156,2.57514282530547,0.318,0.052,2.19684112292469e-151,"14","APOL4"
5.80893336175444e-214,2.5675386190355,0.528,0.104,5.22867900824879e-209,"14","IDO1"
5.01714693338347e-180,2.56288112365584,0.543,0.13,4.51598412620779e-175,"14","CD38"
5.3480377046744e-59,2.53143187904874,0.152,0.03,4.81382221835447e-54,"14","ENSG00000227531"
2.00840393742449e-59,2.46281361400442,0.145,0.027,1.80778446811515e-54,"14","CLEC6A"
5.3485189041359e-138,2.45364388527856,0.294,0.05,4.81425535080176e-133,"14","GIMAP5"
5.29681668617293e-204,2.43600119708847,0.693,0.195,4.76771766739112e-199,"14","GBP5"
8.92256663174606e-164,2.40690233849619,0.385,0.071,8.03129145090094e-159,"14","GIMAP8"
1.32403469350657e-48,2.3294145429609,0.182,0.046,1.1917768679722e-43,"14","IFIT1"
8.71208449828022e-114,2.32892033628082,0.374,0.092,7.84183437774701e-109,"14","WARS"
1.38680002563641e-116,2.27905200977961,0.401,0.103,1.24827257107559e-111,"14","MARCH1"
9.35481758132257e-67,2.27503924511748,0.203,0.044,8.42036485312426e-62,"14","STAMBPL1"
7.31511813915987e-61,2.27163723883475,0.169,0.035,6.58441098823919e-56,"14","RUFY4"
4.0451467197857e-77,2.27157736636215,0.158,0.025,3.64107701394631e-72,"14","GGT5"
5.59954995519891e-192,2.26633476733759,0.678,0.191,5.04021091017409e-187,"14","CD40"
3.53450647454195e-168,2.25454155785038,0.433,0.086,3.18144462279996e-163,"14","GIMAP7"
5.19201284874681e-34,2.24980685936529,0.152,0.043,4.67338268528549e-29,"14","TNFRSF4"
8.96071367500001e-49,2.23498961043162,0.125,0.024,8.06562798600426e-44,"14","CARD9"
8.92932530798158e-181,2.1893394174528,0.604,0.156,8.0373750029673e-176,"14","SLAMF8"
5.61544533033583e-157,2.16875731012629,0.47,0.106,5.05451849628858e-152,"14","CMKLR1"
1.90226631135422e-144,2.16522907529661,0.643,0.209,1.71224892951304e-139,"14","RGL1"
9.4914355123934e-61,2.12615114090659,0.188,0.042,8.54333601906043e-56,"14","STIMATE"
5.81816156132764e-75,2.09371781399758,0.206,0.042,5.23698540296662e-70,"14","CMPK2"
6.14367474905431e-54,2.0874604661596,0.139,0.027,5.52998307837128e-49,"14","MRM2"
5.15515353173004e-59,2.08053789096451,0.149,0.028,4.64020524544552e-54,"14","PAQR8"
1.0474518761798e-58,2.07264724432645,0.164,0.034,9.42821908268201e-54,"14","UHRF1BP1"
1.64330171642256e-171,2.06747781444315,0.652,0.185,1.47915230796911e-166,"14","SLAMF7"
2.05763751521507e-165,2.06435533776969,0.621,0.175,1.85210010382023e-160,"14","SAMD9L"
7.42223616633202e-64,2.06234959496323,0.165,0.032,6.68082899567711e-59,"14","C12orf4"
3.18797193345252e-49,2.04453485775886,0.117,0.021,2.86952541701995e-44,"14","RWDD3"
1.95313807967768e-85,2.02987398489132,0.264,0.059,1.75803911689868e-80,"14","DBNDD2"
5.22076000329446e-81,2.02791082403346,0.258,0.059,4.69925828656538e-76,"14","PPARGC1B"
7.83771798617411e-23,2.02340057461166,0.151,0.054,7.05480833653518e-18,"14","GPX1"
1.8183445504643e-35,2.02008601136641,0.104,0.022,1.63671011331842e-30,"14","PRKY"
3.37112282307664e-110,2.01663136338251,0.509,0.157,3.03438136427952e-105,"14","ENPP2"
7.06890650609397e-98,2.0119573055852,0.29,0.063,6.36279343520024e-93,"14","ASCL2"
8.92307597141034e-68,2.01117817795066,0.19,0.039,8.03174991262616e-63,"14","SPATA5"
1.25104959951461e-94,2.01111456247841,0.351,0.089,1.1260822550191e-89,"14","IFIT2"
1.28071616622533e-68,2.00751524517952,0.154,0.027,1.15278542838108e-63,"14","AC005670.3"
1.25506618873822e-67,1.99468457947028,0.223,0.052,1.12969762714516e-62,"14","SUCNR1"
3.25488783264544e-42,1.98362929302641,0.119,0.025,2.92975708704249e-37,"14","AC027097.2"
1.47744019709592e-167,1.98042239857674,0.916,0.493,1.329858695808e-162,"14","STAT1"
7.94964610308624e-64,1.97720297714735,0.21,0.048,7.15555595384895e-59,"14","ATP13A2"
2.40043761341591e-49,1.9747786342357,0.147,0.031,2.1606579002118e-44,"14","TMEM173"
5.18905393634214e-126,1.97362250151238,0.721,0.296,4.67071933864092e-121,"14","JAK2"
1.72936413521904e-48,1.95973474164485,0.169,0.041,1.55661795175201e-43,"14","RARS"
1.60465340673257e-65,1.957758122566,0.206,0.046,1.44436457793405e-60,"14","GIMAP6"
9.68591833008682e-44,1.95156793339971,0.138,0.031,8.71839194809445e-39,"14","SOGA1"
2.2716921651637e-155,1.95112665511689,0.625,0.18,2.0447728347855e-150,"14","SERPING1"
7.49127185687116e-39,1.9453376521706,0.112,0.023,6.7429687110883e-34,"14","SCLY"
1.15090645243849e-42,1.93615129321514,0.108,0.021,1.03594240690441e-37,"14","FAM198B-AS1"
1.74616113470205e-57,1.9354076827277,0.149,0.029,1.57173709895666e-52,"14","FCGR1B"
1.06860122275431e-118,1.93349507562711,0.465,0.128,9.61858646613383e-114,"14","PSMA2"
4.85778133488768e-72,1.93196865424881,0.266,0.067,4.37253755734575e-67,"14","RSAD2"
2.81707730687009e-61,1.91615457046512,0.158,0.03,2.53567945468684e-56,"14","ETV7"
1.8182882335514e-116,1.91153867757961,0.418,0.105,1.63665942190195e-111,"14","TNFSF13"
8.25020921373983e-36,1.90987435894957,0.104,0.022,7.42609581537936e-31,"14","TRIM34"
1.59136215479625e-82,1.89810808926636,0.262,0.06,1.43240098915365e-77,"14","PALM2-AKAP2"
9.95752405313136e-30,1.88972553594215,0.102,0.024,8.96286697546407e-25,"14","AL162253.2"
3.37086353085264e-95,1.88350540818157,0.323,0.077,3.03414797275577e-90,"14","NR1H3"
4.88943429091409e-44,1.88343513620861,0.113,0.022,4.40102869959468e-39,"14","CLECL1"
6.15216126638475e-117,1.88230953518972,0.638,0.234,5.53762187748558e-112,"14","RTN1"
1.3355157286782e-81,1.87906757955319,0.413,0.134,1.20211106254053e-76,"14","SOCS1"
7.61209736111655e-144,1.87905209846871,0.796,0.359,6.85172495571462e-139,"14","VAMP5"
8.92173591395254e-125,1.87831646111963,0.643,0.235,8.03054371350782e-120,"14","PLAAT4"
4.5527900479663e-66,1.87698941047764,0.242,0.06,4.09801185007495e-61,"14","AC009093.2"
2.71899950450906e-74,1.87106585519322,0.257,0.061,2.44739864400365e-69,"14","RAD50"
1.96269457089916e-104,1.85677186308342,0.374,0.093,1.76664101021204e-99,"14","CD274"
2.23241571455354e-32,1.84395718922742,0.108,0.025,2.00941970882678e-27,"14","C11orf49"
9.41685064203735e-89,1.84037722954702,0.348,0.091,8.47620143140424e-84,"14","TLR8"
1.12720266309823e-132,1.82918921042392,0.411,0.093,1.01460638908134e-127,"14","IFIT3"
1.10431529672093e-41,1.82342823872356,0.156,0.039,9.94005241731473e-37,"14","AC068587.4"
2.87244673962448e-36,1.82293869289522,0.132,0.033,2.58551803480339e-31,"14","PAOX"
5.90167229359699e-126,1.8217066681097,0.693,0.262,5.31215424818959e-121,"14","IL4I1"
1.24366547288609e-81,1.81289034455683,0.316,0.082,1.1194357287995e-76,"14","IL21R"
2.22981931476044e-43,1.81262155679378,0.152,0.037,2.00708266340902e-38,"14","HERC6"
1.53150365222477e-85,1.80928386155966,0.377,0.107,1.37852175240404e-80,"14","OAS2"
1.05119080772612e-143,1.80456681674859,0.636,0.197,9.46187357942355e-139,"14","GIMAP4"
4.27751756537476e-147,1.80050092729318,0.857,0.436,3.85023633576948e-142,"14","LAP3"
2.33917219342179e-31,1.80047350409674,0.1,0.023,2.10551228302088e-26,"14","USP30-AS1"
2.10615892071025e-88,1.79305825599593,0.372,0.103,1.8957747061205e-83,"14","P2RY13"
4.28108408957666e-34,1.79000892472957,0.121,0.029,3.85344659986885e-29,"14","FNTB"
2.14525665804795e-117,1.78841212946077,0.493,0.14,1.93096697047554e-112,"14","ITPRIPL2"
0,10.5843876847554,0.213,0,0,"15","ENSG00000290592"
0,9.95350050603237,0.651,0.001,0,"15","SCT"
0,9.71419612745282,0.576,0.002,0,"15","LINC01478"
0,9.63382541534513,0.349,0.001,0,"15","SHD"
0,9.30275904611641,0.313,0.001,0,"15","TCL1A"
0,9.23978104208077,0.129,0,0,"15","SLC32A1"
0,9.19951629184862,0.384,0.001,0,"15","PACSIN1"
0,8.70389494329554,0.491,0.002,0,"15","CLEC4C"
0,8.56455637866088,0.436,0.003,0,"15","ENSG00000293455"
0,8.39050316444527,0.231,0.001,0,"15","ENSG00000290104"
0,8.20419221504006,0.224,0.001,0,"15","VIPR2"
0,8.08448899511951,0.589,0.006,0,"15","LILRA4"
0,8.06405173875054,0.56,0.004,0,"15","NIBAN3"
0,7.9486344876447,0.182,0.001,0,"15","TTC24"
0,7.86456703225747,0.904,0.027,0,"15","GZMB"
0,7.7732920866841,0.438,0.003,0,"15","LRRC26"
0,7.7285989213342,0.162,0.001,0,"15","CYP46A1"
0,7.71670671759135,0.573,0.005,0,"15","PLXNA4"
0,7.67313986555111,0.111,0.001,0,"15","ENSG00000285578"
0,7.6580618957736,0.462,0.003,0,"15","RGS7"
0,7.45324509345106,0.151,0.001,0,"15","LTK"
0,7.43666329894233,0.487,0.005,0,"15","MAP1A"
0,7.34023255106933,0.504,0.03,0,"15","PTGDS"
0,7.33749644582109,0.371,0.006,0,"15","ENSG00000303688"
0,7.32234267301119,0.522,0.009,0,"15","RHEX"
0,7.21246859176335,0.127,0.002,0,"15","AC007381.1"
0,7.18441040659682,0.584,0.011,0,"15","PHEX"
0,6.92628360257414,0.32,0.004,0,"15","MIR4432HG"
0,6.9164546319794,0.149,0.002,0,"15","ENSG00000231424"
0,6.91248463245892,0.482,0.018,0,"15","STAP1"
0,6.83758901101597,0.193,0.003,0,"15","RET"
0,6.7785804651173,0.129,0.001,0,"15","ENSG00000258657"
0,6.76777641581424,0.242,0.003,0,"15","VASH2"
0,6.76441740826752,0.142,0.002,0,"15","ENSG00000233891"
0,6.71428175401786,0.778,0.016,0,"15","PTPRS"
0,6.5913979915632,0.236,0.004,0,"15","LINC02812"
0,6.5713619574047,0.571,0.022,0,"15","ENSG00000225885"
0,6.5323064042617,0.487,0.008,0,"15","SMPD3"
0,6.50928808860366,0.138,0.003,0,"15","BLK"
0,6.43890247044288,0.604,0.016,0,"15","COL24A1"
0,6.40262743368313,0.382,0.008,0,"15","PTCRA"
0,6.35269557123199,0.276,0.004,0,"15","ENSG00000240040"
0,6.2998770243416,0.209,0.003,0,"15","LRRC36"
0,6.27961865953573,0.107,0.002,0,"15","WNT10A"
0,6.23018702823881,0.276,0.006,0,"15","DRD4"
0,6.18064590039633,0.333,0.008,0,"15","CRYM"
0,6.15167539827182,0.233,0.011,0,"15","AC023590.1"
2.26320337756169e-206,6.1384619084811,0.1,0.003,2.03713199217705e-201,"15","CA8"
0,6.08635258281993,0.164,0.002,0,"15","TMIGD2"
0,5.96181595790706,0.258,0.008,0,"15","ENSG00000271717"
0,5.94181661318633,0.287,0.006,0,"15","NCMAP"
0,5.89925878700882,0.356,0.008,0,"15","KCNK10"
0,5.88927525676459,0.473,0.013,0,"15","DERL3"
0,5.88873833705057,0.624,0.024,0,"15","CLIC3"
0,5.80712708275322,0.849,0.055,0,"15","C12orf75"
0,5.80693555795558,0.151,0.004,0,"15","KCNK17"
0,5.79878932538232,0.424,0.015,0,"15","MYBL2"
0,5.79729736978195,0.176,0.006,0,"15","ESR2"
0,5.74856547792159,0.338,0.01,0,"15","CXCR3"
0,5.6018395083325,0.276,0.005,0,"15","CPLX1"
1.51300640359456e-304,5.59339899941818,0.116,0.003,1.3618721939395e-299,"15","ENSG00000288067"
0,5.57030563060029,0.333,0.013,0,"15","LAMP5"
0,5.55229057336539,0.796,0.05,0,"15","TSPAN13"
6.04874071164705e-295,5.52317729912955,0.133,0.004,5.44453200196062e-290,"15","ENSG00000227218"
0,5.51931089644179,0.471,0.018,0,"15","CUX2"
0,5.51282346243503,0.587,0.018,0,"15","MZB1"
1.21670086963719e-298,5.49170427994324,0.2,0.01,1.09516461976913e-293,"15","FAM160A1"
0,5.44920296519734,0.356,0.015,0,"15","SLC35F3"
0,5.44626663329565,0.211,0.007,0,"15","SLC12A3"
0,5.43044835887267,0.742,0.065,0,"15","ZFAT"
6.99572827786218e-202,5.42645143187053,0.107,0.004,6.29692498018652e-197,"15","BEND4"
0,5.38906497850333,0.364,0.017,0,"15","NEK8"
1.32193694347194e-293,5.35142488609367,0.236,0.014,1.18988866218853e-288,"15","LINC01374"
1.9301983548149e-290,5.33931792417106,0.171,0.007,1.73739084115244e-285,"15","LIME1"
1.22416650081009e-263,5.32235798687247,0.111,0.003,1.10188450904417e-258,"15","SIGLEC6"
0,5.2981689687063,0.447,0.021,0,"15","SDK2"
0,5.25597040498553,0.851,0.066,0,"15","JCHAIN"
0,5.21231649166822,0.344,0.013,0,"15","SCAMP5"
0,5.1499492629493,0.276,0.01,0,"15","MYB"
0,5.09008493039409,0.551,0.035,0,"15","COBLL1"
1.02579224003383e-237,5.08703876441219,0.149,0.007,9.23325853176847e-233,"15","COL26A1"
0,5.0716514725917,0.793,0.11,0,"15","IRF4"
0,5.06398269674771,0.311,0.014,0,"15","GPM6B"
0,5.00538483957353,0.32,0.01,0,"15","SLA2"
1.26595755323695e-219,4.9945253238912,0.158,0.008,1.13950105324411e-214,"15","ZC3H12B"
7.44945701778129e-300,4.9730344631043,0.136,0.004,6.70533075627511e-295,"15","LINC01724"
8.97525486355238e-311,4.94245695611364,0.233,0.013,8.07871665523213e-306,"15","PLCB4"
2.76721978530731e-193,4.88641899992742,0.173,0.012,2.49080220095296e-188,"15","INSYN2A"
0,4.88103059723831,0.407,0.027,0,"15","SIDT1"
0,4.87433633187221,0.411,0.022,0,"15","LINC01226"
2.57181712122287e-149,4.85538269473335,0.104,0.005,2.31491830898392e-144,"15","LINC00158"
0,4.83773957146905,0.322,0.021,0,"15","KRT5"
9.15329563616036e-203,4.80369681895462,0.107,0.004,8.2389729350643e-198,"15","CEP126"
0,4.79879306025968,0.489,0.038,0,"15","FHIP1A"
4.39921223142228e-241,4.78784689868333,0.178,0.01,3.95977492162551e-236,"15","ENSG00000279500"
0,4.76693841864485,0.647,0.047,0,"15","SPIB"
5.91074700157779e-173,4.76448457260026,0.124,0.006,5.32032248359018e-168,"15","PCDH9"
0,4.73290788820884,0.831,0.161,0,"15","SEL1L3"
0,4.70189635405956,0.236,0.01,0,"15","CIB2"
3.34570108884452e-294,4.66741112811457,0.193,0.009,3.01149900707984e-289,"15","CYYR1"
1.24296799858448e-08,2.03115952885894,0.207,0.132,0.00111880792520588,"16","TOMM6"
1.54017448028828e-08,1.682384907756,0.288,0.209,0.00138632645145228,"16","NME2"
0.0010579133660814,1.64851838557446,0.174,0.135,1,"16","WDR83OS"
4.36381403052928e-16,1.36972374176714,0.586,0.53,3.92791264701971e-11,"16","MIF"
0.00529221440291309,1.35175913383405,0.288,0.271,1,"16","EEF1G"
0.00364455127681139,1.32764639619039,0.429,0.407,1,"16","IGKC"
0.00120956479580067,1.32485827883156,0.264,0.228,1,"16","PLAC8"
0.00126696389025091,1.30298068024178,0.405,0.446,1,"16","ATP5PO"
2.21242656542101e-05,1.28939387885456,0.295,0.24,1,"16","ATP6V0C"
0.00178420708885424,1.28567025279882,0.398,0.417,1,"16","PFDN5"
7.70294687995094e-09,1.27853900784203,0.567,0.61,0.000693349951611264,"16","DYNLL1"
4.60252697321307e-20,1.2746178778899,0.636,0.592,4.14278055385882e-15,"16","GABARAP"
1.11902936094284e-06,1.26237879208363,0.369,0.322,0.100724951807826,"16","CALHM6"
0.00604525049825696,1.26059875376252,0.348,0.368,1,"16","SELENOH"
2.35186443817555e-12,1.24178429050122,0.555,0.581,2.1169366994462e-07,"16","UQCR10"
7.8044110839705e-05,1.237015169659,0.412,0.418,1,"16","PSMB9"
0.000905678326480298,1.19793211053656,0.433,0.478,1,"16","SNRPG"
0.0068321830715434,1.19190450969378,0.331,0.334,1,"16","RNASEK"
3.090813759264e-08,1.19135206259814,0.538,0.591,0.00278207237285112,"16","ATP5MF"
0.000998571111283588,1.19078830474797,0.445,0.514,1,"16","ATP5MC3"
1.02831205242913e-05,1.1829271218839,0.467,0.455,0.925593961511984,"16","RPS17"
2.81219713046129e-05,1.17289455706728,0.443,0.44,1,"16","RPL17"
0.00985473954520604,1.16103940789119,0.195,0.162,1,"16","IFI27"
7.73263375444018e-05,1.1552785792599,0.417,0.415,1,"16","YWHAH"
7.59209643822878e-06,1.13633611976731,0.5,0.574,0.68337219250141,"16","NDUFB2"
4.82818597328465e-34,1.13501022999343,0.8,0.806,4.34589847641325e-29,"16","AIF1"
7.25221648422379e-20,1.12896552610702,0.652,0.674,6.52779257961467e-15,"16","UQCR11"
7.56401272134362e-22,1.12160115131257,0.71,0.739,6.80844349060861e-17,"16","LST1"
1.4683053617063e-11,1.11471229148693,0.574,0.62,1.32163633912546e-06,"16","VAMP8"
4.83210687739922e-25,1.11413226159771,0.698,0.724,4.34942772141581e-20,"16","COX6B1"
9.16505378075993e-07,1.1093873081653,0.517,0.556,0.0824955655859982,"16","GNG5"
0.00499602574417703,1.10843043198378,0.4,0.451,1,"16","COX5A"
3.18242136433497e-09,1.10241423260469,0.564,0.561,0.000286452929425155,"16","TUBA1B"
0.00751616491415475,1.09073992102086,0.062,0.107,1,"16","POP4"
2.3688856522072e-06,1.08237646687188,0.169,0.301,0.213225766440822,"16","CCL4L2"
0.00418462645561222,1.0793468615677,0.064,0.114,1,"16","TRAPPC4"
2.56638766557133e-19,1.07583469455822,0.65,0.682,2.31003120165741e-14,"16","OST4"
0.00198281102028582,1.06617870029723,0.105,0.179,1,"16","BEX4"
0.000146977380971271,1.04590411569135,0.471,0.53,1,"16","MICOS10"
4.1752390017589e-08,1.04342480150726,0.574,0.635,0.0037581743778732,"16","ARHGDIB"
0.00630666758230457,1.04237496673813,0.129,0.203,1,"16","ADI1"
4.65688445419172e-10,1.03756277903964,0.593,0.649,4.19170826606251e-05,"16","ARPC1B"
9.99377926472612e-05,1.03040890321819,0.083,0.161,1,"16","SKIC8"
1.81773618489079e-05,1.02976260740177,0.505,0.546,1,"16","PSME2"
6.17140130116696e-07,1.02270995786189,0.536,0.605,0.055549400251934,"16","COMMD6"
4.13007396993562e-45,1.02047592422663,0.864,0.849,3.71752088107875e-40,"16","PFN1"
0.00857745347293333,1.01679879374097,0.1,0.159,1,"16","KXD1"
4.78745423690878e-05,1.01335514814071,0.483,0.537,1,"16","UQCRQ"
0.000634763050797164,1.01322842973477,0.526,0.575,1,"16","RPL31"
4.71569531422618e-07,1.00897876302409,0.529,0.588,0.0424464450928813,"16","POLR2L"
0.00168776175169802,1.00314012605828,0.421,0.466,1,"16","C19orf53"
0.00624408027418621,0.998543534337719,0.09,0.146,1,"16","PSMD6"
0.00400998718285455,0.9973783198988,0.469,0.553,1,"16","TMEM258"
8.68933444055847e-09,0.988303064751704,0.552,0.613,0.000782135682329108,"16","COX6A1"
0.000698179605032724,0.982881548977535,0.526,0.613,1,"16","HINT1"
2.05899736325728e-52,0.98157699865689,0.895,0.91,1.85332411664151e-47,"16","ATP5F1E"
0.00683438390333461,0.975452337731956,0.095,0.153,1,"16","DERL2"
0.00132882690535844,0.962825073157747,0.067,0.125,1,"16","ZNF511"
0.000134191377936175,0.962195608713214,0.531,0.635,1,"16","ATP5ME"
3.62376553430656e-21,0.959322555390866,0.705,0.757,3.26178759508468e-16,"16","TMA7"
0.00127988286664271,0.954311471525211,0.102,0.174,1,"16","DDRGK1"
0.0011018943162226,0.948976163791638,0.469,0.545,1,"16","PSMB3"
0.0081321578392452,0.948911496730604,0.114,0.179,1,"16","TNFSF12"
1.38371446851129e-05,0.943704490917679,0.548,0.624,1,"16","NDUFA4"
0.00553814026416433,0.941740641461051,0.069,0.119,1,"16","ARL3"
2.08437486084283e-08,0.93860475778088,0.65,0.718,0.00187616665599324,"16","CSTB"
0.000519113287412809,0.937808059636525,0.464,0.527,1,"16","PRELID1"
1.69089495128388e-21,0.934791005449653,0.748,0.77,1.52199145460013e-16,"16","YBX1"
0.00606812401351996,0.932737424189264,0.105,0.168,1,"16","PSMB5"
0.00228892762301151,0.930728143198333,0.069,0.125,1,"16","CBR1"
8.7827043903669e-55,0.930303494459955,0.981,0.983,7.90540004881315e-50,"16","TMSB4X"
0.000169299901422726,0.927671526010528,0.493,0.544,1,"16","RPSA"
8.57463361539831e-06,0.922967954307846,0.321,0.255,0.771811346355617,"16","H3F3A"
0.00155970072572853,0.922961108437648,0.488,0.59,1,"16","NDUFA1"
0.00393911628914268,0.921548830402205,0.083,0.141,1,"16","ALG5"
1.29131086399164e-10,0.921249557354486,0.579,0.654,1.16232182178752e-05,"16","COX5B"
0.000135591689280476,0.920309522294867,0.505,0.599,1,"16","AP2S1"
0.00282432066475015,0.920189864941688,0.081,0.141,1,"16","VBP1"
0.00660061567137689,0.91772910140943,0.202,0.308,1,"16","CCT8"
0.00688024180909823,0.916674234824446,0.152,0.232,1,"16","ZMAT2"
0.00220172161078674,0.913219756669391,0.095,0.162,1,"16","TPRKB"
0.000819261599669354,0.911041398685986,0.124,0.211,1,"16","C9orf78"
7.26475921918669e-20,0.909505023093611,0.702,0.754,6.53908242078213e-15,"16","ATP5MG"
0.00104953658202141,0.90933124116579,0.124,0.206,1,"16","FRG1"
5.72492127351939e-10,0.909040789715518,0.648,0.719,5.15305888750754e-05,"16","MYL12A"
0.00640559074760704,0.908756341590098,0.11,0.174,1,"16","CCDC124"
2.44475796527664e-06,0.907890085458124,0.562,0.646,0.220055109212516,"16","PSMA7"
2.72878684524957e-12,0.906243172561986,0.643,0.713,2.45620832727759e-07,"16","UQCRB"
3.87025502454045e-16,0.904541613848171,0.66,0.698,3.4836552501391e-11,"16","RPS19"
0.00270625998066952,0.904322234045877,0.133,0.213,1,"16","CCDC59"
0.00575829326283784,0.90358188787884,0.071,0.122,1,"16","IARS2"
0.00985967371906439,0.902610364498659,0.067,0.112,1,"16","OAS2"
0.00422573819639959,0.902356025818382,0.181,0.28,1,"16","ETFB"
0.00822194185780073,0.89944900266161,0.09,0.144,1,"16","TMED3"
0.00225470381494117,0.89447999348896,0.488,0.585,1,"16","NDUFA13"
0.00817556654448546,0.892815974699604,0.498,0.57,1,"16","RPS26"
0.000313784639337326,0.891107468425722,0.519,0.58,1,"16","RPLP0"
6.39763935859635e-16,0.890721387184538,0.65,0.72,5.75857916306616e-11,"16","ATP5MC2"
1.64515221443977e-05,0.889817705802084,0.543,0.638,1,"16","COX7B"
0.00180560297464711,0.885850990122381,0.169,0.269,1,"16","IK"
2.34071682111097e-134,6.93002522875701,0.224,0.014,2.1069026178502e-129,"17","MT1A"
2.60214245251e-282,6.23336931544638,0.493,0.033,2.34221444292878e-277,"17","MT1M"
1.4456987614304e-232,6.08377117264984,0.351,0.02,1.30128791215111e-227,"17","ENSG00000291105"
7.37027253142299e-208,5.08859639442351,0.766,0.12,6.63405600825915e-203,"17","MT1G"
1.68942471295696e-180,5.04997314222251,0.42,0.037,1.52066807837969e-175,"17","MT1H"
4.01538846107361e-216,4.57345167285707,0.844,0.142,3.61429130769697e-211,"17","MT1E"
1.53314506185765e-161,4.3969758155318,0.951,0.281,1.37999920162869e-156,"17","MT1X"
1.25205635171061e-158,4.22660104974482,0.683,0.118,1.12698844273823e-153,"17","MT1F"
3.93542639478919e-121,4.11054223978207,0.99,0.54,3.5423166522137e-116,"17","MT2A"
6.78861948664369e-15,2.49433992643358,0.171,0.052,6.11050428612285e-10,"17","RPL10P9"
2.48676836423777e-14,2.46937270769546,0.185,0.061,2.23836507233406e-09,"17","DNAAF1"
2.39454980633365e-14,2.15581069800318,0.117,0.028,2.15535822617898e-09,"17","ENSG00000253593"
6.35333920205519e-12,1.98850867834961,0.298,0.147,5.71870414916189e-07,"17","SLC30A1"
5.14294535293679e-23,1.9458191605974,0.459,0.202,4.62921654163194e-18,"17","RETN"
7.27803806509105e-23,1.8711593846938,0.332,0.115,6.5510348427691e-18,"17","MARCO"
6.99923738048617e-08,1.79779155522556,0.137,0.053,0.0063000835585494,"17","ENSG00000296847"
2.27262075744437e-05,1.68667331448115,0.127,0.059,1,"17","AK4"
2.02255329432147e-10,1.66550291123872,0.224,0.097,1.82052044575169e-05,"17","ENSG00000233461"
1.27218831427549e-06,1.64332416702338,0.151,0.068,0.114510942356251,"17","ENSG00000296867"
2.59597168744568e-15,1.57527125669848,0.298,0.121,2.33666007558673e-10,"17","TNIP3"
4.75211205226364e-07,1.55470190533222,0.137,0.057,0.0427742357936302,"17","FOLR3"
9.08452763353623e-10,1.55023228592517,0.171,0.066,8.17707416822229e-05,"17","ENSG00000306779"
3.18120134211188e-07,1.53424961070975,0.19,0.092,0.0286343114004832,"17","SLX9"
1.04252855992061e-05,1.52556789091266,0.117,0.05,0.938390382070137,"17","ENSG00000295151"
4.40546406473289e-08,1.51136338578525,0.156,0.063,0.00396540225930672,"17","ENSG00000287535"
1.3557987852287e-05,1.49634357444022,0.127,0.057,1,"17","MTND5P32"
2.18171358688034e-18,1.4733438371945,0.454,0.216,1.96378221668686e-13,"17","PELATON"
0.000645601434509744,1.46102929288624,0.146,0.083,1,"17","C11orf96"
2.56533381665496e-06,1.43462189735276,0.2,0.106,0.23090826217093,"17","ENSG00000261435"
7.73232210328853e-05,1.36219140068577,0.166,0.088,1,"17","GPAT4-AS1"
2.40948599706457e-10,1.35408564584938,0.4,0.229,2.16880244081779e-05,"17","SLC30A4-AS1"
4.08676360303301e-07,1.33929753422137,0.141,0.058,0.0367853678672604,"17","ENSG00000272449"
9.02670075726221e-09,1.30699626857457,0.205,0.092,0.000812502361861928,"17","ABHD17C"
3.52484989677184e-07,1.25408515052533,0.371,0.227,0.031727526405833,"17","PLAC8"
1.42458316614699e-21,1.21715430904604,0.639,0.355,1.28228155368056e-16,"17","ENSG00000293060"
0.000231384106422289,1.20630623036733,0.117,0.058,1,"17","ENSG00000297478"
9.05084155078081e-15,1.20068553902858,0.571,0.352,8.14675298827331e-10,"17","THBS1"
1.33399978869556e-11,1.19570959541431,0.502,0.309,1.20074654980276e-06,"17","SLC39A8"
0.000275179630816879,1.18588640414637,0.141,0.076,1,"17","LILRA1"
9.64653840587406e-05,1.18050871581874,0.249,0.159,1,"17","GPR84"
0.00573310747410171,1.17563683138081,0.137,0.084,1,"17","KCNN4"
0.00494330216434826,1.16686661496685,0.102,0.058,1,"17","ENSG00000260805"
0.00158056389295888,1.1555287357434,0.102,0.054,1,"17","SLAMF1"
1.36004455917358e-24,1.14277667334647,0.917,0.726,1.22418970815773e-19,"17","TIMP1"
9.22655463645406e-15,1.13798491343318,0.39,0.181,8.30491409381866e-10,"17","MCEMP1"
8.29512821472309e-10,1.13748614630061,0.244,0.113,7.4665278573544e-05,"17","SIGLEC14"
0.00301170918719758,1.11941080815436,0.102,0.056,1,"17","ENSG00000285906"
0.00591149856846374,1.10031172674816,0.146,0.092,1,"17","ENSG00000299949"
0.00169149550910455,1.09044779668237,0.127,0.072,1,"17","H2AC25"
0.000870800975332516,1.07127975025669,0.151,0.088,1,"17","ZBTB2"
0.00127210513269855,1.0640811955663,0.166,0.1,1,"17","NRGN"
0.00262908214912333,1.06332549188581,0.18,0.119,1,"17","TMEM120A"
0.000744058038950655,1.06050092211697,0.122,0.065,1,"17","HELZ2"
7.06247524423938e-05,1.05188906615541,0.127,0.061,1,"17","SNORD3B-1"
0.00231921079636314,1.04095512927262,0.283,0.218,1,"17","C1orf122"
1.2324138559766e-05,1.03199311130895,0.215,0.119,1,"17","ENSG00000279166"
0.000227311417345578,1.02355483799097,0.195,0.117,1,"17","IL10RB-DT"
1.91420779410405e-14,1.01984697464185,0.483,0.252,1.72299757755099e-09,"17","CCL3L3"
0.00779527400304842,1.0173032788115,0.132,0.084,1,"17","ENSG00000185641"
0.000224641646915343,1.01065763181882,0.122,0.061,1,"17","SLCO4A1"
0.00102229924513452,1.00423664853023,0.239,0.168,1,"17","NUDT16"
0.000339347988592752,0.990462304778888,0.176,0.103,1,"17","CENPU"
4.5409638282261e-07,0.987581636569578,0.151,0.064,0.0408736695142459,"17","ENSG00000289854"
0.000588232559923732,0.987444561143218,0.107,0.053,1,"17","ENSG00000289931"
1.49131138362787e-11,0.977694694068837,0.585,0.402,1.34234428951728e-06,"17","STXBP2"
4.53672703001362e-06,0.963038776695775,0.239,0.131,0.408355336698556,"17","RBP7"
0.000322876958386008,0.962093032508121,0.278,0.191,1,"17","SDC4"
0.00668983701763711,0.959198014276731,0.141,0.09,1,"17","TMT1A"
0.00808545474878459,0.947765130192211,0.117,0.071,1,"17","TLE1"
7.22860783613022e-05,0.92395459749529,0.283,0.186,1,"17","SECTM1"
0.00108379410093455,0.922714684300064,0.112,0.059,1,"17","DCTN6-DT"
0.00864503939327253,0.90661540344961,0.132,0.084,1,"17","NKG7"
0.000109076896629151,0.904180007360204,0.19,0.108,1,"17","ENSG00000270640"
0.00719246759288111,0.901017212376736,0.122,0.074,1,"17","ENSG00000256448"
4.59717403207503e-06,0.900233023536991,0.161,0.076,0.413796231801105,"17","ENSG00000290563"
1.57599261841979e-05,0.897563245612768,0.19,0.101,1,"17","ATP13A3-DT"
2.61284220135408e-10,0.891398421051948,0.38,0.197,2.35184539386082e-05,"17","APOBEC3A"
1.10709026346149e-06,0.8736863763487,0.493,0.365,0.0996503017044325,"17","VAMP5"
0.000103036327315894,0.873452456267204,0.385,0.289,1,"17","POLE4"
4.32829385185568e-06,0.873264338291491,0.478,0.359,0.389594057899382,"17","LILRB2"
1.36258222040592e-13,0.871915862478738,0.756,0.546,1.22647388240957e-08,"17","UPP1"
4.52915942505255e-08,0.86827092036511,0.337,0.193,0.00407674169008405,"17","ENSG00000257764"
3.06425316026536e-21,0.867205540898339,0.717,0.39,2.75816491208645e-16,"17","FCN1"
5.85266928721629e-07,0.86563654862181,0.337,0.206,0.0526804615211625,"17","TAMALIN"
0.00318420534253981,0.862373003329302,0.224,0.158,1,"17","KGD4"
1.49992636260644e-06,0.855519516961281,0.171,0.08,0.135009871824568,"17","ENSG00000251139"
0.00818962128897351,0.855337363725088,0.22,0.158,1,"17","TLNRD1"
1.50153925167214e-05,0.85533619757606,0.498,0.379,1,"17","LY6E"
1.01663173896707e-06,0.854490357315282,0.312,0.182,0.0915080394561649,"17","MIR3945HG"
2.49685670650921e-07,0.851348731867619,0.288,0.155,0.0224744569009601,"17","ENSG00000304732"
0.000189310418097833,0.849078200758312,0.38,0.298,1,"17","UBALD2"
0.00123605539465497,0.848889658280057,0.176,0.108,1,"17","ABTB3"
1.40198452230037e-07,0.845176069435382,0.595,0.438,0.0126194028836778,"17","CD52"
2.01096467978918e-16,0.844811156399463,0.824,0.632,1.81008941792504e-11,"17","GSTO1"
0.00108428087144597,0.841344113671359,0.107,0.056,1,"17","CLU"
5.14508416029132e-27,0.837599077146679,0.966,0.78,4.63114170351982e-22,"17","S100A4"
0.00133733489337957,0.83361857887762,0.205,0.134,1,"17","RPL13P12"
0.000476692080549927,0.829375993825491,0.166,0.095,1,"17","RN7SL1"
1.85177565006172e-06,0.828666119421522,0.351,0.22,0.166680178037706,"17","CIMAP1B"
0.00656632409373815,0.821126442799037,0.395,0.347,1,"17","MRPL52"
