"cluster","group","n_cells","resolution","field","within_cluster_fraction"
"0","CNP0000460",5520,0.4,"dataset",0.24896265560166
"1","CNP0000460",4323,0.4,"dataset",0.241832624748266
"2","CNP0000460",2664,0.4,"dataset",0.149218618719543
"3","CNP0000460",0,0.4,"dataset",0
"4","CNP0000460",1271,0.4,"dataset",0.112418185034495
"5","CNP0000460",3255,0.4,"dataset",0.293746051800379
"6","CNP0000460",0,0.4,"dataset",0
"7","CNP0000460",0,0.4,"dataset",0
"8","CNP0000460",1152,0.4,"dataset",0.190633791163329
"9","CNP0000460",0,0.4,"dataset",0
"singleton","CNP0000460",0,0.4,"dataset",0
"0","GSE326225",1213,0.4,"dataset",0.0547086415298575
"1","GSE326225",300,0.4,"dataset",0.0167822779145223
"2","GSE326225",1668,0.4,"dataset",0.0934296756847589
"3","GSE326225",3,0.4,"dataset",0.000169185653056621
"4","GSE326225",355,0.4,"dataset",0.0313992570316646
"5","GSE326225",553,0.4,"dataset",0.0499052432090967
"6","GSE326225",3,0.4,"dataset",0.000324569944823109
"7","GSE326225",7,0.4,"dataset",0.000846740050804403
"8","GSE326225",145,0.4,"dataset",0.0239947046169121
"9","GSE326225",0,0.4,"dataset",0
"singleton","GSE326225",0,0.4,"dataset",0
"0","HRA003620",9287,0.4,"dataset",0.418861627277647
"1","HRA003620",8584,0.4,"dataset",0.480196912060864
"2","HRA003620",11332,0.4,"dataset",0.634739259508206
"3","HRA003620",0,0.4,"dataset",0
"4","HRA003620",3482,0.4,"dataset",0.307978064744383
"5","HRA003620",4316,0.4,"dataset",0.389495532894143
"6","HRA003620",0,0.4,"dataset",0
"7","HRA003620",0,0.4,"dataset",0
"8","HRA003620",3628,0.4,"dataset",0.600364057587291
"9","HRA003620",0,0.4,"dataset",0
"singleton","HRA003620",1,0.4,"dataset",1
"0","InhouseData",712,0.4,"dataset",0.0321125744181851
"1","InhouseData",2,0.4,"dataset",0.000111881852763482
"2","InhouseData",13,0.4,"dataset",0.000728168935192965
"3","InhouseData",17729,0.4,"dataset",0.999830814346943
"4","InhouseData",4552,0.4,"dataset",0.402618078896161
"5","InhouseData",244,0.4,"dataset",0.0220196733146828
"6","InhouseData",9240,0.4,"dataset",0.999675430055177
"7","InhouseData",8260,0.4,"dataset",0.999153259949196
"8","InhouseData",41,0.4,"dataset",0.00678470958133377
"9","InhouseData",3172,0.4,"dataset",1
"singleton","InhouseData",0,0.4,"dataset",0
"0","PRJNA662018",5440,0.4,"dataset",0.24535450117265
"1","PRJNA662018",4667,0.4,"dataset",0.261076303423585
"2","PRJNA662018",2176,0.4,"dataset",0.121884277152299
"3","PRJNA662018",0,0.4,"dataset",0
"4","PRJNA662018",1646,0.4,"dataset",0.145586414293296
"5","PRJNA662018",2713,0.4,"dataset",0.244833498781698
"6","PRJNA662018",0,0.4,"dataset",0
"7","PRJNA662018",0,0.4,"dataset",0
"8","PRJNA662018",1077,0.4,"dataset",0.178222737051134
"9","PRJNA662018",0,0.4,"dataset",0
"singleton","PRJNA662018",0,0.4,"dataset",0
"0","CNP0000460_P01N",789,0.4,"orig.ident",0.0355854230561068
"1","CNP0000460_P01N",472,0.4,"orig.ident",0.0264041172521817
"2","CNP0000460_P01N",295,0.4,"orig.ident",0.0165238335293788
"3","CNP0000460_P01N",0,0.4,"orig.ident",0
"4","CNP0000460_P01N",173,0.4,"orig.ident",0.0153016097647267
"5","CNP0000460_P01N",187,0.4,"orig.ident",0.0168757332370725
"6","CNP0000460_P01N",0,0.4,"orig.ident",0
"7","CNP0000460_P01N",0,0.4,"orig.ident",0
"8","CNP0000460_P01N",64,0.4,"orig.ident",0.0105907661757405
"9","CNP0000460_P01N",0,0.4,"orig.ident",0
"singleton","CNP0000460_P01N",0,0.4,"orig.ident",0
"0","CNP0000460_P01T",122,0.4,"orig.ident",0.00550243550423958
"1","CNP0000460_P01T",38,0.4,"orig.ident",0.00212575520250615
"2","CNP0000460_P01T",276,0.4,"orig.ident",0.0154595866240968
"3","CNP0000460_P01T",0,0.4,"orig.ident",0
"4","CNP0000460_P01T",40,0.4,"orig.ident",0.00353794445427207
"5","CNP0000460_P01T",71,0.4,"orig.ident",0.00640736395632163
"6","CNP0000460_P01T",0,0.4,"orig.ident",0
"7","CNP0000460_P01T",0,0.4,"orig.ident",0
"8","CNP0000460_P01T",12,0.4,"orig.ident",0.00198576865795135
"9","CNP0000460_P01T",0,0.4,"orig.ident",0
"singleton","CNP0000460_P01T",0,0.4,"orig.ident",0
"0","CNP0000460_P02N",554,0.4,"orig.ident",0.0249864694208912
"1","CNP0000460_P02N",700,0.4,"orig.ident",0.0391586484672186
"2","CNP0000460_P02N",44,0.4,"orig.ident",0.00246457178065311
"3","CNP0000460_P02N",0,0.4,"orig.ident",0
"4","CNP0000460_P02N",36,0.4,"orig.ident",0.00318415000884486
"5","CNP0000460_P02N",318,0.4,"orig.ident",0.0286977709592997
"6","CNP0000460_P02N",0,0.4,"orig.ident",0
"7","CNP0000460_P02N",0,0.4,"orig.ident",0
"8","CNP0000460_P02N",165,0.4,"orig.ident",0.027304319046831
"9","CNP0000460_P02N",0,0.4,"orig.ident",0
"singleton","CNP0000460_P02N",0,0.4,"orig.ident",0
"0","CNP0000460_P02T",449,0.4,"orig.ident",0.0202507667328162
"1","CNP0000460_P02T",450,0.4,"orig.ident",0.0251734168717834
"2","CNP0000460_P02T",92,0.4,"orig.ident",0.0051531955413656
"3","CNP0000460_P02T",0,0.4,"orig.ident",0
"4","CNP0000460_P02T",65,0.4,"orig.ident",0.00574915973819211
"5","CNP0000460_P02T",569,0.4,"orig.ident",0.0513491562133381
"6","CNP0000460_P02T",0,0.4,"orig.ident",0
"7","CNP0000460_P02T",0,0.4,"orig.ident",0
"8","CNP0000460_P02T",232,0.4,"orig.ident",0.0383915273870594
"9","CNP0000460_P02T",0,0.4,"orig.ident",0
"singleton","CNP0000460_P02T",0,0.4,"orig.ident",0
"0","CNP0000460_P03N",696,0.4,"orig.ident",0.0313909435323832
"1","CNP0000460_P03N",504,0.4,"orig.ident",0.0281942268963974
"2","CNP0000460_P03N",256,0.4,"orig.ident",0.0143393267237999
"3","CNP0000460_P03N",0,0.4,"orig.ident",0
"4","CNP0000460_P03N",191,0.4,"orig.ident",0.0168936847691491
"5","CNP0000460_P03N",361,0.4,"orig.ident",0.0325782871581987
"6","CNP0000460_P03N",0,0.4,"orig.ident",0
"7","CNP0000460_P03N",0,0.4,"orig.ident",0
"8","CNP0000460_P03N",118,0.4,"orig.ident",0.0195267251365216
"9","CNP0000460_P03N",0,0.4,"orig.ident",0
"singleton","CNP0000460_P03N",0,0.4,"orig.ident",0
"0","CNP0000460_P03T",915,0.4,"orig.ident",0.0412682662817969
"1","CNP0000460_P03T",631,0.4,"orig.ident",0.0352987245468785
"2","CNP0000460_P03T",151,0.4,"orig.ident",0.00845796224724136
"3","CNP0000460_P03T",0,0.4,"orig.ident",0
"4","CNP0000460_P03T",173,0.4,"orig.ident",0.0153016097647267
"5","CNP0000460_P03T",232,0.4,"orig.ident",0.0209367385615017
"6","CNP0000460_P03T",0,0.4,"orig.ident",0
"7","CNP0000460_P03T",0,0.4,"orig.ident",0
"8","CNP0000460_P03T",85,0.4,"orig.ident",0.0140658613271554
"9","CNP0000460_P03T",0,0.4,"orig.ident",0
"singleton","CNP0000460_P03T",0,0.4,"orig.ident",0
"0","CNP0000460_P04T",598,0.4,"orig.ident",0.0269709543568465
"1","CNP0000460_P04T",566,0.4,"orig.ident",0.0316625643320653
"2","CNP0000460_P04T",570,0.4,"orig.ident",0.0319274071584608
"3","CNP0000460_P04T",0,0.4,"orig.ident",0
"4","CNP0000460_P04T",148,0.4,"orig.ident",0.0130903944808067
"5","CNP0000460_P04T",367,0.4,"orig.ident",0.0331197545347893
"6","CNP0000460_P04T",0,0.4,"orig.ident",0
"7","CNP0000460_P04T",0,0.4,"orig.ident",0
"8","CNP0000460_P04T",176,0.4,"orig.ident",0.0291246069832864
"9","CNP0000460_P04T",0,0.4,"orig.ident",0
"singleton","CNP0000460_P04T",0,0.4,"orig.ident",0
"0","CNP0000460_P05N",141,0.4,"orig.ident",0.00635937218112935
"1","CNP0000460_P05N",126,0.4,"orig.ident",0.00704855672409935
"2","CNP0000460_P05N",38,0.4,"orig.ident",0.00212849381056405
"3","CNP0000460_P05N",0,0.4,"orig.ident",0
"4","CNP0000460_P05N",35,0.4,"orig.ident",0.00309570139748806
"5","CNP0000460_P05N",55,0.4,"orig.ident",0.00496345095208014
"6","CNP0000460_P05N",0,0.4,"orig.ident",0
"7","CNP0000460_P05N",0,0.4,"orig.ident",0
"8","CNP0000460_P05N",16,0.4,"orig.ident",0.00264769154393513
"9","CNP0000460_P05N",0,0.4,"orig.ident",0
"singleton","CNP0000460_P05N",0,0.4,"orig.ident",0
"0","CNP0000460_P05T",196,0.4,"orig.ident",0.00883997835107343
"1","CNP0000460_P05T",158,0.4,"orig.ident",0.00883866636831506
"2","CNP0000460_P05T",67,0.4,"orig.ident",0.00375287066599451
"3","CNP0000460_P05T",0,0.4,"orig.ident",0
"4","CNP0000460_P05T",38,0.4,"orig.ident",0.00336104723155846
"5","CNP0000460_P05T",243,0.4,"orig.ident",0.0219294287519177
"6","CNP0000460_P05T",0,0.4,"orig.ident",0
"7","CNP0000460_P05T",0,0.4,"orig.ident",0
"8","CNP0000460_P05T",37,0.4,"orig.ident",0.00612278669534999
"9","CNP0000460_P05T",0,0.4,"orig.ident",0
"singleton","CNP0000460_P05T",0,0.4,"orig.ident",0
"0","CNP0000460_P06T",445,0.4,"orig.ident",0.0200703590113657
"1","CNP0000460_P06T",318,0.4,"orig.ident",0.0177892145893936
"2","CNP0000460_P06T",786,0.4,"orig.ident",0.0440262140816669
"3","CNP0000460_P06T",0,0.4,"orig.ident",0
"4","CNP0000460_P06T",148,0.4,"orig.ident",0.0130903944808067
"5","CNP0000460_P06T",502,0.4,"orig.ident",0.0453027705080769
"6","CNP0000460_P06T",0,0.4,"orig.ident",0
"7","CNP0000460_P06T",0,0.4,"orig.ident",0
"8","CNP0000460_P06T",182,0.4,"orig.ident",0.0301174913122621
"9","CNP0000460_P06T",0,0.4,"orig.ident",0
"singleton","CNP0000460_P06T",0,0.4,"orig.ident",0
"0","CNP0000460_P07N",465,0.4,"orig.ident",0.0209723976186181
"1","CNP0000460_P07N",265,0.4,"orig.ident",0.0148243454911613
"2","CNP0000460_P07N",73,0.4,"orig.ident",0.00408894863608357
"3","CNP0000460_P07N",0,0.4,"orig.ident",0
"4","CNP0000460_P07N",138,0.4,"orig.ident",0.0122059083672386
"5","CNP0000460_P07N",91,0.4,"orig.ident",0.0082122552116235
"6","CNP0000460_P07N",0,0.4,"orig.ident",0
"7","CNP0000460_P07N",0,0.4,"orig.ident",0
"8","CNP0000460_P07N",41,0.4,"orig.ident",0.00678470958133377
"9","CNP0000460_P07N",0,0.4,"orig.ident",0
"singleton","CNP0000460_P07N",0,0.4,"orig.ident",0
"0","CNP0000460_P07T",150,0.4,"orig.ident",0.00676528955439293
"1","CNP0000460_P07T",95,0.4,"orig.ident",0.00531438800626538
"2","CNP0000460_P07T",16,0.4,"orig.ident",0.000896207920237495
"3","CNP0000460_P07T",0,0.4,"orig.ident",0
"4","CNP0000460_P07T",86,0.4,"orig.ident",0.00760658057668495
"5","CNP0000460_P07T",259,0.4,"orig.ident",0.0233733417561592
"6","CNP0000460_P07T",0,0.4,"orig.ident",0
"7","CNP0000460_P07T",0,0.4,"orig.ident",0
"8","CNP0000460_P07T",24,0.4,"orig.ident",0.0039715373159027
"9","CNP0000460_P07T",0,0.4,"orig.ident",0
"singleton","CNP0000460_P07T",0,0.4,"orig.ident",0
"0","GSE326225_BC1",7,0.4,"orig.ident",0.000315713512538337
"1","GSE326225_BC1",0,0.4,"orig.ident",0
"2","GSE326225_BC1",7,0.4,"orig.ident",0.000392090965103904
"3","GSE326225_BC1",0,0.4,"orig.ident",0
"4","GSE326225_BC1",6,0.4,"orig.ident",0.00053069166814081
"5","GSE326225_BC1",4,0.4,"orig.ident",0.000360978251060374
"6","GSE326225_BC1",0,0.4,"orig.ident",0
"7","GSE326225_BC1",0,0.4,"orig.ident",0
"8","GSE326225_BC1",0,0.4,"orig.ident",0
"9","GSE326225_BC1",0,0.4,"orig.ident",0
"singleton","GSE326225_BC1",0,0.4,"orig.ident",0
"0","GSE326225_BC2",7,0.4,"orig.ident",0.000315713512538337
"1","GSE326225_BC2",2,0.4,"orig.ident",0.000111881852763482
"2","GSE326225_BC2",9,0.4,"orig.ident",0.000504116955133591
"3","GSE326225_BC2",0,0.4,"orig.ident",0
"4","GSE326225_BC2",12,0.4,"orig.ident",0.00106138333628162
"5","GSE326225_BC2",2,0.4,"orig.ident",0.000180489125530187
"6","GSE326225_BC2",0,0.4,"orig.ident",0
"7","GSE326225_BC2",0,0.4,"orig.ident",0
"8","GSE326225_BC2",0,0.4,"orig.ident",0
"9","GSE326225_BC2",0,0.4,"orig.ident",0
"singleton","GSE326225_BC2",0,0.4,"orig.ident",0
"0","GSE326225_BC3",68,0.4,"orig.ident",0.00306693126465813
"1","GSE326225_BC3",28,0.4,"orig.ident",0.00156634593868874
"2","GSE326225_BC3",12,0.4,"orig.ident",0.000672155940178121
"3","GSE326225_BC3",3,0.4,"orig.ident",0.000169185653056621
"4","GSE326225_BC3",13,0.4,"orig.ident",0.00114983194763842
"5","GSE326225_BC3",26,0.4,"orig.ident",0.00234635863189243
"6","GSE326225_BC3",0,0.4,"orig.ident",0
"7","GSE326225_BC3",5,0.4,"orig.ident",0.000604814322003145
"8","GSE326225_BC3",3,0.4,"orig.ident",0.000496442164487837
"9","GSE326225_BC3",0,0.4,"orig.ident",0
"singleton","GSE326225_BC3",0,0.4,"orig.ident",0
"0","GSE326225_BC4",634,0.4,"orig.ident",0.0285946238499008
"1","GSE326225_BC4",52,0.4,"orig.ident",0.00290892817185053
"2","GSE326225_BC4",1452,0.4,"orig.ident",0.0813308687615527
"3","GSE326225_BC4",0,0.4,"orig.ident",0
"4","GSE326225_BC4",213,0.4,"orig.ident",0.0188395542189988
"5","GSE326225_BC4",348,0.4,"orig.ident",0.0314051078422525
"6","GSE326225_BC4",1,0.4,"orig.ident",0.000108189981607703
"7","GSE326225_BC4",0,0.4,"orig.ident",0
"8","GSE326225_BC4",100,0.4,"orig.ident",0.0165480721495946
"9","GSE326225_BC4",0,0.4,"orig.ident",0
"singleton","GSE326225_BC4",0,0.4,"orig.ident",0
"0","GSE326225_BC5",0,0.4,"orig.ident",0
"1","GSE326225_BC5",1,0.4,"orig.ident",5.59409263817409e-05
"2","GSE326225_BC5",1,0.4,"orig.ident",5.60129950148434e-05
"3","GSE326225_BC5",0,0.4,"orig.ident",0
"4","GSE326225_BC5",1,0.4,"orig.ident",8.84486113568017e-05
"5","GSE326225_BC5",0,0.4,"orig.ident",0
"6","GSE326225_BC5",0,0.4,"orig.ident",0
"7","GSE326225_BC5",0,0.4,"orig.ident",0
"8","GSE326225_BC5",0,0.4,"orig.ident",0
"9","GSE326225_BC5",0,0.4,"orig.ident",0
"singleton","GSE326225_BC5",0,0.4,"orig.ident",0
"0","GSE326225_BC6",166,0.4,"orig.ident",0.00748692044019484
"1","GSE326225_BC6",49,0.4,"orig.ident",0.0027411053927053
"2","GSE326225_BC6",95,0.4,"orig.ident",0.00532123452641013
"3","GSE326225_BC6",0,0.4,"orig.ident",0
"4","GSE326225_BC6",43,0.4,"orig.ident",0.00380329028834247
"5","GSE326225_BC6",125,0.4,"orig.ident",0.0112805703456367
"6","GSE326225_BC6",2,0.4,"orig.ident",0.000216379963215406
"7","GSE326225_BC6",0,0.4,"orig.ident",0
"8","GSE326225_BC6",32,0.4,"orig.ident",0.00529538308787026
"9","GSE326225_BC6",0,0.4,"orig.ident",0
"singleton","GSE326225_BC6",0,0.4,"orig.ident",0
"0","GSE326225_BC7",145,0.4,"orig.ident",0.00653977990257983
"1","GSE326225_BC7",50,0.4,"orig.ident",0.00279704631908704
"2","GSE326225_BC7",40,0.4,"orig.ident",0.00224051980059374
"3","GSE326225_BC7",0,0.4,"orig.ident",0
"4","GSE326225_BC7",13,0.4,"orig.ident",0.00114983194763842
"5","GSE326225_BC7",7,0.4,"orig.ident",0.000631711939355654
"6","GSE326225_BC7",0,0.4,"orig.ident",0
"7","GSE326225_BC7",0,0.4,"orig.ident",0
"8","GSE326225_BC7",0,0.4,"orig.ident",0
"9","GSE326225_BC7",0,0.4,"orig.ident",0
"singleton","GSE326225_BC7",0,0.4,"orig.ident",0
"0","GSE326225_BC8",186,0.4,"orig.ident",0.00838895904744723
"1","GSE326225_BC8",118,0.4,"orig.ident",0.00660102931304542
"2","GSE326225_BC8",52,0.4,"orig.ident",0.00291267574077186
"3","GSE326225_BC8",0,0.4,"orig.ident",0
"4","GSE326225_BC8",54,0.4,"orig.ident",0.00477622501326729
"5","GSE326225_BC8",41,0.4,"orig.ident",0.00370002707336883
"6","GSE326225_BC8",0,0.4,"orig.ident",0
"7","GSE326225_BC8",2,0.4,"orig.ident",0.000241925728801258
"8","GSE326225_BC8",10,0.4,"orig.ident",0.00165480721495946
"9","GSE326225_BC8",0,0.4,"orig.ident",0
"singleton","GSE326225_BC8",0,0.4,"orig.ident",0
"0","HRA003620_BC-01",1086,0.4,"orig.ident",0.0489806963738048
"1","HRA003620_BC-01",1145,0.4,"orig.ident",0.0640523607070933
"2","HRA003620_BC-01",1681,0.4,"orig.ident",0.0941578446199518
"3","HRA003620_BC-01",0,0.4,"orig.ident",0
"4","HRA003620_BC-01",357,0.4,"orig.ident",0.0315761542543782
"5","HRA003620_BC-01",1024,0.4,"orig.ident",0.0924104322714557
"6","HRA003620_BC-01",0,0.4,"orig.ident",0
"7","HRA003620_BC-01",0,0.4,"orig.ident",0
"8","HRA003620_BC-01",478,0.4,"orig.ident",0.0790997848750621
"9","HRA003620_BC-01",0,0.4,"orig.ident",0
"singleton","HRA003620_BC-01",0,0.4,"orig.ident",0
"0","HRA003620_BC-04",27,0.4,"orig.ident",0.00121775211979073
"1","HRA003620_BC-04",33,0.4,"orig.ident",0.00184605057059745
"2","HRA003620_BC-04",12,0.4,"orig.ident",0.000672155940178121
"3","HRA003620_BC-04",0,0.4,"orig.ident",0
"4","HRA003620_BC-04",32,0.4,"orig.ident",0.00283035556341765
"5","HRA003620_BC-04",28,0.4,"orig.ident",0.00252684775742262
"6","HRA003620_BC-04",0,0.4,"orig.ident",0
"7","HRA003620_BC-04",0,0.4,"orig.ident",0
"8","HRA003620_BC-04",14,0.4,"orig.ident",0.00231673010094324
"9","HRA003620_BC-04",0,0.4,"orig.ident",0
"singleton","HRA003620_BC-04",0,0.4,"orig.ident",0
"0","HRA003620_BC-05",492,0.4,"orig.ident",0.0221901497384088
"1","HRA003620_BC-05",317,0.4,"orig.ident",0.0177332736630119
"2","HRA003620_BC-05",840,0.4,"orig.ident",0.0470509158124685
"3","HRA003620_BC-05",0,0.4,"orig.ident",0
"4","HRA003620_BC-05",172,0.4,"orig.ident",0.0152131611533699
"5","HRA003620_BC-05",426,0.4,"orig.ident",0.0384441837379298
"6","HRA003620_BC-05",0,0.4,"orig.ident",0
"7","HRA003620_BC-05",0,0.4,"orig.ident",0
"8","HRA003620_BC-05",155,0.4,"orig.ident",0.0256495118318716
"9","HRA003620_BC-05",0,0.4,"orig.ident",0
"singleton","HRA003620_BC-05",0,0.4,"orig.ident",0
"0","HRA003620_BC-11",613,0.4,"orig.ident",0.0276474833122858
"1","HRA003620_BC-11",480,0.4,"orig.ident",0.0268516446632356
"2","HRA003620_BC-11",3597,0.4,"orig.ident",0.201478743068392
"3","HRA003620_BC-11",0,0.4,"orig.ident",0
"4","HRA003620_BC-11",257,0.4,"orig.ident",0.022731293118698
"5","HRA003620_BC-11",812,0.4,"orig.ident",0.0732785849652558
"6","HRA003620_BC-11",0,0.4,"orig.ident",0
"7","HRA003620_BC-11",0,0.4,"orig.ident",0
"8","HRA003620_BC-11",597,0.4,"orig.ident",0.0987919907330796
"9","HRA003620_BC-11",0,0.4,"orig.ident",0
"singleton","HRA003620_BC-11",0,0.4,"orig.ident",0
"0","HRA003620_BC-24",1085,0.4,"orig.ident",0.0489355944434422
"1","HRA003620_BC-24",680,0.4,"orig.ident",0.0380398299395838
"2","HRA003620_BC-24",1442,0.4,"orig.ident",0.0807707388114042
"3","HRA003620_BC-24",0,0.4,"orig.ident",0
"4","HRA003620_BC-24",376,0.4,"orig.ident",0.0332566778701574
"5","HRA003620_BC-24",65,0.4,"orig.ident",0.00586589657973107
"6","HRA003620_BC-24",0,0.4,"orig.ident",0
"7","HRA003620_BC-24",0,0.4,"orig.ident",0
"8","HRA003620_BC-24",161,0.4,"orig.ident",0.0266423961608473
"9","HRA003620_BC-24",0,0.4,"orig.ident",0
"singleton","HRA003620_BC-24",0,0.4,"orig.ident",0
"0","HRA003620_BC-27",539,0.4,"orig.ident",0.0243099404654519
"1","HRA003620_BC-27",556,0.4,"orig.ident",0.0311031550682479
"2","HRA003620_BC-27",567,0.4,"orig.ident",0.0317593681734162
"3","HRA003620_BC-27",0,0.4,"orig.ident",0
"4","HRA003620_BC-27",206,0.4,"orig.ident",0.0182204139395011
"5","HRA003620_BC-27",328,0.4,"orig.ident",0.0296002165869506
"6","HRA003620_BC-27",0,0.4,"orig.ident",0
"7","HRA003620_BC-27",0,0.4,"orig.ident",0
"8","HRA003620_BC-27",348,0.4,"orig.ident",0.0575872910805891
"9","HRA003620_BC-27",0,0.4,"orig.ident",0
"singleton","HRA003620_BC-27",1,0.4,"orig.ident",1
"0","HRA003620_BC-30",1290,0.4,"orig.ident",0.0581814901677792
"1","HRA003620_BC-30",703,0.4,"orig.ident",0.0393264712463638
"2","HRA003620_BC-30",1324,0.4,"orig.ident",0.0741612053996527
"3","HRA003620_BC-30",0,0.4,"orig.ident",0
"4","HRA003620_BC-30",383,0.4,"orig.ident",0.033875818149655
"5","HRA003620_BC-30",332,0.4,"orig.ident",0.029961194838011
"6","HRA003620_BC-30",0,0.4,"orig.ident",0
"7","HRA003620_BC-30",0,0.4,"orig.ident",0
"8","HRA003620_BC-30",412,0.4,"orig.ident",0.0681780572563296
"9","HRA003620_BC-30",0,0.4,"orig.ident",0
"singleton","HRA003620_BC-30",0,0.4,"orig.ident",0
"0","HRA003620_NC-01",85,0.4,"orig.ident",0.00383366408082266
"1","HRA003620_NC-01",255,0.4,"orig.ident",0.0142649362273439
"2","HRA003620_NC-01",83,0.4,"orig.ident",0.00464907858623201
"3","HRA003620_NC-01",0,0.4,"orig.ident",0
"4","HRA003620_NC-01",128,0.4,"orig.ident",0.0113214222536706
"5","HRA003620_NC-01",73,0.4,"orig.ident",0.00658785308185182
"6","HRA003620_NC-01",0,0.4,"orig.ident",0
"7","HRA003620_NC-01",0,0.4,"orig.ident",0
"8","HRA003620_NC-01",39,0.4,"orig.ident",0.00645374813834188
"9","HRA003620_NC-01",0,0.4,"orig.ident",0
"singleton","HRA003620_NC-01",0,0.4,"orig.ident",0
"0","HRA003620_NC-04",92,0.4,"orig.ident",0.004149377593361
"1","HRA003620_NC-04",138,0.4,"orig.ident",0.00771984784068024
"2","HRA003620_NC-04",18,0.4,"orig.ident",0.00100823391026718
"3","HRA003620_NC-04",0,0.4,"orig.ident",0
"4","HRA003620_NC-04",65,0.4,"orig.ident",0.00574915973819211
"5","HRA003620_NC-04",17,0.4,"orig.ident",0.00153415756700659
"6","HRA003620_NC-04",0,0.4,"orig.ident",0
"7","HRA003620_NC-04",0,0.4,"orig.ident",0
"8","HRA003620_NC-04",60,0.4,"orig.ident",0.00992884328975674
"9","HRA003620_NC-04",0,0.4,"orig.ident",0
"singleton","HRA003620_NC-04",0,0.4,"orig.ident",0
"0","HRA003620_NC-05",600,0.4,"orig.ident",0.0270611582175717
"1","HRA003620_NC-05",312,0.4,"orig.ident",0.0174535690311032
"2","HRA003620_NC-05",466,0.4,"orig.ident",0.026102055676917
"3","HRA003620_NC-05",0,0.4,"orig.ident",0
"4","HRA003620_NC-05",180,0.4,"orig.ident",0.0159207500442243
"5","HRA003620_NC-05",428,0.4,"orig.ident",0.03862467286346
"6","HRA003620_NC-05",0,0.4,"orig.ident",0
"7","HRA003620_NC-05",0,0.4,"orig.ident",0
"8","HRA003620_NC-05",212,0.4,"orig.ident",0.0350819129571405
"9","HRA003620_NC-05",0,0.4,"orig.ident",0
"singleton","HRA003620_NC-05",0,0.4,"orig.ident",0
"0","HRA003620_NC-11",566,0.4,"orig.ident",0.0255276925852426
"1","HRA003620_NC-11",607,0.4,"orig.ident",0.0339561423137167
"2","HRA003620_NC-11",654,0.4,"orig.ident",0.0366324987397076
"3","HRA003620_NC-11",0,0.4,"orig.ident",0
"4","HRA003620_NC-11",648,0.4,"orig.ident",0.0573147001592075
"5","HRA003620_NC-11",314,0.4,"orig.ident",0.0283367927082393
"6","HRA003620_NC-11",0,0.4,"orig.ident",0
"7","HRA003620_NC-11",0,0.4,"orig.ident",0
"8","HRA003620_NC-11",841,0.4,"orig.ident",0.13916928677809
"9","HRA003620_NC-11",0,0.4,"orig.ident",0
"singleton","HRA003620_NC-11",0,0.4,"orig.ident",0
"0","HRA003620_NC-24",604,0.4,"orig.ident",0.0272415659390222
"1","HRA003620_NC-24",594,0.4,"orig.ident",0.0332289102707541
"2","HRA003620_NC-24",227,0.4,"orig.ident",0.0127149498683695
"3","HRA003620_NC-24",0,0.4,"orig.ident",0
"4","HRA003620_NC-24",51,0.4,"orig.ident",0.00451087917919689
"5","HRA003620_NC-24",9,0.4,"orig.ident",0.000812201064885841
"6","HRA003620_NC-24",0,0.4,"orig.ident",0
"7","HRA003620_NC-24",0,0.4,"orig.ident",0
"8","HRA003620_NC-24",9,0.4,"orig.ident",0.00148932649346351
"9","HRA003620_NC-24",0,0.4,"orig.ident",0
"singleton","HRA003620_NC-24",0,0.4,"orig.ident",0
"0","HRA003620_NC-27",1373,0.4,"orig.ident",0.0619249503878766
"1","HRA003620_NC-27",1153,0.4,"orig.ident",0.0644998881181472
"2","HRA003620_NC-27",296,0.4,"orig.ident",0.0165798465243937
"3","HRA003620_NC-27",0,0.4,"orig.ident",0
"4","HRA003620_NC-27",254,0.4,"orig.ident",0.0224659472846276
"5","HRA003620_NC-27",24,0.4,"orig.ident",0.00216586950636224
"6","HRA003620_NC-27",0,0.4,"orig.ident",0
"7","HRA003620_NC-27",0,0.4,"orig.ident",0
"8","HRA003620_NC-27",37,0.4,"orig.ident",0.00612278669534999
"9","HRA003620_NC-27",0,0.4,"orig.ident",0
"singleton","HRA003620_NC-27",0,0.4,"orig.ident",0
"0","HRA003620_NC-30",835,0.4,"orig.ident",0.0376601118527873
"1","HRA003620_NC-30",1611,0.4,"orig.ident",0.0901208324009846
"2","HRA003620_NC-30",125,0.4,"orig.ident",0.00700162437685543
"3","HRA003620_NC-30",0,0.4,"orig.ident",0
"4","HRA003620_NC-30",373,0.4,"orig.ident",0.032991332036087
"5","HRA003620_NC-30",436,0.4,"orig.ident",0.0393466293655807
"6","HRA003620_NC-30",0,0.4,"orig.ident",0
"7","HRA003620_NC-30",0,0.4,"orig.ident",0
"8","HRA003620_NC-30",265,0.4,"orig.ident",0.0438523911964256
"9","HRA003620_NC-30",0,0.4,"orig.ident",0
"singleton","HRA003620_NC-30",0,0.4,"orig.ident",0
"0","PRJNA662018_PRJNA662018_P1N1",483,0.4,"orig.ident",0.0217842323651452
"1","PRJNA662018_PRJNA662018_P1N1",536,0.4,"orig.ident",0.0299843365406131
"2","PRJNA662018_PRJNA662018_P1N1",75,0.4,"orig.ident",0.00420097462611326
"3","PRJNA662018_PRJNA662018_P1N1",0,0.4,"orig.ident",0
"4","PRJNA662018_PRJNA662018_P1N1",181,0.4,"orig.ident",0.0160091986555811
"5","PRJNA662018_PRJNA662018_P1N1",210,0.4,"orig.ident",0.0189513581806696
"6","PRJNA662018_PRJNA662018_P1N1",0,0.4,"orig.ident",0
"7","PRJNA662018_PRJNA662018_P1N1",0,0.4,"orig.ident",0
"8","PRJNA662018_PRJNA662018_P1N1",99,0.4,"orig.ident",0.0163825914280986
"9","PRJNA662018_PRJNA662018_P1N1",0,0.4,"orig.ident",0
"singleton","PRJNA662018_PRJNA662018_P1N1",0,0.4,"orig.ident",0
"0","PRJNA662018_PRJNA662018_P1T1",882,0.4,"orig.ident",0.0397799025798304
"1","PRJNA662018_PRJNA662018_P1T1",938,0.4,"orig.ident",0.0524725889460729
"2","PRJNA662018_PRJNA662018_P1T1",293,0.4,"orig.ident",0.0164118075393491
"3","PRJNA662018_PRJNA662018_P1T1",0,0.4,"orig.ident",0
"4","PRJNA662018_PRJNA662018_P1T1",339,0.4,"orig.ident",0.0299840792499558
"5","PRJNA662018_PRJNA662018_P1T1",265,0.4,"orig.ident",0.0239148091327498
"6","PRJNA662018_PRJNA662018_P1T1",0,0.4,"orig.ident",0
"7","PRJNA662018_PRJNA662018_P1T1",0,0.4,"orig.ident",0
"8","PRJNA662018_PRJNA662018_P1T1",178,0.4,"orig.ident",0.0294555684262783
"9","PRJNA662018_PRJNA662018_P1T1",0,0.4,"orig.ident",0
"singleton","PRJNA662018_PRJNA662018_P1T1",0,0.4,"orig.ident",0
"0","PRJNA662018_PRJNA662018_P2T2",1021,0.4,"orig.ident",0.0460490709002345
"1","PRJNA662018_PRJNA662018_P2T2",971,0.4,"orig.ident",0.0543186395166704
"2","PRJNA662018_PRJNA662018_P2T2",602,0.4,"orig.ident",0.0337198229989358
"3","PRJNA662018_PRJNA662018_P2T2",0,0.4,"orig.ident",0
"4","PRJNA662018_PRJNA662018_P2T2",470,0.4,"orig.ident",0.0415708473376968
"5","PRJNA662018_PRJNA662018_P2T2",591,0.4,"orig.ident",0.0533345365941702
"6","PRJNA662018_PRJNA662018_P2T2",0,0.4,"orig.ident",0
"7","PRJNA662018_PRJNA662018_P2T2",0,0.4,"orig.ident",0
"8","PRJNA662018_PRJNA662018_P2T2",237,0.4,"orig.ident",0.0392189309945391
"9","PRJNA662018_PRJNA662018_P2T2",0,0.4,"orig.ident",0
"singleton","PRJNA662018_PRJNA662018_P2T2",0,0.4,"orig.ident",0
"0","PRJNA662018_PRJNA662018_P3N3",904,0.4,"orig.ident",0.040772145047808
"1","PRJNA662018_PRJNA662018_P3N3",773,0.4,"orig.ident",0.0432423360930857
"2","PRJNA662018_PRJNA662018_P3N3",91,0.4,"orig.ident",0.00509718254635075
"3","PRJNA662018_PRJNA662018_P3N3",0,0.4,"orig.ident",0
"4","PRJNA662018_PRJNA662018_P3N3",105,0.4,"orig.ident",0.00928710419246418
"5","PRJNA662018_PRJNA662018_P3N3",120,0.4,"orig.ident",0.0108293475318112
"6","PRJNA662018_PRJNA662018_P3N3",0,0.4,"orig.ident",0
"7","PRJNA662018_PRJNA662018_P3N3",0,0.4,"orig.ident",0
"8","PRJNA662018_PRJNA662018_P3N3",105,0.4,"orig.ident",0.0173754757570743
"9","PRJNA662018_PRJNA662018_P3N3",0,0.4,"orig.ident",0
"singleton","PRJNA662018_PRJNA662018_P3N3",0,0.4,"orig.ident",0
"0","PRJNA662018_PRJNA662018_P3T3",560,0.4,"orig.ident",0.0252570810030669
"1","PRJNA662018_PRJNA662018_P3T3",368,0.4,"orig.ident",0.0205862609084806
"2","PRJNA662018_PRJNA662018_P3T3",157,0.4,"orig.ident",0.00879404021733042
"3","PRJNA662018_PRJNA662018_P3T3",0,0.4,"orig.ident",0
"4","PRJNA662018_PRJNA662018_P3T3",135,0.4,"orig.ident",0.0119405625331682
"5","PRJNA662018_PRJNA662018_P3T3",446,0.4,"orig.ident",0.0402490749932317
"6","PRJNA662018_PRJNA662018_P3T3",0,0.4,"orig.ident",0
"7","PRJNA662018_PRJNA662018_P3T3",0,0.4,"orig.ident",0
"8","PRJNA662018_PRJNA662018_P3T3",162,0.4,"orig.ident",0.0268078768823432
"9","PRJNA662018_PRJNA662018_P3T3",0,0.4,"orig.ident",0
"singleton","PRJNA662018_PRJNA662018_P3T3",0,0.4,"orig.ident",0
"0","PRJNA662018_PRJNA662018_P4T4",597,0.4,"orig.ident",0.0269258524264839
"1","PRJNA662018_PRJNA662018_P4T4",248,0.4,"orig.ident",0.0138733497426717
"2","PRJNA662018_PRJNA662018_P4T4",837,0.4,"orig.ident",0.046882876827424
"3","PRJNA662018_PRJNA662018_P4T4",0,0.4,"orig.ident",0
"4","PRJNA662018_PRJNA662018_P4T4",271,0.4,"orig.ident",0.0239695736776933
"5","PRJNA662018_PRJNA662018_P4T4",428,0.4,"orig.ident",0.03862467286346
"6","PRJNA662018_PRJNA662018_P4T4",0,0.4,"orig.ident",0
"7","PRJNA662018_PRJNA662018_P4T4",0,0.4,"orig.ident",0
"8","PRJNA662018_PRJNA662018_P4T4",145,0.4,"orig.ident",0.0239947046169121
"9","PRJNA662018_PRJNA662018_P4T4",0,0.4,"orig.ident",0
"singleton","PRJNA662018_PRJNA662018_P4T4",0,0.4,"orig.ident",0
"0","PRJNA662018_PRJNA662018_P5T5",101,0.4,"orig.ident",0.00455529496662457
"1","PRJNA662018_PRJNA662018_P5T5",30,0.4,"orig.ident",0.00167822779145223
"2","PRJNA662018_PRJNA662018_P5T5",11,0.4,"orig.ident",0.000616142945163278
"3","PRJNA662018_PRJNA662018_P5T5",0,0.4,"orig.ident",0
"4","PRJNA662018_PRJNA662018_P5T5",3,0.4,"orig.ident",0.000265345834070405
"5","PRJNA662018_PRJNA662018_P5T5",5,0.4,"orig.ident",0.000451222813825467
"6","PRJNA662018_PRJNA662018_P5T5",0,0.4,"orig.ident",0
"7","PRJNA662018_PRJNA662018_P5T5",0,0.4,"orig.ident",0
"8","PRJNA662018_PRJNA662018_P5T5",5,0.4,"orig.ident",0.000827403607479729
"9","PRJNA662018_PRJNA662018_P5T5",0,0.4,"orig.ident",0
"singleton","PRJNA662018_PRJNA662018_P5T5",0,0.4,"orig.ident",0
"0","PRJNA662018_PRJNA662018_P6N2",506,0.4,"orig.ident",0.0228215767634855
"1","PRJNA662018_PRJNA662018_P6N2",483,0.4,"orig.ident",0.0270194674423808
"2","PRJNA662018_PRJNA662018_P6N2",47,0.4,"orig.ident",0.00263261076569764
"3","PRJNA662018_PRJNA662018_P6N2",0,0.4,"orig.ident",0
"4","PRJNA662018_PRJNA662018_P6N2",95,0.4,"orig.ident",0.00840261807889616
"5","PRJNA662018_PRJNA662018_P6N2",365,0.4,"orig.ident",0.0329392654092591
"6","PRJNA662018_PRJNA662018_P6N2",0,0.4,"orig.ident",0
"7","PRJNA662018_PRJNA662018_P6N2",0,0.4,"orig.ident",0
"8","PRJNA662018_PRJNA662018_P6N2",106,0.4,"orig.ident",0.0175409564785702
"9","PRJNA662018_PRJNA662018_P6N2",0,0.4,"orig.ident",0
"singleton","PRJNA662018_PRJNA662018_P6N2",0,0.4,"orig.ident",0
"0","PRJNA662018_PRJNA662018_P6T6",13,0.4,"orig.ident",0.000586325094714054
"1","PRJNA662018_PRJNA662018_P6T6",11,0.4,"orig.ident",0.00061535019019915
"2","PRJNA662018_PRJNA662018_P6T6",0,0.4,"orig.ident",0
"3","PRJNA662018_PRJNA662018_P6T6",0,0.4,"orig.ident",0
"4","PRJNA662018_PRJNA662018_P6T6",3,0.4,"orig.ident",0.000265345834070405
"5","PRJNA662018_PRJNA662018_P6T6",1,0.4,"orig.ident",9.02445627650934e-05
"6","PRJNA662018_PRJNA662018_P6T6",0,0.4,"orig.ident",0
"7","PRJNA662018_PRJNA662018_P6T6",0,0.4,"orig.ident",0
"8","PRJNA662018_PRJNA662018_P6T6",1,0.4,"orig.ident",0.000165480721495946
"9","PRJNA662018_PRJNA662018_P6T6",0,0.4,"orig.ident",0
"singleton","PRJNA662018_PRJNA662018_P6T6",0,0.4,"orig.ident",0
"0","PRJNA662018_PRJNA662018_P7T7",371,0.4,"orig.ident",0.0167328161645318
"1","PRJNA662018_PRJNA662018_P7T7",308,0.4,"orig.ident",0.0172298053255762
"2","PRJNA662018_PRJNA662018_P7T7",63,0.4,"orig.ident",0.00352881868593514
"3","PRJNA662018_PRJNA662018_P7T7",0,0.4,"orig.ident",0
"4","PRJNA662018_PRJNA662018_P7T7",38,0.4,"orig.ident",0.00336104723155846
"5","PRJNA662018_PRJNA662018_P7T7",272,0.4,"orig.ident",0.0245465210721054
"6","PRJNA662018_PRJNA662018_P7T7",0,0.4,"orig.ident",0
"7","PRJNA662018_PRJNA662018_P7T7",0,0.4,"orig.ident",0
"8","PRJNA662018_PRJNA662018_P7T7",37,0.4,"orig.ident",0.00612278669534999
"9","PRJNA662018_PRJNA662018_P7T7",0,0.4,"orig.ident",0
"singleton","PRJNA662018_PRJNA662018_P7T7",0,0.4,"orig.ident",0
"0","PRJNA662018_PRJNA662018_P8T8",2,0.4,"orig.ident",9.0203860725239e-05
"1","PRJNA662018_PRJNA662018_P8T8",1,0.4,"orig.ident",5.59409263817409e-05
"2","PRJNA662018_PRJNA662018_P8T8",0,0.4,"orig.ident",0
"3","PRJNA662018_PRJNA662018_P8T8",0,0.4,"orig.ident",0
"4","PRJNA662018_PRJNA662018_P8T8",6,0.4,"orig.ident",0.00053069166814081
"5","PRJNA662018_PRJNA662018_P8T8",10,0.4,"orig.ident",0.000902445627650934
"6","PRJNA662018_PRJNA662018_P8T8",0,0.4,"orig.ident",0
"7","PRJNA662018_PRJNA662018_P8T8",0,0.4,"orig.ident",0
"8","PRJNA662018_PRJNA662018_P8T8",2,0.4,"orig.ident",0.000330961442991891
"9","PRJNA662018_PRJNA662018_P8T8",0,0.4,"orig.ident",0
"singleton","PRJNA662018_PRJNA662018_P8T8",0,0.4,"orig.ident",0
"0","T4091568",37,0.4,"orig.ident",0.00166877142341692
"1","T4091568",0,0.4,"orig.ident",0
"2","T4091568",0,0.4,"orig.ident",0
"3","T4091568",1106,0.4,"orig.ident",0.0623731107602075
"4","T4091568",182,0.4,"orig.ident",0.0160976472669379
"5","T4091568",8,0.4,"orig.ident",0.000721956502120747
"6","T4091568",354,0.4,"orig.ident",0.0382992534891269
"7","T4091568",649,0.4,"orig.ident",0.0785048989960082
"8","T4091568",0,0.4,"orig.ident",0
"9","T4091568",114,0.4,"orig.ident",0.0359394703656999
"singleton","T4091568",0,0.4,"orig.ident",0
"0","T4295396",26,0.4,"orig.ident",0.00117265018942811
"1","T4295396",0,0.4,"orig.ident",0
"2","T4295396",0,0.4,"orig.ident",0
"3","T4295396",1717,0.4,"orig.ident",0.0968305887660726
"4","T4295396",351,0.4,"orig.ident",0.0310454625862374
"5","T4295396",6,0.4,"orig.ident",0.00054146737659056
"6","T4295396",787,0.4,"orig.ident",0.0851455155252624
"7","T4295396",843,0.4,"orig.ident",0.10197169468973
"8","T4295396",12,0.4,"orig.ident",0.00198576865795135
"9","T4295396",758,0.4,"orig.ident",0.238965952080706
"singleton","T4295396",0,0.4,"orig.ident",0
"0","T4380845",14,0.4,"orig.ident",0.000631427025076673
"1","T4380845",0,0.4,"orig.ident",0
"2","T4380845",0,0.4,"orig.ident",0
"3","T4380845",1106,0.4,"orig.ident",0.0623731107602075
"4","T4380845",164,0.4,"orig.ident",0.0145055722625155
"5","T4380845",4,0.4,"orig.ident",0.000360978251060374
"6","T4380845",302,0.4,"orig.ident",0.0326733744455263
"7","T4380845",280,0.4,"orig.ident",0.0338696020321761
"8","T4380845",3,0.4,"orig.ident",0.000496442164487837
"9","T4380845",172,0.4,"orig.ident",0.0542244640605296
"singleton","T4380845",0,0.4,"orig.ident",0
"0","T4398343",51,0.4,"orig.ident",0.0023001984484936
"1","T4398343",0,0.4,"orig.ident",0
"2","T4398343",2,0.4,"orig.ident",0.000112025990029687
"3","T4398343",1457,0.4,"orig.ident",0.0821678321678322
"4","T4398343",686,0.4,"orig.ident",0.060675747390766
"5","T4398343",17,0.4,"orig.ident",0.00153415756700659
"6","T4398343",1665,0.4,"orig.ident",0.180136319376826
"7","T4398343",982,0.4,"orig.ident",0.118785532841418
"8","T4398343",6,0.4,"orig.ident",0.000992884328975674
"9","T4398343",610,0.4,"orig.ident",0.192307692307692
"singleton","T4398343",0,0.4,"orig.ident",0
"0","T4450398",122,0.4,"orig.ident",0.00550243550423958
"1","T4450398",0,0.4,"orig.ident",0
"2","T4450398",0,0.4,"orig.ident",0
"3","T4450398",3049,0.4,"orig.ident",0.171949018723212
"4","T4450398",279,0.4,"orig.ident",0.0246771625685477
"5","T4450398",34,0.4,"orig.ident",0.00306831513401318
"6","T4450398",930,0.4,"orig.ident",0.100616682895164
"7","T4450398",1257,0.4,"orig.ident",0.152050320551591
"8","T4450398",0,0.4,"orig.ident",0
"9","T4450398",300,0.4,"orig.ident",0.094577553593947
"singleton","T4450398",0,0.4,"orig.ident",0
"0","T4463209a",29,0.4,"orig.ident",0.00130795598051597
"1","T4463209a",0,0.4,"orig.ident",0
"2","T4463209a",0,0.4,"orig.ident",0
"3","T4463209a",1593,0.4,"orig.ident",0.0898375817730656
"4","T4463209a",623,0.4,"orig.ident",0.0551034848752875
"5","T4463209a",39,0.4,"orig.ident",0.00351953794783864
"6","T4463209a",1550,0.4,"orig.ident",0.16769447149194
"7","T4463209a",318,0.4,"orig.ident",0.0384661908794
"8","T4463209a",8,0.4,"orig.ident",0.00132384577196757
"9","T4463209a",487,0.4,"orig.ident",0.153530895334174
"singleton","T4463209a",0,0.4,"orig.ident",0
"0","T4463209b",35,0.4,"orig.ident",0.00157856756269168
"1","T4463209b",0,0.4,"orig.ident",0
"2","T4463209b",0,0.4,"orig.ident",0
"3","T4463209b",1113,0.4,"orig.ident",0.0627678772840063
"4","T4463209b",392,0.4,"orig.ident",0.0346718556518663
"5","T4463209b",15,0.4,"orig.ident",0.0013536684414764
"6","T4463209b",486,0.4,"orig.ident",0.0525803310613437
"7","T4463209b",532,0.4,"orig.ident",0.0643522438611346
"8","T4463209b",2,0.4,"orig.ident",0.000330961442991891
"9","T4463209b",257,0.4,"orig.ident",0.0810214375788146
"singleton","T4463209b",0,0.4,"orig.ident",0
"0","T4465219",170,0.4,"orig.ident",0.00766732816164532
"1","T4465219",1,0.4,"orig.ident",5.59409263817409e-05
"2","T4465219",10,0.4,"orig.ident",0.000560129950148434
"3","T4465219",283,0.4,"orig.ident",0.0159598466050079
"4","T4465219",571,0.4,"orig.ident",0.0505041570847338
"5","T4465219",14,0.4,"orig.ident",0.00126342387871131
"6","T4465219",126,0.4,"orig.ident",0.0136319376825706
"7","T4465219",171,0.4,"orig.ident",0.0206846498125076
"8","T4465219",10,0.4,"orig.ident",0.00165480721495946
"9","T4465219",16,0.4,"orig.ident",0.00504413619167718
"singleton","T4465219",0,0.4,"orig.ident",0
"0","T4465935",58,0.4,"orig.ident",0.00261591196103193
"1","T4465935",0,0.4,"orig.ident",0
"2","T4465935",1,0.4,"orig.ident",5.60129950148434e-05
"3","T4465935",635,0.4,"orig.ident",0.0358109632303181
"4","T4465935",194,0.4,"orig.ident",0.0171590306032195
"5","T4465935",27,0.4,"orig.ident",0.00243660319465752
"6","T4465935",813,0.4,"orig.ident",0.0879584550470626
"7","T4465935",882,0.4,"orig.ident",0.106689246401355
"8","T4465935",0,0.4,"orig.ident",0
"9","T4465935",124,0.4,"orig.ident",0.0390920554854981
"singleton","T4465935",0,0.4,"orig.ident",0
"0","T4466585",18,0.4,"orig.ident",0.000811834746527151
"1","T4466585",1,0.4,"orig.ident",5.59409263817409e-05
"2","T4466585",0,0.4,"orig.ident",0
"3","T4466585",374,0.4,"orig.ident",0.0210918114143921
"4","T4466585",60,0.4,"orig.ident",0.0053069166814081
"5","T4466585",5,0.4,"orig.ident",0.000451222813825467
"6","T4466585",225,0.4,"orig.ident",0.0243427458617332
"7","T4466585",440,0.4,"orig.ident",0.0532236603362768
"8","T4466585",0,0.4,"orig.ident",0
"9","T4466585",47,0.4,"orig.ident",0.0148171500630517
"singleton","T4466585",0,0.4,"orig.ident",0
"0","T4469479",52,0.4,"orig.ident",0.00234530037885621
"1","T4469479",0,0.4,"orig.ident",0
"2","T4469479",0,0.4,"orig.ident",0
"3","T4469479",1128,0.4,"orig.ident",0.0636138055492894
"4","T4469479",196,0.4,"orig.ident",0.0173359278259331
"5","T4469479",32,0.4,"orig.ident",0.00288782600848299
"6","T4469479",678,0.4,"orig.ident",0.0733528075300227
"7","T4469479",568,0.4,"orig.ident",0.0687069069795573
"8","T4469479",0,0.4,"orig.ident",0
"9","T4469479",79,0.4,"orig.ident",0.0249054224464061
"singleton","T4469479",0,0.4,"orig.ident",0
"0","T4471438",76,0.4,"orig.ident",0.00342774670755908
"1","T4471438",0,0.4,"orig.ident",0
"2","T4471438",0,0.4,"orig.ident",0
"3","T4471438",3403,0.4,"orig.ident",0.191912925783894
"4","T4471438",544,0.4,"orig.ident",0.0481160445781001
"5","T4471438",28,0.4,"orig.ident",0.00252684775742262
"6","T4471438",946,0.4,"orig.ident",0.102347722600887
"7","T4471438",968,0.4,"orig.ident",0.117092052739809
"8","T4471438",0,0.4,"orig.ident",0
"9","T4471438",110,0.4,"orig.ident",0.0346784363177806
"singleton","T4471438",0,0.4,"orig.ident",0
"0","T8009218",24,0.4,"orig.ident",0.00108244632870287
"1","T8009218",0,0.4,"orig.ident",0
"2","T8009218",0,0.4,"orig.ident",0
"3","T8009218",765,0.4,"orig.ident",0.0431423415294383
"4","T8009218",310,0.4,"orig.ident",0.0274190695206085
"5","T8009218",15,0.4,"orig.ident",0.0013536684414764
"6","T8009218",378,0.4,"orig.ident",0.0408958130477118
"7","T8009218",370,0.4,"orig.ident",0.0447562598282327
"8","T8009218",0,0.4,"orig.ident",0
"9","T8009218",98,0.4,"orig.ident",0.0308953341740227
"singleton","T8009218",0,0.4,"orig.ident",0
"0","MIBC",6672,0.4,"Type",0.300920079379397
"1","MIBC",4062,0.4,"Type",0.227232042962631
"2","MIBC",6617,0.4,"Type",0.370637988013219
"3","MIBC",17732,0.4,"Type",1
"4","MIBC",6192,0.4,"Type",0.547673801521316
"5","MIBC",4145,0.4,"Type",0.374063712661312
"6","MIBC",9243,0.4,"Type",1
"7","MIBC",8267,0.4,"Type",1
"8","MIBC",1747,0.4,"Type",0.289094820453417
"9","MIBC",3172,0.4,"Type",1
"singleton","MIBC",0,0.4,"Type",0
"0","NMIBC",6807,0.4,"Type",0.307008839978351
"1","NMIBC",5285,0.4,"Type",0.295647795927501
"2","NMIBC",8448,0.4,"Type",0.473197781885397
"3","NMIBC",0,0.4,"Type",0
"4","NMIBC",2461,0.4,"Type",0.217672032549089
"5","NMIBC",3928,0.4,"Type",0.354480642541287
"6","NMIBC",0,0.4,"Type",0
"7","NMIBC",0,0.4,"Type",0
"8","NMIBC",2119,0.4,"Type",0.350653648849909
"9","NMIBC",0,0.4,"Type",0
"singleton","NMIBC",1,0.4,"Type",1
"0","Normal",8693,0.4,"Type",0.392071080642251
"1","Normal",8529,0.4,"Type",0.477120161109868
"2","Normal",2788,0.4,"Type",0.156164230101384
"3","Normal",0,0.4,"Type",0
"4","Normal",2653,0.4,"Type",0.234654165929595
"5","Normal",3008,0.4,"Type",0.271455644797401
"6","Normal",0,0.4,"Type",0
"7","Normal",0,0.4,"Type",0
"8","Normal",2177,0.4,"Type",0.360251530696674
"9","Normal",0,0.4,"Type",0
"singleton","Normal",0,0.4,"Type",0
"0","Normal",8693,0.4,"T_stage",0.392071080642251
"1","Normal",8529,0.4,"T_stage",0.477120161109868
"2","Normal",2788,0.4,"T_stage",0.156164230101384
"3","Normal",0,0.4,"T_stage",0
"4","Normal",2653,0.4,"T_stage",0.234654165929595
"5","Normal",3008,0.4,"T_stage",0.271455644797401
"6","Normal",0,0.4,"T_stage",0
"7","Normal",0,0.4,"T_stage",0
"8","Normal",2177,0.4,"T_stage",0.360251530696674
"9","Normal",0,0.4,"T_stage",0
"singleton","Normal",0,0.4,"T_stage",0
"0","T1",3134,0.4,"T_stage",0.14134944975645
"1","T1",2280,0.4,"T_stage",0.127545312150369
"2","T1",2962,0.4,"T_stage",0.165910491233966
"3","T1",0,0.4,"T_stage",0
"4","T1",989,0.4,"T_stage",0.0874756766318769
"5","T1",1386,0.4,"T_stage",0.125078963992419
"6","T1",0,0.4,"T_stage",0
"7","T1",0,0.4,"T_stage",0
"8","T1",800,0.4,"T_stage",0.132384577196757
"9","T1",0,0.4,"T_stage",0
"singleton","T1",1,0.4,"T_stage",1
"0","T2",1290,0.4,"T_stage",0.0581814901677792
"1","T2",648,0.4,"T_stage",0.0362497202953681
"2","T2",448,0.4,"T_stage",0.0250938217666499
"3","T2",11327,0.4,"T_stage",0.638788630724115
"4","T2",3463,0.4,"T_stage",0.306297541128604
"5","T2",1044,0.4,"T_stage",0.0942153235267575
"6","T2",6884,0.4,"T_stage",0.744779833387428
"7","T2",5705,0.4,"T_stage",0.690093141405589
"8","T2",322,0.4,"T_stage",0.0532847923216945
"9","T2",2771,0.4,"T_stage",0.873581336696091
"singleton","T2",0,0.4,"T_stage",0
"0","T3",2998,0.4,"T_stage",0.135215587227133
"1","T3",2414,0.4,"T_stage",0.135041396285522
"2","T3",3575,0.4,"T_stage",0.200246457178065
"3","T3",765,0.4,"T_stage",0.0431423415294383
"4","T3",1198,0.4,"T_stage",0.105961436405448
"5","T3",1738,0.4,"T_stage",0.156845050085732
"6","T3",378,0.4,"T_stage",0.0408958130477118
"7","T3",370,0.4,"T_stage",0.0447562598282327
"8","T3",1066,0.4,"T_stage",0.176402449114678
"9","T3",98,0.4,"T_stage",0.0308953341740227
"singleton","T3",0,0.4,"T_stage",0
"0","T4",684,0.4,"T_stage",0.0308497203680318
"1","T4",350,0.4,"T_stage",0.0195793242336093
"2","T4",852,0.4,"T_stage",0.0477230717526466
"3","T4",5637,0.4,"T_stage",0.317899842093391
"4","T4",1126,0.4,"T_stage",0.0995931363877587
"5","T4",522,0.4,"T_stage",0.0471076617633788
"6","T4",1978,0.4,"T_stage",0.213999783620037
"7","T4",2185,0.4,"T_stage",0.264303858715374
"8","T4",169,0.4,"T_stage",0.0279662419328148
"9","T4",303,0.4,"T_stage",0.0955233291298865
"singleton","T4",0,0.4,"T_stage",0
"0","Ta",613,0.4,"T_stage",0.0276474833122858
"1","Ta",480,0.4,"T_stage",0.0268516446632356
"2","Ta",3597,0.4,"T_stage",0.201478743068392
"3","Ta",0,0.4,"T_stage",0
"4","Ta",257,0.4,"T_stage",0.022731293118698
"5","Ta",812,0.4,"T_stage",0.0732785849652558
"6","Ta",0,0.4,"T_stage",0
"7","Ta",0,0.4,"T_stage",0
"8","Ta",597,0.4,"T_stage",0.0987919907330796
"9","Ta",0,0.4,"T_stage",0
"singleton","Ta",0,0.4,"T_stage",0
"0",NA,4760,0.4,"T_stage",0.214685188526069
"1",NA,3175,0.4,"T_stage",0.177612441262027
"2",NA,3631,0.4,"T_stage",0.203383184898897
"3",NA,3,0.4,"T_stage",0.000169185653056621
"4",NA,1620,0.4,"T_stage",0.143286750398019
"5",NA,2571,0.4,"T_stage",0.232018770869055
"6",NA,3,0.4,"T_stage",0.000324569944823109
"7",NA,7,0.4,"T_stage",0.000846740050804403
"8",NA,912,0.4,"T_stage",0.150918418004303
"9",NA,0,0.4,"T_stage",0
"singleton",NA,0,0.4,"T_stage",0
"0","N0",6917,0.4,"N_stage",0.311970052318239
"1","N0",5287,0.4,"N_stage",0.295759677780264
"2","N0",10011,0.4,"N_stage",0.560746093093598
"3","N0",0,0.4,"N_stage",0
"4","N0",2161,0.4,"N_stage",0.191137449142048
"5","N0",4465,0.4,"N_stage",0.402941972746142
"6","N0",0,0.4,"N_stage",0
"7","N0",0,0.4,"N_stage",0
"8","N0",2582,0.4,"N_stage",0.427271222902532
"9","N0",0,0.4,"N_stage",0
"singleton","N0",1,0.4,"N_stage",1
"0","N2",492,0.4,"N_stage",0.0221901497384088
"1","N2",317,0.4,"N_stage",0.0177332736630119
"2","N2",840,0.4,"N_stage",0.0470509158124685
"3","N2",0,0.4,"N_stage",0
"4","N2",172,0.4,"N_stage",0.0152131611533699
"5","N2",426,0.4,"N_stage",0.0384441837379298
"6","N2",0,0.4,"N_stage",0
"7","N2",0,0.4,"N_stage",0
"8","N2",155,0.4,"N_stage",0.0256495118318716
"9","N2",0,0.4,"N_stage",0
"singleton","N2",0,0.4,"N_stage",0
"0","N3",598,0.4,"N_stage",0.0269709543568465
"1","N3",566,0.4,"N_stage",0.0316625643320653
"2","N3",570,0.4,"N_stage",0.0319274071584608
"3","N3",0,0.4,"N_stage",0
"4","N3",148,0.4,"N_stage",0.0130903944808067
"5","N3",367,0.4,"N_stage",0.0331197545347893
"6","N3",0,0.4,"N_stage",0
"7","N3",0,0.4,"N_stage",0
"8","N3",176,0.4,"N_stage",0.0291246069832864
"9","N3",0,0.4,"N_stage",0
"singleton","N3",0,0.4,"N_stage",0
"0","Normal",8693,0.4,"N_stage",0.392071080642251
"1","Normal",8529,0.4,"N_stage",0.477120161109868
"2","Normal",2788,0.4,"N_stage",0.156164230101384
"3","Normal",0,0.4,"N_stage",0
"4","Normal",2653,0.4,"N_stage",0.234654165929595
"5","Normal",3008,0.4,"N_stage",0.271455644797401
"6","Normal",0,0.4,"N_stage",0
"7","Normal",0,0.4,"N_stage",0
"8","Normal",2177,0.4,"N_stage",0.360251530696674
"9","Normal",0,0.4,"N_stage",0
"singleton","Normal",0,0.4,"N_stage",0
"0",NA,5472,0.4,"N_stage",0.246797762944254
"1",NA,3177,0.4,"N_stage",0.177724323114791
"2",NA,3644,0.4,"N_stage",0.20411135383409
"3",NA,17732,0.4,"N_stage",1
"4",NA,6172,0.4,"N_stage",0.54590482929418
"5",NA,2815,0.4,"N_stage",0.254038444183738
"6",NA,9243,0.4,"N_stage",1
"7",NA,8267,0.4,"N_stage",1
"8",NA,953,0.4,"N_stage",0.157703127585636
"9",NA,3172,0.4,"N_stage",1
"singleton",NA,0,0.4,"N_stage",0
"0","M0",7515,0.4,"M_stage",0.338941006675086
"1","M0",5853,0.4,"M_stage",0.327422242112329
"2","M0",10581,0.4,"M_stage",0.592673500252058
"3","M0",0,0.4,"M_stage",0
"4","M0",2309,0.4,"M_stage",0.204227843622855
"5","M0",4832,0.4,"M_stage",0.436061727280931
"6","M0",0,0.4,"M_stage",0
"7","M0",0,0.4,"M_stage",0
"8","M0",2758,0.4,"M_stage",0.456395829885818
"9","M0",0,0.4,"M_stage",0
"singleton","M0",1,0.4,"M_stage",1
"0","Normal",8693,0.4,"M_stage",0.392071080642251
"1","Normal",8529,0.4,"M_stage",0.477120161109868
"2","Normal",2788,0.4,"M_stage",0.156164230101384
"3","Normal",0,0.4,"M_stage",0
"4","Normal",2653,0.4,"M_stage",0.234654165929595
"5","Normal",3008,0.4,"M_stage",0.271455644797401
"6","Normal",0,0.4,"M_stage",0
"7","Normal",0,0.4,"M_stage",0
"8","Normal",2177,0.4,"M_stage",0.360251530696674
"9","Normal",0,0.4,"M_stage",0
"singleton","Normal",0,0.4,"M_stage",0
"0",NA,5964,0.4,"M_stage",0.268987912682663
"1",NA,3494,0.4,"M_stage",0.195457596777803
"2",NA,4484,0.4,"M_stage",0.251162269646558
"3",NA,17732,0.4,"M_stage",1
"4",NA,6344,0.4,"M_stage",0.56111799044755
"5",NA,3241,0.4,"M_stage",0.292482627921668
"6",NA,9243,0.4,"M_stage",1
"7",NA,8267,0.4,"M_stage",1
"8",NA,1108,0.4,"M_stage",0.183352639417508
"9",NA,3172,0.4,"M_stage",1
"singleton",NA,0,0.4,"M_stage",0
"0","CNP0000460",2078,0.8,"dataset",0.14230927270237
"1","CNP0000460",3192,0.8,"dataset",0.276483326115201
"2","CNP0000460",3347,0.8,"dataset",0.294837914023961
"3","CNP0000460",3245,0.8,"dataset",0.294224317707861
"4","CNP0000460",2530,0.8,"dataset",0.238454288407163
"5","CNP0000460",0,0.8,"dataset",0
"6","CNP0000460",0,0.8,"dataset",0
"7","CNP0000460",1345,0.8,"dataset",0.150145121678946
"8","CNP0000460",0,0.8,"dataset",0
"9","CNP0000460",0,0.8,"dataset",0
"10","CNP0000460",654,0.8,"dataset",0.104206500956023
"11","CNP0000460",617,0.8,"dataset",0.122566547477155
"12","CNP0000460",911,0.8,"dataset",0.189791666666667
"13","CNP0000460",0,0.8,"dataset",0
"14","CNP0000460",263,0.8,"dataset",0.192251461988304
"15","CNP0000460",3,0.8,"dataset",0.00397350993377483
"singleton","CNP0000460",0,0.8,"dataset",0
"0","GSE326225",860,0.8,"dataset",0.0588960416381318
"1","GSE326225",890,0.8,"dataset",0.0770896491987874
"2","GSE326225",239,0.8,"dataset",0.0210535588442565
"3","GSE326225",553,0.8,"dataset",0.050140538580107
"4","GSE326225",423,0.8,"dataset",0.0398680490103676
"5","GSE326225",3,0.8,"dataset",0.000324675324675325
"6","GSE326225",3,0.8,"dataset",0.000325874429719748
"7","GSE326225",36,0.8,"dataset",0.00401875418620228
"8","GSE326225",0,0.8,"dataset",0
"9","GSE326225",7,0.8,"dataset",0.000861114528232255
"10","GSE326225",212,0.8,"dataset",0.0337794773741236
"11","GSE326225",143,0.8,"dataset",0.0284068335319825
"12","GSE326225",112,0.8,"dataset",0.0233333333333333
"13","GSE326225",0,0.8,"dataset",0
"14","GSE326225",34,0.8,"dataset",0.0248538011695906
"15","GSE326225",732,0.8,"dataset",0.96953642384106
"singleton","GSE326225",0,0.8,"dataset",0
"0","HRA003620",10024,0.8,"dataset",0.686481303930968
"1","HRA003620",4058,0.8,"dataset",0.351494153313123
"2","HRA003620",4693,0.8,"dataset",0.413407329105003
"3","HRA003620",4285,0.8,"dataset",0.388521171457068
"4","HRA003620",5014,0.8,"dataset",0.472573044297832
"5","HRA003620",0,0.8,"dataset",0
"6","HRA003620",0,0.8,"dataset",0
"7","HRA003620",5358,0.8,"dataset",0.598124581379772
"8","HRA003620",0,0.8,"dataset",0
"9","HRA003620",0,0.8,"dataset",0
"10","HRA003620",1937,0.8,"dataset",0.308636073932441
"11","HRA003620",1548,0.8,"dataset",0.307508939213349
"12","HRA003620",3048,0.8,"dataset",0.635
"13","HRA003620",0,0.8,"dataset",0
"14","HRA003620",652,0.8,"dataset",0.476608187134503
"15","HRA003620",12,0.8,"dataset",0.0158940397350993
"singleton","HRA003620",1,0.8,"dataset",1
"0","InhouseData",1,0.8,"dataset",6.84837693466648e-05
"1","InhouseData",715,0.8,"dataset",0.0619315721091382
"2","InhouseData",1,0.8,"dataset",8.80902043692741e-05
"3","InhouseData",244,0.8,"dataset",0.0221234926103908
"4","InhouseData",9,0.8,"dataset",0.000848256361922714
"5","InhouseData",9237,0.8,"dataset",0.999675324675325
"6","InhouseData",9203,0.8,"dataset",0.99967412557028
"7","InhouseData",0,0.8,"dataset",0
"8","InhouseData",8717,0.8,"dataset",1
"9","InhouseData",8122,0.8,"dataset",0.999138885471768
"10","InhouseData",2486,0.8,"dataset",0.396112173358827
"11","InhouseData",2063,0.8,"dataset",0.409813269765594
"12","InhouseData",11,0.8,"dataset",0.00229166666666667
"13","InhouseData",3124,0.8,"dataset",1
"14","InhouseData",32,0.8,"dataset",0.0233918128654971
"15","InhouseData",0,0.8,"dataset",0
"singleton","InhouseData",0,0.8,"dataset",0
"0","PRJNA662018",1639,0.8,"dataset",0.112244897959184
"1","PRJNA662018",2690,0.8,"dataset",0.233001299263751
"2","PRJNA662018",3072,0.8,"dataset",0.27061310782241
"3","PRJNA662018",2702,0.8,"dataset",0.244990479644573
"4","PRJNA662018",2634,0.8,"dataset",0.248256361922714
"5","PRJNA662018",0,0.8,"dataset",0
"6","PRJNA662018",0,0.8,"dataset",0
"7","PRJNA662018",2219,0.8,"dataset",0.247711542755079
"8","PRJNA662018",0,0.8,"dataset",0
"9","PRJNA662018",0,0.8,"dataset",0
"10","PRJNA662018",987,0.8,"dataset",0.157265774378585
"11","PRJNA662018",663,0.8,"dataset",0.131704410011919
"12","PRJNA662018",718,0.8,"dataset",0.149583333333333
"13","PRJNA662018",0,0.8,"dataset",0
"14","PRJNA662018",387,0.8,"dataset",0.282894736842105
"15","PRJNA662018",8,0.8,"dataset",0.0105960264900662
"singleton","PRJNA662018",0,0.8,"dataset",0
"0","CNP0000460_P01N",181,0.8,"orig.ident",0.0123955622517463
"1","CNP0000460_P01N",550,0.8,"orig.ident",0.0476396708531832
"2","CNP0000460_P01N",354,0.8,"orig.ident",0.031183932346723
"3","CNP0000460_P01N",187,0.8,"orig.ident",0.0169552996645208
"4","CNP0000460_P01N",311,0.8,"orig.ident",0.0293119698397738
"5","CNP0000460_P01N",0,0.8,"orig.ident",0
"6","CNP0000460_P01N",0,0.8,"orig.ident",0
"7","CNP0000460_P01N",159,0.8,"orig.ident",0.0177494976557267
"8","CNP0000460_P01N",0,0.8,"orig.ident",0
"9","CNP0000460_P01N",0,0.8,"orig.ident",0
"10","CNP0000460_P01N",49,0.8,"orig.ident",0.00780752071383047
"11","CNP0000460_P01N",124,0.8,"orig.ident",0.0246324990067541
"12","CNP0000460_P01N",61,0.8,"orig.ident",0.0127083333333333
"13","CNP0000460_P01N",0,0.8,"orig.ident",0
"14","CNP0000460_P01N",4,0.8,"orig.ident",0.00292397660818713
"15","CNP0000460_P01N",0,0.8,"orig.ident",0
"singleton","CNP0000460_P01N",0,0.8,"orig.ident",0
"0","CNP0000460_P01T",216,0.8,"orig.ident",0.0147924941788796
"1","CNP0000460_P01T",134,0.8,"orig.ident",0.0116067561715028
"2","CNP0000460_P01T",29,0.8,"orig.ident",0.00255461592670895
"3","CNP0000460_P01T",71,0.8,"orig.ident",0.00643757366941699
"4","CNP0000460_P01T",35,0.8,"orig.ident",0.00329877474081056
"5","CNP0000460_P01T",0,0.8,"orig.ident",0
"6","CNP0000460_P01T",0,0.8,"orig.ident",0
"7","CNP0000460_P01T",20,0.8,"orig.ident",0.00223264121455682
"8","CNP0000460_P01T",0,0.8,"orig.ident",0
"9","CNP0000460_P01T",0,0.8,"orig.ident",0
"10","CNP0000460_P01T",31,0.8,"orig.ident",0.00493945188017846
"11","CNP0000460_P01T",9,0.8,"orig.ident",0.00178784266984505
"12","CNP0000460_P01T",11,0.8,"orig.ident",0.00229166666666667
"13","CNP0000460_P01T",0,0.8,"orig.ident",0
"14","CNP0000460_P01T",2,0.8,"orig.ident",0.00146198830409357
"15","CNP0000460_P01T",1,0.8,"orig.ident",0.00132450331125828
"singleton","CNP0000460_P01T",0,0.8,"orig.ident",0
"0","CNP0000460_P02N",27,0.8,"orig.ident",0.00184906177235995
"1","CNP0000460_P02N",199,0.8,"orig.ident",0.0172368990905154
"2","CNP0000460_P02N",572,0.8,"orig.ident",0.0503875968992248
"3","CNP0000460_P02N",318,0.8,"orig.ident",0.0288330764348536
"4","CNP0000460_P02N",343,0.8,"orig.ident",0.0323279924599435
"5","CNP0000460_P02N",0,0.8,"orig.ident",0
"6","CNP0000460_P02N",0,0.8,"orig.ident",0
"7","CNP0000460_P02N",152,0.8,"orig.ident",0.0169680732306318
"8","CNP0000460_P02N",0,0.8,"orig.ident",0
"9","CNP0000460_P02N",0,0.8,"orig.ident",0
"10","CNP0000460_P02N",20,0.8,"orig.ident",0.00318674314850223
"11","CNP0000460_P02N",16,0.8,"orig.ident",0.00317838696861343
"12","CNP0000460_P02N",103,0.8,"orig.ident",0.0214583333333333
"13","CNP0000460_P02N",0,0.8,"orig.ident",0
"14","CNP0000460_P02N",67,0.8,"orig.ident",0.0489766081871345
"15","CNP0000460_P02N",0,0.8,"orig.ident",0
"singleton","CNP0000460_P02N",0,0.8,"orig.ident",0
"0","CNP0000460_P02T",50,0.8,"orig.ident",0.00342418846733324
"1","CNP0000460_P02T",319,0.8,"orig.ident",0.0276310090948463
"2","CNP0000460_P02T",401,0.8,"orig.ident",0.0353241719520789
"3","CNP0000460_P02T",568,0.8,"orig.ident",0.0515005893553359
"4","CNP0000460_P02T",180,0.8,"orig.ident",0.0169651272384543
"5","CNP0000460_P02T",0,0.8,"orig.ident",0
"6","CNP0000460_P02T",0,0.8,"orig.ident",0
"7","CNP0000460_P02T",38,0.8,"orig.ident",0.00424201830765796
"8","CNP0000460_P02T",0,0.8,"orig.ident",0
"9","CNP0000460_P02T",0,0.8,"orig.ident",0
"10","CNP0000460_P02T",31,0.8,"orig.ident",0.00493945188017846
"11","CNP0000460_P02T",34,0.8,"orig.ident",0.00675407230830354
"12","CNP0000460_P02T",199,0.8,"orig.ident",0.0414583333333333
"13","CNP0000460_P02T",0,0.8,"orig.ident",0
"14","CNP0000460_P02T",37,0.8,"orig.ident",0.027046783625731
"15","CNP0000460_P02T",0,0.8,"orig.ident",0
"singleton","CNP0000460_P02T",0,0.8,"orig.ident",0
"0","CNP0000460_P03N",141,0.8,"orig.ident",0.00965621147787974
"1","CNP0000460_P03N",493,0.8,"orig.ident",0.042702468601126
"2","CNP0000460_P03N",419,0.8,"orig.ident",0.0369097956307259
"3","CNP0000460_P03N",359,0.8,"orig.ident",0.0325505485538127
"4","CNP0000460_P03N",279,0.8,"orig.ident",0.0262959472196041
"5","CNP0000460_P03N",0,0.8,"orig.ident",0
"6","CNP0000460_P03N",0,0.8,"orig.ident",0
"7","CNP0000460_P03N",123,0.8,"orig.ident",0.0137307434695244
"8","CNP0000460_P03N",0,0.8,"orig.ident",0
"9","CNP0000460_P03N",0,0.8,"orig.ident",0
"10","CNP0000460_P03N",119,0.8,"orig.ident",0.0189611217335883
"11","CNP0000460_P03N",72,0.8,"orig.ident",0.0143027413587604
"12","CNP0000460_P03N",107,0.8,"orig.ident",0.0222916666666667
"13","CNP0000460_P03N",0,0.8,"orig.ident",0
"14","CNP0000460_P03N",14,0.8,"orig.ident",0.010233918128655
"15","CNP0000460_P03N",0,0.8,"orig.ident",0
"singleton","CNP0000460_P03N",0,0.8,"orig.ident",0
"0","CNP0000460_P03T",87,0.8,"orig.ident",0.00595808793315984
"1","CNP0000460_P03T",423,0.8,"orig.ident",0.0366392377652663
"2","CNP0000460_P03T",526,0.8,"orig.ident",0.0463354474982382
"3","CNP0000460_P03T",228,0.8,"orig.ident",0.0206727717834799
"4","CNP0000460_P03T",528,0.8,"orig.ident",0.0497643732327992
"5","CNP0000460_P03T",0,0.8,"orig.ident",0
"6","CNP0000460_P03T",0,0.8,"orig.ident",0
"7","CNP0000460_P03T",136,0.8,"orig.ident",0.0151819602589864
"8","CNP0000460_P03T",0,0.8,"orig.ident",0
"9","CNP0000460_P03T",0,0.8,"orig.ident",0
"10","CNP0000460_P03T",70,0.8,"orig.ident",0.0111536010197578
"11","CNP0000460_P03T",103,0.8,"orig.ident",0.0204608661104489
"12","CNP0000460_P03T",81,0.8,"orig.ident",0.016875
"13","CNP0000460_P03T",0,0.8,"orig.ident",0
"14","CNP0000460_P03T",4,0.8,"orig.ident",0.00292397660818713
"15","CNP0000460_P03T",1,0.8,"orig.ident",0.00132450331125828
"singleton","CNP0000460_P03T",0,0.8,"orig.ident",0
"0","CNP0000460_P04T",535,0.8,"orig.ident",0.0366388166004657
"1","CNP0000460_P04T",241,0.8,"orig.ident",0.0208748375920312
"2","CNP0000460_P04T",326,0.8,"orig.ident",0.0287174066243834
"3","CNP0000460_P04T",367,0.8,"orig.ident",0.0332759089672681
"4","CNP0000460_P04T",262,0.8,"orig.ident",0.024693685202639
"5","CNP0000460_P04T",0,0.8,"orig.ident",0
"6","CNP0000460_P04T",0,0.8,"orig.ident",0
"7","CNP0000460_P04T",365,0.8,"orig.ident",0.040745702165662
"8","CNP0000460_P04T",0,0.8,"orig.ident",0
"9","CNP0000460_P04T",0,0.8,"orig.ident",0
"10","CNP0000460_P04T",82,0.8,"orig.ident",0.0130656469088591
"11","CNP0000460_P04T",66,0.8,"orig.ident",0.0131108462455304
"12","CNP0000460_P04T",129,0.8,"orig.ident",0.026875
"13","CNP0000460_P04T",0,0.8,"orig.ident",0
"14","CNP0000460_P04T",52,0.8,"orig.ident",0.0380116959064327
"15","CNP0000460_P04T",0,0.8,"orig.ident",0
"singleton","CNP0000460_P04T",0,0.8,"orig.ident",0
"0","CNP0000460_P05N",28,0.8,"orig.ident",0.00191754554170662
"1","CNP0000460_P05N",70,0.8,"orig.ident",0.00606323083585968
"2","CNP0000460_P05N",89,0.8,"orig.ident",0.0078400281888654
"3","CNP0000460_P05N",55,0.8,"orig.ident",0.00498685284250612
"4","CNP0000460_P05N",63,0.8,"orig.ident",0.005937794533459
"5","CNP0000460_P05N",0,0.8,"orig.ident",0
"6","CNP0000460_P05N",0,0.8,"orig.ident",0
"7","CNP0000460_P05N",55,0.8,"orig.ident",0.00613976334003126
"8","CNP0000460_P05N",0,0.8,"orig.ident",0
"9","CNP0000460_P05N",0,0.8,"orig.ident",0
"10","CNP0000460_P05N",7,0.8,"orig.ident",0.00111536010197578
"11","CNP0000460_P05N",28,0.8,"orig.ident",0.0055621771950735
"12","CNP0000460_P05N",13,0.8,"orig.ident",0.00270833333333333
"13","CNP0000460_P05N",0,0.8,"orig.ident",0
"14","CNP0000460_P05N",3,0.8,"orig.ident",0.00219298245614035
"15","CNP0000460_P05N",0,0.8,"orig.ident",0
"singleton","CNP0000460_P05N",0,0.8,"orig.ident",0
"0","CNP0000460_P05T",62,0.8,"orig.ident",0.00424599369949322
"1","CNP0000460_P05T",108,0.8,"orig.ident",0.00935469900389779
"2","CNP0000460_P05T",109,0.8,"orig.ident",0.00960183227625088
"3","CNP0000460_P05T",242,0.8,"orig.ident",0.0219421525070269
"4","CNP0000460_P05T",83,0.8,"orig.ident",0.00782280867106503
"5","CNP0000460_P05T",0,0.8,"orig.ident",0
"6","CNP0000460_P05T",0,0.8,"orig.ident",0
"7","CNP0000460_P05T",60,0.8,"orig.ident",0.00669792364367046
"8","CNP0000460_P05T",0,0.8,"orig.ident",0
"9","CNP0000460_P05T",0,0.8,"orig.ident",0
"10","CNP0000460_P05T",15,0.8,"orig.ident",0.00239005736137667
"11","CNP0000460_P05T",23,0.8,"orig.ident",0.0045689312673818
"12","CNP0000460_P05T",23,0.8,"orig.ident",0.00479166666666667
"13","CNP0000460_P05T",0,0.8,"orig.ident",0
"14","CNP0000460_P05T",14,0.8,"orig.ident",0.010233918128655
"15","CNP0000460_P05T",0,0.8,"orig.ident",0
"singleton","CNP0000460_P05T",0,0.8,"orig.ident",0
"0","CNP0000460_P06T",712,0.8,"orig.ident",0.0487604437748254
"1","CNP0000460_P06T",282,0.8,"orig.ident",0.0244261585101776
"2","CNP0000460_P06T",209,0.8,"orig.ident",0.0184108527131783
"3","CNP0000460_P06T",500,0.8,"orig.ident",0.0453350258409647
"4","CNP0000460_P06T",167,0.8,"orig.ident",0.0157398680490104
"5","CNP0000460_P06T",0,0.8,"orig.ident",0
"6","CNP0000460_P06T",0,0.8,"orig.ident",0
"7","CNP0000460_P06T",178,0.8,"orig.ident",0.0198705068095557
"8","CNP0000460_P06T",0,0.8,"orig.ident",0
"9","CNP0000460_P06T",0,0.8,"orig.ident",0
"10","CNP0000460_P06T",118,0.8,"orig.ident",0.0188017845761632
"11","CNP0000460_P06T",30,0.8,"orig.ident",0.00595947556615018
"12","CNP0000460_P06T",127,0.8,"orig.ident",0.0264583333333333
"13","CNP0000460_P06T",0,0.8,"orig.ident",0
"14","CNP0000460_P06T",57,0.8,"orig.ident",0.0416666666666667
"15","CNP0000460_P06T",1,0.8,"orig.ident",0.00132450331125828
"singleton","CNP0000460_P06T",0,0.8,"orig.ident",0
"0","CNP0000460_P07N",29,0.8,"orig.ident",0.00198602931105328
"1","CNP0000460_P07N",287,0.8,"orig.ident",0.0248592464270247
"2","CNP0000460_P07N",234,0.8,"orig.ident",0.0206131078224101
"3","CNP0000460_P07N",91,0.8,"orig.ident",0.00825097470305558
"4","CNP0000460_P07N",207,0.8,"orig.ident",0.0195098963242224
"5","CNP0000460_P07N",0,0.8,"orig.ident",0
"6","CNP0000460_P07N",0,0.8,"orig.ident",0
"7","CNP0000460_P07N",46,0.8,"orig.ident",0.00513507479348069
"8","CNP0000460_P07N",0,0.8,"orig.ident",0
"9","CNP0000460_P07N",0,0.8,"orig.ident",0
"10","CNP0000460_P07N",58,0.8,"orig.ident",0.00924155513065647
"11","CNP0000460_P07N",80,0.8,"orig.ident",0.0158919348430671
"12","CNP0000460_P07N",38,0.8,"orig.ident",0.00791666666666667
"13","CNP0000460_P07N",0,0.8,"orig.ident",0
"14","CNP0000460_P07N",3,0.8,"orig.ident",0.00219298245614035
"15","CNP0000460_P07N",0,0.8,"orig.ident",0
"singleton","CNP0000460_P07N",0,0.8,"orig.ident",0
"0","CNP0000460_P07T",10,0.8,"orig.ident",0.000684837693466648
"1","CNP0000460_P07T",86,0.8,"orig.ident",0.00744911216977046
"2","CNP0000460_P07T",79,0.8,"orig.ident",0.00695912614517266
"3","CNP0000460_P07T",259,0.8,"orig.ident",0.0234835433856197
"4","CNP0000460_P07T",72,0.8,"orig.ident",0.00678605089538172
"5","CNP0000460_P07T",0,0.8,"orig.ident",0
"6","CNP0000460_P07T",0,0.8,"orig.ident",0
"7","CNP0000460_P07T",13,0.8,"orig.ident",0.00145121678946193
"8","CNP0000460_P07T",0,0.8,"orig.ident",0
"9","CNP0000460_P07T",0,0.8,"orig.ident",0
"10","CNP0000460_P07T",54,0.8,"orig.ident",0.00860420650095602
"11","CNP0000460_P07T",32,0.8,"orig.ident",0.00635677393722686
"12","CNP0000460_P07T",19,0.8,"orig.ident",0.00395833333333333
"13","CNP0000460_P07T",0,0.8,"orig.ident",0
"14","CNP0000460_P07T",6,0.8,"orig.ident",0.0043859649122807
"15","CNP0000460_P07T",0,0.8,"orig.ident",0
"singleton","CNP0000460_P07T",0,0.8,"orig.ident",0
"0","GSE326225_BC1",4,0.8,"orig.ident",0.000273935077386659
"1","GSE326225_BC1",6,0.8,"orig.ident",0.000519705500216544
"2","GSE326225_BC1",0,0.8,"orig.ident",0
"3","GSE326225_BC1",4,0.8,"orig.ident",0.000362680206727718
"4","GSE326225_BC1",0,0.8,"orig.ident",0
"5","GSE326225_BC1",0,0.8,"orig.ident",0
"6","GSE326225_BC1",0,0.8,"orig.ident",0
"7","GSE326225_BC1",0,0.8,"orig.ident",0
"8","GSE326225_BC1",0,0.8,"orig.ident",0
"9","GSE326225_BC1",0,0.8,"orig.ident",0
"10","GSE326225_BC1",6,0.8,"orig.ident",0.000956022944550669
"11","GSE326225_BC1",0,0.8,"orig.ident",0
"12","GSE326225_BC1",0,0.8,"orig.ident",0
"13","GSE326225_BC1",0,0.8,"orig.ident",0
"14","GSE326225_BC1",0,0.8,"orig.ident",0
"15","GSE326225_BC1",4,0.8,"orig.ident",0.00529801324503311
"singleton","GSE326225_BC1",0,0.8,"orig.ident",0
"0","GSE326225_BC2",5,0.8,"orig.ident",0.000342418846733324
"1","GSE326225_BC2",8,0.8,"orig.ident",0.000692940666955392
"2","GSE326225_BC2",1,0.8,"orig.ident",8.80902043692741e-05
"3","GSE326225_BC2",2,0.8,"orig.ident",0.000181340103363859
"4","GSE326225_BC2",2,0.8,"orig.ident",0.000188501413760603
"5","GSE326225_BC2",0,0.8,"orig.ident",0
"6","GSE326225_BC2",0,0.8,"orig.ident",0
"7","GSE326225_BC2",0,0.8,"orig.ident",0
"8","GSE326225_BC2",0,0.8,"orig.ident",0
"9","GSE326225_BC2",0,0.8,"orig.ident",0
"10","GSE326225_BC2",11,0.8,"orig.ident",0.00175270873167623
"11","GSE326225_BC2",1,0.8,"orig.ident",0.000198649185538339
"12","GSE326225_BC2",0,0.8,"orig.ident",0
"13","GSE326225_BC2",0,0.8,"orig.ident",0
"14","GSE326225_BC2",0,0.8,"orig.ident",0
"15","GSE326225_BC2",2,0.8,"orig.ident",0.00264900662251656
"singleton","GSE326225_BC2",0,0.8,"orig.ident",0
"0","GSE326225_BC3",3,0.8,"orig.ident",0.000205451308039995
"1","GSE326225_BC3",57,0.8,"orig.ident",0.00493720225205717
"2","GSE326225_BC3",16,0.8,"orig.ident",0.00140944326990839
"3","GSE326225_BC3",26,0.8,"orig.ident",0.00235742134373017
"4","GSE326225_BC3",16,0.8,"orig.ident",0.00150801131008483
"5","GSE326225_BC3",0,0.8,"orig.ident",0
"6","GSE326225_BC3",3,0.8,"orig.ident",0.000325874429719748
"7","GSE326225_BC3",10,0.8,"orig.ident",0.00111632060727841
"8","GSE326225_BC3",0,0.8,"orig.ident",0
"9","GSE326225_BC3",5,0.8,"orig.ident",0.000615081805880182
"10","GSE326225_BC3",8,0.8,"orig.ident",0.00127469725940089
"11","GSE326225_BC3",5,0.8,"orig.ident",0.000993245927691696
"12","GSE326225_BC3",3,0.8,"orig.ident",0.000625
"13","GSE326225_BC3",0,0.8,"orig.ident",0
"14","GSE326225_BC3",0,0.8,"orig.ident",0
"15","GSE326225_BC3",6,0.8,"orig.ident",0.00794701986754967
"singleton","GSE326225_BC3",0,0.8,"orig.ident",0
"0","GSE326225_BC4",750,0.8,"orig.ident",0.0513628270099986
"1","GSE326225_BC4",497,0.8,"orig.ident",0.0430489389346037
"2","GSE326225_BC4",31,0.8,"orig.ident",0.0027307963354475
"3","GSE326225_BC4",348,0.8,"orig.ident",0.0315531779853115
"4","GSE326225_BC4",227,0.8,"orig.ident",0.0213949104618285
"5","GSE326225_BC4",1,0.8,"orig.ident",0.000108225108225108
"6","GSE326225_BC4",0,0.8,"orig.ident",0
"7","GSE326225_BC4",10,0.8,"orig.ident",0.00111632060727841
"8","GSE326225_BC4",0,0.8,"orig.ident",0
"9","GSE326225_BC4",0,0.8,"orig.ident",0
"10","GSE326225_BC4",153,0.8,"orig.ident",0.0243785850860421
"11","GSE326225_BC4",60,0.8,"orig.ident",0.0119189511323004
"12","GSE326225_BC4",80,0.8,"orig.ident",0.0166666666666667
"13","GSE326225_BC4",0,0.8,"orig.ident",0
"14","GSE326225_BC4",21,0.8,"orig.ident",0.0153508771929825
"15","GSE326225_BC4",622,0.8,"orig.ident",0.823841059602649
"singleton","GSE326225_BC4",0,0.8,"orig.ident",0
"0","GSE326225_BC5",1,0.8,"orig.ident",6.84837693466648e-05
"1","GSE326225_BC5",0,0.8,"orig.ident",0
"2","GSE326225_BC5",1,0.8,"orig.ident",8.80902043692741e-05
"3","GSE326225_BC5",0,0.8,"orig.ident",0
"4","GSE326225_BC5",0,0.8,"orig.ident",0
"5","GSE326225_BC5",0,0.8,"orig.ident",0
"6","GSE326225_BC5",0,0.8,"orig.ident",0
"7","GSE326225_BC5",0,0.8,"orig.ident",0
"8","GSE326225_BC5",0,0.8,"orig.ident",0
"9","GSE326225_BC5",0,0.8,"orig.ident",0
"10","GSE326225_BC5",1,0.8,"orig.ident",0.000159337157425112
"11","GSE326225_BC5",0,0.8,"orig.ident",0
"12","GSE326225_BC5",0,0.8,"orig.ident",0
"13","GSE326225_BC5",0,0.8,"orig.ident",0
"14","GSE326225_BC5",0,0.8,"orig.ident",0
"15","GSE326225_BC5",0,0.8,"orig.ident",0
"singleton","GSE326225_BC5",0,0.8,"orig.ident",0
"0","GSE326225_BC6",71,0.8,"orig.ident",0.0048623476236132
"1","GSE326225_BC6",62,0.8,"orig.ident",0.00537029016890429
"2","GSE326225_BC6",41,0.8,"orig.ident",0.00361169837914024
"3","GSE326225_BC6",125,0.8,"orig.ident",0.0113337564602412
"4","GSE326225_BC6",78,0.8,"orig.ident",0.00735155513666353
"5","GSE326225_BC6",2,0.8,"orig.ident",0.000216450216450216
"6","GSE326225_BC6",0,0.8,"orig.ident",0
"7","GSE326225_BC6",3,0.8,"orig.ident",0.000334896182183523
"8","GSE326225_BC6",0,0.8,"orig.ident",0
"9","GSE326225_BC6",0,0.8,"orig.ident",0
"10","GSE326225_BC6",10,0.8,"orig.ident",0.00159337157425112
"11","GSE326225_BC6",33,0.8,"orig.ident",0.0065554231227652
"12","GSE326225_BC6",19,0.8,"orig.ident",0.00395833333333333
"13","GSE326225_BC6",0,0.8,"orig.ident",0
"14","GSE326225_BC6",13,0.8,"orig.ident",0.00950292397660819
"15","GSE326225_BC6",55,0.8,"orig.ident",0.0728476821192053
"singleton","GSE326225_BC6",0,0.8,"orig.ident",0
"0","GSE326225_BC7",15,0.8,"orig.ident",0.00102725654019997
"1","GSE326225_BC7",102,0.8,"orig.ident",0.00883499350368125
"2","GSE326225_BC7",45,0.8,"orig.ident",0.00396405919661734
"3","GSE326225_BC7",7,0.8,"orig.ident",0.000634690361773506
"4","GSE326225_BC7",42,0.8,"orig.ident",0.00395852968897267
"5","GSE326225_BC7",0,0.8,"orig.ident",0
"6","GSE326225_BC7",0,0.8,"orig.ident",0
"7","GSE326225_BC7",8,0.8,"orig.ident",0.000893056485822728
"8","GSE326225_BC7",0,0.8,"orig.ident",0
"9","GSE326225_BC7",0,0.8,"orig.ident",0
"10","GSE326225_BC7",5,0.8,"orig.ident",0.000796685787125558
"11","GSE326225_BC7",8,0.8,"orig.ident",0.00158919348430671
"12","GSE326225_BC7",0,0.8,"orig.ident",0
"13","GSE326225_BC7",0,0.8,"orig.ident",0
"14","GSE326225_BC7",0,0.8,"orig.ident",0
"15","GSE326225_BC7",23,0.8,"orig.ident",0.0304635761589404
"singleton","GSE326225_BC7",0,0.8,"orig.ident",0
"0","GSE326225_BC8",11,0.8,"orig.ident",0.000753321462813313
"1","GSE326225_BC8",158,0.8,"orig.ident",0.013685578172369
"2","GSE326225_BC8",104,0.8,"orig.ident",0.00916138125440451
"3","GSE326225_BC8",41,0.8,"orig.ident",0.00371747211895911
"4","GSE326225_BC8",58,0.8,"orig.ident",0.00546654099905749
"5","GSE326225_BC8",0,0.8,"orig.ident",0
"6","GSE326225_BC8",0,0.8,"orig.ident",0
"7","GSE326225_BC8",5,0.8,"orig.ident",0.000558160303639205
"8","GSE326225_BC8",0,0.8,"orig.ident",0
"9","GSE326225_BC8",2,0.8,"orig.ident",0.000246032722352073
"10","GSE326225_BC8",18,0.8,"orig.ident",0.00286806883365201
"11","GSE326225_BC8",36,0.8,"orig.ident",0.00715137067938021
"12","GSE326225_BC8",10,0.8,"orig.ident",0.00208333333333333
"13","GSE326225_BC8",0,0.8,"orig.ident",0
"14","GSE326225_BC8",0,0.8,"orig.ident",0
"15","GSE326225_BC8",20,0.8,"orig.ident",0.0264900662251656
"singleton","GSE326225_BC8",0,0.8,"orig.ident",0
"0","HRA003620_BC-01",1590,0.8,"orig.ident",0.108889193261197
"1","HRA003620_BC-01",203,0.8,"orig.ident",0.0175833694239931
"2","HRA003620_BC-01",463,0.8,"orig.ident",0.0407857646229739
"3","HRA003620_BC-01",1015,0.8,"orig.ident",0.0920301024571584
"4","HRA003620_BC-01",754,0.8,"orig.ident",0.0710650329877474
"5","HRA003620_BC-01",0,0.8,"orig.ident",0
"6","HRA003620_BC-01",0,0.8,"orig.ident",0
"7","HRA003620_BC-01",898,0.8,"orig.ident",0.100245590533601
"8","HRA003620_BC-01",0,0.8,"orig.ident",0
"9","HRA003620_BC-01",0,0.8,"orig.ident",0
"10","HRA003620_BC-01",189,0.8,"orig.ident",0.0301147227533461
"11","HRA003620_BC-01",170,0.8,"orig.ident",0.0337703615415177
"12","HRA003620_BC-01",321,0.8,"orig.ident",0.066875
"13","HRA003620_BC-01",0,0.8,"orig.ident",0
"14","HRA003620_BC-01",166,0.8,"orig.ident",0.121345029239766
"15","HRA003620_BC-01",2,0.8,"orig.ident",0.00264900662251656
"singleton","HRA003620_BC-01",0,0.8,"orig.ident",0
"0","HRA003620_BC-04",10,0.8,"orig.ident",0.000684837693466648
"1","HRA003620_BC-04",11,0.8,"orig.ident",0.000952793417063664
"2","HRA003620_BC-04",14,0.8,"orig.ident",0.00123326286116984
"3","HRA003620_BC-04",27,0.8,"orig.ident",0.0024480913954121
"4","HRA003620_BC-04",11,0.8,"orig.ident",0.00103675777568332
"5","HRA003620_BC-04",0,0.8,"orig.ident",0
"6","HRA003620_BC-04",0,0.8,"orig.ident",0
"7","HRA003620_BC-04",27,0.8,"orig.ident",0.00301406563965171
"8","HRA003620_BC-04",0,0.8,"orig.ident",0
"9","HRA003620_BC-04",0,0.8,"orig.ident",0
"10","HRA003620_BC-04",20,0.8,"orig.ident",0.00318674314850223
"11","HRA003620_BC-04",12,0.8,"orig.ident",0.00238379022646007
"12","HRA003620_BC-04",14,0.8,"orig.ident",0.00291666666666667
"13","HRA003620_BC-04",0,0.8,"orig.ident",0
"14","HRA003620_BC-04",0,0.8,"orig.ident",0
"15","HRA003620_BC-04",0,0.8,"orig.ident",0
"singleton","HRA003620_BC-04",0,0.8,"orig.ident",0
"0","HRA003620_BC-05",777,0.8,"orig.ident",0.0532118887823586
"1","HRA003620_BC-05",155,0.8,"orig.ident",0.0134257254222607
"2","HRA003620_BC-05",166,0.8,"orig.ident",0.0146229739252995
"3","HRA003620_BC-05",424,0.8,"orig.ident",0.0384441019131381
"4","HRA003620_BC-05",325,0.8,"orig.ident",0.030631479736098
"5","HRA003620_BC-05",0,0.8,"orig.ident",0
"6","HRA003620_BC-05",0,0.8,"orig.ident",0
"7","HRA003620_BC-05",220,0.8,"orig.ident",0.024559053360125
"8","HRA003620_BC-05",0,0.8,"orig.ident",0
"9","HRA003620_BC-05",0,0.8,"orig.ident",0
"10","HRA003620_BC-05",61,0.8,"orig.ident",0.0097195666029318
"11","HRA003620_BC-05",111,0.8,"orig.ident",0.0220500595947557
"12","HRA003620_BC-05",121,0.8,"orig.ident",0.0252083333333333
"13","HRA003620_BC-05",0,0.8,"orig.ident",0
"14","HRA003620_BC-05",41,0.8,"orig.ident",0.0299707602339181
"15","HRA003620_BC-05",1,0.8,"orig.ident",0.00132450331125828
"singleton","HRA003620_BC-05",0,0.8,"orig.ident",0
"0","HRA003620_BC-11",3309,0.8,"orig.ident",0.226612792768114
"1","HRA003620_BC-11",355,0.8,"orig.ident",0.0307492420961455
"2","HRA003620_BC-11",254,0.8,"orig.ident",0.0223749119097956
"3","HRA003620_BC-11",808,0.8,"orig.ident",0.073261401758999
"4","HRA003620_BC-11",406,0.8,"orig.ident",0.0382657869934025
"5","HRA003620_BC-11",0,0.8,"orig.ident",0
"6","HRA003620_BC-11",0,0.8,"orig.ident",0
"7","HRA003620_BC-11",359,0.8,"orig.ident",0.0400759098012949
"8","HRA003620_BC-11",0,0.8,"orig.ident",0
"9","HRA003620_BC-11",0,0.8,"orig.ident",0
"10","HRA003620_BC-11",131,0.8,"orig.ident",0.0208731676226896
"11","HRA003620_BC-11",124,0.8,"orig.ident",0.0246324990067541
"12","HRA003620_BC-11",479,0.8,"orig.ident",0.0997916666666667
"13","HRA003620_BC-11",0,0.8,"orig.ident",0
"14","HRA003620_BC-11",127,0.8,"orig.ident",0.0928362573099415
"15","HRA003620_BC-11",4,0.8,"orig.ident",0.00529801324503311
"singleton","HRA003620_BC-11",0,0.8,"orig.ident",0
"0","HRA003620_BC-24",1121,0.8,"orig.ident",0.0767703054376113
"1","HRA003620_BC-24",857,0.8,"orig.ident",0.0742312689475964
"2","HRA003620_BC-24",345,0.8,"orig.ident",0.0303911205073996
"3","HRA003620_BC-24",66,0.8,"orig.ident",0.00598422341100734
"4","HRA003620_BC-24",383,0.8,"orig.ident",0.0360980207351555
"5","HRA003620_BC-24",0,0.8,"orig.ident",0
"6","HRA003620_BC-24",0,0.8,"orig.ident",0
"7","HRA003620_BC-24",498,0.8,"orig.ident",0.0555927662424648
"8","HRA003620_BC-24",0,0.8,"orig.ident",0
"9","HRA003620_BC-24",0,0.8,"orig.ident",0
"10","HRA003620_BC-24",305,0.8,"orig.ident",0.048597833014659
"11","HRA003620_BC-24",71,0.8,"orig.ident",0.0141040921732221
"12","HRA003620_BC-24",158,0.8,"orig.ident",0.0329166666666667
"13","HRA003620_BC-24",0,0.8,"orig.ident",0
"14","HRA003620_BC-24",5,0.8,"orig.ident",0.00365497076023392
"15","HRA003620_BC-24",0,0.8,"orig.ident",0
"singleton","HRA003620_BC-24",0,0.8,"orig.ident",0
"0","HRA003620_BC-27",460,0.8,"orig.ident",0.0315025338994658
"1","HRA003620_BC-27",276,0.8,"orig.ident",0.023906453009961
"2","HRA003620_BC-27",323,0.8,"orig.ident",0.0284531360112755
"3","HRA003620_BC-27",324,0.8,"orig.ident",0.0293770967449451
"4","HRA003620_BC-27",313,0.8,"orig.ident",0.0295004712535344
"5","HRA003620_BC-27",0,0.8,"orig.ident",0
"6","HRA003620_BC-27",0,0.8,"orig.ident",0
"7","HRA003620_BC-27",288,0.8,"orig.ident",0.0321500334896182
"8","HRA003620_BC-27",0,0.8,"orig.ident",0
"9","HRA003620_BC-27",0,0.8,"orig.ident",0
"10","HRA003620_BC-27",55,0.8,"orig.ident",0.00876354365838113
"11","HRA003620_BC-27",151,0.8,"orig.ident",0.0299960270162892
"12","HRA003620_BC-27",318,0.8,"orig.ident",0.06625
"13","HRA003620_BC-27",0,0.8,"orig.ident",0
"14","HRA003620_BC-27",36,0.8,"orig.ident",0.0263157894736842
"15","HRA003620_BC-27",0,0.8,"orig.ident",0
"singleton","HRA003620_BC-27",1,0.8,"orig.ident",1
"0","HRA003620_BC-30",1098,0.8,"orig.ident",0.075195178742638
"1","HRA003620_BC-30",578,0.8,"orig.ident",0.0500649631875271
"2","HRA003620_BC-30",559,0.8,"orig.ident",0.0492424242424242
"3","HRA003620_BC-30",329,0.8,"orig.ident",0.0298304470033548
"4","HRA003620_BC-30",860,0.8,"orig.ident",0.0810556079170594
"5","HRA003620_BC-30",0,0.8,"orig.ident",0
"6","HRA003620_BC-30",0,0.8,"orig.ident",0
"7","HRA003620_BC-30",208,0.8,"orig.ident",0.0232194686313909
"8","HRA003620_BC-30",0,0.8,"orig.ident",0
"9","HRA003620_BC-30",0,0.8,"orig.ident",0
"10","HRA003620_BC-30",292,0.8,"orig.ident",0.0465264499681326
"11","HRA003620_BC-30",92,0.8,"orig.ident",0.0182757250695272
"12","HRA003620_BC-30",402,0.8,"orig.ident",0.08375
"13","HRA003620_BC-30",0,0.8,"orig.ident",0
"14","HRA003620_BC-30",23,0.8,"orig.ident",0.016812865497076
"15","HRA003620_BC-30",3,0.8,"orig.ident",0.00397350993377483
"singleton","HRA003620_BC-30",0,0.8,"orig.ident",0
"0","HRA003620_NC-01",78,0.8,"orig.ident",0.00534173400903986
"1","HRA003620_NC-01",29,0.8,"orig.ident",0.0025119099177133
"2","HRA003620_NC-01",204,0.8,"orig.ident",0.0179704016913319
"3","HRA003620_NC-01",73,0.8,"orig.ident",0.00661891377278085
"4","HRA003620_NC-01",55,0.8,"orig.ident",0.00518378887841659
"5","HRA003620_NC-01",0,0.8,"orig.ident",0
"6","HRA003620_NC-01",0,0.8,"orig.ident",0
"7","HRA003620_NC-01",57,0.8,"orig.ident",0.00636302746148694
"8","HRA003620_NC-01",0,0.8,"orig.ident",0
"9","HRA003620_NC-01",0,0.8,"orig.ident",0
"10","HRA003620_NC-01",34,0.8,"orig.ident",0.00541746335245379
"11","HRA003620_NC-01",94,0.8,"orig.ident",0.0186730234406039
"12","HRA003620_NC-01",24,0.8,"orig.ident",0.005
"13","HRA003620_NC-01",0,0.8,"orig.ident",0
"14","HRA003620_NC-01",15,0.8,"orig.ident",0.0109649122807018
"15","HRA003620_NC-01",0,0.8,"orig.ident",0
"singleton","HRA003620_NC-01",0,0.8,"orig.ident",0
"0","HRA003620_NC-04",17,0.8,"orig.ident",0.0011642240788933
"1","HRA003620_NC-04",48,0.8,"orig.ident",0.00415764400173235
"2","HRA003620_NC-04",74,0.8,"orig.ident",0.00651867512332629
"3","HRA003620_NC-04",16,0.8,"orig.ident",0.00145072082691087
"4","HRA003620_NC-04",33,0.8,"orig.ident",0.00311027332704995
"5","HRA003620_NC-04",0,0.8,"orig.ident",0
"6","HRA003620_NC-04",0,0.8,"orig.ident",0
"7","HRA003620_NC-04",75,0.8,"orig.ident",0.00837240455458808
"8","HRA003620_NC-04",0,0.8,"orig.ident",0
"9","HRA003620_NC-04",0,0.8,"orig.ident",0
"10","HRA003620_NC-04",29,0.8,"orig.ident",0.00462077756532823
"11","HRA003620_NC-04",36,0.8,"orig.ident",0.00715137067938021
"12","HRA003620_NC-04",60,0.8,"orig.ident",0.0125
"13","HRA003620_NC-04",0,0.8,"orig.ident",0
"14","HRA003620_NC-04",2,0.8,"orig.ident",0.00146198830409357
"15","HRA003620_NC-04",0,0.8,"orig.ident",0
"singleton","HRA003620_NC-04",0,0.8,"orig.ident",0
"0","HRA003620_NC-05",450,0.8,"orig.ident",0.0308176962059992
"1","HRA003620_NC-05",86,0.8,"orig.ident",0.00744911216977046
"2","HRA003620_NC-05",199,0.8,"orig.ident",0.0175299506694856
"3","HRA003620_NC-05",427,0.8,"orig.ident",0.0387161120681839
"4","HRA003620_NC-05",444,0.8,"orig.ident",0.0418473138548539
"5","HRA003620_NC-05",0,0.8,"orig.ident",0
"6","HRA003620_NC-05",0,0.8,"orig.ident",0
"7","HRA003620_NC-05",197,0.8,"orig.ident",0.0219915159633847
"8","HRA003620_NC-05",0,0.8,"orig.ident",0
"9","HRA003620_NC-05",0,0.8,"orig.ident",0
"10","HRA003620_NC-05",76,0.8,"orig.ident",0.0121096239643085
"11","HRA003620_NC-05",104,0.8,"orig.ident",0.0206595152959873
"12","HRA003620_NC-05",151,0.8,"orig.ident",0.0314583333333333
"13","HRA003620_NC-05",0,0.8,"orig.ident",0
"14","HRA003620_NC-05",63,0.8,"orig.ident",0.0460526315789474
"15","HRA003620_NC-05",1,0.8,"orig.ident",0.00132450331125828
"singleton","HRA003620_NC-05",0,0.8,"orig.ident",0
"0","HRA003620_NC-11",631,0.8,"orig.ident",0.0432132584577455
"1","HRA003620_NC-11",76,0.8,"orig.ident",0.00658293633607622
"2","HRA003620_NC-11",271,0.8,"orig.ident",0.0238724453840733
"3","HRA003620_NC-11",309,0.8,"orig.ident",0.0280170459697162
"4","HRA003620_NC-11",429,0.8,"orig.ident",0.0404335532516494
"5","HRA003620_NC-11",0,0.8,"orig.ident",0
"6","HRA003620_NC-11",0,0.8,"orig.ident",0
"7","HRA003620_NC-11",413,0.8,"orig.ident",0.0461040410805983
"8","HRA003620_NC-11",0,0.8,"orig.ident",0
"9","HRA003620_NC-11",0,0.8,"orig.ident",0
"10","HRA003620_NC-11",529,0.8,"orig.ident",0.084289356277884
"11","HRA003620_NC-11",119,0.8,"orig.ident",0.0236392530790624
"12","HRA003620_NC-11",746,0.8,"orig.ident",0.155416666666667
"13","HRA003620_NC-11",0,0.8,"orig.ident",0
"14","HRA003620_NC-11",107,0.8,"orig.ident",0.0782163742690059
"15","HRA003620_NC-11",0,0.8,"orig.ident",0
"singleton","HRA003620_NC-11",0,0.8,"orig.ident",0
"0","HRA003620_NC-24",183,0.8,"orig.ident",0.0125325297904397
"1","HRA003620_NC-24",314,0.8,"orig.ident",0.0271979211779991
"2","HRA003620_NC-24",254,0.8,"orig.ident",0.0223749119097956
"3","HRA003620_NC-24",9,0.8,"orig.ident",0.000816030465137365
"4","HRA003620_NC-24",198,0.8,"orig.ident",0.0186616399622997
"5","HRA003620_NC-24",0,0.8,"orig.ident",0
"6","HRA003620_NC-24",0,0.8,"orig.ident",0
"7","HRA003620_NC-24",477,0.8,"orig.ident",0.0532484929671802
"8","HRA003620_NC-24",0,0.8,"orig.ident",0
"9","HRA003620_NC-24",0,0.8,"orig.ident",0
"10","HRA003620_NC-24",7,0.8,"orig.ident",0.00111536010197578
"11","HRA003620_NC-24",43,0.8,"orig.ident",0.00854191497814859
"12","HRA003620_NC-24",9,0.8,"orig.ident",0.001875
"13","HRA003620_NC-24",0,0.8,"orig.ident",0
"14","HRA003620_NC-24",0,0.8,"orig.ident",0
"15","HRA003620_NC-24",0,0.8,"orig.ident",0
"singleton","HRA003620_NC-24",0,0.8,"orig.ident",0
"0","HRA003620_NC-27",198,0.8,"orig.ident",0.0135597863306396
"1","HRA003620_NC-27",779,0.8,"orig.ident",0.0674750974447813
"2","HRA003620_NC-27",493,0.8,"orig.ident",0.0434284707540522
"3","HRA003620_NC-27",24,0.8,"orig.ident",0.00217608124036631
"4","HRA003620_NC-27",368,0.8,"orig.ident",0.034684260131951
"5","HRA003620_NC-27",0,0.8,"orig.ident",0
"6","HRA003620_NC-27",0,0.8,"orig.ident",0
"7","HRA003620_NC-27",983,0.8,"orig.ident",0.109734315695468
"8","HRA003620_NC-27",0,0.8,"orig.ident",0
"9","HRA003620_NC-27",0,0.8,"orig.ident",0
"10","HRA003620_NC-27",31,0.8,"orig.ident",0.00493945188017846
"11","HRA003620_NC-27",223,0.8,"orig.ident",0.0442987683750497
"12","HRA003620_NC-27",27,0.8,"orig.ident",0.005625
"13","HRA003620_NC-27",0,0.8,"orig.ident",0
"14","HRA003620_NC-27",10,0.8,"orig.ident",0.00730994152046784
"15","HRA003620_NC-27",1,0.8,"orig.ident",0.00132450331125828
"singleton","HRA003620_NC-27",0,0.8,"orig.ident",0
"0","HRA003620_NC-30",102,0.8,"orig.ident",0.00698534447335981
"1","HRA003620_NC-30",291,0.8,"orig.ident",0.0252057167605024
"2","HRA003620_NC-30",1074,0.8,"orig.ident",0.0946088794926004
"3","HRA003620_NC-30",434,0.8,"orig.ident",0.0393508024299574
"4","HRA003620_NC-30",435,0.8,"orig.ident",0.0409990574929312
"5","HRA003620_NC-30",0,0.8,"orig.ident",0
"6","HRA003620_NC-30",0,0.8,"orig.ident",0
"7","HRA003620_NC-30",658,0.8,"orig.ident",0.0734538959589194
"8","HRA003620_NC-30",0,0.8,"orig.ident",0
"9","HRA003620_NC-30",0,0.8,"orig.ident",0
"10","HRA003620_NC-30",178,0.8,"orig.ident",0.0283620140216699
"11","HRA003620_NC-30",198,0.8,"orig.ident",0.0393325387365912
"12","HRA003620_NC-30",218,0.8,"orig.ident",0.0454166666666667
"13","HRA003620_NC-30",0,0.8,"orig.ident",0
"14","HRA003620_NC-30",57,0.8,"orig.ident",0.0416666666666667
"15","HRA003620_NC-30",0,0.8,"orig.ident",0
"singleton","HRA003620_NC-30",0,0.8,"orig.ident",0
"0","PRJNA662018_PRJNA662018_P1N1",64,0.8,"orig.ident",0.00438296123818655
"1","PRJNA662018_PRJNA662018_P1N1",150,0.8,"orig.ident",0.0129926375054136
"2","PRJNA662018_PRJNA662018_P1N1",416,0.8,"orig.ident",0.036645525017618
"3","PRJNA662018_PRJNA662018_P1N1",209,0.8,"orig.ident",0.0189500408015233
"4","PRJNA662018_PRJNA662018_P1N1",270,0.8,"orig.ident",0.0254476908576814
"5","PRJNA662018_PRJNA662018_P1N1",0,0.8,"orig.ident",0
"6","PRJNA662018_PRJNA662018_P1N1",0,0.8,"orig.ident",0
"7","PRJNA662018_PRJNA662018_P1N1",191,0.8,"orig.ident",0.0213217235990176
"8","PRJNA662018_PRJNA662018_P1N1",0,0.8,"orig.ident",0
"9","PRJNA662018_PRJNA662018_P1N1",0,0.8,"orig.ident",0
"10","PRJNA662018_PRJNA662018_P1N1",131,0.8,"orig.ident",0.0208731676226896
"11","PRJNA662018_PRJNA662018_P1N1",50,0.8,"orig.ident",0.00993245927691696
"12","PRJNA662018_PRJNA662018_P1N1",58,0.8,"orig.ident",0.0120833333333333
"13","PRJNA662018_PRJNA662018_P1N1",0,0.8,"orig.ident",0
"14","PRJNA662018_PRJNA662018_P1N1",45,0.8,"orig.ident",0.0328947368421053
"15","PRJNA662018_PRJNA662018_P1N1",0,0.8,"orig.ident",0
"singleton","PRJNA662018_PRJNA662018_P1N1",0,0.8,"orig.ident",0
"0","PRJNA662018_PRJNA662018_P1T1",257,0.8,"orig.ident",0.0176003287220929
"1","PRJNA662018_PRJNA662018_P1T1",316,0.8,"orig.ident",0.027371156344738
"2","PRJNA662018_PRJNA662018_P1T1",558,0.8,"orig.ident",0.049154334038055
"3","PRJNA662018_PRJNA662018_P1T1",264,0.8,"orig.ident",0.0239368936440294
"4","PRJNA662018_PRJNA662018_P1T1",457,0.8,"orig.ident",0.0430725730442978
"5","PRJNA662018_PRJNA662018_P1T1",0,0.8,"orig.ident",0
"6","PRJNA662018_PRJNA662018_P1T1",0,0.8,"orig.ident",0
"7","PRJNA662018_PRJNA662018_P1T1",518,0.8,"orig.ident",0.0578254074570217
"8","PRJNA662018_PRJNA662018_P1T1",0,0.8,"orig.ident",0
"9","PRJNA662018_PRJNA662018_P1T1",0,0.8,"orig.ident",0
"10","PRJNA662018_PRJNA662018_P1T1",217,0.8,"orig.ident",0.0345761631612492
"11","PRJNA662018_PRJNA662018_P1T1",125,0.8,"orig.ident",0.0248311481922924
"12","PRJNA662018_PRJNA662018_P1T1",121,0.8,"orig.ident",0.0252083333333333
"13","PRJNA662018_PRJNA662018_P1T1",0,0.8,"orig.ident",0
"14","PRJNA662018_PRJNA662018_P1T1",62,0.8,"orig.ident",0.0453216374269006
"15","PRJNA662018_PRJNA662018_P1T1",0,0.8,"orig.ident",0
"singleton","PRJNA662018_PRJNA662018_P1T1",0,0.8,"orig.ident",0
"0","PRJNA662018_PRJNA662018_P2T2",526,0.8,"orig.ident",0.0360224626763457
"1","PRJNA662018_PRJNA662018_P2T2",422,0.8,"orig.ident",0.0365526201818969
"2","PRJNA662018_PRJNA662018_P2T2",512,0.8,"orig.ident",0.0451021846370684
"3","PRJNA662018_PRJNA662018_P2T2",588,0.8,"orig.ident",0.0533139903889745
"4","PRJNA662018_PRJNA662018_P2T2",497,0.8,"orig.ident",0.0468426013195099
"5","PRJNA662018_PRJNA662018_P2T2",0,0.8,"orig.ident",0
"6","PRJNA662018_PRJNA662018_P2T2",0,0.8,"orig.ident",0
"7","PRJNA662018_PRJNA662018_P2T2",635,0.8,"orig.ident",0.0708863585621791
"8","PRJNA662018_PRJNA662018_P2T2",0,0.8,"orig.ident",0
"9","PRJNA662018_PRJNA662018_P2T2",0,0.8,"orig.ident",0
"10","PRJNA662018_PRJNA662018_P2T2",328,0.8,"orig.ident",0.0522625876354366
"11","PRJNA662018_PRJNA662018_P2T2",141,0.8,"orig.ident",0.0280095351609058
"12","PRJNA662018_PRJNA662018_P2T2",172,0.8,"orig.ident",0.0358333333333333
"13","PRJNA662018_PRJNA662018_P2T2",0,0.8,"orig.ident",0
"14","PRJNA662018_PRJNA662018_P2T2",71,0.8,"orig.ident",0.0519005847953216
"15","PRJNA662018_PRJNA662018_P2T2",0,0.8,"orig.ident",0
"singleton","PRJNA662018_PRJNA662018_P2T2",0,0.8,"orig.ident",0
"0","PRJNA662018_PRJNA662018_P3N3",42,0.8,"orig.ident",0.00287631831255992
"1","PRJNA662018_PRJNA662018_P3N3",485,0.8,"orig.ident",0.0420095279341706
"2","PRJNA662018_PRJNA662018_P3N3",510,0.8,"orig.ident",0.0449260042283298
"3","PRJNA662018_PRJNA662018_P3N3",119,0.8,"orig.ident",0.0107897361501496
"4","PRJNA662018_PRJNA662018_P3N3",364,0.8,"orig.ident",0.0343072573044298
"5","PRJNA662018_PRJNA662018_P3N3",0,0.8,"orig.ident",0
"6","PRJNA662018_PRJNA662018_P3N3",0,0.8,"orig.ident",0
"7","PRJNA662018_PRJNA662018_P3N3",367,0.8,"orig.ident",0.0409689662871177
"8","PRJNA662018_PRJNA662018_P3N3",0,0.8,"orig.ident",0
"9","PRJNA662018_PRJNA662018_P3N3",0,0.8,"orig.ident",0
"10","PRJNA662018_PRJNA662018_P3N3",40,0.8,"orig.ident",0.00637348629700446
"11","PRJNA662018_PRJNA662018_P3N3",65,0.8,"orig.ident",0.0129121970599921
"12","PRJNA662018_PRJNA662018_P3N3",75,0.8,"orig.ident",0.015625
"13","PRJNA662018_PRJNA662018_P3N3",0,0.8,"orig.ident",0
"14","PRJNA662018_PRJNA662018_P3N3",30,0.8,"orig.ident",0.0219298245614035
"15","PRJNA662018_PRJNA662018_P3N3",1,0.8,"orig.ident",0.00132450331125828
"singleton","PRJNA662018_PRJNA662018_P3N3",0,0.8,"orig.ident",0
"0","PRJNA662018_PRJNA662018_P3T3",124,0.8,"orig.ident",0.00849198739898644
"1","PRJNA662018_PRJNA662018_P3T3",174,0.8,"orig.ident",0.0150714595062798
"2","PRJNA662018_PRJNA662018_P3T3",238,0.8,"orig.ident",0.0209654686398872
"3","PRJNA662018_PRJNA662018_P3T3",441,0.8,"orig.ident",0.0399854927917309
"4","PRJNA662018_PRJNA662018_P3T3",364,0.8,"orig.ident",0.0343072573044298
"5","PRJNA662018_PRJNA662018_P3T3",0,0.8,"orig.ident",0
"6","PRJNA662018_PRJNA662018_P3T3",0,0.8,"orig.ident",0
"7","PRJNA662018_PRJNA662018_P3T3",183,0.8,"orig.ident",0.0204286671131949
"8","PRJNA662018_PRJNA662018_P3T3",0,0.8,"orig.ident",0
"9","PRJNA662018_PRJNA662018_P3T3",0,0.8,"orig.ident",0
"10","PRJNA662018_PRJNA662018_P3T3",81,0.8,"orig.ident",0.012906309751434
"11","PRJNA662018_PRJNA662018_P3T3",55,0.8,"orig.ident",0.0109257052046087
"12","PRJNA662018_PRJNA662018_P3T3",86,0.8,"orig.ident",0.0179166666666667
"13","PRJNA662018_PRJNA662018_P3T3",0,0.8,"orig.ident",0
"14","PRJNA662018_PRJNA662018_P3T3",82,0.8,"orig.ident",0.0599415204678363
"15","PRJNA662018_PRJNA662018_P3T3",0,0.8,"orig.ident",0
"singleton","PRJNA662018_PRJNA662018_P3T3",0,0.8,"orig.ident",0
"0","PRJNA662018_PRJNA662018_P4T4",544,0.8,"orig.ident",0.0372551705245857
"1","PRJNA662018_PRJNA662018_P4T4",694,0.8,"orig.ident",0.0601126028583802
"2","PRJNA662018_PRJNA662018_P4T4",219,0.8,"orig.ident",0.019291754756871
"3","PRJNA662018_PRJNA662018_P4T4",426,0.8,"orig.ident",0.0386254420165019
"4","PRJNA662018_PRJNA662018_P4T4",208,0.8,"orig.ident",0.0196041470311027
"5","PRJNA662018_PRJNA662018_P4T4",0,0.8,"orig.ident",0
"6","PRJNA662018_PRJNA662018_P4T4",0,0.8,"orig.ident",0
"7","PRJNA662018_PRJNA662018_P4T4",8,0.8,"orig.ident",0.000893056485822728
"8","PRJNA662018_PRJNA662018_P4T4",0,0.8,"orig.ident",0
"9","PRJNA662018_PRJNA662018_P4T4",0,0.8,"orig.ident",0
"10","PRJNA662018_PRJNA662018_P4T4",129,0.8,"orig.ident",0.0205544933078394
"11","PRJNA662018_PRJNA662018_P4T4",143,0.8,"orig.ident",0.0284068335319825
"12","PRJNA662018_PRJNA662018_P4T4",112,0.8,"orig.ident",0.0233333333333333
"13","PRJNA662018_PRJNA662018_P4T4",0,0.8,"orig.ident",0
"14","PRJNA662018_PRJNA662018_P4T4",37,0.8,"orig.ident",0.027046783625731
"15","PRJNA662018_PRJNA662018_P4T4",6,0.8,"orig.ident",0.00794701986754967
"singleton","PRJNA662018_PRJNA662018_P4T4",0,0.8,"orig.ident",0
"0","PRJNA662018_PRJNA662018_P5T5",3,0.8,"orig.ident",0.000205451308039995
"1","PRJNA662018_PRJNA662018_P5T5",80,0.8,"orig.ident",0.00692940666955392
"2","PRJNA662018_PRJNA662018_P5T5",24,0.8,"orig.ident",0.00211416490486258
"3","PRJNA662018_PRJNA662018_P5T5",5,0.8,"orig.ident",0.000453350258409647
"4","PRJNA662018_PRJNA662018_P5T5",27,0.8,"orig.ident",0.00254476908576814
"5","PRJNA662018_PRJNA662018_P5T5",0,0.8,"orig.ident",0
"6","PRJNA662018_PRJNA662018_P5T5",0,0.8,"orig.ident",0
"7","PRJNA662018_PRJNA662018_P5T5",8,0.8,"orig.ident",0.000893056485822728
"8","PRJNA662018_PRJNA662018_P5T5",0,0.8,"orig.ident",0
"9","PRJNA662018_PRJNA662018_P5T5",0,0.8,"orig.ident",0
"10","PRJNA662018_PRJNA662018_P5T5",3,0.8,"orig.ident",0.000478011472275335
"11","PRJNA662018_PRJNA662018_P5T5",0,0.8,"orig.ident",0
"12","PRJNA662018_PRJNA662018_P5T5",3,0.8,"orig.ident",0.000625
"13","PRJNA662018_PRJNA662018_P5T5",0,0.8,"orig.ident",0
"14","PRJNA662018_PRJNA662018_P5T5",2,0.8,"orig.ident",0.00146198830409357
"15","PRJNA662018_PRJNA662018_P5T5",0,0.8,"orig.ident",0
"singleton","PRJNA662018_PRJNA662018_P5T5",0,0.8,"orig.ident",0
"0","PRJNA662018_PRJNA662018_P6N2",29,0.8,"orig.ident",0.00198602931105328
"1","PRJNA662018_PRJNA662018_P6N2",161,0.8,"orig.ident",0.0139454309224773
"2","PRJNA662018_PRJNA662018_P6N2",384,0.8,"orig.ident",0.0338266384778013
"3","PRJNA662018_PRJNA662018_P6N2",366,0.8,"orig.ident",0.0331852389155862
"4","PRJNA662018_PRJNA662018_P6N2",309,0.8,"orig.ident",0.0291234684260132
"5","PRJNA662018_PRJNA662018_P6N2",0,0.8,"orig.ident",0
"6","PRJNA662018_PRJNA662018_P6N2",0,0.8,"orig.ident",0
"7","PRJNA662018_PRJNA662018_P6N2",148,0.8,"orig.ident",0.0165215449877205
"8","PRJNA662018_PRJNA662018_P6N2",0,0.8,"orig.ident",0
"9","PRJNA662018_PRJNA662018_P6N2",0,0.8,"orig.ident",0
"10","PRJNA662018_PRJNA662018_P6N2",43,0.8,"orig.ident",0.0068514977692798
"11","PRJNA662018_PRJNA662018_P6N2",52,0.8,"orig.ident",0.0103297576479936
"12","PRJNA662018_PRJNA662018_P6N2",63,0.8,"orig.ident",0.013125
"13","PRJNA662018_PRJNA662018_P6N2",0,0.8,"orig.ident",0
"14","PRJNA662018_PRJNA662018_P6N2",47,0.8,"orig.ident",0.0343567251461988
"15","PRJNA662018_PRJNA662018_P6N2",0,0.8,"orig.ident",0
"singleton","PRJNA662018_PRJNA662018_P6N2",0,0.8,"orig.ident",0
"0","PRJNA662018_PRJNA662018_P6T6",0,0.8,"orig.ident",0
"1","PRJNA662018_PRJNA662018_P6T6",12,0.8,"orig.ident",0.00103941100043309
"2","PRJNA662018_PRJNA662018_P6T6",7,0.8,"orig.ident",0.000616631430584919
"3","PRJNA662018_PRJNA662018_P6T6",1,0.8,"orig.ident",9.06700516819295e-05
"4","PRJNA662018_PRJNA662018_P6T6",2,0.8,"orig.ident",0.000188501413760603
"5","PRJNA662018_PRJNA662018_P6T6",0,0.8,"orig.ident",0
"6","PRJNA662018_PRJNA662018_P6T6",0,0.8,"orig.ident",0
"7","PRJNA662018_PRJNA662018_P6T6",3,0.8,"orig.ident",0.000334896182183523
"8","PRJNA662018_PRJNA662018_P6T6",0,0.8,"orig.ident",0
"9","PRJNA662018_PRJNA662018_P6T6",0,0.8,"orig.ident",0
"10","PRJNA662018_PRJNA662018_P6T6",0,0.8,"orig.ident",0
"11","PRJNA662018_PRJNA662018_P6T6",3,0.8,"orig.ident",0.000595947556615018
"12","PRJNA662018_PRJNA662018_P6T6",1,0.8,"orig.ident",0.000208333333333333
"13","PRJNA662018_PRJNA662018_P6T6",0,0.8,"orig.ident",0
"14","PRJNA662018_PRJNA662018_P6T6",0,0.8,"orig.ident",0
"15","PRJNA662018_PRJNA662018_P6T6",0,0.8,"orig.ident",0
"singleton","PRJNA662018_PRJNA662018_P6T6",0,0.8,"orig.ident",0
"0","PRJNA662018_PRJNA662018_P7T7",50,0.8,"orig.ident",0.00342418846733324
"1","PRJNA662018_PRJNA662018_P7T7",194,0.8,"orig.ident",0.0168038111736683
"2","PRJNA662018_PRJNA662018_P7T7",204,0.8,"orig.ident",0.0179704016913319
"3","PRJNA662018_PRJNA662018_P7T7",273,0.8,"orig.ident",0.0247529241091667
"4","PRJNA662018_PRJNA662018_P7T7",136,0.8,"orig.ident",0.012818096135721
"5","PRJNA662018_PRJNA662018_P7T7",0,0.8,"orig.ident",0
"6","PRJNA662018_PRJNA662018_P7T7",0,0.8,"orig.ident",0
"7","PRJNA662018_PRJNA662018_P7T7",157,0.8,"orig.ident",0.017526233534271
"8","PRJNA662018_PRJNA662018_P7T7",0,0.8,"orig.ident",0
"9","PRJNA662018_PRJNA662018_P7T7",0,0.8,"orig.ident",0
"10","PRJNA662018_PRJNA662018_P7T7",9,0.8,"orig.ident",0.001434034416826
"11","PRJNA662018_PRJNA662018_P7T7",29,0.8,"orig.ident",0.00576082638061184
"12","PRJNA662018_PRJNA662018_P7T7",26,0.8,"orig.ident",0.00541666666666667
"13","PRJNA662018_PRJNA662018_P7T7",0,0.8,"orig.ident",0
"14","PRJNA662018_PRJNA662018_P7T7",10,0.8,"orig.ident",0.00730994152046784
"15","PRJNA662018_PRJNA662018_P7T7",1,0.8,"orig.ident",0.00132450331125828
"singleton","PRJNA662018_PRJNA662018_P7T7",0,0.8,"orig.ident",0
"0","PRJNA662018_PRJNA662018_P8T8",0,0.8,"orig.ident",0
"1","PRJNA662018_PRJNA662018_P8T8",2,0.8,"orig.ident",0.000173235166738848
"2","PRJNA662018_PRJNA662018_P8T8",0,0.8,"orig.ident",0
"3","PRJNA662018_PRJNA662018_P8T8",10,0.8,"orig.ident",0.000906700516819295
"4","PRJNA662018_PRJNA662018_P8T8",0,0.8,"orig.ident",0
"5","PRJNA662018_PRJNA662018_P8T8",0,0.8,"orig.ident",0
"6","PRJNA662018_PRJNA662018_P8T8",0,0.8,"orig.ident",0
"7","PRJNA662018_PRJNA662018_P8T8",1,0.8,"orig.ident",0.000111632060727841
"8","PRJNA662018_PRJNA662018_P8T8",0,0.8,"orig.ident",0
"9","PRJNA662018_PRJNA662018_P8T8",0,0.8,"orig.ident",0
"10","PRJNA662018_PRJNA662018_P8T8",6,0.8,"orig.ident",0.000956022944550669
"11","PRJNA662018_PRJNA662018_P8T8",0,0.8,"orig.ident",0
"12","PRJNA662018_PRJNA662018_P8T8",1,0.8,"orig.ident",0.000208333333333333
"13","PRJNA662018_PRJNA662018_P8T8",0,0.8,"orig.ident",0
"14","PRJNA662018_PRJNA662018_P8T8",1,0.8,"orig.ident",0.000730994152046784
"15","PRJNA662018_PRJNA662018_P8T8",0,0.8,"orig.ident",0
"singleton","PRJNA662018_PRJNA662018_P8T8",0,0.8,"orig.ident",0
"0","T4091568",0,0.8,"orig.ident",0
"1","T4091568",37,0.8,"orig.ident",0.00320485058466869
"2","T4091568",0,0.8,"orig.ident",0
"3","T4091568",8,0.8,"orig.ident",0.000725360413455436
"4","T4091568",0,0.8,"orig.ident",0
"5","T4091568",354,0.8,"orig.ident",0.0383116883116883
"6","T4091568",752,0.8,"orig.ident",0.0816858570497502
"7","T4091568",0,0.8,"orig.ident",0
"8","T4091568",366,0.8,"orig.ident",0.0419869221062292
"9","T4091568",637,0.8,"orig.ident",0.0783614220691352
"10","T4091568",71,0.8,"orig.ident",0.0113129381771829
"11","T4091568",109,0.8,"orig.ident",0.021652761223679
"12","T4091568",0,0.8,"orig.ident",0
"13","T4091568",116,0.8,"orig.ident",0.0371318822023047
"14","T4091568",0,0.8,"orig.ident",0
"15","T4091568",0,0.8,"orig.ident",0
"singleton","T4091568",0,0.8,"orig.ident",0
"0","T4295396",0,0.8,"orig.ident",0
"1","T4295396",28,0.8,"orig.ident",0.00242529233434387
"2","T4295396",0,0.8,"orig.ident",0
"3","T4295396",6,0.8,"orig.ident",0.000544020310091577
"4","T4295396",0,0.8,"orig.ident",0
"5","T4295396",786,0.8,"orig.ident",0.0850649350649351
"6","T4295396",764,0.8,"orig.ident",0.0829893547686292
"7","T4295396",0,0.8,"orig.ident",0
"8","T4295396",968,0.8,"orig.ident",0.111047378685328
"9","T4295396",833,0.8,"orig.ident",0.102472628859638
"10","T4295396",245,0.8,"orig.ident",0.0390376035691523
"11","T4295396",106,0.8,"orig.ident",0.021056813667064
"12","T4295396",1,0.8,"orig.ident",0.000208333333333333
"13","T4295396",752,0.8,"orig.ident",0.240717029449424
"14","T4295396",11,0.8,"orig.ident",0.00804093567251462
"15","T4295396",0,0.8,"orig.ident",0
"singleton","T4295396",0,0.8,"orig.ident",0
"0","T4380845",0,0.8,"orig.ident",0
"1","T4380845",14,0.8,"orig.ident",0.00121264616717194
"2","T4380845",0,0.8,"orig.ident",0
"3","T4380845",4,0.8,"orig.ident",0.000362680206727718
"4","T4380845",0,0.8,"orig.ident",0
"5","T4380845",302,0.8,"orig.ident",0.0326839826839827
"6","T4380845",589,0.8,"orig.ident",0.0639800130349772
"7","T4380845",0,0.8,"orig.ident",0
"8","T4380845",528,0.8,"orig.ident",0.0605712974647241
"9","T4380845",271,0.8,"orig.ident",0.0333374338787059
"10","T4380845",57,0.8,"orig.ident",0.00908221797323136
"11","T4380845",108,0.8,"orig.ident",0.0214541120381406
"12","T4380845",0,0.8,"orig.ident",0
"13","T4380845",169,0.8,"orig.ident",0.0540973111395647
"14","T4380845",3,0.8,"orig.ident",0.00219298245614035
"15","T4380845",0,0.8,"orig.ident",0
"singleton","T4380845",0,0.8,"orig.ident",0
"0","T4398343",0,0.8,"orig.ident",0
"1","T4398343",52,0.8,"orig.ident",0.00450411433521005
"2","T4398343",0,0.8,"orig.ident",0
"3","T4398343",17,0.8,"orig.ident",0.0015413908785928
"4","T4398343",0,0.8,"orig.ident",0
"5","T4398343",1664,0.8,"orig.ident",0.18008658008658
"6","T4398343",754,0.8,"orig.ident",0.0819031066695633
"7","T4398343",0,0.8,"orig.ident",0
"8","T4398343",714,0.8,"orig.ident",0.0819089136170701
"9","T4398343",985,0.8,"orig.ident",0.121171115758396
"10","T4398343",444,0.8,"orig.ident",0.0707456978967495
"11","T4398343",242,0.8,"orig.ident",0.0480731029002781
"12","T4398343",0,0.8,"orig.ident",0
"13","T4398343",598,0.8,"orig.ident",0.191421254801536
"14","T4398343",6,0.8,"orig.ident",0.0043859649122807
"15","T4398343",0,0.8,"orig.ident",0
"singleton","T4398343",0,0.8,"orig.ident",0
"0","T4450398",0,0.8,"orig.ident",0
"1","T4450398",123,0.8,"orig.ident",0.0106539627544392
"2","T4450398",0,0.8,"orig.ident",0
"3","T4450398",34,0.8,"orig.ident",0.0030827817571856
"4","T4450398",0,0.8,"orig.ident",0
"5","T4450398",930,0.8,"orig.ident",0.100649350649351
"6","T4450398",1358,0.8,"orig.ident",0.147512491853139
"7","T4450398",0,0.8,"orig.ident",0
"8","T4450398",1712,0.8,"orig.ident",0.196397843294711
"9","T4450398",1242,0.8,"orig.ident",0.152786320580637
"10","T4450398",192,0.8,"orig.ident",0.0305927342256214
"11","T4450398",86,0.8,"orig.ident",0.0170838299562972
"12","T4450398",0,0.8,"orig.ident",0
"13","T4450398",293,0.8,"orig.ident",0.0937900128040973
"14","T4450398",1,0.8,"orig.ident",0.000730994152046784
"15","T4450398",0,0.8,"orig.ident",0
"singleton","T4450398",0,0.8,"orig.ident",0
"0","T4463209a",0,0.8,"orig.ident",0
"1","T4463209a",29,0.8,"orig.ident",0.0025119099177133
"2","T4463209a",0,0.8,"orig.ident",0
"3","T4463209a",39,0.8,"orig.ident",0.00353613201559525
"4","T4463209a",0,0.8,"orig.ident",0
"5","T4463209a",1549,0.8,"orig.ident",0.167640692640693
"6","T4463209a",471,0.8,"orig.ident",0.0511622854660004
"7","T4463209a",0,0.8,"orig.ident",0
"8","T4463209a",1129,0.8,"orig.ident",0.129517035677412
"9","T4463209a",315,0.8,"orig.ident",0.0387501537704515
"10","T4463209a",324,0.8,"orig.ident",0.0516252390057361
"11","T4463209a",299,0.8,"orig.ident",0.0593961064759634
"12","T4463209a",0,0.8,"orig.ident",0
"13","T4463209a",483,0.8,"orig.ident",0.15460947503201
"14","T4463209a",9,0.8,"orig.ident",0.00657894736842105
"15","T4463209a",0,0.8,"orig.ident",0
"singleton","T4463209a",0,0.8,"orig.ident",0
"0","T4463209b",0,0.8,"orig.ident",0
"1","T4463209b",34,0.8,"orig.ident",0.00294499783456042
"2","T4463209b",0,0.8,"orig.ident",0
"3","T4463209b",15,0.8,"orig.ident",0.00136005077522894
"4","T4463209b",0,0.8,"orig.ident",0
"5","T4463209b",486,0.8,"orig.ident",0.0525974025974026
"6","T4463209b",743,0.8,"orig.ident",0.0807082337605909
"7","T4463209b",0,0.8,"orig.ident",0
"8","T4463209b",385,0.8,"orig.ident",0.044166571068028
"9","T4463209b",522,0.8,"orig.ident",0.064214540533891
"10","T4463209b",212,0.8,"orig.ident",0.0337794773741236
"11","T4463209b",181,0.8,"orig.ident",0.0359555025824394
"12","T4463209b",0,0.8,"orig.ident",0
"13","T4463209b",252,0.8,"orig.ident",0.0806658130601793
"14","T4463209b",2,0.8,"orig.ident",0.00146198830409357
"15","T4463209b",0,0.8,"orig.ident",0
"singleton","T4463209b",0,0.8,"orig.ident",0
"0","T4465219",0,0.8,"orig.ident",0
"1","T4465219",168,0.8,"orig.ident",0.0145517540060632
"2","T4465219",1,0.8,"orig.ident",8.80902043692741e-05
"3","T4465219",14,0.8,"orig.ident",0.00126938072354701
"4","T4465219",9,0.8,"orig.ident",0.000848256361922714
"5","T4465219",126,0.8,"orig.ident",0.0136363636363636
"6","T4465219",219,0.8,"orig.ident",0.0237888333695416
"7","T4465219",0,0.8,"orig.ident",0
"8","T4465219",68,0.8,"orig.ident",0.00780084891591144
"9","T4465219",167,0.8,"orig.ident",0.0205437323163981
"10","T4465219",410,0.8,"orig.ident",0.0653282345442957
"11","T4465219",164,0.8,"orig.ident",0.0325784664282876
"12","T4465219",10,0.8,"orig.ident",0.00208333333333333
"13","T4465219",16,0.8,"orig.ident",0.00512163892445583
"14","T4465219",0,0.8,"orig.ident",0
"15","T4465219",0,0.8,"orig.ident",0
"singleton","T4465219",0,0.8,"orig.ident",0
"0","T4465935",1,0.8,"orig.ident",6.84837693466648e-05
"1","T4465935",58,0.8,"orig.ident",0.00502381983542659
"2","T4465935",0,0.8,"orig.ident",0
"3","T4465935",27,0.8,"orig.ident",0.0024480913954121
"4","T4465935",0,0.8,"orig.ident",0
"5","T4465935",813,0.8,"orig.ident",0.087987012987013
"6","T4465935",376,0.8,"orig.ident",0.0408429285248751
"7","T4465935",0,0.8,"orig.ident",0
"8","T4465935",270,0.8,"orig.ident",0.0309739589308248
"9","T4465935",875,0.8,"orig.ident",0.107639316029032
"10","T4465935",76,0.8,"orig.ident",0.0121096239643085
"11","T4465935",117,0.8,"orig.ident",0.0232419547079857
"12","T4465935",0,0.8,"orig.ident",0
"13","T4465935",121,0.8,"orig.ident",0.0387323943661972
"14","T4465935",0,0.8,"orig.ident",0
"15","T4465935",0,0.8,"orig.ident",0
"singleton","T4465935",0,0.8,"orig.ident",0
"0","T4466585",0,0.8,"orig.ident",0
"1","T4466585",19,0.8,"orig.ident",0.00164573408401906
"2","T4466585",0,0.8,"orig.ident",0
"3","T4466585",5,0.8,"orig.ident",0.000453350258409647
"4","T4466585",0,0.8,"orig.ident",0
"5","T4466585",225,0.8,"orig.ident",0.0243506493506494
"6","T4466585",255,0.8,"orig.ident",0.0276993265261786
"7","T4466585",0,0.8,"orig.ident",0
"8","T4466585",131,0.8,"orig.ident",0.0150281059997706
"9","T4466585",430,0.8,"orig.ident",0.0528970353056957
"10","T4466585",31,0.8,"orig.ident",0.00493945188017846
"11","T4466585",29,0.8,"orig.ident",0.00576082638061184
"12","T4466585",0,0.8,"orig.ident",0
"13","T4466585",45,0.8,"orig.ident",0.014404609475032
"14","T4466585",0,0.8,"orig.ident",0
"15","T4466585",0,0.8,"orig.ident",0
"singleton","T4466585",0,0.8,"orig.ident",0
"0","T4469479",0,0.8,"orig.ident",0
"1","T4469479",53,0.8,"orig.ident",0.00459073191857947
"2","T4469479",0,0.8,"orig.ident",0
"3","T4469479",32,0.8,"orig.ident",0.00290144165382174
"4","T4469479",0,0.8,"orig.ident",0
"5","T4469479",678,0.8,"orig.ident",0.0733766233766234
"6","T4469479",762,0.8,"orig.ident",0.082772105148816
"7","T4469479",0,0.8,"orig.ident",0
"8","T4469479",387,0.8,"orig.ident",0.0443960078008489
"9","T4469479",551,0.8,"orig.ident",0.0677820150079961
"10","T4469479",106,0.8,"orig.ident",0.0168897386870618
"11","T4469479",89,0.8,"orig.ident",0.0176797775129122
"12","T4469479",0,0.8,"orig.ident",0
"13","T4469479",75,0.8,"orig.ident",0.0240076824583867
"14","T4469479",0,0.8,"orig.ident",0
"15","T4469479",0,0.8,"orig.ident",0
"singleton","T4469479",0,0.8,"orig.ident",0
"0","T4471438",0,0.8,"orig.ident",0
"1","T4471438",76,0.8,"orig.ident",0.00658293633607622
"2","T4471438",0,0.8,"orig.ident",0
"3","T4471438",28,0.8,"orig.ident",0.00253876144709403
"4","T4471438",0,0.8,"orig.ident",0
"5","T4471438",946,0.8,"orig.ident",0.102380952380952
"6","T4471438",1802,0.8,"orig.ident",0.195741907451662
"7","T4471438",0,0.8,"orig.ident",0
"8","T4471438",1646,0.8,"orig.ident",0.188826431111621
"9","T4471438",927,0.8,"orig.ident",0.114036166810186
"10","T4471438",83,0.8,"orig.ident",0.0132249840662843
"11","T4471438",459,0.8,"orig.ident",0.0911799761620977
"12","T4471438",0,0.8,"orig.ident",0
"13","T4471438",108,0.8,"orig.ident",0.0345710627400768
"14","T4471438",0,0.8,"orig.ident",0
"15","T4471438",0,0.8,"orig.ident",0
"singleton","T4471438",0,0.8,"orig.ident",0
"0","T8009218",0,0.8,"orig.ident",0
"1","T8009218",24,0.8,"orig.ident",0.00207882200086618
"2","T8009218",0,0.8,"orig.ident",0
"3","T8009218",15,0.8,"orig.ident",0.00136005077522894
"4","T8009218",0,0.8,"orig.ident",0
"5","T8009218",378,0.8,"orig.ident",0.0409090909090909
"6","T8009218",358,0.8,"orig.ident",0.0388876819465566
"7","T8009218",0,0.8,"orig.ident",0
"8","T8009218",413,0.8,"orig.ident",0.0473786853275209
"9","T8009218",367,0.8,"orig.ident",0.0451470045516054
"10","T8009218",235,0.8,"orig.ident",0.0374442319949012
"11","T8009218",74,0.8,"orig.ident",0.0147000397298371
"12","T8009218",0,0.8,"orig.ident",0
"13","T8009218",96,0.8,"orig.ident",0.030729833546735
"14","T8009218",0,0.8,"orig.ident",0
"15","T8009218",0,0.8,"orig.ident",0
"singleton","T8009218",0,0.8,"orig.ident",0
"0","MIBC",5252,0.8,"Type",0.359676756608684
"1","MIBC",3642,0.8,"Type",0.315461238631442
"2","MIBC",2542,0.8,"Type",0.223925299506695
"3","MIBC",4129,0.8,"Type",0.374376643394687
"4","MIBC",3107,0.8,"Type",0.292836946277097
"5","MIBC",9240,0.8,"Type",1
"6","MIBC",9206,0.8,"Type",1
"7","MIBC",2041,0.8,"Type",0.227841035945524
"8","MIBC",8717,0.8,"Type",1
"9","MIBC",8129,0.8,"Type",1
"10","MIBC",3437,0.8,"Type",0.547641810070108
"11","MIBC",2755,0.8,"Type",0.547278506158125
"12","MIBC",1374,0.8,"Type",0.28625
"13","MIBC",3124,0.8,"Type",1
"14","MIBC",414,0.8,"Type",0.302631578947368
"15","MIBC",740,0.8,"Type",0.980132450331126
"singleton","MIBC",0,0.8,"Type",0
"0","NMIBC",7150,0.8,"Type",0.489658950828654
"1","NMIBC",3885,0.8,"Type",0.336509311390212
"2","NMIBC",3263,0.8,"Type",0.287438336856942
"3","NMIBC",3904,0.8,"Type",0.353975881766253
"4","NMIBC",3395,0.8,"Type",0.319981149858624
"5","NMIBC",0,0.8,"Type",0
"6","NMIBC",0,0.8,"Type",0
"7","NMIBC",2816,0.8,"Type",0.3143558830096
"8","NMIBC",0,0.8,"Type",0
"9","NMIBC",0,0.8,"Type",0
"10","NMIBC",1488,0.8,"Type",0.237093690248566
"11","NMIBC",975,0.8,"Type",0.193682955899881
"12","NMIBC",1673,0.8,"Type",0.348541666666667
"13","NMIBC",0,0.8,"Type",0
"14","NMIBC",487,0.8,"Type",0.355994152046784
"15","NMIBC",12,0.8,"Type",0.0158940397350993
"singleton","NMIBC",1,0.8,"Type",1
"0","Normal",2200,0.8,"Type",0.150664292562663
"1","Normal",4018,0.8,"Type",0.348029449978346
"2","Normal",5547,0.8,"Type",0.488636363636364
"3","Normal",2996,0.8,"Type",0.271647474839061
"4","Normal",4108,0.8,"Type",0.387181903864279
"5","Normal",0,0.8,"Type",0
"6","Normal",0,0.8,"Type",0
"7","Normal",4101,0.8,"Type",0.457803081044876
"8","Normal",0,0.8,"Type",0
"9","Normal",0,0.8,"Type",0
"10","Normal",1351,0.8,"Type",0.215264499681326
"11","Normal",1304,0.8,"Type",0.259038537941994
"12","Normal",1753,0.8,"Type",0.365208333333333
"13","Normal",0,0.8,"Type",0
"14","Normal",467,0.8,"Type",0.341374269005848
"15","Normal",3,0.8,"Type",0.00397350993377483
"singleton","Normal",0,0.8,"Type",0
"0","Normal",2200,0.8,"T_stage",0.150664292562663
"1","Normal",4018,0.8,"T_stage",0.348029449978346
"2","Normal",5547,0.8,"T_stage",0.488636363636364
"3","Normal",2996,0.8,"T_stage",0.271647474839061
"4","Normal",4108,0.8,"T_stage",0.387181903864279
"5","Normal",0,0.8,"T_stage",0
"6","Normal",0,0.8,"T_stage",0
"7","Normal",4101,0.8,"T_stage",0.457803081044876
"8","Normal",0,0.8,"T_stage",0
"9","Normal",0,0.8,"T_stage",0
"10","Normal",1351,0.8,"T_stage",0.215264499681326
"11","Normal",1304,0.8,"T_stage",0.259038537941994
"12","Normal",1753,0.8,"T_stage",0.365208333333333
"13","Normal",0,0.8,"T_stage",0
"14","Normal",467,0.8,"T_stage",0.341374269005848
"15","Normal",3,0.8,"T_stage",0.00397350993377483
"singleton","Normal",0,0.8,"T_stage",0
"0","T1",2390,0.8,"T_stage",0.163676208738529
"1","T1",1924,0.8,"T_stage",0.166652230402772
"2","T1",1482,0.8,"T_stage",0.130549682875264
"3","T1",1377,0.8,"T_stage",0.124852661166017
"4","T1",1463,0.8,"T_stage",0.137888784165881
"5","T1",0,0.8,"T_stage",0
"6","T1",0,0.8,"T_stage",0
"7","T1",1113,0.8,"T_stage",0.124246483590087
"8","T1",0,0.8,"T_stage",0
"9","T1",0,0.8,"T_stage",0
"10","T1",602,0.8,"T_stage",0.0959209687699171
"11","T1",387,0.8,"T_stage",0.0768772348033373
"12","T1",703,0.8,"T_stage",0.146458333333333
"13","T1",0,0.8,"T_stage",0
"14","T1",108,0.8,"T_stage",0.0789473684210526
"15","T1",2,0.8,"T_stage",0.00264900662251656
"singleton","T1",1,0.8,"T_stage",1
"0","T2",329,0.8,"T_stage",0.0225311601150527
"1","T2",1086,0.8,"T_stage",0.0940666955391945
"2","T2",540,0.8,"T_stage",0.047568710359408
"3","T2",1042,0.8,"T_stage",0.0944781938525705
"4","T2",307,0.8,"T_stage",0.0289349670122526
"5","T2",6881,0.8,"T_stage",0.74469696969697
"6","T2",5529,0.8,"T_stage",0.600586573973496
"7","T2",118,0.8,"T_stage",0.0131725831658852
"8","T2",5905,0.8,"T_stage",0.67741195365378
"9","T2",5640,0.8,"T_stage",0.693812277032845
"10","T2",2068,0.8,"T_stage",0.329509241555131
"11","T2",1398,0.8,"T_stage",0.277711561382598
"12","T2",244,0.8,"T_stage",0.0508333333333333
"13","T2",2729,0.8,"T_stage",0.873559539052497
"14","T2",85,0.8,"T_stage",0.0621345029239766
"15","T2",1,0.8,"T_stage",0.00132450331125828
"singleton","T2",0,0.8,"T_stage",0
"0","T3",3223,0.8,"T_stage",0.220723188604301
"1","T3",1046,0.8,"T_stage",0.0906019922044175
"2","T3",1348,0.8,"T_stage",0.118745595489782
"3","T3",1726,0.8,"T_stage",0.15649650920301
"4","T3",1876,0.8,"T_stage",0.176814326107446
"5","T3",378,0.8,"T_stage",0.0409090909090909
"6","T3",358,0.8,"T_stage",0.0388876819465566
"7","T3",1471,0.8,"T_stage",0.164210761330654
"8","T3",413,0.8,"T_stage",0.0473786853275209
"9","T3",367,0.8,"T_stage",0.0451470045516054
"10","T3",798,0.8,"T_stage",0.127151051625239
"11","T3",402,0.8,"T_stage",0.0798569725864124
"12","T3",852,0.8,"T_stage",0.1775
"13","T3",96,0.8,"T_stage",0.030729833546735
"14","T3",241,0.8,"T_stage",0.176169590643275
"15","T3",5,0.8,"T_stage",0.00662251655629139
"singleton","T3",0,0.8,"T_stage",0
"0","T4",787,0.8,"T_stage",0.0538967264758252
"1","T4",332,0.8,"T_stage",0.0287570376786488
"2","T4",180,0.8,"T_stage",0.0158562367864693
"3","T4",519,0.8,"T_stage",0.0470577568229214
"4","T4",336,0.8,"T_stage",0.0316682375117813
"5","T4",1978,0.8,"T_stage",0.214069264069264
"6","T4",3316,0.8,"T_stage",0.360199869650228
"7","T4",247,0.8,"T_stage",0.0275731189997767
"8","T4",2399,0.8,"T_stage",0.275209361018699
"9","T4",2115,0.8,"T_stage",0.260179603887317
"10","T4",341,0.8,"T_stage",0.054333970681963
"11","T4",780,0.8,"T_stage",0.154946364719905
"12","T4",135,0.8,"T_stage",0.028125
"13","T4",299,0.8,"T_stage",0.0957106274007682
"14","T4",41,0.8,"T_stage",0.0299707602339181
"15","T4",1,0.8,"T_stage",0.00132450331125828
"singleton","T4",0,0.8,"T_stage",0
"0","Ta",3309,0.8,"T_stage",0.226612792768114
"1","Ta",355,0.8,"T_stage",0.0307492420961455
"2","Ta",254,0.8,"T_stage",0.0223749119097956
"3","Ta",808,0.8,"T_stage",0.073261401758999
"4","Ta",406,0.8,"T_stage",0.0382657869934025
"5","Ta",0,0.8,"T_stage",0
"6","Ta",0,0.8,"T_stage",0
"7","Ta",359,0.8,"T_stage",0.0400759098012949
"8","Ta",0,0.8,"T_stage",0
"9","Ta",0,0.8,"T_stage",0
"10","Ta",131,0.8,"T_stage",0.0208731676226896
"11","Ta",124,0.8,"T_stage",0.0246324990067541
"12","Ta",479,0.8,"T_stage",0.0997916666666667
"13","Ta",0,0.8,"T_stage",0
"14","Ta",127,0.8,"T_stage",0.0928362573099415
"15","Ta",4,0.8,"T_stage",0.00529801324503311
"singleton","Ta",0,0.8,"T_stage",0
"0",NA,2364,0.8,"T_stage",0.161895630735516
"1",NA,2784,0.8,"T_stage",0.241143352100476
"2",NA,2001,0.8,"T_stage",0.176268498942918
"3",NA,2561,0.8,"T_stage",0.232206002357421
"4",NA,2114,0.8,"T_stage",0.199245994344958
"5",NA,3,0.8,"T_stage",0.000324675324675325
"6",NA,3,0.8,"T_stage",0.000325874429719748
"7",NA,1549,0.8,"T_stage",0.172918062067426
"8",NA,0,0.8,"T_stage",0
"9",NA,7,0.8,"T_stage",0.000861114528232255
"10",NA,985,0.8,"T_stage",0.156947100063735
"11",NA,639,0.8,"T_stage",0.126936829558999
"12",NA,634,0.8,"T_stage",0.132083333333333
"13",NA,0,0.8,"T_stage",0
"14",NA,299,0.8,"T_stage",0.218567251461988
"15",NA,739,0.8,"T_stage",0.978807947019868
"singleton",NA,0,0.8,"T_stage",0
"0","N0",8725,0.8,"N_stage",0.597520887549651
"1","N0",3632,0.8,"N_stage",0.314595062797748
"2","N0",3311,0.8,"N_stage",0.291666666666667
"3","N0",4437,0.8,"N_stage",0.402303019312721
"4","N0",3792,0.8,"N_stage",0.357398680490104
"5","N0",0,0.8,"N_stage",0
"6","N0",0,0.8,"N_stage",0
"7","N0",2723,0.8,"N_stage",0.303974101361911
"8","N0",0,0.8,"N_stage",0
"9","N0",0,0.8,"N_stage",0
"10","N0",1311,0.8,"N_stage",0.208891013384321
"11","N0",851,0.8,"N_stage",0.169050456893127
"12","N0",2152,0.8,"N_stage",0.448333333333333
"13","N0",0,0.8,"N_stage",0
"14","N0",477,0.8,"N_stage",0.348684210526316
"15","N0",12,0.8,"N_stage",0.0158940397350993
"singleton","N0",1,0.8,"N_stage",1
"0","N2",777,0.8,"N_stage",0.0532118887823586
"1","N2",155,0.8,"N_stage",0.0134257254222607
"2","N2",166,0.8,"N_stage",0.0146229739252995
"3","N2",424,0.8,"N_stage",0.0384441019131381
"4","N2",325,0.8,"N_stage",0.030631479736098
"5","N2",0,0.8,"N_stage",0
"6","N2",0,0.8,"N_stage",0
"7","N2",220,0.8,"N_stage",0.024559053360125
"8","N2",0,0.8,"N_stage",0
"9","N2",0,0.8,"N_stage",0
"10","N2",61,0.8,"N_stage",0.0097195666029318
"11","N2",111,0.8,"N_stage",0.0220500595947557
"12","N2",121,0.8,"N_stage",0.0252083333333333
"13","N2",0,0.8,"N_stage",0
"14","N2",41,0.8,"N_stage",0.0299707602339181
"15","N2",1,0.8,"N_stage",0.00132450331125828
"singleton","N2",0,0.8,"N_stage",0
"0","N3",535,0.8,"N_stage",0.0366388166004657
"1","N3",241,0.8,"N_stage",0.0208748375920312
"2","N3",326,0.8,"N_stage",0.0287174066243834
"3","N3",367,0.8,"N_stage",0.0332759089672681
"4","N3",262,0.8,"N_stage",0.024693685202639
"5","N3",0,0.8,"N_stage",0
"6","N3",0,0.8,"N_stage",0
"7","N3",365,0.8,"N_stage",0.040745702165662
"8","N3",0,0.8,"N_stage",0
"9","N3",0,0.8,"N_stage",0
"10","N3",82,0.8,"N_stage",0.0130656469088591
"11","N3",66,0.8,"N_stage",0.0131108462455304
"12","N3",129,0.8,"N_stage",0.026875
"13","N3",0,0.8,"N_stage",0
"14","N3",52,0.8,"N_stage",0.0380116959064327
"15","N3",0,0.8,"N_stage",0
"singleton","N3",0,0.8,"N_stage",0
"0","Normal",2200,0.8,"N_stage",0.150664292562663
"1","Normal",4018,0.8,"N_stage",0.348029449978346
"2","Normal",5547,0.8,"N_stage",0.488636363636364
"3","Normal",2996,0.8,"N_stage",0.271647474839061
"4","Normal",4108,0.8,"N_stage",0.387181903864279
"5","Normal",0,0.8,"N_stage",0
"6","Normal",0,0.8,"N_stage",0
"7","Normal",4101,0.8,"N_stage",0.457803081044876
"8","Normal",0,0.8,"N_stage",0
"9","Normal",0,0.8,"N_stage",0
"10","Normal",1351,0.8,"N_stage",0.215264499681326
"11","Normal",1304,0.8,"N_stage",0.259038537941994
"12","Normal",1753,0.8,"N_stage",0.365208333333333
"13","Normal",0,0.8,"N_stage",0
"14","Normal",467,0.8,"N_stage",0.341374269005848
"15","Normal",3,0.8,"N_stage",0.00397350993377483
"singleton","Normal",0,0.8,"N_stage",0
"0",NA,2365,0.8,"N_stage",0.161964114504862
"1",NA,3499,0.8,"N_stage",0.303074924209615
"2",NA,2002,0.8,"N_stage",0.176356589147287
"3",NA,2805,0.8,"N_stage",0.254329494967812
"4",NA,2123,0.8,"N_stage",0.20009425070688
"5",NA,9240,0.8,"N_stage",1
"6",NA,9206,0.8,"N_stage",1
"7",NA,1549,0.8,"N_stage",0.172918062067426
"8",NA,8717,0.8,"N_stage",1
"9",NA,8129,0.8,"N_stage",1
"10",NA,3471,0.8,"N_stage",0.553059273422562
"11",NA,2702,0.8,"N_stage",0.536750099324593
"12",NA,645,0.8,"N_stage",0.134375
"13",NA,3124,0.8,"N_stage",1
"14",NA,331,0.8,"N_stage",0.241959064327485
"15",NA,739,0.8,"N_stage",0.978807947019868
"singleton",NA,0,0.8,"N_stage",0
"0","M0",9260,0.8,"M_stage",0.634159704150116
"1","M0",3873,0.8,"M_stage",0.335469900389779
"2","M0",3637,0.8,"M_stage",0.32038407329105
"3","M0",4804,0.8,"M_stage",0.435578928279989
"4","M0",4054,0.8,"M_stage",0.382092365692743
"5","M0",0,0.8,"M_stage",0
"6","M0",0,0.8,"M_stage",0
"7","M0",3088,0.8,"M_stage",0.344719803527573
"8","M0",0,0.8,"M_stage",0
"9","M0",0,0.8,"M_stage",0
"10","M0",1393,0.8,"M_stage",0.22195666029318
"11","M0",917,0.8,"M_stage",0.182161303138657
"12","M0",2281,0.8,"M_stage",0.475208333333333
"13","M0",0,0.8,"M_stage",0
"14","M0",529,0.8,"M_stage",0.386695906432749
"15","M0",12,0.8,"M_stage",0.0158940397350993
"singleton","M0",1,0.8,"M_stage",1
"0","Normal",2200,0.8,"M_stage",0.150664292562663
"1","Normal",4018,0.8,"M_stage",0.348029449978346
"2","Normal",5547,0.8,"M_stage",0.488636363636364
"3","Normal",2996,0.8,"M_stage",0.271647474839061
"4","Normal",4108,0.8,"M_stage",0.387181903864279
"5","Normal",0,0.8,"M_stage",0
"6","Normal",0,0.8,"M_stage",0
"7","Normal",4101,0.8,"M_stage",0.457803081044876
"8","Normal",0,0.8,"M_stage",0
"9","Normal",0,0.8,"M_stage",0
"10","Normal",1351,0.8,"M_stage",0.215264499681326
"11","Normal",1304,0.8,"M_stage",0.259038537941994
"12","Normal",1753,0.8,"M_stage",0.365208333333333
"13","Normal",0,0.8,"M_stage",0
"14","Normal",467,0.8,"M_stage",0.341374269005848
"15","Normal",3,0.8,"M_stage",0.00397350993377483
"singleton","Normal",0,0.8,"M_stage",0
"0",NA,3142,0.8,"M_stage",0.215176003287221
"1",NA,3654,0.8,"M_stage",0.316500649631875
"2",NA,2168,0.8,"M_stage",0.190979563072586
"3",NA,3229,0.8,"M_stage",0.29277359688095
"4",NA,2448,0.8,"M_stage",0.230725730442978
"5",NA,9240,0.8,"M_stage",1
"6",NA,9206,0.8,"M_stage",1
"7",NA,1769,0.8,"M_stage",0.197477115427551
"8",NA,8717,0.8,"M_stage",1
"9",NA,8129,0.8,"M_stage",1
"10",NA,3532,0.8,"M_stage",0.562778840025494
"11",NA,2813,0.8,"M_stage",0.558800158919348
"12",NA,766,0.8,"M_stage",0.159583333333333
"13",NA,3124,0.8,"M_stage",1
"14",NA,372,0.8,"M_stage",0.271929824561404
"15",NA,740,0.8,"M_stage",0.980132450331126
"singleton",NA,0,0.8,"M_stage",0
"0","CNP0000460",2689,1.2,"dataset",0.240906647554202
"1","CNP0000460",3223,1.2,"dataset",0.294096176658454
"2","CNP0000460",1531,1.2,"dataset",0.157477885208805
"3","CNP0000460",0,1.2,"dataset",0
"4","CNP0000460",0,1.2,"dataset",0
"5","CNP0000460",2534,1.2,"dataset",0.277546549835706
"6","CNP0000460",1726,1.2,"dataset",0.190444665121924
"7","CNP0000460",1082,1.2,"dataset",0.122550685241817
"8","CNP0000460",0,1.2,"dataset",0
"9","CNP0000460",0,1.2,"dataset",0
"10","CNP0000460",657,1.2,"dataset",0.101295097132285
"11","CNP0000460",1588,1.2,"dataset",0.261399176954733
"12","CNP0000460",1749,1.2,"dataset",0.296893566457308
"13","CNP0000460",615,1.2,"dataset",0.127646326276463
"14","CNP0000460",0,1.2,"dataset",0
"15","CNP0000460",489,1.2,"dataset",0.168214654282766
"16","CNP0000460",4,1.2,"dataset",0.00519480519480519
"17","CNP0000460",298,1.2,"dataset",0.584313725490196
"singleton","CNP0000460",0,1.2,"dataset",0
"0","GSE326225",481,1.2,"dataset",0.0430926357283641
"1","GSE326225",550,1.2,"dataset",0.0501870608632174
"2","GSE326225",31,1.2,"dataset",0.00318864431186999
"3","GSE326225",3,1.2,"dataset",0.000319863524896044
"4","GSE326225",3,1.2,"dataset",0.00032520325203252
"5","GSE326225",610,1.2,"dataset",0.0668127053669222
"6","GSE326225",849,1.2,"dataset",0.0936775902019199
"7","GSE326225",285,1.2,"dataset",0.0322799864084268
"8","GSE326225",0,1.2,"dataset",0
"9","GSE326225",7,1.2,"dataset",0.000885291513848489
"10","GSE326225",216,1.2,"dataset",0.0333024976873266
"11","GSE326225",113,1.2,"dataset",0.0186008230452675
"12","GSE326225",125,1.2,"dataset",0.021218808351723
"13","GSE326225",139,1.2,"dataset",0.0288501452885015
"14","GSE326225",0,1.2,"dataset",0
"15","GSE326225",86,1.2,"dataset",0.0295837633298934
"16","GSE326225",744,1.2,"dataset",0.966233766233766
"17","GSE326225",5,1.2,"dataset",0.00980392156862745
"singleton","GSE326225",0,1.2,"dataset",0
"0","HRA003620",5168,1.2,"dataset",0.462999462461924
"1","HRA003620",4261,1.2,"dataset",0.388812847887581
"2","HRA003620",5855,1.2,"dataset",0.602242336967702
"3","HRA003620",0,1.2,"dataset",0
"4","HRA003620",0,1.2,"dataset",0
"5","HRA003620",3028,1.2,"dataset",0.331653888280394
"6","HRA003620",5142,1.2,"dataset",0.567361800728236
"7","HRA003620",6465,1.2,"dataset",0.732246007475365
"8","HRA003620",0,1.2,"dataset",0
"9","HRA003620",0,1.2,"dataset",0
"10","HRA003620",1959,1.2,"dataset",0.302035152636448
"11","HRA003620",3262,1.2,"dataset",0.536954732510288
"12","HRA003620",2218,1.2,"dataset",0.376506535392972
"13","HRA003620",1525,1.2,"dataset",0.316521378165214
"14","HRA003620",0,1.2,"dataset",0
"15","HRA003620",1631,1.2,"dataset",0.561059511523908
"16","HRA003620",14,1.2,"dataset",0.0181818181818182
"17","HRA003620",101,1.2,"dataset",0.198039215686275
"singleton","HRA003620",1,1.2,"dataset",1
"0","InhouseData",27,1.2,"dataset",0.0024189213402616
"1","InhouseData",244,1.2,"dataset",0.0222648051829547
"2","InhouseData",0,1.2,"dataset",0
"3","InhouseData",9376,1.2,"dataset",0.999680136475104
"4","InhouseData",9222,1.2,"dataset",0.999674796747967
"5","InhouseData",676,1.2,"dataset",0.0740416210295728
"6","InhouseData",20,1.2,"dataset",0.0022067747986318
"7","InhouseData",0,1.2,"dataset",0
"8","InhouseData",8644,1.2,"dataset",1
"9","InhouseData",7900,1.2,"dataset",0.999114708486151
"10","InhouseData",2658,1.2,"dataset",0.409805735430157
"11","InhouseData",11,1.2,"dataset",0.00181069958847737
"12","InhouseData",0,1.2,"dataset",0
"13","InhouseData",1885,1.2,"dataset",0.391241178912412
"14","InhouseData",3268,1.2,"dataset",1
"15","InhouseData",33,1.2,"dataset",0.0113519091847265
"16","InhouseData",0,1.2,"dataset",0
"17","InhouseData",1,1.2,"dataset",0.00196078431372549
"singleton","InhouseData",0,1.2,"dataset",0
"0","PRJNA662018",2797,1.2,"dataset",0.250582332915248
"1","PRJNA662018",2681,1.2,"dataset",0.244639109407793
"2","PRJNA662018",2305,1.2,"dataset",0.237091133511623
"3","PRJNA662018",0,1.2,"dataset",0
"4","PRJNA662018",0,1.2,"dataset",0
"5","PRJNA662018",2282,1.2,"dataset",0.249945235487404
"6","PRJNA662018",1326,1.2,"dataset",0.146309169149288
"7","PRJNA662018",997,1.2,"dataset",0.112923320874391
"8","PRJNA662018",0,1.2,"dataset",0
"9","PRJNA662018",0,1.2,"dataset",0
"10","PRJNA662018",996,1.2,"dataset",0.153561517113784
"11","PRJNA662018",1101,1.2,"dataset",0.181234567901235
"12","PRJNA662018",1799,1.2,"dataset",0.305381089797997
"13","PRJNA662018",654,1.2,"dataset",0.13574097135741
"14","PRJNA662018",0,1.2,"dataset",0
"15","PRJNA662018",668,1.2,"dataset",0.229790161678707
"16","PRJNA662018",8,1.2,"dataset",0.0103896103896104
"17","PRJNA662018",105,1.2,"dataset",0.205882352941176
"singleton","PRJNA662018",0,1.2,"dataset",0
"0","CNP0000460_P01N",328,1.2,"orig.ident",0.029385414800215
"1","CNP0000460_P01N",187,1.2,"orig.ident",0.0170636006934939
"2","CNP0000460_P01N",199,1.2,"orig.ident",0.0204690392923267
"3","CNP0000460_P01N",0,1.2,"orig.ident",0
"4","CNP0000460_P01N",0,1.2,"orig.ident",0
"5","CNP0000460_P01N",369,1.2,"orig.ident",0.0404162102957284
"6","CNP0000460_P01N",288,1.2,"orig.ident",0.0317775571002979
"7","CNP0000460_P01N",34,1.2,"orig.ident",0.00385094574697021
"8","CNP0000460_P01N",0,1.2,"orig.ident",0
"9","CNP0000460_P01N",0,1.2,"orig.ident",0
"10","CNP0000460_P01N",49,1.2,"orig.ident",0.00755473327166204
"11","CNP0000460_P01N",177,1.2,"orig.ident",0.0291358024691358
"12","CNP0000460_P01N",117,1.2,"orig.ident",0.0198608046172127
"13","CNP0000460_P01N",124,1.2,"orig.ident",0.0257368202573682
"14","CNP0000460_P01N",0,1.2,"orig.ident",0
"15","CNP0000460_P01N",8,1.2,"orig.ident",0.00275197798417613
"16","CNP0000460_P01N",0,1.2,"orig.ident",0
"17","CNP0000460_P01N",100,1.2,"orig.ident",0.196078431372549
"singleton","CNP0000460_P01N",0,1.2,"orig.ident",0
"0","CNP0000460_P01T",39,1.2,"orig.ident",0.00349399749148898
"1","CNP0000460_P01T",71,1.2,"orig.ident",0.00647869331143352
"2","CNP0000460_P01T",22,1.2,"orig.ident",0.00226290886648838
"3","CNP0000460_P01T",0,1.2,"orig.ident",0
"4","CNP0000460_P01T",0,1.2,"orig.ident",0
"5","CNP0000460_P01T",63,1.2,"orig.ident",0.00690032858707557
"6","CNP0000460_P01T",191,1.2,"orig.ident",0.0210746993269337
"7","CNP0000460_P01T",95,1.2,"orig.ident",0.0107599954694756
"8","CNP0000460_P01T",0,1.2,"orig.ident",0
"9","CNP0000460_P01T",0,1.2,"orig.ident",0
"10","CNP0000460_P01T",31,1.2,"orig.ident",0.0047795251310515
"11","CNP0000460_P01T",13,1.2,"orig.ident",0.00213991769547325
"12","CNP0000460_P01T",15,1.2,"orig.ident",0.00254625700220676
"13","CNP0000460_P01T",9,1.2,"orig.ident",0.00186799501867995
"14","CNP0000460_P01T",0,1.2,"orig.ident",0
"15","CNP0000460_P01T",6,1.2,"orig.ident",0.00206398348813209
"16","CNP0000460_P01T",1,1.2,"orig.ident",0.0012987012987013
"17","CNP0000460_P01T",3,1.2,"orig.ident",0.00588235294117647
"singleton","CNP0000460_P01T",0,1.2,"orig.ident",0
"0","CNP0000460_P02N",360,1.2,"orig.ident",0.0322522845368214
"1","CNP0000460_P02N",315,1.2,"orig.ident",0.0287434984943882
"2","CNP0000460_P02N",193,1.2,"orig.ident",0.0198518823287389
"3","CNP0000460_P02N",0,1.2,"orig.ident",0
"4","CNP0000460_P02N",0,1.2,"orig.ident",0
"5","CNP0000460_P02N",211,1.2,"orig.ident",0.0231106243154436
"6","CNP0000460_P02N",40,1.2,"orig.ident",0.0044135495972636
"7","CNP0000460_P02N",7,1.2,"orig.ident",0.000792841771435044
"8","CNP0000460_P02N",0,1.2,"orig.ident",0
"9","CNP0000460_P02N",0,1.2,"orig.ident",0
"10","CNP0000460_P02N",20,1.2,"orig.ident",0.00308356460067838
"11","CNP0000460_P02N",139,1.2,"orig.ident",0.022880658436214
"12","CNP0000460_P02N",407,1.2,"orig.ident",0.06908843999321
"13","CNP0000460_P02N",16,1.2,"orig.ident",0.0033208800332088
"14","CNP0000460_P02N",0,1.2,"orig.ident",0
"15","CNP0000460_P02N",103,1.2,"orig.ident",0.0354317165462676
"16","CNP0000460_P02N",0,1.2,"orig.ident",0
"17","CNP0000460_P02N",6,1.2,"orig.ident",0.0117647058823529
"singleton","CNP0000460_P02N",0,1.2,"orig.ident",0
"0","CNP0000460_P02T",194,1.2,"orig.ident",0.017380397778176
"1","CNP0000460_P02T",560,1.2,"orig.ident",0.0510995528789123
"2","CNP0000460_P02T",55,1.2,"orig.ident",0.00565727216622094
"3","CNP0000460_P02T",0,1.2,"orig.ident",0
"4","CNP0000460_P02T",0,1.2,"orig.ident",0
"5","CNP0000460_P02T",296,1.2,"orig.ident",0.032420591456736
"6","CNP0000460_P02T",98,1.2,"orig.ident",0.0108131965132958
"7","CNP0000460_P02T",6,1.2,"orig.ident",0.000679578661230037
"8","CNP0000460_P02T",0,1.2,"orig.ident",0
"9","CNP0000460_P02T",0,1.2,"orig.ident",0
"10","CNP0000460_P02T",31,1.2,"orig.ident",0.0047795251310515
"11","CNP0000460_P02T",251,1.2,"orig.ident",0.0413168724279835
"12","CNP0000460_P02T",256,1.2,"orig.ident",0.0434561195043286
"13","CNP0000460_P02T",34,1.2,"orig.ident",0.0070568700705687
"14","CNP0000460_P02T",0,1.2,"orig.ident",0
"15","CNP0000460_P02T",73,1.2,"orig.ident",0.0251117991056072
"16","CNP0000460_P02T",0,1.2,"orig.ident",0
"17","CNP0000460_P02T",3,1.2,"orig.ident",0.00588235294117647
"singleton","CNP0000460_P02T",0,1.2,"orig.ident",0
"0","CNP0000460_P03N",294,1.2,"orig.ident",0.0263393657050708
"1","CNP0000460_P03N",358,1.2,"orig.ident",0.0326672141618761
"2","CNP0000460_P03N",157,1.2,"orig.ident",0.0161489405472125
"3","CNP0000460_P03N",0,1.2,"orig.ident",0
"4","CNP0000460_P03N",0,1.2,"orig.ident",0
"5","CNP0000460_P03N",319,1.2,"orig.ident",0.0349397590361446
"6","CNP0000460_P03N",260,1.2,"orig.ident",0.0286880723822134
"7","CNP0000460_P03N",22,1.2,"orig.ident",0.00249178842451014
"8","CNP0000460_P03N",0,1.2,"orig.ident",0
"9","CNP0000460_P03N",0,1.2,"orig.ident",0
"10","CNP0000460_P03N",119,1.2,"orig.ident",0.0183472093740364
"11","CNP0000460_P03N",211,1.2,"orig.ident",0.0347325102880658
"12","CNP0000460_P03N",189,1.2,"orig.ident",0.0320828382278051
"13","CNP0000460_P03N",72,1.2,"orig.ident",0.0149439601494396
"14","CNP0000460_P03N",0,1.2,"orig.ident",0
"15","CNP0000460_P03N",28,1.2,"orig.ident",0.00963192294461644
"16","CNP0000460_P03N",0,1.2,"orig.ident",0
"17","CNP0000460_P03N",97,1.2,"orig.ident",0.190196078431373
"singleton","CNP0000460_P03N",0,1.2,"orig.ident",0
"0","CNP0000460_P03T",565,1.2,"orig.ident",0.0506181687869557
"1","CNP0000460_P03T",226,1.2,"orig.ident",0.0206223195547039
"2","CNP0000460_P03T",167,1.2,"orig.ident",0.0171775354865254
"3","CNP0000460_P03T",0,1.2,"orig.ident",0
"4","CNP0000460_P03T",0,1.2,"orig.ident",0
"5","CNP0000460_P03T",364,1.2,"orig.ident",0.03986856516977
"6","CNP0000460_P03T",163,1.2,"orig.ident",0.0179852146088492
"7","CNP0000460_P03T",4,1.2,"orig.ident",0.000453052440820025
"8","CNP0000460_P03T",0,1.2,"orig.ident",0
"9","CNP0000460_P03T",0,1.2,"orig.ident",0
"10","CNP0000460_P03T",70,1.2,"orig.ident",0.0107924761023743
"11","CNP0000460_P03T",301,1.2,"orig.ident",0.0495473251028807
"12","CNP0000460_P03T",195,1.2,"orig.ident",0.0331013410286878
"13","CNP0000460_P03T",103,1.2,"orig.ident",0.0213781652137817
"14","CNP0000460_P03T",0,1.2,"orig.ident",0
"15","CNP0000460_P03T",7,1.2,"orig.ident",0.00240798073615411
"16","CNP0000460_P03T",2,1.2,"orig.ident",0.0025974025974026
"17","CNP0000460_P03T",20,1.2,"orig.ident",0.0392156862745098
"singleton","CNP0000460_P03T",0,1.2,"orig.ident",0
"0","CNP0000460_P04T",279,1.2,"orig.ident",0.0249955205160366
"1","CNP0000460_P04T",364,1.2,"orig.ident",0.033214709371293
"2","CNP0000460_P04T",371,1.2,"orig.ident",0.0381608722485085
"3","CNP0000460_P04T",0,1.2,"orig.ident",0
"4","CNP0000460_P04T",0,1.2,"orig.ident",0
"5","CNP0000460_P04T",242,1.2,"orig.ident",0.0265060240963855
"6","CNP0000460_P04T",168,1.2,"orig.ident",0.0185369083085071
"7","CNP0000460_P04T",410,1.2,"orig.ident",0.0464378751840526
"8","CNP0000460_P04T",0,1.2,"orig.ident",0
"9","CNP0000460_P04T",0,1.2,"orig.ident",0
"10","CNP0000460_P04T",82,1.2,"orig.ident",0.0126426148627814
"11","CNP0000460_P04T",138,1.2,"orig.ident",0.022716049382716
"12","CNP0000460_P04T",197,1.2,"orig.ident",0.0334408419623154
"13","CNP0000460_P04T",66,1.2,"orig.ident",0.0136986301369863
"14","CNP0000460_P04T",0,1.2,"orig.ident",0
"15","CNP0000460_P04T",108,1.2,"orig.ident",0.0371517027863777
"16","CNP0000460_P04T",0,1.2,"orig.ident",0
"17","CNP0000460_P04T",0,1.2,"orig.ident",0
"singleton","CNP0000460_P04T",0,1.2,"orig.ident",0
"0","CNP0000460_P05N",62,1.2,"orig.ident",0.00555456011467479
"1","CNP0000460_P05N",54,1.2,"orig.ident",0.00492745688475226
"2","CNP0000460_P05N",61,1.2,"orig.ident",0.00627442912980868
"3","CNP0000460_P05N",0,1.2,"orig.ident",0
"4","CNP0000460_P05N",0,1.2,"orig.ident",0
"5","CNP0000460_P05N",60,1.2,"orig.ident",0.00657174151150055
"6","CNP0000460_P05N",28,1.2,"orig.ident",0.00308948471808452
"7","CNP0000460_P05N",9,1.2,"orig.ident",0.00101936799184506
"8","CNP0000460_P05N",0,1.2,"orig.ident",0
"9","CNP0000460_P05N",0,1.2,"orig.ident",0
"10","CNP0000460_P05N",7,1.2,"orig.ident",0.00107924761023743
"11","CNP0000460_P05N",33,1.2,"orig.ident",0.0054320987654321
"12","CNP0000460_P05N",50,1.2,"orig.ident",0.00848752334068919
"13","CNP0000460_P05N",28,1.2,"orig.ident",0.0058115400581154
"14","CNP0000460_P05N",0,1.2,"orig.ident",0
"15","CNP0000460_P05N",4,1.2,"orig.ident",0.00137598899208806
"16","CNP0000460_P05N",0,1.2,"orig.ident",0
"17","CNP0000460_P05N",15,1.2,"orig.ident",0.0294117647058824
"singleton","CNP0000460_P05N",0,1.2,"orig.ident",0
"0","CNP0000460_P05T",87,1.2,"orig.ident",0.00779430209639849
"1","CNP0000460_P05T",240,1.2,"orig.ident",0.0218998083766767
"2","CNP0000460_P05T",59,1.2,"orig.ident",0.0060687101419461
"3","CNP0000460_P05T",0,1.2,"orig.ident",0
"4","CNP0000460_P05T",0,1.2,"orig.ident",0
"5","CNP0000460_P05T",115,1.2,"orig.ident",0.0125958378970427
"6","CNP0000460_P05T",30,1.2,"orig.ident",0.0033101621979477
"7","CNP0000460_P05T",41,1.2,"orig.ident",0.00464378751840526
"8","CNP0000460_P05T",0,1.2,"orig.ident",0
"9","CNP0000460_P05T",0,1.2,"orig.ident",0
"10","CNP0000460_P05T",15,1.2,"orig.ident",0.00231267345050879
"11","CNP0000460_P05T",35,1.2,"orig.ident",0.00576131687242798
"12","CNP0000460_P05T",71,1.2,"orig.ident",0.0120522831437786
"13","CNP0000460_P05T",23,1.2,"orig.ident",0.00477376504773765
"14","CNP0000460_P05T",0,1.2,"orig.ident",0
"15","CNP0000460_P05T",23,1.2,"orig.ident",0.00791193670450636
"16","CNP0000460_P05T",0,1.2,"orig.ident",0
"17","CNP0000460_P05T",0,1.2,"orig.ident",0
"singleton","CNP0000460_P05T",0,1.2,"orig.ident",0
"0","CNP0000460_P06T",185,1.2,"orig.ident",0.0165740906647554
"1","CNP0000460_P06T",499,1.2,"orig.ident",0.0455333515831736
"2","CNP0000460_P06T",176,1.2,"orig.ident",0.018103270931907
"3","CNP0000460_P06T",0,1.2,"orig.ident",0
"4","CNP0000460_P06T",0,1.2,"orig.ident",0
"5","CNP0000460_P06T",212,1.2,"orig.ident",0.0232201533406353
"6","CNP0000460_P06T",355,1.2,"orig.ident",0.0391702526757144
"7","CNP0000460_P06T",454,1.2,"orig.ident",0.0514214520330728
"8","CNP0000460_P06T",0,1.2,"orig.ident",0
"9","CNP0000460_P06T",0,1.2,"orig.ident",0
"10","CNP0000460_P06T",121,1.2,"orig.ident",0.0186555658341042
"11","CNP0000460_P06T",118,1.2,"orig.ident",0.0194238683127572
"12","CNP0000460_P06T",114,1.2,"orig.ident",0.0193515532167713
"13","CNP0000460_P06T",28,1.2,"orig.ident",0.0058115400581154
"14","CNP0000460_P06T",0,1.2,"orig.ident",0
"15","CNP0000460_P06T",116,1.2,"orig.ident",0.0399036807705538
"16","CNP0000460_P06T",1,1.2,"orig.ident",0.0012987012987013
"17","CNP0000460_P06T",2,1.2,"orig.ident",0.00392156862745098
"singleton","CNP0000460_P06T",0,1.2,"orig.ident",0
"0","CNP0000460_P07N",217,1.2,"orig.ident",0.0194409604013618
"1","CNP0000460_P07N",91,1.2,"orig.ident",0.00830367734282325
"2","CNP0000460_P07N",55,1.2,"orig.ident",0.00565727216622094
"3","CNP0000460_P07N",0,1.2,"orig.ident",0
"4","CNP0000460_P07N",0,1.2,"orig.ident",0
"5","CNP0000460_P07N",212,1.2,"orig.ident",0.0232201533406353
"6","CNP0000460_P07N",82,1.2,"orig.ident",0.00904777667439038
"7","CNP0000460_P07N",0,1.2,"orig.ident",0
"8","CNP0000460_P07N",0,1.2,"orig.ident",0
"9","CNP0000460_P07N",0,1.2,"orig.ident",0
"10","CNP0000460_P07N",58,1.2,"orig.ident",0.00894233734196731
"11","CNP0000460_P07N",125,1.2,"orig.ident",0.0205761316872428
"12","CNP0000460_P07N",97,1.2,"orig.ident",0.016465795280937
"13","CNP0000460_P07N",80,1.2,"orig.ident",0.016604400166044
"14","CNP0000460_P07N",0,1.2,"orig.ident",0
"15","CNP0000460_P07N",5,1.2,"orig.ident",0.00171998624011008
"16","CNP0000460_P07N",0,1.2,"orig.ident",0
"17","CNP0000460_P07N",51,1.2,"orig.ident",0.1
"singleton","CNP0000460_P07N",0,1.2,"orig.ident",0
"0","CNP0000460_P07T",79,1.2,"orig.ident",0.00707758466224691
"1","CNP0000460_P07T",258,1.2,"orig.ident",0.0235422940049275
"2","CNP0000460_P07T",16,1.2,"orig.ident",0.00164575190290064
"3","CNP0000460_P07T",0,1.2,"orig.ident",0
"4","CNP0000460_P07T",0,1.2,"orig.ident",0
"5","CNP0000460_P07T",71,1.2,"orig.ident",0.00777656078860898
"6","CNP0000460_P07T",23,1.2,"orig.ident",0.00253779101842657
"7","CNP0000460_P07T",0,1.2,"orig.ident",0
"8","CNP0000460_P07T",0,1.2,"orig.ident",0
"9","CNP0000460_P07T",0,1.2,"orig.ident",0
"10","CNP0000460_P07T",54,1.2,"orig.ident",0.00832562442183164
"11","CNP0000460_P07T",47,1.2,"orig.ident",0.00773662551440329
"12","CNP0000460_P07T",41,1.2,"orig.ident",0.00695976913936513
"13","CNP0000460_P07T",32,1.2,"orig.ident",0.0066417600664176
"14","CNP0000460_P07T",0,1.2,"orig.ident",0
"15","CNP0000460_P07T",8,1.2,"orig.ident",0.00275197798417613
"16","CNP0000460_P07T",0,1.2,"orig.ident",0
"17","CNP0000460_P07T",1,1.2,"orig.ident",0.00196078431372549
"singleton","CNP0000460_P07T",0,1.2,"orig.ident",0
"0","GSE326225_BC1",0,1.2,"orig.ident",0
"1","GSE326225_BC1",4,1.2,"orig.ident",0.000364996806277945
"2","GSE326225_BC1",0,1.2,"orig.ident",0
"3","GSE326225_BC1",0,1.2,"orig.ident",0
"4","GSE326225_BC1",0,1.2,"orig.ident",0
"5","GSE326225_BC1",5,1.2,"orig.ident",0.000547645125958379
"6","GSE326225_BC1",5,1.2,"orig.ident",0.00055169369965795
"7","GSE326225_BC1",0,1.2,"orig.ident",0
"8","GSE326225_BC1",0,1.2,"orig.ident",0
"9","GSE326225_BC1",0,1.2,"orig.ident",0
"10","GSE326225_BC1",6,1.2,"orig.ident",0.000925069380203515
"11","GSE326225_BC1",0,1.2,"orig.ident",0
"12","GSE326225_BC1",0,1.2,"orig.ident",0
"13","GSE326225_BC1",0,1.2,"orig.ident",0
"14","GSE326225_BC1",0,1.2,"orig.ident",0
"15","GSE326225_BC1",0,1.2,"orig.ident",0
"16","GSE326225_BC1",4,1.2,"orig.ident",0.00519480519480519
"17","GSE326225_BC1",0,1.2,"orig.ident",0
"singleton","GSE326225_BC1",0,1.2,"orig.ident",0
"0","GSE326225_BC2",3,1.2,"orig.ident",0.000268769037806845
"1","GSE326225_BC2",2,1.2,"orig.ident",0.000182498403138973
"2","GSE326225_BC2",0,1.2,"orig.ident",0
"3","GSE326225_BC2",0,1.2,"orig.ident",0
"4","GSE326225_BC2",0,1.2,"orig.ident",0
"5","GSE326225_BC2",4,1.2,"orig.ident",0.000438116100766703
"6","GSE326225_BC2",8,1.2,"orig.ident",0.00088270991945272
"7","GSE326225_BC2",0,1.2,"orig.ident",0
"8","GSE326225_BC2",0,1.2,"orig.ident",0
"9","GSE326225_BC2",0,1.2,"orig.ident",0
"10","GSE326225_BC2",11,1.2,"orig.ident",0.00169596053037311
"11","GSE326225_BC2",1,1.2,"orig.ident",0.000164609053497942
"12","GSE326225_BC2",0,1.2,"orig.ident",0
"13","GSE326225_BC2",1,1.2,"orig.ident",0.00020755500207555
"14","GSE326225_BC2",0,1.2,"orig.ident",0
"15","GSE326225_BC2",0,1.2,"orig.ident",0
"16","GSE326225_BC2",2,1.2,"orig.ident",0.0025974025974026
"17","GSE326225_BC2",0,1.2,"orig.ident",0
"singleton","GSE326225_BC2",0,1.2,"orig.ident",0
"0","GSE326225_BC3",15,1.2,"orig.ident",0.00134384518903422
"1","GSE326225_BC3",26,1.2,"orig.ident",0.00237247924080664
"2","GSE326225_BC3",5,1.2,"orig.ident",0.000514297469656449
"3","GSE326225_BC3",3,1.2,"orig.ident",0.000319863524896044
"4","GSE326225_BC3",0,1.2,"orig.ident",0
"5","GSE326225_BC3",57,1.2,"orig.ident",0.00624315443592552
"6","GSE326225_BC3",11,1.2,"orig.ident",0.00121372613924749
"7","GSE326225_BC3",1,1.2,"orig.ident",0.000113263110205006
"8","GSE326225_BC3",0,1.2,"orig.ident",0
"9","GSE326225_BC3",5,1.2,"orig.ident",0.000632351081320349
"10","GSE326225_BC3",8,1.2,"orig.ident",0.00123342584027135
"11","GSE326225_BC3",7,1.2,"orig.ident",0.0011522633744856
"12","GSE326225_BC3",9,1.2,"orig.ident",0.00152775420132405
"13","GSE326225_BC3",5,1.2,"orig.ident",0.00103777501037775
"14","GSE326225_BC3",0,1.2,"orig.ident",0
"15","GSE326225_BC3",0,1.2,"orig.ident",0
"16","GSE326225_BC3",6,1.2,"orig.ident",0.00779220779220779
"17","GSE326225_BC3",0,1.2,"orig.ident",0
"singleton","GSE326225_BC3",0,1.2,"orig.ident",0
"0","GSE326225_BC4",277,1.2,"orig.ident",0.0248163411574987
"1","GSE326225_BC4",347,1.2,"orig.ident",0.0316634729446117
"2","GSE326225_BC4",9,1.2,"orig.ident",0.000925735445381609
"3","GSE326225_BC4",0,1.2,"orig.ident",0
"4","GSE326225_BC4",1,1.2,"orig.ident",0.00010840108401084
"5","GSE326225_BC4",234,1.2,"orig.ident",0.0256297918948521
"6","GSE326225_BC4",698,1.2,"orig.ident",0.0770164404722498
"7","GSE326225_BC4",256,1.2,"orig.ident",0.0289953562124816
"8","GSE326225_BC4",0,1.2,"orig.ident",0
"9","GSE326225_BC4",0,1.2,"orig.ident",0
"10","GSE326225_BC4",157,1.2,"orig.ident",0.0242059821153253
"11","GSE326225_BC4",55,1.2,"orig.ident",0.00905349794238683
"12","GSE326225_BC4",15,1.2,"orig.ident",0.00254625700220676
"13","GSE326225_BC4",56,1.2,"orig.ident",0.0116230801162308
"14","GSE326225_BC4",0,1.2,"orig.ident",0
"15","GSE326225_BC4",59,1.2,"orig.ident",0.0202958376332989
"16","GSE326225_BC4",632,1.2,"orig.ident",0.820779220779221
"17","GSE326225_BC4",4,1.2,"orig.ident",0.00784313725490196
"singleton","GSE326225_BC4",0,1.2,"orig.ident",0
"0","GSE326225_BC5",0,1.2,"orig.ident",0
"1","GSE326225_BC5",0,1.2,"orig.ident",0
"2","GSE326225_BC5",0,1.2,"orig.ident",0
"3","GSE326225_BC5",0,1.2,"orig.ident",0
"4","GSE326225_BC5",0,1.2,"orig.ident",0
"5","GSE326225_BC5",0,1.2,"orig.ident",0
"6","GSE326225_BC5",1,1.2,"orig.ident",0.00011033873993159
"7","GSE326225_BC5",0,1.2,"orig.ident",0
"8","GSE326225_BC5",0,1.2,"orig.ident",0
"9","GSE326225_BC5",0,1.2,"orig.ident",0
"10","GSE326225_BC5",1,1.2,"orig.ident",0.000154178230033919
"11","GSE326225_BC5",0,1.2,"orig.ident",0
"12","GSE326225_BC5",1,1.2,"orig.ident",0.000169750466813784
"13","GSE326225_BC5",0,1.2,"orig.ident",0
"14","GSE326225_BC5",0,1.2,"orig.ident",0
"15","GSE326225_BC5",0,1.2,"orig.ident",0
"16","GSE326225_BC5",0,1.2,"orig.ident",0
"17","GSE326225_BC5",0,1.2,"orig.ident",0
"singleton","GSE326225_BC5",0,1.2,"orig.ident",0
"0","GSE326225_BC6",80,1.2,"orig.ident",0.00716717434151586
"1","GSE326225_BC6",123,1.2,"orig.ident",0.0112236517930468
"2","GSE326225_BC6",4,1.2,"orig.ident",0.000411437975725159
"3","GSE326225_BC6",0,1.2,"orig.ident",0
"4","GSE326225_BC6",2,1.2,"orig.ident",0.00021680216802168
"5","GSE326225_BC6",63,1.2,"orig.ident",0.00690032858707557
"6","GSE326225_BC6",50,1.2,"orig.ident",0.0055169369965795
"7","GSE326225_BC6",27,1.2,"orig.ident",0.00305810397553517
"8","GSE326225_BC6",0,1.2,"orig.ident",0
"9","GSE326225_BC6",0,1.2,"orig.ident",0
"10","GSE326225_BC6",10,1.2,"orig.ident",0.00154178230033919
"11","GSE326225_BC6",14,1.2,"orig.ident",0.00230452674897119
"12","GSE326225_BC6",23,1.2,"orig.ident",0.00390426073671703
"13","GSE326225_BC6",33,1.2,"orig.ident",0.00684931506849315
"14","GSE326225_BC6",0,1.2,"orig.ident",0
"15","GSE326225_BC6",27,1.2,"orig.ident",0.00928792569659443
"16","GSE326225_BC6",56,1.2,"orig.ident",0.0727272727272727
"17","GSE326225_BC6",0,1.2,"orig.ident",0
"singleton","GSE326225_BC6",0,1.2,"orig.ident",0
"0","GSE326225_BC7",43,1.2,"orig.ident",0.00385235620856477
"1","GSE326225_BC7",7,1.2,"orig.ident",0.000638744410986404
"2","GSE326225_BC7",10,1.2,"orig.ident",0.0010285949393129
"3","GSE326225_BC7",0,1.2,"orig.ident",0
"4","GSE326225_BC7",0,1.2,"orig.ident",0
"5","GSE326225_BC7",97,1.2,"orig.ident",0.0106243154435926
"6","GSE326225_BC7",32,1.2,"orig.ident",0.00353083967781088
"7","GSE326225_BC7",1,1.2,"orig.ident",0.000113263110205006
"8","GSE326225_BC7",0,1.2,"orig.ident",0
"9","GSE326225_BC7",0,1.2,"orig.ident",0
"10","GSE326225_BC7",5,1.2,"orig.ident",0.000770891150169596
"11","GSE326225_BC7",7,1.2,"orig.ident",0.0011522633744856
"12","GSE326225_BC7",20,1.2,"orig.ident",0.00339500933627567
"13","GSE326225_BC7",8,1.2,"orig.ident",0.0016604400166044
"14","GSE326225_BC7",0,1.2,"orig.ident",0
"15","GSE326225_BC7",0,1.2,"orig.ident",0
"16","GSE326225_BC7",24,1.2,"orig.ident",0.0311688311688312
"17","GSE326225_BC7",1,1.2,"orig.ident",0.00196078431372549
"singleton","GSE326225_BC7",0,1.2,"orig.ident",0
"0","GSE326225_BC8",63,1.2,"orig.ident",0.00564414979394374
"1","GSE326225_BC8",41,1.2,"orig.ident",0.00374121726434894
"2","GSE326225_BC8",3,1.2,"orig.ident",0.00030857848179387
"3","GSE326225_BC8",0,1.2,"orig.ident",0
"4","GSE326225_BC8",0,1.2,"orig.ident",0
"5","GSE326225_BC8",150,1.2,"orig.ident",0.0164293537787514
"6","GSE326225_BC8",44,1.2,"orig.ident",0.00485490455698996
"7","GSE326225_BC8",0,1.2,"orig.ident",0
"8","GSE326225_BC8",0,1.2,"orig.ident",0
"9","GSE326225_BC8",2,1.2,"orig.ident",0.00025294043252814
"10","GSE326225_BC8",18,1.2,"orig.ident",0.00277520814061055
"11","GSE326225_BC8",29,1.2,"orig.ident",0.00477366255144033
"12","GSE326225_BC8",57,1.2,"orig.ident",0.00967577660838567
"13","GSE326225_BC8",36,1.2,"orig.ident",0.0074719800747198
"14","GSE326225_BC8",0,1.2,"orig.ident",0
"15","GSE326225_BC8",0,1.2,"orig.ident",0
"16","GSE326225_BC8",20,1.2,"orig.ident",0.025974025974026
"17","GSE326225_BC8",0,1.2,"orig.ident",0
"singleton","GSE326225_BC8",0,1.2,"orig.ident",0
"0","HRA003620_BC-01",763,1.2,"orig.ident",0.0683569252822075
"1","HRA003620_BC-01",1015,1.2,"orig.ident",0.0926179395930286
"2","HRA003620_BC-01",921,1.2,"orig.ident",0.094733593910718
"3","HRA003620_BC-01",0,1.2,"orig.ident",0
"4","HRA003620_BC-01",0,1.2,"orig.ident",0
"5","HRA003620_BC-01",131,1.2,"orig.ident",0.0143483023001095
"6","HRA003620_BC-01",463,1.2,"orig.ident",0.0510868365883262
"7","HRA003620_BC-01",1244,1.2,"orig.ident",0.140899309095028
"8","HRA003620_BC-01",0,1.2,"orig.ident",0
"9","HRA003620_BC-01",0,1.2,"orig.ident",0
"10","HRA003620_BC-01",196,1.2,"orig.ident",0.0302189330866482
"11","HRA003620_BC-01",258,1.2,"orig.ident",0.0424691358024691
"12","HRA003620_BC-01",237,1.2,"orig.ident",0.0402308606348667
"13","HRA003620_BC-01",162,1.2,"orig.ident",0.0336239103362391
"14","HRA003620_BC-01",0,1.2,"orig.ident",0
"15","HRA003620_BC-01",379,1.2,"orig.ident",0.130374957000344
"16","HRA003620_BC-01",2,1.2,"orig.ident",0.0025974025974026
"17","HRA003620_BC-01",0,1.2,"orig.ident",0
"singleton","HRA003620_BC-01",0,1.2,"orig.ident",0
"0","HRA003620_BC-04",12,1.2,"orig.ident",0.00107507615122738
"1","HRA003620_BC-04",27,1.2,"orig.ident",0.00246372844237613
"2","HRA003620_BC-04",23,1.2,"orig.ident",0.00236576836041967
"3","HRA003620_BC-04",0,1.2,"orig.ident",0
"4","HRA003620_BC-04",0,1.2,"orig.ident",0
"5","HRA003620_BC-04",10,1.2,"orig.ident",0.00109529025191676
"6","HRA003620_BC-04",8,1.2,"orig.ident",0.00088270991945272
"7","HRA003620_BC-04",7,1.2,"orig.ident",0.000792841771435044
"8","HRA003620_BC-04",0,1.2,"orig.ident",0
"9","HRA003620_BC-04",0,1.2,"orig.ident",0
"10","HRA003620_BC-04",20,1.2,"orig.ident",0.00308356460067838
"11","HRA003620_BC-04",18,1.2,"orig.ident",0.00296296296296296
"12","HRA003620_BC-04",6,1.2,"orig.ident",0.0010185028008827
"13","HRA003620_BC-04",12,1.2,"orig.ident",0.0024906600249066
"14","HRA003620_BC-04",0,1.2,"orig.ident",0
"15","HRA003620_BC-04",3,1.2,"orig.ident",0.00103199174406605
"16","HRA003620_BC-04",0,1.2,"orig.ident",0
"17","HRA003620_BC-04",0,1.2,"orig.ident",0
"singleton","HRA003620_BC-04",0,1.2,"orig.ident",0
"0","HRA003620_BC-05",314,1.2,"orig.ident",0.0281311592904497
"1","HRA003620_BC-05",420,1.2,"orig.ident",0.0383246646591842
"2","HRA003620_BC-05",241,1.2,"orig.ident",0.0247891380374409
"3","HRA003620_BC-05",0,1.2,"orig.ident",0
"4","HRA003620_BC-05",0,1.2,"orig.ident",0
"5","HRA003620_BC-05",89,1.2,"orig.ident",0.00974808324205915
"6","HRA003620_BC-05",316,1.2,"orig.ident",0.0348670418183824
"7","HRA003620_BC-05",544,1.2,"orig.ident",0.0616151319515234
"8","HRA003620_BC-05",0,1.2,"orig.ident",0
"9","HRA003620_BC-05",0,1.2,"orig.ident",0
"10","HRA003620_BC-05",63,1.2,"orig.ident",0.00971322849213691
"11","HRA003620_BC-05",76,1.2,"orig.ident",0.0125102880658436
"12","HRA003620_BC-05",91,1.2,"orig.ident",0.0154472924800543
"13","HRA003620_BC-05",109,1.2,"orig.ident",0.022623495226235
"14","HRA003620_BC-05",0,1.2,"orig.ident",0
"15","HRA003620_BC-05",112,1.2,"orig.ident",0.0385276917784658
"16","HRA003620_BC-05",1,1.2,"orig.ident",0.0012987012987013
"17","HRA003620_BC-05",26,1.2,"orig.ident",0.0509803921568627
"singleton","HRA003620_BC-05",0,1.2,"orig.ident",0
"0","HRA003620_BC-11",418,1.2,"orig.ident",0.0374484859344204
"1","HRA003620_BC-11",807,1.2,"orig.ident",0.0736381056665754
"2","HRA003620_BC-11",351,1.2,"orig.ident",0.0361036823698827
"3","HRA003620_BC-11",0,1.2,"orig.ident",0
"4","HRA003620_BC-11",0,1.2,"orig.ident",0
"5","HRA003620_BC-11",79,1.2,"orig.ident",0.00865279299014239
"6","HRA003620_BC-11",1271,1.2,"orig.ident",0.140240538453051
"7","HRA003620_BC-11",2367,1.2,"orig.ident",0.26809378185525
"8","HRA003620_BC-11",0,1.2,"orig.ident",0
"9","HRA003620_BC-11",0,1.2,"orig.ident",0
"10","HRA003620_BC-11",131,1.2,"orig.ident",0.0201973481344434
"11","HRA003620_BC-11",279,1.2,"orig.ident",0.0459259259259259
"12","HRA003620_BC-11",137,1.2,"orig.ident",0.0232558139534884
"13","HRA003620_BC-11",125,1.2,"orig.ident",0.0259443752594438
"14","HRA003620_BC-11",0,1.2,"orig.ident",0
"15","HRA003620_BC-11",385,1.2,"orig.ident",0.132438940488476
"16","HRA003620_BC-11",3,1.2,"orig.ident",0.0038961038961039
"17","HRA003620_BC-11",3,1.2,"orig.ident",0.00588235294117647
"singleton","HRA003620_BC-11",0,1.2,"orig.ident",0
"0","HRA003620_BC-24",444,1.2,"orig.ident",0.039777817595413
"1","HRA003620_BC-24",64,1.2,"orig.ident",0.00583994890044712
"2","HRA003620_BC-24",512,1.2,"orig.ident",0.0526640608928204
"3","HRA003620_BC-24",0,1.2,"orig.ident",0
"4","HRA003620_BC-24",0,1.2,"orig.ident",0
"5","HRA003620_BC-24",429,1.2,"orig.ident",0.0469879518072289
"6","HRA003620_BC-24",1107,1.2,"orig.ident",0.12214498510427
"7","HRA003620_BC-24",433,1.2,"orig.ident",0.0490429267187677
"8","HRA003620_BC-24",0,1.2,"orig.ident",0
"9","HRA003620_BC-24",0,1.2,"orig.ident",0
"10","HRA003620_BC-24",305,1.2,"orig.ident",0.0470243601603454
"11","HRA003620_BC-24",304,1.2,"orig.ident",0.0500411522633745
"12","HRA003620_BC-24",94,1.2,"orig.ident",0.0159565438804957
"13","HRA003620_BC-24",71,1.2,"orig.ident",0.0147364051473641
"14","HRA003620_BC-24",0,1.2,"orig.ident",0
"15","HRA003620_BC-24",34,1.2,"orig.ident",0.0116959064327485
"16","HRA003620_BC-24",1,1.2,"orig.ident",0.0012987012987013
"17","HRA003620_BC-24",11,1.2,"orig.ident",0.0215686274509804
"singleton","HRA003620_BC-24",0,1.2,"orig.ident",0
"0","HRA003620_BC-27",317,1.2,"orig.ident",0.0283999283282566
"1","HRA003620_BC-27",323,1.2,"orig.ident",0.0294734921069441
"2","HRA003620_BC-27",355,1.2,"orig.ident",0.0365151203456079
"3","HRA003620_BC-27",0,1.2,"orig.ident",0
"4","HRA003620_BC-27",0,1.2,"orig.ident",0
"5","HRA003620_BC-27",162,1.2,"orig.ident",0.0177437020810515
"6","HRA003620_BC-27",417,1.2,"orig.ident",0.046011254551473
"7","HRA003620_BC-27",162,1.2,"orig.ident",0.018348623853211
"8","HRA003620_BC-27",0,1.2,"orig.ident",0
"9","HRA003620_BC-27",0,1.2,"orig.ident",0
"10","HRA003620_BC-27",54,1.2,"orig.ident",0.00832562442183164
"11","HRA003620_BC-27",388,1.2,"orig.ident",0.0638683127572016
"12","HRA003620_BC-27",122,1.2,"orig.ident",0.0207095569512816
"13","HRA003620_BC-27",152,1.2,"orig.ident",0.0315483603154836
"14","HRA003620_BC-27",0,1.2,"orig.ident",0
"15","HRA003620_BC-27",88,1.2,"orig.ident",0.0302717578259374
"16","HRA003620_BC-27",1,1.2,"orig.ident",0.0012987012987013
"17","HRA003620_BC-27",3,1.2,"orig.ident",0.00588235294117647
"singleton","HRA003620_BC-27",1,1.2,"orig.ident",1
"0","HRA003620_BC-30",866,1.2,"orig.ident",0.0775846622469092
"1","HRA003620_BC-30",328,1.2,"orig.ident",0.0299297381147915
"2","HRA003620_BC-30",337,1.2,"orig.ident",0.0346636494548447
"3","HRA003620_BC-30",0,1.2,"orig.ident",0
"4","HRA003620_BC-30",0,1.2,"orig.ident",0
"5","HRA003620_BC-30",352,1.2,"orig.ident",0.0385542168674699
"6","HRA003620_BC-30",835,1.2,"orig.ident",0.0921328478428776
"7","HRA003620_BC-30",510,1.2,"orig.ident",0.0577641862045532
"8","HRA003620_BC-30",0,1.2,"orig.ident",0
"9","HRA003620_BC-30",0,1.2,"orig.ident",0
"10","HRA003620_BC-30",292,1.2,"orig.ident",0.0450200431699044
"11","HRA003620_BC-30",575,1.2,"orig.ident",0.0946502057613169
"12","HRA003620_BC-30",193,1.2,"orig.ident",0.0327618400950603
"13","HRA003620_BC-30",92,1.2,"orig.ident",0.0190950601909506
"14","HRA003620_BC-30",0,1.2,"orig.ident",0
"15","HRA003620_BC-30",57,1.2,"orig.ident",0.0196078431372549
"16","HRA003620_BC-30",4,1.2,"orig.ident",0.00519480519480519
"17","HRA003620_BC-30",3,1.2,"orig.ident",0.00588235294117647
"singleton","HRA003620_BC-30",0,1.2,"orig.ident",0
"0","HRA003620_NC-01",57,1.2,"orig.ident",0.00510661171833005
"1","HRA003620_NC-01",73,1.2,"orig.ident",0.0066611917145725
"2","HRA003620_NC-01",75,1.2,"orig.ident",0.00771446204484674
"3","HRA003620_NC-01",0,1.2,"orig.ident",0
"4","HRA003620_NC-01",0,1.2,"orig.ident",0
"5","HRA003620_NC-01",29,1.2,"orig.ident",0.0031763417305586
"6","HRA003620_NC-01",30,1.2,"orig.ident",0.0033101621979477
"7","HRA003620_NC-01",56,1.2,"orig.ident",0.00634273417148035
"8","HRA003620_NC-01",0,1.2,"orig.ident",0
"9","HRA003620_NC-01",0,1.2,"orig.ident",0
"10","HRA003620_NC-01",38,1.2,"orig.ident",0.00585877274128893
"11","HRA003620_NC-01",39,1.2,"orig.ident",0.00641975308641975
"12","HRA003620_NC-01",146,1.2,"orig.ident",0.0247835681548124
"13","HRA003620_NC-01",90,1.2,"orig.ident",0.0186799501867995
"14","HRA003620_NC-01",0,1.2,"orig.ident",0
"15","HRA003620_NC-01",27,1.2,"orig.ident",0.00928792569659443
"16","HRA003620_NC-01",0,1.2,"orig.ident",0
"17","HRA003620_NC-01",3,1.2,"orig.ident",0.00588235294117647
"singleton","HRA003620_NC-01",0,1.2,"orig.ident",0
"0","HRA003620_NC-04",33,1.2,"orig.ident",0.00295645941587529
"1","HRA003620_NC-04",16,1.2,"orig.ident",0.00145998722511178
"2","HRA003620_NC-04",77,1.2,"orig.ident",0.00792018103270932
"3","HRA003620_NC-04",0,1.2,"orig.ident",0
"4","HRA003620_NC-04",0,1.2,"orig.ident",0
"5","HRA003620_NC-04",50,1.2,"orig.ident",0.00547645125958379
"6","HRA003620_NC-04",10,1.2,"orig.ident",0.0011033873993159
"7","HRA003620_NC-04",14,1.2,"orig.ident",0.00158568354287009
"8","HRA003620_NC-04",0,1.2,"orig.ident",0
"9","HRA003620_NC-04",0,1.2,"orig.ident",0
"10","HRA003620_NC-04",29,1.2,"orig.ident",0.00447116867098366
"11","HRA003620_NC-04",83,1.2,"orig.ident",0.0136625514403292
"12","HRA003620_NC-04",29,1.2,"orig.ident",0.00492276353759973
"13","HRA003620_NC-04",36,1.2,"orig.ident",0.0074719800747198
"14","HRA003620_NC-04",0,1.2,"orig.ident",0
"15","HRA003620_NC-04",12,1.2,"orig.ident",0.00412796697626419
"16","HRA003620_NC-04",0,1.2,"orig.ident",0
"17","HRA003620_NC-04",1,1.2,"orig.ident",0.00196078431372549
"singleton","HRA003620_NC-04",0,1.2,"orig.ident",0
"0","HRA003620_NC-05",449,1.2,"orig.ident",0.0402257659917577
"1","HRA003620_NC-05",427,1.2,"orig.ident",0.0389634090701706
"2","HRA003620_NC-05",202,1.2,"orig.ident",0.0207776177741206
"3","HRA003620_NC-05",0,1.2,"orig.ident",0
"4","HRA003620_NC-05",0,1.2,"orig.ident",0
"5","HRA003620_NC-05",78,1.2,"orig.ident",0.00854326396495071
"6","HRA003620_NC-05",167,1.2,"orig.ident",0.0184265695685755
"7","HRA003620_NC-05",292,1.2,"orig.ident",0.0330728281798618
"8","HRA003620_NC-05",0,1.2,"orig.ident",0
"9","HRA003620_NC-05",0,1.2,"orig.ident",0
"10","HRA003620_NC-05",76,1.2,"orig.ident",0.0117175454825779
"11","HRA003620_NC-05",98,1.2,"orig.ident",0.0161316872427984
"12","HRA003620_NC-05",134,1.2,"orig.ident",0.022746562553047
"13","HRA003620_NC-05",104,1.2,"orig.ident",0.0215857202158572
"14","HRA003620_NC-05",0,1.2,"orig.ident",0
"15","HRA003620_NC-05",143,1.2,"orig.ident",0.0491916064671483
"16","HRA003620_NC-05",1,1.2,"orig.ident",0.0012987012987013
"17","HRA003620_NC-05",27,1.2,"orig.ident",0.0529411764705882
"singleton","HRA003620_NC-05",0,1.2,"orig.ident",0
"0","HRA003620_NC-11",424,1.2,"orig.ident",0.037986024010034
"1","HRA003620_NC-11",305,1.2,"orig.ident",0.0278310064786933
"2","HRA003620_NC-11",429,1.2,"orig.ident",0.0441267228965233
"3","HRA003620_NC-11",0,1.2,"orig.ident",0
"4","HRA003620_NC-11",0,1.2,"orig.ident",0
"5","HRA003620_NC-11",52,1.2,"orig.ident",0.00569550930996714
"6","HRA003620_NC-11",146,1.2,"orig.ident",0.0161094560300121
"7","HRA003620_NC-11",526,1.2,"orig.ident",0.0595763959678333
"8","HRA003620_NC-11",0,1.2,"orig.ident",0
"9","HRA003620_NC-11",0,1.2,"orig.ident",0
"10","HRA003620_NC-11",538,1.2,"orig.ident",0.0829478877582485
"11","HRA003620_NC-11",644,1.2,"orig.ident",0.106008230452675
"12","HRA003620_NC-11",141,1.2,"orig.ident",0.0239348158207435
"13","HRA003620_NC-11",110,1.2,"orig.ident",0.0228310502283105
"14","HRA003620_NC-11",0,1.2,"orig.ident",0
"15","HRA003620_NC-11",296,1.2,"orig.ident",0.101823185414517
"16","HRA003620_NC-11",0,1.2,"orig.ident",0
"17","HRA003620_NC-11",19,1.2,"orig.ident",0.0372549019607843
"singleton","HRA003620_NC-11",0,1.2,"orig.ident",0
"0","HRA003620_NC-24",218,1.2,"orig.ident",0.0195305500806307
"1","HRA003620_NC-24",9,1.2,"orig.ident",0.000821242814125376
"2","HRA003620_NC-24",508,1.2,"orig.ident",0.0522526229170952
"3","HRA003620_NC-24",0,1.2,"orig.ident",0
"4","HRA003620_NC-24",0,1.2,"orig.ident",0
"5","HRA003620_NC-24",326,1.2,"orig.ident",0.0357064622124863
"6","HRA003620_NC-24",135,1.2,"orig.ident",0.0148957298907646
"7","HRA003620_NC-24",107,1.2,"orig.ident",0.0121191527919357
"8","HRA003620_NC-24",0,1.2,"orig.ident",0
"9","HRA003620_NC-24",0,1.2,"orig.ident",0
"10","HRA003620_NC-24",7,1.2,"orig.ident",0.00107924761023743
"11","HRA003620_NC-24",53,1.2,"orig.ident",0.00872427983539095
"12","HRA003620_NC-24",85,1.2,"orig.ident",0.0144287896791716
"13","HRA003620_NC-24",43,1.2,"orig.ident",0.00892486508924865
"14","HRA003620_NC-24",0,1.2,"orig.ident",0
"15","HRA003620_NC-24",0,1.2,"orig.ident",0
"16","HRA003620_NC-24",0,1.2,"orig.ident",0
"17","HRA003620_NC-24",3,1.2,"orig.ident",0.00588235294117647
"singleton","HRA003620_NC-24",0,1.2,"orig.ident",0
"0","HRA003620_NC-27",399,1.2,"orig.ident",0.0357462820283103
"1","HRA003620_NC-27",24,1.2,"orig.ident",0.00218998083766767
"2","HRA003620_NC-27",1021,1.2,"orig.ident",0.105019543303847
"3","HRA003620_NC-27",0,1.2,"orig.ident",0
"4","HRA003620_NC-27",0,1.2,"orig.ident",0
"5","HRA003620_NC-27",898,1.2,"orig.ident",0.0983570646221249
"6","HRA003620_NC-27",186,1.2,"orig.ident",0.0205230056272757
"7","HRA003620_NC-27",128,1.2,"orig.ident",0.0144976781062408
"8","HRA003620_NC-27",0,1.2,"orig.ident",0
"9","HRA003620_NC-27",0,1.2,"orig.ident",0
"10","HRA003620_NC-27",33,1.2,"orig.ident",0.00508788159111933
"11","HRA003620_NC-27",71,1.2,"orig.ident",0.0116872427983539
"12","HRA003620_NC-27",137,1.2,"orig.ident",0.0232558139534884
"13","HRA003620_NC-27",220,1.2,"orig.ident",0.045662100456621
"14","HRA003620_NC-27",0,1.2,"orig.ident",0
"15","HRA003620_NC-27",18,1.2,"orig.ident",0.00619195046439629
"16","HRA003620_NC-27",1,1.2,"orig.ident",0.0012987012987013
"17","HRA003620_NC-27",1,1.2,"orig.ident",0.00196078431372549
"singleton","HRA003620_NC-27",0,1.2,"orig.ident",0
"0","HRA003620_NC-30",454,1.2,"orig.ident",0.0406737143881025
"1","HRA003620_NC-30",423,1.2,"orig.ident",0.0385984122638927
"2","HRA003620_NC-30",803,1.2,"orig.ident",0.0825961736268258
"3","HRA003620_NC-30",0,1.2,"orig.ident",0
"4","HRA003620_NC-30",0,1.2,"orig.ident",0
"5","HRA003620_NC-30",343,1.2,"orig.ident",0.0375684556407448
"6","HRA003620_NC-30",51,1.2,"orig.ident",0.00562727573651109
"7","HRA003620_NC-30",75,1.2,"orig.ident",0.00849473326537547
"8","HRA003620_NC-30",0,1.2,"orig.ident",0
"9","HRA003620_NC-30",0,1.2,"orig.ident",0
"10","HRA003620_NC-30",177,1.2,"orig.ident",0.0272895467160037
"11","HRA003620_NC-30",376,1.2,"orig.ident",0.0618930041152263
"12","HRA003620_NC-30",666,1.2,"orig.ident",0.11305381089798
"13","HRA003620_NC-30",199,1.2,"orig.ident",0.0413034454130345
"14","HRA003620_NC-30",0,1.2,"orig.ident",0
"15","HRA003620_NC-30",77,1.2,"orig.ident",0.0264877880976952
"16","HRA003620_NC-30",0,1.2,"orig.ident",0
"17","HRA003620_NC-30",1,1.2,"orig.ident",0.00196078431372549
"singleton","HRA003620_NC-30",0,1.2,"orig.ident",0
"0","PRJNA662018_PRJNA662018_P1N1",284,1.2,"orig.ident",0.0254434689123813
"1","PRJNA662018_PRJNA662018_P1N1",209,1.2,"orig.ident",0.0190710831280226
"2","PRJNA662018_PRJNA662018_P1N1",200,1.2,"orig.ident",0.020571898786258
"3","PRJNA662018_PRJNA662018_P1N1",0,1.2,"orig.ident",0
"4","PRJNA662018_PRJNA662018_P1N1",0,1.2,"orig.ident",0
"5","PRJNA662018_PRJNA662018_P1N1",125,1.2,"orig.ident",0.0136911281489595
"6","PRJNA662018_PRJNA662018_P1N1",24,1.2,"orig.ident",0.00264812975835816
"7","PRJNA662018_PRJNA662018_P1N1",51,1.2,"orig.ident",0.00577641862045532
"8","PRJNA662018_PRJNA662018_P1N1",0,1.2,"orig.ident",0
"9","PRJNA662018_PRJNA662018_P1N1",0,1.2,"orig.ident",0
"10","PRJNA662018_PRJNA662018_P1N1",131,1.2,"orig.ident",0.0201973481344434
"11","PRJNA662018_PRJNA662018_P1N1",135,1.2,"orig.ident",0.0222222222222222
"12","PRJNA662018_PRJNA662018_P1N1",256,1.2,"orig.ident",0.0434561195043286
"13","PRJNA662018_PRJNA662018_P1N1",51,1.2,"orig.ident",0.0105853051058531
"14","PRJNA662018_PRJNA662018_P1N1",0,1.2,"orig.ident",0
"15","PRJNA662018_PRJNA662018_P1N1",62,1.2,"orig.ident",0.021327829377365
"16","PRJNA662018_PRJNA662018_P1N1",0,1.2,"orig.ident",0
"17","PRJNA662018_PRJNA662018_P1N1",56,1.2,"orig.ident",0.109803921568627
"singleton","PRJNA662018_PRJNA662018_P1N1",0,1.2,"orig.ident",0
"0","PRJNA662018_PRJNA662018_P1T1",489,1.2,"orig.ident",0.0438093531625157
"1","PRJNA662018_PRJNA662018_P1T1",259,1.2,"orig.ident",0.0236335432064969
"2","PRJNA662018_PRJNA662018_P1T1",511,1.2,"orig.ident",0.0525612013988891
"3","PRJNA662018_PRJNA662018_P1T1",0,1.2,"orig.ident",0
"4","PRJNA662018_PRJNA662018_P1T1",0,1.2,"orig.ident",0
"5","PRJNA662018_PRJNA662018_P1T1",363,1.2,"orig.ident",0.0397590361445783
"6","PRJNA662018_PRJNA662018_P1T1",111,1.2,"orig.ident",0.0122476001324065
"7","PRJNA662018_PRJNA662018_P1T1",193,1.2,"orig.ident",0.0218597802695662
"8","PRJNA662018_PRJNA662018_P1T1",0,1.2,"orig.ident",0
"9","PRJNA662018_PRJNA662018_P1T1",0,1.2,"orig.ident",0
"10","PRJNA662018_PRJNA662018_P1T1",222,1.2,"orig.ident",0.0342275670675301
"11","PRJNA662018_PRJNA662018_P1T1",161,1.2,"orig.ident",0.0265020576131687
"12","PRJNA662018_PRJNA662018_P1T1",357,1.2,"orig.ident",0.0606009166525208
"13","PRJNA662018_PRJNA662018_P1T1",118,1.2,"orig.ident",0.0244914902449149
"14","PRJNA662018_PRJNA662018_P1T1",0,1.2,"orig.ident",0
"15","PRJNA662018_PRJNA662018_P1T1",107,1.2,"orig.ident",0.0368077055383557
"16","PRJNA662018_PRJNA662018_P1T1",0,1.2,"orig.ident",0
"17","PRJNA662018_PRJNA662018_P1T1",4,1.2,"orig.ident",0.00784313725490196
"singleton","PRJNA662018_PRJNA662018_P1T1",0,1.2,"orig.ident",0
"0","PRJNA662018_PRJNA662018_P2T2",516,1.2,"orig.ident",0.0462282745027773
"1","PRJNA662018_PRJNA662018_P2T2",585,1.2,"orig.ident",0.0533807829181495
"2","PRJNA662018_PRJNA662018_P2T2",654,1.2,"orig.ident",0.0672701090310636
"3","PRJNA662018_PRJNA662018_P2T2",0,1.2,"orig.ident",0
"4","PRJNA662018_PRJNA662018_P2T2",0,1.2,"orig.ident",0
"5","PRJNA662018_PRJNA662018_P2T2",357,1.2,"orig.ident",0.0391018619934283
"6","PRJNA662018_PRJNA662018_P2T2",242,1.2,"orig.ident",0.0267019750634448
"7","PRJNA662018_PRJNA662018_P2T2",397,1.2,"orig.ident",0.0449654547513875
"8","PRJNA662018_PRJNA662018_P2T2",0,1.2,"orig.ident",0
"9","PRJNA662018_PRJNA662018_P2T2",0,1.2,"orig.ident",0
"10","PRJNA662018_PRJNA662018_P2T2",331,1.2,"orig.ident",0.0510329941412273
"11","PRJNA662018_PRJNA662018_P2T2",227,1.2,"orig.ident",0.0373662551440329
"12","PRJNA662018_PRJNA662018_P2T2",256,1.2,"orig.ident",0.0434561195043286
"13","PRJNA662018_PRJNA662018_P2T2",139,1.2,"orig.ident",0.0288501452885015
"14","PRJNA662018_PRJNA662018_P2T2",0,1.2,"orig.ident",0
"15","PRJNA662018_PRJNA662018_P2T2",165,1.2,"orig.ident",0.0567595459236326
"16","PRJNA662018_PRJNA662018_P2T2",0,1.2,"orig.ident",0
"17","PRJNA662018_PRJNA662018_P2T2",23,1.2,"orig.ident",0.0450980392156863
"singleton","PRJNA662018_PRJNA662018_P2T2",0,1.2,"orig.ident",0
"0","PRJNA662018_PRJNA662018_P3N3",385,1.2,"orig.ident",0.0344920265185451
"1","PRJNA662018_PRJNA662018_P3N3",117,1.2,"orig.ident",0.0106761565836299
"2","PRJNA662018_PRJNA662018_P3N3",397,1.2,"orig.ident",0.0408352190907221
"3","PRJNA662018_PRJNA662018_P3N3",0,1.2,"orig.ident",0
"4","PRJNA662018_PRJNA662018_P3N3",0,1.2,"orig.ident",0
"5","PRJNA662018_PRJNA662018_P3N3",529,1.2,"orig.ident",0.0579408543263965
"6","PRJNA662018_PRJNA662018_P3N3",85,1.2,"orig.ident",0.00937879289418515
"7","PRJNA662018_PRJNA662018_P3N3",24,1.2,"orig.ident",0.00271831464492015
"8","PRJNA662018_PRJNA662018_P3N3",0,1.2,"orig.ident",0
"9","PRJNA662018_PRJNA662018_P3N3",0,1.2,"orig.ident",0
"10","PRJNA662018_PRJNA662018_P3N3",40,1.2,"orig.ident",0.00616712920135677
"11","PRJNA662018_PRJNA662018_P3N3",161,1.2,"orig.ident",0.0265020576131687
"12","PRJNA662018_PRJNA662018_P3N3",245,1.2,"orig.ident",0.041588864369377
"13","PRJNA662018_PRJNA662018_P3N3",65,1.2,"orig.ident",0.0134910751349108
"14","PRJNA662018_PRJNA662018_P3N3",0,1.2,"orig.ident",0
"15","PRJNA662018_PRJNA662018_P3N3",43,1.2,"orig.ident",0.0147918816649467
"16","PRJNA662018_PRJNA662018_P3N3",1,1.2,"orig.ident",0.0012987012987013
"17","PRJNA662018_PRJNA662018_P3N3",6,1.2,"orig.ident",0.0117647058823529
"singleton","PRJNA662018_PRJNA662018_P3N3",0,1.2,"orig.ident",0
"0","PRJNA662018_PRJNA662018_P3T3",378,1.2,"orig.ident",0.0338648987636624
"1","PRJNA662018_PRJNA662018_P3T3",443,1.2,"orig.ident",0.0404233962952824
"2","PRJNA662018_PRJNA662018_P3T3",199,1.2,"orig.ident",0.0204690392923267
"3","PRJNA662018_PRJNA662018_P3T3",0,1.2,"orig.ident",0
"4","PRJNA662018_PRJNA662018_P3T3",0,1.2,"orig.ident",0
"5","PRJNA662018_PRJNA662018_P3T3",138,1.2,"orig.ident",0.0151150054764513
"6","PRJNA662018_PRJNA662018_P3T3",80,1.2,"orig.ident",0.0088270991945272
"7","PRJNA662018_PRJNA662018_P3T3",92,1.2,"orig.ident",0.0104202061388606
"8","PRJNA662018_PRJNA662018_P3T3",0,1.2,"orig.ident",0
"9","PRJNA662018_PRJNA662018_P3T3",0,1.2,"orig.ident",0
"10","PRJNA662018_PRJNA662018_P3T3",82,1.2,"orig.ident",0.0126426148627814
"11","PRJNA662018_PRJNA662018_P3T3",78,1.2,"orig.ident",0.0128395061728395
"12","PRJNA662018_PRJNA662018_P3T3",156,1.2,"orig.ident",0.0264810728229503
"13","PRJNA662018_PRJNA662018_P3T3",54,1.2,"orig.ident",0.0112079701120797
"14","PRJNA662018_PRJNA662018_P3T3",0,1.2,"orig.ident",0
"15","PRJNA662018_PRJNA662018_P3T3",127,1.2,"orig.ident",0.043687650498796
"16","PRJNA662018_PRJNA662018_P3T3",0,1.2,"orig.ident",0
"17","PRJNA662018_PRJNA662018_P3T3",1,1.2,"orig.ident",0.00196078431372549
"singleton","PRJNA662018_PRJNA662018_P3T3",0,1.2,"orig.ident",0
"0","PRJNA662018_PRJNA662018_P4T4",248,1.2,"orig.ident",0.0222182404586992
"1","PRJNA662018_PRJNA662018_P4T4",426,1.2,"orig.ident",0.0388721598686012
"2","PRJNA662018_PRJNA662018_P4T4",11,1.2,"orig.ident",0.00113145443324419
"3","PRJNA662018_PRJNA662018_P4T4",0,1.2,"orig.ident",0
"4","PRJNA662018_PRJNA662018_P4T4",0,1.2,"orig.ident",0
"5","PRJNA662018_PRJNA662018_P4T4",326,1.2,"orig.ident",0.0357064622124863
"6","PRJNA662018_PRJNA662018_P4T4",706,1.2,"orig.ident",0.0778991503917025
"7","PRJNA662018_PRJNA662018_P4T4",177,1.2,"orig.ident",0.0200475705062861
"8","PRJNA662018_PRJNA662018_P4T4",0,1.2,"orig.ident",0
"9","PRJNA662018_PRJNA662018_P4T4",0,1.2,"orig.ident",0
"10","PRJNA662018_PRJNA662018_P4T4",129,1.2,"orig.ident",0.0198889916743756
"11","PRJNA662018_PRJNA662018_P4T4",162,1.2,"orig.ident",0.0266666666666667
"12","PRJNA662018_PRJNA662018_P4T4",110,1.2,"orig.ident",0.0186725513495162
"13","PRJNA662018_PRJNA662018_P4T4",143,1.2,"orig.ident",0.0296803652968037
"14","PRJNA662018_PRJNA662018_P4T4",0,1.2,"orig.ident",0
"15","PRJNA662018_PRJNA662018_P4T4",71,1.2,"orig.ident",0.0244238046095631
"16","PRJNA662018_PRJNA662018_P4T4",6,1.2,"orig.ident",0.00779220779220779
"17","PRJNA662018_PRJNA662018_P4T4",11,1.2,"orig.ident",0.0215686274509804
"singleton","PRJNA662018_PRJNA662018_P4T4",0,1.2,"orig.ident",0
"0","PRJNA662018_PRJNA662018_P5T5",29,1.2,"orig.ident",0.0025981006987995
"1","PRJNA662018_PRJNA662018_P5T5",5,1.2,"orig.ident",0.000456246007847431
"2","PRJNA662018_PRJNA662018_P5T5",8,1.2,"orig.ident",0.000822875951450319
"3","PRJNA662018_PRJNA662018_P5T5",0,1.2,"orig.ident",0
"4","PRJNA662018_PRJNA662018_P5T5",0,1.2,"orig.ident",0
"5","PRJNA662018_PRJNA662018_P5T5",66,1.2,"orig.ident",0.0072289156626506
"6","PRJNA662018_PRJNA662018_P5T5",17,1.2,"orig.ident",0.00187575857883703
"7","PRJNA662018_PRJNA662018_P5T5",0,1.2,"orig.ident",0
"8","PRJNA662018_PRJNA662018_P5T5",0,1.2,"orig.ident",0
"9","PRJNA662018_PRJNA662018_P5T5",0,1.2,"orig.ident",0
"10","PRJNA662018_PRJNA662018_P5T5",3,1.2,"orig.ident",0.000462534690101758
"11","PRJNA662018_PRJNA662018_P5T5",10,1.2,"orig.ident",0.00164609053497942
"12","PRJNA662018_PRJNA662018_P5T5",13,1.2,"orig.ident",0.00220675606857919
"13","PRJNA662018_PRJNA662018_P5T5",0,1.2,"orig.ident",0
"14","PRJNA662018_PRJNA662018_P5T5",0,1.2,"orig.ident",0
"15","PRJNA662018_PRJNA662018_P5T5",3,1.2,"orig.ident",0.00103199174406605
"16","PRJNA662018_PRJNA662018_P5T5",0,1.2,"orig.ident",0
"17","PRJNA662018_PRJNA662018_P5T5",1,1.2,"orig.ident",0.00196078431372549
"singleton","PRJNA662018_PRJNA662018_P5T5",0,1.2,"orig.ident",0
"0","PRJNA662018_PRJNA662018_P6N2",321,1.2,"orig.ident",0.0287582870453324
"1","PRJNA662018_PRJNA662018_P6N2",357,1.2,"orig.ident",0.0325759649603066
"2","PRJNA662018_PRJNA662018_P6N2",163,1.2,"orig.ident",0.0167660975108002
"3","PRJNA662018_PRJNA662018_P6N2",0,1.2,"orig.ident",0
"4","PRJNA662018_PRJNA662018_P6N2",0,1.2,"orig.ident",0
"5","PRJNA662018_PRJNA662018_P6N2",152,1.2,"orig.ident",0.0166484118291347
"6","PRJNA662018_PRJNA662018_P6N2",33,1.2,"orig.ident",0.00364117841774247
"7","PRJNA662018_PRJNA662018_P6N2",17,1.2,"orig.ident",0.00192547287348511
"8","PRJNA662018_PRJNA662018_P6N2",0,1.2,"orig.ident",0
"9","PRJNA662018_PRJNA662018_P6N2",0,1.2,"orig.ident",0
"10","PRJNA662018_PRJNA662018_P6N2",43,1.2,"orig.ident",0.00662966389145853
"11","PRJNA662018_PRJNA662018_P6N2",109,1.2,"orig.ident",0.0179423868312757
"12","PRJNA662018_PRJNA662018_P6N2",281,1.2,"orig.ident",0.0476998811746732
"13","PRJNA662018_PRJNA662018_P6N2",52,1.2,"orig.ident",0.0107928601079286
"14","PRJNA662018_PRJNA662018_P6N2",0,1.2,"orig.ident",0
"15","PRJNA662018_PRJNA662018_P6N2",72,1.2,"orig.ident",0.0247678018575851
"16","PRJNA662018_PRJNA662018_P6N2",0,1.2,"orig.ident",0
"17","PRJNA662018_PRJNA662018_P6N2",2,1.2,"orig.ident",0.00392156862745098
"singleton","PRJNA662018_PRJNA662018_P6N2",0,1.2,"orig.ident",0
"0","PRJNA662018_PRJNA662018_P6T6",4,1.2,"orig.ident",0.000358358717075793
"1","PRJNA662018_PRJNA662018_P6T6",1,1.2,"orig.ident",9.12492015694863e-05
"2","PRJNA662018_PRJNA662018_P6T6",3,1.2,"orig.ident",0.00030857848179387
"3","PRJNA662018_PRJNA662018_P6T6",0,1.2,"orig.ident",0
"4","PRJNA662018_PRJNA662018_P6T6",0,1.2,"orig.ident",0
"5","PRJNA662018_PRJNA662018_P6T6",10,1.2,"orig.ident",0.00109529025191676
"6","PRJNA662018_PRJNA662018_P6T6",1,1.2,"orig.ident",0.00011033873993159
"7","PRJNA662018_PRJNA662018_P6T6",0,1.2,"orig.ident",0
"8","PRJNA662018_PRJNA662018_P6T6",0,1.2,"orig.ident",0
"9","PRJNA662018_PRJNA662018_P6T6",0,1.2,"orig.ident",0
"10","PRJNA662018_PRJNA662018_P6T6",0,1.2,"orig.ident",0
"11","PRJNA662018_PRJNA662018_P6T6",3,1.2,"orig.ident",0.000493827160493827
"12","PRJNA662018_PRJNA662018_P6T6",4,1.2,"orig.ident",0.000679001867255135
"13","PRJNA662018_PRJNA662018_P6T6",3,1.2,"orig.ident",0.00062266500622665
"14","PRJNA662018_PRJNA662018_P6T6",0,1.2,"orig.ident",0
"15","PRJNA662018_PRJNA662018_P6T6",0,1.2,"orig.ident",0
"16","PRJNA662018_PRJNA662018_P6T6",0,1.2,"orig.ident",0
"17","PRJNA662018_PRJNA662018_P6T6",0,1.2,"orig.ident",0
"singleton","PRJNA662018_PRJNA662018_P6T6",0,1.2,"orig.ident",0
"0","PRJNA662018_PRJNA662018_P7T7",143,1.2,"orig.ident",0.0128113241354596
"1","PRJNA662018_PRJNA662018_P7T7",269,1.2,"orig.ident",0.0245460352221918
"2","PRJNA662018_PRJNA662018_P7T7",159,1.2,"orig.ident",0.0163546595350751
"3","PRJNA662018_PRJNA662018_P7T7",0,1.2,"orig.ident",0
"4","PRJNA662018_PRJNA662018_P7T7",0,1.2,"orig.ident",0
"5","PRJNA662018_PRJNA662018_P7T7",213,1.2,"orig.ident",0.0233296823658269
"6","PRJNA662018_PRJNA662018_P7T7",27,1.2,"orig.ident",0.00297914597815293
"7","PRJNA662018_PRJNA662018_P7T7",46,1.2,"orig.ident",0.00521010306943029
"8","PRJNA662018_PRJNA662018_P7T7",0,1.2,"orig.ident",0
"9","PRJNA662018_PRJNA662018_P7T7",0,1.2,"orig.ident",0
"10","PRJNA662018_PRJNA662018_P7T7",9,1.2,"orig.ident",0.00138760407030527
"11","PRJNA662018_PRJNA662018_P7T7",55,1.2,"orig.ident",0.00905349794238683
"12","PRJNA662018_PRJNA662018_P7T7",121,1.2,"orig.ident",0.0205398064844678
"13","PRJNA662018_PRJNA662018_P7T7",29,1.2,"orig.ident",0.00601909506019095
"14","PRJNA662018_PRJNA662018_P7T7",0,1.2,"orig.ident",0
"15","PRJNA662018_PRJNA662018_P7T7",16,1.2,"orig.ident",0.00550395596835225
"16","PRJNA662018_PRJNA662018_P7T7",1,1.2,"orig.ident",0.0012987012987013
"17","PRJNA662018_PRJNA662018_P7T7",1,1.2,"orig.ident",0.00196078431372549
"singleton","PRJNA662018_PRJNA662018_P7T7",0,1.2,"orig.ident",0
"0","PRJNA662018_PRJNA662018_P8T8",0,1.2,"orig.ident",0
"1","PRJNA662018_PRJNA662018_P8T8",10,1.2,"orig.ident",0.000912492015694863
"2","PRJNA662018_PRJNA662018_P8T8",0,1.2,"orig.ident",0
"3","PRJNA662018_PRJNA662018_P8T8",0,1.2,"orig.ident",0
"4","PRJNA662018_PRJNA662018_P8T8",0,1.2,"orig.ident",0
"5","PRJNA662018_PRJNA662018_P8T8",3,1.2,"orig.ident",0.000328587075575027
"6","PRJNA662018_PRJNA662018_P8T8",0,1.2,"orig.ident",0
"7","PRJNA662018_PRJNA662018_P8T8",0,1.2,"orig.ident",0
"8","PRJNA662018_PRJNA662018_P8T8",0,1.2,"orig.ident",0
"9","PRJNA662018_PRJNA662018_P8T8",0,1.2,"orig.ident",0
"10","PRJNA662018_PRJNA662018_P8T8",6,1.2,"orig.ident",0.000925069380203515
"11","PRJNA662018_PRJNA662018_P8T8",0,1.2,"orig.ident",0
"12","PRJNA662018_PRJNA662018_P8T8",0,1.2,"orig.ident",0
"13","PRJNA662018_PRJNA662018_P8T8",0,1.2,"orig.ident",0
"14","PRJNA662018_PRJNA662018_P8T8",0,1.2,"orig.ident",0
"15","PRJNA662018_PRJNA662018_P8T8",2,1.2,"orig.ident",0.000687994496044032
"16","PRJNA662018_PRJNA662018_P8T8",0,1.2,"orig.ident",0
"17","PRJNA662018_PRJNA662018_P8T8",0,1.2,"orig.ident",0
"singleton","PRJNA662018_PRJNA662018_P8T8",0,1.2,"orig.ident",0
"0","T4091568",0,1.2,"orig.ident",0
"1","T4091568",8,1.2,"orig.ident",0.00072999361255589
"2","T4091568",0,1.2,"orig.ident",0
"3","T4091568",765,1.2,"orig.ident",0.0815651988484913
"4","T4091568",355,1.2,"orig.ident",0.0384823848238482
"5","T4091568",36,1.2,"orig.ident",0.00394304490690033
"6","T4091568",0,1.2,"orig.ident",0
"7","T4091568",0,1.2,"orig.ident",0
"8","T4091568",355,1.2,"orig.ident",0.0410689495603887
"9","T4091568",633,1.2,"orig.ident",0.0800556468951562
"10","T4091568",74,1.2,"orig.ident",0.01140918902251
"11","T4091568",0,1.2,"orig.ident",0
"12","T4091568",0,1.2,"orig.ident",0
"13","T4091568",106,1.2,"orig.ident",0.0220008302200083
"14","T4091568",118,1.2,"orig.ident",0.0361077111383109
"15","T4091568",0,1.2,"orig.ident",0
"16","T4091568",0,1.2,"orig.ident",0
"17","T4091568",0,1.2,"orig.ident",0
"singleton","T4091568",0,1.2,"orig.ident",0
"0","T4295396",0,1.2,"orig.ident",0
"1","T4295396",6,1.2,"orig.ident",0.000547495209416918
"2","T4295396",0,1.2,"orig.ident",0
"3","T4295396",760,1.2,"orig.ident",0.0810320929736646
"4","T4295396",779,1.2,"orig.ident",0.0844444444444444
"5","T4295396",27,1.2,"orig.ident",0.00295728368017525
"6","T4295396",0,1.2,"orig.ident",0
"7","T4295396",0,1.2,"orig.ident",0
"8","T4295396",971,1.2,"orig.ident",0.112332253586303
"9","T4295396",814,1.2,"orig.ident",0.102946756038953
"10","T4295396",278,1.2,"orig.ident",0.0428615479494295
"11","T4295396",0,1.2,"orig.ident",0
"12","T4295396",0,1.2,"orig.ident",0
"13","T4295396",73,1.2,"orig.ident",0.0151515151515152
"14","T4295396",780,1.2,"orig.ident",0.238678090575275
"15","T4295396",12,1.2,"orig.ident",0.00412796697626419
"16","T4295396",0,1.2,"orig.ident",0
"17","T4295396",0,1.2,"orig.ident",0
"singleton","T4295396",0,1.2,"orig.ident",0
"0","T4380845",1,1.2,"orig.ident",8.95896792689482e-05
"1","T4380845",4,1.2,"orig.ident",0.000364996806277945
"2","T4380845",0,1.2,"orig.ident",0
"3","T4380845",582,1.2,"orig.ident",0.0620535238298326
"4","T4380845",302,1.2,"orig.ident",0.0327371273712737
"5","T4380845",14,1.2,"orig.ident",0.00153340635268346
"6","T4380845",0,1.2,"orig.ident",0
"7","T4380845",0,1.2,"orig.ident",0
"8","T4380845",528,1.2,"orig.ident",0.0610828320222119
"9","T4380845",267,1.2,"orig.ident",0.0337675477425066
"10","T4380845",54,1.2,"orig.ident",0.00832562442183164
"11","T4380845",0,1.2,"orig.ident",0
"12","T4380845",0,1.2,"orig.ident",0
"13","T4380845",110,1.2,"orig.ident",0.0228310502283105
"14","T4380845",180,1.2,"orig.ident",0.0550795593635251
"15","T4380845",3,1.2,"orig.ident",0.00103199174406605
"16","T4380845",0,1.2,"orig.ident",0
"17","T4380845",0,1.2,"orig.ident",0
"singleton","T4380845",0,1.2,"orig.ident",0
"0","T4398343",0,1.2,"orig.ident",0
"1","T4398343",17,1.2,"orig.ident",0.00155123642668127
"2","T4398343",0,1.2,"orig.ident",0
"3","T4398343",755,1.2,"orig.ident",0.0804989870988378
"4","T4398343",1661,1.2,"orig.ident",0.180054200542005
"5","T4398343",51,1.2,"orig.ident",0.00558598028477547
"6","T4398343",1,1.2,"orig.ident",0.00011033873993159
"7","T4398343",0,1.2,"orig.ident",0
"8","T4398343",704,1.2,"orig.ident",0.0814437760296159
"9","T4398343",965,1.2,"orig.ident",0.122043758694827
"10","T4398343",481,1.2,"orig.ident",0.0741597286463151
"11","T4398343",0,1.2,"orig.ident",0
"12","T4398343",0,1.2,"orig.ident",0
"13","T4398343",204,1.2,"orig.ident",0.0423412204234122
"14","T4398343",631,1.2,"orig.ident",0.193084455324357
"15","T4398343",6,1.2,"orig.ident",0.00206398348813209
"16","T4398343",0,1.2,"orig.ident",0
"17","T4398343",0,1.2,"orig.ident",0
"singleton","T4398343",0,1.2,"orig.ident",0
"0","T4450398",0,1.2,"orig.ident",0
"1","T4450398",34,1.2,"orig.ident",0.00310247285336253
"2","T4450398",0,1.2,"orig.ident",0
"3","T4450398",1370,1.2,"orig.ident",0.146071009702527
"4","T4450398",927,1.2,"orig.ident",0.100487804878049
"5","T4450398",122,1.2,"orig.ident",0.0133625410733844
"6","T4450398",0,1.2,"orig.ident",0
"7","T4450398",0,1.2,"orig.ident",0
"8","T4450398",1715,1.2,"orig.ident",0.198403516890329
"9","T4450398",1219,1.2,"orig.ident",0.154167193625901
"10","T4450398",193,1.2,"orig.ident",0.0297563983965464
"11","T4450398",0,1.2,"orig.ident",0
"12","T4450398",0,1.2,"orig.ident",0
"13","T4450398",85,1.2,"orig.ident",0.0176421751764218
"14","T4450398",305,1.2,"orig.ident",0.0933292533659731
"15","T4450398",1,1.2,"orig.ident",0.000343997248022016
"16","T4450398",0,1.2,"orig.ident",0
"17","T4450398",0,1.2,"orig.ident",0
"singleton","T4450398",0,1.2,"orig.ident",0
"0","T4463209a",0,1.2,"orig.ident",0
"1","T4463209a",39,1.2,"orig.ident",0.00355871886120996
"2","T4463209a",0,1.2,"orig.ident",0
"3","T4463209a",477,1.2,"orig.ident",0.0508583004584711
"4","T4463209a",1550,1.2,"orig.ident",0.168021680216802
"5","T4463209a",29,1.2,"orig.ident",0.0031763417305586
"6","T4463209a",0,1.2,"orig.ident",0
"7","T4463209a",0,1.2,"orig.ident",0
"8","T4463209a",1121,1.2,"orig.ident",0.12968533086534
"9","T4463209a",297,1.2,"orig.ident",0.0375616542304287
"10","T4463209a",368,1.2,"orig.ident",0.0567375886524823
"11","T4463209a",0,1.2,"orig.ident",0
"12","T4463209a",0,1.2,"orig.ident",0
"13","T4463209a",255,1.2,"orig.ident",0.0529265255292653
"14","T4463209a",503,1.2,"orig.ident",0.153916768665851
"15","T4463209a",8,1.2,"orig.ident",0.00275197798417613
"16","T4463209a",0,1.2,"orig.ident",0
"17","T4463209a",0,1.2,"orig.ident",0
"singleton","T4463209a",0,1.2,"orig.ident",0
"0","T4463209b",1,1.2,"orig.ident",8.95896792689482e-05
"1","T4463209b",15,1.2,"orig.ident",0.00136873802354229
"2","T4463209b",0,1.2,"orig.ident",0
"3","T4463209b",761,1.2,"orig.ident",0.0811387141486299
"4","T4463209b",484,1.2,"orig.ident",0.0524661246612466
"5","T4463209b",35,1.2,"orig.ident",0.00383351588170865
"6","T4463209b",0,1.2,"orig.ident",0
"7","T4463209b",0,1.2,"orig.ident",0
"8","T4463209b",378,1.2,"orig.ident",0.0437297547431745
"9","T4463209b",504,1.2,"orig.ident",0.0637409889970912
"10","T4463209b",240,1.2,"orig.ident",0.0370027752081406
"11","T4463209b",0,1.2,"orig.ident",0
"12","T4463209b",0,1.2,"orig.ident",0
"13","T4463209b",152,1.2,"orig.ident",0.0315483603154836
"14","T4463209b",260,1.2,"orig.ident",0.0795593635250918
"15","T4463209b",2,1.2,"orig.ident",0.000687994496044032
"16","T4463209b",0,1.2,"orig.ident",0
"17","T4463209b",0,1.2,"orig.ident",0
"singleton","T4463209b",0,1.2,"orig.ident",0
"0","T4465219",25,1.2,"orig.ident",0.00223974198172371
"1","T4465219",14,1.2,"orig.ident",0.00127748882197281
"2","T4465219",0,1.2,"orig.ident",0
"3","T4465219",219,1.2,"orig.ident",0.0233500373174112
"4","T4465219",126,1.2,"orig.ident",0.0136585365853659
"5","T4465219",135,1.2,"orig.ident",0.0147864184008762
"6","T4465219",19,1.2,"orig.ident",0.00209643605870021
"7","T4465219",0,1.2,"orig.ident",0
"8","T4465219",69,1.2,"orig.ident",0.00798241554835724
"9","T4465219",166,1.2,"orig.ident",0.0209940558998356
"10","T4465219",413,1.2,"orig.ident",0.0636756090040086
"11","T4465219",11,1.2,"orig.ident",0.00181069958847737
"12","T4465219",0,1.2,"orig.ident",0
"13","T4465219",159,1.2,"orig.ident",0.0330012453300125
"14","T4465219",16,1.2,"orig.ident",0.00489596083231334
"15","T4465219",0,1.2,"orig.ident",0
"16","T4465219",0,1.2,"orig.ident",0
"17","T4465219",0,1.2,"orig.ident",0
"singleton","T4465219",0,1.2,"orig.ident",0
"0","T4465935",0,1.2,"orig.ident",0
"1","T4465935",27,1.2,"orig.ident",0.00246372844237613
"2","T4465935",0,1.2,"orig.ident",0
"3","T4465935",405,1.2,"orig.ident",0.043181575860966
"4","T4465935",813,1.2,"orig.ident",0.088130081300813
"5","T4465935",58,1.2,"orig.ident",0.0063526834611172
"6","T4465935",0,1.2,"orig.ident",0
"7","T4465935",0,1.2,"orig.ident",0
"8","T4465935",248,1.2,"orig.ident",0.028690421101342
"9","T4465935",864,1.2,"orig.ident",0.109270266852156
"10","T4465935",77,1.2,"orig.ident",0.0118717237126118
"11","T4465935",0,1.2,"orig.ident",0
"12","T4465935",0,1.2,"orig.ident",0
"13","T4465935",116,1.2,"orig.ident",0.0240763802407638
"14","T4465935",125,1.2,"orig.ident",0.038249694002448
"15","T4465935",1,1.2,"orig.ident",0.000343997248022016
"16","T4465935",0,1.2,"orig.ident",0
"17","T4465935",0,1.2,"orig.ident",0
"singleton","T4465935",0,1.2,"orig.ident",0
"0","T4466585",0,1.2,"orig.ident",0
"1","T4466585",5,1.2,"orig.ident",0.000456246007847431
"2","T4466585",0,1.2,"orig.ident",0
"3","T4466585",266,1.2,"orig.ident",0.0283612325407826
"4","T4466585",225,1.2,"orig.ident",0.024390243902439
"5","T4466585",19,1.2,"orig.ident",0.00208105147864184
"6","T4466585",0,1.2,"orig.ident",0
"7","T4466585",0,1.2,"orig.ident",0
"8","T4466585",125,1.2,"orig.ident",0.0144608977325312
"9","T4466585",420,1.2,"orig.ident",0.0531174908309093
"10","T4466585",31,1.2,"orig.ident",0.0047795251310515
"11","T4466585",0,1.2,"orig.ident",0
"12","T4466585",0,1.2,"orig.ident",0
"13","T4466585",28,1.2,"orig.ident",0.0058115400581154
"14","T4466585",51,1.2,"orig.ident",0.0156058751529988
"15","T4466585",0,1.2,"orig.ident",0
"16","T4466585",0,1.2,"orig.ident",0
"17","T4466585",0,1.2,"orig.ident",0
"singleton","T4466585",0,1.2,"orig.ident",0
"0","T4469479",0,1.2,"orig.ident",0
"1","T4469479",32,1.2,"orig.ident",0.00291997445022356
"2","T4469479",0,1.2,"orig.ident",0
"3","T4469479",766,1.2,"orig.ident",0.0816718200234567
"4","T4469479",678,1.2,"orig.ident",0.0734959349593496
"5","T4469479",53,1.2,"orig.ident",0.00580503833515882
"6","T4469479",0,1.2,"orig.ident",0
"7","T4469479",0,1.2,"orig.ident",0
"8","T4469479",387,1.2,"orig.ident",0.0447709393799167
"9","T4469479",536,1.2,"orig.ident",0.0677880359175414
"10","T4469479",113,1.2,"orig.ident",0.0174221399938329
"11","T4469479",0,1.2,"orig.ident",0
"12","T4469479",0,1.2,"orig.ident",0
"13","T4469479",82,1.2,"orig.ident",0.0170195101701951
"14","T4469479",86,1.2,"orig.ident",0.0263157894736842
"15","T4469479",0,1.2,"orig.ident",0
"16","T4469479",0,1.2,"orig.ident",0
"17","T4469479",0,1.2,"orig.ident",0
"singleton","T4469479",0,1.2,"orig.ident",0
"0","T4471438",0,1.2,"orig.ident",0
"1","T4471438",28,1.2,"orig.ident",0.00255497764394562
"2","T4471438",0,1.2,"orig.ident",0
"3","T4471438",1880,1.2,"orig.ident",0.200447808934854
"4","T4471438",944,1.2,"orig.ident",0.102330623306233
"5","T4471438",76,1.2,"orig.ident",0.00832420591456736
"6","T4471438",0,1.2,"orig.ident",0
"7","T4471438",0,1.2,"orig.ident",0
"8","T4471438",1635,1.2,"orig.ident",0.189148542341509
"9","T4471438",856,1.2,"orig.ident",0.108258505122044
"10","T4471438",94,1.2,"orig.ident",0.0144927536231884
"11","T4471438",0,1.2,"orig.ident",0
"12","T4471438",0,1.2,"orig.ident",0
"13","T4471438",448,1.2,"orig.ident",0.0929846409298464
"14","T4471438",114,1.2,"orig.ident",0.0348837209302326
"15","T4471438",0,1.2,"orig.ident",0
"16","T4471438",0,1.2,"orig.ident",0
"17","T4471438",0,1.2,"orig.ident",0
"singleton","T4471438",0,1.2,"orig.ident",0
"0","T8009218",0,1.2,"orig.ident",0
"1","T8009218",15,1.2,"orig.ident",0.00136873802354229
"2","T8009218",0,1.2,"orig.ident",0
"3","T8009218",370,1.2,"orig.ident",0.0394498347371788
"4","T8009218",378,1.2,"orig.ident",0.0409756097560976
"5","T8009218",21,1.2,"orig.ident",0.00230010952902519
"6","T8009218",0,1.2,"orig.ident",0
"7","T8009218",0,1.2,"orig.ident",0
"8","T8009218",408,1.2,"orig.ident",0.047200370198982
"9","T8009218",359,1.2,"orig.ident",0.0454028076388011
"10","T8009218",242,1.2,"orig.ident",0.0373111316682085
"11","T8009218",0,1.2,"orig.ident",0
"12","T8009218",0,1.2,"orig.ident",0
"13","T8009218",67,1.2,"orig.ident",0.0139061851390619
"14","T8009218",99,1.2,"orig.ident",0.0302937576499388
"15","T8009218",0,1.2,"orig.ident",0
"16","T8009218",0,1.2,"orig.ident",0
"17","T8009218",1,1.2,"orig.ident",0.00196078431372549
"singleton","T8009218",0,1.2,"orig.ident",0
"0","MIBC",3238,1.2,"Type",0.290091381472854
"1","MIBC",4104,1.2,"Type",0.374486723241172
"2","MIBC",2230,1.2,"Type",0.229376671466776
"3","MIBC",9379,1.2,"Type",1
"4","MIBC",9225,1.2,"Type",1
"5","MIBC",2876,1.2,"Type",0.31500547645126
"6","MIBC",3023,1.2,"Type",0.333554010813197
"7","MIBC",3188,1.2,"Type",0.36108279533356
"8","MIBC",8644,1.2,"Type",1
"9","MIBC",7907,1.2,"Type",1
"10","MIBC",3622,1.2,"Type",0.558433549182855
"11","MIBC",1556,1.2,"Type",0.256131687242798
"12","MIBC",1329,1.2,"Type",0.225598370395519
"13","MIBC",2563,1.2,"Type",0.531963470319635
"14","MIBC",3268,1.2,"Type",1
"15","MIBC",901,1.2,"Type",0.309941520467836
"16","MIBC",753,1.2,"Type",0.977922077922078
"17","MIBC",43,1.2,"Type",0.0843137254901961
"singleton","MIBC",0,1.2,"Type",0
"0","NMIBC",3639,1.2,"Type",0.326016842859703
"1","NMIBC",3890,1.2,"Type",0.354959394105302
"2","NMIBC",2952,1.2,"Type",0.303641226085168
"3","NMIBC",0,1.2,"Type",0
"4","NMIBC",0,1.2,"Type",0
"5","NMIBC",2501,1.2,"Type",0.273932092004381
"6","NMIBC",4475,1.2,"Type",0.493765861193865
"7","NMIBC",4279,1.2,"Type",0.484652848567222
"8","NMIBC",0,1.2,"Type",0
"9","NMIBC",0,1.2,"Type",0
"10","NMIBC",1499,1.2,"Type",0.231113166820845
"11","NMIBC",2065,1.2,"Type",0.339917695473251
"12","NMIBC",1582,1.2,"Type",0.268545238499406
"13","NMIBC",965,1.2,"Type",0.200290577002906
"14","NMIBC",0,1.2,"Type",0
"15","NMIBC",1108,1.2,"Type",0.381148950808394
"16","NMIBC",14,1.2,"Type",0.0181818181818182
"17","NMIBC",79,1.2,"Type",0.154901960784314
"singleton","NMIBC",1,1.2,"Type",1
"0","Normal",4285,1.2,"Type",0.383891775667443
"1","Normal",2965,1.2,"Type",0.270553882653527
"2","Normal",4540,1.2,"Type",0.466982102448056
"3","Normal",0,1.2,"Type",0
"4","Normal",0,1.2,"Type",0
"5","Normal",3753,1.2,"Type",0.411062431544359
"6","Normal",1565,1.2,"Type",0.172680127992938
"7","Normal",1362,1.2,"Type",0.154264356099218
"8","Normal",0,1.2,"Type",0
"9","Normal",0,1.2,"Type",0
"10","Normal",1365,1.2,"Type",0.2104532839963
"11","Normal",2454,1.2,"Type",0.403950617283951
"12","Normal",2980,1.2,"Type",0.505856391105076
"13","Normal",1290,1.2,"Type",0.26774595267746
"14","Normal",0,1.2,"Type",0
"15","Normal",898,1.2,"Type",0.30890952872377
"16","Normal",3,1.2,"Type",0.0038961038961039
"17","Normal",388,1.2,"Type",0.76078431372549
"singleton","Normal",0,1.2,"Type",0
"0","Normal",4285,1.2,"T_stage",0.383891775667443
"1","Normal",2965,1.2,"T_stage",0.270553882653527
"2","Normal",4540,1.2,"T_stage",0.466982102448056
"3","Normal",0,1.2,"T_stage",0
"4","Normal",0,1.2,"T_stage",0
"5","Normal",3753,1.2,"T_stage",0.411062431544359
"6","Normal",1565,1.2,"T_stage",0.172680127992938
"7","Normal",1362,1.2,"T_stage",0.154264356099218
"8","Normal",0,1.2,"T_stage",0
"9","Normal",0,1.2,"T_stage",0
"10","Normal",1365,1.2,"T_stage",0.2104532839963
"11","Normal",2454,1.2,"T_stage",0.403950617283951
"12","Normal",2980,1.2,"T_stage",0.505856391105076
"13","Normal",1290,1.2,"T_stage",0.26774595267746
"14","Normal",0,1.2,"T_stage",0
"15","Normal",898,1.2,"T_stage",0.30890952872377
"16","Normal",3,1.2,"T_stage",0.0038961038961039
"17","Normal",388,1.2,"T_stage",0.76078431372549
"singleton","Normal",0,1.2,"T_stage",0
"0","T1",1590,1.2,"T_stage",0.142447590037628
"1","T1",1370,1.2,"T_stage",0.125011406150196
"2","T1",1226,1.2,"T_stage",0.126105739559761
"3","T1",0,1.2,"T_stage",0
"4","T1",0,1.2,"T_stage",0
"5","T1",1238,1.2,"T_stage",0.135596933187295
"6","T1",2065,1.2,"T_stage",0.227849497958733
"7","T1",1053,1.2,"T_stage",0.119266055045872
"8","T1",0,1.2,"T_stage",0
"9","T1",0,1.2,"T_stage",0
"10","T1",604,1.2,"T_stage",0.0931236509404872
"11","T1",1158,1.2,"T_stage",0.190617283950617
"12","T1",566,1.2,"T_stage",0.0960787642166016
"13","T1",386,1.2,"T_stage",0.0801162308011623
"14","T1",0,1.2,"T_stage",0
"15","T1",253,1.2,"T_stage",0.08703130374957
"16","T1",5,1.2,"T_stage",0.00649350649350649
"17","T1",37,1.2,"T_stage",0.0725490196078431
"singleton","T1",1,1.2,"T_stage",1
"0","T2",347,1.2,"T_stage",0.031087618706325
"1","T2",1032,1.2,"T_stage",0.0941691760197098
"2","T2",136,1.2,"T_stage",0.0139888911746554
"3","T2",5595,1.2,"T_stage",0.596545473931123
"4","T2",6867,1.2,"T_stage",0.744390243902439
"5","T2",964,1.2,"T_stage",0.105585980284775
"6","T2",339,1.2,"T_stage",0.037404832836809
"7","T2",142,1.2,"T_stage",0.0160833616491109
"8","T2",5859,1.2,"T_stage",0.677811198519204
"9","T2",5516,1.2,"T_stage",0.697609712912609
"10","T2",2212,1.2,"T_stage",0.341042244835029
"11","T2",310,1.2,"T_stage",0.0510288065843621
"12","T2",342,1.2,"T_stage",0.058054659650314
"13","T2",1248,1.2,"T_stage",0.259028642590286
"14","T2",2851,1.2,"T_stage",0.872399020807833
"15","T2",135,1.2,"T_stage",0.0464396284829721
"16","T2",1,1.2,"T_stage",0.0012987012987013
"17","T2",6,1.2,"T_stage",0.0117647058823529
"singleton","T2",0,1.2,"T_stage",0
"0","T3",1908,1.2,"T_stage",0.170937108045153
"1","T3",1722,1.2,"T_stage",0.157131125102655
"2","T3",1629,1.2,"T_stage",0.167558115614071
"3","T3",370,1.2,"T_stage",0.0394498347371788
"4","T3",378,1.2,"T_stage",0.0409756097560976
"5","T3",746,1.2,"T_stage",0.0817086527929901
"6","T3",1466,1.2,"T_stage",0.161756592739711
"7","T3",2164,1.2,"T_stage",0.245101370483633
"8","T3",408,1.2,"T_stage",0.047200370198982
"9","T3",359,1.2,"T_stage",0.0454028076388011
"10","T3",812,1.2,"T_stage",0.125192722787542
"11","T3",971,1.2,"T_stage",0.159835390946502
"12","T3",627,1.2,"T_stage",0.106433542692242
"13","T3",387,1.2,"T_stage",0.0803237858032379
"14","T3",99,1.2,"T_stage",0.0302937576499388
"15","T3",544,1.2,"T_stage",0.187134502923977
"16","T3",6,1.2,"T_stage",0.00779220779220779
"17","T3",4,1.2,"T_stage",0.00784313725490196
"singleton","T3",0,1.2,"T_stage",0
"0","T4",326,1.2,"T_stage",0.0292062354416771
"1","T4",515,1.2,"T_stage",0.0469933388082854
"2","T4",264,1.2,"T_stage",0.0271549063978605
"3","T4",3411,1.2,"T_stage",0.363684827806802
"4","T4",1977,1.2,"T_stage",0.214308943089431
"5","T4",264,1.2,"T_stage",0.0289156626506024
"6","T4",324,1.2,"T_stage",0.0357497517378352
"7","T4",551,1.2,"T_stage",0.0624079737229584
"8","T4",2377,1.2,"T_stage",0.274988431281814
"9","T4",2025,1.2,"T_stage",0.256102187934741
"10","T4",364,1.2,"T_stage",0.0561208757323466
"11","T4",94,1.2,"T_stage",0.0154732510288066
"12","T4",97,1.2,"T_stage",0.016465795280937
"13","T4",757,1.2,"T_stage",0.157119136571191
"14","T4",318,1.2,"T_stage",0.0973072215422277
"15","T4",115,1.2,"T_stage",0.0395596835225318
"16","T4",1,1.2,"T_stage",0.0012987012987013
"17","T4",26,1.2,"T_stage",0.0509803921568627
"singleton","T4",0,1.2,"T_stage",0
"0","Ta",418,1.2,"T_stage",0.0374484859344204
"1","Ta",807,1.2,"T_stage",0.0736381056665754
"2","Ta",351,1.2,"T_stage",0.0361036823698827
"3","Ta",0,1.2,"T_stage",0
"4","Ta",0,1.2,"T_stage",0
"5","Ta",79,1.2,"T_stage",0.00865279299014239
"6","Ta",1271,1.2,"T_stage",0.140240538453051
"7","Ta",2367,1.2,"T_stage",0.26809378185525
"8","Ta",0,1.2,"T_stage",0
"9","Ta",0,1.2,"T_stage",0
"10","Ta",131,1.2,"T_stage",0.0201973481344434
"11","Ta",279,1.2,"T_stage",0.0459259259259259
"12","Ta",137,1.2,"T_stage",0.0232558139534884
"13","Ta",125,1.2,"T_stage",0.0259443752594438
"14","Ta",0,1.2,"T_stage",0
"15","Ta",385,1.2,"T_stage",0.132438940488476
"16","Ta",3,1.2,"T_stage",0.0038961038961039
"17","Ta",3,1.2,"T_stage",0.00588235294117647
"singleton","Ta",0,1.2,"T_stage",0
"0",NA,2288,1.2,"T_stage",0.204981186167354
"1",NA,2548,1.2,"T_stage",0.232502965599051
"2",NA,1576,1.2,"T_stage",0.162106562435713
"3",NA,3,1.2,"T_stage",0.000319863524896044
"4",NA,3,1.2,"T_stage",0.00032520325203252
"5",NA,2086,1.2,"T_stage",0.228477546549836
"6",NA,2033,1.2,"T_stage",0.224318658280922
"7",NA,1190,1.2,"T_stage",0.134783101143957
"8",NA,0,1.2,"T_stage",0
"9",NA,7,1.2,"T_stage",0.000885291513848489
"10",NA,998,1.2,"T_stage",0.153869873573851
"11",NA,809,1.2,"T_stage",0.133168724279835
"12",NA,1142,1.2,"T_stage",0.193855033101341
"13",NA,625,1.2,"T_stage",0.129721876297219
"14",NA,0,1.2,"T_stage",0
"15",NA,577,1.2,"T_stage",0.198486412108703
"16",NA,751,1.2,"T_stage",0.975324675324675
"17",NA,46,1.2,"T_stage",0.0901960784313725
"singleton",NA,0,1.2,"T_stage",0
"0","N0",3969,1.2,"N_stage",0.355581437018455
"1","N0",4418,1.2,"N_stage",0.40313897253399
"2","N0",2994,1.2,"N_stage",0.307961324830282
"3","N0",0,1.2,"N_stage",0
"4","N0",0,1.2,"N_stage",0
"5","N0",2284,1.2,"N_stage",0.250164293537788
"6","N0",4961,1.2,"N_stage",0.547390488800618
"7","N0",5323,1.2,"N_stage",0.602899535621248
"8","N0",0,1.2,"N_stage",0
"9","N0",0,1.2,"N_stage",0
"10","N0",1320,1.2,"N_stage",0.203515263644773
"11","N0",2587,1.2,"N_stage",0.425843621399177
"12","N0",1481,1.2,"N_stage",0.251400441351214
"13","N0",843,1.2,"N_stage",0.174968866749689
"14","N0",0,1.2,"N_stage",0
"15","N0",1179,1.2,"N_stage",0.405572755417957
"16","N0",15,1.2,"N_stage",0.0194805194805195
"17","N0",49,1.2,"N_stage",0.096078431372549
"singleton","N0",1,1.2,"N_stage",1
"0","N2",314,1.2,"N_stage",0.0281311592904497
"1","N2",420,1.2,"N_stage",0.0383246646591842
"2","N2",241,1.2,"N_stage",0.0247891380374409
"3","N2",0,1.2,"N_stage",0
"4","N2",0,1.2,"N_stage",0
"5","N2",89,1.2,"N_stage",0.00974808324205915
"6","N2",316,1.2,"N_stage",0.0348670418183824
"7","N2",544,1.2,"N_stage",0.0616151319515234
"8","N2",0,1.2,"N_stage",0
"9","N2",0,1.2,"N_stage",0
"10","N2",63,1.2,"N_stage",0.00971322849213691
"11","N2",76,1.2,"N_stage",0.0125102880658436
"12","N2",91,1.2,"N_stage",0.0154472924800543
"13","N2",109,1.2,"N_stage",0.022623495226235
"14","N2",0,1.2,"N_stage",0
"15","N2",112,1.2,"N_stage",0.0385276917784658
"16","N2",1,1.2,"N_stage",0.0012987012987013
"17","N2",26,1.2,"N_stage",0.0509803921568627
"singleton","N2",0,1.2,"N_stage",0
"0","N3",279,1.2,"N_stage",0.0249955205160366
"1","N3",364,1.2,"N_stage",0.033214709371293
"2","N3",371,1.2,"N_stage",0.0381608722485085
"3","N3",0,1.2,"N_stage",0
"4","N3",0,1.2,"N_stage",0
"5","N3",242,1.2,"N_stage",0.0265060240963855
"6","N3",168,1.2,"N_stage",0.0185369083085071
"7","N3",410,1.2,"N_stage",0.0464378751840526
"8","N3",0,1.2,"N_stage",0
"9","N3",0,1.2,"N_stage",0
"10","N3",82,1.2,"N_stage",0.0126426148627814
"11","N3",138,1.2,"N_stage",0.022716049382716
"12","N3",197,1.2,"N_stage",0.0334408419623154
"13","N3",66,1.2,"N_stage",0.0136986301369863
"14","N3",0,1.2,"N_stage",0
"15","N3",108,1.2,"N_stage",0.0371517027863777
"16","N3",0,1.2,"N_stage",0
"17","N3",0,1.2,"N_stage",0
"singleton","N3",0,1.2,"N_stage",0
"0","Normal",4285,1.2,"N_stage",0.383891775667443
"1","Normal",2965,1.2,"N_stage",0.270553882653527
"2","Normal",4540,1.2,"N_stage",0.466982102448056
"3","Normal",0,1.2,"N_stage",0
"4","Normal",0,1.2,"N_stage",0
"5","Normal",3753,1.2,"N_stage",0.411062431544359
"6","Normal",1565,1.2,"N_stage",0.172680127992938
"7","Normal",1362,1.2,"N_stage",0.154264356099218
"8","Normal",0,1.2,"N_stage",0
"9","Normal",0,1.2,"N_stage",0
"10","Normal",1365,1.2,"N_stage",0.2104532839963
"11","Normal",2454,1.2,"N_stage",0.403950617283951
"12","Normal",2980,1.2,"N_stage",0.505856391105076
"13","Normal",1290,1.2,"N_stage",0.26774595267746
"14","Normal",0,1.2,"N_stage",0
"15","Normal",898,1.2,"N_stage",0.30890952872377
"16","Normal",3,1.2,"N_stage",0.0038961038961039
"17","Normal",388,1.2,"N_stage",0.76078431372549
"singleton","Normal",0,1.2,"N_stage",0
"0",NA,2315,1.2,"N_stage",0.207400107507615
"1",NA,2792,1.2,"N_stage",0.254767770782006
"2",NA,1576,1.2,"N_stage",0.162106562435713
"3",NA,9379,1.2,"N_stage",1
"4",NA,9225,1.2,"N_stage",1
"5",NA,2762,1.2,"N_stage",0.302519167579409
"6",NA,2053,1.2,"N_stage",0.226525433079554
"7",NA,1190,1.2,"N_stage",0.134783101143957
"8",NA,8644,1.2,"N_stage",1
"9",NA,7907,1.2,"N_stage",1
"10",NA,3656,1.2,"N_stage",0.563675609004009
"11",NA,820,1.2,"N_stage",0.134979423868313
"12",NA,1142,1.2,"N_stage",0.193855033101341
"13",NA,2510,1.2,"N_stage",0.520963055209631
"14",NA,3268,1.2,"N_stage",1
"15",NA,610,1.2,"N_stage",0.20983832129343
"16",NA,751,1.2,"N_stage",0.975324675324675
"17",NA,47,1.2,"N_stage",0.092156862745098
"singleton",NA,0,1.2,"N_stage",0
"0","M0",4248,1.2,"M_stage",0.380576957534492
"1","M0",4782,1.2,"M_stage",0.436353681905283
"2","M0",3365,1.2,"M_stage",0.34612219707879
"3","M0",0,1.2,"M_stage",0
"4","M0",0,1.2,"M_stage",0
"5","M0",2526,1.2,"M_stage",0.276670317634173
"6","M0",5129,1.2,"M_stage",0.565927397109125
"7","M0",5733,1.2,"M_stage",0.649337410805301
"8","M0",0,1.2,"M_stage",0
"9","M0",0,1.2,"M_stage",0
"10","M0",1402,1.2,"M_stage",0.216157878507555
"11","M0",2725,1.2,"M_stage",0.448559670781893
"12","M0",1678,1.2,"M_stage",0.284841283313529
"13","M0",909,1.2,"M_stage",0.188667496886675
"14","M0",0,1.2,"M_stage",0
"15","M0",1287,1.2,"M_stage",0.442724458204334
"16","M0",15,1.2,"M_stage",0.0194805194805195
"17","M0",49,1.2,"M_stage",0.096078431372549
"singleton","M0",1,1.2,"M_stage",1
"0","Normal",4285,1.2,"M_stage",0.383891775667443
"1","Normal",2965,1.2,"M_stage",0.270553882653527
"2","Normal",4540,1.2,"M_stage",0.466982102448056
"3","Normal",0,1.2,"M_stage",0
"4","Normal",0,1.2,"M_stage",0
"5","Normal",3753,1.2,"M_stage",0.411062431544359
"6","Normal",1565,1.2,"M_stage",0.172680127992938
"7","Normal",1362,1.2,"M_stage",0.154264356099218
"8","Normal",0,1.2,"M_stage",0
"9","Normal",0,1.2,"M_stage",0
"10","Normal",1365,1.2,"M_stage",0.2104532839963
"11","Normal",2454,1.2,"M_stage",0.403950617283951
"12","Normal",2980,1.2,"M_stage",0.505856391105076
"13","Normal",1290,1.2,"M_stage",0.26774595267746
"14","Normal",0,1.2,"M_stage",0
"15","Normal",898,1.2,"M_stage",0.30890952872377
"16","Normal",3,1.2,"M_stage",0.0038961038961039
"17","Normal",388,1.2,"M_stage",0.76078431372549
"singleton","Normal",0,1.2,"M_stage",0
"0",NA,2629,1.2,"M_stage",0.235531266798065
"1",NA,3212,1.2,"M_stage",0.29309243544119
"2",NA,1817,1.2,"M_stage",0.186895700473154
"3",NA,9379,1.2,"M_stage",1
"4",NA,9225,1.2,"M_stage",1
"5",NA,2851,1.2,"M_stage",0.312267250821468
"6",NA,2369,1.2,"M_stage",0.261392474897937
"7",NA,1734,1.2,"M_stage",0.196398233095481
"8",NA,8644,1.2,"M_stage",1
"9",NA,7907,1.2,"M_stage",1
"10",NA,3719,1.2,"M_stage",0.573388837496146
"11",NA,896,1.2,"M_stage",0.147489711934156
"12",NA,1233,1.2,"M_stage",0.209302325581395
"13",NA,2619,1.2,"M_stage",0.543586550435865
"14",NA,3268,1.2,"M_stage",1
"15",NA,722,1.2,"M_stage",0.248366013071895
"16",NA,752,1.2,"M_stage",0.976623376623377
"17",NA,73,1.2,"M_stage",0.143137254901961
"singleton",NA,0,1.2,"M_stage",0
