"p_val","avg_log2FC","pct.1","pct.2","p_val_adj","cluster","gene"
0,3.44349772665647,0.326,0.046,0,"0","LINC00987"
0,2.50265563354808,0.164,0.038,0,"0","ENSG00000301019"
0,2.34199572485015,0.121,0.03,0,"0","ENSG00000295359"
0,2.34173080565707,0.226,0.059,0,"0","ENSG00000274767"
0,2.31573058702141,0.1,0.02,0,"0","SGCD"
0,2.12712593686354,0.704,0.204,0,"0","GZMK"
0,2.02983247532755,0.192,0.052,0,"0","CCL3L3"
0,2.02314422388759,0.122,0.037,0,"0","ENSG00000288915"
0,1.98317098541942,0.44,0.148,0,"0","ENSG00000232855"
0,1.9584029431133,0.172,0.054,0,"0","GPR84-AS1"
0,1.94471115717008,0.145,0.04,0,"0","PZP"
0,1.86370783585451,0.119,0.039,0,"0","AGAP1"
2.43801187933334e-262,1.8194705361065,0.122,0.046,2.19447887270673e-257,"0","ENSG00000296331"
0,1.6917976240037,0.248,0.107,0,"0","ENSG00000296297"
0,1.68453739038802,0.233,0.092,0,"0","ENSG00000307107"
8.28650109120593e-306,1.67282869552355,0.137,0.051,7.45876249720537e-301,"0","C2CD5-AS1"
3.85583567396413e-297,1.62649956378479,0.161,0.067,3.47067624849186e-292,"0","ENSG00000300496"
0,1.58433314052217,0.275,0.106,0,"0","C1orf21"
5.53288894868297e-249,1.52450716506982,0.2,0.101,4.98020867159903e-244,"0","IFNG-AS1"
0,1.50302758060417,0.296,0.138,0,"0","ENSG00000283674"
9.41381831903395e-269,1.48346214552156,0.169,0.076,8.47347200714565e-264,"0","CASP4LP.1"
0,1.39645789019977,0.244,0.116,0,"0","EPHA4"
0,1.39609467326292,0.264,0.121,0,"0","CDC42EP3-AS1"
3.47048015048582e-263,1.38767151181209,0.191,0.092,3.12381388825379e-258,"0","ENSG00000295475"
0,1.38570115518662,0.277,0.125,0,"0","KLRG1"
1.24095509858778e-216,1.38555422743655,0.169,0.083,1.11699609378984e-211,"0","FHIP2A"
1.33400950135217e-286,1.35882823636916,0.196,0.091,1.2007552922621e-281,"0","EEIG1"
0,1.33506854062364,0.464,0.274,0,"0","CMC1"
0,1.32783194650118,0.329,0.166,0,"0","FAM66A"
1.01913945693368e-126,1.32159660967228,0.107,0.053,9.17337616580575e-122,"0","ENSG00000309856"
3.29770888748846e-211,1.30554865200683,0.149,0.069,2.96830074671724e-206,"0","ENSG00000270240"
2.54449469776162e-197,1.28642211675828,0.159,0.078,2.29032512240221e-192,"0","LINC01145.1"
1.8510220507412e-113,1.27721055494886,0.115,0.061,1.66612345809267e-108,"0","ENSG00000309168"
2.22255860017805e-250,1.26743375390943,0.179,0.083,2.00054722160626e-245,"0","LINC02964"
3.04479412715366e-182,1.26488250062665,0.155,0.078,2.74064964179228e-177,"0","CARINH"
5.92619374637337e-142,1.2627176539784,0.128,0.065,5.33422625304813e-137,"0","ENSG00000290755"
2.46561908687482e-109,1.26135939484409,0.105,0.054,2.21932839628689e-104,"0","CATSPERB"
5.20760367239977e-257,1.25860777579995,0.195,0.095,4.68741614156376e-252,"0","LINC00869.1"
2.63591691311306e-114,1.23623522105082,0.107,0.054,2.3726151726622e-109,"0","EPHA1-AS1"
0,1.21845999914636,0.651,0.34,0,"0","AOAH"
6.80531415960287e-182,1.2126982750536,0.162,0.083,6.12553132820014e-177,"0","PEBP1P3"
1.19295534187344e-268,1.19211890797526,0.225,0.114,1.0737910327737e-263,"0","PLCG2"
6.12091643290205e-103,1.18784493058028,0.108,0.058,5.50949809041947e-98,"0","ENSG00000234915"
2.43823346863667e-102,1.18708529753827,0.104,0.055,2.19467832745455e-97,"0","ZBTB47-AS1"
6.46319385191188e-116,1.17812455975559,0.126,0.069,5.8175854180444e-111,"0","ENSG00000254604"
0,1.17345172491459,0.521,0.325,0,"0","TC2N"
3.2802373689041e-231,1.17259672879248,0.239,0.134,2.95257445812427e-226,"0","ITM2C"
9.74054476740586e-127,1.14759774322462,0.166,0.097,8.76756175058969e-122,"0","ZC3H12B"
0,1.1456507055165,0.299,0.147,0,"0","CRTAM"
3.77187602814766e-131,1.13756961778102,0.132,0.07,3.39510333169599e-126,"0","ENSG00000274265"
2.71246389528972e-109,1.13571205982287,0.122,0.067,2.44151587678923e-104,"0","ENSG00000299729"
3.21279262458076e-84,1.12882897552333,0.107,0.061,2.89186676931139e-79,"0","ENSG00000290832"
4.50764721694314e-185,1.12565356579289,0.235,0.139,4.05737833644269e-180,"0","TNFSF9"
5.70789297983295e-198,1.12044914607377,0.216,0.121,5.13773155007743e-193,"0","ENSG00000261573"
4.59359375389666e-214,1.1180348847313,0.159,0.075,4.13473967381992e-209,"0","A2M"
1.03789165937522e-190,1.11038681852847,0.182,0.096,9.34216661520234e-186,"0","TPRG1"
5.40669627849767e-181,1.10695299747917,0.2,0.112,4.86662138723854e-176,"0","IRAG2"
2.81347881613257e-97,1.10251866994866,0.108,0.059,2.53244041718909e-92,"0","ENSG00000225450"
3.98207090431776e-105,1.09974457133644,0.1,0.051,3.58430184168546e-100,"0","ENSG00000306273"
1.0376009399018e-208,1.08152132473944,0.18,0.09,9.33954982015006e-204,"0","EOMES"
6.15748293391565e-111,1.07949137760578,0.144,0.083,5.54241196364682e-106,"0","STAG3L5P-PVRIG2P-PILRB"
3.07362209209904e-109,1.07825528051176,0.127,0.07,2.76659798131927e-104,"0","ENSG00000298748"
4.4002287531561e-68,1.0781361786952,0.102,0.061,3.96068990300333e-63,"0","HAPSTR1"
1.75520172398268e-122,1.07372425345444,0.164,0.097,1.57987462377405e-117,"0","RFX3-DT"
4.99257733321721e-98,1.05949513346455,0.123,0.07,4.49386878340214e-93,"0","EP300-AS1"
1.77667501327573e-99,1.05162484926415,0.134,0.078,1.59920294619962e-94,"0","ENSG00000302067"
2.24459321433523e-89,1.05052881787227,0.122,0.071,2.02038079815528e-84,"0","PRKY.1"
0,1.03403852009586,0.893,0.537,0,"0","RPL27A"
0,1.0320941256438,0.429,0.249,0,"0","RPS27P3"
3.23756369760945e-84,1.025079618622,0.112,0.064,2.91416345985524e-79,"0","ENSG00000255139"
2.69594585491786e-140,1.02025523944749,0.18,0.105,2.42664782347011e-135,"0","IFT25"
6.1345501628058e-117,1.01797026211917,0.177,0.109,5.52176994704313e-112,"0","ENSG00000279583"
2.6217919257931e-87,1.01170363285296,0.117,0.067,2.35990113032563e-82,"0","MIR142HG"
7.76352141052924e-63,1.00726974336274,0.11,0.069,6.98802325683147e-58,"0","ENSG00000308157"
1.10500063376114e-158,1.00275855147703,0.211,0.126,9.9462212045474e-154,"0","ENSG00000236449"
2.614623640529e-65,1.00089237957045,0.108,0.067,2.35344888507656e-60,"0","ENSG00000307222"
2.19666052793967e-116,1.00088565354098,0.164,0.098,1.97723610780378e-111,"0","MIDEAS"
5.10560274874609e-92,1.00053926697854,0.207,0.143,4.59560409017384e-87,"0","CCDC97"
5.82598790388858e-131,0.998582679491274,0.161,0.091,5.24402997216915e-126,"0","ENSG00000302605"
1.70392563734377e-81,0.995636329361588,0.125,0.076,1.5337205054295e-76,"0","TXLNGY.1"
4.29046588667425e-100,0.98979754939666,0.154,0.094,3.86189124925436e-95,"0","ENSG00000299264"
1.39685699500109e-95,0.989179956543416,0.141,0.084,1.25732494977043e-90,"0","ENSG00000269825"
1.25628322186747e-132,0.987995237363361,0.191,0.116,1.13079309083513e-127,"0","ENSG00000286145"
3.01727972240452e-119,0.97693654596668,0.243,0.162,2.71588365093353e-114,"0","SKIC8"
0,0.972745997119067,0.888,0.543,0,"0","RPL13A"
1.87354162632273e-270,0.969292643110597,0.324,0.193,1.68639355326935e-265,"0","LYAR"
2.54408692964691e-80,0.964777708092026,0.131,0.081,2.28995808624448e-75,"0","RPS15P4"
1.17819045998992e-125,0.962994206272337,0.197,0.123,1.06050101494153e-120,"0","YARS1"
6.37945484229294e-93,0.95714082550179,0.144,0.087,5.7422110980963e-88,"0","DCTN6-DT"
0,0.953422650249292,0.918,0.56,0,"0","RPL23A"
4.31360385616407e-14,0.951725253065823,0.153,0.134,3.88271796697184e-09,"0","MT1E"
2.93286587699797e-61,0.948256914021204,0.111,0.07,2.63990190454464e-56,"0","MTRFR"
2.9855403308221e-174,0.944260582105586,0.248,0.152,2.68731470717628e-169,"0","ENSG00000287555"
1.96338498039623e-73,0.943616938285757,0.11,0.066,1.76726245470445e-68,"0","ENSG00000267379"
1.11425426161873e-87,0.943286653948892,0.149,0.093,1.00295140342563e-82,"0","ENSG00000291154"
4.59158777773255e-123,0.942217071662733,0.194,0.121,4.13293407461484e-118,"0","ENSG00000280138"
3.31626615219034e-56,0.941593782590857,0.106,0.067,2.98500432624804e-51,"0","FRMD4A"
1.98770850269896e-84,0.939858787296071,0.134,0.082,1.78915630036436e-79,"0","ENSG00000227615"
9.97867237648817e-93,0.935554512806996,0.202,0.137,8.98190279280077e-88,"0","PPP1R13B"
3.10172102113961e-63,0.935305517373793,0.108,0.067,2.79189010833797e-58,"0","MARS1"
0,5.40045832753431,0.206,0.007,0,"1","IL1R1-AS1"
0,4.92697302486627,0.18,0.008,0,"1","ENSG00000287780"
0,4.74982170627237,0.207,0.01,0,"1","ENSG00000289707"
0,4.7100530958146,0.144,0.006,0,"1","SOCAR"
0,4.02755578240749,0.25,0.018,0,"1","ENSG00000273118"
0,3.8949599672451,0.111,0.01,0,"1","GNG8"
0,3.66054629542655,0.113,0.01,0,"1","ENSG00000255580"
0,3.65455656583064,0.125,0.01,0,"1","ENSG00000308356"
0,3.59287612761433,0.281,0.029,0,"1","IL1R2"
0,3.55311334451752,0.163,0.018,0,"1","HERC2P3"
0,3.54500534153927,0.127,0.016,0,"1","MITA1"
0,3.34839988591533,0.152,0.019,0,"1","LINC01727"
0,3.23813332935439,0.242,0.035,0,"1","ENSG00000280878"
0,3.21536660630545,0.553,0.099,0,"1","IL2RA"
0,3.2130306214805,0.432,0.055,0,"1","FOXP3"
0,3.12940394263424,0.359,0.057,0,"1","IL1R1"
0,3.11086861629039,0.376,0.072,0,"1","TET2-AS1"
0,3.10546385347723,0.139,0.019,0,"1","LINC00519"
0,3.07990535434213,0.247,0.029,0,"1","LINC02099"
0,3.04666819076524,0.147,0.021,0,"1","CCR8"
0,3.02957790725506,0.205,0.031,0,"1","ENSG00000303114"
0,2.96748914218564,0.281,0.052,0,"1","ENSG00000297883"
0,2.9215673759444,0.105,0.018,0,"1","ENSG00000300710"
0,2.91092358845888,0.571,0.109,0,"1","ENSG00000227240"
0,2.88574202393558,0.144,0.022,0,"1","ENSG00000284825"
0,2.87620788023463,0.546,0.137,0,"1","TNFRSF4"
0,2.82076797086385,0.176,0.031,0,"1","FANK1"
0,2.68366377422684,0.184,0.043,0,"1","GK-AS1"
0,2.66185145286516,0.305,0.066,0,"1","ENSG00000259345"
0,2.62847743384781,0.139,0.029,0,"1","FLVCR2"
0,2.62699104218875,0.116,0.021,0,"1","ADTRP"
0,2.59230177740988,0.449,0.077,0,"1","RTKN2"
0,2.55628656626396,0.312,0.063,0,"1","F5"
0,2.52713182542358,0.138,0.033,0,"1","CABLES1"
0,2.45915200575471,0.235,0.053,0,"1","COX10-DT"
0,2.34160166230404,0.108,0.026,0,"1","FIRRM"
0,2.32485844099662,0.229,0.063,0,"1","ENSG00000267476"
0,2.2949706109877,0.281,0.078,0,"1","MAGEH1"
0,2.28575985568384,0.177,0.049,0,"1","PHACTR2-AS1"
0,2.28489827755719,0.318,0.096,0,"1","CADM1"
0,2.22459202140317,0.113,0.03,0,"1","HACD1"
0,2.22154237222662,0.115,0.029,0,"1","ENSG00000298154"
0,2.17570724733772,0.114,0.029,0,"1","TXNDC11-AS1"
0,2.16252083459579,0.67,0.181,0,"1","IKZF2"
0,2.13466701648806,0.282,0.077,0,"1","STING1"
0,2.10655527357904,0.105,0.026,0,"1","ENSG00000286285"
0,2.09540061233863,0.42,0.116,0,"1","MARCHF3"
0,2.06776929693496,0.567,0.198,0,"1","TNFRSF18"
0,2.06698796099535,0.197,0.063,0,"1","ZC2HC1A"
0,2.04790772440193,0.377,0.12,0,"1","ENSG00000273445"
0,2.03652741401085,0.241,0.072,0,"1","PCBP3"
0,2.02168434898753,0.141,0.041,0,"1","CTTNBP2NL"
0,1.98900452987289,0.139,0.04,0,"1","MAP3K5-AS2"
0,1.9303283926935,0.443,0.15,0,"1","GK"
0,1.92968461743203,0.347,0.111,0,"1","LAIR2"
0,1.89145391935295,0.609,0.23,0,"1","TBC1D4"
0,1.88964534331859,0.139,0.043,0,"1","PIK3IP1-DT"
0,1.88232228407061,0.178,0.053,0,"1","LAPTM4B"
0,1.87851042906526,0.306,0.093,0,"1","ICA1"
0,1.87357690821105,0.39,0.136,0,"1","LINC01943"
1.37416526577434e-176,1.87230479081797,0.1,0.041,1.23689989737614e-171,"1","TMEM241"
0,1.86871663246823,0.155,0.049,0,"1","ADAM12"
0,1.85810806330683,0.113,0.031,0,"1","ENSG00000253194"
0,1.85168272792045,0.411,0.178,0,"1","CRADD"
0,1.83131859426078,0.252,0.077,0,"1","ENSG00000290067"
3.95252516672997e-323,1.80430205085428,0.118,0.038,3.55770742782532e-318,"1","ENSG00000298758"
0,1.79832213225984,0.447,0.169,0,"1","IL12RB2"
0,1.79627702482082,0.223,0.071,0,"1","TBC1D8"
1.46283291749833e-301,1.79596947599531,0.112,0.037,1.31671053736942e-296,"1","SLC16A10"
0,1.78522681869785,0.167,0.053,0,"1","IKZF4"
0,1.78213462599522,0.222,0.073,0,"1","CCR4"
0,1.77659281254555,0.262,0.097,0,"1","NETO2"
0,1.74979368256192,0.3,0.111,0,"1","HTATIP2"
2.4999399148597e-287,1.71928518555597,0.116,0.04,2.25022091676436e-282,"1","ZBTB32"
2.91421586707458e-305,1.69671517833909,0.122,0.042,2.6231148441125e-300,"1","ENSG00000298318"
0,1.6949982944183,0.732,0.377,0,"1","BATF"
6.8480403487375e-307,1.6945978509115,0.142,0.053,6.16398959830211e-302,"1","CUL9"
0,1.69269734233637,0.278,0.109,0,"1","HS3ST3B1"
0,1.688860980321,0.231,0.08,0,"1","ENSG00000298543"
0,1.67204431944981,0.299,0.102,0,"1","ENSG00000296297"
9.30587597719341e-256,1.63288373652085,0.105,0.036,8.37631202583156e-251,"1","ENSG00000281593"
0,1.62698507422173,0.189,0.065,0,"1","BEX3"
0,1.61622603559375,0.269,0.106,0,"1","LNCRNA-IUR"
1.69282293253467e-270,1.61583889799319,0.138,0.054,1.52372684980378e-265,"1","USP12-AS1"
0,1.61512534046935,0.255,0.092,0,"1","FMNL1-DT"
0,1.61043126933524,0.57,0.236,0,"1","CTLA4"
0,1.60950453755858,0.227,0.095,0,"1","SOX4"
8.58316731172341e-251,1.59789986765857,0.129,0.051,7.72579472895536e-246,"1","SNED1"
0,1.59602099097977,0.364,0.168,0,"1","SLC12A6"
9.09144147824538e-281,1.59490795423471,0.14,0.054,8.18329738898345e-276,"1","SETD7"
0,1.59265138826172,0.304,0.133,0,"1","PIM2"
1.05647516058599e-236,1.59125963580287,0.124,0.049,9.50943856795053e-232,"1","SLC9A7"
4.02598350193254e-296,1.5855773767504,0.131,0.047,3.6238280099245e-291,"1","ENSG00000233367"
0,1.58513364366592,0.321,0.157,0,"1","APOLD1"
2.24698015502941e-229,1.57760835374191,0.104,0.038,2.02252930734353e-224,"1","ATP6V0A1"
0,1.57501715891089,0.215,0.085,0,"1","VDR"
5.7495711866153e-220,1.56969023228002,0.108,0.041,5.1752465207843e-215,"1","ENSG00000248969"
0,1.56670499308665,0.197,0.08,0,"1","ENSG00000290048"
0,1.56554575345637,0.395,0.174,0,"1","ZC3H12D"
0,1.56498032600802,0.269,0.114,0,"1","TANK-AS1"
0,2.43219295552045,0.19,0.047,0,"2","ENSG00000297373"
0,2.35364313362515,0.193,0.046,0,"2","ENSG00000304761"
0,2.2727751101627,0.124,0.026,0,"2","ENSG00000287292"
0,2.15335662725387,0.125,0.03,0,"2","JAM3"
0,2.10825190358538,0.156,0.036,0,"2","ENSG00000304130"
0,2.10054832408262,0.32,0.103,0,"2","ENSG00000310385"
0,2.02069515751849,0.166,0.055,0,"2","SEMA4A"
0,2.00885979650564,0.118,0.032,0,"2","ENSG00000286861"
0,1.99271517389869,0.127,0.032,0,"2","CFAP210"
0,1.94188962861369,0.125,0.039,0,"2","ENSG00000289341"
0,1.90448384862121,0.102,0.028,0,"2","NAMA"
0,1.90053009853203,0.456,0.133,0,"2","MIR23AHG"
1.5984080554236e-307,1.88826960291888,0.188,0.079,1.43874307476733e-302,"2","LINC00910"
0,1.87491180352312,0.206,0.058,0,"2","ENSG00000267379"
0,1.85735308949266,0.12,0.033,0,"2","ENSG00000303740"
0,1.82378081935699,0.142,0.043,0,"2","ENSG00000287070"
0,1.82312885923496,0.143,0.039,0,"2","ENSG00000248969"
0,1.80532661856585,0.191,0.06,0,"2","ENSG00000295480"
0,1.79798506195376,0.159,0.048,0,"2","ENSG00000288755"
0,1.78135680086834,0.115,0.034,0,"2","ENSG00000300042"
0,1.73871087615084,0.123,0.039,0,"2","ENSG00000290039"
0,1.70019074877358,0.275,0.086,0,"2","GP6-AS1"
0,1.68491522653212,0.216,0.082,0,"2","LINC02964"
0,1.65163177069816,0.135,0.044,0,"2","ENSG00000306852"
0,1.6332080905803,0.254,0.084,0,"2","ENSG00000250362"
0,1.62543542034612,0.244,0.08,0,"2","ENSG00000272256"
0,1.62140281824102,0.18,0.062,0,"2","ENSG00000301902"
0,1.58461440385214,0.381,0.152,0,"2","SKIC8"
1.03780772484565e-252,1.58265513369579,0.124,0.045,9.3414111121082e-248,"2","ASTL"
0,1.5592099970053,0.215,0.086,0,"2","ABTB3"
0,1.54504449290581,0.356,0.139,0,"2","SSBP2"
1.07306018214252e-314,1.54148001495236,0.179,0.071,9.65872200548307e-310,"2","EPB41L2"
1.50644110661975e-244,1.539782756725,0.113,0.04,1.3559627044795e-239,"2","ENSG00000289582"
7.1768047277745e-240,1.53490128907013,0.105,0.036,6.45991370351711e-235,"2","TBC1D22A-DT"
4.16958292750525e-281,1.53300154045043,0.117,0.039,3.75308328887675e-276,"2","H2AC20"
1.64240620992729e-257,1.53288219067831,0.184,0.081,1.47834625361765e-252,"2","HOMER1"
0,1.50966033087806,0.199,0.072,0,"2","RASGRF2"
6.53624531095374e-240,1.50685688864355,0.134,0.052,5.88333976684257e-235,"2","MAGI3"
0,1.49957472682565,0.479,0.197,0,"2","MYADM"
0,1.47815858790879,0.238,0.09,0,"2","H2AX"
1.73969587802165e-226,1.45789864987184,0.111,0.04,1.56591765676607e-221,"2","ENSG00000305830"
0,1.45194036118466,0.226,0.084,0,"2","ENSG00000289152"
0,1.44068397582861,0.945,0.534,0,"2","H3-3B"
0,1.4359505659768,0.243,0.091,0,"2","ENSG00000300654"
5.58219258128373e-172,1.43290839468685,0.1,0.039,5.0245873643393e-167,"2","ENSG00000301037"
1.04233364099328e-303,1.42581741545344,0.183,0.075,9.38214933594466e-299,"2","H2AC25"
1.08921767374112e-237,1.41238864605682,0.142,0.057,9.80415720311121e-233,"2","PABIR3"
3.47919298220061e-158,1.39469826720909,0.139,0.067,3.13165639520859e-153,"2","SPDYA"
1.51803838432847e-231,1.37847739202707,0.114,0.041,1.3664015301179e-226,"2","ENSG00000299858"
1.96290385482966e-198,1.37791782173865,0.107,0.041,1.76682938877073e-193,"2","PALS2"
3.01382140094167e-280,1.37787850328447,0.141,0.052,2.71277078120161e-275,"2","ENSG00000301208"
0,1.36898991995267,0.189,0.074,0,"2","ENSG00000304336"
1.6425817612818e-167,1.36468730526051,0.101,0.04,1.47850426914736e-162,"2","RPS5P2"
9.20970676309411e-242,1.36283566249522,0.113,0.039,8.28974915452864e-237,"2","ENSG00000298758"
1.22945553229231e-282,1.35631687340168,0.15,0.057,1.10664521917163e-277,"2","ENSG00000289017"
0,1.35542960876251,0.249,0.091,0,"2","NR3C2"
1.04896913978527e-278,1.3553462505151,0.168,0.068,9.44187612412121e-274,"2","ENSG00000270240"
4.62065825125453e-230,1.35317294727721,0.135,0.054,4.15910069853672e-225,"2","PELI2"
1.31056598784926e-236,1.35077440524121,0.148,0.061,1.179653551323e-231,"2","POLR1F"
0,1.34913344466384,0.217,0.088,0,"2","TIPARP-AS1"
4.16295273404324e-287,1.34499959081656,0.159,0.061,3.74711538543966e-282,"2","TUBB2A"
0,1.33858228851115,0.278,0.123,0,"2","H1-2"
0,1.33776054049477,0.548,0.268,0,"2","LMNA"
2.93318487710448e-275,1.33471339300132,0.191,0.083,2.64018903973051e-270,"2","RRP12"
0,1.31139788997106,0.294,0.138,0,"2","EGR1"
4.09661053783132e-272,1.30308444720056,0.146,0.055,3.68740011120735e-267,"2","ENSG00000290927"
0,1.30302897776281,0.658,0.339,0,"2","FOSB"
0,1.30269350230871,0.258,0.107,0,"2","KCNA3"
0,1.29822428024772,0.53,0.331,0,"2","ANKRD28"
2.87636324650538e-255,1.28708919665204,0.139,0.053,2.58904332181196e-250,"2","ENSG00000288064"
0,1.28644154717487,0.25,0.103,0,"2","ENSG00000279583"
0,1.28298200991779,0.942,0.71,0,"2","LINC-PINT"
0,1.28039876446655,0.261,0.111,0,"2","ENSG00000286145"
0,1.28036606735115,0.447,0.216,0,"2","NEU1"
1.01906385919861e-193,1.27842031401309,0.116,0.046,9.17269570303262e-189,"2","ENSG00000290057"
3.27539026709139e-185,1.27503380168599,0.128,0.055,2.94821153331163e-180,"2","LINC00881"
4.55104473995181e-274,1.27366788564364,0.15,0.057,4.09644088087802e-269,"2","GPR84-AS1"
5.49628544814721e-152,1.27099588487153,0.11,0.048,4.94726149473179e-147,"2","TULP2"
0,1.26001161988671,0.757,0.482,0,"2","FOS"
1.88419521817873e-182,1.2550106237573,0.11,0.044,1.69598295783486e-177,"2","ENSG00000249870"
4.97223395078232e-175,1.24224376840306,0.137,0.062,4.47555750143867e-170,"2","ENSG00000303688"
1.73526110035755e-225,1.23425179917116,0.155,0.067,1.56192586904283e-220,"2","FAUP4.1"
1.00834700821702e-179,1.22804004481166,0.147,0.068,9.07623225566225e-175,"2","MLF1"
0,1.22528600821789,0.795,0.488,0,"2","ANXA1"
1.60528092691439e-253,1.22070975766665,0.172,0.073,1.44492941512491e-248,"2","ENSG00000259589"
0,1.21659150362871,0.386,0.172,0,"2","ENSG00000266049"
1.27437512668582e-314,1.20845681459536,0.203,0.085,1.14707779528118e-309,"2","TANC2"
0,1.20630300113295,0.293,0.12,0,"2","CDC42EP3-AS1"
0,1.20497686523228,0.214,0.089,0,"2","ENSG00000299264"
0,1.20108507965266,0.266,0.116,0,"2","TANK-AS1"
0,1.20025722032783,0.336,0.137,0,"2","ENSG00000283674"
0,1.19744195600155,0.231,0.102,0,"2","ARK2N"
1.6456004316737e-163,1.19445712421211,0.117,0.051,1.48122140455382e-158,"2","ENSG00000247925"
2.78428670374451e-249,1.19017415388016,0.156,0.064,2.50616430490747e-244,"2","ENSG00000290755"
6.99875010268615e-260,1.18536950217991,0.188,0.082,6.29964495492883e-255,"2","PEBP1P3"
2.7194901764989e-135,1.18072138442356,0.1,0.044,2.44784030276842e-130,"2","BAIAP2"
1.53435490427088e-234,1.16969408892743,0.154,0.064,1.38108819288326e-229,"2","ENSG00000308148"
5.31449800822832e-281,1.15712865669108,0.205,0.091,4.7836328021864e-276,"2","AKAP13-AS1"
2.25383441593667e-210,1.15712051719897,0.148,0.064,2.02869889612875e-205,"2","H2AC6"
1.59718282518256e-132,1.14928061671804,0.106,0.048,1.43764023277508e-127,"2","EMP1"
0,3.66253600144032,0.115,0.011,0,"3","WDR63"
0,3.2886826311211,0.273,0.034,0,"3","AC243829.1"
0,3.09937105309462,0.221,0.032,0,"3","CCL3L1"
0,2.85793630219514,0.116,0.019,0,"3","AC015849.1"
0,2.50488628270085,0.222,0.046,0,"3","AC006369.1"
0,2.49400783960218,0.759,0.208,0,"3","GZMK"
0,2.47756103909996,0.307,0.068,0,"3","AC016074.2"
0,2.41619175200269,0.3,0.067,0,"3","AF165147.1"
0,2.41271466842272,0.29,0.066,0,"3","AC020916.1"
0,2.41250815237909,0.301,0.07,0,"3","FAM102A"
0,2.37440851333544,0.104,0.024,0,"3","AC022706.1"
0,2.32349958523227,0.471,0.114,0,"3","LIME1"
0,2.31840405313311,0.116,0.024,0,"3","AC022075.1"
0,2.30556649058521,0.133,0.033,0,"3","TRGC1"
0,2.25882677354574,0.359,0.098,0,"3","WDR61"
0,2.2577286061662,0.117,0.03,0,"3","AL360091.3"
0,2.25565012859543,0.201,0.053,0,"3","AL157402.2"
0,2.25127733407732,0.495,0.119,0,"3","KLRK1"
0,2.24844720900873,0.439,0.11,0,"3","C5orf56"
0,2.24669349806397,0.178,0.047,0,"3","NCF1"
0,2.23223709483328,0.127,0.033,0,"3","AL035530.2"
0,2.219715362644,0.249,0.069,0,"3","A2M"
0,2.21213248995247,0.233,0.067,0,"3","ADAMTSL4-AS1"
0,2.20865994575072,0.118,0.03,0,"3","AC008569.1"
0,2.19690534447817,0.109,0.031,0,"3","AC006059.1"
0,2.1907368027414,0.171,0.045,0,"3","H2AFX"
0,2.17972973851269,0.944,0.28,0,"3","H3F3B"
0,2.16991568026518,0.161,0.041,0,"3","PZP"
0,2.1593090359772,0.313,0.082,0,"3","AC245297.3"
0,2.14593045754073,0.122,0.033,0,"3","AC044849.1"
0,2.12420766880755,0.108,0.03,0,"3","AARS"
0,2.12072583363883,0.226,0.059,0,"3","AC068587.4"
0,2.12021895942758,0.148,0.04,0,"3","AL499604.1"
0,2.10990905925807,0.351,0.096,0,"3","PRKY"
0,2.10961230458528,0.113,0.031,0,"3","CASTOR3"
0,2.10571214140925,0.165,0.048,0,"3","ELMSAN1"
0,2.10476602122529,0.35,0.094,0,"3","P2RY8"
0,2.08164301800515,0.107,0.03,0,"3","ENC1"
0,2.0781445311228,0.233,0.069,0,"3","FAM160B1"
0,2.0728850514812,0.16,0.045,0,"3","AC008875.3"
0,2.06832968901431,0.345,0.108,0,"3","SLC35F1"
3.6045380972948e-277,2.05851893100899,0.101,0.031,3.24448078675602e-272,"3","CHI3L2"
0,2.05365346865507,0.234,0.067,0,"3","YARS"
0,2.0473404348892,0.136,0.039,0,"3","AGAP1"
0,2.04305122242285,0.161,0.045,0,"3","AC053513.1"
0,2.03997994747405,0.253,0.074,0,"3","HSPB11"
0,2.01312253485429,0.326,0.133,0,"3","TNFSF9"
0,2.00659806982859,0.116,0.034,0,"3","AC026979.2"
0,2.00233006270637,0.166,0.051,0,"3","C12orf65"
0,1.99552767069708,0.24,0.072,0,"3","SLC9A3R1"
6.50706219510467e-313,1.97623396491761,0.115,0.035,5.85707175243566e-308,"3","AP002336.2"
0,1.96982522199209,0.194,0.059,0,"3","RFX3-AS1"
0,1.96796946627332,0.127,0.036,0,"3","AC011476.3"
0,1.96521907911744,0.142,0.042,0,"3","AL031772.1"
4.47534543315918e-319,1.95836339643549,0.124,0.04,4.02830317784091e-314,"3","C16orf72"
0,1.95771705307589,0.238,0.099,0,"3","IFNG-AS1"
0,1.94266893073276,0.203,0.06,0,"3","AC058791.1"
1.29037419655077e-259,1.94056973310371,0.101,0.032,1.16147871805731e-254,"3","MIR99AHG"
0,1.92953256982141,0.252,0.078,0,"3","AC079781.5"
0,1.92781206058859,0.226,0.069,0,"3","AC018362.1"
0,1.90383076887838,0.621,0.191,0,"3","CD99"
0,1.89902945918851,0.233,0.072,0,"3","DDX58"
0,1.89245387421389,0.392,0.125,0,"3","ATP5MPL"
1.00003909268117e-306,1.89096929917484,0.12,0.038,9.00145187713252e-302,"3","CCDC130"
0,1.87820460129188,0.236,0.078,0,"3","ZNRD1"
0,1.87512018893025,0.368,0.115,0,"3","FAM214A"
0,1.86435154801084,0.207,0.066,0,"3","AL137856.1"
0,1.86161967723332,0.281,0.103,0,"3","ZNF10"
0,1.85822662426283,0.253,0.079,0,"3","PLEK"
0,1.85616410449994,0.4,0.123,0,"3","AP001011.1"
2.62056213996745e-264,1.8550098812894,0.116,0.04,2.3587941878061e-259,"3","MARS"
0,1.85450573002994,0.232,0.072,0,"3","FAM102B"
0,1.85437363229863,0.524,0.17,0,"3","H2AFZ"
0,1.85180464094827,0.214,0.073,0,"3","C18orf25"
0,1.84472318024551,0.229,0.074,0,"3","FAM126B"
0,1.84182235464619,0.329,0.123,0,"3","KLRG1"
0,1.82104956287795,0.179,0.061,0,"3","MARCH5"
9.65888880756133e-253,1.81742448441115,0.112,0.038,8.69406240457403e-248,"3","KLHL25"
4.74588209620261e-274,1.81626163561199,0.115,0.038,4.27181593361293e-269,"3","AL133480.1"
0,1.81357763711416,0.148,0.051,0,"3","PILRB"
4.31448296204616e-253,1.81350793110447,0.114,0.039,3.88350925896737e-248,"3","KARS"
0,1.81262443191113,0.262,0.09,0,"3","GIMAP5"
0,1.80789464937311,0.141,0.046,0,"3","AC016831.5"
0,1.80575317151638,0.212,0.068,0,"3","AC022217.3"
0,1.80502214148742,0.461,0.151,0,"3","ATP5MD"
2.2040925084587e-239,1.79812396767846,0.106,0.036,1.98392570778876e-234,"3","CNTNAP2"
0,1.79346222868748,0.216,0.071,0,"3","AC023424.3"
0,1.78519678952146,0.164,0.058,0,"3","AC068282.1"
3.0762679691312e-306,1.78316831437378,0.132,0.045,2.76897956169468e-301,"3","TWISTNB"
0,1.77724627610992,0.185,0.063,0,"3","SARS"
0,1.77569673191346,0.193,0.063,0,"3","AL627171.2"
0,1.76508843938143,0.217,0.074,0,"3","RBFOX2"
0,1.76076928782194,0.284,0.11,0,"3","SLAMF7"
0,1.75525890578792,0.197,0.068,0,"3","PHB"
0,1.75515452956572,0.3,0.104,0,"3","AC007384.1"
0,1.75420660357059,0.536,0.175,0,"3","LINC01578"
4.25393485463188e-317,1.75190343707111,0.141,0.048,3.8290093020027e-312,"3","SMIM4"
0,1.75039221311583,0.323,0.112,0,"3","H1FX"
0,1.74916988534698,0.576,0.187,0,"3","FAM49B"
0,1.74577777094422,0.259,0.092,0,"3","H2AFJ"
0,6.47917575567064,0.302,0.004,0,"4","AC104850.2"
0,5.91582029203757,0.169,0.003,0,"4","LINC00884"
0,5.24104919978311,0.161,0.004,0,"4","AC017002.3"
0,5.18757955912336,0.372,0.011,0,"4","AC093865.1"
0,4.80401416260697,0.121,0.004,0,"4","AC012368.1"
0,4.49589061188993,0.664,0.055,0,"4","AL136456.1"
0,4.1585895916125,0.39,0.027,0,"4","AC013652.1"
0,4.06190338713347,0.168,0.011,0,"4","AC133644.2"
0,4.00895525353603,0.145,0.011,0,"4","AC083837.1"
0,3.74973474212297,0.32,0.021,0,"4","FANK1"
0,3.70052831834459,0.304,0.028,0,"4","LINC02099"
0,3.63665873046876,0.116,0.008,0,"4","METTL7A"
0,3.62561422039855,0.222,0.016,0,"4","CCR8"
0,3.60885689910027,0.148,0.011,0,"4","AL121935.1"
0,3.5670079318668,0.616,0.07,0,"4","RTKN2"
0,3.51452963626462,0.268,0.047,0,"4","DLGAP1"
0,3.45401126117081,0.338,0.032,0,"4","AC017002.5"
0,3.36806320807283,0.329,0.034,0,"4","COX10-AS1"
0,3.3557893485978,0.102,0.009,0,"4","AC092640.1"
0,3.32085827749678,0.558,0.051,0,"4","FOXP3"
0,3.32033263299846,0.353,0.045,0,"4","AC104365.1"
0,3.30816160695158,0.104,0.01,0,"4","AC104461.1"
0,3.2585518331257,0.168,0.018,0,"4","LINC00519"
0,3.22409682183163,0.125,0.011,0,"4","AL683807.1"
0,3.19734352714988,0.327,0.035,0,"4","CCR6"
0,3.19630923380288,0.495,0.08,0,"4","LY75"
0,3.17919372553995,0.485,0.055,0,"4","MARCH3"
0,3.15270615761213,0.137,0.015,0,"4","TNFRSF8"
0,3.04505377563957,0.204,0.023,0,"4","C1orf112"
0,2.97492619763703,0.288,0.032,0,"4","IL1R2"
0,2.97014523304596,0.123,0.015,0,"4","MYO5C"
0,2.96345919115755,0.17,0.021,0,"4","AL137009.1"
0,2.94410964766195,0.361,0.05,0,"4","AC008105.3"
0,2.88733344382195,0.401,0.059,0,"4","AF165147.1"
0,2.88717468514413,0.131,0.018,0,"4","AL365295.1"
0,2.87571044347496,0.202,0.027,0,"4","PIK3IP1-AS1"
0,2.86788143247864,0.13,0.016,0,"4","CLEC7A"
0,2.85757310931648,0.855,0.174,0,"4","IKZF2"
0,2.82513782849081,0.494,0.081,0,"4","ICA1"
0,2.78709020353664,0.151,0.022,0,"4","CEP55"
0,2.76258829304378,0.138,0.018,0,"4","AL162253.2"
0,2.74259843191066,0.114,0.015,0,"4","EBI3"
0,2.72031532398598,0.121,0.02,0,"4","TSHR"
0,2.70537133976223,0.616,0.137,0,"4","TNFRSF4"
0,2.69168740461419,0.144,0.019,0,"4","COQ8A"
0,2.69159814829305,0.276,0.046,0,"4","IKZF4"
0,2.68119142135678,0.401,0.058,0,"4","IL1R1"
0,2.65212737575081,0.343,0.05,0,"4","TMEM173"
0,2.65192539464497,0.123,0.017,0,"4","Z94721.1"
0,2.63967540557825,0.143,0.021,0,"4","EPHX2"
0,2.63613988079919,0.127,0.018,0,"4","AL121933.2"
0,2.61297296003116,0.14,0.022,0,"4","CYP7B1"
0,2.61112222999984,0.552,0.106,0,"4","IL2RA"
0,2.58568266063024,0.359,0.063,0,"4","F5"
0,2.57707901221341,0.104,0.015,0,"4","ALPK2"
0,2.52193457489034,0.112,0.017,0,"4","STAC"
0,2.51659163838087,0.192,0.032,0,"4","AL133480.1"
0,2.49193207177428,0.137,0.021,0,"4","AC008083.3"
0,2.47769297761061,0.291,0.06,0,"4","NRIP1"
0,2.45601213856975,0.121,0.019,0,"4","AC073332.1"
0,2.43983092131244,0.135,0.024,0,"4","CD80"
0,2.43032205041641,0.18,0.031,0,"4","AC008892.1"
0,2.42846998374374,0.184,0.031,0,"4","C20orf194"
0,2.42396483003698,0.164,0.027,0,"4","HACD1"
0,2.42268974834492,0.26,0.042,0,"4","ADAM12"
0,2.41541806615572,0.201,0.044,0,"4","TAFA2"
0,2.39622880236219,0.166,0.028,0,"4","AL139807.1"
0,2.39488599784125,0.366,0.071,0,"4","AC009313.1"
0,2.37916114544301,0.14,0.021,0,"4","C12orf45"
0,2.3420360430135,0.214,0.036,0,"4","CTTNBP2NL"
0,2.33727500291784,0.757,0.224,0,"4","TBC1D4"
0,2.3316956333369,0.148,0.024,0,"4","AC009093.2"
0,2.33080373101984,0.211,0.037,0,"4","PALM2-AKAP2"
0,2.33068360143314,0.321,0.078,0,"4","MAGEH1"
0,2.3252051863728,0.104,0.017,0,"4","AC009505.1"
0,2.32387725904318,0.107,0.019,0,"4","ARMCX5-GPRASP2"
0,2.32259792890507,0.225,0.049,0,"4","IL7"
0,2.32186057486711,0.315,0.066,0,"4","TBC1D8"
0,2.30262461623008,0.24,0.049,0,"4","GRK3"
0,2.298158014032,0.396,0.087,0,"4","LAYN"
0,2.29154674782179,0.653,0.197,0,"4","TNFRSF18"
0,2.29102119972406,0.219,0.038,0,"4","AC114760.2"
0,2.28329252652288,0.218,0.04,0,"4","AC016831.5"
0,2.2828732115219,0.135,0.025,0,"4","IRAK3"
0,2.28111298418868,0.267,0.053,0,"4","AC093010.2"
0,2.2778576693758,0.127,0.023,0,"4","RCAN3AS"
0,2.2503357592096,0.101,0.018,0,"4","PKIA-AS1"
0,2.24823753359509,0.188,0.035,0,"4","FGFR1OP"
0,2.24792717679646,0.157,0.03,0,"4","FLVCR2"
0,2.2376016311117,0.111,0.022,0,"4","NTNG2"
0,2.23529320762437,0.109,0.02,0,"4","UBA6-AS1"
0,2.23451652200822,0.144,0.027,0,"4","MYCBP2-AS1"
0,2.23252752323875,0.24,0.05,0,"4","LAPTM4B"
0,2.23029858927036,0.389,0.079,0,"4","AC016831.7"
0,2.22437585136357,0.397,0.079,0,"4","ARNTL"
0,2.22241111521555,0.191,0.036,0,"4","AL391839.1"
0,2.21877570100078,0.274,0.054,0,"4","AC058791.1"
0,2.2168962476861,0.752,0.248,0,"4","STAM"
0,2.21610494003789,0.151,0.035,0,"4","LINC00598"
0,2.20456844014369,0.132,0.025,0,"4","AC100810.1"
4.25543083307675e-126,1.51622322011857,0.107,0.05,3.83035584716071e-121,"5","ENSG00000293060"
6.42894066794653e-87,1.33719226199057,0.102,0.054,5.78675378462535e-82,"5","ENSG00000304761"
8.75602826912281e-203,1.21999633774623,0.393,0.282,7.88138860532014e-198,"5","LMNA"
9.36516707967325e-76,1.21621652360057,0.114,0.066,8.42968054008469e-71,"5","ENSG00000267379"
1.29930578170157e-87,1.2004122316999,0.149,0.09,1.1695181271674e-82,"5","TANC2"
7.57781301119774e-53,1.1851835368437,0.128,0.085,6.8208652695092e-48,"5","LINC00910"
1.3847533159965e-66,1.16995658041757,0.1,0.057,1.24643030726161e-61,"5","GPR15"
1.27689274436931e-112,1.16448652975543,0.211,0.135,1.14934392813426e-107,"5","H4C3"
0,1.11806829341715,0.721,0.47,0,"5","RPL31"
0,1.09081802257193,0.692,0.463,0,"5","RPL36A"
0,1.0867908002299,0.708,0.463,0,"5","RPL7"
4.68401603102677e-51,1.08352559902619,0.121,0.079,4.2161296696875e-46,"5","RASGRF2"
0,1.08141641104621,0.833,0.553,0,"5","RPL13A"
0,1.07897973141414,0.537,0.334,0,"5","RPS17"
0,1.07512626651049,0.572,0.383,0,"5","RPL17"
1.26968113706549e-79,1.0744470336912,0.26,0.193,1.14285268828402e-74,"5","ADIRF"
0,1.07388722055824,0.874,0.584,0,"5","RPL21"
0,1.06760672491212,0.684,0.452,0,"5","RPS20"
0,1.06049423139327,0.824,0.549,0,"5","RPL27A"
3.96321813758581e-23,1.05938912630709,0.191,0.161,3.56733227782236e-18,"5","IGHA1"
1.20485218622374e-28,1.05804338923095,0.104,0.075,1.08449950134185e-23,"5","TACSTD2"
0,1.05561246198623,0.882,0.591,0,"5","RPLP2"
3.78464215702088e-91,1.05231977373625,0.261,0.189,3.40659425195607e-86,"5","S100P"
0,1.05002276153566,0.658,0.437,0,"5","RPL36AL"
2.28452140356727e-112,1.03899082949994,0.202,0.126,2.05632056056494e-107,"5","ENSG00000271204"
0,1.03147175863325,0.884,0.59,0,"5","RPS14"
0,1.03095294622294,0.893,0.598,0,"5","RPL34"
0,1.03025008071384,0.837,0.567,0,"5","MT-ND2"
0,1.02693947553762,0.889,0.598,0,"5","RPS12"
0,1.02666293569746,0.873,0.586,0,"5","RPS6"
1.02432406046668e-49,1.02649497542036,0.195,0.145,9.22004330066661e-45,"5","S100A2"
2.14589562741921e-45,1.02524757119254,0.106,0.069,1.93154211319631e-40,"5","MIR142HG"
0,1.02015182680482,0.941,0.926,0,"5","FTH1"
0,1.0200424070202,0.848,0.573,0,"5","RPS3A"
0,1.01983850392683,0.87,0.586,0,"5","RPS3"
1.88745683754304e-35,1.01715244590617,0.118,0.084,1.69891877404087e-30,"5","ENSG00000227615"
1.97258754169751e-41,1.01702634796356,0.123,0.085,1.77554577215734e-36,"5","RPL13P12"
0,1.01668590546268,0.9,0.605,0,"5","RPL10"
0,1.01537187927592,0.855,0.572,0,"5","RPL23A"
4.58470851744831e-45,1.01535979240735,0.104,0.067,4.12674198364039e-40,"5","ENSG00000300303"
0,1.00939585773451,0.853,0.575,0,"5","RPL3"
5.90173347009386e-40,1.00843246941882,0.127,0.089,5.31220931376619e-35,"5","MT-ND6"
9.37273087123398e-148,1.00768653132893,0.246,0.151,8.43648878450642e-143,"5","MIR23AHG"
0,1.00531902994464,0.898,0.604,0,"5","RPS18"
0,1.00428972705013,0.717,0.487,0,"5","RPLP0"
1.09046442414864e-79,1.00414716141159,0.179,0.118,9.81537932820429e-75,"5","ENSG00000286145"
0,1.00296069743165,0.832,0.561,0,"5","RPL14"
0,1.00190912764755,0.787,0.532,0,"5","RPS5"
0,0.999843431542917,0.835,0.56,0,"5","RPS13"
0,0.997471353207349,0.89,0.598,0,"5","RPL32"
0,0.992431503534112,0.879,0.593,0,"5","RPL41"
0,0.990283590484035,0.826,0.557,0,"5","RPL9"
0,0.99016571455337,0.846,0.569,0,"5","RPS25"
0,0.985371607721296,0.84,0.566,0,"5","RPS16"
0,0.983662628297651,0.855,0.577,0,"5","RPL35A"
4.52373777252704e-10,0.980786547616347,0.185,0.171,4.07186160642931e-05,"5","ENSG00000310376"
2.26715334505867e-294,0.977729654736748,0.474,0.325,2.04068739742076e-289,"5","H2AZ1"
0,0.976732171189435,0.886,0.596,0,"5","RPS27A"
5.7759906080876e-08,0.976652751306123,0.122,0.11,0.00519902690624573,"5","KRT7"
0,0.974687538521251,0.891,0.603,0,"5","MT-CO3"
1.18109448449578e-37,0.969623199965931,0.219,0.181,1.0631149564395e-32,"5","BTD"
1.23452972243601e-72,0.967393449046244,0.148,0.093,1.11121254846188e-67,"5","ENSG00000286808"
1.05215500742589e-38,0.966792093240101,0.153,0.114,9.47055243734118e-34,"5","CLDN4"
7.78277037552407e-54,0.962810553469766,0.176,0.127,7.00534944271297e-49,"5","PERP"
0,0.962243618313923,0.832,0.566,0,"5","RPL8"
0,0.961549695699293,0.843,0.569,0,"5","RPL35"
1.27203575327872e-52,0.960745994598192,0.132,0.087,1.14497210188371e-47,"5","PEBP1P3"
0,0.956729890448597,0.787,0.531,0,"5","MT-ND1"
0,0.955679799895007,0.879,0.592,0,"5","RPL11"
0,0.955195429990707,0.857,0.574,0,"5","RPS4X"
0,0.954974222008593,0.91,0.611,0,"5","RPLP1"
0,0.954065168165721,0.787,0.535,0,"5","RPL38"
2.17502064938585e-12,0.948438717483564,0.189,0.172,1.9577578367187e-07,"5","KRT19"
0,0.947938965040588,0.885,0.596,0,"5","RPL39"
5.72569989163404e-97,0.947693551782263,0.265,0.191,5.15375972945871e-92,"5","RPL22L1"
0,0.945082738647952,0.905,0.609,0,"5","RPL13"
0,0.940942494296257,0.859,0.58,0,"5","RPS23"
0,0.933526867715711,0.867,0.586,0,"5","RPL19"
0,0.933467253280599,0.865,0.585,0,"5","RPS8"
0,0.932149917832834,0.865,0.587,0,"5","MT-CYB"
0,0.931622465446025,0.871,0.588,0,"5","RPL18A"
7.73951239373951e-30,0.931396628441098,0.11,0.08,6.96641250072887e-25,"5","ENSG00000294708"
0,0.929822894868385,0.898,0.606,0,"5","RPS19"
1.99734460579295e-94,0.929590847549764,0.287,0.214,1.79782985312029e-89,"5","MYADM"
2.60609021739264e-120,0.929261228589185,0.232,0.148,2.34576786557729e-115,"5","ENSG00000272211"
0,0.924318421723755,0.863,0.583,0,"5","RPL30"
3.61539152303996e-52,0.923037951911251,0.143,0.097,3.2542500638035e-47,"5","ENSG00000295475"
0,0.917094891528078,0.877,0.592,0,"5","RPS2"
0,0.91575737796668,0.883,0.604,0,"5","MT-ND4"
6.65818061505513e-15,0.913916391851196,0.116,0.095,5.99309495341727e-10,"5","KRT13"
0,0.912942917320565,0.904,0.609,0,"5","RPS27"
0,0.910763125317073,0.864,0.584,0,"5","RPL26"
6.20775935223597e-53,0.910576116699683,0.19,0.14,5.58766627054112e-48,"5","ENSG00000309976"
0,0.90865217764762,0.632,0.438,0,"5","RPL4"
4.2252862220404e-34,0.908647164432342,0.162,0.125,3.80322238132079e-29,"5","H2AJ"
0,0.90734877951607,0.86,0.58,0,"5","RPL36"
0,0.907014447309524,0.823,0.562,0,"5","RPL29"
9.51906920106213e-22,0.903931201757116,0.114,0.087,8.56820937856803e-17,"5","PSCA"
0,0.902203534842406,0.79,0.54,0,"5","RPS10"
1.01805787886606e-18,0.90208609738024,0.107,0.084,9.16364077346128e-14,"5","RPS15P4"
0,3.31481520109084,0.115,0.014,0,"6","ENSG00000294673"
0,3.28794155425351,0.453,0.064,0,"6","PELO-AS1"
0,2.97155802530586,0.203,0.034,0,"6","ENSG00000289485"
0,2.90431712776474,0.125,0.021,0,"6","ENSG00000287277"
0,2.69715788654971,0.129,0.023,0,"6","ENSG00000288539"
0,2.65543555695543,0.235,0.049,0,"6","LINC02937"
0,2.62619964917829,0.179,0.033,0,"6","ENSG00000276241"
0,2.55388967866979,0.229,0.049,0,"6","CCL3-AS1"
0,2.36079922232543,0.159,0.039,0,"6","ENSG00000290036"
0,2.26954140160753,0.135,0.035,0,"6","ENSG00000301254"
0,2.12628408035253,0.133,0.034,0,"6","ENSG00000291013"
0,2.1252856699892,0.137,0.041,0,"6","DPF3"
0,2.04048424581224,0.117,0.034,0,"6","ENSG00000286084"
2.19096416507985e-301,2.03065179613066,0.102,0.029,1.97210875463003e-296,"6","TTC24"
0,2.01520248255822,0.225,0.062,0,"6","ENSG00000274767"
0,2.01079889990362,0.202,0.064,0,"6","KIR2DL4"
0,1.98936967561929,0.312,0.1,0,"6","KLRC4"
0,1.94975432007292,0.244,0.077,0,"6","ZNF683"
0,1.93940839299766,0.595,0.229,0,"6","ITGA1"
2.72959088071408e-305,1.80566628817219,0.135,0.045,2.45693204763955e-300,"6","JUN-DT"
0,1.7949349184371,0.146,0.045,0,"6","KLRK1-AS1"
0,1.78722879731826,0.464,0.162,0,"6","ATP8B4"
1.73597994725698e-233,1.77990620012838,0.115,0.041,1.56257291032548e-228,"6","ENSG00000289439"
0,1.76822427881339,0.797,0.409,0,"6","LINC01871"
0,1.76650823863775,0.263,0.101,0,"6","CLNK"
3.52398585797588e-249,1.76472245786648,0.171,0.073,3.17197491062267e-244,"6","7SK.4"
0,1.76231096804668,0.289,0.103,0,"6","CHN2"
0,1.72081571609806,0.224,0.085,0,"6","CARS1"
0,1.69909837789141,0.235,0.082,0,"6","KLRC2"
0,1.66226614367362,0.691,0.348,0,"6","ITGAE"
0,1.66190562634255,0.192,0.075,0,"6","ADGRG5"
1.08189932397662e-219,1.62525879563155,0.114,0.042,9.738284005046e-215,"6","CELF2-AS1"
3.93323375359624e-187,1.61452517343424,0.123,0.051,3.54034303394951e-182,"6","AFAP1L2"
8.20148972096469e-322,1.59297199485649,0.162,0.059,7.38224291273753e-317,"6","DNAAF9"
0,1.58488608703902,0.168,0.062,0,"6","LRRN3"
0,1.58318557011728,0.267,0.123,0,"6","LINC02195"
1.29542849450456e-217,1.56919855249418,0.147,0.062,1.1660281421885e-212,"6","NHS"
6.14951398681122e-256,1.55800087500889,0.124,0.044,5.53523903466865e-251,"6","ENSG00000301019"
9.54929769267923e-180,1.55222704393051,0.103,0.039,8.5954183461575e-175,"6","ENSG00000267364"
1.61296965208172e-251,1.54244205654061,0.148,0.058,1.45185011353528e-246,"6","CD101"
2.65802025642855e-188,1.53681039281806,0.112,0.044,2.3925106130139e-183,"6","CEP250-AS1"
9.08187897616748e-161,1.5293753981381,0.103,0.042,8.17469008523811e-156,"6","PCGF3-AS1"
0,1.50823658954462,0.212,0.09,0,"6","PGM5P2.1"
6.31414902028675e-196,1.50202045876318,0.122,0.049,5.6834286746503e-191,"6","RPS6KA1"
0,1.49659135076441,0.245,0.103,0,"6","GOLIM4"
0,1.48345732887046,0.183,0.067,0,"6","ENSG00000270240"
6.87471899752038e-170,1.47697372955392,0.122,0.052,6.18800331685807e-165,"6","GARS1-DT"
4.38321353046328e-175,1.46678161166278,0.134,0.059,3.9453743309053e-170,"6","H1-4"
1.39045498603709e-166,1.45522847851843,0.117,0.05,1.25156243748184e-161,"6","ENSG00000290548"
2.5886782366107e-188,1.45429608438727,0.122,0.05,2.33009516755565e-183,"6","ENSG00000306273"
2.87962309901244e-230,1.45400362062171,0.166,0.072,2.59197754765209e-225,"6","ENSG00000293372"
1.24369207877979e-132,1.45030968148646,0.119,0.056,1.11945967703048e-127,"6","ENSG00000228509"
0,1.44795772965794,0.497,0.226,0,"6","HOPX"
9.00672463270022e-229,1.44722271324687,0.155,0.065,8.1070429091398e-224,"6","DTX2P1-UPK3BP1-PMS2P11"
2.2833553552292e-162,1.44126705572936,0.103,0.041,2.05527098879535e-157,"6","STYK1"
1.51720602478312e-280,1.42547880071785,0.226,0.106,1.36565231496754e-275,"6","TNFSF4"
2.66367262808804e-234,1.41756272710457,0.186,0.085,2.39759836926833e-229,"6","ENSG00000290067"
1.01293699691464e-212,1.41670715148063,0.176,0.082,9.11754720292835e-208,"6","BFSP2-AS1"
0,1.40502832873801,0.438,0.223,0,"6","LAG3"
0,1.40455762663186,0.654,0.324,0,"6","GZMB"
0,1.40113069196796,0.564,0.249,0,"6","CD8B"
0,1.39692797794479,0.316,0.161,0,"6","ENSG00000310376"
1.14226484663075e-233,1.37852381414868,0.195,0.092,1.0281640111008e-228,"6","MTATP6P1"
0,1.37607013329642,0.531,0.3,0,"6","TRG-AS1"
1.86462899010694e-303,1.37437632988994,0.215,0.094,1.67837120028515e-298,"6","RFX3-DT"
0,1.3589344971861,0.276,0.128,0,"6","ENSG00000291143"
1.95748312177304e-136,1.35645731538751,0.115,0.053,1.76195013273913e-131,"6","ETV1"
5.43137163555958e-165,1.35404322021913,0.123,0.054,4.88883192288353e-160,"6","ENSG00000301208"
2.01770917801554e-175,1.33864872105929,0.122,0.051,1.81616020822357e-170,"6","ENSG00000227486"
0,1.33387058270602,0.363,0.172,0,"6","DAPK2"
4.24565441787724e-87,1.32478398830165,0.121,0.068,3.82155599807548e-82,"6","ADAMTS6"
6.22081875393058e-159,1.32466789513428,0.137,0.064,5.59942116860045e-154,"6","ENSG00000234261"
0,1.31555634441866,0.373,0.195,0,"6","HAVCR2"
4.70826598336629e-184,1.30476163839165,0.158,0.074,4.23795729428783e-179,"6","TXLNGY.1"
3.90871547059397e-141,1.29072938699415,0.124,0.058,3.51827388223634e-136,"6","FRG1HP.1"
3.16265849184578e-113,1.28857933846319,0.104,0.049,2.84674053509531e-108,"6","TMEM200A"
9.04129509322188e-192,1.28767958000191,0.167,0.079,8.13816012635995e-187,"6","MIR3667HG"
0,1.28451158645962,0.644,0.31,0,"6","CD8A"
0,1.27840220784711,0.852,0.547,0,"6","MT-RNR1"
1.39919371121576e-119,1.27692391446894,0.113,0.055,1.25942825140242e-114,"6","ENSG00000261435"
0,1.27620414731106,0.342,0.185,0,"6","ENTPD1"
1.23554010600631e-222,1.26722619063721,0.184,0.085,1.11212200481734e-217,"6","KIAA1671"
1.32910389399418e-140,1.25267478034725,0.12,0.055,1.1963397060231e-135,"6","SLC38A4-AS1"
0,1.24119431020051,0.338,0.171,0,"6","SRGAP3"
2.18536780322972e-120,1.23997204385633,0.113,0.054,1.96707141336511e-115,"6","ENSG00000296329"
7.9381333534461e-237,1.23857580741608,0.214,0.104,7.14519321277037e-232,"6","IFT25"
1.50497370103411e-112,1.23694844586205,0.145,0.079,1.35464187803781e-107,"6","NBL1"
1.81309273069603e-173,1.23693356130688,0.163,0.079,1.6319828978268e-168,"6","CARINH"
1.8441296670412e-318,1.236590170172,0.275,0.133,1.65991955460046e-313,"6","ENSG00000309976"
3.59169535348172e-122,1.23563682908208,0.124,0.062,3.23292090462243e-117,"6","MUC20-OT1"
0,1.23216558431742,0.505,0.256,0,"6","CTSW"
1.37404237094503e-150,1.22425509573607,0.117,0.051,1.23678927851133e-145,"6","CD244"
0,1.21653641908017,0.74,0.483,0,"6","THEMIS"
1.4804854679936e-162,1.21320970812853,0.144,0.068,1.33259977459572e-157,"6","HLA-DQA2"
7.27164245234073e-114,1.21257219590258,0.167,0.097,6.54527808777641e-109,"6","SNAP47"
1.14935732376081e-253,1.21169713997159,0.258,0.133,1.03454802069035e-248,"6","SNTB1"
0,1.20038482432843,0.573,0.315,0,"6","MT-ND4L"
9.08176348932719e-172,1.19977007219372,0.163,0.079,8.1745861343783e-167,"6","LINC01145.1"
7.69476807899967e-227,1.19674810565869,0.217,0.107,6.92613769558839e-222,"6","NHERF1"
0,1.19628194839714,0.509,0.255,0,"6","KLRD1"
0,3.51719711723461,0.158,0.014,0,"7","ITGA9"
0,3.48496303450519,0.191,0.016,0,"7","ENSG00000287347"
0,3.46754820398661,0.125,0.009,0,"7","ENSG00000289963"
0,3.41668020787316,0.106,0.009,0,"7","ENSG00000303136"
0,3.38146034864069,0.106,0.011,0,"7","SHC4"
0,3.24448260030942,0.175,0.018,0,"7","ENSG00000310242"
0,2.99807554858028,0.17,0.021,0,"7","ENSG00000304809"
0,2.97504163224758,0.325,0.042,0,"7","LINC02937"
0,2.97330675961819,0.211,0.029,0,"7","ENSG00000301254"
0,2.95053433181044,0.113,0.013,0,"7","ENSG00000303494"
0,2.87726224002496,0.122,0.014,0,"7","ENSG00000258760"
0,2.87500442718046,0.1,0.013,0,"7","ENSG00000233942"
0,2.80905464966812,0.201,0.028,0,"7","ENSG00000286084"
0,2.80626539410314,0.11,0.014,0,"7","LINC00484"
0,2.76322904110302,0.119,0.016,0,"7","ATP8A1-DT"
0,2.76111375234222,0.117,0.016,0,"7","BARX2"
0,2.75560824615706,0.156,0.021,0,"7","ENSG00000302621"
0,2.66170684231799,0.17,0.029,0,"7","ENSG00000306285"
0,2.6566195435403,0.126,0.022,0,"7","MS4A6A"
0,2.64481576209036,0.247,0.047,0,"7","ENSG00000228509"
0,2.62849387890509,0.244,0.033,0,"7","ENSG00000290036"
0,2.62807567294664,0.315,0.05,0,"7","ENSG00000234261"
0,2.61460261394614,0.427,0.067,0,"7","PELO-AS1"
0,2.60241349846879,0.108,0.014,0,"7","ENSG00000294673"
0,2.57345883223285,0.131,0.02,0,"7","LINC00158"
0,2.57308202346988,0.299,0.044,0,"7","CCL3-AS1"
0,2.55600803065598,0.123,0.018,0,"7","ENSG00000286313"
0,2.55270462140158,0.19,0.036,0,"7","PIP5K1B"
0,2.52980026481225,0.233,0.041,0,"7","RYR2"
0,2.42454790594321,0.248,0.043,0,"7","ETV1"
0,2.39775784795347,0.142,0.026,0,"7","PHEX"
0,2.39540944965875,0.101,0.017,0,"7","ENSG00000217455"
0,2.37978088025414,0.506,0.133,0,"7","MYO1E"
0,2.37247275250235,0.274,0.052,0,"7","NHS"
0,2.36696312754215,0.247,0.052,0,"7","CD109"
0,2.3363421508782,0.219,0.059,0,"7","GOLM1"
0,2.32436997163563,0.244,0.042,0,"7","AFAP1L2"
0,2.29515250936596,0.233,0.059,0,"7","ADAMTS6"
0,2.27451680786243,0.244,0.057,0,"7","LRRN3"
0,2.27034846722568,0.151,0.034,0,"7","ELAPOR1"
0,2.24375626961761,0.226,0.051,0,"7","LINC01480"
0,2.24094896809374,0.137,0.025,0,"7","ENSG00000254802"
0,2.23354079815408,0.208,0.034,0,"7","ENSG00000289485"
0,2.19212910888515,0.198,0.041,0,"7","JUN-DT"
0,2.18573497228383,0.105,0.021,0,"7","ENSG00000258824"
0,2.18225872242111,0.197,0.041,0,"7","KLRK1-AS1"
0,2.1802974760002,0.522,0.183,0,"7","PLPP1"
0,2.15939054065169,0.14,0.026,0,"7","TTC24"
0,2.15725827189246,0.151,0.031,0,"7","ENSG00000293488"
0,2.12475155626356,0.247,0.058,0,"7","LINC02416"
0,2.08638636153589,0.32,0.078,0,"7","CARS1"
0,2.05164343818208,0.58,0.154,0,"7","ATP8B4"
0,2.05062137940094,0.567,0.14,0,"7","CXCL13"
0,2.03543031658217,0.191,0.043,0,"7","KCNK5"
0,2.03411825317834,0.377,0.093,0,"7","GOLIM4"
0,2.03321994056748,0.122,0.026,0,"7","ENSG00000230490"
0,2.01355276063182,0.192,0.045,0,"7","NEBL"
0,2.00143957788201,0.119,0.026,0,"7","TARP"
0,1.99186965481639,0.204,0.054,0,"7","CCL3L3"
0,1.99174807771374,0.114,0.027,0,"7","E2F7"
0,1.99075303110129,0.111,0.03,0,"7","TSPAN13"
0,1.99055643311027,0.118,0.028,0,"7","ENSG00000273112"
0,1.95127807930865,0.283,0.058,0,"7","KIR2DL4"
0,1.94891988260874,0.1,0.024,0,"7","TRIM59-IFT80"
0,1.94234379524115,0.115,0.03,0,"7","LINC01816"
0,1.92807265236369,0.188,0.045,0,"7","ENSG00000306273"
0,1.9204204871549,0.325,0.089,0,"7","ZC3H12C"
0,1.9094100293522,0.114,0.027,0,"7","DIXDC1"
0,1.88394664750536,0.208,0.052,0,"7","ENSG00000285280"
0,1.87381186095638,0.152,0.043,0,"7","RASD1"
0,1.87009215408835,0.222,0.055,0,"7","TNS3"
0,1.86004033776371,0.196,0.058,0,"7","PRRG4"
0,1.83932157715271,0.414,0.112,0,"7","LINC02195"
0,1.83883039772605,0.232,0.058,0,"7","ENSG00000295480"
0,1.83361827361041,0.128,0.033,0,"7","ENSG00000289359"
0,1.82345411318606,0.213,0.057,0,"7","ENSG00000303688"
0,1.8209630720032,0.317,0.096,0,"7","ENSG00000268027"
0,1.81303502326025,0.142,0.036,0,"7","KRT86"
0,1.79443316501889,0.202,0.057,0,"7","HECTD2"
0,1.7780114247617,0.143,0.033,0,"7","ENSG00000291013"
0,1.75748423575124,0.525,0.2,0,"7","FAM3C"
0,1.75318503221071,0.235,0.085,0,"7","KCNQ5"
0,1.74312416457055,0.356,0.114,0,"7","NFIL3"
0,1.74213482350785,0.153,0.04,0,"7","DPF3"
0,1.73972256201353,0.507,0.201,0,"7","INPP5F"
0,1.73209924756656,0.122,0.033,0,"7","ENSG00000286423"
1.94280485069441e-282,1.72330984841903,0.104,0.031,1.74873807415855e-277,"7","ENSG00000296912"
0,1.72323386296895,0.109,0.027,0,"7","WIPF3"
0,1.72235305180075,0.252,0.077,0,"7","MTSS1"
0,1.70372383397763,0.137,0.041,0,"7","H2BC15"
0,1.69812080186147,0.581,0.279,0,"7","RHOB"
0,1.67644424180661,0.208,0.06,0,"7","ENSG00000307222"
0,1.67162931809637,0.221,0.059,0,"7","VCAM1"
6.55651190276821e-255,1.67033464623354,0.102,0.031,5.9015819288007e-250,"7","CCDC194"
0,1.66949079521495,0.262,0.08,0,"7","ENSG00000290067"
0,1.66662655606288,0.122,0.032,0,"7","HLA-DRB6.1"
0,1.66566338444479,0.183,0.049,0,"7","ENSG00000261435"
0,1.66494129979484,0.477,0.16,0,"7","SRGAP3"
0,1.65776218435432,0.467,0.202,0,"7","LINC00299"
0,1.65009658785479,0.267,0.077,0,"7","SPRY1"
0,4.66685871686636,0.335,0.015,0,"8","AC022126.1"
0,4.27631550202309,0.127,0.007,0,"8","AL355076.2"
0,4.08847262645642,0.27,0.016,0,"8","AC243829.4"
0,3.92504717719439,0.302,0.024,0,"8","AL138720.1"
0,3.68717968458347,0.226,0.018,0,"8","AL096794.1"
0,3.57806510670019,0.154,0.012,0,"8","AL133405.2"
0,3.26897199446629,0.193,0.019,0,"8","AC022075.1"
0,3.18530480914525,0.115,0.012,0,"8","AC024028.1"
0,3.11336927859236,0.121,0.013,0,"8","AL360178.1"
0,3.08763947012275,0.108,0.014,0,"8","AC006460.1"
0,3.0658971507751,0.106,0.013,0,"8","AL122035.1"
0,3.0528910189229,0.115,0.015,0,"8","LINC01358"
0,3.02342037824072,0.298,0.034,0,"8","AC243829.1"
0,2.98546125032479,0.245,0.031,0,"8","CCL3L1"
0,2.9538603623468,0.271,0.041,0,"8","CARS"
0,2.93571407858007,0.111,0.013,0,"8","CLECL1"
0,2.92164051716697,0.162,0.023,0,"8","AC006460.2"
0,2.84734438621055,0.692,0.107,0,"8","KLRK1"
0,2.76747339988816,0.192,0.044,0,"8","RYR2"
0,2.7219405524886,0.28,0.045,0,"8","LRMP"
0,2.71491411513745,0.121,0.024,0,"8","SPRY2"
0,2.69037470098521,0.122,0.018,0,"8","AC018926.2"
0,2.68131153959601,0.115,0.011,0,"8","AC243829.2"
0,2.65286546870698,0.128,0.022,0,"8","FBXO10"
0,2.62633633062567,0.1,0.016,0,"8","AC090152.1"
0,2.62029834717526,0.121,0.02,0,"8","AP002762.2"
0,2.6198522539901,0.132,0.019,0,"8","AC015849.1"
0,2.6105573679197,0.247,0.043,0,"8","ETV1"
0,2.59344059214625,0.113,0.017,0,"8","AC104078.2"
0,2.58161548319749,0.32,0.058,0,"8","AL137856.1"
0,2.56548365753345,0.119,0.021,0,"8","LINC00158"
0,2.54797416620716,0.266,0.056,0,"8","VCAM1"
0,2.45943064978128,0.123,0.023,0,"8","TMEFF2"
0,2.45665679391535,0.209,0.044,0,"8","KLRC3"
0,2.4216257819403,0.118,0.022,0,"8","AL109930.1"
0,2.41313295705132,0.103,0.017,0,"8","FAM49A"
0,2.41179834152147,0.131,0.022,0,"8","AC022706.1"
0,2.40169814924068,0.12,0.023,0,"8","AC008083.3"
0,2.37937340858297,0.112,0.022,0,"8","AL359220.1"
0,2.33481877237037,0.249,0.06,0,"8","MYO7A"
0,2.32446128309417,0.123,0.03,0,"8","TRGV10"
0,2.29280397797442,0.137,0.03,0,"8","MIR99AHG"
0,2.25257334627339,0.222,0.049,0,"8","AL390957.1"
0,2.25066203061812,0.139,0.034,0,"8","CNTNAP2"
0,2.23397485893355,0.234,0.055,0,"8","DRAIC"
0,2.23122500397368,0.293,0.065,0,"8","AL645568.1"
0,2.22232372826219,0.312,0.067,0,"8","FAM102B"
0,2.21031566354449,0.254,0.065,0,"8","ST6GALNAC3"
0,2.19597084312023,0.267,0.062,0,"8","AC243960.1"
0,2.1563498219579,0.29,0.064,0,"8","YARS"
0,2.1278760701617,0.121,0.028,0,"8","AC139887.2"
0,2.09800200824979,0.367,0.102,0,"8","AKAP5"
0,2.09575170663924,0.111,0.026,0,"8","AL137009.1"
0,2.06948083884232,0.373,0.107,0,"8","SLC35F1"
0,2.06527359394782,0.124,0.029,0,"8","AL021707.1"
0,2.05655280760829,0.225,0.055,0,"8","AC007216.4"
0,2.04043783560282,0.109,0.029,0,"8","LSAMP"
0,2.03090214332872,0.132,0.033,0,"8","AL035530.2"
0,2.01130622906572,0.29,0.071,0,"8","FAM126B"
0,1.98455280918016,0.184,0.044,0,"8","AC053513.1"
0,1.98344181032681,0.455,0.111,0,"8","C5orf56"
0,1.98157907350722,0.115,0.028,0,"8","FO393401.1"
0,1.98048740569045,0.418,0.106,0,"8","H1FX"
0,1.97773925387108,0.241,0.062,0,"8","C22orf34"
0,1.96746861521166,0.111,0.029,0,"8","AC055733.2"
0,1.95805039864425,0.489,0.167,0,"8","LINC02446"
0,1.95750218082357,0.13,0.033,0,"8","CMTM1"
0,1.95330813310411,0.102,0.026,0,"8","LINC00476"
0,1.95323543403664,0.141,0.04,0,"8","SCLY"
0,1.93843191204014,0.136,0.034,0,"8","AP002336.2"
0,1.93816696805496,0.169,0.049,0,"8","NAALADL2"
0,1.93716308529286,0.249,0.064,0,"8","TARSL2"
0,1.93147155942992,0.363,0.095,0,"8","ADSS"
0,1.92638038463018,0.109,0.028,0,"8","AC005670.3"
0,1.92419501045858,0.137,0.039,0,"8","SOX5"
0,1.92386978234669,0.23,0.057,0,"8","RFX3-AS1"
0,1.91370902150678,0.101,0.024,0,"8","AC004687.1"
0,1.91328576296485,0.178,0.045,0,"8","AC008875.3"
0,1.90505770321851,0.311,0.087,0,"8","ARNTL"
0,1.9044841202175,0.176,0.052,0,"8","SARDH"
0,1.90421288130346,0.258,0.069,0,"8","AC023424.3"
0,1.90240207821582,0.179,0.048,0,"8","ELMSAN1"
0,1.90003291832793,0.286,0.072,0,"8","HSPB11"
0,1.89835697749678,0.448,0.12,0,"8","MARCH6"
0,1.89549044187208,0.543,0.148,0,"8","C9orf16"
0,1.89219143511081,0.337,0.087,0,"8","AC092821.3"
0,1.88994639943584,0.175,0.048,0,"8","AFAP1L2"
0,1.88951136944344,0.108,0.027,0,"8","AL731577.2"
0,1.8775254239361,0.219,0.059,0,"8","IARS"
0,1.8755749591653,0.219,0.059,0,"8","MARCH5"
0,1.87529850665536,0.103,0.027,0,"8","FAM207A"
0,1.87286841940234,0.258,0.071,0,"8","C18orf25"
0,1.8724201435368,0.105,0.027,0,"8","AL049869.3"
0,1.86962837939575,0.182,0.047,0,"8","AC074032.1"
0,1.86842119307245,0.103,0.026,0,"8","AC004797.1"
0,1.86545269668273,0.136,0.04,0,"8","PIK3R3"
0,1.86262507880565,0.239,0.064,0,"8","FAM192A"
0,1.86257959587018,0.159,0.043,0,"8","GARS-DT"
0,1.86049683572916,0.197,0.056,0,"8","IGLC1"
0,1.84905888722647,0.124,0.032,0,"8","AC087854.1"
0,3.76270530524646,0.298,0.031,0,"9","BTBD11"
0,3.38742727904701,0.109,0.01,0,"9","GRASP"
0,3.30930307897758,0.123,0.015,0,"9","AC119396.1"
0,3.22752016112089,0.104,0.012,0,"9","AC137810.1"
0,3.176996838165,0.119,0.015,0,"9","AL121935.1"
0,3.16955111477768,0.139,0.019,0,"9","AC139720.1"
0,3.1656758802459,0.112,0.013,0,"9","AC020911.2"
0,3.1591405699769,0.109,0.014,0,"9","KIAA1324L"
0,3.02360082889716,0.274,0.042,0,"9","CCR6"
0,2.734674228213,0.146,0.027,0,"9","FMN1"
0,2.71078205106552,0.471,0.089,0,"9","P2RY8"
0,2.66787941519266,0.117,0.019,0,"9","AL365361.1"
0,2.5908399092063,0.255,0.046,0,"9","AC006369.1"
0,2.58845667457948,0.306,0.063,0,"9","AC022217.3"
0,2.57683268187815,0.109,0.02,0,"9","AL691403.1"
0,2.54623085509359,0.202,0.038,0,"9","AL499604.1"
0,2.52911220609413,0.29,0.065,0,"9","AP000787.1"
0,2.52492421599627,0.289,0.065,0,"9","ADAMTSL4-AS1"
0,2.51926695986959,0.102,0.02,0,"9","Z94721.1"
0,2.51320267545584,0.319,0.067,0,"9","AC020916.1"
0,2.5127597340639,0.128,0.024,0,"9","RCAN3AS"
0,2.46800600689699,0.282,0.056,0,"9","AC058791.1"
0,2.4649804631009,0.385,0.083,0,"9","AC016831.7"
0,2.42764202036442,0.214,0.043,0,"9","AC016831.5"
0,2.41524610581089,0.472,0.11,0,"9","AC079793.1"
0,2.40290581325552,0.309,0.071,0,"9","AC016074.2"
0,2.37654540667781,0.131,0.028,0,"9","AC097376.3"
0,2.3514306915212,0.285,0.057,0,"9","AC068587.4"
0,2.32879533531335,0.283,0.065,0,"9","CD40LG"
0,2.32197343024276,0.136,0.029,0,"9","AC092338.3"
0,2.31550870970361,0.185,0.041,0,"9","AL031772.1"
0,2.30512661614728,0.131,0.031,0,"9","AC073167.1"
0,2.29697042257065,0.47,0.122,0,"9","AP001011.1"
0,2.28976567449714,0.155,0.033,0,"9","AC026979.2"
0,2.2791325843156,0.202,0.045,0,"9","KIAA0355"
0,2.27738175735009,0.104,0.022,0,"9","AP003086.1"
0,2.26883701212518,0.907,0.427,0,"9","IL7R"
0,2.21622638353094,0.204,0.047,0,"9","NCF1"
0,2.21515289457896,0.31,0.079,0,"9","PRORP"
0,2.18378951932122,0.1,0.023,0,"9","AC067945.4"
0,2.18356933820079,0.267,0.066,0,"9","AC010609.1"
0,2.13185897115755,0.13,0.031,0,"9","AC008569.1"
0,2.12465746082174,0.233,0.063,0,"9","DPP4"
0,2.11306350337556,0.147,0.041,0,"9","FRY"
0,2.11151490112697,0.17,0.039,0,"9","AC018816.1"
0,2.10928543264918,0.383,0.097,0,"9","PRKY"
0,2.10359127297013,0.845,0.315,0,"9","EEF1G"
0,2.09347737421886,0.324,0.098,0,"9","CCR7"
0,2.08820833201078,0.104,0.023,0,"9","AL137779.2"
0,2.08284950161747,0.302,0.073,0,"9","FAM102A"
0,2.05657010031806,0.138,0.033,0,"9","AC044849.1"
0,2.05537719521205,0.133,0.034,0,"9","AC005480.1"
0,2.04477086630031,0.269,0.073,0,"9","SGK3"
0,2.04185800534104,0.338,0.083,0,"9","AC245297.3"
0,2.0404331811733,0.145,0.041,0,"9","CTSL"
0,2.02658974463478,0.125,0.034,0,"9","FAM122C"
0,2.02119235547621,0.144,0.036,0,"9","AC011476.3"
0,1.99259110848505,0.126,0.035,0,"9","LINC01184"
0,1.97912743432812,0.439,0.121,0,"9","KIAA1109"
0,1.97662418468203,0.642,0.232,0,"9","RAPGEF6"
0,1.97289326475875,0.335,0.101,0,"9","ZNF10"
0,1.97014301238211,0.205,0.056,0,"9","AC068282.1"
0,1.96270417578439,0.308,0.087,0,"9","LINC01004"
0,1.95447246917427,0.245,0.066,0,"9","SPATA5"
2.09179867156057e-285,1.95215502953436,0.119,0.036,1.88284890225839e-280,"9","IL4I1"
0,1.94809292696562,0.157,0.044,0,"9","TWISTNB"
0,1.94120689979687,0.146,0.039,0,"9","FGFR1OP"
0,1.92900607946524,0.361,0.103,0,"9","AC007384.1"
0,1.92255614941819,0.835,0.403,0,"9","FOXP1"
0,1.91946621309012,0.123,0.034,0,"9","AL035530.2"
0,1.91651124313026,0.153,0.049,0,"9","TAFA1"
0,1.91589677055695,0.282,0.079,0,"9","AC079781.5"
0,1.90361244306736,0.493,0.141,0,"9","H2AFV"
0,1.90045040670019,0.17,0.047,0,"9","AC087286.2"
0,1.9000579812661,0.18,0.048,0,"9","ELMSAN1"
9.05667197569051e-274,1.89753452977414,0.101,0.028,8.15200101203878e-269,"9","AL731577.2"
4.26137476218519e-240,1.89428151917025,0.103,0.031,3.83570603719051e-235,"9","AC008014.1"
0,1.89307861014753,0.198,0.057,0,"9","TTC37"
0,1.88742339815041,0.27,0.081,0,"9","AC009313.1"
1.88611035905918e-305,1.88603961129015,0.112,0.031,1.69770679529276e-300,"9","AL360091.3"
0,1.88554290227279,0.308,0.089,0,"9","GIMAP5"
0,1.87695997600166,0.288,0.09,0,"9","NR3C2"
0,1.86792008901548,0.159,0.044,0,"9","MARCH8"
0,1.86710156301025,0.203,0.058,0,"9","LARS"
0,1.86355732229871,0.15,0.044,0,"9","CCDC84"
0,1.85565028909456,0.223,0.071,0,"9","AC018362.1"
0,1.85487540616261,0.661,0.271,0,"9","ANK3"
0,1.85389800836224,0.207,0.06,0,"9","SVIL"
0,1.85245832086228,0.23,0.068,0,"9","AC118549.1"
0,1.83976550286101,0.252,0.073,0,"9","AC025164.1"
0,1.83852116829022,0.152,0.045,0,"9","AC114760.2"
0,1.83814634417554,0.137,0.039,0,"9","MARS"
6.25242083862787e-244,1.83627157530698,0.1,0.03,5.62786652105733e-239,"9","LINC02273"
0,1.83427308787715,0.218,0.062,0,"9","SARS"
0,1.83304284678011,0.211,0.062,0,"9","TMEM173"
0,1.82319469414388,0.332,0.104,0,"9","WDR61"
0,1.82234086036994,0.227,0.066,0,"9","HERC3"
2.0141938419494e-265,1.8175041376526,0.109,0.032,1.81299601907707e-260,"9","CASTOR3"
0,1.80879261219303,0.175,0.052,0,"9","C12orf65"
0,1.80706100239433,0.231,0.071,0,"9","POLR2J3"
0,6.38000109503687,0.219,0.004,0,"10","ADGRG3"
0,5.80444941588117,0.158,0.003,0,"10","CCNJL"
0,5.21555365851424,0.152,0.005,0,"10","B3GNT7"
0,5.10724585049284,0.278,0.011,0,"10","LINC00996"
0,5.06662559944495,0.264,0.011,0,"10","LDB2"
0,5.03030013669275,0.11,0.005,0,"10","RASSF8"
0,4.99613450666405,0.354,0.011,0,"10","SH2D1B"
0,4.81215313736519,0.609,0.033,0,"10","FCER1G"
0,4.80415187821264,0.171,0.007,0,"10","PPP1R9A"
0,4.74624897749749,0.172,0.009,0,"10","GAB1"
0,4.41503198445897,0.807,0.059,0,"10","TYROBP"
0,4.40905073972515,0.184,0.012,0,"10","PLXNA4"
0,4.3949146014011,0.205,0.009,0,"10","SYK"
0,4.21945779641836,0.638,0.037,0,"10","TRDC"
0,4.16836849502724,0.123,0.009,0,"10","BCO2"
0,4.15870244591654,0.281,0.021,0,"10","KRT81"
0,3.9746175560374,0.462,0.038,0,"10","NCAM1"
0,3.83756506466219,0.349,0.024,0,"10","KLRF1"
0,3.75381345366256,0.122,0.01,0,"10","FES"
0,3.56332753909382,0.178,0.018,0,"10","IGFBP2"
0,3.43615001431939,0.611,0.086,0,"10","KLRC1"
0,3.415421083653,0.155,0.017,0,"10","PRKAR2B"
0,3.41158983947422,0.152,0.014,0,"10","LINGO2"
0,3.40460368904596,0.232,0.025,0,"10","TLE1"
0,3.40207623178513,0.162,0.017,0,"10","L3MBTL4"
0,3.35199431931806,0.105,0.011,0,"10","ENSG00000297167"
0,3.31648966059812,0.29,0.036,0,"10","TMIGD2"
0,3.27707939952018,0.14,0.02,0,"10","ITGAX"
0,3.27085960801738,0.413,0.055,0,"10","LAT2"
0,3.26437199378268,0.435,0.063,0,"10","ZBTB16"
0,3.25376274135491,0.401,0.067,0,"10","XCL1"
0,3.23904058087366,0.156,0.017,0,"10","CXXC5"
0,3.16326623745046,0.218,0.025,0,"10","CTBP2"
0,3.16035367171699,0.209,0.028,0,"10","SPECC1"
0,3.14294076651974,0.667,0.123,0,"10","TXK"
0,3.1386857279928,0.269,0.031,0,"10","KRT86"
0,3.12641811163219,0.196,0.024,0,"10","WIPF3"
0,3.12026699987266,0.198,0.026,0,"10","IRF8"
0,3.10329989632155,0.126,0.017,0,"10","STAP1"
0,3.09315107016151,0.131,0.015,0,"10","FGR"
0,3.04613980754056,0.749,0.194,0,"10","GNLY"
0,3.00686701547179,0.314,0.042,0,"10","NCR1"
0,2.98330777679955,0.28,0.043,0,"10","KLRC3"
0,2.96526618139127,0.407,0.061,0,"10","LYN"
0,2.92943029269744,0.575,0.099,0,"10","PLCG2"
0,2.92932097832583,0.193,0.036,0,"10","TTTY14"
0,2.88221345995781,0.141,0.025,0,"10","LRMDA"
0,2.87987853322877,0.152,0.024,0,"10","TCF4"
0,2.82535154759551,0.271,0.037,0,"10","ADAM28"
0,2.81797051755697,0.111,0.018,0,"10","FAM49A"
0,2.81430245438003,0.179,0.023,0,"10","SPRY2"
0,2.81135098429419,0.312,0.06,0,"10","RNF130"
0,2.80594794377648,0.548,0.184,0,"10","AREG"
0,2.70007792505762,0.369,0.067,0,"10","GAS7"
0,2.654118336449,0.364,0.058,0,"10","KIR2DL4"
0,2.65003007552417,0.44,0.074,0,"10","KLRC2"
0,2.64223305879275,0.102,0.016,0,"10","PIK3R6"
0,2.63067214489759,0.173,0.029,0,"10","LATS2"
0,2.61456092264053,0.186,0.032,0,"10","CD300A"
0,2.60129337295663,0.453,0.092,0,"10","MATK"
0,2.59297895405978,0.333,0.08,0,"10","MAML3"
0,2.59056742796699,0.53,0.131,0,"10","XCL2"
0,2.55837235264045,0.153,0.034,0,"10","CD160"
0,2.54174522709947,0.279,0.048,0,"10","PDGFD"
0,2.49352245314463,0.138,0.029,0,"10","SERPINE2"
0,2.45993604910927,0.69,0.211,0,"10","MCTP2"
0,2.44954815788148,0.315,0.067,0,"10","DOCK5"
0,2.43712447207371,0.162,0.03,0,"10","PTGDR"
0,2.37296980428349,0.161,0.033,0,"10","CAPN12"
0,2.3300664466302,0.162,0.032,0,"10","SYNGR1"
2.62790041810095e-218,2.31677294575695,0.107,0.032,2.36539944533685e-213,"10","AFF3"
5.23967458218721e-281,2.30788455382336,0.12,0.033,4.71628348817253e-276,"10","TPST1"
0,2.29907678928888,0.113,0.023,0,"10","OSBPL5"
0,2.29672991405128,0.193,0.046,0,"10","SLFN13"
0,2.28763055890005,0.14,0.033,0,"10","TEC"
0,2.25351218223881,0.359,0.081,0,"10","KCNQ5"
0,2.19997275001826,0.109,0.023,0,"10","CYRIA"
0,2.17918621295049,0.594,0.162,0,"10","ATP8B4"
0,2.17782120259184,0.138,0.03,0,"10","HDGFL3"
3.08190850719781e-283,2.17182563980668,0.128,0.037,2.77405666641382e-278,"10","PLK2"
1.86937890473863e-244,2.17048665954616,0.136,0.045,1.68264664594429e-239,"10","SERPINE1"
0,2.10918459603262,0.18,0.038,0,"10","FCGR3A"
5.42954663019978e-296,2.08672244139771,0.12,0.032,4.88718921730912e-291,"10","CLIP2"
0,2.04520298810794,0.414,0.139,0,"10","CLIC3"
0,2.01820962590171,0.191,0.052,0,"10","TENT5A"
0,1.99473602069886,0.362,0.12,0,"10","CEBPD"
0,1.97878191416949,0.745,0.247,0,"10","KLRD1"
0,1.97263260802375,0.273,0.097,0,"10","ADAMTS17"
2.27302714403925e-262,1.86237094422518,0.114,0.032,2.04597446262117e-257,"10","SWAP70"
0,1.8557461561156,0.155,0.043,0,"10","IGF1R"
0,1.84396138837645,0.121,0.026,0,"10","ADAM7-AS1"
3.42415434969733e-198,1.83465548550875,0.117,0.039,3.08211557170606e-193,"10","ENG"
0,1.82107410441225,0.347,0.127,0,"10","ABHD2"
0,1.81923199369806,0.325,0.11,0,"10","ERGIC1"
0,1.80824310086883,0.215,0.059,0,"10","TRIO"
0,1.80389816342259,0.24,0.081,0,"10","ZNF683"
9.54276346127494e-215,1.79051417663888,0.122,0.04,8.58953681912818e-210,"10","ZFHX3"
0,1.77733494306152,0.287,0.094,0,"10","PTPN12"
1.11906224225805e-280,1.7765231759088,0.132,0.039,1.00727911487889e-275,"10","NCR3"
0,1.75788688698119,0.232,0.077,0,"10","DHRS3"
0,4.93031618273772,0.126,0.004,0,"11","IL17A"
0,4.20064690158488,0.145,0.01,0,"11","SLC4A10"
0,3.87871058144777,0.109,0.007,0,"11","COL5A3"
0,3.79485603826143,0.191,0.015,0,"11","IL26"
0,3.36409096746785,0.139,0.02,0,"11","RNF144B"
0,3.16589605349282,0.104,0.014,0,"11","CA10"
0,2.91734557346257,0.394,0.068,0,"11","PTPN13"
0,2.85226156808753,0.182,0.025,0,"11","ENSG00000284825"
0,2.82742449556393,0.15,0.021,0,"11","IL23R"
0,2.80592635461375,0.221,0.038,0,"11","ENSG00000303114"
0,2.58448237578783,0.109,0.018,0,"11","ENSG00000288703"
0,2.5690035385836,0.184,0.034,0,"11","IL4I1"
0,2.54720884434463,0.169,0.028,0,"11","HLF"
0,2.36849543533029,0.38,0.086,0,"11","CCL20"
0,2.35817140919119,0.554,0.129,0,"11","ENSG00000227240"
0,2.30708202832166,0.14,0.027,0,"11","LRP12"
0,2.30250244409094,0.146,0.027,0,"11","ENSG00000286285"
0,2.25888960356939,0.217,0.05,0,"11","ADAM12"
0,2.23367984453303,0.726,0.271,0,"11","KLRB1"
0,2.23218789678181,0.282,0.067,0,"11","CTSH"
0,2.19186976588948,0.141,0.035,0,"11","CFAP298-TCP10L"
0,2.18972451832273,0.307,0.067,0,"11","CD40LG"
0,2.15552011788869,0.429,0.158,0,"11","MAP3K4"
0,2.10139614645834,0.114,0.025,0,"11","NEO1"
0,2.05179453076147,0.309,0.075,0,"11","ENSG00000259345"
0,1.97721485432885,0.312,0.099,0,"11","PPARG"
0,1.88009547162692,0.164,0.048,0,"11","LINC02384"
0,1.86413888843684,0.272,0.083,0,"11","FURIN"
0,1.83562484721857,0.197,0.059,0,"11","TNFSF13B"
0,1.79276984798324,0.569,0.226,0,"11","ADAM19"
0,1.7819708619701,0.242,0.071,0,"11","ENSG00000293372"
0,1.76091121921125,0.192,0.058,0,"11","ENSG00000288853"
0,1.73157755955724,0.207,0.067,0,"11","DPP4"
0,1.68510205827463,0.221,0.069,0,"11","ENSG00000303405"
0,1.63487737068938,0.21,0.064,0,"11","ENSG00000261448"
0,1.5622582194391,0.281,0.087,0,"11","ABTB3"
5.44081239525146e-268,1.51711846732348,0.183,0.065,4.89732964508979e-263,"11","SH3TC1"
4.57182504941461e-163,1.45836913998301,0.102,0.034,4.11514544522859e-158,"11","PLAT"
0,1.41990357419867,0.353,0.146,0,"11","CYTH3"
6.0155862500366e-127,1.36423534467492,0.105,0.04,5.41468933952045e-122,"11","MB21D2"
0,1.34618672308194,0.595,0.303,0,"11","MGAT4A"
0,1.32238030831638,0.331,0.128,0,"11","BMAL1"
0,1.30995735182917,0.334,0.134,0,"11","ENSG00000309976"
0,1.30811138313404,0.317,0.13,0,"11","TNFRSF25"
5.70999258632348e-240,1.29731258484643,0.16,0.055,5.13962142687563e-235,"11","LINC00892"
2.4829266336072e-190,1.27911406587681,0.183,0.077,2.23490709217618e-185,"11","ENSG00000294708"
2.13100225616855e-278,1.27698734104966,0.219,0.083,1.91813644079988e-273,"11","ENSG00000290048"
3.21530545669453e-208,1.26659589203594,0.191,0.078,2.89412859462532e-203,"11","TBXAS1"
3.5936986981505e-169,1.2663512907571,0.124,0.045,3.23472413519224e-164,"11","ENSG00000298318"
0,1.26250795623542,0.879,0.581,0,"11","RORA"
5.96533288847355e-199,1.26105604807329,0.158,0.059,5.36945578624392e-194,"11","CHRM3-AS2"
0,1.2593276428787,0.576,0.363,0,"11","RBMS1"
4.6542697342572e-141,1.25728079518903,0.118,0.046,4.18935473050225e-136,"11","ENSG00000288965"
0,1.24297875533865,0.397,0.17,0,"11","FAM66A"
6.59214395635867e-130,1.23819739552714,0.116,0.046,5.933654696558e-125,"11","SLC12A2-DT"
3.01838913685159e-202,1.23707157677389,0.185,0.075,2.71688224597149e-197,"11","GARRE1"
1.44612052139337e-299,1.23192658930963,0.329,0.152,1.30166754251139e-294,"11","MFHAS1"
0,1.21426136630248,0.459,0.25,0,"11","LINC02694"
4.36824234000362e-124,1.20676373659698,0.107,0.042,3.93189861266066e-119,"11","ENSG00000237773"
3.24229592372042e-114,1.20387997071262,0.133,0.06,2.91842298389998e-109,"11","ENSG00000285280"
0,1.20185450000084,0.569,0.326,0,"11","MGAT5"
2.96097360841998e-88,1.19352752466627,0.101,0.045,2.66520195467491e-83,"11","CTSL"
9.07876725929042e-190,1.18807698980506,0.184,0.077,8.1718891977599e-185,"11","ENSG00000291149"
7.72757336289768e-274,1.18570349948005,0.227,0.088,6.95566605967783e-269,"11","STING1"
0,1.18321347015907,0.868,0.485,0,"11","RPLP0"
1.94292061155142e-162,1.18193714887514,0.222,0.11,1.74884227166355e-157,"11","NOTCH2"
0,1.18022579310542,0.423,0.193,0,"11","RPS6KA5"
6.35576436366269e-134,1.17177885334219,0.198,0.1,5.72088706137643e-129,"11","PTPRM"
1.30796934855837e-282,1.16917626413745,0.351,0.172,1.17731629033087e-277,"11","CERK"
0,1.1677260055326,0.62,0.289,0,"11","RPS6KA3"
7.77791000239449e-189,1.15756441881054,0.172,0.069,7.00097457225531e-184,"11","VCF1"
4.14537647632291e-179,1.15666429611719,0.186,0.08,3.73129482010302e-174,"11","ENSG00000308299"
2.12571915649477e-286,1.15129290312461,0.297,0.131,1.91338106995251e-281,"11","ENSG00000291143"
1.55978226988301e-121,1.14776505463414,0.115,0.047,1.40397561894439e-116,"11","TMEM273"
0,1.13950099079775,0.335,0.143,0,"11","ENSG00000283674"
1.46948529336065e-287,1.13303073892627,0.291,0.126,1.32269840740686e-282,"11","ENSG00000236449"
6.90935221831747e-114,1.13234912313099,0.141,0.065,6.21917702522974e-109,"11","ENSG00000234261"
3.31024278246254e-176,1.13079311602264,0.247,0.124,2.97958263092236e-171,"11","GAB2"
9.30950025492982e-119,1.12244420341035,0.109,0.044,8.37957427446488e-114,"11","CELF2-AS1"
1.85408294310351e-142,1.12180952885043,0.132,0.054,1.6688785979169e-137,"11","ENSG00000304761"
4.20569855197954e-54,1.1165433299754,0.118,0.067,3.78559132362231e-49,"11","SVIL"
2.81823723342092e-84,1.11558436366231,0.103,0.047,2.5367235161745e-79,"11","DIRC3"
0,1.10869961358655,0.979,0.615,0,"11","RPLP1"
2.06049438532747e-165,1.10818244905821,0.172,0.073,1.85467160117711e-160,"11","ENSG00000294153"
2.36474946523788e-193,1.10302103393732,0.21,0.093,2.12853464115527e-188,"11","AFG2A"
4.39242505705356e-195,1.09914706495198,0.312,0.168,3.95366571810448e-190,"11","GOLGA8A"
9.42735645594993e-108,1.09873177674078,0.109,0.046,8.48565781956509e-103,"11","TMIGD2"
3.6447842414218e-61,1.09361471485794,0.113,0.06,3.28070674354617e-56,"11","TMEM184B"
7.94282404077673e-287,1.09324944119165,0.27,0.112,7.14941534734354e-282,"11","ENSG00000296297"
2.66662105048964e-136,1.08451487070377,0.158,0.071,2.40025227375623e-131,"11","TMED8"
1.16222841189773e-258,1.07630148625978,0.273,0.12,1.04613341583327e-253,"11","TANK-AS1"
6.73119492778524e-165,1.0730176933058,0.171,0.073,6.05881586644877e-160,"11","EPC1-AS1"
6.34125736360557e-127,1.06996254916999,0.198,0.102,5.70782916555501e-122,"11","MYBL1"
4.97370588931511e-250,1.0676695490496,0.27,0.119,4.47688240803142e-245,"11","NICOL1"
3.95252516672997e-323,1.06701662556441,0.408,0.201,3.55770742782532e-318,"11","BLTP1"
4.91062925514746e-158,1.06452125678699,0.219,0.106,4.42010649885078e-153,"11","ENSG00000268027"
1.10154071507847e-121,1.05953644961757,0.132,0.057,9.91507813049281e-117,"11","ENSG00000308280"
2.74118109263327e-108,1.05817920638716,0.13,0.059,2.46736451329013e-103,"11","ENSG00000290927"
6.31662953569518e-113,1.05806852474085,0.121,0.052,5.68566141137459e-108,"11","PALM2AKAP2"
1.66778078422444e-147,1.05366122379545,0.178,0.082,1.50118616168826e-142,"11","ARHGAP15-AS1"
0,3.16935974248677,0.226,0.034,0,"12","ENSG00000271774"
0,3.06988925501973,0.201,0.029,0,"12","ENSG00000249806"
0,2.67124627400637,0.433,0.105,0,"12","LNCRNA-IUR"
0,2.64611830540324,0.101,0.017,0,"12","ENSG00000251675"
0,2.57222070993119,0.384,0.082,0,"12","ABTB3"
0,2.50082135148783,0.302,0.08,0,"12","TAF4B"
0,2.46941275598194,0.142,0.025,0,"12","LINC00402"
0,2.41743646368779,0.219,0.046,0,"12","SCML1"
4.02320109877249e-313,2.31208341898765,0.308,0.139,3.62132354101611e-308,"12","FILIP1L"
0,2.27059356805764,0.417,0.097,0,"12","CCR7"
0,2.26957033873156,0.546,0.166,0,"12","FAAH2"
0,2.21428700535681,0.114,0.024,0,"12","ENSG00000286533"
0,2.1999552212016,0.117,0.026,0,"12","GCNT4"
0,2.13154244669299,0.265,0.078,0,"12","CMTM8"
3.83720422683325e-303,2.12960998902095,0.116,0.028,3.45390589661487e-298,"12","ELAPOR2"
0,2.00174000502172,0.191,0.059,0,"12","PASK"
5.53592353365329e-214,2.00006544429503,0.149,0.053,4.98294013187666e-209,"12","SNED1"
2.88940070331874e-286,1.99733998267026,0.138,0.039,2.60077846706423e-281,"12","ITPKB-AS1"
0,1.96493602204273,0.346,0.109,0,"12","ENSG00000310385"
6.86256988170804e-184,1.92540964810783,0.126,0.044,6.17706777622423e-179,"12","RPL10P9"
0,1.91445730498764,0.226,0.073,0,"12","PHLDB3"
0,1.89175318002911,0.218,0.063,0,"12","ENSG00000290755"
7.44523607611775e-216,1.88123445146405,0.103,0.029,6.70153144447435e-211,"12","ENSG00000296593"
4.31517936389508e-281,1.83072201878245,0.143,0.042,3.8841360972356e-276,"12","ENSG00000248969"
0,1.80223457077533,0.378,0.117,0,"12","PLAC8"
1.77937841162854e-317,1.79704456945947,0.319,0.146,1.60163630209097e-312,"12","PGAP1"
2.93222637700903e-232,1.78604596659485,0.131,0.041,2.6393262842096e-227,"12","ENSG00000298758"
0,1.78052901332236,0.369,0.12,0,"12","LEF1"
8.10783018450275e-217,1.77747622936696,0.107,0.031,7.29793902737277e-212,"12","FMN1"
6.19844927404553e-212,1.7611357837834,0.145,0.051,5.57928617606112e-207,"12","CYSLTR1"
0,1.75418252053605,0.646,0.278,0,"12","ANK3"
0,1.74900350099294,0.401,0.146,0,"12","SELL"
1.77968701877221e-263,1.70542190593395,0.398,0.221,1.60191408246705e-258,"12","CMSS1"
0,1.6897694533074,0.491,0.211,0,"12","TSHZ2"
0,1.68961482378974,0.226,0.08,0,"12","PCBP3"
0,1.6861797797073,0.864,0.462,0,"12","RPL7"
4.39711542368684e-239,1.6718245911054,0.175,0.064,3.95788756401476e-234,"12","RPL29P4"
7.39433120795379e-195,1.65554045841452,0.121,0.04,6.65571146359128e-190,"12","RALGPS2"
1.05896980175593e-195,1.65294432766062,0.103,0.03,9.53189308258535e-191,"12","ENSG00000302206"
6.29522965771287e-196,1.6439160032264,0.121,0.039,5.66639916720394e-191,"12","PRKN"
0,1.63082038237995,0.964,0.59,0,"12","RPS6"
4.94112595070365e-179,1.62425015552988,0.128,0.045,4.44755687948786e-174,"12","IGF1R"
0,1.62121311170976,0.856,0.45,0,"12","RPS20"
3.32647141231507e-210,1.61967544905531,0.114,0.034,2.99419018293892e-205,"12","RPL36AP37"
0,1.61407605148163,0.263,0.089,0,"12","ENSG00000286808"
0,1.61192893736579,0.315,0.124,0,"12","ENSG00000253980"
0,1.59869797827493,0.96,0.588,0,"12","RPL21"
6.24664865392962e-274,1.59587338542456,0.18,0.062,5.62267091988859e-269,"12","ZBTB10"
0,1.5783616530936,0.952,0.575,0,"12","RPS3A"
2.9251156562031e-318,1.56860742997186,0.222,0.08,2.63292585330497e-313,"12","ARHGAP15-AS1"
0,1.56850423214964,0.969,0.602,0,"12","RPL34"
0,1.55780425503846,0.699,0.332,0,"12","RPS17"
0,1.55567927321619,0.407,0.177,0,"12","ENSG00000266049"
0,1.55473783381391,0.859,0.47,0,"12","RPL31"
4.34398416230484e-170,1.54433762657577,0.16,0.066,3.91006358433221e-165,"12","FHIT"
2.99850202708248e-243,1.54013442213994,0.17,0.06,2.69898165959721e-238,"12","TRABD2A"
0,1.53950806705729,0.827,0.434,0,"12","RPL4"
8.89380507114788e-112,1.53858456465865,0.107,0.044,8.00540288259092e-107,"12","ENSG00000285909"
0,1.5365127660497,0.944,0.555,0,"12","RPL13A"
0,1.53239618044583,0.957,0.588,0,"12","RPS8"
2.42735841495459e-234,1.5286061283157,0.159,0.055,2.18488958288478e-229,"12","PELI2"
0,1.52199156369592,0.32,0.134,0,"12","AP3M2"
0,1.51926484429076,0.639,0.29,0,"12","BACH2"
0,1.51378525333541,0.932,0.559,0,"12","RPL9"
2.61756318622466e-184,1.50710290957967,0.119,0.04,2.35609479955268e-179,"12","RPL21P16"
0,1.502892530884,0.487,0.246,0,"12","SESN3"
0,1.49218692661714,0.969,0.602,0,"12","RPL32"
0,1.49214954622948,0.736,0.359,0,"12","RPL22"
1.35632469590873e-310,1.48961221768474,0.238,0.09,1.22084142203441e-305,"12","ENSG00000250362"
1.71013389773327e-240,1.48889023590532,0.161,0.056,1.53930862268869e-235,"12","RPL17P18"
0,1.48586689572285,0.951,0.578,0,"12","RPL3"
4.16902039017221e-258,1.48393173930235,0.176,0.061,3.75257694339791e-253,"12","RPL17P6"
4.00752356907783e-153,1.4792302136648,0.113,0.041,3.60721203976264e-148,"12","ENSG00000289788"
7.37288104935156e-157,1.47751311752674,0.142,0.057,6.63640396133183e-152,"12","ENSG00000288899"
6.59038172829466e-220,1.47377988670578,0.169,0.063,5.9320684974553e-215,"12","ENSG00000293497"
0,1.46297094054002,0.969,0.594,0,"12","RPLP2"
1.0796456523664e-129,1.45154313014145,0.101,0.037,9.71799848151524e-125,"12","ENSG00000287095"
0,1.44473321261585,0.849,0.462,0,"12","RPL36A"
0,1.44007289645696,0.934,0.563,0,"12","RPS13"
1.08669381993285e-163,1.42416735543921,0.144,0.057,9.78143974259758e-159,"12","LY96"
0,1.42237185410463,0.915,0.536,0,"12","RPL38"
0,1.40405225546888,0.214,0.073,0,"12","MAL"
2.20384106308356e-236,1.40204506064679,0.213,0.086,1.98369937929214e-231,"12","DCTN6-DT"
1.44960763527378e-158,1.40196932960664,0.143,0.057,1.30480632858628e-153,"12","ENSG00000295348"
1.57134135246432e-130,1.39616074903282,0.108,0.041,1.41438006476666e-125,"12","ENSG00000301037"
0,1.39526649814391,0.97,0.602,0,"12","RPS12"
0,1.39069536680117,0.96,0.595,0,"12","RPL11"
0,1.39053542349928,0.976,0.608,0,"12","RPS18"
0,1.38399365250831,0.936,0.572,0,"12","RPS25"
0,1.38358946658984,0.9,0.525,0,"12","RPL5"
0,1.38276469405177,0.729,0.381,0,"12","RPL17"
0,1.38164957793221,0.897,0.533,0,"12","RPS5"
0,1.37808059986141,0.552,0.267,0,"12","GPR183"
0,1.37674089180527,0.951,0.577,0,"12","RPS4X"
0,1.37658318188388,0.93,0.551,0,"12","RPL27A"
0,1.37619922471266,0.968,0.6,0,"12","RPL39"
8.72306653366541e-197,1.36462414755446,0.141,0.05,7.85171941761757e-192,"12","ENSG00000293060"
4.13059788073231e-166,1.36183976598827,0.11,0.037,3.71799245842596e-161,"12","C1orf162"
9.00770540884959e-137,1.3607816311081,0.133,0.055,8.10792571555961e-132,"12","MAGI3"
0,1.35819686272304,0.949,0.584,0,"12","RPL36"
0,6.87623525823256,0.613,0.01,0,"13","FGFBP2"
0,5.28110138953418,0.237,0.01,0,"13","CX3CR1"
0,5.01836865742695,0.135,0.01,0,"13","MYOM2"
0,4.89998089375737,0.205,0.007,0,"13","S1PR5"
0,4.88937260486045,0.487,0.027,0,"13","FCGR3A"
0,4.72035785033385,0.127,0.021,0,"13","PTGDS"
0,4.36684958126449,0.413,0.026,0,"13","KLRF1"
0,4.35057014330966,0.174,0.015,0,"13","LINGO2"
0,4.31334853167129,0.168,0.013,0,"13","BNC2"
0,4.05033098881872,0.106,0.007,0,"13","SLCO4C1"
0,4.02769015794409,0.235,0.019,0,"13","SGCD"
0,3.89572729630918,0.147,0.012,0,"13","LILRB1"
0,3.88730842146575,0.216,0.018,0,"13","PRSS23"
0,3.85604491225178,0.126,0.01,0,"13","ITGAM"
0,3.6967862350488,0.115,0.009,0,"13","ENSG00000298352"
0,3.64178930046914,0.108,0.019,0,"13","GNAL"
0,3.56168497187103,0.328,0.038,0,"13","RAP1GAP2"
0,3.48077578420043,0.183,0.021,0,"13","OSBPL5"
0,3.34784592402444,0.145,0.016,0,"13","FGR"
0,3.29118289102682,0.103,0.012,0,"13","EPB41L4A"
0,3.26536854140052,0.104,0.017,0,"13","LINC01505"
0,3.18247272790788,0.213,0.028,0,"13","CTBP2"
0,2.99143965852435,0.598,0.102,0,"13","C1orf21"
0,2.98259472989598,0.16,0.023,0,"13","SH2D1B"
0,2.97668851550762,0.215,0.033,0,"13","CD300A"
0,2.94834137849164,0.48,0.083,0,"13","TYROBP"
0,2.92598096956022,0.31,0.05,0,"13","PDGFD"
0,2.92390660080866,0.435,0.078,0,"13","PLEK"
0,2.90434024015025,0.371,0.067,0,"13","LYN"
0,2.86234394784179,0.248,0.046,0,"13","LINC02384"
0,2.83217481990259,0.539,0.113,0,"13","PLAC8"
0,2.79696739605129,0.225,0.044,0,"13","TTC38"
0,2.66522496630259,0.869,0.196,0,"13","GNLY"
0,2.66098516521397,0.263,0.05,0,"13","FCRL6"
0,2.6465029991583,0.367,0.104,0,"13","SPON2"
0,2.62646173202041,0.218,0.048,0,"13","PPM1L"
1.03417993639323e-310,2.57620409035643,0.15,0.039,9.30875702546906e-306,"13","ENSG00000276241"
0,2.57032991331435,0.251,0.06,0,"13","GK5"
0,2.55548575518516,0.198,0.045,0,"13","GSAP"
0,2.46207075368348,0.155,0.032,0,"13","PTGDR"
0,2.38093439134775,0.235,0.064,0,"13","LINC00987"
0,2.3734087165333,0.139,0.029,0,"13","TMCC3"
0,2.36648516280927,0.199,0.044,0,"13","PZP"
0,2.36369135330968,0.25,0.064,0,"13","SLC15A4"
0,2.36100512226523,0.348,0.057,0,"13","TRDC"
0,2.3517568021224,0.34,0.094,0,"13","PTPN12"
0,2.32039247311692,0.146,0.035,0,"13","SYNGR1"
3.25073160022646e-255,2.31473372841209,0.115,0.028,2.92601602067984e-250,"13","AKR1C3"
9.53353861032082e-299,2.26643398282639,0.111,0.024,8.58123343853587e-294,"13","CYRIA"
4.01563588009449e-230,2.26466079183875,0.104,0.025,3.61451401203185e-225,"13","COL6A2"
0,2.23242225687162,0.253,0.062,0,"13","ADGRG1"
0,2.2188611881908,0.971,0.487,0,"13","NKG7"
0,2.21061992932843,0.715,0.265,0,"13","PRF1"
0,2.20965506562001,0.187,0.041,0,"13","ST8SIA6"
0,2.19933116382175,0.26,0.072,0,"13","LPCAT1"
0,2.14918376710228,0.189,0.046,0,"13","ADRB2"
4.76160812016583e-233,2.14046453411296,0.12,0.032,4.28597108504246e-228,"13","TLE1"
0,2.13055020693798,0.14,0.032,0,"13","ENC1"
0,2.12688604800523,0.28,0.083,0,"13","CEP78"
0,2.10920142741802,0.224,0.064,0,"13","GOLM1"
1.22800889362011e-218,2.1030864331284,0.119,0.033,1.1053430852364e-213,"13","EFNA5"
0,2.09045070274977,0.528,0.186,0,"13","TGFBR3"
0,2.08486098345474,0.343,0.097,0,"13","MYBL1"
1.15667794923709e-235,2.07467144290022,0.102,0.024,1.0411373888878e-230,"13","A2M-AS1"
0,2.07255817005438,0.196,0.058,0,"13","FCER1G"
0,2.06946694739819,0.783,0.284,0,"13","GZMH"
8.41517421545891e-230,2.02846680506512,0.137,0.04,7.57458246307672e-225,"13","PALD1"
4.02134457024782e-226,2.02070012446621,0.128,0.036,3.61965246112577e-221,"13","FAM169A"
0,2.00851096187556,0.217,0.054,0,"13","NCAM1"
6.80958353545275e-313,2.00534702960754,0.178,0.051,6.12937423609638e-308,"13","NCR1"
0,1.98069037829996,0.405,0.133,0,"13","AGPAT4"
5.86907315003769e-239,1.97178913468414,0.138,0.04,5.28281143308043e-234,"13","NCR3"
1.18630985887955e-262,1.95767896995017,0.152,0.044,1.06780936707607e-257,"13","FRY"
0,1.95349894470664,0.724,0.255,0,"13","KLRD1"
0,1.94300186178389,0.215,0.065,0,"13","PXN"
2.10918051545331e-203,1.87642506040578,0.152,0.051,1.89849447376468e-198,"13","KLRC3"
0,1.86766531725854,0.587,0.269,0,"13","EFHD2"
0,1.8538633448702,0.249,0.076,0,"13","GAS7"
2.21235529425958e-213,1.85158148185139,0.134,0.041,1.99136312391599e-208,"13","ENSG00000288915"
0,1.83988013010396,0.241,0.076,0,"13","A2M"
0,1.8190705299175,0.795,0.385,0,"13","ZEB2"
0,1.80526346123842,0.435,0.176,0,"13","TFDP2"
3.17789887350701e-198,1.79717181554935,0.134,0.042,2.86045855503239e-193,"13","ADCY9"
2.59927168982429e-300,1.72542210109774,0.236,0.084,2.33963044072774e-295,"13","MTSS1"
1.67881106390286e-161,1.70999375477265,0.116,0.038,1.5111146267296e-156,"13","TRGC1"
1.53258805196195e-252,1.68826426342792,0.258,0.107,1.37949783145147e-247,"13","BPGM"
0,1.67642886746232,0.359,0.13,0,"13","KLRG1"
1.69010419617912e-233,1.62956690892351,0.199,0.073,1.52127968802278e-228,"13","GALNT3"
0,1.62480596789054,0.351,0.143,0,"13","TXK"
0,1.62010729815563,0.374,0.159,0,"13","YES1"
1.07283851078367e-137,1.62007908399439,0.122,0.045,9.65672671941489e-133,"13","SUSD1"
3.14800946874153e-149,1.6048511645152,0.139,0.052,2.83355480290894e-144,"13","TAFA1"
0,1.60472645420964,0.285,0.104,0,"13","MATK"
5.52003021418291e-147,1.59917086522529,0.16,0.066,4.96863439608818e-142,"13","AXIN1"
0,1.59535765671394,0.838,0.328,0,"13","GZMB"
0,1.59444986448172,0.533,0.224,0,"13","MCTP2"
4.38881185383387e-228,1.5917931113646,0.242,0.1,3.95041343775441e-223,"13","ENSG00000307107"
2.07252051082325e-160,1.59154989008964,0.181,0.076,1.86549643699711e-155,"13","DOCK5"
7.72824006165754e-164,1.58092307572354,0.149,0.056,6.95626616189856e-159,"13","TENT5A"
1.9126128902863e-276,1.58085105046992,0.281,0.116,1.7215619886756e-271,"13","TBX21"
0,7.89024203833175,0.141,0.001,0,"14","AC053545.1"
0,5.68797177219753,0.238,0.006,0,"14","AL138828.1"
0,5.221708092078,0.118,0.004,0,"14","IGFL2"
0,5.03764528550631,0.368,0.013,0,"14","AL133405.2"
0,4.65189978447013,0.149,0.008,0,"14","HSD11B1"
0,4.48399791926085,0.252,0.014,0,"14","AL360178.1"
0,4.41980690326587,0.234,0.015,0,"14","IL21"
0,4.38383575483261,0.175,0.009,0,"14","AL359834.1"
0,4.31956083893997,0.164,0.009,0,"14","AL606807.1"
0,4.08625696781497,0.142,0.009,0,"14","LINC00271"
0,4.04363483414461,0.151,0.013,0,"14","HSPA12A"
0,3.94639301282791,0.219,0.017,0,"14","KIAA1324"
0,3.91214286858309,0.258,0.022,0,"14","LHFPL6"
0,3.85998261101182,0.207,0.014,0,"14","AC004585.1"
0,3.73716331720243,0.158,0.014,0,"14","ANKRD55"
0,3.73006664724789,0.253,0.021,0,"14","AP003086.1"
0,3.64942080053794,0.147,0.015,0,"14","IL21-AS1"
0,3.6330907290263,0.257,0.022,0,"14","AL109930.1"
0,3.6169399155542,0.376,0.035,0,"14","AL138720.1"
0,3.53657844206363,0.691,0.12,0,"14","PDE7B"
0,3.48560902233263,0.201,0.047,0,"14","G0S2"
0,3.47469177732013,0.315,0.039,0,"14","CD200"
0,3.46184941670796,0.31,0.06,0,"14","NMB"
0,3.44690657042683,0.34,0.04,0,"14","AC018816.1"
0,3.36262406035832,0.151,0.018,0,"14","NTRK2"
0,3.33572131163903,0.762,0.155,0,"14","CXCL13"
0,3.26349189968856,0.124,0.013,0,"14","DEC1"
0,3.24186413292344,0.253,0.03,0,"14","GNG4"
0,3.1925024069578,0.125,0.014,0,"14","AC104461.1"
0,3.15115904721526,0.455,0.074,0,"14","PTPN13"
0,3.14173830616124,0.343,0.046,0,"14","AC053513.1"
0,3.10139904420253,0.136,0.016,0,"14","LINC02357"
0,3.03294675942555,0.172,0.025,0,"14","TMEM178B"
9.88131291682493e-324,2.9980565066619,0.129,0.022,8.89426856956329e-319,"14","RDH10-AS1"
0,2.96420353323895,0.155,0.023,0,"14","LINC02341"
0,2.93460534760379,0.428,0.077,0,"14","LRRC8D"
0,2.85690144597952,0.27,0.045,0,"14","CPM"
0,2.85401265970875,0.389,0.063,0,"14","TMEM173"
0,2.84518853891133,0.129,0.017,0,"14","CLECL1"
0,2.81250692762404,0.271,0.046,0,"14","BHLHE40-AS1"
0,2.80587683285309,0.33,0.053,0,"14","LINC00892"
0,2.78254765028233,0.19,0.035,0,"14","ZBED2"
0,2.77440055260672,0.219,0.037,0,"14","AC008892.1"
0,2.75993163016606,0.155,0.024,0,"14","AC139720.1"
0,2.71214805105296,0.386,0.076,0,"14","TBXAS1"
0,2.70330401519419,0.11,0.016,0,"14","MYO1B"
0,2.6699293891502,0.181,0.029,0,"14","AL096794.1"
0,2.66917609627385,0.127,0.019,0,"14","AC090152.1"
0,2.66753173305399,0.285,0.049,0,"14","CYSLTR1"
3.68545271347987e-304,2.65736933626673,0.117,0.02,3.31731284193036e-299,"14","LINC01358"
0,2.63596417150487,0.312,0.054,0,"14","LRMP"
0,2.59664011778382,0.166,0.028,0,"14","LINC01281"
2.81455876110078e-290,2.58436914598616,0.114,0.02,2.53341248645442e-285,"14","AC136475.3"
4.19756588513532e-208,2.58093785420407,0.111,0.024,3.77827102886916e-203,"14","CSF2"
0,2.57522513154076,0.278,0.066,0,"14","AC068587.4"
5.79903648615954e-312,2.56444938884821,0.164,0.035,5.21977073155706e-307,"14","FLT1"
0,2.54290192303737,0.16,0.029,0,"14","WDR60"
0,2.54031763154219,0.237,0.056,0,"14","RDH10"
3.97285327169536e-304,2.53266792576007,0.138,0.027,3.57600495838571e-299,"14","FBXO10"
0,2.52279865709249,0.226,0.051,0,"14","NEBL"
4.92597616542438e-313,2.50716739022371,0.123,0.021,4.43392040626014e-308,"14","WARS"
0,2.50049859121411,0.356,0.07,0,"14","TARSL2"
3.32436884105073e-291,2.4907458363089,0.123,0.022,2.99229763751817e-286,"14","Z94721.1"
0,2.46122922209273,0.344,0.072,0,"14","AP000787.1"
0,2.45215552081179,0.302,0.072,0,"14","SPATA5"
0,2.44608114905651,0.252,0.043,0,"14","BTBD11"
0,2.43151510313975,0.377,0.096,0,"14","CCDC50"
4.94065645841247e-323,2.4143678988782,0.13,0.023,4.44713428478164e-318,"14","AZIN1-AS1"
1.12953923514906e-241,2.39706981260298,0.113,0.022,1.01670956095002e-236,"14","AL135925.1"
3.00047367192874e-254,2.36459969447111,0.102,0.017,2.70075635683978e-249,"14","AC022182.2"
0,2.36213640142268,0.304,0.07,0,"14","AC243960.1"
9.38050550374099e-252,2.3480940880834,0.237,0.077,8.44348680897231e-247,"14","OGFRL1"
5.75653960349317e-273,2.3213081761624,0.144,0.031,5.18151886250024e-268,"14","COL6A3"
0,2.31812625899718,0.581,0.161,0,"14","CSGALNACT1"
0,2.31585445615255,0.195,0.044,0,"14","POU3F1"
2.86992079884521e-237,2.31134087081066,0.132,0.029,2.58324441024857e-232,"14","NLGN4Y"
0,2.30657825946174,0.157,0.031,0,"14","PHEX"
0,2.27402542963577,0.252,0.061,0,"14","TRABD2A"
0,2.26167173818859,0.283,0.066,0,"14","BTLA"
1.6038051855836e-255,2.25613884849921,0.132,0.028,1.44360108559565e-250,"14","CYP7B1"
0,2.23634219476348,0.253,0.056,0,"14","AL390957.1"
3.74230710938766e-258,2.21838015998743,0.139,0.03,3.36848805223092e-253,"14","AC006460.2"
1.50844603361586e-214,2.20918060350619,0.106,0.022,1.35776735931797e-209,"14","AC104078.2"
0,2.20016837618512,0.308,0.072,0,"14","CD40LG"
0,2.19716736418707,0.293,0.067,0,"14","MYO7A"
5.84239310816263e-249,2.17385386322579,0.157,0.039,5.25879646058827e-244,"14","NUDT16"
0,2.16923403430689,0.735,0.211,0,"14","TSHZ2"
1.46548938107346e-173,2.16310952825637,0.112,0.028,1.31910164679803e-168,"14","TP63"
3.12181780068288e-211,2.15195179292523,0.113,0.024,2.80997942057266e-206,"14","AL162253.2"
0,2.13527104105043,0.27,0.063,0,"14","AC093010.2"
0,2.10260324610307,0.311,0.099,0,"14","PTPRM"
2.83200150434631e-232,2.09225706977857,0.129,0.028,2.54911287407716e-227,"14","ZADH2"
0,2.08831077220488,0.247,0.068,0,"14","CDK14"
1.54447722831356e-162,2.07444091488459,0.102,0.025,1.39019939797732e-157,"14","AC073332.1"
1.88484897321146e-251,2.06304249631273,0.242,0.079,1.69657140927736e-246,"14","DISC1"
0,2.05773992309173,0.527,0.142,0,"14","CD4"
2.98264846619243e-269,2.0536274117433,0.238,0.074,2.68471171090447e-264,"14","ST6GALNAC3"
0,2.05024317705383,0.218,0.051,0,"14","COX10-AS1"
8.98184934184113e-251,2.04662635188175,0.145,0.033,8.08465241108462e-246,"14","BCAT1"
0,2.04439673028775,0.263,0.061,0,"14","IGLC1"
0,4.89774582080062,0.125,0.004,0,"15","IGFL2"
0,4.14469047708346,0.181,0.011,0,"15","SORD2P.1"
0,4.12924656388869,0.286,0.018,0,"15","PDE7B-AS1"
0,4.08281001271033,0.138,0.009,0,"15","ENSG00000297974"
0,3.92972422355522,0.293,0.022,0,"15","ENSG00000287347"
0,3.86365538981679,0.318,0.029,0,"15","GNG4"
0,3.84900003934518,0.266,0.022,0,"15","LHFPL6"
0,3.81635518353827,0.195,0.015,0,"15","ENSG00000282849"
0,3.8027644383224,0.13,0.01,0,"15","ENSG00000224610"
0,3.78289621162585,0.116,0.008,0,"15","ENSG00000286277"
0,3.67692674267526,0.11,0.012,0,"15","KSR2"
0,3.58480788940739,0.207,0.016,0,"15","IL21"
0,3.44585386831483,0.153,0.014,0,"15","LINC03062"
0,3.37263071679356,0.346,0.044,0,"15","CPM"
0,3.36406480970539,0.165,0.018,0,"15","NTRK2"
0,3.34457804542277,0.34,0.036,0,"15","ENSG00000271774"
0,3.31643277755565,0.507,0.074,0,"15","PTPN13"
0,3.21808657311584,0.183,0.018,0,"15","ENSG00000266088"
0,3.21428420409501,0.192,0.021,0,"15","ENSG00000286313"
0,3.13145125246191,0.148,0.016,0,"15","IL21-AS1"
0,3.12137597216254,0.682,0.158,0,"15","CXCL13"
0,3.11706897545878,0.438,0.06,0,"15","ENSG00000234261"
0,3.08295517948559,0.108,0.013,0,"15","AHI1-DT"
0,2.9954004278837,0.261,0.037,0,"15","ELAPOR1"
0,2.95692073644754,0.295,0.04,0,"15","CD200"
0,2.95161457669846,0.313,0.06,0,"15","NMB"
0,2.91329943309093,0.124,0.016,0,"15","ANKRD55"
0,2.88932913472131,0.124,0.016,0,"15","ENSG00000230623"
3.27559529999955e-248,2.80424925513361,0.185,0.048,2.9483960854826e-243,"15","G0S2"
0,2.6965210763428,0.593,0.124,0,"15","PDE7B"
0,2.69638693167825,0.153,0.024,0,"15","LINC02341"
0,2.62301248263132,0.338,0.058,0,"15","ENSG00000288853"
9.41718212197711e-245,2.57980246896775,0.103,0.017,8.47649979981282e-240,"15","FZD3"
5.24808386588072e-318,2.56911685713649,0.114,0.017,4.7238527685179e-313,"15","DELEC1"
4.96710840796176e-236,2.52620273094905,0.122,0.024,4.47094394909046e-231,"15","CSF2"
0,2.50284409672031,0.205,0.038,0,"15","ENSG00000249236"
0,2.45112146191172,0.419,0.085,0,"15","CHN1"
0,2.42601900025656,0.779,0.211,0,"15","TSHZ2"
0,2.40782032190258,0.172,0.033,0,"15","BCAT1"
5.93899621456857e-192,2.34971038833667,0.122,0.028,5.34574988269532e-187,"15","TP63"
0,2.34128417673626,0.18,0.034,0,"15","ENSG00000249806"
0,2.33283971490578,0.315,0.066,0,"15","BTLA"
2.19752242148277e-277,2.30709883238722,0.143,0.028,1.97801190680085e-272,"15","CYP7B1"
0,2.29451047028826,0.253,0.051,0,"15","CYSLTR1"
0,2.21640015578579,0.433,0.113,0,"15","LNCRNA-IUR"
0,2.21191201530995,0.28,0.061,0,"15","CD109"
4.08962257876545e-130,2.18182124294673,0.102,0.027,3.68111017937257e-125,"15","TMEM178B"
1.05206873459772e-291,2.17785180937295,0.15,0.029,9.46977588698752e-287,"15","LINC01281"
0,2.16632857073311,0.444,0.122,0,"15","GAB2"
0,2.15594617852257,0.294,0.073,0,"15","ENSG00000235978"
8.8032544413929e-207,2.11082536630456,0.13,0.029,7.92389735524217e-202,"15","ENSG00000304809"
0,2.10879426654438,0.234,0.055,0,"15","C2CD5-AS1"
7.84532996842233e-181,2.10461398825261,0.134,0.034,7.06165995787662e-176,"15","AFF3"
0,2.07007849449739,0.312,0.071,0,"15","ENSG00000303405"
8.64456792818364e-208,2.06011407274281,0.117,0.024,7.78106203783737e-203,"15","ENSG00000253824"
1.79344714775186e-283,2.05778957570749,0.169,0.036,1.61429971216293e-278,"15","MAILR"
0,2.04032668625236,0.241,0.055,0,"15","SMCO4"
2.19879172184567e-209,2.02659409305289,0.127,0.028,1.97915441675051e-204,"15","ENSG00000302621"
9.00870274027971e-257,2.02086375744011,0.164,0.037,8.10882342355317e-252,"15","FBLN7"
0,2.01799125788745,0.321,0.073,0,"15","CD40LG"
9.20497858039626e-184,2.0113166873376,0.112,0.024,8.28549327000047e-179,"15","ENSG00000253666"
4.4938407128977e-185,1.9982625889871,0.123,0.029,4.04495096408634e-180,"15","ENSG00000227598"
9.55522959056971e-321,1.99129366240523,0.24,0.061,8.6007577067677e-316,"15","TRABD2A"
9.70041478509235e-205,1.9742407415427,0.13,0.029,8.73144035220948e-200,"15","TOX-DT"
0,1.95288131500427,0.345,0.089,0,"15","STING1"
1.16389812829706e-195,1.92964644286863,0.145,0.036,1.04763634426147e-190,"15","ZBED2"
9.88035476154348e-168,1.91803394340204,0.122,0.03,8.8934061244129e-163,"15","NLGN4Y"
2.34766403450968e-246,1.91247326026878,0.247,0.077,2.11315587410251e-241,"15","ANKRD33B"
5.33917960127566e-250,1.89433875048822,0.21,0.058,4.80584895090424e-245,"15","RDH10"
3.65513232571802e-130,1.88658371521145,0.125,0.037,3.29002115770205e-125,"15","FLT1"
6.54611046678493e-128,1.87205648789814,0.121,0.036,5.89221949225778e-123,"15","LINC00862"
0,1.87126666707624,0.248,0.056,0,"15","LINC00892"
1.65084066241625e-160,1.86479084008674,0.168,0.053,1.48593818864749e-155,"15","NEBL"
1.07884876097959e-225,1.86349740228353,0.19,0.052,9.7108255824534e-221,"15","GK-AS1"
3.95252516672997e-323,1.85073786924848,0.281,0.079,3.55770742782532e-318,"15","TBXAS1"
3.45188060178027e-130,1.84965860294924,0.111,0.031,3.10707224846844e-125,"15","MAMLD1"
6.51372376903686e-227,1.84090532800212,0.167,0.042,5.86306790174777e-222,"15","ARMH1"
0,1.83938948979463,0.395,0.113,0,"15","IRAG2"
1.9923739524325e-268,1.83840328858341,0.229,0.064,1.79335571832402e-263,"15","DRAIC"
0,1.82866114744573,0.342,0.106,0,"15","ICA1"
1.27254328106068e-184,1.82798892050468,0.149,0.04,1.14542893271553e-179,"15","ENSG00000301254"
8.62971860827731e-158,1.79177279377964,0.14,0.039,7.76769601649649e-153,"15","NUDT16"
1.24971253373788e-134,1.79017376381843,0.103,0.026,1.1248787487428e-129,"15","ENSG00000288939"
0,1.77739191502441,0.303,0.087,0,"15","ENSG00000290067"
1.95524256139792e-270,1.76701913331445,0.222,0.06,1.75993338193988e-265,"15","LINC01480"
1.15402434564961e-171,1.76031979599045,0.275,0.111,1.03874885376267e-166,"15","PGM2L1"
6.90866145155691e-274,1.73983746486567,0.314,0.105,6.21855525916089e-269,"15","PPARG"
0,1.73533190691761,0.441,0.154,0,"15","MFHAS1"
8.31239516420146e-210,1.72851265085287,0.178,0.049,7.48207001124938e-205,"15","BHLHE40-AS1"
0,1.72740478481749,0.489,0.168,0,"15","GK"
6.00258982317339e-137,1.72147158914356,0.12,0.033,5.4029911257366e-132,"15","ENSG00000289298"
4.25726947821687e-143,1.7024427974334,0.104,0.025,3.83201083003779e-138,"15","ENSG00000291228"
9.84264336275897e-133,1.70152088657015,0.123,0.035,8.85946171725297e-128,"15","SIPA1L2"
1.44025845127758e-259,1.67481312051348,0.355,0.133,1.29639103457946e-254,"15","GADD45G"
1.37067376857902e-230,1.66330595961062,0.224,0.066,1.23375716583566e-225,"15","ENSG00000300303"
0,1.64735603255039,0.425,0.15,0,"15","TNFSF8"
8.02481970436763e-123,1.6418781983415,0.111,0.031,7.22322046409835e-118,"15","ENSG00000254802"
6.58163742383801e-119,1.62661419931802,0.105,0.029,5.92419766157083e-114,"15","ENSG00000285851"
0,1.61514757503906,0.647,0.307,0,"15","THADA"
0,1.60803462715118,0.461,0.154,0,"15","TOX2"
0,7.64934107850019,0.645,0.006,0,"16","TRBV4-1"
0,7.48620369250133,0.639,0.006,0,"16","TRAV38-2DV8"
0,6.23391022504339,0.114,0.001,0,"16","ENSG00000237422"
0,5.97920129196763,0.666,0.014,0,"16","IGKV3-20"
0,5.97248563939402,0.109,0.002,0,"16","ENSG00000228334"
0,5.9678712130124,0.204,0.004,0,"16","IGHV4-34"
0,5.82295637495482,0.564,0.01,0,"16","IGLV3-25"
0,5.77296408120004,0.147,0.003,0,"16","ENSG00000231128"
0,5.74839086008598,0.418,0.007,0,"16","IGKV1-5"
0,5.74727421563464,0.129,0.004,0,"16","IGKV3-15"
0,5.73788776392551,0.297,0.007,0,"16","IGLV2-14"
0,5.67024694828295,0.251,0.005,0,"16","IGHV3-30"
0,5.59938154599015,0.303,0.009,0,"16","TRGV4"
0,5.58355351330995,0.477,0.015,0,"16","KIR3DL2"
0,5.55188077685552,0.16,0.003,0,"16","IGKV1-27"
0,5.50335797288337,0.179,0.003,0,"16","IGLV2-23"
0,5.48880836931861,0.138,0.003,0,"16","IGHV3-20"
0,5.47179689415813,0.2,0.005,0,"16","TRAV9-2"
0,5.46098831907559,0.668,0.016,0,"16","ENSG00000289901"
0,5.4346995695805,0.412,0.01,0,"16","IRF1-AS1"
0,5.42218049305032,0.173,0.004,0,"16","ENSG00000291107"
0,5.35063285001314,0.103,0.003,0,"16","CASP4LP"
0,5.30234740850547,0.205,0.005,0,"16","CTAG2"
0,5.24004542468535,0.134,0.004,0,"16","IGHV1-46"
0,5.22115302020253,0.208,0.005,0,"16","ENSG00000287263"
0,5.20721099955809,0.279,0.01,0,"16","TRGV8"
0,5.19916902675889,0.183,0.005,0,"16","IGHV5-51"
0,5.17171361020337,0.181,0.005,0,"16","ENSG00000289614"
0,5.07153655127374,0.122,0.004,0,"16","MFSD14CP"
0,5.054549087496,0.188,0.006,0,"16","ENSG00000291075"
0,5.04959185143297,0.256,0.007,0,"16","IGHV4-39"
0,5.04211058591691,0.195,0.004,0,"16","IGLV2-8"
0,4.92510845117405,0.458,0.019,0,"16","PVRIG"
0,4.83656760018409,0.161,0.006,0,"16","IGHV3-21"
0,4.83575404354497,0.156,0.005,0,"16","LINC00869"
0,4.82290001858069,0.304,0.01,0,"16","GPX1"
0,4.79431327961709,0.14,0.006,0,"16","ENSG00000280441"
0,4.79245324977647,0.158,0.006,0,"16","ENSG00000289474"
0,4.62538188823994,0.125,0.005,0,"16","ENSG00000250697"
0,4.6090561134272,0.109,0.003,0,"16","IGLV3-19"
0,4.56706713346503,0.108,0.004,0,"16","ENSG00000291136"
3.72585990540208e-304,4.49610431470118,0.103,0.005,3.35368375945146e-299,"16","MYG1"
0,4.34377694719274,0.265,0.014,0,"16","PTPRCAP"
0,4.30326885389039,0.301,0.022,0,"16","RIGI"
0,4.29238672690331,0.608,0.05,0,"16","HLA-DRB5"
0,4.19101623542548,0.194,0.014,0,"16","ENSG00000282885"
0,4.16322763153892,0.609,0.061,0,"16","H1-4"
0,4.09795618425649,0.482,0.042,0,"16","MATR3"
0,4.0758168240794,0.236,0.016,0,"16","IGKV4-1"
0,4.07438856042297,0.309,0.019,0,"16","KRT5"
0,3.79133980356392,0.722,0.088,0,"16","MT-ND6"
3.98890665437351e-197,3.61196657164603,0.131,0.012,3.59045476866814e-192,"16","SMG1P5"
3.78798466235792e-216,3.59533608341134,0.179,0.019,3.40960287443499e-211,"16","TIMD4"
0,3.55776680673616,0.942,0.349,0,"16","IFITM1"
6.97804432362281e-286,3.5235057830919,0.177,0.015,6.28100747613613e-281,"16","KRT6A"
5.66477093977659e-181,3.51815352294785,0.144,0.015,5.0989169706023e-176,"16","ENSG00000273149"
0,3.47294067019545,0.982,0.33,0,"16","MT-ND4L"
0,3.42271500212293,0.462,0.072,0,"16","KIR2DL4"
1.82104067244266e-117,3.4044837465367,0.109,0.013,1.63913691967236e-112,"16","ENSG00000234961"
3.93332675531217e-172,3.31979417582377,0.164,0.02,3.54042674572404e-167,"16","DNLZ"
3.86552676234943e-160,3.26120770727929,0.105,0.009,3.47939929405834e-155,"16","CSMD1"
0,3.23712397126905,0.91,0.232,0,"16","MT-ATP8"
7.27500256512517e-244,3.19107358049724,0.192,0.02,6.54830255889481e-239,"16","DSP"
0,3.16729805130682,0.426,0.056,0,"16","ALDOA"
0,3.14692326005031,0.813,0.235,0,"16","LAG3"
0,3.1009368570567,0.329,0.033,0,"16","KRT81"
7.28995610938153e-118,3.05412141715235,0.106,0.012,6.56176239361541e-113,"16","TRGV3"
8.69284185315158e-148,3.03036193639622,0.173,0.025,7.82451388044027e-143,"16","CMPK2"
0,3.00804108053116,0.525,0.09,0,"16","KLRC2"
1.42281270560009e-220,2.98241624629441,0.309,0.053,1.2806879444377e-215,"16","RSAD2"
3.78695391330219e-138,2.95420777757145,0.196,0.033,3.40867508690243e-133,"16","IFIT1"
5.88555457049293e-119,2.95219196310083,0.168,0.028,5.29764652444639e-114,"16","PRDX6-AS1"
7.52451148025616e-181,2.91076119372291,0.194,0.026,6.77288802849337e-176,"16","CYRIA"
1.41180003270856e-96,2.9038190493683,0.1,0.013,1.2707753274413e-91,"16","C3orf14"
6.30889305146319e-89,2.85357796686292,0.11,0.017,5.67869772455253e-84,"16","ENSG00000289963"
3.36410163998431e-122,2.74446647736043,0.214,0.043,3.02806152716628e-117,"16","IFIT3"
2.48892002133039e-209,2.72984494643734,0.309,0.055,2.2403018003997e-204,"16","AFAP1L2"
3.1255173177274e-94,2.71824260194349,0.136,0.023,2.81330939285961e-89,"16","RAB24"
0,2.64210437133324,0.605,0.137,0,"16","IFITM3"
1.70552078856103e-194,2.6236079133137,0.387,0.088,1.53515631699167e-189,"16","OAS1"
1.19752934265501e-76,2.62271936971697,0.109,0.018,1.0779081366172e-71,"16","CD86"
5.64847040354454e-124,2.62159832571662,0.139,0.019,5.08424469493447e-119,"16","ZNF80"
1.57516902655243e-75,2.59912390802466,0.125,0.023,1.4178253924901e-70,"16","ADORA2A"
4.51705778715461e-229,2.5917506370711,0.414,0.089,4.06584888479574e-224,"16","U2AF1"
3.75489890839347e-322,2.57553260838192,0.791,0.279,3.37982205643405e-317,"16","PRF1"
1.09601556432646e-87,2.54526329017199,0.181,0.04,9.86534569605891e-83,"16","USP18"
4.49155508996054e-52,2.53188781626144,0.114,0.026,4.04289365202438e-47,"16","JMJD4"
3.52873413739716e-219,2.528092461626,0.438,0.101,3.17624888441255e-214,"16","IFI44L"
3.46110349283608e-233,2.51273940464152,0.57,0.168,3.11537386493669e-228,"16","MX1"
4.87948637094389e-79,2.47053916088286,0.123,0.022,4.39207447735031e-74,"16","ENSG00000291105"
4.08643314078019e-134,2.4704509452952,0.325,0.085,3.67823933434766e-129,"16","H1-3"
3.54090367163937e-72,2.46889692224604,0.143,0.031,3.18720280387932e-67,"16","PLSCR3"
5.52030199445786e-219,2.44430752289629,0.461,0.113,4.96887902823147e-214,"16","NHERF1"
7.29912321482256e-232,2.41283272826194,0.531,0.14,6.57001379689394e-227,"16","CD38"
6.15509539827358e-79,2.40868565555141,0.119,0.021,5.54026291894003e-74,"16","IFITM10"
4.00261243857383e-218,2.40103129755978,0.556,0.166,3.60279148208469e-213,"16","PTPN6"
8.20889395796604e-84,2.40092461826817,0.149,0.03,7.38890754050482e-79,"16","CCR1"
7.37627422053572e-67,2.39575556216785,0.126,0.026,6.63945818864641e-62,"16","ANKDD1A"
7.83768710845765e-62,2.39477801509853,0.123,0.027,7.05478054319381e-57,"16","KLHDC7B"
9.90914107871761e-199,2.37658387029992,0.438,0.108,8.91931697636451e-194,"16","FASLG"
0,5.7905477088377,0.547,0.027,0,"17","MT1G"
0,4.68637052232614,0.933,0.25,0,"17","MT1X"
0,4.67667558712148,0.851,0.133,0,"17","MT1E"
0,4.51704591608097,0.822,0.115,0,"17","MT1F"
2.02284418420249e-185,4.41199088185045,0.212,0.022,1.8207822786425e-180,"17","ENSG00000291105"
2.31815601028713e-319,4.29688760411144,0.976,0.45,2.08659540641955e-314,"17","MT2A"
8.52271405718572e-77,3.29750436485022,0.106,0.013,7.67138015001344e-72,"17","ENSG00000300996"
7.16364522078737e-41,2.66663466719769,0.131,0.03,6.44806869968292e-36,"17","ENSG00000288539"
7.99376580659998e-76,2.48027898657196,0.257,0.062,7.19526854017871e-71,"17","SLC30A1"
4.43193501208368e-41,1.99625573030703,0.186,0.053,3.98922902372664e-36,"17","ENSG00000293060"
3.56323785631418e-26,1.91511112107204,0.104,0.027,3.20730602684696e-21,"17","BIK"
1.15631298561502e-26,1.87557524392935,0.151,0.05,1.04080888148194e-21,"17","HSPA2-AS1"
4.7446061442845e-26,1.7778107971605,0.131,0.04,4.27066743653192e-21,"17","ENSG00000287095"
6.88804599845426e-47,1.75127296083688,0.286,0.1,6.19999908366867e-42,"17","ENSG00000295475"
1.07683914342002e-38,1.73332984741631,0.218,0.071,9.69273681383794e-34,"17","MIR142HG"
1.21392700384157e-21,1.72280449792096,0.21,0.093,1.09266783542783e-16,"17","MAML3"
3.34565213221532e-20,1.69871176914876,0.112,0.036,3.01145494072833e-15,"17","ENSG00000258455"
6.69373511520431e-42,1.67872437542958,0.271,0.097,6.02509791454655e-37,"17","ENSG00000286808"
1.39756707514205e-14,1.63808459178013,0.143,0.063,1.25796410000611e-09,"17","ENSG00000290192"
1.06498057675766e-16,1.63653143492679,0.125,0.048,9.58599666945333e-12,"17","RPL10P9"
1.18460459749211e-16,1.628484121935,0.114,0.041,1.06627444424863e-11,"17","ENSG00000288109"
4.02915580570508e-41,1.61996278890253,0.269,0.095,3.6266834322732e-36,"17","ABTB3"
1.42609204841587e-21,1.60918780801903,0.163,0.062,1.28363971369961e-16,"17","RHD"
1.22930032760652e-20,1.58774680679361,0.18,0.074,1.10650551788191e-15,"17","EP300-AS1"
8.80077177596219e-13,1.56310021910476,0.129,0.058,7.92166268326133e-08,"17","ENSG00000309856"
5.12955158488944e-18,1.55584738597113,0.122,0.043,4.61716067707483e-13,"17","PALD1"
9.22355107818171e-22,1.55090720014533,0.161,0.061,8.30221056098214e-17,"17","SFN"
5.85265880794456e-14,1.52748249937223,0.12,0.049,5.26803671961898e-09,"17","ENSG00000288965"
1.53327815866387e-24,1.51001473186122,0.222,0.094,1.38011900339493e-19,"17","TANC2"
2.50611116878291e-19,1.49851068981014,0.106,0.034,2.25577572413319e-14,"17","ENSG00000302984"
2.37886751449329e-17,1.4783449050832,0.12,0.043,2.14124243847056e-12,"17","RPL21P16"
3.46465348590376e-13,1.47620762742358,0.135,0.06,3.11856924919683e-08,"17","RAB33B-AS1"
1.20475832984556e-104,1.47402912621874,0.988,0.927,1.08441502027729e-99,"17","FTH1"
4.17534167191112e-18,1.46755562223737,0.159,0.065,3.75826679230392e-13,"17","ENSG00000309168"
2.28960240155917e-12,1.45667245867791,0.125,0.055,2.06089401766743e-07,"17","TNS2-AS1"
1.02569217143097e-123,1.44022452255749,0.896,0.486,9.23235780426732e-119,"17","RPL31"
3.319211505995e-28,1.43790171507043,0.312,0.148,2.98765546866116e-23,"17","CCDC97"
2.75286771367312e-17,1.43140650807225,0.153,0.063,2.47788375775431e-12,"17","ENSG00000225450"
1.18806603982385e-19,1.42888303628229,0.192,0.084,1.06939012310584e-14,"17","ZNF767P.1"
1.12828343815125e-11,1.422133616713,0.114,0.049,1.01557920551432e-06,"17","PA2G4P6"
1.14787032348943e-16,1.41745916832406,0.18,0.082,1.03320955687607e-11,"17","ENSG00000302067"
6.18481186142424e-17,1.41116428825753,0.155,0.065,5.56701100458658e-12,"17","ENSG00000288853"
5.18881644297841e-09,1.40291431155312,0.114,0.056,0.000467050556848929,"17","AGBL5"
3.76492905995099e-110,1.39825061607731,0.778,0.347,3.38885029615248e-105,"17","RPS17"
2.30872344444368e-23,1.38265459826405,0.286,0.142,2.0781050595782e-18,"17","GCLM"
1.00081184145168e-24,1.37154236376092,0.249,0.112,9.0084074660907e-20,"17","CXCL8"
7.79456715571177e-14,1.35924305474913,0.137,0.06,7.01596784252772e-09,"17","ENSG00000288064"
7.178154297056e-14,1.33620645589464,0.137,0.06,6.46112846432307e-09,"17","ENSG00000287195"
1.44050375763953e-38,1.32934371543049,0.322,0.13,1.29661183728892e-33,"17","ENSG00000271204"
7.10728462938264e-16,1.32805360915077,0.118,0.044,6.39733796775361e-11,"17","ENSG00000289788"
6.10183050294783e-15,1.31947196273505,0.163,0.073,5.49231865400837e-10,"17","ENSG00000254604"
3.3783415886428e-10,1.30101091891533,0.124,0.059,3.04087904735327e-05,"17","ARHGAP26-AS1"
3.91670393878526e-16,1.28855935337184,0.163,0.071,3.52546438234e-11,"17","ENSG00000299729"
1.95482469418352e-134,1.28723250848813,0.994,0.603,1.75955725548153e-129,"17","RPL21"
7.95311209708919e-10,1.28465443209433,0.127,0.063,7.15867572971095e-05,"17","ENSG00000303699"
3.66498635149716e-121,1.28379991264274,0.967,0.572,3.29889086484611e-116,"17","RPL13A"
3.95574439830653e-13,1.28333307162277,0.208,0.112,3.56060509035969e-08,"17","ENSG00000291066"
6.19722154183192e-12,1.2764745422128,0.124,0.055,5.57818108201833e-07,"17","ENSG00000306273"
1.34551125241056e-104,1.27183256991134,0.871,0.467,1.21110813340727e-99,"17","RPS20"
8.8387498503694e-13,1.26894861978523,0.137,0.062,7.955847127816e-08,"17","LINC01964"
1.1827526579165e-13,1.2679467216362,0.184,0.093,1.06460749491722e-08,"17","ENSG00000298543"
2.01410746779619e-09,1.26650903965107,0.108,0.05,0.000181291827283803,"17","ENSG00000306181"
5.10209292139518e-38,1.2642481157306,0.471,0.245,4.59244485947702e-33,"17","AUTS2"
9.09525910677021e-16,1.26216459631552,0.253,0.14,8.18673367459493e-11,"17","HGSNAT"
1.79349157144231e-36,1.25977879987108,0.496,0.28,1.61433969837093e-31,"17","GRAMD1B"
5.00903825925013e-32,1.2590338461235,0.286,0.119,4.50868542753363e-27,"17","ENSG00000310385"
5.14977162412858e-13,1.25819160426831,0.188,0.097,4.63536093659438e-08,"17","TIPARP-AS1"
4.8329728071483e-124,1.25602947698698,0.975,0.567,4.35020715344225e-119,"17","RPL27A"
7.88682224168525e-10,1.25513639918656,0.112,0.052,7.09900756796331e-05,"17","ENSG00000287351"
3.31173626425342e-18,1.2548474443478,0.243,0.122,2.98092692881715e-13,"17","ENSG00000286145"
1.77032649237091e-23,1.25018650634494,0.425,0.255,1.59348857904798e-18,"17","ITGA1"
3.11726183596334e-23,1.24369139079224,0.237,0.104,2.80587855116896e-18,"17","ENSG00000307107"
9.21056389327673e-68,1.23574229465108,0.776,0.478,8.29052066597731e-63,"17","LINC00513"
1.01270565989891e-12,1.22897957853019,0.129,0.057,9.11546491531605e-08,"17","GDF15"
2.1176229896733e-10,1.22786772247835,0.1,0.043,1.90609362923483e-05,"17","LCN2"
8.59679470381891e-11,1.2258729194738,0.169,0.091,7.73806088085444e-06,"17","PRKCA-AS1"
5.05549605218935e-11,1.22127074709509,0.104,0.044,4.55050255153615e-06,"17","ENSG00000288915"
1.27839064748074e-10,1.21205903654059,0.114,0.051,1.15069220570389e-05,"17","ENSG00000259118"
4.08070614813046e-15,1.20499895957044,0.239,0.129,3.67308441099371e-10,"17","ENSG00000261573"
7.62179765836405e-17,1.2033242258436,0.194,0.09,6.86045629027007e-12,"17","PEBP1P3"
1.52547541649938e-97,1.19998686596258,0.863,0.48,1.37309567714525e-92,"17","RPL7"
2.30718251812269e-11,1.19598463381965,0.143,0.07,2.07671805638742e-06,"17","ENSG00000300303"
1.24162637892004e-07,1.18871505312869,0.135,0.076,0.0111760031992972,"17","PLEKHG2"
2.60375629476972e-75,1.18126106478681,0.869,0.641,2.34366707848517e-70,"17","CREM"
3.00886687090115e-08,1.17991975851982,0.116,0.059,0.00270831115916684,"17","ENSG00000306199"
3.24828876774638e-36,1.17832757966523,0.457,0.242,2.9238172027362e-31,"17","H2AZ2"
2.64443362088302e-11,1.1740515455576,0.112,0.049,2.38028114649302e-06,"17","ENSG00000296731"
4.66640209928461e-07,1.16705203309262,0.114,0.061,0.0420027519358707,"17","ENSG00000295348"
2.70533380447162e-13,1.16688077971088,0.137,0.06,2.43509801074295e-08,"17","RPL17P18"
2.95295166351777e-10,1.16344346012608,0.137,0.068,2.65798132184898e-05,"17","ENSG00000255139"
2.00245471377125e-09,1.16223536110989,0.1,0.045,0.000180242951241264,"17","ENSG00000291199"
1.05528819092967e-42,1.1500496159141,0.514,0.264,9.49875453537709e-38,"17","RPS27P3"
1.93266346428656e-105,1.14985946134384,0.959,0.585,1.73960971083897e-100,"17","RPS16"
2.02981075571453e-23,1.14222741559438,0.425,0.257,1.82705295932621e-18,"17","SLA2"
1.82735509312899e-76,1.14213742876565,0.796,0.452,1.64482059287633e-71,"17","RPL36AL"
1.52301904437968e-26,1.14072247140043,0.318,0.153,1.3708846720366e-21,"17","ENSG00000272211"
1.56616914150938e-104,1.13746016359949,0.955,0.727,1.40972450596401e-99,"17","LINC-PINT"
3.04031115111783e-07,1.12803480177372,0.116,0.062,0.0273661447023267,"17","ENSG00000234915"
2.28201278641767e-14,1.12166487612061,0.147,0.064,2.05406252918241e-09,"17","GPR84-AS1"
8.89685373390847e-97,1.11444397892702,0.941,0.585,8.00814701442835e-92,"17","MT-ND2"
